Sample	0	1	2	3	4	5	6	7	8	9	10	11	12	13	14	15
ERR2835911_1	(1.0, 9.205301937854335)	(2.0, 4.405112300732869)	(3.0, 2.18675305691089)	(4.0, 1.422278410998953)	(5.0, 1.0864626750686448)	(6.0, 0.817810086324398)	(7.0, 0.6637299251328448)	(8.0, 0.7111392054994765)	(9.0, 0.8889240068743457)	('>10', 17.205617999723447)	('>50', 11.797009264563538)	('>100', 25.304703395689703)	('>500', 16.790786796515416)	('>1k', 7.514370938111135)	('>5k', 0.0)	('>10k+', 0.0)
ERR2835911_2	(1.0, 8.029946862098255)	(2.0, 3.441123599944689)	(3.0, 1.7659956936570333)	(4.0, 1.1378227287991625)	(5.0, 0.7012622720897616)	(6.0, 0.5926160045828971)	(7.0, 0.5807636844912392)	(8.0, 0.616320644766213)	(9.0, 0.35556960274973826)	('>10', 10.224601465736919)	('>50', 9.394939059320862)	('>100', 30.430831835331766)	('>500', 13.964008454655)	('>1k', 18.764198091776464)	('>5k', 0.0)	('>10k+', 0.0)
ERR2835912_1	(1.0, 8.89662508461464)	(2.0, 4.27811623634078)	(3.0, 2.158398607484769)	(4.0, 1.3615704477323276)	(5.0, 0.7832898172323759)	(6.0, 0.9747606614447346)	(7.0, 0.7446088386036167)	(8.0, 0.6188956580601489)	(9.0, 0.7658833768494343)	('>10', 16.994487960545403)	('>50', 9.703123489024271)	('>100', 25.999419785320573)	('>500', 17.11246494536312)	('>1k', 9.608355091383812)	('>5k', 0.0)	('>10k+', 0.0)
ERR2835912_2	(1.0, 8.471134319698288)	(2.0, 2.9320181800599556)	(3.0, 1.5665796344647518)	(4.0, 0.843245334106953)	(5.0, 0.6769171260032879)	(6.0, 0.3017116333043226)	(7.0, 0.3790735905618412)	(8.0, 0.2630306546755633)	(9.0, 0.24369016536118365)	('>10', 7.067014795474326)	('>50', 10.0763949327918)	('>100', 22.897205299294072)	('>500', 20.700125713180544)	('>1k', 23.58185862102311)	('>5k', 0.0)	('>10k+', 0.0)
ERR2835913_1	(1.0, 11.061808936751973)	(2.0, 4.801765284340297)	(3.0, 2.4536492936464156)	(4.0, 1.5734056076559617)	(5.0, 1.283189024536493)	(6.0, 1.2376178255342625)	(7.0, 0.8058906770920778)	(8.0, 0.9977694097330488)	(9.0, 0.8418679394622599)	('>10', 20.34154414410093)	('>50', 7.696735663060945)	('>100', 25.128918523493155)	('>500', 15.060082028158202)	('>1k', 6.715755642433982)	('>5k', 0.0)	('>10k+', 0.0)
ERR2835913_2	(1.0, 9.493200297412036)	(2.0, 2.8589931163504665)	(3.0, 1.5182404720216824)	(4.0, 0.9689875998369031)	(5.0, 0.45571199002230595)	(6.0, 0.4173362434941117)	(7.0, 0.38615594943995396)	(8.0, 0.2494423524332622)	(9.0, 0.12951814453265537)	('>10', 6.869258628546758)	('>50', 7.655961432374739)	('>100', 13.325977981915429)	('>500', 22.022881538867438)	('>1k', 33.64833425275226)	('>5k', 0.0)	('>10k+', 0.0)
ERR2835914_1	(1.0, 46.17691154422789)	(2.0, 17.09145427286357)	(3.0, 8.095952023988005)	(4.0, 5.397301349325337)	(5.0, 2.998500749625187)	(6.0, 4.497751124437781)	(7.0, 4.197901049475263)	(8.0, 0.0)	(9.0, 1.3493253373313343)	('>10', 10.194902548725636)	('>50', 0.0)	('>100', 0.0)	('>500', 0.0)	('>1k', 0.0)	('>5k', 0.0)	('>10k+', 0.0)
ERR2835914_2	(1.0, 49.17541229385307)	(2.0, 7.19640179910045)	(3.0, 6.296851574212893)	(4.0, 4.197901049475263)	(5.0, 3.7481259370314843)	(6.0, 3.598200899550225)	(7.0, 2.0989505247376314)	(8.0, 1.199400299850075)	(9.0, 1.3493253373313343)	('>10', 21.13943028485757)	('>50', 0.0)	('>100', 0.0)	('>500', 0.0)	('>1k', 0.0)	('>5k', 0.0)	('>10k+', 0.0)
ERR2835915_1	(1.0, 8.992390560875513)	(2.0, 3.9671682626538987)	(3.0, 2.1225205198358412)	(4.0, 1.5988372093023258)	(5.0, 1.0473666210670314)	(6.0, 1.0259917920656634)	(7.0, 0.9875170998632011)	(8.0, 0.9917920656634747)	(9.0, 1.000341997264022)	('>10', 15.753248974008208)	('>50', 7.147742818057455)	('>100', 26.09652872777018)	('>500', 19.946990424076606)	('>1k', 9.32156292749658)	('>5k', 0.0)	('>10k+', 0.0)
ERR2835915_2	(1.0, 9.36858755129959)	(2.0, 2.9198016415868673)	(3.0, 1.5646374829001368)	(4.0, 1.1285909712722297)	(5.0, 0.8229309165526676)	(6.0, 0.679719562243502)	(7.0, 0.5685704514363885)	(8.0, 0.5129958960328317)	(9.0, 0.307797537619699)	('>10', 11.19827291381669)	('>50', 8.804292065663475)	('>100', 21.15894322845417)	('>500', 16.928864569083444)	('>1k', 24.0359952120383)	('>5k', 0.0)	('>10k+', 0.0)
ERR2835916_1	(1.0, 8.65677901479335)	(2.0, 4.094860454476133)	(3.0, 2.0989019368613695)	(4.0, 1.5327131310050328)	(5.0, 1.048497788622846)	(6.0, 0.9951197193838645)	(7.0, 0.8006710385847186)	(8.0, 0.7015403385694677)	(9.0, 0.6176605154796401)	('>10', 14.187128259874942)	('>50', 8.881729449443343)	('>100', 28.908037212139696)	('>500', 19.082659752935793)	('>1k', 8.3937013878298)	('>5k', 0.0)	('>10k+', 0.0)
ERR2835916_2	(1.0, 8.752096995577245)	(2.0, 2.958670123532103)	(3.0, 1.4183315540643586)	(4.0, 0.8845508616745462)	(5.0, 0.6862894616440445)	(6.0, 0.5261552539271008)	(7.0, 0.2402013115754156)	(8.0, 0.30501753850846425)	(9.0, 0.18872960195211225)	('>10', 7.084032331859082)	('>50', 8.45851761476285)	('>100', 21.143434497483604)	('>500', 16.23074576788165)	('>1k', 31.12322708555742)	('>5k', 0.0)	('>10k+', 0.0)
ERR2835917_1	(1.0, 9.822977407151964)	(2.0, 4.660689280414656)	(3.0, 2.225844880556775)	(4.0, 1.4797165966518275)	(5.0, 1.118147428260915)	(6.0, 0.8150981252743118)	(7.0, 0.8046481493092567)	(8.0, 0.6855184233076265)	(9.0, 0.8088281396952788)	('>10', 17.84228896273539)	('>50', 13.26101949965515)	('>100', 26.494869061801158)	('>500', 14.005057788367086)	('>1k', 5.975296256818609)	('>5k', 0.0)	('>10k+', 0.0)
ERR2835917_2	(1.0, 8.142621271971075)	(2.0, 2.5414341547014443)	(3.0, 1.4295567120195622)	(4.0, 0.9028779233807762)	(5.0, 0.44934896649737704)	(6.0, 0.40127907705812277)	(7.0, 0.29259932702154784)	(8.0, 0.23407946161723828)	(9.0, 0.16928961063389553)	('>10', 5.879156477940101)	('>50', 5.3984575835475574)	('>100', 16.3897423035927)	('>500', 25.121742219992893)	('>1k', 32.64781491002571)	('>5k', 0.0)	('>10k+', 0.0)
ERR2835918_1	(1.0, 9.600045578851413)	(2.0, 4.314797933758736)	(3.0, 2.0681403828623517)	(4.0, 1.534487997569128)	(5.0, 1.0635065329687026)	(6.0, 0.809024612579763)	(7.0, 0.784336068064418)	(8.0, 0.881191127316925)	(9.0, 0.6665907019143117)	('>10', 17.69598906107566)	('>50', 10.690139775144333)	('>100', 27.144105135217263)	('>500', 15.768383470069889)	('>1k', 6.979261622607111)	('>5k', 0.0)	('>10k+', 0.0)
ERR2835918_2	(1.0, 8.678972956548161)	(2.0, 2.7613187481008814)	(3.0, 1.4528258887876024)	(4.0, 1.2002430872075358)	(5.0, 0.9400638103919782)	(6.0, 0.5127620783956244)	(7.0, 0.43869644484958975)	(8.0, 0.2582801580066849)	(9.0, 0.2905651777575205)	('>10', 4.949103615922212)	('>50', 1.851640838650866)	('>100', 0.31905195989061075)	('>500', 20.586447888179883)	('>1k', 55.760027347310846)	('>5k', 0.0)	('>10k+', 0.0)
ERR2835919_1	(1.0, 29.1289592760181)	(2.0, 17.760180995475114)	(3.0, 9.332579185520363)	(4.0, 5.203619909502263)	(5.0, 4.807692307692308)	(6.0, 2.7149321266968327)	(7.0, 4.355203619909502)	(8.0, 1.3574660633484164)	(9.0, 2.0361990950226243)	('>10', 23.30316742081448)	('>50', 0.0)	('>100', 0.0)	('>500', 0.0)	('>1k', 0.0)	('>5k', 0.0)	('>10k+', 0.0)
ERR2835919_2	(1.0, 30.316742081447963)	(2.0, 13.122171945701359)	(3.0, 8.144796380090497)	(4.0, 6.108597285067873)	(5.0, 2.828054298642534)	(6.0, 3.733031674208145)	(7.0, 2.771493212669683)	(8.0, 1.809954751131222)	(9.0, 3.0542986425339365)	('>10', 25.226244343891402)	('>50', 2.8846153846153846)	('>100', 0.0)	('>500', 0.0)	('>1k', 0.0)	('>5k', 0.0)	('>10k+', 0.0)
ERR2835920_1	(1.0, 9.803399930830828)	(2.0, 4.911011200085131)	(3.0, 2.705578759743542)	(4.0, 1.6068530687169118)	(5.0, 1.330176381388172)	(6.0, 1.0534996940594323)	(7.0, 0.9683684056505893)	(8.0, 0.9151613503950624)	(9.0, 1.0056133443294581)	('>10', 20.615073558753892)	('>50', 13.267179227965627)	('>100', 28.785016893240044)	('>500', 10.247678842214478)	('>1k', 2.7853893426268326)	('>5k', 0.0)	('>10k+', 0.0)
ERR2835920_2	(1.0, 9.941738274495197)	(2.0, 3.4371757695070366)	(3.0, 1.6999654154140837)	(4.0, 1.0109340498550108)	(5.0, 0.8912181755300752)	(6.0, 0.4629013807230839)	(7.0, 0.409694325467557)	(8.0, 0.2766766873287398)	(9.0, 0.31126127324483227)	('>10', 11.404932294022187)	('>50', 11.553912048737661)	('>100', 21.003485062119235)	('>500', 11.612439809518742)	('>1k', 25.983665434036553)	('>5k', 0.0)	('>10k+', 0.0)
ERR2835921_1	(1.0, 9.876361185416096)	(2.0, 4.473745181877541)	(3.0, 2.306379931335173)	(4.0, 1.415422204435832)	(5.0, 1.1373928428502222)	(6.0, 0.9604650672957432)	(7.0, 0.8256629525875686)	(8.0, 0.6908608378793942)	(9.0, 0.7772184426143186)	('>10', 22.010657792194117)	('>50', 12.656654801272197)	('>100', 27.200539208458835)	('>500', 13.204288392274155)	('>1k', 2.464351159508815)	('>5k', 0.0)	('>10k+', 0.0)
ERR2835921_2	(1.0, 10.37344398340249)	(2.0, 2.5359647829475325)	(3.0, 1.497567243086126)	(4.0, 0.9014891421109169)	(5.0, 0.7056048191756008)	(6.0, 0.4296817406323062)	(7.0, 0.32436758851654485)	(8.0, 0.1853529077237399)	(9.0, 0.20852202118920743)	('>10', 6.9654780209364535)	('>50', 7.930155654316827)	('>100', 13.60658845335636)	('>500', 25.15323209132843)	('>1k', 29.18255155127746)	('>5k', 0.0)	('>10k+', 0.0)
ERR2835922_1	(1.0, 9.906982556997733)	(2.0, 5.070432593597686)	(3.0, 2.3673921194051166)	(4.0, 1.685383228294442)	(5.0, 1.205120422774098)	(6.0, 1.0069450643623574)	(7.0, 1.0123011551302423)	(8.0, 0.9141061577190196)	(9.0, 0.7230722536644587)	('>10', 24.543393262037814)	('>50', 15.045258966988628)	('>100', 29.106782596275732)	('>500', 5.602470943207584)	('>1k', 1.8103586795450894)	('>5k', 0.0)	('>10k+', 0.0)
ERR2835922_2	(1.0, 10.763957079859313)	(2.0, 2.7423184731570585)	(3.0, 1.7835782257056647)	(4.0, 1.0926425166485156)	(5.0, 0.6516577100926604)	(6.0, 0.5034725321811787)	(7.0, 0.537394440377783)	(8.0, 0.42848726143079036)	(9.0, 0.17675099534020103)	('>10', 3.702844084197747)	('>50', 2.0210315830818946)	('>100', 0.7980575244148471)	('>500', 13.318812376140402)	('>1k', 61.478995197371944)	('>5k', 0.0)	('>10k+', 0.0)
ERR2835923_1	(1.0, 9.894375036205998)	(2.0, 4.178654874775523)	(3.0, 2.044914746944214)	(4.0, 1.2667271709116186)	(5.0, 1.0137679340374997)	(6.0, 0.950045378183714)	(7.0, 0.8245312530171665)	(8.0, 0.8650819703786665)	(9.0, 0.7472917913762142)	('>10', 21.410778766871996)	('>50', 16.127599590630854)	('>100', 33.45627280977851)	('>500', 7.219958676888022)	('>1k', 0.0)	('>5k', 0.0)	('>10k+', 0.0)
ERR2835923_2	(1.0, 11.763570007917044)	(2.0, 3.5684631278119996)	(3.0, 1.6915442099368567)	(4.0, 0.9963890551682855)	(5.0, 0.637225558537857)	(6.0, 0.6603973970301427)	(7.0, 0.2973719273176666)	(8.0, 0.5715720161430474)	(9.0, 0.39971421399192847)	('>10', 12.580377314770116)	('>50', 10.576013285187402)	('>100', 32.80553034545349)	('>500', 10.906211983702473)	('>1k', 12.545619557031687)	('>5k', 0.0)	('>10k+', 0.0)
ERR2835924_1	(1.0, 9.82102063924038)	(2.0, 4.7913231759400885)	(3.0, 2.2764744442899425)	(4.0, 1.4461373433185674)	(5.0, 1.0031584593075227)	(6.0, 0.9296597207047933)	(7.0, 0.8064996722353548)	(8.0, 0.8104725770246917)	(9.0, 0.9832939353608392)	('>10', 19.862537494288947)	('>50', 16.968276355257146)	('>100', 31.6759698853817)	('>500', 8.625176297650027)	('>1k', 0.0)	('>5k', 0.0)	('>10k+', 0.0)
ERR2835924_2	(1.0, 10.675195168947777)	(2.0, 3.4484813571442756)	(3.0, 1.525595439105302)	(4.0, 0.8104725770246917)	(5.0, 0.5959357184005085)	(6.0, 0.6078544327685187)	(7.0, 0.36153433582964184)	(8.0, 0.2542659065175503)	(9.0, 0.25029300172821356)	('>10', 8.984724181085001)	('>50', 10.760612621918515)	('>100', 31.326354263920063)	('>500', 14.2587552889295)	('>1k', 16.13992570668044)	('>5k', 0.0)	('>10k+', 0.0)
ERR2835925_1	(1.0, 8.382229673093043)	(2.0, 4.442581726739313)	(3.0, 2.311100467009939)	(4.0, 1.349139823574023)	(5.0, 1.137588312776913)	(6.0, 0.8382229673093042)	(7.0, 0.6007264599050014)	(8.0, 0.7663752843970781)	(9.0, 0.790324512034487)	('>10', 17.482936175308346)	('>50', 9.64954296890592)	('>100', 28.46565281603002)	('>500', 16.822336646309825)	('>1k', 6.961242166606793)	('>5k', 0.0)	('>10k+', 0.0)
ERR2835925_2	(1.0, 8.250508921087295)	(2.0, 2.702271185087614)	(3.0, 1.5088013411567478)	(4.0, 0.9420029537380753)	(5.0, 0.7683710533668622)	(6.0, 0.4909591665668782)	(7.0, 0.3632299525006985)	(8.0, 0.28739073164890433)	(9.0, 0.21554304873667826)	('>10', 6.113040354448569)	('>50', 5.711890791521974)	('>100', 6.665868359078752)	('>500', 23.81950265437273)	('>1k', 42.16061948668822)	('>5k', 0.0)	('>10k+', 0.0)
ERR2835926_1	(1.0, 8.17722223131166)	(2.0, 4.15241897220268)	(3.0, 2.4246985487802886)	(4.0, 1.289245922023527)	(5.0, 1.0798252646389948)	(6.0, 0.9816593314899952)	(7.0, 0.8474992228530293)	(8.0, 0.7067947186727966)	(9.0, 0.6920698287004466)	('>10', 16.100849135321738)	('>50', 11.725920714647993)	('>100', 25.44951816887813)	('>500', 18.589355540648878)	('>1k', 7.782922399829846)	('>5k', 0.0)	('>10k+', 0.0)
ERR2835926_2	(1.0, 9.371574417957822)	(2.0, 2.601397228448487)	(3.0, 1.5657466337265427)	(4.0, 1.164902406701461)	(5.0, 0.834410431766496)	(6.0, 0.618445378838697)	(7.0, 0.4008442270250814)	(8.0, 0.2094206573845323)	(9.0, 0.36812224930874826)	('>10', 4.630159846861144)	('>50', 3.589600955481749)	('>100', 1.1403609234142111)	('>500', 12.139853732759608)	('>1k', 61.36516091032542)	('>5k', 0.0)	('>10k+', 0.0)
ERR2835927_1	(1.0, 7.580111459421804)	(2.0, 3.0912574016022294)	(3.0, 1.859108324625566)	(4.0, 1.1668408220132358)	(5.0, 0.7401602229188435)	(6.0, 0.8359456635318705)	(7.0, 0.5282712179263903)	(8.0, 0.6617903169627307)	(9.0, 0.5355276907001044)	('>10', 7.192615813305468)	('>50', 4.05056310228724)	('>100', 19.859514687100894)	('>500', 16.830662951352608)	('>1k', 27.441077441077443)	('>5k', 7.626552885173575)	('>10k+', 0.0)
ERR2835927_2	(1.0, 7.355160803436665)	(2.0, 3.5411587135725062)	(3.0, 1.7197840473702541)	(4.0, 1.1203993962614651)	(5.0, 0.6893649135028445)	(6.0, 0.5398815743643329)	(7.0, 0.47747590851039123)	(8.0, 0.38314176245210724)	(9.0, 0.274294670846395)	('>10', 7.861662603041913)	('>50', 5.896609775920121)	('>100', 32.868919075815626)	('>500', 18.496749100197377)	('>1k', 18.775397654707998)	('>5k', 0.0)	('>10k+', 0.0)
ERR2835928_1	(1.0, 7.53207773692504)	(2.0, 3.2355368800180084)	(3.0, 1.800855406318001)	(4.0, 1.284610189840174)	(5.0, 1.2230809634576423)	(6.0, 0.7563592706535605)	(7.0, 0.682824341562242)	(8.0, 0.5642680273129737)	(9.0, 0.6212951151797104)	('>10', 8.941247092368876)	('>50', 3.517670893674495)	('>100', 13.703008929241388)	('>500', 16.65491108276431)	('>1k', 39.482254070683574)	('>5k', 0.0)	('>10k+', 0.0)
ERR2835928_2	(1.0, 7.749681098521798)	(2.0, 2.926390035266752)	(3.0, 1.5487356494334807)	(4.0, 1.0144818788924739)	(5.0, 0.7953778044571171)	(6.0, 0.7473549936219704)	(7.0, 0.6092894124709236)	(8.0, 0.4682224056426803)	(9.0, 0.37817963532678023)	('>10', 8.48653110227358)	('>50', 5.9788399489757635)	('>100', 17.484805282509193)	('>500', 9.20687326480078)	('>1k', 35.0446462069483)	('>5k', 7.560591280858407)	('>10k+', 0.0)
ERR2835929_1	(1.0, 8.724819460281262)	(2.0, 3.4967692892436335)	(3.0, 1.8415051311288484)	(4.0, 1.299885974914481)	(5.0, 0.902698593690612)	(6.0, 0.8209806157354618)	(7.0, 0.7183580387685291)	(8.0, 0.6841505131128849)	(9.0, 0.56442417331813)	('>10', 10.138730520714558)	('>50', 4.182820220448499)	('>100', 20.73546180159635)	('>500', 18.652603572786013)	('>1k', 27.236792094260736)	('>5k', 0.0)	('>10k+', 0.0)
ERR2835929_2	(1.0, 9.312048650703154)	(2.0, 2.6757886735081717)	(3.0, 1.4937286202964652)	(4.0, 0.798175598631699)	(5.0, 0.5416191562143672)	(6.0, 0.5929304446978335)	(7.0, 0.2394526795895097)	(8.0, 0.4408969973394147)	(9.0, 0.20524515393386544)	('>10', 5.5910300266058535)	('>50', 5.820980615735462)	('>100', 14.137210186240972)	('>500', 14.51349296845306)	('>1k', 43.63740022805017)	('>5k', 0.0)	('>10k+', 0.0)
ERR2835930_1	(1.0, 9.040852941783012)	(2.0, 3.646037409003733)	(3.0, 1.9426285290053822)	(4.0, 1.2620898723474459)	(5.0, 0.9898744096842713)	(6.0, 0.9280072590790044)	(7.0, 0.7073477552535522)	(8.0, 0.69291208677899)	(9.0, 0.5011239199026624)	('>10', 10.018353921346229)	('>50', 5.143222453651193)	('>100', 21.639067043368872)	('>500', 16.32467880637644)	('>1k', 27.16380359241921)	('>5k', 0.0)	('>10k+', 0.0)
ERR2835930_2	(1.0, 9.684271308077788)	(2.0, 2.891258171619476)	(3.0, 1.744653647068528)	(4.0, 0.915633828957951)	(5.0, 0.8867624920088264)	(6.0, 0.5073106349631891)	(7.0, 0.4041987172877441)	(8.0, 0.263966509249139)	(9.0, 0.222721742178961)	('>10', 3.825452145759007)	('>50', 2.138541172588728)	('>100', 1.6167948691509764)	('>500', 29.353900723845662)	('>1k', 45.54453403724402)	('>5k', 0.0)	('>10k+', 0.0)
ERR2835931_1	(1.0, 9.107006769175594)	(2.0, 3.3263101268660065)	(3.0, 2.0307526785314027)	(4.0, 1.353835119020935)	(5.0, 0.8741650602949748)	(6.0, 0.6051911955888286)	(7.0, 0.5491549737750482)	(8.0, 0.5379477294122921)	(9.0, 0.5446720760299457)	('>10', 9.958757340745057)	('>50', 4.404447034563141)	('>100', 23.18554713766979)	('>500', 18.386605101537633)	('>1k', 25.13560765678935)	('>5k', 0.0)	('>10k+', 0.0)
ERR2835931_2	(1.0, 10.55498274084368)	(2.0, 3.6983906397095083)	(3.0, 1.6272918814721835)	(4.0, 0.9234769354911014)	(5.0, 0.5939839512260726)	(6.0, 0.753126821177209)	(7.0, 0.5491549737750482)	(8.0, 0.412426592549424)	(9.0, 0.5244990361769848)	('>10', 11.218451607118842)	('>50', 11.505357062805398)	('>100', 38.19428878827274)	('>500', 15.123055543103062)	('>1k', 4.321513426278747)	('>5k', 0.0)	('>10k+', 0.0)
ERR2835932_1	(1.0, 8.364326093424577)	(2.0, 3.336060696221363)	(3.0, 1.9860160666468314)	(4.0, 1.2719428741445997)	(5.0, 0.957676286819399)	(6.0, 0.7698601606664683)	(7.0, 0.8330853912526033)	(8.0, 0.669443617970842)	(9.0, 0.4853466230288605)	('>10', 8.648839631062184)	('>50', 4.271422195775067)	('>100', 20.304596846176732)	('>500', 17.83695328771199)	('>1k', 30.264430229098483)	('>5k', 0.0)	('>10k+', 0.0)
ERR2835932_2	(1.0, 9.136045819696518)	(2.0, 3.4141624516512947)	(3.0, 1.601085986313597)	(4.0, 1.0116036893781613)	(5.0, 0.6880392740255876)	(6.0, 0.5355548943766736)	(7.0, 0.3254239809580482)	(8.0, 0.3570365962511157)	(9.0, 0.3681939898839631)	('>10', 6.932460577209164)	('>50', 8.966825349598334)	('>100', 19.57006843201428)	('>500', 16.639393037786373)	('>1k', 30.45410592085689)	('>5k', 0.0)	('>10k+', 0.0)
ERR2835933_1	(1.0, 9.502668992125152)	(2.0, 4.000845621267375)	(3.0, 1.9581417472649436)	(4.0, 1.3741345594841712)	(5.0, 0.9645367580994663)	(6.0, 0.8879023307436182)	(7.0, 0.7399186089530152)	(8.0, 0.4862322287405528)	(9.0, 0.7134929443475504)	('>10', 10.808096823635115)	('>50', 5.3485545161460815)	('>100', 27.384916230643203)	('>500', 19.359441889963534)	('>1k', 16.471116748586226)	('>5k', 0.0)	('>10k+', 0.0)
ERR2835933_2	(1.0, 8.664975424131917)	(2.0, 3.1287986892870356)	(3.0, 1.4269858886951008)	(4.0, 0.9513239257967339)	(5.0, 0.5153004598065641)	(6.0, 0.4122403678452513)	(7.0, 0.1664816870144284)	(8.0, 0.14798372179060304)	(9.0, 0.07134929443475505)	('>10', 6.6117012842872995)	('>50', 8.345224882405793)	('>100', 18.915490724591724)	('>500', 25.794091221394215)	('>1k', 24.848052428518578)	('>5k', 0.0)	('>10k+', 0.0)
ERR2835934_1	(1.0, 8.708113804004215)	(2.0, 3.6080084299262385)	(3.0, 1.7449947312961012)	(4.0, 1.2223393045310853)	(5.0, 0.8851422550052687)	(6.0, 0.8472075869336144)	(7.0, 0.6786090621707059)	(8.0, 0.6406743940990517)	(9.0, 0.3983140147523709)	('>10', 10.0463645943098)	('>50', 4.617492096944152)	('>100', 22.14963119072708)	('>500', 16.585879873551107)	('>1k', 27.86722866174921)	('>5k', 0.0)	('>10k+', 0.0)
ERR2835934_2	(1.0, 9.321390937829294)	(2.0, 3.0642781875658587)	(3.0, 1.605900948366702)	(4.0, 1.0790305584826132)	(5.0, 0.7903055848261329)	(6.0, 0.6322444678609063)	(7.0, 0.5015806111696522)	(8.0, 0.25289778714436245)	(9.0, 0.3983140147523709)	('>10', 4.758693361433088)	('>50', 1.9726027397260273)	('>100', 2.646996838777661)	('>500', 27.285563751317177)	('>1k', 45.69020021074815)	('>5k', 0.0)	('>10k+', 0.0)
ERR2835935_1	(1.0, 11.395075829684624)	(2.0, 3.6963005266831654)	(3.0, 2.103559870550162)	(4.0, 1.5229392727964972)	(5.0, 1.102544577701631)	(6.0, 0.9137635636778983)	(7.0, 0.8217526492797768)	(8.0, 0.5964845485119614)	(9.0, 0.49971444888635064)	('>10', 7.64325147534742)	('>50', 4.933688685830319)	('>100', 17.245700869344503)	('>500', 17.98972015990862)	('>1k', 29.535503521797068)	('>5k', 0.0)	('>10k+', 0.0)
ERR2835935_2	(1.0, 7.272035027603274)	(2.0, 3.4393045243987563)	(3.0, 1.7133066818960592)	(4.0, 0.996256107621042)	(5.0, 0.6980138333650613)	(6.0, 0.5806205977536646)	(7.0, 0.43308585570150393)	(8.0, 0.3934259788057618)	(9.0, 0.32838378069674473)	('>10', 10.376610191001967)	('>50', 7.486198362840282)	('>100', 31.217082302176536)	('>500', 15.913129005647567)	('>1k', 19.152547750491784)	('>5k', 0.0)	('>10k+', 0.0)
ERR2835936_1	(1.0, 12.043495067309793)	(2.0, 3.630191089225391)	(3.0, 2.062150215962757)	(4.0, 1.5193021966017377)	(5.0, 1.2100636964084637)	(6.0, 0.8974639081696106)	(7.0, 0.741164014050184)	(8.0, 0.6184770003865481)	(9.0, 0.4991512747684913)	('>10', 9.942690038822876)	('>50', 3.7511974588662373)	('>100', 19.340851414261945)	('>500', 22.204668829095308)	('>1k', 21.539133796070654)	('>5k', 0.0)	('>10k+', 0.0)
ERR2835936_2	(1.0, 8.046923581116284)	(2.0, 2.645333691870725)	(3.0, 1.2302314246819381)	(4.0, 0.914270348397506)	(5.0, 0.6974672694576561)	(6.0, 0.2823481958286415)	(7.0, 0.4705803263810693)	(8.0, 0.3226836523755903)	(9.0, 0.4235222937429623)	('>10', 8.89060688055663)	('>50', 8.233475067645921)	('>100', 24.481941479975127)	('>500', 9.39984201946186)	('>1k', 33.96077376850809)	('>5k', 0.0)	('>10k+', 0.0)
ERR2835937_1	(1.0, 11.291280085486031)	(2.0, 3.287141475990976)	(3.0, 2.0201163559882627)	(4.0, 1.3569211459199078)	(5.0, 1.204267517003918)	(6.0, 0.7836219617687468)	(7.0, 0.8311142018759435)	(8.0, 0.705598995878352)	(9.0, 0.7022066930135523)	('>10', 8.453618739081026)	('>50', 3.8519599029801377)	('>100', 12.20889801041437)	('>500', 14.42407178112862)	('>1k', 38.87918313347016)	('>5k', 0.0)	('>10k+', 0.0)
ERR2835937_2	(1.0, 7.676781383041878)	(2.0, 2.0353817188798615)	(3.0, 1.2873789371915123)	(4.0, 0.8955679563071391)	(5.0, 0.8904795020099394)	(6.0, 0.6004376070695592)	(7.0, 0.6055260613667588)	(8.0, 0.515630035449565)	(9.0, 0.29004189494038024)	('>10', 4.669504893396883)	('>50', 2.2151737707142494)	('>100', 8.346761198839832)	('>500', 0.8786064419831402)	('>1k', 56.846515256882135)	('>5k', 12.246213341927167)	('>10k+', 0.0)
ERR2835938_1	(1.0, 13.098159509202453)	(2.0, 3.9427402862985685)	(3.0, 2.1779141104294477)	(4.0, 1.5623721881390593)	(5.0, 1.1349693251533743)	(6.0, 1.0674846625766872)	(7.0, 0.8875255623721882)	(8.0, 0.6707566462167689)	(9.0, 0.4601226993865031)	('>10', 9.61758691206544)	('>50', 4.709611451942741)	('>100', 24.222903885480573)	('>500', 21.68916155419223)	('>1k', 14.758691206543967)	('>5k', 0.0)	('>10k+', 0.0)
ERR2835938_2	(1.0, 9.173824130879346)	(2.0, 2.8220858895705523)	(3.0, 1.815950920245399)	(4.0, 1.096114519427403)	(5.0, 0.623721881390593)	(6.0, 0.5030674846625767)	(7.0, 0.3292433537832311)	(8.0, 0.3108384458077709)	(9.0, 0.20245398773006135)	('>10', 2.946830265848671)	('>50', 1.79959100204499)	('>100', 0.6748466257668712)	('>500', 24.42126789366053)	('>1k', 53.280163599182)	('>5k', 0.0)	('>10k+', 0.0)
ERR2835939_1	(1.0, 13.995747148656484)	(2.0, 3.9490762475490873)	(3.0, 2.2700284443953493)	(4.0, 1.4912595620115434)	(5.0, 1.1184446715086576)	(6.0, 0.878186186517909)	(7.0, 0.7345834138797602)	(8.0, 0.5081328877965259)	(9.0, 0.546795172737566)	('>10', 10.789539090331667)	('>50', 4.440639584656596)	('>100', 27.209963823147664)	('>500', 19.853083317224048)	('>1k', 12.214520449587143)	('>5k', 0.0)	('>10k+', 0.0)
ERR2835939_2	(1.0, 10.15437298058601)	(2.0, 3.1979232829803097)	(3.0, 1.4415509099444919)	(4.0, 1.1046367126011434)	(5.0, 0.7456297810057717)	(6.0, 0.43080831791444585)	(7.0, 0.44461627682196014)	(8.0, 0.4197619507884344)	(9.0, 0.44737786860346307)	('>10', 12.813785866173264)	('>50', 9.519206870840351)	('>100', 29.51865455248405)	('>500', 22.128634945182405)	('>1k', 7.6330396840739)	('>5k', 0.0)	('>10k+', 0.0)
ERR2835940_1	(1.0, 13.782806089004346)	(2.0, 4.238995848406128)	(3.0, 2.163198912330962)	(4.0, 1.534390249823982)	(5.0, 0.8861589259268251)	(6.0, 0.786617786302168)	(7.0, 0.8157517783874335)	(8.0, 0.7769064556070795)	(9.0, 0.5899633397266261)	('>10', 8.130811624462842)	('>50', 6.132705333948384)	('>100', 25.70346451722547)	('>500', 16.642792978707906)	('>1k', 17.815436160139843)	('>5k', 0.0)	('>10k+', 0.0)
ERR2835940_2	(1.0, 9.1796353395324)	(2.0, 3.112481487775862)	(3.0, 1.573235572604336)	(4.0, 1.175071014105708)	(5.0, 0.7526281288693583)	(6.0, 0.5244118575347787)	(7.0, 0.5268396902085508)	(8.0, 0.3107625822428318)	(9.0, 0.4807108694068805)	('>10', 11.092767486464833)	('>50', 7.307776348054092)	('>100', 15.749350554759767)	('>500', 10.784432736895774)	('>1k', 37.42989633154483)	('>5k', 0.0)	('>10k+', 0.0)
ERR2835941_1	(1.0, 14.234624762936873)	(2.0, 4.519100514765646)	(3.0, 2.29206177187754)	(4.0, 1.5172040097534545)	(5.0, 1.083717149823896)	(6.0, 0.7802763478732051)	(7.0, 0.644811704145218)	(8.0, 0.6285559468978597)	(9.0, 0.46328908154971554)	('>10', 9.27120021674343)	('>50', 6.781360065023029)	('>100', 30.726090490382006)	('>500', 15.559468978596586)	('>1k', 11.498238959631536)	('>5k', 0.0)	('>10k+', 0.0)
ERR2835941_2	(1.0, 9.311839609861826)	(2.0, 2.9206177187753997)	(3.0, 1.4467623950149011)	(4.0, 0.7586020048767272)	(5.0, 0.4876727174207532)	(6.0, 0.34137090219452726)	(7.0, 0.34137090219452726)	(8.0, 0.15172040097534545)	(9.0, 0.17068545109726363)	('>10', 5.944188566784069)	('>50', 9.1519913302628)	('>100', 22.57382823083175)	('>500', 17.854240043348685)	('>1k', 28.545109726361417)	('>5k', 0.0)	('>10k+', 0.0)
ERR2835942_1	(1.0, 12.498397641328035)	(2.0, 3.9140281160534975)	(3.0, 2.0253813613639275)	(4.0, 1.504080673417938)	(5.0, 1.1002862880827244)	(6.0, 0.7563132931675426)	(7.0, 0.6729906422253558)	(8.0, 0.6153057300346109)	(9.0, 0.5576208178438662)	('>10', 8.411314788702304)	('>50', 4.510105542024527)	('>100', 26.3235482630432)	('>500', 22.900910139725678)	('>1k', 14.209716702986796)	('>5k', 0.0)	('>10k+', 0.0)
ERR2835942_2	(1.0, 9.255223689270606)	(2.0, 3.123531171217365)	(3.0, 1.7882322779130881)	(4.0, 0.9571422467205059)	(5.0, 0.5554843396145793)	(6.0, 0.5127547750288425)	(7.0, 0.23928556168012646)	(8.0, 0.273469213348716)	(9.0, 0.30765286501730543)	('>10', 4.668204930991753)	('>50', 1.897192667606717)	('>100', 1.9762423620903302)	('>500', 28.771952313805922)	('>1k', 45.67363158569414)	('>5k', 0.0)	('>10k+', 0.0)
ERR2835943_1	(1.0, 9.183876243904676)	(2.0, 4.353475290053348)	(3.0, 2.2699827267307664)	(4.0, 1.2840306333022518)	(5.0, 1.131169843623412)	(6.0, 0.8896497959308457)	(7.0, 0.9202219538666137)	(8.0, 0.8927070117244226)	(9.0, 0.4952689585594399)	('>10', 16.41724881150736)	('>50', 11.461502010119384)	('>100', 27.926137666427188)	('>500', 14.868769012060717)	('>1k', 7.9059600421895775)	('>5k', 0.0)	('>10k+', 0.0)
ERR2835943_2	(1.0, 7.754627860407528)	(2.0, 3.4760543572968094)	(3.0, 1.7242697075773095)	(4.0, 1.0394533698161086)	(5.0, 0.7490178694263135)	(6.0, 0.6511869640318562)	(7.0, 0.5564132744309758)	(8.0, 0.41578134792644333)	(9.0, 0.41272413213286663)	('>10', 8.835353643436921)	('>50', 9.167061557040004)	('>100', 32.164967364221404)	('>500', 10.781271496048548)	('>1k', 22.271817056206913)	('>5k', 0.0)	('>10k+', 0.0)
ERR2835944_1	(1.0, 9.88515253472679)	(2.0, 4.845773575684667)	(3.0, 2.464239393996354)	(4.0, 1.6465855904964193)	(5.0, 1.2123832258792127)	(6.0, 1.0150185146895734)	(7.0, 0.9999812033608391)	(8.0, 1.0074998590252062)	(9.0, 0.8965996879757899)	('>10', 18.172590740775547)	('>50', 7.441589443807447)	('>100', 33.23057837258698)	('>500', 12.398263190541531)	('>1k', 4.7837446664536385)	('>5k', 0.0)	('>10k+', 0.0)
ERR2835944_2	(1.0, 8.34006879569933)	(2.0, 2.8458111689629892)	(3.0, 1.7931993759515799)	(4.0, 0.9699065807033702)	(5.0, 0.7894588447585572)	(6.0, 0.5751771583240917)	(7.0, 0.4736753068551343)	(8.0, 0.46615665119076705)	(9.0, 0.43984135636548183)	('>10', 10.644536756827879)	('>50', 8.490441908986673)	('>100', 21.516512847502867)	('>500', 8.717881242833782)	('>1k', 33.937332005037504)	('>5k', 0.0)	('>10k+', 0.0)
ERR2835945_1	(1.0, 11.557830773712906)	(2.0, 4.961085445540434)	(3.0, 2.2474715944562367)	(4.0, 1.53993424064594)	(5.0, 0.8948266533483166)	(6.0, 0.9239605443875639)	(7.0, 0.7866150580596828)	(8.0, 0.7491571981520789)	(9.0, 0.655512548383069)	('>10', 21.91076705373122)	('>50', 15.470096141840429)	('>100', 33.52894660173971)	('>500', 4.773796146002414)	('>1k', 0.0)	('>5k', 0.0)	('>10k+', 0.0)
ERR2835945_2	(1.0, 9.997086610896075)	(2.0, 2.942522994963999)	(3.0, 1.4358846297914845)	(4.0, 0.6908894160735839)	(5.0, 0.5306530153577226)	(6.0, 0.33712073916843555)	(7.0, 0.16023640071586134)	(8.0, 0.24971906605069297)	(9.0, 0.18728929953801973)	('>10', 4.865359803554335)	('>50', 6.5343155616598)	('>100', 24.651433803637573)	('>500', 22.175053065301537)	('>1k', 25.242435593290878)	('>5k', 0.0)	('>10k+', 0.0)
ERR2835946_1	(1.0, 9.07696647040158)	(2.0, 4.4494588019603)	(3.0, 2.337552445086909)	(4.0, 1.4314423721045024)	(5.0, 1.1899305433134717)	(6.0, 0.9202129534957516)	(7.0, 0.8267813700948418)	(8.0, 0.7192469061805874)	(9.0, 0.6187638825230053)	('>10', 14.150477735077391)	('>50', 9.847336318443043)	('>100', 33.73937876811339)	('>500', 14.991361985685575)	('>1k', 5.7010894475196565)	('>5k', 0.0)	('>10k+', 0.0)
ERR2835946_2	(1.0, 9.65518457144872)	(2.0, 2.866410464337341)	(3.0, 1.692345661601382)	(4.0, 1.057716038500864)	(5.0, 0.6346296231005183)	(6.0, 0.44424073617036275)	(7.0, 0.4812607975178931)	(8.0, 0.32436625180693157)	(9.0, 0.22212036808518137)	('>10', 2.6442900962521594)	('>50', 2.8223389627331383)	('>100', 6.0272185593907555)	('>500', 14.492472587526004)	('>1k', 56.63540528152875)	('>5k', 0.0)	('>10k+', 0.0)
ERR2835947_1	(1.0, 10.04409311194089)	(2.0, 4.174942400889807)	(3.0, 2.0497338523873836)	(4.0, 1.2552633669659172)	(5.0, 1.0030189878446016)	(6.0, 0.89377929609915)	(7.0, 0.8202907761976642)	(8.0, 0.810359895129896)	(9.0, 0.679272265035354)	('>10', 15.72654325891793)	('>50', 10.377770715817908)	('>100', 33.600143004687375)	('>500', 12.892269802176848)	('>1k', 5.672519265909271)	('>5k', 0.0)	('>10k+', 0.0)
ERR2835947_2	(1.0, 10.856439183284342)	(2.0, 3.6188130610947806)	(3.0, 1.7398903630730118)	(4.0, 1.1202033844442678)	(5.0, 0.8441248907603083)	(6.0, 0.548184634940812)	(7.0, 0.34758083737189166)	(8.0, 0.3495670135854453)	(9.0, 0.268133788829745)	('>10', 10.78493683959641)	('>50', 10.467148645427821)	('>100', 31.16509096687058)	('>500', 20.225232382616987)	('>1k', 7.664654008103598)	('>5k', 0.0)	('>10k+', 0.0)
ERR2835948_1	(1.0, 10.294557284797328)	(2.0, 4.74808757583751)	(3.0, 2.2685307306779214)	(4.0, 1.3787039479468917)	(5.0, 1.0199595533280577)	(6.0, 0.7913479293062516)	(7.0, 0.6647322606172514)	(8.0, 0.5908731205486679)	(9.0, 0.5381165919282511)	('>10', 14.752483953222544)	('>50', 12.584190626923414)	('>100', 43.174184471995076)	('>500', 7.194231952870835)	('>1k', 0.0)	('>5k', 0.0)	('>10k+', 0.0)
ERR2835948_2	(1.0, 9.429350215422492)	(2.0, 3.4678624813153958)	(3.0, 1.6460036929570032)	(4.0, 1.0762331838565022)	(5.0, 0.6770421172953486)	(6.0, 0.506462674756001)	(7.0, 0.3816055570210147)	(8.0, 0.3798470060670008)	(9.0, 0.1899235030335004)	('>10', 5.8454233711421795)	('>50', 5.316099533983997)	('>100', 37.34810516134705)	('>500', 20.5697705091005)	('>1k', 13.166270992702014)	('>5k', 0.0)	('>10k+', 0.0)
ERR2835949_1	(1.0, 9.693959875934526)	(2.0, 4.747476558438065)	(3.0, 2.086881689585313)	(4.0, 1.2334833354249959)	(5.0, 0.9412481847356438)	(6.0, 0.731484303565986)	(7.0, 0.752998547788515)	(8.0, 0.516341861340696)	(9.0, 0.6776986930096635)	('>10', 15.275113397995591)	('>50', 12.754361116589275)	('>100', 36.776807644728116)	('>500', 9.75491690123169)	('>1k', 4.057227889631927)	('>5k', 0.0)	('>10k+', 0.0)
ERR2835949_2	(1.0, 7.565842551589365)	(2.0, 2.717966186779497)	(3.0, 1.4091829965756495)	(4.0, 0.8533983541603171)	(5.0, 0.6992129372321925)	(6.0, 0.46255625078437346)	(7.0, 0.2886494433189307)	(8.0, 0.157771124298546)	(9.0, 0.09681409900138051)	('>10', 2.5655736235365834)	('>50', 5.104254441795005)	('>100', 22.491349480968857)	('>500', 25.578643526901768)	('>1k', 30.008784983057534)	('>5k', 0.0)	('>10k+', 0.0)
ERR2835950_1	(1.0, 9.809947717959586)	(2.0, 4.634732231171401)	(3.0, 1.960576515472658)	(4.0, 1.2010739013706373)	(5.0, 0.9184682775187226)	(6.0, 0.6994489190334888)	(7.0, 0.6800197823936697)	(8.0, 0.6499929348594037)	(9.0, 0.6040695209834677)	('>10', 15.227144270170974)	('>50', 16.769111205312985)	('>100', 42.1276670905751)	('>500', 4.7177476331779005)	('>1k', 0.0)	('>5k', 0.0)	('>10k+', 0.0)
ERR2835950_2	(1.0, 9.303023880175216)	(2.0, 2.744807121661721)	(3.0, 1.616150911403137)	(4.0, 0.9467288399039141)	(5.0, 0.7683340398473929)	(6.0, 0.5722763883001272)	(7.0, 0.3956478733926805)	(8.0, 0.26847534265931894)	(9.0, 0.2702416278083934)	('>10', 4.074819838914794)	('>50', 1.662074325279073)	('>100', 11.576232867034054)	('>500', 22.265790589232726)	('>1k', 43.53539635438745)	('>5k', 0.0)	('>10k+', 0.0)
ERR2835951_1	(1.0, 9.149501535910144)	(2.0, 4.078171230424213)	(3.0, 2.0013945687202006)	(4.0, 1.1458078133539378)	(5.0, 0.8009347379529993)	(6.0, 0.8028192902775946)	(7.0, 0.6464014473361853)	(8.0, 0.6633624182575429)	(9.0, 0.6784388368543053)	('>10', 13.171136196596498)	('>50', 12.903529766503969)	('>100', 48.97197670693327)	('>500', 4.986525450879144)	('>1k', 0.0)	('>5k', 0.0)	('>10k+', 0.0)
ERR2835951_2	(1.0, 9.015698320863878)	(2.0, 3.791719277085728)	(3.0, 1.6339068654241184)	(4.0, 1.0779639296685073)	(5.0, 0.6784388368543053)	(6.0, 0.6332095810640183)	(7.0, 0.6332095810640183)	(8.0, 0.5578274880802065)	(9.0, 0.35618038934851026)	('>10', 11.118858715112225)	('>50', 8.02253924580216)	('>100', 32.747865744492394)	('>500', 22.00968659894842)	('>1k', 7.722895426191507)	('>5k', 0.0)	('>10k+', 0.0)
ERR2835952_1	(1.0, 9.863186318631863)	(2.0, 4.349234923492349)	(3.0, 1.9549954995499548)	(4.0, 1.2457245724572459)	(5.0, 0.8730873087308731)	(6.0, 0.7452745274527453)	(7.0, 0.46624662466246625)	(8.0, 0.5328532853285328)	(9.0, 0.5346534653465347)	('>10', 20.86768676867687)	('>50', 16.113411341134114)	('>100', 36.42124212421242)	('>500', 6.032403240324032)	('>1k', 0.0)	('>5k', 0.0)	('>10k+', 0.0)
ERR2835952_2	(1.0, 9.578757875787579)	(2.0, 3.038703870387039)	(3.0, 1.431143114311431)	(4.0, 0.9216921692169218)	(5.0, 0.639063906390639)	(6.0, 0.5616561656165616)	(7.0, 0.2772277227722772)	(8.0, 0.38883888388838883)	(9.0, 0.17821782178217824)	('>10', 8.729072907290728)	('>50', 10.93969396939694)	('>100', 31.414941494149417)	('>500', 14.414041404140415)	('>1k', 17.486948694869486)	('>5k', 0.0)	('>10k+', 0.0)
ERR2835953_1	(1.0, 9.863024687644145)	(2.0, 3.9267593205382747)	(3.0, 1.576319114373383)	(4.0, 1.0589013898080741)	(5.0, 0.7620881214527806)	(6.0, 0.5535166355814933)	(7.0, 0.4351924272506668)	(8.0, 0.6417584180654995)	(9.0, 0.3970880211780278)	('>10', 15.35607564727353)	('>50', 12.464151775865872)	('>100', 51.85809116980526)	('>500', 1.1070332711629867)	('>1k', 0.0)	('>5k', 0.0)	('>10k+', 0.0)
ERR2835953_2	(1.0, 10.599041373363015)	(2.0, 3.0363195154723943)	(3.0, 1.353709163106913)	(4.0, 0.8182419830335118)	(5.0, 0.4412089124200309)	(6.0, 0.26472534745201853)	(7.0, 0.2386539117181076)	(8.0, 0.20857148587128732)	(9.0, 0.10829673304855304)	('>10', 2.2040390670437)	('>50', 1.6485169364057517)	('>100', 41.18284098429697)	('>500', 26.811463409742696)	('>1k', 11.084371177025048)	('>5k', 0.0)	('>10k+', 0.0)
ERR2835954_1	(1.0, 9.651681375962063)	(2.0, 4.12111175928191)	(3.0, 1.8460322538153213)	(4.0, 1.2720874654221788)	(5.0, 1.006755612427316)	(6.0, 0.7338966146666416)	(7.0, 0.5269001336068195)	(8.0, 0.7978773451760411)	(9.0, 0.6096987260307484)	('>10', 15.428764983722548)	('>50', 11.46948683690559)	('>100', 46.843303663837716)	('>500', 5.692403229145104)	('>1k', 0.0)	('>5k', 0.0)	('>10k+', 0.0)
ERR2835954_2	(1.0, 11.142056039592783)	(2.0, 2.8189157147964847)	(3.0, 1.7782879509230163)	(4.0, 0.8656216480683465)	(5.0, 0.7621234075384355)	(6.0, 0.5645358574358782)	(7.0, 0.3688300935247737)	(8.0, 0.21076005344272783)	(9.0, 0.2540411358461452)	('>10', 2.3616416702734235)	('>50', 1.4790839464820007)	('>100', 8.95542048512448)	('>500', 23.006717976703488)	('>1k', 45.43196402024802)	('>5k', 0.0)	('>10k+', 0.0)
ERR2835955_1	(1.0, 10.363720911425164)	(2.0, 3.9344129718363963)	(3.0, 1.5527385212591738)	(4.0, 0.8653282384100603)	(5.0, 0.8087179798224865)	(6.0, 0.7642384909322496)	(7.0, 0.7642384909322496)	(8.0, 0.6308000242615395)	(9.0, 0.47310001819615455)	('>10', 20.622308485473404)	('>50', 18.853237904611714)	('>100', 39.23697458603748)	('>500', 1.1301833768019247)	('>1k', 0.0)	('>5k', 0.0)	('>10k+', 0.0)
ERR2835955_2	(1.0, 12.057985079153271)	(2.0, 3.3278744869695314)	(3.0, 1.4071692848911264)	(4.0, 0.832979519217161)	(5.0, 0.6671923333535513)	(6.0, 0.5216230969855037)	(7.0, 0.4811871979943794)	(8.0, 0.40435898991124325)	(9.0, 0.3639230909201189)	('>10', 11.748650451871171)	('>50', 11.544449161965993)	('>100', 48.29461596004933)	('>500', 6.061341258769535)	('>1k', 2.2866500879480802)	('>5k', 0.0)	('>10k+', 0.0)
ERR2835956_1	(1.0, 10.119419503400511)	(2.0, 4.469752414273219)	(3.0, 2.1206333339283483)	(4.0, 1.1781296299601935)	(5.0, 0.9728494671640991)	(6.0, 0.7068777779761161)	(7.0, 0.7622141696863676)	(8.0, 0.6283358026454365)	(9.0, 0.6908123739312043)	('>10', 16.47060923582228)	('>50', 16.072544224487245)	('>100', 38.54268934863712)	('>500', 7.265132718087861)	('>1k', 0.0)	('>5k', 0.0)	('>10k+', 0.0)
ERR2835956_2	(1.0, 9.73027971653487)	(2.0, 3.1559593723782156)	(3.0, 1.5047928455400654)	(4.0, 0.9567840631191874)	(5.0, 0.66046661073526)	(6.0, 0.5676442762535477)	(7.0, 0.5248031988004498)	(8.0, 0.4426911336820121)	(9.0, 0.25704646471858766)	('>10', 7.1258992163652914)	('>50', 6.204816051123686)	('>100', 29.688866674996877)	('>500', 8.282608307598936)	('>1k', 30.897342068153016)	('>5k', 0.0)	('>10k+', 0.0)
ERR2835957_1	(1.0, 9.611115515737731)	(2.0, 4.106873860302862)	(3.0, 1.6530563704114802)	(4.0, 1.1258225640212478)	(5.0, 0.8820264806152383)	(6.0, 0.737334496154761)	(7.0, 0.6798541187663522)	(8.0, 0.31713311662570365)	(9.0, 0.4994846586854832)	('>10', 18.619678109886625)	('>50', 16.25703639102513)	('>100', 37.12835962895426)	('>500', 8.38222468881313)	('>1k', 0.0)	('>5k', 0.0)	('>10k+', 0.0)
ERR2835957_2	(1.0, 8.796479822405455)	(2.0, 2.965194640450329)	(3.0, 1.349797827638151)	(4.0, 0.9196860382145405)	(5.0, 0.3369539364148101)	(6.0, 0.23784983746927774)	(7.0, 0.26361690319511616)	(8.0, 0.07928327915642591)	(9.0, 0.1248711646713708)	('>10', 2.9136605089986523)	('>50', 7.595338143185602)	('>100', 21.190438436533736)	('>500', 26.55593435344486)	('>1k', 26.670895108221675)	('>5k', 0.0)	('>10k+', 0.0)
ERR2835958_1	(1.0, 9.860468518552384)	(2.0, 4.35967302452316)	(3.0, 2.0573121445421796)	(4.0, 0.9509353912550518)	(5.0, 0.8229248578168717)	(6.0, 0.603478229065706)	(7.0, 0.5248431870965382)	(8.0, 0.5266719090027979)	(9.0, 0.5266719090027979)	('>10', 13.680668580728927)	('>50', 13.527055940603114)	('>100', 48.422727355850995)	('>500', 4.136568951959475)	('>1k', 0.0)	('>5k', 0.0)	('>10k+', 0.0)
ERR2835958_2	(1.0, 10.58281367152497)	(2.0, 3.214893111204579)	(3.0, 1.6239050527586272)	(4.0, 1.08991825613079)	(5.0, 0.7680632006290804)	(6.0, 0.5815335661905894)	(7.0, 0.5120421337527202)	(8.0, 0.26333595450139896)	(9.0, 0.18104346871971178)	('>10', 3.865918109833038)	('>50', 2.978987985297076)	('>100', 6.320062908033576)	('>500', 21.4582228480515)	('>1k', 46.55925973337234)	('>5k', 0.0)	('>10k+', 0.0)
ERR2835959_1	(1.0, 9.134640252418146)	(2.0, 3.4810945016293386)	(3.0, 1.7534785082501423)	(4.0, 1.0862256245797342)	(5.0, 0.8276004758702736)	(6.0, 0.7448404282832463)	(7.0, 0.615527853928516)	(8.0, 0.4138002379351368)	(9.0, 0.6051828479801377)	('>10', 9.5872342626597)	('>50', 7.895825790099829)	('>100', 40.2705219055501)	('>500', 12.651942274866808)	('>1k', 10.932085035948896)	('>5k', 0.0)	('>10k+', 0.0)
ERR2835959_2	(1.0, 10.290694667149433)	(2.0, 3.5793720581389334)	(3.0, 1.7457197537888585)	(4.0, 1.1172606424248692)	(5.0, 0.8534629907412196)	(6.0, 0.6982879015155433)	(7.0, 0.7603579372058139)	(8.0, 0.45518026172865045)	(9.0, 0.5586303212124346)	('>10', 12.848497387885999)	('>50', 9.863963171778824)	('>100', 41.886929084984224)	('>500', 11.987275642683494)	('>1k', 3.354368178761703)	('>5k', 0.0)	('>10k+', 0.0)
ERR2835960_1	(1.0, 8.923614032135948)	(2.0, 3.230419786321191)	(3.0, 1.7666358206444015)	(4.0, 1.0010936316984942)	(5.0, 0.7676453268276268)	(6.0, 0.7949861192899806)	(7.0, 0.5594346765373938)	(8.0, 0.48792798855892994)	(9.0, 0.3974930596449903)	('>10', 6.389332884663919)	('>50', 5.94136451585766)	('>100', 40.02692016488601)	('>500', 20.65702027424918)	('>1k', 9.056111718684278)	('>5k', 0.0)	('>10k+', 0.0)
ERR2835960_2	(1.0, 11.510473626650963)	(2.0, 3.066375031547068)	(3.0, 1.4827122066122655)	(4.0, 0.6730041221502482)	(5.0, 0.4101118869353075)	(6.0, 0.34070833683856316)	(7.0, 0.30916126861277027)	(8.0, 0.28602675191385546)	(9.0, 0.28392361403213595)	('>10', 6.565996466728359)	('>50', 3.6699756036005717)	('>100', 42.48548834861614)	('>500', 23.571969378312442)	('>1k', 5.344073357449314)	('>5k', 0.0)	('>10k+', 0.0)
ERR2835961_1	(1.0, 9.887098542146223)	(2.0, 3.589827907486572)	(3.0, 1.8579414666228213)	(4.0, 0.9645949797215829)	(5.0, 0.8495012605502577)	(6.0, 0.6412364353830977)	(7.0, 0.5754685958566261)	(8.0, 0.48229748986079146)	(9.0, 0.46859585662610986)	('>10', 7.042639482626329)	('>50', 6.119149402608791)	('>100', 41.67762797325441)	('>500', 15.293763016551573)	('>1k', 10.550257590704812)	('>5k', 0.0)	('>10k+', 0.0)
ERR2835961_2	(1.0, 12.895977200482298)	(2.0, 2.9705140852789653)	(3.0, 1.2084840512989148)	(4.0, 0.7124849282034418)	(5.0, 0.3699440973364025)	(6.0, 0.41104899704044723)	(7.0, 0.28773429792831307)	(8.0, 0.02192261317549052)	(9.0, 0.19730351857941467)	('>10', 2.7293653403485694)	('>50', 2.406006796010084)	('>100', 51.18108078482955)	('>500', 19.95231831634331)	('>1k', 4.655814973144799)	('>5k', 0.0)	('>10k+', 0.0)
ERR2835962_1	(1.0, 9.089002307208279)	(2.0, 3.267379803770771)	(3.0, 1.6849611969516884)	(4.0, 0.8669509893029435)	(5.0, 0.699154023631406)	(6.0, 0.5313570579598687)	(7.0, 0.5220350043114499)	(8.0, 0.37288214593674984)	(9.0, 0.29364468992519055)	('>10', 6.947260481484071)	('>50', 5.723740940129111)	('>100', 39.21554918548556)	('>500', 14.82905684122212)	('>1k', 15.957025332680791)	('>5k', 0.0)	('>10k+', 0.0)
ERR2835962_2	(1.0, 13.379477498893005)	(2.0, 3.0809387308023957)	(3.0, 1.629028875061176)	(4.0, 0.9322053648418747)	(5.0, 0.6875014565708826)	(6.0, 0.4334754946514717)	(7.0, 0.24470390827099212)	(8.0, 0.2423733948588874)	(9.0, 0.2516954485073062)	('>10', 1.3423757253722997)	('>50', 0.3449159849914936)	('>100', 23.708312941340978)	('>500', 25.584376238085248)	('>1k', 28.138618937751986)	('>5k', 0.0)	('>10k+', 0.0)
ERR2835963_1	(1.0, 10.20950434338273)	(2.0, 3.4951456310679614)	(3.0, 1.6044966785896781)	(4.0, 1.199114290580821)	(5.0, 0.6983478112757622)	(6.0, 0.858456821665815)	(7.0, 0.57230454777721)	(8.0, 0.46329415772440813)	(9.0, 0.5518650996423097)	('>10', 10.185658320558678)	('>50', 11.040708567535344)	('>100', 36.290240163515584)	('>500', 17.451882132515756)	('>1k', 5.378981434167944)	('>5k', 0.0)	('>10k+', 0.0)
ERR2835963_2	(1.0, 14.552887072049053)	(2.0, 3.3656957928802593)	(3.0, 1.7782319877363313)	(4.0, 1.2399931868506218)	(5.0, 0.7324135581672628)	(6.0, 0.7358201328564129)	(7.0, 0.6438426162493613)	(8.0, 0.29977857264520524)	(9.0, 0.4905467552376086)	('>10', 15.421563617782319)	('>50', 10.611480156702434)	('>100', 35.169477090785215)	('>500', 11.207630727303696)	('>1k', 3.7506387327542154)	('>5k', 0.0)	('>10k+', 0.0)
ERR2835964_1	(1.0, 8.825571852444183)	(2.0, 3.240672544769681)	(3.0, 1.6540055975253047)	(4.0, 1.2205130363418277)	(5.0, 0.9259064413627659)	(6.0, 0.6565518402390522)	(7.0, 0.4861008817154521)	(8.0, 0.6397171776688201)	(9.0, 0.39771890322173353)	('>10', 8.493087266682098)	('>50', 4.922034468971613)	('>100', 33.04433829254435)	('>500', 16.18652806127817)	('>1k', 19.30725363523495)	('>5k', 0.0)	('>10k+', 0.0)
ERR2835964_2	(1.0, 12.642831590244313)	(2.0, 3.219629216556891)	(3.0, 1.5088066328570526)	(4.0, 0.765977146945561)	(5.0, 0.5576481976389386)	(6.0, 0.40403190168557057)	(7.0, 0.2504156057322026)	(8.0, 0.35352791397487426)	(9.0, 0.22726794469813344)	('>10', 5.736411270806591)	('>50', 7.377790871404222)	('>100', 42.419141011342354)	('>500', 20.578270659287472)	('>1k', 3.958250036825824)	('>5k', 0.0)	('>10k+', 0.0)
ERR2835965_1	(1.0, 8.806632244927641)	(2.0, 3.10765277676775)	(3.0, 1.5417060577412551)	(4.0, 0.9211451288391147)	(5.0, 0.9090247981964947)	(6.0, 0.6690422514726202)	(7.0, 0.44118003539136547)	(8.0, 0.6011683998739485)	(9.0, 0.39269871282088575)	('>10', 7.369161030712918)	('>50', 5.5171745085205925)	('>100', 40.88672338981407)	('>500', 15.608561801565946)	('>1k', 13.228128863355392)	('>5k', 0.0)	('>10k+', 0.0)
ERR2835965_2	(1.0, 10.634378105834728)	(2.0, 2.8652461639153515)	(3.0, 1.229001527161661)	(4.0, 0.6884347805008121)	(5.0, 0.2787676047802584)	(6.0, 0.2472547451094466)	(7.0, 0.08484231449833951)	(8.0, 0.13574770319734322)	(9.0, 0.17453276125372702)	('>10', 3.7936634911400384)	('>50', 4.319685841029743)	('>100', 42.10845271859016)	('>500', 23.45526385959809)	('>1k', 9.984728383390298)	('>5k', 0.0)	('>10k+', 0.0)
ERR2835966_1	(1.0, 8.206161189324108)	(2.0, 3.1878790532699846)	(3.0, 1.760339806888096)	(4.0, 1.1210124143366977)	(5.0, 0.6568432115254089)	(6.0, 0.6305694830643925)	(7.0, 0.4751165896700458)	(8.0, 0.3503163794802181)	(9.0, 0.3546953342237208)	('>10', 6.038578591290259)	('>50', 4.970113633875594)	('>100', 30.63954634028857)	('>500', 23.105554704092132)	('>1k', 18.50327326867077)	('>5k', 0.0)	('>10k+', 0.0)
ERR2835966_2	(1.0, 11.479429860092397)	(2.0, 2.8419416285332693)	(3.0, 1.4647603617016618)	(4.0, 0.9808858625446106)	(5.0, 0.6349484378078952)	(6.0, 0.446653383837278)	(7.0, 0.3371795152497099)	(8.0, 0.42037965537626165)	(9.0, 0.19705296345762266)	('>10', 3.8162590589626255)	('>50', 2.0230770914982594)	('>100', 18.05661988483349)	('>500', 10.443807063254)	('>1k', 46.857005232850916)	('>5k', 0.0)	('>10k+', 0.0)
ERR2835967_1	(1.0, 12.989654257670882)	(2.0, 3.902496536681699)	(3.0, 1.8215580511097358)	(4.0, 1.5916526660182155)	(5.0, 0.9137265304919385)	(6.0, 1.0080466884782031)	(7.0, 0.8046688478203201)	(8.0, 0.7781413033866832)	(9.0, 0.42444071093819086)	('>10', 9.638341144221418)	('>50', 7.477820025348543)	('>100', 33.96999439974062)	('>500', 15.20028296047396)	('>1k', 9.479175877619594)	('>5k', 0.0)	('>10k+', 0.0)
ERR2835967_2	(1.0, 9.720871282459399)	(2.0, 3.4485807763728005)	(3.0, 1.4855424882836679)	(4.0, 0.896041500869514)	(5.0, 0.7958263330091078)	(6.0, 0.601291007162437)	(7.0, 0.5777109676658708)	(8.0, 0.754561263890117)	(9.0, 0.6631886108409232)	('>10', 15.895894125622661)	('>50', 12.44731334924986)	('>100', 39.38161346420255)	('>500', 10.104046924278599)	('>1k', 3.227517906092493)	('>5k', 0.0)	('>10k+', 0.0)
ERR2835968_1	(1.0, 13.312267468528619)	(2.0, 3.740889862901993)	(3.0, 2.1634982926456345)	(4.0, 1.2843382090617197)	(5.0, 1.057540390398043)	(6.0, 0.7644870292034045)	(7.0, 0.6778451658936854)	(8.0, 0.7135212272565109)	(9.0, 0.5274960501503491)	('>10', 12.973344885581776)	('>50', 6.582233321441312)	('>100', 31.665052749605017)	('>500', 16.204576729014832)	('>1k', 8.33290861831711)	('>5k', 0.0)	('>10k+', 0.0)
ERR2835968_2	(1.0, 9.910300188573467)	(2.0, 2.9916925742826566)	(3.0, 1.4066561337342642)	(4.0, 1.009122878548494)	(5.0, 0.6625554253096172)	(6.0, 0.5962998827786555)	(7.0, 0.6243310738494471)	(8.0, 0.5300443402476939)	(9.0, 0.2522807196371235)	('>10', 12.36685184241374)	('>50', 9.189134091024922)	('>100', 25.192395902349524)	('>500', 21.594210284898832)	('>1k', 13.674124662351561)	('>5k', 0.0)	('>10k+', 0.0)
ERR2835969_1	(1.0, 14.052368307293275)	(2.0, 3.91527203112456)	(3.0, 1.9545482615945162)	(4.0, 1.3215586982029273)	(5.0, 0.6484283332304083)	(6.0, 0.7410609522633237)	(7.0, 0.5619712221330205)	(8.0, 0.5681467300685482)	(9.0, 0.5557957141974927)	('>10', 10.76699808559254)	('>50', 8.423392824059778)	('>100', 40.47119125548077)	('>500', 11.921818069536219)	('>1k', 4.097449515222627)	('>5k', 0.0)	('>10k+', 0.0)
ERR2835969_2	(1.0, 10.467485950719446)	(2.0, 2.365219539307108)	(3.0, 1.13938121410486)	(4.0, 0.5928487618106589)	(5.0, 0.32421416661520414)	(6.0, 0.37053047613166185)	(7.0, 0.19452849996912247)	(8.0, 0.2470203174211079)	(9.0, 0.08336935712962391)	('>10', 6.57074044340147)	('>50', 8.466621379608473)	('>100', 31.183227320447106)	('>500', 27.749644908293707)	('>1k', 10.24516766504045)	('>5k', 0.0)	('>10k+', 0.0)
ERR2835970_1	(1.0, 15.382425507686467)	(2.0, 4.156386411083697)	(3.0, 2.040235338773961)	(4.0, 1.3538305813879927)	(5.0, 1.0122097804770038)	(6.0, 0.7971152021256405)	(7.0, 0.5535522236983615)	(8.0, 0.6579363573100525)	(9.0, 0.39855760106282023)	('>10', 10.637692161700512)	('>50', 12.823432656418044)	('>100', 39.03966597077244)	('>500', 7.582083886885557)	('>1k', 3.564876320617448)	('>5k', 0.0)	('>10k+', 0.0)
ERR2835970_2	(1.0, 11.109002340735117)	(2.0, 2.910103118871386)	(3.0, 1.4423989371797306)	(4.0, 0.5567153792623522)	(5.0, 0.4428417789586892)	(6.0, 0.39855760106282023)	(7.0, 0.33213133421901686)	(8.0, 0.20244195609540075)	(9.0, 0.08540520022774721)	('>10', 3.4003922312899353)	('>50', 2.0117669386980452)	('>100', 23.717340418801797)	('>500', 38.56519263617385)	('>1k', 14.825710128424117)	('>5k', 0.0)	('>10k+', 0.0)
ERR2835971_1	(1.0, 14.422765544041452)	(2.0, 3.90220207253886)	(3.0, 1.7729922279792747)	(4.0, 1.0686528497409327)	(5.0, 1.0727007772020725)	(6.0, 0.7529145077720207)	(7.0, 0.5667098445595855)	(8.0, 0.6152849740932642)	(9.0, 0.4736075129533679)	('>10', 13.171955958549223)	('>50', 9.229274611398964)	('>100', 37.80359455958549)	('>500', 10.314119170984457)	('>1k', 4.833225388601036)	('>5k', 0.0)	('>10k+', 0.0)
ERR2835971_2	(1.0, 11.791612694300518)	(2.0, 3.1330958549222796)	(3.0, 1.1536593264248705)	(4.0, 0.9067357512953367)	(5.0, 0.6476683937823834)	(6.0, 0.9229274611398963)	(7.0, 0.5383743523316062)	(8.0, 0.7124352331606217)	(9.0, 0.8014896373056996)	('>10', 18.219721502590673)	('>50', 16.50340025906736)	('>100', 38.29339378238342)	('>500', 6.375485751295337)	('>1k', 0.0)	('>5k', 0.0)	('>10k+', 0.0)
ERR2835972_1	(1.0, 13.130971285762632)	(2.0, 3.6966651914716375)	(3.0, 1.9758935776950513)	(4.0, 0.9788352901361519)	(5.0, 0.9371827245984432)	(6.0, 0.671647619295551)	(7.0, 0.6195819123734152)	(8.0, 0.3748730898393773)	(9.0, 0.3748730898393773)	('>10', 9.272902402832374)	('>50', 8.687163199958349)	('>100', 40.05414833519902)	('>500', 12.352588967276704)	('>1k', 6.872673313721917)	('>5k', 0.0)	('>10k+', 0.0)
ERR2835972_2	(1.0, 9.910707312628537)	(2.0, 2.9989847187150183)	(3.0, 1.1636685497097337)	(4.0, 0.5727227761434931)	(5.0, 0.49462421576028953)	(6.0, 0.28115481737953296)	(7.0, 0.40090594330044516)	(8.0, 0.20826282768854296)	(9.0, 0.35144352172441623)	('>10', 6.401478666076589)	('>50', 7.703121339129983)	('>100', 36.919792778486446)	('>500', 25.215421862390336)	('>1k', 7.377710670866635)	('>5k', 0.0)	('>10k+', 0.0)
ERR2835973_1	(1.0, 13.402730677361326)	(2.0, 4.063578189967857)	(3.0, 1.8401108784760107)	(4.0, 1.1913538379876736)	(5.0, 0.8699242133820885)	(6.0, 0.6546548317655038)	(7.0, 0.49541446728200284)	(8.0, 0.3066851464126684)	(9.0, 0.5308012149450031)	('>10', 11.146825513845066)	('>50', 8.988233906402053)	('>100', 38.36218336233081)	('>500', 13.842116127510248)	('>1k', 4.305387632331692)	('>5k', 0.0)	('>10k+', 0.0)
ERR2835973_2	(1.0, 9.035416236619385)	(2.0, 2.583232579399015)	(3.0, 1.194302733626257)	(4.0, 0.6723482055970039)	(5.0, 0.20642269470083452)	(6.0, 0.24770723364100142)	(7.0, 0.2683495031110849)	(8.0, 0.21232048597800124)	(9.0, 0.13270030373625077)	('>10', 8.407301465601133)	('>50', 6.095367284951785)	('>100', 22.175695202146798)	('>500', 28.863790510453835)	('>1k', 19.905045560437614)	('>5k', 0.0)	('>10k+', 0.0)
ERR2835974_1	(1.0, 13.766557228574664)	(2.0, 3.7303294463942036)	(3.0, 2.054794520547945)	(4.0, 1.211366466659119)	(5.0, 0.9198460319257331)	(6.0, 0.7981433261632513)	(7.0, 0.5151137778784105)	(8.0, 0.5660590965696819)	(9.0, 0.5858711649496208)	('>10', 11.68912034416393)	('>50', 10.573983923921658)	('>100', 31.076644401675534)	('>500', 13.964677912374052)	('>1k', 8.547492358202197)	('>5k', 0.0)	('>10k+', 0.0)
ERR2835974_2	(1.0, 10.259821125325484)	(2.0, 2.994452620853617)	(3.0, 1.4434506962526887)	(4.0, 0.8038039171289483)	(5.0, 0.6368164836408922)	(6.0, 0.28869013925053777)	(7.0, 0.3169930940790218)	(8.0, 0.1584965470395109)	(9.0, 0.20378127476508548)	('>10', 5.637948601834031)	('>50', 2.4566964791124195)	('>100', 6.1558926751952905)	('>500', 43.960149439601494)	('>1k', 24.68300690592098)	('>5k', 0.0)	('>10k+', 0.0)
ERR2835975_1	(1.0, 9.290808240887479)	(2.0, 4.1132401671228935)	(3.0, 2.058420976804495)	(4.0, 1.2606252701339864)	(5.0, 0.8104019593718484)	(6.0, 0.7239590837055179)	(7.0, 0.655525140469673)	(8.0, 0.4466215242760409)	(9.0, 0.7293617634346635)	('>10', 18.38351822503962)	('>50', 11.887696297363492)	('>100', 35.97464342313788)	('>500', 9.607765451664026)	('>1k', 4.057412476588388)	('>5k', 0.0)	('>10k+', 0.0)
ERR2835975_2	(1.0, 8.312923209912118)	(2.0, 3.4252989482783462)	(3.0, 1.836911107909523)	(4.0, 1.174182394467656)	(5.0, 0.6483215674974787)	(6.0, 0.6483215674974787)	(7.0, 0.5294626134562743)	(8.0, 0.4466215242760409)	(9.0, 0.32416078374873936)	('>10', 9.659991355712434)	('>50', 9.957138740815443)	('>100', 32.24859530327042)	('>500', 22.93617634346636)	('>1k', 7.851894539691687)	('>5k', 0.0)	('>10k+', 0.0)
ERR2835976_1	(1.0, 9.981770155139701)	(2.0, 4.308195989434131)	(3.0, 2.087131217679229)	(4.0, 1.3467762937609287)	(5.0, 0.864987536738718)	(6.0, 0.881729230998177)	(7.0, 0.8203430187134939)	(8.0, 0.4910896982774656)	(9.0, 0.6361843818594443)	('>10', 15.588377543807432)	('>50', 11.220655530339672)	('>100', 36.6047844041817)	('>500', 10.94348748093307)	('>1k', 4.2244875181368355)	('>5k', 0.0)	('>10k+', 0.0)
ERR2835976_2	(1.0, 8.752185721194985)	(2.0, 3.214405297816139)	(3.0, 1.5569775661296923)	(4.0, 0.855686595483463)	(5.0, 0.585959299081067)	(6.0, 0.4129617917333234)	(7.0, 0.46876743926485365)	(8.0, 0.19345957810930467)	(9.0, 0.26786710815134496)	('>10', 5.597306447412478)	('>50', 7.131961754529559)	('>100', 35.239406227910266)	('>500', 27.352208043453995)	('>1k', 8.37084712972953)	('>5k', 0.0)	('>10k+', 0.0)
ERR2835977_1	(1.0, 11.388859528591059)	(2.0, 4.4392770320262125)	(3.0, 1.6964380086671598)	(4.0, 1.3000739879505336)	(5.0, 0.8984251136243525)	(6.0, 0.8085826022619172)	(7.0, 0.6104005919036043)	(8.0, 0.6341824331466018)	(9.0, 0.5945460310749392)	('>10', 25.861431138357467)	('>50', 15.7779304513265)	('>100', 27.489166050100412)	('>500', 8.500687030969242)	('>1k', 0.0)	('>5k', 0.0)	('>10k+', 0.0)
ERR2835977_2	(1.0, 9.6686396786809)	(2.0, 2.6107176831201775)	(3.0, 1.1018919775922207)	(4.0, 0.7293097981185921)	(5.0, 0.343515484621076)	(6.0, 0.09512736497199027)	(7.0, 0.18496987633442552)	(8.0, 0.1691153155057605)	(9.0, 0.14269104745798541)	('>10', 7.449001162667794)	('>50', 11.668956769897473)	('>100', 28.173554592537787)	('>500', 28.028221118275027)	('>1k', 9.634288130218794)	('>5k', 0.0)	('>10k+', 0.0)
ERR2835978_1	(1.0, 11.651801792258967)	(2.0, 4.88104569624812)	(3.0, 2.4723004893756753)	(4.0, 1.6015931190814143)	(5.0, 1.3664385738194607)	(6.0, 0.8516407855432917)	(7.0, 0.9046035209626506)	(8.0, 0.6948710887019893)	(9.0, 0.8579963137936149)	('>10', 22.890494248246934)	('>50', 15.193949537105691)	('>100', 28.91765353896998)	('>500', 7.715611295892211)	('>1k', 0.0)	('>5k', 0.0)	('>10k+', 0.0)
ERR2835978_2	(1.0, 10.026905069593035)	(2.0, 2.813380505476347)	(3.0, 1.6397262885833528)	(4.0, 1.0762027837213737)	(5.0, 0.7732559371226405)	(6.0, 0.6736859945342457)	(7.0, 0.4448869775226151)	(8.0, 0.42370188335487147)	(9.0, 0.09533292375484609)	('>10', 3.8959388174480436)	('>50', 2.9171874668982904)	('>100', 0.7414782958710252)	('>500', 29.55320636400229)	('>1k', 44.92511069211702)	('>5k', 0.0)	('>10k+', 0.0)
ERR2835979_1	(1.0, 11.730388842985553)	(2.0, 4.566964621047097)	(3.0, 2.0055584766769323)	(4.0, 1.1517564285535442)	(5.0, 0.9013745962592955)	(6.0, 0.7511454968827461)	(7.0, 0.7185958586844938)	(8.0, 0.7811913167580561)	(9.0, 0.7210996770074364)	('>10', 22.78224292045369)	('>50', 12.797015448559051)	('>100', 34.8756854202659)	('>500', 6.216980895866196)	('>1k', 0.0)	('>5k', 0.0)	('>10k+', 0.0)
ERR2835979_2	(1.0, 11.547610105410751)	(2.0, 3.5153609254112523)	(3.0, 1.5774055434537668)	(4.0, 1.2218633415959337)	(5.0, 0.888855504644583)	(6.0, 0.6309622173815068)	(7.0, 0.43816820651493527)	(8.0, 0.5608553043391171)	(9.0, 0.45068729812964775)	('>10', 13.493076942337066)	('>50', 10.13796038959413)	('>100', 36.48564060191792)	('>500', 15.135581762187336)	('>1k', 3.9159718570820496)	('>5k', 0.0)	('>10k+', 0.0)
ERR2835980_1	(1.0, 60.45751633986928)	(2.0, 22.875816993464053)	(3.0, 7.8431372549019605)	(4.0, 3.9215686274509802)	(5.0, 4.901960784313726)	(6.0, 0.0)	(7.0, 0.0)	(8.0, 0.0)	(9.0, 0.0)	('>10', 0.0)	('>50', 0.0)	('>100', 0.0)	('>500', 0.0)	('>1k', 0.0)	('>5k', 0.0)	('>10k+', 0.0)
ERR2835980_2	(1.0, 64.37908496732027)	(2.0, 18.954248366013072)	(3.0, 8.823529411764707)	(4.0, 2.6143790849673203)	(5.0, 3.2679738562091507)	(6.0, 1.9607843137254901)	(7.0, 0.0)	(8.0, 0.0)	(9.0, 0.0)	('>10', 0.0)	('>50', 0.0)	('>100', 0.0)	('>500', 0.0)	('>1k', 0.0)	('>5k', 0.0)	('>10k+', 0.0)
ERR2835981_1	(1.0, 10.966303097884797)	(2.0, 4.411610969787782)	(3.0, 2.268529811478552)	(4.0, 1.5750775342370282)	(5.0, 0.9408648987699062)	(6.0, 0.7945081367390319)	(7.0, 0.7561766038261839)	(8.0, 0.9199567899083528)	(9.0, 0.8467784088929157)	('>10', 20.002090810886155)	('>50', 12.868941004286164)	('>100', 39.87524828379273)	('>500', 3.773913649510402)	('>1k', 0.0)	('>5k', 0.0)	('>10k+', 0.0)
ERR2835981_2	(1.0, 9.732724675053142)	(2.0, 3.0316757849252536)	(3.0, 1.4426595114471896)	(4.0, 0.7248144405338537)	(5.0, 0.2613513607694184)	(6.0, 0.27180541520019513)	(7.0, 0.09757117468724953)	(8.0, 0.16726487089242778)	(9.0, 0.09408648987699063)	('>10', 3.0700073178381015)	('>50', 2.8748649684636027)	('>100', 60.94365264661812)	('>500', 13.388159041014742)	('>1k', 3.899362302679723)	('>5k', 0.0)	('>10k+', 0.0)
ERR2835982_1	(1.0, 9.81291916696082)	(2.0, 4.475036278777895)	(3.0, 2.276738439816449)	(4.0, 1.474683296074048)	(5.0, 0.8432364591912773)	(6.0, 0.8706906694905283)	(7.0, 0.8373534141271523)	(8.0, 0.8471584892340276)	(9.0, 0.5824214613483939)	('>10', 16.080323175275524)	('>50', 14.013413342746206)	('>100', 35.24336196415265)	('>500', 10.277679727026708)	('>1k', 2.3649841157783267)	('>5k', 0.0)	('>10k+', 0.0)
ERR2835982_2	(1.0, 8.828489626230537)	(2.0, 2.7885633603953406)	(3.0, 1.4707612660312979)	(4.0, 0.9726634506020315)	(5.0, 0.46083853002314)	(6.0, 0.4706436051300153)	(7.0, 0.2608149978428835)	(8.0, 0.37651488410401224)	(9.0, 0.22943875750088247)	('>10', 3.955367298113503)	('>50', 2.119857238106444)	('>100', 7.8656312507353805)	('>500', 28.82299878417069)	('>1k', 41.37741695101384)	('>5k', 0.0)	('>10k+', 0.0)
ERR2835983_1	(1.0, 8.939259929654236)	(2.0, 3.850504967398235)	(3.0, 1.6660838801242366)	(4.0, 1.110722586749491)	(5.0, 0.6684904457288603)	(6.0, 0.46897175884978504)	(7.0, 0.4895406956414423)	(8.0, 0.39492358639981895)	(9.0, 0.5368492502622539)	('>10', 13.581668963531273)	('>50', 13.731822202110372)	('>100', 46.57424357734949)	('>500', 7.986918156200506)	('>1k', 0.0)	('>5k', 0.0)	('>10k+', 0.0)
ERR2835983_2	(1.0, 7.392475882921612)	(2.0, 3.3527366970401298)	(3.0, 1.8265215870991627)	(4.0, 1.0695847131661764)	(5.0, 0.6993438509163462)	(6.0, 0.6540921899747002)	(7.0, 0.3599563938540017)	(8.0, 0.39492358639981895)	(9.0, 0.29619268979986424)	('>10', 5.775757451097353)	('>50', 5.033218832918526)	('>100', 30.676512331077603)	('>500', 18.47501902626653)	('>1k', 23.99366476746817)	('>5k', 0.0)	('>10k+', 0.0)
ERR2835984_1	(1.0, 9.154884524342652)	(2.0, 4.283155268376944)	(3.0, 2.3271063911458)	(4.0, 1.1579553451474633)	(5.0, 1.0635915808329601)	(6.0, 0.7293199411426012)	(7.0, 0.593372145096283)	(8.0, 0.6269592476489028)	(9.0, 0.546989955856951)	('>10', 15.400486213294096)	('>50', 10.784658691062631)	('>100', 40.341308937368055)	('>500', 9.57232422749664)	('>1k', 3.417887531188024)	('>5k', 0.0)	('>10k+', 0.0)
ERR2835984_2	(1.0, 8.475145544111061)	(2.0, 3.1635851832896167)	(3.0, 1.6217772375407842)	(4.0, 0.9212462414432857)	(5.0, 0.7677052012027382)	(6.0, 0.5853752159170879)	(7.0, 0.3918495297805642)	(8.0, 0.29428699379438295)	(9.0, 0.25910050540592416)	('>10', 6.2855863348474195)	('>50', 7.552299916831936)	('>100', 20.489731942933915)	('>500', 15.600409442773975)	('>1k', 33.59190071012731)	('>5k', 0.0)	('>10k+', 0.0)
ERR2835985_1	(1.0, 10.243105800636705)	(2.0, 4.560300988134122)	(3.0, 1.9225203621780294)	(4.0, 1.1907222888328441)	(5.0, 0.7648736924794312)	(6.0, 0.9550585025013438)	(7.0, 0.6511762517054616)	(8.0, 0.6615123826849134)	(9.0, 0.893041716624633)	('>10', 20.779757721089844)	('>50', 13.168230867821556)	('>100', 36.9475337991483)	('>500', 7.2621656261628145)	('>1k', 0.0)	('>5k', 0.0)	('>10k+', 0.0)
ERR2835985_2	(1.0, 9.432753131847686)	(2.0, 2.579898292471162)	(3.0, 1.3147558605862653)	(4.0, 0.9261173357588788)	(5.0, 0.4754620250547815)	(6.0, 0.26047050068218464)	(7.0, 0.26047050068218464)	(8.0, 0.2480671435068425)	(9.0, 0.26047050068218464)	('>10', 4.948939512961508)	('>50', 6.358787778558731)	('>100', 11.502046553933932)	('>500', 27.115806011493778)	('>1k', 34.315954851779885)	('>5k', 0.0)	('>10k+', 0.0)
ERR2835986_1	(1.0, 10.482465693748638)	(2.0, 4.719378494155231)	(3.0, 2.2979742975386626)	(4.0, 1.6191098526101795)	(5.0, 1.2070718071589341)	(6.0, 1.0890873448050533)	(7.0, 0.8513032745226168)	(8.0, 0.9874391926232484)	(9.0, 0.6371160967109563)	('>10', 19.08625571770856)	('>50', 19.069919407536485)	('>100', 33.405939156320336)	('>500', 4.546939664561098)	('>1k', 0.0)	('>5k', 0.0)	('>10k+', 0.0)
ERR2835986_2	(1.0, 10.128512306686996)	(2.0, 2.9296449575255936)	(3.0, 1.73709431496406)	(4.0, 0.9148333696362448)	(5.0, 0.7169825019966601)	(6.0, 0.490089305162274)	(7.0, 0.4828287228635737)	(8.0, 0.17425397516880856)	(9.0, 0.2777172729252886)	('>10', 1.8078849923763887)	('>50', 1.3813257823277425)	('>100', 7.291439773469833)	('>500', 29.06774123284687)	('>1k', 42.59965149204966)	('>5k', 0.0)	('>10k+', 0.0)
ERR2835987_1	(1.0, 10.772472203099902)	(2.0, 3.9218140476041468)	(3.0, 1.677201326741348)	(4.0, 0.984625654504871)	(5.0, 0.9491624423722802)	(6.0, 0.9262156580511922)	(7.0, 0.7009199574441455)	(8.0, 0.734297098274819)	(9.0, 0.5256899680831091)	('>10', 20.677138744602292)	('>50', 21.74729332248576)	('>100', 34.19905292362893)	('>500', 2.1841166531072034)	('>1k', 0.0)	('>5k', 0.0)	('>10k+', 0.0)
ERR2835987_2	(1.0, 10.974821119385862)	(2.0, 3.3210255126520227)	(3.0, 1.721008824081607)	(4.0, 1.0013142249202078)	(5.0, 0.8657195902955963)	(6.0, 0.5507228237061143)	(7.0, 0.5548949663099485)	(8.0, 0.38383711955274635)	(9.0, 0.5256899680831091)	('>10', 9.977679037069487)	('>50', 8.137764148778604)	('>100', 39.051254771888104)	('>500', 16.986878611510942)	('>1k', 5.94738928176565)	('>5k', 0.0)	('>10k+', 0.0)
ERR2835988_1	(1.0, 9.658315985930658)	(2.0, 4.2602828224822336)	(3.0, 2.0457971430622353)	(4.0, 1.2490129926064175)	(5.0, 0.9600890101213122)	(6.0, 0.8613882707630465)	(7.0, 0.7662766491996267)	(8.0, 0.6173282607135167)	(9.0, 0.4845309023042137)	('>10', 13.717608211901513)	('>50', 10.634556026128777)	('>100', 45.10623788672744)	('>500', 9.638575838059005)	('>1k', 0.0)	('>5k', 0.0)	('>10k+', 0.0)
ERR2835988_2	(1.0, 9.143277582370253)	(2.0, 3.0974086569521213)	(3.0, 1.4482090302203718)	(4.0, 0.7608929725073577)	(5.0, 0.5473404637140191)	(6.0, 0.45222884215059933)	(7.0, 0.4145431053047161)	(8.0, 0.129208240614457)	(9.0, 0.2907185413825282)	('>10', 4.647907544325604)	('>50', 3.3432632258990744)	('>100', 36.25367884573972)	('>500', 31.50886512095327)	('>1k', 7.9624578278659115)	('>5k', 0.0)	('>10k+', 0.0)
ERR2835989_1	(1.0, 10.016480853126515)	(2.0, 4.587493940862821)	(3.0, 2.1289384391662627)	(4.0, 1.442559379544353)	(5.0, 1.0857973824527387)	(6.0, 0.8027144934561319)	(7.0, 0.7329132331555986)	(8.0, 0.9617062530295687)	(9.0, 0.7678138633058652)	('>10', 19.961221522055258)	('>50', 13.330101793504607)	('>100', 33.64226854095977)	('>500', 10.539990305380515)	('>1k', 0.0)	('>5k', 0.0)	('>10k+', 0.0)
ERR2835989_2	(1.0, 7.604459524963645)	(2.0, 2.9238972370334464)	(3.0, 1.6519631604459524)	(4.0, 1.0392632089190499)	(5.0, 0.6204556471158507)	(6.0, 0.4071740184197771)	(7.0, 0.20358700920988854)	(8.0, 0.37227338826951045)	(9.0, 0.1221522055259331)	('>10', 5.188560349006301)	('>50', 7.115850702859913)	('>100', 13.343674260785265)	('>500', 24.27532719340766)	('>1k', 35.13136209403781)	('>5k', 0.0)	('>10k+', 0.0)
ERR2835990_1	(1.0, 10.21075844118285)	(2.0, 4.7718892343286825)	(3.0, 2.337141204540525)	(4.0, 1.1640517677680573)	(5.0, 0.9760682524763213)	(6.0, 0.7591641963704722)	(7.0, 0.7718169329766467)	(8.0, 0.6073313570963778)	(9.0, 0.6995155809413636)	('>10', 21.072229050683248)	('>50', 15.340539368086183)	('>100', 33.9653676523751)	('>500', 7.324126961174174)	('>1k', 0.0)	('>5k', 0.0)	('>10k+', 0.0)
ERR2835990_2	(1.0, 8.777384137083363)	(2.0, 2.4871665100137372)	(3.0, 1.5454413997541754)	(4.0, 1.2218928493962837)	(5.0, 0.732051189357241)	(6.0, 0.520569734654038)	(7.0, 0.22774925891114162)	(8.0, 0.40488757139758513)	(9.0, 0.2765526715349577)	('>10', 3.97838189574145)	('>50', 3.837394259272649)	('>100', 2.7329911069337)	('>500', 25.79169980478635)	('>1k', 47.46583761116333)	('>5k', 0.0)	('>10k+', 0.0)
ERR2835991_1	(1.0, 7.2281670693821205)	(2.0, 2.9823955816361756)	(3.0, 1.9830859509837762)	(4.0, 1.3876423886779428)	(5.0, 0.8974801518812565)	(6.0, 0.6006213324128409)	(7.0, 0.6523990334829134)	(8.0, 0.5937176389368312)	(9.0, 0.37279944770452195)	('>10', 5.4280289955126)	('>50', 3.2982395581636172)	('>100', 21.924404556437693)	('>500', 17.72868484639282)	('>1k', 34.922333448394895)	('>5k', 0.0)	('>10k+', 0.0)
ERR2835991_2	(1.0, 8.037625129444253)	(2.0, 3.4794615119088714)	(3.0, 1.7966862271315154)	(4.0, 1.1598205039696239)	(5.0, 0.8025543665861236)	(6.0, 0.6834656541249569)	(7.0, 0.5315843976527442)	(8.0, 0.6351397997928893)	(9.0, 0.45046599930963066)	('>10', 6.408353469105972)	('>50', 5.117362789092164)	('>100', 29.411460131170173)	('>500', 30.031066620642044)	('>1k', 11.454953400069037)	('>5k', 0.0)	('>10k+', 0.0)
ERR2835992_1	(1.0, 7.942450267929237)	(2.0, 3.2063422153710635)	(3.0, 1.7397049108125964)	(4.0, 1.139249798135506)	(5.0, 0.8588416648315349)	(6.0, 0.6870733318652279)	(7.0, 0.4727299420098363)	(8.0, 0.5167731043088893)	(9.0, 0.3963884606914776)	('>10', 8.401967261249357)	('>50', 5.0987300888203775)	('>100', 23.39719591866696)	('>500', 15.445937018277911)	('>1k', 30.69661601703002)	('>5k', 0.0)	('>10k+', 0.0)
ERR2835992_2	(1.0, 8.824781619320268)	(2.0, 3.2591940101299275)	(3.0, 1.5723408940761945)	(4.0, 1.0100565220582838)	(5.0, 0.7560742861337444)	(6.0, 0.5901783748073112)	(7.0, 0.4213462526609411)	(8.0, 0.38757982823166703)	(9.0, 0.15855538427659105)	('>10', 5.7902077369155105)	('>50', 7.137928503266535)	('>100', 23.64971004918153)	('>500', 17.555604492402555)	('>1k', 28.88644204653894)	('>5k', 0.0)	('>10k+', 0.0)
ERR2835993_1	(1.0, 8.889824266021257)	(2.0, 3.119015047879617)	(3.0, 1.938335262548669)	(4.0, 0.9849521203830369)	(5.0, 0.7155635062611807)	(6.0, 0.6440071556350626)	(7.0, 0.6482163527307165)	(8.0, 0.3030621908870883)	(9.0, 0.3030621908870883)	('>10', 7.1640534568031145)	('>50', 6.469535936020204)	('>100', 29.900031568978218)	('>500', 15.525623487319795)	('>1k', 23.394717457644955)	('>5k', 0.0)	('>10k+', 0.0)
ERR2835993_2	(1.0, 10.236767336630539)	(2.0, 2.963274755340419)	(3.0, 1.3385246764179732)	(4.0, 0.7576554772177206)	(5.0, 0.5261496369567505)	(6.0, 0.3914553298958224)	(7.0, 0.2946437966957803)	(8.0, 0.2020414605913922)	(9.0, 0.07576554772177208)	('>10', 3.6262232979059243)	('>50', 5.585604545932863)	('>100', 24.9647479743239)	('>500', 23.43260023150584)	('>1k', 25.604545932863303)	('>5k', 0.0)	('>10k+', 0.0)
ERR2835994_1	(1.0, 37.285902503293805)	(2.0, 14.492753623188406)	(3.0, 8.300395256916996)	(4.0, 5.797101449275362)	(5.0, 2.635046113306983)	(6.0, 3.9525691699604746)	(7.0, 3.689064558629776)	(8.0, 3.1620553359683794)	(9.0, 4.743083003952568)	('>10', 15.942028985507244)	('>50', 0.0)	('>100', 0.0)	('>500', 0.0)	('>1k', 0.0)	('>5k', 0.0)	('>10k+', 0.0)
ERR2835994_2	(1.0, 50.329380764163375)	(2.0, 6.0606060606060606)	(3.0, 5.138339920948617)	(4.0, 3.689064558629776)	(5.0, 0.6587615283267457)	(6.0, 0.7905138339920948)	(7.0, 1.844532279314888)	(8.0, 0.0)	(9.0, 3.557312252964427)	('>10', 27.931488801054016)	('>50', 0.0)	('>100', 0.0)	('>500', 0.0)	('>1k', 0.0)	('>5k', 0.0)	('>10k+', 0.0)
ERR2835995_1	(1.0, 8.8796777395061)	(2.0, 3.035787261369607)	(3.0, 1.6638449413275733)	(4.0, 1.3077237433592153)	(5.0, 0.6811061163329247)	(6.0, 0.5137486134625489)	(7.0, 0.5448848930663397)	(8.0, 0.48261233385875807)	(9.0, 0.4903964037597058)	('>10', 10.370327125537587)	('>50', 7.13215404674334)	('>100', 30.11656644676669)	('>500', 13.587094012104227)	('>1k', 21.194076322805376)	('>5k', 0.0)	('>10k+', 0.0)
ERR2835995_2	(1.0, 10.82374919726779)	(2.0, 3.1564403448342966)	(3.0, 1.5003794734076712)	(4.0, 0.9730087376184637)	(5.0, 0.7492167279662171)	(6.0, 0.6188335571253429)	(7.0, 0.6129955046996322)	(8.0, 0.5293167532644443)	(9.0, 0.26271235915698526)	('>10', 11.658590694144433)	('>50', 9.909120983906435)	('>100', 35.150913655204626)	('>500', 11.283009321423707)	('>1k', 12.771712689979955)	('>5k', 0.0)	('>10k+', 0.0)
ERR2835996_1	(1.0, 8.50766825491364)	(2.0, 3.3241512805241213)	(3.0, 1.725357355568791)	(4.0, 1.0348421679571174)	(5.0, 0.8375521143537821)	(6.0, 0.6477069684335914)	(7.0, 0.7296009529481834)	(8.0, 0.4169148302561048)	(9.0, 0.3852739726027397)	('>10', 9.311718284693269)	('>50', 6.694833234067897)	('>100', 27.870011911852295)	('>500', 16.760348421679574)	('>1k', 21.754020250148898)	('>5k', 0.0)	('>10k+', 0.0)
ERR2835996_2	(1.0, 10.01340083382966)	(2.0, 3.234812388326385)	(3.0, 1.5578469326980344)	(4.0, 0.9157236450268016)	(5.0, 0.5397558070279929)	(6.0, 0.5472007147111376)	(7.0, 0.4169148302561048)	(8.0, 0.3424657534246575)	(9.0, 0.2847677188802859)	('>10', 6.2797796307325795)	('>50', 8.275014889815365)	('>100', 33.688207266229895)	('>500', 21.346411554496726)	('>1k', 12.557698034544371)	('>5k', 0.0)	('>10k+', 0.0)
ERR2835997_1	(1.0, 8.719830521298327)	(2.0, 3.593856397064387)	(3.0, 1.8555648029053493)	(4.0, 1.1954301278656276)	(5.0, 0.7566013467503973)	(6.0, 0.6809412120753575)	(7.0, 0.48989937202088224)	(8.0, 0.3934327003102065)	(9.0, 0.3915411969433306)	('>10', 8.72361352803208)	('>50', 7.1044866459862295)	('>100', 32.03260951804494)	('>500', 12.913293485662406)	('>1k', 21.148899145040478)	('>5k', 0.0)	('>10k+', 0.0)
ERR2835997_2	(1.0, 9.056518120602254)	(2.0, 3.0755844745403644)	(3.0, 1.5888628281758341)	(4.0, 0.9457516834379965)	(5.0, 0.6241961110690777)	(6.0, 0.44261178784898236)	(7.0, 0.3045320420670349)	(8.0, 0.2421124309601271)	(9.0, 0.15321177271695544)	('>10', 3.37065899977302)	('>50', 2.405992282666263)	('>100', 22.802073087690097)	('>500', 25.40667322387834)	('>1k', 29.581221154573655)	('>5k', 0.0)	('>10k+', 0.0)
ERR2835998_1	(1.0, 10.189005723412752)	(2.0, 3.7202182883002797)	(3.0, 1.4774391055503795)	(4.0, 0.7719952083056036)	(5.0, 0.8651670437907627)	(6.0, 0.5590310129109544)	(7.0, 0.5124450951683748)	(8.0, 0.4791694396379609)	(9.0, 0.20963662984160789)	('>10', 12.721283109277254)	('>50', 11.789564754425662)	('>100', 36.71968587781179)	('>500', 10.85119126846799)	('>1k', 9.13416744309863)	('>5k', 0.0)	('>10k+', 0.0)
ERR2835998_2	(1.0, 11.752961533342207)	(2.0, 3.2277385864501533)	(3.0, 1.5273525888460002)	(4.0, 0.8119259949421004)	(5.0, 0.5324104884866232)	(6.0, 0.5390656195927059)	(7.0, 0.39598030081192603)	(8.0, 0.23958471981898044)	(9.0, 0.29948089977372555)	('>10', 5.663516571276454)	('>50', 2.1462797817116996)	('>100', 30.843205111140687)	('>500', 31.19592705976308)	('>1k', 10.824570744043656)	('>5k', 0.0)	('>10k+', 0.0)
ERR2835999_1	(1.0, 10.876739562624255)	(2.0, 3.6819085487077534)	(3.0, 2.147117296222664)	(4.0, 1.3757455268389662)	(5.0, 0.8747514910536779)	(6.0, 0.7514910536779323)	(7.0, 0.7932405566600397)	(8.0, 0.7475149105367793)	(9.0, 0.3220675944333996)	('>10', 5.029821073558648)	('>50', 4.833001988071571)	('>100', 27.27634194831014)	('>500', 20.403578528827037)	('>1k', 20.886679920477135)	('>5k', 0.0)	('>10k+', 0.0)
ERR2835999_2	(1.0, 7.815109343936381)	(2.0, 3.4194831013916502)	(3.0, 1.5029821073558647)	(4.0, 1.0099403578528827)	(5.0, 0.6660039761431411)	(6.0, 0.536779324055666)	(7.0, 0.5009940357852882)	(8.0, 0.49304174950298213)	(9.0, 0.37574552683896617)	('>10', 6.089463220675944)	('>50', 5.3399602385685885)	('>100', 31.894632206759443)	('>500', 19.45328031809145)	('>1k', 20.902584493041747)	('>5k', 0.0)	('>10k+', 0.0)
ERR2836000_1	(1.0, 20.646551724137932)	(2.0, 5.560344827586207)	(3.0, 2.1982758620689653)	(4.0, 2.327586206896552)	(5.0, 1.5086206896551724)	(6.0, 2.456896551724138)	(7.0, 1.357758620689655)	(8.0, 1.5517241379310345)	(9.0, 1.5517241379310345)	('>10', 41.5301724137931)	('>50', 10.797413793103448)	('>100', 8.512931034482758)	('>500', 0.0)	('>1k', 0.0)	('>5k', 0.0)	('>10k+', 0.0)
ERR2836000_2	(1.0, 18.72844827586207)	(2.0, 5.818965517241379)	(3.0, 3.362068965517241)	(4.0, 2.0689655172413794)	(5.0, 3.4482758620689653)	(6.0, 2.456896551724138)	(7.0, 1.9612068965517242)	(8.0, 1.3793103448275863)	(9.0, 2.327586206896552)	('>10', 29.913793103448278)	('>50', 10.668103448275861)	('>100', 17.866379310344826)	('>500', 0.0)	('>1k', 0.0)	('>5k', 0.0)	('>10k+', 0.0)
ERR2836001_1	(1.0, 13.192787385304175)	(2.0, 3.940862463408034)	(3.0, 1.7785540331111165)	(4.0, 1.653095864800374)	(5.0, 1.1192836584585866)	(6.0, 0.9593859929645028)	(7.0, 0.6199109493001402)	(8.0, 0.5313522422572631)	(9.0, 0.4206538584536666)	('>10', 10.558165850778579)	('>50', 6.528744680327667)	('>100', 32.67078300656811)	('>500', 17.618262773363508)	('>1k', 8.408157240904284)	('>5k', 0.0)	('>10k+', 0.0)
ERR2836001_2	(1.0, 10.882881109935795)	(2.0, 2.592802145088682)	(3.0, 1.35790017465745)	(4.0, 0.9347863521192591)	(5.0, 0.44279353521438586)	(6.0, 0.4723131042286783)	(7.0, 0.3443949718334112)	(8.0, 0.11807827605716957)	(9.0, 0.17711741408575435)	('>10', 4.902708420457062)	('>50', 8.144941083860175)	('>100', 18.890064205062608)	('>500', 24.32904479594598)	('>1k', 26.41017441145359)	('>5k', 0.0)	('>10k+', 0.0)
ERR2836002_1	(1.0, 13.320473522883416)	(2.0, 4.169749497938907)	(3.0, 2.164147553112779)	(4.0, 1.4797590106754042)	(5.0, 1.056970721911003)	(6.0, 0.8720008455765775)	(7.0, 0.5549096290032766)	(8.0, 0.6130430187083818)	(9.0, 0.4518549836169538)	('>10', 8.910263185709756)	('>50', 8.476905189726244)	('>100', 31.8729521192263)	('>500', 17.654053482718528)	('>1k', 8.402917239192474)	('>5k', 0.0)	('>10k+', 0.0)
ERR2836002_2	(1.0, 10.46401014691893)	(2.0, 2.5842934150724024)	(3.0, 1.4269104745798542)	(4.0, 1.0358313074727832)	(5.0, 0.6077581650988267)	(6.0, 0.33294577740196596)	(7.0, 0.2774548145016383)	(8.0, 0.19025472994398054)	(9.0, 0.14269104745798541)	('>10', 3.799809745270056)	('>50', 1.2472254518549835)	('>100', 0.3461579114258535)	('>500', 37.474896945354615)	('>1k', 40.06976006764613)	('>5k', 0.0)	('>10k+', 0.0)
ERR2836003_1	(1.0, 15.140449438202246)	(2.0, 3.838951310861423)	(3.0, 1.8960674157303372)	(4.0, 0.9550561797752809)	(5.0, 0.9129213483146067)	(6.0, 0.7022471910112359)	(7.0, 0.7209737827715356)	(8.0, 0.37453183520599254)	(9.0, 0.42134831460674155)	('>10', 14.803370786516853)	('>50', 11.821161048689138)	('>100', 38.436329588014985)	('>500', 9.976591760299627)	('>1k', 0.0)	('>5k', 0.0)	('>10k+', 0.0)
ERR2836003_2	(1.0, 11.46067415730337)	(2.0, 3.1367041198501875)	(3.0, 1.151685393258427)	(4.0, 0.7303370786516854)	(5.0, 0.5617977528089888)	(6.0, 0.5898876404494382)	(7.0, 0.42602996254681647)	(8.0, 0.299625468164794)	(9.0, 0.46348314606741575)	('>10', 16.39513108614232)	('>50', 13.600187265917604)	('>100', 41.72752808988764)	('>500', 9.45692883895131)	('>1k', 0.0)	('>5k', 0.0)	('>10k+', 0.0)
ERR2836004_1	(1.0, 13.72625631161337)	(2.0, 4.327963452753066)	(3.0, 2.0287328684779995)	(4.0, 1.3705217600384707)	(5.0, 0.7213272421255109)	(6.0, 0.5409954315941332)	(7.0, 0.6942774705458044)	(8.0, 0.3366193796585718)	(9.0, 0.2975474873767733)	('>10', 10.840947343111324)	('>50', 8.412478961288771)	('>100', 38.16422216879057)	('>500', 14.086919932676123)	('>1k', 4.451190189949507)	('>5k', 0.0)	('>10k+', 0.0)
ERR2836004_2	(1.0, 11.030295744169273)	(2.0, 3.270016830968983)	(3.0, 1.5959365232026927)	(4.0, 0.9136811733589805)	(5.0, 0.5109401298389036)	(6.0, 0.5409954315941332)	(7.0, 0.35765809088723255)	(8.0, 0.2885308968502044)	(9.0, 0.2704977157970666)	('>10', 8.860302957441693)	('>50', 12.626232267371964)	('>100', 41.01346477518634)	('>500', 14.624909834094735)	('>1k', 4.0965376292377975)	('>5k', 0.0)	('>10k+', 0.0)
ERR2836005_1	(1.0, 11.716064926668254)	(2.0, 4.097049715860755)	(3.0, 2.046823425324123)	(4.0, 1.2930887807533942)	(5.0, 0.8592234661585054)	(6.0, 0.5818899513390274)	(7.0, 0.5716813557015007)	(8.0, 0.5580698948514649)	(9.0, 0.3675094429509647)	('>10', 4.529213597849389)	('>50', 3.0846973151393473)	('>100', 41.01473440637016)	('>500', 17.91608534385953)	('>1k', 11.363868377173581)	('>5k', 0.0)	('>10k+', 0.0)
ERR2836005_2	(1.0, 8.918909721985912)	(2.0, 3.031952904345459)	(3.0, 1.3220131350597204)	(4.0, 0.7894647293020723)	(5.0, 0.4508796406574336)	(6.0, 0.4083438255010719)	(7.0, 0.25011059311940653)	(8.0, 0.16333753020042877)	(9.0, 0.15312893456290197)	('>10', 2.404124272637561)	('>50', 1.5261850478102563)	('>100', 26.458978459863204)	('>500', 29.81420355939701)	('>1k', 24.30836764555756)	('>5k', 0.0)	('>10k+', 0.0)
ERR2836006_1	(1.0, 10.624607868003363)	(2.0, 3.6443245985235815)	(3.0, 2.054437933013843)	(4.0, 1.334917435356623)	(5.0, 1.0946322969924311)	(6.0, 0.7128459104804368)	(7.0, 0.6821428094672345)	(8.0, 0.5126082951769433)	(9.0, 0.3964704783009171)	('>10', 6.566458864519229)	('>50', 5.106059190239084)	('>100', 25.53029595119542)	('>500', 17.29118554017434)	('>1k', 24.449012828556555)	('>5k', 0.0)	('>10k+', 0.0)
ERR2836006_2	(1.0, 8.738369531844455)	(2.0, 2.597749329203989)	(3.0, 1.5218058763065505)	(4.0, 1.073273618026725)	(5.0, 0.8142996355675401)	(6.0, 0.5366368090133625)	(7.0, 0.43918783623232904)	(8.0, 0.33105952396844257)	(9.0, 0.3123706798734498)	('>10', 3.9486857737848915)	('>50', 2.4709321728451092)	('>100', 1.2121050313038138)	('>500', 5.239550933774746)	('>1k', 63.74898212545554)	('>5k', 7.014991122799056)	('>10k+', 0.0)
ERR2836007_1	(1.0, 11.299937956893528)	(2.0, 4.450918507728413)	(3.0, 1.9664967225054626)	(4.0, 1.1005907582746621)	(5.0, 0.9441342289120876)	(6.0, 0.8092579104960751)	(7.0, 0.6420112756602196)	(8.0, 0.8632084378624801)	(9.0, 0.6554989075018208)	('>10', 26.157913193601466)	('>50', 13.762779531169917)	('>100', 37.347252569393866)	('>500', 0.0)	('>1k', 0.0)	('>5k', 0.0)	('>10k+', 0.0)
ERR2836007_2	(1.0, 11.264870114105365)	(2.0, 3.609290280812495)	(3.0, 1.5375900299425427)	(4.0, 1.1437511801677862)	(5.0, 0.6204310647136575)	(6.0, 0.5502953791373311)	(7.0, 0.6608939602384613)	(8.0, 0.53950527366405)	(9.0, 0.7283321194464676)	('>10', 14.083785169000027)	('>50', 10.490680046397454)	('>100', 39.15189770980012)	('>500', 12.017479970866715)	('>1k', 3.6011977017075343)	('>5k', 0.0)	('>10k+', 0.0)
ERR2836008_1	(1.0, 10.587337909992373)	(2.0, 4.371799062874578)	(3.0, 2.052958483164433)	(4.0, 1.2291598561621444)	(5.0, 1.0569903018415605)	(6.0, 0.9284079764628963)	(7.0, 0.6407322654462242)	(8.0, 0.6102212051868803)	(9.0, 0.8237986270022883)	('>10', 21.98321891685736)	('>50', 19.20453307180996)	('>100', 31.681377356434563)	('>500', 4.829464966764737)	('>1k', 0.0)	('>5k', 0.0)	('>10k+', 0.0)
ERR2836008_2	(1.0, 9.682902909447531)	(2.0, 3.107769423558897)	(3.0, 1.4253023864007845)	(4.0, 0.7845701209545604)	(5.0, 0.5121499400675602)	(6.0, 0.3661327231121282)	(7.0, 0.2898550724637681)	(8.0, 0.2789582652282881)	(9.0, 0.2942137953579601)	('>10', 7.5863571973411785)	('>50', 10.663615560640732)	('>100', 44.32603247248556)	('>500', 17.500272420180888)	('>1k', 3.1818677127601616)	('>5k', 0.0)	('>10k+', 0.0)
ERR2836009_1	(1.0, 10.56635268868487)	(2.0, 4.239895075712412)	(3.0, 2.010253964468821)	(4.0, 1.4117085966376535)	(5.0, 0.8107785859067604)	(6.0, 0.9300107308930488)	(7.0, 0.8680100155001789)	(8.0, 0.6295457255276022)	(9.0, 0.6867771551210206)	('>10', 18.6025992607607)	('>50', 13.05591987599857)	('>100', 39.255991415285564)	('>500', 6.932156909502801)	('>1k', 0.0)	('>5k', 0.0)	('>10k+', 0.0)
ERR2836009_2	(1.0, 9.703111958984142)	(2.0, 3.1715750566352687)	(3.0, 1.3664003815428638)	(4.0, 0.7058542983188267)	(5.0, 0.3934660784547514)	(6.0, 0.3433885775605103)	(7.0, 0.20031000357696435)	(8.0, 0.17169428878025514)	(9.0, 0.21461786097531896)	('>10', 4.52843686657923)	('>50', 5.451293668773101)	('>100', 28.88041015857875)	('>500', 19.947537856206033)	('>1k', 24.92190294503398)	('>5k', 0.0)	('>10k+', 0.0)
ERR2836010_1	(1.0, 10.11171960569551)	(2.0, 4.51697699890471)	(3.0, 1.8532311062431546)	(4.0, 1.1303395399780942)	(5.0, 0.8981380065717415)	(6.0, 1.0777656078860898)	(7.0, 0.7053669222343921)	(8.0, 0.9463307776560789)	(9.0, 0.5914567360350493)	('>10', 22.906900328587078)	('>50', 13.161007667031763)	('>100', 33.104052573932094)	('>500', 8.99671412924425)	('>1k', 0.0)	('>5k', 0.0)	('>10k+', 0.0)
ERR2836010_2	(1.0, 8.514786418400876)	(2.0, 2.99671412924425)	(3.0, 1.511500547645126)	(4.0, 0.9638554216867471)	(5.0, 0.6352683461117196)	(6.0, 0.4994523548740416)	(7.0, 0.30668127053669225)	(8.0, 0.24534501642935377)	(9.0, 0.15772179627601315)	('>10', 2.9660460021905806)	('>50', 2.56078860898138)	('>100', 1.2135815991237677)	('>500', 30.13800657174151)	('>1k', 47.29025191675794)	('>5k', 0.0)	('>10k+', 0.0)
ERR2836011_1	(1.0, 10.353098798513269)	(2.0, 4.585530296481978)	(3.0, 2.055060938715533)	(4.0, 1.3484311522171322)	(5.0, 0.972426311695047)	(6.0, 0.7649753652001037)	(7.0, 0.7563315757628144)	(8.0, 0.5704901028610943)	(9.0, 0.9335292592272452)	('>10', 22.860662114270898)	('>50', 10.90414037514046)	('>100', 36.351456478520184)	('>500', 7.543867231394243)	('>1k', 0.0)	('>5k', 0.0)	('>10k+', 0.0)
ERR2836011_2	(1.0, 10.376869219465814)	(2.0, 3.5612412481631948)	(3.0, 1.7049874665053157)	(4.0, 1.1928429423459244)	(5.0, 0.8211599965424843)	(6.0, 0.7909067335119717)	(7.0, 0.5899386290949953)	(8.0, 0.449477050739044)	(9.0, 0.44731610337972166)	('>10', 12.384389316276255)	('>50', 9.717780274872505)	('>100', 28.749243668424235)	('>500', 12.544299420866109)	('>1k', 16.66954792981243)	('>5k', 0.0)	('>10k+', 0.0)
ERR2836012_1	(1.0, 9.845835982199619)	(2.0, 4.056738715829625)	(3.0, 2.008502860775588)	(4.0, 1.2635092180546725)	(5.0, 0.913858868404323)	(6.0, 0.6675143038779402)	(7.0, 0.5284488239033693)	(8.0, 0.7469802924348379)	(9.0, 0.5721551176096631)	('>10', 15.388588684043231)	('>50', 15.313095994914178)	('>100', 36.7212333121424)	('>500', 9.738556897647808)	('>1k', 2.2349809281627464)	('>5k', 0.0)	('>10k+', 0.0)
ERR2836012_2	(1.0, 9.44055944055944)	(2.0, 2.964081373172282)	(3.0, 1.6628258105530833)	(4.0, 0.9535918626827717)	(5.0, 0.5165289256198348)	(6.0, 0.3218372536554355)	(7.0, 0.2781309599491417)	(8.0, 0.23839796567069294)	(9.0, 0.23243801652892562)	('>10', 4.934837889383344)	('>50', 4.352749523204069)	('>100', 30.659965034965037)	('>500', 27.761443102352196)	('>1k', 15.68261284170375)	('>5k', 0.0)	('>10k+', 0.0)
ERR2836013_1	(1.0, 9.076509451657948)	(2.0, 3.959900794064317)	(3.0, 2.0007919801588128)	(4.0, 1.250494987599258)	(5.0, 0.9274504491361163)	(6.0, 0.5877326441716513)	(7.0, 0.46685146203705635)	(8.0, 0.8169900585648485)	(9.0, 0.5439653196056773)	('>10', 12.248598403534732)	('>50', 10.331172755882537)	('>100', 46.24955711635856)	('>500', 11.539984577228486)	('>1k', 0.0)	('>5k', 0.0)	('>10k+', 0.0)
ERR2836013_2	(1.0, 8.705529272003501)	(2.0, 2.621871157333111)	(3.0, 1.1754652883433026)	(4.0, 0.7252870928075696)	(5.0, 0.343886121589796)	(6.0, 0.28761384714782934)	(7.0, 0.20424751464121213)	(8.0, 0.11671286550926409)	(9.0, 0.15005939851191097)	('>10', 2.844876096788312)	('>50', 1.8549008982722326)	('>100', 31.61251328650924)	('>500', 22.736083032867178)	('>1k', 26.62095412767554)	('>5k', 0.0)	('>10k+', 0.0)
ERR2836014_1	(1.0, 10.247271518531514)	(2.0, 4.443131244113682)	(3.0, 1.8947018522280292)	(4.0, 1.130173034662333)	(5.0, 0.9141105427415929)	(6.0, 0.5872467729127809)	(7.0, 0.5299994459936105)	(8.0, 0.7239016823327362)	(9.0, 0.531846133958745)	('>10', 15.774408598179166)	('>50', 12.027478716921202)	('>100', 43.025982899669444)	('>500', 8.169747557755166)	('>1k', 0.0)	('>5k', 0.0)	('>10k+', 0.0)
ERR2836014_2	(1.0, 10.503961145685214)	(2.0, 2.895606729330945)	(3.0, 1.7949807021107644)	(4.0, 1.2040405532677145)	(5.0, 0.775608945356503)	(6.0, 0.44320511163228754)	(7.0, 0.413658104190135)	(8.0, 0.4875256227955162)	(9.0, 0.3324038337242156)	('>10', 2.770031947701797)	('>50', 2.6130634706653617)	('>100', 1.9796494986242177)	('>500', 21.626562759690497)	('>1k', 52.15970157522484)	('>5k', 0.0)	('>10k+', 0.0)
ERR2836015_1	(1.0, 8.046146534913065)	(2.0, 3.9624403913278603)	(3.0, 1.8140701047146157)	(4.0, 1.0356750733330056)	(5.0, 0.5899414974681678)	(6.0, 0.6194385723415762)	(7.0, 0.35560362486275665)	(8.0, 0.380184520590597)	(9.0, 0.25072513642397126)	('>10', 11.302295855660981)	('>50', 9.686511643150943)	('>100', 49.79433983907707)	('>500', 10.386247808203464)	('>1k', 1.7763793979319271)	('>5k', 0.0)	('>10k+', 0.0)
ERR2836015_2	(1.0, 10.591088605935466)	(2.0, 3.343001818986284)	(3.0, 1.7944053881323436)	(4.0, 1.07500450649755)	(5.0, 0.7865886632908903)	(6.0, 0.4817855562656704)	(7.0, 0.5161988102846468)	(8.0, 0.28841584320665975)	(9.0, 0.2212280615505629)	('>10', 4.814578109892991)	('>50', 2.4925028268030087)	('>100', 33.94457827376563)	('>500', 27.782967077986985)	('>1k', 11.867656457401306)	('>5k', 0.0)	('>10k+', 0.0)
ERR2836016_1	(1.0, 8.345463367297429)	(2.0, 4.12923087219127)	(3.0, 1.9876524619786178)	(4.0, 1.2046378557446167)	(5.0, 0.9202094731382489)	(6.0, 0.7127440646488983)	(7.0, 0.6090113604042229)	(8.0, 0.535394602553163)	(9.0, 0.5270290618882698)	('>10', 16.89504592681825)	('>50', 11.98280044839298)	('>100', 37.10117284880122)	('>500', 13.195803844802489)	('>1k', 1.853803811340327)	('>5k', 0.0)	('>10k+', 0.0)
ERR2836016_2	(1.0, 8.730278237882514)	(2.0, 3.132058424936004)	(3.0, 1.5760678612658736)	(4.0, 0.9503254195318644)	(5.0, 0.6190500092020947)	(6.0, 0.36139135672338507)	(7.0, 0.42162324951061586)	(8.0, 0.28108216634041056)	(9.0, 0.21081162475530793)	('>10', 5.947899412739045)	('>50', 7.43696565109003)	('>100', 26.185815389248607)	('>500', 17.353477555254397)	('>1k', 26.79315364151985)	('>5k', 0.0)	('>10k+', 0.0)
ERR2836017_1	(1.0, 9.85613243698951)	(2.0, 4.397048196728491)	(3.0, 2.1547287976000176)	(4.0, 1.1124006394113912)	(5.0, 0.9415989664309019)	(6.0, 0.8014540039853724)	(7.0, 0.7664177633739899)	(8.0, 0.6306523310048832)	(9.0, 0.5715286749731754)	('>10', 22.460419996934327)	('>50', 13.618148772636696)	('>100', 36.30192480346859)	('>500', 6.3875446164626535)	('>1k', 0.0)	('>5k', 0.0)	('>10k+', 0.0)
ERR2836017_2	(1.0, 10.18459719272122)	(2.0, 2.978080451967504)	(3.0, 1.4518142203341582)	(4.0, 0.8408697746731775)	(5.0, 0.459850658024394)	(6.0, 0.3416033459609784)	(7.0, 0.229925329012197)	(8.0, 0.3328442858081328)	(9.0, 0.1773709680951234)	('>10', 5.916745133247202)	('>50', 7.710162699542339)	('>100', 17.31228239209933)	('>500', 26.531193202969323)	('>1k', 25.532660345544922)	('>5k', 0.0)	('>10k+', 0.0)
ERR2836018_1	(1.0, 8.550366086055297)	(2.0, 4.135602286784127)	(3.0, 1.9758617231118987)	(4.0, 0.9829159840861221)	(5.0, 0.6770084584266658)	(6.0, 0.6419043161378757)	(7.0, 0.5031593728059911)	(8.0, 0.3744441844137608)	(9.0, 0.37611581023703655)	('>10', 12.072481695697235)	('>50', 11.532546554779179)	('>100', 54.12390090602119)	('>500', 4.0536926214436155)	('>1k', 0.0)	('>5k', 0.0)	('>10k+', 0.0)
ERR2836018_2	(1.0, 9.712146033231923)	(2.0, 3.1861188191635184)	(3.0, 1.6097756678145163)	(4.0, 1.1634515729998998)	(5.0, 0.5934271672628799)	(6.0, 0.47139848216375246)	(7.0, 0.33934004212497076)	(8.0, 0.28083313831032064)	(9.0, 0.195580221323259)	('>10', 1.5445822607067634)	('>50', 0.09695429774999165)	('>100', 10.201932399451707)	('>500', 34.692922336264246)	('>1k', 35.91153756143225)	('>5k', 0.0)	('>10k+', 0.0)
ERR2836019_1	(1.0, 8.05958075407991)	(2.0, 3.963843556555993)	(3.0, 1.730444569499156)	(4.0, 0.9496342149690489)	(5.0, 0.685846933033202)	(6.0, 0.5381260551491278)	(7.0, 0.3693021947101857)	(8.0, 0.18289251547552052)	(9.0, 0.2848902644907147)	('>10', 11.589054586381542)	('>50', 13.398635340461452)	('>100', 42.03010692177828)	('>500', 10.055571187394484)	('>1k', 6.162070906021384)	('>5k', 0.0)	('>10k+', 0.0)
ERR2836019_2	(1.0, 9.629994372537984)	(2.0, 3.1935846933033205)	(3.0, 1.7832020258863255)	(4.0, 1.0481148002250984)	(5.0, 0.7913618458075409)	(6.0, 0.5592290377039955)	(7.0, 0.49240292628024757)	(8.0, 0.3095104108047271)	(9.0, 0.41150815981992117)	('>10', 5.669667979741137)	('>50', 3.9163618458075407)	('>100', 25.9338069780529)	('>500', 22.11064997186269)	('>1k', 24.150604952166574)	('>5k', 0.0)	('>10k+', 0.0)
ERR2836020_1	(1.0, 8.464748448806713)	(2.0, 3.9197911945360486)	(3.0, 1.7911007611396776)	(4.0, 1.0065173561727334)	(5.0, 0.6642389384680306)	(6.0, 0.6564243627213479)	(7.0, 0.5032586780863667)	(8.0, 0.3000797086726162)	(9.0, 0.26725849053654877)	('>10', 10.037041089039276)	('>50', 11.865651813763032)	('>100', 49.79603957301158)	('>500', 10.727849585046027)	('>1k', 0.0)	('>5k', 0.0)	('>10k+', 0.0)
ERR2836020_2	(1.0, 9.771345513652063)	(2.0, 3.2196052076332777)	(3.0, 1.673882124939437)	(4.0, 0.9877623743806949)	(5.0, 0.6407952112279824)	(6.0, 0.35634465404873167)	(7.0, 0.37197380554209714)	(8.0, 0.3625963146460779)	(9.0, 0.21099354516043323)	('>10', 3.8166387946798364)	('>50', 2.1130612819030055)	('>100', 25.73808667927418)	('>500', 23.339011925042588)	('>1k', 27.397902567869593)	('>5k', 0.0)	('>10k+', 0.0)
ERR2836021_1	(1.0, 9.527829829293907)	(2.0, 4.966744229145646)	(3.0, 2.3412886353808458)	(4.0, 1.4002429833412269)	(5.0, 0.8442641517204456)	(6.0, 0.8895661305932501)	(7.0, 0.7639560982641106)	(8.0, 0.8401457900047361)	(9.0, 0.8154356197104793)	('>10', 21.63993163519552)	('>50', 13.957127854539465)	('>100', 34.01972695261825)	('>500', 7.993740090192121)	('>1k', 0.0)	('>5k', 0.0)	('>10k+', 0.0)
ERR2836021_2	(1.0, 9.404278977822623)	(2.0, 2.7881308815353254)	(3.0, 1.5011428453761093)	(4.0, 0.8483825134361552)	(5.0, 0.5868665444886024)	(6.0, 0.3953627247081111)	(7.0, 0.1729711920597986)	(8.0, 0.1317875749027037)	(9.0, 0.20385890492761982)	('>10', 5.530959784197846)	('>50', 7.907254494162222)	('>100', 16.652595597471326)	('>500', 27.48182772892943)	('>1k', 26.394580235982122)	('>5k', 0.0)	('>10k+', 0.0)
ERR2836022_1	(1.0, 10.388691063537689)	(2.0, 4.8822343300870905)	(3.0, 2.226607748080141)	(4.0, 1.6216911922433395)	(5.0, 0.9867433180316616)	(6.0, 0.8494572911750826)	(7.0, 0.825861255309108)	(8.0, 0.6349478742116779)	(9.0, 0.7336222060148441)	('>10', 24.524861641426057)	('>50', 19.799219185722254)	('>100', 31.417049208460252)	('>500', 1.1090136857008022)	('>1k', 0.0)	('>5k', 0.0)	('>10k+', 0.0)
ERR2836022_2	(1.0, 12.38148354712772)	(2.0, 3.0760650392552233)	(3.0, 1.6345617572611437)	(4.0, 1.149770474923849)	(5.0, 0.7293320176755759)	(6.0, 0.5663048607833885)	(7.0, 0.4805010939980265)	(8.0, 0.29173280707023036)	(9.0, 0.3475052554807156)	('>10', 3.595177828306663)	('>50', 1.503711012913467)	('>100', 0.3861169505341285)	('>500', 29.340598052254496)	('>1k', 44.51713930241537)	('>5k', 0.0)	('>10k+', 0.0)
ERR2836023_1	(1.0, 8.890008322747383)	(2.0, 3.407946033553813)	(3.0, 1.9777476017346358)	(4.0, 1.3141180077971002)	(5.0, 0.854176705068115)	(6.0, 0.6044942835866661)	(7.0, 0.551929563274782)	(8.0, 0.5256472031188401)	(9.0, 0.31538832187130406)	('>10', 8.355600332909894)	('>50', 6.682290069648254)	('>100', 26.81676814577949)	('>500', 19.68767795348022)	('>1k', 20.016207455429498)	('>5k', 0.0)	('>10k+', 0.0)
ERR2836023_2	(1.0, 10.843663761005738)	(2.0, 3.5218362608962286)	(3.0, 1.8594769810328968)	(4.0, 1.0162512593630908)	(5.0, 0.6242060537036226)	(6.0, 0.48622366288492713)	(7.0, 0.5825923167900477)	(8.0, 0.42051776249507206)	(9.0, 0.21682947128652155)	('>10', 10.819571597529459)	('>50', 9.133120154189847)	('>100', 31.16430855490823)	('>500', 21.630382408340267)	('>1k', 7.6810197555740505)	('>5k', 0.0)	('>10k+', 0.0)
ERR2836024_1	(1.0, 8.589526071711346)	(2.0, 3.605926931342608)	(3.0, 1.67628096369189)	(4.0, 1.2125325189458205)	(5.0, 0.7465218866644044)	(6.0, 0.7058025110281643)	(7.0, 0.4117181314330958)	(8.0, 0.4343400067865626)	(9.0, 0.3664743807261622)	('>10', 6.162198846284357)	('>50', 3.4882931795045806)	('>100', 36.672322135505034)	('>500', 19.22859405044678)	('>1k', 16.699468385929194)	('>5k', 0.0)	('>10k+', 0.0)
ERR2836024_2	(1.0, 9.191267956113562)	(2.0, 3.008709422011085)	(3.0, 1.5405497115710893)	(4.0, 0.6424612600384572)	(5.0, 0.44112656939260264)	(6.0, 0.3664743807261622)	(7.0, 0.2850356294536817)	(8.0, 0.23526750367605476)	(9.0, 0.12215812690872074)	('>10', 4.98812351543943)	('>50', 2.863929419748897)	('>100', 48.61893450967085)	('>500', 21.633299400520304)	('>1k', 6.062662594729104)	('>5k', 0.0)	('>10k+', 0.0)
ERR2836025_1	(1.0, 9.299983606173447)	(2.0, 3.4708072788589894)	(3.0, 1.889974004075037)	(4.0, 1.1147802056254243)	(5.0, 0.7494320710086887)	(6.0, 0.6744888639078198)	(7.0, 0.5737839293660273)	(8.0, 0.37471603550434435)	(9.0, 0.2950888779596712)	('>10', 5.733155343216469)	('>50', 6.61608000187358)	('>100', 33.50195554931029)	('>500', 20.122251106583292)	('>1k', 15.583503126536922)	('>5k', 0.0)	('>10k+', 0.0)
ERR2836025_2	(1.0, 9.412398416824749)	(2.0, 2.679219653856062)	(3.0, 1.5386777207897142)	(4.0, 0.815007377221949)	(5.0, 0.43326541605189817)	(6.0, 0.4356073912738003)	(7.0, 0.2623012248530411)	(8.0, 0.16862221597695495)	(9.0, 0.16862221597695495)	('>10', 3.072671491135624)	('>50', 2.3419752219021523)	('>100', 28.134148340710556)	('>500', 24.838989203494226)	('>1k', 25.69849410993232)	('>5k', 0.0)	('>10k+', 0.0)
ERR2836026_1	(1.0, 8.96350972034515)	(2.0, 3.63863187441522)	(3.0, 1.9024846657656722)	(4.0, 1.1061440898222268)	(5.0, 0.7589146480923172)	(6.0, 0.5863395363343382)	(7.0, 0.6258446823994178)	(8.0, 0.2827736770974114)	(9.0, 0.3368333506601518)	('>10', 5.102401497037114)	('>50', 4.769726582804865)	('>100', 35.6565131510552)	('>500', 21.436739785840526)	('>1k', 14.833142738330388)	('>5k', 0.0)	('>10k+', 0.0)
ERR2836026_2	(1.0, 9.117371868177566)	(2.0, 3.1812038673458782)	(3.0, 1.553176005821811)	(4.0, 1.0063416155525522)	(5.0, 0.6237654641854663)	(6.0, 0.3493086599438611)	(7.0, 0.2765360224555567)	(8.0, 0.14970371140451189)	(9.0, 0.20584260318120387)	('>10', 0.8732716498596529)	('>50', 0.5114876806320824)	('>100', 17.694147000727725)	('>500', 38.98326229337769)	('>1k', 25.474581557334442)	('>5k', 0.0)	('>10k+', 0.0)
ERR2836027_1	(1.0, 8.596229428949746)	(2.0, 3.59822610815696)	(3.0, 1.9420332499632191)	(4.0, 1.176989848462557)	(5.0, 1.0298661174047374)	(6.0, 0.6809726980390509)	(7.0, 0.5296454318081506)	(8.0, 0.38672523592341157)	(9.0, 0.4350658904138381)	('>10', 10.595010403749553)	('>50', 8.449105697891927)	('>100', 24.391012841799952)	('>500', 13.737152945627273)	('>1k', 24.451964101809622)	('>5k', 0.0)	('>10k+', 0.0)
ERR2836027_2	(1.0, 10.023329620210596)	(2.0, 3.8126064019840684)	(3.0, 1.7717900754534566)	(4.0, 1.092919145000946)	(5.0, 0.8827423863469177)	(6.0, 0.49181361525042555)	(7.0, 0.6179196704428425)	(8.0, 0.36991109523108934)	(9.0, 0.37831816557725045)	('>10', 10.452090207864813)	('>50', 10.048550831249079)	('>100', 34.11378969713529)	('>500', 19.592677441728494)	('>1k', 6.351541646524728)	('>5k', 0.0)	('>10k+', 0.0)
ERR2836028_1	(1.0, 9.384348580099717)	(2.0, 3.3210492087578585)	(3.0, 1.612833297203555)	(4.0, 1.0838933448948622)	(5.0, 0.8887925428137872)	(6.0, 0.5072620854107956)	(7.0, 0.44006069802731407)	(8.0, 0.5029265120312161)	(9.0, 0.5657923260351181)	('>10', 9.635811836115327)	('>50', 8.406676783004553)	('>100', 29.78538911771082)	('>500', 16.709299804899196)	('>1k', 17.155863862995883)	('>5k', 0.0)	('>10k+', 0.0)
ERR2836028_2	(1.0, 10.442228484717104)	(2.0, 3.260351181443746)	(3.0, 1.2616518534576198)	(4.0, 0.6416648601777585)	(5.0, 0.42271840450899634)	(6.0, 0.3511814437459354)	(7.0, 0.2731411229135053)	(8.0, 0.3121612833297204)	(9.0, 0.39020160416215044)	('>10', 5.376110990678517)	('>50', 6.392802948189898)	('>100', 53.38391502276176)	('>500', 14.810318664643399)	('>1k', 2.6815521352698894)	('>5k', 0.0)	('>10k+', 0.0)
ERR2836029_1	(1.0, 9.237048665620094)	(2.0, 3.43694400837258)	(3.0, 1.7833594976452118)	(4.0, 1.1554160125588697)	(5.0, 0.9523809523809524)	(6.0, 0.803767660910518)	(7.0, 0.6007326007326007)	(8.0, 0.5860805860805861)	(9.0, 0.3579277864992151)	('>10', 5.913134484563056)	('>50', 4.517006802721089)	('>100', 40.02930402930403)	('>500', 16.102564102564102)	('>1k', 14.524332810047097)	('>5k', 0.0)	('>10k+', 0.0)
ERR2836029_2	(1.0, 8.791208791208792)	(2.0, 2.7713239141810573)	(3.0, 1.2747252747252749)	(4.0, 0.7451596023024595)	(5.0, 0.3663003663003663)	(6.0, 0.27629513343799056)	(7.0, 0.1758241758241758)	(8.0, 0.18419675562532706)	(9.0, 0.18838304552590265)	('>10', 2.8194662480376764)	('>50', 4.460491889063318)	('>100', 26.733647305075873)	('>500', 32.79958137100994)	('>1k', 18.413396127681843)	('>5k', 0.0)	('>10k+', 0.0)
ERR2836030_1	(1.0, 8.96734227461358)	(2.0, 3.3800445059240993)	(3.0, 1.8945089312563903)	(4.0, 1.2028628134961208)	(5.0, 0.8219562558890158)	(6.0, 0.6495459192879053)	(7.0, 0.561335979631523)	(8.0, 0.44906878370521836)	(9.0, 0.5954170926805797)	('>10', 4.847537138389367)	('>50', 4.047633367414447)	('>100', 35.88941681201259)	('>500', 20.957879753814076)	('>1k', 15.735450371885088)	('>5k', 0.0)	('>10k+', 0.0)
ERR2836030_2	(1.0, 11.006194743489504)	(2.0, 3.0472524608568397)	(3.0, 1.6659649966921275)	(4.0, 0.8420039694472845)	(5.0, 0.6315029770854634)	(6.0, 0.5052023816683707)	(7.0, 0.3087347887973377)	(8.0, 0.20849622100599427)	(9.0, 0.10825765321465088)	('>10', 1.6459172831338587)	('>50', 0.14033399490788076)	('>100', 21.28866702752551)	('>500', 25.20198071409956)	('>1k', 33.39949078807562)	('>5k', 0.0)	('>10k+', 0.0)
ERR2836031_1	(1.0, 13.456478265445742)	(2.0, 4.162719713714346)	(3.0, 2.4234291127249765)	(4.0, 1.4103778549626356)	(5.0, 0.8814861593516472)	(6.0, 0.8525418377012947)	(7.0, 0.6815072097673929)	(8.0, 0.5052099778970635)	(9.0, 0.4025892011367225)	('>10', 11.13040732554468)	('>50', 5.446795074202716)	('>100', 29.04167982317651)	('>500', 20.450478896958217)	('>1k', 9.154299547416061)	('>5k', 0.0)	('>10k+', 0.0)
ERR2836031_2	(1.0, 11.65403641721924)	(2.0, 3.3943795389958953)	(3.0, 1.5945689927376068)	(4.0, 1.1682980738869593)	(5.0, 0.6841385117356068)	(6.0, 0.5841490369434796)	(7.0, 0.9393748026523523)	(8.0, 0.6736133038627513)	(9.0, 0.3789074834227976)	('>10', 13.953794337438163)	('>50', 10.501526155141564)	('>100', 34.72002947058204)	('>500', 13.28544363751184)	('>1k', 6.467740237869698)	('>5k', 0.0)	('>10k+', 0.0)
ERR2836032_1	(1.0, 12.068615696762889)	(2.0, 3.563589412524209)	(3.0, 2.285345384118786)	(4.0, 1.4239601586276862)	(5.0, 0.9960343078483815)	(6.0, 0.8964308770635433)	(7.0, 0.684312459651388)	(8.0, 0.693534999538873)	(9.0, 0.4316148667342986)	('>10', 8.414645393341326)	('>50', 6.531402748316887)	('>100', 20.78576039841372)	('>500', 19.171815918103846)	('>1k', 22.052937378954162)	('>5k', 0.0)	('>10k+', 0.0)
ERR2836032_2	(1.0, 9.200405791755049)	(2.0, 2.807341141750438)	(3.0, 1.2229087890805128)	(4.0, 0.7894494143687172)	(5.0, 0.5349073134741308)	(6.0, 0.37627962740938853)	(7.0, 0.38734667527437056)	(8.0, 0.3393894678594485)	(9.0, 0.1328045743797842)	('>10', 8.783546988840726)	('>50', 6.89845983583879)	('>100', 31.946878170248088)	('>500', 17.152079682744628)	('>1k', 19.42820252697593)	('>5k', 0.0)	('>10k+', 0.0)
ERR2836033_1	(1.0, 13.964559640306797)	(2.0, 4.07299656175615)	(3.0, 2.233841271132993)	(4.0, 1.4729518035521738)	(5.0, 1.057921184871727)	(6.0, 0.8666815860679917)	(7.0, 0.7263035826907819)	(8.0, 0.48827131609464325)	(9.0, 0.6774764510813176)	('>10', 9.859011657477671)	('>50', 6.093219132097736)	('>100', 24.798079466156693)	('>500', 20.541981160865053)	('>1k', 13.14670518584827)	('>5k', 0.0)	('>10k+', 0.0)
ERR2836033_2	(1.0, 9.360568022297723)	(2.0, 3.0110064492503)	(3.0, 1.4526071653815638)	(4.0, 0.9195776453115782)	(5.0, 0.6612007405448295)	(6.0, 0.41503061868044683)	(7.0, 0.22785994751083352)	(8.0, 0.19530852643785732)	(9.0, 0.14648139482839298)	('>10', 5.645637092344312)	('>50', 5.051573657762496)	('>100', 10.868105710739934)	('>500', 27.117368217606252)	('>1k', 34.92767481130348)	('>5k', 0.0)	('>10k+', 0.0)
ERR2836034_1	(1.0, 60.0)	(2.0, 11.428571428571429)	(3.0, 10.0)	(4.0, 1.9047619047619049)	(5.0, 2.380952380952381)	(6.0, 5.714285714285714)	(7.0, 0.0)	(8.0, 0.0)	(9.0, 8.571428571428571)	('>10', 0.0)	('>50', 0.0)	('>100', 0.0)	('>500', 0.0)	('>1k', 0.0)	('>5k', 0.0)	('>10k+', 0.0)
ERR2836034_2	(1.0, 96.19047619047619)	(2.0, 3.8095238095238098)	(3.0, 0.0)	(4.0, 0.0)	(5.0, 0.0)	(6.0, 0.0)	(7.0, 0.0)	(8.0, 0.0)	(9.0, 0.0)	('>10', 0.0)	('>50', 0.0)	('>100', 0.0)	('>500', 0.0)	('>1k', 0.0)	('>5k', 0.0)	('>10k+', 0.0)
ERR2836035_1	(1.0, 13.118889940081994)	(2.0, 4.3158985448484035)	(3.0, 2.3111231247465875)	(4.0, 1.2974726314366807)	(5.0, 0.9685993602739109)	(6.0, 0.7974050547371266)	(7.0, 0.7253232418795332)	(8.0, 0.5045726900031535)	(9.0, 0.6892823354507366)	('>10', 8.532684597017614)	('>50', 6.73289183222958)	('>100', 26.59593638780015)	('>500', 16.653151326755868)	('>1k', 16.75676893273866)	('>5k', 0.0)	('>10k+', 0.0)
ERR2836035_2	(1.0, 9.965310627562284)	(2.0, 3.459927017164482)	(3.0, 1.7569941884038383)	(4.0, 1.0181556066135065)	(5.0, 0.7095553453169348)	(6.0, 0.7298283551831329)	(7.0, 0.44150110375275936)	(8.0, 0.3964499707167635)	(9.0, 0.4257332071901609)	('>10', 11.283056268865161)	('>50', 7.415416497724918)	('>100', 34.67585709780601)	('>500', 21.056899581024464)	('>1k', 6.665315132675587)	('>5k', 0.0)	('>10k+', 0.0)
ERR2836036_1	(1.0, 14.848401323042998)	(2.0, 4.206174200661521)	(3.0, 2.290518191841235)	(4.0, 1.3891951488423375)	(5.0, 1.2127894156560088)	(6.0, 0.6780595369349504)	(7.0, 0.5209481808158765)	(8.0, 0.6835722160970231)	(9.0, 0.3472987872105844)	('>10', 9.476295479603088)	('>50', 10.283902976846747)	('>100', 34.49007717750827)	('>500', 14.920066152149944)	('>1k', 4.652701212789415)	('>5k', 0.0)	('>10k+', 0.0)
ERR2836036_2	(1.0, 10.554024255788313)	(2.0, 2.9492833517089303)	(3.0, 0.9426681367144432)	(4.0, 0.7717750826901874)	(5.0, 0.6615214994487321)	(6.0, 0.31422271223814774)	(7.0, 0.40518191841234835)	(8.0, 0.33076074972436603)	(9.0, 0.272877618522602)	('>10', 8.202866593164277)	('>50', 7.941014332965822)	('>100', 46.30926130099228)	('>500', 16.397464167585447)	('>1k', 3.9470782800441016)	('>5k', 0.0)	('>10k+', 0.0)
ERR2836037_1	(1.0, 14.255857696862737)	(2.0, 4.203144230545944)	(3.0, 2.250191579778464)	(4.0, 1.6069479599656318)	(5.0, 0.9520934444883078)	(6.0, 0.6966537398694935)	(7.0, 0.6176996493509509)	(8.0, 0.7245198894642733)	(9.0, 0.6060887536864593)	('>10', 9.976081554931147)	('>50', 7.221977103313749)	('>100', 30.499500731486428)	('>500', 15.632909922671434)	('>1k', 10.75633374358498)	('>5k', 0.0)	('>10k+', 0.0)
ERR2836037_2	(1.0, 9.64168775979379)	(2.0, 2.935234423983466)	(3.0, 1.3515082553468176)	(4.0, 0.71523117293268)	(5.0, 0.45282493091517084)	(6.0, 0.3343937951373569)	(7.0, 0.21131830109374639)	(8.0, 0.2415066298214244)	(9.0, 0.06269883658825443)	('>10', 4.971785523535285)	('>50', 4.49806098042403)	('>100', 28.400250795346356)	('>500', 18.106030699208137)	('>1k', 28.077467895873486)	('>5k', 0.0)	('>10k+', 0.0)
ERR2836038_1	(1.0, 13.407674990838176)	(2.0, 4.156850426679232)	(3.0, 2.151719805245799)	(4.0, 1.4973038060834511)	(5.0, 1.099418878592744)	(6.0, 1.0051829747133658)	(7.0, 0.7512695670383749)	(8.0, 0.7538872310350243)	(9.0, 0.6360923511858018)	('>10', 10.711481074289305)	('>50', 4.9290613056908015)	('>100', 28.888539867022665)	('>500', 17.930998377048322)	('>1k', 12.080519344536937)	('>5k', 0.0)	('>10k+', 0.0)
ERR2836038_2	(1.0, 10.77168734621224)	(2.0, 2.670017276582378)	(3.0, 1.5784513899795822)	(4.0, 0.9633003507669756)	(5.0, 0.4450028794303963)	(6.0, 0.45547353541699387)	(7.0, 0.2382074236950945)	(8.0, 0.29317836762473165)	(9.0, 0.07067692790953353)	('>10', 3.0679022040730852)	('>50', 1.193654782472122)	('>100', 0.3978849274907073)	('>500', 34.74425422752736)	('>1k', 43.110308360818806)	('>5k', 0.0)	('>10k+', 0.0)
ERR2836039_1	(1.0, 8.903820148749155)	(2.0, 4.014536849222448)	(3.0, 2.0368492224476)	(4.0, 1.2677484787018256)	(5.0, 1.0705431597926527)	(6.0, 0.8958755916159568)	(7.0, 0.7592404778003156)	(8.0, 0.5747126436781609)	(9.0, 0.6719066937119675)	('>10', 17.421681316204644)	('>50', 14.724194275411314)	('>100', 29.14835474419653)	('>500', 6.437345052963714)	('>1k', 12.073191345503718)	('>5k', 0.0)	('>10k+', 0.0)
ERR2836039_2	(1.0, 9.906750056344377)	(2.0, 3.115844038764931)	(3.0, 1.6607505070993913)	(4.0, 0.7888212756366914)	(5.0, 0.8451656524678837)	(6.0, 0.5916159567275185)	(7.0, 0.4930132972729322)	(8.0, 0.3944106378183457)	(9.0, 0.2789046653144016)	('>10', 8.971433400946585)	('>50', 8.839024115393283)	('>100', 35.2603110209601)	('>500', 17.23011043497859)	('>1k', 11.62384494027496)	('>5k', 0.0)	('>10k+', 0.0)
ERR2836040_1	(1.0, 8.743218401111957)	(2.0, 4.229625311990913)	(3.0, 2.0086983813836703)	(4.0, 1.1836972604582343)	(5.0, 0.8369576589098626)	(6.0, 0.7084248755772766)	(7.0, 0.6172562734460237)	(8.0, 0.4543484434082112)	(9.0, 0.45733757790431784)	('>10', 17.180050516372987)	('>50', 9.176642903047423)	('>100', 32.615941054267736)	('>500', 15.595809233436459)	('>1k', 6.19199210868493)	('>5k', 0.0)	('>10k+', 0.0)
ERR2836040_2	(1.0, 8.164820876115321)	(2.0, 3.0578845895171054)	(3.0, 1.5244585930143928)	(4.0, 0.7711966999955163)	(5.0, 0.6351910804226636)	(6.0, 0.46630498139263776)	(7.0, 0.34524503430031833)	(8.0, 0.2510872976729588)	(9.0, 0.1883154732547191)	('>10', 5.606121747448026)	('>50', 7.453406866041938)	('>100', 21.877475377004586)	('>500', 19.399482879732176)	('>1k', 30.259008504087642)	('>5k', 0.0)	('>10k+', 0.0)
ERR2836041_1	(1.0, 9.353148635149736)	(2.0, 4.4686359651805185)	(3.0, 2.1894685340346154)	(4.0, 1.4596456893564103)	(5.0, 1.1314292703810165)	(6.0, 0.7705950706378815)	(7.0, 0.7991356288096548)	(8.0, 0.7665178480419138)	(9.0, 0.6238150571830469)	('>10', 17.23034269055919)	('>50', 11.40806882351742)	('>100', 31.415000101930563)	('>500', 12.115466943917804)	('>1k', 6.268729741300226)	('>5k', 0.0)	('>10k+', 0.0)
ERR2836041_2	(1.0, 8.763989970032414)	(2.0, 2.568650235459605)	(3.0, 1.4922634701241515)	(4.0, 0.9785334230322305)	(5.0, 0.47907365502619614)	(6.0, 0.4281083725766008)	(7.0, 0.25686502354596047)	(8.0, 0.35879558844515114)	(9.0, 0.25686502354596047)	('>10', 5.104682690151469)	('>50', 5.333007155525657)	('>100', 17.23034269055919)	('>500', 21.595009479542533)	('>1k', 35.15381322243288)	('>5k', 0.0)	('>10k+', 0.0)
ERR2836042_1	(1.0, 7.327608639084049)	(2.0, 3.8615664845173043)	(3.0, 1.9984387197501952)	(4.0, 1.4155607598230548)	(5.0, 1.014832162373146)	(6.0, 0.624512099921936)	(7.0, 0.5282331511839709)	(8.0, 0.4371584699453552)	(9.0, 0.3044496487119438)	('>10', 4.335154826958106)	('>50', 3.6325787145459274)	('>100', 33.37496747332813)	('>500', 26.749934946656257)	('>1k', 14.395003903200623)	('>5k', 0.0)	('>10k+', 0.0)
ERR2836042_2	(1.0, 8.214936247723132)	(2.0, 2.596929482175384)	(3.0, 1.795472287275566)	(4.0, 1.1345303148581838)	(5.0, 0.8456934686442883)	(6.0, 0.5152224824355972)	(7.0, 0.4189435336976321)	(8.0, 0.27062190996617225)	(9.0, 0.4215456674473068)	('>10', 2.2404371584699456)	('>50', 0.0)	('>100', 10.14311735623211)	('>500', 6.109810044236274)	('>1k', 65.2927400468384)	('>5k', 0.0)	('>10k+', 0.0)
ERR2836043_1	(1.0, 8.46161075086928)	(2.0, 4.172540174795602)	(3.0, 2.1482943332393574)	(4.0, 1.300629640071422)	(5.0, 0.9585565266422329)	(6.0, 0.530025373555117)	(7.0, 0.5262663283525985)	(8.0, 0.49619396673245)	(9.0, 0.28756695799266985)	('>10', 7.931585377314162)	('>50', 8.724743915045579)	('>100', 41.32882247909031)	('>500', 17.451367352692415)	('>1k', 5.6817968236068035)	('>5k', 0.0)	('>10k+', 0.0)
ERR2836043_2	(1.0, 9.181467907151584)	(2.0, 3.172634150925665)	(3.0, 1.9678601635184663)	(4.0, 1.2179306456160135)	(5.0, 0.6578329104407481)	(6.0, 0.5413025091626728)	(7.0, 0.38154308805563386)	(8.0, 0.2706512545813364)	(9.0, 0.16915703411333521)	('>10', 4.514613288224791)	('>50', 5.020204867963537)	('>100', 29.433323935720328)	('>500', 25.78892961187858)	('>1k', 17.682548632647308)	('>5k', 0.0)	('>10k+', 0.0)
ERR2836044_1	(1.0, 7.3304616322952)	(2.0, 3.80055655090916)	(3.0, 2.2586055731330767)	(4.0, 1.3037014447451682)	(5.0, 1.0006480387298442)	(6.0, 0.834826363740327)	(7.0, 0.6937826401860253)	(8.0, 0.38119925284946443)	(9.0, 0.41169519307742153)	('>10', 7.48103533717074)	('>50', 6.6443029771661655)	('>100', 24.852285289520832)	('>500', 22.119086646590173)	('>1k', 20.887813059886405)	('>5k', 0.0)	('>10k+', 0.0)
ERR2836044_2	(1.0, 6.684328898715358)	(2.0, 2.3329394274387223)	(3.0, 1.543856974040331)	(4.0, 1.006366027522586)	(5.0, 0.8100484123051119)	(6.0, 0.7547745206419395)	(7.0, 0.573704875538444)	(8.0, 0.396447222963443)	(9.0, 0.46315709221209933)	('>10', 4.0083101437121185)	('>50', 3.838676476194107)	('>100', 8.001372317310258)	('>500', 1.774482522014257)	('>1k', 56.41177143292799)	('>5k', 11.399763656463232)	('>10k+', 0.0)
ERR2836045_1	(1.0, 7.587240042298202)	(2.0, 3.9874867818117727)	(3.0, 2.207437433909059)	(4.0, 1.4892492069087064)	(5.0, 1.0905005287275291)	(6.0, 0.9252731758900247)	(7.0, 0.586006344730349)	(8.0, 0.6873457878040183)	(9.0, 0.674127599577018)	('>10', 9.07648924920691)	('>50', 7.223739866055692)	('>100', 21.58089531194924)	('>500', 14.55983433204089)	('>1k', 28.324374339090593)	('>5k', 0.0)	('>10k+', 0.0)
ERR2836045_2	(1.0, 7.955146281283046)	(2.0, 2.8683468452590763)	(3.0, 1.5597462107860416)	(4.0, 0.9957701797673598)	(5.0, 0.7710609799083539)	(6.0, 0.6344730348960169)	(7.0, 0.38553048995417694)	(8.0, 0.38773352132534367)	(9.0, 0.1387909763835037)	('>10', 2.462989072964399)	('>50', 4.436905181529785)	('>100', 16.89945364821995)	('>500', 3.8156503348607687)	('>1k', 56.68840324286217)	('>5k', 0.0)	('>10k+', 0.0)
ERR2836046_1	(1.0, 8.455988455988455)	(2.0, 4.363636363636364)	(3.0, 2.0375180375180375)	(4.0, 1.3544973544973546)	(5.0, 0.8946608946608947)	(6.0, 0.7619047619047619)	(7.0, 0.7003367003367004)	(8.0, 0.4155844155844156)	(9.0, 0.5194805194805194)	('>10', 9.47955747955748)	('>50', 6.385762385762386)	('>100', 35.274651274651276)	('>500', 18.67051467051467)	('>1k', 10.685906685906685)	('>5k', 0.0)	('>10k+', 0.0)
ERR2836046_2	(1.0, 10.152958152958153)	(2.0, 2.874458874458875)	(3.0, 1.598845598845599)	(4.0, 1.0235690235690236)	(5.0, 0.8658008658008658)	(6.0, 0.6002886002886003)	(7.0, 0.41750841750841755)	(8.0, 0.29244829244829246)	(9.0, 0.2943722943722944)	('>10', 2.451178451178451)	('>50', 0.14045214045214047)	('>100', 13.017797017797017)	('>500', 7.459355459355459)	('>1k', 58.81096681096681)	('>5k', 0.0)	('>10k+', 0.0)
ERR2836047_1	(1.0, 6.278772602356071)	(2.0, 3.5358574454305165)	(3.0, 1.911463529906002)	(4.0, 1.4073412802604632)	(5.0, 0.9014686061369882)	(6.0, 0.7036706401302316)	(7.0, 0.7596842234241803)	(8.0, 0.40609847888112865)	(9.0, 0.2835687654256157)	('>10', 6.516830331355354)	('>50', 1.9377198970750404)	('>100', 17.25393407901416)	('>500', 19.035866197552906)	('>1k', 39.06772392305134)	('>5k', 0.0)	('>10k+', 0.0)
ERR2836047_2	(1.0, 9.840886414955627)	(2.0, 2.702655393933029)	(3.0, 1.7066638659875022)	(4.0, 1.2463022282903604)	(5.0, 1.0765110539305782)	(6.0, 0.8717113900120779)	(7.0, 0.624901538623116)	(8.0, 0.44810866635159025)	(9.0, 0.4411069684398467)	('>10', 5.17775560573439)	('>50', 1.5736316056643735)	('>100', 8.680354986084126)	('>500', 20.471214269460344)	('>1k', 45.13819601253304)	('>5k', 0.0)	('>10k+', 0.0)
ERR2836048_1	(1.0, 7.049613043400191)	(2.0, 3.655886947621698)	(3.0, 2.24632346339624)	(4.0, 1.3718554164945862)	(5.0, 0.7721175773464294)	(6.0, 0.7218401537052666)	(7.0, 0.7541613546174427)	(8.0, 0.4453143236788709)	(9.0, 0.3555332100339373)	('>10', 5.659801404176617)	('>50', 4.914618160923668)	('>100', 28.087123592681046)	('>500', 18.642150437234022)	('>1k', 25.323660914689988)	('>5k', 0.0)	('>10k+', 0.0)
ERR2836048_2	(1.0, 7.399759386615432)	(2.0, 2.3307177102224776)	(3.0, 1.7237973819827261)	(4.0, 1.1276507873803667)	(5.0, 0.9247454705428166)	(6.0, 0.9157673591783232)	(7.0, 0.8044387782586055)	(8.0, 0.7038839309762799)	(9.0, 0.45249681277046555)	('>10', 4.158661184033327)	('>50', 1.208453789660807)	('>100', 6.952649440663662)	('>500', 8.191628808963747)	('>1k', 52.5111777486488)	('>5k', 10.59417141010217)	('>10k+', 0.0)
ERR2836049_1	(1.0, 8.533834586466165)	(2.0, 3.9371155160628843)	(3.0, 1.8967874231032127)	(4.0, 1.1619958988380041)	(5.0, 0.7518796992481203)	(6.0, 0.47163362952836635)	(7.0, 0.3588516746411483)	(8.0, 0.2734107997265892)	(9.0, 0.36910457963089544)	('>10', 9.237867395762132)	('>50', 8.848257006151742)	('>100', 41.961722488038276)	('>500', 18.591934381408066)	('>1k', 3.605604921394395)	('>5k', 0.0)	('>10k+', 0.0)
ERR2836049_2	(1.0, 10.184552289815448)	(2.0, 2.843472317156528)	(3.0, 1.5994531784005468)	(4.0, 1.1073137388926864)	(5.0, 0.7860560492139439)	(6.0, 0.6151742993848257)	(7.0, 0.4784688995215311)	(8.0, 0.3827751196172249)	(9.0, 0.3383458646616541)	('>10', 3.8345864661654137)	('>50', 4.395078605604922)	('>100', 4.145591250854409)	('>500', 21.961722488038276)	('>1k', 47.32740943267259)	('>5k', 0.0)	('>10k+', 0.0)
ERR2836050_1	(1.0, 8.226513061820542)	(2.0, 3.7247372311464475)	(3.0, 1.746984693601601)	(4.0, 1.124993239223322)	(5.0, 0.6039627165702128)	(6.0, 0.5084104061874628)	(7.0, 0.3407431445724485)	(8.0, 0.3173057854219626)	(9.0, 0.21093623235437287)	('>10', 8.745740710692845)	('>50', 8.415814808805235)	('>100', 44.779778967674474)	('>500', 17.159752645717276)	('>1k', 4.094326356211802)	('>5k', 0.0)	('>10k+', 0.0)
ERR2836050_2	(1.0, 9.045017758306741)	(2.0, 2.646618710224097)	(3.0, 1.568500189301747)	(4.0, 0.9230713757729822)	(5.0, 0.7391782501307084)	(6.0, 0.5300448915571421)	(7.0, 0.5931454738853733)	(8.0, 0.33172877566841547)	(9.0, 0.19471036832711341)	('>10', 2.230154866857771)	('>50', 0.8329276867326518)	('>100', 5.740350118088233)	('>500', 14.291380460453965)	('>1k', 60.33317107469306)	('>5k', 0.0)	('>10k+', 0.0)
ERR2836051_1	(1.0, 7.859830162313232)	(2.0, 3.547242824895195)	(3.0, 1.6059335698161883)	(4.0, 0.9287326668816511)	(5.0, 0.6772009029345373)	(6.0, 0.37407287971622055)	(7.0, 0.34612490594431905)	(8.0, 0.326776308717618)	(9.0, 0.23218316672041278)	('>10', 9.64420079544233)	('>50', 6.277544877996346)	('>100', 50.17951198538106)	('>500', 15.526174352359453)	('>1k', 2.474470600881436)	('>5k', 0.0)	('>10k+', 0.0)
ERR2836051_2	(1.0, 9.25077931849941)	(2.0, 3.0269805439105664)	(3.0, 1.6446307642695903)	(4.0, 1.0061270557884554)	(5.0, 0.7524454477050414)	(6.0, 0.5546597871654305)	(7.0, 0.33107599699021817)	(8.0, 0.27518004944641516)	(9.0, 0.27088036117381487)	('>10', 5.108029667849081)	('>50', 3.0850263355906695)	('>100', 22.968934752230464)	('>500', 25.757282597011717)	('>1k', 25.96796732236913)	('>5k', 0.0)	('>10k+', 0.0)
ERR2836052_1	(1.0, 7.929632719720235)	(2.0, 3.990556157137024)	(3.0, 1.9704258605080502)	(4.0, 1.3136172403387003)	(5.0, 0.798821294800561)	(6.0, 0.6390570358404487)	(7.0, 0.6461576695720093)	(8.0, 0.41183675643051143)	(9.0, 0.41538707329629165)	('>10', 8.657447677205191)	('>50', 8.943248184900503)	('>100', 30.50077219391831)	('>500', 23.158716915484707)	('>1k', 10.62432322084746)	('>5k', 0.0)	('>10k+', 0.0)
ERR2836052_2	(1.0, 8.336144000852077)	(2.0, 2.676938916798324)	(3.0, 1.57101521310777)	(4.0, 1.1503026645128078)	(5.0, 0.9674613459251238)	(6.0, 0.5431984804643815)	(7.0, 0.472192143148776)	(8.0, 0.4970443612092379)	(9.0, 0.3514813697122468)	('>10', 3.472209894733105)	('>50', 3.289368576145421)	('>100', 13.576411694743756)	('>500', 15.916070509292954)	('>1k', 47.180160829354016)	('>5k', 0.0)	('>10k+', 0.0)
ERR2836053_1	(1.0, 7.266216894827624)	(2.0, 4.082880286456628)	(3.0, 2.1484247068841293)	(4.0, 1.5370843431366128)	(5.0, 0.960677714460383)	(6.0, 0.982511298879937)	(7.0, 0.504355800091701)	(8.0, 0.4192048208554398)	(9.0, 0.45195519748477103)	('>10', 5.657081723106482)	('>50', 5.174559507434336)	('>100', 23.272417632802778)	('>500', 3.59599135390057)	('>1k', 43.94663871967861)	('>5k', 0.0)	('>10k+', 0.0)
ERR2836053_2	(1.0, 8.488897622322657)	(2.0, 2.960634047291544)	(3.0, 1.9912228990633392)	(4.0, 1.170280124888103)	(5.0, 0.8951769612017204)	(6.0, 0.6157070806314273)	(7.0, 0.41265474552957354)	(8.0, 0.4541385559267265)	(9.0, 0.3733542935743761)	('>10', 3.722626143533984)	('>50', 0.3951878779939303)	('>100', 7.226916442872426)	('>500', 15.38831029890177)	('>1k', 55.90489290626842)	('>5k', 0.0)	('>10k+', 0.0)
ERR2836054_1	(1.0, 8.10682929393828)	(2.0, 4.030632809351068)	(3.0, 2.0661374270543083)	(4.0, 1.2197045370905841)	(5.0, 0.858700033296532)	(6.0, 0.5572787971189738)	(7.0, 0.429350016648266)	(8.0, 0.5607836952140617)	(9.0, 0.37852899426949166)	('>10', 6.582198622575048)	('>50', 6.927431084941206)	('>100', 33.04943658763121)	('>500', 26.63021572647775)	('>1k', 8.602772374393213)	('>5k', 0.0)	('>10k+', 0.0)
ERR2836054_2	(1.0, 10.526961428596463)	(2.0, 2.5165168322731017)	(3.0, 1.6876084327848169)	(4.0, 1.3879396456548025)	(5.0, 0.9287979951982895)	(6.0, 0.5467641028337101)	(7.0, 0.6378914533059952)	(8.0, 0.32245062474808545)	(9.0, 0.4416171599810736)	('>10', 3.5399470760387644)	('>50', 0.09988959571000473)	('>100', 6.778472915899971)	('>500', 5.7497853249916755)	('>1k', 54.332930270052394)	('>5k', 10.502427141930848)	('>10k+', 0.0)
ERR2836055_1	(1.0, 7.395042751465078)	(2.0, 3.040637909501393)	(3.0, 1.8517628974925544)	(4.0, 1.1912767797098665)	(5.0, 1.164857334998559)	(6.0, 0.662887885483716)	(7.0, 0.42030934767989236)	(8.0, 0.5187818234220386)	(9.0, 0.3026227303295225)	('>10', 5.591315207993083)	('>50', 3.4009030646555867)	('>100', 16.238351426650013)	('>500', 21.692765875684504)	('>1k', 36.528484964934194)	('>5k', 0.0)	('>10k+', 0.0)
ERR2836055_2	(1.0, 12.750984724757423)	(2.0, 3.276011144202133)	(3.0, 2.10394850610049)	(4.0, 1.2873474877509847)	(5.0, 0.9246805648957632)	(6.0, 0.5764242482467096)	(7.0, 0.4034969737726967)	(8.0, 0.4034969737726967)	(9.0, 0.2593909117110193)	('>10', 3.9172831203765974)	('>50', 2.3897588625228168)	('>100', 19.211739840522625)	('>500', 25.64847727927755)	('>1k', 26.8469593620905)	('>5k', 0.0)	('>10k+', 0.0)
ERR2836056_1	(1.0, 7.114884094281336)	(2.0, 2.933521441949843)	(3.0, 1.7002748656077447)	(4.0, 1.0800029189268079)	(5.0, 0.9364890175378853)	(6.0, 0.6713531658193671)	(7.0, 0.4597309722458709)	(8.0, 0.5059473133711172)	(9.0, 0.4378390211865438)	('>10', 7.761912870034784)	('>50', 5.312446790396731)	('>100', 15.154095011067598)	('>500', 14.794094038091995)	('>1k', 28.965483690496463)	('>5k', 12.171924788985915)	('>10k+', 0.0)
ERR2836056_2	(1.0, 9.639755783123737)	(2.0, 2.485952664736932)	(3.0, 1.7075721826275208)	(4.0, 1.1383814550850138)	(5.0, 0.9486512125708448)	(6.0, 0.70054243389847)	(7.0, 0.47675804529201427)	(8.0, 0.38919024105470557)	(9.0, 0.2189195105932719)	('>10', 3.368928024129795)	('>50', 4.349200943786335)	('>100', 12.568412347060399)	('>500', 5.22244654715283)	('>1k', 56.78528860888813)	('>5k', 0.0)	('>10k+', 0.0)
ERR2836057_1	(1.0, 9.275485516249264)	(2.0, 3.5506440855293273)	(3.0, 1.8341724972209508)	(4.0, 0.9808409076047865)	(5.0, 0.7029359837834304)	(6.0, 0.43156999934610607)	(7.0, 0.3204080298175636)	(8.0, 0.6015824233309357)	(9.0, 0.5590793173347283)	('>10', 5.613679461191395)	('>50', 6.761263323088995)	('>100', 41.362061073693845)	('>500', 15.15399202249395)	('>1k', 12.852285359314719)	('>5k', 0.0)	('>10k+', 0.0)
ERR2836057_2	(1.0, 12.724776041326097)	(2.0, 3.328320146472242)	(3.0, 1.451644543255084)	(4.0, 0.6669718171712549)	(5.0, 0.39233636304191455)	(6.0, 0.3138690904335317)	(7.0, 0.11443143922055841)	(8.0, 0.02615575753612764)	(9.0, 0.05885045445628719)	('>10', 3.351206434316354)	('>50', 3.3708232524684494)	('>100', 43.346629176747534)	('>500', 22.26835807232067)	('>1k', 8.585627411233897)	('>5k', 0.0)	('>10k+', 0.0)
ERR2836058_1	(1.0, 8.882000307424297)	(2.0, 3.443152123789517)	(3.0, 1.7138904544755855)	(4.0, 1.3014295229799662)	(5.0, 0.89665419890352)	(6.0, 0.5841061638571502)	(7.0, 0.6814571911666751)	(8.0, 0.4303940154736896)	(9.0, 0.46113644515038177)	('>10', 6.673669108981913)	('>50', 4.798380898703694)	('>100', 27.63232054106676)	('>500', 21.102116103909413)	('>1k', 21.399292924117436)	('>5k', 0.0)	('>10k+', 0.0)
ERR2836058_2	(1.0, 11.177435056617307)	(2.0, 3.0127581083158272)	(3.0, 1.6370343802838552)	(4.0, 1.075985038684224)	(5.0, 0.6404672849310857)	(6.0, 0.44576523031203563)	(7.0, 0.3765947635394784)	(8.0, 0.1844545780601527)	(9.0, 0.276681867090229)	('>10', 2.595173438540759)	('>50', 0.522621304503766)	('>100', 1.2732489624429986)	('>500', 36.778193369882665)	('>1k', 40.003586616795616)	('>5k', 0.0)	('>10k+', 0.0)
ERR2836059_1	(1.0, 5.291732526974091)	(2.0, 2.391588206996083)	(3.0, 1.7730740155315787)	(4.0, 1.0904176116189035)	(5.0, 1.099580784825785)	(6.0, 0.9758779465328844)	(7.0, 0.7215998900419215)	(8.0, 0.4764850067578402)	(9.0, 0.5360456326025702)	('>10', 5.275696973862049)	('>50', 1.2736810757565344)	('>100', 5.4360525049824755)	('>500', 8.294962545529518)	('>1k', 50.54635420246031)	('>5k', 14.816851075527454)	('>10k+', 0.0)
ERR2836059_2	(1.0, 9.967241655785399)	(2.0, 3.1429684099603694)	(3.0, 1.834925434678029)	(4.0, 1.163722997273956)	(5.0, 0.8246855886193388)	(6.0, 0.5772799120335372)	(7.0, 0.5291732526974091)	(8.0, 0.36652692827526173)	(9.0, 0.2267885368703182)	('>10', 2.3847158270909214)	('>50', 3.0192655716674683)	('>100', 12.812406936522116)	('>500', 19.155613588985865)	('>1k', 43.99468535954001)	('>5k', 0.0)	('>10k+', 0.0)
ERR2836060_1	(1.0, 7.765411743152881)	(2.0, 2.798387835485939)	(3.0, 1.8892552899148116)	(4.0, 1.1175231290647614)	(5.0, 0.9732527251076304)	(6.0, 0.645781808189063)	(7.0, 0.7213520197856554)	(8.0, 0.43968123110744706)	(9.0, 0.2679307502061006)	('>10', 7.513511037830906)	('>50', 3.9823211504992213)	('>100', 21.292479618942934)	('>500', 16.355225794632226)	('>1k', 34.237885866080426)	('>5k', 0.0)	('>10k+', 0.0)
ERR2836060_2	(1.0, 10.524869469634515)	(2.0, 2.7388476687734724)	(3.0, 1.772464962901896)	(4.0, 1.0076028212878996)	(5.0, 0.7213520197856554)	(6.0, 0.7557021159659247)	(7.0, 0.44884125675551895)	(8.0, 0.3664010259228726)	(9.0, 0.16488046166529266)	('>10', 3.3685994320784096)	('>50', 3.2380690665933867)	('>100', 18.65210222588623)	('>500', 11.287441604836495)	('>1k', 44.95282586791243)	('>5k', 0.0)	('>10k+', 0.0)
ERR2836061_1	(1.0, 8.533214885006416)	(2.0, 3.0303030303030303)	(3.0, 1.7767249037607342)	(4.0, 1.2042246569933868)	(5.0, 0.8760240844931398)	(6.0, 0.5182114302635475)	(7.0, 0.48366400157931105)	(8.0, 0.5132760833086566)	(9.0, 0.4663902872371927)	('>10', 4.947685322278156)	('>50', 4.116079360379034)	('>100', 37.5925377554042)	('>500', 17.409436383377752)	('>1k', 18.53222781561544)	('>5k', 0.0)	('>10k+', 0.0)
ERR2836061_2	(1.0, 11.662224854407265)	(2.0, 2.8871779686111934)	(3.0, 1.2881255552265325)	(4.0, 0.7896555127825486)	(5.0, 0.45651959332741093)	(6.0, 0.3849570624814925)	(7.0, 0.27637942947389205)	(8.0, 0.21715526601520088)	(9.0, 0.13325436778205507)	('>10', 1.9124469450202348)	('>50', 1.525022209061297)	('>100', 29.20985095252196)	('>500', 24.269568650676142)	('>1k', 24.987661632612774)	('>5k', 0.0)	('>10k+', 0.0)
ERR2836062_1	(1.0, 6.497206091815492)	(2.0, 2.755560425112304)	(3.0, 1.8406924509696505)	(4.0, 1.3476498301742084)	(5.0, 1.027172126657171)	(6.0, 0.7724334392461926)	(7.0, 0.6902596691136189)	(8.0, 0.547825134217158)	(9.0, 0.4190862276761258)	('>10', 7.395639311931632)	('>50', 1.6106058945984443)	('>100', 7.598334611591979)	('>500', 16.338884628026733)	('>1k', 36.93984880026296)	('>5k', 14.218801358606333)	('>10k+', 0.0)
ERR2836062_2	(1.0, 12.112413717541362)	(2.0, 2.624082392900186)	(3.0, 1.8571272049961653)	(4.0, 1.3805193382272378)	(5.0, 0.9039114714583105)	(6.0, 0.5587816369015011)	(7.0, 0.5560425112304153)	(8.0, 0.35060808589898107)	(9.0, 0.32047770351703736)	('>10', 2.215952667908404)	('>50', 2.1283006464336585)	('>100', 1.1969979182644899)	('>500', 0.0)	('>1k', 73.79478470472225)	('>5k', 0.0)	('>10k+', 0.0)
ERR2836063_1	(1.0, 10.864137875493276)	(2.0, 3.8441921022254437)	(3.0, 1.9086735926552307)	(4.0, 1.2778180451531502)	(5.0, 1.0469517596843039)	(6.0, 0.9019892083434002)	(7.0, 0.7328662317790127)	(8.0, 0.6013261388956)	(9.0, 0.3382459531287751)	('>10', 7.0092078065018395)	('>50', 3.1784381627338862)	('>100', 18.386083595071273)	('>500', 22.952403962309738)	('>1k', 26.957665566025074)	('>5k', 0.0)	('>10k+', 0.0)
ERR2836063_2	(1.0, 10.354084454108614)	(2.0, 2.9046200102010684)	(3.0, 1.6187484899734237)	(4.0, 1.2885560119191433)	(5.0, 0.9395720920243753)	(6.0, 0.6603849561085608)	(7.0, 0.31945451128828756)	(8.0, 0.536898338299643)	(9.0, 0.31408552790529115)	('>10', 4.440149257738047)	('>50', 2.0187377520066576)	('>100', 15.3365010335293)	('>500', 18.337762744624307)	('>1k', 40.93044482027328)	('>5k', 0.0)	('>10k+', 0.0)
ERR2836064_1	(1.0, 10.526019690576653)	(2.0, 3.471167369901547)	(3.0, 1.6371308016877635)	(4.0, 1.541490857946554)	(5.0, 0.9985935302390999)	(6.0, 0.8101265822784811)	(7.0, 0.7088607594936709)	(8.0, 0.5625879043600562)	(9.0, 0.4810126582278481)	('>10', 8.160337552742616)	('>50', 3.8368495077355838)	('>100', 18.71729957805907)	('>500', 20.843881856540083)	('>1k', 27.704641350210967)	('>5k', 0.0)	('>10k+', 0.0)
ERR2836064_2	(1.0, 7.6118143459915615)	(2.0, 2.3234880450070325)	(3.0, 1.3839662447257384)	(4.0, 0.8551336146272854)	(5.0, 0.5766526019690577)	(6.0, 0.5569620253164557)	(7.0, 0.3150492264416315)	(8.0, 0.4275668073136427)	(9.0, 0.2278481012658228)	('>10', 3.6061884669479607)	('>50', 0.7116736990154712)	('>100', 10.174402250351617)	('>500', 15.232067510548521)	('>1k', 55.997187060478204)	('>5k', 0.0)	('>10k+', 0.0)
ERR2836065_1	(1.0, 12.228234766738177)	(2.0, 3.7590855239985914)	(3.0, 2.0364381543978736)	(4.0, 1.4600877333418718)	(5.0, 1.024622970766226)	(6.0, 0.9797957157952034)	(7.0, 0.9637859818769813)	(8.0, 0.5891582081905798)	(9.0, 0.3746277736864013)	('>10', 10.114949889532836)	('>50', 6.826550542729979)	('>100', 19.106016458006465)	('>500', 19.94812846210496)	('>1k', 20.58851781883385)	('>5k', 0.0)	('>10k+', 0.0)
ERR2836065_2	(1.0, 9.288847619352566)	(2.0, 2.8049053824725436)	(3.0, 1.488905254394672)	(4.0, 0.9861996093624923)	(5.0, 0.8805353655022253)	(6.0, 0.4802920175466684)	(7.0, 0.3362044122826679)	(8.0, 0.3330024654990234)	(9.0, 0.3458102526336012)	('>10', 4.152924978386859)	('>50', 6.403893567288911)	('>100', 5.753898370209088)	('>500', 21.2833402708847)	('>1k', 45.461240434183985)	('>5k', 0.0)	('>10k+', 0.0)
ERR2836066_1	(1.0, 11.158882157514169)	(2.0, 3.2362712526871213)	(3.0, 2.13406292749658)	(4.0, 1.3132694938440492)	(5.0, 0.9380496384600352)	(6.0, 1.0318546023060386)	(7.0, 0.7113543091655267)	(8.0, 0.3752198553840141)	(9.0, 0.42212233730701587)	('>10', 8.641782294313074)	('>50', 4.862223959351182)	('>100', 22.12233730701583)	('>500', 19.542700801250735)	('>1k', 23.50986906390463)	('>5k', 0.0)	('>10k+', 0.0)
ERR2836066_2	(1.0, 8.383818643736564)	(2.0, 2.642173148329099)	(3.0, 1.465702560093805)	(4.0, 1.0162204416650382)	(5.0, 0.586281024037522)	(6.0, 0.49247606019151846)	(7.0, 0.27359781121751026)	(8.0, 0.2501465702560094)	(9.0, 0.17588430721125659)	('>10', 0.5823724838772718)	('>50', 0.0)	('>100', 11.15106507719367)	('>500', 26.312292358803983)	('>1k', 46.66796951338675)	('>5k', 0.0)	('>10k+', 0.0)
ERR2836067_1	(1.0, 10.57984847580982)	(2.0, 3.364552884328581)	(3.0, 1.7896557895364793)	(4.0, 1.3601384000477241)	(5.0, 0.9843106842450636)	(6.0, 0.769551989500686)	(7.0, 0.6890174789715444)	(8.0, 0.4533794666825747)	(9.0, 0.48320706317484935)	('>10', 7.054226570422956)	('>50', 4.6769671299886655)	('>100', 24.52424983594822)	('>500', 18.991230686631273)	('>1k', 24.279663544711568)	('>5k', 0.0)	('>10k+', 0.0)
ERR2836067_2	(1.0, 8.644037463461194)	(2.0, 2.9290699755413705)	(3.0, 1.422776352681501)	(4.0, 0.9067589333651495)	(5.0, 0.5667243333532185)	(6.0, 0.2684483684304719)	(7.0, 0.35494839825806834)	(8.0, 0.16703454035673806)	(9.0, 0.16106902105828313)	('>10', 3.501759828193044)	('>50', 1.5212074211060074)	('>100', 34.16154626260216)	('>500', 28.959613434349464)	('>1k', 16.43500566724333)	('>5k', 0.0)	('>10k+', 0.0)
ERR2836068_1	(1.0, 11.476000360219734)	(2.0, 3.187944646234203)	(3.0, 1.8371206435925915)	(4.0, 1.2007324467925433)	(5.0, 0.9305676462642212)	(6.0, 0.954582295200072)	(7.0, 0.7354486236604328)	(8.0, 0.40824903190946477)	(9.0, 0.6754120013208057)	('>10', 8.207006273827036)	('>50', 4.196559901539939)	('>100', 23.675442019631976)	('>500', 19.914147630054334)	('>1k', 22.60078647975265)	('>5k', 0.0)	('>10k+', 0.0)
ERR2836068_2	(1.0, 7.573619908143968)	(2.0, 2.437486866988863)	(3.0, 1.3508240026416114)	(4.0, 1.0326299042415874)	(5.0, 0.870531023924594)	(6.0, 0.5403296010566445)	(7.0, 0.5043076276528682)	(8.0, 0.3842343829736139)	(9.0, 0.3782307207396512)	('>10', 3.1369135172455196)	('>50', 0.9876024374868669)	('>100', 9.209617866898808)	('>500', 10.572449194008344)	('>1k', 61.02122294599705)	('>5k', 0.0)	('>10k+', 0.0)
ERR2836069_1	(1.0, 11.4967607666745)	(2.0, 3.6453962606156223)	(3.0, 2.18522372528616)	(4.0, 1.2755530193682656)	(5.0, 0.8056124332852204)	(6.0, 0.6243496357960457)	(7.0, 0.6109227619079588)	(8.0, 0.29539122553791414)	(9.0, 0.4229465274747407)	('>10', 7.166593937766439)	('>50', 2.8867778859387063)	('>100', 31.33496693632305)	('>500', 18.200127555301936)	('>1k', 19.04937732872344)	('>5k', 0.0)	('>10k+', 0.0)
ERR2836069_2	(1.0, 8.761035211976772)	(2.0, 2.7525091470578364)	(3.0, 1.4803128461615924)	(4.0, 0.6310630727400893)	(5.0, 0.45315699372293644)	(6.0, 0.44308683830687123)	(7.0, 0.3759524688664362)	(8.0, 0.34909872109026213)	(9.0, 0.1812627974891746)	('>10', 1.4299620690812662)	('>50', 0.0)	('>100', 10.305125709106777)	('>500', 32.85220368567688)	('>1k', 39.9852304387231)	('>5k', 0.0)	('>10k+', 0.0)
ERR2836070_1	(1.0, 12.652005837024141)	(2.0, 4.23440260105988)	(3.0, 1.9584752054478891)	(4.0, 1.0445201095722076)	(5.0, 0.6784260515603799)	(6.0, 0.7526689024858555)	(7.0, 0.8422723432579811)	(8.0, 0.6144235938660044)	(9.0, 0.414735925859553)	('>10', 6.487289111901898)	('>50', 5.491410870177415)	('>100', 45.80271882440285)	('>500', 12.920816159340518)	('>1k', 6.1058344640434195)	('>5k', 0.0)	('>10k+', 0.0)
ERR2836070_2	(1.0, 11.12106704897468)	(2.0, 2.7444253859348198)	(3.0, 1.3440516115818848)	(4.0, 0.9421161772612069)	(5.0, 0.7808299838713806)	(6.0, 0.5222600547861038)	(7.0, 0.19712756969867645)	(8.0, 0.14336550523540104)	(9.0, 0.25344973246972685)	('>10', 1.8842323545224138)	('>50', 2.0916003174521904)	('>100', 9.72837356954507)	('>500', 31.14871611069865)	('>1k', 37.09838457796779)	('>5k', 0.0)	('>10k+', 0.0)
ERR2836071_1	(1.0, 6.533348229248129)	(2.0, 3.356049603396269)	(3.0, 1.923807395821696)	(4.0, 1.2601943916880796)	(5.0, 0.8155513350463636)	(6.0, 0.6703161657915316)	(7.0, 0.4535806055189364)	(8.0, 0.44687744386102113)	(9.0, 0.28153278963244327)	('>10', 5.038543179533013)	('>50', 5.317841581946151)	('>100', 18.52083566082002)	('>500', 18.710758574460954)	('>1k', 36.6707630432354)	('>5k', 0.0)	('>10k+', 0.0)
ERR2836071_2	(1.0, 7.8717461736118866)	(2.0, 2.466763490112837)	(3.0, 1.8969947491900347)	(4.0, 1.2333817450564184)	(5.0, 0.7485197184672104)	(6.0, 0.7507541056865155)	(7.0, 0.5474248687297509)	(8.0, 0.4290023461065802)	(9.0, 0.44240866942241097)	('>10', 3.1772986258518596)	('>50', 1.396492012065691)	('>100', 10.36755669757569)	('>500', 12.744944698916322)	('>1k', 43.97944363758239)	('>5k', 11.9472684616244)	('>10k+', 0.0)
ERR2836072_1	(1.0, 9.688204084599171)	(2.0, 4.191196065605543)	(3.0, 2.1367831964532304)	(4.0, 1.3857596240036822)	(5.0, 1.3203478935000121)	(6.0, 0.9593720473871646)	(7.0, 1.0514330014293674)	(8.0, 0.8333938997504663)	(9.0, 0.784940766044044)	('>10', 20.195266128836884)	('>50', 11.892821668241393)	('>100', 35.748722048598495)	('>500', 9.81175957555055)	('>1k', 0.0)	('>5k', 0.0)	('>10k+', 0.0)
ERR2836072_2	(1.0, 9.012282869394578)	(2.0, 2.6067785934055285)	(3.0, 1.3300385202412965)	(4.0, 0.7364876323376214)	(5.0, 0.4481914867844078)	(6.0, 0.45061414346972894)	(7.0, 0.18654456476972647)	(8.0, 0.17443128134312086)	(9.0, 0.3052547423504615)	('>10', 11.95338808537442)	('>50', 8.32424837076338)	('>100', 30.060324151464496)	('>500', 10.91164571068634)	('>1k', 23.499769847614896)	('>5k', 0.0)	('>10k+', 0.0)
ERR2836073_1	(1.0, 10.267700775581687)	(2.0, 4.298223667750813)	(3.0, 2.1841381035776832)	(4.0, 1.1208406304728546)	(5.0, 0.9757317988491369)	(6.0, 0.8106079559669752)	(7.0, 0.9106830122591943)	(8.0, 0.9006755066299724)	(9.0, 0.7430572929697273)	('>10', 16.434826119589694)	('>50', 16.85764323242432)	('>100', 37.13785339004253)	('>500', 7.358018513885415)	('>1k', 0.0)	('>5k', 0.0)	('>10k+', 0.0)
ERR2836073_2	(1.0, 9.522141606204654)	(2.0, 2.7170377783337503)	(3.0, 1.5011258443832876)	(4.0, 0.8006004503377533)	(5.0, 0.537903427570678)	(6.0, 0.3452589442081561)	(7.0, 0.28021015761821366)	(8.0, 0.10007505629221916)	(9.0, 0.15761821366024517)	('>10', 5.411558669001751)	('>50', 8.376282211658744)	('>100', 20.450337753314987)	('>500', 31.391043282461844)	('>1k', 18.408806604953714)	('>5k', 0.0)	('>10k+', 0.0)
ERR2836074_1	(1.0, 9.614661654135338)	(2.0, 4.111842105263158)	(3.0, 1.769266917293233)	(4.0, 1.2406015037593985)	(5.0, 0.881109022556391)	(6.0, 0.7048872180451128)	(7.0, 0.5921052631578948)	(8.0, 0.35714285714285715)	(9.0, 0.5709586466165414)	('>10', 12.948778195488723)	('>50', 16.085526315789473)	('>100', 44.63345864661654)	('>500', 6.489661654135339)	('>1k', 0.0)	('>5k', 0.0)	('>10k+', 0.0)
ERR2836074_2	(1.0, 8.930921052631579)	(2.0, 2.800751879699248)	(3.0, 1.4591165413533835)	(4.0, 0.855263157894737)	(5.0, 0.4346804511278195)	(6.0, 0.2960526315789474)	(7.0, 0.24671052631578946)	(8.0, 0.28195488721804507)	(9.0, 0.19031954887218044)	('>10', 1.724624060150376)	('>50', 0.7589285714285714)	('>100', 19.894266917293233)	('>500', 28.51503759398496)	('>1k', 33.61137218045113)	('>5k', 0.0)	('>10k+', 0.0)
ERR2836075_1	(1.0, 8.8895699254265)	(2.0, 3.9145980181836757)	(3.0, 1.9859025436714681)	(4.0, 1.2585555215037287)	(5.0, 0.7763816528756768)	(6.0, 0.5638982531412811)	(7.0, 0.6578812953314945)	(8.0, 0.5393809377873123)	(9.0, 0.6068035550107262)	('>10', 9.320666053733783)	('>50', 11.341301460823374)	('>100', 44.45602206558382)	('>500', 11.249361528245991)	('>1k', 4.439677188681173)	('>5k', 0.0)	('>10k+', 0.0)
ERR2836075_2	(1.0, 9.549494330370823)	(2.0, 3.203595872918582)	(3.0, 1.5568495249770151)	(4.0, 0.9725201757074267)	(5.0, 0.7048728164266013)	(6.0, 0.6251915415262029)	(7.0, 0.4290530186944529)	(8.0, 0.22882827663704158)	(9.0, 0.4045357033404843)	('>10', 7.250996015936255)	('>50', 8.50137909898866)	('>100', 32.5732965573603)	('>500', 24.874859536214117)	('>1k', 9.124527530902032)	('>5k', 0.0)	('>10k+', 0.0)
ERR2836076_1	(1.0, 8.041964976300498)	(2.0, 3.7125914761120917)	(3.0, 1.8562957380560459)	(4.0, 0.9360807567974931)	(5.0, 0.8924498740654067)	(6.0, 0.7258592309065307)	(7.0, 0.5275370366697737)	(8.0, 0.2855839597009301)	(9.0, 0.6425639093270927)	('>10', 11.213136862146243)	('>50', 14.685758483231858)	('>100', 27.055113737778395)	('>500', 12.31779148404498)	('>1k', 17.10727247486266)	('>5k', 0.0)	('>10k+', 0.0)
ERR2836076_2	(1.0, 8.845169862959363)	(2.0, 3.070027566784999)	(3.0, 1.6004601074906293)	(4.0, 0.7694901136386173)	(5.0, 0.5255538147274061)	(6.0, 0.24988596473831387)	(7.0, 0.24988596473831387)	(8.0, 0.2855839597009301)	(9.0, 0.24988596473831387)	('>10', 3.0025980207445016)	('>50', 3.706641810284989)	('>100', 38.613331217896594)	('>500', 20.39148801142336)	('>1k', 18.43999762013367)	('>5k', 0.0)	('>10k+', 0.0)
ERR2836077_1	(1.0, 9.482829954489036)	(2.0, 3.781547372776169)	(3.0, 1.7128671907323127)	(4.0, 1.1005378568473314)	(5.0, 0.7550682664460074)	(6.0, 0.6702523789822094)	(7.0, 0.5792304509722797)	(8.0, 0.4964832436905255)	(9.0, 0.7447248655357882)	('>10', 17.39760033098883)	('>50', 11.857674803475382)	('>100', 34.691766652875465)	('>500', 14.240794373189905)	('>1k', 2.4886222589987588)	('>5k', 0.0)	('>10k+', 0.0)
ERR2836077_2	(1.0, 8.609846917666529)	(2.0, 2.643773272652048)	(3.0, 1.2660322714108398)	(4.0, 0.7281754240794373)	(5.0, 0.5482002482416218)	(6.0, 0.3227141083988415)	(7.0, 0.20273065784029787)	(8.0, 0.08274720728175423)	(9.0, 0.13032685146876294)	('>10', 2.774100124120811)	('>50', 6.78113363673976)	('>100', 18.601572196938353)	('>500', 23.84567645841953)	('>1k', 33.462970624741416)	('>5k', 0.0)	('>10k+', 0.0)
ERR2836078_1	(1.0, 9.378852939926023)	(2.0, 4.094213681391097)	(3.0, 2.0598614004506612)	(4.0, 1.0883890991029292)	(5.0, 0.8821903830619447)	(6.0, 0.8545555035925344)	(7.0, 0.4761702308575316)	(8.0, 0.5952127885719144)	(9.0, 0.5548233493473916)	('>10', 16.466136643850177)	('>50', 11.489732579397135)	('>100', 39.48386548190978)	('>500', 8.141660643680115)	('>1k', 4.434335274860763)	('>5k', 0.0)	('>10k+', 0.0)
ERR2836078_2	(1.0, 10.354576761192126)	(2.0, 2.767739466859402)	(3.0, 1.5241698907359382)	(4.0, 1.1309042982866375)	(5.0, 0.5208111900004251)	(6.0, 0.3571276731431487)	(7.0, 0.3422473534288508)	(8.0, 0.2380851154287658)	(9.0, 0.2104502359593555)	('>10', 3.386335614982356)	('>50', 1.9535734024913907)	('>100', 0.5867097487351728)	('>500', 29.852047106840697)	('>1k', 46.775222141915734)	('>5k', 0.0)	('>10k+', 0.0)
ERR2836079_1	(1.0, 8.894474320006236)	(2.0, 4.263112773751072)	(3.0, 1.8646247369651627)	(4.0, 1.137869222975606)	(5.0, 1.0618813810303172)	(6.0, 0.6312836100070143)	(7.0, 0.641025641025641)	(8.0, 0.6234899851921128)	(9.0, 0.3331774608370353)	('>10', 15.433325539708518)	('>50', 12.39770867430442)	('>100', 30.77312758163822)	('>500', 14.69098277608916)	('>1k', 7.253916296469488)	('>5k', 0.0)	('>10k+', 0.0)
ERR2836079_2	(1.0, 11.199438859013327)	(2.0, 3.1408308004052685)	(3.0, 1.5840542436287117)	(4.0, 0.9664094770477749)	(5.0, 0.5845218611176057)	(6.0, 0.5143792377834931)	(7.0, 0.4091653027823241)	(8.0, 0.4052684903748734)	(9.0, 0.24549918166939444)	('>10', 8.637284701114488)	('>50', 11.376743823552333)	('>100', 37.32366923856286)	('>500', 11.150728703920192)	('>1k', 12.462006079027356)	('>5k', 0.0)	('>10k+', 0.0)
ERR2836080_1	(1.0, 8.052311672662189)	(2.0, 3.32795803724903)	(3.0, 1.7171412875901542)	(4.0, 1.0419804717265333)	(5.0, 0.6911094965533129)	(6.0, 0.6592121351739293)	(7.0, 0.6326310006911094)	(8.0, 0.3402385213800925)	(9.0, 0.33492229448352856)	('>10', 11.048891566692067)	('>50', 15.202636848540696)	('>100', 28.000567064202297)	('>500', 16.31372826992256)	('>1k', 12.6366713331325)	('>5k', 0.0)	('>10k+', 0.0)
ERR2836080_2	(1.0, 8.11256224415658)	(2.0, 3.0373376335702007)	(3.0, 1.5044922117275965)	(4.0, 0.8151547908064716)	(5.0, 0.4518792862079354)	(6.0, 0.28707625241445306)	(7.0, 0.13644982367847458)	(8.0, 0.2410022859775655)	(9.0, 0.20733284896599385)	('>10', 3.374032003685917)	('>50', 5.227623114954547)	('>100', 21.766404990164983)	('>500', 33.277808296858105)	('>1k', 21.560844216831175)	('>5k', 0.0)	('>10k+', 0.0)
ERR2836081_1	(1.0, 8.534814181973516)	(2.0, 3.7488252883383173)	(3.0, 1.819735155916275)	(4.0, 0.9431866723622383)	(5.0, 0.879965826569842)	(6.0, 0.645877829987185)	(7.0, 0.5382315249893208)	(8.0, 0.3964117898334046)	(9.0, 0.33831695856471594)	('>10', 11.689021785561726)	('>50', 11.420760358821017)	('>100', 38.12217001281504)	('>500', 14.422896198205896)	('>1k', 6.499786416061512)	('>5k', 0.0)	('>10k+', 0.0)
ERR2836081_2	(1.0, 9.016659547202051)	(2.0, 2.6142674070909866)	(3.0, 1.430158052114481)	(4.0, 0.7996582656984195)	(5.0, 0.5553182400683468)	(6.0, 0.4408372490388722)	(7.0, 0.33489961554891073)	(8.0, 0.177701836821871)	(9.0, 0.21529260999572833)	('>10', 3.7197778727039728)	('>50', 5.3447244767193505)	('>100', 18.069201196070058)	('>500', 11.032891926527125)	('>1k', 46.24861170439983)	('>5k', 0.0)	('>10k+', 0.0)
ERR2836082_1	(1.0, 9.482263392216)	(2.0, 4.190004308487721)	(3.0, 1.9980611805256354)	(4.0, 1.2494614390348986)	(5.0, 0.9335056728421658)	(6.0, 0.8509263248599741)	(7.0, 0.8042510412178658)	(8.0, 0.674996409593566)	(9.0, 0.5654890133563119)	('>10', 18.851428981760733)	('>50', 14.794269711331323)	('>100', 35.2577911819618)	('>500', 8.539781703288812)	('>1k', 1.8077696395231941)	('>5k', 0.0)	('>10k+', 0.0)
ERR2836082_2	(1.0, 8.087390492603763)	(2.0, 2.437885968691656)	(3.0, 1.577983627746661)	(4.0, 0.926324859974149)	(5.0, 0.6193451098664369)	(6.0, 0.5385609651012494)	(7.0, 0.31416056297572886)	(8.0, 0.4308487720809996)	(9.0, 0.21003877638948726)	('>10', 3.4755134281200633)	('>50', 0.9011920149360907)	('>100', 0.7001292546316243)	('>500', 21.032600890420795)	('>1k', 58.74802527646129)	('>5k', 0.0)	('>10k+', 0.0)
ERR2836083_1	(1.0, 9.17873606434106)	(2.0, 4.093242227089941)	(3.0, 1.7507437800372707)	(4.0, 0.9677313891522541)	(5.0, 0.7846470722856115)	(6.0, 0.7159904534606205)	(7.0, 0.6636806486415797)	(8.0, 0.5492529505999281)	(9.0, 0.5590610390034982)	('>10', 18.373818942688068)	('>50', 16.43181743878118)	('>100', 39.72439271585968)	('>500', 6.206885278059306)	('>1k', 0.0)	('>5k', 0.0)	('>10k+', 0.0)
ERR2836083_2	(1.0, 9.927420145813581)	(2.0, 3.3347500572138493)	(3.0, 1.4074606859123155)	(4.0, 0.8500343283094125)	(5.0, 0.43319057115768134)	(6.0, 0.46098015496779676)	(7.0, 0.34328309412495506)	(8.0, 0.24847157289044366)	(9.0, 0.20596985647497304)	('>10', 9.554712786477916)	('>50', 9.82606989897669)	('>100', 39.8502631837055)	('>500', 18.154771635008338)	('>1k', 5.4026220289665545)	('>5k', 0.0)	('>10k+', 0.0)
ERR2836084_1	(1.0, 8.692850238086713)	(2.0, 4.05284450968458)	(3.0, 2.062224768178726)	(4.0, 1.145680426765959)	(5.0, 0.9666678600837778)	(6.0, 0.7303712720632989)	(7.0, 0.6641366223908919)	(8.0, 0.4153091547026601)	(9.0, 0.5477784540474742)	('>10', 14.331746088575418)	('>50', 10.62618595825427)	('>100', 34.02670867494898)	('>500', 17.154774265153414)	('>1k', 4.582721707063836)	('>5k', 0.0)	('>10k+', 0.0)
ERR2836084_2	(1.0, 9.505567290823816)	(2.0, 3.0038308689269986)	(3.0, 1.562779707135441)	(4.0, 0.8234578067380329)	(5.0, 0.5280870717124343)	(6.0, 0.36518563603164944)	(7.0, 0.3633955103648276)	(8.0, 0.14321005334574488)	(9.0, 0.12888904801117038)	('>10', 5.053524757437972)	('>50', 7.686799613332856)	('>100', 28.337689305789265)	('>500', 18.19841752891053)	('>1k', 24.29916580143926)	('>5k', 0.0)	('>10k+', 0.0)
ERR2836085_1	(1.0, 7.932085786375105)	(2.0, 3.798710400897112)	(3.0, 1.6347771236333055)	(4.0, 1.0653209980375666)	(5.0, 0.8585646201289598)	(6.0, 0.4100084104289319)	(7.0, 0.5396691897953462)	(8.0, 0.32239977572189515)	(9.0, 0.2523128679562658)	('>10', 9.27950658816933)	('>50', 10.92830109335576)	('>100', 38.19035604149145)	('>500', 16.48969722455845)	('>1k', 8.298289879450518)	('>5k', 0.0)	('>10k+', 0.0)
ERR2836085_2	(1.0, 8.30354639753294)	(2.0, 2.5967199327165686)	(3.0, 1.2773338940285957)	(4.0, 0.5326604990187833)	(5.0, 0.5431735351836278)	(6.0, 0.2943650126156434)	(7.0, 0.2943650126156434)	(8.0, 0.14017381553125877)	(9.0, 0.11038687973086628)	('>10', 2.2725679843005326)	('>50', 3.844266890944772)	('>100', 22.892136248948695)	('>500', 14.797098402018502)	('>1k', 42.10120549481357)	('>5k', 0.0)	('>10k+', 0.0)
ERR2836086_1	(1.0, 8.372431782381137)	(2.0, 3.668761327258253)	(3.0, 1.8191365029895494)	(4.0, 1.226308033672657)	(5.0, 0.6944562069140738)	(6.0, 0.7215569369399888)	(7.0, 0.5335456223852031)	(8.0, 0.48781314046647134)	(9.0, 0.4268364979081624)	('>10', 11.358593472111655)	('>50', 11.802367926286013)	('>100', 33.07305340537611)	('>500', 17.44948254543607)	('>1k', 8.365656599874658)	('>5k', 0.0)	('>10k+', 0.0)
ERR2836086_2	(1.0, 9.905316824471958)	(2.0, 2.5982824912346074)	(3.0, 1.4990091295584274)	(4.0, 0.9146496383746338)	(5.0, 0.6097664255830891)	(6.0, 0.5081386879859077)	(7.0, 0.33198394281745963)	(8.0, 0.2710073002591507)	(9.0, 0.33537153407069903)	('>10', 2.5102051186503838)	('>50', 1.336404749402937)	('>100', 10.89110587916462)	('>500', 12.556106980131776)	('>1k', 55.73265129829434)	('>5k', 0.0)	('>10k+', 0.0)
ERR2836087_1	(1.0, 7.58177148557723)	(2.0, 3.289962430751597)	(3.0, 1.8211533971515295)	(4.0, 0.9933563984462888)	(5.0, 0.7959586526011929)	(6.0, 0.5221488761063825)	(7.0, 0.5348842145480016)	(8.0, 0.44149173264279495)	(9.0, 0.2483390996115722)	('>10', 5.94952560864305)	('>50', 4.852163946256872)	('>100', 25.81240846475495)	('>500', 18.4619956275338)	('>1k', 28.694840065374738)	('>5k', 0.0)	('>10k+', 0.0)
ERR2836087_2	(1.0, 10.920552713688366)	(2.0, 3.090442128499565)	(3.0, 1.4518285823445758)	(4.0, 0.9763759471907966)	(5.0, 0.5094135376647635)	(6.0, 0.31838346104047716)	(7.0, 0.37144737121389004)	(8.0, 0.4245112813873029)	(9.0, 0.30564812259885804)	('>10', 8.023263218220023)	('>50', 8.063591789951818)	('>100', 35.93275741302825)	('>500', 15.280283573535966)	('>1k', 14.331500859635346)	('>5k', 0.0)	('>10k+', 0.0)
ERR2836088_1	(1.0, 7.183570388817763)	(2.0, 3.0165383468668336)	(3.0, 1.7046949262526527)	(4.0, 1.1715393114575843)	(5.0, 0.8769006822287307)	(6.0, 0.5050947929637489)	(7.0, 0.45423455339448254)	(8.0, 0.5752468475420474)	(9.0, 0.4419579438432803)	('>10', 6.6714603903961835)	('>50', 4.053034953261194)	('>100', 23.276451709079428)	('>500', 17.61868850733966)	('>1k', 32.45058664655641)	('>5k', 0.0)	('>10k+', 0.0)
ERR2836088_2	(1.0, 9.049615040600502)	(2.0, 3.1112436205475364)	(3.0, 1.599466844385205)	(4.0, 0.8488398603974113)	(5.0, 0.5612164366263878)	(6.0, 0.3262070537890878)	(7.0, 0.19642575281923572)	(8.0, 0.29463862922885353)	(9.0, 0.09470527368070292)	('>10', 4.607236184429751)	('>50', 7.639558743576702)	('>100', 35.29349865834195)	('>500', 24.341009137305107)	('>1k', 12.036338764271559)	('>5k', 0.0)	('>10k+', 0.0)
ERR2836089_1	(1.0, 8.010950219724803)	(2.0, 3.256249549744255)	(3.0, 1.7433902456595347)	(4.0, 0.9701510457940109)	(5.0, 0.9485387700213722)	(6.0, 0.5331028023917586)	(7.0, 0.5883341738107245)	(8.0, 0.3842182359580241)	(9.0, 0.5835314458612492)	('>10', 5.489518046250271)	('>50', 5.347837571740749)	('>100', 27.200249741853373)	('>500', 16.50937732632135)	('>1k', 28.434550824868527)	('>5k', 0.0)	('>10k+', 0.0)
ERR2836089_2	(1.0, 9.963259131186513)	(2.0, 2.799990394544101)	(3.0, 1.4480224767668035)	(4.0, 0.7204091924212953)	(5.0, 0.5042864346949066)	(6.0, 0.31698004466536994)	(7.0, 0.2353336695242898)	(8.0, 0.11526547078740725)	(9.0, 0.17289820618111088)	('>10', 3.9190260067718468)	('>50', 7.631534711716255)	('>100', 18.776264918473693)	('>500', 23.91278246043753)	('>1k', 29.483946881828878)	('>5k', 0.0)	('>10k+', 0.0)
ERR2836090_1	(1.0, 7.520758741525101)	(2.0, 3.153805134455702)	(3.0, 1.6626037937076257)	(4.0, 1.196008227317742)	(5.0, 0.8665346232954979)	(6.0, 0.6284756608516797)	(7.0, 0.5465833777710063)	(8.0, 0.47230898148853506)	(9.0, 0.39422564180696273)	('>10', 6.844671288184657)	('>50', 3.607069398948732)	('>100', 22.510855488687437)	('>500', 18.703816561285898)	('>1k', 31.892283080673423)	('>5k', 0.0)	('>10k+', 0.0)
ERR2836090_2	(1.0, 9.084330006856097)	(2.0, 2.8490896625276148)	(3.0, 1.5197684162413345)	(4.0, 1.0436504913536986)	(5.0, 0.7617886798202179)	(6.0, 0.47992686828673725)	(7.0, 0.25329473604022246)	(8.0, 0.24377237754246972)	(9.0, 0.25710367943932355)	('>10', 1.85305096366268)	('>50', 3.81084787080064)	('>100', 4.159366191818389)	('>500', 21.968081054315533)	('>1k', 51.71592900129504)	('>5k', 0.0)	('>10k+', 0.0)
ERR2836091_1	(1.0, 7.195295456701128)	(2.0, 2.9023996964810777)	(3.0, 1.6219292421511904)	(4.0, 1.0319643365266054)	(5.0, 0.8062221379114104)	(6.0, 0.591861898890259)	(7.0, 0.4913212558095419)	(8.0, 0.42492649151095513)	(9.0, 0.49511524234088966)	('>10', 6.766574978658826)	('>50', 5.000474248316419)	('>100', 20.698093521767998)	('>500', 15.800056909797972)	('>1k', 36.17376458313573)	('>5k', 0.0)	('>10k+', 0.0)
ERR2836091_2	(1.0, 9.7638243384236)	(2.0, 3.057953144266338)	(3.0, 1.4796547472256474)	(4.0, 0.8270890638338234)	(5.0, 0.6544626766574978)	(6.0, 0.3983685857915204)	(7.0, 0.42492649151095513)	(8.0, 0.22763919188086884)	(9.0, 0.39267760599449875)	('>10', 6.954377311960543)	('>50', 7.060608934838282)	('>100', 37.594612539125485)	('>500', 10.829934553732334)	('>1k', 20.33387081475861)	('>5k', 0.0)	('>10k+', 0.0)
ERR2836092_1	(1.0, 8.237917919512535)	(2.0, 3.1661323403492703)	(3.0, 1.7264382006810173)	(4.0, 1.123080905633326)	(5.0, 0.9657699277166013)	(6.0, 0.6810171449053147)	(7.0, 0.5993747386447361)	(8.0, 0.5097672195782473)	(9.0, 0.48388060295903934)	('>10', 8.893048447798641)	('>50', 6.037555506879865)	('>100', 24.407096915510067)	('>500', 19.056532388139946)	('>1k', 24.11238774169139)	('>5k', 0.0)	('>10k+', 0.0)
ERR2836092_2	(1.0, 9.655707998964536)	(2.0, 2.9510742945896973)	(3.0, 1.5054063203170116)	(4.0, 0.8204066190087418)	(5.0, 0.5874270694358709)	(6.0, 0.4062207531014158)	(7.0, 0.3345347378482248)	(8.0, 0.2230231585654832)	(9.0, 0.28674406101276406)	('>10', 8.500766642107568)	('>50', 8.496784085704613)	('>100', 25.876660228200482)	('>500', 10.306855970847687)	('>1k', 30.048388060295906)	('>5k', 0.0)	('>10k+', 0.0)
ERR2836093_1	(1.0, 8.80989795715394)	(2.0, 3.465080659598592)	(3.0, 1.790225369482625)	(4.0, 1.018439321305671)	(5.0, 1.0244067392039464)	(6.0, 1.0263958785033716)	(7.0, 0.5848069540309908)	(8.0, 0.49330654625743436)	(9.0, 0.5549698645396137)	('>10', 9.478248761760787)	('>50', 5.80629761502198)	('>100', 23.300777753466075)	('>500', 19.103693831679035)	('>1k', 23.543452747995943)	('>5k', 0.0)	('>10k+', 0.0)
ERR2836093_2	(1.0, 9.384759214687804)	(2.0, 2.9956437849342588)	(3.0, 1.2949296839257654)	(4.0, 0.7081335905953494)	(5.0, 0.4674477353649076)	(6.0, 0.34611023809997415)	(7.0, 0.2367075766315915)	(8.0, 0.3341754023034233)	(9.0, 0.19692479064308874)	('>10', 4.543194159887017)	('>50', 4.561096413581843)	('>100', 25.00944841167227)	('>500', 15.487438585324131)	('>1k', 34.43399041234858)	('>5k', 0.0)	('>10k+', 0.0)
ERR2836094_1	(1.0, 7.892163442179741)	(2.0, 3.198281978026192)	(3.0, 1.8579947462274462)	(4.0, 1.2655072574923782)	(5.0, 0.9011945621536633)	(6.0, 0.6557628516096868)	(7.0, 0.7382125668705539)	(8.0, 0.47552393917895425)	(9.0, 0.4659367629858301)	('>10', 8.060897743178725)	('>50', 4.509807681245566)	('>100', 20.55490575805802)	('>500', 19.53866508158687)	('>1k', 29.885145629206374)	('>5k', 0.0)	('>10k+', 0.0)
ERR2836094_2	(1.0, 11.182482311659923)	(2.0, 2.7956205779149808)	(3.0, 1.7774624662052037)	(4.0, 1.2424980346288803)	(5.0, 0.6806895097118095)	(6.0, 0.5637259601556958)	(7.0, 0.25501888673710044)	(8.0, 0.23009222863497786)	(9.0, 0.3278814258048434)	('>10', 3.439878818092919)	('>50', 0.3585603896228405)	('>100', 0.0)	('>500', 19.15326059862328)	('>1k', 57.99282879220754)	('>5k', 0.0)	('>10k+', 0.0)
ERR2836095_1	(1.0, 10.109219785649781)	(2.0, 3.264666291809368)	(3.0, 1.8657670091499257)	(4.0, 1.260883640886708)	(5.0, 0.9627016987851216)	(6.0, 0.7360834227879159)	(7.0, 0.46516382967847464)	(8.0, 0.4498287583703931)	(9.0, 0.4447170679343659)	('>10', 7.369353711939206)	('>50', 4.682308439400909)	('>100', 21.733203837175623)	('>500', 18.34244918127758)	('>1k', 28.313653325154633)	('>5k', 0.0)	('>10k+', 0.0)
ERR2836095_2	(1.0, 11.037843548194722)	(2.0, 2.801206358942902)	(3.0, 1.5028369881919952)	(4.0, 0.7906081207722061)	(5.0, 0.5622859479629914)	(6.0, 0.3271481879057404)	(7.0, 0.39360016357409394)	(8.0, 0.35441053689788543)	(9.0, 0.38337678270203956)	('>10', 7.555078464448194)	('>50', 7.96230980251836)	('>100', 35.07641977201861)	('>500', 17.15994479374329)	('>1k', 14.092930532126974)	('>5k', 0.0)	('>10k+', 0.0)
ERR2836096_1	(1.0, 10.124649371773806)	(2.0, 3.6083586449567626)	(3.0, 1.976796295374197)	(4.0, 1.1751232385599761)	(5.0, 0.9128782220451792)	(6.0, 0.7469003634915102)	(7.0, 0.5228302544440572)	(8.0, 0.5576856047403277)	(9.0, 0.5527062689837176)	('>10', 6.503012498132748)	('>50', 3.361051635711796)	('>100', 22.441866255041578)	('>500', 21.349731945758435)	('>1k', 26.166409400985906)	('>5k', 0.0)	('>10k+', 0.0)
ERR2836096_2	(1.0, 9.381068565453369)	(2.0, 2.884695181662766)	(3.0, 1.3643379973111587)	(4.0, 0.7369416919782901)	(5.0, 0.4813357898056399)	(6.0, 0.42822287506846585)	(7.0, 0.267224352271407)	(8.0, 0.17261697289581568)	(9.0, 0.22407010904745306)	('>10', 4.453185944994938)	('>50', 7.678135736692725)	('>100', 30.304237414728874)	('>500', 19.075835283573173)	('>1k', 22.548092084515925)	('>5k', 0.0)	('>10k+', 0.0)
ERR2836097_1	(1.0, 10.572397287594734)	(2.0, 3.3705624252094135)	(3.0, 1.8189070602313524)	(4.0, 1.2524930195452733)	(5.0, 1.0071798962903868)	(6.0, 0.7538891104906262)	(7.0, 0.4607100119664938)	(8.0, 0.6382130035899481)	(9.0, 0.4846429996011169)	('>10', 6.615476665337056)	('>50', 6.015157558835262)	('>100', 24.515357000398883)	('>500', 17.55484642999601)	('>1k', 24.940167530913442)	('>5k', 0.0)	('>10k+', 0.0)
ERR2836097_2	(1.0, 9.136418029517351)	(2.0, 2.4252094136418028)	(3.0, 1.1487834064619067)	(4.0, 0.6461906661348226)	(5.0, 0.5684084563222976)	(6.0, 0.23932987634623054)	(7.0, 0.2652572796170722)	(8.0, 0.1276426007179896)	(9.0, 0.12564818508177103)	('>10', 2.710410849621061)	('>50', 5.883526126844835)	('>100', 22.030315117670522)	('>500', 14.110490626246511)	('>1k', 40.582369365775826)	('>5k', 0.0)	('>10k+', 0.0)
ERR2836098_1	(1.0, 10.617452313876079)	(2.0, 3.47036551885015)	(3.0, 2.0563799816971415)	(4.0, 1.3637423962389421)	(5.0, 1.166358628362253)	(6.0, 0.8290118250820938)	(7.0, 0.46474905345511314)	(8.0, 0.6603384234420141)	(9.0, 0.4198891062104111)	('>10', 7.2619282599723665)	('>50', 3.9494697554235674)	('>100', 20.902941018141362)	('>500', 21.71939205799494)	('>1k', 25.11798166125357)	('>5k', 0.0)	('>10k+', 0.0)
ERR2836098_2	(1.0, 8.198603958441746)	(2.0, 2.4080819680956056)	(3.0, 1.518060614760717)	(4.0, 0.9761524520447163)	(5.0, 0.6011232930790074)	(6.0, 0.36605716951676864)	(7.0, 0.2763372750273646)	(8.0, 0.22968292989287445)	(9.0, 0.2260941341132983)	('>10', 2.662886468445513)	('>50', 1.7872202982289291)	('>100', 0.4916650218019344)	('>500', 18.81246747653825)	('>1k', 61.44556694001327)	('>5k', 0.0)	('>10k+', 0.0)
ERR2836099_1	(1.0, 10.105043219417254)	(2.0, 3.4661400194630487)	(3.0, 2.009273570324575)	(4.0, 1.3910355486862442)	(5.0, 1.1019520293090617)	(6.0, 0.858663918942126)	(7.0, 0.6010647432594882)	(8.0, 0.5037494991127139)	(9.0, 0.5409582689335394)	('>10', 7.42887400538096)	('>50', 3.2242830156276834)	('>100', 17.286335794836567)	('>500', 21.692712805541245)	('>1k', 29.78991356116549)	('>5k', 0.0)	('>10k+', 0.0)
ERR2836099_2	(1.0, 9.830270765355772)	(2.0, 3.1083633865704963)	(3.0, 1.4683153013910355)	(4.0, 1.0074989982254279)	(5.0, 0.6726200698379987)	(6.0, 0.5066117121758543)	(7.0, 0.510905031770565)	(8.0, 0.3205678630717271)	(9.0, 0.46367851622874806)	('>10', 8.386284275001431)	('>50', 6.618867708512221)	('>100', 30.93050546682695)	('>500', 16.275974583548)	('>1k', 19.899536321483772)	('>5k', 0.0)	('>10k+', 0.0)
ERR2836100_1	(1.0, 9.591985897931982)	(2.0, 3.086977084139473)	(3.0, 1.9089384754288663)	(4.0, 1.1637072387749545)	(5.0, 1.0891841151095634)	(6.0, 0.6449116471043467)	(7.0, 0.6219814552073033)	(8.0, 0.5617897014775642)	(9.0, 0.42564168708886885)	('>10', 7.072531063244336)	('>50', 3.822176361838428)	('>100', 19.920604210556487)	('>500', 10.484830244923113)	('>1k', 32.2183527523396)	('>5k', 7.386388064835117)	('>10k+', 0.0)
ERR2836100_2	(1.0, 9.543259240150766)	(2.0, 2.654169712082778)	(3.0, 1.5262908981469538)	(4.0, 0.8942774839846941)	(5.0, 0.48726657781217303)	(6.0, 0.3783481663012167)	(7.0, 0.31099072760365165)	(8.0, 0.2407670149189561)	(9.0, 0.20637172707339094)	('>10', 4.703555612881035)	('>50', 4.9486220387806865)	('>100', 25.850925089929344)	('>500', 19.798787566103442)	('>1k', 28.456368144230908)	('>5k', 0.0)	('>10k+', 0.0)
ERR2836101_1	(1.0, 10.924940385010187)	(2.0, 3.7585079670893675)	(3.0, 2.075075407040096)	(4.0, 1.3012649432275794)	(5.0, 0.8764587906447895)	(6.0, 0.6916918023466987)	(7.0, 0.5527217598660834)	(8.0, 0.555880169922461)	(9.0, 0.3837468218498808)	('>10', 5.509846343350757)	('>50', 3.6527012302007167)	('>100', 31.528828387789588)	('>500', 23.108507177486853)	('>1k', 15.079828814174945)	('>5k', 0.0)	('>10k+', 0.0)
ERR2836101_2	(1.0, 9.451542093710026)	(2.0, 2.539361685327606)	(3.0, 1.1559780806342088)	(4.0, 0.7327511330796077)	(5.0, 0.48165753359758695)	(6.0, 0.4169101274418458)	(7.0, 0.3869052319062584)	(8.0, 0.13897004248061526)	(9.0, 0.09948991677589503)	('>10', 2.2472087551126765)	('>50', 4.867109896877912)	('>100', 19.2915686243545)	('>500', 22.49103801146503)	('>1k', 35.69950886723623)	('>5k', 0.0)	('>10k+', 0.0)
ERR2836102_1	(1.0, 10.62460722970573)	(2.0, 3.5219541517527797)	(3.0, 2.028743954752862)	(4.0, 1.4426623678242574)	(5.0, 1.0860952485040576)	(6.0, 0.7787098008142299)	(7.0, 0.5068444493018934)	(8.0, 0.4043826334052843)	(9.0, 0.5655892237492828)	('>10', 6.755649061449766)	('>50', 3.556108090384983)	('>100', 21.462335036476407)	('>500', 25.09084947676166)	('>1k', 22.175469275116807)	('>5k', 0.0)	('>10k+', 0.0)
ERR2836102_2	(1.0, 9.717478619634417)	(2.0, 2.3661848684390283)	(3.0, 1.5738134921719173)	(4.0, 1.0218858438755158)	(5.0, 0.6762479849176207)	(6.0, 0.4918167163037241)	(7.0, 0.3633979070466406)	(8.0, 0.41531189376758926)	(9.0, 0.2827946118746414)	('>10', 2.7145550424874996)	('>50', 1.3388343943823602)	('>100', 0.4166780513128774)	('>500', 1.2869204076614116)	('>1k', 70.19180851935846)	('>5k', 7.1422716467663045)	('>10k+', 0.0)
ERR2836103_1	(1.0, 14.191960623461854)	(2.0, 5.801476620180476)	(3.0, 2.904019688269073)	(4.0, 1.7719442165709598)	(5.0, 1.4273995077932733)	(6.0, 1.3584905660377358)	(7.0, 1.1714520098441346)	(8.0, 0.7875307629204267)	(9.0, 1.1517637407711239)	('>10', 20.66283839212469)	('>50', 10.848236259228877)	('>100', 30.35602953240361)	('>500', 7.566858080393765)	('>1k', 0.0)	('>5k', 0.0)	('>10k+', 0.0)
ERR2836103_2	(1.0, 16.095159967186216)	(2.0, 5.2502050861361775)	(3.0, 2.421657095980312)	(4.0, 1.509433962264151)	(5.0, 1.0500410172272354)	(6.0, 0.9056603773584906)	(7.0, 0.7809680065627563)	(8.0, 0.6037735849056604)	(9.0, 0.472518457752256)	('>10', 13.985233798195242)	('>50', 9.079573420836752)	('>100', 33.84413453650533)	('>500', 10.480721903199344)	('>1k', 3.520918785890074)	('>5k', 0.0)	('>10k+', 0.0)
ERR2836104_1	(1.0, 9.528158927199884)	(2.0, 4.130944720071409)	(3.0, 2.291740186411475)	(4.0, 1.1624769061507483)	(5.0, 1.1313391318788533)	(6.0, 0.8344923504867872)	(7.0, 0.7265480663442178)	(8.0, 0.7140929566354597)	(9.0, 0.8033545762148921)	('>10', 17.83779295455961)	('>50', 11.240736512154111)	('>100', 31.727316131442922)	('>500', 11.774230378012579)	('>1k', 6.09677620243705)	('>5k', 0.0)	('>10k+', 0.0)
ERR2836104_2	(1.0, 8.6230876216968)	(2.0, 2.9020405621406185)	(3.0, 1.3825171776721399)	(4.0, 0.8801610860855666)	(5.0, 0.653893259709796)	(6.0, 0.44838394951528865)	(7.0, 0.30515018786457143)	(8.0, 0.18267494239511758)	(9.0, 0.37365329126274055)	('>10', 6.754821165383099)	('>50', 10.013908205841446)	('>100', 25.699043032404045)	('>500', 22.269736159259338)	('>1k', 19.510929358769435)	('>5k', 0.0)	('>10k+', 0.0)
ERR2836105_1	(1.0, 9.596906762983028)	(2.0, 4.10270658238985)	(3.0, 1.7989858998402446)	(4.0, 1.0372531314394202)	(5.0, 0.7293186080433424)	(6.0, 0.9307494616934083)	(7.0, 0.6320761269708968)	(8.0, 0.7594174712324326)	(9.0, 0.41675349031048137)	('>10', 14.046907920631613)	('>50', 15.746336042231022)	('>100', 40.311638998865504)	('>500', 7.325600240790905)	('>1k', 2.565349262577852)	('>5k', 0.0)	('>10k+', 0.0)
ERR2836105_2	(1.0, 8.26561089115788)	(2.0, 2.727420064365261)	(3.0, 1.2849899284573176)	(4.0, 0.7408950938853002)	(5.0, 0.5093653770461438)	(6.0, 0.2778356602069876)	(7.0, 0.1620708017874094)	(8.0, 0.12965664142992753)	(9.0, 0.22921441967076475)	('>10', 3.1997406867171403)	('>50', 4.598180176425645)	('>100', 27.371443124725058)	('>500', 21.768423977217477)	('>1k', 28.73515315690769)	('>5k', 0.0)	('>10k+', 0.0)
ERR2836106_1	(1.0, 9.657560600230857)	(2.0, 4.090642149814706)	(3.0, 2.2174520564589617)	(4.0, 1.142139689354205)	(5.0, 0.9922844818857456)	(6.0, 0.7290253336303436)	(7.0, 0.5811951965330795)	(8.0, 0.7128247706607804)	(9.0, 0.3827383001559304)	('>10', 12.610113201433752)	('>50', 11.530750693586603)	('>100', 37.633907778295296)	('>500', 12.648589538486462)	('>1k', 5.070776209473279)	('>5k', 0.0)	('>10k+', 0.0)
ERR2836106_2	(1.0, 10.724772685850834)	(2.0, 2.847248941900731)	(3.0, 1.5734796784188252)	(4.0, 1.1097385634150787)	(5.0, 0.7188999817743666)	(6.0, 0.42526477795103385)	(7.0, 0.29768534456572365)	(8.0, 0.09720337781737916)	(9.0, 0.2004819667483445)	('>10', 2.2417529009133066)	('>50', 3.1672100605496043)	('>100', 3.728154553370729)	('>500', 26.406917640388006)	('>1k', 46.461189526336035)	('>5k', 0.0)	('>10k+', 0.0)
ERR2836107_1	(1.0, 8.588067020841846)	(2.0, 3.575807110747854)	(3.0, 1.9861054352268082)	(4.0, 1.4058030241111565)	(5.0, 0.8990600735594606)	(6.0, 0.8949734368614631)	(7.0, 0.5006129955046996)	(8.0, 0.5394360441356764)	(9.0, 0.4413567633837352)	('>10', 13.120147118921127)	('>50', 14.619942787086229)	('>100', 25.159378831221908)	('>500', 13.459337964854926)	('>1k', 14.809971393543114)	('>5k', 0.0)	('>10k+', 0.0)
ERR2836107_2	(1.0, 9.707805476093176)	(2.0, 3.1507968941561098)	(3.0, 1.71638741315897)	(4.0, 0.931753167143441)	(5.0, 0.6845116469145893)	(6.0, 0.723334695545566)	(7.0, 0.4863097670617082)	(8.0, 0.2451982018798529)	(9.0, 0.31262770739681245)	('>10', 5.6436452799346135)	('>50', 7.429505516959542)	('>100', 28.299959133633017)	('>500', 15.792807519411525)	('>1k', 24.875357580711075)	('>5k', 0.0)	('>10k+', 0.0)
ERR2836108_1	(1.0, 9.540108066785969)	(2.0, 4.214952134405893)	(3.0, 2.1265875566829404)	(4.0, 1.2717827544868565)	(5.0, 1.051131921399656)	(6.0, 0.8339559045815452)	(7.0, 0.6445784179161527)	(8.0, 0.486474277672568)	(9.0, 0.4221901766944073)	('>10', 15.563702069253088)	('>50', 10.605139253261983)	('>100', 32.520805462411175)	('>500', 13.913164341435447)	('>1k', 6.805427663012319)	('>5k', 0.0)	('>10k+', 0.0)
ERR2836108_2	(1.0, 10.129089424396685)	(2.0, 3.4018451274388863)	(3.0, 1.751307399621245)	(4.0, 0.9034522299633406)	(5.0, 0.6862762131452299)	(6.0, 0.4065535034835033)	(7.0, 0.41350313602168287)	(8.0, 0.2779853015271817)	(9.0, 0.21891342495265562)	('>10', 5.250447382594645)	('>50', 7.828761054259256)	('>100', 28.7245686884306)	('>500', 24.304602394148407)	('>1k', 15.70269472001668)	('>5k', 0.0)	('>10k+', 0.0)
ERR2836109_1	(1.0, 9.837380873172737)	(2.0, 4.403044950196669)	(3.0, 2.048883583491517)	(4.0, 1.3933191131289016)	(5.0, 0.7436253693665485)	(6.0, 0.8101602708361872)	(7.0, 0.6575213792293694)	(8.0, 0.5009686698890433)	(9.0, 0.5635897536251736)	('>10', 17.220798027435862)	('>50', 8.933288976732353)	('>100', 39.11860824641396)	('>500', 9.602551809162248)	('>1k', 4.166258977319426)	('>5k', 0.0)	('>10k+', 0.0)
ERR2836109_2	(1.0, 8.923504432398584)	(2.0, 2.8453454922604253)	(3.0, 1.3620085712608363)	(4.0, 0.9314886205749398)	(5.0, 0.6457799260288448)	(6.0, 0.5635897536251736)	(7.0, 0.260268879278292)	(8.0, 0.18786325120839123)	(9.0, 0.2817948768125868)	('>10', 4.125163891117591)	('>50', 6.745464863701297)	('>100', 10.671024050409972)	('>500', 22.531848691806424)	('>1k', 39.924854699516644)	('>5k', 0.0)	('>10k+', 0.0)
ERR2836110_1	(1.0, 9.603388687515805)	(2.0, 4.256933322093905)	(3.0, 2.1495405883840513)	(4.0, 1.374020062378825)	(5.0, 1.0010115485121807)	(6.0, 0.8471718789513614)	(7.0, 0.9293601955660458)	(8.0, 0.5394925398297227)	(9.0, 0.6448621765152154)	('>10', 16.829638371406897)	('>50', 12.798196071819945)	('>100', 32.1862092219506)	('>500', 11.613841355475007)	('>1k', 5.226333979600438)	('>5k', 0.0)	('>10k+', 0.0)
ERR2836110_2	(1.0, 10.381016606254741)	(2.0, 3.0009272528028323)	(3.0, 1.5299671246733542)	(4.0, 0.9778302284413722)	(5.0, 0.6532917474500548)	(6.0, 0.5816403945039197)	(7.0, 0.33929023012728654)	(8.0, 0.32032369552389783)	(9.0, 0.24656494984405292)	('>10', 2.1895810503245383)	('>50', 3.536205007165135)	('>100', 4.499283486470539)	('>500', 26.525752339205933)	('>1k', 45.21832588721234)	('>5k', 0.0)	('>10k+', 0.0)
ERR2836111_1	(1.0, 9.77284935922032)	(2.0, 4.504642774921342)	(3.0, 2.221625354922876)	(4.0, 1.2585373340495742)	(5.0, 0.997621057478321)	(6.0, 0.8287928785204512)	(7.0, 0.7251937687053949)	(8.0, 0.5525285856803008)	(9.0, 0.6561276954953572)	('>10', 24.767861253932928)	('>50', 14.120174967385465)	('>100', 27.783746450771236)	('>500', 7.919576394750978)	('>1k', 3.8907221241654515)	('>5k', 0.0)	('>10k+', 0.0)
ERR2836111_2	(1.0, 13.96285780062927)	(2.0, 3.944440181106592)	(3.0, 1.577008671629192)	(4.0, 1.0897091550917044)	(5.0, 0.5371805694114036)	(6.0, 0.5064845368736092)	(7.0, 0.4566034839996931)	(8.0, 0.4297444555291229)	(9.0, 0.4143964392602256)	('>10', 10.686056327219706)	('>50', 11.53403422607628)	('>100', 30.960785818432967)	('>500', 19.146650295449312)	('>1k', 4.754048039290922)	('>5k', 0.0)	('>10k+', 0.0)
ERR2836112_1	(1.0, 8.12921004286589)	(2.0, 4.357011635027557)	(3.0, 1.860073484384568)	(4.0, 1.1635027556644213)	(5.0, 0.7578077158603796)	(6.0, 0.6154317207593386)	(7.0, 0.6537048377219841)	(8.0, 0.5266380894060012)	(9.0, 0.4409063074096754)	('>10', 12.913349663196572)	('>50', 9.82088181261482)	('>100', 40.09797917942437)	('>500', 12.766380894060012)	('>1k', 5.8971218616044085)	('>5k', 0.0)	('>10k+', 0.0)
ERR2836112_2	(1.0, 8.89773423147581)	(2.0, 3.263931414574403)	(3.0, 1.8325168401714635)	(4.0, 0.9308022045315371)	(5.0, 0.6736068585425597)	(6.0, 0.33986527862829147)	(7.0, 0.39650949173300676)	(8.0, 0.2204531537048377)	(9.0, 0.1653398652786283)	('>10', 4.834660134721372)	('>50', 6.125229638701776)	('>100', 26.411512553582362)	('>500', 20.188303735456216)	('>1k', 25.719534598897738)	('>5k', 0.0)	('>10k+', 0.0)
ERR2836113_1	(1.0, 9.929078014184398)	(2.0, 4.678069809484078)	(3.0, 2.3529411764705883)	(4.0, 1.3572521207064385)	(5.0, 1.1403142817410652)	(6.0, 1.3016270337922404)	(7.0, 1.1681268251981645)	(8.0, 1.1570018078153248)	(9.0, 1.0012515644555695)	('>10', 26.544291475455427)	('>50', 17.94743429286608)	('>100', 26.750104297037964)	('>500', 4.672507300792658)	('>1k', 0.0)	('>5k', 0.0)	('>10k+', 0.0)
ERR2836113_2	(1.0, 10.513141426783479)	(2.0, 3.3319427061604783)	(3.0, 1.3016270337922404)	(4.0, 0.689751077736059)	(5.0, 0.3337505214851898)	(6.0, 0.23362536503963288)	(7.0, 0.21415658461966347)	(8.0, 0.2225003476567932)	(9.0, 0.1501877346683354)	('>10', 6.124322069253233)	('>50', 10.221109720483938)	('>100', 26.978167153386178)	('>500', 30.19607843137255)	('>1k', 9.48963982756223)	('>5k', 0.0)	('>10k+', 0.0)
ERR2836114_1	(1.0, 9.84789301962226)	(2.0, 4.599972427737696)	(3.0, 2.2333532466338863)	(4.0, 1.3602316070033547)	(5.0, 1.2177749184320574)	(6.0, 1.1856072790772483)	(7.0, 0.7237718854832039)	(8.0, 0.8455493773264097)	(9.0, 0.951243049492211)	('>10', 25.067781811497635)	('>50', 17.515279628693534)	('>100', 30.338679288635635)	('>500', 4.112862460364873)	('>1k', 0.0)	('>5k', 0.0)	('>10k+', 0.0)
ERR2836114_2	(1.0, 11.980147971141033)	(2.0, 2.9502320665410595)	(3.0, 1.7163733284315978)	(4.0, 1.2958963282937366)	(5.0, 0.6203759018427463)	(6.0, 0.5790175083865632)	(7.0, 0.3699278525803042)	(8.0, 0.2573411148384725)	(9.0, 0.24815036073709845)	('>10', 3.7130646569551033)	('>50', 0.574422131335876)	('>100', 0.23666191811038095)	('>500', 32.3123937319057)	('>1k', 43.145995128900324)	('>5k', 0.0)	('>10k+', 0.0)
ERR2836115_1	(1.0, 8.514862718402542)	(2.0, 4.3983057257393545)	(3.0, 1.786929884275017)	(4.0, 1.2933968686181077)	(5.0, 0.9076469253460404)	(6.0, 0.6353528477422283)	(7.0, 0.688298918387414)	(8.0, 0.710990091521065)	(9.0, 0.4594962559564329)	('>10', 13.204371832690418)	('>50', 13.701686710536269)	('>100', 34.416836850465174)	('>500', 14.696316466227971)	('>1k', 4.585507904091974)	('>5k', 0.0)	('>10k+', 0.0)
ERR2836115_2	(1.0, 11.058165040465925)	(2.0, 3.5625141819832082)	(3.0, 1.8776945768096212)	(4.0, 0.9681567203691097)	(5.0, 0.6050979502306936)	(6.0, 0.6240072611754027)	(7.0, 0.3970955298388926)	(8.0, 0.13614703880190604)	(9.0, 0.3063308373042886)	('>10', 7.966492701005976)	('>50', 7.628016035095681)	('>100', 32.011572498298165)	('>500', 15.17094017094017)	('>1k', 17.687769457680965)	('>5k', 0.0)	('>10k+', 0.0)
ERR2836116_1	(1.0, 8.907309121990975)	(2.0, 4.52024569145447)	(3.0, 2.003697298586678)	(4.0, 1.3198958395451925)	(5.0, 1.003836444232413)	(6.0, 0.7752400262388932)	(7.0, 0.6400699703818554)	(8.0, 0.47707078537778047)	(9.0, 0.42936370684000236)	('>10', 12.725863199952292)	('>50', 14.822986860675453)	('>100', 36.1202218379152)	('>500', 11.737929115232474)	('>1k', 4.516270101576322)	('>5k', 0.0)	('>10k+', 0.0)
ERR2836116_2	(1.0, 10.575069075874133)	(2.0, 3.482616733257797)	(3.0, 1.699564672908343)	(4.0, 0.8269226946548194)	(5.0, 0.536704633550003)	(6.0, 0.4889975550122249)	(7.0, 0.2782912914703719)	(8.0, 0.27034011171407557)	(9.0, 0.17890154451666768)	('>10', 5.665215576361143)	('>50', 4.792573598107619)	('>100', 35.26745780905242)	('>500', 27.01015763213867)	('>1k', 8.927187071381717)	('>5k', 0.0)	('>10k+', 0.0)
ERR2836117_1	(1.0, 8.548427854590088)	(2.0, 4.198404389733223)	(3.0, 2.160571820511895)	(4.0, 1.2201725569474027)	(5.0, 0.9385942745749251)	(6.0, 0.7689253095556117)	(7.0, 0.6570159922024476)	(8.0, 0.5487166528284178)	(9.0, 0.584816432619761)	('>10', 13.988664669145518)	('>50', 11.824482870654489)	('>100', 30.809357062921915)	('>500', 15.999422403523338)	('>1k', 7.752427710190968)	('>5k', 0.0)	('>10k+', 0.0)
ERR2836117_2	(1.0, 9.129634309230713)	(2.0, 2.8952023392657305)	(3.0, 1.4512111476119995)	(4.0, 0.9313743186166564)	(5.0, 0.5595465867658207)	(6.0, 0.2924082163098805)	(7.0, 0.29060322732031335)	(8.0, 0.24547850258113424)	(9.0, 0.14620410815494025)	('>10', 3.3699144435218944)	('>50', 6.812028446626475)	('>100', 22.273564131258798)	('>500', 21.6634778527851)	('>1k', 29.939352369950544)	('>5k', 0.0)	('>10k+', 0.0)
ERR2836118_1	(1.0, 7.8483791583308244)	(2.0, 4.203034541366429)	(3.0, 1.7952304233132093)	(4.0, 1.2039020590266096)	(5.0, 0.6550643556468317)	(6.0, 0.754209231096082)	(7.0, 0.4833312678150948)	(8.0, 0.35408884089017933)	(9.0, 0.5895579200821486)	('>10', 12.0461023670839)	('>50', 9.000938335428359)	('>100', 38.98164049359985)	('>500', 14.88943575943204)	('>1k', 7.1950852468884445)	('>5k', 0.0)	('>10k+', 0.0)
ERR2836118_2	(1.0, 12.456845422516508)	(2.0, 2.8893649416638634)	(3.0, 1.6624471079793919)	(4.0, 1.0693482994883416)	(5.0, 0.7435865658693765)	(6.0, 0.49926526565515283)	(7.0, 0.34700706407237575)	(8.0, 0.33992528725457216)	(9.0, 0.35054795248127757)	('>10', 2.4857036630490588)	('>50', 0.8480427739319795)	('>100', 11.389267567232618)	('>500', 21.76052971690597)	('>1k', 43.15811837189951)	('>5k', 0.0)	('>10k+', 0.0)
ERR2836119_1	(1.0, 8.503285032850329)	(2.0, 3.600036000360004)	(3.0, 1.976419764197642)	(4.0, 1.2672126721267214)	(5.0, 0.7560075600756008)	(6.0, 0.6696066960669607)	(7.0, 0.7686076860768607)	(8.0, 0.44640446404464046)	(9.0, 0.3888038880388804)	('>10', 7.8534785347853475)	('>50', 4.159841598415984)	('>100', 25.094050940509405)	('>500', 20.50580505805058)	('>1k', 24.01044010440104)	('>5k', 0.0)	('>10k+', 0.0)
ERR2836119_2	(1.0, 11.35631356313563)	(2.0, 3.668436684366844)	(3.0, 1.7820178201782018)	(4.0, 1.1376113761137612)	(5.0, 0.7290072900729007)	(6.0, 0.5292052920529206)	(7.0, 0.36540365403654035)	(8.0, 0.43200432004320044)	(9.0, 0.2592025920259203)	('>10', 7.941679416794168)	('>50', 6.915669156691568)	('>100', 41.90441904419045)	('>500', 18.24678246782468)	('>1k', 4.732247322473225)	('>5k', 0.0)	('>10k+', 0.0)
ERR2836120_1	(1.0, 7.92724630247072)	(2.0, 3.3170898520988286)	(3.0, 1.8786868427802)	(4.0, 1.2994784987603658)	(5.0, 0.8335470633495767)	(6.0, 0.6668376506796614)	(7.0, 0.5984440454817475)	(8.0, 0.49585363768487645)	(9.0, 0.3654783277763529)	('>10', 7.2604086517910575)	('>50', 4.838847567752415)	('>100', 24.519107463452166)	('>500', 17.51731213131572)	('>1k', 28.48166196460631)	('>5k', 0.0)	('>10k+', 0.0)
ERR2836120_2	(1.0, 8.77147986663247)	(2.0, 3.2273232452765663)	(3.0, 1.6029751218261092)	(4.0, 0.8378216636744463)	(5.0, 0.5343250406087031)	(6.0, 0.28212362144139524)	(7.0, 0.3291442250149611)	(8.0, 0.30777122339061297)	(9.0, 0.23082841754295974)	('>10', 3.7958450884842265)	('>50', 7.86098999743524)	('>100', 32.380097460887406)	('>500', 31.01436265709156)	('>1k', 8.82491237069334)	('>5k', 0.0)	('>10k+', 0.0)
ERR2836121_1	(1.0, 8.502833494015567)	(2.0, 3.0898017729912763)	(3.0, 1.9540527194488209)	(4.0, 1.2791873398076516)	(5.0, 0.8347637971171256)	(6.0, 0.7900862981164908)	(7.0, 0.5761045923766078)	(8.0, 0.677216826956992)	(9.0, 0.5079126202177441)	('>10', 8.044301267430102)	('>50', 4.653514238013497)	('>100', 23.672020128389022)	('>500', 16.596515155077952)	('>1k', 28.821689750041152)	('>5k', 0.0)	('>10k+', 0.0)
ERR2836121_2	(1.0, 8.585134150069369)	(2.0, 2.9581207233051945)	(3.0, 1.3050532602817033)	(4.0, 0.592564723587368)	(5.0, 0.7524631410633245)	(6.0, 0.31039104568862136)	(7.0, 0.21398170573988287)	(8.0, 0.11286947115949866)	(9.0, 0.169304206739248)	('>10', 5.248430408916689)	('>50', 9.168293084393445)	('>100', 17.753427234462812)	('>500', 23.973005384814353)	('>1k', 28.856961459778496)	('>5k', 0.0)	('>10k+', 0.0)
ERR2836122_1	(1.0, 7.87469641460503)	(2.0, 3.0502613921705843)	(3.0, 1.8091631334129172)	(4.0, 1.2349236405548925)	(5.0, 0.8953196394022969)	(6.0, 0.6298110566829951)	(7.0, 0.6771497962375993)	(8.0, 0.4939694562219569)	(9.0, 0.3890009467747911)	('>10', 8.53949697443708)	('>50', 5.10640925369448)	('>100', 21.277734326760793)	('>500', 16.626188614004032)	('>1k', 31.39587535504055)	('>5k', 0.0)	('>10k+', 0.0)
ERR2836122_2	(1.0, 10.35277651998518)	(2.0, 2.6756678878689337)	(3.0, 1.4016383320298027)	(4.0, 0.8562137241180587)	(5.0, 0.566006668587659)	(6.0, 0.4322232741942123)	(7.0, 0.2881488494628082)	(8.0, 0.23051907957024656)	(9.0, 0.240810109908204)	('>10', 2.416333923352406)	('>50', 2.774461779113325)	('>100', 13.759107561849094)	('>500', 9.002593339645165)	('>1k', 55.00349895031491)	('>5k', 0.0)	('>10k+', 0.0)
ERR2836123_1	(1.0, 8.287982704636947)	(2.0, 3.3323393469509464)	(3.0, 1.8842254361115252)	(4.0, 1.244967943939168)	(5.0, 0.8945877441479051)	(6.0, 0.8386760101386611)	(7.0, 0.6262114209035335)	(8.0, 0.6113016251677352)	(9.0, 0.3186968838526912)	('>10', 9.467720292231995)	('>50', 5.61167437006113)	('>100', 22.98904130013419)	('>500', 18.35582227523483)	('>1k', 25.536752646488743)	('>5k', 0.0)	('>10k+', 0.0)
ERR2836123_2	(1.0, 10.118160131206203)	(2.0, 3.265245266139854)	(3.0, 1.6158491128671535)	(4.0, 1.0362308036379901)	(5.0, 0.7268525421201729)	(6.0, 0.6821231549127776)	(7.0, 0.6001192783658864)	(8.0, 0.47711346354554945)	(9.0, 0.26837632324437155)	('>10', 11.158118383778143)	('>50', 8.519084538541822)	('>100', 32.954376025048454)	('>500', 11.491725063366632)	('>1k', 17.08662591322499)	('>5k', 0.0)	('>10k+', 0.0)
ERR2836124_1	(1.0, 8.8868407578085)	(2.0, 3.3425499231950844)	(3.0, 1.8678955453149002)	(4.0, 1.146953405017921)	(5.0, 1.0752688172043012)	(6.0, 0.7127496159754224)	(7.0, 0.7311827956989247)	(8.0, 0.7045570916538658)	(9.0, 0.4055299539170507)	('>10', 10.607270865335382)	('>50', 6.261136712749615)	('>100', 25.568868407578083)	('>500', 18.158730158730158)	('>1k', 20.53046594982079)	('>5k', 0.0)	('>10k+', 0.0)
ERR2836124_2	(1.0, 9.31899641577061)	(2.0, 2.7649769585253456)	(3.0, 1.5913978494623657)	(4.0, 0.7537122375832053)	(5.0, 0.6861239119303636)	(6.0, 0.565284178187404)	(7.0, 0.3870967741935484)	(8.0, 0.3604710701484895)	(9.0, 0.4055299539170507)	('>10', 9.478750640040962)	('>50', 7.623143881208397)	('>100', 22.076804915514593)	('>500', 8.630824372759857)	('>1k', 35.35688684075781)	('>5k', 0.0)	('>10k+', 0.0)
ERR2836125_1	(1.0, 9.081428695576605)	(2.0, 3.471799774050578)	(3.0, 1.7858694707569307)	(4.0, 1.0689145737377248)	(5.0, 0.9233510037368559)	(6.0, 0.6648127226905362)	(7.0, 0.7756148431389589)	(8.0, 0.6778482662727036)	(9.0, 0.5083861997045277)	('>10', 9.313895889458589)	('>50', 5.703050317198227)	('>100', 25.658294950899453)	('>500', 18.53437038324498)	('>1k', 21.83236290953333)	('>5k', 0.0)	('>10k+', 0.0)
ERR2836125_2	(1.0, 8.59259581124533)	(2.0, 2.7461545146432607)	(3.0, 1.4795341965759972)	(4.0, 0.8168940644824889)	(5.0, 0.4671069783609976)	(6.0, 0.23463978447901276)	(7.0, 0.167289475971148)	(8.0, 0.20856869731467803)	(9.0, 0.23463978447901276)	('>10', 3.606500391066308)	('>50', 7.743112887807421)	('>100', 22.019205700877727)	('>500', 23.220648301034153)	('>1k', 28.46310941166247)	('>5k', 0.0)	('>10k+', 0.0)
ERR2836126_1	(1.0, 8.487287047341837)	(2.0, 3.4688810889478643)	(3.0, 1.8594298433353311)	(4.0, 1.1505864223953428)	(5.0, 0.7790428901635134)	(6.0, 0.6677510487115829)	(7.0, 0.6831606882972349)	(8.0, 0.49310846674086123)	(9.0, 0.4622891875695574)	('>10', 8.343463744542419)	('>50', 7.186028593442343)	('>100', 23.97568701309819)	('>500', 16.00205461861142)	('>1k', 26.441229346802498)	('>5k', 0.0)	('>10k+', 0.0)
ERR2836126_2	(1.0, 10.507662015238422)	(2.0, 2.869617327283623)	(3.0, 1.7772450988785204)	(4.0, 1.0889478640527352)	(5.0, 0.7961647119253488)	(6.0, 0.5136546528550637)	(7.0, 0.539337385497817)	(8.0, 0.3287389778272408)	(9.0, 0.32360243129869015)	('>10', 2.355962674428559)	('>50', 2.4672545158804895)	('>100', 9.660131838027567)	('>500', 23.246297406044004)	('>1k', 43.52538310076192)	('>5k', 0.0)	('>10k+', 0.0)
ERR2836127_1	(1.0, 12.52957721326845)	(2.0, 4.018036519487477)	(3.0, 2.1161659002634043)	(4.0, 1.5357828474485469)	(5.0, 0.8259297290057591)	(6.0, 0.8437876690923702)	(7.0, 0.7969105763650163)	(8.0, 0.6428858431179963)	(9.0, 0.6227956605205589)	('>10', 7.096298941917049)	('>50', 3.747935175677486)	('>100', 32.50145095763204)	('>500', 18.853520246439572)	('>1k', 13.868922719764276)	('>5k', 0.0)	('>10k+', 0.0)
ERR2836127_2	(1.0, 10.654493504174294)	(2.0, 3.352828251261217)	(3.0, 1.4732800571454083)	(4.0, 0.937541854547078)	(5.0, 0.7031563909103085)	(6.0, 0.5893120228581633)	(7.0, 0.5000223224251082)	(8.0, 0.3393008616456092)	(9.0, 0.261172373766686)	('>10', 9.272735389972766)	('>50', 9.64551988928077)	('>100', 33.1242466181526)	('>500', 7.707933389883477)	('>1k', 21.438457073976515)	('>5k', 0.0)	('>10k+', 0.0)
ERR2836128_1	(1.0, 12.962332266194402)	(2.0, 4.018799809277297)	(3.0, 2.2886724337579185)	(4.0, 1.2987307858229458)	(5.0, 0.9763185977340327)	(6.0, 0.5994142088413595)	(7.0, 0.5244874327361896)	(8.0, 0.472265740299253)	(9.0, 0.5517335331380696)	('>10', 5.242603818995073)	('>50', 6.507276979315668)	('>100', 37.92884226778376)	('>500', 18.777104193628954)	('>1k', 7.851417932475082)	('>5k', 0.0)	('>10k+', 0.0)
ERR2836128_2	(1.0, 8.941261948550281)	(2.0, 3.0697273119451447)	(3.0, 1.3827395953954091)	(4.0, 0.6175782757759463)	(5.0, 0.47680675703289965)	(6.0, 0.29970710442067977)	(7.0, 0.31787117135526644)	(8.0, 0.2542969370842132)	(9.0, 0.3065186295211498)	('>10', 5.208546193492723)	('>50', 3.1196784960152577)	('>100', 43.482505733033626)	('>500', 26.213019094975365)	('>1k', 6.309742751402039)	('>5k', 0.0)	('>10k+', 0.0)
ERR2836129_1	(1.0, 13.15128162171218)	(2.0, 4.121293348969677)	(3.0, 2.136036186965991)	(4.0, 1.7088289495727926)	(5.0, 1.102920645557603)	(6.0, 0.8544144747863963)	(7.0, 0.5472720165298486)	(8.0, 0.7371418998157144)	(9.0, 0.4020773998994806)	('>10', 8.806611939465013)	('>50', 4.671357569665494)	('>100', 32.557100575194056)	('>500', 14.52225386720277)	('>1k', 14.681409504662982)	('>5k', 0.0)	('>10k+', 0.0)
ERR2836129_2	(1.0, 8.697715976992237)	(2.0, 2.797788574300553)	(3.0, 1.3988942871502765)	(4.0, 0.6924666331602167)	(5.0, 0.3350644999162339)	(6.0, 0.1842854749539286)	(7.0, 0.25409057910314403)	(8.0, 0.13402579996649355)	(9.0, 0.15077902496230525)	('>10', 5.989277936002681)	('>50', 8.982520801921035)	('>100', 22.281789244429554)	('>500', 37.538392807282065)	('>1k', 10.562908359859273)	('>5k', 0.0)	('>10k+', 0.0)
ERR2836130_1	(1.0, 13.830797111871817)	(2.0, 4.401231194085666)	(3.0, 2.1402065414377356)	(4.0, 1.415297874176567)	(5.0, 1.1074993527601185)	(6.0, 0.6213502862238587)	(7.0, 0.8054540747346316)	(8.0, 0.5292983919684722)	(9.0, 0.49190230992722145)	('>10', 10.019273365359721)	('>50', 5.943100422863389)	('>100', 33.59606478152058)	('>500', 13.163420878520265)	('>1k', 11.935103414549953)	('>5k', 0.0)	('>10k+', 0.0)
ERR2836130_2	(1.0, 10.450766619681845)	(2.0, 2.8708684520898657)	(3.0, 1.5965250409918592)	(4.0, 1.0355838103730979)	(5.0, 0.5753243390961654)	(6.0, 0.32793487328481435)	(7.0, 0.2214998705520237)	(8.0, 0.11506486781923309)	(9.0, 0.15533757155596467)	('>10', 3.797140638034692)	('>50', 1.56488220234157)	('>100', 8.969306446509218)	('>500', 32.70143543422604)	('>1k', 35.6183298334436)	('>5k', 0.0)	('>10k+', 0.0)
ERR2836131_1	(1.0, 12.48132694586102)	(2.0, 3.9664142584865814)	(3.0, 1.923968474733426)	(4.0, 1.3084015865657033)	(5.0, 1.2105290269407099)	(6.0, 0.9581208468552002)	(7.0, 0.7572245402565291)	(8.0, 0.4945139854736517)	(9.0, 0.6258692628650904)	('>10', 9.509091845670428)	('>50', 6.874259516818626)	('>100', 21.508782774429505)	('>500', 14.443929325709576)	('>1k', 23.93756760933395)	('>5k', 0.0)	('>10k+', 0.0)
ERR2836131_2	(1.0, 9.843919023334879)	(2.0, 3.2967599031576778)	(3.0, 1.607170452789368)	(4.0, 0.7932828516973162)	(5.0, 0.6567763869571936)	(6.0, 0.44815329933549686)	(7.0, 0.3245248029670839)	(8.0, 0.4326997372894452)	(9.0, 0.4172461752433936)	('>10', 9.771802400453304)	('>50', 10.19162416937104)	('>100', 24.957502704373358)	('>500', 17.040127749446246)	('>1k', 20.218410343584196)	('>5k', 0.0)	('>10k+', 0.0)
ERR2836132_1	(1.0, 14.054210222198876)	(2.0, 4.218101591637337)	(3.0, 2.2377475442559227)	(4.0, 1.397278983033041)	(5.0, 1.1819089142196775)	(6.0, 0.6145926353942323)	(7.0, 0.6067132426327677)	(8.0, 0.5252928507643011)	(9.0, 0.4491253874034774)	('>10', 6.4190786363397585)	('>50', 5.79135367967642)	('>100', 44.83111834847928)	('>500', 11.493407574722909)	('>1k', 6.180070389242003)	('>5k', 0.0)	('>10k+', 0.0)
ERR2836132_2	(1.0, 10.314125124757052)	(2.0, 3.0887219624940907)	(3.0, 1.402531911540684)	(4.0, 0.8824919892840258)	(5.0, 0.5646898145716237)	(6.0, 0.42548720911908383)	(7.0, 0.23900824709775698)	(8.0, 0.33618742448915273)	(9.0, 0.4018490308346903)	('>10', 9.116457425014445)	('>50', 10.718600619845564)	('>100', 31.80385564952461)	('>500', 13.434364658297001)	('>1k', 17.27162893313022)	('>5k', 0.0)	('>10k+', 0.0)
ERR2836133_1	(1.0, 13.861662617631454)	(2.0, 4.104883974197872)	(3.0, 2.144592443662562)	(4.0, 1.5525955711932087)	(5.0, 1.1448996118511072)	(6.0, 0.7707129094412332)	(7.0, 0.6841473290329787)	(8.0, 0.4914691016726704)	(9.0, 0.6031666247800955)	('>10', 6.830303538019045)	('>50', 5.048728044455615)	('>100', 38.164251207729464)	('>500', 15.875010471642792)	('>1k', 8.723576554689899)	('>5k', 0.0)	('>10k+', 0.0)
ERR2836133_2	(1.0, 9.432855826422049)	(2.0, 2.809192706151741)	(3.0, 1.2482198207254755)	(4.0, 0.6255061294015805)	(5.0, 0.4607522828181285)	(6.0, 0.30158331239004776)	(7.0, 0.2541118650693921)	(8.0, 0.20105554159336514)	(9.0, 0.050263885398341285)	('>10', 5.221859205272123)	('>50', 8.944179162827064)	('>100', 32.46209265309542)	('>500', 28.675546619753707)	('>1k', 9.312780989081567)	('>5k', 0.0)	('>10k+', 0.0)
ERR2836134_1	(1.0, 13.976756500654943)	(2.0, 4.3031130681976535)	(3.0, 2.3995986733926036)	(4.0, 1.2708675900894624)	(5.0, 1.1426660349488587)	(6.0, 0.8026532147933446)	(7.0, 0.7413394275521864)	(8.0, 0.8472450600596416)	(9.0, 0.5769069981327164)	('>10', 9.93283353306764)	('>50', 7.296340681697834)	('>100', 34.97672863075165)	('>500', 13.73986232267774)	('>1k', 7.993088263983723)	('>5k', 0.0)	('>10k+', 0.0)
ERR2836134_2	(1.0, 9.840862852205904)	(2.0, 2.736824503218974)	(3.0, 1.4464479808255066)	(4.0, 0.8360970987430674)	(5.0, 0.6410077757030184)	(6.0, 0.384604665421811)	(7.0, 0.2536161199520638)	(8.0, 0.22295922633148463)	(9.0, 0.20066330369833615)	('>10', 3.572921601962041)	('>50', 1.0283994314539728)	('>100', 7.859312728184833)	('>500', 36.593183021654916)	('>1k', 34.38309969064407)	('>5k', 0.0)	('>10k+', 0.0)
ERR2836135_1	(1.0, 9.659911894273128)	(2.0, 4.468722466960353)	(3.0, 2.1409691629955945)	(4.0, 1.4026431718061674)	(5.0, 0.9427312775330398)	(6.0, 0.9409691629955946)	(7.0, 0.7524229074889868)	(8.0, 0.8317180616740089)	(9.0, 0.7612334801762114)	('>10', 17.0431718061674)	('>50', 12.67488986784141)	('>100', 32.55330396475771)	('>500', 10.569162995594713)	('>1k', 5.2581497797356835)	('>5k', 0.0)	('>10k+', 0.0)
ERR2836135_2	(1.0, 10.156828193832599)	(2.0, 3.1718061674008813)	(3.0, 1.8449339207048456)	(4.0, 1.1348017621145374)	(5.0, 0.8634361233480177)	(6.0, 0.771806167400881)	(7.0, 0.5920704845814978)	(8.0, 0.507488986784141)	(9.0, 0.507488986784141)	('>10', 10.176211453744493)	('>50', 9.62114537444934)	('>100', 21.968281938325994)	('>500', 16.1568281938326)	('>1k', 22.526872246696037)	('>5k', 0.0)	('>10k+', 0.0)
ERR2836136_1	(1.0, 9.821410472116925)	(2.0, 4.252903853560641)	(3.0, 2.2622691613792547)	(4.0, 1.1757312845877845)	(5.0, 0.810849161784679)	(6.0, 0.65678782104559)	(7.0, 0.5392146925868115)	(8.0, 0.5513774300135817)	(9.0, 0.5108349719243478)	('>10', 15.97575561006264)	('>50', 11.5586548012406)	('>100', 44.40818146804241)	('>500', 7.476029271654741)	('>1k', 0.0)	('>5k', 0.0)	('>10k+', 0.0)
ERR2836136_2	(1.0, 8.749062455656686)	(2.0, 3.251505138756563)	(3.0, 1.5993999716202794)	(4.0, 0.9811274857594615)	(5.0, 0.6486793294277432)	(6.0, 0.45002128479049686)	(7.0, 0.35474650828079707)	(8.0, 0.3243396647138716)	(9.0, 0.21892927368186332)	('>10', 6.527335752366666)	('>50', 3.375159635928726)	('>100', 39.166041637104456)	('>500', 30.97849222598366)	('>1k', 3.375159635928726)	('>5k', 0.0)	('>10k+', 0.0)
ERR2836137_1	(1.0, 10.21042618843236)	(2.0, 4.528687098345823)	(3.0, 2.2898638145836716)	(4.0, 1.4476950560285826)	(5.0, 0.8816091687353549)	(6.0, 0.7238475280142913)	(7.0, 0.6496067559102614)	(8.0, 0.6496067559102614)	(9.0, 0.7308076003990441)	('>10', 17.743544532863144)	('>50', 13.430619678444655)	('>100', 39.97865577802009)	('>500', 6.73503004431246)	('>1k', 0.0)	('>5k', 0.0)	('>10k+', 0.0)
ERR2836137_2	(1.0, 8.331206644549104)	(2.0, 3.090272138830244)	(3.0, 1.3572141150267962)	(4.0, 0.77024801057931)	(5.0, 0.5336055494977148)	(6.0, 0.33408347446813447)	(7.0, 0.11368118228429576)	(8.0, 0.25984270236410456)	(9.0, 0.16704173723406723)	('>10', 4.714289028605897)	('>50', 5.711899403753799)	('>100', 30.0582326056191)	('>500', 26.193072407953043)	('>1k', 18.365310999234392)	('>5k', 0.0)	('>10k+', 0.0)
ERR2836138_1	(1.0, 9.17442020575565)	(2.0, 3.85545960619234)	(3.0, 2.0477211479827684)	(4.0, 1.1015598874835257)	(5.0, 0.924523476995102)	(6.0, 0.578318940928851)	(7.0, 0.6196274367094833)	(8.0, 0.3776776757086374)	(9.0, 0.44259102622105945)	('>10', 14.03111906682141)	('>50', 16.633554301001237)	('>100', 35.45449180714834)	('>500', 9.796014713692783)	('>1k', 4.962920707358814)	('>5k', 0.0)	('>10k+', 0.0)
ERR2836138_2	(1.0, 10.067470543108366)	(2.0, 2.8561874225465704)	(3.0, 1.4989082754686547)	(4.0, 0.9520624741821901)	(5.0, 0.6097920805712375)	(6.0, 0.43668981253811195)	(7.0, 0.31669846765151366)	(8.0, 0.20457540767551194)	(9.0, 0.2301473336349509)	('>10', 1.7467592501524478)	('>50', 0.11999134488659834)	('>100', 20.71522709837323)	('>500', 12.746621555166513)	('>1k', 47.498868934044104)	('>5k', 0.0)	('>10k+', 0.0)
ERR2836139_1	(1.0, 9.275830258302584)	(2.0, 4.4926199261992625)	(3.0, 2.1863468634686347)	(4.0, 1.2915129151291513)	(5.0, 0.9571033210332104)	(6.0, 0.8579335793357934)	(7.0, 0.66190036900369)	(8.0, 0.6273062730627307)	(9.0, 0.4566420664206642)	('>10', 17.78367158671587)	('>50', 15.242158671586717)	('>100', 31.196955719557195)	('>500', 12.446955719557195)	('>1k', 2.5230627306273066)	('>5k', 0.0)	('>10k+', 0.0)
ERR2836139_2	(1.0, 10.562730627306273)	(2.0, 3.4594095940959413)	(3.0, 1.6605166051660518)	(4.0, 1.0701107011070112)	(5.0, 0.7726014760147601)	(6.0, 0.4843173431734318)	(7.0, 0.43588560885608857)	(8.0, 0.36900369003690037)	(9.0, 0.2698339483394834)	('>10', 11.02629151291513)	('>50', 9.255073800738007)	('>100', 30.5719557195572)	('>500', 22.359317343173434)	('>1k', 7.702952029520295)	('>5k', 0.0)	('>10k+', 0.0)
ERR2836140_1	(1.0, 10.381209271238632)	(2.0, 4.654715584942592)	(3.0, 2.1626524717733275)	(4.0, 1.2794500274508867)	(5.0, 0.89513761248896)	(6.0, 0.8736543097892249)	(7.0, 0.6516601818919628)	(8.0, 0.5346955338600721)	(9.0, 0.6874656863915213)	('>10', 22.731721289952976)	('>50', 14.062015133793235)	('>100', 34.72417826367173)	('>500', 6.361444632754876)	('>1k', 0.0)	('>5k', 0.0)	('>10k+', 0.0)
ERR2836140_2	(1.0, 10.474303582937484)	(2.0, 3.155658463227747)	(3.0, 1.360609170983219)	(4.0, 0.6397250137254433)	(5.0, 0.513212231160337)	(6.0, 0.4439882557945241)	(7.0, 0.3508939440956723)	(8.0, 0.21005895973074262)	(9.0, 0.2148330269973504)	('>10', 10.491012818370612)	('>50', 11.075836058530065)	('>100', 34.97959086243525)	('>500', 18.886210106700403)	('>1k', 7.20406750531115)	('>5k', 0.0)	('>10k+', 0.0)
ERR2836141_1	(1.0, 77.89473684210526)	(2.0, 8.421052631578947)	(3.0, 4.736842105263158)	(4.0, 6.315789473684211)	(5.0, 2.631578947368421)	(6.0, 0.0)	(7.0, 0.0)	(8.0, 0.0)	(9.0, 0.0)	('>10', 0.0)	('>50', 0.0)	('>100', 0.0)	('>500', 0.0)	('>1k', 0.0)	('>5k', 0.0)	('>10k+', 0.0)
ERR2836141_2	(1.0, 91.57894736842105)	(2.0, 5.263157894736842)	(3.0, 3.1578947368421053)	(4.0, 0.0)	(5.0, 0.0)	(6.0, 0.0)	(7.0, 0.0)	(8.0, 0.0)	(9.0, 0.0)	('>10', 0.0)	('>50', 0.0)	('>100', 0.0)	('>500', 0.0)	('>1k', 0.0)	('>5k', 0.0)	('>10k+', 0.0)
ERR2836142_1	(1.0, 9.44171636915425)	(2.0, 4.252987418069928)	(3.0, 1.9852894686927014)	(4.0, 1.3066661046597399)	(5.0, 0.6638706822061582)	(6.0, 0.7713545069442981)	(7.0, 0.516343863938123)	(8.0, 0.421505195051529)	(9.0, 0.3414192079917385)	('>10', 13.3701447870345)	('>50', 13.86330586524479)	('>100', 45.56260405909503)	('>500', 5.163438639381231)	('>1k', 2.339353832535986)	('>5k', 0.0)	('>10k+', 0.0)
ERR2836142_2	(1.0, 10.674619064679971)	(2.0, 2.8999557419545194)	(3.0, 1.6501928386267362)	(4.0, 1.104343611035006)	(5.0, 0.7692469809690404)	(6.0, 0.5437417016164724)	(7.0, 0.32455900018967737)	(8.0, 0.3540643638432843)	(9.0, 0.13277413644123165)	('>10', 2.221332377921558)	('>50', 1.976859364791671)	('>100', 14.369112099306625)	('>500', 17.86128264030854)	('>1k', 45.117916078315666)	('>5k', 0.0)	('>10k+', 0.0)
ERR2836143_1	(1.0, 9.62581344902386)	(2.0, 3.951038115897118)	(3.0, 1.8825534552215681)	(4.0, 1.2240471025720483)	(5.0, 0.8521846916640843)	(6.0, 0.4880694143167028)	(7.0, 0.5151843817787419)	(8.0, 0.7127362875735977)	(9.0, 0.4009141617601487)	('>10', 16.377440347071584)	('>50', 16.115974589401922)	('>100', 44.09281066005578)	('>500', 3.7612333436628447)	('>1k', 0.0)	('>5k', 0.0)	('>10k+', 0.0)
ERR2836143_2	(1.0, 11.64975209172606)	(2.0, 3.1375890920359466)	(3.0, 1.7605361016423924)	(4.0, 0.9683916950728231)	(5.0, 0.8328168577626279)	(6.0, 0.6623799194298109)	(7.0, 0.5558568329718004)	(8.0, 0.5422993492407809)	(9.0, 0.41834521227145954)	('>10', 9.155175085218469)	('>50', 5.827781220948249)	('>100', 31.666408428881315)	('>500', 19.499535171986366)	('>1k', 13.323132940811899)	('>5k', 0.0)	('>10k+', 0.0)
ERR2836144_1	(1.0, 9.966029723991507)	(2.0, 4.556263269639066)	(3.0, 2.1337579617834392)	(4.0, 1.2653927813163481)	(5.0, 0.9872611464968153)	(6.0, 0.8280254777070064)	(7.0, 0.6985138004246285)	(8.0, 0.8832271762208068)	(9.0, 0.7261146496815286)	('>10', 22.0)	('>50', 13.352441613588109)	('>100', 34.45647558386412)	('>500', 8.146496815286625)	('>1k', 0.0)	('>5k', 0.0)	('>10k+', 0.0)
ERR2836144_2	(1.0, 9.475583864118896)	(2.0, 3.116772823779193)	(3.0, 1.3503184713375795)	(4.0, 0.9256900212314225)	(5.0, 0.5307855626326964)	(6.0, 0.3821656050955414)	(7.0, 0.386411889596603)	(8.0, 0.28874734607218683)	(9.0, 0.42038216560509556)	('>10', 11.116772823779193)	('>50', 12.140127388535033)	('>100', 21.76433121019108)	('>500', 8.656050955414013)	('>1k', 29.445859872611464)	('>5k', 0.0)	('>10k+', 0.0)
ERR2836145_1	(1.0, 10.650399045959086)	(2.0, 4.504173928997339)	(3.0, 1.9539491789744061)	(4.0, 1.2384184937161729)	(5.0, 0.9976148977158058)	(6.0, 0.7155306852582333)	(7.0, 0.7224107880011008)	(8.0, 0.5687551600770571)	(9.0, 0.9081735620585267)	('>10', 25.275204109714704)	('>50', 18.030455921475095)	('>100', 31.886982845610497)	('>500', 2.547931382441978)	('>1k', 0.0)	('>5k', 0.0)	('>10k+', 0.0)
ERR2836145_2	(1.0, 9.50830199064306)	(2.0, 2.834602330061462)	(3.0, 1.3622603430877902)	(4.0, 0.5962755710485277)	(5.0, 0.40133932666727823)	(6.0, 0.3164847261719108)	(7.0, 0.19264287680029354)	(8.0, 0.16512246582882306)	(9.0, 0.020640308228602883)	('>10', 6.148518484542702)	('>50', 6.448949637647922)	('>100', 26.6787450692597)	('>500', 21.234290432070452)	('>1k', 24.091826437941474)	('>5k', 0.0)	('>10k+', 0.0)
ERR2836146_1	(1.0, 10.135103765263011)	(2.0, 4.368819350944798)	(3.0, 1.9499512512187196)	(4.0, 1.1885417150285529)	(5.0, 1.1026510051534426)	(6.0, 0.7242676075955243)	(7.0, 0.6012349691257719)	(8.0, 0.5571289289196342)	(9.0, 0.43873903152421184)	('>10', 20.910905798783602)	('>50', 17.974372069269698)	('>100', 35.88606713403594)	('>500', 4.1622173731371)	('>1k', 0.0)	('>5k', 0.0)	('>10k+', 0.0)
ERR2836146_2	(1.0, 11.40257207855518)	(2.0, 2.7949301267468316)	(3.0, 1.6574585635359116)	(4.0, 0.8914062862714147)	(5.0, 0.7312317192070198)	(6.0, 0.36213380379776217)	(7.0, 0.3249918752031199)	(8.0, 0.18570964297321138)	(9.0, 0.16713867867589025)	('>10', 2.676540229351409)	('>50', 3.6608013371094295)	('>100', 1.9987000324991875)	('>500', 35.419471656065745)	('>1k', 37.72691397000789)	('>5k', 0.0)	('>10k+', 0.0)
ERR2836147_1	(1.0, 9.518861723106935)	(2.0, 3.804151911618143)	(3.0, 1.8257384592548613)	(4.0, 1.1365805042515744)	(5.0, 0.9436162768506541)	(6.0, 0.7633749655421023)	(7.0, 0.7718569096036811)	(8.0, 0.7124833011726288)	(9.0, 0.6679530948493394)	('>10', 16.018151360291778)	('>50', 17.10384020017388)	('>100', 43.19854110562141)	('>500', 3.5348501876630127)	('>1k', 0.0)	('>5k', 0.0)	('>10k+', 0.0)
ERR2836147_2	(1.0, 11.420937678916006)	(2.0, 3.3927776246315657)	(3.0, 1.5331113891303887)	(4.0, 0.9414957908352595)	(5.0, 0.7951822557730233)	(6.0, 0.5343624758794715)	(7.0, 0.5343624758794715)	(8.0, 0.45802497932526137)	(9.0, 0.49619372760236646)	('>10', 9.22411416696707)	('>50', 5.621408426811425)	('>100', 46.18842638732797)	('>500', 13.914629233020209)	('>1k', 4.9449733879005064)	('>5k', 0.0)	('>10k+', 0.0)
ERR2836148_1	(1.0, 9.503916449086162)	(2.0, 4.213697529624422)	(3.0, 2.00040168708576)	(4.0, 1.0765213898373167)	(5.0, 0.9339224743924482)	(6.0, 0.614581241213095)	(7.0, 0.5904800160674835)	(8.0, 0.5623619200642699)	(9.0, 0.668808997790721)	('>10', 15.948985740108457)	('>50', 11.79152440249046)	('>100', 45.96103635268126)	('>500', 6.133761799558144)	('>1k', 0.0)	('>5k', 0.0)	('>10k+', 0.0)
ERR2836148_2	(1.0, 10.925888732677244)	(2.0, 3.1693111066479216)	(3.0, 1.4219722835910826)	(4.0, 0.6346655955011047)	(5.0, 0.4619401486242217)	(6.0, 0.2530628640289215)	(7.0, 0.42177144004820244)	(8.0, 0.3534846354689697)	(9.0, 0.2530628640289215)	('>10', 6.911026310504117)	('>50', 4.378389234786102)	('>100', 42.223338019682664)	('>500', 18.347057642096807)	('>1k', 10.245029122313717)	('>5k', 0.0)	('>10k+', 0.0)
ERR2836149_1	(1.0, 9.857573552344318)	(2.0, 4.366358249298264)	(3.0, 1.9960494853934923)	(4.0, 1.255847801226739)	(5.0, 0.9356481962781995)	(6.0, 0.6237654641854663)	(7.0, 0.611290154901757)	(8.0, 0.6653498284644973)	(9.0, 0.46782409813909975)	('>10', 14.248882420210002)	('>50', 12.766399833662541)	('>100', 40.54475517205531)	('>500', 9.25875870672627)	('>1k', 2.401497037114045)	('>5k', 0.0)	('>10k+', 0.0)
ERR2836149_2	(1.0, 9.71202827736771)	(2.0, 3.035658592369269)	(3.0, 1.403472294417299)	(4.0, 0.6903004470319161)	(5.0, 0.43663582492982644)	(6.0, 0.38673458779498904)	(7.0, 0.2765360224555567)	(8.0, 0.1996049485393492)	(9.0, 0.20584260318120387)	('>10', 2.7508056970579062)	('>50', 3.098035138787816)	('>100', 33.32570953321551)	('>500', 26.73874623141699)	('>1k', 17.73988980143466)	('>5k', 0.0)	('>10k+', 0.0)
ERR2836150_1	(1.0, 10.417118199909364)	(2.0, 4.500226587590881)	(3.0, 1.7792051701377258)	(4.0, 1.3555848915335056)	(5.0, 0.8866470947530194)	(6.0, 0.697495714539042)	(7.0, 0.6482375426083187)	(8.0, 0.7093176758024156)	(9.0, 0.5319882568518117)	('>10', 22.532658167990068)	('>50', 19.628396350954624)	('>100', 32.50054183989124)	('>500', 3.812582507437984)	('>1k', 0.0)	('>5k', 0.0)	('>10k+', 0.0)
ERR2836150_2	(1.0, 11.414103599787206)	(2.0, 2.7545169743660476)	(3.0, 1.6728075187673634)	(4.0, 1.016688668650129)	(5.0, 0.669911138257837)	(6.0, 0.6856737532756684)	(7.0, 0.3723917797962682)	(8.0, 0.31525230035662916)	(9.0, 0.26599412842590586)	('>10', 2.1437156424250783)	('>50', 4.0352294445648536)	('>100', 3.4461017082734022)	('>500', 26.029988375071422)	('>1k', 45.17762496798219)	('>5k', 0.0)	('>10k+', 0.0)
ERR2836151_1	(1.0, 8.685973777352359)	(2.0, 3.2900741268392584)	(3.0, 1.729626249360016)	(4.0, 1.0061661064488125)	(5.0, 0.8570220154486565)	(6.0, 0.6544531754335196)	(7.0, 0.5609598646573024)	(8.0, 0.3917814927765287)	(9.0, 0.40068561761235894)	('>10', 7.107717650201456)	('>50', 5.6385370522894736)	('>100', 32.23960999933219)	('>500', 20.234623689424126)	('>1k', 17.202769182823943)	('>5k', 0.0)	('>10k+', 0.0)
ERR2836151_2	(1.0, 14.032900741268392)	(2.0, 3.3791153751975602)	(3.0, 1.5426396278075818)	(4.0, 0.8369877345680387)	(5.0, 0.7123299868664158)	(6.0, 0.6143846136722837)	(7.0, 0.4986309908064911)	(8.0, 0.3383567437615475)	(9.0, 0.2804799323286512)	('>10', 8.334260846337067)	('>50', 4.534425572646528)	('>100', 43.703670725463574)	('>500', 17.33410502415244)	('>1k', 3.8577120851234334)	('>5k', 0.0)	('>10k+', 0.0)
ERR2836152_1	(1.0, 9.746766259792313)	(2.0, 3.4918321491467785)	(3.0, 1.7398433230096557)	(4.0, 1.1538227971093702)	(5.0, 0.8350033400133602)	(6.0, 0.5465476407360175)	(7.0, 0.4463472399344142)	(8.0, 0.7287301876480233)	(9.0, 0.4645654946256149)	('>10', 12.07566648448412)	('>50', 9.971458067650453)	('>100', 31.326288941519405)	('>500', 16.64237566041173)	('>1k', 10.830752413918747)	('>5k', 0.0)	('>10k+', 0.0)
ERR2836152_2	(1.0, 12.184976012631324)	(2.0, 3.0667395396854316)	(3.0, 1.621424667516852)	(4.0, 0.8501852189226938)	(5.0, 0.4858201250986822)	(6.0, 0.45545636728001454)	(7.0, 0.4250926094613469)	(8.0, 0.437238112588814)	(9.0, 0.437238112588814)	('>10', 8.268051254023199)	('>50', 9.19414586749256)	('>100', 44.710633387988096)	('>500', 14.492621606850065)	('>1k', 3.370377117872108)	('>5k', 0.0)	('>10k+', 0.0)
ERR2836153_1	(1.0, 9.219287537454223)	(2.0, 3.384751969814671)	(3.0, 1.714571079791366)	(4.0, 1.1763400288536234)	(5.0, 0.8878037953612252)	(6.0, 0.44945067140162026)	(7.0, 0.4466762845411164)	(8.0, 0.5770724669847963)	(9.0, 0.3995117079125513)	('>10', 6.805570968815891)	('>50', 7.071912107424259)	('>100', 41.7378759294196)	('>500', 14.60159804683165)	('>1k', 11.527577405393409)	('>5k', 0.0)	('>10k+', 0.0)
ERR2836153_2	(1.0, 11.813339252025303)	(2.0, 2.9796914881811123)	(3.0, 1.0487182332704472)	(4.0, 0.5881700144268117)	(5.0, 0.18033514593274888)	(6.0, 0.21640217511929863)	(7.0, 0.0776828320941072)	(8.0, 0.13317056930418378)	(9.0, 0.04993896348906891)	('>10', 3.5095993785373434)	('>50', 1.6257907002552436)	('>100', 49.198202197314394)	('>500', 20.82454777494174)	('>1k', 7.754411275108201)	('>5k', 0.0)	('>10k+', 0.0)
ERR2836154_1	(1.0, 9.93312295532845)	(2.0, 3.96630091774992)	(3.0, 1.7110101039344547)	(4.0, 1.331750673113112)	(5.0, 0.8685330476824644)	(6.0, 0.7643090819605686)	(7.0, 0.5269100489273617)	(8.0, 0.5327002692452448)	(9.0, 0.6513997857618482)	('>10', 12.857184215859412)	('>50', 6.927998610347124)	('>100', 30.01071190758808)	('>500', 12.975883732376017)	('>1k', 16.942184650125938)	('>5k', 0.0)	('>10k+', 0.0)
ERR2836154_2	(1.0, 13.401464925740425)	(2.0, 2.854578616716366)	(3.0, 1.5807301467820851)	(4.0, 0.9611765727685939)	(5.0, 0.6369242349671406)	(6.0, 0.5211198286094786)	(7.0, 0.32425233780145335)	(8.0, 0.18528705017225905)	(9.0, 0.13027995715236965)	('>10', 2.759039981471295)	('>50', 0.7440433108479778)	('>100', 7.625720158652037)	('>500', 38.99713384094265)	('>1k', 29.27824903737587)	('>5k', 0.0)	('>10k+', 0.0)
ERR2836155_1	(1.0, 10.278735110949876)	(2.0, 3.6338351774593387)	(3.0, 1.9952838744785053)	(4.0, 1.1004292883487514)	(5.0, 0.9976419372392527)	(6.0, 0.7981135497914021)	(7.0, 0.656025152669448)	(8.0, 0.6288167361992866)	(9.0, 0.3809178305822601)	('>10', 12.703307334179817)	('>50', 9.302255275409637)	('>100', 34.2493500211621)	('>500', 10.650583469375416)	('>1k', 12.624705242154906)	('>5k', 0.0)	('>10k+', 0.0)
ERR2836155_2	(1.0, 14.759054356369791)	(2.0, 3.4645383638672227)	(3.0, 1.532740794485761)	(4.0, 1.1004292883487514)	(5.0, 0.8767156418163129)	(6.0, 0.6892798839107565)	(7.0, 0.7195114577664913)	(8.0, 0.6771872543684624)	(9.0, 0.35370941411209866)	('>10', 15.409033194268092)	('>50', 10.61128242336296)	('>100', 36.08742971159079)	('>500', 10.20315617631054)	('>1k', 3.515932039421972)	('>5k', 0.0)	('>10k+', 0.0)
ERR2836156_1	(1.0, 15.214619634509138)	(2.0, 5.609859753506162)	(3.0, 3.2511687207819806)	(4.0, 2.804929876753081)	(5.0, 2.124946876328092)	(6.0, 1.9124521886952826)	(7.0, 1.4874628134296641)	(8.0, 1.019974500637484)	(9.0, 0.3824904377390565)	('>10', 33.99915002124947)	('>50', 18.50828729281768)	('>100', 13.684657883552912)	('>500', 0.0)	('>1k', 0.0)	('>5k', 0.0)	('>10k+', 0.0)
ERR2836156_2	(1.0, 18.763280917977053)	(2.0, 4.207394815129621)	(3.0, 2.4224394390140245)	(4.0, 2.7199320016999575)	(5.0, 1.9124521886952826)	(6.0, 2.1674458138546537)	(7.0, 1.6362090947726307)	(8.0, 2.209944751381215)	(9.0, 2.2949426264343393)	('>10', 32.554186145346364)	('>50', 11.857203569910753)	('>100', 17.254568635784107)	('>500', 0.0)	('>1k', 0.0)	('>5k', 0.0)	('>10k+', 0.0)
ERR2836157_1	(1.0, 9.710187353629976)	(2.0, 3.518735362997658)	(3.0, 1.835480093676815)	(4.0, 1.2177985948477752)	(5.0, 0.7611241217798594)	(6.0, 0.5971896955503513)	(7.0, 0.8401639344262295)	(8.0, 0.468384074941452)	(9.0, 0.5532786885245902)	('>10', 12.315573770491802)	('>50', 10.190281030444964)	('>100', 31.413934426229506)	('>500', 16.19145199063232)	('>1k', 10.386416861826698)	('>5k', 0.0)	('>10k+', 0.0)
ERR2836157_2	(1.0, 11.981850117096018)	(2.0, 2.75175644028103)	(3.0, 0.974824355971897)	(4.0, 0.5854800936768151)	(5.0, 0.3366510538641686)	(6.0, 0.43911007025761123)	(7.0, 0.18442622950819673)	(8.0, 0.2107728337236534)	(9.0, 0.18442622950819673)	('>10', 6.372950819672131)	('>50', 9.11592505854801)	('>100', 35.187353629976585)	('>500', 22.74590163934426)	('>1k', 8.928571428571429)	('>5k', 0.0)	('>10k+', 0.0)
ERR2836158_1	(1.0, 9.295605401693752)	(2.0, 2.9926756694895857)	(3.0, 1.6737239642938888)	(4.0, 1.2474250400549325)	(5.0, 0.8154039826047151)	(6.0, 0.686655985351339)	(7.0, 0.7009613183794919)	(8.0, 0.5264362554360266)	(9.0, 0.5149919890135042)	('>10', 11.781872281986724)	('>50', 6.5804531929503325)	('>100', 31.448844129091324)	('>500', 17.930304417486838)	('>1k', 13.804646372167545)	('>5k', 0.0)	('>10k+', 0.0)
ERR2836158_2	(1.0, 13.518539711604486)	(2.0, 2.8839551384756237)	(3.0, 1.6308079652094303)	(4.0, 0.8812085145342183)	(5.0, 0.5579079880979629)	(6.0, 0.5664911879148546)	(7.0, 0.5006866559853513)	(8.0, 0.22888532845044635)	(9.0, 0.12874799725337605)	('>10', 4.83806363012131)	('>50', 0.4377431906614786)	('>100', 3.1157015335317007)	('>500', 46.62680247196155)	('>1k', 24.084458686198214)	('>5k', 0.0)	('>10k+', 0.0)
ERR2836159_1	(1.0, 13.76327172630751)	(2.0, 4.04730935599988)	(3.0, 2.050878731964064)	(4.0, 1.246256692579933)	(5.0, 0.9225929398953386)	(6.0, 0.8348709882331589)	(7.0, 0.5293566048579812)	(8.0, 0.4839831815844399)	(9.0, 0.3539127015336217)	('>10', 7.486614840134305)	('>50', 9.213829819413775)	('>100', 39.92558758583139)	('>500', 14.843159200217793)	('>1k', 4.298375631446808)	('>5k', 0.0)	('>10k+', 0.0)
ERR2836159_2	(1.0, 11.918085846516833)	(2.0, 3.0611936235215826)	(3.0, 1.6243685531927767)	(4.0, 1.064762999485768)	(5.0, 0.6352279258295774)	(6.0, 0.6533772951389939)	(7.0, 0.6987507184125352)	(8.0, 0.4839831815844399)	(9.0, 0.38113675549774645)	('>10', 8.533228470310657)	('>50', 8.678423424785988)	('>100', 42.094437218306666)	('>500', 16.331407483589945)	('>1k', 3.8416165038264922)	('>5k', 0.0)	('>10k+', 0.0)
ERR2836160_1	(1.0, 33.70044052863436)	(2.0, 11.45374449339207)	(3.0, 8.590308370044053)	(4.0, 8.81057268722467)	(5.0, 1.1013215859030838)	(6.0, 5.286343612334802)	(7.0, 4.6255506607929515)	(8.0, 7.048458149779736)	(9.0, 3.9647577092511015)	('>10', 15.418502202643172)	('>50', 0.0)	('>100', 0.0)	('>500', 0.0)	('>1k', 0.0)	('>5k', 0.0)	('>10k+', 0.0)
ERR2836160_2	(1.0, 41.409691629955944)	(2.0, 13.656387665198238)	(3.0, 9.251101321585903)	(4.0, 6.167400881057269)	(5.0, 4.405286343612335)	(6.0, 1.3215859030837005)	(7.0, 1.5418502202643172)	(8.0, 3.524229074889868)	(9.0, 7.929515418502203)	('>10', 10.79295154185022)	('>50', 0.0)	('>100', 0.0)	('>500', 0.0)	('>1k', 0.0)	('>5k', 0.0)	('>10k+', 0.0)
ERR2836161_1	(1.0, 14.088792300527786)	(2.0, 4.178826451412605)	(3.0, 2.2632722756907793)	(4.0, 1.2915243713132567)	(5.0, 0.8537721204594846)	(6.0, 0.6892269481527477)	(7.0, 0.5433095312014903)	(8.0, 0.39739211425023285)	(9.0, 0.47500776156473146)	('>10', 13.061161130083827)	('>50', 8.717789506364483)	('>100', 35.408258304874266)	('>500', 10.322881092828313)	('>1k', 7.708786091276002)	('>5k', 0.0)	('>10k+', 0.0)
ERR2836161_2	(1.0, 9.512573734864949)	(2.0, 2.76932629618131)	(3.0, 1.1828624650729587)	(4.0, 0.45948463210183177)	(5.0, 0.388078236572493)	(6.0, 0.22353306426575598)	(7.0, 0.23905619372865566)	(8.0, 0.19869605712511643)	(9.0, 0.19559143123253647)	('>10', 8.112387457311394)	('>50', 9.785780813411984)	('>100', 28.230363241229433)	('>500', 28.425954672461966)	('>1k', 10.276311704439616)	('>5k', 0.0)	('>10k+', 0.0)
ERR2836162_1	(1.0, 13.715536105032822)	(2.0, 3.9328956965718453)	(3.0, 1.7943107221006565)	(4.0, 1.4704595185995624)	(5.0, 1.0649161196207149)	(6.0, 0.87527352297593)	(7.0, 0.6331145149525893)	(8.0, 0.536834427425237)	(9.0, 0.39387308533916854)	('>10', 13.347921225382933)	('>50', 9.464624361779723)	('>100', 29.184536834427426)	('>500', 14.173595915390228)	('>1k', 9.412107950401168)	('>5k', 0.0)	('>10k+', 0.0)
ERR2836162_2	(1.0, 11.25601750547046)	(2.0, 2.614150255288111)	(3.0, 1.1378555798687089)	(4.0, 0.7235594456601021)	(5.0, 0.45222465353756386)	(6.0, 0.1925601750547046)	(7.0, 0.24507658643326038)	(8.0, 0.18672501823486506)	(9.0, 0.2100656455142232)	('>10', 2.8854850474106493)	('>50', 2.2465353756382203)	('>100', 14.640408460977389)	('>500', 33.490882567469)	('>1k', 29.718453683442743)	('>5k', 0.0)	('>10k+', 0.0)
ERR2836163_1	(1.0, 12.915787283374453)	(2.0, 3.6562527867780386)	(3.0, 1.8013733242174728)	(4.0, 1.1890252965131833)	(5.0, 0.921494604797717)	(6.0, 0.8917689723848874)	(7.0, 0.4785826818465563)	(8.0, 0.5945126482565917)	(9.0, 0.5350613834309326)	('>10', 11.031182188401058)	('>50', 7.0241669391516295)	('>100', 33.57510181029102)	('>500', 16.35801551678012)	('>1k', 9.027674563776344)	('>5k', 0.0)	('>10k+', 0.0)
ERR2836163_2	(1.0, 11.224398799084451)	(2.0, 3.061740138521447)	(3.0, 1.5338426325020065)	(4.0, 0.8323177075592283)	(5.0, 0.6539639130822508)	(6.0, 0.5172260039832347)	(7.0, 0.6242382806694212)	(8.0, 0.428049106744746)	(9.0, 0.37454296840165274)	('>10', 13.123866710264261)	('>50', 11.830801700306175)	('>100', 32.29689961653934)	('>500', 16.123183020718766)	('>1k', 7.374929401623019)	('>5k', 0.0)	('>10k+', 0.0)
ERR2836164_1	(1.0, 12.622996200015098)	(2.0, 3.603694289956464)	(3.0, 1.925157913279815)	(4.0, 1.238140775599567)	(5.0, 1.0443667111256512)	(6.0, 0.709666054307069)	(7.0, 0.5989380174648313)	(8.0, 0.5234416287087601)	(9.0, 0.5662229156705337)	('>10', 10.851347610539296)	('>50', 6.024611822734479)	('>100', 33.68648866295896)	('>500', 15.056496464252461)	('>1k', 11.54843093338702)	('>5k', 0.0)	('>10k+', 0.0)
ERR2836164_2	(1.0, 10.509097314845107)	(2.0, 2.9946900873241566)	(3.0, 1.0569494425849963)	(4.0, 0.6643682210534263)	(5.0, 0.5410574527518434)	(6.0, 0.33218411052671315)	(7.0, 0.28185318468933235)	(8.0, 0.26172081435438005)	(9.0, 0.15854241638774944)	('>10', 8.792812743790423)	('>50', 9.4773133351788)	('>100', 32.22689181367491)	('>500', 25.819764954576343)	('>1k', 6.882754108261821)	('>5k', 0.0)	('>10k+', 0.0)
