Run,Assay Type,AvgSpotLen,Bases,BioProject,BioSample,BioSampleModel,Bytes,Center Name,Consent,DATASTORE filetype,DATASTORE provider,DATASTORE region,Experiment,geo_loc_name_country,geo_loc_name_country_continent,geo_loc_name,Host_age,host_body_product,host_body_temp,Host_diet,host_family_relationship,host_growth_cond,host_last_meal,host_life_stage,host_sex,host_taxid,Instrument,lat_lon,Library Name,LibraryLayout,LibrarySelection,LibrarySource,Organism,perturbation,Platform,ReleaseDate,create_date,version,samp_store_temp,Sample Name,SRA Study,BIOME,collectiondate,env_package,feature,Investigation_type,Label,material,project_name,samp_mat_process,samp_size,samp_store_dur,specific_host,sub_species,host_common_name,chem_administration,Collection_Date,env_biome,env_feature,env_material,Host
SRR1174540,AMPLICON,553,9649935,PRJNA237795,SAMN02645017,"MIMS.me,MIGS/MIMS/MIMARKS.host-associated",21394868,USDA-ARS,public,"run.zq,sff,sra","gs,ncbi,s3","gs.us-east1,ncbi.public,s3.us-east-1",SRX474729,USA,North America,"USA: Ames\, Iowa",41 days,feces,39,"TechStart 17-25\, Kent Feeds\, Muscatine\, IA",Offspring of sow A,ambient,not fasted,grower pig,female,9825,454 GS FLX Titanium,"42-02-05 N, 93-37-12 W",187_1_feces,SINGLE,PCR,METAGENOMIC,gut metagenome,medicated,LS454,2014-02-26T00:00:00Z,2014-02-26T14:46:00Z,1,-20 degrees Celsius,187_1.sff,SRP038757,swine intestinal tract,6/5/12,MIGS/MIMS/MIMARKS.host-associated,none,metagenome,swine,freshly voided feces,Antibiotic (carbadox) effects on the swine gut microbiota,1 gram of freshly voided feces,1 grams feces,1 to 6 months,187,,pig,,,,,,
SRR1174541,AMPLICON,566,12411039,PRJNA237795,SAMN02645018,"MIMS.me,MIGS/MIMS/MIMARKS.host-associated",27347303,USDA-ARS,public,"run.zq,sff,sra","gs,ncbi,s3","gs.us-east1,ncbi.public,s3.us-east-1",SRX474730,USA,North America,"USA: Ames\, Iowa",54 days,feces,39,"TechStart 17-25 (Kent Feeds\, Muscatine\, IA)",Offspring of sow A,ambient,not fasted,grower pig,female,9825,454 GS FLX Titanium,"42-02-05 N, 93-37-12 W",187_14_feces,SINGLE,PCR,METAGENOMIC,gut metagenome,medicated,LS454,2014-02-26T00:00:00Z,2014-02-26T14:46:00Z,1,-20 degrees Celsius,187_14.sff,SRP038757,swine intestinal tract,6/18/12,MIGS/MIMS/MIMARKS.host-associated,none,metagenome,swine,freshly voided feces,Antibiotic (carbadox) effects on the swine gut microbiota,1 gram of freshly voided feces,1 grams feces,1 to 6 months,187,,pig,,,,,,
SRR1174542,AMPLICON,565,12917000,PRJNA237795,SAMN02645019,"MIMS.me,MIGS/MIMS/MIMARKS.host-associated",28535237,USDA-ARS,public,"run.zq,sff,sra","gs,ncbi,s3","gs.us-east1,ncbi.public,s3.us-east-1",SRX474731,USA,North America,"USA: Ames\, Iowa",42 days,feces,39,"TechStart 17-25\, Kent Feeds\, Muscatine\, IA",Offspring of sow A,ambient,not fasted,grower pig,female,9825,454 GS FLX Titanium,"42-02-05 N, 93-37-12 W",187_2_feces,SINGLE,PCR,METAGENOMIC,gut metagenome,medicated,LS454,2014-02-26T00:00:00Z,2014-02-26T14:46:00Z,1,-20 degrees Celsius,187_2.sff,SRP038757,swine intestinal tract,6/6/12,MIGS/MIMS/MIMARKS.host-associated,none,metagenome,swine,freshly voided feces,Antibiotic (carbadox) effects on the swine gut microbiota,1 gram of freshly voided feces,1 grams feces,1 to 6 months,187,,pig,,,,,,
SRR1174543,AMPLICON,551,10574434,PRJNA237795,SAMN02645020,"MIMS.me,MIGS/MIMS/MIMARKS.host-associated",23154587,USDA-ARS,public,"run.zq,sff,sra","gs,ncbi,s3","gs.us-east1,ncbi.public,s3.us-east-1",SRX474732,USA,North America,"USA: Ames\, Iowa",61 days,feces,39,"TechStart 17-25\, Kent Feeds\, Muscatine\, IA",Offspring of sow A,ambient,not fasted,grower pig,female,9825,454 GS FLX Titanium,"42-02-05 N, 93-37-12 W",187_21_feces,SINGLE,PCR,METAGENOMIC,gut metagenome,medicated,LS454,2014-02-26T00:00:00Z,2014-02-26T14:46:00Z,1,-20 degrees Celsius,187_21.sff,SRP038757,swine intestinal tract,6/25/12,MIGS/MIMS/MIMARKS.host-associated,none,metagenome,swine,freshly voided feces,Antibiotic (carbadox) effects on the swine gut microbiota,1 gram of freshly voided feces,1 grams feces,1 to 6 months,187,,pig,,,,,,
SRR1174544,AMPLICON,561,12152482,PRJNA237795,SAMN02645021,"MIMS.me,MIGS/MIMS/MIMARKS.host-associated",26860310,USDA-ARS,public,"run.zq,sff,sra","gs,ncbi,s3","gs.us-east1,ncbi.public,s3.us-east-1",SRX474733,USA,North America,"USA: Ames\, Iowa",43 days,feces,39,"TechStart 17-25 (Kent Feeds\, Muscatine\, IA)",Offspring of sow A,ambient,not fasted,grower pig,female,9825,454 GS FLX Titanium,"42-02-05 N, 93-37-12 W",187_3_feces,SINGLE,PCR,METAGENOMIC,gut metagenome,medicated,LS454,2014-02-26T00:00:00Z,2014-02-26T14:46:00Z,1,-20 degrees Celsius,187_3.sff,SRP038757,swine intestinal tract,6/7/12,MIGS/MIMS/MIMARKS.host-associated,none,metagenome,swine,freshly voided feces,Antibiotic (carbadox) effects on the swine gut microbiota,1 gram of freshly voided feces,1 grams feces,1 to 6 months,187,,pig,,,,,,
SRR1174545,AMPLICON,556,16978129,PRJNA237795,SAMN02645022,"MIMS.me,MIGS/MIMS/MIMARKS.host-associated",37565217,USDA-ARS,public,"run.zq,sff,sra","gs,ncbi,s3","gs.us-east1,ncbi.public,s3.us-east-1",SRX474734,USA,North America,"USA: Ames\, Iowa",44 days,feces,39,"TechStart 17-25 (Kent Feeds\, Muscatine\, IA)",Offspring of sow A,ambient,not fasted,grower pig,female,9825,454 GS FLX Titanium,"42-02-05 N, 93-37-12 W",187_4_feces,SINGLE,PCR,METAGENOMIC,gut metagenome,medicated,LS454,2014-02-26T00:00:00Z,2014-02-26T14:46:00Z,1,-20 degrees Celsius,187_4.sff,SRP038757,swine intestinal tract,6/8/12,MIGS/MIMS/MIMARKS.host-associated,none,metagenome,swine,freshly voided feces,Antibiotic (carbadox) effects on the swine gut microbiota,1 gram of freshly voided feces,1 grams feces,1 to 6 months,187,,pig,,,,,,
SRR1174546,AMPLICON,558,13499112,PRJNA237795,SAMN02645023,"MIMS.me,MIGS/MIMS/MIMARKS.host-associated",29879732,USDA-ARS,public,"run.zq,sff,sra","gs,ncbi,s3","gs.us-east1,ncbi.public,s3.us-east-1",SRX474735,USA,North America,"USA: Ames\, Iowa",35 days,feces,39,"TechStart 17-25 (Kent Feeds\, Muscatine\, IA)",Offspring of sow A,ambient,not fasted,grower pig,female,9825,454 GS FLX Titanium,"42-02-05 N, 93-37-12 W",187_5_feces,SINGLE,PCR,METAGENOMIC,gut metagenome,medicated,LS454,2014-02-26T00:00:00Z,2014-02-26T14:46:00Z,1,-20 degrees Celsius,187_5.sff,SRP038757,swine intestinal tract,5/30/12,MIGS/MIMS/MIMARKS.host-associated,none,metagenome,swine,freshly voided feces,Antibiotic (carbadox) effects on the swine gut microbiota,1 gram of freshly voided feces,1 grams feces,1 to 6 months,187,,pig,,,,,,
SRR1174547,AMPLICON,562,4541050,PRJNA237795,SAMN02645024,"MIMS.me,MIGS/MIMS/MIMARKS.host-associated",10055847,USDA-ARS,public,"run.zq,sff,sra","gs,ncbi,s3","gs.us-east1,ncbi.public,s3.us-east-1",SRX474736,USA,North America,"USA: Ames\, Iowa",47 days,feces,39,"TechStart 17-25 (Kent Feeds\, Muscatine\, IA)",Offspring of sow A,ambient,not fasted,grower pig,female,9825,454 GS FLX Titanium,"42-02-05 N, 93-37-12 W",187_7_feces,SINGLE,PCR,METAGENOMIC,gut metagenome,medicated,LS454,2014-02-26T00:00:00Z,2014-02-26T14:46:00Z,1,-20 degrees Celsius,187_7.sff,SRP038757,swine intestinal tract,6/11/12,MIGS/MIMS/MIMARKS.host-associated,none,metagenome,swine,freshly voided feces,Antibiotic (carbadox) effects on the swine gut microbiota,1 gram of freshly voided feces,1 grams feces,1 to 6 months,187,,pig,,,,,,
SRR1174548,AMPLICON,554,12269068,PRJNA237795,SAMN02645025,"MIMS.me,MIGS/MIMS/MIMARKS.host-associated",27139611,USDA-ARS,public,"run.zq,sff,sra","gs,ncbi,s3","gs.us-east1,ncbi.public,s3.us-east-1",SRX474737,USA,North America,"USA: Ames\, Iowa",63 days,feces,39,"Pork Finisher diet (Kent Feeds\, Muscatine\, IA)",Offspring of sow A,ambient,not fasted,grower pig,female,9825,454 GS FLX Titanium,"42-02-05 N, 93-37-12 W",187_WD2_feces,SINGLE,PCR,METAGENOMIC,gut metagenome,medicated,LS454,2014-02-26T00:00:00Z,2014-02-26T14:46:00Z,1,-20 degrees Celsius,187_WD2.sff,SRP038757,swine intestinal tract,6/27/12,MIGS/MIMS/MIMARKS.host-associated,none,metagenome,swine,freshly voided feces,Antibiotic (carbadox) effects on the swine gut microbiota,1 gram of freshly voided feces,1 grams feces,1 to 6 months,187,,pig,,,,,,
SRR1174549,AMPLICON,551,11345412,PRJNA237795,SAMN02645026,"MIMS.me,MIGS/MIMS/MIMARKS.host-associated",25169314,USDA-ARS,public,"run.zq,sff,sra","gs,ncbi,s3","gs.us-east1,ncbi.public,s3.us-east-1",SRX474738,USA,North America,"USA: Ames\, Iowa",82 days,feces,39,"Pork Finisher diet (Kent Feeds\, Muscatine\, IA)",Offspring of sow A,ambient,not fasted,grower pig,female,9825,454 GS FLX Titanium,"42-02-05 N, 93-37-12 W",187_wd21_feces,SINGLE,PCR,METAGENOMIC,gut metagenome,medicated,LS454,2014-02-26T00:00:00Z,2014-02-26T15:08:00Z,1,-20 degrees Celsius,187_wd21.sff,SRP038757,swine intestinal tract,7/16/12,MIGS/MIMS/MIMARKS.host-associated,none,metagenome,swine,freshly voided feces,Antibiotic (carbadox) effects on the swine gut microbiota,1 gram of freshly voided feces,1 grams feces,1 to 6 months,187,,pig,,,,,,
SRR1174550,AMPLICON,619,4333,PRJNA237795,SAMN02645027,"MIMS.me,MIGS/MIMS/MIMARKS.host-associated",48980,USDA-ARS,public,"run.zq,sff,sra","gs,ncbi,s3","gs.us-east1,ncbi.public,s3.us-east-1",SRX474739,USA,North America,"USA: Ames\, Iowa",65 days,feces,39,"Pork Finisher diet (Kent Feeds\, Muscatine\, IA)",Offspring of sow A,ambient,not fasted,grower pig,female,9825,454 GS FLX Titanium,"42-02-05 N, 93-37-12 W",187_WD4_feces,SINGLE,PCR,METAGENOMIC,gut metagenome,medicated,LS454,2014-02-26T00:00:00Z,2014-02-26T14:46:00Z,1,-20 degrees Celsius,187_WD4.sff,SRP038757,swine intestinal tract,6/29/12,MIGS/MIMS/MIMARKS.host-associated,none,metagenome,swine,freshly voided feces,Antibiotic (carbadox) effects on the swine gut microbiota,1 gram of freshly voided feces,1 grams feces,1 to 6 months,187,,pig,,,,,,
SRR1174551,AMPLICON,556,11133841,PRJNA237795,SAMN02645028,"MIMS.me,MIGS/MIMS/MIMARKS.host-associated",24639003,USDA-ARS,public,"run.zq,sff,sra","gs,ncbi,s3","gs.us-east1,ncbi.public,s3.us-east-1",SRX474740,USA,North America,"USA: Ames\, Iowa",103 days,feces,39,"Pork Finisher diet (Kent Feeds\, Muscatine\, IA)",Offspring of sow A,ambient,not fasted,grower pig,female,9825,454 GS FLX Titanium,"42-02-05 N, 93-37-12 W",187_wd42_feces,SINGLE,PCR,METAGENOMIC,gut metagenome,medicated,LS454,2014-02-26T00:00:00Z,2014-02-26T15:08:00Z,1,-20 degrees Celsius,187_wd42.sff,SRP038757,swine intestinal tract,8/6/12,MIGS/MIMS/MIMARKS.host-associated,none,metagenome,swine,freshly voided feces,Antibiotic (carbadox) effects on the swine gut microbiota,1 gram of freshly voided feces,1 grams feces,1 to 6 months,187,,pig,,,,,,
SRR1174552,AMPLICON,543,11319203,PRJNA237795,SAMN02645029,"MIMS.me,MIGS/MIMS/MIMARKS.host-associated",25204902,USDA-ARS,public,"run.zq,sff,sra","gs,ncbi,s3","gs.us-east1,ncbi.public,s3.us-east-1",SRX474741,USA,North America,"USA: Ames\, Iowa",41 days,feces,39,"TechStart 17-25 (Kent Feeds\, Muscatine\, IA)",Offspring of sow A,ambient,not fasted,grower pig,female,9825,454 GS FLX Titanium,"42-02-05 N, 93-37-12 W",188_1_feces,SINGLE,PCR,METAGENOMIC,gut metagenome,non-medicated,LS454,2014-02-26T00:00:00Z,2014-02-26T14:46:00Z,1,-20 degrees Celsius,188_1.sff,SRP038757,swine intestinal tract,6/5/12,MIGS/MIMS/MIMARKS.host-associated,none,metagenome,swine,freshly voided feces,Antibiotic (carbadox) effects on the swine gut microbiota,1 gram of freshly voided feces,1 grams feces,1 to 6 months,188,,pig,,,,,,
SRR1174553,AMPLICON,555,6839406,PRJNA237795,SAMN02645030,"MIMS.me,MIGS/MIMS/MIMARKS.host-associated",15206563,USDA-ARS,public,"run.zq,sff,sra","gs,ncbi,s3","gs.us-east1,ncbi.public,s3.us-east-1",SRX474742,USA,North America,"USA: Ames\, Iowa",54 days,feces,39,"TechStart 17-25\, Kent Feeds\, Muscatine\, IA",Offspring of sow A,ambient,not fasted,grower pig,female,9825,454 GS FLX Titanium,"42-02-05 N, 93-37-12 W",188_14_feces,SINGLE,PCR,METAGENOMIC,gut metagenome,non-medicated,LS454,2014-02-26T00:00:00Z,2014-02-26T14:46:00Z,1,-20 degrees Celsius,188_14.sff,SRP038757,swine intestinal tract,6/18/12,MIGS/MIMS/MIMARKS.host-associated,none,metagenome,swine,freshly voided feces,Antibiotic (carbadox) effects on the swine gut microbiota,1 gram of freshly voided feces,1 grams feces,1 to 6 months,188,,pig,,,,,,
SRR1174554,AMPLICON,572,13826044,PRJNA237795,SAMN02645031,"MIMS.me,MIGS/MIMS/MIMARKS.host-associated",30610344,USDA-ARS,public,"run.zq,sff,sra","gs,ncbi,s3","gs.us-east1,ncbi.public,s3.us-east-1",SRX474743,USA,North America,"USA: Ames\, Iowa",42 days,feces,39,"TechStart 17-25\, Kent Feeds\, Muscatine\, IA",Offspring of sow A,ambient,not fasted,grower pig,female,9825,454 GS FLX Titanium,"42-02-05 N, 93-37-12 W",188_2_feces,SINGLE,PCR,METAGENOMIC,gut metagenome,non-medicated,LS454,2014-02-26T00:00:00Z,2014-02-26T14:46:00Z,1,-20 degrees Celsius,188_2.sff,SRP038757,swine intestinal tract,6/6/12,MIGS/MIMS/MIMARKS.host-associated,none,metagenome,swine,freshly voided feces,Antibiotic (carbadox) effects on the swine gut microbiota,1 gram of freshly voided feces,1 grams feces,1 to 6 months,188,,pig,,,,,,
SRR1174555,AMPLICON,552,9473905,PRJNA237795,SAMN02645032,"MIMS.me,MIGS/MIMS/MIMARKS.host-associated",21041110,USDA-ARS,public,"run.zq,sff,sra","gs,ncbi,s3","gs.us-east1,ncbi.public,s3.us-east-1",SRX474744,USA,North America,"USA: Ames\, Iowa",61 days,feces,39,"TechStart 17-25\, Kent Feeds\, Muscatine\, IA",Offspring of sow A,ambient,not fasted,grower pig,female,9825,454 GS FLX Titanium,"42-02-05 N, 93-37-12 W",188_21_feces,SINGLE,PCR,METAGENOMIC,gut metagenome,non-medicated,LS454,2014-02-26T00:00:00Z,2014-02-26T14:46:00Z,1,-20 degrees Celsius,188_21.sff,SRP038757,swine intestinal tract,6/25/12,MIGS/MIMS/MIMARKS.host-associated,none,metagenome,swine,freshly voided feces,Antibiotic (carbadox) effects on the swine gut microbiota,1 gram of freshly voided feces,1 grams feces,1 to 6 months,188,,pig,,,,,,
SRR1174556,AMPLICON,550,9377780,PRJNA237795,SAMN02645033,"MIMS.me,MIGS/MIMS/MIMARKS.host-associated",20860746,USDA-ARS,public,"run.zq,sff,sra","gs,ncbi,s3","gs.us-east1,ncbi.public,s3.us-east-1",SRX474745,USA,North America,"USA: Ames\, Iowa",43 days,feces,39,"TechStart 17-25 (Kent Feeds\, Muscatine\, IA)",Offspring of sow A,ambient,not fasted,grower pig,female,9825,454 GS FLX Titanium,"42-02-05 N, 93-37-12 W",188_3_feces,SINGLE,PCR,METAGENOMIC,gut metagenome,non-medicated,LS454,2014-02-26T00:00:00Z,2014-02-26T14:46:00Z,1,-20 degrees Celsius,188_3.sff,SRP038757,swine intestinal tract,6/7/12,MIGS/MIMS/MIMARKS.host-associated,none,metagenome,swine,freshly voided feces,Antibiotic (carbadox) effects on the swine gut microbiota,1 gram of freshly voided feces,1 grams feces,1 to 6 months,188,,pig,,,,,,
SRR1174557,AMPLICON,548,5964843,PRJNA237795,SAMN02645034,"MIMS.me,MIGS/MIMS/MIMARKS.host-associated",13274811,USDA-ARS,public,"run.zq,sff,sra","gs,ncbi,s3","gs.us-east1,ncbi.public,s3.us-east-1",SRX474746,USA,North America,"USA: Ames\, Iowa",44 days,feces,39,"TechStart 17-25\, Kent Feeds\, Muscatine\, IA",Offspring of sow A,ambient,not fasted,grower pig,female,9825,454 GS FLX Titanium,"42-02-05 N, 93-37-12 W",188_4_feces,SINGLE,PCR,METAGENOMIC,gut metagenome,non-medicated,LS454,2014-02-26T00:00:00Z,2014-02-26T14:46:00Z,1,-20 degrees Celsius,188_4.sff,SRP038757,swine intestinal tract,6/8/12,MIGS/MIMS/MIMARKS.host-associated,none,metagenome,swine,freshly voided feces,Antibiotic (carbadox) effects on the swine gut microbiota,1 gram of freshly voided feces,1 grams feces,1 to 6 months,188,,pig,,,,,,
SRR1174558,AMPLICON,556,10114167,PRJNA237795,SAMN02645035,"MIMS.me,MIGS/MIMS/MIMARKS.host-associated",22510027,USDA-ARS,public,"run.zq,sff,sra","gs,ncbi,s3","gs.us-east1,ncbi.public,s3.us-east-1",SRX474747,USA,North America,"USA: Ames\, Iowa",35 days,feces,39,"TechStart 17-25 (Kent Feeds\, Muscatine\, IA)",Offspring of sow A,ambient,not fasted,grower pig,female,9825,454 GS FLX Titanium,"42-02-05 N, 93-37-12 W",188_5_feces,SINGLE,PCR,METAGENOMIC,gut metagenome,non-medicated,LS454,2014-02-26T00:00:00Z,2014-02-26T14:46:00Z,1,-20 degrees Celsius,188_5.sff,SRP038757,swine intestinal tract,5/30/12,MIGS/MIMS/MIMARKS.host-associated,none,metagenome,swine,freshly voided feces,Antibiotic (carbadox) effects on the swine gut microbiota,1 gram of freshly voided feces,1 grams feces,1 to 6 months,188,,pig,,,,,,
SRR1174559,AMPLICON,557,5375800,PRJNA237795,SAMN02645036,"MIMS.me,MIGS/MIMS/MIMARKS.host-associated",11965309,USDA-ARS,public,"run.zq,sff,sra","gs,ncbi,s3","gs.us-east1,ncbi.public,s3.us-east-1",SRX474748,USA,North America,"USA: Ames\, Iowa",47 days,feces,39,"TechStart 17-25\, Kent Feeds\, Muscatine\, IA",Offspring of sow A,ambient,not fasted,grower pig,female,9825,454 GS FLX Titanium,"42-02-05 N, 93-37-12 W",188_7_feces,SINGLE,PCR,METAGENOMIC,gut metagenome,non-medicated,LS454,2014-02-26T00:00:00Z,2014-02-26T14:46:00Z,1,-20 degrees Celsius,188_7.sff,SRP038757,swine intestinal tract,6/11/12,MIGS/MIMS/MIMARKS.host-associated,none,metagenome,swine,freshly voided feces,Antibiotic (carbadox) effects on the swine gut microbiota,1 gram of freshly voided feces,1 grams feces,1 to 6 months,188,,pig,,,,,,
SRR1174560,AMPLICON,556,7948383,PRJNA237795,SAMN02645037,"MIMS.me,MIGS/MIMS/MIMARKS.host-associated",17678786,USDA-ARS,public,"run.zq,sff,sra","gs,ncbi,s3","gs.us-east1,ncbi.public,s3.us-east-1",SRX474749,USA,North America,"USA: Ames\, Iowa",63 days,feces,39,"Pork Finisher diet (Kent Feeds\, Muscatine\, IA)",Offspring of sow A,ambient,not fasted,grower pig,female,9825,454 GS FLX Titanium,"42-02-05 N, 93-37-12 W",188_WD2_feces,SINGLE,PCR,METAGENOMIC,gut metagenome,non-medicated,LS454,2014-02-26T00:00:00Z,2014-02-26T14:46:00Z,1,-20 degrees Celsius,188_WD2.sff,SRP038757,swine intestinal tract,6/27/12,MIGS/MIMS/MIMARKS.host-associated,none,metagenome,swine,freshly voided feces,Antibiotic (carbadox) effects on the swine gut microbiota,1 gram of freshly voided feces,1 grams feces,1 to 6 months,188,,pig,,,,,,
SRR1174561,AMPLICON,546,7962473,PRJNA237795,SAMN02645038,"MIMS.me,MIGS/MIMS/MIMARKS.host-associated",17758617,USDA-ARS,public,"run.zq,sff,sra","gs,ncbi,s3","gs.us-east1,ncbi.public,s3.us-east-1",SRX474750,USA,North America,"USA: Ames\, Iowa",82 days,feces,39,"Pork Finisher diet (Kent Feeds\, Muscatine\, IA)",Offspring of sow A,ambient,not fasted,grower pig,female,9825,454 GS FLX Titanium,"42-02-05 N, 93-37-12 W",188_wd21_feces,SINGLE,PCR,METAGENOMIC,gut metagenome,non-medicated,LS454,2014-02-26T00:00:00Z,2014-02-26T15:08:00Z,1,-20 degrees Celsius,188_wd21.sff,SRP038757,swine intestinal tract,7/16/12,MIGS/MIMS/MIMARKS.host-associated,none,metagenome,swine,freshly voided feces,Antibiotic (carbadox) effects on the swine gut microbiota,1 gram of freshly voided feces,1 grams feces,1 to 6 months,188,,pig,,,,,,
SRR1174562,AMPLICON,550,13419095,PRJNA237795,SAMN02645039,"MIMS.me,MIGS/MIMS/MIMARKS.host-associated",29839516,USDA-ARS,public,"run.zq,sff,sra","gs,ncbi,s3","gs.us-east1,ncbi.public,s3.us-east-1",SRX474751,USA,North America,"USA: Ames\, Iowa",65 days,feces,39,"Pork Finisher diet (Kent Feeds\, Muscatine\, IA)",Offspring of sow A,ambient,not fasted,grower pig,female,9825,454 GS FLX Titanium,"42-02-05 N, 93-37-12 W",188_WD4_feces,SINGLE,PCR,METAGENOMIC,gut metagenome,non-medicated,LS454,2014-02-26T00:00:00Z,2014-02-26T14:46:00Z,1,-20 degrees Celsius,188_WD4.sff,SRP038757,swine intestinal tract,6/29/12,MIGS/MIMS/MIMARKS.host-associated,none,metagenome,swine,freshly voided feces,Antibiotic (carbadox) effects on the swine gut microbiota,1 gram of freshly voided feces,1 grams feces,1 to 6 months,188,,pig,,,,,,
SRR1174563,AMPLICON,558,10284471,PRJNA237795,SAMN02645040,"MIMS.me,MIGS/MIMS/MIMARKS.host-associated",22834019,USDA-ARS,public,"run.zq,sff,sra","gs,ncbi,s3","gs.us-east1,ncbi.public,s3.us-east-1",SRX474752,USA,North America,"USA: Ames\, Iowa",103 days,feces,39,"Pork Finisher diet (Kent Feeds\, Muscatine\, IA)",Offspring of sow A,ambient,not fasted,grower pig,female,9825,454 GS FLX Titanium,"42-02-05 N, 93-37-12 W",188_wd42_feces,SINGLE,PCR,METAGENOMIC,gut metagenome,non-medicated,LS454,2014-02-26T00:00:00Z,2014-02-26T15:08:00Z,1,-20 degrees Celsius,188_wd42.sff,SRP038757,swine intestinal tract,8/6/12,MIGS/MIMS/MIMARKS.host-associated,none,metagenome,swine,freshly voided feces,Antibiotic (carbadox) effects on the swine gut microbiota,1 gram of freshly voided feces,1 grams feces,1 to 6 months,188,,pig,,,,,,
SRR1174564,AMPLICON,544,15325340,PRJNA237795,SAMN02645041,"MIMS.me,MIGS/MIMS/MIMARKS.host-associated",33883729,USDA-ARS,public,"run.zq,sff,sra","gs,ncbi,s3","gs.us-east1,ncbi.public,s3.us-east-1",SRX474753,USA,North America,"USA: Ames\, Iowa",41 days,feces,39,"TechStart 17-25\, Kent Feeds\, Muscatine\, IA",Offspring of sow A,ambient,not fasted,grower pig,male,9825,454 GS FLX Titanium,"42-02-05 N, 93-37-12 W",189_1_feces,SINGLE,PCR,METAGENOMIC,gut metagenome,medicated,LS454,2014-02-26T00:00:00Z,2014-02-26T14:48:00Z,1,-20 degrees Celsius,189_1.sff,SRP038757,swine intestinal tract,6/5/12,MIGS/MIMS/MIMARKS.host-associated,none,metagenome,swine,freshly voided feces,Antibiotic (carbadox) effects on the swine gut microbiota,1 gram of freshly voided feces,1 grams feces,1 to 6 months,189,,pig,,,,,,
SRR1174565,AMPLICON,561,13829273,PRJNA237795,SAMN02645042,"MIMS.me,MIGS/MIMS/MIMARKS.host-associated",30648269,USDA-ARS,public,"run.zq,sff,sra","gs,ncbi,s3","gs.us-east1,ncbi.public,s3.us-east-1",SRX474754,USA,North America,"USA: Ames\, Iowa",54 days,feces,39,"TechStart 17-25 (Kent Feeds\, Muscatine\, IA)",Offspring of sow A,ambient,not fasted,grower pig,male,9825,454 GS FLX Titanium,"42-02-05 N, 93-37-12 W",189_14_feces,SINGLE,PCR,METAGENOMIC,gut metagenome,medicated,LS454,2014-02-26T00:00:00Z,2014-02-26T14:48:00Z,1,-20 degrees Celsius,189_14.sff,SRP038757,swine intestinal tract,6/18/12,MIGS/MIMS/MIMARKS.host-associated,none,metagenome,swine,freshly voided feces,Antibiotic (carbadox) effects on the swine gut microbiota,1 gram of freshly voided feces,1 grams feces,1 to 6 months,189,,pig,,,,,,
SRR1174566,AMPLICON,559,17527953,PRJNA237795,SAMN02645043,"MIMS.me,MIGS/MIMS/MIMARKS.host-associated",38467821,USDA-ARS,public,"run.zq,sff,sra","gs,ncbi,s3","gs.us-east1,ncbi.public,s3.us-east-1",SRX474755,USA,North America,"USA: Ames\, Iowa",42 days,feces,39,"TechStart 17-25\, Kent Feeds\, Muscatine\, IA",Offspring of sow A,ambient,not fasted,grower pig,male,9825,454 GS FLX Titanium,"42-02-05 N, 93-37-12 W",189_2_feces,SINGLE,PCR,METAGENOMIC,gut metagenome,medicated,LS454,2014-02-26T00:00:00Z,2014-02-26T14:48:00Z,1,-20 degrees Celsius,189_2.sff,SRP038757,swine intestinal tract,6/6/12,MIGS/MIMS/MIMARKS.host-associated,none,metagenome,swine,freshly voided feces,Antibiotic (carbadox) effects on the swine gut microbiota,1 gram of freshly voided feces,1 grams feces,1 to 6 months,189,,pig,,,,,,
SRR1174567,AMPLICON,568,13317868,PRJNA237795,SAMN02645044,"MIMS.me,MIGS/MIMS/MIMARKS.host-associated",29497949,USDA-ARS,public,"run.zq,sff,sra","gs,ncbi,s3","gs.us-east1,ncbi.public,s3.us-east-1",SRX474756,USA,North America,"USA: Ames\, Iowa",61 days,feces,39,"TechStart 17-25\, Kent Feeds\, Muscatine\, IA",Offspring of sow A,ambient,not fasted,grower pig,male,9825,454 GS FLX Titanium,"42-02-05 N, 93-37-12 W",189_21_feces,SINGLE,PCR,METAGENOMIC,gut metagenome,medicated,LS454,2014-02-26T00:00:00Z,2014-02-26T14:48:00Z,1,-20 degrees Celsius,189_21.sff,SRP038757,swine intestinal tract,6/25/12,MIGS/MIMS/MIMARKS.host-associated,none,metagenome,swine,freshly voided feces,Antibiotic (carbadox) effects on the swine gut microbiota,1 gram of freshly voided feces,1 grams feces,1 to 6 months,189,,pig,,,,,,
SRR1174568,AMPLICON,555,12940388,PRJNA237795,SAMN02645045,"MIMS.me,MIGS/MIMS/MIMARKS.host-associated",28764678,USDA-ARS,public,"run.zq,sff,sra","gs,ncbi,s3","gs.us-east1,ncbi.public,s3.us-east-1",SRX474757,USA,North America,"USA: Ames\, Iowa",43 days,feces,39,"TechStart 17-25 (Kent Feeds\, Muscatine\, IA)",Offspring of sow A,ambient,not fasted,grower pig,male,9825,454 GS FLX Titanium,"42-02-05 N, 93-37-12 W",189_3_feces,SINGLE,PCR,METAGENOMIC,gut metagenome,medicated,LS454,2014-02-26T00:00:00Z,2014-02-26T14:48:00Z,1,-20 degrees Celsius,189_3.sff,SRP038757,swine intestinal tract,6/7/12,MIGS/MIMS/MIMARKS.host-associated,none,metagenome,swine,freshly voided feces,Antibiotic (carbadox) effects on the swine gut microbiota,1 gram of freshly voided feces,1 grams feces,1 to 6 months,189,,pig,,,,,,
SRR1174569,AMPLICON,550,8878857,PRJNA237795,SAMN02645046,"MIMS.me,MIGS/MIMS/MIMARKS.host-associated",19726802,USDA-ARS,public,"run.zq,sff,sra","gs,ncbi,s3","gs.us-east1,ncbi.public,s3.us-east-1",SRX474758,USA,North America,"USA: Ames\, Iowa",44 days,feces,39,"TechStart 17-25\, Kent Feeds\, Muscatine\, IA",Offspring of sow A,ambient,not fasted,grower pig,male,9825,454 GS FLX Titanium,"42-02-05 N, 93-37-12 W",189_4_feces,SINGLE,PCR,METAGENOMIC,gut metagenome,medicated,LS454,2014-02-26T00:00:00Z,2014-02-26T14:48:00Z,1,-20 degrees Celsius,189_4.sff,SRP038757,swine intestinal tract,6/8/12,MIGS/MIMS/MIMARKS.host-associated,none,metagenome,swine,freshly voided feces,Antibiotic (carbadox) effects on the swine gut microbiota,1 gram of freshly voided feces,1 grams feces,1 to 6 months,189,,pig,,,,,,
SRR1174570,AMPLICON,550,16710861,PRJNA237795,SAMN02645047,"MIMS.me,MIGS/MIMS/MIMARKS.host-associated",37275561,USDA-ARS,public,"run.zq,sff,sra","gs,ncbi,s3","gs.us-east1,ncbi.public,s3.us-east-1",SRX474759,USA,North America,"USA: Ames\, Iowa",35 days,feces,39,"TechStart 17-25\, Kent Feeds\, Muscatine\, IA",Offspring of sow A,ambient,not fasted,grower pig,male,9825,454 GS FLX Titanium,"42-02-05 N, 93-37-12 W",189_5_feces,SINGLE,PCR,METAGENOMIC,gut metagenome,medicated,LS454,2014-02-26T00:00:00Z,2014-02-26T14:48:00Z,1,-20 degrees Celsius,189_5.sff,SRP038757,swine intestinal tract,5/30/12,MIGS/MIMS/MIMARKS.host-associated,none,metagenome,swine,freshly voided feces,Antibiotic (carbadox) effects on the swine gut microbiota,1 gram of freshly voided feces,1 grams feces,1 to 6 months,189,,pig,,,,,,
SRR1174571,AMPLICON,562,16859058,PRJNA237795,SAMN02645048,"MIMS.me,MIGS/MIMS/MIMARKS.host-associated",37417155,USDA-ARS,public,"run.zq,sff,sra","gs,ncbi,s3","gs.us-east1,ncbi.public,s3.us-east-1",SRX474760,USA,North America,"USA: Ames\, Iowa",47 days,feces,39,"TechStart 17-25 (Kent Feeds\, Muscatine\, IA)",Offspring of sow A,ambient,not fasted,grower pig,male,9825,454 GS FLX Titanium,"42-02-05 N, 93-37-12 W",189_7_feces,SINGLE,PCR,METAGENOMIC,gut metagenome,medicated,LS454,2014-02-26T00:00:00Z,2014-02-26T14:48:00Z,1,-20 degrees Celsius,189_7.sff,SRP038757,swine intestinal tract,6/11/12,MIGS/MIMS/MIMARKS.host-associated,none,metagenome,swine,freshly voided feces,Antibiotic (carbadox) effects on the swine gut microbiota,1 gram of freshly voided feces,1 grams feces,1 to 6 months,189,,pig,,,,,,
SRR1174572,AMPLICON,552,15908625,PRJNA237795,SAMN02645049,"MIMS.me,MIGS/MIMS/MIMARKS.host-associated",34984429,USDA-ARS,public,"run.zq,sff,sra","gs,ncbi,s3","gs.us-east1,ncbi.public,s3.us-east-1",SRX474761,USA,North America,"USA: Ames\, Iowa",63 days,feces,39,"Pork Finisher diet (Kent Feeds\, Muscatine\, IA)",Offspring of sow A,ambient,not fasted,grower pig,male,9825,454 GS FLX Titanium,"42-02-05 N, 93-37-12 W",189_WD2_feces,SINGLE,PCR,METAGENOMIC,gut metagenome,medicated,LS454,2014-02-26T00:00:00Z,2014-02-26T14:48:00Z,1,-20 degrees Celsius,189_WD2.sff,SRP038757,swine intestinal tract,6/27/12,MIGS/MIMS/MIMARKS.host-associated,none,metagenome,swine,freshly voided feces,Antibiotic (carbadox) effects on the swine gut microbiota,1 gram of freshly voided feces,1 grams feces,1 to 6 months,189,,pig,,,,,,
SRR1174573,AMPLICON,549,8342713,PRJNA237795,SAMN02645050,"MIMS.me,MIGS/MIMS/MIMARKS.host-associated",18677418,USDA-ARS,public,"run.zq,sff,sra","gs,ncbi,s3","gs.us-east1,ncbi.public,s3.us-east-1",SRX474762,USA,North America,"USA: Ames\, Iowa",82 days,feces,39,"Pork Finisher diet (Kent Feeds\, Muscatine\, IA)",Offspring of sow A,ambient,not fasted,grower pig,male,9825,454 GS FLX Titanium,"42-02-05 N, 93-37-12 W",189_wd21_feces,SINGLE,PCR,METAGENOMIC,gut metagenome,medicated,LS454,2014-02-26T00:00:00Z,2014-02-26T15:08:00Z,1,-20 degrees Celsius,189_wd21.sff,SRP038757,swine intestinal tract,7/16/12,MIGS/MIMS/MIMARKS.host-associated,none,metagenome,swine,freshly voided feces,Antibiotic (carbadox) effects on the swine gut microbiota,1 gram of freshly voided feces,1 grams feces,1 to 6 months,189,,pig,,,,,,
SRR1174574,AMPLICON,553,7002498,PRJNA237795,SAMN02645051,"MIMS.me,MIGS/MIMS/MIMARKS.host-associated",15577456,USDA-ARS,public,"run.zq,sff,sra","gs,ncbi,s3","gs.us-east1,ncbi.public,s3.us-east-1",SRX474763,USA,North America,"USA: Ames\, Iowa",65 days,feces,39,"Pork Finisher diet (Kent Feeds\, Muscatine\, IA)",Offspring of sow A,ambient,not fasted,grower pig,male,9825,454 GS FLX Titanium,"42-02-05 N, 93-37-12 W",189_WD4_feces,SINGLE,PCR,METAGENOMIC,gut metagenome,medicated,LS454,2014-02-26T00:00:00Z,2014-02-26T14:48:00Z,1,-20 degrees Celsius,189_WD4.sff,SRP038757,swine intestinal tract,6/29/12,MIGS/MIMS/MIMARKS.host-associated,none,metagenome,swine,freshly voided feces,Antibiotic (carbadox) effects on the swine gut microbiota,1 gram of freshly voided feces,1 grams feces,1 to 6 months,189,,pig,,,,,,
SRR1174575,AMPLICON,559,10976368,PRJNA237795,SAMN02645052,"MIMS.me,MIGS/MIMS/MIMARKS.host-associated",24484654,USDA-ARS,public,"run.zq,sff,sra","gs,ncbi,s3","gs.us-east1,ncbi.public,s3.us-east-1",SRX474764,USA,North America,"USA: Ames\, Iowa",103 days,feces,39,"Pork Finisher diet (Kent Feeds\, Muscatine\, IA)",Offspring of sow A,ambient,not fasted,grower pig,male,9825,454 GS FLX Titanium,"42-02-05 N, 93-37-12 W",189_wd42_feces,SINGLE,PCR,METAGENOMIC,gut metagenome,medicated,LS454,2014-02-26T00:00:00Z,2014-02-26T15:08:00Z,1,-20 degrees Celsius,189_wd42.sff,SRP038757,swine intestinal tract,8/6/12,MIGS/MIMS/MIMARKS.host-associated,none,metagenome,swine,freshly voided feces,Antibiotic (carbadox) effects on the swine gut microbiota,1 gram of freshly voided feces,1 grams feces,1 to 6 months,189,,pig,,,,,,
SRR1174576,AMPLICON,539,10064598,PRJNA237795,SAMN02645053,"MIMS.me,MIGS/MIMS/MIMARKS.host-associated",22598709,USDA-ARS,public,"run.zq,sff,sra","gs,ncbi,s3","gs.us-east1,ncbi.public,s3.us-east-1",SRX474765,USA,North America,"USA: Ames\, Iowa",41 days,feces,39,"TechStart 17-25 (Kent Feeds\, Muscatine\, IA)",Offspring of sow A,ambient,not fasted,grower pig,male,9825,454 GS FLX Titanium,"42-02-05 N, 93-37-12 W",190_1_feces,SINGLE,PCR,METAGENOMIC,gut metagenome,non-medicated,LS454,2014-02-26T00:00:00Z,2014-02-26T14:48:00Z,1,-20 degrees Celsius,190_1.sff,SRP038757,swine intestinal tract,6/5/12,MIGS/MIMS/MIMARKS.host-associated,none,metagenome,swine,freshly voided feces,Antibiotic (carbadox) effects on the swine gut microbiota,1 gram of freshly voided feces,1 grams feces,1 to 6 months,190,,pig,,,,,,
SRR1174577,AMPLICON,572,22999756,PRJNA237795,SAMN02645054,"MIMS.me,MIGS/MIMS/MIMARKS.host-associated",50986883,USDA-ARS,public,"run.zq,sff,sra","gs,ncbi,s3","gs.us-east1,ncbi.public,s3.us-east-1",SRX474766,USA,North America,"USA: Ames\, Iowa",54 days,feces,39,"TechStart 17-25 (Kent Feeds\, Muscatine\, IA)",Offspring of sow A,ambient,not fasted,grower pig,male,9825,454 GS FLX Titanium,"42-02-05 N, 93-37-12 W",190_14_feces,SINGLE,PCR,METAGENOMIC,gut metagenome,non-medicated,LS454,2014-02-26T00:00:00Z,2014-02-26T14:48:00Z,1,-20 degrees Celsius,190_14.sff,SRP038757,swine intestinal tract,6/18/12,MIGS/MIMS/MIMARKS.host-associated,none,metagenome,swine,freshly voided feces,Antibiotic (carbadox) effects on the swine gut microbiota,1 gram of freshly voided feces,1 grams feces,1 to 6 months,190,,pig,,,,,,
SRR1174578,AMPLICON,566,12180313,PRJNA237795,SAMN02645055,"MIMS.me,MIGS/MIMS/MIMARKS.host-associated",27194173,USDA-ARS,public,"run.zq,sff,sra","gs,ncbi,s3","gs.us-east1,ncbi.public,s3.us-east-1",SRX474767,USA,North America,"USA: Ames\, Iowa",42 days,feces,39,"TechStart 17-25\, Kent Feeds\, Muscatine\, IA",Offspring of sow A,ambient,not fasted,grower pig,male,9825,454 GS FLX Titanium,"42-02-05 N, 93-37-12 W",190_2_feces,SINGLE,PCR,METAGENOMIC,gut metagenome,non-medicated,LS454,2014-02-26T00:00:00Z,2014-02-26T14:48:00Z,1,-20 degrees Celsius,190_2.sff,SRP038757,swine intestinal tract,6/6/12,MIGS/MIMS/MIMARKS.host-associated,none,metagenome,swine,freshly voided feces,Antibiotic (carbadox) effects on the swine gut microbiota,1 gram of freshly voided feces,1 grams feces,1 to 6 months,190,,pig,,,,,,
SRR1174579,AMPLICON,562,15699597,PRJNA237795,SAMN02645056,"MIMS.me,MIGS/MIMS/MIMARKS.host-associated",35004882,USDA-ARS,public,"run.zq,sff,sra","gs,ncbi,s3","gs.us-east1,ncbi.public,s3.us-east-1",SRX474768,USA,North America,"USA: Ames\, Iowa",61 days,feces,39,"TechStart 17-25\, Kent Feeds\, Muscatine\, IA",Offspring of sow A,ambient,not fasted,grower pig,male,9825,454 GS FLX Titanium,"42-02-05 N, 93-37-12 W",190_21_feces,SINGLE,PCR,METAGENOMIC,gut metagenome,non-medicated,LS454,2014-02-26T00:00:00Z,2014-02-26T14:48:00Z,1,-20 degrees Celsius,190_21.sff,SRP038757,swine intestinal tract,6/25/12,MIGS/MIMS/MIMARKS.host-associated,none,metagenome,swine,freshly voided feces,Antibiotic (carbadox) effects on the swine gut microbiota,1 gram of freshly voided feces,1 grams feces,1 to 6 months,190,,pig,,,,,,
SRR1174580,AMPLICON,546,9367263,PRJNA237795,SAMN02645057,"MIMS.me,MIGS/MIMS/MIMARKS.host-associated",21013096,USDA-ARS,public,"run.zq,sff,sra","gs,ncbi,s3","gs.us-east1,ncbi.public,s3.us-east-1",SRX474769,USA,North America,"USA: Ames\, Iowa",43 days,feces,39,"TechStart 17-25 (Kent Feeds\, Muscatine\, IA)",Offspring of sow A,ambient,not fasted,grower pig,male,9825,454 GS FLX Titanium,"42-02-05 N, 93-37-12 W",190_3_feces,SINGLE,PCR,METAGENOMIC,gut metagenome,non-medicated,LS454,2014-02-26T00:00:00Z,2014-02-26T14:48:00Z,1,-20 degrees Celsius,190_3.sff,SRP038757,swine intestinal tract,6/7/12,MIGS/MIMS/MIMARKS.host-associated,none,metagenome,swine,freshly voided feces,Antibiotic (carbadox) effects on the swine gut microbiota,1 gram of freshly voided feces,1 grams feces,1 to 6 months,190,,pig,,,,,,
SRR1174581,AMPLICON,544,16205861,PRJNA237795,SAMN02645058,"MIMS.me,MIGS/MIMS/MIMARKS.host-associated",35643863,USDA-ARS,public,"run.zq,sff,sra","gs,ncbi,s3","gs.us-east1,ncbi.public,s3.us-east-1",SRX474770,USA,North America,"USA: Ames\, Iowa",44 days,feces,39,"TechStart 17-25\, Kent Feeds\, Muscatine\, IA",Offspring of sow A,ambient,not fasted,grower pig,male,9825,454 GS FLX Titanium,"42-02-05 N, 93-37-12 W",190_4_feces,SINGLE,PCR,METAGENOMIC,gut metagenome,non-medicated,LS454,2014-02-26T00:00:00Z,2014-02-26T14:48:00Z,1,-20 degrees Celsius,190_4.sff,SRP038757,swine intestinal tract,6/8/12,MIGS/MIMS/MIMARKS.host-associated,none,metagenome,swine,freshly voided feces,Antibiotic (carbadox) effects on the swine gut microbiota,1 gram of freshly voided feces,1 grams feces,1 to 6 months,190,,pig,,,,,,
SRR1174582,AMPLICON,548,15362957,PRJNA237795,SAMN02645059,"MIMS.me,MIGS/MIMS/MIMARKS.host-associated",33977607,USDA-ARS,public,"run.zq,sff,sra","gs,ncbi,s3","gs.us-east1,ncbi.public,s3.us-east-1",SRX474771,USA,North America,"USA: Ames\, Iowa",35 days,feces,39,"TechStart 17-25 (Kent Feeds\, Muscatine\, IA)",Offspring of sow A,ambient,not fasted,grower pig,male,9825,454 GS FLX Titanium,"42-02-05 N, 93-37-12 W",190_5_feces,SINGLE,PCR,METAGENOMIC,gut metagenome,non-medicated,LS454,2014-02-26T00:00:00Z,2014-02-26T14:48:00Z,1,-20 degrees Celsius,190_5.sff,SRP038757,swine intestinal tract,5/30/12,MIGS/MIMS/MIMARKS.host-associated,none,metagenome,swine,freshly voided feces,Antibiotic (carbadox) effects on the swine gut microbiota,1 gram of freshly voided feces,1 grams feces,1 to 6 months,190,,pig,,,,,,
SRR1174583,AMPLICON,548,10834317,PRJNA237795,SAMN02645060,"MIMS.me,MIGS/MIMS/MIMARKS.host-associated",23812931,USDA-ARS,public,"run.zq,sff,sra","gs,ncbi,s3","gs.us-east1,ncbi.public,s3.us-east-1",SRX474772,USA,North America,"USA: Ames\, Iowa",47 days,feces,39,"TechStart 17-25 (Kent Feeds\, Muscatine\, IA)",Offspring of sow A,ambient,not fasted,grower pig,male,9825,454 GS FLX Titanium,"42-02-05 N, 93-37-12 W",190_7_feces,SINGLE,PCR,METAGENOMIC,gut metagenome,non-medicated,LS454,2014-02-26T00:00:00Z,2014-02-26T14:48:00Z,1,-20 degrees Celsius,190_7.sff,SRP038757,swine intestinal tract,6/11/12,MIGS/MIMS/MIMARKS.host-associated,none,metagenome,swine,freshly voided feces,Antibiotic (carbadox) effects on the swine gut microbiota,1 gram of freshly voided feces,1 grams feces,1 to 6 months,190,,pig,,,,,,
SRR1174584,AMPLICON,555,13585065,PRJNA237795,SAMN02645061,"MIMS.me,MIGS/MIMS/MIMARKS.host-associated",30318447,USDA-ARS,public,"run.zq,sff,sra","gs,ncbi,s3","gs.us-east1,ncbi.public,s3.us-east-1",SRX474773,USA,North America,"USA: Ames\, Iowa",63 days,feces,39,"Pork Finisher diet (Kent Feeds\, Muscatine\, IA)",Offspring of sow A,ambient,not fasted,grower pig,male,9825,454 GS FLX Titanium,"42-02-05 N, 93-37-12 W",190_WD2_feces,SINGLE,PCR,METAGENOMIC,gut metagenome,non-medicated,LS454,2014-02-26T00:00:00Z,2014-02-26T14:48:00Z,1,-20 degrees Celsius,190_WD2.sff,SRP038757,swine intestinal tract,6/27/12,MIGS/MIMS/MIMARKS.host-associated,none,metagenome,swine,freshly voided feces,Antibiotic (carbadox) effects on the swine gut microbiota,1 gram of freshly voided feces,1 grams feces,1 to 6 months,190,,pig,,,,,,
SRR1174585,AMPLICON,565,8710678,PRJNA237795,SAMN02645062,"MIMS.me,MIGS/MIMS/MIMARKS.host-associated",19445063,USDA-ARS,public,"run.zq,sff,sra","gs,ncbi,s3","gs.us-east1,ncbi.public,s3.us-east-1",SRX474774,USA,North America,"USA: Ames\, Iowa",82 days,feces,39,"Pork Finisher diet (Kent Feeds\, Muscatine\, IA)",Offspring of sow A,ambient,not fasted,grower pig,male,9825,454 GS FLX Titanium,"42-02-05 N, 93-37-12 W",190_wd21_feces,SINGLE,PCR,METAGENOMIC,gut metagenome,non-medicated,LS454,2014-02-26T00:00:00Z,2014-02-26T15:08:00Z,1,-20 degrees Celsius,190_wd21.sff,SRP038757,swine intestinal tract,7/16/12,MIGS/MIMS/MIMARKS.host-associated,none,metagenome,swine,freshly voided feces,Antibiotic (carbadox) effects on the swine gut microbiota,1 gram of freshly voided feces,1 grams feces,1 to 6 months,190,,pig,,,,,,
SRR1174586,AMPLICON,559,11744028,PRJNA237795,SAMN02645063,"MIMS.me,MIGS/MIMS/MIMARKS.host-associated",25762398,USDA-ARS,public,"run.zq,sff,sra","gs,ncbi,s3","gs.us-east1,ncbi.public,s3.us-east-1",SRX474775,USA,North America,"USA: Ames\, Iowa",65 days,feces,39,"Pork Finisher diet (Kent Feeds\, Muscatine\, IA)",Offspring of sow A,ambient,not fasted,grower pig,male,9825,454 GS FLX Titanium,"42-02-05 N, 93-37-12 W",190_WD4_feces,SINGLE,PCR,METAGENOMIC,gut metagenome,non-medicated,LS454,2014-02-26T00:00:00Z,2014-02-26T14:48:00Z,1,-20 degrees Celsius,190_WD4.sff,SRP038757,swine intestinal tract,6/29/12,MIGS/MIMS/MIMARKS.host-associated,none,metagenome,swine,freshly voided feces,Antibiotic (carbadox) effects on the swine gut microbiota,1 gram of freshly voided feces,1 grams feces,1 to 6 months,190,,pig,,,,,,
SRR1174587,AMPLICON,556,8678708,PRJNA237795,SAMN02645064,"MIMS.me,MIGS/MIMS/MIMARKS.host-associated",19423433,USDA-ARS,public,"run.zq,sff,sra","gs,ncbi,s3","gs.us-east1,ncbi.public,s3.us-east-1",SRX474776,USA,North America,"USA: Ames\, Iowa",103 days,feces,39,"Pork Finisher diet (Kent Feeds\, Muscatine\, IA)",Offspring of sow A,ambient,not fasted,grower pig,male,9825,454 GS FLX Titanium,"42-02-05 N, 93-37-12 W",190_wd42_feces,SINGLE,PCR,METAGENOMIC,gut metagenome,non-medicated,LS454,2014-02-26T00:00:00Z,2014-02-26T15:08:00Z,1,-20 degrees Celsius,190_wd42.sff,SRP038757,swine intestinal tract,8/6/12,MIGS/MIMS/MIMARKS.host-associated,none,metagenome,swine,freshly voided feces,Antibiotic (carbadox) effects on the swine gut microbiota,1 gram of freshly voided feces,1 grams feces,1 to 6 months,190,,pig,,,,,,
SRR1174588,AMPLICON,547,9184564,PRJNA237795,SAMN02645065,"MIMS.me,MIGS/MIMS/MIMARKS.host-associated",20381051,USDA-ARS,public,"run.zq,sff,sra","gs,ncbi,s3","gs.us-east1,ncbi.public,s3.us-east-1",SRX474777,USA,North America,"USA: Ames\, Iowa",41 days,feces,39,"TechStart 17-25 (Kent Feeds\, Muscatine\, IA)",Offspring of sow A,ambient,not fasted,grower pig,female,9825,454 GS FLX Titanium,"42-02-05 N, 93-37-12 W",191_1_feces,SINGLE,PCR,METAGENOMIC,gut metagenome,non-medicated,LS454,2014-02-26T00:00:00Z,2014-02-26T14:49:00Z,1,-20 degrees Celsius,191_1.sff,SRP038757,swine intestinal tract,6/5/12,MIGS/MIMS/MIMARKS.host-associated,none,metagenome,swine,freshly voided feces,Antibiotic (carbadox) effects on the swine gut microbiota,1 gram of freshly voided feces,1 grams feces,1 to 6 months,191,,pig,,,,,,
SRR1174589,AMPLICON,547,24080551,PRJNA237795,SAMN02645066,"MIMS.me,MIGS/MIMS/MIMARKS.host-associated",52468438,USDA-ARS,public,"run.zq,sff,sra","gs,ncbi,s3","gs.us-east1,ncbi.public,s3.us-east-1",SRX474778,USA,North America,"USA: Ames\, Iowa",54 days,feces,39,"TechStart 17-25 (Kent Feeds\, Muscatine\, IA)",Offspring of sow A,ambient,not fasted,grower pig,female,9825,454 GS FLX Titanium,"42-02-05 N, 93-37-12 W",191_14_feces,SINGLE,PCR,METAGENOMIC,gut metagenome,non-medicated,LS454,2014-02-26T00:00:00Z,2014-02-26T14:49:00Z,1,-20 degrees Celsius,191_14.sff,SRP038757,swine intestinal tract,6/18/12,MIGS/MIMS/MIMARKS.host-associated,none,metagenome,swine,freshly voided feces,Antibiotic (carbadox) effects on the swine gut microbiota,1 gram of freshly voided feces,1 grams feces,1 to 6 months,191,,pig,,,,,,
SRR1174590,AMPLICON,558,14443276,PRJNA237795,SAMN02645067,"MIMS.me,MIGS/MIMS/MIMARKS.host-associated",31973225,USDA-ARS,public,"run.zq,sff,sra","gs,ncbi,s3","gs.us-east1,ncbi.public,s3.us-east-1",SRX474779,USA,North America,"USA: Ames\, Iowa",42 days,feces,39,"TechStart 17-25 (Kent Feeds\, Muscatine\, IA)",Offspring of sow A,ambient,not fasted,grower pig,female,9825,454 GS FLX Titanium,42°02?05?N 93°37?12?W,191_2_feces,SINGLE,PCR,METAGENOMIC,Sus scrofa domesticus,non-medicated,LS454,2014-02-26T00:00:00Z,2014-02-26T14:49:00Z,1,-20 degrees Celsius,191_2.sff,SRP038757,swine intestinal tract,2012-06-06,MIGS/MIMS/MIMARKS.host-associated,none,metagenome,swine,freshly voided feces,Antibiotic (carbadox) effects on the swine gut microbiota,1 gram of freshly voided feces,20 grams feces,1 to 6 months,191,domesticus,,,,,,,
SRR1174591,AMPLICON,546,10911026,PRJNA237795,SAMN02645068,"MIMS.me,MIGS/MIMS/MIMARKS.host-associated",23946229,USDA-ARS,public,"run.zq,sff,sra","gs,ncbi,s3","gs.us-east1,ncbi.public,s3.us-east-1",SRX474780,USA,North America,"USA: Ames\, Iowa",61 days,feces,39,"TechStart 17-25 (Kent Feeds\, Muscatine\, IA)",Offspring of sow A,ambient,not fasted,grower pig,female,9825,454 GS FLX Titanium,42°02?05?N 93°37?12?W,191_21_feces,SINGLE,PCR,METAGENOMIC,Sus scrofa domesticus,non-medicated,LS454,2014-02-26T00:00:00Z,2014-02-26T14:49:00Z,1,-20 degrees Celsius,191_21.sff,SRP038757,swine intestinal tract,2012-06-25,MIGS/MIMS/MIMARKS.host-associated,none,metagenome,swine,freshly voided feces,Antibiotic (carbadox) effects on the swine gut microbiota,1 gram of freshly voided feces,92 grams feces,64 to 6 months,191,domesticus,,,,,,,
SRR1174592,AMPLICON,553,11405323,PRJNA237795,SAMN02645069,"MIMS.me,MIGS/MIMS/MIMARKS.host-associated",25216259,USDA-ARS,public,"run.zq,sff,sra","gs,ncbi,s3","gs.us-east1,ncbi.public,s3.us-east-1",SRX474781,USA,North America,"USA: Ames\, Iowa",43 days,feces,39,"TechStart 17-25\, Kent Feeds\, Muscatine\, IA",Offspring of sow A,ambient,not fasted,grower pig,female,9825,454 GS FLX Titanium,42°02?05?N 93°37?12?W,191_3_feces,SINGLE,PCR,METAGENOMIC,Sus scrofa domesticus,non-medicated,LS454,2014-02-26T00:00:00Z,2014-02-26T14:49:00Z,1,-20 degrees Celsius,191_3.sff,SRP038757,swine intestinal tract,6/7/2012,MIGS/MIMS/MIMARKS.host-associated,none,metagenome,swine,freshly voided feces,Antibiotic (carbadox) effects on the swine gut microbiota,1 gram of freshly voided feces,32 grams feces,4 to 6 months,191,domesticus,,,,,,,
SRR1174593,AMPLICON,551,16287617,PRJNA237795,SAMN02645070,"MIMS.me,MIGS/MIMS/MIMARKS.host-associated",36158855,USDA-ARS,public,"run.zq,sff,sra","gs,ncbi,s3","gs.us-east1,ncbi.public,s3.us-east-1",SRX474782,USA,North America,"USA: Ames\, Iowa",44 days,feces,39,"TechStart 17-25\, Kent Feeds\, Muscatine\, IA",Offspring of sow A,ambient,not fasted,grower pig,female,9825,454 GS FLX Titanium,42°02?05?N 93°37?12?W,191_4_feces,SINGLE,PCR,METAGENOMIC,Sus scrofa domesticus,non-medicated,LS454,2014-02-26T00:00:00Z,2014-02-26T14:49:00Z,1,-20 degrees Celsius,191_4.sff,SRP038757,swine intestinal tract,6/8/2012,MIGS/MIMS/MIMARKS.host-associated,none,metagenome,swine,freshly voided feces,Antibiotic (carbadox) effects on the swine gut microbiota,1 gram of freshly voided feces,44 grams feces,16 to 6 months,191,domesticus,,,,,,,
SRR1174594,AMPLICON,551,11786094,PRJNA237795,SAMN02645071,"MIMS.me,MIGS/MIMS/MIMARKS.host-associated",26139710,USDA-ARS,public,"run.zq,sff,sra","gs,ncbi,s3","gs.us-east1,ncbi.public,s3.us-east-1",SRX474783,USA,North America,"USA: Ames\, Iowa",35 days,feces,39,"TechStart 17-25 (Kent Feeds\, Muscatine\, IA)",Offspring of sow A,ambient,not fasted,grower pig,female,9825,454 GS FLX Titanium,42°02?05?N 93°37?12?W,191_5_feces,SINGLE,PCR,METAGENOMIC,Sus scrofa domesticus,non-medicated,LS454,2014-02-26T00:00:00Z,2014-02-26T14:49:00Z,1,-20 degrees Celsius,191_5.sff,SRP038757,swine intestinal tract,2012-05-30,MIGS/MIMS/MIMARKS.host-associated,none,metagenome,swine,freshly voided feces,Antibiotic (carbadox) effects on the swine gut microbiota,1 gram of freshly voided feces,56 grams feces,28 to 6 months,191,domesticus,,,,,,,
SRR1174595,AMPLICON,563,12368234,PRJNA237795,SAMN02645072,"MIMS.me,MIGS/MIMS/MIMARKS.host-associated",27272499,USDA-ARS,public,"run.zq,sff,sra","gs,ncbi,s3","gs.us-east1,ncbi.public,s3.us-east-1",SRX474784,USA,North America,"USA: Ames\, Iowa",47 days,feces,39,"TechStart 17-25 (Kent Feeds\, Muscatine\, IA)",Offspring of sow A,ambient,not fasted,grower pig,female,9825,454 GS FLX Titanium,42°02?05?N 93°37?12?W,191_7_feces,SINGLE,PCR,METAGENOMIC,Sus scrofa domesticus,non-medicated,LS454,2014-02-26T00:00:00Z,2014-02-26T14:49:00Z,1,-20 degrees Celsius,191_7.sff,SRP038757,swine intestinal tract,6/11/2012,MIGS/MIMS/MIMARKS.host-associated,none,metagenome,swine,freshly voided feces,Antibiotic (carbadox) effects on the swine gut microbiota,1 gram of freshly voided feces,68 grams feces,40 to 6 months,191,domesticus,,,,,,,
SRR1174596,AMPLICON,548,8823402,PRJNA237795,SAMN02645073,"MIMS.me,MIGS/MIMS/MIMARKS.host-associated",19537770,USDA-ARS,public,"run.zq,sff,sra","gs,ncbi,s3","gs.us-east1,ncbi.public,s3.us-east-1",SRX474785,USA,North America,"USA: Ames\, Iowa",63 days,feces,39,"Pork Finisher diet (Kent Feeds\, Muscatine\, IA)",Offspring of sow A,ambient,not fasted,grower pig,female,9825,454 GS FLX Titanium,42°02?05?N 93°37?12?W,191_WD2_feces,SINGLE,PCR,METAGENOMIC,Sus scrofa domesticus,non-medicated,LS454,2014-02-26T00:00:00Z,2014-02-26T14:49:00Z,1,-20 degrees Celsius,191_WD2.sff,SRP038757,swine intestinal tract,2012-06-27,MIGS/MIMS/MIMARKS.host-associated,none,metagenome,swine,freshly voided feces,Antibiotic (carbadox) effects on the swine gut microbiota,1 gram of freshly voided feces,104 grams feces,76 to 6 months,191,domesticus,,,,,,,
SRR1174597,AMPLICON,542,12212938,PRJNA237795,SAMN02645074,"MIMS.me,MIGS/MIMS/MIMARKS.host-associated",27122036,USDA-ARS,public,"run.zq,sff,sra","gs,ncbi,s3","gs.us-east1,ncbi.public,s3.us-east-1",SRX474786,USA,North America,"USA: Ames\, Iowa",82 days,feces,39,"Pork Finisher diet (Kent Feeds\, Muscatine\, IA)",Offspring of sow A,ambient,not fasted,grower pig,female,9825,454 GS FLX Titanium,42°02?05?N 93°37?12?W,191_wd21_feces,SINGLE,PCR,METAGENOMIC,Sus scrofa domesticus,non-medicated,LS454,2014-02-26T00:00:00Z,2014-02-26T15:08:00Z,1,-20 degrees Celsius,191_wd21.sff,SRP038757,swine intestinal tract,2012-07-16,MIGS/MIMS/MIMARKS.host-associated,none,metagenome,swine,freshly voided feces,Antibiotic (carbadox) effects on the swine gut microbiota,1 gram of freshly voided feces,116 grams feces,88 to 6 months,191,domesticus,,,,,,,
SRR1174598,AMPLICON,568,18389553,PRJNA237795,SAMN02645075,"MIMS.me,MIGS/MIMS/MIMARKS.host-associated",40619923,USDA-ARS,public,"run.zq,sff,sra","gs,ncbi,s3","gs.us-east1,ncbi.public,s3.us-east-1",SRX474787,USA,North America,"USA: Ames\, Iowa",65 days,feces,39,"Pork Finisher diet (Kent Feeds\, Muscatine\, IA)",Offspring of sow A,ambient,not fasted,grower pig,female,9825,454 GS FLX Titanium,42°02?05?N 93°37?12?W,191_WD4_feces,SINGLE,PCR,METAGENOMIC,Sus scrofa domesticus,non-medicated,LS454,2014-02-26T00:00:00Z,2014-02-26T14:49:00Z,1,-20 degrees Celsius,191_WD4.sff,SRP038757,swine intestinal tract,2012-06-29,MIGS/MIMS/MIMARKS.host-associated,none,metagenome,swine,freshly voided feces,Antibiotic (carbadox) effects on the swine gut microbiota,1 gram of freshly voided feces,128 grams feces,100 to 6 months,191,domesticus,,,,,,,
SRR1174599,AMPLICON,548,9672207,PRJNA237795,SAMN02645076,"MIMS.me,MIGS/MIMS/MIMARKS.host-associated",21477106,USDA-ARS,public,"run.zq,sff,sra","gs,ncbi,s3","gs.us-east1,ncbi.public,s3.us-east-1",SRX474788,USA,North America,"USA: Ames\, Iowa",103 days,feces,39,"Pork Finisher diet (Kent Feeds\, Muscatine\, IA)",Offspring of sow A,ambient,not fasted,grower pig,female,9825,454 GS FLX Titanium,42°02?05?N 93°37?12?W,191_wd42_feces,SINGLE,PCR,METAGENOMIC,Sus scrofa domesticus,non-medicated,LS454,2014-02-26T00:00:00Z,2014-02-26T15:08:00Z,1,-20 degrees Celsius,191_wd42.sff,SRP038757,swine intestinal tract,8/6/2012,MIGS/MIMS/MIMARKS.host-associated,none,metagenome,swine,freshly voided feces,Antibiotic (carbadox) effects on the swine gut microbiota,1 gram of freshly voided feces,139 grams feces,111 to 6 months,191,domesticus,,,,,,,
SRR1174600,AMPLICON,545,6527348,PRJNA237795,SAMN02645077,"MIMS.me,MIGS/MIMS/MIMARKS.host-associated",14576722,USDA-ARS,public,"run.zq,sff,sra","gs,ncbi,s3","gs.us-east1,ncbi.public,s3.us-east-1",SRX474789,USA,North America,"USA: Ames\, Iowa",41 days,feces,39,"TechStart 17-25\, Kent Feeds\, Muscatine\, IA",Offspring of sow A,ambient,not fasted,grower pig,male,9825,454 GS FLX Titanium,42°02?05?N 93°37?12?W,192_1_feces,SINGLE,PCR,METAGENOMIC,Sus scrofa domesticus,medicated,LS454,2014-02-26T00:00:00Z,2014-02-26T14:49:00Z,1,-20 degrees Celsius,192_1.sff,SRP038757,swine intestinal tract,6/5/2012,MIGS/MIMS/MIMARKS.host-associated,none,metagenome,swine,freshly voided feces,Antibiotic (carbadox) effects on the swine gut microbiota,1 gram of freshly voided feces,3 grams feces,1 to 6 months,192,domesticus,,,,,,,
SRR1174601,AMPLICON,544,14513891,PRJNA237795,SAMN02645078,"MIMS.me,MIGS/MIMS/MIMARKS.host-associated",32349820,USDA-ARS,public,"run.zq,sff,sra","gs,ncbi,s3","gs.us-east1,ncbi.public,s3.us-east-1",SRX474790,USA,North America,"USA: Ames\, Iowa",54 days,feces,39,"TechStart 17-25 (Kent Feeds\, Muscatine\, IA)",Offspring of sow A,ambient,not fasted,grower pig,male,9825,454 GS FLX Titanium,42°02?05?N 93°37?12?W,192_14_feces,SINGLE,PCR,METAGENOMIC,Sus scrofa domesticus,medicated,LS454,2014-02-26T00:00:00Z,2014-02-26T14:49:00Z,1,-20 degrees Celsius,192_14.sff,SRP038757,swine intestinal tract,2012-06-18,MIGS/MIMS/MIMARKS.host-associated,none,metagenome,swine,freshly voided feces,Antibiotic (carbadox) effects on the swine gut microbiota,1 gram of freshly voided feces,74 grams feces,46 to 6 months,192,domesticus,,,,,,,
SRR1174602,AMPLICON,556,11415268,PRJNA237795,SAMN02645079,"MIMS.me,MIGS/MIMS/MIMARKS.host-associated",25353486,USDA-ARS,public,"run.zq,sff,sra","gs,ncbi,s3","gs.us-east1,ncbi.public,s3.us-east-1",SRX474791,USA,North America,"USA: Ames\, Iowa",42 days,feces,39,"TechStart 17-25\, Kent Feeds\, Muscatine\, IA",Offspring of sow A,ambient,not fasted,grower pig,male,9825,454 GS FLX Titanium,42°02?05?N 93°37?12?W,192_2_feces,SINGLE,PCR,METAGENOMIC,Sus scrofa domesticus,medicated,LS454,2014-02-26T00:00:00Z,2014-02-26T14:49:00Z,1,-20 degrees Celsius,192_2.sff,SRP038757,swine intestinal tract,2012-06-06,MIGS/MIMS/MIMARKS.host-associated,none,metagenome,swine,freshly voided feces,Antibiotic (carbadox) effects on the swine gut microbiota,1 gram of freshly voided feces,14 grams feces,1 to 6 months,192,domesticus,,,,,,,
SRR1174603,AMPLICON,559,11001757,PRJNA237795,SAMN02645080,"MIMS.me,MIGS/MIMS/MIMARKS.host-associated",24454889,USDA-ARS,public,"run.zq,sff,sra","gs,ncbi,s3","gs.us-east1,ncbi.public,s3.us-east-1",SRX474792,USA,North America,"USA: Ames\, Iowa",61 days,feces,39,"TechStart 17-25\, Kent Feeds\, Muscatine\, IA",Offspring of sow A,ambient,not fasted,grower pig,male,9825,454 GS FLX Titanium,42°02?05?N 93°37?12?W,192_21_feces,SINGLE,PCR,METAGENOMIC,Sus scrofa domesticus,medicated,LS454,2014-02-26T00:00:00Z,2014-02-26T14:49:00Z,1,-20 degrees Celsius,192_21.sff,SRP038757,swine intestinal tract,2012-06-25,MIGS/MIMS/MIMARKS.host-associated,none,metagenome,swine,freshly voided feces,Antibiotic (carbadox) effects on the swine gut microbiota,1 gram of freshly voided feces,86 grams feces,58 to 6 months,192,domesticus,,,,,,,
SRR1174604,AMPLICON,548,7232818,PRJNA237795,SAMN02645081,"MIMS.me,MIGS/MIMS/MIMARKS.host-associated",16086434,USDA-ARS,public,"run.zq,sff,sra","gs,ncbi,s3","gs.us-east1,ncbi.public,s3.us-east-1",SRX474793,USA,North America,"USA: Ames\, Iowa",43 days,feces,39,"TechStart 17-25 (Kent Feeds\, Muscatine\, IA)",Offspring of sow A,ambient,not fasted,grower pig,male,9825,454 GS FLX Titanium,42°02?05?N 93°37?12?W,192_3_feces,SINGLE,PCR,METAGENOMIC,Sus scrofa domesticus,medicated,LS454,2014-02-26T00:00:00Z,2014-02-26T14:49:00Z,1,-20 degrees Celsius,192_3.sff,SRP038757,swine intestinal tract,6/7/2012,MIGS/MIMS/MIMARKS.host-associated,none,metagenome,swine,freshly voided feces,Antibiotic (carbadox) effects on the swine gut microbiota,1 gram of freshly voided feces,26 grams feces,1 to 6 months,192,domesticus,,,,,,,
SRR1174605,AMPLICON,550,7209773,PRJNA237795,SAMN02645082,"MIMS.me,MIGS/MIMS/MIMARKS.host-associated",16021330,USDA-ARS,public,"run.zq,sff,sra","gs,ncbi,s3","gs.us-east1,ncbi.public,s3.us-east-1",SRX474794,USA,North America,"USA: Ames\, Iowa",44 days,feces,39,"TechStart 17-25\, Kent Feeds\, Muscatine\, IA",Offspring of sow A,ambient,not fasted,grower pig,male,9825,454 GS FLX Titanium,42°02?05?N 93°37?12?W,192_4_feces,SINGLE,PCR,METAGENOMIC,Sus scrofa domesticus,medicated,LS454,2014-02-26T00:00:00Z,2014-02-26T14:49:00Z,1,-20 degrees Celsius,192_4.sff,SRP038757,swine intestinal tract,6/8/2012,MIGS/MIMS/MIMARKS.host-associated,none,metagenome,swine,freshly voided feces,Antibiotic (carbadox) effects on the swine gut microbiota,1 gram of freshly voided feces,38 grams feces,10 to 6 months,192,domesticus,,,,,,,
SRR1174606,AMPLICON,548,9062612,PRJNA237795,SAMN02645083,"MIMS.me,MIGS/MIMS/MIMARKS.host-associated",20277457,USDA-ARS,public,"run.zq,sff,sra","gs,ncbi,s3","gs.us-east1,ncbi.public,s3.us-east-1",SRX474795,USA,North America,"USA: Ames\, Iowa",35 days,feces,39,"TechStart 17-25\, Kent Feeds\, Muscatine\, IA",Offspring of sow A,ambient,not fasted,grower pig,male,9825,454 GS FLX Titanium,42°02?05?N 93°37?12?W,192_5_feces,SINGLE,PCR,METAGENOMIC,Sus scrofa domesticus,medicated,LS454,2014-02-26T00:00:00Z,2014-02-26T14:49:00Z,1,-20 degrees Celsius,192_5.sff,SRP038757,swine intestinal tract,2012-05-30,MIGS/MIMS/MIMARKS.host-associated,none,metagenome,swine,freshly voided feces,Antibiotic (carbadox) effects on the swine gut microbiota,1 gram of freshly voided feces,50 grams feces,22 to 6 months,192,domesticus,,,,,,,
SRR1174607,AMPLICON,560,7588068,PRJNA237795,SAMN02645084,"MIMS.me,MIGS/MIMS/MIMARKS.host-associated",16829661,USDA-ARS,public,"run.zq,sff,sra","gs,ncbi,s3","gs.us-east1,ncbi.public,s3.us-east-1",SRX474796,USA,North America,"USA: Ames\, Iowa",47 days,feces,39,"TechStart 17-25 (Kent Feeds\, Muscatine\, IA)",Offspring of sow A,ambient,not fasted,grower pig,male,9825,454 GS FLX Titanium,42°02?05?N 93°37?12?W,192_7_feces,SINGLE,PCR,METAGENOMIC,Sus scrofa domesticus,medicated,LS454,2014-02-26T00:00:00Z,2014-02-26T14:49:00Z,1,-20 degrees Celsius,192_7.sff,SRP038757,swine intestinal tract,6/11/2012,MIGS/MIMS/MIMARKS.host-associated,none,metagenome,swine,freshly voided feces,Antibiotic (carbadox) effects on the swine gut microbiota,1 gram of freshly voided feces,62 grams feces,34 to 6 months,192,domesticus,,,,,,,
SRR1174608,AMPLICON,546,7504191,PRJNA237795,SAMN02645085,"MIMS.me,MIGS/MIMS/MIMARKS.host-associated",16719731,USDA-ARS,public,"run.zq,sff,sra","gs,ncbi,s3","gs.us-east1,ncbi.public,s3.us-east-1",SRX474797,USA,North America,"USA: Ames\, Iowa",63 days,feces,39,"Pork Finisher diet (Kent Feeds\, Muscatine\, IA)",Offspring of sow A,ambient,not fasted,grower pig,male,9825,454 GS FLX Titanium,42°02?05?N 93°37?12?W,192_WD2_feces,SINGLE,PCR,METAGENOMIC,Sus scrofa domesticus,medicated,LS454,2014-02-26T00:00:00Z,2014-02-26T14:49:00Z,1,-20 degrees Celsius,192_WD2.sff,SRP038757,swine intestinal tract,2012-06-27,MIGS/MIMS/MIMARKS.host-associated,none,metagenome,swine,freshly voided feces,Antibiotic (carbadox) effects on the swine gut microbiota,1 gram of freshly voided feces,98 grams feces,70 to 6 months,192,domesticus,,,,,,,
SRR1174609,AMPLICON,558,13168321,PRJNA237795,SAMN02645086,"MIMS.me,MIGS/MIMS/MIMARKS.host-associated",29251256,USDA-ARS,public,"run.zq,sff,sra","gs,ncbi,s3","gs.us-east1,ncbi.public,s3.us-east-1",SRX474798,USA,North America,"USA: Ames\, Iowa",82 days,feces,39,"Pork Finisher diet (Kent Feeds\, Muscatine\, IA)",Offspring of sow A,ambient,not fasted,grower pig,male,9825,454 GS FLX Titanium,42°02?05?N 93°37?12?W,192_wd21_feces,SINGLE,PCR,METAGENOMIC,Sus scrofa domesticus,medicated,LS454,2014-02-26T00:00:00Z,2014-02-26T15:08:00Z,1,-20 degrees Celsius,192_wd21.sff,SRP038757,swine intestinal tract,2012-07-16,MIGS/MIMS/MIMARKS.host-associated,none,metagenome,swine,freshly voided feces,Antibiotic (carbadox) effects on the swine gut microbiota,1 gram of freshly voided feces,110 grams feces,82 to 6 months,192,domesticus,,,,,,,
SRR1174610,AMPLICON,561,13916401,PRJNA237795,SAMN02645087,"MIMS.me,MIGS/MIMS/MIMARKS.host-associated",30861057,USDA-ARS,public,"run.zq,sff,sra","gs,ncbi,s3","gs.us-east1,ncbi.public,s3.us-east-1",SRX474799,USA,North America,"USA: Ames\, Iowa",65 days,feces,39,"Pork Finisher diet (Kent Feeds\, Muscatine\, IA)",Offspring of sow A,ambient,not fasted,grower pig,male,9825,454 GS FLX Titanium,42°02?05?N 93°37?12?W,192_WD4_feces,SINGLE,PCR,METAGENOMIC,Sus scrofa domesticus,medicated,LS454,2014-02-26T00:00:00Z,2014-02-26T14:49:00Z,1,-20 degrees Celsius,192_WD4.sff,SRP038757,swine intestinal tract,2012-06-29,MIGS/MIMS/MIMARKS.host-associated,none,metagenome,swine,freshly voided feces,Antibiotic (carbadox) effects on the swine gut microbiota,1 gram of freshly voided feces,122 grams feces,94 to 6 months,192,domesticus,,,,,,,
SRR1174611,AMPLICON,557,10164994,PRJNA237795,SAMN02645088,"MIMS.me,MIGS/MIMS/MIMARKS.host-associated",22564683,USDA-ARS,public,"run.zq,sff,sra","gs,ncbi,s3","gs.us-east1,ncbi.public,s3.us-east-1",SRX474800,USA,North America,"USA: Ames\, Iowa",103 days,feces,39,"Pork Finisher diet (Kent Feeds\, Muscatine\, IA)",Offspring of sow A,ambient,not fasted,grower pig,male,9825,454 GS FLX Titanium,42°02?05?N 93°37?12?W,192_wd42_feces,SINGLE,PCR,METAGENOMIC,Sus scrofa domesticus,medicated,LS454,2014-02-26T00:00:00Z,2014-02-26T15:08:00Z,1,-20 degrees Celsius,192_wd42.sff,SRP038757,swine intestinal tract,8/6/2012,MIGS/MIMS/MIMARKS.host-associated,none,metagenome,swine,freshly voided feces,Antibiotic (carbadox) effects on the swine gut microbiota,1 gram of freshly voided feces,134 grams feces,106 to 6 months,192,domesticus,,,,,,,
SRR1174612,AMPLICON,544,15804819,PRJNA237795,SAMN02645089,"MIMS.me,MIGS/MIMS/MIMARKS.host-associated",35325064,USDA-ARS,public,"run.zq,sff,sra","gs,ncbi,s3","gs.us-east1,ncbi.public,s3.us-east-1",SRX474801,USA,North America,"USA: Ames\, Iowa",41 days,feces,39,"TechStart 17-25 (Kent Feeds\, Muscatine\, IA)",Offspring of sow A,ambient,not fasted,grower pig,male,9825,454 GS FLX Titanium,42°02?05?N 93°37?12?W,193_1_feces,SINGLE,PCR,METAGENOMIC,Sus scrofa domesticus,non-medicated,LS454,2014-02-26T00:00:00Z,2014-02-26T14:51:00Z,1,-20 degrees Celsius,193_1.sff,SRP038757,swine intestinal tract,6/5/2012,MIGS/MIMS/MIMARKS.host-associated,none,metagenome,swine,freshly voided feces,Antibiotic (carbadox) effects on the swine gut microbiota,1 gram of freshly voided feces,9 grams feces,1 to 6 months,193,domesticus,,,,,,,
SRR1174613,AMPLICON,573,13701620,PRJNA237795,SAMN02645090,"MIMS.me,MIGS/MIMS/MIMARKS.host-associated",30353088,USDA-ARS,public,"run.zq,sff,sra","gs,ncbi,s3","gs.us-east1,ncbi.public,s3.us-east-1",SRX474802,USA,North America,"USA: Ames\, Iowa",54 days,feces,39,"TechStart 17-25 (Kent Feeds\, Muscatine\, IA)",Offspring of sow A,ambient,not fasted,grower pig,male,9825,454 GS FLX Titanium,42°02?05?N 93°37?12?W,193_14_feces,SINGLE,PCR,METAGENOMIC,Sus scrofa domesticus,non-medicated,LS454,2014-02-26T00:00:00Z,2014-02-26T14:51:00Z,1,-20 degrees Celsius,193_14.sff,SRP038757,swine intestinal tract,2012-06-18,MIGS/MIMS/MIMARKS.host-associated,none,metagenome,swine,freshly voided feces,Antibiotic (carbadox) effects on the swine gut microbiota,1 gram of freshly voided feces,81 grams feces,53 to 6 months,193,domesticus,,,,,,,
SRR1174614,AMPLICON,571,12872665,PRJNA237795,SAMN02645091,"MIMS.me,MIGS/MIMS/MIMARKS.host-associated",28496364,USDA-ARS,public,"run.zq,sff,sra","gs,ncbi,s3","gs.us-east1,ncbi.public,s3.us-east-1",SRX474803,USA,North America,"USA: Ames\, Iowa",42 days,feces,39,"TechStart 17-25 (Kent Feeds\, Muscatine\, IA)",Offspring of sow A,ambient,not fasted,grower pig,male,9825,454 GS FLX Titanium,42°02?05?N 93°37?12?W,193_2_feces,SINGLE,PCR,METAGENOMIC,Sus scrofa domesticus,non-medicated,LS454,2014-02-26T00:00:00Z,2014-02-26T14:51:00Z,1,-20 degrees Celsius,193_2.sff,SRP038757,swine intestinal tract,2012-06-06,MIGS/MIMS/MIMARKS.host-associated,none,metagenome,swine,freshly voided feces,Antibiotic (carbadox) effects on the swine gut microbiota,1 gram of freshly voided feces,21 grams feces,1 to 6 months,193,domesticus,,,,,,,
SRR1174615,AMPLICON,568,15370229,PRJNA237795,SAMN02645092,"MIMS.me,MIGS/MIMS/MIMARKS.host-associated",34061694,USDA-ARS,public,"run.zq,sff,sra","gs,ncbi,s3","gs.us-east1,ncbi.public,s3.us-east-1",SRX474804,USA,North America,"USA: Ames\, Iowa",61 days,feces,39,"TechStart 17-25 (Kent Feeds\, Muscatine\, IA)",Offspring of sow A,ambient,not fasted,grower pig,male,9825,454 GS FLX Titanium,42°02?05?N 93°37?12?W,193_21_feces,SINGLE,PCR,METAGENOMIC,Sus scrofa domesticus,non-medicated,LS454,2014-02-26T00:00:00Z,2014-02-26T14:51:00Z,1,-20 degrees Celsius,193_21.sff,SRP038757,swine intestinal tract,2012-06-25,MIGS/MIMS/MIMARKS.host-associated,none,metagenome,swine,freshly voided feces,Antibiotic (carbadox) effects on the swine gut microbiota,1 gram of freshly voided feces,93 grams feces,65 to 6 months,193,domesticus,,,,,,,
SRR1174616,AMPLICON,550,16614655,PRJNA237795,SAMN02645093,"MIMS.me,MIGS/MIMS/MIMARKS.host-associated",36938106,USDA-ARS,public,"run.zq,sff,sra","gs,ncbi,s3","gs.us-east1,ncbi.public,s3.us-east-1",SRX474805,USA,North America,"USA: Ames\, Iowa",43 days,feces,39,"TechStart 17-25\, Kent Feeds\, Muscatine\, IA",Offspring of sow A,ambient,not fasted,grower pig,male,9825,454 GS FLX Titanium,42°02?05?N 93°37?12?W,193_3_feces,SINGLE,PCR,METAGENOMIC,Sus scrofa domesticus,non-medicated,LS454,2014-02-26T00:00:00Z,2014-02-26T14:51:00Z,1,-20 degrees Celsius,193_3.sff,SRP038757,swine intestinal tract,6/7/2012,MIGS/MIMS/MIMARKS.host-associated,none,metagenome,swine,freshly voided feces,Antibiotic (carbadox) effects on the swine gut microbiota,1 gram of freshly voided feces,33 grams feces,5 to 6 months,193,domesticus,,,,,,,
SRR1174617,AMPLICON,547,14520825,PRJNA237795,SAMN02645094,"MIMS.me,MIGS/MIMS/MIMARKS.host-associated",31933597,USDA-ARS,public,"run.zq,sff,sra","gs,ncbi,s3","gs.us-east1,ncbi.public,s3.us-east-1",SRX474806,USA,North America,"USA: Ames\, Iowa",44 days,feces,39,"TechStart 17-25\, Kent Feeds\, Muscatine\, IA",Offspring of sow A,ambient,not fasted,grower pig,male,9825,454 GS FLX Titanium,42°02?05?N 93°37?12?W,193_4_feces,SINGLE,PCR,METAGENOMIC,Sus scrofa domesticus,non-medicated,LS454,2014-02-26T00:00:00Z,2014-02-26T14:51:00Z,1,-20 degrees Celsius,193_4.sff,SRP038757,swine intestinal tract,6/8/2012,MIGS/MIMS/MIMARKS.host-associated,none,metagenome,swine,freshly voided feces,Antibiotic (carbadox) effects on the swine gut microbiota,1 gram of freshly voided feces,45 grams feces,17 to 6 months,193,domesticus,,,,,,,
SRR1174618,AMPLICON,547,8851735,PRJNA237795,SAMN02645095,"MIMS.me,MIGS/MIMS/MIMARKS.host-associated",19784437,USDA-ARS,public,"run.zq,sff,sra","gs,ncbi,s3","gs.us-east1,ncbi.public,s3.us-east-1",SRX474807,USA,North America,"USA: Ames\, Iowa",35 days,feces,39,"TechStart 17-25 (Kent Feeds\, Muscatine\, IA)",Offspring of sow A,ambient,not fasted,grower pig,male,9825,454 GS FLX Titanium,42°02?05?N 93°37?12?W,193_5_feces,SINGLE,PCR,METAGENOMIC,Sus scrofa domesticus,non-medicated,LS454,2014-02-26T00:00:00Z,2014-02-26T14:51:00Z,1,-20 degrees Celsius,193_5.sff,SRP038757,swine intestinal tract,2012-05-30,MIGS/MIMS/MIMARKS.host-associated,none,metagenome,swine,freshly voided feces,Antibiotic (carbadox) effects on the swine gut microbiota,1 gram of freshly voided feces,57 grams feces,29 to 6 months,193,domesticus,,,,,,,
SRR1174619,AMPLICON,558,17441268,PRJNA237795,SAMN02645096,"MIMS.me,MIGS/MIMS/MIMARKS.host-associated",38729073,USDA-ARS,public,"run.zq,sff,sra","gs,ncbi,s3","gs.us-east1,ncbi.public,s3.us-east-1",SRX474808,USA,North America,"USA: Ames\, Iowa",47 days,feces,39,"TechStart 17-25 (Kent Feeds\, Muscatine\, IA)",Offspring of sow A,ambient,not fasted,grower pig,male,9825,454 GS FLX Titanium,42°02?05?N 93°37?12?W,193_7_feces,SINGLE,PCR,METAGENOMIC,Sus scrofa domesticus,non-medicated,LS454,2014-02-26T00:00:00Z,2014-02-26T14:51:00Z,1,-20 degrees Celsius,193_7.sff,SRP038757,swine intestinal tract,6/11/2012,MIGS/MIMS/MIMARKS.host-associated,none,metagenome,swine,freshly voided feces,Antibiotic (carbadox) effects on the swine gut microbiota,1 gram of freshly voided feces,69 grams feces,41 to 6 months,193,domesticus,,,,,,,
SRR1174620,AMPLICON,551,14814594,PRJNA237795,SAMN02645097,"MIMS.me,MIGS/MIMS/MIMARKS.host-associated",32507401,USDA-ARS,public,"run.zq,sff,sra","gs,ncbi,s3","gs.us-east1,ncbi.public,s3.us-east-1",SRX474809,USA,North America,"USA: Ames\, Iowa",63 days,feces,39,"Pork Finisher diet (Kent Feeds\, Muscatine\, IA)",Offspring of sow A,ambient,not fasted,grower pig,male,9825,454 GS FLX Titanium,42°02?05?N 93°37?12?W,193_WD2_feces,SINGLE,PCR,METAGENOMIC,Sus scrofa domesticus,non-medicated,LS454,2014-02-26T00:00:00Z,2014-02-26T14:51:00Z,1,-20 degrees Celsius,193_WD2.sff,SRP038757,swine intestinal tract,2012-06-27,MIGS/MIMS/MIMARKS.host-associated,none,metagenome,swine,freshly voided feces,Antibiotic (carbadox) effects on the swine gut microbiota,1 gram of freshly voided feces,105 grams feces,77 to 6 months,193,domesticus,,,,,,,
SRR1174621,AMPLICON,563,12895324,PRJNA237795,SAMN02645098,"MIMS.me,MIGS/MIMS/MIMARKS.host-associated",28676519,USDA-ARS,public,"run.zq,sff,sra","gs,ncbi,s3","gs.us-east1,ncbi.public,s3.us-east-1",SRX474810,USA,North America,"USA: Ames\, Iowa",82 days,feces,39,"Pork Finisher diet (Kent Feeds\, Muscatine\, IA)",Offspring of sow A,ambient,not fasted,grower pig,male,9825,454 GS FLX Titanium,42°02?05?N 93°37?12?W,193_wd21_feces,SINGLE,PCR,METAGENOMIC,Sus scrofa domesticus,non-medicated,LS454,2014-02-26T00:00:00Z,2014-02-26T15:08:00Z,1,-20 degrees Celsius,193_wd21.sff,SRP038757,swine intestinal tract,2012-07-16,MIGS/MIMS/MIMARKS.host-associated,none,metagenome,swine,freshly voided feces,Antibiotic (carbadox) effects on the swine gut microbiota,1 gram of freshly voided feces,117 grams feces,89 to 6 months,193,domesticus,,,,,,,
SRR1174622,AMPLICON,572,14075531,PRJNA237795,SAMN02645099,"MIMS.me,MIGS/MIMS/MIMARKS.host-associated",31139137,USDA-ARS,public,"run.zq,sff,sra","gs,ncbi,s3","gs.us-east1,ncbi.public,s3.us-east-1",SRX474811,USA,North America,"USA: Ames\, Iowa",65 days,feces,39,"Pork Finisher diet (Kent Feeds\, Muscatine\, IA)",Offspring of sow A,ambient,not fasted,grower pig,male,9825,454 GS FLX Titanium,42°02?05?N 93°37?12?W,193_WD4_feces,SINGLE,PCR,METAGENOMIC,Sus scrofa domesticus,non-medicated,LS454,2014-02-26T00:00:00Z,2014-02-26T14:51:00Z,1,-20 degrees Celsius,193_WD4.sff,SRP038757,swine intestinal tract,2012-06-29,MIGS/MIMS/MIMARKS.host-associated,none,metagenome,swine,freshly voided feces,Antibiotic (carbadox) effects on the swine gut microbiota,1 gram of freshly voided feces,129 grams feces,101 to 6 months,193,domesticus,,,,,,,
SRR1174623,AMPLICON,551,10418666,PRJNA237795,SAMN02645100,"MIMS.me,MIGS/MIMS/MIMARKS.host-associated",23208918,USDA-ARS,public,"run.zq,sff,sra","gs,ncbi,s3","gs.us-east1,ncbi.public,s3.us-east-1",SRX474812,USA,North America,"USA: Ames\, Iowa",103 days,feces,39,"Pork Finisher diet (Kent Feeds\, Muscatine\, IA)",Offspring of sow A,ambient,not fasted,grower pig,male,9825,454 GS FLX Titanium,42°02?05?N 93°37?12?W,193_wd42_feces,SINGLE,PCR,METAGENOMIC,Sus scrofa domesticus,non-medicated,LS454,2014-02-26T00:00:00Z,2014-02-26T15:08:00Z,1,-20 degrees Celsius,193_wd42.sff,SRP038757,swine intestinal tract,8/6/2012,MIGS/MIMS/MIMARKS.host-associated,none,metagenome,swine,freshly voided feces,Antibiotic (carbadox) effects on the swine gut microbiota,1 gram of freshly voided feces,140 grams feces,112 to 6 months,193,domesticus,,,,,,,
SRR1174624,AMPLICON,544,8018775,PRJNA237795,SAMN02645101,"MIMS.me,MIGS/MIMS/MIMARKS.host-associated",18012494,USDA-ARS,public,"run.zq,sff,sra","gs,ncbi,s3","gs.us-east1,ncbi.public,s3.us-east-1",SRX474813,USA,North America,"USA: Ames\, Iowa",41 days,feces,39,"TechStart 17-25 (Kent Feeds\, Muscatine\, IA)",Offspring of sow B,ambient,not fasted,grower pig,male,9825,454 GS FLX Titanium,42°02?05?N 93°37?12?W,194_1_feces,SINGLE,PCR,METAGENOMIC,Sus scrofa domesticus,medicated,LS454,2014-02-26T00:00:00Z,2014-02-26T14:51:00Z,1,-20 degrees Celsius,194_1.sff,SRP038757,swine intestinal tract,6/5/2012,MIGS/MIMS/MIMARKS.host-associated,none,metagenome,swine,freshly voided feces,Antibiotic (carbadox) effects on the swine gut microbiota,1 gram of freshly voided feces,4 grams feces,1 to 6 months,194,domesticus,,,,,,,
SRR1174625,AMPLICON,562,9700605,PRJNA237795,SAMN02645102,"MIMS.me,MIGS/MIMS/MIMARKS.host-associated",21647015,USDA-ARS,public,"run.zq,sff,sra","gs,ncbi,s3","gs.us-east1,ncbi.public,s3.us-east-1",SRX474814,USA,North America,"USA: Ames\, Iowa",54 days,feces,39,"TechStart 17-25 (Kent Feeds\, Muscatine\, IA)",Offspring of sow B,ambient,not fasted,grower pig,male,9825,454 GS FLX Titanium,42°02?05?N 93°37?12?W,194_14_feces,SINGLE,PCR,METAGENOMIC,Sus scrofa domesticus,medicated,LS454,2014-02-26T00:00:00Z,2014-02-26T14:51:00Z,1,-20 degrees Celsius,194_14.sff,SRP038757,swine intestinal tract,2012-06-18,MIGS/MIMS/MIMARKS.host-associated,none,metagenome,swine,freshly voided feces,Antibiotic (carbadox) effects on the swine gut microbiota,1 gram of freshly voided feces,75 grams feces,47 to 6 months,194,domesticus,,,,,,,
SRR1174626,AMPLICON,559,8767505,PRJNA237795,SAMN02645103,"MIMS.me,MIGS/MIMS/MIMARKS.host-associated",19623198,USDA-ARS,public,"run.zq,sff,sra","gs,ncbi,s3","gs.us-east1,ncbi.public,s3.us-east-1",SRX474815,USA,North America,"USA: Ames\, Iowa",42 days,feces,39,"TechStart 17-25\, Kent Feeds\, Muscatine\, IA",Offspring of sow B,ambient,not fasted,grower pig,male,9825,454 GS FLX Titanium,42°02?05?N 93°37?12?W,194_2_feces,SINGLE,PCR,METAGENOMIC,Sus scrofa domesticus,medicated,LS454,2014-02-26T00:00:00Z,2014-02-26T14:51:00Z,1,-20 degrees Celsius,194_2.sff,SRP038757,swine intestinal tract,2012-06-06,MIGS/MIMS/MIMARKS.host-associated,none,metagenome,swine,freshly voided feces,Antibiotic (carbadox) effects on the swine gut microbiota,1 gram of freshly voided feces,15 grams feces,1 to 6 months,194,domesticus,,,,,,,
SRR1174627,AMPLICON,561,12782143,PRJNA237795,SAMN02645104,"MIMS.me,MIGS/MIMS/MIMARKS.host-associated",28516443,USDA-ARS,public,"run.zq,sff,sra","gs,ncbi,s3","gs.us-east1,ncbi.public,s3.us-east-1",SRX474816,USA,North America,"USA: Ames\, Iowa",61 days,feces,39,"TechStart 17-25\, Kent Feeds\, Muscatine\, IA",Offspring of sow B,ambient,not fasted,grower pig,male,9825,454 GS FLX Titanium,42°02?05?N 93°37?12?W,194_21_feces,SINGLE,PCR,METAGENOMIC,Sus scrofa domesticus,medicated,LS454,2014-02-26T00:00:00Z,2014-02-26T14:51:00Z,1,-20 degrees Celsius,194_21.sff,SRP038757,swine intestinal tract,2012-06-25,MIGS/MIMS/MIMARKS.host-associated,none,metagenome,swine,freshly voided feces,Antibiotic (carbadox) effects on the swine gut microbiota,1 gram of freshly voided feces,87 grams feces,59 to 6 months,194,domesticus,,,,,,,
SRR1174628,AMPLICON,565,11215675,PRJNA237795,SAMN02645105,"MIMS.me,MIGS/MIMS/MIMARKS.host-associated",24978003,USDA-ARS,public,"run.zq,sff,sra","gs,ncbi,s3","gs.us-east1,ncbi.public,s3.us-east-1",SRX474817,USA,North America,"USA: Ames\, Iowa",43 days,feces,39,"TechStart 17-25 (Kent Feeds\, Muscatine\, IA)",Offspring of sow B,ambient,not fasted,grower pig,male,9825,454 GS FLX Titanium,42°02?05?N 93°37?12?W,194_3_feces,SINGLE,PCR,METAGENOMIC,Sus scrofa domesticus,medicated,LS454,2014-02-26T00:00:00Z,2014-02-26T14:51:00Z,1,-20 degrees Celsius,194_3.sff,SRP038757,swine intestinal tract,6/7/2012,MIGS/MIMS/MIMARKS.host-associated,none,metagenome,swine,freshly voided feces,Antibiotic (carbadox) effects on the swine gut microbiota,1 gram of freshly voided feces,27 grams feces,1 to 6 months,194,domesticus,,,,,,,
SRR1174629,AMPLICON,578,12884366,PRJNA237795,SAMN02645106,"MIMS.me,MIGS/MIMS/MIMARKS.host-associated",28593970,USDA-ARS,public,"run.zq,sff,sra","gs,ncbi,s3","gs.us-east1,ncbi.public,s3.us-east-1",SRX474818,USA,North America,"USA: Ames\, Iowa",44 days,feces,39,"TechStart 17-25\, Kent Feeds\, Muscatine\, IA",Offspring of sow B,ambient,not fasted,grower pig,male,9825,454 GS FLX Titanium,42°02?05?N 93°37?12?W,194_4_feces,SINGLE,PCR,METAGENOMIC,Sus scrofa domesticus,medicated,LS454,2014-02-26T00:00:00Z,2014-02-26T14:51:00Z,1,-20 degrees Celsius,194_4.sff,SRP038757,swine intestinal tract,6/8/2012,MIGS/MIMS/MIMARKS.host-associated,none,metagenome,swine,freshly voided feces,Antibiotic (carbadox) effects on the swine gut microbiota,1 gram of freshly voided feces,39 grams feces,11 to 6 months,194,domesticus,,,,,,,
SRR1174630,AMPLICON,551,14593463,PRJNA237795,SAMN02645107,"MIMS.me,MIGS/MIMS/MIMARKS.host-associated",32692445,USDA-ARS,public,"run.zq,sff,sra","gs,ncbi,s3","gs.us-east1,ncbi.public,s3.us-east-1",SRX474819,USA,North America,"USA: Ames\, Iowa",35 days,feces,39,"TechStart 17-25\, Kent Feeds\, Muscatine\, IA",Offspring of sow B,ambient,not fasted,grower pig,male,9825,454 GS FLX Titanium,42°02?05?N 93°37?12?W,194_5_feces,SINGLE,PCR,METAGENOMIC,Sus scrofa domesticus,medicated,LS454,2014-02-26T00:00:00Z,2014-02-26T14:51:00Z,1,-20 degrees Celsius,194_5.sff,SRP038757,swine intestinal tract,2012-05-30,MIGS/MIMS/MIMARKS.host-associated,none,metagenome,swine,freshly voided feces,Antibiotic (carbadox) effects on the swine gut microbiota,1 gram of freshly voided feces,51 grams feces,23 to 6 months,194,domesticus,,,,,,,
SRR1174631,AMPLICON,557,5097602,PRJNA237795,SAMN02645108,"MIMS.me,MIGS/MIMS/MIMARKS.host-associated",11400218,USDA-ARS,public,"run.zq,sff,sra","gs,ncbi,s3","gs.us-east1,ncbi.public,s3.us-east-1",SRX474820,USA,North America,"USA: Ames\, Iowa",47 days,feces,39,"TechStart 17-25\, Kent Feeds\, Muscatine\, IA",Offspring of sow B,ambient,not fasted,grower pig,male,9825,454 GS FLX Titanium,42°02?05?N 93°37?12?W,194_7_feces,SINGLE,PCR,METAGENOMIC,Sus scrofa domesticus,medicated,LS454,2014-02-26T00:00:00Z,2014-02-26T14:51:00Z,1,-20 degrees Celsius,194_7.sff,SRP038757,swine intestinal tract,6/11/2012,MIGS/MIMS/MIMARKS.host-associated,none,metagenome,swine,freshly voided feces,Antibiotic (carbadox) effects on the swine gut microbiota,1 gram of freshly voided feces,63 grams feces,35 to 6 months,194,domesticus,,,,,,,
SRR1174632,AMPLICON,548,11916395,PRJNA237795,SAMN02645109,"MIMS.me,MIGS/MIMS/MIMARKS.host-associated",26553038,USDA-ARS,public,"run.zq,sff,sra","gs,ncbi,s3","gs.us-east1,ncbi.public,s3.us-east-1",SRX474821,USA,North America,"USA: Ames\, Iowa",63 days,feces,39,"Pork Finisher diet (Kent Feeds\, Muscatine\, IA)",Offspring of sow B,ambient,not fasted,grower pig,male,9825,454 GS FLX Titanium,42°02?05?N 93°37?12?W,194_WD2_feces,SINGLE,PCR,METAGENOMIC,Sus scrofa domesticus,medicated,LS454,2014-02-26T00:00:00Z,2014-02-26T14:51:00Z,1,-20 degrees Celsius,194_WD2.sff,SRP038757,swine intestinal tract,2012-06-27,MIGS/MIMS/MIMARKS.host-associated,none,metagenome,swine,freshly voided feces,Antibiotic (carbadox) effects on the swine gut microbiota,1 gram of freshly voided feces,99 grams feces,71 to 6 months,194,domesticus,,,,,,,
SRR1174633,AMPLICON,562,8230498,PRJNA237795,SAMN02645110,"MIMS.me,MIGS/MIMS/MIMARKS.host-associated",18379769,USDA-ARS,public,"run.zq,sff,sra","gs,ncbi,s3","gs.us-east1,ncbi.public,s3.us-east-1",SRX474822,USA,North America,"USA: Ames\, Iowa",82 days,feces,39,"Pork Finisher diet (Kent Feeds\, Muscatine\, IA)",Offspring of sow B,ambient,not fasted,grower pig,male,9825,454 GS FLX Titanium,42°02?05?N 93°37?12?W,194_wd21_feces,SINGLE,PCR,METAGENOMIC,Sus scrofa domesticus,medicated,LS454,2014-02-26T00:00:00Z,2014-02-26T15:08:00Z,1,-20 degrees Celsius,194_wd21.sff,SRP038757,swine intestinal tract,2012-07-16,MIGS/MIMS/MIMARKS.host-associated,none,metagenome,swine,freshly voided feces,Antibiotic (carbadox) effects on the swine gut microbiota,1 gram of freshly voided feces,111 grams feces,83 to 6 months,194,domesticus,,,,,,,
SRR1174634,AMPLICON,572,17967425,PRJNA237795,SAMN02645111,"MIMS.me,MIGS/MIMS/MIMARKS.host-associated",39861462,USDA-ARS,public,"run.zq,sff,sra","gs,ncbi,s3","gs.us-east1,ncbi.public,s3.us-east-1",SRX474823,USA,North America,"USA: Ames\, Iowa",65 days,feces,39,"Pork Finisher diet (Kent Feeds\, Muscatine\, IA)",Offspring of sow B,ambient,not fasted,grower pig,male,9825,454 GS FLX Titanium,42°02?05?N 93°37?12?W,194_WD4_feces,SINGLE,PCR,METAGENOMIC,Sus scrofa domesticus,medicated,LS454,2014-02-26T00:00:00Z,2014-02-26T14:51:00Z,1,-20 degrees Celsius,194_WD4.sff,SRP038757,swine intestinal tract,2012-06-29,MIGS/MIMS/MIMARKS.host-associated,none,metagenome,swine,freshly voided feces,Antibiotic (carbadox) effects on the swine gut microbiota,1 gram of freshly voided feces,123 grams feces,95 to 6 months,194,domesticus,,,,,,,
SRR1174635,AMPLICON,560,10218578,PRJNA237795,SAMN02645112,"MIMS.me,MIGS/MIMS/MIMARKS.host-associated",22815292,USDA-ARS,public,"run.zq,sff,sra","gs,ncbi,s3","gs.us-east1,ncbi.public,s3.us-east-1",SRX474824,USA,North America,"USA: Ames\, Iowa",103 days,feces,39,"Pork Finisher diet (Kent Feeds\, Muscatine\, IA)",Offspring of sow B,ambient,not fasted,grower pig,male,9825,454 GS FLX Titanium,42°02?05?N 93°37?12?W,194_wd42_feces,SINGLE,PCR,METAGENOMIC,Sus scrofa domesticus,medicated,LS454,2014-02-26T00:00:00Z,2014-02-26T15:08:00Z,1,-20 degrees Celsius,194_wd42.sff,SRP038757,swine intestinal tract,8/6/2012,MIGS/MIMS/MIMARKS.host-associated,none,metagenome,swine,freshly voided feces,Antibiotic (carbadox) effects on the swine gut microbiota,1 gram of freshly voided feces,135 grams feces,107 to 6 months,194,domesticus,,,,,,,
SRR1174636,AMPLICON,550,8147842,PRJNA237795,SAMN02645113,"MIMS.me,MIGS/MIMS/MIMARKS.host-associated",18074476,USDA-ARS,public,"run.zq,sff,sra","gs,ncbi,s3","gs.us-east1,ncbi.public,s3.us-east-1",SRX474825,USA,North America,"USA: Ames\, Iowa",41 days,feces,39,"TechStart 17-25 (Kent Feeds\, Muscatine\, IA)",Offspring of sow B,ambient,not fasted,grower pig,female,9825,454 GS FLX Titanium,42°02?05?N 93°37?12?W,195_1_feces,SINGLE,PCR,METAGENOMIC,Sus scrofa domesticus,medicated,LS454,2014-02-26T00:00:00Z,2014-02-26T14:52:00Z,1,-20 degrees Celsius,195_1.sff,SRP038757,swine intestinal tract,6/5/2012,MIGS/MIMS/MIMARKS.host-associated,none,metagenome,swine,freshly voided feces,Antibiotic (carbadox) effects on the swine gut microbiota,1 gram of freshly voided feces,5 grams feces,1 to 6 months,195,domesticus,,,,,,,
SRR1174637,AMPLICON,559,11530208,PRJNA237795,SAMN02645114,"MIMS.me,MIGS/MIMS/MIMARKS.host-associated",25204819,USDA-ARS,public,"run.zq,sff,sra","gs,ncbi,s3","gs.us-east1,ncbi.public,s3.us-east-1",SRX474826,USA,North America,"USA: Ames\, Iowa",54 days,feces,39,"TechStart 17-25 (Kent Feeds\, Muscatine\, IA)",Offspring of sow B,ambient,not fasted,grower pig,female,9825,454 GS FLX Titanium,42°02?05?N 93°37?12?W,195_14_feces,SINGLE,PCR,METAGENOMIC,Sus scrofa domesticus,medicated,LS454,2014-02-26T00:00:00Z,2014-02-26T14:52:00Z,1,-20 degrees Celsius,195_14.sff,SRP038757,swine intestinal tract,2012-06-18,MIGS/MIMS/MIMARKS.host-associated,none,metagenome,swine,freshly voided feces,Antibiotic (carbadox) effects on the swine gut microbiota,1 gram of freshly voided feces,76 grams feces,48 to 6 months,195,domesticus,,,,,,,
SRR1174638,AMPLICON,585,20042312,PRJNA237795,SAMN02645115,"MIMS.me,MIGS/MIMS/MIMARKS.host-associated",43941967,USDA-ARS,public,"run.zq,sff,sra","gs,ncbi,s3","gs.us-east1,ncbi.public,s3.us-east-1",SRX474827,USA,North America,"USA: Ames\, Iowa",42 days,feces,39,"TechStart 17-25\, Kent Feeds\, Muscatine\, IA",Offspring of sow B,ambient,not fasted,grower pig,female,9825,454 GS FLX Titanium,42°02?05?N 93°37?12?W,195_2_feces,SINGLE,PCR,METAGENOMIC,Sus scrofa domesticus,medicated,LS454,2014-02-26T00:00:00Z,2014-02-26T14:52:00Z,1,-20 degrees Celsius,195_2.sff,SRP038757,swine intestinal tract,2012-06-06,MIGS/MIMS/MIMARKS.host-associated,none,metagenome,swine,freshly voided feces,Antibiotic (carbadox) effects on the swine gut microbiota,1 gram of freshly voided feces,16 grams feces,1 to 6 months,195,domesticus,,,,,,,
SRR1174639,AMPLICON,550,10699268,PRJNA237795,SAMN02645116,"MIMS.me,MIGS/MIMS/MIMARKS.host-associated",23639488,USDA-ARS,public,"run.zq,sff,sra","gs,ncbi,s3","gs.us-east1,ncbi.public,s3.us-east-1",SRX474828,USA,North America,"USA: Ames\, Iowa",61 days,feces,39,"TechStart 17-25\, Kent Feeds\, Muscatine\, IA",Offspring of sow B,ambient,not fasted,grower pig,female,9825,454 GS FLX Titanium,42°02?05?N 93°37?12?W,195_21_feces,SINGLE,PCR,METAGENOMIC,Sus scrofa domesticus,medicated,LS454,2014-02-26T00:00:00Z,2014-02-26T14:52:00Z,1,-20 degrees Celsius,195_21.sff,SRP038757,swine intestinal tract,2012-06-25,MIGS/MIMS/MIMARKS.host-associated,none,metagenome,swine,freshly voided feces,Antibiotic (carbadox) effects on the swine gut microbiota,1 gram of freshly voided feces,88 grams feces,60 to 6 months,195,domesticus,,,,,,,
SRR1174640,AMPLICON,554,10751800,PRJNA237795,SAMN02645117,"MIMS.me,MIGS/MIMS/MIMARKS.host-associated",23718684,USDA-ARS,public,"run.zq,sff,sra","gs,ncbi,s3","gs.us-east1,ncbi.public,s3.us-east-1",SRX474829,USA,North America,"USA: Ames\, Iowa",43 days,feces,39,"TechStart 17-25 (Kent Feeds\, Muscatine\, IA)",Offspring of sow B,ambient,not fasted,grower pig,female,9825,454 GS FLX Titanium,42°02?05?N 93°37?12?W,195_3_feces,SINGLE,PCR,METAGENOMIC,Sus scrofa domesticus,medicated,LS454,2014-02-26T00:00:00Z,2014-02-26T14:52:00Z,1,-20 degrees Celsius,195_3.sff,SRP038757,swine intestinal tract,6/7/2012,MIGS/MIMS/MIMARKS.host-associated,none,metagenome,swine,freshly voided feces,Antibiotic (carbadox) effects on the swine gut microbiota,1 gram of freshly voided feces,28 grams feces,1 to 6 months,195,domesticus,,,,,,,
SRR1174641,AMPLICON,556,18342799,PRJNA237795,SAMN02645118,"MIMS.me,MIGS/MIMS/MIMARKS.host-associated",40555632,USDA-ARS,public,"run.zq,sff,sra","gs,ncbi,s3","gs.us-east1,ncbi.public,s3.us-east-1",SRX474830,USA,North America,"USA: Ames\, Iowa",44 days,feces,39,"TechStart 17-25 (Kent Feeds\, Muscatine\, IA)",Offspring of sow B,ambient,not fasted,grower pig,female,9825,454 GS FLX Titanium,42°02?05?N 93°37?12?W,195_4_feces,SINGLE,PCR,METAGENOMIC,Sus scrofa domesticus,medicated,LS454,2014-02-26T00:00:00Z,2014-02-26T14:52:00Z,1,-20 degrees Celsius,195_4.sff,SRP038757,swine intestinal tract,6/8/2012,MIGS/MIMS/MIMARKS.host-associated,none,metagenome,swine,freshly voided feces,Antibiotic (carbadox) effects on the swine gut microbiota,1 gram of freshly voided feces,40 grams feces,12 to 6 months,195,domesticus,,,,,,,
SRR1174642,AMPLICON,549,10588354,PRJNA237795,SAMN02645119,"MIMS.me,MIGS/MIMS/MIMARKS.host-associated",23484768,USDA-ARS,public,"run.zq,sff,sra","gs,ncbi,s3","gs.us-east1,ncbi.public,s3.us-east-1",SRX474831,USA,North America,"USA: Ames\, Iowa",35 days,feces,39,"TechStart 17-25\, Kent Feeds\, Muscatine\, IA",Offspring of sow B,ambient,not fasted,grower pig,female,9825,454 GS FLX Titanium,42°02?05?N 93°37?12?W,195_5_feces,SINGLE,PCR,METAGENOMIC,Sus scrofa domesticus,medicated,LS454,2014-02-26T00:00:00Z,2014-02-26T14:52:00Z,1,-20 degrees Celsius,195_5.sff,SRP038757,swine intestinal tract,2012-05-30,MIGS/MIMS/MIMARKS.host-associated,none,metagenome,swine,freshly voided feces,Antibiotic (carbadox) effects on the swine gut microbiota,1 gram of freshly voided feces,52 grams feces,24 to 6 months,195,domesticus,,,,,,,
SRR1174643,AMPLICON,573,16937743,PRJNA237795,SAMN02645120,"MIMS.me,MIGS/MIMS/MIMARKS.host-associated",37311004,USDA-ARS,public,"run.zq,sff,sra","gs,ncbi,s3","gs.us-east1,ncbi.public,s3.us-east-1",SRX474832,USA,North America,"USA: Ames\, Iowa",47 days,feces,39,"TechStart 17-25\, Kent Feeds\, Muscatine\, IA",Offspring of sow B,ambient,not fasted,grower pig,female,9825,454 GS FLX Titanium,42°02?05?N 93°37?12?W,195_7_feces,SINGLE,PCR,METAGENOMIC,Sus scrofa domesticus,medicated,LS454,2014-02-26T00:00:00Z,2014-02-26T14:52:00Z,1,-20 degrees Celsius,195_7.sff,SRP038757,swine intestinal tract,6/11/2012,MIGS/MIMS/MIMARKS.host-associated,none,metagenome,swine,freshly voided feces,Antibiotic (carbadox) effects on the swine gut microbiota,1 gram of freshly voided feces,64 grams feces,36 to 6 months,195,domesticus,,,,,,,
SRR1174644,AMPLICON,550,17873495,PRJNA237795,SAMN02645121,"MIMS.me,MIGS/MIMS/MIMARKS.host-associated",39422521,USDA-ARS,public,"run.zq,sff,sra","gs,ncbi,s3","gs.us-east1,ncbi.public,s3.us-east-1",SRX474833,USA,North America,"USA: Ames\, Iowa",63 days,feces,39,"Pork Finisher diet (Kent Feeds\, Muscatine\, IA)",Offspring of sow B,ambient,not fasted,grower pig,female,9825,454 GS FLX Titanium,42°02?05?N 93°37?12?W,195_WD2_feces,SINGLE,PCR,METAGENOMIC,Sus scrofa domesticus,medicated,LS454,2014-02-26T00:00:00Z,2014-02-26T14:52:00Z,1,-20 degrees Celsius,195_WD2.sff,SRP038757,swine intestinal tract,2012-06-27,MIGS/MIMS/MIMARKS.host-associated,none,metagenome,swine,freshly voided feces,Antibiotic (carbadox) effects on the swine gut microbiota,1 gram of freshly voided feces,100 grams feces,72 to 6 months,195,domesticus,,,,,,,
SRR1174645,AMPLICON,552,10155769,PRJNA237795,SAMN02645122,"MIMS.me,MIGS/MIMS/MIMARKS.host-associated",22458090,USDA-ARS,public,"run.zq,sff,sra","gs,ncbi,s3","gs.us-east1,ncbi.public,s3.us-east-1",SRX474834,USA,North America,"USA: Ames\, Iowa",82 days,feces,39,"Pork Finisher diet (Kent Feeds\, Muscatine\, IA)",Offspring of sow B,ambient,not fasted,grower pig,female,9825,454 GS FLX Titanium,42°02?05?N 93°37?12?W,195_wd21_feces,SINGLE,PCR,METAGENOMIC,Sus scrofa domesticus,medicated,LS454,2014-02-26T00:00:00Z,2014-02-26T15:08:00Z,1,-20 degrees Celsius,195_wd21.sff,SRP038757,swine intestinal tract,2012-07-16,MIGS/MIMS/MIMARKS.host-associated,none,metagenome,swine,freshly voided feces,Antibiotic (carbadox) effects on the swine gut microbiota,1 gram of freshly voided feces,112 grams feces,84 to 6 months,195,domesticus,,,,,,,
SRR1174646,AMPLICON,552,11441813,PRJNA237795,SAMN02645123,"MIMS.me,MIGS/MIMS/MIMARKS.host-associated",25342226,USDA-ARS,public,"run.zq,sff,sra","gs,ncbi,s3","gs.us-east1,ncbi.public,s3.us-east-1",SRX474835,USA,North America,"USA: Ames\, Iowa",65 days,feces,39,"Pork Finisher diet (Kent Feeds\, Muscatine\, IA)",Offspring of sow B,ambient,not fasted,grower pig,female,9825,454 GS FLX Titanium,42°02?05?N 93°37?12?W,195_WD4_feces,SINGLE,PCR,METAGENOMIC,Sus scrofa domesticus,medicated,LS454,2014-02-26T00:00:00Z,2014-02-26T14:52:00Z,1,-20 degrees Celsius,195_WD4.sff,SRP038757,swine intestinal tract,2012-06-29,MIGS/MIMS/MIMARKS.host-associated,none,metagenome,swine,freshly voided feces,Antibiotic (carbadox) effects on the swine gut microbiota,1 gram of freshly voided feces,124 grams feces,96 to 6 months,195,domesticus,,,,,,,
SRR1174647,AMPLICON,546,9552613,PRJNA237795,SAMN02645124,"MIMS.me,MIGS/MIMS/MIMARKS.host-associated",21102995,USDA-ARS,public,"run.zq,sff,sra","gs,ncbi,s3","gs.us-east1,ncbi.public,s3.us-east-1",SRX474836,USA,North America,"USA: Ames\, Iowa",103 days,feces,39,"Pork Finisher diet (Kent Feeds\, Muscatine\, IA)",Offspring of sow B,ambient,not fasted,grower pig,female,9825,454 GS FLX Titanium,42°02?05?N 93°37?12?W,195_wd42_feces,SINGLE,PCR,METAGENOMIC,Sus scrofa domesticus,medicated,LS454,2014-02-26T00:00:00Z,2014-02-26T15:08:00Z,1,-20 degrees Celsius,195_wd42.sff,SRP038757,swine intestinal tract,8/6/2012,MIGS/MIMS/MIMARKS.host-associated,none,metagenome,swine,freshly voided feces,Antibiotic (carbadox) effects on the swine gut microbiota,1 gram of freshly voided feces,136 grams feces,108 to 6 months,195,domesticus,,,,,,,
SRR1174648,AMPLICON,543,7339924,PRJNA237795,SAMN02645125,"MIMS.me,MIGS/MIMS/MIMARKS.host-associated",16412787,USDA-ARS,public,"run.zq,sff,sra","gs,ncbi,s3","gs.us-east1,ncbi.public,s3.us-east-1",SRX474837,USA,North America,"USA: Ames\, Iowa",41 days,feces,39,"TechStart 17-25\, Kent Feeds\, Muscatine\, IA",Offspring of sow B,ambient,not fasted,grower pig,female,9825,454 GS FLX Titanium,42°02?05?N 93°37?12?W,196_1_feces,SINGLE,PCR,METAGENOMIC,Sus scrofa domesticus,non-medicated,LS454,2014-02-26T00:00:00Z,2014-02-26T14:52:00Z,1,-20 degrees Celsius,196_1.sff,SRP038757,swine intestinal tract,6/5/2012,MIGS/MIMS/MIMARKS.host-associated,none,metagenome,swine,freshly voided feces,Antibiotic (carbadox) effects on the swine gut microbiota,1 gram of freshly voided feces,10 grams feces,1 to 6 months,196,domesticus,,,,,,,
SRR1174649,AMPLICON,570,13053620,PRJNA237795,SAMN02645126,"MIMS.me,MIGS/MIMS/MIMARKS.host-associated",28854462,USDA-ARS,public,"run.zq,sff,sra","gs,ncbi,s3","gs.us-east1,ncbi.public,s3.us-east-1",SRX474838,USA,North America,"USA: Ames\, Iowa",54 days,feces,39,"TechStart 17-25\, Kent Feeds\, Muscatine\, IA",Offspring of sow B,ambient,not fasted,grower pig,female,9825,454 GS FLX Titanium,42°02?05?N 93°37?12?W,196_14_feces,SINGLE,PCR,METAGENOMIC,Sus scrofa domesticus,non-medicated,LS454,2014-02-26T00:00:00Z,2014-02-26T14:52:00Z,1,-20 degrees Celsius,196_14.sff,SRP038757,swine intestinal tract,2012-06-18,MIGS/MIMS/MIMARKS.host-associated,none,metagenome,swine,freshly voided feces,Antibiotic (carbadox) effects on the swine gut microbiota,1 gram of freshly voided feces,82 grams feces,54 to 6 months,196,domesticus,,,,,,,
SRR1174650,AMPLICON,551,9119348,PRJNA237795,SAMN02645127,"MIMS.me,MIGS/MIMS/MIMARKS.host-associated",20283392,USDA-ARS,public,"run.zq,sff,sra","gs,ncbi,s3","gs.us-east1,ncbi.public,s3.us-east-1",SRX474839,USA,North America,"USA: Ames\, Iowa",42 days,feces,39,"TechStart 17-25 (Kent Feeds\, Muscatine\, IA)",Offspring of sow B,ambient,not fasted,grower pig,female,9825,454 GS FLX Titanium,42°02?05?N 93°37?12?W,196_2_feces,SINGLE,PCR,METAGENOMIC,Sus scrofa domesticus,non-medicated,LS454,2014-02-26T00:00:00Z,2014-02-26T14:52:00Z,1,-20 degrees Celsius,196_2.sff,SRP038757,swine intestinal tract,2012-06-06,MIGS/MIMS/MIMARKS.host-associated,none,metagenome,swine,freshly voided feces,Antibiotic (carbadox) effects on the swine gut microbiota,1 gram of freshly voided feces,22 grams feces,1 to 6 months,196,domesticus,,,,,,,
SRR1174651,AMPLICON,562,8713322,PRJNA237795,SAMN02645128,"MIMS.me,MIGS/MIMS/MIMARKS.host-associated",19304570,USDA-ARS,public,"run.zq,sff,sra","gs,ncbi,s3","gs.us-east1,ncbi.public,s3.us-east-1",SRX474840,USA,North America,"USA: Ames\, Iowa",61 days,feces,39,"TechStart 17-25 (Kent Feeds\, Muscatine\, IA)",Offspring of sow B,ambient,not fasted,grower pig,female,9825,454 GS FLX Titanium,42°02?05?N 93°37?12?W,196_21_feces,SINGLE,PCR,METAGENOMIC,Sus scrofa domesticus,non-medicated,LS454,2014-02-26T00:00:00Z,2014-02-26T14:52:00Z,1,-20 degrees Celsius,196_21.sff,SRP038757,swine intestinal tract,2012-06-25,MIGS/MIMS/MIMARKS.host-associated,none,metagenome,swine,freshly voided feces,Antibiotic (carbadox) effects on the swine gut microbiota,1 gram of freshly voided feces,94 grams feces,66 to 6 months,196,domesticus,,,,,,,
SRR1174652,AMPLICON,545,7273669,PRJNA237795,SAMN02645129,"MIMS.me,MIGS/MIMS/MIMARKS.host-associated",16185527,USDA-ARS,public,"run.zq,sff,sra","gs,ncbi,s3","gs.us-east1,ncbi.public,s3.us-east-1",SRX474841,USA,North America,"USA: Ames\, Iowa",43 days,feces,39,"TechStart 17-25\, Kent Feeds\, Muscatine\, IA",Offspring of sow B,ambient,not fasted,grower pig,female,9825,454 GS FLX Titanium,42°02?05?N 93°37?12?W,196_3_feces,SINGLE,PCR,METAGENOMIC,Sus scrofa domesticus,non-medicated,LS454,2014-02-26T00:00:00Z,2014-02-26T14:52:00Z,1,-20 degrees Celsius,196_3.sff,SRP038757,swine intestinal tract,6/7/2012,MIGS/MIMS/MIMARKS.host-associated,none,metagenome,swine,freshly voided feces,Antibiotic (carbadox) effects on the swine gut microbiota,1 gram of freshly voided feces,34 grams feces,6 to 6 months,196,domesticus,,,,,,,
SRR1174653,AMPLICON,556,10418116,PRJNA237795,SAMN02645130,"MIMS.me,MIGS/MIMS/MIMARKS.host-associated",23072788,USDA-ARS,public,"run.zq,sff,sra","gs,ncbi,s3","gs.us-east1,ncbi.public,s3.us-east-1",SRX474842,USA,North America,"USA: Ames\, Iowa",44 days,feces,39,"TechStart 17-25 (Kent Feeds\, Muscatine\, IA)",Offspring of sow B,ambient,not fasted,grower pig,female,9825,454 GS FLX Titanium,42°02?05?N 93°37?12?W,196_4_feces,SINGLE,PCR,METAGENOMIC,Sus scrofa domesticus,non-medicated,LS454,2014-02-26T00:00:00Z,2014-02-26T14:52:00Z,1,-20 degrees Celsius,196_4.sff,SRP038757,swine intestinal tract,6/8/2012,MIGS/MIMS/MIMARKS.host-associated,none,metagenome,swine,freshly voided feces,Antibiotic (carbadox) effects on the swine gut microbiota,1 gram of freshly voided feces,46 grams feces,18 to 6 months,196,domesticus,,,,,,,
SRR1174654,AMPLICON,547,8594350,PRJNA237795,SAMN02645131,"MIMS.me,MIGS/MIMS/MIMARKS.host-associated",19206267,USDA-ARS,public,"run.zq,sff,sra","gs,ncbi,s3","gs.us-east1,ncbi.public,s3.us-east-1",SRX474843,USA,North America,"USA: Ames\, Iowa",35 days,feces,39,"TechStart 17-25\, Kent Feeds\, Muscatine\, IA",Offspring of sow B,ambient,not fasted,grower pig,female,9825,454 GS FLX Titanium,42°02?05?N 93°37?12?W,196_5_feces,SINGLE,PCR,METAGENOMIC,Sus scrofa domesticus,non-medicated,LS454,2014-02-26T00:00:00Z,2014-02-26T14:52:00Z,1,-20 degrees Celsius,196_5.sff,SRP038757,swine intestinal tract,2012-05-30,MIGS/MIMS/MIMARKS.host-associated,none,metagenome,swine,freshly voided feces,Antibiotic (carbadox) effects on the swine gut microbiota,1 gram of freshly voided feces,58 grams feces,30 to 6 months,196,domesticus,,,,,,,
SRR1174655,AMPLICON,558,10244371,PRJNA237795,SAMN02645132,"MIMS.me,MIGS/MIMS/MIMARKS.host-associated",22749181,USDA-ARS,public,"run.zq,sff,sra","gs,ncbi,s3","gs.us-east1,ncbi.public,s3.us-east-1",SRX474844,USA,North America,"USA: Ames\, Iowa",47 days,feces,39,"TechStart 17-25\, Kent Feeds\, Muscatine\, IA",Offspring of sow B,ambient,not fasted,grower pig,female,9825,454 GS FLX Titanium,42°02?05?N 93°37?12?W,196_7_feces,SINGLE,PCR,METAGENOMIC,Sus scrofa domesticus,non-medicated,LS454,2014-02-26T00:00:00Z,2014-02-26T14:52:00Z,1,-20 degrees Celsius,196_7.sff,SRP038757,swine intestinal tract,6/11/2012,MIGS/MIMS/MIMARKS.host-associated,none,metagenome,swine,freshly voided feces,Antibiotic (carbadox) effects on the swine gut microbiota,1 gram of freshly voided feces,70 grams feces,42 to 6 months,196,domesticus,,,,,,,
SRR1174656,AMPLICON,550,11547368,PRJNA237795,SAMN02645133,"MIMS.me,MIGS/MIMS/MIMARKS.host-associated",25300267,USDA-ARS,public,"run.zq,sff,sra","gs,ncbi,s3","gs.us-east1,ncbi.public,s3.us-east-1",SRX474845,USA,North America,"USA: Ames\, Iowa",63 days,feces,39,"Pork Finisher diet (Kent Feeds\, Muscatine\, IA)",Offspring of sow B,ambient,not fasted,grower pig,female,9825,454 GS FLX Titanium,42°02?05?N 93°37?12?W,196_WD2_feces,SINGLE,PCR,METAGENOMIC,Sus scrofa domesticus,non-medicated,LS454,2014-02-26T00:00:00Z,2014-02-26T14:52:00Z,1,-20 degrees Celsius,196_WD2.sff,SRP038757,swine intestinal tract,2012-06-27,MIGS/MIMS/MIMARKS.host-associated,none,metagenome,swine,freshly voided feces,Antibiotic (carbadox) effects on the swine gut microbiota,1 gram of freshly voided feces,106 grams feces,78 to 6 months,196,domesticus,,,,,,,
SRR1174657,AMPLICON,554,10875675,PRJNA237795,SAMN02645134,"MIMS.me,MIGS/MIMS/MIMARKS.host-associated",24106308,USDA-ARS,public,"run.zq,sff,sra","gs,ncbi,s3","gs.us-east1,ncbi.public,s3.us-east-1",SRX474846,USA,North America,"USA: Ames\, Iowa",82 days,feces,39,"Pork Finisher diet (Kent Feeds\, Muscatine\, IA)",Offspring of sow B,ambient,not fasted,grower pig,female,9825,454 GS FLX Titanium,42°02?05?N 93°37?12?W,196_wd21_feces,SINGLE,PCR,METAGENOMIC,Sus scrofa domesticus,non-medicated,LS454,2014-02-26T00:00:00Z,2014-02-26T15:08:00Z,1,-20 degrees Celsius,196_wd21.sff,SRP038757,swine intestinal tract,2012-07-16,MIGS/MIMS/MIMARKS.host-associated,none,metagenome,swine,freshly voided feces,Antibiotic (carbadox) effects on the swine gut microbiota,1 gram of freshly voided feces,118 grams feces,90 to 6 months,196,domesticus,,,,,,,
SRR1174658,AMPLICON,558,11966610,PRJNA237795,SAMN02645135,"MIMS.me,MIGS/MIMS/MIMARKS.host-associated",26625316,USDA-ARS,public,"run.zq,sff,sra","gs,ncbi,s3","gs.us-east1,ncbi.public,s3.us-east-1",SRX474847,USA,North America,"USA: Ames\, Iowa",65 days,feces,39,"Pork Finisher diet (Kent Feeds\, Muscatine\, IA)",Offspring of sow B,ambient,not fasted,grower pig,female,9825,454 GS FLX Titanium,42°02?05?N 93°37?12?W,196_WD4_feces,SINGLE,PCR,METAGENOMIC,Sus scrofa domesticus,non-medicated,LS454,2014-02-26T00:00:00Z,2014-02-26T14:52:00Z,1,-20 degrees Celsius,196_WD4.sff,SRP038757,swine intestinal tract,2012-06-29,MIGS/MIMS/MIMARKS.host-associated,none,metagenome,swine,freshly voided feces,Antibiotic (carbadox) effects on the swine gut microbiota,1 gram of freshly voided feces,130 grams feces,102 to 6 months,196,domesticus,,,,,,,
SRR1174659,AMPLICON,553,8295499,PRJNA237795,SAMN02645136,"MIMS.me,MIGS/MIMS/MIMARKS.host-associated",18405959,USDA-ARS,public,"run.zq,sff,sra","gs,ncbi,s3","gs.us-east1,ncbi.public,s3.us-east-1",SRX474848,USA,North America,"USA: Ames\, Iowa",103 days,feces,39,"Pork Finisher diet (Kent Feeds\, Muscatine\, IA)",Offspring of sow B,ambient,not fasted,grower pig,female,9825,454 GS FLX Titanium,42°02?05?N 93°37?12?W,196_wd42_feces,SINGLE,PCR,METAGENOMIC,Sus scrofa domesticus,non-medicated,LS454,2014-02-26T00:00:00Z,2014-02-26T15:08:00Z,1,-20 degrees Celsius,196_wd42.sff,SRP038757,swine intestinal tract,8/6/2012,MIGS/MIMS/MIMARKS.host-associated,none,metagenome,swine,freshly voided feces,Antibiotic (carbadox) effects on the swine gut microbiota,1 gram of freshly voided feces,141 grams feces,113 to 6 months,196,domesticus,,,,,,,
SRR1174660,AMPLICON,548,9180971,PRJNA237795,SAMN02645137,"MIMS.me,MIGS/MIMS/MIMARKS.host-associated",20528734,USDA-ARS,public,"run.zq,sff,sra","gs,ncbi,s3","gs.us-east1,ncbi.public,s3.us-east-1",SRX474849,USA,North America,"USA: Ames\, Iowa",41 days,feces,39,"TechStart 17-25\, Kent Feeds\, Muscatine\, IA",Offspring of sow B,ambient,not fasted,grower pig,male,9825,454 GS FLX Titanium,42°02?05?N 93°37?12?W,197_1_feces,SINGLE,PCR,METAGENOMIC,Sus scrofa domesticus,non-medicated,LS454,2014-02-26T00:00:00Z,2014-02-26T14:54:00Z,1,-20 degrees Celsius,197_1.sff,SRP038757,swine intestinal tract,6/5/2012,MIGS/MIMS/MIMARKS.host-associated,none,metagenome,swine,freshly voided feces,Antibiotic (carbadox) effects on the swine gut microbiota,1 gram of freshly voided feces,11 grams feces,1 to 6 months,197,domesticus,,,,,,,
SRR1174661,AMPLICON,572,18600759,PRJNA237795,SAMN02645138,"MIMS.me,MIGS/MIMS/MIMARKS.host-associated",41147117,USDA-ARS,public,"run.zq,sff,sra","gs,ncbi,s3","gs.us-east1,ncbi.public,s3.us-east-1",SRX474850,USA,North America,"USA: Ames\, Iowa",54 days,feces,39,"TechStart 17-25\, Kent Feeds\, Muscatine\, IA",Offspring of sow B,ambient,not fasted,grower pig,male,9825,454 GS FLX Titanium,42°02?05?N 93°37?12?W,197_14_feces,SINGLE,PCR,METAGENOMIC,Sus scrofa domesticus,non-medicated,LS454,2014-02-26T00:00:00Z,2014-02-26T14:54:00Z,1,-20 degrees Celsius,197_14.sff,SRP038757,swine intestinal tract,2012-06-18,MIGS/MIMS/MIMARKS.host-associated,none,metagenome,swine,freshly voided feces,Antibiotic (carbadox) effects on the swine gut microbiota,1 gram of freshly voided feces,83 grams feces,55 to 6 months,197,domesticus,,,,,,,
SRR1174662,AMPLICON,548,11991031,PRJNA237795,SAMN02645139,"MIMS.me,MIGS/MIMS/MIMARKS.host-associated",26769869,USDA-ARS,public,"run.zq,sff,sra","gs,ncbi,s3","gs.us-east1,ncbi.public,s3.us-east-1",SRX474851,USA,North America,"USA: Ames\, Iowa",42 days,feces,39,"TechStart 17-25 (Kent Feeds\, Muscatine\, IA)",Offspring of sow B,ambient,not fasted,grower pig,male,9825,454 GS FLX Titanium,42°02?05?N 93°37?12?W,197_2_feces,SINGLE,PCR,METAGENOMIC,Sus scrofa domesticus,non-medicated,LS454,2014-02-26T00:00:00Z,2014-02-26T14:56:00Z,1,-20 degrees Celsius,197_2.sff,SRP038757,swine intestinal tract,2012-06-06,MIGS/MIMS/MIMARKS.host-associated,none,metagenome,swine,freshly voided feces,Antibiotic (carbadox) effects on the swine gut microbiota,1 gram of freshly voided feces,23 grams feces,1 to 6 months,197,domesticus,,,,,,,
SRR1174663,AMPLICON,554,14877460,PRJNA237795,SAMN02645140,"MIMS.me,MIGS/MIMS/MIMARKS.host-associated",32572039,USDA-ARS,public,"run.zq,sff,sra","gs,ncbi,s3","gs.us-east1,ncbi.public,s3.us-east-1",SRX474852,USA,North America,"USA: Ames\, Iowa",61 days,feces,39,"TechStart 17-25 (Kent Feeds\, Muscatine\, IA)",Offspring of sow B,ambient,not fasted,grower pig,male,9825,454 GS FLX Titanium,42°02?05?N 93°37?12?W,197_21_feces,SINGLE,PCR,METAGENOMIC,Sus scrofa domesticus,non-medicated,LS454,2014-02-26T00:00:00Z,2014-02-26T14:56:00Z,1,-20 degrees Celsius,197_21.sff,SRP038757,swine intestinal tract,2012-06-25,MIGS/MIMS/MIMARKS.host-associated,none,metagenome,swine,freshly voided feces,Antibiotic (carbadox) effects on the swine gut microbiota,1 gram of freshly voided feces,95 grams feces,67 to 6 months,197,domesticus,,,,,,,
SRR1174664,AMPLICON,570,19024963,PRJNA237795,SAMN02645141,"MIMS.me,MIGS/MIMS/MIMARKS.host-associated",42184172,USDA-ARS,public,"run.zq,sff,sra","gs,ncbi,s3","gs.us-east1,ncbi.public,s3.us-east-1",SRX474853,USA,North America,"USA: Ames\, Iowa",43 days,feces,39,"TechStart 17-25\, Kent Feeds\, Muscatine\, IA",Offspring of sow B,ambient,not fasted,grower pig,male,9825,454 GS FLX Titanium,42°02?05?N 93°37?12?W,197_3_feces,SINGLE,PCR,METAGENOMIC,Sus scrofa domesticus,non-medicated,LS454,2014-02-26T00:00:00Z,2014-02-26T14:58:00Z,1,-20 degrees Celsius,197_3.sff,SRP038757,swine intestinal tract,6/7/2012,MIGS/MIMS/MIMARKS.host-associated,none,metagenome,swine,freshly voided feces,Antibiotic (carbadox) effects on the swine gut microbiota,1 gram of freshly voided feces,35 grams feces,7 to 6 months,197,domesticus,,,,,,,
SRR1174665,AMPLICON,553,12555490,PRJNA237795,SAMN02645142,"MIMS.me,MIGS/MIMS/MIMARKS.host-associated",27871354,USDA-ARS,public,"run.zq,sff,sra","gs,ncbi,s3","gs.us-east1,ncbi.public,s3.us-east-1",SRX474854,USA,North America,"USA: Ames\, Iowa",44 days,feces,39,"TechStart 17-25 (Kent Feeds\, Muscatine\, IA)",Offspring of sow B,ambient,not fasted,grower pig,male,9825,454 GS FLX Titanium,42°02?05?N 93°37?12?W,197_4_feces,SINGLE,PCR,METAGENOMIC,Sus scrofa domesticus,non-medicated,LS454,2014-02-26T00:00:00Z,2014-02-26T14:58:00Z,1,-20 degrees Celsius,197_4.sff,SRP038757,swine intestinal tract,6/8/2012,MIGS/MIMS/MIMARKS.host-associated,none,metagenome,swine,freshly voided feces,Antibiotic (carbadox) effects on the swine gut microbiota,1 gram of freshly voided feces,47 grams feces,19 to 6 months,197,domesticus,,,,,,,
SRR1174666,AMPLICON,545,14210426,PRJNA237795,SAMN02645143,"MIMS.me,MIGS/MIMS/MIMARKS.host-associated",31683027,USDA-ARS,public,"run.zq,sff,sra","gs,ncbi,s3","gs.us-east1,ncbi.public,s3.us-east-1",SRX474855,USA,North America,"USA: Ames\, Iowa",35 days,feces,39,"TechStart 17-25\, Kent Feeds\, Muscatine\, IA",Offspring of sow B,ambient,not fasted,grower pig,male,9825,454 GS FLX Titanium,42°02?05?N 93°37?12?W,197_5_feces,SINGLE,PCR,METAGENOMIC,Sus scrofa domesticus,non-medicated,LS454,2014-02-26T00:00:00Z,2014-02-26T14:58:00Z,1,-20 degrees Celsius,197_5.sff,SRP038757,swine intestinal tract,2012-05-30,MIGS/MIMS/MIMARKS.host-associated,none,metagenome,swine,freshly voided feces,Antibiotic (carbadox) effects on the swine gut microbiota,1 gram of freshly voided feces,59 grams feces,31 to 6 months,197,domesticus,,,,,,,
SRR1174667,AMPLICON,560,13004581,PRJNA237795,SAMN02645144,"MIMS.me,MIGS/MIMS/MIMARKS.host-associated",28867407,USDA-ARS,public,"run.zq,sff,sra","gs,ncbi,s3","gs.us-east1,ncbi.public,s3.us-east-1",SRX474856,USA,North America,"USA: Ames\, Iowa",47 days,feces,39,"TechStart 17-25\, Kent Feeds\, Muscatine\, IA",Offspring of sow B,ambient,not fasted,grower pig,male,9825,454 GS FLX Titanium,42°02?05?N 93°37?12?W,197_7_feces,SINGLE,PCR,METAGENOMIC,Sus scrofa domesticus,non-medicated,LS454,2014-02-26T00:00:00Z,2014-02-26T14:58:00Z,1,-20 degrees Celsius,197_7.sff,SRP038757,swine intestinal tract,6/11/2012,MIGS/MIMS/MIMARKS.host-associated,none,metagenome,swine,freshly voided feces,Antibiotic (carbadox) effects on the swine gut microbiota,1 gram of freshly voided feces,71 grams feces,43 to 6 months,197,domesticus,,,,,,,
SRR1174668,AMPLICON,549,12325045,PRJNA237795,SAMN02645145,"MIMS.me,MIGS/MIMS/MIMARKS.host-associated",27423240,USDA-ARS,public,"run.zq,sff,sra","gs,ncbi,s3","gs.us-east1,ncbi.public,s3.us-east-1",SRX474857,USA,North America,"USA: Ames\, Iowa",63 days,feces,39,"Pork Finisher diet (Kent Feeds\, Muscatine\, IA)",Offspring of sow B,ambient,not fasted,grower pig,male,9825,454 GS FLX Titanium,42°02?05?N 93°37?12?W,197_WD2_feces,SINGLE,PCR,METAGENOMIC,Sus scrofa domesticus,non-medicated,LS454,2014-02-26T00:00:00Z,2014-02-26T14:58:00Z,1,-20 degrees Celsius,197_WD2.sff,SRP038757,swine intestinal tract,2012-06-27,MIGS/MIMS/MIMARKS.host-associated,none,metagenome,swine,freshly voided feces,Antibiotic (carbadox) effects on the swine gut microbiota,1 gram of freshly voided feces,107 grams feces,79 to 6 months,197,domesticus,,,,,,,
SRR1174669,AMPLICON,546,6665794,PRJNA237795,SAMN02645146,"MIMS.me,MIGS/MIMS/MIMARKS.host-associated",14839061,USDA-ARS,public,"run.zq,sff,sra","gs,ncbi,s3","gs.us-east1,ncbi.public,s3.us-east-1",SRX474858,USA,North America,"USA: Ames\, Iowa",82 days,feces,39,"Pork Finisher diet (Kent Feeds\, Muscatine\, IA)",Offspring of sow B,ambient,not fasted,grower pig,male,9825,454 GS FLX Titanium,42°02?05?N 93°37?12?W,197_wd21_feces,SINGLE,PCR,METAGENOMIC,Sus scrofa domesticus,non-medicated,LS454,2014-02-26T00:00:00Z,2014-02-26T15:11:00Z,1,-20 degrees Celsius,197_wd21.sff,SRP038757,swine intestinal tract,2012-07-16,MIGS/MIMS/MIMARKS.host-associated,none,metagenome,swine,freshly voided feces,Antibiotic (carbadox) effects on the swine gut microbiota,1 gram of freshly voided feces,119 grams feces,91 to 6 months,197,domesticus,,,,,,,
SRR1174670,AMPLICON,546,8692437,PRJNA237795,SAMN02645147,"MIMS.me,MIGS/MIMS/MIMARKS.host-associated",19397383,USDA-ARS,public,"run.zq,sff,sra","gs,ncbi,s3","gs.us-east1,ncbi.public,s3.us-east-1",SRX474859,USA,North America,"USA: Ames\, Iowa",65 days,feces,39,"Pork Finisher diet (Kent Feeds\, Muscatine\, IA)",Offspring of sow B,ambient,not fasted,grower pig,male,9825,454 GS FLX Titanium,42°02?05?N 93°37?12?W,197_WD4_feces,SINGLE,PCR,METAGENOMIC,Sus scrofa domesticus,non-medicated,LS454,2014-02-26T00:00:00Z,2014-02-26T14:58:00Z,1,-20 degrees Celsius,197_WD4.sff,SRP038757,swine intestinal tract,2012-06-29,MIGS/MIMS/MIMARKS.host-associated,none,metagenome,swine,freshly voided feces,Antibiotic (carbadox) effects on the swine gut microbiota,1 gram of freshly voided feces,131 grams feces,103 to 6 months,197,domesticus,,,,,,,
SRR1174671,AMPLICON,546,8930127,PRJNA237795,SAMN02645148,"MIMS.me,MIGS/MIMS/MIMARKS.host-associated",19878724,USDA-ARS,public,"run.zq,sff,sra","gs,ncbi,s3","gs.us-east1,ncbi.public,s3.us-east-1",SRX474860,USA,North America,"USA: Ames\, Iowa",103 days,feces,39,"Pork Finisher diet (Kent Feeds\, Muscatine\, IA)",Offspring of sow B,ambient,not fasted,grower pig,male,9825,454 GS FLX Titanium,42°02?05?N 93°37?12?W,197_wd42_feces,SINGLE,PCR,METAGENOMIC,Sus scrofa domesticus,non-medicated,LS454,2014-02-26T00:00:00Z,2014-02-26T15:11:00Z,1,-20 degrees Celsius,197_wd42.sff,SRP038757,swine intestinal tract,8/6/2012,MIGS/MIMS/MIMARKS.host-associated,none,metagenome,swine,freshly voided feces,Antibiotic (carbadox) effects on the swine gut microbiota,1 gram of freshly voided feces,142 grams feces,114 to 6 months,197,domesticus,,,,,,,
SRR1174672,AMPLICON,568,11152122,PRJNA237795,SAMN02645149,"MIMS.me,MIGS/MIMS/MIMARKS.host-associated",24787050,USDA-ARS,public,"run.zq,sff,sra","gs,ncbi,s3","gs.us-east1,ncbi.public,s3.us-east-1",SRX474861,USA,North America,"USA: Ames\, Iowa",54 days,feces,39,"TechStart 17-25 (Kent Feeds\, Muscatine\, IA)",Offspring of sow B,ambient,not fasted,grower pig,female,9825,454 GS FLX Titanium,42°02?05?N 93°37?12?W,198_14_feces,SINGLE,PCR,METAGENOMIC,Sus scrofa domesticus,medicated,LS454,2014-02-26T00:00:00Z,2014-02-26T14:58:00Z,1,-20 degrees Celsius,198_14.sff,SRP038757,swine intestinal tract,2012-06-18,MIGS/MIMS/MIMARKS.host-associated,none,metagenome,swine,freshly voided feces,Antibiotic (carbadox) effects on the swine gut microbiota,1 gram of freshly voided feces,77 grams feces,49 to 6 months,198,domesticus,,,,,,,
SRR1174673,AMPLICON,555,9882497,PRJNA237795,SAMN02645150,"MIMS.me,MIGS/MIMS/MIMARKS.host-associated",22097253,USDA-ARS,public,"run.zq,sff,sra","gs,ncbi,s3","gs.us-east1,ncbi.public,s3.us-east-1",SRX474862,USA,North America,"USA: Ames\, Iowa",42 days,feces,39,"TechStart 17-25\, Kent Feeds\, Muscatine\, IA",Offspring of sow B,ambient,not fasted,grower pig,female,9825,454 GS FLX Titanium,42°02?05?N 93°37?12?W,198_2_feces,SINGLE,PCR,METAGENOMIC,Sus scrofa domesticus,medicated,LS454,2014-02-26T00:00:00Z,2014-02-26T14:58:00Z,1,-20 degrees Celsius,198_2.sff,SRP038757,swine intestinal tract,2012-06-06,MIGS/MIMS/MIMARKS.host-associated,none,metagenome,swine,freshly voided feces,Antibiotic (carbadox) effects on the swine gut microbiota,1 gram of freshly voided feces,17 grams feces,1 to 6 months,198,domesticus,,,,,,,
SRR1174674,AMPLICON,555,8193423,PRJNA237795,SAMN02645151,"MIMS.me,MIGS/MIMS/MIMARKS.host-associated",18318585,USDA-ARS,public,"run.zq,sff,sra","gs,ncbi,s3","gs.us-east1,ncbi.public,s3.us-east-1",SRX474863,USA,North America,"USA: Ames\, Iowa",61 days,feces,39,"TechStart 17-25 (Kent Feeds\, Muscatine\, IA)",Offspring of sow B,ambient,not fasted,grower pig,female,9825,454 GS FLX Titanium,42°02?05?N 93°37?12?W,198_21_feces,SINGLE,PCR,METAGENOMIC,Sus scrofa domesticus,medicated,LS454,2014-02-26T00:00:00Z,2014-02-26T14:58:00Z,1,-20 degrees Celsius,198_21.sff,SRP038757,swine intestinal tract,2012-06-25,MIGS/MIMS/MIMARKS.host-associated,none,metagenome,swine,freshly voided feces,Antibiotic (carbadox) effects on the swine gut microbiota,1 gram of freshly voided feces,89 grams feces,61 to 6 months,198,domesticus,,,,,,,
SRR1174675,AMPLICON,548,7398391,PRJNA237795,SAMN02645152,"MIMS.me,MIGS/MIMS/MIMARKS.host-associated",16558581,USDA-ARS,public,"run.zq,sff,sra","gs,ncbi,s3","gs.us-east1,ncbi.public,s3.us-east-1",SRX474864,USA,North America,"USA: Ames\, Iowa",43 days,feces,39,"TechStart 17-25 (Kent Feeds\, Muscatine\, IA)",Offspring of sow B,ambient,not fasted,grower pig,female,9825,454 GS FLX Titanium,42°02?05?N 93°37?12?W,198_3_feces,SINGLE,PCR,METAGENOMIC,Sus scrofa domesticus,medicated,LS454,2014-02-26T00:00:00Z,2014-02-26T14:58:00Z,1,-20 degrees Celsius,198_3.sff,SRP038757,swine intestinal tract,6/7/2012,MIGS/MIMS/MIMARKS.host-associated,none,metagenome,swine,freshly voided feces,Antibiotic (carbadox) effects on the swine gut microbiota,1 gram of freshly voided feces,29 grams feces,1 to 6 months,198,domesticus,,,,,,,
SRR1174676,AMPLICON,558,12967221,PRJNA237795,SAMN02645153,"MIMS.me,MIGS/MIMS/MIMARKS.host-associated",28891578,USDA-ARS,public,"run.zq,sff,sra","gs,ncbi,s3","gs.us-east1,ncbi.public,s3.us-east-1",SRX474865,USA,North America,"USA: Ames\, Iowa",44 days,feces,39,"TechStart 17-25 (Kent Feeds\, Muscatine\, IA)",Offspring of sow B,ambient,not fasted,grower pig,female,9825,454 GS FLX Titanium,42°02?05?N 93°37?12?W,198_4_feces,SINGLE,PCR,METAGENOMIC,Sus scrofa domesticus,medicated,LS454,2014-02-26T00:00:00Z,2014-02-26T14:58:00Z,1,-20 degrees Celsius,198_4.sff,SRP038757,swine intestinal tract,6/8/2012,MIGS/MIMS/MIMARKS.host-associated,none,metagenome,swine,freshly voided feces,Antibiotic (carbadox) effects on the swine gut microbiota,1 gram of freshly voided feces,41 grams feces,13 to 6 months,198,domesticus,,,,,,,
SRR1174677,AMPLICON,547,11721500,PRJNA237795,SAMN02645154,"MIMS.me,MIGS/MIMS/MIMARKS.host-associated",26264782,USDA-ARS,public,"run.zq,sff,sra","gs,ncbi,s3","gs.us-east1,ncbi.public,s3.us-east-1",SRX474866,USA,North America,"USA: Ames\, Iowa",35 days,feces,39,"TechStart 17-25 (Kent Feeds\, Muscatine\, IA)",Offspring of sow B,ambient,not fasted,grower pig,female,9825,454 GS FLX Titanium,42°02?05?N 93°37?12?W,198_5_feces,SINGLE,PCR,METAGENOMIC,Sus scrofa domesticus,medicated,LS454,2014-02-26T00:00:00Z,2014-02-26T15:01:00Z,1,-20 degrees Celsius,198_5.sff,SRP038757,swine intestinal tract,2012-05-30,MIGS/MIMS/MIMARKS.host-associated,none,metagenome,swine,freshly voided feces,Antibiotic (carbadox) effects on the swine gut microbiota,1 gram of freshly voided feces,53 grams feces,25 to 6 months,198,domesticus,,,,,,,
SRR1174678,AMPLICON,559,8391795,PRJNA237795,SAMN02645155,"MIMS.me,MIGS/MIMS/MIMARKS.host-associated",18716692,USDA-ARS,public,"run.zq,sff,sra","gs,ncbi,s3","gs.us-east1,ncbi.public,s3.us-east-1",SRX474867,USA,North America,"USA: Ames\, Iowa",47 days,feces,39,"TechStart 17-25\, Kent Feeds\, Muscatine\, IA",Offspring of sow B,ambient,not fasted,grower pig,female,9825,454 GS FLX Titanium,42°02?05?N 93°37?12?W,198_7_feces,SINGLE,PCR,METAGENOMIC,Sus scrofa domesticus,medicated,LS454,2014-02-26T00:00:00Z,2014-02-26T15:01:00Z,1,-20 degrees Celsius,198_7.sff,SRP038757,swine intestinal tract,6/11/2012,MIGS/MIMS/MIMARKS.host-associated,none,metagenome,swine,freshly voided feces,Antibiotic (carbadox) effects on the swine gut microbiota,1 gram of freshly voided feces,65 grams feces,37 to 6 months,198,domesticus,,,,,,,
SRR1174679,AMPLICON,553,6879178,PRJNA237795,SAMN02645156,"MIMS.me,MIGS/MIMS/MIMARKS.host-associated",15417791,USDA-ARS,public,"run.zq,sff,sra","gs,ncbi,s3","gs.us-east1,ncbi.public,s3.us-east-1",SRX474868,USA,North America,"USA: Ames\, Iowa",63 days,feces,39,"Pork Finisher diet (Kent Feeds\, Muscatine\, IA)",Offspring of sow B,ambient,not fasted,grower pig,female,9825,454 GS FLX Titanium,42°02?05?N 93°37?12?W,198_WD2_feces,SINGLE,PCR,METAGENOMIC,Sus scrofa domesticus,medicated,LS454,2014-02-26T00:00:00Z,2014-02-26T15:01:00Z,1,-20 degrees Celsius,198_WD2.sff,SRP038757,swine intestinal tract,2012-06-27,MIGS/MIMS/MIMARKS.host-associated,none,metagenome,swine,freshly voided feces,Antibiotic (carbadox) effects on the swine gut microbiota,1 gram of freshly voided feces,101 grams feces,73 to 6 months,198,domesticus,,,,,,,
SRR1174680,AMPLICON,555,6866213,PRJNA237795,SAMN02645157,"MIMS.me,MIGS/MIMS/MIMARKS.host-associated",15331061,USDA-ARS,public,"run.zq,sff,sra","gs,ncbi,s3","gs.us-east1,ncbi.public,s3.us-east-1",SRX474869,USA,North America,"USA: Ames\, Iowa",82 days,feces,39,"Pork Finisher diet (Kent Feeds\, Muscatine\, IA)",Offspring of sow B,ambient,not fasted,grower pig,female,9825,454 GS FLX Titanium,42°02?05?N 93°37?12?W,198_wd21_feces,SINGLE,PCR,METAGENOMIC,Sus scrofa domesticus,medicated,LS454,2014-02-26T00:00:00Z,2014-02-26T15:11:00Z,1,-20 degrees Celsius,198_wd21.sff,SRP038757,swine intestinal tract,2012-07-16,MIGS/MIMS/MIMARKS.host-associated,none,metagenome,swine,freshly voided feces,Antibiotic (carbadox) effects on the swine gut microbiota,1 gram of freshly voided feces,113 grams feces,85 to 6 months,198,domesticus,,,,,,,
SRR1174681,AMPLICON,559,9727710,PRJNA237795,SAMN02645158,"MIMS.me,MIGS/MIMS/MIMARKS.host-associated",21747137,USDA-ARS,public,"run.zq,sff,sra","gs,ncbi,s3","gs.us-east1,ncbi.public,s3.us-east-1",SRX474870,USA,North America,"USA: Ames\, Iowa",65 days,feces,39,"Pork Finisher diet (Kent Feeds\, Muscatine\, IA)",Offspring of sow B,ambient,not fasted,grower pig,female,9825,454 GS FLX Titanium,42°02?05?N 93°37?12?W,198_WD4_feces,SINGLE,PCR,METAGENOMIC,Sus scrofa domesticus,medicated,LS454,2014-02-26T00:00:00Z,2014-02-26T15:02:00Z,1,-20 degrees Celsius,198_WD4.sff,SRP038757,swine intestinal tract,2012-06-29,MIGS/MIMS/MIMARKS.host-associated,none,metagenome,swine,freshly voided feces,Antibiotic (carbadox) effects on the swine gut microbiota,1 gram of freshly voided feces,125 grams feces,97 to 6 months,198,domesticus,,,,,,,
SRR5368773,OTHER,447,21975221,PRJNA237795,SAMN06627626,"MIMS.me,MIGS/MIMS/MIMARKS.host-associated",13945447,IOWA STATE UNIVERSITY,public,"fastq,run.zq,sra","gs,ncbi,s3","gs.us-east1,ncbi.public,s3.us-east-1",SRX2664029,USA,North America,"USA: Ames\, IA",47 days,feces,39,"TechStart 17-25\, Kent Feeds\, Muscatine\, IA",Offspring of sow B,ambient,not fasted,grower pig,male,9825,454 GS FLX Titanium,42.02 N 93.37 W,200_7_feces_pg,SINGLE,other,OTHER,pig gut metagenome,non-medicated,LS454,2017-04-03T00:00:00Z,2017-03-23T15:14:00Z,1,-20 degrees Celsius,200_7_feces,SRP038757,,,,,,,,,,,,,,,none,2012-06-11,swine intestinal tract,none,freshly voided feces,Sus scrofa domesticus
SRR5368774,RNA-Seq,99,5923592433,PRJNA237795,SAMN06627626,"MIMS.me,MIGS/MIMS/MIMARKS.host-associated",4237645788,IOWA STATE UNIVERSITY,public,"fastq,run.zq,sra","gs,ncbi,s3","gs.us-east1,ncbi.public,s3.us-east-1",SRX2664030,USA,North America,"USA: Ames\, IA",47 days,feces,39,"TechStart 17-25\, Kent Feeds\, Muscatine\, IA",Offspring of sow B,ambient,not fasted,grower pig,male,9825,Illumina HiSeq 2000,42.02 N 93.37 W,200_7_feces_mt,SINGLE,cDNA,METATRANSCRIPTOMIC,pig gut metagenome,non-medicated,ILLUMINA,2017-04-03T00:00:00Z,2017-03-23T15:30:00Z,1,-20 degrees Celsius,200_7_feces,SRP038757,,,,,,,,,,,,,,,none,2012-06-11,swine intestinal tract,none,freshly voided feces,Sus scrofa domesticus
SRR5368775,WGS,757,84597508,PRJNA237795,SAMN06627626,"MIMS.me,MIGS/MIMS/MIMARKS.host-associated",59460497,IOWA STATE UNIVERSITY,public,"fastq,run.zq,sra","gs,ncbi,s3","gs.us-east1,ncbi.public,s3.us-east-1",SRX2664031,USA,North America,"USA: Ames\, IA",47 days,feces,39,"TechStart 17-25\, Kent Feeds\, Muscatine\, IA",Offspring of sow B,ambient,not fasted,grower pig,male,9825,454 GS FLX Titanium,42.02 N 93.37 W,200_7_feces_mg,SINGLE,RANDOM,METAGENOMIC,pig gut metagenome,non-medicated,LS454,2017-04-03T00:00:00Z,2017-03-23T15:15:00Z,1,-20 degrees Celsius,200_7_feces,SRP038757,,,,,,,,,,,,,,,none,2012-06-11,swine intestinal tract,none,freshly voided feces,Sus scrofa domesticus
SRR5368776,OTHER,435,36240127,PRJNA237795,SAMN06627625,"MIMS.me,MIGS/MIMS/MIMARKS.host-associated",22912168,IOWA STATE UNIVERSITY,public,"fastq,run.zq,sra","gs,ncbi,s3","gs.us-east1,ncbi.public,s3.us-east-1",SRX2664032,USA,North America,"USA: Ames\, IA",61 days,feces,39,"TechStart 17-25\, Kent Feeds\, Muscatine\, IA",Offspring of sow B,ambient,not fasted,grower pig,male,9825,454 GS FLX Titanium,42.02 N 93.37 W,200_21_feces_pg,SINGLE,other,OTHER,pig gut metagenome,non-medicated,LS454,2017-04-03T00:00:00Z,2017-03-23T15:12:00Z,1,-20 degrees Celsius,200_21_feces,SRP038757,,,,,,,,,,,,,,,none,2012-06-25,swine intestinal tract,none,freshly voided feces,Sus scrofa domesticus
SRR5368777,OTHER,425,3499924,PRJNA237795,SAMN06627624,"MIMS.me,MIGS/MIMS/MIMARKS.host-associated",2203557,IOWA STATE UNIVERSITY,public,"fastq,run.zq,sra","gs,ncbi,s3","gs.us-east1,ncbi.public,s3.us-east-1",SRX2664033,USA,North America,"USA: Ames\, IA",42 days,feces,39,"TechStart 17-25\, Kent Feeds\, Muscatine\, IA",Offspring of sow B,ambient,not fasted,grower pig,male,9825,454 GS FLX Titanium,42.02 N 93.37 W,200_2_feces_pg,SINGLE,other,OTHER,pig gut metagenome,non-medicated,LS454,2017-04-03T00:00:00Z,2017-03-23T15:12:00Z,1,-20 degrees Celsius,200_2_feces,SRP038757,,,,,,,,,,,,,,,none,2012-06-06,swine intestinal tract,none,freshly voided feces,Sus scrofa domesticus
SRR5368778,RNA-Seq,99,5571061254,PRJNA237795,SAMN06627624,"MIMS.me,MIGS/MIMS/MIMARKS.host-associated",3785697088,IOWA STATE UNIVERSITY,public,"fastq,run.zq,sra","gs,ncbi,s3","gs.us-east1,ncbi.public,s3.us-east-1",SRX2664034,USA,North America,"USA: Ames\, IA",42 days,feces,39,"TechStart 17-25\, Kent Feeds\, Muscatine\, IA",Offspring of sow B,ambient,not fasted,grower pig,male,9825,Illumina HiSeq 2000,42.02 N 93.37 W,200_2_feces_mt,SINGLE,cDNA,METATRANSCRIPTOMIC,pig gut metagenome,non-medicated,ILLUMINA,2017-04-03T00:00:00Z,2017-03-23T15:31:00Z,1,-20 degrees Celsius,200_2_feces,SRP038757,,,,,,,,,,,,,,,none,2012-06-06,swine intestinal tract,none,freshly voided feces,Sus scrofa domesticus
SRR5368779,WGS,763,94972056,PRJNA237795,SAMN06627624,"MIMS.me,MIGS/MIMS/MIMARKS.host-associated",65473037,IOWA STATE UNIVERSITY,public,"fastq,run.zq,sra","gs,ncbi,s3","gs.us-east1,ncbi.public,s3.us-east-1",SRX2664035,USA,North America,"USA: Ames\, IA",42 days,feces,39,"TechStart 17-25\, Kent Feeds\, Muscatine\, IA",Offspring of sow B,ambient,not fasted,grower pig,male,9825,454 GS FLX Titanium,42.02 N 93.37 W,200_2_feces_mg,SINGLE,RANDOM,METAGENOMIC,pig gut metagenome,non-medicated,LS454,2017-04-03T00:00:00Z,2017-03-23T15:12:00Z,1,-20 degrees Celsius,200_2_feces,SRP038757,,,,,,,,,,,,,,,none,2012-06-06,swine intestinal tract,none,freshly voided feces,Sus scrofa domesticus
SRR5368780,RNA-Seq,99,7531098102,PRJNA237795,SAMN06627623,"MIMS.me,MIGS/MIMS/MIMARKS.host-associated",5402635923,IOWA STATE UNIVERSITY,public,"fastq,run.zq,sra","gs,ncbi,s3","gs.us-east1,ncbi.public,s3.us-east-1",SRX2664036,USA,North America,"USA: Ames\, IA",41 days,feces,39,"TechStart 17-25\, Kent Feeds\, Muscatine\, IA",Offspring of sow B,ambient,not fasted,grower pig,male,9825,Illumina HiSeq 2000,42.02 N 93.37 W,200_1_feces_mt,SINGLE,cDNA,METATRANSCRIPTOMIC,pig gut metagenome,non-medicated,ILLUMINA,2017-04-03T00:00:00Z,2017-03-23T15:35:00Z,1,-20 degrees Celsius,200_1_feces,SRP038757,,,,,,,,,,,,,,,none,2012-06-05,swine intestinal tract,none,freshly voided feces,Sus scrofa domesticus
SRR5368781,WGS,768,93657900,PRJNA237795,SAMN06627623,"MIMS.me,MIGS/MIMS/MIMARKS.host-associated",63876282,IOWA STATE UNIVERSITY,public,"fastq,run.zq,sra","gs,ncbi,s3","gs.us-east1,ncbi.public,s3.us-east-1",SRX2664037,USA,North America,"USA: Ames\, IA",41 days,feces,39,"TechStart 17-25\, Kent Feeds\, Muscatine\, IA",Offspring of sow B,ambient,not fasted,grower pig,male,9825,454 GS FLX Titanium,42.02 N 93.37 W,200_1_feces_mg,SINGLE,RANDOM,METAGENOMIC,pig gut metagenome,non-medicated,LS454,2017-04-03T00:00:00Z,2017-03-23T15:13:00Z,1,-20 degrees Celsius,200_1_feces,SRP038757,,,,,,,,,,,,,,,none,2012-06-05,swine intestinal tract,none,freshly voided feces,Sus scrofa domesticus
SRR5368782,OTHER,440,28090399,PRJNA237795,SAMN02645155,"MIMS.me,MIGS/MIMS/MIMARKS.host-associated",17962861,IOWA STATE UNIVERSITY,public,"fastq,run.zq,sra","gs,ncbi,s3","gs.us-east1,ncbi.public,s3.us-east-1",SRX2664038,USA,North America,"USA: Ames\, Iowa",47 days,feces,39,"TechStart 17-25\, Kent Feeds\, Muscatine\, IA",Offspring of sow B,ambient,not fasted,grower pig,female,9825,454 GS FLX Titanium,42°02?05?N 93°37?12?W,198_7_feces_pg,SINGLE,other,OTHER,Sus scrofa domesticus,medicated,LS454,2017-04-03T00:00:00Z,2017-03-23T15:12:00Z,1,-20 degrees Celsius,198_7.sff,SRP038757,swine intestinal tract,6/11/2012,MIGS/MIMS/MIMARKS.host-associated,none,metagenome,swine,freshly voided feces,Antibiotic (carbadox) effects on the swine gut microbiota,1 gram of freshly voided feces,65 grams feces,37 to 6 months,198,domesticus,,,,,,,
SRR5368783,RNA-Seq,101,2617238452,PRJNA237795,SAMN02645155,"MIMS.me,MIGS/MIMS/MIMARKS.host-associated",1508697506,IOWA STATE UNIVERSITY,public,"fastq,run.zq,sra","gs,ncbi,s3","gs.us-east1,ncbi.public,s3.us-east-1",SRX2664039,USA,North America,"USA: Ames\, Iowa",47 days,feces,39,"TechStart 17-25\, Kent Feeds\, Muscatine\, IA",Offspring of sow B,ambient,not fasted,grower pig,female,9825,Illumina HiSeq 2000,42°02?05?N 93°37?12?W,198_7_feces_mt,SINGLE,cDNA,METATRANSCRIPTOMIC,Sus scrofa domesticus,medicated,ILLUMINA,2017-04-03T00:00:00Z,2017-03-24T13:22:00Z,1,-20 degrees Celsius,198_7.sff,SRP038757,swine intestinal tract,6/11/2012,MIGS/MIMS/MIMARKS.host-associated,none,metagenome,swine,freshly voided feces,Antibiotic (carbadox) effects on the swine gut microbiota,1 gram of freshly voided feces,65 grams feces,37 to 6 months,198,domesticus,,,,,,,
SRR5368784,WGS,742,45567871,PRJNA237795,SAMN02645155,"MIMS.me,MIGS/MIMS/MIMARKS.host-associated",32602964,IOWA STATE UNIVERSITY,public,"fastq,run.zq,sra","gs,ncbi,s3","gs.us-east1,ncbi.public,s3.us-east-1",SRX2664040,USA,North America,"USA: Ames\, Iowa",47 days,feces,39,"TechStart 17-25\, Kent Feeds\, Muscatine\, IA",Offspring of sow B,ambient,not fasted,grower pig,female,9825,454 GS FLX Titanium,42°02?05?N 93°37?12?W,198_7_feces_mg,SINGLE,RANDOM,METAGENOMIC,Sus scrofa domesticus,medicated,LS454,2017-04-03T00:00:00Z,2017-03-23T15:12:00Z,1,-20 degrees Celsius,198_7.sff,SRP038757,swine intestinal tract,6/11/2012,MIGS/MIMS/MIMARKS.host-associated,none,metagenome,swine,freshly voided feces,Antibiotic (carbadox) effects on the swine gut microbiota,1 gram of freshly voided feces,65 grams feces,37 to 6 months,198,domesticus,,,,,,,
SRR5368785,OTHER,436,33004053,PRJNA237795,SAMN02645154,"MIMS.me,MIGS/MIMS/MIMARKS.host-associated",20667078,IOWA STATE UNIVERSITY,public,"fastq,run.zq,sra","gs,ncbi,s3","gs.us-east1,ncbi.public,s3.us-east-1",SRX2664041,USA,North America,"USA: Ames\, Iowa",35 days,feces,39,"TechStart 17-25 (Kent Feeds\, Muscatine\, IA)",Offspring of sow B,ambient,not fasted,grower pig,female,9825,454 GS FLX Titanium,42°02?05?N 93°37?12?W,198_5_feces_pg,SINGLE,other,OTHER,Sus scrofa domesticus,medicated,LS454,2017-04-03T00:00:00Z,2017-03-23T15:14:00Z,1,-20 degrees Celsius,198_5.sff,SRP038757,swine intestinal tract,2012-05-30,MIGS/MIMS/MIMARKS.host-associated,none,metagenome,swine,freshly voided feces,Antibiotic (carbadox) effects on the swine gut microbiota,1 gram of freshly voided feces,53 grams feces,25 to 6 months,198,domesticus,,,,,,,
SRR5368786,RNA-Seq,100,4916448400,PRJNA237795,SAMN02645154,"MIMS.me,MIGS/MIMS/MIMARKS.host-associated",3054547015,IOWA STATE UNIVERSITY,public,"fastq,run.zq,sra","gs,ncbi,s3","gs.us-east1,ncbi.public,s3.us-east-1",SRX2664042,USA,North America,"USA: Ames\, Iowa",35 days,feces,39,"TechStart 17-25 (Kent Feeds\, Muscatine\, IA)",Offspring of sow B,ambient,not fasted,grower pig,female,9825,Illumina HiSeq 2000,42°02?05?N 93°37?12?W,198_5_feces_mt,SINGLE,cDNA,METATRANSCRIPTOMIC,Sus scrofa domesticus,medicated,ILLUMINA,2017-04-03T00:00:00Z,2017-03-23T15:33:00Z,1,-20 degrees Celsius,198_5.sff,SRP038757,swine intestinal tract,2012-05-30,MIGS/MIMS/MIMARKS.host-associated,none,metagenome,swine,freshly voided feces,Antibiotic (carbadox) effects on the swine gut microbiota,1 gram of freshly voided feces,53 grams feces,25 to 6 months,198,domesticus,,,,,,,
SRR5368787,WGS,733,60176008,PRJNA237795,SAMN02645154,"MIMS.me,MIGS/MIMS/MIMARKS.host-associated",42265656,IOWA STATE UNIVERSITY,public,"fastq,run.zq,sra","gs,ncbi,s3","gs.us-east1,ncbi.public,s3.us-east-1",SRX2664043,USA,North America,"USA: Ames\, Iowa",35 days,feces,39,"TechStart 17-25 (Kent Feeds\, Muscatine\, IA)",Offspring of sow B,ambient,not fasted,grower pig,female,9825,454 GS FLX Titanium,42°02?05?N 93°37?12?W,198_5_feces_mg,SINGLE,RANDOM,METAGENOMIC,Sus scrofa domesticus,medicated,LS454,2017-04-03T00:00:00Z,2017-03-23T15:14:00Z,1,-20 degrees Celsius,198_5.sff,SRP038757,swine intestinal tract,2012-05-30,MIGS/MIMS/MIMARKS.host-associated,none,metagenome,swine,freshly voided feces,Antibiotic (carbadox) effects on the swine gut microbiota,1 gram of freshly voided feces,53 grams feces,25 to 6 months,198,domesticus,,,,,,,
SRR5368788,OTHER,437,5121562,PRJNA237795,SAMN02645150,"MIMS.me,MIGS/MIMS/MIMARKS.host-associated",3210532,IOWA STATE UNIVERSITY,public,"fastq,run.zq,sra","gs,ncbi,s3","gs.us-east1,ncbi.public,s3.us-east-1",SRX2664044,USA,North America,"USA: Ames\, Iowa",42 days,feces,39,"TechStart 17-25\, Kent Feeds\, Muscatine\, IA",Offspring of sow B,ambient,not fasted,grower pig,female,9825,454 GS FLX Titanium,42°02?05?N 93°37?12?W,198_2_feces_pg,SINGLE,other,OTHER,Sus scrofa domesticus,medicated,LS454,2017-04-03T00:00:00Z,2017-03-23T15:12:00Z,1,-20 degrees Celsius,198_2.sff,SRP038757,swine intestinal tract,2012-06-06,MIGS/MIMS/MIMARKS.host-associated,none,metagenome,swine,freshly voided feces,Antibiotic (carbadox) effects on the swine gut microbiota,1 gram of freshly voided feces,17 grams feces,1 to 6 months,198,domesticus,,,,,,,
SRR5368789,RNA-Seq,99,2818660581,PRJNA237795,SAMN02645150,"MIMS.me,MIGS/MIMS/MIMARKS.host-associated",2028508381,IOWA STATE UNIVERSITY,public,"fastq,run.zq,sra","gs,ncbi,s3","gs.us-east1,ncbi.public,s3.us-east-1",SRX2664045,USA,North America,"USA: Ames\, Iowa",42 days,feces,39,"TechStart 17-25\, Kent Feeds\, Muscatine\, IA",Offspring of sow B,ambient,not fasted,grower pig,female,9825,Illumina HiSeq 2000,42°02?05?N 93°37?12?W,198_2_feces_mt,SINGLE,cDNA,METATRANSCRIPTOMIC,Sus scrofa domesticus,medicated,ILLUMINA,2017-04-03T00:00:00Z,2017-03-23T15:20:00Z,1,-20 degrees Celsius,198_2.sff,SRP038757,swine intestinal tract,2012-06-06,MIGS/MIMS/MIMARKS.host-associated,none,metagenome,swine,freshly voided feces,Antibiotic (carbadox) effects on the swine gut microbiota,1 gram of freshly voided feces,17 grams feces,1 to 6 months,198,domesticus,,,,,,,
SRR5368790,WGS,755,86817613,PRJNA237795,SAMN02645150,"MIMS.me,MIGS/MIMS/MIMARKS.host-associated",60047407,IOWA STATE UNIVERSITY,public,"fastq,run.zq,sra","gs,ncbi,s3","gs.us-east1,ncbi.public,s3.us-east-1",SRX2664046,USA,North America,"USA: Ames\, Iowa",42 days,feces,39,"TechStart 17-25\, Kent Feeds\, Muscatine\, IA",Offspring of sow B,ambient,not fasted,grower pig,female,9825,454 GS FLX Titanium,42°02?05?N 93°37?12?W,198_2_feces_mg,SINGLE,RANDOM,METAGENOMIC,Sus scrofa domesticus,medicated,LS454,2017-04-03T00:00:00Z,2017-03-23T15:13:00Z,1,-20 degrees Celsius,198_2.sff,SRP038757,swine intestinal tract,2012-06-06,MIGS/MIMS/MIMARKS.host-associated,none,metagenome,swine,freshly voided feces,Antibiotic (carbadox) effects on the swine gut microbiota,1 gram of freshly voided feces,17 grams feces,1 to 6 months,198,domesticus,,,,,,,
SRR5368791,OTHER,444,46853223,PRJNA237795,SAMN02645144,"MIMS.me,MIGS/MIMS/MIMARKS.host-associated",29068321,IOWA STATE UNIVERSITY,public,"fastq,run.zq,sra","gs,ncbi,s3","gs.us-east1,ncbi.public,s3.us-east-1",SRX2664047,USA,North America,"USA: Ames\, Iowa",47 days,feces,39,"TechStart 17-25\, Kent Feeds\, Muscatine\, IA",Offspring of sow B,ambient,not fasted,grower pig,male,9825,454 GS FLX Titanium,42°02?05?N 93°37?12?W,197_7_feces_pg,SINGLE,other,OTHER,Sus scrofa domesticus,non-medicated,LS454,2017-04-03T00:00:00Z,2017-03-23T15:12:00Z,1,-20 degrees Celsius,197_7.sff,SRP038757,swine intestinal tract,6/11/2012,MIGS/MIMS/MIMARKS.host-associated,none,metagenome,swine,freshly voided feces,Antibiotic (carbadox) effects on the swine gut microbiota,1 gram of freshly voided feces,71 grams feces,43 to 6 months,197,domesticus,,,,,,,
SRR5368792,RNA-Seq,100,5313894400,PRJNA237795,SAMN02645144,"MIMS.me,MIGS/MIMS/MIMARKS.host-associated",3597015977,IOWA STATE UNIVERSITY,public,"fastq,run.zq,sra","gs,ncbi,s3","gs.us-east1,ncbi.public,s3.us-east-1",SRX2664048,USA,North America,"USA: Ames\, Iowa",47 days,feces,39,"TechStart 17-25\, Kent Feeds\, Muscatine\, IA",Offspring of sow B,ambient,not fasted,grower pig,male,9825,Illumina HiSeq 2000,42°02?05?N 93°37?12?W,197_7_feces_mt,SINGLE,cDNA,METATRANSCRIPTOMIC,Sus scrofa domesticus,non-medicated,ILLUMINA,2017-04-03T00:00:00Z,2017-03-23T15:28:00Z,1,-20 degrees Celsius,197_7.sff,SRP038757,swine intestinal tract,6/11/2012,MIGS/MIMS/MIMARKS.host-associated,none,metagenome,swine,freshly voided feces,Antibiotic (carbadox) effects on the swine gut microbiota,1 gram of freshly voided feces,71 grams feces,43 to 6 months,197,domesticus,,,,,,,
SRR5368793,WGS,743,41907560,PRJNA237795,SAMN02645144,"MIMS.me,MIGS/MIMS/MIMARKS.host-associated",29746445,IOWA STATE UNIVERSITY,public,"fastq,run.zq,sra","gs,ncbi,s3","gs.us-east1,ncbi.public,s3.us-east-1",SRX2664049,USA,North America,"USA: Ames\, Iowa",47 days,feces,39,"TechStart 17-25\, Kent Feeds\, Muscatine\, IA",Offspring of sow B,ambient,not fasted,grower pig,male,9825,454 GS FLX Titanium,42°02?05?N 93°37?12?W,197_7_feces_mg,SINGLE,RANDOM,METAGENOMIC,Sus scrofa domesticus,non-medicated,LS454,2017-04-03T00:00:00Z,2017-03-23T15:12:00Z,1,-20 degrees Celsius,197_7.sff,SRP038757,swine intestinal tract,6/11/2012,MIGS/MIMS/MIMARKS.host-associated,none,metagenome,swine,freshly voided feces,Antibiotic (carbadox) effects on the swine gut microbiota,1 gram of freshly voided feces,71 grams feces,43 to 6 months,197,domesticus,,,,,,,
SRR5368794,OTHER,384,9617,PRJNA237795,SAMN02645143,"MIMS.me,MIGS/MIMS/MIMARKS.host-associated",87452,IOWA STATE UNIVERSITY,public,"fastq,run.zq,sra","gs,ncbi,s3","gs.us-east1,ncbi.public,s3.us-east-1",SRX2664050,USA,North America,"USA: Ames\, Iowa",35 days,feces,39,"TechStart 17-25\, Kent Feeds\, Muscatine\, IA",Offspring of sow B,ambient,not fasted,grower pig,male,9825,454 GS FLX Titanium,42°02?05?N 93°37?12?W,197_5_feces_pg,SINGLE,other,OTHER,Sus scrofa domesticus,non-medicated,LS454,2017-04-03T00:00:00Z,2017-03-23T15:12:00Z,1,-20 degrees Celsius,197_5.sff,SRP038757,swine intestinal tract,2012-05-30,MIGS/MIMS/MIMARKS.host-associated,none,metagenome,swine,freshly voided feces,Antibiotic (carbadox) effects on the swine gut microbiota,1 gram of freshly voided feces,59 grams feces,31 to 6 months,197,domesticus,,,,,,,
SRR5368795,RNA-Seq,99,7499369790,PRJNA237795,SAMN02645143,"MIMS.me,MIGS/MIMS/MIMARKS.host-associated",4943682544,IOWA STATE UNIVERSITY,public,"fastq,run.zq,sra","gs,ncbi,s3","gs.us-east1,ncbi.public,s3.us-east-1",SRX2664051,USA,North America,"USA: Ames\, Iowa",35 days,feces,39,"TechStart 17-25\, Kent Feeds\, Muscatine\, IA",Offspring of sow B,ambient,not fasted,grower pig,male,9825,Illumina HiSeq 2000,42°02?05?N 93°37?12?W,197_5_feces_mt,SINGLE,cDNA,METATRANSCRIPTOMIC,Sus scrofa domesticus,non-medicated,ILLUMINA,2017-04-03T00:00:00Z,2017-03-23T15:39:00Z,1,-20 degrees Celsius,197_5.sff,SRP038757,swine intestinal tract,2012-05-30,MIGS/MIMS/MIMARKS.host-associated,none,metagenome,swine,freshly voided feces,Antibiotic (carbadox) effects on the swine gut microbiota,1 gram of freshly voided feces,59 grams feces,31 to 6 months,197,domesticus,,,,,,,
SRR5368796,WGS,731,152618348,PRJNA237795,SAMN02645143,"MIMS.me,MIGS/MIMS/MIMARKS.host-associated",106052364,IOWA STATE UNIVERSITY,public,"fastq,run.zq,sra","gs,ncbi,s3","gs.us-east1,ncbi.public,s3.us-east-1",SRX2664052,USA,North America,"USA: Ames\, Iowa",35 days,feces,39,"TechStart 17-25\, Kent Feeds\, Muscatine\, IA",Offspring of sow B,ambient,not fasted,grower pig,male,9825,454 GS FLX Titanium,42°02?05?N 93°37?12?W,197_5_feces_mg,SINGLE,RANDOM,METAGENOMIC,Sus scrofa domesticus,non-medicated,LS454,2017-04-03T00:00:00Z,2017-03-23T15:13:00Z,1,-20 degrees Celsius,197_5.sff,SRP038757,swine intestinal tract,2012-05-30,MIGS/MIMS/MIMARKS.host-associated,none,metagenome,swine,freshly voided feces,Antibiotic (carbadox) effects on the swine gut microbiota,1 gram of freshly voided feces,59 grams feces,31 to 6 months,197,domesticus,,,,,,,
SRR5368797,OTHER,432,33890219,PRJNA237795,SAMN02645139,"MIMS.me,MIGS/MIMS/MIMARKS.host-associated",21474113,IOWA STATE UNIVERSITY,public,"fastq,run.zq,sra","gs,ncbi,s3","gs.us-east1,ncbi.public,s3.us-east-1",SRX2664053,USA,North America,"USA: Ames\, Iowa",42 days,feces,39,"TechStart 17-25 (Kent Feeds\, Muscatine\, IA)",Offspring of sow B,ambient,not fasted,grower pig,male,9825,454 GS FLX Titanium,42°02?05?N 93°37?12?W,197_2_feces_pg,SINGLE,other,OTHER,Sus scrofa domesticus,non-medicated,LS454,2017-04-03T00:00:00Z,2017-03-23T15:12:00Z,1,-20 degrees Celsius,197_2.sff,SRP038757,swine intestinal tract,2012-06-06,MIGS/MIMS/MIMARKS.host-associated,none,metagenome,swine,freshly voided feces,Antibiotic (carbadox) effects on the swine gut microbiota,1 gram of freshly voided feces,23 grams feces,1 to 6 months,197,domesticus,,,,,,,
SRR5368798,RNA-Seq,100,5245554200,PRJNA237795,SAMN02645139,"MIMS.me,MIGS/MIMS/MIMARKS.host-associated",3573850690,IOWA STATE UNIVERSITY,public,"fastq,run.zq,sra","gs,ncbi,s3","gs.us-east1,ncbi.public,s3.us-east-1",SRX2664054,USA,North America,"USA: Ames\, Iowa",42 days,feces,39,"TechStart 17-25 (Kent Feeds\, Muscatine\, IA)",Offspring of sow B,ambient,not fasted,grower pig,male,9825,Illumina HiSeq 2000,42°02?05?N 93°37?12?W,197_2_feces_mt,SINGLE,cDNA,METATRANSCRIPTOMIC,Sus scrofa domesticus,non-medicated,ILLUMINA,2017-04-03T00:00:00Z,2017-03-23T15:25:00Z,1,-20 degrees Celsius,197_2.sff,SRP038757,swine intestinal tract,2012-06-06,MIGS/MIMS/MIMARKS.host-associated,none,metagenome,swine,freshly voided feces,Antibiotic (carbadox) effects on the swine gut microbiota,1 gram of freshly voided feces,23 grams feces,1 to 6 months,197,domesticus,,,,,,,
SRR5368799,WGS,747,114436271,PRJNA237795,SAMN02645139,"MIMS.me,MIGS/MIMS/MIMARKS.host-associated",78990181,IOWA STATE UNIVERSITY,public,"fastq,run.zq,sra","gs,ncbi,s3","gs.us-east1,ncbi.public,s3.us-east-1",SRX2664055,USA,North America,"USA: Ames\, Iowa",42 days,feces,39,"TechStart 17-25 (Kent Feeds\, Muscatine\, IA)",Offspring of sow B,ambient,not fasted,grower pig,male,9825,454 GS FLX Titanium,42°02?05?N 93°37?12?W,197_2_feces_mg,SINGLE,RANDOM,METAGENOMIC,Sus scrofa domesticus,non-medicated,LS454,2017-04-03T00:00:00Z,2017-03-23T15:13:00Z,1,-20 degrees Celsius,197_2.sff,SRP038757,swine intestinal tract,2012-06-06,MIGS/MIMS/MIMARKS.host-associated,none,metagenome,swine,freshly voided feces,Antibiotic (carbadox) effects on the swine gut microbiota,1 gram of freshly voided feces,23 grams feces,1 to 6 months,197,domesticus,,,,,,,
SRR5368800,RNA-Seq,100,3403789400,PRJNA237795,SAMN02645137,"MIMS.me,MIGS/MIMS/MIMARKS.host-associated",2345283542,IOWA STATE UNIVERSITY,public,"fastq,run.zq,sra","gs,ncbi,s3","gs.us-east1,ncbi.public,s3.us-east-1",SRX2664056,USA,North America,"USA: Ames\, Iowa",41 days,feces,39,"TechStart 17-25\, Kent Feeds\, Muscatine\, IA",Offspring of sow B,ambient,not fasted,grower pig,male,9825,Illumina HiSeq 2000,42°02?05?N 93°37?12?W,197_1_feces_mt,SINGLE,cDNA,METATRANSCRIPTOMIC,Sus scrofa domesticus,non-medicated,ILLUMINA,2017-04-03T00:00:00Z,2017-03-23T15:21:00Z,1,-20 degrees Celsius,197_1.sff,SRP038757,swine intestinal tract,6/5/2012,MIGS/MIMS/MIMARKS.host-associated,none,metagenome,swine,freshly voided feces,Antibiotic (carbadox) effects on the swine gut microbiota,1 gram of freshly voided feces,11 grams feces,1 to 6 months,197,domesticus,,,,,,,
SRR5368801,WGS,761,126086166,PRJNA237795,SAMN02645137,"MIMS.me,MIGS/MIMS/MIMARKS.host-associated",86581578,IOWA STATE UNIVERSITY,public,"fastq,run.zq,sra","gs,ncbi,s3","gs.us-east1,ncbi.public,s3.us-east-1",SRX2664057,USA,North America,"USA: Ames\, Iowa",41 days,feces,39,"TechStart 17-25\, Kent Feeds\, Muscatine\, IA",Offspring of sow B,ambient,not fasted,grower pig,male,9825,454 GS FLX Titanium,42°02?05?N 93°37?12?W,197_1_feces_mg,SINGLE,RANDOM,METAGENOMIC,Sus scrofa domesticus,non-medicated,LS454,2017-04-03T00:00:00Z,2017-03-23T15:13:00Z,1,-20 degrees Celsius,197_1.sff,SRP038757,swine intestinal tract,6/5/2012,MIGS/MIMS/MIMARKS.host-associated,none,metagenome,swine,freshly voided feces,Antibiotic (carbadox) effects on the swine gut microbiota,1 gram of freshly voided feces,11 grams feces,1 to 6 months,197,domesticus,,,,,,,
SRR5368802,OTHER,450,14726444,PRJNA237795,SAMN02645132,"MIMS.me,MIGS/MIMS/MIMARKS.host-associated",9436929,IOWA STATE UNIVERSITY,public,"fastq,run.zq,sra","gs,ncbi,s3","gs.us-east1,ncbi.public,s3.us-east-1",SRX2664058,USA,North America,"USA: Ames\, Iowa",47 days,feces,39,"TechStart 17-25\, Kent Feeds\, Muscatine\, IA",Offspring of sow B,ambient,not fasted,grower pig,female,9825,454 GS FLX Titanium,42°02?05?N 93°37?12?W,196_7_feces_pg,SINGLE,other,OTHER,Sus scrofa domesticus,non-medicated,LS454,2017-04-03T00:00:00Z,2017-03-23T15:12:00Z,1,-20 degrees Celsius,196_7.sff,SRP038757,swine intestinal tract,6/11/2012,MIGS/MIMS/MIMARKS.host-associated,none,metagenome,swine,freshly voided feces,Antibiotic (carbadox) effects on the swine gut microbiota,1 gram of freshly voided feces,70 grams feces,42 to 6 months,196,domesticus,,,,,,,
SRR5368803,RNA-Seq,100,3974439700,PRJNA237795,SAMN02645132,"MIMS.me,MIGS/MIMS/MIMARKS.host-associated",2760701575,IOWA STATE UNIVERSITY,public,"fastq,run.zq,sra","gs,ncbi,s3","gs.us-east1,ncbi.public,s3.us-east-1",SRX2664059,USA,North America,"USA: Ames\, Iowa",47 days,feces,39,"TechStart 17-25\, Kent Feeds\, Muscatine\, IA",Offspring of sow B,ambient,not fasted,grower pig,female,9825,Illumina HiSeq 2000,42°02?05?N 93°37?12?W,196_7_feces_mt,SINGLE,cDNA,METATRANSCRIPTOMIC,Sus scrofa domesticus,non-medicated,ILLUMINA,2017-04-03T00:00:00Z,2017-03-23T15:25:00Z,1,-20 degrees Celsius,196_7.sff,SRP038757,swine intestinal tract,6/11/2012,MIGS/MIMS/MIMARKS.host-associated,none,metagenome,swine,freshly voided feces,Antibiotic (carbadox) effects on the swine gut microbiota,1 gram of freshly voided feces,70 grams feces,42 to 6 months,196,domesticus,,,,,,,
SRR5368804,WGS,753,132727690,PRJNA237795,SAMN02645132,"MIMS.me,MIGS/MIMS/MIMARKS.host-associated",93635403,IOWA STATE UNIVERSITY,public,"fastq,run.zq,sra","gs,ncbi,s3","gs.us-east1,ncbi.public,s3.us-east-1",SRX2664060,USA,North America,"USA: Ames\, Iowa",47 days,feces,39,"TechStart 17-25\, Kent Feeds\, Muscatine\, IA",Offspring of sow B,ambient,not fasted,grower pig,female,9825,454 GS FLX Titanium,42°02?05?N 93°37?12?W,196_7_feces_mg,SINGLE,RANDOM,METAGENOMIC,Sus scrofa domesticus,non-medicated,LS454,2017-04-03T00:00:00Z,2017-03-23T15:13:00Z,1,-20 degrees Celsius,196_7.sff,SRP038757,swine intestinal tract,6/11/2012,MIGS/MIMS/MIMARKS.host-associated,none,metagenome,swine,freshly voided feces,Antibiotic (carbadox) effects on the swine gut microbiota,1 gram of freshly voided feces,70 grams feces,42 to 6 months,196,domesticus,,,,,,,
SRR5368805,OTHER,442,28940909,PRJNA237795,SAMN02645131,"MIMS.me,MIGS/MIMS/MIMARKS.host-associated",17682912,IOWA STATE UNIVERSITY,public,"fastq,run.zq,sra","gs,ncbi,s3","gs.us-east1,ncbi.public,s3.us-east-1",SRX2664061,USA,North America,"USA: Ames\, Iowa",35 days,feces,39,"TechStart 17-25\, Kent Feeds\, Muscatine\, IA",Offspring of sow B,ambient,not fasted,grower pig,female,9825,454 GS FLX Titanium,42°02?05?N 93°37?12?W,196_5_feces_pg,SINGLE,other,OTHER,Sus scrofa domesticus,non-medicated,LS454,2017-04-03T00:00:00Z,2017-03-23T15:12:00Z,1,-20 degrees Celsius,196_5.sff,SRP038757,swine intestinal tract,2012-05-30,MIGS/MIMS/MIMARKS.host-associated,none,metagenome,swine,freshly voided feces,Antibiotic (carbadox) effects on the swine gut microbiota,1 gram of freshly voided feces,58 grams feces,30 to 6 months,196,domesticus,,,,,,,
SRR5368806,RNA-Seq,100,2349784200,PRJNA237795,SAMN02645131,"MIMS.me,MIGS/MIMS/MIMARKS.host-associated",1621250065,IOWA STATE UNIVERSITY,public,"fastq,run.zq,sra","gs,ncbi,s3","gs.us-east1,ncbi.public,s3.us-east-1",SRX2664062,USA,North America,"USA: Ames\, Iowa",35 days,feces,39,"TechStart 17-25\, Kent Feeds\, Muscatine\, IA",Offspring of sow B,ambient,not fasted,grower pig,female,9825,Illumina HiSeq 2000,42°02?05?N 93°37?12?W,196_5_feces_mt,SINGLE,cDNA,METATRANSCRIPTOMIC,Sus scrofa domesticus,non-medicated,ILLUMINA,2017-04-03T00:00:00Z,2017-03-23T15:18:00Z,1,-20 degrees Celsius,196_5.sff,SRP038757,swine intestinal tract,2012-05-30,MIGS/MIMS/MIMARKS.host-associated,none,metagenome,swine,freshly voided feces,Antibiotic (carbadox) effects on the swine gut microbiota,1 gram of freshly voided feces,58 grams feces,30 to 6 months,196,domesticus,,,,,,,
SRR5368807,WGS,743,129772037,PRJNA237795,SAMN02645131,"MIMS.me,MIGS/MIMS/MIMARKS.host-associated",90326237,IOWA STATE UNIVERSITY,public,"fastq,run.zq,sra","gs,ncbi,s3","gs.us-east1,ncbi.public,s3.us-east-1",SRX2664063,USA,North America,"USA: Ames\, Iowa",35 days,feces,39,"TechStart 17-25\, Kent Feeds\, Muscatine\, IA",Offspring of sow B,ambient,not fasted,grower pig,female,9825,454 GS FLX Titanium,42°02?05?N 93°37?12?W,196_5_feces_mg,SINGLE,RANDOM,METAGENOMIC,Sus scrofa domesticus,non-medicated,LS454,2017-04-03T00:00:00Z,2017-03-23T15:13:00Z,1,-20 degrees Celsius,196_5.sff,SRP038757,swine intestinal tract,2012-05-30,MIGS/MIMS/MIMARKS.host-associated,none,metagenome,swine,freshly voided feces,Antibiotic (carbadox) effects on the swine gut microbiota,1 gram of freshly voided feces,58 grams feces,30 to 6 months,196,domesticus,,,,,,,
SRR5368808,OTHER,433,25155623,PRJNA237795,SAMN02645127,"MIMS.me,MIGS/MIMS/MIMARKS.host-associated",15853257,IOWA STATE UNIVERSITY,public,"fastq,run.zq,sra","gs,ncbi,s3","gs.us-east1,ncbi.public,s3.us-east-1",SRX2664064,USA,North America,"USA: Ames\, Iowa",42 days,feces,39,"TechStart 17-25 (Kent Feeds\, Muscatine\, IA)",Offspring of sow B,ambient,not fasted,grower pig,female,9825,454 GS FLX Titanium,42°02?05?N 93°37?12?W,196_2_feces_pg,SINGLE,other,OTHER,Sus scrofa domesticus,non-medicated,LS454,2017-04-03T00:00:00Z,2017-03-23T15:12:00Z,1,-20 degrees Celsius,196_2.sff,SRP038757,swine intestinal tract,2012-06-06,MIGS/MIMS/MIMARKS.host-associated,none,metagenome,swine,freshly voided feces,Antibiotic (carbadox) effects on the swine gut microbiota,1 gram of freshly voided feces,22 grams feces,1 to 6 months,196,domesticus,,,,,,,
SRR5368809,RNA-Seq,99,5458138488,PRJNA237795,SAMN02645127,"MIMS.me,MIGS/MIMS/MIMARKS.host-associated",3603013004,IOWA STATE UNIVERSITY,public,"fastq,run.zq,sra","gs,ncbi,s3","gs.us-east1,ncbi.public,s3.us-east-1",SRX2664065,USA,North America,"USA: Ames\, Iowa",42 days,feces,39,"TechStart 17-25 (Kent Feeds\, Muscatine\, IA)",Offspring of sow B,ambient,not fasted,grower pig,female,9825,Illumina HiSeq 2000,42°02?05?N 93°37?12?W,196_2_feces_mt,SINGLE,cDNA,METATRANSCRIPTOMIC,Sus scrofa domesticus,non-medicated,ILLUMINA,2017-04-03T00:00:00Z,2017-03-23T15:40:00Z,1,-20 degrees Celsius,196_2.sff,SRP038757,swine intestinal tract,2012-06-06,MIGS/MIMS/MIMARKS.host-associated,none,metagenome,swine,freshly voided feces,Antibiotic (carbadox) effects on the swine gut microbiota,1 gram of freshly voided feces,22 grams feces,1 to 6 months,196,domesticus,,,,,,,
SRR5368810,WGS,760,113986719,PRJNA237795,SAMN02645127,"MIMS.me,MIGS/MIMS/MIMARKS.host-associated",78477501,IOWA STATE UNIVERSITY,public,"fastq,run.zq,sra","gs,ncbi,s3","gs.us-east1,ncbi.public,s3.us-east-1",SRX2664066,USA,North America,"USA: Ames\, Iowa",42 days,feces,39,"TechStart 17-25 (Kent Feeds\, Muscatine\, IA)",Offspring of sow B,ambient,not fasted,grower pig,female,9825,454 GS FLX Titanium,42°02?05?N 93°37?12?W,196_2_feces_mg,SINGLE,RANDOM,METAGENOMIC,Sus scrofa domesticus,non-medicated,LS454,2017-04-03T00:00:00Z,2017-03-23T15:15:00Z,1,-20 degrees Celsius,196_2.sff,SRP038757,swine intestinal tract,2012-06-06,MIGS/MIMS/MIMARKS.host-associated,none,metagenome,swine,freshly voided feces,Antibiotic (carbadox) effects on the swine gut microbiota,1 gram of freshly voided feces,22 grams feces,1 to 6 months,196,domesticus,,,,,,,
SRR5368811,RNA-Seq,99,4480293411,PRJNA237795,SAMN02645125,"MIMS.me,MIGS/MIMS/MIMARKS.host-associated",3094311378,IOWA STATE UNIVERSITY,public,"fastq,run.zq,sra","gs,ncbi,s3","gs.us-east1,ncbi.public,s3.us-east-1",SRX2664067,USA,North America,"USA: Ames\, Iowa",41 days,feces,39,"TechStart 17-25\, Kent Feeds\, Muscatine\, IA",Offspring of sow B,ambient,not fasted,grower pig,female,9825,Illumina HiSeq 2000,42°02?05?N 93°37?12?W,196_1_feces_mt,SINGLE,cDNA,METATRANSCRIPTOMIC,Sus scrofa domesticus,non-medicated,ILLUMINA,2017-04-03T00:00:00Z,2017-03-23T15:28:00Z,1,-20 degrees Celsius,196_1.sff,SRP038757,swine intestinal tract,6/5/2012,MIGS/MIMS/MIMARKS.host-associated,none,metagenome,swine,freshly voided feces,Antibiotic (carbadox) effects on the swine gut microbiota,1 gram of freshly voided feces,10 grams feces,1 to 6 months,196,domesticus,,,,,,,
SRR5368812,WGS,770,140698919,PRJNA237795,SAMN02645125,"MIMS.me,MIGS/MIMS/MIMARKS.host-associated",95597000,IOWA STATE UNIVERSITY,public,"fastq,run.zq,sra","gs,ncbi,s3","gs.us-east1,ncbi.public,s3.us-east-1",SRX2664068,USA,North America,"USA: Ames\, Iowa",41 days,feces,39,"TechStart 17-25\, Kent Feeds\, Muscatine\, IA",Offspring of sow B,ambient,not fasted,grower pig,female,9825,454 GS FLX Titanium,42°02?05?N 93°37?12?W,196_1_feces_mg,SINGLE,RANDOM,METAGENOMIC,Sus scrofa domesticus,non-medicated,LS454,2017-04-03T00:00:00Z,2017-03-23T15:15:00Z,1,-20 degrees Celsius,196_1.sff,SRP038757,swine intestinal tract,6/5/2012,MIGS/MIMS/MIMARKS.host-associated,none,metagenome,swine,freshly voided feces,Antibiotic (carbadox) effects on the swine gut microbiota,1 gram of freshly voided feces,10 grams feces,1 to 6 months,196,domesticus,,,,,,,
SRR5368813,OTHER,445,41756116,PRJNA237795,SAMN02645120,"MIMS.me,MIGS/MIMS/MIMARKS.host-associated",26289819,IOWA STATE UNIVERSITY,public,"fastq,run.zq,sra","gs,ncbi,s3","gs.us-east1,ncbi.public,s3.us-east-1",SRX2664069,USA,North America,"USA: Ames\, Iowa",47 days,feces,39,"TechStart 17-25\, Kent Feeds\, Muscatine\, IA",Offspring of sow B,ambient,not fasted,grower pig,female,9825,454 GS FLX Titanium,42°02?05?N 93°37?12?W,195_7_feces_pg,SINGLE,other,OTHER,Sus scrofa domesticus,medicated,LS454,2017-04-03T00:00:00Z,2017-03-23T15:12:00Z,1,-20 degrees Celsius,195_7.sff,SRP038757,swine intestinal tract,6/11/2012,MIGS/MIMS/MIMARKS.host-associated,none,metagenome,swine,freshly voided feces,Antibiotic (carbadox) effects on the swine gut microbiota,1 gram of freshly voided feces,64 grams feces,36 to 6 months,195,domesticus,,,,,,,
SRR5368814,RNA-Seq,99,2423014803,PRJNA237795,SAMN02645120,"MIMS.me,MIGS/MIMS/MIMARKS.host-associated",1617886083,IOWA STATE UNIVERSITY,public,"fastq,run.zq,sra","gs,ncbi,s3","gs.us-east1,ncbi.public,s3.us-east-1",SRX2664070,USA,North America,"USA: Ames\, Iowa",47 days,feces,39,"TechStart 17-25\, Kent Feeds\, Muscatine\, IA",Offspring of sow B,ambient,not fasted,grower pig,female,9825,Illumina HiSeq 2000,42°02?05?N 93°37?12?W,195_7_feces_mt,SINGLE,cDNA,METATRANSCRIPTOMIC,Sus scrofa domesticus,medicated,ILLUMINA,2017-04-03T00:00:00Z,2017-03-23T15:19:00Z,1,-20 degrees Celsius,195_7.sff,SRP038757,swine intestinal tract,6/11/2012,MIGS/MIMS/MIMARKS.host-associated,none,metagenome,swine,freshly voided feces,Antibiotic (carbadox) effects on the swine gut microbiota,1 gram of freshly voided feces,64 grams feces,36 to 6 months,195,domesticus,,,,,,,
SRR5368815,WGS,747,96099228,PRJNA237795,SAMN02645120,"MIMS.me,MIGS/MIMS/MIMARKS.host-associated",68059270,IOWA STATE UNIVERSITY,public,"fastq,run.zq,sra","gs,ncbi,s3","gs.us-east1,ncbi.public,s3.us-east-1",SRX2664071,USA,North America,"USA: Ames\, Iowa",47 days,feces,39,"TechStart 17-25\, Kent Feeds\, Muscatine\, IA",Offspring of sow B,ambient,not fasted,grower pig,female,9825,454 GS FLX Titanium,42°02?05?N 93°37?12?W,195_7_feces_mg,SINGLE,RANDOM,METAGENOMIC,Sus scrofa domesticus,medicated,LS454,2017-04-03T00:00:00Z,2017-03-23T15:13:00Z,1,-20 degrees Celsius,195_7.sff,SRP038757,swine intestinal tract,6/11/2012,MIGS/MIMS/MIMARKS.host-associated,none,metagenome,swine,freshly voided feces,Antibiotic (carbadox) effects on the swine gut microbiota,1 gram of freshly voided feces,64 grams feces,36 to 6 months,195,domesticus,,,,,,,
SRR5368816,OTHER,434,30803325,PRJNA237795,SAMN02645119,"MIMS.me,MIGS/MIMS/MIMARKS.host-associated",19648414,IOWA STATE UNIVERSITY,public,"fastq,run.zq,sra","gs,ncbi,s3","gs.us-east1,ncbi.public,s3.us-east-1",SRX2664072,USA,North America,"USA: Ames\, Iowa",35 days,feces,39,"TechStart 17-25\, Kent Feeds\, Muscatine\, IA",Offspring of sow B,ambient,not fasted,grower pig,female,9825,454 GS FLX Titanium,42°02?05?N 93°37?12?W,195_5_feces_pg,SINGLE,other,OTHER,Sus scrofa domesticus,medicated,LS454,2017-04-03T00:00:00Z,2017-03-23T15:13:00Z,1,-20 degrees Celsius,195_5.sff,SRP038757,swine intestinal tract,2012-05-30,MIGS/MIMS/MIMARKS.host-associated,none,metagenome,swine,freshly voided feces,Antibiotic (carbadox) effects on the swine gut microbiota,1 gram of freshly voided feces,52 grams feces,24 to 6 months,195,domesticus,,,,,,,
SRR5368817,RNA-Seq,101,5468130001,PRJNA237795,SAMN02645119,"MIMS.me,MIGS/MIMS/MIMARKS.host-associated",3141539157,IOWA STATE UNIVERSITY,public,"fastq,run.zq,sra","gs,ncbi,s3","gs.us-east1,ncbi.public,s3.us-east-1",SRX2664073,USA,North America,"USA: Ames\, Iowa",35 days,feces,39,"TechStart 17-25\, Kent Feeds\, Muscatine\, IA",Offspring of sow B,ambient,not fasted,grower pig,female,9825,Illumina HiSeq 2000,42°02?05?N 93°37?12?W,195_5_feces_mt,SINGLE,cDNA,METATRANSCRIPTOMIC,Sus scrofa domesticus,medicated,ILLUMINA,2017-04-03T00:00:00Z,2017-03-23T15:27:00Z,1,-20 degrees Celsius,195_5.sff,SRP038757,swine intestinal tract,2012-05-30,MIGS/MIMS/MIMARKS.host-associated,none,metagenome,swine,freshly voided feces,Antibiotic (carbadox) effects on the swine gut microbiota,1 gram of freshly voided feces,52 grams feces,24 to 6 months,195,domesticus,,,,,,,
SRR5368818,WGS,738,97330068,PRJNA237795,SAMN02645119,"MIMS.me,MIGS/MIMS/MIMARKS.host-associated",67970002,IOWA STATE UNIVERSITY,public,"fastq,run.zq,sra","gs,ncbi,s3","gs.us-east1,ncbi.public,s3.us-east-1",SRX2664074,USA,North America,"USA: Ames\, Iowa",35 days,feces,39,"TechStart 17-25\, Kent Feeds\, Muscatine\, IA",Offspring of sow B,ambient,not fasted,grower pig,female,9825,454 GS FLX Titanium,42°02?05?N 93°37?12?W,195_5_feces_mg,SINGLE,RANDOM,METAGENOMIC,Sus scrofa domesticus,medicated,LS454,2017-04-03T00:00:00Z,2017-03-23T15:13:00Z,1,-20 degrees Celsius,195_5.sff,SRP038757,swine intestinal tract,2012-05-30,MIGS/MIMS/MIMARKS.host-associated,none,metagenome,swine,freshly voided feces,Antibiotic (carbadox) effects on the swine gut microbiota,1 gram of freshly voided feces,52 grams feces,24 to 6 months,195,domesticus,,,,,,,
SRR5368819,OTHER,445,52998551,PRJNA237795,SAMN02645116,"MIMS.me,MIGS/MIMS/MIMARKS.host-associated",33519817,IOWA STATE UNIVERSITY,public,"fastq,run.zq,sra","gs,ncbi,s3","gs.us-east1,ncbi.public,s3.us-east-1",SRX2664075,USA,North America,"USA: Ames\, Iowa",61 days,feces,39,"TechStart 17-25\, Kent Feeds\, Muscatine\, IA",Offspring of sow B,ambient,not fasted,grower pig,female,9825,454 GS FLX Titanium,42°02?05?N 93°37?12?W,195_21_feces_pg,SINGLE,other,OTHER,Sus scrofa domesticus,medicated,LS454,2017-04-03T00:00:00Z,2017-03-23T15:13:00Z,1,-20 degrees Celsius,195_21.sff,SRP038757,swine intestinal tract,2012-06-25,MIGS/MIMS/MIMARKS.host-associated,none,metagenome,swine,freshly voided feces,Antibiotic (carbadox) effects on the swine gut microbiota,1 gram of freshly voided feces,88 grams feces,60 to 6 months,195,domesticus,,,,,,,
SRR5368820,OTHER,438,24169938,PRJNA237795,SAMN02645115,"MIMS.me,MIGS/MIMS/MIMARKS.host-associated",15204004,IOWA STATE UNIVERSITY,public,"fastq,run.zq,sra","gs,ncbi,s3","gs.us-east1,ncbi.public,s3.us-east-1",SRX2664076,USA,North America,"USA: Ames\, Iowa",42 days,feces,39,"TechStart 17-25\, Kent Feeds\, Muscatine\, IA",Offspring of sow B,ambient,not fasted,grower pig,female,9825,454 GS FLX Titanium,42°02?05?N 93°37?12?W,195_2_feces_pg,SINGLE,other,OTHER,Sus scrofa domesticus,medicated,LS454,2017-04-03T00:00:00Z,2017-03-23T15:13:00Z,1,-20 degrees Celsius,195_2.sff,SRP038757,swine intestinal tract,2012-06-06,MIGS/MIMS/MIMARKS.host-associated,none,metagenome,swine,freshly voided feces,Antibiotic (carbadox) effects on the swine gut microbiota,1 gram of freshly voided feces,16 grams feces,1 to 6 months,195,domesticus,,,,,,,
SRR5368821,RNA-Seq,100,4908355000,PRJNA237795,SAMN02645115,"MIMS.me,MIGS/MIMS/MIMARKS.host-associated",3246652216,IOWA STATE UNIVERSITY,public,"fastq,run.zq,sra","gs,ncbi,s3","gs.us-east1,ncbi.public,s3.us-east-1",SRX2664077,USA,North America,"USA: Ames\, Iowa",42 days,feces,39,"TechStart 17-25\, Kent Feeds\, Muscatine\, IA",Offspring of sow B,ambient,not fasted,grower pig,female,9825,Illumina HiSeq 2000,42°02?05?N 93°37?12?W,195_2_feces_mt,SINGLE,cDNA,METATRANSCRIPTOMIC,Sus scrofa domesticus,medicated,ILLUMINA,2017-04-03T00:00:00Z,2017-03-23T15:29:00Z,1,-20 degrees Celsius,195_2.sff,SRP038757,swine intestinal tract,2012-06-06,MIGS/MIMS/MIMARKS.host-associated,none,metagenome,swine,freshly voided feces,Antibiotic (carbadox) effects on the swine gut microbiota,1 gram of freshly voided feces,16 grams feces,1 to 6 months,195,domesticus,,,,,,,
SRR5368822,WGS,757,111711207,PRJNA237795,SAMN02645115,"MIMS.me,MIGS/MIMS/MIMARKS.host-associated",76982618,IOWA STATE UNIVERSITY,public,"fastq,run.zq,sra","gs,ncbi,s3","gs.us-east1,ncbi.public,s3.us-east-1",SRX2664078,USA,North America,"USA: Ames\, Iowa",42 days,feces,39,"TechStart 17-25\, Kent Feeds\, Muscatine\, IA",Offspring of sow B,ambient,not fasted,grower pig,female,9825,454 GS FLX Titanium,42°02?05?N 93°37?12?W,195_2_feces_mg,SINGLE,RANDOM,METAGENOMIC,Sus scrofa domesticus,medicated,LS454,2017-04-03T00:00:00Z,2017-03-23T15:13:00Z,1,-20 degrees Celsius,195_2.sff,SRP038757,swine intestinal tract,2012-06-06,MIGS/MIMS/MIMARKS.host-associated,none,metagenome,swine,freshly voided feces,Antibiotic (carbadox) effects on the swine gut microbiota,1 gram of freshly voided feces,16 grams feces,1 to 6 months,195,domesticus,,,,,,,
SRR5368823,RNA-Seq,100,3579308300,PRJNA237795,SAMN02645113,"MIMS.me,MIGS/MIMS/MIMARKS.host-associated",2483341267,IOWA STATE UNIVERSITY,public,"fastq,run.zq,sra","gs,ncbi,s3","gs.us-east1,ncbi.public,s3.us-east-1",SRX2664079,USA,North America,"USA: Ames\, Iowa",41 days,feces,39,"TechStart 17-25 (Kent Feeds\, Muscatine\, IA)",Offspring of sow B,ambient,not fasted,grower pig,female,9825,Illumina HiSeq 2000,42°02?05?N 93°37?12?W,195_1_feces_mt,SINGLE,cDNA,METATRANSCRIPTOMIC,Sus scrofa domesticus,medicated,ILLUMINA,2017-04-03T00:00:00Z,2017-03-23T15:22:00Z,1,-20 degrees Celsius,195_1.sff,SRP038757,swine intestinal tract,6/5/2012,MIGS/MIMS/MIMARKS.host-associated,none,metagenome,swine,freshly voided feces,Antibiotic (carbadox) effects on the swine gut microbiota,1 gram of freshly voided feces,5 grams feces,1 to 6 months,195,domesticus,,,,,,,
SRR5368824,WGS,763,109551134,PRJNA237795,SAMN02645113,"MIMS.me,MIGS/MIMS/MIMARKS.host-associated",74214767,IOWA STATE UNIVERSITY,public,"fastq,run.zq,sra","gs,ncbi,s3","gs.us-east1,ncbi.public,s3.us-east-1",SRX2664080,USA,North America,"USA: Ames\, Iowa",41 days,feces,39,"TechStart 17-25 (Kent Feeds\, Muscatine\, IA)",Offspring of sow B,ambient,not fasted,grower pig,female,9825,454 GS FLX Titanium,42°02?05?N 93°37?12?W,195_1_feces_mg,SINGLE,RANDOM,METAGENOMIC,Sus scrofa domesticus,medicated,LS454,2017-04-03T00:00:00Z,2017-03-23T15:13:00Z,1,-20 degrees Celsius,195_1.sff,SRP038757,swine intestinal tract,6/5/2012,MIGS/MIMS/MIMARKS.host-associated,none,metagenome,swine,freshly voided feces,Antibiotic (carbadox) effects on the swine gut microbiota,1 gram of freshly voided feces,5 grams feces,1 to 6 months,195,domesticus,,,,,,,
SRR5368825,OTHER,443,20662174,PRJNA237795,SAMN02645108,"MIMS.me,MIGS/MIMS/MIMARKS.host-associated",13286823,IOWA STATE UNIVERSITY,public,"fastq,run.zq,sra","gs,ncbi,s3","gs.us-east1,ncbi.public,s3.us-east-1",SRX2664081,USA,North America,"USA: Ames\, Iowa",47 days,feces,39,"TechStart 17-25\, Kent Feeds\, Muscatine\, IA",Offspring of sow B,ambient,not fasted,grower pig,male,9825,454 GS FLX Titanium,42°02?05?N 93°37?12?W,194_7_feces_pg,SINGLE,other,OTHER,Sus scrofa domesticus,medicated,LS454,2017-04-03T00:00:00Z,2017-03-23T15:13:00Z,1,-20 degrees Celsius,194_7.sff,SRP038757,swine intestinal tract,6/11/2012,MIGS/MIMS/MIMARKS.host-associated,none,metagenome,swine,freshly voided feces,Antibiotic (carbadox) effects on the swine gut microbiota,1 gram of freshly voided feces,63 grams feces,35 to 6 months,194,domesticus,,,,,,,
SRR5368826,RNA-Seq,99,8861959953,PRJNA237795,SAMN02645108,"MIMS.me,MIGS/MIMS/MIMARKS.host-associated",6081754077,IOWA STATE UNIVERSITY,public,"fastq,run.zq,sra","gs,ncbi,s3","gs.us-east1,ncbi.public,s3.us-east-1",SRX2664082,USA,North America,"USA: Ames\, Iowa",47 days,feces,39,"TechStart 17-25\, Kent Feeds\, Muscatine\, IA",Offspring of sow B,ambient,not fasted,grower pig,male,9825,Illumina HiSeq 2000,42°02?05?N 93°37?12?W,194_7_feces_mt,SINGLE,cDNA,METATRANSCRIPTOMIC,Sus scrofa domesticus,medicated,ILLUMINA,2017-04-03T00:00:00Z,2017-03-23T15:42:00Z,1,-20 degrees Celsius,194_7.sff,SRP038757,swine intestinal tract,6/11/2012,MIGS/MIMS/MIMARKS.host-associated,none,metagenome,swine,freshly voided feces,Antibiotic (carbadox) effects on the swine gut microbiota,1 gram of freshly voided feces,63 grams feces,35 to 6 months,194,domesticus,,,,,,,
SRR5368827,WGS,744,55325381,PRJNA237795,SAMN02645108,"MIMS.me,MIGS/MIMS/MIMARKS.host-associated",39214931,IOWA STATE UNIVERSITY,public,"fastq,run.zq,sra","gs,ncbi,s3","gs.us-east1,ncbi.public,s3.us-east-1",SRX2664083,USA,North America,"USA: Ames\, Iowa",47 days,feces,39,"TechStart 17-25\, Kent Feeds\, Muscatine\, IA",Offspring of sow B,ambient,not fasted,grower pig,male,9825,454 GS FLX Titanium,42°02?05?N 93°37?12?W,194_7_feces_mg,SINGLE,RANDOM,METAGENOMIC,Sus scrofa domesticus,medicated,LS454,2017-04-03T00:00:00Z,2017-03-23T15:15:00Z,1,-20 degrees Celsius,194_7.sff,SRP038757,swine intestinal tract,6/11/2012,MIGS/MIMS/MIMARKS.host-associated,none,metagenome,swine,freshly voided feces,Antibiotic (carbadox) effects on the swine gut microbiota,1 gram of freshly voided feces,63 grams feces,35 to 6 months,194,domesticus,,,,,,,
SRR5368828,OTHER,434,47530512,PRJNA237795,SAMN02645107,"MIMS.me,MIGS/MIMS/MIMARKS.host-associated",29790148,IOWA STATE UNIVERSITY,public,"fastq,run.zq,sra","gs,ncbi,s3","gs.us-east1,ncbi.public,s3.us-east-1",SRX2664084,USA,North America,"USA: Ames\, Iowa",35 days,feces,39,"TechStart 17-25\, Kent Feeds\, Muscatine\, IA",Offspring of sow B,ambient,not fasted,grower pig,male,9825,454 GS FLX Titanium,42°02?05?N 93°37?12?W,194_5_feces_pg,SINGLE,other,OTHER,Sus scrofa domesticus,medicated,LS454,2017-04-03T00:00:00Z,2017-03-23T15:14:00Z,1,-20 degrees Celsius,194_5.sff,SRP038757,swine intestinal tract,2012-05-30,MIGS/MIMS/MIMARKS.host-associated,none,metagenome,swine,freshly voided feces,Antibiotic (carbadox) effects on the swine gut microbiota,1 gram of freshly voided feces,51 grams feces,23 to 6 months,194,domesticus,,,,,,,
SRR5368829,RNA-Seq,100,3571050300,PRJNA237795,SAMN02645107,"MIMS.me,MIGS/MIMS/MIMARKS.host-associated",2243765100,IOWA STATE UNIVERSITY,public,"fastq,run.zq,sra","gs,ncbi,s3","gs.us-east1,ncbi.public,s3.us-east-1",SRX2664085,USA,North America,"USA: Ames\, Iowa",35 days,feces,39,"TechStart 17-25\, Kent Feeds\, Muscatine\, IA",Offspring of sow B,ambient,not fasted,grower pig,male,9825,Illumina HiSeq 2000,42°02?05?N 93°37?12?W,194_5_feces_mt,SINGLE,cDNA,METATRANSCRIPTOMIC,Sus scrofa domesticus,medicated,ILLUMINA,2017-04-03T00:00:00Z,2017-03-23T15:21:00Z,1,-20 degrees Celsius,194_5.sff,SRP038757,swine intestinal tract,2012-05-30,MIGS/MIMS/MIMARKS.host-associated,none,metagenome,swine,freshly voided feces,Antibiotic (carbadox) effects on the swine gut microbiota,1 gram of freshly voided feces,51 grams feces,23 to 6 months,194,domesticus,,,,,,,
SRR5368830,WGS,735,81046249,PRJNA237795,SAMN02645107,"MIMS.me,MIGS/MIMS/MIMARKS.host-associated",56560454,IOWA STATE UNIVERSITY,public,"fastq,run.zq,sra","gs,ncbi,s3","gs.us-east1,ncbi.public,s3.us-east-1",SRX2664086,USA,North America,"USA: Ames\, Iowa",35 days,feces,39,"TechStart 17-25\, Kent Feeds\, Muscatine\, IA",Offspring of sow B,ambient,not fasted,grower pig,male,9825,454 GS FLX Titanium,42°02?05?N 93°37?12?W,194_5_feces_mg,SINGLE,RANDOM,METAGENOMIC,Sus scrofa domesticus,medicated,LS454,2017-04-03T00:00:00Z,2017-03-24T13:17:00Z,1,-20 degrees Celsius,194_5.sff,SRP038757,swine intestinal tract,2012-05-30,MIGS/MIMS/MIMARKS.host-associated,none,metagenome,swine,freshly voided feces,Antibiotic (carbadox) effects on the swine gut microbiota,1 gram of freshly voided feces,51 grams feces,23 to 6 months,194,domesticus,,,,,,,
SRR5368831,OTHER,447,35917142,PRJNA237795,SAMN02645104,"MIMS.me,MIGS/MIMS/MIMARKS.host-associated",22354801,IOWA STATE UNIVERSITY,public,"fastq,run.zq,sra","gs,ncbi,s3","gs.us-east1,ncbi.public,s3.us-east-1",SRX2664087,USA,North America,"USA: Ames\, Iowa",61 days,feces,39,"TechStart 17-25\, Kent Feeds\, Muscatine\, IA",Offspring of sow B,ambient,not fasted,grower pig,male,9825,454 GS FLX Titanium,42°02?05?N 93°37?12?W,194_21_feces_pg,SINGLE,other,OTHER,Sus scrofa domesticus,medicated,LS454,2017-04-03T00:00:00Z,2017-03-23T15:13:00Z,1,-20 degrees Celsius,194_21.sff,SRP038757,swine intestinal tract,2012-06-25,MIGS/MIMS/MIMARKS.host-associated,none,metagenome,swine,freshly voided feces,Antibiotic (carbadox) effects on the swine gut microbiota,1 gram of freshly voided feces,87 grams feces,59 to 6 months,194,domesticus,,,,,,,
SRR5368832,OTHER,440,30657155,PRJNA237795,SAMN02645103,"MIMS.me,MIGS/MIMS/MIMARKS.host-associated",18894233,IOWA STATE UNIVERSITY,public,"fastq,run.zq,sra","gs,ncbi,s3","gs.us-east1,ncbi.public,s3.us-east-1",SRX2664088,USA,North America,"USA: Ames\, Iowa",42 days,feces,39,"TechStart 17-25\, Kent Feeds\, Muscatine\, IA",Offspring of sow B,ambient,not fasted,grower pig,male,9825,454 GS FLX Titanium,42°02?05?N 93°37?12?W,194_2_feces_pg,SINGLE,other,OTHER,Sus scrofa domesticus,medicated,LS454,2017-04-03T00:00:00Z,2017-03-23T15:13:00Z,1,-20 degrees Celsius,194_2.sff,SRP038757,swine intestinal tract,2012-06-06,MIGS/MIMS/MIMARKS.host-associated,none,metagenome,swine,freshly voided feces,Antibiotic (carbadox) effects on the swine gut microbiota,1 gram of freshly voided feces,15 grams feces,1 to 6 months,194,domesticus,,,,,,,
SRR5368833,RNA-Seq,99,5113050030,PRJNA237795,SAMN02645103,"MIMS.me,MIGS/MIMS/MIMARKS.host-associated",3500825807,IOWA STATE UNIVERSITY,public,"fastq,run.zq,sra","gs,ncbi,s3","gs.us-east1,ncbi.public,s3.us-east-1",SRX2664089,USA,North America,"USA: Ames\, Iowa",42 days,feces,39,"TechStart 17-25\, Kent Feeds\, Muscatine\, IA",Offspring of sow B,ambient,not fasted,grower pig,male,9825,Illumina HiSeq 2000,42°02?05?N 93°37?12?W,194_2_feces_mt,SINGLE,cDNA,METATRANSCRIPTOMIC,Sus scrofa domesticus,medicated,ILLUMINA,2017-04-03T00:00:00Z,2017-03-23T15:32:00Z,1,-20 degrees Celsius,194_2.sff,SRP038757,swine intestinal tract,2012-06-06,MIGS/MIMS/MIMARKS.host-associated,none,metagenome,swine,freshly voided feces,Antibiotic (carbadox) effects on the swine gut microbiota,1 gram of freshly voided feces,15 grams feces,1 to 6 months,194,domesticus,,,,,,,
SRR5368834,WGS,756,132985919,PRJNA237795,SAMN02645103,"MIMS.me,MIGS/MIMS/MIMARKS.host-associated",91762309,IOWA STATE UNIVERSITY,public,"fastq,run.zq,sra","gs,ncbi,s3","gs.us-east1,ncbi.public,s3.us-east-1",SRX2664090,USA,North America,"USA: Ames\, Iowa",42 days,feces,39,"TechStart 17-25\, Kent Feeds\, Muscatine\, IA",Offspring of sow B,ambient,not fasted,grower pig,male,9825,454 GS FLX Titanium,42°02?05?N 93°37?12?W,194_2_feces_mg,SINGLE,RANDOM,METAGENOMIC,Sus scrofa domesticus,medicated,LS454,2017-04-03T00:00:00Z,2017-03-23T15:13:00Z,1,-20 degrees Celsius,194_2.sff,SRP038757,swine intestinal tract,2012-06-06,MIGS/MIMS/MIMARKS.host-associated,none,metagenome,swine,freshly voided feces,Antibiotic (carbadox) effects on the swine gut microbiota,1 gram of freshly voided feces,15 grams feces,1 to 6 months,194,domesticus,,,,,,,
SRR5368835,RNA-Seq,99,6154919991,PRJNA237795,SAMN02645101,"MIMS.me,MIGS/MIMS/MIMARKS.host-associated",4364165580,IOWA STATE UNIVERSITY,public,"fastq,run.zq,sra","gs,ncbi,s3","gs.us-east1,ncbi.public,s3.us-east-1",SRX2664091,USA,North America,"USA: Ames\, Iowa",41 days,feces,39,"TechStart 17-25 (Kent Feeds\, Muscatine\, IA)",Offspring of sow B,ambient,not fasted,grower pig,male,9825,Illumina HiSeq 2000,42°02?05?N 93°37?12?W,194_1_feces_mt,SINGLE,cDNA,METATRANSCRIPTOMIC,Sus scrofa domesticus,medicated,ILLUMINA,2017-04-03T00:00:00Z,2017-03-23T15:36:00Z,1,-20 degrees Celsius,194_1.sff,SRP038757,swine intestinal tract,6/5/2012,MIGS/MIMS/MIMARKS.host-associated,none,metagenome,swine,freshly voided feces,Antibiotic (carbadox) effects on the swine gut microbiota,1 gram of freshly voided feces,4 grams feces,1 to 6 months,194,domesticus,,,,,,,
SRR5368836,WGS,764,138210201,PRJNA237795,SAMN02645101,"MIMS.me,MIGS/MIMS/MIMARKS.host-associated",93782319,IOWA STATE UNIVERSITY,public,"fastq,run.zq,sra","gs,ncbi,s3","gs.us-east1,ncbi.public,s3.us-east-1",SRX2664092,USA,North America,"USA: Ames\, Iowa",41 days,feces,39,"TechStart 17-25 (Kent Feeds\, Muscatine\, IA)",Offspring of sow B,ambient,not fasted,grower pig,male,9825,454 GS FLX Titanium,42°02?05?N 93°37?12?W,194_1_feces_mg,SINGLE,RANDOM,METAGENOMIC,Sus scrofa domesticus,medicated,LS454,2017-04-03T00:00:00Z,2017-03-24T13:18:00Z,1,-20 degrees Celsius,194_1.sff,SRP038757,swine intestinal tract,6/5/2012,MIGS/MIMS/MIMARKS.host-associated,none,metagenome,swine,freshly voided feces,Antibiotic (carbadox) effects on the swine gut microbiota,1 gram of freshly voided feces,4 grams feces,1 to 6 months,194,domesticus,,,,,,,
SRR5368837,OTHER,440,22228452,PRJNA237795,SAMN02645095,"MIMS.me,MIGS/MIMS/MIMARKS.host-associated",13923571,IOWA STATE UNIVERSITY,public,"fastq,run.zq,sra","gs,ncbi,s3","gs.us-east1,ncbi.public,s3.us-east-1",SRX2664093,USA,North America,"USA: Ames\, Iowa",35 days,feces,39,"TechStart 17-25 (Kent Feeds\, Muscatine\, IA)",Offspring of sow A,ambient,not fasted,grower pig,male,9825,454 GS FLX Titanium,42°02?05?N 93°37?12?W,193_5_feces_pg,SINGLE,other,OTHER,Sus scrofa domesticus,non-medicated,LS454,2017-04-03T00:00:00Z,2017-03-24T13:18:00Z,1,-20 degrees Celsius,193_5.sff,SRP038757,swine intestinal tract,2012-05-30,MIGS/MIMS/MIMARKS.host-associated,none,metagenome,swine,freshly voided feces,Antibiotic (carbadox) effects on the swine gut microbiota,1 gram of freshly voided feces,57 grams feces,29 to 6 months,193,domesticus,,,,,,,
SRR5368838,RNA-Seq,100,5284287700,PRJNA237795,SAMN02645095,"MIMS.me,MIGS/MIMS/MIMARKS.host-associated",3708804111,IOWA STATE UNIVERSITY,public,"fastq,run.zq,sra","gs,ncbi,s3","gs.us-east1,ncbi.public,s3.us-east-1",SRX2664094,USA,North America,"USA: Ames\, Iowa",35 days,feces,39,"TechStart 17-25 (Kent Feeds\, Muscatine\, IA)",Offspring of sow A,ambient,not fasted,grower pig,male,9825,Illumina HiSeq 2000,42°02?05?N 93°37?12?W,193_5_feces_mt,SINGLE,cDNA,METATRANSCRIPTOMIC,Sus scrofa domesticus,non-medicated,ILLUMINA,2017-04-03T00:00:00Z,2017-03-23T15:30:00Z,1,-20 degrees Celsius,193_5.sff,SRP038757,swine intestinal tract,2012-05-30,MIGS/MIMS/MIMARKS.host-associated,none,metagenome,swine,freshly voided feces,Antibiotic (carbadox) effects on the swine gut microbiota,1 gram of freshly voided feces,57 grams feces,29 to 6 months,193,domesticus,,,,,,,
SRR5368839,WGS,745,96961954,PRJNA237795,SAMN02645095,"MIMS.me,MIGS/MIMS/MIMARKS.host-associated",66959765,IOWA STATE UNIVERSITY,public,"fastq,run.zq,sra","gs,ncbi,s3","gs.us-east1,ncbi.public,s3.us-east-1",SRX2664095,USA,North America,"USA: Ames\, Iowa",35 days,feces,39,"TechStart 17-25 (Kent Feeds\, Muscatine\, IA)",Offspring of sow A,ambient,not fasted,grower pig,male,9825,454 GS FLX Titanium,42°02?05?N 93°37?12?W,193_5_feces_mg,SINGLE,RANDOM,METAGENOMIC,Sus scrofa domesticus,non-medicated,LS454,2017-04-03T00:00:00Z,2017-03-23T15:13:00Z,1,-20 degrees Celsius,193_5.sff,SRP038757,swine intestinal tract,2012-05-30,MIGS/MIMS/MIMARKS.host-associated,none,metagenome,swine,freshly voided feces,Antibiotic (carbadox) effects on the swine gut microbiota,1 gram of freshly voided feces,57 grams feces,29 to 6 months,193,domesticus,,,,,,,
SRR5368840,OTHER,437,17507455,PRJNA237795,SAMN02645084,"MIMS.me,MIGS/MIMS/MIMARKS.host-associated",10967728,IOWA STATE UNIVERSITY,public,"fastq,run.zq,sra","gs,ncbi,s3","gs.us-east1,ncbi.public,s3.us-east-1",SRX2664096,USA,North America,"USA: Ames\, Iowa",47 days,feces,39,"TechStart 17-25 (Kent Feeds\, Muscatine\, IA)",Offspring of sow A,ambient,not fasted,grower pig,male,9825,454 GS FLX Titanium,42°02?05?N 93°37?12?W,192_7_feces_pg,SINGLE,other,OTHER,Sus scrofa domesticus,medicated,LS454,2017-04-03T00:00:00Z,2017-03-24T13:18:00Z,1,-20 degrees Celsius,192_7.sff,SRP038757,swine intestinal tract,6/11/2012,MIGS/MIMS/MIMARKS.host-associated,none,metagenome,swine,freshly voided feces,Antibiotic (carbadox) effects on the swine gut microbiota,1 gram of freshly voided feces,62 grams feces,34 to 6 months,192,domesticus,,,,,,,
SRR5368841,RNA-Seq,99,7171885908,PRJNA237795,SAMN02645084,"MIMS.me,MIGS/MIMS/MIMARKS.host-associated",5054729088,IOWA STATE UNIVERSITY,public,"fastq,run.zq,sra","gs,ncbi,s3","gs.us-east1,ncbi.public,s3.us-east-1",SRX2664097,USA,North America,"USA: Ames\, Iowa",47 days,feces,39,"TechStart 17-25 (Kent Feeds\, Muscatine\, IA)",Offspring of sow A,ambient,not fasted,grower pig,male,9825,Illumina HiSeq 2000,42°02?05?N 93°37?12?W,192_7_feces_mt,SINGLE,cDNA,METATRANSCRIPTOMIC,Sus scrofa domesticus,medicated,ILLUMINA,2017-04-03T00:00:00Z,2017-03-23T15:38:00Z,1,-20 degrees Celsius,192_7.sff,SRP038757,swine intestinal tract,6/11/2012,MIGS/MIMS/MIMARKS.host-associated,none,metagenome,swine,freshly voided feces,Antibiotic (carbadox) effects on the swine gut microbiota,1 gram of freshly voided feces,62 grams feces,34 to 6 months,192,domesticus,,,,,,,
SRR5368842,WGS,748,106491924,PRJNA237795,SAMN02645084,"MIMS.me,MIGS/MIMS/MIMARKS.host-associated",75114131,IOWA STATE UNIVERSITY,public,"fastq,run.zq,sra","gs,ncbi,s3","gs.us-east1,ncbi.public,s3.us-east-1",SRX2664098,USA,North America,"USA: Ames\, Iowa",47 days,feces,39,"TechStart 17-25 (Kent Feeds\, Muscatine\, IA)",Offspring of sow A,ambient,not fasted,grower pig,male,9825,454 GS FLX Titanium,42°02?05?N 93°37?12?W,192_7_feces_mg,SINGLE,RANDOM,METAGENOMIC,Sus scrofa domesticus,medicated,LS454,2017-04-03T00:00:00Z,2017-03-24T13:18:00Z,1,-20 degrees Celsius,192_7.sff,SRP038757,swine intestinal tract,6/11/2012,MIGS/MIMS/MIMARKS.host-associated,none,metagenome,swine,freshly voided feces,Antibiotic (carbadox) effects on the swine gut microbiota,1 gram of freshly voided feces,62 grams feces,34 to 6 months,192,domesticus,,,,,,,
SRR5368843,OTHER,442,65532728,PRJNA237795,SAMN02645083,"MIMS.me,MIGS/MIMS/MIMARKS.host-associated",41094781,IOWA STATE UNIVERSITY,public,"fastq,run.zq,sra","gs,ncbi,s3","gs.us-east1,ncbi.public,s3.us-east-1",SRX2664099,USA,North America,"USA: Ames\, Iowa",35 days,feces,39,"TechStart 17-25\, Kent Feeds\, Muscatine\, IA",Offspring of sow A,ambient,not fasted,grower pig,male,9825,454 GS FLX Titanium,42°02?05?N 93°37?12?W,192_5_feces_pg,SINGLE,other,OTHER,Sus scrofa domesticus,medicated,LS454,2017-04-03T00:00:00Z,2017-03-23T15:13:00Z,1,-20 degrees Celsius,192_5.sff,SRP038757,swine intestinal tract,2012-05-30,MIGS/MIMS/MIMARKS.host-associated,none,metagenome,swine,freshly voided feces,Antibiotic (carbadox) effects on the swine gut microbiota,1 gram of freshly voided feces,50 grams feces,22 to 6 months,192,domesticus,,,,,,,
SRR5368844,RNA-Seq,100,9232089800,PRJNA237795,SAMN02645083,"MIMS.me,MIGS/MIMS/MIMARKS.host-associated",6475958433,IOWA STATE UNIVERSITY,public,"fastq,run.zq,sra","gs,ncbi,s3","gs.us-east1,ncbi.public,s3.us-east-1",SRX2664100,USA,North America,"USA: Ames\, Iowa",35 days,feces,39,"TechStart 17-25\, Kent Feeds\, Muscatine\, IA",Offspring of sow A,ambient,not fasted,grower pig,male,9825,Illumina HiSeq 2000,42°02?05?N 93°37?12?W,192_5_feces_mt,SINGLE,cDNA,METATRANSCRIPTOMIC,Sus scrofa domesticus,medicated,ILLUMINA,2017-04-03T00:00:00Z,2017-03-23T15:55:00Z,1,-20 degrees Celsius,192_5.sff,SRP038757,swine intestinal tract,2012-05-30,MIGS/MIMS/MIMARKS.host-associated,none,metagenome,swine,freshly voided feces,Antibiotic (carbadox) effects on the swine gut microbiota,1 gram of freshly voided feces,50 grams feces,22 to 6 months,192,domesticus,,,,,,,
SRR5368845,WGS,738,135486006,PRJNA237795,SAMN02645083,"MIMS.me,MIGS/MIMS/MIMARKS.host-associated",94766156,IOWA STATE UNIVERSITY,public,"fastq,run.zq,sra","gs,ncbi,s3","gs.us-east1,ncbi.public,s3.us-east-1",SRX2664101,USA,North America,"USA: Ames\, Iowa",35 days,feces,39,"TechStart 17-25\, Kent Feeds\, Muscatine\, IA",Offspring of sow A,ambient,not fasted,grower pig,male,9825,454 GS FLX Titanium,42°02?05?N 93°37?12?W,192_5_feces_mg,SINGLE,RANDOM,METAGENOMIC,Sus scrofa domesticus,medicated,LS454,2017-04-03T00:00:00Z,2017-03-23T15:14:00Z,1,-20 degrees Celsius,192_5.sff,SRP038757,swine intestinal tract,2012-05-30,MIGS/MIMS/MIMARKS.host-associated,none,metagenome,swine,freshly voided feces,Antibiotic (carbadox) effects on the swine gut microbiota,1 gram of freshly voided feces,50 grams feces,22 to 6 months,192,domesticus,,,,,,,
SRR5368846,OTHER,445,64392887,PRJNA237795,SAMN02645080,"MIMS.me,MIGS/MIMS/MIMARKS.host-associated",39815356,IOWA STATE UNIVERSITY,public,"fastq,run.zq,sra","gs,ncbi,s3","gs.us-east1,ncbi.public,s3.us-east-1",SRX2664102,USA,North America,"USA: Ames\, Iowa",61 days,feces,39,"TechStart 17-25\, Kent Feeds\, Muscatine\, IA",Offspring of sow A,ambient,not fasted,grower pig,male,9825,454 GS FLX Titanium,42°02?05?N 93°37?12?W,192_21_feces_pg,SINGLE,other,OTHER,Sus scrofa domesticus,medicated,LS454,2017-04-03T00:00:00Z,2017-03-23T15:14:00Z,1,-20 degrees Celsius,192_21.sff,SRP038757,swine intestinal tract,2012-06-25,MIGS/MIMS/MIMARKS.host-associated,none,metagenome,swine,freshly voided feces,Antibiotic (carbadox) effects on the swine gut microbiota,1 gram of freshly voided feces,86 grams feces,58 to 6 months,192,domesticus,,,,,,,
SRR5368847,OTHER,400,4977616,PRJNA237795,SAMN02645079,"MIMS.me,MIGS/MIMS/MIMARKS.host-associated",3185670,IOWA STATE UNIVERSITY,public,"fastq,run.zq,sra","gs,ncbi,s3","gs.us-east1,ncbi.public,s3.us-east-1",SRX2664103,USA,North America,"USA: Ames\, Iowa",42 days,feces,39,"TechStart 17-25\, Kent Feeds\, Muscatine\, IA",Offspring of sow A,ambient,not fasted,grower pig,male,9825,454 GS FLX Titanium,42°02?05?N 93°37?12?W,192_2_feces_pg,SINGLE,other,OTHER,Sus scrofa domesticus,medicated,LS454,2017-04-03T00:00:00Z,2017-03-23T15:13:00Z,1,-20 degrees Celsius,192_2.sff,SRP038757,swine intestinal tract,2012-06-06,MIGS/MIMS/MIMARKS.host-associated,none,metagenome,swine,freshly voided feces,Antibiotic (carbadox) effects on the swine gut microbiota,1 gram of freshly voided feces,14 grams feces,1 to 6 months,192,domesticus,,,,,,,
SRR5368848,RNA-Seq,100,7286923800,PRJNA237795,SAMN02645079,"MIMS.me,MIGS/MIMS/MIMARKS.host-associated",4939762865,IOWA STATE UNIVERSITY,public,"fastq,run.zq,sra","gs,ncbi,s3","gs.us-east1,ncbi.public,s3.us-east-1",SRX2664104,USA,North America,"USA: Ames\, Iowa",42 days,feces,39,"TechStart 17-25\, Kent Feeds\, Muscatine\, IA",Offspring of sow A,ambient,not fasted,grower pig,male,9825,Illumina HiSeq 2000,42°02?05?N 93°37?12?W,192_2_feces_mt,SINGLE,cDNA,METATRANSCRIPTOMIC,Sus scrofa domesticus,medicated,ILLUMINA,2017-04-03T00:00:00Z,2017-03-23T15:38:00Z,1,-20 degrees Celsius,192_2.sff,SRP038757,swine intestinal tract,2012-06-06,MIGS/MIMS/MIMARKS.host-associated,none,metagenome,swine,freshly voided feces,Antibiotic (carbadox) effects on the swine gut microbiota,1 gram of freshly voided feces,14 grams feces,1 to 6 months,192,domesticus,,,,,,,
SRR5368849,WGS,751,113471470,PRJNA237795,SAMN02645079,"MIMS.me,MIGS/MIMS/MIMARKS.host-associated",78747739,IOWA STATE UNIVERSITY,public,"fastq,run.zq,sra","gs,ncbi,s3","gs.us-east1,ncbi.public,s3.us-east-1",SRX2664105,USA,North America,"USA: Ames\, Iowa",42 days,feces,39,"TechStart 17-25\, Kent Feeds\, Muscatine\, IA",Offspring of sow A,ambient,not fasted,grower pig,male,9825,454 GS FLX Titanium,42°02?05?N 93°37?12?W,192_2_feces_mg,SINGLE,RANDOM,METAGENOMIC,Sus scrofa domesticus,medicated,LS454,2017-04-03T00:00:00Z,2017-03-23T15:14:00Z,1,-20 degrees Celsius,192_2.sff,SRP038757,swine intestinal tract,2012-06-06,MIGS/MIMS/MIMARKS.host-associated,none,metagenome,swine,freshly voided feces,Antibiotic (carbadox) effects on the swine gut microbiota,1 gram of freshly voided feces,14 grams feces,1 to 6 months,192,domesticus,,,,,,,
SRR5368850,RNA-Seq,99,7719038316,PRJNA237795,SAMN02645077,"MIMS.me,MIGS/MIMS/MIMARKS.host-associated",5215965909,IOWA STATE UNIVERSITY,public,"fastq,run.zq,sra","gs,ncbi,s3","gs.us-east1,ncbi.public,s3.us-east-1",SRX2664106,USA,North America,"USA: Ames\, Iowa",41 days,feces,39,"TechStart 17-25\, Kent Feeds\, Muscatine\, IA",Offspring of sow A,ambient,not fasted,grower pig,male,9825,Illumina HiSeq 2000,42°02?05?N 93°37?12?W,192_1_feces_mt,SINGLE,cDNA,METATRANSCRIPTOMIC,Sus scrofa domesticus,medicated,ILLUMINA,2017-04-03T00:00:00Z,2017-03-23T15:47:00Z,1,-20 degrees Celsius,192_1.sff,SRP038757,swine intestinal tract,6/5/2012,MIGS/MIMS/MIMARKS.host-associated,none,metagenome,swine,freshly voided feces,Antibiotic (carbadox) effects on the swine gut microbiota,1 gram of freshly voided feces,3 grams feces,1 to 6 months,192,domesticus,,,,,,,
SRR5368851,WGS,765,132917776,PRJNA237795,SAMN02645077,"MIMS.me,MIGS/MIMS/MIMARKS.host-associated",91098896,IOWA STATE UNIVERSITY,public,"fastq,run.zq,sra","gs,ncbi,s3","gs.us-east1,ncbi.public,s3.us-east-1",SRX2664107,USA,North America,"USA: Ames\, Iowa",41 days,feces,39,"TechStart 17-25\, Kent Feeds\, Muscatine\, IA",Offspring of sow A,ambient,not fasted,grower pig,male,9825,454 GS FLX Titanium,42°02?05?N 93°37?12?W,192_1_feces_mg,SINGLE,RANDOM,METAGENOMIC,Sus scrofa domesticus,medicated,LS454,2017-04-03T00:00:00Z,2017-03-23T15:14:00Z,1,-20 degrees Celsius,192_1.sff,SRP038757,swine intestinal tract,6/5/2012,MIGS/MIMS/MIMARKS.host-associated,none,metagenome,swine,freshly voided feces,Antibiotic (carbadox) effects on the swine gut microbiota,1 gram of freshly voided feces,3 grams feces,1 to 6 months,192,domesticus,,,,,,,
SRR5368852,OTHER,446,15984352,PRJNA237795,SAMN02645072,"MIMS.me,MIGS/MIMS/MIMARKS.host-associated",10069961,IOWA STATE UNIVERSITY,public,"fastq,run.zq,sra","gs,ncbi,s3","gs.us-east1,ncbi.public,s3.us-east-1",SRX2664108,USA,North America,"USA: Ames\, Iowa",47 days,feces,39,"TechStart 17-25 (Kent Feeds\, Muscatine\, IA)",Offspring of sow A,ambient,not fasted,grower pig,female,9825,454 GS FLX Titanium,42°02?05?N 93°37?12?W,191_7_feces_pg,SINGLE,other,OTHER,Sus scrofa domesticus,non-medicated,LS454,2017-04-03T00:00:00Z,2017-03-23T15:14:00Z,1,-20 degrees Celsius,191_7.sff,SRP038757,swine intestinal tract,6/11/2012,MIGS/MIMS/MIMARKS.host-associated,none,metagenome,swine,freshly voided feces,Antibiotic (carbadox) effects on the swine gut microbiota,1 gram of freshly voided feces,68 grams feces,40 to 6 months,191,domesticus,,,,,,,
SRR5368853,RNA-Seq,99,7779867282,PRJNA237795,SAMN02645072,"MIMS.me,MIGS/MIMS/MIMARKS.host-associated",5549603379,IOWA STATE UNIVERSITY,public,"fastq,run.zq,sra","gs,ncbi,s3","gs.us-east1,ncbi.public,s3.us-east-1",SRX2664109,USA,North America,"USA: Ames\, Iowa",47 days,feces,39,"TechStart 17-25 (Kent Feeds\, Muscatine\, IA)",Offspring of sow A,ambient,not fasted,grower pig,female,9825,Illumina HiSeq 2000,42°02?05?N 93°37?12?W,191_7_feces_mt,SINGLE,cDNA,METATRANSCRIPTOMIC,Sus scrofa domesticus,non-medicated,ILLUMINA,2017-04-03T00:00:00Z,2017-03-23T15:43:00Z,1,-20 degrees Celsius,191_7.sff,SRP038757,swine intestinal tract,6/11/2012,MIGS/MIMS/MIMARKS.host-associated,none,metagenome,swine,freshly voided feces,Antibiotic (carbadox) effects on the swine gut microbiota,1 gram of freshly voided feces,68 grams feces,40 to 6 months,191,domesticus,,,,,,,
SRR5368854,WGS,759,85300252,PRJNA237795,SAMN02645072,"MIMS.me,MIGS/MIMS/MIMARKS.host-associated",59634117,IOWA STATE UNIVERSITY,public,"fastq,run.zq,sra","gs,ncbi,s3","gs.us-east1,ncbi.public,s3.us-east-1",SRX2664110,USA,North America,"USA: Ames\, Iowa",47 days,feces,39,"TechStart 17-25 (Kent Feeds\, Muscatine\, IA)",Offspring of sow A,ambient,not fasted,grower pig,female,9825,454 GS FLX Titanium,42°02?05?N 93°37?12?W,191_7_feces_mg,SINGLE,RANDOM,METAGENOMIC,Sus scrofa domesticus,non-medicated,LS454,2017-04-03T00:00:00Z,2017-03-23T15:14:00Z,1,-20 degrees Celsius,191_7.sff,SRP038757,swine intestinal tract,6/11/2012,MIGS/MIMS/MIMARKS.host-associated,none,metagenome,swine,freshly voided feces,Antibiotic (carbadox) effects on the swine gut microbiota,1 gram of freshly voided feces,68 grams feces,40 to 6 months,191,domesticus,,,,,,,
SRR5368855,OTHER,443,36302914,PRJNA237795,SAMN02645071,"MIMS.me,MIGS/MIMS/MIMARKS.host-associated",22651965,IOWA STATE UNIVERSITY,public,"fastq,run.zq,sra","gs,ncbi,s3","gs.us-east1,ncbi.public,s3.us-east-1",SRX2664111,USA,North America,"USA: Ames\, Iowa",35 days,feces,39,"TechStart 17-25 (Kent Feeds\, Muscatine\, IA)",Offspring of sow A,ambient,not fasted,grower pig,female,9825,454 GS FLX Titanium,42°02?05?N 93°37?12?W,191_5_feces_pg,SINGLE,other,OTHER,Sus scrofa domesticus,non-medicated,LS454,2017-04-03T00:00:00Z,2017-03-23T15:14:00Z,1,-20 degrees Celsius,191_5.sff,SRP038757,swine intestinal tract,2012-05-30,MIGS/MIMS/MIMARKS.host-associated,none,metagenome,swine,freshly voided feces,Antibiotic (carbadox) effects on the swine gut microbiota,1 gram of freshly voided feces,56 grams feces,28 to 6 months,191,domesticus,,,,,,,
SRR5368856,RNA-Seq,99,6784037865,PRJNA237795,SAMN02645071,"MIMS.me,MIGS/MIMS/MIMARKS.host-associated",4767425666,IOWA STATE UNIVERSITY,public,"fastq,run.zq,sra","gs,ncbi,s3","gs.us-east1,ncbi.public,s3.us-east-1",SRX2664112,USA,North America,"USA: Ames\, Iowa",35 days,feces,39,"TechStart 17-25 (Kent Feeds\, Muscatine\, IA)",Offspring of sow A,ambient,not fasted,grower pig,female,9825,Illumina HiSeq 2000,42°02?05?N 93°37?12?W,191_5_feces_mt,SINGLE,cDNA,METATRANSCRIPTOMIC,Sus scrofa domesticus,non-medicated,ILLUMINA,2017-04-03T00:00:00Z,2017-03-23T15:44:00Z,1,-20 degrees Celsius,191_5.sff,SRP038757,swine intestinal tract,2012-05-30,MIGS/MIMS/MIMARKS.host-associated,none,metagenome,swine,freshly voided feces,Antibiotic (carbadox) effects on the swine gut microbiota,1 gram of freshly voided feces,56 grams feces,28 to 6 months,191,domesticus,,,,,,,
SRR5368857,WGS,747,110555436,PRJNA237795,SAMN02645071,"MIMS.me,MIGS/MIMS/MIMARKS.host-associated",76803631,IOWA STATE UNIVERSITY,public,"fastq,run.zq,sra","gs,ncbi,s3","gs.us-east1,ncbi.public,s3.us-east-1",SRX2664113,USA,North America,"USA: Ames\, Iowa",35 days,feces,39,"TechStart 17-25 (Kent Feeds\, Muscatine\, IA)",Offspring of sow A,ambient,not fasted,grower pig,female,9825,454 GS FLX Titanium,42°02?05?N 93°37?12?W,191_5_feces_mg,SINGLE,RANDOM,METAGENOMIC,Sus scrofa domesticus,non-medicated,LS454,2017-04-03T00:00:00Z,2017-03-23T15:14:00Z,1,-20 degrees Celsius,191_5.sff,SRP038757,swine intestinal tract,2012-05-30,MIGS/MIMS/MIMARKS.host-associated,none,metagenome,swine,freshly voided feces,Antibiotic (carbadox) effects on the swine gut microbiota,1 gram of freshly voided feces,56 grams feces,28 to 6 months,191,domesticus,,,,,,,
SRR5368858,OTHER,438,40395306,PRJNA237795,SAMN02645067,"MIMS.me,MIGS/MIMS/MIMARKS.host-associated",24331273,IOWA STATE UNIVERSITY,public,"fastq,run.zq,sra","gs,ncbi,s3","gs.us-east1,ncbi.public,s3.us-east-1",SRX2664114,USA,North America,"USA: Ames\, Iowa",42 days,feces,39,"TechStart 17-25 (Kent Feeds\, Muscatine\, IA)",Offspring of sow A,ambient,not fasted,grower pig,female,9825,454 GS FLX Titanium,42°02?05?N 93°37?12?W,191_2_feces_pg,SINGLE,other,OTHER,Sus scrofa domesticus,non-medicated,LS454,2017-04-03T00:00:00Z,2017-03-23T15:14:00Z,1,-20 degrees Celsius,191_2.sff,SRP038757,swine intestinal tract,2012-06-06,MIGS/MIMS/MIMARKS.host-associated,none,metagenome,swine,freshly voided feces,Antibiotic (carbadox) effects on the swine gut microbiota,1 gram of freshly voided feces,20 grams feces,1 to 6 months,191,domesticus,,,,,,,
SRR5368859,RNA-Seq,99,2521968966,PRJNA237795,SAMN02645067,"MIMS.me,MIGS/MIMS/MIMARKS.host-associated",1713566661,IOWA STATE UNIVERSITY,public,"fastq,run.zq,sra","gs,ncbi,s3","gs.us-east1,ncbi.public,s3.us-east-1",SRX2664115,USA,North America,"USA: Ames\, Iowa",42 days,feces,39,"TechStart 17-25 (Kent Feeds\, Muscatine\, IA)",Offspring of sow A,ambient,not fasted,grower pig,female,9825,Illumina HiSeq 2000,42°02?05?N 93°37?12?W,191_2_feces_mt,SINGLE,cDNA,METATRANSCRIPTOMIC,Sus scrofa domesticus,non-medicated,ILLUMINA,2017-04-03T00:00:00Z,2017-03-23T15:21:00Z,1,-20 degrees Celsius,191_2.sff,SRP038757,swine intestinal tract,2012-06-06,MIGS/MIMS/MIMARKS.host-associated,none,metagenome,swine,freshly voided feces,Antibiotic (carbadox) effects on the swine gut microbiota,1 gram of freshly voided feces,20 grams feces,1 to 6 months,191,domesticus,,,,,,,
SRR5368860,WGS,757,153759118,PRJNA237795,SAMN02645067,"MIMS.me,MIGS/MIMS/MIMARKS.host-associated",105478484,IOWA STATE UNIVERSITY,public,"fastq,run.zq,sra","gs,ncbi,s3","gs.us-east1,ncbi.public,s3.us-east-1",SRX2664116,USA,North America,"USA: Ames\, Iowa",42 days,feces,39,"TechStart 17-25 (Kent Feeds\, Muscatine\, IA)",Offspring of sow A,ambient,not fasted,grower pig,female,9825,454 GS FLX Titanium,42°02?05?N 93°37?12?W,191_2_feces_mg,SINGLE,RANDOM,METAGENOMIC,Sus scrofa domesticus,non-medicated,LS454,2017-04-03T00:00:00Z,2017-03-23T15:15:00Z,1,-20 degrees Celsius,191_2.sff,SRP038757,swine intestinal tract,2012-06-06,MIGS/MIMS/MIMARKS.host-associated,none,metagenome,swine,freshly voided feces,Antibiotic (carbadox) effects on the swine gut microbiota,1 gram of freshly voided feces,20 grams feces,1 to 6 months,191,domesticus,,,,,,,
SRR5368861,RNA-Seq,99,9386579664,PRJNA237795,SAMN02645065,"MIMS.me,MIGS/MIMS/MIMARKS.host-associated",6775375492,IOWA STATE UNIVERSITY,public,"fastq,run.zq,sra","gs,ncbi,s3","gs.us-east1,ncbi.public,s3.us-east-1",SRX2664117,USA,North America,"USA: Ames\, Iowa",41 days,feces,39,"TechStart 17-25 (Kent Feeds\, Muscatine\, IA)",Offspring of sow A,ambient,not fasted,grower pig,female,9825,Illumina HiSeq 2000,"42-02-05 N, 93-37-12 W",191_1_feces_mt,SINGLE,cDNA,METATRANSCRIPTOMIC,gut metagenome,non-medicated,ILLUMINA,2017-04-03T00:00:00Z,2017-03-23T15:41:00Z,1,-20 degrees Celsius,191_1.sff,SRP038757,swine intestinal tract,6/5/12,MIGS/MIMS/MIMARKS.host-associated,none,metagenome,swine,freshly voided feces,Antibiotic (carbadox) effects on the swine gut microbiota,1 gram of freshly voided feces,1 grams feces,1 to 6 months,191,,pig,,,,,,
SRR5368862,WGS,769,130393132,PRJNA237795,SAMN02645065,"MIGS/MIMS/MIMARKS.host-associated,MIMS.me",88464395,IOWA STATE UNIVERSITY,public,"fastq,run.zq,sra","gs,ncbi,s3","gs.us-east1,ncbi.public,s3.us-east-1",SRX2664118,USA,North America,"USA: Ames\, Iowa",41 days,feces,39,"TechStart 17-25 (Kent Feeds\, Muscatine\, IA)",Offspring of sow A,ambient,not fasted,grower pig,female,9825,454 GS FLX Titanium,"42-02-05 N, 93-37-12 W",191_1_feces_mg,SINGLE,RANDOM,METAGENOMIC,gut metagenome,non-medicated,LS454,2017-04-03T00:00:00Z,2017-03-23T15:15:00Z,1,-20 degrees Celsius,191_1.sff,SRP038757,swine intestinal tract,6/5/12,MIGS/MIMS/MIMARKS.host-associated,none,metagenome,swine,freshly voided feces,Antibiotic (carbadox) effects on the swine gut microbiota,1 gram of freshly voided feces,1 grams feces,1 to 6 months,191,,pig,,,,,,
SRR5368863,OTHER,458,43388201,PRJNA237795,SAMN02645060,"MIMS.me,MIGS/MIMS/MIMARKS.host-associated",27091692,IOWA STATE UNIVERSITY,public,"fastq,run.zq,sra","gs,ncbi,s3","gs.us-east1,ncbi.public,s3.us-east-1",SRX2664119,USA,North America,"USA: Ames\, Iowa",47 days,feces,39,"TechStart 17-25 (Kent Feeds\, Muscatine\, IA)",Offspring of sow A,ambient,not fasted,grower pig,male,9825,454 GS FLX Titanium,"42-02-05 N, 93-37-12 W",190_7_feces_pg,SINGLE,other,OTHER,gut metagenome,non-medicated,LS454,2017-04-03T00:00:00Z,2017-03-23T15:14:00Z,1,-20 degrees Celsius,190_7.sff,SRP038757,swine intestinal tract,6/11/12,MIGS/MIMS/MIMARKS.host-associated,none,metagenome,swine,freshly voided feces,Antibiotic (carbadox) effects on the swine gut microbiota,1 gram of freshly voided feces,1 grams feces,1 to 6 months,190,,pig,,,,,,
SRR5368864,RNA-Seq,99,5153831298,PRJNA237795,SAMN02645060,"MIMS.me,MIGS/MIMS/MIMARKS.host-associated",3797615433,IOWA STATE UNIVERSITY,public,"fastq,run.zq,sra","gs,ncbi,s3","gs.us-east1,ncbi.public,s3.us-east-1",SRX2664120,USA,North America,"USA: Ames\, Iowa",47 days,feces,39,"TechStart 17-25 (Kent Feeds\, Muscatine\, IA)",Offspring of sow A,ambient,not fasted,grower pig,male,9825,Illumina HiSeq 2000,"42-02-05 N, 93-37-12 W",190_7_feces_mt,SINGLE,cDNA,METATRANSCRIPTOMIC,gut metagenome,non-medicated,ILLUMINA,2017-04-03T00:00:00Z,2017-03-23T15:29:00Z,1,-20 degrees Celsius,190_7.sff,SRP038757,swine intestinal tract,6/11/12,MIGS/MIMS/MIMARKS.host-associated,none,metagenome,swine,freshly voided feces,Antibiotic (carbadox) effects on the swine gut microbiota,1 gram of freshly voided feces,1 grams feces,1 to 6 months,190,,pig,,,,,,
SRR5368865,WGS,741,105553868,PRJNA237795,SAMN02645060,"MIMS.me,MIGS/MIMS/MIMARKS.host-associated",74913991,IOWA STATE UNIVERSITY,public,"fastq,run.zq,sra","gs,ncbi,s3","gs.us-east1,ncbi.public,s3.us-east-1",SRX2664121,USA,North America,"USA: Ames\, Iowa",47 days,feces,39,"TechStart 17-25 (Kent Feeds\, Muscatine\, IA)",Offspring of sow A,ambient,not fasted,grower pig,male,9825,454 GS FLX Titanium,"42-02-05 N, 93-37-12 W",190_7_feces_mg,SINGLE,RANDOM,METAGENOMIC,gut metagenome,non-medicated,LS454,2017-04-03T00:00:00Z,2017-03-23T15:15:00Z,1,-20 degrees Celsius,190_7.sff,SRP038757,swine intestinal tract,6/11/12,MIGS/MIMS/MIMARKS.host-associated,none,metagenome,swine,freshly voided feces,Antibiotic (carbadox) effects on the swine gut microbiota,1 gram of freshly voided feces,1 grams feces,1 to 6 months,190,,pig,,,,,,
SRR5368866,OTHER,434,58595480,PRJNA237795,SAMN02645059,"MIMS.me,MIGS/MIMS/MIMARKS.host-associated",37119683,IOWA STATE UNIVERSITY,public,"fastq,run.zq,sra","gs,ncbi,s3","gs.us-east1,ncbi.public,s3.us-east-1",SRX2664122,USA,North America,"USA: Ames\, Iowa",35 days,feces,39,"TechStart 17-25 (Kent Feeds\, Muscatine\, IA)",Offspring of sow A,ambient,not fasted,grower pig,male,9825,454 GS FLX Titanium,"42-02-05 N, 93-37-12 W",190_5_feces_pg,SINGLE,other,OTHER,gut metagenome,non-medicated,LS454,2017-04-03T00:00:00Z,2017-03-23T15:14:00Z,1,-20 degrees Celsius,190_5.sff,SRP038757,swine intestinal tract,5/30/12,MIGS/MIMS/MIMARKS.host-associated,none,metagenome,swine,freshly voided feces,Antibiotic (carbadox) effects on the swine gut microbiota,1 gram of freshly voided feces,1 grams feces,1 to 6 months,190,,pig,,,,,,
SRR5368867,RNA-Seq,99,5282116092,PRJNA237795,SAMN02645059,"MIMS.me,MIGS/MIMS/MIMARKS.host-associated",3619854087,IOWA STATE UNIVERSITY,public,"fastq,run.zq,sra","gs,ncbi,s3","gs.us-east1,ncbi.public,s3.us-east-1",SRX2664123,USA,North America,"USA: Ames\, Iowa",35 days,feces,39,"TechStart 17-25 (Kent Feeds\, Muscatine\, IA)",Offspring of sow A,ambient,not fasted,grower pig,male,9825,Illumina HiSeq 2000,"42-02-05 N, 93-37-12 W",190_5_feces_mt,SINGLE,cDNA,METATRANSCRIPTOMIC,gut metagenome,non-medicated,ILLUMINA,2017-04-03T00:00:00Z,2017-03-23T15:33:00Z,1,-20 degrees Celsius,190_5.sff,SRP038757,swine intestinal tract,5/30/12,MIGS/MIMS/MIMARKS.host-associated,none,metagenome,swine,freshly voided feces,Antibiotic (carbadox) effects on the swine gut microbiota,1 gram of freshly voided feces,1 grams feces,1 to 6 months,190,,pig,,,,,,
SRR5368868,WGS,728,90042714,PRJNA237795,SAMN02645059,"MIMS.me,MIGS/MIMS/MIMARKS.host-associated",63388228,IOWA STATE UNIVERSITY,public,"fastq,run.zq,sra","gs,ncbi,s3","gs.us-east1,ncbi.public,s3.us-east-1",SRX2664124,USA,North America,"USA: Ames\, Iowa",35 days,feces,39,"TechStart 17-25 (Kent Feeds\, Muscatine\, IA)",Offspring of sow A,ambient,not fasted,grower pig,male,9825,454 GS FLX Titanium,"42-02-05 N, 93-37-12 W",190_5_feces_mg,SINGLE,RANDOM,METAGENOMIC,gut metagenome,non-medicated,LS454,2017-04-03T00:00:00Z,2017-03-23T15:15:00Z,1,-20 degrees Celsius,190_5.sff,SRP038757,swine intestinal tract,5/30/12,MIGS/MIMS/MIMARKS.host-associated,none,metagenome,swine,freshly voided feces,Antibiotic (carbadox) effects on the swine gut microbiota,1 gram of freshly voided feces,1 grams feces,1 to 6 months,190,,pig,,,,,,
SRR5368869,OTHER,438,49374506,PRJNA237795,SAMN02645056,"MIMS.me,MIGS/MIMS/MIMARKS.host-associated",30716230,IOWA STATE UNIVERSITY,public,"fastq,run.zq,sra","gs,ncbi,s3","gs.us-east1,ncbi.public,s3.us-east-1",SRX2664125,USA,North America,"USA: Ames\, Iowa",61 days,feces,39,"TechStart 17-25\, Kent Feeds\, Muscatine\, IA",Offspring of sow A,ambient,not fasted,grower pig,male,9825,454 GS FLX Titanium,"42-02-05 N, 93-37-12 W",190_21_feces_pg,SINGLE,other,OTHER,gut metagenome,non-medicated,LS454,2017-04-03T00:00:00Z,2017-03-23T15:15:00Z,1,-20 degrees Celsius,190_21.sff,SRP038757,swine intestinal tract,6/25/12,MIGS/MIMS/MIMARKS.host-associated,none,metagenome,swine,freshly voided feces,Antibiotic (carbadox) effects on the swine gut microbiota,1 gram of freshly voided feces,1 grams feces,1 to 6 months,190,,pig,,,,,,
SRR5368870,OTHER,445,23778661,PRJNA237795,SAMN02645055,"MIMS.me,MIGS/MIMS/MIMARKS.host-associated",14378831,IOWA STATE UNIVERSITY,public,"fastq,run.zq,sra","gs,ncbi,s3","gs.us-east1,ncbi.public,s3.us-east-1",SRX2664126,USA,North America,"USA: Ames\, Iowa",42 days,feces,39,"TechStart 17-25\, Kent Feeds\, Muscatine\, IA",Offspring of sow A,ambient,not fasted,grower pig,male,9825,454 GS FLX Titanium,"42-02-05 N, 93-37-12 W",190_2_feces_pg,SINGLE,other,OTHER,gut metagenome,non-medicated,LS454,2017-04-03T00:00:00Z,2017-03-23T15:15:00Z,1,-20 degrees Celsius,190_2.sff,SRP038757,swine intestinal tract,6/6/12,MIGS/MIMS/MIMARKS.host-associated,none,metagenome,swine,freshly voided feces,Antibiotic (carbadox) effects on the swine gut microbiota,1 gram of freshly voided feces,1 grams feces,1 to 6 months,190,,pig,,,,,,
SRR5368871,RNA-Seq,99,2835886878,PRJNA237795,SAMN02645055,"MIMS.me,MIGS/MIMS/MIMARKS.host-associated",1942715815,IOWA STATE UNIVERSITY,public,"fastq,run.zq,sra","gs,ncbi,s3","gs.us-east1,ncbi.public,s3.us-east-1",SRX2664127,USA,North America,"USA: Ames\, Iowa",42 days,feces,39,"TechStart 17-25\, Kent Feeds\, Muscatine\, IA",Offspring of sow A,ambient,not fasted,grower pig,male,9825,Illumina HiSeq 2000,"42-02-05 N, 93-37-12 W",190_2_feces_mt,SINGLE,cDNA,METATRANSCRIPTOMIC,gut metagenome,non-medicated,ILLUMINA,2017-04-03T00:00:00Z,2017-03-23T15:23:00Z,1,-20 degrees Celsius,190_2.sff,SRP038757,swine intestinal tract,6/6/12,MIGS/MIMS/MIMARKS.host-associated,none,metagenome,swine,freshly voided feces,Antibiotic (carbadox) effects on the swine gut microbiota,1 gram of freshly voided feces,1 grams feces,1 to 6 months,190,,pig,,,,,,
SRR5368872,WGS,749,106437326,PRJNA237795,SAMN02645055,"MIMS.me,MIGS/MIMS/MIMARKS.host-associated",73554529,IOWA STATE UNIVERSITY,public,"fastq,run.zq,sra","gs,ncbi,s3","gs.us-east1,ncbi.public,s3.us-east-1",SRX2664128,USA,North America,"USA: Ames\, Iowa",42 days,feces,39,"TechStart 17-25\, Kent Feeds\, Muscatine\, IA",Offspring of sow A,ambient,not fasted,grower pig,male,9825,454 GS FLX Titanium,"42-02-05 N, 93-37-12 W",190_2_feces_mg,SINGLE,RANDOM,METAGENOMIC,gut metagenome,non-medicated,LS454,2017-04-03T00:00:00Z,2017-03-23T15:15:00Z,1,-20 degrees Celsius,190_2.sff,SRP038757,swine intestinal tract,6/6/12,MIGS/MIMS/MIMARKS.host-associated,none,metagenome,swine,freshly voided feces,Antibiotic (carbadox) effects on the swine gut microbiota,1 gram of freshly voided feces,1 grams feces,1 to 6 months,190,,pig,,,,,,
SRR5368873,RNA-Seq,100,3176677100,PRJNA237795,SAMN02645053,"MIMS.me,MIGS/MIMS/MIMARKS.host-associated",2255372473,IOWA STATE UNIVERSITY,public,"fastq,run.zq,sra","gs,ncbi,s3","gs.us-east1,ncbi.public,s3.us-east-1",SRX2664129,USA,North America,"USA: Ames\, Iowa",41 days,feces,39,"TechStart 17-25 (Kent Feeds\, Muscatine\, IA)",Offspring of sow A,ambient,not fasted,grower pig,male,9825,Illumina HiSeq 2000,"42-02-05 N, 93-37-12 W",190_1_feces_mt,SINGLE,cDNA,METATRANSCRIPTOMIC,gut metagenome,non-medicated,ILLUMINA,2017-04-03T00:00:00Z,2017-03-23T15:24:00Z,1,-20 degrees Celsius,190_1.sff,SRP038757,swine intestinal tract,6/5/12,MIGS/MIMS/MIMARKS.host-associated,none,metagenome,swine,freshly voided feces,Antibiotic (carbadox) effects on the swine gut microbiota,1 gram of freshly voided feces,1 grams feces,1 to 6 months,190,,pig,,,,,,
SRR5368874,WGS,755,149389951,PRJNA237795,SAMN02645053,"MIMS.me,MIGS/MIMS/MIMARKS.host-associated",102173863,IOWA STATE UNIVERSITY,public,"fastq,run.zq,sra","gs,ncbi,s3","gs.us-east1,ncbi.public,s3.us-east-1",SRX2664130,USA,North America,"USA: Ames\, Iowa",41 days,feces,39,"TechStart 17-25 (Kent Feeds\, Muscatine\, IA)",Offspring of sow A,ambient,not fasted,grower pig,male,9825,454 GS FLX Titanium,"42-02-05 N, 93-37-12 W",190_1_feces_mg,SINGLE,RANDOM,METAGENOMIC,gut metagenome,non-medicated,LS454,2017-04-03T00:00:00Z,2017-03-23T15:16:00Z,1,-20 degrees Celsius,190_1.sff,SRP038757,swine intestinal tract,6/5/12,MIGS/MIMS/MIMARKS.host-associated,none,metagenome,swine,freshly voided feces,Antibiotic (carbadox) effects on the swine gut microbiota,1 gram of freshly voided feces,1 grams feces,1 to 6 months,190,,pig,,,,,,
SRR5368875,OTHER,436,3355558,PRJNA237795,SAMN02645048,"MIMS.me,MIGS/MIMS/MIMARKS.host-associated",2115038,IOWA STATE UNIVERSITY,public,"fastq,run.zq,sra","gs,ncbi,s3","gs.us-east1,ncbi.public,s3.us-east-1",SRX2664131,USA,North America,"USA: Ames\, Iowa",47 days,feces,39,"TechStart 17-25 (Kent Feeds\, Muscatine\, IA)",Offspring of sow A,ambient,not fasted,grower pig,male,9825,454 GS FLX Titanium,"42-02-05 N, 93-37-12 W",189_7_feces_pg,SINGLE,other,OTHER,gut metagenome,medicated,LS454,2017-04-03T00:00:00Z,2017-03-23T15:15:00Z,1,-20 degrees Celsius,189_7.sff,SRP038757,swine intestinal tract,6/11/12,MIGS/MIMS/MIMARKS.host-associated,none,metagenome,swine,freshly voided feces,Antibiotic (carbadox) effects on the swine gut microbiota,1 gram of freshly voided feces,1 grams feces,1 to 6 months,189,,pig,,,,,,
SRR5368876,RNA-Seq,100,9886382500,PRJNA237795,SAMN02645048,"MIMS.me,MIGS/MIMS/MIMARKS.host-associated",6953182345,IOWA STATE UNIVERSITY,public,"fastq,run.zq,sra","gs,ncbi,s3","gs.us-east1,ncbi.public,s3.us-east-1",SRX2664132,USA,North America,"USA: Ames\, Iowa",47 days,feces,39,"TechStart 17-25 (Kent Feeds\, Muscatine\, IA)",Offspring of sow A,ambient,not fasted,grower pig,male,9825,Illumina HiSeq 2000,"42-02-05 N, 93-37-12 W",189_7_feces_mt,SINGLE,cDNA,METATRANSCRIPTOMIC,gut metagenome,medicated,ILLUMINA,2017-04-03T00:00:00Z,2017-03-23T15:44:00Z,1,-20 degrees Celsius,189_7.sff,SRP038757,swine intestinal tract,6/11/12,MIGS/MIMS/MIMARKS.host-associated,none,metagenome,swine,freshly voided feces,Antibiotic (carbadox) effects on the swine gut microbiota,1 gram of freshly voided feces,1 grams feces,1 to 6 months,189,,pig,,,,,,
SRR5368877,WGS,753,94665614,PRJNA237795,SAMN02645048,"MIMS.me,MIGS/MIMS/MIMARKS.host-associated",66602748,IOWA STATE UNIVERSITY,public,"fastq,run.zq,sra","gs,ncbi,s3","gs.us-east1,ncbi.public,s3.us-east-1",SRX2664133,USA,North America,"USA: Ames\, Iowa",47 days,feces,39,"TechStart 17-25 (Kent Feeds\, Muscatine\, IA)",Offspring of sow A,ambient,not fasted,grower pig,male,9825,454 GS FLX Titanium,"42-02-05 N, 93-37-12 W",189_7_feces_mg,SINGLE,RANDOM,METAGENOMIC,gut metagenome,medicated,LS454,2017-04-03T00:00:00Z,2017-03-23T15:16:00Z,1,-20 degrees Celsius,189_7.sff,SRP038757,swine intestinal tract,6/11/12,MIGS/MIMS/MIMARKS.host-associated,none,metagenome,swine,freshly voided feces,Antibiotic (carbadox) effects on the swine gut microbiota,1 gram of freshly voided feces,1 grams feces,1 to 6 months,189,,pig,,,,,,
SRR5368878,OTHER,426,28473270,PRJNA237795,SAMN02645047,"MIMS.me,MIGS/MIMS/MIMARKS.host-associated",17905736,IOWA STATE UNIVERSITY,public,"fastq,run.zq,sra","gs,ncbi,s3","gs.us-east1,ncbi.public,s3.us-east-1",SRX2664134,USA,North America,"USA: Ames\, Iowa",35 days,feces,39,"TechStart 17-25\, Kent Feeds\, Muscatine\, IA",Offspring of sow A,ambient,not fasted,grower pig,male,9825,454 GS FLX Titanium,"42-02-05 N, 93-37-12 W",189_5_feces_pg,SINGLE,other,OTHER,gut metagenome,medicated,LS454,2017-04-03T00:00:00Z,2017-03-23T15:15:00Z,1,-20 degrees Celsius,189_5.sff,SRP038757,swine intestinal tract,5/30/12,MIGS/MIMS/MIMARKS.host-associated,none,metagenome,swine,freshly voided feces,Antibiotic (carbadox) effects on the swine gut microbiota,1 gram of freshly voided feces,1 grams feces,1 to 6 months,189,,pig,,,,,,
SRR5368879,RNA-Seq,100,5081708200,PRJNA237795,SAMN02645047,"MIMS.me,MIGS/MIMS/MIMARKS.host-associated",3568823248,IOWA STATE UNIVERSITY,public,"fastq,run.zq,sra","gs,ncbi,s3","gs.us-east1,ncbi.public,s3.us-east-1",SRX2664135,USA,North America,"USA: Ames\, Iowa",35 days,feces,39,"TechStart 17-25\, Kent Feeds\, Muscatine\, IA",Offspring of sow A,ambient,not fasted,grower pig,male,9825,Illumina HiSeq 2000,"42-02-05 N, 93-37-12 W",189_5_feces_mt,SINGLE,cDNA,METATRANSCRIPTOMIC,gut metagenome,medicated,ILLUMINA,2017-04-03T00:00:00Z,2017-03-23T15:30:00Z,1,-20 degrees Celsius,189_5.sff,SRP038757,swine intestinal tract,5/30/12,MIGS/MIMS/MIMARKS.host-associated,none,metagenome,swine,freshly voided feces,Antibiotic (carbadox) effects on the swine gut microbiota,1 gram of freshly voided feces,1 grams feces,1 to 6 months,189,,pig,,,,,,
SRR5368880,WGS,741,69812553,PRJNA237795,SAMN02645047,"MIMS.me,MIGS/MIMS/MIMARKS.host-associated",49021084,IOWA STATE UNIVERSITY,public,"fastq,run.zq,sra","gs,ncbi,s3","gs.us-east1,ncbi.public,s3.us-east-1",SRX2664136,USA,North America,"USA: Ames\, Iowa",35 days,feces,39,"TechStart 17-25\, Kent Feeds\, Muscatine\, IA",Offspring of sow A,ambient,not fasted,grower pig,male,9825,454 GS FLX Titanium,"42-02-05 N, 93-37-12 W",189_5_feces_mg,SINGLE,RANDOM,METAGENOMIC,gut metagenome,medicated,LS454,2017-04-03T00:00:00Z,2017-03-23T15:16:00Z,1,-20 degrees Celsius,189_5.sff,SRP038757,swine intestinal tract,5/30/12,MIGS/MIMS/MIMARKS.host-associated,none,metagenome,swine,freshly voided feces,Antibiotic (carbadox) effects on the swine gut microbiota,1 gram of freshly voided feces,1 grams feces,1 to 6 months,189,,pig,,,,,,
SRR5368881,OTHER,430,15922369,PRJNA237795,SAMN02645044,"MIMS.me,MIGS/MIMS/MIMARKS.host-associated",9868463,IOWA STATE UNIVERSITY,public,"fastq,run.zq,sra","gs,ncbi,s3","gs.us-east1,ncbi.public,s3.us-east-1",SRX2664137,USA,North America,"USA: Ames\, Iowa",61 days,feces,39,"TechStart 17-25\, Kent Feeds\, Muscatine\, IA",Offspring of sow A,ambient,not fasted,grower pig,male,9825,454 GS FLX Titanium,"42-02-05 N, 93-37-12 W",189_21_feces_pg,SINGLE,other,OTHER,gut metagenome,medicated,LS454,2017-04-03T00:00:00Z,2017-03-23T15:16:00Z,1,-20 degrees Celsius,189_21.sff,SRP038757,swine intestinal tract,6/25/12,MIGS/MIMS/MIMARKS.host-associated,none,metagenome,swine,freshly voided feces,Antibiotic (carbadox) effects on the swine gut microbiota,1 gram of freshly voided feces,1 grams feces,1 to 6 months,189,,pig,,,,,,
SRR5368882,OTHER,439,25087854,PRJNA237795,SAMN02645043,"MIMS.me,MIGS/MIMS/MIMARKS.host-associated",15173948,IOWA STATE UNIVERSITY,public,"fastq,run.zq,sra","gs,ncbi,s3","gs.us-east1,ncbi.public,s3.us-east-1",SRX2664138,USA,North America,"USA: Ames\, Iowa",42 days,feces,39,"TechStart 17-25\, Kent Feeds\, Muscatine\, IA",Offspring of sow A,ambient,not fasted,grower pig,male,9825,454 GS FLX Titanium,"42-02-05 N, 93-37-12 W",189_2_feces_pg,SINGLE,other,OTHER,gut metagenome,medicated,LS454,2017-04-03T00:00:00Z,2017-03-23T15:16:00Z,1,-20 degrees Celsius,189_2.sff,SRP038757,swine intestinal tract,6/6/12,MIGS/MIMS/MIMARKS.host-associated,none,metagenome,swine,freshly voided feces,Antibiotic (carbadox) effects on the swine gut microbiota,1 gram of freshly voided feces,1 grams feces,1 to 6 months,189,,pig,,,,,,
SRR5368883,RNA-Seq,99,3142233468,PRJNA237795,SAMN02645043,"MIMS.me,MIGS/MIMS/MIMARKS.host-associated",2219717802,IOWA STATE UNIVERSITY,public,"fastq,run.zq,sra","gs,ncbi,s3","gs.us-east1,ncbi.public,s3.us-east-1",SRX2664139,USA,North America,"USA: Ames\, Iowa",42 days,feces,39,"TechStart 17-25\, Kent Feeds\, Muscatine\, IA",Offspring of sow A,ambient,not fasted,grower pig,male,9825,Illumina HiSeq 2000,"42-02-05 N, 93-37-12 W",189_2_feces_mt,SINGLE,cDNA,METATRANSCRIPTOMIC,gut metagenome,medicated,ILLUMINA,2017-04-03T00:00:00Z,2017-03-23T15:26:00Z,1,-20 degrees Celsius,189_2.sff,SRP038757,swine intestinal tract,6/6/12,MIGS/MIMS/MIMARKS.host-associated,none,metagenome,swine,freshly voided feces,Antibiotic (carbadox) effects on the swine gut microbiota,1 gram of freshly voided feces,1 grams feces,1 to 6 months,189,,pig,,,,,,
SRR5368884,WGS,759,65358955,PRJNA237795,SAMN02645043,"MIMS.me,MIGS/MIMS/MIMARKS.host-associated",45116746,IOWA STATE UNIVERSITY,public,"fastq,run.zq,sra","gs,ncbi,s3","gs.us-east1,ncbi.public,s3.us-east-1",SRX2664140,USA,North America,"USA: Ames\, Iowa",42 days,feces,39,"TechStart 17-25\, Kent Feeds\, Muscatine\, IA",Offspring of sow A,ambient,not fasted,grower pig,male,9825,454 GS FLX Titanium,"42-02-05 N, 93-37-12 W",189_2_feces_mg,SINGLE,RANDOM,METAGENOMIC,gut metagenome,medicated,LS454,2017-04-03T00:00:00Z,2017-03-23T15:16:00Z,1,-20 degrees Celsius,189_2.sff,SRP038757,swine intestinal tract,6/6/12,MIGS/MIMS/MIMARKS.host-associated,none,metagenome,swine,freshly voided feces,Antibiotic (carbadox) effects on the swine gut microbiota,1 gram of freshly voided feces,1 grams feces,1 to 6 months,189,,pig,,,,,,
SRR5368885,RNA-Seq,100,3080587200,PRJNA237795,SAMN02645041,"MIMS.me,MIGS/MIMS/MIMARKS.host-associated",2136467646,IOWA STATE UNIVERSITY,public,"fastq,run.zq,sra","gs,ncbi,s3","gs.us-east1,ncbi.public,s3.us-east-1",SRX2664141,USA,North America,"USA: Ames\, Iowa",41 days,feces,39,"TechStart 17-25\, Kent Feeds\, Muscatine\, IA",Offspring of sow A,ambient,not fasted,grower pig,male,9825,Illumina HiSeq 2000,"42-02-05 N, 93-37-12 W",189_1_feces_mt,SINGLE,cDNA,METATRANSCRIPTOMIC,gut metagenome,medicated,ILLUMINA,2017-04-03T00:00:00Z,2017-03-23T15:24:00Z,1,-20 degrees Celsius,189_1.sff,SRP038757,swine intestinal tract,6/5/12,MIGS/MIMS/MIMARKS.host-associated,none,metagenome,swine,freshly voided feces,Antibiotic (carbadox) effects on the swine gut microbiota,1 gram of freshly voided feces,1 grams feces,1 to 6 months,189,,pig,,,,,,
SRR5368886,WGS,767,84036838,PRJNA237795,SAMN02645041,"MIMS.me,MIGS/MIMS/MIMARKS.host-associated",57193946,IOWA STATE UNIVERSITY,public,"fastq,run.zq,sra","gs,ncbi,s3","gs.us-east1,ncbi.public,s3.us-east-1",SRX2664142,USA,North America,"USA: Ames\, Iowa",41 days,feces,39,"TechStart 17-25\, Kent Feeds\, Muscatine\, IA",Offspring of sow A,ambient,not fasted,grower pig,male,9825,454 GS FLX Titanium,"42-02-05 N, 93-37-12 W",189_1_feces_mg,SINGLE,RANDOM,METAGENOMIC,gut metagenome,medicated,LS454,2017-04-03T00:00:00Z,2017-03-23T15:17:00Z,1,-20 degrees Celsius,189_1.sff,SRP038757,swine intestinal tract,6/5/12,MIGS/MIMS/MIMARKS.host-associated,none,metagenome,swine,freshly voided feces,Antibiotic (carbadox) effects on the swine gut microbiota,1 gram of freshly voided feces,1 grams feces,1 to 6 months,189,,pig,,,,,,
SRR5368887,OTHER,449,56706666,PRJNA237795,SAMN02645036,"MIMS.me,MIGS/MIMS/MIMARKS.host-associated",35243640,IOWA STATE UNIVERSITY,public,"fastq,run.zq,sra","gs,ncbi,s3","gs.us-east1,ncbi.public,s3.us-east-1",SRX2664143,USA,North America,"USA: Ames\, Iowa",47 days,feces,39,"TechStart 17-25\, Kent Feeds\, Muscatine\, IA",Offspring of sow A,ambient,not fasted,grower pig,female,9825,454 GS FLX Titanium,"42-02-05 N, 93-37-12 W",188_7_feces_pg,SINGLE,other,OTHER,gut metagenome,non-medicated,LS454,2017-04-03T00:00:00Z,2017-03-23T15:16:00Z,1,-20 degrees Celsius,188_7.sff,SRP038757,swine intestinal tract,6/11/12,MIGS/MIMS/MIMARKS.host-associated,none,metagenome,swine,freshly voided feces,Antibiotic (carbadox) effects on the swine gut microbiota,1 gram of freshly voided feces,1 grams feces,1 to 6 months,188,,pig,,,,,,
SRR5368888,RNA-Seq,100,2852406700,PRJNA237795,SAMN02645036,"MIMS.me,MIGS/MIMS/MIMARKS.host-associated",1809982707,IOWA STATE UNIVERSITY,public,"fastq,run.zq,sra","gs,ncbi,s3","gs.us-east1,ncbi.public,s3.us-east-1",SRX2664144,USA,North America,"USA: Ames\, Iowa",47 days,feces,39,"TechStart 17-25\, Kent Feeds\, Muscatine\, IA",Offspring of sow A,ambient,not fasted,grower pig,female,9825,Illumina HiSeq 2000,"42-02-05 N, 93-37-12 W",188_7_feces_mt,SINGLE,cDNA,METATRANSCRIPTOMIC,gut metagenome,non-medicated,ILLUMINA,2017-04-03T00:00:00Z,2017-03-23T15:25:00Z,1,-20 degrees Celsius,188_7.sff,SRP038757,swine intestinal tract,6/11/12,MIGS/MIMS/MIMARKS.host-associated,none,metagenome,swine,freshly voided feces,Antibiotic (carbadox) effects on the swine gut microbiota,1 gram of freshly voided feces,1 grams feces,1 to 6 months,188,,pig,,,,,,
SRR5368889,WGS,747,136306101,PRJNA237795,SAMN02645036,"MIMS.me,MIGS/MIMS/MIMARKS.host-associated",96220968,IOWA STATE UNIVERSITY,public,"fastq,run.zq,sra","gs,ncbi,s3","gs.us-east1,ncbi.public,s3.us-east-1",SRX2664145,USA,North America,"USA: Ames\, Iowa",47 days,feces,39,"TechStart 17-25\, Kent Feeds\, Muscatine\, IA",Offspring of sow A,ambient,not fasted,grower pig,female,9825,454 GS FLX Titanium,"42-02-05 N, 93-37-12 W",188_7_feces_mg,SINGLE,RANDOM,METAGENOMIC,gut metagenome,non-medicated,LS454,2017-04-03T00:00:00Z,2017-03-23T15:17:00Z,1,-20 degrees Celsius,188_7.sff,SRP038757,swine intestinal tract,6/11/12,MIGS/MIMS/MIMARKS.host-associated,none,metagenome,swine,freshly voided feces,Antibiotic (carbadox) effects on the swine gut microbiota,1 gram of freshly voided feces,1 grams feces,1 to 6 months,188,,pig,,,,,,
SRR5368890,OTHER,436,48634755,PRJNA237795,SAMN02645035,"MIMS.me,MIGS/MIMS/MIMARKS.host-associated",30514478,IOWA STATE UNIVERSITY,public,"fastq,run.zq,sra","gs,ncbi,s3","gs.us-east1,ncbi.public,s3.us-east-1",SRX2664146,USA,North America,"USA: Ames\, Iowa",35 days,feces,39,"TechStart 17-25 (Kent Feeds\, Muscatine\, IA)",Offspring of sow A,ambient,not fasted,grower pig,female,9825,454 GS FLX Titanium,"42-02-05 N, 93-37-12 W",188_5_feces_pg,SINGLE,other,OTHER,gut metagenome,non-medicated,LS454,2017-04-03T00:00:00Z,2017-03-23T15:16:00Z,1,-20 degrees Celsius,188_5.sff,SRP038757,swine intestinal tract,5/30/12,MIGS/MIMS/MIMARKS.host-associated,none,metagenome,swine,freshly voided feces,Antibiotic (carbadox) effects on the swine gut microbiota,1 gram of freshly voided feces,1 grams feces,1 to 6 months,188,,pig,,,,,,
SRR5368891,RNA-Seq,99,7002959337,PRJNA237795,SAMN02645035,"MIMS.me,MIGS/MIMS/MIMARKS.host-associated",5163171508,IOWA STATE UNIVERSITY,public,"fastq,run.zq,sra","gs,ncbi,s3","gs.us-east1,ncbi.public,s3.us-east-1",SRX2664147,USA,North America,"USA: Ames\, Iowa",35 days,feces,39,"TechStart 17-25 (Kent Feeds\, Muscatine\, IA)",Offspring of sow A,ambient,not fasted,grower pig,female,9825,Illumina HiSeq 2000,"42-02-05 N, 93-37-12 W",188_5_feces_mt,SINGLE,cDNA,METATRANSCRIPTOMIC,gut metagenome,non-medicated,ILLUMINA,2017-04-03T00:00:00Z,2017-03-23T15:56:00Z,1,-20 degrees Celsius,188_5.sff,SRP038757,swine intestinal tract,5/30/12,MIGS/MIMS/MIMARKS.host-associated,none,metagenome,swine,freshly voided feces,Antibiotic (carbadox) effects on the swine gut microbiota,1 gram of freshly voided feces,1 grams feces,1 to 6 months,188,,pig,,,,,,
SRR5368892,WGS,734,135196896,PRJNA237795,SAMN02645035,"MIMS.me,MIGS/MIMS/MIMARKS.host-associated",93852875,IOWA STATE UNIVERSITY,public,"fastq,run.zq,sra","gs,ncbi,s3","gs.us-east1,ncbi.public,s3.us-east-1",SRX2664148,USA,North America,"USA: Ames\, Iowa",35 days,feces,39,"TechStart 17-25 (Kent Feeds\, Muscatine\, IA)",Offspring of sow A,ambient,not fasted,grower pig,female,9825,454 GS FLX Titanium,"42-02-05 N, 93-37-12 W",188_5_feces_mg,SINGLE,RANDOM,METAGENOMIC,gut metagenome,non-medicated,LS454,2017-04-03T00:00:00Z,2017-03-23T15:17:00Z,1,-20 degrees Celsius,188_5.sff,SRP038757,swine intestinal tract,5/30/12,MIGS/MIMS/MIMARKS.host-associated,none,metagenome,swine,freshly voided feces,Antibiotic (carbadox) effects on the swine gut microbiota,1 gram of freshly voided feces,1 grams feces,1 to 6 months,188,,pig,,,,,,
SRR5368893,OTHER,442,22187886,PRJNA237795,SAMN02645031,"MIMS.me,MIGS/MIMS/MIMARKS.host-associated",13290070,IOWA STATE UNIVERSITY,public,"fastq,run.zq,sra","gs,ncbi,s3","gs.us-east1,ncbi.public,s3.us-east-1",SRX2664149,USA,North America,"USA: Ames\, Iowa",42 days,feces,39,"TechStart 17-25\, Kent Feeds\, Muscatine\, IA",Offspring of sow A,ambient,not fasted,grower pig,female,9825,454 GS FLX Titanium,"42-02-05 N, 93-37-12 W",188_2_feces_pg,SINGLE,other,OTHER,gut metagenome,non-medicated,LS454,2017-04-03T00:00:00Z,2017-03-23T15:16:00Z,1,-20 degrees Celsius,188_2.sff,SRP038757,swine intestinal tract,6/6/12,MIGS/MIMS/MIMARKS.host-associated,none,metagenome,swine,freshly voided feces,Antibiotic (carbadox) effects on the swine gut microbiota,1 gram of freshly voided feces,1 grams feces,1 to 6 months,188,,pig,,,,,,
SRR5368894,RNA-Seq,100,8703580300,PRJNA237795,SAMN02645031,"MIMS.me,MIGS/MIMS/MIMARKS.host-associated",5969157640,IOWA STATE UNIVERSITY,public,"fastq,run.zq,sra","gs,ncbi,s3","gs.us-east1,ncbi.public,s3.us-east-1",SRX2664150,USA,North America,"USA: Ames\, Iowa",42 days,feces,39,"TechStart 17-25\, Kent Feeds\, Muscatine\, IA",Offspring of sow A,ambient,not fasted,grower pig,female,9825,Illumina HiSeq 2000,"42-02-05 N, 93-37-12 W",188_2_feces_mt,SINGLE,cDNA,METATRANSCRIPTOMIC,gut metagenome,non-medicated,ILLUMINA,2017-04-03T00:00:00Z,2017-03-23T15:48:00Z,1,-20 degrees Celsius,188_2.sff,SRP038757,swine intestinal tract,6/6/12,MIGS/MIMS/MIMARKS.host-associated,none,metagenome,swine,freshly voided feces,Antibiotic (carbadox) effects on the swine gut microbiota,1 gram of freshly voided feces,1 grams feces,1 to 6 months,188,,pig,,,,,,
SRR5368895,WGS,753,162229806,PRJNA237795,SAMN02645031,"MIMS.me,MIGS/MIMS/MIMARKS.host-associated",111603545,IOWA STATE UNIVERSITY,public,"fastq,run.zq,sra","gs,ncbi,s3","gs.us-east1,ncbi.public,s3.us-east-1",SRX2664151,USA,North America,"USA: Ames\, Iowa",42 days,feces,39,"TechStart 17-25\, Kent Feeds\, Muscatine\, IA",Offspring of sow A,ambient,not fasted,grower pig,female,9825,454 GS FLX Titanium,"42-02-05 N, 93-37-12 W",188_2_feces_mg,SINGLE,RANDOM,METAGENOMIC,gut metagenome,non-medicated,LS454,2017-04-03T00:00:00Z,2017-03-23T15:17:00Z,1,-20 degrees Celsius,188_2.sff,SRP038757,swine intestinal tract,6/6/12,MIGS/MIMS/MIMARKS.host-associated,none,metagenome,swine,freshly voided feces,Antibiotic (carbadox) effects on the swine gut microbiota,1 gram of freshly voided feces,1 grams feces,1 to 6 months,188,,pig,,,,,,
SRR5368896,RNA-Seq,100,6161762900,PRJNA237795,SAMN02645029,"MIMS.me,MIGS/MIMS/MIMARKS.host-associated",4270526945,IOWA STATE UNIVERSITY,public,"fastq,run.zq,sra","gs,ncbi,s3","gs.us-east1,ncbi.public,s3.us-east-1",SRX2664152,USA,North America,"USA: Ames\, Iowa",41 days,feces,39,"TechStart 17-25 (Kent Feeds\, Muscatine\, IA)",Offspring of sow A,ambient,not fasted,grower pig,female,9825,Illumina HiSeq 2000,"42-02-05 N, 93-37-12 W",188_1_feces_mt,SINGLE,cDNA,METATRANSCRIPTOMIC,gut metagenome,non-medicated,ILLUMINA,2017-04-03T00:00:00Z,2017-03-23T15:32:00Z,1,-20 degrees Celsius,188_1.sff,SRP038757,swine intestinal tract,6/5/12,MIGS/MIMS/MIMARKS.host-associated,none,metagenome,swine,freshly voided feces,Antibiotic (carbadox) effects on the swine gut microbiota,1 gram of freshly voided feces,1 grams feces,1 to 6 months,188,,pig,,,,,,
SRR5368897,WGS,762,153187896,PRJNA237795,SAMN02645029,"MIMS.me,MIGS/MIMS/MIMARKS.host-associated",104763695,IOWA STATE UNIVERSITY,public,"fastq,run.zq,sra","gs,ncbi,s3","gs.us-east1,ncbi.public,s3.us-east-1",SRX2664153,USA,North America,"USA: Ames\, Iowa",41 days,feces,39,"TechStart 17-25 (Kent Feeds\, Muscatine\, IA)",Offspring of sow A,ambient,not fasted,grower pig,female,9825,454 GS FLX Titanium,"42-02-05 N, 93-37-12 W",188_1_feces_mg,SINGLE,RANDOM,METAGENOMIC,gut metagenome,non-medicated,LS454,2017-04-03T00:00:00Z,2017-03-23T15:17:00Z,1,-20 degrees Celsius,188_1.sff,SRP038757,swine intestinal tract,6/5/12,MIGS/MIMS/MIMARKS.host-associated,none,metagenome,swine,freshly voided feces,Antibiotic (carbadox) effects on the swine gut microbiota,1 gram of freshly voided feces,1 grams feces,1 to 6 months,188,,pig,,,,,,
SRR5368898,OTHER,440,45794034,PRJNA237795,SAMN02645024,"MIMS.me,MIGS/MIMS/MIMARKS.host-associated",28311140,IOWA STATE UNIVERSITY,public,"fastq,run.zq,sra","gs,ncbi,s3","gs.us-east1,ncbi.public,s3.us-east-1",SRX2664154,USA,North America,"USA: Ames\, Iowa",47 days,feces,39,"TechStart 17-25 (Kent Feeds\, Muscatine\, IA)",Offspring of sow A,ambient,not fasted,grower pig,female,9825,454 GS FLX Titanium,"42-02-05 N, 93-37-12 W",187_7_feces_pg,SINGLE,other,OTHER,gut metagenome,medicated,LS454,2017-04-03T00:00:00Z,2017-03-23T15:18:00Z,1,-20 degrees Celsius,187_7.sff,SRP038757,swine intestinal tract,6/11/12,MIGS/MIMS/MIMARKS.host-associated,none,metagenome,swine,freshly voided feces,Antibiotic (carbadox) effects on the swine gut microbiota,1 gram of freshly voided feces,1 grams feces,1 to 6 months,187,,pig,,,,,,
SRR5368899,RNA-Seq,99,5875273206,PRJNA237795,SAMN02645024,"MIMS.me,MIGS/MIMS/MIMARKS.host-associated",4037012428,IOWA STATE UNIVERSITY,public,"fastq,run.zq,sra","gs,ncbi,s3","gs.us-east1,ncbi.public,s3.us-east-1",SRX2664155,USA,North America,"USA: Ames\, Iowa",47 days,feces,39,"TechStart 17-25 (Kent Feeds\, Muscatine\, IA)",Offspring of sow A,ambient,not fasted,grower pig,female,9825,Illumina HiSeq 2000,"42-02-05 N, 93-37-12 W",187_7_feces_mt,SINGLE,cDNA,METATRANSCRIPTOMIC,gut metagenome,medicated,ILLUMINA,2017-04-03T00:00:00Z,2017-03-23T15:40:00Z,1,-20 degrees Celsius,187_7.sff,SRP038757,swine intestinal tract,6/11/12,MIGS/MIMS/MIMARKS.host-associated,none,metagenome,swine,freshly voided feces,Antibiotic (carbadox) effects on the swine gut microbiota,1 gram of freshly voided feces,1 grams feces,1 to 6 months,187,,pig,,,,,,
SRR5368900,WGS,751,83221488,PRJNA237795,SAMN02645024,"MIMS.me,MIGS/MIMS/MIMARKS.host-associated",58747069,IOWA STATE UNIVERSITY,public,"fastq,run.zq,sra","gs,ncbi,s3","gs.us-east1,ncbi.public,s3.us-east-1",SRX2664156,USA,North America,"USA: Ames\, Iowa",47 days,feces,39,"TechStart 17-25 (Kent Feeds\, Muscatine\, IA)",Offspring of sow A,ambient,not fasted,grower pig,female,9825,454 GS FLX Titanium,"42-02-05 N, 93-37-12 W",187_7_feces_mg,SINGLE,RANDOM,METAGENOMIC,gut metagenome,medicated,LS454,2017-04-03T00:00:00Z,2017-03-23T15:19:00Z,1,-20 degrees Celsius,187_7.sff,SRP038757,swine intestinal tract,6/11/12,MIGS/MIMS/MIMARKS.host-associated,none,metagenome,swine,freshly voided feces,Antibiotic (carbadox) effects on the swine gut microbiota,1 gram of freshly voided feces,1 grams feces,1 to 6 months,187,,pig,,,,,,
SRR5368901,OTHER,427,20492455,PRJNA237795,SAMN02645023,"MIMS.me,MIGS/MIMS/MIMARKS.host-associated",12800673,IOWA STATE UNIVERSITY,public,"fastq,run.zq,sra","gs,ncbi,s3","gs.us-east1,ncbi.public,s3.us-east-1",SRX2664157,USA,North America,"USA: Ames\, Iowa",35 days,feces,39,"TechStart 17-25 (Kent Feeds\, Muscatine\, IA)",Offspring of sow A,ambient,not fasted,grower pig,female,9825,454 GS FLX Titanium,"42-02-05 N, 93-37-12 W",187_5_feces_pg,SINGLE,other,OTHER,gut metagenome,medicated,LS454,2017-04-03T00:00:00Z,2017-03-23T15:18:00Z,1,-20 degrees Celsius,187_5.sff,SRP038757,swine intestinal tract,5/30/12,MIGS/MIMS/MIMARKS.host-associated,none,metagenome,swine,freshly voided feces,Antibiotic (carbadox) effects on the swine gut microbiota,1 gram of freshly voided feces,1 grams feces,1 to 6 months,187,,pig,,,,,,
SRR5368902,RNA-Seq,100,6848730500,PRJNA237795,SAMN02645023,"MIMS.me,MIGS/MIMS/MIMARKS.host-associated",4601317949,IOWA STATE UNIVERSITY,public,"fastq,run.zq,sra","gs,ncbi,s3","gs.us-east1,ncbi.public,s3.us-east-1",SRX2664158,USA,North America,"USA: Ames\, Iowa",35 days,feces,39,"TechStart 17-25 (Kent Feeds\, Muscatine\, IA)",Offspring of sow A,ambient,not fasted,grower pig,female,9825,Illumina HiSeq 2000,"42-02-05 N, 93-37-12 W",187_5_feces_mt,SINGLE,cDNA,METATRANSCRIPTOMIC,gut metagenome,medicated,ILLUMINA,2017-04-03T00:00:00Z,2017-03-23T15:36:00Z,1,-20 degrees Celsius,187_5.sff,SRP038757,swine intestinal tract,5/30/12,MIGS/MIMS/MIMARKS.host-associated,none,metagenome,swine,freshly voided feces,Antibiotic (carbadox) effects on the swine gut microbiota,1 gram of freshly voided feces,1 grams feces,1 to 6 months,187,,pig,,,,,,
SRR5368903,WGS,739,83590168,PRJNA237795,SAMN02645023,"MIMS.me,MIGS/MIMS/MIMARKS.host-associated",58268682,IOWA STATE UNIVERSITY,public,"fastq,run.zq,sra","gs,ncbi,s3","gs.us-east1,ncbi.public,s3.us-east-1",SRX2664159,USA,North America,"USA: Ames\, Iowa",35 days,feces,39,"TechStart 17-25 (Kent Feeds\, Muscatine\, IA)",Offspring of sow A,ambient,not fasted,grower pig,female,9825,454 GS FLX Titanium,"42-02-05 N, 93-37-12 W",187_5_feces_mg,SINGLE,RANDOM,METAGENOMIC,gut metagenome,medicated,LS454,2017-04-03T00:00:00Z,2017-03-23T15:19:00Z,1,-20 degrees Celsius,187_5.sff,SRP038757,swine intestinal tract,5/30/12,MIGS/MIMS/MIMARKS.host-associated,none,metagenome,swine,freshly voided feces,Antibiotic (carbadox) effects on the swine gut microbiota,1 gram of freshly voided feces,1 grams feces,1 to 6 months,187,,pig,,,,,,
SRR5368904,OTHER,443,18593011,PRJNA237795,SAMN02645019,"MIMS.me,MIGS/MIMS/MIMARKS.host-associated",11506259,IOWA STATE UNIVERSITY,public,"fastq,run.zq,sra","gs,ncbi,s3","gs.us-east1,ncbi.public,s3.us-east-1",SRX2664160,USA,North America,"USA: Ames\, Iowa",42 days,feces,39,"TechStart 17-25\, Kent Feeds\, Muscatine\, IA",Offspring of sow A,ambient,not fasted,grower pig,female,9825,454 GS FLX Titanium,"42-02-05 N, 93-37-12 W",187_2_feces_pg,SINGLE,other,OTHER,gut metagenome,medicated,LS454,2017-04-03T00:00:00Z,2017-03-23T15:18:00Z,1,-20 degrees Celsius,187_2.sff,SRP038757,swine intestinal tract,6/6/12,MIGS/MIMS/MIMARKS.host-associated,none,metagenome,swine,freshly voided feces,Antibiotic (carbadox) effects on the swine gut microbiota,1 gram of freshly voided feces,1 grams feces,1 to 6 months,187,,pig,,,,,,
SRR5368905,RNA-Seq,99,7214895468,PRJNA237795,SAMN02645019,"MIMS.me,MIGS/MIMS/MIMARKS.host-associated",5301843970,IOWA STATE UNIVERSITY,public,"fastq,run.zq,sra","gs,ncbi,s3","gs.us-east1,ncbi.public,s3.us-east-1",SRX2664161,USA,North America,"USA: Ames\, Iowa",42 days,feces,39,"TechStart 17-25\, Kent Feeds\, Muscatine\, IA",Offspring of sow A,ambient,not fasted,grower pig,female,9825,Illumina HiSeq 2000,"42-02-05 N, 93-37-12 W",187_2_feces_mt,SINGLE,cDNA,METATRANSCRIPTOMIC,gut metagenome,medicated,ILLUMINA,2017-04-03T00:00:00Z,2017-03-23T15:40:00Z,1,-20 degrees Celsius,187_2.sff,SRP038757,swine intestinal tract,6/6/12,MIGS/MIMS/MIMARKS.host-associated,none,metagenome,swine,freshly voided feces,Antibiotic (carbadox) effects on the swine gut microbiota,1 gram of freshly voided feces,1 grams feces,1 to 6 months,187,,pig,,,,,,
SRR5368906,WGS,757,51030589,PRJNA237795,SAMN02645019,"MIMS.me,MIGS/MIMS/MIMARKS.host-associated",35359140,IOWA STATE UNIVERSITY,public,"fastq,run.zq,sra","gs,ncbi,s3","gs.us-east1,ncbi.public,s3.us-east-1",SRX2664162,USA,North America,"USA: Ames\, Iowa",42 days,feces,39,"TechStart 17-25\, Kent Feeds\, Muscatine\, IA",Offspring of sow A,ambient,not fasted,grower pig,female,9825,454 GS FLX Titanium,"42-02-05 N, 93-37-12 W",187_2_feces_mg,SINGLE,RANDOM,METAGENOMIC,gut metagenome,medicated,LS454,2017-04-03T00:00:00Z,2017-03-23T15:19:00Z,1,-20 degrees Celsius,187_2.sff,SRP038757,swine intestinal tract,6/6/12,MIGS/MIMS/MIMARKS.host-associated,none,metagenome,swine,freshly voided feces,Antibiotic (carbadox) effects on the swine gut microbiota,1 gram of freshly voided feces,1 grams feces,1 to 6 months,187,,pig,,,,,,
SRR5368907,RNA-Seq,100,4077661300,PRJNA237795,SAMN02645017,"MIMS.me,MIGS/MIMS/MIMARKS.host-associated",2810084821,IOWA STATE UNIVERSITY,public,"fastq,run.zq,sra","gs,ncbi,s3","gs.us-east1,ncbi.public,s3.us-east-1",SRX2664163,USA,North America,"USA: Ames\, Iowa",41 days,feces,39,"TechStart 17-25\, Kent Feeds\, Muscatine\, IA",Offspring of sow A,ambient,not fasted,grower pig,female,9825,Illumina HiSeq 2000,"42-02-05 N, 93-37-12 W",187_1_feces_mt,SINGLE,cDNA,METATRANSCRIPTOMIC,gut metagenome,medicated,ILLUMINA,2017-04-03T00:00:00Z,2017-03-23T15:30:00Z,1,-20 degrees Celsius,187_1.sff,SRP038757,swine intestinal tract,6/5/12,MIGS/MIMS/MIMARKS.host-associated,none,metagenome,swine,freshly voided feces,Antibiotic (carbadox) effects on the swine gut microbiota,1 gram of freshly voided feces,1 grams feces,1 to 6 months,187,,pig,,,,,,
SRR5368908,WGS,766,83307900,PRJNA237795,SAMN02645017,"MIMS.me,MIGS/MIMS/MIMARKS.host-associated",56868694,IOWA STATE UNIVERSITY,public,"fastq,run.zq,sra","gs,ncbi,s3","gs.us-east1,ncbi.public,s3.us-east-1",SRX2664164,USA,North America,"USA: Ames\, Iowa",41 days,feces,39,"TechStart 17-25\, Kent Feeds\, Muscatine\, IA",Offspring of sow A,ambient,not fasted,grower pig,female,9825,454 GS FLX Titanium,"42-02-05 N, 93-37-12 W",187_1_feces_mg,SINGLE,RANDOM,METAGENOMIC,gut metagenome,medicated,LS454,2017-04-03T00:00:00Z,2017-03-23T15:19:00Z,1,-20 degrees Celsius,187_1.sff,SRP038757,swine intestinal tract,6/5/12,MIGS/MIMS/MIMARKS.host-associated,none,metagenome,swine,freshly voided feces,Antibiotic (carbadox) effects on the swine gut microbiota,1 gram of freshly voided feces,1 grams feces,1 to 6 months,187,,pig,,,,,,
