Sample	0	1	2	3	4	5	6	7	8	9	10	11	12	13	14	15	16	17	18	19	20	21	22	23	24	25	26	27	28	29	30	31	32	33	34	35	36	37	38	39	40	41	42	43	44	45	46	47	48	49	50	51	52	53	54	55	56
SRR5816731_1	(1, 36.8700128372968)	(2, 36.1658426223674)	(3, 36.466565832454215)	(4, 36.8728090801632)	(5, 36.966305273459845)	(6, 36.88136304129542)	(7, 37.240273523393114)	(8, 37.92631900047028)	(9, 37.21228567433939)	(10, 37.426259262554495)	(15, 37.80325126784193)	(20, 36.39376437840792)	(25, 36.56670691561702)	(30, 37.80063296770339)	(35, 37.29788121051896)	(40, 37.006731319191125)	(45, 36.845266087929126)	(50, 36.36252526151226)	(55, 36.95325952946858)	(60, 36.85582063373032)	(65, 36.73421711554838)	(70, 36.782922582203184)	(75, 36.35460935216137)	(80, 36.912914828984334)	(85, 36.01446165969724)	(90, 35.07435209781765)	(95, 35.37914002821664)	(100, 35.15778181679525)	(105, 34.69482059559973)	(110, 35.41849587554177)	(115, 35.47248878325304)	(120, 34.9536586295868)	(125, 34.65142036427419)	(130, 34.74649516377086)	(135, 34.535800805826355)	(140, 34.78761264410183)	(145, 34.38316915998322)	(150, 33.888394321084945)	(155, 33.800660930132054)	(160, 33.583990238570365)	(165, 33.56058822781753)	(170, 32.719130114264644)	(175, 33.16614512500477)	(180, 33.36273625074672)	(185, 32.26763857289932)	(190, 32.64576941164508)	(195, 32.88855446954002)	(200, 31.564602107350304)	(205, 32.70700713041931)	(210, 32.680928352631646)	(215, 31.75296973702607)	(220, 32.11383758913024)	(225, 31.71970461507175)	(230, 30.53301875857226)	(235, 30.779438009438007)	(240, 35.11111111111111)	
SRR5816731_2	(1, 36.10062661260597)	(2, 37.123136367680516)	(3, 37.02750486164953)	(4, 37.12153488312976)	(5, 36.658400803284316)	(6, 36.63720019827904)	(7, 35.76073058199982)	(8, 36.89081942626181)	(9, 36.493549576115)	(10, 35.75119793586437)	(15, 36.13235634302274)	(20, 36.86547021365838)	(25, 36.5371455444412)	(30, 35.95954344980108)	(35, 35.887258029665595)	(40, 36.305197198673056)	(45, 35.87128894085946)	(50, 35.473238684749035)	(55, 36.34234655617271)	(60, 35.5452190602082)	(65, 35.466314170596235)	(70, 36.02833865043151)	(75, 36.45637734026462)	(80, 35.8603912197974)	(85, 35.80537132834246)	(90, 35.05875414670108)	(95, 34.502703458444024)	(100, 34.34566900110578)	(105, 35.61192470480572)	(110, 34.78784142760909)	(115, 35.25469959454479)	(120, 35.8381026221132)	(125, 35.3511775995526)	(130, 34.969276917015144)	(135, 34.10120111341307)	(140, 34.37177828336108)	(145, 33.1095212069601)	(150, 31.929524511610765)	(155, 33.23601052404133)	(160, 32.896930487944374)	(165, 30.905636971414772)	(170, 29.57311539585902)	(175, 31.07644927996746)	(180, 31.533876482326473)	(185, 30.472478615097167)	(190, 29.02491706597862)	(195, 28.271375370184426)	(200, 25.800836330820953)	(205, 25.627489609415715)	(210, 24.704302400955804)	(215, 24.879192140015505)	(220, 20.869435794450727)	(225, 21.950247213289778)	(230, 19.868479847965055)	(235, 16.403636363636366)	(240, 16.16)	(245, 16.4)
SRR5816732_1	(1, 36.42843189669353)	(2, 36.34324107583484)	(3, 36.13846849810824)	(4, 36.7492186214838)	(5, 36.44304161868728)	(6, 36.810978368152654)	(7, 36.973700444152)	(8, 36.804038493173216)	(9, 36.94513900312551)	(10, 37.130954926797166)	(15, 37.520359022865605)	(20, 36.16843230794539)	(25, 36.510104457970066)	(30, 37.44640771508471)	(35, 37.07960807698635)	(40, 36.98606884355979)	(45, 36.59248437242968)	(50, 36.406779486757685)	(55, 36.74515339694028)	(60, 36.313628886329994)	(65, 36.00439422602402)	(70, 36.16971952623787)	(75, 36.125213850962325)	(80, 35.8337020891594)	(85, 35.71733426550419)	(90, 34.541201266655705)	(95, 35.38945755880901)	(100, 35.33573984207929)	(105, 35.07581839118276)	(110, 35.368362395130774)	(115, 34.54562428030926)	(120, 35.0939278664254)	(125, 34.912267642704386)	(130, 34.767297252837636)	(135, 34.093465208093434)	(140, 34.5804531995394)	(145, 34.10543880572463)	(150, 34.161268300707356)	(155, 33.99160634972857)	(160, 33.62332003619016)	(165, 33.35286436913966)	(170, 32.81750493502221)	(175, 33.07133985852936)	(180, 32.75197812140154)	(185, 31.776159730218787)	(190, 32.25717017601579)	(195, 32.36845492679717)	(200, 31.19192963642272)	(205, 31.842145956283026)	(210, 31.884084226110918)	(215, 31.649412925911452)	(220, 31.7837984001974)	(225, 31.77668770948572)	(230, 30.85160761097074)	(235, 29.61504147962138)	(240, 21.57142857142857)	
SRR5816732_2	(1, 34.79929881559467)	(2, 36.3827623786807)	(3, 35.498406399078796)	(4, 35.02745106102977)	(5, 35.397413225859516)	(6, 34.49900271426221)	(7, 35.777245435104454)	(8, 36.07255510774799)	(9, 34.39524387234743)	(10, 34.19725283763778)	(15, 34.81330194110873)	(20, 35.58117905905576)	(25, 34.783251768382954)	(30, 34.324245352854085)	(35, 34.9630490212206)	(40, 35.57823449580523)	(45, 35.18374527060372)	(50, 34.08557945385754)	(55, 34.767842161539726)	(60, 34.37223433130449)	(65, 33.00058603388715)	(70, 33.66516902451061)	(75, 34.8074333772002)	(80, 34.350257032406645)	(85, 33.83877693699622)	(90, 33.661560289521304)	(95, 32.1842860667873)	(100, 32.04136165487745)	(105, 33.49440080605363)	(110, 32.770646899161044)	(115, 32.534775456489555)	(120, 33.18219073860833)	(125, 32.174514722816255)	(130, 32.09529527882875)	(135, 31.29206489554203)	(140, 31.905138591873662)	(145, 31.75010486922191)	(150, 29.247927290672806)	(155, 31.39488813949663)	(160, 30.000754647145914)	(165, 28.325359845369302)	(170, 27.18585293633821)	(175, 27.72809672643527)	(180, 27.725968498108237)	(185, 26.661728902780066)	(190, 25.932036519164335)	(195, 24.84610801762939)	(200, 22.597522182124756)	(205, 23.383701921594028)	(210, 22.111857540894274)	(215, 22.16124322712645)	(220, 19.314323021087155)	(225, 20.734931063199774)	(230, 19.396967687341093)	(235, 17.594588744588744)	(240, 16.545454545454543)	(245, 15.96875)
SRR5816733_1	(1, 36.91939075708487)	(2, 36.517484079991064)	(3, 36.21853796596284)	(4, 37.01959557591331)	(5, 37.16074181655681)	(6, 37.02909172159535)	(7, 37.339880087885895)	(8, 38.22503258481361)	(9, 37.35553569433583)	(10, 37.510865825047475)	(15, 37.77817748482479)	(20, 36.61051800543701)	(25, 36.77832495438126)	(30, 37.74181416294753)	(35, 37.14758027873163)	(40, 36.89833967717186)	(45, 37.043177332012434)	(50, 36.496720322381215)	(55, 37.08794124438551)	(60, 36.483214277733495)	(65, 36.658532152460694)	(70, 36.92123112677)	(75, 37.04286001594029)	(80, 37.040144207491934)	(85, 36.40120818466902)	(90, 35.46885013891889)	(95, 36.23755502752307)	(100, 35.61565425955858)	(105, 35.65465434149466)	(110, 35.803256586543114)	(115, 35.82058830101825)	(120, 35.57521806169042)	(125, 35.265313479974076)	(130, 35.447610818541385)	(135, 35.35752880797909)	(140, 35.075744687190415)	(145, 34.502338157630106)	(150, 34.413242359461)	(155, 34.656570155902)	(160, 34.298661462484446)	(165, 33.679822124229986)	(170, 33.57376853803696)	(175, 33.58564182017266)	(180, 33.91061221145467)	(185, 33.323383810921335)	(190, 32.353461799167235)	(195, 32.9273331297346)	(200, 32.241411982033654)	(205, 32.535750199253634)	(210, 32.06247998152714)	(215, 31.913907531415038)	(220, 32.75115716084052)	(225, 32.40302716553322)	(230, 31.324002962112512)	(235, 30.756077925462602)	(240, 30.575000000000003)	
SRR5816733_2	(1, 35.51326108814658)	(2, 36.812579600044685)	(3, 36.78706289800022)	(4, 36.79759430976055)	(5, 36.545376680445386)	(6, 36.458950582802665)	(7, 36.094566715078386)	(8, 37.133124790526196)	(9, 36.00855770304994)	(10, 35.445968793058505)	(15, 35.12219267865788)	(20, 36.61966260752988)	(25, 36.49701709306223)	(30, 35.995511860872156)	(35, 35.722693181395)	(40, 35.80935612408297)	(45, 35.66673518787472)	(50, 35.39171787137378)	(55, 36.32178453059248)	(60, 35.28763564592411)	(65, 35.0679819759431)	(70, 36.16853386958627)	(75, 36.26393624548467)	(80, 35.64843108777418)	(85, 35.58719100286746)	(90, 35.23264141809109)	(95, 34.3149115555059)	(100, 33.927546270435336)	(105, 34.3985655234052)	(110, 34.02724760734368)	(115, 33.88251443041746)	(120, 34.941225188991915)	(125, 34.56924887349644)	(130, 34.41945555431423)	(135, 33.04670614084087)	(140, 33.43084050199233)	(145, 34.64683573529959)	(150, 31.201395747216328)	(155, 32.66068893605929)	(160, 32.14675604215544)	(165, 29.9221911890664)	(170, 28.83202621681004)	(175, 30.63275462704353)	(180, 30.464524634119094)	(185, 28.99095817971921)	(190, 28.968258434331915)	(195, 27.655173389739616)	(200, 25.10901060597033)	(205, 24.836492283858668)	(210, 24.912624381814933)	(215, 23.446649883811)	(220, 20.914915390573793)	(225, 21.438135315497824)	(230, 19.453461636849127)	(235, 16.308030533672596)	(240, 16.39764705882353)	(245, 17.13235294117647)
SRR5816734_1	(1, 36.84214186790524)	(2, 35.883556797358345)	(3, 35.9638587005824)	(4, 36.794576385991014)	(5, 36.98770494281861)	(6, 36.86053909562083)	(7, 37.499948594202635)	(8, 37.924584671396)	(9, 36.851667059769824)	(10, 37.281552576035224)	(15, 37.76250763527285)	(20, 36.30607011750761)	(25, 36.545968273551416)	(30, 37.44181529101767)	(35, 37.31386634411854)	(40, 36.856989416389474)	(45, 36.805263985485325)	(50, 35.987506501360755)	(55, 36.83934804959178)	(60, 36.582437254309035)	(65, 36.10156758391291)	(70, 36.451221046265495)	(75, 36.482345328091924)	(80, 37.102189295433924)	(85, 36.087992742667076)	(90, 35.161926821892955)	(95, 36.056968853946174)	(100, 35.06567886301784)	(105, 35.21610160266103)	(110, 35.17632778953734)	(115, 35.34546235258543)	(120, 35.21035500453583)	(125, 34.6817768370124)	(130, 35.014450559419416)	(135, 34.878706985182944)	(140, 34.860810402177194)	(145, 34.1198754157847)	(150, 33.88930390081645)	(155, 33.65438161475658)	(160, 33.378761415179916)	(165, 33.16662352585425)	(170, 32.98110916238282)	(175, 32.887358935591166)	(180, 33.15383126700937)	(185, 32.38529301481706)	(190, 31.73860372212726)	(195, 32.009247219483875)	(200, 31.753313939775143)	(205, 31.34382117607214)	(210, 31.17915172334545)	(215, 31.508014055289788)	(220, 32.36697490731613)	(225, 31.699911096058592)	(230, 30.920982384341993)	(235, 31.565654026305918)	(240, 26.01818181818182)	(245, 29.375)
SRR5816734_2	(1, 35.58542131586746)	(2, 37.03105514934896)	(3, 37.12145073207903)	(4, 37.094653192300015)	(5, 36.4984608499495)	(6, 36.351639844935924)	(7, 36.789732145557025)	(8, 37.554487121335825)	(9, 36.30812634940218)	(10, 35.22817763424472)	(15, 35.036548917152)	(20, 36.40910305955211)	(25, 36.01609666709001)	(30, 35.71371083331822)	(35, 35.36510453520087)	(40, 35.9620613119969)	(45, 35.7130504200156)	(50, 35.732034278595236)	(55, 36.41715865038615)	(60, 34.42717491880908)	(65, 34.433806871443174)	(70, 35.56692490520167)	(75, 36.16638786581272)	(80, 35.32926320373024)	(85, 35.47365059781919)	(90, 34.50101541569147)	(95, 33.74372093304546)	(100, 33.91606582361159)	(105, 33.576071508488006)	(110, 33.784367799408535)	(115, 34.238385011279036)	(120, 35.3228235692557)	(125, 35.28052325053976)	(130, 34.849101608094294)	(135, 33.278165841150035)	(140, 34.139884246239816)	(145, 34.74051925903079)	(150, 31.116524242369263)	(155, 33.02674311011121)	(160, 32.83827252329892)	(165, 30.198467502464457)	(170, 28.82898198377996)	(175, 30.979654190177257)	(180, 30.867541169995945)	(185, 29.144963139019417)	(190, 29.95917653960363)	(195, 28.420844554206944)	(200, 24.297530087692774)	(205, 24.327759298457813)	(210, 24.679326277592985)	(215, 24.335692772905958)	(220, 20.179798004233444)	(225, 22.278046567886303)	(230, 19.462598354996654)	(235, 16.65191287463177)	(240, 17.245747126436786)	(245, 16.78448275862069)
SRR5816735_1	(1, 36.837354222320975)	(2, 35.921630126439695)	(3, 36.30650386759744)	(4, 36.765510435020744)	(5, 36.70444011553705)	(6, 36.50862135781865)	(7, 37.24923138928647)	(8, 37.30151241919899)	(9, 37.07146141961753)	(10, 37.35181547142319)	(15, 37.78934020906211)	(20, 36.29681033012799)	(25, 36.77891603929087)	(30, 37.594687156062854)	(35, 37.40202448186595)	(40, 36.940272101110416)	(45, 36.66193013005668)	(50, 35.81692132009859)	(55, 36.972110927965026)	(60, 36.969793986493116)	(65, 36.44400018601671)	(70, 36.91945063064831)	(75, 36.32748624424265)	(80, 36.94105482899204)	(85, 35.92775553017894)	(90, 35.71905192503449)	(95, 36.050155790605025)	(100, 35.3564912752094)	(105, 35.36540880178164)	(110, 35.399188752073336)	(115, 35.423890993081145)	(120, 35.00523539107834)	(125, 34.78810720873874)	(130, 35.18764836277767)	(135, 35.06378165546249)	(140, 35.065859896966344)	(145, 34.00529429697875)	(150, 34.16588521616915)	(155, 33.837744214045436)	(160, 33.496536436399715)	(165, 33.47563724299717)	(170, 33.29341959086235)	(175, 33.13800205653932)	(180, 33.63074888001281)	(185, 32.79574844080215)	(190, 31.89285533434266)	(195, 32.55001782678564)	(200, 31.646030310702788)	(205, 31.998313431062012)	(210, 32.20492122627617)	(215, 32.459092952477405)	(220, 32.70599445044412)	(225, 32.18264652842727)	(230, 31.689251105507168)	(235, 28.83789526760221)	(240, 26.1)	(245, 21.083333333333336)
SRR5816735_2	(1, 35.78717621466328)	(2, 36.99864621171802)	(3, 36.94665454113294)	(4, 36.59184833437537)	(5, 36.549989407381766)	(6, 36.530504156956766)	(7, 36.78166288604926)	(8, 37.506084296572645)	(9, 36.65810645322971)	(10, 35.51382465858183)	(15, 35.910693377288396)	(20, 36.83964222786013)	(25, 36.36387452139451)	(30, 35.613678428778854)	(35, 35.604210178214345)	(40, 36.09345996248663)	(45, 36.22661072386336)	(50, 36.025421250342326)	(55, 36.09624711286564)	(60, 35.06874660907038)	(65, 34.995755718722066)	(70, 35.73289343826054)	(75, 36.39104019511086)	(80, 35.47645080116364)	(85, 35.61390268225763)	(90, 34.70196712671354)	(95, 33.90964651657874)	(100, 34.14206819579292)	(105, 34.57310095023537)	(110, 33.93314559424588)	(115, 34.5053143940764)	(120, 35.700871694973934)	(125, 35.43208891598762)	(130, 34.986459016901684)	(135, 33.89797190114245)	(140, 34.38452754339098)	(145, 34.64500054254874)	(150, 31.92914520154394)	(155, 33.684798817760466)	(160, 33.478218993339574)	(165, 31.181726958471767)	(170, 30.485823976520557)	(175, 32.23257875999194)	(180, 31.907777048638206)	(185, 31.338785000852578)	(190, 30.905033302158312)	(195, 29.24193540053015)	(200, 25.961815936464962)	(205, 25.78871395280343)	(210, 25.304068082116043)	(215, 25.712241449690232)	(220, 21.249336798755756)	(225, 23.00720401382724)	(230, 20.383320680001436)	(235, 16.589497388793426)	(240, 15.884415584415587)	(245, 16.285714285714285)
SRR5816736_1	(1, 36.79809202987588)	(2, 36.24984192288046)	(3, 36.38780942388138)	(4, 36.85221653113912)	(5, 36.64735686772604)	(6, 37.05519859732443)	(7, 37.33544931177778)	(8, 37.3873538304364)	(9, 37.14263940469123)	(10, 37.258923971118136)	(15, 37.72810956332059)	(20, 36.12462717269753)	(25, 36.331948145182444)	(30, 37.640685875222616)	(35, 37.03948145182444)	(40, 36.93296039098201)	(45, 36.57094970524484)	(50, 36.381579666726495)	(55, 36.86021509532948)	(60, 36.730077174768404)	(65, 36.34242568994795)	(70, 36.517865613739595)	(75, 36.269505335965654)	(80, 36.389329725401396)	(85, 35.62447668880206)	(90, 34.91797937404222)	(95, 35.3001858269021)	(100, 35.018099485041354)	(105, 35.14890119144589)	(110, 35.08267557604959)	(115, 35.01271298993553)	(120, 35.01526210428948)	(125, 34.396203940193004)	(130, 34.72491875250231)	(135, 34.38402661770188)	(140, 34.739672248836854)	(145, 33.934104620822)	(150, 33.84015241671614)	(155, 34.09513012024906)	(160, 33.8960495906562)	(165, 33.50802369085913)	(170, 32.86716441401019)	(175, 33.07275910151451)	(180, 33.16966520784725)	(185, 32.47529109659962)	(190, 31.929321718001468)	(195, 32.70787156143106)	(200, 30.944455550524072)	(205, 32.000997890458464)	(210, 31.834769668718696)	(215, 31.425349911503936)	(220, 31.945089365838033)	(225, 32.034475340446974)	(230, 30.379962969004005)	(235, 28.676798713622752)	(240, 25.98887147335423)	(245, 15.375)
SRR5816736_2	(1, 34.23582897298193)	(2, 36.37250700647495)	(3, 35.8131348970773)	(4, 35.746110198390234)	(5, 35.63220355362887)	(6, 34.84789805751522)	(7, 35.59455772921182)	(8, 36.67295845816133)	(9, 34.99343945439234)	(10, 33.972294948435106)	(15, 34.81253793160576)	(20, 35.35660596689354)	(25, 35.65769083152706)	(30, 34.74848701558682)	(35, 35.10303038670219)	(40, 35.367477254842406)	(45, 34.82747145638037)	(50, 33.98654425469054)	(55, 35.10797178081814)	(60, 34.511176397498375)	(65, 34.04051965264451)	(70, 34.916568967183466)	(75, 35.43923405077796)	(80, 34.94767909654439)	(85, 34.557387378680986)	(90, 33.955825659575055)	(95, 32.76415611668715)	(100, 32.41244129057198)	(105, 34.177446191652976)	(110, 33.04857896262753)	(115, 34.006904587687934)	(120, 34.149826184197806)	(125, 33.73462537793547)	(130, 33.37448787155026)	(135, 32.34155536840942)	(140, 32.610094294037246)	(145, 32.80053124956857)	(150, 31.23675396573385)	(155, 31.864514240746622)	(160, 31.37455413968771)	(165, 28.9669366172877)	(170, 28.16856460453108)	(175, 29.66966714066793)	(180, 29.140385183548936)	(185, 28.299940634793536)	(190, 28.335071031159835)	(195, 26.896403572957077)	(200, 23.600447862162273)	(205, 23.98366379964933)	(210, 23.75098808554112)	(215, 23.193309127055347)	(220, 19.669290516753414)	(225, 21.948537268924387)	(230, 19.02908160973297)	(235, 16.875005593295562)	(240, 16.296383057636678)	(245, 16.32223567393059)
SRR5816737_1	(1, 36.3500009988613)	(2, 36.20326827416745)	(3, 35.9142377689434)	(4, 36.58041832311165)	(5, 36.316159578080985)	(6, 36.696006552530115)	(7, 36.90794494276525)	(8, 36.69680564156861)	(9, 36.81037617116487)	(10, 36.93559342349722)	(15, 37.39711528857103)	(20, 35.9399564496474)	(25, 36.332169326967254)	(30, 37.323587110693815)	(35, 36.91195636973849)	(40, 36.830257506442656)	(45, 36.499614439538924)	(50, 36.28651737019798)	(55, 36.54359630021775)	(60, 36.00230537187606)	(65, 35.70163613480632)	(70, 35.91019837385381)	(75, 35.83098068202249)	(80, 35.49533931318297)	(85, 35.50945122560282)	(90, 34.32349921089957)	(95, 35.142789220288876)	(100, 34.95227440717582)	(105, 34.6954272129772)	(110, 34.993051920810274)	(115, 34.23638252392273)	(120, 34.73393131829714)	(125, 34.5417104500869)	(130, 34.30346604870447)	(135, 33.73016760892583)	(140, 34.18005873304433)	(145, 33.786930898775395)	(150, 33.77748167089518)	(155, 33.60512615618195)	(160, 33.28593003975468)	(165, 32.91796551930799)	(170, 32.365874902611026)	(175, 32.6176398905248)	(180, 32.3064306690373)	(185, 31.37682242243842)	(190, 31.973845815770023)	(195, 31.85346012466038)	(200, 30.890710404347136)	(205, 31.48005433914016)	(210, 31.423825315646475)	(215, 31.205150231740454)	(220, 31.36390442704171)	(225, 31.343407383730227)	(230, 30.201992059357913)	(235, 31.189513528828446)	(240, 28.375)	
SRR5816737_2	(1, 34.851749006133005)	(2, 36.321313702379285)	(3, 35.4340052340332)	(4, 35.06740316039715)	(5, 35.25974389196316)	(6, 34.6094052779831)	(7, 35.515012885310746)	(8, 35.866092654374015)	(9, 34.123519188125535)	(10, 34.04752182511936)	(15, 34.64217591945182)	(20, 35.438552050662246)	(25, 34.71090157220768)	(30, 34.21927402760853)	(35, 34.780737958727045)	(40, 35.29577082126376)	(45, 34.95218251193639)	(50, 33.755622590247114)	(55, 34.68691691471722)	(60, 34.21571808138722)	(65, 32.859264438540066)	(70, 33.61701660107477)	(75, 34.50529196715744)	(80, 34.015414427552585)	(85, 33.5281618954392)	(90, 33.39875741654514)	(95, 31.997047366002754)	(100, 31.71496893541363)	(105, 33.0369818407016)	(110, 32.40968495914657)	(115, 32.21864674271331)	(120, 32.80517809696946)	(125, 31.876936292626407)	(130, 31.844629122800008)	(135, 30.937303474039595)	(140, 31.505879297600735)	(145, 31.326447849451625)	(150, 28.99446231296322)	(155, 30.83640250114869)	(160, 29.478526479813013)	(165, 27.91820524601954)	(170, 26.694931777773338)	(175, 27.20972890904369)	(180, 27.223872785025073)	(185, 26.0997343028947)	(190, 25.49545917653875)	(195, 24.287300477455705)	(200, 22.237960724773757)	(205, 22.87920171005054)	(210, 21.748914237768947)	(215, 21.722608226621652)	(220, 19.106358751023834)	(225, 20.41704057374593)	(230, 19.338182863433058)	(235, 18.217237593324548)	(240, 16.8)	(245, 16.666666666666668)
SRR5816738_1	(1, 36.92608994808282)	(2, 35.90314630637393)	(3, 36.53419653468443)	(4, 36.7890285857259)	(5, 36.988778382435726)	(6, 37.16161881528742)	(7, 37.56209420153875)	(8, 38.09810471007694)	(9, 37.24631262901107)	(10, 37.20342528304248)	(15, 37.53300556702321)	(20, 36.483900669293796)	(25, 36.76929755426284)	(30, 37.617343568655556)	(35, 36.80559211349363)	(40, 37.06558911101659)	(45, 36.77063077038557)	(50, 36.397115119973975)	(55, 37.25183526409287)	(60, 37.088377911777215)	(65, 36.905334400880726)	(70, 36.967565741736934)	(75, 36.89377736632722)	(80, 37.240848700177644)	(85, 36.408574574023575)	(90, 35.9618910601246)	(95, 35.90428103185128)	(100, 35.46694272775039)	(105, 35.62261115420222)	(110, 35.647839467560736)	(115, 35.44467936047239)	(120, 35.25256836890435)	(125, 34.93051017089098)	(130, 35.491903320239196)	(135, 35.37520454374859)	(140, 35.317329296669755)	(145, 34.3625691195236)	(150, 34.27040058047889)	(155, 34.611647108864815)	(160, 34.195291115170015)	(165, 33.80622513573699)	(170, 33.25890609753046)	(175, 33.58793504641329)	(180, 33.83251682638176)	(185, 33.102246853654265)	(190, 31.794740661045363)	(195, 33.070919394993304)	(200, 31.100484155480217)	(205, 32.88723055559031)	(210, 32.773823076826844)	(215, 31.89674852689127)	(220, 32.45679006167666)	(225, 32.046569001538785)	(230, 31.677524481112044)	(235, 30.979055536587964)	(240, 24.96923076923077)	(245, 19.25)
SRR5816738_2	(1, 35.081828986051164)	(2, 36.976668543191344)	(3, 37.207718771501845)	(4, 37.27677487958967)	(5, 36.46008632013511)	(6, 35.968887220866954)	(7, 36.814186526552824)	(8, 37.57176455870395)	(9, 36.90952649027335)	(10, 35.14576343278914)	(15, 35.38431725777194)	(20, 36.47209107399762)	(25, 36.60019265653344)	(30, 35.730681178457495)	(35, 35.930255832864205)	(40, 36.27749296303246)	(45, 35.489352598986684)	(50, 35.0729192468881)	(55, 36.032921748921)	(60, 35.129019828610744)	(65, 35.372930506036155)	(70, 35.955719021705136)	(75, 36.512191155313694)	(80, 36.29177456683555)	(85, 35.69304059548383)	(90, 34.8996359542128)	(95, 34.461504972790394)	(100, 34.17711140301495)	(105, 36.227259648464376)	(110, 34.3595696503409)	(115, 35.88242947394758)	(120, 36.04096578470006)	(125, 36.228603240132614)	(130, 35.44906986926878)	(135, 34.063343966973164)	(140, 34.13067117032589)	(145, 35.49040595483831)	(150, 31.789816726089953)	(155, 33.18760242697192)	(160, 32.77247763808094)	(165, 30.385508225433163)	(170, 30.161556264464878)	(175, 32.41366360167636)	(180, 31.558236066804277)	(185, 30.38348807857807)	(190, 29.916526134060597)	(195, 28.70764970804359)	(200, 26.52709519293499)	(205, 25.63212270583378)	(210, 25.812135466840147)	(215, 24.97437289662334)	(220, 20.608775068496577)	(225, 22.226795611214673)	(230, 19.72133691100003)	(235, 16.496304436304438)	(240, 16.59047619047619)	(245, 16.226190476190478)
SRR5816739_1	(1, 37.10161524085587)	(2, 35.85328387810367)	(3, 36.64600099164728)	(4, 36.95402189252069)	(5, 37.082096952591634)	(6, 37.29019985506694)	(7, 37.6934856401846)	(8, 38.226152789961475)	(9, 37.25426217628437)	(10, 37.24490255158473)	(15, 37.704717952629764)	(20, 36.3837102864335)	(25, 36.632575613105)	(30, 37.69706319844387)	(35, 36.948314199626225)	(40, 37.143935695488004)	(45, 36.85311415385789)	(50, 36.54698119684198)	(55, 37.21123994050116)	(60, 37.13012700713223)	(65, 36.840148365689004)	(70, 36.743481826156604)	(75, 36.73890117853465)	(80, 37.25259544605058)	(85, 35.76993973835768)	(90, 35.66315076852664)	(95, 35.83965444906365)	(100, 35.1548457225676)	(105, 35.29699835996796)	(110, 35.21130859300507)	(115, 35.49384606583012)	(120, 35.26866776002136)	(125, 34.57975704641672)	(130, 35.17670200999275)	(135, 35.328078874098935)	(140, 35.03147145200046)	(145, 33.99264655402571)	(150, 34.09562149586178)	(155, 34.56642511156032)	(160, 34.082829245966664)	(165, 33.418457988481634)	(170, 32.83291124756855)	(175, 33.36223921583584)	(180, 33.547635302643116)	(185, 32.86756550593081)	(190, 31.35949692970746)	(195, 32.819609824936116)	(200, 30.860551508448076)	(205, 33.13568976696289)	(210, 32.93027194019604)	(215, 31.542783859033523)	(220, 31.913457797780232)	(225, 31.622605743926165)	(230, 30.773844084096176)	(235, 25.901116159007746)	(240, 35.25)	
SRR5816739_2	(1, 35.623412410847095)	(2, 36.90256111979862)	(3, 37.36104542507342)	(4, 37.5056066211526)	(5, 36.66657767268012)	(6, 36.51927991151455)	(7, 36.746519699454595)	(8, 37.571694191235366)	(9, 37.059784888821085)	(10, 35.70646668446546)	(15, 35.70604523437202)	(20, 36.891244898737554)	(25, 36.91586063541707)	(30, 36.10376635264503)	(35, 36.017693275868645)	(40, 36.51059727678401)	(45, 35.97004271711354)	(50, 35.11062778900797)	(55, 35.920990503070286)	(60, 35.460610625882)	(65, 35.332219001487466)	(70, 36.31173195011251)	(75, 36.81177581143446)	(80, 36.60722376902247)	(85, 35.93898127312254)	(90, 35.08071055341546)	(95, 34.75799229566345)	(100, 34.5580304359434)	(105, 36.53562874251497)	(110, 35.19526488424425)	(115, 36.386717647507524)	(120, 36.27062244936877)	(125, 36.670889431328426)	(130, 36.11492619855831)	(135, 34.73902513444448)	(140, 35.23150768526641)	(145, 36.41285136732904)	(150, 32.44331019489683)	(155, 33.63152484839238)	(160, 34.3261356268355)	(165, 30.69554330828788)	(170, 30.298400015256114)	(175, 33.1821217437736)	(180, 32.10907547961402)	(185, 31.681116747396924)	(190, 30.91663297608605)	(195, 30.05481711735764)	(200, 26.979259315763375)	(205, 27.01534955566574)	(210, 27.40412296426256)	(215, 25.07697662000839)	(220, 21.38282352492467)	(225, 22.103688165071134)	(230, 19.549040033193084)	(235, 17.459209950022036)	(240, 16.722272727272728)	(245, 17.357142857142858)
SRR5816740_1	(1, 37.05445187625481)	(2, 35.94955242753985)	(3, 36.63426619191819)	(4, 36.872394706776255)	(5, 37.04010959147227)	(6, 37.42797244684037)	(7, 37.708639756857785)	(8, 38.15037769125819)	(9, 37.16904595520948)	(10, 37.25453617738733)	(15, 37.67022284338846)	(20, 36.28192517165264)	(25, 36.1845972957084)	(30, 37.74521313766597)	(35, 37.08350470866194)	(40, 37.02837176799441)	(45, 36.75202821869489)	(50, 36.52376515479241)	(55, 37.14571672601023)	(60, 37.00162612447728)	(65, 36.677723425731806)	(70, 36.43314587423602)	(75, 35.995086131354476)	(80, 36.82885760873182)	(85, 34.627839339789034)	(90, 34.15339034752033)	(95, 34.93602431422138)	(100, 34.47139862234202)	(105, 34.591414595188176)	(110, 34.94719643273102)	(115, 35.148516410990204)	(120, 34.686255587723096)	(125, 33.84396082215788)	(130, 34.359704058655836)	(135, 34.05491109558196)	(140, 34.62227546504276)	(145, 34.179707830022295)	(150, 33.54599846926891)	(155, 33.99181169789136)	(160, 33.64583541313102)	(165, 33.064139851141945)	(170, 32.178929153771925)	(175, 32.84751034352711)	(180, 32.79133029405566)	(185, 32.00249575721274)	(190, 31.821028695661816)	(195, 32.250083746519806)	(200, 29.838798487016515)	(205, 32.67297815935133)	(210, 32.36208001952237)	(215, 30.926822180071657)	(220, 30.71678812685102)	(225, 30.744281388306547)	(230, 28.270900637661804)	(235, 27.873029371225204)	(240, 22.75)	
SRR5816740_2	(1, 34.498907412953535)	(2, 36.57232704402516)	(3, 35.777811054540614)	(4, 36.86423080762703)	(5, 36.18692666910696)	(6, 35.764089935997696)	(7, 32.7943828824332)	(8, 35.491009727907006)	(9, 35.0385788603818)	(10, 33.80959258150034)	(15, 35.411440551063194)	(20, 36.44596408328064)	(25, 36.36583585682118)	(30, 35.49718589508946)	(35, 35.31960112253613)	(40, 35.64201745920824)	(45, 34.344645214246896)	(50, 34.25072709726798)	(55, 35.604973766818624)	(60, 33.88213592448393)	(65, 34.52060386232294)	(70, 35.79128370658769)	(75, 36.157024170022076)	(80, 35.34889354763568)	(85, 35.08623562166539)	(90, 32.96795004048673)	(95, 33.39340010870409)	(100, 33.151074284826905)	(105, 35.27213958492784)	(110, 33.81925615342806)	(115, 35.2543320799086)	(120, 36.17454327643007)	(125, 35.53481082160327)	(130, 34.70846449924018)	(135, 33.09548212483223)	(140, 33.77642674120661)	(145, 35.428511530398325)	(150, 30.825330271871156)	(155, 33.3823056359744)	(160, 33.216818075937574)	(165, 29.17238028684569)	(170, 27.352270029838166)	(175, 30.360664647876387)	(180, 30.8673721340388)	(185, 29.261100573469548)	(190, 29.040030035160044)	(195, 28.846780997342183)	(200, 24.90499950082641)	(205, 24.413129374701885)	(210, 24.711493194600052)	(215, 24.125372438962167)	(220, 19.307923548791443)	(225, 21.15302221877115)	(230, 18.601595484888275)	(235, 16.29893514781071)	(240, 17.525)	(245, 17.78125)
SRR5816741_1	(1, 37.10389657289372)	(2, 35.904662164602215)	(3, 36.65946817858992)	(4, 36.94103980836132)	(5, 37.086839285929244)	(6, 37.3332972205169)	(7, 37.62551009353219)	(8, 38.190639557979125)	(9, 37.02639846881658)	(10, 37.267776533891876)	(15, 37.79329023870572)	(20, 36.4203387382182)	(25, 36.411004778929374)	(30, 37.76434220504857)	(35, 37.124028264297664)	(40, 36.919591202917914)	(45, 36.8579466252573)	(50, 36.317778339532694)	(55, 36.872820290587796)	(60, 36.90286374634358)	(65, 36.747602710868755)	(70, 36.62788150181166)	(75, 36.28853418078076)	(80, 37.04884378799369)	(85, 35.263423735750486)	(90, 35.13061764953714)	(95, 35.17243147593081)	(100, 34.42548601832123)	(105, 34.315695833784744)	(110, 35.24076414719584)	(115, 35.20761258170525)	(120, 34.31263105942966)	(125, 34.199932589409315)	(130, 34.49680642326628)	(135, 34.446561457994775)	(140, 34.51280921599076)	(145, 34.18352051809854)	(150, 33.629075632275224)	(155, 33.80294921334248)	(160, 33.61396121483515)	(165, 33.26899233204531)	(170, 32.43935815487583)	(175, 33.069375127899555)	(180, 33.15029431945398)	(185, 32.01079050955184)	(190, 32.05473017707318)	(195, 32.642333850950365)	(200, 30.610393268571016)	(205, 32.687835999662944)	(210, 32.615410542534875)	(215, 31.079395230700708)	(220, 31.388321115163773)	(225, 31.158087465241415)	(230, 29.353639406486174)	(235, 27.29410033027454)	(240, 18.72)	(245, 30.666666666666668)
SRR5816741_2	(1, 35.22238272362861)	(2, 36.51350017454528)	(3, 36.963164927232675)	(4, 36.57631239993741)	(5, 36.54422014372901)	(6, 36.4985615061452)	(7, 34.429935117306464)	(8, 36.3495720631252)	(9, 36.02248624703574)	(10, 35.04054506277612)	(15, 35.758614712361414)	(20, 36.696243063329845)	(25, 36.251756888519736)	(30, 35.924377354856574)	(35, 35.65173522082987)	(40, 35.75431969472633)	(45, 35.37169236695437)	(50, 34.875348187738496)	(55, 35.93783299026158)	(60, 35.07052592298341)	(65, 35.667482816318184)	(70, 36.30222334573207)	(75, 36.34678896873834)	(80, 35.837485103463216)	(85, 35.52714600411686)	(90, 34.25080110264466)	(95, 34.17820952656098)	(100, 34.038216989876375)	(105, 35.56290972999651)	(110, 34.74841404547807)	(115, 35.167953486692426)	(120, 36.0258591840911)	(125, 35.49503208021861)	(130, 34.97142994715491)	(135, 33.70378582692331)	(140, 33.90798454371456)	(145, 34.41248058936117)	(150, 31.29129801499886)	(155, 33.0029395832581)	(160, 32.82089487559134)	(165, 30.24724519398601)	(170, 28.727328975720148)	(175, 31.165642266440365)	(180, 31.291444873785707)	(185, 29.665205301361453)	(190, 28.654169224657828)	(195, 28.319398601230244)	(200, 25.005448220240034)	(205, 24.79507902687997)	(210, 24.840475244664333)	(215, 24.209146172643337)	(220, 19.95399949442057)	(225, 21.446951476412313)	(230, 19.31145620568222)	(235, 15.195411877394637)	(240, 16.22)	(245, 16.333333333333332)
SRR5816742_1	(1, 36.944086560935844)	(2, 35.96807552418849)	(3, 36.47589131996306)	(4, 36.80573956468697)	(5, 36.98282919265281)	(6, 36.991779447478535)	(7, 37.32600590602802)	(8, 38.15661235705246)	(9, 37.103651932000865)	(10, 37.22966011834859)	(15, 37.649373482162204)	(20, 36.315591685954374)	(25, 36.40079127093618)	(30, 37.68129623909547)	(35, 36.98973832734736)	(40, 36.88510575223761)	(45, 36.74538965851434)	(50, 36.24802462801436)	(55, 36.939763981529)	(60, 36.86041388746366)	(65, 36.79026281283849)	(70, 36.677685422723904)	(75, 36.35203010090645)	(80, 37.06888546833134)	(85, 35.70930049598085)	(90, 35.06745111453167)	(95, 35.23128441936036)	(100, 34.859827831936606)	(105, 34.603550538737814)	(110, 35.14068525169602)	(115, 35.18354255743686)	(120, 34.58647739581552)	(125, 34.36319708112423)	(130, 34.60900062710222)	(135, 34.633505501396726)	(140, 34.594725500256544)	(145, 34.022333960435546)	(150, 33.64439427626703)	(155, 33.80565988256085)	(160, 33.506965395359444)	(165, 33.24260874522547)	(170, 32.41454649107804)	(175, 32.9743617809703)	(180, 33.25440510803261)	(185, 32.19234251182943)	(190, 31.792383558520037)	(195, 32.75054101818596)	(200, 30.79607776067499)	(205, 32.68823214183912)	(210, 32.68668604982612)	(215, 31.1999817570264)	(220, 31.653408585599454)	(225, 31.256046975657036)	(230, 30.062731988666872)	(235, 28.136853992689236)	(240, 34.9)	(245, 32.5)
SRR5816742_2	(1, 35.72864195560218)	(2, 37.0723887489026)	(3, 36.876680310579545)	(4, 37.25040190634727)	(5, 36.53817825259101)	(6, 36.40091440820003)	(7, 35.599883703695255)	(8, 36.86773005575382)	(9, 36.548918558381885)	(10, 35.329344294070026)	(15, 35.749452153191875)	(20, 36.74169222524998)	(25, 36.65942057076403)	(30, 35.99022198912287)	(35, 35.82319313167706)	(40, 36.19377016657735)	(45, 35.541794839636516)	(50, 35.0638124665078)	(55, 36.219877546832066)	(60, 35.28832818361134)	(65, 35.67331227838143)	(70, 36.19405520653996)	(75, 36.58033680321981)	(80, 36.14294412076573)	(85, 35.864567252328776)	(90, 34.99356949844368)	(95, 34.603064749677905)	(100, 34.37873373847013)	(105, 35.806172825430124)	(110, 34.61347440911216)	(115, 35.737473633803454)	(120, 35.96815761569773)	(125, 35.73228134584468)	(130, 35.41097289840035)	(135, 34.154817745447914)	(140, 34.38481079047283)	(145, 34.36131437627556)	(150, 31.385405953914738)	(155, 33.029121962899204)	(160, 33.20511931772835)	(165, 30.352462175196962)	(170, 29.35657359161754)	(175, 31.62005769208843)	(180, 31.525780154377646)	(185, 30.286068386787825)	(190, 29.027069675168455)	(195, 28.391976257801634)	(200, 25.942413116847582)	(205, 25.47409468211256)	(210, 25.49216455349813)	(215, 24.38526635045152)	(220, 20.578028368147404)	(225, 21.766585332481988)	(230, 19.610996526166183)	(235, 16.746581196581197)	(240, 15.900985221674876)	(245, 16.266602809706256)
SRR5816743_1	(1, 37.018806452218655)	(2, 36.04378157099131)	(3, 36.58106585544476)	(4, 36.8758755375284)	(5, 37.05857885940698)	(6, 37.16987775336601)	(7, 37.459673633410326)	(8, 38.17741723470978)	(9, 37.14748464875218)	(10, 37.32676093365632)	(15, 37.74143804104933)	(20, 36.43471729292246)	(25, 36.40954875781646)	(30, 37.7827915798171)	(35, 37.14044842544082)	(40, 36.996332600980224)	(45, 36.85784650630012)	(50, 36.387596942895236)	(55, 36.95018684393368)	(60, 36.91037124669033)	(65, 36.8133457270013)	(70, 36.80256135804556)	(75, 36.48805325521566)	(80, 37.20182149362478)	(85, 35.84005595928868)	(90, 35.07367472255085)	(95, 35.37555818451543)	(100, 35.046784218729464)	(105, 34.717794302668395)	(110, 35.447764445195574)	(115, 35.39503689932961)	(120, 34.85710100839389)	(125, 34.55366646010553)	(130, 34.82176403207332)	(135, 34.70832816930501)	(140, 34.76690515088352)	(145, 34.501318235592365)	(150, 33.927602200814974)	(155, 34.21362364561621)	(160, 33.93092971288002)	(165, 33.57603890860609)	(170, 32.76310818169868)	(175, 33.33581394475429)	(180, 33.47673558297185)	(185, 32.40420070230785)	(190, 32.434908831427336)	(195, 33.04507727264192)	(200, 31.06005671042007)	(205, 32.97916549302387)	(210, 32.971862618068464)	(215, 31.438159352524742)	(220, 31.858203293711153)	(225, 31.629006816517375)	(230, 29.849338108983893)	(235, 27.481651140874032)	(240, 33.13003663003663)	
SRR5816743_2	(1, 35.90926332788763)	(2, 37.025538467316395)	(3, 36.79720391339455)	(4, 36.90098210429459)	(5, 36.73764858317841)	(6, 36.78118603646743)	(7, 35.06045668788613)	(8, 36.49528665051734)	(9, 36.411911066043224)	(10, 35.54898878936398)	(15, 36.19778416239461)	(20, 36.94885734137044)	(25, 36.69568850581188)	(30, 36.14296471560287)	(35, 35.87672619382946)	(40, 36.19219762266914)	(45, 35.71684599928642)	(50, 35.376123410887644)	(55, 36.233588718006494)	(60, 35.42709706495408)	(65, 35.919311588079545)	(70, 36.46063320376317)	(75, 36.697908099074226)	(80, 36.11898860158114)	(85, 35.87626237019511)	(90, 34.79002873077574)	(95, 34.70186843933676)	(100, 34.445456593994706)	(105, 35.90568794246333)	(110, 34.93880156986461)	(115, 35.77558071845717)	(120, 36.517781157869045)	(125, 35.878731714645184)	(130, 35.49562090398663)	(135, 34.23792274613637)	(140, 34.37079601149231)	(145, 34.59685651512591)	(150, 31.559196664976618)	(155, 33.322032561545825)	(160, 33.04495333596229)	(165, 30.197412352355734)	(170, 29.448981278050063)	(175, 31.41109796631175)	(180, 31.70304020430774)	(185, 30.31303400747376)	(190, 29.01537941524421)	(195, 28.88877809700862)	(200, 25.998448913676224)	(205, 25.519642085891878)	(210, 25.546421797832984)	(215, 24.729964509041743)	(220, 20.470189472893544)	(225, 22.055305804367826)	(230, 19.727254608245147)	(235, 16.60107053291536)	(240, 16.29633307868602)	(245, 17.35681818181818)
SRR5816744_1	(1, 36.73908264530679)	(2, 36.26880097029115)	(3, 35.65754913046499)	(4, 36.72838796485221)	(5, 37.01751704010663)	(6, 36.76137533716986)	(7, 37.27276804608883)	(8, 38.096220539092755)	(9, 37.08639760459372)	(10, 37.25613033233735)	(15, 37.59932913463422)	(20, 36.41201114318743)	(25, 36.60322040643577)	(30, 37.49173048794454)	(35, 36.9390542973562)	(40, 36.674215862787825)	(45, 36.91170788717268)	(50, 36.256881139644335)	(55, 36.89340661423292)	(60, 36.30538425092391)	(65, 36.26495340977289)	(70, 36.67937332196216)	(75, 36.89646798698632)	(80, 36.87248744432863)	(85, 36.13412173473578)	(90, 35.11445213051581)	(95, 35.90454025711488)	(100, 35.316692251808334)	(105, 35.33675479326574)	(110, 35.46552070501279)	(115, 35.44433241732209)	(120, 35.280720174357995)	(125, 35.055702327932025)	(130, 35.15619697400423)	(135, 34.98125904166272)	(140, 34.67624119523674)	(145, 34.18025837834423)	(150, 34.03971319372059)	(155, 34.320945070911904)	(160, 33.91086642029122)	(165, 33.275519757414955)	(170, 33.15764237657539)	(175, 33.16659528096276)	(180, 33.44441706939575)	(185, 32.83137433273318)	(190, 31.844746833443885)	(195, 32.47354496351748)	(200, 32.07438895732651)	(205, 32.34762942607158)	(210, 31.545593985912376)	(215, 31.34125777819893)	(220, 32.385456268359704)	(225, 31.87743643197827)	(230, 30.73513391252725)	(235, 30.923354993612342)	(240, 36.75)	
SRR5816744_2	(1, 35.693082253652804)	(2, 36.97598908422456)	(3, 36.60465057516282)	(4, 36.730232528758144)	(5, 36.38811014320638)	(6, 36.29342463503534)	(7, 36.08100288686885)	(8, 37.13795695596419)	(9, 36.02492688072873)	(10, 35.55027889553578)	(15, 35.04936229888253)	(20, 36.738798380321285)	(25, 36.59047396448583)	(30, 36.04605345445127)	(35, 35.75670202080819)	(40, 35.948064155448726)	(45, 35.975411710454)	(50, 35.79625022899124)	(55, 36.59825271788911)	(60, 35.53407958156195)	(65, 34.984576413586595)	(70, 36.15531607107888)	(75, 36.368816762790345)	(80, 35.8754451905523)	(85, 35.78819479100206)	(90, 35.5926040567772)	(95, 34.560388621820174)	(100, 34.42501784552409)	(105, 34.77099486427927)	(110, 34.38631485189794)	(115, 34.21893583823428)	(120, 35.23153067219194)	(125, 34.948444438829334)	(130, 34.78408368761173)	(135, 33.378984605471786)	(140, 34.17893027927455)	(145, 34.41916577702254)	(150, 31.669449094458095)	(155, 33.191858650815206)	(160, 32.40782928940071)	(165, 30.388556123383637)	(170, 29.542795777717412)	(175, 31.02872466093504)	(180, 31.003936754199223)	(185, 29.56297353808835)	(190, 29.374079718824657)	(195, 28.534714437259773)	(200, 25.755114339861024)	(205, 25.445776373973466)	(210, 25.52500821225521)	(215, 24.11603790271636)	(220, 21.511675300063168)	(225, 22.193519898926088)	(230, 19.88607125919234)	(235, 16.719554775486323)	(240, 12.620000000000001)	(245, 14.75)
SRR5816745_1	(1, 36.76958276005998)	(2, 36.23179309598528)	(3, 35.565183112526476)	(4, 36.81674834201617)	(5, 37.02343592993955)	(6, 36.80996181612998)	(7, 37.331766815588914)	(8, 38.11917386801058)	(9, 37.136596224898355)	(10, 37.296328474036514)	(15, 37.678383601032664)	(20, 36.4126887937298)	(25, 36.623568877827076)	(30, 37.538630773367245)	(35, 37.04712757405232)	(40, 36.66779419949292)	(45, 36.957683507513444)	(50, 36.34119411291819)	(55, 36.917386061468065)	(60, 36.1256725001546)	(65, 36.26939583204502)	(70, 36.6536515985406)	(75, 36.935934697916025)	(80, 36.76996784367077)	(85, 36.189586296456625)	(90, 35.20245810401336)	(95, 36.07676705213036)	(100, 35.51240492239194)	(105, 35.482879846639044)	(110, 35.631853317667435)	(115, 35.641691917630325)	(120, 35.51756848679735)	(125, 35.21903407334117)	(130, 35.22939212169934)	(135, 35.126841259043964)	(140, 34.7965308267887)	(145, 34.1605528415064)	(150, 34.18804341104446)	(155, 34.375777626615545)	(160, 34.02940758147301)	(165, 33.32335971801372)	(170, 33.24659575783811)	(175, 33.20230041432193)	(180, 33.60270236843733)	(185, 32.986614927957454)	(190, 32.03595324964443)	(195, 32.41705213035681)	(200, 32.32237647640839)	(205, 32.40170985096778)	(210, 31.515484509306788)	(215, 31.532783996042298)	(220, 32.57590748871436)	(225, 31.90109764393049)	(230, 30.770643433987146)	(235, 31.180878378378377)	(240, 31.583333333333332)	
SRR5816745_2	(1, 35.401255275403095)	(2, 36.73453707854747)	(3, 36.80651444648848)	(4, 36.899562508695716)	(5, 36.57206239275279)	(6, 36.55473279020514)	(7, 35.98146459103066)	(8, 37.11473711874101)	(9, 35.682470975621065)	(10, 35.24342758204894)	(15, 34.68856493576762)	(20, 36.60205914635089)	(25, 36.45742421197458)	(30, 35.84975342804582)	(35, 35.61657520058126)	(40, 35.60108522577953)	(45, 35.72363535177083)	(50, 35.44132205852799)	(55, 36.350818557051646)	(60, 35.15669299859323)	(65, 34.55649512266761)	(70, 35.98764512189466)	(75, 36.18861285884335)	(80, 35.547547420656386)	(85, 35.41053380122745)	(90, 35.40399152843693)	(95, 34.18020931562755)	(100, 33.93381050288311)	(105, 34.158424412942324)	(110, 34.01310309644906)	(115, 33.71554098968881)	(120, 34.69459396787609)	(125, 34.36514291897908)	(130, 34.35717222935057)	(135, 32.98374016417518)	(140, 33.67501971029728)	(145, 34.22020498709169)	(150, 31.238765130551734)	(155, 32.604152302626495)	(160, 31.893521109341908)	(165, 30.060318147386642)	(170, 28.827569681698026)	(175, 30.56409170312428)	(180, 30.498514384652246)	(185, 28.947890611714875)	(190, 28.984531667877626)	(195, 27.869479184380175)	(200, 25.01269806916382)	(205, 24.82027919056379)	(210, 24.702289486295548)	(215, 23.650937591788146)	(220, 21.112016324763864)	(225, 21.615224079026696)	(230, 19.813580900577694)	(235, 17.539028379806346)	(240, 15.194285714285716)	(245, 14.9)
SRR5816746_1	(1, 36.802966962401875)	(2, 36.28030193822323)	(3, 35.66973541090594)	(4, 36.82863957435098)	(5, 37.04890114930478)	(6, 36.81567221880037)	(7, 37.33714469183692)	(8, 38.15774437469695)	(9, 37.09845099401103)	(10, 37.310658262020524)	(15, 37.70768736813137)	(20, 36.39378169761621)	(25, 36.573247539544205)	(30, 37.54007231681609)	(35, 37.02526947598797)	(40, 36.670555857703576)	(45, 36.98138535230095)	(50, 36.27946085144583)	(55, 36.85995242806875)	(60, 36.081227434457546)	(65, 36.20919592952015)	(70, 36.61212494512191)	(75, 36.78685415861242)	(80, 36.700933746584454)	(85, 35.970201361631865)	(90, 34.988839598718315)	(95, 35.851935967918436)	(100, 35.227492120489345)	(105, 35.20352137132972)	(110, 35.36154405645727)	(115, 35.431789320560114)	(120, 35.19773148724535)	(125, 34.917178971371655)	(130, 34.97700689989581)	(135, 34.84593508986901)	(140, 34.63404865966411)	(145, 34.0399997378957)	(150, 33.95641598574153)	(155, 34.191012443401846)	(160, 33.808578673883275)	(165, 33.1432911126983)	(170, 33.03927370897249)	(175, 32.99973527465255)	(180, 33.360950390207776)	(185, 32.765141438035265)	(190, 31.862532844945644)	(195, 32.223546140186485)	(200, 32.01012902084385)	(205, 32.26647096211938)	(210, 31.416633139157728)	(215, 31.350420349778194)	(220, 32.32416667212718)	(225, 31.75314754506556)	(230, 30.477337339172955)	(235, 30.40459439422883)	(240, 30.833333333333332)	
SRR5816746_2	(1, 35.61934684891295)	(2, 37.02780872003879)	(3, 36.86734506663871)	(4, 36.98186273867404)	(5, 36.469019880220685)	(6, 36.334071579278444)	(7, 36.10655641029001)	(8, 37.12877586591007)	(9, 35.84743863603601)	(10, 35.42371997326589)	(15, 34.912739329288264)	(20, 36.70114799428624)	(25, 36.670023719973265)	(30, 36.00596537670201)	(35, 35.84494214161217)	(40, 35.85985951485447)	(45, 35.8198697367214)	(50, 35.7402046994378)	(55, 36.565587691823815)	(60, 35.38723577129228)	(65, 34.876633860589465)	(70, 36.13871466575806)	(75, 36.39610651709542)	(80, 35.826346206770026)	(85, 35.66411469458897)	(90, 35.523076519847464)	(95, 34.43390776730837)	(100, 34.28874939389571)	(105, 34.587088995767104)	(110, 34.328520319236766)	(115, 34.034880155162696)	(120, 35.11372875358749)	(125, 34.72943897676491)	(130, 34.72611818050769)	(135, 33.38510752617715)	(140, 33.99555086689295)	(145, 34.50082430183339)	(150, 31.786573970933205)	(155, 33.11008426487741)	(160, 32.30995321530135)	(165, 30.48668798406437)	(170, 29.27636520895855)	(175, 30.983008111968758)	(180, 31.091905067687104)	(185, 29.535306066284875)	(190, 29.50839110435478)	(195, 28.336988329958785)	(200, 25.618233046988138)	(205, 25.41862226677937)	(210, 25.270450092718182)	(215, 24.176241866682393)	(220, 21.48267840878562)	(225, 22.072314940404816)	(230, 19.803899878187142)	(235, 16.909847811896306)	(240, 15.85712918660287)	(245, 17.784595959595958)
SRR5816747_1	(1, 36.60423331434331)	(2, 36.06339453963802)	(3, 35.68610368552522)	(4, 36.569946097550286)	(5, 36.95319689732241)	(6, 36.63276217187431)	(7, 37.19005214952452)	(8, 37.946658486349094)	(9, 37.03288487663789)	(10, 37.18972435251326)	(15, 37.58926508611245)	(20, 36.3229116087471)	(25, 36.62290547350892)	(30, 37.43730194729147)	(35, 36.90199316329214)	(40, 36.66508195284425)	(45, 36.82434919800158)	(50, 36.24318169865895)	(55, 36.94664037163643)	(60, 36.18034008239109)	(65, 36.10693487597511)	(70, 36.73300552195636)	(75, 36.86502585677974)	(80, 36.80054343062494)	(85, 36.051100008765005)	(90, 35.23649048996406)	(95, 35.9270225260759)	(100, 35.363686563239554)	(105, 35.25487597510737)	(110, 35.45258129546849)	(115, 35.38251205188886)	(120, 35.19634148479271)	(125, 34.88504338679989)	(130, 35.116052239460075)	(135, 34.989639758085715)	(140, 34.66527127706196)	(145, 34.01061793321062)	(150, 33.85965816460689)	(155, 34.26573582259619)	(160, 33.69707774563941)	(165, 33.09852046629853)	(170, 33.047331054430714)	(175, 33.05713734770794)	(180, 33.25403804014375)	(185, 32.74493645367692)	(190, 31.585990007888505)	(195, 32.280476816548344)	(200, 31.932050135857658)	(205, 32.17462178981506)	(210, 31.532051888859673)	(215, 31.443635726181082)	(220, 32.40803225523709)	(225, 31.913408712420015)	(230, 30.792392142115677)	(235, 30.49319130097056)	(240, 32.658088235294116)	(245, 33.75)
SRR5816747_2	(1, 35.85545378850958)	(2, 37.04581269994303)	(3, 37.200727463955474)	(4, 37.16076076953416)	(5, 36.67936368815461)	(6, 36.66973136421403)	(7, 36.680073622858146)	(8, 37.50516674700907)	(9, 36.37282089486831)	(10, 35.71716376703624)	(15, 35.049592006661115)	(20, 36.76082387484114)	(25, 36.632618432008414)	(30, 35.99847846093168)	(35, 35.77040536395109)	(40, 35.96197204084316)	(45, 35.929181822165745)	(50, 35.63600157763267)	(55, 36.46586441123625)	(60, 35.509708576186505)	(65, 35.12517989394802)	(70, 36.168654191682364)	(75, 36.42078969279986)	(80, 35.95684298172576)	(85, 35.65327139664315)	(90, 35.57617599368947)	(95, 34.54099303212235)	(100, 34.37797274201323)	(105, 34.95063762653929)	(110, 34.39450983829265)	(115, 34.411954949822515)	(120, 35.07445725053683)	(125, 34.82908102896708)	(130, 34.82871992637714)	(135, 33.41111179280425)	(140, 34.353843726718964)	(145, 34.69682808186161)	(150, 31.736118147158066)	(155, 33.15805600595994)	(160, 32.650885665454226)	(165, 30.571332661378676)	(170, 29.646925807441164)	(175, 31.03453963802095)	(180, 31.010351023270083)	(185, 29.890165213199527)	(190, 29.930647267627855)	(195, 28.55896752706078)	(200, 25.795442394495815)	(205, 25.371388754984878)	(210, 25.2999132302029)	(215, 24.298847451685)	(220, 21.633081204259607)	(225, 21.930089837416187)	(230, 20.07081961156327)	(235, 17.815023808232635)	(240, 16.57142857142857)	(245, 16.571428571428573)
SRR5816748_1	(1, 36.645614565233814)	(2, 36.39091939261162)	(3, 36.17162499055677)	(4, 36.625927324922564)	(5, 37.055722595754325)	(6, 36.73524212434842)	(7, 37.10608143839239)	(8, 37.836307320389814)	(9, 37.21515449119891)	(10, 37.43026063307396)	(15, 37.69123215230037)	(20, 36.62192339654)	(25, 36.8212253531767)	(30, 37.59582478543247)	(35, 37.095734167459995)	(40, 36.90005591066382)	(45, 36.89827281381749)	(50, 36.441884642700636)	(55, 37.116956042129445)	(60, 36.5490457409674)	(65, 36.417694969551356)	(70, 37.02968705139247)	(75, 37.025455974129976)	(80, 36.97152182782538)	(85, 36.35073514967436)	(90, 35.4107378696526)	(95, 36.02844190579809)	(100, 35.59404626985206)	(105, 35.346890913761584)	(110, 35.80963174516826)	(115, 35.56000423107726)	(120, 35.325659972498)	(125, 34.96746906024752)	(130, 35.284174259939256)	(135, 35.10496093809027)	(140, 34.96187194946884)	(145, 34.487556099551206)	(150, 34.010671381295616)	(155, 34.52003263973888)	(160, 34.031373437901394)	(165, 33.43398461701195)	(170, 33.47371443250677)	(175, 33.473119059491964)	(180, 33.36198981519259)	(185, 33.02227964398507)	(190, 32.04940991583178)	(195, 32.76143675295042)	(200, 32.21598138326005)	(205, 32.364622149689474)	(210, 31.638254982849027)	(215, 31.89209544101425)	(220, 32.744243468274476)	(225, 32.45942548015172)	(230, 31.134980779882675)	(235, 30.97841801034378)	(240, 33.4)	(245, 31.0)
SRR5816748_2	(1, 35.49754476089748)	(2, 36.88201254060588)	(3, 36.90117096018735)	(4, 37.11519226410818)	(5, 36.59699327642215)	(6, 36.49949384301579)	(7, 36.15973407871874)	(8, 37.18442245221727)	(9, 35.99318576716779)	(10, 35.30664652111506)	(15, 35.080800785676516)	(20, 36.55835007932311)	(25, 36.34373045251945)	(30, 35.85475863110976)	(35, 35.45142554959583)	(40, 35.61297574979225)	(45, 35.51333988063761)	(50, 35.12963662461283)	(55, 36.165720329379766)	(60, 35.13170053637532)	(65, 34.96469592808038)	(70, 36.03188033542343)	(75, 35.91727732869985)	(80, 35.30752285261011)	(85, 35.2726116189469)	(90, 34.99667296215155)	(95, 34.19287149656267)	(100, 33.90397522097152)	(105, 34.40693510614188)	(110, 33.885962075999096)	(115, 33.90711188335725)	(120, 34.953043741028935)	(125, 34.358189922187805)	(130, 34.1287844677797)	(135, 32.53683463020322)	(140, 33.31520737327189)	(145, 33.9662098662839)	(150, 30.84713454710282)	(155, 32.29251945304828)	(160, 31.562360051371154)	(165, 29.59010047593866)	(170, 28.408128730074793)	(175, 29.896629145576792)	(180, 29.841003248470194)	(185, 28.795156002115284)	(190, 28.800308226939638)	(195, 27.224383168391633)	(200, 24.403801465588877)	(205, 23.874705749036792)	(210, 23.725959054166353)	(215, 23.313587670922416)	(220, 20.52258064516129)	(225, 20.99650071768528)	(230, 19.591138375679677)	(235, 18.059026188660056)	(240, 16.380000000000003)	(245, 15.128472222222221)
SRR5816749_1	(1, 36.74682990817665)	(2, 36.43883488614578)	(3, 35.8612895630823)	(4, 36.81208166560156)	(5, 37.085180451380715)	(6, 36.928239884295856)	(7, 37.338602805152874)	(8, 38.152265312300294)	(9, 37.34220174228919)	(10, 37.43486932831051)	(15, 37.7317210991894)	(20, 36.53054724025428)	(25, 36.69703339948202)	(30, 37.61931679574641)	(35, 37.16950509706288)	(40, 36.86877838710763)	(45, 36.99224842714396)	(50, 36.52683443797732)	(55, 37.09466070046765)	(60, 36.41553678969149)	(65, 36.38016350973993)	(70, 36.801779766510776)	(75, 37.028048985634015)	(80, 37.04129798472563)	(85, 36.31294956767486)	(90, 35.30820913097601)	(95, 36.17560811492784)	(100, 35.62071123372472)	(105, 35.54060491874979)	(110, 35.64787201830232)	(115, 35.71350805773307)	(120, 35.57710527201157)	(125, 35.29273290044746)	(130, 35.34559432089627)	(135, 35.26993910439727)	(140, 34.989812603034686)	(145, 34.4535006560576)	(150, 34.32834168825489)	(155, 34.576533324361606)	(160, 34.17295024055445)	(165, 33.474676176698175)	(170, 33.46419944150994)	(175, 33.42387040339131)	(180, 33.60448474245534)	(185, 33.09743296437103)	(190, 32.21528445984591)	(195, 32.69983178010295)	(200, 32.53281970191434)	(205, 32.717255997039324)	(210, 31.809450593816234)	(215, 31.844514349157215)	(220, 32.69874171517007)	(225, 32.1938027789927)	(230, 31.262371599198524)	(235, 30.68708414536283)	(240, 31.653846153846153)	
SRR5816749_2	(1, 35.321415357707444)	(2, 36.72584171403585)	(3, 36.90249234805422)	(4, 37.12248158487774)	(5, 36.67818102317447)	(6, 36.614123305640575)	(7, 35.96818135952373)	(8, 37.07897480744005)	(9, 35.56180417745787)	(10, 35.239766573610034)	(15, 34.70395210386465)	(20, 36.473280414382295)	(25, 36.302889240187014)	(30, 35.85756617671791)	(35, 35.53405536308903)	(40, 35.457162557599815)	(45, 35.43710941441593)	(50, 35.03363492650769)	(55, 36.33057751168813)	(60, 35.100104268272176)	(65, 34.68629713094077)	(70, 36.01135178769634)	(75, 35.89754128687229)	(80, 35.43796710504188)	(85, 35.35877030708688)	(90, 35.25795970535804)	(95, 34.05176415189533)	(100, 33.776119202179544)	(105, 33.8823315731055)	(110, 33.83198008812351)	(115, 33.42796071440584)	(120, 34.502256903568664)	(125, 34.059456459587636)	(130, 34.03381991860348)	(135, 32.53734822239413)	(140, 33.26623726077158)	(145, 34.03815546063032)	(150, 30.75523527631092)	(155, 32.098805960108976)	(160, 31.61786350946823)	(165, 29.67755541354142)	(170, 28.181568060273786)	(175, 30.049204533988092)	(180, 29.93852880831455)	(185, 28.391941071608763)	(190, 28.57492516228852)	(195, 27.163526285695063)	(200, 24.61506508358279)	(205, 24.226114156940568)	(210, 24.199542564999497)	(215, 23.171504490262688)	(220, 20.699855369816014)	(225, 21.150301032592246)	(230, 19.32951556561985)	(235, 17.260490522869866)	(240, 16.728846153846156)	(245, 16.246153846153845)
SRR5816750_1	(1, 36.82155554473287)	(2, 36.49358349973214)	(3, 36.06998490235231)	(4, 36.86655627526421)	(5, 37.14794477183071)	(6, 36.9400720790922)	(7, 37.317306287439735)	(8, 38.17986899137973)	(9, 37.361880874689525)	(10, 37.499262163346806)	(15, 37.7735718112307)	(20, 36.59411191740126)	(25, 36.80523060439293)	(30, 37.69454266451093)	(35, 37.15982460414129)	(40, 36.8997490864799)	(45, 37.022119366626065)	(50, 36.5277490864799)	(55, 37.09698416565165)	(60, 36.501661388550545)	(65, 36.510733252131544)	(70, 36.90187819732034)	(75, 37.07511327649208)	(80, 37.075705237515216)	(85, 36.42041169305725)	(90, 35.49863580998782)	(95, 36.2923556638246)	(100, 35.712470158343486)	(105, 35.703013398294765)	(110, 35.76847990255786)	(115, 35.80558099878198)	(120, 35.679856272838)	(125, 35.33091108404385)	(130, 35.478874543239954)	(135, 35.432891595615104)	(140, 35.08648721071863)	(145, 34.51450182704019)	(150, 34.414345919610234)	(155, 34.662923264311814)	(160, 34.29217539585871)	(165, 33.598606577344704)	(170, 33.58199269183922)	(175, 33.56576857490865)	(180, 33.78996102314251)	(185, 33.283559074299625)	(190, 32.22519366626066)	(195, 32.88458952496954)	(200, 32.486640682095)	(205, 32.68759561510353)	(210, 32.021376370280144)	(215, 31.978172959805114)	(220, 32.945215590743)	(225, 32.4632862362972)	(230, 31.39475547114485)	(235, 29.994214081476287)	(240, 33.66538461538462)	(245, 31.25)
SRR5816750_2	(1, 35.04508595918765)	(2, 36.86928359226611)	(3, 36.71201237033069)	(4, 36.99721180538645)	(5, 36.27936735985974)	(6, 35.83966054643744)	(7, 35.99315735645059)	(8, 37.049493498271076)	(9, 35.64333024886768)	(10, 34.96769103394536)	(15, 34.624696829493985)	(20, 36.36744752349876)	(25, 36.43387473822627)	(30, 35.827056445721524)	(35, 35.58288608581309)	(40, 35.59687332586568)	(45, 35.392716602542244)	(50, 35.12757512297278)	(55, 36.33436419422394)	(60, 35.074704134807384)	(65, 34.782722933813865)	(70, 36.00433935615838)	(75, 36.016938586665376)	(80, 35.51682413675546)	(85, 35.413407685189696)	(90, 35.21975843763697)	(95, 34.099203720839625)	(100, 33.87765548142015)	(105, 34.16864072468709)	(110, 33.86253591779088)	(115, 33.74586519261676)	(120, 34.568375298300296)	(125, 34.27635513563531)	(130, 34.16532654750888)	(135, 32.79307943310768)	(140, 33.41010568353382)	(145, 34.28729606000097)	(150, 31.008788292017726)	(155, 32.29860712024546)	(160, 31.733239175960648)	(165, 29.679006964398774)	(170, 28.514393902498416)	(175, 30.279968830662835)	(180, 30.114291628110845)	(185, 28.521823406224126)	(190, 28.72700342949082)	(195, 27.258340943127443)	(200, 24.741318138096453)	(205, 24.381916694061925)	(210, 24.48809341174465)	(215, 23.27547698189478)	(220, 20.771304379588706)	(225, 21.17955704910448)	(230, 19.254989589721717)	(235, 16.127933947772654)	(240, 16.632380952380952)	(245, 15.737499999999999)
SRR5816751_1	(1, 36.76214779672487)	(2, 36.50086354568333)	(3, 35.982115792664445)	(4, 36.86711265570258)	(5, 37.136736290771694)	(6, 36.8190219728318)	(7, 37.231817957520605)	(8, 38.18615930126818)	(9, 37.30460957161085)	(10, 37.45696440781914)	(15, 37.738084126972936)	(20, 36.60740041027232)	(25, 36.70405690237352)	(30, 37.60134219671923)	(35, 37.2500969285971)	(40, 37.00874119712105)	(45, 36.98039716052081)	(50, 36.55887125767499)	(55, 37.23600809265669)	(60, 36.69931832761161)	(65, 36.43344071847001)	(70, 36.876963420909796)	(75, 37.10392155480519)	(80, 37.203720648258454)	(85, 36.474923338291376)	(90, 35.35843419781892)	(95, 35.96087609353081)	(100, 35.48564258372868)	(105, 35.27752031975863)	(110, 35.676333208794766)	(115, 35.4610995580056)	(120, 35.33417032645552)	(125, 35.02572590707543)	(130, 35.21646023812713)	(135, 35.01682257484649)	(140, 34.90659325940912)	(145, 34.495222653799246)	(150, 34.0401629810302)	(155, 34.50232276165434)	(160, 33.98279394037658)	(165, 33.29655921103647)	(170, 33.40032427021578)	(175, 33.365370760695626)	(180, 33.246425625806275)	(185, 32.825622986528685)	(190, 32.10318278266141)	(195, 32.58803442903769)	(200, 32.43959903282884)	(205, 32.948488971287986)	(210, 31.626980691823455)	(215, 31.687228688045003)	(220, 32.649796626179885)	(225, 32.274920518550374)	(230, 31.035784822171184)	(235, 30.814767285740906)	(240, 29.965714285714284)	(245, 24.0)
SRR5816751_2	(1, 35.21667594831415)	(2, 36.83268361800969)	(3, 36.761682539458754)	(4, 37.01806044114848)	(5, 36.40831964584053)	(6, 36.10914512502027)	(7, 36.06362040646567)	(8, 37.1246537005576)	(9, 35.64920307069796)	(10, 35.0687424660045)	(15, 34.639793594958306)	(20, 36.43358452526136)	(25, 36.283121735268615)	(30, 35.76195746420691)	(35, 35.384973600174824)	(40, 35.58574338946968)	(45, 35.06306773722834)	(50, 34.715478263321515)	(55, 35.96553430567402)	(60, 34.60824915231536)	(65, 34.653562390294454)	(70, 35.621992569982446)	(75, 35.455536208999206)	(80, 34.99051862086468)	(85, 35.03418090048429)	(90, 34.865033096710064)	(95, 33.6753477093129)	(100, 33.401301310474636)	(105, 33.49924501434543)	(110, 33.524234969018096)	(115, 32.88334872441966)	(120, 34.238342838210315)	(125, 33.83196599392346)	(130, 33.53034393790931)	(135, 32.01967474287487)	(140, 32.86181577222132)	(145, 32.876907026089654)	(150, 30.243562178813875)	(155, 31.312805148847076)	(160, 30.836824407678154)	(165, 28.614410286415193)	(170, 27.664479017602236)	(175, 29.05625806269694)	(180, 29.0532493990427)	(185, 27.86761315973128)	(190, 27.91153908513503)	(195, 26.233533769923234)	(200, 23.71067342464595)	(205, 23.079584370175603)	(210, 23.582698069182346)	(215, 22.57533149580211)	(220, 20.19195245916662)	(225, 20.77384831203254)	(230, 18.962267919293193)	(235, 16.36727958002423)	(240, 16.334543369909223)	(245, 16.062289562289564)
SRR5816752_1	(1, 36.265917751667196)	(2, 36.26724753890124)	(3, 35.945339790409655)	(4, 36.59576452842172)	(5, 36.09882105430295)	(6, 36.76897427754843)	(7, 36.897010955859)	(8, 36.25307637345189)	(9, 36.877242775484284)	(10, 36.94142584947602)	(15, 37.3598880597015)	(20, 36.01428231184503)	(25, 36.421677516671956)	(30, 37.30736344871387)	(35, 36.89464909495077)	(40, 36.84651476659256)	(45, 36.45930057161004)	(50, 36.352877897745316)	(55, 36.52662353127977)	(60, 36.021010638297874)	(65, 35.655065100031756)	(70, 35.817410288980625)	(75, 35.81037234042553)	(80, 35.24869799936488)	(85, 35.601214671324236)	(90, 34.472046681486184)	(95, 35.263802000635124)	(100, 35.23469355350905)	(105, 34.90401317878691)	(110, 35.184415687519845)	(115, 34.293398697999365)	(120, 34.92021673547158)	(125, 34.733054144172755)	(130, 34.51425452524611)	(135, 33.89796760876469)	(140, 34.380088917116545)	(145, 33.98449904731661)	(150, 34.06366703715465)	(155, 33.91087249920609)	(160, 33.461047157827885)	(165, 33.24173150206415)	(170, 32.6494323594792)	(175, 32.888762305493806)	(180, 32.55043267704033)	(185, 31.51943871070181)	(190, 32.17462289615751)	(195, 32.09334709431566)	(200, 30.86595347729438)	(205, 31.48070419180692)	(210, 31.681124960304857)	(215, 31.495693077167356)	(220, 31.557478564623686)	(225, 31.545435058748808)	(230, 30.45671264389735)	(235, 28.915008894589867)	(240, 29.493333333333332)	(245, 19.5)
SRR5816752_2	(1, 34.37156637027628)	(2, 35.906597332486506)	(3, 34.70804223563036)	(4, 34.01837885042871)	(5, 34.925392981899016)	(6, 34.11201968879009)	(7, 35.284276754525244)	(8, 35.44039774531598)	(9, 33.58220863766275)	(10, 33.54001667195935)	(15, 34.475142902508736)	(20, 35.121602095903455)	(25, 34.29820181009844)	(30, 33.69132264210861)	(35, 34.56505239758654)	(40, 35.13029930136552)	(45, 34.73044617338839)	(50, 33.38999682438869)	(55, 34.06080501746586)	(60, 33.88688472530962)	(65, 32.44881311527469)	(70, 32.93844474436329)	(75, 34.10014687202287)	(80, 33.468216100349316)	(85, 32.982518259765)	(90, 33.01691013020006)	(95, 31.45685535090505)	(100, 31.007974753890124)	(105, 32.880211972054624)	(110, 31.96188472530962)	(115, 32.03344712607177)	(120, 32.37639726897428)	(125, 31.17946570339791)	(130, 31.116271038424895)	(135, 30.278814703080343)	(140, 30.816918069228326)	(145, 30.480414417275323)	(150, 28.6330978088282)	(155, 30.52540092092728)	(160, 28.979628453477297)	(165, 27.39083439187043)	(170, 26.348574944426797)	(175, 26.591020959034616)	(180, 26.629775325500155)	(185, 25.47318593204192)	(190, 24.765941568751987)	(195, 23.699372816767227)	(200, 21.827032391235313)	(205, 22.680065100031754)	(210, 21.281470308034297)	(215, 21.23218085106383)	(220, 18.81852175293744)	(225, 20.250353286757697)	(230, 19.512249763681467)	(235, 16.54)	(240, 16.520000000000003)	(245, 15.600000000000001)
SRR5816753_1	(1, 36.886581336446355)	(2, 36.06483151103282)	(3, 36.51386789797897)	(4, 36.83955764480253)	(5, 36.96096038190138)	(6, 36.94415317747366)	(7, 37.30222219905984)	(8, 37.92685087710155)	(9, 37.168937159295815)	(10, 37.366775414056555)	(15, 37.795425313473906)	(20, 36.25778968324282)	(25, 36.43330171668005)	(30, 37.78085698502205)	(35, 37.32780041900752)	(40, 37.02462555111996)	(45, 36.74444815042578)	(50, 36.41576802409814)	(55, 37.039625394773864)	(60, 36.86177546617192)	(65, 36.703363525500045)	(70, 36.70971534588966)	(75, 36.2875569360336)	(80, 36.82945351830813)	(85, 35.68619776737787)	(90, 34.92683003095652)	(95, 35.189101635380084)	(100, 34.9080976850356)	(105, 34.70287155647742)	(110, 35.37108118531181)	(115, 35.33884262202812)	(120, 34.950808309273405)	(125, 34.57660020220761)	(130, 34.78283945341408)	(135, 34.46631471425147)	(140, 34.80577855140138)	(145, 34.26964801284122)	(150, 33.89882115049875)	(155, 34.102468183571155)	(160, 33.7178505539863)	(165, 33.484276795113665)	(170, 32.642288489801025)	(175, 33.198980623508206)	(180, 33.20268289886493)	(185, 32.27943632023848)	(190, 32.484724987231736)	(195, 32.7648513148706)	(200, 31.249551286728302)	(205, 32.78464681418789)	(210, 32.656443022274104)	(215, 31.613651098070687)	(220, 31.74250216278755)	(225, 31.43024462951189)	(230, 30.261510698279302)	(235, 28.98620720842943)	(240, 31.666666666666668)	
SRR5816753_2	(1, 35.74123680178443)	(2, 37.16433537278119)	(3, 37.02590133519559)	(4, 37.162203854452216)	(5, 36.48440708352008)	(6, 36.19631335925204)	(7, 35.43808173773465)	(8, 36.68874620860738)	(9, 36.28049530440583)	(10, 35.25094068229432)	(15, 35.97512012591072)	(20, 36.734930842913876)	(25, 36.432676332329244)	(30, 35.815667962602014)	(35, 35.891107034531636)	(40, 36.30259951428482)	(45, 35.565481910757654)	(50, 35.230080987273425)	(55, 36.10938284987649)	(60, 35.289384100645194)	(65, 35.11195109494376)	(70, 35.789525854431375)	(75, 36.4365151499359)	(80, 35.88585589059943)	(85, 35.70034083447119)	(90, 34.543337050895865)	(95, 34.3404300559719)	(100, 34.194792632972344)	(105, 35.80776623132967)	(110, 34.81457562460262)	(115, 35.16913728228807)	(120, 35.957273741153415)	(125, 35.50274647960726)	(130, 34.94773141826747)	(135, 33.89255063007472)	(140, 34.39948301560334)	(145, 33.61833314224367)	(150, 31.949476240606202)	(155, 33.49524082509042)	(160, 33.14069584432099)	(165, 30.986127932792034)	(170, 29.540058994590424)	(175, 31.32353738234957)	(180, 31.649566921337073)	(185, 30.77363588038482)	(190, 30.08137400586233)	(195, 29.095534211308053)	(200, 25.907259186683415)	(205, 25.930308889363722)	(210, 24.99594331903628)	(215, 25.357524715839507)	(220, 20.855617804785258)	(225, 22.063042198028988)	(230, 20.23456105779514)	(235, 16.7720162625684)	(240, 17.51831550802139)	(245, 17.34375)
SRR5816754_1	(1, 36.93629638076775)	(2, 36.53957065271621)	(3, 36.17530255299132)	(4, 36.991696720026226)	(5, 37.19162402178097)	(6, 37.13419953530141)	(7, 37.48171140222086)	(8, 38.26375921200804)	(9, 37.42414437016236)	(10, 37.57451142502815)	(15, 37.86001881601642)	(20, 36.726323892064485)	(25, 36.82204182287286)	(30, 37.75217595826266)	(35, 37.378764985103984)	(40, 37.074471512266044)	(45, 37.07390988268499)	(50, 36.65419725457215)	(55, 37.260530554644845)	(60, 36.71348766268014)	(65, 36.62349578777814)	(70, 36.81810043761492)	(75, 36.98258235570823)	(80, 37.157233475403764)	(85, 36.07990392427979)	(90, 35.18074779410717)	(95, 36.0904394680199)	(100, 35.597824754465236)	(105, 35.47855259219135)	(110, 35.75936453180905)	(115, 35.80147392128633)	(120, 35.53951078357305)	(125, 35.13068721223611)	(130, 35.34855957692472)	(135, 35.164032899519626)	(140, 35.09445212606731)	(145, 34.636647042891965)	(150, 34.279352272889255)	(155, 34.60282525337477)	(160, 34.10796259604008)	(165, 33.59829515487577)	(170, 33.427951762576086)	(175, 33.50504753895058)	(180, 33.53265434122561)	(185, 33.02474056334815)	(190, 32.31323839662447)	(195, 32.67114601968596)	(200, 32.33367354938954)	(205, 32.82452976771701)	(210, 31.9581776583537)	(215, 31.91935168884486)	(220, 32.74576594940949)	(225, 32.36462228177587)	(230, 30.90978906254893)	(235, 28.98431272401434)	(240, 23.633333333333333)	(245, 24.0)
SRR5816754_2	(1, 35.369805995467054)	(2, 36.82852479580346)	(3, 37.007961170584295)	(4, 37.21579975197069)	(5, 36.60949638646957)	(6, 36.42941142930452)	(7, 35.64541787236469)	(8, 36.95581087052585)	(9, 35.65144042307528)	(10, 35.26371787379014)	(15, 34.99754679058629)	(20, 36.561049420552216)	(25, 36.328644534089776)	(30, 36.00158225592632)	(35, 35.63430501902984)	(40, 35.786185907944066)	(45, 35.533287243596135)	(50, 35.207677504882184)	(55, 36.35167847419213)	(60, 35.10435904380425)	(65, 35.007781563154815)	(70, 36.08720083246618)	(75, 36.017027069405444)	(80, 35.48704830869671)	(85, 35.41593659572648)	(90, 34.94609211295312)	(95, 34.106431656522176)	(100, 33.8906019699799)	(105, 34.14826735848787)	(110, 34.13606973329722)	(115, 33.80391287614215)	(120, 34.84379712913204)	(125, 34.47008110843443)	(130, 34.32499679272447)	(135, 32.75841660370904)	(140, 33.60667683491796)	(145, 34.17110601114706)	(150, 31.272782347155506)	(155, 32.86208572691118)	(160, 32.10224081650108)	(165, 30.100015680013684)	(170, 28.524747337961315)	(175, 30.223618376976038)	(180, 30.411943894060123)	(185, 28.891394523398855)	(190, 29.084509571935627)	(195, 27.924835180499628)	(200, 24.784449591960374)	(205, 24.634080039913048)	(210, 24.52829336089234)	(215, 23.733453547628383)	(220, 20.732958910944014)	(225, 21.730601190264068)	(230, 19.546635067821477)	(235, 16.510301045470538)	(240, 16.5843653250774)	(245, 16.826704545454547)
SRR5816755_1	(1, 36.88595639071087)	(2, 36.5238503811381)	(3, 36.00525438751994)	(4, 37.013352242510194)	(5, 37.154823612834605)	(6, 36.97076404892749)	(7, 37.35407906399575)	(8, 38.20141818826449)	(9, 37.391334869703954)	(10, 37.529039531997874)	(15, 37.825118950540684)	(20, 36.6264364474384)	(25, 36.76436660166637)	(30, 37.7379983289467)	(35, 37.24962381489282)	(40, 36.85724821125932)	(45, 37.07141773211082)	(50, 36.53734124704831)	(55, 37.1635416001872)	(60, 36.36767692525883)	(65, 36.64)	(70, 36.87816621755779)	(75, 37.084274570982835)	(80, 37.01899305063112)	(85, 36.40692525882854)	(90, 35.40764430577224)	(95, 36.29445610551695)	(100, 35.74493121543044)	(105, 35.79877180541767)	(110, 35.90742589703588)	(115, 35.96011913203801)	(120, 35.76525599205787)	(125, 35.46038292440788)	(130, 35.55318536377819)	(135, 35.41057722308893)	(140, 35.1031442348603)	(145, 34.55498227201815)	(150, 34.52293575379379)	(155, 34.744267479790096)	(160, 34.399887959154725)	(165, 33.76499219968799)	(170, 33.64965394979436)	(175, 33.61962133030776)	(180, 33.925777903843425)	(185, 33.36825131187066)	(190, 32.53547723727131)	(195, 32.845375445861904)	(200, 32.53487118757046)	(205, 32.7315978697906)	(210, 32.12173253249562)	(215, 32.08520412143044)	(220, 32.94761556953318)	(225, 32.42907409639836)	(230, 31.431538972537)	(235, 31.25977761281005)	(240, 30.991596638655462)	
SRR5816755_2	(1, 34.83483070377593)	(2, 36.79328487856763)	(3, 36.54408083673108)	(4, 36.99507888672221)	(5, 36.34773267151214)	(6, 35.9379329906045)	(7, 35.71739053359333)	(8, 36.85540861549371)	(9, 35.38401701825917)	(10, 34.71077326715122)	(15, 34.46576564438929)	(20, 36.34761779826272)	(25, 36.2711731962418)	(30, 35.76742421556462)	(35, 35.61232831058323)	(40, 35.47579790817231)	(45, 35.306946995213615)	(50, 35.103865272114874)	(55, 36.314257755717065)	(60, 34.89960503456833)	(65, 34.66042049282042)	(70, 35.958184719021446)	(75, 36.01023222832831)	(80, 35.311393015422794)	(85, 35.293330969686224)	(90, 34.95827690125865)	(95, 33.892318383265376)	(100, 33.64223506470484)	(105, 33.90933806062755)	(110, 33.624638184719025)	(115, 33.384670803049104)	(120, 34.66163729835135)	(125, 34.21319056904804)	(130, 34.11498812267329)	(135, 32.63627441942918)	(140, 33.31649849317497)	(145, 34.149838681084915)	(150, 30.94000638184719)	(155, 32.60391136323347)	(160, 31.804960822549198)	(165, 29.931681616734625)	(170, 28.44850487502216)	(175, 30.30761779826272)	(180, 30.340806240028364)	(185, 28.618189682680374)	(190, 28.694216726689064)	(195, 27.436495463026056)	(200, 24.72423922723036)	(205, 24.572853688457748)	(210, 24.483340779032908)	(215, 23.426577601917447)	(220, 20.80826685387283)	(225, 21.50277618227073)	(230, 19.647921539482066)	(235, 16.345469890794487)	(240, 16.255555555555556)	(245, 16.21590909090909)
SRR5816756_1	(1, 36.83740695907487)	(2, 36.59779277307029)	(3, 36.00383753573544)	(4, 36.89041131171607)	(5, 37.18779457593942)	(6, 37.00527983104541)	(7, 37.34072938934247)	(8, 38.25041852319262)	(9, 37.298889947716795)	(10, 37.47910732222423)	(15, 37.78575475828676)	(20, 36.6257475468102)	(25, 36.67628454426043)	(30, 37.62792129188451)	(35, 37.226350220207586)	(40, 36.983714940634094)	(45, 37.058740052025655)	(50, 36.57601926494449)	(55, 37.11423751513122)	(60, 36.61075282664125)	(65, 36.418742112447525)	(70, 36.85974450768795)	(75, 37.043673217091204)	(80, 37.2253921240374)	(85, 36.41808535297602)	(90, 35.31079661060602)	(95, 36.04328431246298)	(100, 35.460424446905506)	(105, 35.272055528369435)	(110, 35.69075385685219)	(115, 35.60055373837794)	(120, 35.45706853478249)	(125, 35.17614546578412)	(130, 35.28161846137997)	(135, 35.085280861256344)	(140, 34.953655961058026)	(145, 34.59169134880367)	(150, 34.154299842892826)	(155, 34.583998248641414)	(160, 34.146024673551906)	(165, 33.441308882993795)	(170, 33.399665181445904)	(175, 33.48591959203647)	(180, 33.40480593401499)	(185, 32.879117624333574)	(190, 32.297228732582994)	(195, 32.692801401086875)	(200, 32.439688876297424)	(205, 33.02880727328922)	(210, 31.874759832075615)	(215, 31.66201354727381)	(220, 32.715357869523785)	(225, 32.31785870657016)	(230, 31.05413533767271)	(235, 30.387677566746582)	(240, 24.958333333333336)	(245, 24.0)
SRR5816756_2	(1, 35.222589950292324)	(2, 36.6295619027996)	(3, 36.66934092255389)	(4, 37.00543436268576)	(5, 36.44256574033533)	(6, 36.325160326576864)	(7, 35.980232827671465)	(8, 37.076712081798746)	(9, 35.68138151286476)	(10, 35.28863934890669)	(15, 34.80943673217091)	(20, 36.54230303654673)	(25, 36.291966930228966)	(30, 35.95344991887089)	(35, 35.56910139851134)	(40, 35.658139954155615)	(45, 35.387846086486206)	(50, 35.09554691323048)	(55, 36.225827388157725)	(60, 35.02054240605764)	(65, 34.845321554588295)	(70, 35.892912148762456)	(75, 35.79751976717233)	(80, 35.29689906508358)	(85, 35.31020681484534)	(90, 35.12270327349525)	(95, 33.947222293764646)	(100, 33.71716846524326)	(105, 33.75555412470703)	(110, 33.928918020964794)	(115, 33.38229582507018)	(120, 34.68326422334973)	(125, 34.131985474025804)	(130, 33.934030442733146)	(135, 32.515867823936944)	(140, 33.27561490715224)	(145, 33.56661086357432)	(150, 30.563200865377183)	(155, 31.80162258222371)	(160, 31.39433126432637)	(165, 28.991871635717416)	(170, 28.03440646972468)	(175, 29.507662193834186)	(180, 29.479359723903467)	(185, 27.98685965951529)	(190, 27.913539547222296)	(195, 26.804417029386762)	(200, 24.04085301465475)	(205, 23.634929301774537)	(210, 24.13461766296649)	(215, 22.7497669147758)	(220, 20.286617559945398)	(225, 21.042393180003607)	(230, 19.199704375885272)	(235, 15.29833916083916)	(240, 16.497222222222224)	(245, 15.11904761904762)
SRR5816757_1	(1, 36.80022300883094)	(2, 36.570313527273875)	(3, 36.02692410862213)	(4, 36.81853182346537)	(5, 37.15480705002446)	(6, 36.96577550794995)	(7, 37.338731479484764)	(8, 38.181326166194175)	(9, 37.3324199087978)	(10, 37.49246871827778)	(15, 37.79466672276952)	(20, 36.66316514750666)	(25, 36.81960268662525)	(30, 37.6187931044382)	(35, 37.26775226824458)	(40, 37.07741433267587)	(45, 37.00205548980934)	(50, 36.617955555555554)	(55, 37.23260065746219)	(60, 36.66472689020381)	(65, 36.43931834319527)	(70, 36.95094911242604)	(75, 37.063313083497704)	(80, 37.160279815910584)	(85, 36.326121236028925)	(90, 35.32923076923077)	(95, 36.08789480604865)	(100, 35.50893464825773)	(105, 35.216090466798164)	(110, 35.63864404996713)	(115, 35.58085364891519)	(120, 35.269599474030244)	(125, 35.059407232084155)	(130, 35.0908644312952)	(135, 35.107666009204465)	(140, 34.97359421433268)	(145, 34.526503090072325)	(150, 34.07820328731098)	(155, 34.500410782380015)	(160, 34.059763839579226)	(165, 33.3428912557528)	(170, 33.40168310322157)	(175, 33.32335779092703)	(180, 33.27828744247206)	(185, 32.72785693622617)	(190, 32.23669375410914)	(195, 32.680852071005916)	(200, 32.441268639053256)	(205, 32.78067587113741)	(210, 31.80812412886259)	(215, 31.88928231426693)	(220, 32.70218224852071)	(225, 32.29667955292571)	(230, 31.23709285552882)	(235, 31.208317448733233)	(240, 31.346153846153847)	(245, 27.937500000000004)
SRR5816757_2	(1, 35.086105603096875)	(2, 36.828220084469855)	(3, 36.8444618597043)	(4, 37.17073324672456)	(5, 36.4163637989344)	(6, 36.071936126904646)	(7, 35.70652774198299)	(8, 36.93059902065462)	(9, 35.44808996092086)	(10, 35.04592404024679)	(15, 34.82462354110673)	(20, 36.484016473199496)	(25, 36.31573947940061)	(30, 35.821582415964066)	(35, 35.45527252836261)	(40, 35.42065987471533)	(45, 35.06292530782056)	(50, 34.84302808122992)	(55, 35.99585960962935)	(60, 34.69074460755179)	(65, 34.5595081182578)	(70, 35.62486653657819)	(75, 35.2805261746096)	(80, 34.87888727008789)	(85, 35.02516844004271)	(90, 34.8583620422139)	(95, 33.70826868356415)	(100, 33.56817285288254)	(105, 33.4421171111941)	(110, 33.52255387188564)	(115, 33.006167456489614)	(120, 34.45285940450331)	(125, 33.80267505404282)	(130, 33.58868440568673)	(135, 32.26959032646599)	(140, 32.93456584283137)	(145, 33.41703598121255)	(150, 30.11967684758083)	(155, 31.11214819567973)	(160, 30.599573968978625)	(165, 28.380657139701356)	(170, 27.16062211048404)	(175, 28.823164516349596)	(180, 28.57918969951664)	(185, 27.413218532875398)	(190, 27.84002587743982)	(195, 26.024362662851672)	(200, 23.32857616224944)	(205, 22.97679130265559)	(210, 23.236871144024782)	(215, 22.69706459366634)	(220, 20.051688608140875)	(225, 20.684649734125085)	(230, 19.064614718931363)	(235, 16.978905618700047)	(240, 15.877083333333335)	(245, 16.846450304259637)
SRR5816758_1	(1, 36.728561219628396)	(2, 36.40948986696962)	(3, 36.09910396892293)	(4, 36.76163557738117)	(5, 37.084582401876354)	(6, 36.836277348187785)	(7, 37.219426833290576)	(8, 38.07092205079342)	(9, 37.24324770037014)	(10, 37.40553560303441)	(15, 37.69470077326199)	(20, 36.58228277201597)	(25, 36.792140946238135)	(30, 37.63420985433897)	(35, 37.12885859307717)	(40, 36.90136514393565)	(45, 36.94207758415333)	(50, 36.404509556007554)	(55, 37.07871841386766)	(60, 36.68592344199512)	(65, 36.47760980704744)	(70, 36.98684880801862)	(75, 37.00476792553094)	(80, 37.174820882121196)	(85, 36.22158759826287)	(90, 35.451213970278346)	(95, 36.03557803309329)	(100, 35.55843915489345)	(105, 35.33724369193557)	(110, 35.687994062998186)	(115, 35.60984003078446)	(120, 35.348716398218905)	(125, 35.031713484690236)	(130, 35.33176662452128)	(135, 35.102239202536055)	(140, 34.926800798929875)	(145, 34.49888772836384)	(150, 34.10581972770417)	(155, 34.521875286313744)	(160, 34.07134113939128)	(165, 33.47796895900903)	(170, 33.48609752075201)	(175, 33.47790848954611)	(180, 33.58428710168032)	(185, 33.11001044472541)	(190, 32.10118556795485)	(195, 32.823988272481564)	(200, 32.26649136469833)	(205, 32.47753722112786)	(210, 31.911039442942872)	(215, 31.827999450272575)	(220, 32.73425259975262)	(225, 32.47337578450684)	(230, 31.162716125616612)	(235, 30.12180772603022)	(240, 34.91666666666667)	
SRR5816758_2	(1, 35.41130391761645)	(2, 36.798548759482536)	(3, 36.95914721295855)	(4, 36.61762927401327)	(5, 36.61368966907318)	(6, 36.53067394730091)	(7, 35.958487558177886)	(8, 37.10452779711951)	(9, 35.94140982885623)	(10, 35.24761791329204)	(15, 34.89906732143511)	(20, 36.484400996811665)	(25, 36.15661487155056)	(30, 35.80732949756294)	(35, 35.485242056657015)	(40, 35.49196137354785)	(45, 35.38279217209661)	(50, 35.083917249972515)	(55, 36.2093542712647)	(60, 35.04774984424817)	(65, 35.09103785685492)	(70, 35.98045955949719)	(75, 35.845990764833076)	(80, 35.251264338329605)	(85, 35.25290248103492)	(90, 34.869720013193096)	(95, 33.95581778869058)	(100, 33.666863341517946)	(105, 34.32191336533881)	(110, 33.80660204492982)	(115, 33.477503939604944)	(120, 34.62690841792796)	(125, 34.07686993806575)	(130, 33.912401509876496)	(135, 32.27693040642064)	(140, 33.08997874445707)	(145, 33.68994026459486)	(150, 30.468503316597644)	(155, 32.13695349433796)	(160, 31.51919961886613)	(165, 29.50800381133873)	(170, 28.22502840180306)	(175, 29.79609887492212)	(180, 29.822069117162016)	(185, 28.379411441345695)	(190, 28.22032103199325)	(195, 27.002154872283505)	(200, 24.305482464177082)	(205, 23.74593945835013)	(210, 23.797704034888408)	(215, 23.15347051709605)	(220, 20.4370451130575)	(225, 21.066359438560486)	(230, 19.116165140816996)	(235, 16.32157428536376)	(240, 16.118650793650794)	(245, 15.80952380952381)
SRR5816759_1	(1, 36.71566843968125)	(2, 36.491052537915486)	(3, 36.20898503153857)	(4, 36.7359361714749)	(5, 37.11398374626777)	(6, 36.7405334862476)	(7, 37.11493286931762)	(8, 38.02740592806438)	(9, 37.28929468293358)	(10, 37.4763767227572)	(15, 37.74645364127103)	(20, 36.639210645996876)	(25, 36.88761196685979)	(30, 37.64262901940879)	(35, 37.19474017242743)	(40, 36.964517915051815)	(45, 36.94688562841098)	(50, 36.53764731471961)	(55, 37.203707585225025)	(60, 36.60868662500989)	(65, 36.43460808352448)	(70, 37.05231946531678)	(75, 37.094841018745555)	(80, 37.092058846792696)	(85, 36.37202602230484)	(90, 35.52382543700071)	(95, 36.11639049276279)	(100, 35.66891560547338)	(105, 35.46631930712647)	(110, 35.760401012417944)	(115, 35.55323103693744)	(120, 35.3973720635925)	(125, 35.006050779087246)	(130, 35.480455588072445)	(135, 35.18316064225262)	(140, 35.08474056790318)	(145, 34.549367238788264)	(150, 34.07304437237998)	(155, 34.594180574230805)	(160, 34.005926204223684)	(165, 33.38565213952385)	(170, 33.60158981254449)	(175, 33.519524638139686)	(180, 33.37036502412402)	(185, 33.21775092936803)	(190, 31.93227279917741)	(195, 32.72272601439532)	(200, 32.21300324290121)	(205, 32.45328244878589)	(210, 31.659422209918535)	(215, 31.948050304516336)	(220, 32.866774104247405)	(225, 32.597162461441116)	(230, 31.49030856439227)	(235, 30.43322590636876)	(240, 34.66666666666667)	
SRR5816759_2	(1, 35.21835762165583)	(2, 36.79616593834655)	(3, 36.75881399165563)	(4, 36.85558499594645)	(5, 36.3915132580626)	(6, 36.05447570838194)	(7, 36.10801218041247)	(8, 37.19715065351077)	(9, 36.01003499891247)	(10, 35.187196725525475)	(15, 34.85390425721234)	(20, 36.51513851264509)	(25, 36.30750004943349)	(30, 35.817137603068836)	(35, 35.51895082356198)	(40, 35.79884918830206)	(45, 35.58894271646926)	(50, 35.33088406857414)	(55, 36.27050402388626)	(60, 35.25225515591323)	(65, 35.2795404662567)	(70, 36.071071520376485)	(75, 35.95572143238487)	(80, 35.39886105234018)	(85, 35.40944970636506)	(90, 35.06751033159987)	(95, 34.176623890218096)	(100, 33.89962628279912)	(105, 34.529167737725665)	(110, 33.87624819567754)	(115, 33.99692128210705)	(120, 35.042740197338496)	(125, 34.55405453502857)	(130, 34.26402230439167)	(135, 32.775943685365704)	(140, 33.60903248769106)	(145, 33.8381428825658)	(150, 30.975827022324165)	(155, 32.585521918810436)	(160, 31.808372056235545)	(165, 29.627490953670936)	(170, 28.514760840764836)	(175, 29.9724576354972)	(180, 29.95719257311213)	(185, 28.747545132778363)	(190, 28.870502046546573)	(195, 27.160166172425097)	(200, 24.441055909832414)	(205, 23.986731919521482)	(210, 23.913943348657863)	(215, 23.45485787730486)	(220, 20.70812398042414)	(225, 21.307279648030054)	(230, 19.239873915208594)	(235, 16.592862979931944)	(240, 16.739285714285714)	(245, 14.0)
SRR5816760_1	(1, 36.811190408988885)	(2, 36.54501834603443)	(3, 35.97697673480908)	(4, 36.94332217786917)	(5, 37.14924129403384)	(6, 36.92501646438988)	(7, 37.29299893821486)	(8, 38.15750708976788)	(9, 37.36811687700765)	(10, 37.50574035993172)	(15, 37.786882249371665)	(20, 36.69470317057108)	(25, 36.75940486270715)	(30, 37.6358125501233)	(35, 37.35468208092486)	(40, 37.137647533270595)	(45, 36.98782632074203)	(50, 36.64718644979164)	(55, 37.2467939239145)	(60, 36.73913966931039)	(65, 36.46306223954832)	(70, 36.96607339696196)	(75, 37.15731684366178)	(80, 37.23960209705606)	(85, 36.535580051082135)	(90, 35.34064793655061)	(95, 36.21899448850652)	(100, 35.74068288748488)	(105, 35.40557064121522)	(110, 35.74474794999328)	(115, 35.697695926871894)	(120, 35.52161849710983)	(125, 35.201217905632475)	(130, 35.226659497244256)	(135, 35.209345342115874)	(140, 35.13533808307568)	(145, 34.618916521037775)	(150, 34.273722274499264)	(155, 34.610071246135234)	(160, 34.134671326791235)	(165, 33.50728054846081)	(170, 33.65507191826858)	(175, 33.463651028364026)	(180, 33.566291168167766)	(185, 32.93022449253932)	(190, 32.38713805619035)	(195, 32.79463368732356)	(200, 32.83972039252588)	(205, 32.942938567011694)	(210, 31.8268450060492)	(215, 32.19589460949052)	(220, 32.95501277053367)	(225, 32.57676300578034)	(230, 31.368449818304583)	(235, 32.33489970263035)	(240, 32.74871794871795)	(245, 26.916666666666664)
SRR5816760_2	(1, 34.792212679596254)	(2, 36.408612555945325)	(3, 36.70522693977394)	(4, 36.909936427294596)	(5, 36.471029393976046)	(6, 36.365294410171636)	(7, 35.56501753961534)	(8, 36.88801526820155)	(9, 35.1977070817037)	(10, 34.86826337647675)	(15, 34.76745292528527)	(20, 36.32040374716073)	(25, 36.00243269760628)	(30, 35.54239479590877)	(35, 35.10522156364663)	(40, 35.03452817762725)	(45, 34.922702041584344)	(50, 34.834495920863404)	(55, 36.16531591468087)	(60, 34.736002580541104)	(65, 34.404510570810324)	(70, 35.806919075843716)	(75, 35.22403397712458)	(80, 34.8132118328562)	(85, 35.03951991183151)	(90, 34.85310000940822)	(95, 33.59311318092013)	(100, 33.3182909291292)	(105, 33.374815531631796)	(110, 33.43175140787334)	(115, 32.696238054917146)	(120, 34.255400991895485)	(125, 33.283937475639426)	(130, 33.149542357163014)	(135, 31.445511605714824)	(140, 32.47306963428893)	(145, 33.381202370872145)	(150, 29.86120720938672)	(155, 31.01095654745104)	(160, 30.573799443570824)	(165, 28.350133731166757)	(170, 26.975345080171497)	(175, 28.530978589573)	(180, 28.30794726019112)	(185, 27.22230824025913)	(190, 27.583057134792956)	(195, 25.596438315659316)	(200, 23.248662016316548)	(205, 22.49387524696585)	(210, 22.687695388626803)	(215, 21.92869642353131)	(220, 19.821149684824537)	(225, 20.232439552168593)	(230, 18.609858254019272)	(235, 15.286714998587701)	(240, 14.413333333333332)	(245, 15.875)
SRR5816761_1	(1, 36.90483540279666)	(2, 36.211330983590194)	(3, 36.350618535326774)	(4, 36.876461870426255)	(5, 36.46295315103627)	(6, 37.17362758874888)	(7, 37.49982722476906)	(8, 37.013706834988135)	(9, 37.173113102505624)	(10, 37.1608821519347)	(15, 37.575487418123735)	(20, 36.30822794044245)	(25, 36.40464266242791)	(30, 37.531633225060865)	(35, 36.60367204957497)	(40, 36.95459466930821)	(45, 36.55756793906026)	(50, 36.36821857218549)	(55, 36.8289709507245)	(60, 36.825960822256526)	(65, 36.38233392460857)	(70, 36.48464604114354)	(75, 36.413775945080516)	(80, 36.34664700868483)	(85, 35.55672326015342)	(90, 35.85045497477482)	(95, 35.92839119383846)	(100, 35.71921183779094)	(105, 35.6982284779654)	(110, 35.410991576247625)	(115, 35.39161464212491)	(120, 35.44404923710137)	(125, 35.087554808142706)	(130, 35.094158661414305)	(135, 35.15621338124966)	(140, 35.03059273422562)	(145, 34.12762330392315)	(150, 34.39584571555822)	(155, 34.90868406705215)	(160, 34.54692805639384)	(165, 34.07165334377663)	(170, 33.19094504211876)	(175, 33.67783485759482)	(180, 33.555886260145755)	(185, 32.53436691315933)	(190, 31.756095126202705)	(195, 33.24891765916438)	(200, 30.99048891550907)	(205, 32.845973569229116)	(210, 33.11924101760771)	(215, 32.07359149792286)	(220, 32.44675220960323)	(225, 32.35627788400255)	(230, 31.123429963346872)	(235, 29.614028866961824)	(240, 23.56666666666667)	(245, 19.75)
SRR5816761_2	(1, 34.79319956691009)	(2, 36.42806791218411)	(3, 35.83876615448409)	(4, 35.33701152602763)	(5, 35.63393151957735)	(6, 35.17384259792516)	(7, 36.595644528400406)	(8, 37.21857986439064)	(9, 35.27871332365792)	(10, 34.4900688797254)	(15, 35.03079699294309)	(20, 35.987196203552266)	(25, 35.564962718944614)	(30, 34.74464128022607)	(35, 35.193360823792304)	(40, 35.51646893501348)	(45, 34.869764334585)	(50, 33.97039016486597)	(55, 35.28206746680796)	(60, 34.85137337111352)	(65, 33.86108717854208)	(70, 34.724726823162634)	(75, 35.57332196856258)	(80, 35.090242422846266)	(85, 34.730836155328774)	(90, 34.598094097230224)	(95, 32.9988957743018)	(100, 32.57950808972026)	(105, 34.292002426532136)	(110, 32.83802744438557)	(115, 34.312449799196784)	(120, 33.50403065416542)	(125, 33.394718453162554)	(130, 33.8675666336474)	(135, 32.11651654418823)	(140, 32.39819085135955)	(145, 32.41109600927611)	(150, 30.380914864045092)	(155, 31.074496072243086)	(160, 30.933431623242495)	(165, 27.90137068349881)	(170, 28.232560068188626)	(175, 29.68765156227203)	(180, 28.905188632157696)	(185, 28.007059979881284)	(190, 27.61153984964716)	(195, 26.30682730923695)	(200, 24.053277738103468)	(205, 24.17264161809763)	(210, 24.161559430839993)	(215, 22.303740391777435)	(220, 19.662311195067073)	(225, 21.376623895198385)	(230, 19.683360527221502)	(235, 17.588835082055425)	(240, 16.785119047619045)	(245, 17.695075757575758)
SRR5816762_1	(1, 36.86079245984994)	(2, 35.86946115210517)	(3, 36.42895764866373)	(4, 36.866484777081915)	(5, 36.58976871085757)	(6, 37.12690519005395)	(7, 37.57710671544615)	(8, 37.17352266385564)	(9, 37.02621690332982)	(10, 37.380420412972036)	(15, 37.7999231103119)	(20, 36.244600979723444)	(25, 36.79492031996032)	(30, 37.39753456935574)	(35, 37.31885161530353)	(40, 36.90875922366218)	(45, 36.6202368698456)	(50, 35.51493768214795)	(55, 36.92618589942333)	(60, 36.959469213120855)	(65, 36.266688162708505)	(70, 36.8596738389037)	(75, 36.485201215353136)	(80, 36.78255844236374)	(85, 35.938815650772)	(90, 35.88480684566256)	(95, 36.37251069634774)	(100, 35.65419730886092)	(105, 35.83494016246047)	(110, 35.38976623054505)	(115, 35.44520617597817)	(120, 35.16755007130898)	(125, 34.834977367148255)	(130, 35.27606374403175)	(135, 35.004223972220494)	(140, 35.109736466794814)	(145, 34.01004278539095)	(150, 34.39418614745458)	(155, 33.5329794754139)	(160, 33.74643269051901)	(165, 33.626834501147144)	(170, 33.66323308736901)	(175, 33.27469213120853)	(180, 33.589897687108575)	(185, 32.96544676629256)	(190, 31.366339678799527)	(195, 32.18854839709803)	(200, 31.430277174924043)	(205, 31.585775407701373)	(210, 31.899497736714824)	(215, 32.98792583865567)	(220, 33.19907236311775)	(225, 32.906313635518075)	(230, 32.86010178248798)	(235, 32.43264202346243)	(240, 25.575)	
SRR5816762_2	(1, 34.2924040429094)	(2, 36.49285049916289)	(3, 35.71259378681714)	(4, 35.44636944254976)	(5, 35.431214733056365)	(6, 34.41379053760774)	(7, 36.37544490605816)	(8, 36.91496248527314)	(9, 35.144862652694236)	(10, 33.87198114962486)	(15, 34.60048366094128)	(20, 35.82963973460656)	(25, 35.153107211508654)	(30, 34.35255162150431)	(35, 34.705142928008925)	(40, 35.1421045451727)	(45, 35.46314875674335)	(50, 35.45457431636386)	(55, 35.29990698828052)	(60, 33.879107087493026)	(65, 32.86368450424753)	(70, 33.96644633223786)	(75, 35.75142803993303)	(80, 34.94552241582439)	(85, 34.59573386246667)	(90, 34.028779066162336)	(95, 32.17846840701929)	(100, 32.82401190550009)	(105, 32.499698642028896)	(110, 33.213954238234024)	(115, 33.703550567371494)	(120, 34.239253425931665)	(125, 33.276252247783226)	(130, 33.560277795002165)	(135, 32.79147268555838)	(140, 33.15761393935636)	(145, 33.82317604018107)	(150, 31.455804551373472)	(155, 33.680505983753946)	(160, 32.94794072053078)	(165, 30.164382712221744)	(170, 29.603246729087868)	(175, 30.991180008681095)	(180, 30.647465740683327)	(185, 30.364980467538906)	(190, 30.013872387920877)	(195, 28.785854777701992)	(200, 24.46618217895455)	(205, 24.483995783468718)	(210, 24.34303714267998)	(215, 25.123628697215846)	(220, 20.310974142741987)	(225, 23.16780306318596)	(230, 20.040691530829125)	(235, 17.081997253007483)	(240, 16.880672268907563)	(245, 17.892857142857142)
SRR5816763_1	(1, 36.75009904400999)	(2, 35.898854534493154)	(3, 36.32296959779519)	(4, 36.7796572216002)	(5, 36.43493239169753)	(6, 37.202842132460596)	(7, 37.507828783050556)	(8, 36.96584273533718)	(9, 36.999741624321764)	(10, 36.92159503918698)	(15, 37.344866075273444)	(20, 36.12227026095944)	(25, 36.4262750839721)	(30, 37.32615278615106)	(35, 36.36785117560933)	(40, 36.80814055636896)	(45, 36.45845146843511)	(50, 36.23926276806477)	(55, 36.75840840582207)	(60, 36.727313754198605)	(65, 36.150509000086124)	(70, 36.36530875893549)	(75, 36.355325122728445)	(80, 36.40811299629662)	(85, 35.75395400912927)	(90, 35.76806132116097)	(95, 35.943598311945564)	(100, 35.548734820428905)	(105, 35.45022478684007)	(110, 35.29373180604599)	(115, 35.314984066833176)	(120, 35.29880630436655)	(125, 34.73252949788993)	(130, 34.96615967616915)	(135, 35.04642149685643)	(140, 34.796685901300485)	(145, 33.814903109120664)	(150, 34.09132029971579)	(155, 34.50849366979588)	(160, 34.19191111876669)	(165, 33.64382740504694)	(170, 32.75100163637929)	(175, 33.23536301782792)	(180, 33.28132288347257)	(185, 32.22915166652312)	(190, 31.232758590991303)	(195, 32.69606063215916)	(200, 30.431997243992765)	(205, 32.51075359572819)	(210, 32.597722849022475)	(215, 31.48740676944277)	(220, 31.79380242873138)	(225, 31.708755490483163)	(230, 30.914377297840893)	(235, 28.830301075268817)	(240, 24.580000000000002)	(245, 25.625)
SRR5816763_2	(1, 34.3733011799156)	(2, 36.195521488243905)	(3, 35.73051416759969)	(4, 35.49304969425545)	(5, 35.6693652570838)	(6, 35.141848247351646)	(7, 36.20456463698217)	(8, 36.79112910171389)	(9, 35.068228404099564)	(10, 34.051203169408325)	(15, 34.619174920334174)	(20, 35.68753423477737)	(25, 35.70100077512704)	(30, 34.617414520713126)	(35, 34.95461200585652)	(40, 35.17518215485316)	(45, 34.659498751184216)	(50, 33.50643010937904)	(55, 34.70853156489536)	(60, 34.341421066230296)	(65, 33.36486779777797)	(70, 34.64970459047455)	(75, 35.27188355869434)	(80, 34.82068727930411)	(85, 34.25134441477909)	(90, 33.97296701403842)	(95, 32.51554215829817)	(100, 32.20003100508139)	(105, 34.103577641891306)	(110, 32.35903539746792)	(115, 34.2628266299199)	(120, 33.2422116958057)	(125, 33.718870037033845)	(130, 33.31360848894094)	(135, 32.072714118376624)	(140, 32.287390615310414)	(145, 33.062120168125126)	(150, 30.00992558395921)	(155, 30.166819403293594)	(160, 30.94079446013918)	(165, 27.04339902156687)	(170, 27.6887135671467)	(175, 29.359550058568182)	(180, 28.31573072417832)	(185, 27.576255770688345)	(190, 27.305098876869017)	(195, 26.000854406394268)	(200, 23.339209674085303)	(205, 23.40810997037139)	(210, 24.031585475091298)	(215, 21.671274030179838)	(220, 19.207231447667606)	(225, 20.70688348377317)	(230, 18.591108750279112)	(235, 17.31973416289593)	(240, 18.696825396825396)	(245, 16.357142857142858)
SRR5816764_1	(1, 36.70358210076234)	(2, 36.258129067216025)	(3, 35.76541719644419)	(4, 36.732756077017584)	(5, 36.824918588619035)	(6, 36.95137849451982)	(7, 37.38688512277427)	(8, 37.625593484943586)	(9, 37.096819188944146)	(10, 37.18175633989453)	(15, 37.60373714451258)	(20, 36.27920643351091)	(25, 36.377561038417596)	(30, 37.400187769247694)	(35, 36.81037881104512)	(40, 36.835121433054894)	(45, 36.67299395383022)	(50, 36.32298993020349)	(55, 36.78779392593308)	(60, 36.285648528157346)	(65, 36.02209453913379)	(70, 36.36587749934281)	(75, 36.55710062822225)	(80, 36.543051196626585)	(85, 36.0200322963106)	(90, 35.24731570448339)	(95, 35.952262619434656)	(100, 35.329333311873995)	(105, 35.23678882397438)	(110, 35.283734354798035)	(115, 35.199696350302304)	(120, 34.96922837568871)	(125, 34.81538634863921)	(130, 34.64807965707971)	(135, 34.890265505716236)	(140, 34.6133702434026)	(145, 33.94105976963395)	(150, 33.87081690352416)	(155, 34.13931619804828)	(160, 33.88914747396713)	(165, 33.14540314057479)	(170, 32.93440200859446)	(175, 33.08364637149341)	(180, 32.94897934001792)	(185, 32.01767713346102)	(190, 31.925116551054458)	(195, 32.25131250704135)	(200, 31.86824822021577)	(205, 32.573623249051764)	(210, 31.75499761264814)	(215, 31.57045048524939)	(220, 32.183974162951515)	(225, 31.96550732568308)	(230, 30.910100197545546)	(235, 29.27707345734869)	(240, 24.01904761904762)	(245, 20.0)
SRR5816764_2	(1, 34.725862263209564)	(2, 36.44784038540979)	(3, 36.223579525641235)	(4, 36.144952494380334)	(5, 36.05500029506596)	(6, 35.69207452829683)	(7, 35.68027188987065)	(8, 36.72932794703834)	(9, 34.724054313596106)	(10, 34.322999586907656)	(15, 34.44978889371724)	(20, 35.875307270961756)	(25, 35.81423290897483)	(30, 34.87266884478994)	(35, 34.84677922091857)	(40, 34.75816179271348)	(45, 34.569587819677146)	(50, 34.07818174990209)	(55, 35.56290430742654)	(60, 34.29384599702787)	(65, 33.459078643125764)	(70, 35.12204357319514)	(75, 34.8183713431939)	(80, 34.383219867059374)	(85, 34.5191079351284)	(90, 34.36258992805755)	(95, 32.797240328542536)	(100, 32.73193847606479)	(105, 32.787583624375664)	(110, 32.70869478913513)	(115, 32.39096025193268)	(120, 33.08938030783427)	(125, 33.2870219260833)	(130, 33.24622127801115)	(135, 31.78930037178311)	(140, 32.20621891748346)	(145, 32.90246514198038)	(150, 29.82310205526854)	(155, 29.437523806458188)	(160, 29.242499155038388)	(165, 26.663652701999474)	(170, 26.039860728866568)	(175, 27.338724993159833)	(180, 27.000903438323167)	(185, 25.892072382362567)	(190, 26.205406681366316)	(195, 24.494957590974202)	(200, 22.063228879983264)	(205, 21.795878733255005)	(210, 22.27827187914098)	(215, 21.289532669166682)	(220, 19.068059378000957)	(225, 19.849600051502424)	(230, 18.2375321894543)	(235, 16.088742749023886)	(240, 17.353668261562998)	(245, 15.6203007518797)
SRR5816765_1	(1, 36.56509646111966)	(2, 36.147399100485266)	(3, 36.25131672387265)	(4, 36.72641732749438)	(5, 36.407992070067465)	(6, 36.61419990531424)	(7, 37.0392502071251)	(8, 36.66913244170908)	(9, 36.934222984968635)	(10, 37.177228074328326)	(15, 37.61140963427624)	(20, 36.201748727660075)	(25, 36.631654633684455)	(30, 37.42881110190555)	(35, 37.145765771097174)	(40, 36.885823766126165)	(45, 36.51417031601373)	(50, 35.9639010533791)	(55, 36.782287844715356)	(60, 36.48553083205113)	(65, 35.959767428098)	(70, 36.463747189016445)	(75, 36.0330926736892)	(80, 36.07447626938099)	(85, 35.786495443247716)	(90, 35.12195821990768)	(95, 35.74506450467511)	(100, 35.34993194460883)	(105, 35.28430879394011)	(110, 35.15235826725056)	(115, 34.81320866374718)	(120, 34.88483844241922)	(125, 34.664108178482664)	(130, 34.86643389750266)	(135, 34.48897502663037)	(140, 34.69549650846254)	(145, 33.85928808142976)	(150, 34.12634927210321)	(155, 33.73165759261451)	(160, 33.419162031009584)	(165, 33.206278849567994)	(170, 33.06230027222156)	(175, 32.94853237069476)	(180, 33.07693218132323)	(185, 32.311794295182864)	(190, 31.733882708012782)	(195, 32.11285063321103)	(200, 31.198082613327017)	(205, 31.510980589418864)	(210, 31.822555923777962)	(215, 32.16038584447864)	(220, 32.361039768019886)	(225, 32.111451059296954)	(230, 31.59968803349137)	(235, 30.21792696241811)	(240, 37.0)	
SRR5816765_2	(1, 34.605027222156465)	(2, 36.47918392709197)	(3, 35.51992839389277)	(4, 35.16966504911824)	(5, 35.388803408687416)	(6, 34.41129127707421)	(7, 35.95610427269499)	(8, 36.42760977630489)	(9, 34.73701029707658)	(10, 34.08449520653332)	(15, 34.82058231743402)	(20, 35.80577583145934)	(25, 35.25935613682093)	(30, 34.40169250798912)	(35, 34.919475677594974)	(40, 35.27786424428926)	(45, 35.40470469878092)	(50, 34.85341756420878)	(55, 35.02487276600781)	(60, 34.26285951000118)	(65, 33.38671440407149)	(70, 34.095354479820095)	(75, 35.183080837968994)	(80, 34.46833353059533)	(85, 34.1634009942005)	(90, 33.839611196591314)	(95, 32.34025920227246)	(100, 32.46512900935022)	(105, 33.11154278612853)	(110, 32.70276659959758)	(115, 32.898703988637706)	(120, 33.915984140134924)	(125, 33.07844419457924)	(130, 33.00766362883182)	(135, 31.993008048289738)	(140, 32.46914723635933)	(145, 32.41114924843177)	(150, 30.39078885075157)	(155, 32.078988637708605)	(160, 31.17556515563972)	(165, 29.325665759261447)	(170, 28.589356728606937)	(175, 29.528713457213872)	(180, 29.045748017516864)	(185, 28.48116345129601)	(190, 28.02046987809208)	(195, 26.255494733104513)	(200, 23.52661853473784)	(205, 23.69401112557699)	(210, 22.87808616404308)	(215, 23.42254408805776)	(220, 19.974526571191856)	(225, 21.532015623150667)	(230, 19.777389473155626)	(235, 20.920873015873017)	(240, 20.566666666666666)	(245, 22.166666666666668)
SRR5816766_1	(1, 36.70943719520232)	(2, 36.39368327402135)	(3, 35.57499670488994)	(4, 36.7206570449453)	(5, 36.91610649795703)	(6, 36.85420785554238)	(7, 37.2929188084882)	(8, 37.7638724133386)	(9, 37.077039673125086)	(10, 37.23456570449453)	(15, 37.72415645182549)	(20, 36.29885330170028)	(25, 36.332216291024125)	(30, 37.398938974561744)	(35, 36.983847370502176)	(40, 36.764923553446685)	(45, 36.74533082904969)	(50, 36.213803216027415)	(55, 36.75008896797153)	(60, 36.088154079346246)	(65, 35.919605904837226)	(70, 36.34848754448398)	(75, 36.53818703044682)	(80, 36.460695927243975)	(85, 36.03439765388164)	(90, 34.985122578094106)	(95, 35.88736984315276)	(100, 35.162442335574006)	(105, 35.06874258600237)	(110, 35.1983952814024)	(115, 35.010840912086465)	(120, 34.703133649663904)	(125, 34.72577435086332)	(130, 34.4411394490576)	(135, 34.706339791749045)	(140, 34.46837023856597)	(145, 33.92902003426915)	(150, 33.69371622512192)	(155, 33.85758863846053)	(160, 33.59754843811783)	(165, 32.8506853828918)	(170, 32.942546461051805)	(175, 32.87422894424674)	(180, 32.66901278502702)	(185, 31.7985699222354)	(190, 32.09404244101753)	(195, 31.910906814287596)	(200, 32.227237379728486)	(205, 32.26998484249374)	(210, 31.26968169236853)	(215, 31.572531962567545)	(220, 32.2253196256755)	(225, 31.99828654277053)	(230, 30.830587231996674)	(235, 29.77817351852885)	(240, 23.057142857142857)	(245, 21.25)
SRR5816766_2	(1, 34.51762883880322)	(2, 36.46385264267827)	(3, 36.19866218531699)	(4, 36.1679188084882)	(5, 35.99054303413734)	(6, 35.515519968366945)	(7, 35.29342955054699)	(8, 36.638081586925004)	(9, 34.50215829708712)	(10, 34.19095821800448)	(15, 34.25983919862923)	(20, 35.90258666139449)	(25, 35.758764992750756)	(30, 34.82259456965863)	(35, 34.75114010807961)	(40, 34.57240015816528)	(45, 34.53192302622908)	(50, 34.357532621589556)	(55, 35.8583893502043)	(60, 34.242691445894295)	(65, 33.47344800316331)	(70, 35.1961974429946)	(75, 34.72064715961513)	(80, 34.20832015289311)	(85, 34.55379267167523)	(90, 34.43679319889284)	(95, 32.74448398576512)	(100, 32.78102346118361)	(105, 32.1954824041123)	(110, 32.78420653749835)	(115, 31.603245683405827)	(120, 33.058540925266904)	(125, 32.98483590351918)	(130, 33.09098128377487)	(135, 31.54220706471596)	(140, 32.06608343218664)	(145, 32.667421246869644)	(150, 29.830634638196916)	(155, 29.55299525504152)	(160, 28.706972452879928)	(165, 26.80139712666403)	(170, 25.460877158297087)	(175, 26.60526558587057)	(180, 26.71367141162515)	(185, 25.451225780941087)	(190, 25.94368656913141)	(195, 23.95997297920717)	(200, 21.66417767818895)	(205, 21.299416746301116)	(210, 21.477562856295513)	(215, 21.392341911885854)	(220, 19.06646455992355)	(225, 19.705934688766597)	(230, 18.4634035362013)	(235, 16.230167422577257)	(240, 15.866666666666665)	(245, 16.34722222222222)
SRR5816767_1	(1, 36.53809886986064)	(2, 36.23873905105272)	(3, 36.016905867942405)	(4, 36.590942707249994)	(5, 36.16792622893989)	(6, 36.913610205921096)	(7, 37.18631121588204)	(8, 36.30150916360443)	(9, 36.80844253391574)	(10, 36.93551965610483)	(15, 37.3988721717627)	(20, 36.1584275116134)	(25, 36.46835378677575)	(30, 37.28839816034574)	(35, 36.70950796182024)	(40, 36.679923270701885)	(45, 36.44782407728396)	(50, 35.973999861332594)	(55, 36.42780974831866)	(60, 36.097936166770666)	(65, 35.65084471561626)	(70, 36.02479604335668)	(75, 35.96577688414338)	(80, 35.46565670572465)	(85, 35.66695555709631)	(90, 35.28281910836858)	(95, 35.58699299729598)	(100, 35.06885067831473)	(105, 34.87826850632092)	(110, 34.78389146964339)	(115, 34.470921444914374)	(120, 34.44327809748319)	(125, 34.26145970556287)	(130, 34.23765282303729)	(135, 34.04533499734221)	(140, 34.10515380526474)	(145, 33.42553791397999)	(150, 33.582532529062384)	(155, 33.351360096142734)	(160, 33.137313087892025)	(165, 32.788823407058175)	(170, 32.502606947237055)	(175, 32.33832998220435)	(180, 32.43216621599759)	(185, 31.48709468672722)	(190, 31.252136633617603)	(195, 31.390972751854672)	(200, 30.362243176408054)	(205, 30.841475421202244)	(210, 31.010510989391946)	(215, 31.2180452517969)	(220, 31.491670711132677)	(225, 31.376532852619658)	(230, 30.424465236613464)	(235, 27.799431623715822)	(240, 25.725714285714286)	(245, 18.375)
SRR5816767_2	(1, 34.80609674362708)	(2, 36.22424830710208)	(3, 34.97500520002773)	(4, 34.356467678938735)	(5, 35.20964200697959)	(6, 34.58605468118052)	(7, 35.65791906445723)	(8, 36.1953592641383)	(9, 34.03451662853313)	(10, 34.20822066606577)	(15, 34.87741107952575)	(20, 35.6986110148143)	(25, 35.426559430539186)	(30, 34.29193186808108)	(35, 35.02428990732395)	(40, 35.257223416302665)	(45, 35.27777623702882)	(50, 34.70669070235041)	(55, 34.923268390764754)	(60, 34.43821904827937)	(65, 33.24774781021054)	(70, 34.043576232406565)	(75, 34.99499410663524)	(80, 34.065291548221595)	(85, 33.76202130855809)	(90, 33.740562527444595)	(95, 32.081254477801664)	(100, 31.85690910351522)	(105, 32.65157734174582)	(110, 32.31043472231852)	(115, 33.217864984168806)	(120, 33.15324828399085)	(125, 32.31854907670619)	(130, 32.57683098754304)	(135, 31.46348656081721)	(140, 31.636950241512398)	(145, 31.264357854353)	(150, 30.452298412258198)	(155, 31.19919572904389)	(160, 30.167930851186764)	(165, 27.831391989646164)	(170, 27.57000624003328)	(175, 28.20894173657815)	(180, 28.053530241050176)	(185, 27.311890730083896)	(190, 26.661894196769047)	(195, 25.71209642006979)	(200, 23.318923478703)	(205, 23.36728604774781)	(210, 22.838279137488733)	(215, 22.631264877857127)	(220, 19.526499341329817)	(225, 21.438239848390303)	(230, 19.721858492211776)	(235, 17.47995269837375)	(240, 15.527272727272727)	(245, 18.96969696969697)
SRR5816768_1	(1, 36.82577433628319)	(2, 35.998990597345134)	(3, 36.40555862831859)	(4, 36.01859789823009)	(5, 36.73672566371681)	(6, 36.96077157079646)	(7, 37.08689159292035)	(8, 37.872331305309736)	(9, 37.185467367256635)	(10, 37.27645464601769)	(15, 37.52839325221239)	(20, 36.05878871681416)	(25, 36.3048921460177)	(30, 37.5350110619469)	(35, 36.71086283185841)	(40, 36.8677157079646)	(45, 36.54518528761062)	(50, 36.362295353982304)	(55, 37.12314435840708)	(60, 36.779657079646014)	(65, 36.58514103982301)	(70, 36.81954922566372)	(75, 36.47247234513274)	(80, 36.72787334070796)	(85, 35.74389657079646)	(90, 35.21663163716814)	(95, 35.23935840707965)	(100, 34.8412389380531)	(105, 34.95102046460177)	(110, 35.23127212389381)	(115, 34.81132743362832)	(120, 34.93355918141592)	(125, 34.54648230088496)	(130, 34.8027267699115)	(135, 34.284883849557524)	(140, 34.848780420353975)	(145, 34.031391039823006)	(150, 33.932403207964605)	(155, 34.27659845132743)	(160, 33.979922566371684)	(165, 33.73449668141593)	(170, 33.1420796460177)	(175, 33.52401548672566)	(180, 33.17904867256637)	(185, 32.764858960176994)	(190, 32.213116703539825)	(195, 33.14850110619469)	(200, 31.47268528761062)	(205, 32.73722068584071)	(210, 32.345558628318585)	(215, 31.499524336283184)	(220, 32.32390210176991)	(225, 32.48706581858407)	(230, 31.084888393624738)	(235, 29.71386752136752)	(240, 29.833333333333332)	
SRR5816768_2	(1, 33.66999446902655)	(2, 36.3245575221239)	(3, 36.318639380530975)	(4, 36.5580060840708)	(5, 35.70070519911504)	(6, 34.5094717920354)	(7, 36.506899889380534)	(8, 36.97541482300885)	(9, 35.58573008849557)	(10, 33.810572455752215)	(15, 34.612853982300884)	(20, 35.26052544247788)	(25, 35.08065265486725)	(30, 34.826111725663715)	(35, 34.79407632743363)	(40, 34.732671460176995)	(45, 34.52476493362832)	(50, 33.439081858407086)	(55, 35.18293694690266)	(60, 34.16326603982301)	(65, 34.149759402654865)	(70, 34.82695796460176)	(75, 35.17203263274335)	(80, 34.85563053097345)	(85, 34.61721792035398)	(90, 34.18772953539823)	(95, 32.8052157079646)	(100, 32.47934457964602)	(105, 33.113943584070796)	(110, 32.775824115044244)	(115, 33.64597621681416)	(120, 33.26756637168141)	(125, 33.53951327433629)	(130, 33.349021017699116)	(135, 31.776852876106194)	(140, 32.56049778761062)	(145, 32.13607300884956)	(150, 31.136650995575224)	(155, 31.28075221238938)	(160, 31.391003871681413)	(165, 29.491114491150444)	(170, 28.12370575221239)	(175, 29.047862278761063)	(180, 28.681321902654865)	(185, 28.18455475663717)	(190, 28.450163163716816)	(195, 26.945959623893806)	(200, 23.71295353982301)	(205, 23.517242809734512)	(210, 22.915002765486726)	(215, 23.202533185840707)	(220, 19.549773230088498)	(225, 21.513166482300882)	(230, 18.985224429802145)	(235, 15.8953197945845)	(240, 16.593333333333334)	(245, 16.458333333333336)
SRR5816769_1	(1, 36.92629696015326)	(2, 35.98166585633114)	(3, 36.48232984768111)	(4, 36.80490990762175)	(5, 36.99470258267237)	(6, 36.99203936053642)	(7, 37.36589551751413)	(8, 38.17450636052916)	(9, 37.302377306734975)	(10, 37.27297954326103)	(15, 37.66305813371262)	(20, 36.449909653635984)	(25, 36.88249820395782)	(30, 37.691890597447085)	(35, 37.07489894995029)	(40, 37.155058307874285)	(45, 36.78930865075507)	(50, 36.50271547063561)	(55, 37.26061987039469)	(60, 37.14738213246446)	(65, 36.99661182993113)	(70, 36.93953106971547)	(75, 37.03707176186295)	(80, 37.28711421376893)	(85, 36.50941416369746)	(90, 35.90887861657584)	(95, 35.97056667851933)	(100, 35.56536505010776)	(105, 35.81596119097553)	(110, 35.39248419845721)	(115, 35.477403249566414)	(120, 35.42332822942897)	(125, 34.97770803248115)	(130, 35.642145671719774)	(135, 35.51145548355261)	(140, 35.32061566148777)	(145, 34.120654122188924)	(150, 34.3910691349245)	(155, 34.73854197658977)	(160, 34.07766521773836)	(165, 33.53396660450063)	(170, 33.34171897563914)	(175, 33.550062045093355)	(180, 34.013990261460194)	(185, 33.35024469244529)	(190, 31.41140190781668)	(195, 33.10972086660886)	(200, 31.366287739973803)	(205, 32.720739614590556)	(210, 33.04968305860241)	(215, 32.17142919344129)	(220, 32.658843336248154)	(225, 32.28339967271764)	(230, 32.30991626757014)	(235, 29.983400366574426)	(240, 27.854586466165415)	(245, 25.1)
SRR5816769_2	(1, 35.314666589261485)	(2, 36.79767494176469)	(3, 37.3410919936431)	(4, 37.48036327220743)	(5, 36.69004303244487)	(6, 36.48484430672772)	(7, 37.27936619667206)	(8, 37.811880002612426)	(9, 37.18142202999935)	(10, 35.4861657583652)	(15, 35.380641930872336)	(20, 36.541088365275066)	(25, 36.57281263833153)	(30, 35.798741681966284)	(35, 35.92630784525736)	(40, 36.39393264297584)	(45, 35.73238899008004)	(50, 34.50769794561802)	(55, 35.7506004949094)	(60, 35.18381965559531)	(65, 35.321235386747745)	(70, 35.983713707248754)	(75, 36.459243993236726)	(80, 36.29250379164459)	(85, 35.65740441064418)	(90, 35.08275509241453)	(95, 34.37837855489359)	(100, 33.963145214545406)	(105, 36.16923434177775)	(110, 34.49668222027096)	(115, 35.85971132703933)	(120, 35.80818414693439)	(125, 36.181337851860995)	(130, 35.42177238521658)	(135, 34.11877753024245)	(140, 34.4367546424969)	(145, 35.69459010326335)	(150, 31.369733605219047)	(155, 32.809171788712874)	(160, 33.084252157064796)	(165, 30.22071290175105)	(170, 29.95165417298607)	(175, 32.601280088241914)	(180, 31.383092530641573)	(185, 30.687614928557434)	(190, 30.029677147812457)	(195, 28.77996487739744)	(200, 26.425955893558193)	(205, 25.789794852071434)	(210, 26.24836179183327)	(215, 24.400475316212273)	(220, 20.966222796310678)	(225, 21.748475722589497)	(230, 19.5319881983427)	(235, 17.234396918786025)	(240, 15.95263157894737)	(245, 17.18452380952381)
SRR5816770_1	(1, 36.87313745186673)	(2, 36.153262598359284)	(3, 36.48932697137117)	(4, 36.82759919638373)	(5, 37.01487945755902)	(6, 36.73013979574753)	(7, 37.09560731625649)	(8, 38.18560606060606)	(9, 37.26372844466767)	(10, 37.44921312573246)	(15, 37.89131299179642)	(20, 36.338186422233385)	(25, 36.772915620291315)	(30, 37.84846601372844)	(35, 37.539073748535074)	(40, 37.21023982923155)	(45, 36.853999246609746)	(50, 36.60900301356102)	(55, 37.20259919638372)	(60, 36.91365101289134)	(65, 37.037575339025615)	(70, 36.73497404989117)	(75, 36.694351665829565)	(80, 36.91840364975724)	(85, 36.050328561861704)	(90, 34.910095429432445)	(95, 35.50279800770132)	(100, 35.08007701322619)	(105, 35.334482253473965)	(110, 34.8425435292148)	(115, 35.161357358111495)	(120, 35.09404821697639)	(125, 34.46667713042022)	(130, 35.14690482169764)	(135, 34.9041896869245)	(140, 34.98470408504939)	(145, 33.807010714883646)	(150, 33.98955926670015)	(155, 34.156839820186505)	(160, 33.44532317641027)	(165, 32.80533238460975)	(170, 33.080125984911106)	(175, 33.04998378101227)	(180, 33.55411177498509)	(185, 32.95017862728277)	(190, 31.353027227256554)	(195, 32.37543896364816)	(200, 31.28539438712513)	(205, 32.14358453843417)	(210, 32.48649101144759)	(215, 32.00817026976121)	(220, 32.3567272879476)	(225, 32.015472029801394)	(230, 31.385745231388114)	(235, 30.236617055169745)	(240, 25.666666666666668)	
SRR5816770_2	(1, 35.66330780177465)	(2, 37.10390507282772)	(3, 37.36043445504772)	(4, 37.46782395781015)	(5, 36.542566549472625)	(6, 36.2447576594676)	(7, 37.151148920140635)	(8, 37.7914364640884)	(9, 37.22800519002176)	(10, 35.749547965846304)	(15, 35.788697053407)	(20, 36.768740582621795)	(25, 36.80021973882471)	(30, 36.05824543780345)	(35, 36.26906286623138)	(40, 36.81178846475808)	(45, 35.94212079357107)	(50, 34.82352461074837)	(55, 36.12034153691612)	(60, 35.504564289301854)	(65, 35.722019922986775)	(70, 36.1458270550812)	(75, 36.86436045538256)	(80, 36.611623137451865)	(85, 36.0486752887996)	(90, 35.305169094257494)	(95, 34.8393688263854)	(100, 34.46626276577935)	(105, 36.354694039845974)	(110, 35.085210530721575)	(115, 36.1453917629332)	(120, 36.793129499414036)	(125, 36.47095680562531)	(130, 35.8838167587477)	(135, 34.78419554662649)	(140, 35.42320651264022)	(145, 35.50950318098108)	(150, 32.44148878285618)	(155, 34.41421396283275)	(160, 34.00254478486523)	(165, 31.894703247949103)	(170, 30.481525196718565)	(175, 33.06709358781182)	(180, 32.53574418215302)	(185, 31.979315251967183)	(190, 31.161179896789037)	(195, 29.873011922997307)	(200, 27.543680217652906)	(205, 27.34635483702192)	(210, 26.888017579657827)	(215, 26.16631402710197)	(220, 21.819894312771414)	(225, 22.324723486632138)	(230, 20.18380624393045)	(235, 16.573686868686867)	(240, 16.371428571428574)	(245, 14.833333333333332)
SRR5816771_1	(1, 36.93601386944056)	(2, 35.91086884043475)	(3, 36.50288724411549)	(4, 36.827552177102085)	(5, 37.01757684870307)	(6, 37.090904847636196)	(7, 37.43313662732547)	(8, 38.154700940188036)	(9, 37.20488764419551)	(10, 37.33201773688071)	(15, 37.80766153230646)	(20, 36.11062879242515)	(25, 36.45667666866707)	(30, 37.78678741240735)	(35, 37.33934659611852)	(40, 37.189085707998686)	(45, 36.78447874053551)	(50, 36.53971133938127)	(55, 37.135711832818224)	(60, 36.782327622133984)	(65, 36.82544867755562)	(70, 36.236962428776714)	(75, 35.93415017153602)	(80, 36.53983803265352)	(85, 34.61228057892157)	(90, 33.8706495030623)	(95, 34.80934529584546)	(100, 34.271511017313635)	(105, 34.403454058685654)	(110, 34.43178134074822)	(115, 34.96349166658332)	(120, 34.57838012649323)	(125, 33.67143966899715)	(130, 34.25225030589757)	(135, 33.95773445756943)	(140, 34.46335797184075)	(145, 33.4531624974578)	(150, 33.33485431940708)	(155, 33.56730113323798)	(160, 33.05379929785255)	(165, 32.536059905913575)	(170, 32.04660111956844)	(175, 32.47055881735165)	(180, 32.537006771422)	(185, 31.7960271657048)	(190, 31.061279535369096)	(195, 31.79797090722385)	(200, 30.018535892537432)	(205, 32.03347836378973)	(210, 32.06354267729556)	(215, 30.991653580585258)	(220, 30.95725035590807)	(225, 30.97039444950106)	(230, 29.409049866755073)	(235, 26.697501713125185)	(240, 17.275111111111112)	(245, 12.0)
SRR5816771_2	(1, 35.9089151163566)	(2, 37.07737880909515)	(3, 37.39109155164366)	(4, 37.51073881442955)	(5, 36.821527638861106)	(6, 36.766239914649596)	(7, 36.160658798426354)	(8, 37.22609188504367)	(9, 36.86805027672201)	(10, 35.597589517903586)	(15, 35.990758151630324)	(20, 36.84768420350737)	(25, 36.63307528172301)	(30, 36.00195372407815)	(35, 36.012351803694074)	(40, 36.49433019937321)	(45, 35.734530239381215)	(50, 34.754450890178035)	(55, 35.8832799893312)	(60, 35.37685403747416)	(65, 35.31558911782356)	(70, 35.97343802093752)	(75, 36.636800026672)	(80, 36.42943788757752)	(85, 35.7835573781423)	(90, 34.62896645995866)	(95, 34.63319063812762)	(100, 34.252859238514375)	(105, 36.284308194972326)	(110, 35.18153964126158)	(115, 35.73632193105287)	(120, 36.41167366806694)	(125, 36.03228712409149)	(130, 35.42952523838101)	(135, 34.47293458691738)	(140, 35.0509275188371)	(145, 35.06626325265053)	(150, 32.85403814096152)	(155, 34.134768286990735)	(160, 34.0338100953524)	(165, 31.64857638194305)	(170, 29.746842035073676)	(175, 32.32940521437621)	(180, 32.290470760818835)	(185, 31.736550643462028)	(190, 31.13460815662244)	(195, 29.921736086337557)	(200, 26.614239562044283)	(205, 26.98648858601249)	(210, 26.395481747955422)	(215, 25.837538299454224)	(220, 21.327988024231594)	(225, 22.166896602309134)	(230, 19.935104874306408)	(235, 16.669015535831896)	(240, 16.563828760566327)	(245, 17.419642857142858)
SRR5816772_1	(1, 36.91862996656558)	(2, 36.055137625379054)	(3, 36.52538682839592)	(4, 36.870334732913456)	(5, 37.029002410387996)	(6, 36.79276494829329)	(7, 37.19333644351139)	(8, 38.17796050073867)	(9, 37.23642212891688)	(10, 37.324199129150145)	(15, 37.77594471658502)	(20, 36.29139452608662)	(25, 36.76037827540627)	(30, 37.70387994712697)	(35, 37.20826529818832)	(40, 37.11440984371355)	(45, 36.76215107689915)	(50, 36.550274084441334)	(55, 37.208074799782295)	(60, 37.14676930254257)	(65, 36.922677085763155)	(70, 37.01566752196563)	(75, 36.96802348184433)	(80, 37.1548946427183)	(85, 36.45416958245859)	(90, 35.56363424306041)	(95, 35.764439001632844)	(100, 35.389450664800556)	(105, 35.584188632299195)	(110, 35.11934530751885)	(115, 35.2180565274862)	(120, 35.22447904517533)	(125, 34.674988336832286)	(130, 35.331764637275484)	(135, 35.2618089573128)	(140, 35.05768019594122)	(145, 33.82085180001555)	(150, 34.092895186999456)	(155, 34.438725604540856)	(160, 33.925291579192915)	(165, 33.25976595910116)	(170, 33.21810901174092)	(175, 33.29660407433325)	(180, 33.75557110644585)	(185, 33.18601167612402)	(190, 31.18865540501137)	(195, 32.70752288941158)	(200, 31.484038644713564)	(205, 32.21173531870225)	(210, 32.80754816009953)	(215, 32.04946834360361)	(220, 32.582296911144375)	(225, 32.1704702291857)	(230, 31.073621272387026)	(235, 30.529992450115508)	(240, 33.1875)	
SRR5816772_2	(1, 35.513743099292434)	(2, 37.05010302464816)	(3, 37.32926094393904)	(4, 37.47375787263821)	(5, 36.53126700878625)	(6, 36.14298071689604)	(7, 37.390035767047664)	(8, 37.90466332322526)	(9, 37.23759816499495)	(10, 35.64481572195008)	(15, 35.56662973330223)	(20, 36.6182509136148)	(25, 36.82296672109478)	(30, 35.98335471580748)	(35, 36.08933014540083)	(40, 36.593068190653916)	(45, 35.84164334033123)	(50, 34.706463338776146)	(55, 36.03624718140114)	(60, 35.34868983749319)	(65, 35.43117370344453)	(70, 36.13866534484099)	(75, 36.72579115154342)	(80, 36.532824041676385)	(85, 35.94649716196252)	(90, 35.31149210792317)	(95, 34.6777602830262)	(100, 34.34105823808413)	(105, 36.282396392193455)	(110, 34.80146372754841)	(115, 36.11767553067413)	(120, 36.32557927066325)	(125, 36.40900785319959)	(130, 35.926963299898915)	(135, 34.67048052250991)	(140, 35.09626195474691)	(145, 35.913710053650576)	(150, 31.613607029002406)	(155, 33.28623357437213)	(160, 32.89193686338543)	(165, 30.93167327579504)	(170, 30.697601275173003)	(175, 33.24076277116865)	(180, 32.07754062670088)	(185, 31.050050540393443)	(190, 31.01254568074022)	(195, 29.870828473680113)	(200, 27.560500738667294)	(205, 26.944922634320818)	(210, 26.98805497239717)	(215, 25.424591789129927)	(220, 21.714526475390716)	(225, 22.05717673586813)	(230, 19.924302504369926)	(235, 16.04951794910161)	(240, 17.383333333333333)	(245, 16.346320346320343)
SRR5816773_1	(1, 36.81163744488875)	(2, 35.85534707269558)	(3, 36.272880139444275)	(4, 36.688454834409924)	(5, 36.89520147646878)	(6, 36.884076694350455)	(7, 37.196083256433916)	(8, 38.096749718035475)	(9, 36.972746847123965)	(10, 37.10910284015175)	(15, 37.58773915718241)	(20, 35.96162411565672)	(25, 35.92826002255716)	(30, 37.193841894801594)	(35, 36.68810007177279)	(40, 36.858459961037624)	(45, 36.441900953552754)	(50, 35.98863939300728)	(55, 36.75557674561673)	(60, 36.73197375166616)	(65, 36.29018763457398)	(70, 36.29931713318979)	(75, 36.16395570593663)	(80, 36.79971701015072)	(85, 35.09480365015893)	(90, 34.66579719060802)	(95, 35.03871629242285)	(100, 34.815115349123346)	(105, 34.87544960524966)	(110, 35.109994873372294)	(115, 34.959965138931615)	(120, 34.87563416384702)	(125, 34.39555008715267)	(130, 34.65490413206193)	(135, 34.33026966061725)	(140, 34.665469086434946)	(145, 33.99466830718753)	(150, 33.6275935609556)	(155, 34.30039577565877)	(160, 33.86005331692812)	(165, 33.23670665436276)	(170, 32.575872039372506)	(175, 33.293316928124675)	(180, 32.899647288013945)	(185, 32.03795755152261)	(190, 31.618490720803855)	(195, 32.63747359786732)	(200, 30.80505280426535)	(205, 32.56346970163027)	(210, 32.341488772685324)	(215, 31.3491971701015)	(220, 31.61926381626166)	(225, 31.311009945657748)	(230, 29.48174386553685)	(235, 28.655650630463118)	(240, 29.464285714285715)	
SRR5816773_2	(1, 35.65315287603814)	(2, 36.911801496975286)	(3, 36.843719881062235)	(4, 37.14215113298472)	(5, 36.75921254998462)	(6, 36.69186916846099)	(7, 36.07146519019789)	(8, 37.201855839228955)	(9, 36.76854301240644)	(10, 35.521142212652514)	(15, 35.67013841894802)	(20, 36.70626678970573)	(25, 36.06087152670973)	(30, 35.88747462319286)	(35, 35.720613144673436)	(40, 36.37465805393212)	(45, 35.63868963395878)	(50, 35.43947093202091)	(55, 36.29249051573875)	(60, 35.33204552445401)	(65, 35.03206808161592)	(70, 35.60475956116067)	(75, 36.457416179637036)	(80, 36.34162821695888)	(85, 35.65081513380498)	(90, 35.034217163949556)	(95, 34.544745206603096)	(100, 34.39516456474931)	(105, 35.842380805905876)	(110, 35.02490515738747)	(115, 35.047706346765096)	(120, 35.63531426227827)	(125, 35.002991899928226)	(130, 35.22593253357941)	(135, 34.01047267507433)	(140, 34.44207115759254)	(145, 34.42484978980826)	(150, 31.59680918691684)	(155, 33.76102327488978)	(160, 32.761966574387365)	(165, 30.47258689633959)	(170, 29.76152363375372)	(175, 31.786576438019075)	(180, 31.58173485081513)	(185, 30.584775966369325)	(190, 30.143435594493486)	(195, 29.381025130986682)	(200, 26.479008294968672)	(205, 26.025483702283424)	(210, 26.04991335910345)	(215, 24.454580688820762)	(220, 20.624335325903065)	(225, 22.07989213464713)	(230, 19.9250953563079)	(235, 16.723172018694406)	(240, 16.757142857142856)	(245, 18.3)
SRR5816774_1	(1, 36.93161896402434)	(2, 35.82172298860118)	(3, 36.504276038763095)	(4, 36.793065818971144)	(5, 36.9896331265494)	(6, 37.19692314991638)	(7, 37.53370420012573)	(8, 38.12542256277652)	(9, 37.16066281566181)	(10, 37.1447092175027)	(15, 37.621217692481046)	(20, 36.2292905689919)	(25, 36.46862300876558)	(30, 37.6156902748289)	(35, 36.99332914230135)	(40, 36.97751076423073)	(45, 36.692651855717784)	(50, 36.405033982943294)	(55, 37.06094630339118)	(60, 36.579297092768094)	(65, 36.76708932828828)	(70, 36.09741302620186)	(75, 35.78693584162644)	(80, 36.42309654002633)	(85, 34.71166332570249)	(90, 33.94042724803397)	(95, 34.822247262979346)	(100, 34.29611064324433)	(105, 34.34124568541164)	(110, 34.22264343411579)	(115, 34.697401164790584)	(120, 34.19581054953919)	(125, 33.3874909556739)	(130, 34.197599250358806)	(135, 33.952763115755516)	(140, 34.38205368474741)	(145, 33.40888894160627)	(150, 33.188840784276515)	(155, 33.31589784952613)	(160, 32.78655864874803)	(165, 32.32437164173794)	(170, 32.075044776827546)	(175, 32.25409752452347)	(180, 32.59302549017282)	(185, 31.735488156380846)	(190, 30.490929578801286)	(195, 31.451153522246074)	(200, 29.370443735395632)	(205, 31.690671000035582)	(210, 31.646093444197987)	(215, 30.606376694699133)	(220, 30.90984852977807)	(225, 30.666478465607838)	(230, 29.55653602902632)	(235, 26.9160989010989)	(240, 31.125)	
SRR5816774_2	(1, 35.82799767516339)	(2, 37.08934014969101)	(3, 37.37541366671807)	(4, 37.49481063256906)	(5, 36.77039866203281)	(6, 36.68426109338489)	(7, 36.249765737127404)	(8, 37.24771371297757)	(9, 36.80977854745158)	(10, 35.494421578279386)	(15, 35.86277058844462)	(20, 36.77255743888408)	(25, 36.68700582395294)	(30, 35.9827629971414)	(35, 36.20924241166214)	(40, 36.42350931713855)	(45, 35.671896758276304)	(50, 34.87382305146666)	(55, 35.967596996690666)	(60, 35.217452880543725)	(65, 35.887726997758186)	(70, 36.29527322760862)	(75, 36.66134959137438)	(80, 36.49319036378948)	(85, 35.86938451136916)	(90, 34.737808248425395)	(95, 34.8324362152609)	(100, 34.41941713025015)	(105, 36.0504489544166)	(110, 34.609107191573656)	(115, 36.0715243099624)	(120, 36.80614183875598)	(125, 36.50309701448278)	(130, 35.701813609783294)	(135, 34.58271792377857)	(140, 34.59718884552884)	(145, 35.925557782865006)	(150, 33.1183104605786)	(155, 34.058815993926956)	(160, 33.792449025585064)	(165, 31.827966835494085)	(170, 29.72217728065285)	(175, 32.597271875407735)	(180, 32.57989490789614)	(185, 31.451331443415135)	(190, 31.238978969717824)	(195, 29.71399053459381)	(200, 26.889900008302988)	(205, 26.762536918642574)	(210, 26.271227774680632)	(215, 26.31079744267973)	(220, 21.136090716073397)	(225, 23.07112339426145)	(230, 20.488382931746894)	(235, 16.44781991744066)	(240, 16.6)	(245, 17.714285714285715)
SRR5816775_1	(1, 36.99490052716628)	(2, 35.945071392619674)	(3, 36.57971072081379)	(4, 36.858009483694936)	(5, 37.03102068928978)	(6, 37.221502556359106)	(7, 37.55223979443164)	(8, 38.17710402924581)	(9, 37.23473469495881)	(10, 37.262629473628444)	(15, 37.71379109380381)	(20, 36.36212349996026)	(25, 36.59312034755887)	(30, 37.71076319902514)	(35, 37.0857956502159)	(40, 37.077342446157516)	(45, 36.81585737370527)	(50, 36.52681660441336)	(55, 37.153018623009885)	(60, 36.7366075922541)	(65, 36.88738244721715)	(70, 36.30460144639593)	(75, 36.07960740681873)	(80, 36.61623884076399)	(85, 35.07952263636123)	(90, 34.335863201674215)	(95, 35.04252033166442)	(100, 34.530202124559594)	(105, 34.655315372592646)	(110, 34.5102333836658)	(115, 34.92957959151236)	(120, 34.47304299451641)	(125, 33.78470687965245)	(130, 34.49869400513921)	(135, 34.210850618559434)	(140, 34.64006198839704)	(145, 33.68921825743728)	(150, 33.509944634294946)	(155, 33.63885136030094)	(160, 33.156642560067816)	(165, 32.68006304802776)	(170, 32.39810061193674)	(175, 32.60296961508915)	(180, 32.920495907176345)	(185, 32.10460144639593)	(190, 30.915769954170976)	(195, 31.869085273782087)	(200, 29.883292272642983)	(205, 32.035288352009324)	(210, 32.044125672203236)	(215, 31.050096691303075)	(220, 31.36332088267239)	(225, 31.124302630533258)	(230, 30.262627337439188)	(235, 30.413431562442355)	(240, 27.98095238095238)	(245, 27.5)
SRR5816775_2	(1, 35.8593340220933)	(2, 37.05586902964317)	(3, 37.43753476913296)	(4, 37.525881480304115)	(5, 36.73261543352142)	(6, 36.694548199952315)	(7, 36.47500596042279)	(8, 37.39008980370341)	(9, 36.96262152639805)	(10, 35.75554584227397)	(15, 35.973241675276164)	(20, 36.86235926779517)	(25, 36.755082253834544)	(30, 36.09001562955309)	(35, 36.29315743463403)	(40, 36.57062438740099)	(45, 35.96751172216482)	(50, 35.11360830750483)	(55, 36.02266815014967)	(60, 35.53065776576862)	(65, 36.01849585419481)	(70, 36.378070942276615)	(75, 36.753137831465736)	(80, 36.639614294418394)	(85, 35.96337121513153)	(90, 35.02987893719039)	(95, 34.97514106333942)	(100, 34.57133433998251)	(105, 36.144046199899336)	(110, 34.91027576889454)	(115, 36.17340591803757)	(120, 36.88085512198999)	(125, 36.56951177514636)	(130, 35.825425839095075)	(135, 34.72894116400435)	(140, 34.696940316299774)	(145, 35.92996635672468)	(150, 33.232668415057354)	(155, 34.24094678004715)	(160, 33.97545100532464)	(165, 32.08260351267584)	(170, 30.16698720495907)	(175, 32.85090995787967)	(180, 32.735211528782216)	(185, 31.74592174627142)	(190, 31.365346337836144)	(195, 29.95954541240049)	(200, 27.370215640563735)	(205, 27.180398961534387)	(210, 26.64994701706051)	(215, 26.60428367065805)	(220, 21.610668114867014)	(225, 23.420809049486063)	(230, 20.460594579237217)	(235, 16.964687788991196)	(240, 16.52142857142857)	(245, 16.916666666666664)
SRR5816776_1	(1, 36.76117226559074)	(2, 36.03311113060258)	(3, 36.336450749934215)	(4, 36.71507981755986)	(5, 36.88971362161214)	(6, 36.72417989650031)	(7, 37.01108455398649)	(8, 38.0106569599158)	(9, 36.98422287518639)	(10, 37.202545829313216)	(15, 37.60724936409087)	(20, 36.06656872204193)	(25, 36.04029909657048)	(30, 37.51158231734058)	(35, 36.94357512498904)	(40, 36.852348478203666)	(45, 36.51900929743005)	(50, 36.15352162091044)	(55, 36.77533330409613)	(60, 36.62369967546706)	(65, 36.60676256468731)	(70, 36.525456100342076)	(75, 36.08545083764582)	(80, 36.746772212963776)	(85, 35.02094553109376)	(90, 34.4388781685817)	(95, 34.759922375230246)	(100, 34.783008069467584)	(105, 34.614853960178934)	(110, 34.96387159021138)	(115, 35.01308437856328)	(120, 34.615509604420666)	(125, 34.32800850802562)	(130, 34.25342075256557)	(135, 34.034711867380054)	(140, 34.46849618454522)	(145, 34.01658626436277)	(150, 33.558361108674674)	(155, 33.80367073063766)	(160, 33.52493640908692)	(165, 33.26023594421542)	(170, 32.30853872467327)	(175, 33.08860845539864)	(180, 32.85867687044996)	(185, 31.850896851153408)	(190, 31.985132883080432)	(195, 32.8115538110692)	(200, 30.839628102798002)	(205, 32.481378826418734)	(210, 32.53495745987194)	(215, 31.210871853346198)	(220, 31.619730725374968)	(225, 31.33350583282168)	(230, 29.309485697368654)	(235, 29.025473621943057)	(240, 23.666666666666668)	
SRR5816776_2	(1, 35.5630207876502)	(2, 37.04664064555741)	(3, 36.43079554425051)	(4, 36.9160599947373)	(5, 36.303087448469434)	(6, 35.9313656696781)	(7, 35.28939347425664)	(8, 36.73672265590738)	(9, 36.24662310323656)	(10, 35.173655819664944)	(15, 35.762058152793614)	(20, 36.61118761512148)	(25, 36.009389527234454)	(30, 35.77941408648364)	(35, 35.6114441715639)	(40, 36.188288308043155)	(45, 35.29119814051399)	(50, 35.35484387334444)	(55, 36.50666608192263)	(60, 35.337345408297516)	(65, 35.391261731427065)	(70, 35.63463073414612)	(75, 36.42150469257082)	(80, 35.963849662310324)	(85, 35.694445662661174)	(90, 34.96134330321901)	(95, 34.29928734321551)	(100, 34.202894482940096)	(105, 35.53082843610209)	(110, 34.64842996228401)	(115, 34.91497456363477)	(120, 35.41789974563635)	(125, 34.499043943513726)	(130, 34.92118673800544)	(135, 33.789829839487766)	(140, 34.03087229190422)	(145, 32.88145995965267)	(150, 31.415788088764145)	(155, 33.40089027278309)	(160, 32.783832558547495)	(165, 30.492487501096395)	(170, 29.232788790456976)	(175, 30.970215331988424)	(180, 31.430992895360056)	(185, 30.30819884220682)	(190, 28.788886343214358)	(195, 28.515070502086893)	(200, 25.996584003000766)	(205, 25.756813297662383)	(210, 25.247307135651944)	(215, 24.503822200780668)	(220, 20.676196219464057)	(225, 22.16385684838384)	(230, 20.205069982598605)	(235, 16.285615292712066)	(240, 17.8)	(245, 16.726190476190474)
SRR5816777_1	(1, 36.99357010919124)	(2, 36.0693960578924)	(3, 36.572388879796115)	(4, 36.87018634992635)	(5, 37.04504430779303)	(6, 37.02712244850242)	(7, 37.36126633776801)	(8, 38.20763871028081)	(9, 37.23831513479389)	(10, 37.34914540905796)	(15, 37.7330800346045)	(20, 36.46288900839393)	(25, 36.554043816783185)	(30, 37.7640066403236)	(35, 37.088753536439945)	(40, 37.007121980874004)	(45, 36.829035048750264)	(50, 36.33932755032851)	(55, 37.02173303093362)	(60, 37.00204587434824)	(65, 36.90415254039141)	(70, 36.79189833758096)	(75, 36.52827281442166)	(80, 37.15367439032944)	(85, 35.903285089667754)	(90, 35.32951202974117)	(95, 35.45320442376487)	(100, 35.07564123547429)	(105, 34.811880100072486)	(110, 35.26007388529075)	(115, 35.34497416352966)	(120, 34.78410764806285)	(125, 34.5651499918165)	(130, 34.810133507914614)	(135, 34.8479716617176)	(140, 34.780525614346836)	(145, 34.18183965021394)	(150, 33.8228342958685)	(155, 33.958390422969906)	(160, 33.680193598166895)	(165, 33.432126072622694)	(170, 32.61958661647455)	(175, 33.19420374570366)	(180, 33.44837849844514)	(185, 32.42496200519067)	(190, 31.884107648062848)	(195, 32.92866328415441)	(200, 30.9947064462578)	(205, 32.82959152657298)	(210, 32.86843741962637)	(215, 31.424202109004188)	(220, 31.963300521405692)	(225, 31.511903481493608)	(230, 30.452640080660892)	(235, 28.526050627338766)	(240, 19.033333333333335)	(245, 19.75)
SRR5816777_2	(1, 35.95915265729851)	(2, 37.09216956206598)	(3, 37.078234235076806)	(4, 37.334681661951414)	(5, 36.753606584208185)	(6, 36.69550375271809)	(7, 36.108302742640696)	(8, 37.14833173560289)	(9, 36.89742570553438)	(10, 35.78549416633543)	(15, 36.02288573499497)	(20, 36.879515536954344)	(25, 36.737113329748176)	(30, 36.09380392340246)	(35, 35.97830437934017)	(40, 36.365164020669184)	(45, 35.78052561434684)	(50, 35.35068624470996)	(55, 36.37060020108022)	(60, 35.506018377797)	(65, 35.74986789497065)	(70, 36.27983586242372)	(75, 36.73919661437022)	(80, 36.277406532769064)	(85, 36.00684608010475)	(90, 35.17208492132151)	(95, 34.703439407047156)	(100, 34.5002852533377)	(105, 36.107846804928805)	(110, 34.9085879959784)	(115, 35.93691458766864)	(120, 36.09487946877412)	(125, 35.909761743318754)	(130, 35.65164488297599)	(135, 34.426626762374624)	(140, 34.63280647197737)	(145, 34.45950571675746)	(150, 31.653564497650166)	(155, 33.20585003156492)	(160, 33.405494633963855)	(165, 30.539940143561928)	(170, 29.817837686174567)	(175, 32.036902896958075)	(180, 31.85277186747411)	(185, 30.762316163576422)	(190, 29.30257195632351)	(195, 28.708342491056605)	(200, 26.388339685286077)	(205, 25.909462461128385)	(210, 25.90192662910052)	(215, 24.6365077509411)	(220, 20.86895414903318)	(225, 21.934569431130022)	(230, 19.766031862305333)	(235, 16.273495888830574)	(240, 16.14)	(245, 15.325)
SRR5816778_1	(1, 36.94373710985838)	(2, 35.93565241303451)	(3, 36.535102433658736)	(4, 36.827058985288055)	(5, 37.026770246115774)	(6, 37.11330950089371)	(7, 37.44863192630277)	(8, 38.21311700811219)	(9, 37.261253952976766)	(10, 37.292954764196345)	(15, 37.76934689949127)	(20, 36.36595627663963)	(25, 36.657123607864705)	(30, 37.730441358449056)	(35, 37.22520280489481)	(40, 37.116216141894675)	(45, 36.79476419634263)	(50, 36.43324075347174)	(55, 37.21349924377836)	(60, 36.904892066547504)	(65, 36.93538567303726)	(70, 36.452094046473256)	(75, 36.249445895778905)	(80, 36.667080984463084)	(85, 35.358185068059946)	(90, 34.613092259040286)	(95, 35.25209679637014)	(100, 34.75454695448921)	(105, 34.81193455245428)	(110, 34.53396672624776)	(115, 34.8811714560704)	(120, 34.52625601539942)	(125, 33.829437646088266)	(130, 34.676293139007285)	(135, 34.45421696686374)	(140, 34.74264540079747)	(145, 33.60897566341262)	(150, 33.59472019799257)	(155, 33.727628213941976)	(160, 33.1478592052798)	(165, 32.710735597415095)	(170, 32.604567578715795)	(175, 32.57977450845594)	(180, 33.18437508593428)	(185, 32.416342637151104)	(190, 30.87073009762134)	(195, 31.84999587515468)	(200, 30.219978000824966)	(205, 31.855589165406297)	(210, 31.96197167606215)	(215, 31.2625629038911)	(220, 31.592019799257532)	(225, 31.371643063385125)	(230, 30.13533071363462)	(235, 29.348062442607898)	(240, 34.43653846153846)	(245, 33.0)
SRR5816778_2	(1, 35.773862230166365)	(2, 37.11907053485494)	(3, 37.34479582015675)	(4, 37.49374398460058)	(5, 36.63170631101334)	(6, 36.403052385535545)	(7, 36.52052798020074)	(8, 37.43342499656263)	(9, 36.97042485906778)	(10, 35.53654062972639)	(15, 35.78992712773271)	(20, 36.73120307988451)	(25, 36.81620239241028)	(30, 35.997681836931115)	(35, 36.28051698061323)	(40, 36.55479994500207)	(45, 35.86704798570053)	(50, 34.99102433658738)	(55, 36.070152619276776)	(60, 35.30695448920665)	(65, 36.00645950776847)	(70, 36.367061735184926)	(75, 36.77083184380585)	(80, 36.59874604702323)	(85, 35.96864842568404)	(90, 35.00724047848206)	(95, 34.910133369998626)	(100, 34.51148081946927)	(105, 36.40862367661212)	(110, 35.08122645400797)	(115, 36.38536229891379)	(120, 36.98651725560291)	(125, 36.74753471744809)	(130, 36.00891516568129)	(135, 34.85592465282552)	(140, 34.90110820844218)	(145, 36.38907465970026)	(150, 32.82666849993125)	(155, 34.158171318575555)	(160, 33.676733122507905)	(165, 31.683247628213945)	(170, 30.046049773133507)	(175, 33.04822769146158)	(180, 32.71667262477657)	(185, 31.586833493743985)	(190, 31.20939639763509)	(195, 30.043272377285852)	(200, 27.420340987212978)	(205, 26.932586278014572)	(210, 26.711805307300978)	(215, 26.213661487694214)	(220, 21.486594252715523)	(225, 22.916271139832258)	(230, 20.186240415769856)	(235, 16.973448202959833)	(240, 16.14666666666667)	(245, 17.4474358974359)
