Sample	0	1	2	3	4	5	6	7	8	9	10	11	12	13	14	15	16	17	18	19	20	21	22	23	24	25	26	27	28	29	30	31	32	33	34	35	36	37	38	39	40	41	42	43	44	45	46	47	48	49	50	51	52	53	54	55	56	57	58	59	60	61	62	63	64	65	66	67	68	69	70	71	72	73
11_S9	(1, 0.0)	(2, 31.366286629605202)	(3, 32.14120418354848)	(4, 31.451276736078395)	(5, 32.008489588240835)	(6, 30.599613681334212)	(7, 29.44960897013097)	(8, 27.270875341562235)	(9, 29.670507867709414)	(10, 29.817088476396872)	(20, 32.27077829077546)	(30, 38.0474521812871)	(40, 37.747862055969094)	(50, 34.117398473570155)	(60, 36.790665221897676)	(70, 33.899303684160934)	(80, 37.4225440497503)	(90, 37.36995854141148)	(100, 33.95315650617168)	(110, 36.79408178648827)	(120, 36.176434561386976)	(130, 32.88630358993687)	(140, 36.19815320832941)	(150, 32.39484594365401)	(160, 35.532376330914914)	(170, 34.818423631395454)	(180, 30.9702185998304)	(190, 32.286397814001695)	(200, 27.687862998209745)	(210, 29.338310562517666)	(220, 26.781417129934987)	(230, 26.22975313295015)	(240, 29.381607462545936)	(250, 29.78200885706209)	(260, 25.654225949307452)	(270, 29.724718741166498)	(280, 29.02252897389993)	(290, 30.428183360030154)	(300, 33.07834354094036)	(310, 31.54627909168002)	(320, 34.58072646753981)	(330, 34.39142278337887)	(340, 33.509756901912745)	(350, 36.328207858287)	(360, 34.189645632027506)	(370, 36.004869735641634)	(380, 37.036566985877485)	(390, 33.19066929178266)	(400, 37.02865448331661)	(410, 34.982842742968714)	(420, 35.317173359572465)	(430, 37.298326050195826)	(440, 33.78413066767558)	(450, 35.86908959018094)	(460, 35.14759313705415)	(470, 31.798599730697095)	(480, 31.52952875795329)	(490, 30.011132387860545)	(500, 32.254186305378724)	(510, 30.0284731924472)														
14_S10	(1, 0.0)	(2, 30.88445585753948)	(3, 31.69955699563718)	(4, 31.172919593699792)	(5, 31.748697540283818)	(6, 30.127637690999414)	(7, 28.793065200293096)	(8, 26.481745396855274)	(9, 29.24714131099713)	(10, 29.569476394388158)	(20, 32.04804547012914)	(30, 37.85841876348677)	(40, 37.59392364729055)	(50, 33.91841526785295)	(60, 36.32787162957037)	(70, 33.575464684014875)	(80, 36.994052716846944)	(90, 36.988610956123075)	(100, 33.72200367041551)	(110, 36.40988457686025)	(120, 35.76649703879481)	(130, 32.46730372352225)	(140, 35.69675981634477)	(150, 31.937284295865066)	(160, 35.05922948163784)	(170, 34.06626915035931)	(180, 30.22156604395088)	(190, 31.220354000147886)	(200, 26.725844161955404)	(210, 28.149643378126747)	(220, 26.477554669696218)	(230, 25.78112223290333)	(240, 28.59780043964318)	(250, 29.22135765039629)	(260, 25.245709445605918)	(270, 29.50996658980754)	(280, 29.10888025437459)	(290, 30.327831295334)	(300, 33.34812681083916)	(310, 31.858167346746704)	(320, 34.75662523444275)	(330, 34.853274803874776)	(340, 33.5662422608684)	(350, 36.30012519127743)	(360, 34.35588331395338)	(370, 35.81990750595923)	(380, 36.912579805083126)	(390, 33.31637608505888)	(400, 36.91718318568257)	(410, 35.13079536316933)	(420, 35.237283822141556)	(430, 37.31517510224131)	(440, 33.82349509034747)	(450, 35.60623610577656)	(460, 35.07732052070509)	(470, 31.750046922103785)	(480, 32.115421529182626)	(490, 29.862861385067436)	(500, 31.63306774396047)	(510, 30.602646851703454)														
15_S11	(1, 0.0)	(2, 30.613352058605038)	(3, 31.506737302151056)	(4, 31.040261141627038)	(5, 31.57651785859528)	(6, 29.859853270506072)	(7, 28.414567755299018)	(8, 26.080674109781423)	(9, 28.97739953692909)	(10, 29.409694123771157)	(20, 31.979714349233546)	(30, 37.719643641450816)	(40, 37.4859636375467)	(50, 33.78007764842399)	(60, 36.17224773751362)	(70, 33.544079578789834)	(80, 36.88139149012314)	(90, 36.79108940955747)	(100, 33.53903948031948)	(110, 36.1314004370435)	(120, 35.52107297975827)	(130, 32.297931905802486)	(140, 35.504853026499156)	(150, 31.648365424761817)	(160, 34.58986774824993)	(170, 33.758534006430935)	(180, 29.850141252894197)	(190, 30.87778235667305)	(200, 26.630321384224136)	(210, 27.970625362621398)	(220, 25.99283921028516)	(230, 25.498763698277312)	(240, 28.57276286323141)	(250, 28.9998373287207)	(260, 25.285119915844724)	(270, 30.163605554681954)	(280, 29.497172773165744)	(290, 30.773786065578214)	(300, 33.537455062059095)	(310, 31.843271644769306)	(320, 34.82782871798764)	(330, 34.85603483334327)	(340, 33.759348989540236)	(350, 36.56941400382819)	(360, 34.411450973587606)	(370, 36.16175006837099)	(380, 37.256070832164895)	(390, 33.427150098798734)	(400, 37.20200936007612)	(410, 35.27114662203043)	(420, 35.50836905749931)	(430, 37.50899866690385)	(440, 34.06582836698331)	(450, 36.142889866267566)	(460, 35.56804104206139)	(470, 32.11696523523217)	(480, 32.28562325859072)	(490, 30.603500667397025)	(500, 32.66180010685976)	(510, 30.86570767274448)														
16_S12	(1, 0.0)	(2, 30.265274823424335)	(3, 31.187605034610005)	(4, 30.820404038029874)	(5, 31.325099011646355)	(6, 29.47591989752148)	(7, 27.94603424568991)	(8, 25.646490228108732)	(9, 28.688985909203087)	(10, 29.249540491943918)	(20, 31.79710427659799)	(30, 37.5329929134691)	(40, 37.30981302370403)	(50, 33.57319222949548)	(60, 35.831144304333)	(70, 33.26008508537918)	(80, 36.47351600051709)	(90, 36.33858222373694)	(100, 33.18277961241495)	(110, 35.73613601908546)	(120, 35.02320985768178)	(130, 31.695374951522485)	(140, 34.93903174248745)	(150, 31.172631065565106)	(160, 34.01624554888296)	(170, 33.115667931978706)	(180, 29.13761267349073)	(190, 30.03776310068045)	(200, 25.807667673431972)	(210, 27.030655415966436)	(220, 25.902037230729455)	(230, 25.397715974662415)	(240, 28.35635731158407)	(250, 28.681549752617787)	(260, 25.083407763453245)	(270, 30.490153482742006)	(280, 30.018524285764652)	(290, 30.940356206884395)	(300, 33.88688345418434)	(310, 32.23407763453244)	(320, 35.2666427706808)	(330, 35.34056128145163)	(340, 33.997459429418754)	(350, 36.79616294276728)	(360, 34.637080908249985)	(370, 36.24091215931156)	(380, 37.34943689151142)	(390, 33.603720121147816)	(400, 37.29262110338892)	(410, 35.491042428803475)	(420, 35.551472739824916)	(430, 37.60102560372815)	(440, 34.192185515950186)	(450, 36.113016085250806)	(460, 35.58863817149832)	(470, 32.07070019953845)	(480, 32.366020837240235)	(490, 29.965009092418352)	(500, 32.168705275021864)	(510, 30.117846817703768)														
17_S13	(1, 0.0)	(2, 32.06899342522444)	(3, 32.47354654073357)	(4, 31.83014885024864)	(5, 32.25718803190602)	(6, 30.402050028368322)	(7, 28.089627206888498)	(8, 27.027075059239728)	(9, 29.354257751226513)	(10, 29.758096652538136)	(20, 32.19497254947769)	(30, 38.05056986950573)	(40, 37.761330223942856)	(50, 34.115298868604604)	(60, 36.750148516503685)	(70, 33.84252745052231)	(80, 37.41485999399259)	(90, 37.42881637352734)	(100, 33.94171060975202)	(110, 36.70913751960752)	(120, 36.23561267229583)	(130, 32.85728815539164)	(140, 36.11990913793679)	(150, 32.35805827186864)	(160, 35.623698811867975)	(170, 34.68853002035844)	(180, 30.894989653906485)	(190, 32.17512515435705)	(200, 27.536315622601204)	(210, 29.36423630811334)	(220, 27.46144578313253)	(230, 26.643632563494975)	(240, 29.74280195574542)	(250, 30.318609618529518)	(260, 26.189860411173782)	(270, 30.193667189533762)	(280, 29.425223609117914)	(290, 30.9005369121917)	(300, 33.675671661716116)	(310, 31.97063127857691)	(320, 35.02402504755865)	(330, 34.71653706237693)	(340, 33.878273620798986)	(350, 36.53015343924174)	(360, 34.306003308307154)	(370, 36.04136307740247)	(380, 37.04145565272833)	(390, 33.388038399603595)	(400, 37.04502458633964)	(410, 34.99104891044491)	(420, 35.480130456446986)	(430, 37.42608384596105)	(440, 33.888855226364875)	(450, 35.79546628565372)	(460, 35.2008902902748)	(470, 32.09164641979601)	(480, 31.996980940807255)	(490, 30.14522774448493)	(500, 32.51913006144126)	(510, 30.489982747131112)														
19_S14	(1, 0.0)	(2, 32.12726175702267)	(3, 32.56442622164019)	(4, 31.969475279227147)	(5, 32.30827773930572)	(6, 30.28117436526819)	(7, 27.93706504672641)	(8, 26.559585598804244)	(9, 29.671262744345178)	(10, 29.687620758455665)	(20, 32.12258157409376)	(30, 38.04470925409156)	(40, 37.718489670823935)	(50, 34.30186974199343)	(60, 36.88183326591201)	(70, 33.97452845065787)	(80, 37.77944860780671)	(90, 37.38567902419626)	(100, 33.84486283759231)	(110, 36.26675122901083)	(120, 36.19241132952575)	(130, 32.997526894253646)	(140, 36.32993781239501)	(150, 32.30697296519002)	(160, 35.4777633031423)	(170, 34.68177635773985)	(180, 30.99754472090998)	(190, 32.02271527401628)	(200, 28.26948350691469)	(210, 30.453930434901856)	(220, 27.017479722178415)	(230, 25.624465714540385)	(240, 29.66470527737592)	(250, 30.013230807204714)	(260, 26.00290437370157)	(270, 30.406204362045674)	(280, 28.689016722774927)	(290, 30.77635362601046)	(300, 33.722456101858775)	(310, 31.21174433832251)	(320, 34.86807108722034)	(330, 33.966121810914025)	(340, 33.90055743762823)	(350, 36.64611267268628)	(360, 33.64632725924817)	(370, 35.81139381272295)	(380, 37.224338760033305)	(390, 33.09232053061938)	(400, 36.90203619244817)	(410, 34.85887238420222)	(420, 35.63300067532138)	(430, 37.0755455932556)	(440, 33.46562962001608)	(450, 36.064414219506475)	(460, 35.601888256890525)	(470, 32.397573664647915)	(480, 32.1282913242956)	(490, 29.535612570676534)	(500, 32.87733391499834)	(510, 29.698418385918387)														
1_S1	(1, 0.0)	(2, 30.40196556205328)	(3, 31.329266839939354)	(4, 30.949685943253193)	(5, 31.464067576348278)	(6, 29.66396469568984)	(7, 28.18109703270522)	(8, 25.821794455273988)	(9, 28.834400043318173)	(10, 29.33385856616851)	(20, 31.91298029023175)	(30, 37.6039522417154)	(40, 37.377981373186046)	(50, 33.64046783625731)	(60, 35.975108836907076)	(70, 33.40263970110462)	(80, 36.59651288715616)	(90, 36.67575698505523)	(100, 33.3836306042885)	(110, 35.97204407623999)	(120, 35.26107808100498)	(130, 32.01293372319687)	(140, 35.127834632878496)	(150, 31.383789257093348)	(160, 34.33451104613385)	(170, 33.397711717565514)	(180, 29.571919536495557)	(190, 30.473784383799)	(200, 26.302055988737276)	(210, 27.51868204461772)	(220, 25.793303010612952)	(230, 25.34722871994802)	(240, 28.340840372536274)	(250, 28.696913580246918)	(260, 25.065673056097033)	(270, 30.18239495343297)	(280, 29.774816439246262)	(290, 30.902739332900147)	(300, 33.685757526532385)	(310, 32.11265540394196)	(320, 34.97632986787956)	(330, 35.06768572666233)	(340, 33.8834681611436)	(350, 36.72792993285684)	(360, 34.55297941857431)	(370, 36.25042470298119)	(380, 37.36453538691209)	(390, 33.53156449062299)	(400, 37.280861461339484)	(410, 35.397642379128946)	(420, 35.49274235775451)	(430, 37.54445968241074)	(440, 34.12783814544615)	(450, 36.19303814466231)	(460, 35.63156422661438)	(470, 32.16150072658541)	(480, 32.33585248703045)	(490, 30.165768796646738)	(500, 32.191053837231756)	(510, 29.942038572982618)														
20_S15	(1, 0.0)	(2, 32.12446410080228)	(3, 32.57177420135293)	(4, 31.950237586010008)	(5, 32.28607097579623)	(6, 30.54407680173423)	(7, 28.358348414319032)	(8, 27.186323562144953)	(9, 29.433079134044963)	(10, 29.843140490269132)	(20, 32.33845264247902)	(30, 38.13169378018214)	(40, 37.821824525069914)	(50, 34.16080750210489)	(60, 36.98162168177991)	(70, 33.98379818253961)	(80, 37.46243431303287)	(90, 37.47451829557441)	(100, 33.955778033697534)	(110, 36.86821041120283)	(120, 36.47012997067676)	(130, 32.99285499995161)	(140, 36.46178107247583)	(150, 32.612735287571006)	(160, 35.781978302735865)	(170, 35.21034539489601)	(180, 31.331345869100268)	(190, 32.75222150177584)	(200, 28.455884003832345)	(210, 29.595028113538053)	(220, 26.887375037500846)	(230, 26.54442035787905)	(240, 29.649390308813423)	(250, 29.95055259312307)	(260, 25.705195923778927)	(270, 29.73286864542103)	(280, 28.778406286593572)	(290, 30.191062701415838)	(300, 32.918381705393344)	(310, 31.29554586716474)	(320, 34.18278106279819)	(330, 34.12818224927659)	(340, 33.44920014322904)	(350, 36.197937695367315)	(360, 34.1263374719946)	(370, 35.99590359458651)	(380, 36.955818079884935)	(390, 33.08951483950188)	(400, 37.10515348024696)	(410, 34.93367407620937)	(420, 35.25088067418186)	(430, 37.28230761577667)	(440, 33.73353930938926)	(450, 35.94726196631404)	(460, 35.30530958573752)	(470, 31.764923361715812)	(480, 31.314272893291225)	(490, 29.231494969989665)	(500, 31.794081931234636)	(510, 29.350675563725435)														
21_S16	(1, 0.0)	(2, 32.09967427045329)	(3, 32.526518913411515)	(4, 31.88874251928391)	(5, 32.27381865148997)	(6, 30.426813768119672)	(7, 28.183905975825002)	(8, 27.03821275851245)	(9, 29.41005387659327)	(10, 29.78313256111931)	(20, 32.250672299609434)	(30, 38.06498690392265)	(40, 37.757698383702206)	(50, 34.11390396896049)	(60, 36.8477870459469)	(70, 33.87494095187127)	(80, 37.371894119886996)	(90, 37.42466333561464)	(100, 33.9519659553447)	(110, 36.82314429355796)	(120, 36.24955720335713)	(130, 32.865263748308315)	(140, 36.19731080156227)	(150, 32.4155104897264)	(160, 35.62389918336052)	(170, 34.87194918001575)	(180, 31.07428280322951)	(190, 32.37242413794877)	(200, 27.746434728018404)	(210, 29.502246659085177)	(220, 27.673522767620522)	(230, 27.03410897788847)	(240, 30.09900788852125)	(250, 30.505607385261378)	(260, 26.466304230367456)	(270, 30.53399885763097)	(280, 29.64877812826437)	(290, 31.28505194691586)	(300, 33.781006313904484)	(310, 31.918787339257882)	(320, 34.986392429489584)	(330, 34.58741181374239)	(340, 33.94373558666438)	(350, 36.56719220635158)	(360, 34.30937933290963)	(370, 36.23649435702524)	(380, 37.104293593072754)	(390, 33.351305619780376)	(400, 37.14045881802773)	(410, 34.88578895521147)	(420, 35.53449950087021)	(430, 37.37251319621496)	(440, 33.701086836702565)	(450, 35.75073451682048)	(460, 34.85768084408666)	(470, 31.839793315091004)	(480, 31.74729750505919)	(490, 29.769406271170748)	(500, 30.953845759219586)	(510, 30.364749922815687)														
22_S17	(1, 0.0)	(2, 32.136908559975375)	(3, 32.57170846689137)	(4, 31.94057637017408)	(5, 32.2964425393918)	(6, 30.50887676127705)	(7, 28.348411941777453)	(8, 27.205287772214422)	(9, 29.461193727338923)	(10, 29.846506722316896)	(20, 32.28603514671992)	(30, 38.1091507585596)	(40, 37.8048185987854)	(50, 34.157897502496)	(60, 36.89839655288898)	(70, 33.944497158685714)	(80, 37.463610158167754)	(90, 37.552729088001925)	(100, 34.033377373079205)	(110, 36.88959260732812)	(120, 36.3520392153919)	(130, 33.0071922409975)	(140, 36.33435625652151)	(150, 32.456643120416174)	(160, 35.775896496588175)	(170, 35.02095291000128)	(180, 31.189507030094667)	(190, 32.60975880732361)	(200, 27.882542995053036)	(210, 29.550652714074452)	(220, 27.56027940216045)	(230, 26.91443252535413)	(240, 30.056491483563917)	(250, 30.475000187669373)	(260, 26.27817930682441)	(270, 30.223527733779736)	(280, 29.452861207239533)	(290, 31.02685698843206)	(300, 33.70399735761525)	(310, 31.929987313550477)	(320, 34.90637024914986)	(330, 34.668184786770055)	(340, 33.94644816947295)	(350, 36.57871979461464)	(360, 34.34753064640838)	(370, 36.211440315578216)	(380, 37.135004367213405)	(390, 33.412489139471866)	(400, 37.183619518993964)	(410, 34.939091716274525)	(420, 35.53173491371547)	(430, 37.42841307477007)	(440, 33.83356673491362)	(450, 35.799887250197116)	(460, 34.97275260697052)	(470, 31.745879624374016)	(480, 30.936872265804187)	(490, 29.377814815897786)	(500, 31.62638815441565)	(510, 28.613639390182303)														
23_S18	(1, 0.0)	(2, 32.06046302539897)	(3, 32.47056320842565)	(4, 31.82850078669364)	(5, 32.25330732427833)	(6, 30.40826188870693)	(7, 28.051680955591948)	(8, 26.983852711684808)	(9, 29.264866904280254)	(10, 29.753946713547187)	(20, 32.155010756831395)	(30, 38.029179510644454)	(40, 37.753449009408214)	(50, 34.076328950325916)	(60, 36.73487059692387)	(70, 33.8367863564846)	(80, 37.35698632116366)	(90, 37.41374345759881)	(100, 33.92266079054683)	(110, 36.702759046976844)	(120, 36.18910910959124)	(130, 32.80674951032335)	(140, 36.08835853963973)	(150, 32.3055967633176)	(160, 35.49683476222586)	(170, 34.68955704331631)	(180, 30.862007915101305)	(190, 32.170806441254854)	(200, 27.4583594226632)	(210, 29.069931043894297)	(220, 27.37631971871689)	(230, 26.681885576212956)	(240, 29.757730469126294)	(250, 30.139635712680217)	(260, 26.157629322801274)	(270, 30.12440676877629)	(280, 29.378800613299937)	(290, 30.925254471309763)	(300, 33.61387189737662)	(310, 31.9132425424654)	(320, 34.90176203320168)	(330, 34.67642166779052)	(340, 33.85555461901551)	(350, 36.554247342902094)	(360, 34.30612423723072)	(370, 36.08602612030354)	(380, 37.01660099851606)	(390, 33.37167313818212)	(400, 37.07684946296548)	(410, 34.976432087960895)	(420, 35.40569616880124)	(430, 37.302085284863445)	(440, 33.80342544842593)	(450, 35.78048543709143)	(460, 35.0373827296983)	(470, 31.932988889786678)	(480, 32.073595053051996)	(490, 29.855065643130764)	(500, 32.015789765631006)	(510, 30.32689976623672)														
24_S19	(1, 0.0)	(2, 32.11101864181092)	(3, 32.53914079472983)	(4, 31.897925572920318)	(5, 32.28144929567594)	(6, 30.50537879318803)	(7, 28.291611185086552)	(8, 27.219549372766135)	(9, 29.350664026911485)	(10, 29.836969128880792)	(20, 32.3228879038475)	(30, 38.12415288387414)	(40, 37.80393510407176)	(50, 34.177762106664794)	(60, 36.946350480061675)	(70, 33.942786810568364)	(80, 37.39022618964188)	(90, 37.486820204639436)	(100, 34.019360151377114)	(110, 36.98022811689677)	(120, 36.51476014436891)	(130, 33.02894298829631)	(140, 36.505275422244026)	(150, 32.64262211787792)	(160, 35.79893913378653)	(170, 35.25703886046675)	(180, 31.38839091737333)	(190, 32.744565141215226)	(200, 28.33621487139954)	(210, 29.483140023827882)	(220, 26.915191148643913)	(230, 26.54987122433247)	(240, 29.50567664167076)	(250, 29.871684245567316)	(260, 25.704776964047937)	(270, 29.53267310252995)	(280, 28.647925572920315)	(290, 30.08902691148644)	(300, 32.8884242063214)	(310, 31.278677552736703)	(320, 34.19724665358469)	(330, 34.08856437031327)	(340, 33.33939221389026)	(350, 36.18223771813022)	(360, 34.15869892774546)	(370, 35.963521445090755)	(380, 36.91701706332548)	(390, 33.12177533814512)	(400, 37.06443875335463)	(410, 34.86606580000545)	(420, 35.11225753248183)	(430, 37.18349262407751)	(440, 33.61374164964909)	(450, 35.68981591249364)	(460, 34.94800498047461)	(470, 31.365095659679348)	(480, 31.187393047460564)	(490, 29.792244907219917)	(500, 31.58721804511278)	(510, 30.219275666644087)														
25_S20	(1, 0.0)	(2, 31.997792453066175)	(3, 32.34575938363789)	(4, 31.730060160344202)	(5, 32.211949520343204)	(6, 30.12487336310082)	(7, 27.493296061436094)	(8, 26.523545082736106)	(9, 29.28921991670106)	(10, 29.637196227783825)	(20, 32.161454854727154)	(30, 37.959024676997736)	(40, 37.68613122709591)	(50, 33.9704257501282)	(60, 36.56526897052018)	(70, 33.749403399497204)	(80, 37.180976948957515)	(90, 37.19349492827037)	(100, 33.802692206671416)	(110, 36.5584937400723)	(120, 35.989541980913785)	(130, 32.688306880292174)	(140, 35.92500781709254)	(150, 32.131266494065265)	(160, 35.19752354508274)	(170, 34.32864245244081)	(180, 30.53029154628344)	(190, 31.524583817993072)	(200, 26.825343639388144)	(210, 28.18709116606006)	(220, 25.621076757595084)	(230, 25.26045301614699)	(240, 28.29986679674309)	(250, 28.856448163295944)	(260, 24.660119695321)	(270, 28.583176991482496)	(280, 28.43304003602116)	(290, 29.08385113754331)	(300, 32.1368948006954)	(310, 31.102173777094045)	(320, 33.69861481120158)	(330, 34.270396357860236)	(340, 32.9324884619714)	(350, 35.881099818333425)	(360, 34.002064515075695)	(370, 35.248420288516286)	(380, 36.696451082971535)	(390, 32.869935926634575)	(400, 36.60745131829735)	(410, 35.06976857629435)	(420, 34.778067041170544)	(430, 37.011820066572405)	(440, 33.66731262864298)	(450, 35.405228934221626)	(460, 35.13184439237552)	(470, 31.577429742890267)	(480, 31.509134269141022)	(490, 29.02208950695451)	(500, 32.10909682673444)	(510, 29.37888843330209)														
26_S21	(1, 0.0)	(2, 32.131778762283666)	(3, 32.56641022101181)	(4, 31.94427640909148)	(5, 32.280437756497946)	(6, 30.548827169015674)	(7, 28.398775085028678)	(8, 27.339637796659094)	(9, 29.41975928412756)	(10, 29.836048394181653)	(20, 32.27023933533302)	(30, 38.038317498964595)	(40, 37.729318892054366)	(50, 34.10057229633906)	(60, 36.91539426950639)	(70, 33.90198797675674)	(80, 37.49075917117433)	(90, 37.3044867530968)	(100, 33.77448637658605)	(110, 36.5621681999021)	(120, 35.89791413044843)	(130, 32.71964382083108)	(140, 35.93767241054732)	(150, 32.214510724281176)	(160, 35.295292360596896)	(170, 34.679753761969906)	(180, 30.818742705104228)	(190, 32.333089019691506)	(200, 27.953079230412026)	(210, 29.720871245874065)	(220, 26.688294280801717)	(230, 26.318186724230976)	(240, 29.761179231667064)	(250, 30.13781673966792)	(260, 26.394407560335843)	(270, 30.625243790710226)	(280, 29.542673728334943)	(290, 31.183402151131418)	(300, 33.8226948129369)	(310, 31.845180034889996)	(320, 34.90828449152224)	(330, 34.663326597974375)	(340, 33.99536766274677)	(350, 36.625671757928686)	(360, 34.15966565845455)	(370, 36.335630210500675)	(380, 37.27700476286019)	(390, 33.239510309701714)	(400, 37.22780190995166)	(410, 35.02135899725465)	(420, 35.70680084013067)	(430, 37.43583405681365)	(440, 33.9079653034762)	(450, 36.326034969634314)	(460, 35.38455387353726)	(470, 32.15212968638369)	(480, 31.78792527290066)	(490, 30.668230058019624)	(500, 32.17844311377245)	(510, 29.266239833386027)														
27_S22	(1, 0.0)	(2, 32.05712675659493)	(3, 32.44978515831367)	(4, 31.82049272708062)	(5, 32.24385411897298)	(6, 30.31917197900891)	(7, 27.933117317648716)	(8, 27.00766914380305)	(9, 29.19528580988272)	(10, 29.714030747015112)	(20, 32.13978709541084)	(30, 37.92899306167013)	(40, 37.678696333603355)	(50, 33.87885394287324)	(60, 36.58733050399746)	(70, 33.75774222519635)	(80, 37.248762899306165)	(90, 37.21821223541014)	(100, 33.68661730003874)	(110, 36.406283238826475)	(120, 35.904753812559434)	(130, 32.7250361004473)	(140, 35.788566724192584)	(150, 32.040435142464695)	(160, 35.13679516077907)	(170, 34.2090594512732)	(180, 30.539905962737294)	(190, 31.755614940302188)	(200, 27.18021783538196)	(210, 29.558878068538018)	(220, 26.670785052653827)	(230, 25.555252174831825)	(240, 29.073634346493854)	(250, 29.689239425210438)	(260, 25.797915859542847)	(270, 30.172631458458067)	(280, 29.94876201880745)	(290, 31.11516482935935)	(300, 33.418810094037255)	(310, 32.023038248864154)	(320, 35.051713450498355)	(330, 35.102195963793896)	(340, 34.15790159546368)	(350, 36.84218029091677)	(360, 34.13095569330469)	(370, 36.14497596756387)	(380, 37.47671298362404)	(390, 33.43052107496476)	(400, 36.98917559670576)	(410, 35.16980075403009)	(420, 35.62894709706178)	(430, 37.262326306904164)	(440, 33.78187805419814)	(450, 35.86081551743377)	(460, 35.33218983233526)	(470, 32.227838066335494)	(480, 32.50554711995845)	(490, 29.16359288902756)	(500, 30.584196942808738)	(510, 30.061890625955133)														
28_S23	(1, 0.0)	(2, 32.002824213883656)	(3, 32.36794354181206)	(4, 31.720050614087153)	(5, 32.208424375640014)	(6, 30.22238238421049)	(7, 27.750451678548366)	(8, 26.7234422797211)	(9, 29.205841491811086)	(10, 29.663429365301955)	(20, 32.11123815362941)	(30, 37.97129281162559)	(40, 37.709053138269084)	(50, 33.959849853571356)	(60, 36.641529641200904)	(70, 33.72125335090042)	(80, 37.300191759556995)	(90, 37.259520470658835)	(100, 33.86642120573713)	(110, 36.701741489854356)	(120, 35.94950983909156)	(130, 32.41396779222134)	(140, 35.893978489012966)	(150, 32.04839319840592)	(160, 35.16007879100165)	(170, 34.626624575226494)	(180, 30.528812851803774)	(190, 32.03507308387198)	(200, 27.58773912873328)	(210, 28.35334959593522)	(220, 26.898432659131082)	(230, 26.41897376024837)	(240, 29.47958086839685)	(250, 29.636213205319695)	(260, 26.051907485797404)	(270, 29.961145208946174)	(280, 29.412798319821018)	(290, 30.781480201151858)	(300, 33.56790832066894)	(310, 31.752373187578677)	(320, 34.83319918860922)	(330, 34.62910831805997)	(340, 33.71760991931749)	(350, 36.47004767899189)	(360, 34.252703222734596)	(370, 36.06921260664249)	(380, 36.94465140544354)	(390, 33.21372924677205)	(400, 37.084246205452715)	(410, 34.87629753580272)	(420, 35.48456814995577)	(430, 37.408368772498555)	(440, 34.019713922305094)	(450, 36.27176879208237)	(460, 35.30152500138202)	(470, 31.940970963603792)	(480, 31.994436881092334)	(490, 30.40318440009055)	(500, 32.664103737253164)	(510, 30.643878088245458)														
29_S24	(1, 0.0)	(2, 32.05533739864639)	(3, 32.442167571310506)	(4, 31.812419308003307)	(5, 32.24164042082691)	(6, 30.301110143179432)	(7, 27.906792646697493)	(8, 26.896093278831334)	(9, 29.250141839219104)	(10, 29.71144050570707)	(20, 32.199106077866375)	(30, 38.02737340570484)	(40, 37.71752194598942)	(50, 34.011536554312144)	(60, 36.649997542942664)	(70, 33.83599723022627)	(80, 37.26017690812839)	(90, 37.22604793495499)	(100, 33.67094596707543)	(110, 36.37636712904018)	(120, 35.91902164444146)	(130, 32.71267350175345)	(140, 35.88840000893475)	(150, 32.15364024213183)	(160, 35.260935915477226)	(170, 34.44358551676383)	(180, 30.680025464048782)	(190, 31.87659496526615)	(200, 27.48094663718198)	(210, 29.281423753043402)	(220, 26.744789028122135)	(230, 26.082683106613946)	(240, 29.35103263418883)	(250, 29.815464718890304)	(260, 25.95051709888539)	(270, 30.269459224016618)	(280, 29.431871607585606)	(290, 30.836351939958455)	(300, 33.46467332305836)	(310, 31.746323125376932)	(320, 34.663239295047916)	(330, 34.688577363800846)	(340, 33.93239756160832)	(350, 36.57726772369882)	(360, 34.16395284262467)	(370, 36.10887148514924)	(380, 37.29830334131302)	(390, 33.35852114720119)	(400, 37.09803138122494)	(410, 35.11425768078426)	(420, 35.5483793135027)	(430, 37.37184365873327)	(440, 33.878532540488706)	(450, 35.93283960513024)	(460, 35.372990876679154)	(470, 32.1412950961261)	(480, 32.13827633909004)	(490, 29.62595125875574)	(500, 31.209490220813315)	(510, 30.02263000783808)														
2_S2	(1, 0.0)	(2, 30.842074065379425)	(3, 31.676553788367862)	(4, 31.12452608721169)	(5, 31.722483713832972)	(6, 30.0256235694583)	(7, 28.69250542872234)	(8, 26.39176594870591)	(9, 29.16164681025882)	(10, 29.54190386759787)	(20, 32.1042860496508)	(30, 37.79253477316744)	(40, 37.587802101062266)	(50, 33.81495275544339)	(60, 36.3588444157521)	(70, 33.702084629379655)	(80, 37.03782675039615)	(90, 36.91007160044604)	(100, 33.55153588825635)	(110, 36.21153354070074)	(120, 35.665286108339686)	(130, 32.379578613768416)	(140, 35.636284993250776)	(150, 31.789399612653323)	(160, 34.78200070426668)	(170, 34.09737015083045)	(180, 30.231634485591876)	(190, 31.325591877457594)	(200, 27.230716004460355)	(210, 28.23497975233288)	(220, 25.456738658371975)	(230, 25.32661071659135)	(240, 28.518416573742588)	(250, 28.916058454134628)	(260, 24.990589236457538)	(270, 29.97578026879512)	(280, 29.153594107635435)	(290, 30.4255924643465)	(300, 33.29162392159164)	(310, 31.638384294852983)	(320, 34.4131615705147)	(330, 34.80380010564001)	(340, 33.70282058806268)	(350, 36.50102353424497)	(360, 34.27489648795189)	(370, 36.18393175572411)	(380, 37.28539631562532)	(390, 33.25300908879461)	(400, 37.20301092740155)	(410, 35.267316441706754)	(420, 35.451249262995205)	(430, 37.36809941442)	(440, 33.860150337739434)	(450, 36.2169099527944)	(460, 35.56791088216859)	(470, 31.951671259574738)	(480, 31.86547152631011)	(490, 29.57806502168337)	(500, 31.95566737297849)	(510, 29.74004355428774)														
30_S25	(1, 0.0)	(2, 31.322819988720568)	(3, 32.35338855691713)	(4, 32.21261079761241)	(5, 32.3868715220389)	(6, 30.04567192496895)	(7, 28.151225904881127)	(8, 27.077837869556287)	(9, 29.63018780582423)	(10, 29.895530280062456)	(20, 32.251939508334075)	(30, 38.04032397401166)	(40, 37.80688534423461)	(50, 34.02647537269399)	(60, 36.830005248522426)	(70, 33.88936668916033)	(80, 37.45152582044837)	(90, 37.45143095585047)	(100, 33.99678666549308)	(110, 36.80308130645829)	(120, 36.30294797442893)	(130, 32.88256349571153)	(140, 36.28946285773897)	(150, 32.38679263120491)	(160, 35.6028358320864)	(170, 35.103630282344426)	(180, 31.215266028368102)	(190, 32.74313014053652)	(200, 28.337833696817956)	(210, 29.36252196392537)	(220, 26.765154701013522)	(230, 26.371088465312482)	(240, 29.563277620756764)	(250, 29.926982621196856)	(260, 25.77135186941937)	(270, 29.85121938497749)	(280, 29.090273933751256)	(290, 30.56337639729685)	(300, 33.500470411047324)	(310, 31.72485876258749)	(320, 34.77142815229191)	(330, 34.71815141172213)	(340, 33.91430336459627)	(350, 36.573304906553474)	(360, 34.278568267334514)	(370, 36.2908371521355)	(380, 37.11491138999928)	(390, 33.22610791715203)	(400, 37.31408442352351)	(410, 35.009568357118084)	(420, 35.59225392980299)	(430, 37.45526061405913)	(440, 33.96656069835516)	(450, 36.48217268715642)	(460, 35.55870798375187)	(470, 32.214031099110436)	(480, 32.02666161145584)	(490, 30.328732332434896)	(500, 32.51727203908147)	(510, 30.18996459633932)														
31_S27	(1, 0.0)	(2, 31.469267897679455)	(3, 32.44406534466993)	(4, 32.25838985710971)	(5, 32.40916390302931)	(6, 30.17618586200465)	(7, 28.344774564528088)	(8, 27.116796091329686)	(9, 29.44142681023933)	(10, 29.869212852392195)	(20, 32.38896910640118)	(30, 38.14649006682772)	(40, 37.831360346466866)	(50, 34.1956245820425)	(60, 37.052909439129465)	(70, 34.0458681915576)	(80, 37.605561393692085)	(90, 37.51106137322069)	(100, 34.10540126194733)	(110, 37.06092785428011)	(120, 36.58044163607332)	(130, 33.18728590340234)	(140, 36.73167651567881)	(150, 32.839415155195866)	(160, 35.88894226613714)	(170, 35.55665979737876)	(180, 31.619112087672136)	(190, 33.28117178223902)	(200, 28.999023287340947)	(210, 30.006224211737837)	(220, 26.838959780546723)	(230, 26.556471005691048)	(240, 29.814034273652414)	(250, 30.093523762732065)	(260, 25.657434070758217)	(270, 29.854714560615786)	(280, 28.733865134497012)	(290, 30.264270604451838)	(300, 32.90892643493056)	(310, 31.243051328593076)	(320, 34.22658414422774)	(330, 34.083509614728484)	(340, 33.49550493815366)	(350, 36.17467507358326)	(360, 34.04695226527279)	(370, 36.075422051778965)	(380, 36.976536799947695)	(390, 33.02645734198291)	(400, 37.18449062103748)	(410, 34.804812458518555)	(420, 35.32066188382261)	(430, 37.26274634728682)	(440, 33.73583160141972)	(450, 36.264594235448676)	(460, 35.440835696568534)	(470, 31.77106100819871)	(480, 31.340765441243605)	(490, 29.019049570427853)	(500, 30.91161959077677)	(510, 28.497729091636657)														
32_S28	(1, 0.0)	(2, 31.389748806562853)	(3, 32.38250185490231)	(4, 32.23781947484099)	(5, 32.392753981623635)	(6, 30.06539522251828)	(7, 28.228579961455363)	(8, 27.093953718437497)	(9, 29.424658301329462)	(10, 29.859240213348755)	(20, 32.24081531705997)	(30, 38.037263704111595)	(40, 37.790506633317314)	(50, 34.09636625804374)	(60, 36.80584749203209)	(70, 33.901909499433025)	(80, 37.44013355296621)	(90, 37.425263536120426)	(100, 33.99933643494776)	(110, 36.75405675301101)	(120, 36.21178131285085)	(130, 32.919795890749754)	(140, 36.28319435176414)	(150, 32.44520641912859)	(160, 35.635083552266245)	(170, 34.958035810114005)	(180, 31.093851057177652)	(190, 32.5326854785648)	(200, 28.00197669589402)	(210, 29.4691068937036)	(220, 27.466425568253406)	(230, 26.77522410486381)	(240, 30.02421125820707)	(250, 30.497732119441707)	(260, 26.366480632020046)	(270, 30.310627773603926)	(280, 29.520051610615177)	(290, 31.26585393169293)	(300, 33.85612631068097)	(310, 32.01619808023444)	(320, 35.10997680788812)	(330, 34.907737392497324)	(340, 34.14776501770907)	(350, 36.68349533591231)	(360, 34.26858938762559)	(370, 36.37497100331524)	(380, 37.19395548122941)	(390, 33.39730907817297)	(400, 37.24637216080493)	(410, 34.96809654138683)	(420, 35.64378282014772)	(430, 37.387359689416996)	(440, 33.82108728261847)	(450, 36.09145474068394)	(460, 35.04978568198698)	(470, 31.977505020299095)	(480, 31.98948027066654)	(490, 29.635659088462035)	(500, 31.20963394216134)	(510, 29.80757060286801)														
33_S29	(1, 0.0)	(2, 31.35202950741467)	(3, 32.357759949735005)	(4, 32.218437480001626)	(5, 32.389094124696754)	(6, 30.015795077055543)	(7, 28.1577413330696)	(8, 27.039001914025913)	(9, 29.41434297715386)	(10, 29.83522273094846)	(20, 32.30156787228968)	(30, 38.041768815921905)	(40, 37.792247322399916)	(50, 34.061643269784575)	(60, 36.85030164815665)	(70, 33.95504366189808)	(80, 37.39738901267678)	(90, 37.411933282525354)	(100, 33.95673836022085)	(110, 36.73199623012526)	(120, 36.34990080807963)	(130, 32.915230759385416)	(140, 36.391058764667896)	(150, 32.46309536968626)	(160, 35.60146199000518)	(170, 35.125757320131015)	(180, 31.26809045372304)	(190, 32.733012583702276)	(200, 28.527241999197162)	(210, 29.63063546823823)	(220, 26.87129077486052)	(230, 26.63241335978451)	(240, 29.79279942288337)	(250, 30.20031182914555)	(260, 25.949743729965263)	(270, 30.25299291984944)	(280, 29.245436880777714)	(290, 30.741986979969635)	(300, 33.55533338375347)	(310, 31.707181378680428)	(320, 34.70309909301933)	(330, 34.683702272978486)	(340, 34.03424768309781)	(350, 36.661236611999605)	(360, 34.2811727686569)	(370, 36.42832623021657)	(380, 37.29059349549091)	(390, 33.29743899395218)	(400, 37.393791252276436)	(410, 35.02406735095597)	(420, 35.68039433116903)	(430, 37.489975326746034)	(440, 33.866427775604485)	(450, 36.37326296680125)	(460, 35.39550331494412)	(470, 31.93268887083545)	(480, 31.116214905797374)	(490, 29.50722902074661)	(500, 31.220811895472753)	(510, 29.144287070953737)														
34_S30	(1, 0.0)	(2, 31.36755430687068)	(3, 32.37377133776744)	(4, 32.210404311785325)	(5, 32.383404049670716)	(6, 30.06943579830281)	(7, 28.198101307296614)	(8, 27.098899118639626)	(9, 29.35110661511746)	(10, 29.854177451590704)	(20, 32.18238139313915)	(30, 38.06378886668195)	(40, 37.75849701844632)	(50, 34.12555904131581)	(60, 36.74136823826218)	(70, 33.88509960355165)	(80, 37.40527382785623)	(90, 37.39382720094362)	(100, 33.85277309065889)	(110, 36.63057853608991)	(120, 36.09262065463124)	(130, 32.841705710822055)	(140, 36.04433504799974)	(150, 32.29623374070312)	(160, 35.49470446577766)	(170, 34.491242505160386)	(180, 30.80807640640871)	(190, 32.04275949346352)	(200, 26.98651543199764)	(210, 29.22410020969168)	(220, 27.653200665115822)	(230, 26.784875987025327)	(240, 29.816450149077685)	(250, 30.315274728875202)	(260, 26.277012548736934)	(270, 30.40135316667213)	(280, 29.742866387077754)	(290, 31.187737131810884)	(300, 33.77645555519151)	(310, 32.05787859178926)	(320, 35.05445840568789)	(330, 34.902988106549586)	(340, 34.0116694243308)	(350, 36.70633703024147)	(360, 34.33255094852724)	(370, 36.07544381034838)	(380, 37.1816031703867)	(390, 33.48415616332403)	(400, 37.02174123875485)	(410, 35.01962205662477)	(420, 35.56844191904391)	(430, 37.400655369703145)	(440, 33.871389550717204)	(450, 35.6467972765618)	(460, 34.98645718346012)	(470, 32.18209209862143)	(480, 32.28237134052363)	(490, 29.782522047696126)	(500, 31.79437881365693)	(510, 29.84106042816906)														
35_S31	(1, 0.0)	(2, 31.29121110798775)	(3, 32.30980086106138)	(4, 32.166849136719385)	(5, 32.37298234972112)	(6, 29.699150034767943)	(7, 27.644279563847256)	(8, 26.36339897323608)	(9, 29.53712772410528)	(10, 29.663644937935523)	(20, 31.998111065082632)	(30, 38.19600834430619)	(40, 37.40830029145892)	(50, 33.81446309419893)	(60, 36.87776331168351)	(70, 33.40460749212174)	(80, 37.48631955437854)	(90, 37.25756905505172)	(100, 33.94988903848146)	(110, 36.864448299329794)	(120, 36.3882954091521)	(130, 33.00620311875842)	(140, 35.960266899439276)	(150, 32.34443343048631)	(160, 35.897787057448475)	(170, 33.879229853086954)	(180, 30.676097409418418)	(190, 31.742852598718763)	(200, 25.0929284224231)	(210, 29.23605176724712)	(220, 29.787055968989954)	(230, 27.93281723898152)	(240, 31.249309819354647)	(250, 31.425800402420446)	(260, 28.49571873474279)	(270, 32.60106449083458)	(280, 31.57034405468184)	(290, 33.76653474575017)	(300, 35.62201217617731)	(310, 33.36743168469175)	(320, 35.953167581482745)	(330, 35.21443720317794)	(340, 34.66603346510758)	(350, 36.92868885840635)	(360, 34.426314035470696)	(370, 36.042793258786574)	(380, 37.26209141687596)	(390, 34.14186313505389)	(400, 36.93107328166567)	(410, 34.92963445265279)	(420, 35.74650858071643)	(430, 37.35206508664444)	(440, 33.60943452712434)	(450, 33.999891630761496)	(460, 32.6467837366056)	(470, 32.45512868898054)	(480, 32.26041668499301)	(490, 28.82272707983183)	(500, 29.91756236065161)	(510, 29.0075472496691)														
361_S10	(1, 0.0)	(2, 31.260236956973603)	(3, 32.29484261169779)	(4, 32.19311435683469)	(5, 32.47648427637883)	(6, 31.58898560717056)	(7, 27.995244637543028)	(8, 26.33550146767317)	(9, 30.132698947026885)	(10, 28.60049530800858)	(20, 30.943744264921342)	(30, 38.0754784513133)	(40, 37.61926834337975)	(50, 34.20765826282249)	(60, 37.15901414948466)	(70, 33.921512691950866)	(80, 37.60603089464692)	(90, 37.24747250964507)	(100, 33.40747575424206)	(110, 36.32310812112486)	(120, 36.02114159117065)	(130, 32.467816639712865)	(140, 35.896839559748756)	(150, 32.12715119314985)	(160, 35.13286421868584)	(170, 33.893441858342925)	(180, 30.17664295745015)	(190, 32.09464235922759)	(200, 27.890393965049604)	(210, 29.865264054428117)	(220, 29.492774688087763)	(230, 26.84890013231872)	(240, 30.44833435571936)	(250, 30.55658171568205)	(260, 25.48084521751474)	(270, 30.32728351187066)	(280, 27.642840340479893)	(290, 30.179768416890152)	(300, 33.88502314310194)	(310, 30.30676092896868)	(320, 33.91191071274671)	(330, 33.058372834611745)	(340, 34.05948715088897)	(350, 35.74304008598182)	(360, 33.32065571534034)	(370, 35.674459601197064)	(380, 36.82193620112093)	(390, 32.92744895249603)	(400, 36.36759887520887)	(410, 34.016574322687006)	(420, 35.694866579403836)	(430, 36.71273257750276)	(440, 33.13143945010824)	(450, 34.95679383822173)	(460, 34.314193426711945)	(470, 32.72226310534222)	(480, 31.467162040641767)	(490, 27.728506679404592)	(500, 30.815007415647017)	(510, 27.85542929292929)														
36_S32	(1, 0.0)	(2, 31.463040822478543)	(3, 32.41288137206683)	(4, 32.26456869060274)	(5, 32.42784273905662)	(6, 29.7949832616732)	(7, 27.740524203144584)	(8, 26.265845880467722)	(9, 29.63984832378746)	(10, 29.631655269796447)	(20, 32.13989274778277)	(30, 38.00479303177902)	(40, 37.69594393057164)	(50, 34.29667216678037)	(60, 36.93088022973552)	(70, 34.13958971267194)	(80, 37.85617652191848)	(90, 37.359270335877135)	(100, 33.80665725301052)	(110, 36.07427692014787)	(120, 36.17277761030637)	(130, 33.28205032604039)	(140, 36.66985831918642)	(150, 32.44925193165051)	(160, 35.56671690808992)	(170, 34.97402068888924)	(180, 31.368478002189466)	(190, 32.62842263085247)	(200, 28.90395373558203)	(210, 31.044551714290247)	(220, 25.848273810468196)	(230, 24.35833108569072)	(240, 29.0097883513938)	(250, 29.590966856526364)	(260, 24.852660680004444)	(270, 29.646210474543466)	(280, 27.77600152310841)	(290, 29.535734344508086)	(300, 32.67328927953799)	(310, 29.825173332910246)	(320, 33.94436053245332)	(330, 33.26799251138365)	(340, 33.54059639213695)	(350, 36.1515437338368)	(360, 33.040212441891825)	(370, 35.48604927890336)	(380, 37.22995051973121)	(390, 32.52965371639149)	(400, 36.636401644629004)	(410, 34.78616451113996)	(420, 35.45298653268088)	(430, 36.86365150890109)	(440, 33.43336207083225)	(450, 36.5216919015914)	(460, 35.95631025653396)	(470, 32.2632995754768)	(480, 32.09570958758786)	(490, 27.05278860067848)	(500, 29.36520467836258)	(510, 27.980998168498168)														
37_S33	(1, 0.0)	(2, 31.476976611523103)	(3, 32.43539075869937)	(4, 32.268602395892756)	(5, 32.43963491158015)	(6, 29.81374786081004)	(7, 27.807609811751284)	(8, 26.276326297775242)	(9, 29.851717056474616)	(10, 29.650269252709638)	(20, 32.06421334854535)	(30, 38.03121734169994)	(40, 37.697374786081)	(50, 34.4190519110097)	(60, 37.020329720479175)	(70, 34.166806617227614)	(80, 38.00117512835139)	(90, 37.34840616086709)	(100, 33.78238790644609)	(110, 36.001234455219624)	(120, 36.311249286936686)	(130, 33.40297775242441)	(140, 36.78374900171135)	(150, 32.50662977752425)	(160, 35.60277581289218)	(170, 34.99085111237878)	(180, 31.34633656588705)	(190, 32.68232629777524)	(200, 28.970891043924702)	(210, 31.28383685111238)	(220, 26.728292070735883)	(230, 25.198946948088988)	(240, 29.735539075869934)	(250, 30.19757216200798)	(260, 25.715537934968626)	(270, 30.941839132915)	(280, 28.664338847689674)	(290, 31.33143411294923)	(300, 33.89417227609812)	(310, 30.612657159155738)	(320, 34.96679292641186)	(330, 33.66050998288648)	(340, 34.168049058756424)	(350, 36.8038676554478)	(360, 33.41887621220765)	(370, 36.10509982886481)	(380, 37.626504278379926)	(390, 33.02689218482602)	(400, 37.06525202881306)	(410, 34.850558712938195)	(420, 36.07811303146829)	(430, 37.19009493393552)	(440, 33.537919076181176)	(450, 36.913198626451944)	(460, 36.1212523622505)	(470, 32.68180907458732)	(480, 32.223171836025585)	(490, 29.751625893637037)	(500, 31.87244755244755)	(510, 29.05)														
38_S34	(1, 0.0)	(2, 31.364506329113922)	(3, 32.3567088607595)	(4, 32.22188065099458)	(5, 32.380412296564195)	(6, 30.066104882459314)	(7, 28.185974683544305)	(8, 27.065236889692585)	(9, 29.395168173598552)	(10, 29.86239638336348)	(20, 32.28360289330922)	(30, 38.06865678119349)	(40, 37.74697793851718)	(50, 34.14652368896926)	(60, 36.84523254972875)	(70, 33.89914358047016)	(80, 37.384162025316456)	(90, 37.40327522603978)	(100, 33.975745388788425)	(110, 36.833450271247735)	(120, 36.19312911392405)	(130, 32.87559276672694)	(140, 36.21299529837252)	(150, 32.39656274864376)	(160, 35.51105533453888)	(170, 34.76848824593129)	(180, 30.933001084990956)	(190, 32.22869511754069)	(200, 27.534105605786614)	(210, 29.3189294755877)	(220, 27.24593996383364)	(230, 26.8010321880651)	(240, 29.936901265822787)	(250, 30.30625533453888)	(260, 26.401304159132007)	(270, 30.54470162748644)	(280, 29.518290054249547)	(290, 31.189751898734176)	(300, 33.829138517179025)	(310, 32.002824593128395)	(320, 35.03859168173598)	(330, 34.59869294755877)	(340, 33.87713345388788)	(350, 36.66337504520796)	(360, 34.266284990958404)	(370, 36.183064787439186)	(380, 37.08576020616641)	(390, 33.20493847767884)	(400, 37.157869575021536)	(410, 34.9382887288227)	(420, 35.51792877932302)	(430, 37.37075285326914)	(440, 33.72165788603333)	(450, 35.89793237656905)	(460, 35.03656131921505)	(470, 31.93193251059692)	(480, 31.946010580104222)	(490, 30.23626805842317)	(500, 32.227939604900754)	(510, 30.65553573876488)														
39_S35	(1, 0.0)	(2, 31.26255257296658)	(3, 32.29759200614572)	(4, 32.18617324070543)	(5, 32.38288041826251)	(6, 29.45463940886155)	(7, 27.27462293922261)	(8, 25.926676946374194)	(9, 29.481698251897047)	(10, 29.57650589425166)	(20, 31.98350714881811)	(30, 38.08745599345635)	(40, 37.74377221052399)	(50, 34.35193186654066)	(60, 36.81799446222208)	(70, 33.99998397249901)	(80, 37.84285035288136)	(90, 37.25978423667645)	(100, 33.82753137797822)	(110, 36.30967121516091)	(120, 36.236698003194455)	(130, 32.99563554568115)	(140, 36.2320168675631)	(150, 32.34164994832513)	(160, 35.408901342441375)	(170, 34.24175993014221)	(180, 30.527910511277287)	(190, 30.907536241495755)	(200, 27.20086659039787)	(210, 30.19067033641172)	(220, 27.34966204079828)	(230, 25.601077711272858)	(240, 29.87406584539541)	(250, 30.126232597726307)	(260, 26.167162966524632)	(270, 30.85982568711002)	(280, 29.302971719750854)	(290, 31.219429199896098)	(300, 34.090053553960175)	(310, 31.321114850861335)	(320, 34.93585130900469)	(330, 33.95950790045264)	(340, 33.89872056328376)	(350, 36.61724484420337)	(360, 33.537084689136286)	(370, 35.55578121814492)	(380, 37.25055161487724)	(390, 33.235543648753094)	(400, 36.741808245755024)	(410, 35.02012393887348)	(420, 35.65369631854223)	(430, 37.14792887471192)	(440, 33.46249525284186)	(450, 35.45278665774704)	(460, 35.62532324314706)	(470, 32.6107475693791)	(480, 32.578079677029635)	(490, 28.6641394705042)	(500, 30.37145650048876)	(510, 28.991542464062086)														
3_S3	(1, 0.0)	(2, 31.176750589428742)	(3, 31.990396352509045)	(4, 31.35442085490856)	(5, 31.924302300304888)	(6, 30.434672344505074)	(7, 29.233876406686324)	(8, 26.906839602922897)	(9, 29.563259777828563)	(10, 29.716923711478113)	(20, 32.24278890369041)	(30, 38.043721399468254)	(40, 37.7555344989995)	(50, 34.10776485276822)	(60, 36.72350190345073)	(70, 33.83305092775805)	(80, 37.39766903924509)	(90, 37.31994526534048)	(100, 34.02122500850003)	(110, 36.828168283995964)	(120, 36.3077509182826)	(130, 32.907087636766974)	(140, 36.35698368550423)	(150, 32.443102708306625)	(160, 35.69519148770142)	(170, 34.87465094113516)	(180, 31.0178010266929)	(190, 32.3036787042043)	(200, 27.433826799917505)	(210, 28.83603680933722)	(220, 26.391652128353332)	(230, 25.736405794516504)	(240, 28.747069020294184)	(250, 29.257819197262148)	(260, 25.089574217857322)	(270, 28.787757718311582)	(280, 28.260122289045825)	(290, 29.38505721499796)	(300, 32.42424043118872)	(310, 31.0382975402846)	(320, 33.93606746520558)	(330, 34.15888880837853)	(340, 33.03231017050236)	(350, 35.83693028855533)	(360, 34.083606528686545)	(370, 35.45284226110782)	(380, 36.64984245728694)	(390, 33.01338728550182)	(400, 36.70604094875323)	(410, 34.906146753297115)	(420, 34.920701647205334)	(430, 37.15796170758826)	(440, 33.7869893069782)	(450, 35.51489816336182)	(460, 35.10726668328474)	(470, 31.546130448890658)	(480, 31.39059859807428)	(490, 28.89736161537366)	(500, 30.90319984702751)	(510, 28.33525591139248)														
40_S36	(1, 0.0)	(2, 31.09146514524023)	(3, 32.220539256856554)	(4, 32.16047380462799)	(5, 32.34664774537345)	(6, 29.157664571809203)	(7, 26.752353094500275)	(8, 25.455854499116686)	(9, 29.21698861826291)	(10, 29.450589359668687)	(20, 31.96681687856585)	(30, 38.100473804627995)	(40, 37.414938747140084)	(50, 34.02172782298938)	(60, 36.76596599959454)	(70, 33.63985635263113)	(80, 37.590257464739786)	(90, 37.08766486142083)	(100, 33.75335283384981)	(110, 36.335521445741264)	(120, 36.13238611022619)	(130, 32.96966839468273)	(140, 36.07906745054882)	(150, 32.22256480060239)	(160, 35.53490167685134)	(170, 33.92661009586145)	(180, 30.62767354976976)	(190, 31.260902429841586)	(200, 25.368256248370933)	(210, 28.391824263662432)	(220, 26.68507515421819)	(230, 25.14505198528773)	(240, 28.764694604535322)	(250, 29.257267803875003)	(260, 25.12689043992007)	(270, 29.413181383764368)	(280, 28.580927336441835)	(290, 29.924650583567438)	(300, 33.347810825682764)	(310, 30.928781024645946)	(320, 33.839288134611486)	(330, 33.538803903964784)	(340, 33.13088380790927)	(350, 35.73572109379128)	(360, 33.535723843119534)	(370, 34.74004620444169)	(380, 36.69773632697794)	(390, 33.10428588385895)	(400, 36.36159998761501)	(410, 35.00203482455177)	(420, 34.933144660058076)	(430, 36.83959322988109)	(440, 33.61441087727942)	(450, 34.88187696017353)	(460, 34.75573148341079)	(470, 31.992374880873477)	(480, 32.34717169553498)	(490, 28.97715529857827)	(500, 31.36160134405872)	(510, 28.91668231122236)														
41_S37	(1, 0.0)	(2, 31.228311699663475)	(3, 32.225899217691534)	(4, 30.720370613172502)	(5, 32.05553953061492)	(6, 29.625794327171015)	(7, 29.72845592412919)	(8, 27.731995979196714)	(9, 30.08062584677243)	(10, 29.83783138848826)	(20, 32.129291551942664)	(30, 38.30314409335257)	(40, 37.81992395437262)	(50, 34.40834753725799)	(60, 36.77307547747039)	(70, 34.077105895721346)	(80, 37.62189152572003)	(90, 37.67870809842227)	(100, 34.08142651107906)	(110, 37.00517022857393)	(120, 36.750940081290146)	(130, 33.077926664044405)	(140, 36.28219133779118)	(150, 32.71279664350335)	(160, 35.96533980158209)	(170, 34.361890651632365)	(180, 30.70820943140597)	(190, 29.822719286744462)	(200, 25.695309645557455)	(210, 28.84528123770814)	(220, 29.06611686552161)	(230, 27.001535772037936)	(240, 30.627712075521174)	(250, 31.135708229535418)	(260, 27.35321620558542)	(270, 30.5823504217473)	(280, 29.662117040339147)	(290, 31.307768017132123)	(300, 33.96261964074997)	(310, 32.15479743018225)	(320, 34.67260172195272)	(330, 34.18875486211267)	(340, 33.3971080771003)	(350, 36.30746075385976)	(360, 33.97959265322412)	(370, 34.962635942476865)	(380, 36.58971873896871)	(390, 33.39496249488913)	(400, 36.23900460954455)	(410, 34.898252653304006)	(420, 34.91464015607218)	(430, 36.69494319967425)	(440, 33.248655648378424)	(450, 33.675574200364316)	(460, 33.308281943363816)	(470, 32.20926962771779)	(480, 32.33140268740085)	(490, 29.553899366746798)	(500, 31.921232952808406)	(510, 30.405779405779406)														
42_S38	(1, 0.0)	(2, 31.295698541636977)	(3, 32.27406061469764)	(4, 30.76562871122512)	(5, 32.068595316137)	(6, 29.52565198802907)	(7, 29.70147498931167)	(8, 27.29711177616265)	(9, 30.37847370671227)	(10, 29.827194670086932)	(20, 32.201112773739965)	(30, 38.33192722435989)	(40, 37.70510664576505)	(50, 34.051083083939005)	(60, 37.31070970500214)	(70, 33.75039071778063)	(80, 37.820184314284354)	(90, 37.59749418079901)	(100, 34.27627072348107)	(110, 37.20019357750226)	(120, 36.92842620303073)	(130, 33.637384209776265)	(140, 36.71700156762149)	(150, 33.00564818773455)	(160, 36.63615148924042)	(170, 34.8923732839295)	(180, 31.602058097002516)	(190, 32.964833024559404)	(200, 24.250030877392998)	(210, 28.040422070210447)	(220, 28.576458363023136)	(230, 26.992278276566434)	(240, 29.84498361122987)	(250, 30.563929267018192)	(260, 27.09264286732222)	(270, 29.861980428483207)	(280, 29.48287848558263)	(290, 31.221704432093485)	(300, 33.50512802242174)	(310, 31.840013538549236)	(320, 34.12081492565674)	(330, 34.11027385872406)	(340, 33.35321633827925)	(350, 35.75670736754505)	(360, 33.92159838624868)	(370, 34.75383189363172)	(380, 36.37127268891139)	(390, 33.43235342375256)	(400, 36.16631122347886)	(410, 34.65351689387287)	(420, 34.53735664098715)	(430, 36.525932035861025)	(440, 33.44049522556896)	(450, 33.79158671565613)	(460, 32.549604924457796)	(470, 31.593650858796433)	(480, 31.92604256107726)	(490, 28.29839196433216)	(500, 30.56702317290553)	(510, 27.484274193548387)														
43_S39	(1, 0.0)	(2, 31.4361430178261)	(3, 32.38053444221003)	(4, 30.981389958757966)	(5, 32.12832748219094)	(6, 29.62808889191861)	(7, 29.774600361293842)	(8, 26.944357340059305)	(9, 30.534152493268344)	(10, 29.76309519751866)	(20, 32.22945908176829)	(30, 38.26823000102253)	(40, 37.94427553768022)	(50, 34.567815876478406)	(60, 37.204807593987525)	(70, 34.399572241726034)	(80, 38.192273083608846)	(90, 37.69718974743516)	(100, 34.17615801492894)	(110, 36.78277548655373)	(120, 36.94724939500323)	(130, 33.763950714066596)	(140, 37.17954429257985)	(150, 33.05857220764171)	(160, 36.37615119806401)	(170, 35.62120726677801)	(180, 31.832812979310813)	(190, 32.761508572207646)	(200, 28.780773032482358)	(210, 31.457634888714676)	(220, 26.542513378097414)	(230, 24.396523398888853)	(240, 29.2087204744538)	(250, 29.460462183441837)	(260, 24.757651930876992)	(270, 28.060644534578547)	(280, 26.77847574900303)	(290, 28.432335798766143)	(300, 31.555117761341563)	(310, 29.100746446709156)	(320, 32.72040969358192)	(330, 32.39157265073793)	(340, 32.43865162411807)	(350, 35.31242203210744)	(360, 32.932782303418655)	(370, 34.54015792756292)	(380, 36.62869073605752)	(390, 32.42900852056369)	(400, 36.03046880102976)	(410, 34.5306521725969)	(420, 34.690103384570946)	(430, 36.46122273437643)	(440, 33.131507217781014)	(450, 35.397690799188375)	(460, 35.61792195396808)	(470, 32.02408213498704)	(480, 32.04223678583137)	(490, 28.86570232583116)	(500, 31.658041958041956)	(510, 24.975)														
44_S40	(1, 0.0)	(2, 31.328839718474235)	(3, 32.305605506663014)	(4, 30.88274523347346)	(5, 32.10321420490408)	(6, 29.55829988924748)	(7, 29.67829369663336)	(8, 26.927725047933215)	(9, 30.34359481249479)	(10, 29.73852282335568)	(20, 32.21125269438259)	(30, 38.293283395457955)	(40, 37.76253468459349)	(50, 34.396214169177455)	(60, 36.88168891641162)	(70, 34.18902716414)	(80, 37.98740279382168)	(90, 37.41245429969871)	(100, 33.80062997939765)	(110, 36.63082969120291)	(120, 36.37568208071834)	(130, 33.31015588715152)	(140, 36.62794655297664)	(150, 32.673028783746766)	(160, 35.97651570184945)	(170, 35.16890116826047)	(180, 31.470263543366162)	(190, 32.44625882745234)	(200, 28.470708935227634)	(210, 30.95527860809089)	(220, 26.75693751414179)	(230, 24.820104559907588)	(240, 29.482782150980693)	(250, 29.860219599623672)	(260, 24.44071881959248)	(270, 28.997771849805293)	(280, 27.770000357266202)	(290, 29.603127270128976)	(300, 32.58715389836968)	(310, 30.025127722666163)	(320, 33.36791273177646)	(330, 33.06582153362471)	(340, 32.804605161305695)	(350, 35.717621559824224)	(360, 33.258669064319825)	(370, 35.073430179483935)	(380, 36.98597648914515)	(390, 32.81767961318422)	(400, 36.28833491632167)	(410, 34.719730607564905)	(420, 34.853185860623604)	(430, 36.45183564491672)	(440, 33.004303490927235)	(450, 35.3484498097162)	(460, 35.449087257169374)	(470, 31.919091531232816)	(480, 32.193355344122935)	(490, 28.069228284760896)	(500, 29.737852504723474)	(510, 28.23268557422969)														
45_S41	(1, 0.0)	(2, 31.39668310727497)	(3, 32.342429099876696)	(4, 30.960184956843403)	(5, 32.11240443896424)	(6, 29.657842170160297)	(7, 29.803452527743527)	(8, 27.463847102342786)	(9, 30.38512946979038)	(10, 29.816648581997537)	(20, 32.25303822441431)	(30, 38.314420468557344)	(40, 37.780763255240444)	(50, 34.3676029593095)	(60, 36.855741060419234)	(70, 34.215680641183724)	(80, 37.978240443896425)	(90, 37.51931072749692)	(100, 33.83206781750925)	(110, 36.80268557336622)	(120, 36.604583230579536)	(130, 33.27156966707768)	(140, 36.559156596794075)	(150, 32.75653884093712)	(160, 36.142871763255236)	(170, 35.139884093711466)	(180, 31.419531442663377)	(190, 32.29134032059186)	(200, 28.4065598027127)	(210, 30.677601726263866)	(220, 27.37089272503083)	(230, 25.51384463625154)	(240, 29.869509247842167)	(250, 30.158567200986436)	(260, 24.849371146732427)	(270, 29.396972872996304)	(280, 27.87290012330456)	(290, 29.714361282367445)	(300, 32.78888902589395)	(310, 30.34801109741061)	(320, 33.39346115906289)	(330, 33.28662022194821)	(340, 32.83491861898891)	(350, 35.740503082614055)	(360, 33.339807736028845)	(370, 35.17462472502888)	(380, 36.87893118977214)	(390, 32.88243016389995)	(400, 36.27515775340398)	(410, 34.72458224299965)	(420, 34.884115919119395)	(430, 36.51316705614942)	(440, 33.04514580969713)	(450, 35.2070826758102)	(460, 35.31744839352784)	(470, 31.975354071993014)	(480, 31.55591119569174)	(490, 28.573124231882865)	(500, 31.519113902465325)	(510, 30.30595238095238)														
46_S42	(1, 0.0)	(2, 31.261093643931545)	(3, 32.27008824895495)	(4, 30.79252563507092)	(5, 32.07630676337133)	(6, 29.511986851977564)	(7, 29.633079066776233)	(8, 26.751411268712708)	(9, 30.34240237236057)	(10, 29.754101611347313)	(20, 32.172604416020576)	(30, 38.287826467540825)	(40, 37.837987244989094)	(50, 34.41973275215263)	(60, 37.01473971917538)	(70, 34.18503161956483)	(80, 37.98619011040052)	(90, 37.53795598270749)	(100, 34.064559291150104)	(110, 36.78576047733038)	(120, 36.67096895208832)	(130, 33.45127103504949)	(140, 36.70130854978742)	(150, 32.80527617992783)	(160, 36.09930151130801)	(170, 34.97647468648398)	(180, 31.273757547607993)	(190, 31.897850941441277)	(200, 27.1792275536818)	(210, 30.14931133659652)	(220, 27.43484761870735)	(230, 25.493551037907753)	(240, 29.66893601057559)	(250, 30.06562756797313)	(260, 25.66258530136839)	(270, 29.282714637893463)	(280, 28.277183893672515)	(290, 30.056528457608344)	(300, 32.83925202758227)	(310, 30.531422165850877)	(320, 33.687599592697126)	(330, 33.228461181178325)	(340, 33.032040265818715)	(350, 35.819524634677904)	(360, 33.40852511470834)	(370, 34.863398963378486)	(380, 36.71976501153353)	(390, 32.905667987931274)	(400, 36.17414614634743)	(410, 34.655164812807115)	(420, 34.84496201411973)	(430, 36.512653991908145)	(440, 33.16416598056356)	(450, 34.821912250589534)	(460, 34.87659140192359)	(470, 32.10469432575387)	(480, 32.425036612776296)	(490, 29.03236742541582)	(500, 30.902958199267566)	(510, 30.638831168831167)														
47_S43	(1, 0.0)	(2, 31.370636672832507)	(3, 32.311544045985244)	(4, 30.89350995485013)	(5, 32.11363048710146)	(6, 29.473437158143884)	(7, 29.6170216997832)	(8, 26.986345645126)	(9, 30.310857847524712)	(10, 29.714064084969266)	(20, 32.17562205382183)	(30, 38.27450822443662)	(40, 37.79420609821588)	(50, 34.46814348509258)	(60, 36.95634484953358)	(70, 34.26578157010164)	(80, 38.02908685880224)	(90, 37.44994729200231)	(100, 33.90494858483999)	(110, 36.46311434652027)	(120, 36.531068878413585)	(130, 33.44271535692265)	(140, 36.8262833900193)	(150, 32.70680828211707)	(160, 36.002688107882335)	(170, 35.21107464645861)	(180, 31.4717763589713)	(190, 32.42965371840006)	(200, 28.730288203353417)	(210, 31.060104023708654)	(220, 26.433663504186804)	(230, 24.476658312946277)	(240, 29.15758895717724)	(250, 29.505455775006464)	(260, 24.498014002426558)	(270, 28.866695506891823)	(280, 27.371294031067883)	(290, 29.272585874256617)	(300, 32.303299719553664)	(310, 29.5834864848738)	(320, 33.28379278795474)	(330, 32.84333890248026)	(340, 32.763823418262824)	(350, 35.7132834099091)	(360, 33.16741725259199)	(370, 35.00465974645995)	(380, 36.956717839481584)	(390, 32.69230798453932)	(400, 36.32554471988915)	(410, 34.70403727227579)	(420, 34.936546914435546)	(430, 36.547184692996865)	(440, 33.0279028215423)	(450, 35.57529870614613)	(460, 35.58582463157407)	(470, 31.91414711986955)	(480, 31.97088358213518)	(490, 29.755333463250263)	(500, 31.463910665204754)	(510, 29.017261904761906)														
4_S4	(1, 0.0)	(2, 30.361681685178986)	(3, 31.291776454660592)	(4, 30.862904517199716)	(5, 31.425174326350575)	(6, 29.486730816822675)	(7, 27.943276607514594)	(8, 25.68486599799106)	(9, 28.635763469349133)	(10, 29.29466248380475)	(20, 31.799454820724087)	(30, 37.52861718078989)	(40, 37.274715036466596)	(50, 33.5869972195129)	(60, 35.884964989154646)	(70, 33.295718632175046)	(80, 36.550591035476685)	(90, 36.460254319945264)	(100, 33.19977363050092)	(110, 35.79401831336527)	(120, 35.08986214024719)	(130, 31.798446712183193)	(140, 34.992250302068626)	(150, 31.103498900906935)	(160, 33.85880075116824)	(170, 33.109303713624385)	(180, 29.18457339175753)	(190, 29.96310832253651)	(200, 26.101695951552557)	(210, 27.222114334793936)	(220, 25.574581835121485)	(230, 25.355957666720048)	(240, 28.364655059467488)	(250, 28.797977232032377)	(260, 25.385403898504943)	(270, 30.8337385177529)	(280, 30.132918201272325)	(290, 31.39104348332436)	(300, 34.2180185754007)	(310, 32.38389064387928)	(320, 35.188824188781965)	(330, 35.43129794884486)	(340, 34.14507373385934)	(350, 36.925119007759164)	(360, 34.62166934061006)	(370, 36.44051189538858)	(380, 37.581732818226804)	(390, 33.64842650508844)	(400, 37.432680950222945)	(410, 35.53338282155271)	(420, 35.710338978343145)	(430, 37.58521786238838)	(440, 34.07745190020321)	(450, 36.263515234249894)	(460, 35.647076479640205)	(470, 32.049531006423834)	(480, 32.385921204523115)	(490, 30.818783054654357)	(500, 32.481703604017596)	(510, 30.78308792815372)														
50_S46	(1, 0.0)	(2, 31.403452873642834)	(3, 32.36514918007238)	(4, 30.989644842334933)	(5, 32.11769900777502)	(6, 29.605655509186306)	(7, 29.763251311711024)	(8, 27.18918076503489)	(9, 30.498259710124852)	(10, 29.779201371452313)	(20, 32.22523333737381)	(30, 38.19698696081317)	(40, 37.897899530727805)	(50, 34.538786818819375)	(60, 37.16206168072174)	(70, 34.352350690055246)	(80, 38.153791407643425)	(90, 37.611724878352874)	(100, 34.11156729986667)	(110, 36.56709899738523)	(120, 36.780299225960626)	(130, 33.71748774870561)	(140, 37.13710886768602)	(150, 32.93624824672289)	(160, 36.194791251796566)	(170, 35.5160764688566)	(180, 31.75398708202739)	(190, 32.88806386257771)	(200, 28.95923912102374)	(210, 31.520372647145404)	(220, 26.42474848049317)	(230, 24.32847495194722)	(240, 29.218099014701558)	(250, 29.614765623647166)	(260, 24.855914388127932)	(270, 28.611283312265147)	(280, 27.029261112746536)	(290, 28.888446553187066)	(300, 31.973216852239865)	(310, 29.180378881019585)	(320, 33.13323520753606)	(330, 32.60644340161735)	(340, 32.809158537599195)	(350, 35.56315092606469)	(360, 32.99751663609002)	(370, 34.813948613250616)	(380, 36.86264225575184)	(390, 32.41159710794472)	(400, 36.20149340097119)	(410, 34.55117228024406)	(420, 34.89044243128244)	(430, 36.4700139207627)	(440, 33.00190771707044)	(450, 35.64088665628931)	(460, 35.479701264224744)	(470, 31.80439677163299)	(480, 32.24273865961139)	(490, 28.816573964028702)	(500, 31.760376293995858)	(510, 30.95138888888889)														
51_S47	(1, 0.0)	(2, 31.204044252326177)	(3, 32.201699758224045)	(4, 30.69266368720541)	(5, 32.0418467775417)	(6, 29.595489291034752)	(7, 29.765648277041052)	(8, 27.581202530099887)	(9, 30.188731775221626)	(10, 29.84316189220211)	(20, 32.28325762571128)	(30, 38.290204410579534)	(40, 37.620691381541995)	(50, 34.10045424573229)	(60, 37.09973990768555)	(70, 33.88820548513932)	(80, 37.700379759200914)	(90, 37.55390626907954)	(100, 34.119121058929835)	(110, 37.25210271814785)	(120, 36.724700222238496)	(130, 33.28042225315652)	(140, 36.86147581019366)	(150, 33.036624172711065)	(160, 36.54675678315873)	(170, 35.42761374459668)	(180, 32.009961657752704)	(190, 33.73051383495739)	(200, 27.03727379295186)	(210, 29.194895840965152)	(220, 27.563612718880506)	(230, 26.535006227562455)	(240, 29.714040100617872)	(250, 29.90108799179427)	(260, 25.787677973966346)	(270, 29.599539648814318)	(280, 28.716985371333674)	(290, 30.326745549124478)	(300, 32.896854470412976)	(310, 30.66788043080079)	(320, 33.432890077417156)	(330, 33.590762449019465)	(340, 32.79241466347251)	(350, 35.538477129576776)	(360, 33.81057220092202)	(370, 35.22634843295353)	(380, 36.63230831510927)	(390, 33.10050276343439)	(400, 36.514926028206226)	(410, 34.603125093711704)	(420, 34.68792361004832)	(430, 36.57184269651165)	(440, 33.56981907564986)	(450, 35.17554501132766)	(460, 34.597345953653836)	(470, 31.674479706165652)	(480, 31.980052403703837)	(490, 29.004289480698766)	(500, 31.415236918705666)	(510, 28.31174141950004)														
52_S48	(1, 0.0)	(2, 31.3355719687926)	(3, 32.30788425843917)	(4, 30.800101662802966)	(5, 32.07830346346685)	(6, 29.905284155236018)	(7, 30.04980707172619)	(8, 27.81383384293097)	(9, 30.261050053527008)	(10, 29.973458306698188)	(20, 32.38156514506204)	(30, 38.271679977819026)	(40, 37.94974699825171)	(50, 34.31768239616146)	(60, 36.98091897012499)	(70, 34.035569658274355)	(80, 37.68663981331013)	(90, 37.774879275421476)	(100, 34.20068083271078)	(110, 37.14193898691476)	(120, 36.68405280304372)	(130, 33.29135866174782)	(140, 36.59194322286489)	(150, 32.91810368065556)	(160, 36.27946565414623)	(170, 35.16623485647831)	(180, 31.558311319228903)	(190, 32.81127455888356)	(200, 26.305605317272665)	(210, 28.587473910398103)	(220, 27.05533691206938)	(230, 26.441749524418327)	(240, 28.92464629816468)	(250, 29.66450273796413)	(260, 25.558289754391907)	(270, 28.191596645127504)	(280, 28.146795696274673)	(290, 29.109758858912056)	(300, 32.21033340778337)	(310, 31.05358399889095)	(320, 33.669580486903214)	(330, 33.987181244753195)	(340, 32.726719603207)	(350, 35.66976895106155)	(360, 34.05586479669683)	(370, 34.82051044397358)	(380, 36.28534947426497)	(390, 32.99849041596132)	(400, 36.26043403264565)	(410, 34.86131247585089)	(420, 34.60699780683662)	(430, 36.92267889757304)	(440, 33.81344801704012)	(450, 34.841181966817715)	(460, 34.46798186642325)	(470, 31.364996532502317)	(480, 31.647454197874954)	(490, 29.08642424914919)	(500, 31.05289044289044)	(510, 29.523361219255964)														
53_S1	(1, 0.0)	(2, 31.22348245454044)	(3, 32.25059064553209)	(4, 32.15089137636315)	(5, 32.45775134777463)	(6, 31.49045847666473)	(7, 27.83729995461467)	(8, 26.765985603943008)	(9, 29.709533888419955)	(10, 28.413891728417582)	(20, 30.84558977600007)	(30, 38.013254637150645)	(40, 37.602679006952016)	(50, 34.29710806374306)	(60, 37.157194423118526)	(70, 33.88871347435305)	(80, 37.65302660767987)	(90, 37.199907108530326)	(100, 33.49939853833788)	(110, 36.371445840879886)	(120, 36.18192476215118)	(130, 32.40574400128945)	(140, 36.032179047247396)	(150, 32.3107122103504)	(160, 35.20638703082385)	(170, 33.91278933147833)	(180, 30.244789382377764)	(190, 31.74889102855034)	(200, 27.905191318252957)	(210, 30.21054890799503)	(220, 29.596678387675553)	(230, 27.21092386716944)	(240, 30.91594679312349)	(250, 30.782624205226522)	(260, 25.84660564389906)	(270, 31.171333013797987)	(280, 27.75717703247808)	(290, 30.71318974037046)	(300, 34.13852323771308)	(310, 30.453655215707567)	(320, 34.03261041996275)	(330, 32.92293231647572)	(340, 34.16322049211271)	(350, 35.90890909784992)	(360, 33.34499881232011)	(370, 35.79218429518691)	(380, 36.91430578093887)	(390, 32.97532505478643)	(400, 36.46357506672839)	(410, 33.938548408423394)	(420, 35.83603349579493)	(430, 36.9015850808513)	(440, 33.17100214407293)	(450, 35.02678147866992)	(460, 34.81113547957075)	(470, 33.0335384525226)	(480, 31.336719661600018)	(490, 28.67063468006454)	(500, 31.855909589106847)	(510, 27.992857142857144)														
54_S2	(1, 0.0)	(2, 31.261288767475495)	(3, 32.281465932829825)	(4, 32.163235175960146)	(5, 32.45947493170497)	(6, 31.577896512935883)	(7, 28.045848063634903)	(8, 26.94668969950185)	(9, 29.826791740318175)	(10, 28.50105857303551)	(20, 30.835799654507476)	(30, 38.070253495098825)	(40, 37.66817853125502)	(50, 34.309658725695)	(60, 37.191738309497026)	(70, 33.89628896834324)	(80, 37.55005523863089)	(90, 37.410548569821636)	(100, 33.849116181905835)	(110, 36.81514743692753)	(120, 36.44571749959827)	(130, 32.424873453318334)	(140, 36.01580025711072)	(150, 32.53543307086614)	(160, 35.53183552948739)	(170, 33.59683733729712)	(180, 29.862815362365417)	(190, 31.602243692752687)	(200, 27.175879800739192)	(210, 30.19947372649848)	(220, 30.80538727301944)	(230, 27.793984010927204)	(240, 31.709493009802344)	(250, 31.47023742567893)	(260, 26.355502771974933)	(270, 31.010978426803792)	(280, 27.950261128073276)	(290, 30.968069058332)	(300, 34.63659810380845)	(310, 32.556584444801544)	(320, 34.51309657721356)	(330, 33.201971516953236)	(340, 34.33929698135496)	(350, 36.67323622297181)	(360, 33.43570297766043)	(370, 34.93775278820568)	(380, 36.308537719646026)	(390, 33.191265855893846)	(400, 36.52625360828685)	(410, 34.19224272343401)	(420, 35.51555347363042)	(430, 36.80141711939858)	(440, 32.753035818816954)	(450, 33.34417414512124)	(460, 32.10473526467217)	(470, 32.46769116654299)	(480, 30.86827038355125)	(490, 29.254089426816158)	(500, 32.61771311286041)	(510, 28.881704842177506)														
55_S3	(1, 0.0)	(2, 31.293575779558136)	(3, 32.3080841485401)	(4, 32.18469367072403)	(5, 32.47462102219994)	(6, 31.539812671353438)	(7, 28.053291586212783)	(8, 26.78535081449557)	(9, 29.793085055313156)	(10, 28.451433234832887)	(20, 30.858690086303454)	(30, 37.98423761721375)	(40, 37.70574520743767)	(50, 34.40593989694791)	(60, 37.250594203053154)	(70, 34.06219289729995)	(80, 37.7466961456811)	(90, 37.399968529640816)	(100, 33.85631380748674)	(110, 36.53529907509148)	(120, 36.50654156754392)	(130, 32.86310927148786)	(140, 36.46896702546432)	(150, 32.65710270005013)	(160, 35.549236710440695)	(170, 34.23682672100193)	(180, 30.464781467692205)	(190, 32.112264372353025)	(200, 27.811045562679357)	(210, 30.500613938702138)	(220, 29.67551446036335)	(230, 27.01254493860613)	(240, 30.734960902079177)	(250, 30.64177503493743)	(260, 25.876172670926717)	(270, 30.192895699762108)	(280, 26.803973266196568)	(290, 29.56856271135813)	(300, 33.37788487182496)	(310, 30.350737153159308)	(320, 33.54084425905973)	(330, 32.3474535678853)	(340, 33.828149969596424)	(350, 35.6635386552022)	(360, 33.01199143802152)	(370, 35.128227008843446)	(380, 36.462295065651844)	(390, 32.62101977894046)	(400, 36.15145958665069)	(410, 33.72179801526225)	(420, 35.56665243301613)	(430, 36.726671809606)	(440, 32.990481726042454)	(450, 34.38035848906722)	(460, 34.317514254945145)	(470, 32.70340870921685)	(480, 30.603762579554406)	(490, 28.268738459047903)	(500, 31.939012274123293)	(510, 25.644268476621416)														
56_S4	(1, 0.0)	(2, 30.837748169993155)	(3, 32.09865580072674)	(4, 32.05565722260256)	(5, 32.40185765443151)	(6, 31.35120332824267)	(7, 27.25386407920375)	(8, 26.27425746484807)	(9, 29.774303544157142)	(10, 28.398519537627045)	(20, 30.87496445310443)	(30, 38.07941176470588)	(40, 37.45574148191058)	(50, 34.02283624730107)	(60, 37.28059731950076)	(70, 33.50824556322081)	(80, 37.50079124756438)	(90, 37.287750144820684)	(100, 33.97050397598609)	(110, 36.64188675022381)	(120, 36.60094330928432)	(130, 32.87550094791722)	(140, 36.197698667649696)	(150, 32.56258755068724)	(160, 35.67966125125072)	(170, 33.77638303754806)	(180, 30.401534440992158)	(190, 30.95607127810838)	(200, 23.855852730528202)	(210, 25.75645571120122)	(220, 27.947460371794193)	(230, 26.074494444151878)	(240, 28.39636829216915)	(250, 28.43129838327453)	(260, 23.726958370635636)	(270, 25.164497208910426)	(280, 25.772135841803145)	(290, 25.854709305387324)	(300, 30.4596470324925)	(310, 30.71655761230186)	(320, 31.365299647164147)	(330, 31.07745800200116)	(340, 31.746327695388224)	(350, 34.129851271217646)	(360, 32.64754919233811)	(370, 32.105399263739415)	(380, 33.6584779182895)	(390, 31.60192674956955)	(400, 35.18294103861419)	(410, 33.96924755695771)	(420, 33.549178043653185)	(430, 35.70418777457535)	(440, 33.01692885495116)	(450, 32.878156152513405)	(460, 31.94318255816064)	(470, 31.472128898368275)	(480, 31.677433234641814)	(490, 28.185428717538098)	(500, 30.05907946751803)	(510, 29.111033163265304)														
57_S5	(1, 0.0)	(2, 31.20168051093676)	(3, 32.25521239968771)	(4, 32.1607300559317)	(5, 32.46160934840204)	(6, 31.547247571386517)	(7, 27.91287709103941)	(8, 26.958447991194276)	(9, 29.83130895547222)	(10, 28.46852401735547)	(20, 30.879562529597727)	(30, 38.03163917011174)	(40, 37.69644955267435)	(50, 34.24953731553416)	(60, 37.1347262930207)	(70, 33.933070100216305)	(80, 37.55555221359)	(90, 37.44911174821774)	(100, 33.78786589189951)	(110, 36.728594283959)	(120, 36.36075309416236)	(130, 32.500341093804)	(140, 35.98238151309979)	(150, 32.51818548335488)	(160, 35.46217634485672)	(170, 33.81441169318197)	(180, 30.102447812008034)	(190, 31.337818535536467)	(200, 27.219614493606894)	(210, 29.63340927416774)	(220, 29.846240928696677)	(230, 26.92341644161728)	(240, 30.519841676159267)	(250, 30.574711062190424)	(260, 25.410571988071315)	(270, 29.813378812507192)	(280, 26.61948650343653)	(290, 29.36268766558728)	(300, 33.41130345189489)	(310, 30.93037398727778)	(320, 33.52409542947102)	(330, 33.02054498214537)	(340, 33.76075006031319)	(350, 35.74482508941871)	(360, 33.137383261310745)	(370, 34.781416111655076)	(380, 36.15212871412427)	(390, 32.75015130692066)	(400, 36.09666976619387)	(410, 34.026659881617014)	(420, 35.297530774793735)	(430, 36.64044377387548)	(440, 32.90240662268723)	(450, 33.88991031614837)	(460, 33.443883694283286)	(470, 32.55649103608923)	(480, 30.752871956009283)	(490, 28.199740072677734)	(500, 31.93109768088184)	(510, 28.28237298085818)														
58_S7	(1, 0.0)	(2, 31.251006903724615)	(3, 32.27847852734692)	(4, 32.18794474897717)	(5, 32.486078461546626)	(6, 31.482682317231717)	(7, 27.71731874406338)	(8, 26.27569793418909)	(9, 29.784143189934678)	(10, 28.32759420320617)	(20, 30.820883634298934)	(30, 37.87618506863926)	(40, 37.67518585930411)	(50, 34.34402570456729)	(60, 37.26343679191717)	(70, 34.04668159555105)	(80, 37.79525388831991)	(90, 37.15633778900393)	(100, 33.67344851922801)	(110, 35.717800041390504)	(120, 36.17645994406975)	(130, 33.04850065534972)	(140, 36.603021507145165)	(150, 32.387587623176564)	(160, 34.969803501212525)	(170, 34.55627888712596)	(180, 30.772391469309998)	(190, 32.186303986755036)	(200, 28.503734166803753)	(210, 30.531117702932885)	(220, 28.339729051361378)	(230, 26.05691141900461)	(240, 29.791337178759242)	(250, 29.873012326942565)	(260, 25.91804785379599)	(270, 30.41548960196127)	(280, 26.744685299470945)	(290, 29.42179475614092)	(300, 32.88843135277979)	(310, 28.28374148973993)	(320, 33.107380246114325)	(330, 31.98218987630606)	(340, 34.026039405887005)	(350, 35.10123004101905)	(360, 32.7622596728418)	(370, 36.00281700857014)	(380, 37.08230082356074)	(390, 32.2905755816496)	(400, 36.11286101290166)	(410, 33.41394267251282)	(420, 36.0256900965923)	(430, 36.731626493278746)	(440, 33.33992452229673)	(450, 36.38297058958066)	(460, 35.32106385390378)	(470, 33.20165216938738)	(480, 32.02758202377622)	(490, 29.3225357205936)	(500, 32.692593700562256)	(510, 30.933529411764706)														
59_S8	(1, 0.0)	(2, 31.254265569917745)	(3, 32.299232275754015)	(4, 32.17235409322366)	(5, 32.47449275362319)	(6, 31.493881707794753)	(7, 27.807450058754405)	(8, 26.216788092440268)	(9, 29.877688993341167)	(10, 28.363605170387775)	(20, 30.831679592636114)	(30, 37.922044653349005)	(40, 37.608862514688596)	(50, 34.27023580101841)	(60, 37.34833059146103)	(70, 33.86657187622405)	(80, 37.756162945554244)	(90, 37.27101997649824)	(100, 33.85519623971798)	(110, 36.1816741088915)	(120, 36.45745632589111)	(130, 33.06338268703486)	(140, 36.56925421073247)	(150, 32.57271758715237)	(160, 35.453557383470425)	(170, 34.403664708186454)	(180, 30.80143595769682)	(190, 32.28624520172345)	(200, 27.709780650215436)	(210, 30.169203290246763)	(220, 29.23145319232276)	(230, 26.723323932628283)	(240, 30.563827653740695)	(250, 30.36622875048962)	(260, 26.203652173913042)	(270, 30.305858989424202)	(280, 27.614833529181357)	(290, 29.75821308264787)	(300, 33.4017571484528)	(310, 29.899739130434785)	(320, 33.4761535448492)	(330, 32.48079435957697)	(340, 34.06047630238935)	(350, 35.51974069721896)	(360, 33.036958150516526)	(370, 35.47282056144214)	(380, 36.618587795874845)	(390, 32.526261263554105)	(400, 36.116924513670995)	(410, 33.551465158133865)	(420, 35.62695804872262)	(430, 36.62501816611121)	(440, 33.14683506435889)	(450, 34.97792336220771)	(460, 34.26592712537595)	(470, 32.733955097719395)	(480, 30.897930913823995)	(490, 26.25479194683158)	(500, 29.1025974025974)	(510, 23.40631313131313)														
5_S5	(1, 0.0)	(2, 30.95843677123298)	(3, 31.7759817197021)	(4, 31.23286222071767)	(5, 31.80237248928007)	(6, 30.170348115549537)	(7, 28.862305348679755)	(8, 26.598534002858646)	(9, 29.316195554051003)	(10, 29.62453123824569)	(20, 32.132169186790044)	(30, 37.878386650868876)	(40, 37.641309335740615)	(50, 33.950853362672085)	(60, 36.47250244489581)	(70, 33.75283795982848)	(80, 37.11125075227563)	(90, 37.10724300383661)	(100, 33.68146063717746)	(110, 36.415882419318436)	(120, 35.834927217332435)	(130, 32.52724131121643)	(140, 35.79826083276913)	(150, 31.953956969833747)	(160, 34.93492580681561)	(170, 34.182157432483265)	(180, 30.335035827127058)	(190, 31.406327578424737)	(200, 26.99317074776198)	(210, 28.393641390205374)	(220, 26.25162303467991)	(230, 25.828981418791848)	(240, 28.73828518769277)	(250, 29.206103776423685)	(260, 25.41450105318589)	(270, 29.98134826600467)	(280, 29.329844655081622)	(290, 30.54966429699842)	(300, 33.51213561648988)	(310, 31.79812495298278)	(320, 34.633806796810354)	(330, 34.89627764612955)	(340, 33.7466006544798)	(350, 36.57966928082449)	(360, 34.42329546044977)	(370, 36.14389192672009)	(380, 37.24428025327688)	(390, 33.40704882428501)	(400, 37.222418377933664)	(410, 35.25715020102375)	(420, 35.46489962022092)	(430, 37.46264617590718)	(440, 33.96905550665591)	(450, 35.94401149203134)	(460, 35.251953527846666)	(470, 31.795628371017948)	(480, 31.316216211672167)	(490, 30.056545494070072)	(500, 31.841929922653993)	(510, 30.263481387567275)														
60_S9	(1, 0.0)	(2, 31.312358128349015)	(3, 32.318501329057845)	(4, 32.200261592337874)	(5, 32.489751487279015)	(6, 31.528408084047086)	(7, 27.998793299860765)	(8, 26.581528205560947)	(9, 29.883397325007383)	(10, 28.388285726340662)	(20, 30.890517699675122)	(30, 37.905296822918864)	(40, 37.70693388464622)	(50, 34.351793595206956)	(60, 37.31268975992574)	(70, 34.053170752288935)	(80, 37.809399603392265)	(90, 37.28670689000464)	(100, 33.70651280536686)	(110, 36.14732711699928)	(120, 36.252176701405006)	(130, 33.004602337454116)	(140, 36.5291135395131)	(150, 32.523819248132995)	(160, 35.27486013248385)	(170, 34.510413062739964)	(180, 30.73900510526982)	(190, 32.32164296865112)	(200, 28.449961604995572)	(210, 30.68326821653095)	(220, 29.10293658495422)	(230, 26.717574785874014)	(240, 30.554052571621447)	(250, 30.52974726804776)	(260, 26.095649972574996)	(270, 30.608035104004045)	(280, 27.28849162482596)	(290, 29.93027467195477)	(300, 33.37893000295346)	(310, 29.286123792245053)	(320, 33.531410489008906)	(330, 32.52474663516308)	(340, 34.28719378929159)	(350, 35.36049955698071)	(360, 32.98824690941311)	(370, 35.92771631793444)	(380, 37.030690391174154)	(390, 32.56114187497608)	(400, 36.246593044436544)	(410, 33.640582127852774)	(420, 35.994735711976844)	(430, 36.872340096804116)	(440, 33.280870394490286)	(450, 35.829451144054936)	(460, 35.07722751664981)	(470, 33.11533899516632)	(480, 31.153514629969067)	(490, 27.328468669618445)	(500, 30.64739898989899)	(510, 29.575)														
6_S6	(1, 0.0)	(2, 30.58080036304364)	(3, 31.489645847225308)	(4, 30.991331406979327)	(5, 31.565560865377492)	(6, 29.743646736311774)	(7, 28.277978439653257)	(8, 25.905173371860414)	(9, 28.82347003037712)	(10, 29.374927298658964)	(20, 31.96224809216863)	(30, 37.68899338741942)	(40, 37.43440996147292)	(50, 33.79343789360598)	(60, 36.21360719048677)	(70, 33.5598012521301)	(80, 36.952588075127814)	(90, 36.68487487960287)	(100, 33.53128797140105)	(110, 36.21444441357339)	(120, 35.610214769948875)	(130, 32.36846891901904)	(140, 35.66111728532266)	(150, 31.763079758464848)	(160, 34.635232829517676)	(170, 34.02383724160925)	(180, 30.06510798696006)	(190, 30.916398551529966)	(200, 27.07416833370379)	(210, 27.861677131955247)	(220, 25.306481532933244)	(230, 25.400792305697564)	(240, 28.443924575831666)	(250, 28.61063291842631)	(260, 25.049235478254424)	(270, 30.34520356375491)	(280, 29.207134918870857)	(290, 30.827782562791736)	(300, 33.57595391568497)	(310, 31.829873305178932)	(320, 34.82309865155219)	(330, 34.89492665036674)	(340, 33.903348429280584)	(350, 36.593229513966065)	(360, 34.404498721421376)	(370, 36.37286359902191)	(380, 37.42934934208533)	(390, 33.38385239313201)	(400, 37.37016844901037)	(410, 35.33908491377489)	(420, 35.59334483250255)	(430, 37.467136502976324)	(440, 33.92974522710216)	(450, 36.515938070912206)	(460, 35.786622789188904)	(470, 32.09066050856751)	(480, 32.337338639836545)	(490, 30.04191117436926)	(500, 31.583322600002056)	(510, 30.220272464703246)														
7_S7	(1, 0.0)	(2, 30.612579172727646)	(3, 31.479071951992484)	(4, 30.982097501584594)	(5, 31.56992963944204)	(6, 29.790874559391515)	(7, 28.309262696136326)	(8, 26.074569423481183)	(9, 28.926835051687423)	(10, 29.40068171765489)	(20, 31.96517220780761)	(30, 37.67964970200502)	(40, 37.41671872648759)	(50, 33.72046064961536)	(60, 36.08821335254606)	(70, 33.46546176681152)	(80, 36.763668780979394)	(90, 36.566096060629555)	(100, 33.27687495155017)	(110, 35.77042850172596)	(120, 35.180116644398744)	(130, 31.926448365017627)	(140, 35.163310366212336)	(150, 31.360961062293946)	(160, 34.37320416417768)	(170, 33.441815968153065)	(180, 29.59355902215696)	(190, 30.592294082508356)	(200, 26.39823483007218)	(210, 27.58488365200024)	(220, 25.805261765899523)	(230, 25.57854071381994)	(240, 28.470178614585564)	(250, 28.772853045385524)	(260, 24.997353385104354)	(270, 30.262923223544107)	(280, 29.751768589916054)	(290, 30.898302317840027)	(300, 33.67393239367256)	(310, 32.131788562647344)	(320, 35.075964778681154)	(330, 35.17856396973995)	(340, 33.928807700901515)	(350, 36.7238341260106)	(360, 34.521856354911336)	(370, 36.2229914516313)	(380, 37.33413351702442)	(390, 33.518853460903536)	(400, 37.25786836229383)	(410, 35.38468809871387)	(420, 35.497104466532015)	(430, 37.50106653512503)	(440, 34.03564212033489)	(450, 36.095089022285904)	(460, 35.478551341592315)	(470, 31.949472798932135)	(480, 32.18135100175721)	(490, 30.373734430981813)	(500, 32.43242722685868)	(510, 30.857264898851835)														
9_S8	(1, 0.0)	(2, 31.086273216012955)	(3, 31.88580383453178)	(4, 31.29668508701553)	(5, 31.856658693679847)	(6, 30.354285542900417)	(7, 29.074508686556644)	(8, 26.81444435280092)	(9, 29.398809300651585)	(10, 29.678391956031106)	(20, 32.20307947243321)	(30, 37.958449241566505)	(40, 37.711685049524995)	(50, 34.058692930035164)	(60, 36.64125158397505)	(70, 33.803428134396064)	(80, 37.256077590408424)	(90, 37.22973599166211)	(100, 33.83707288909551)	(110, 36.635322830985174)	(120, 35.97727323850727)	(130, 32.66029602525363)	(140, 35.993032009417625)	(150, 32.10633664999587)	(160, 35.23721010444863)	(170, 34.41766778888331)	(180, 30.575265995336174)	(190, 31.70645437027151)	(200, 27.118611050709696)	(210, 28.513450103848776)	(220, 26.37528549041367)	(230, 25.82354180569406)	(240, 28.756831150134587)	(250, 29.28234045903409)	(260, 25.19966183538657)	(270, 29.319167410228914)	(280, 28.84167897605854)	(290, 30.047279311973732)	(300, 33.08489281456433)	(310, 31.50522393095743)	(320, 34.39655461995846)	(330, 34.52874174270997)	(340, 33.43601940510021)	(350, 36.221305870267756)	(360, 34.25638101080488)	(370, 35.82126616221567)	(380, 36.88671914011023)	(390, 33.12669705351301)	(400, 36.970709068819765)	(410, 34.96813165268704)	(420, 35.178481134048184)	(430, 37.27539346031257)	(440, 33.77666813550378)	(450, 35.71633002830056)	(460, 35.01260088313806)	(470, 31.69776570276977)	(480, 31.469221605352516)	(490, 29.304583668473573)	(500, 31.43379456182756)	(510, 29.69723692403487)														
R1.339.d139	(1, 0.0)	(2, 31.20361154557088)	(3, 33.34058486184179)	(4, 33.125930138869144)	(5, 32.66259064410636)	(6, 24.221574482202946)	(7, 17.008815583676952)	(8, 10.617375231053604)	(9, 13.040523247547277)	(10, 31.214607327361488)	(20, 34.113555144793594)	(40, 33.665147637328786)	(60, 33.765505474193084)	(80, 33.1256884212522)	(100, 31.400030807147253)	(120, 29.843594483150856)	(140, 27.8187686620219)	(160, 25.591909569173886)	(180, 23.38084032418598)	(200, 23.682762216218777)	(220, 24.13461064505426)	(240, 24.45103559410398)	(260, 24.561728043983127)	(280, 25.68703493056543)	(300, 26.443781695814966)	(320, 27.620609981515713)	(340, 30.676823546139634)	(360, 33.03130717095597)	(380, 33.922830465898855)	(400, 33.96348879093796)	(420, 33.82369299780951)	(440, 34.52090234412801)	(460, 34.83244152864882)	(480, 33.93989303987275)	(500, 32.88741286634019)	(520, 31.761076029342387)	(540, 31.28333333333334)	(560, 31.98333333333333)	(580, 34.13333333333334)	(600, 33.25833333333333)	(620, 32.8)	(640, 37.8)	(660, 32.611111111111114)																															
R1.339.d42	(1, 0.0)	(2, 30.637454616340555)	(3, 33.15802041960087)	(4, 32.93772996418041)	(5, 32.45347108847682)	(6, 23.915434099271426)	(7, 16.544384609761448)	(8, 10.731633324398743)	(9, 12.935695314213309)	(10, 30.87692804405566)	(20, 33.83960440069203)	(40, 33.33345902677941)	(60, 33.30307573283949)	(80, 32.09979897170984)	(100, 30.34905151197641)	(120, 28.772926362728136)	(140, 27.459795560320668)	(160, 25.377528083042964)	(180, 22.657792587538683)	(200, 22.700271083603404)	(220, 23.187111649894)	(240, 23.484401423036623)	(260, 23.40559163234972)	(280, 24.956724091717632)	(300, 25.59968018226565)	(320, 27.16128134213796)	(340, 30.77546053753747)	(360, 33.09598126172665)	(380, 34.25442178272091)	(400, 34.25229076513036)	(420, 34.020537135321824)	(440, 34.55286349398331)	(460, 34.9661190480164)	(480, 34.153609369052816)	(500, 33.229531117943374)	(520, 32.03699167044076)	(540, 29.6416121031746)	(560, 30.0)	(580, 32.25714285714285)	(600, 31.525000000000006)	(620, 32.23571428571428)	(640, 32.35714285714286)	(660, 32.78759240759241)	(680, 33.54825396825396)	(700, 32.67)	(720, 33.56666666666666)	(740, 26.0)																											
R1.339.w	(1, 0.0)	(2, 30.179718901205806)	(3, 33.02250326412534)	(4, 32.84309157471647)	(5, 32.35170630552213)	(6, 23.793502470494868)	(7, 16.290417552033997)	(8, 10.9588080182279)	(9, 12.898594506029031)	(10, 30.654798904277918)	(20, 33.492802283607695)	(40, 32.92146386421238)	(60, 32.76797317016973)	(80, 31.482207316760963)	(100, 29.683711374516786)	(120, 27.791372468702797)	(140, 26.131427766826242)	(160, 24.280451089321833)	(180, 22.398625227208726)	(200, 22.320844320421905)	(220, 23.08614730805663)	(240, 23.246278897109647)	(260, 23.580163078262206)	(280, 24.75208904021914)	(300, 25.3257494687796)	(320, 26.778314687283995)	(340, 30.863590281866824)	(360, 33.18807506208238)	(380, 34.2243975904179)	(400, 34.08033185541371)	(420, 33.84089932954922)	(440, 34.44148891225827)	(460, 34.833608768048904)	(480, 34.16161601133638)	(500, 33.34653196030448)	(520, 32.31600698537452)	(540, 31.67160714285714)	(560, 33.5625)	(580, 32.4875)	(600, 33.2375)	(620, 32.375)	(640, 33.5875)	(660, 35.1125)	(680, 33.76282051282051)																														
R1.377.d139	(1, 0.0)	(2, 32.32845900389402)	(3, 33.55292323611906)	(4, 33.47065871524658)	(5, 32.81232470114097)	(6, 25.238297524712035)	(7, 17.13708030389674)	(8, 10.478065517523078)	(9, 13.062549355989434)	(10, 31.50545707050078)	(20, 34.29633199901969)	(40, 33.86705062222585)	(60, 33.99642866868175)	(80, 33.51414508618576)	(100, 31.719023500258693)	(120, 30.437724314462322)	(140, 29.222012090515484)	(160, 26.78537020395937)	(180, 23.668711706559918)	(200, 23.73476567818533)	(220, 24.406453721101215)	(240, 24.715185306211364)	(260, 24.35189799308335)	(280, 25.685590774174223)	(300, 26.31033412302916)	(320, 27.68963864608012)	(340, 30.26520845246848)	(360, 32.57177518176619)	(380, 33.832267564085065)	(400, 33.961576166875446)	(420, 33.64809763740713)	(440, 34.22167523370631)	(460, 34.720619388167286)	(480, 33.78469513175944)	(500, 32.80551032521796)	(520, 30.992836882347472)	(540, 27.547500000000003)	(560, 23.933333333333334)	(580, 29.800000000000004)	(600, 28.26666666666667)	(620, 29.2)	(640, 29.083333333333336)	(660, 30.991666666666664)	(680, 30.9)	(700, 34.0)																													
R1.377.d42	(1, 0.0)	(2, 32.29733289721444)	(3, 33.547865522149245)	(4, 33.46913427452506)	(5, 32.85025504115136)	(6, 25.28643287157772)	(7, 17.20006364978474)	(8, 10.544647671920721)	(9, 13.19156817157153)	(10, 31.540452090276613)	(20, 34.31563486240153)	(40, 33.94431306853844)	(60, 33.999403283268066)	(80, 33.454241992945484)	(100, 31.661790238598286)	(120, 30.395432243920123)	(140, 29.498571857954897)	(160, 27.02201398527215)	(180, 23.725097905745276)	(200, 23.81207224250568)	(220, 24.442609552771863)	(240, 24.560930524491905)	(260, 24.26366039303742)	(280, 25.608849530140823)	(300, 26.17705513662603)	(320, 27.513491986315294)	(340, 29.91863789460657)	(360, 32.428846612859026)	(380, 33.77618659544406)	(400, 33.99430196785657)	(420, 33.778743201711166)	(440, 34.18946628121694)	(460, 34.65488248486865)	(480, 33.66032412552096)	(500, 32.761161187015105)	(520, 31.431709284679904)	(540, 26.391684149184147)	(560, 28.49)	(580, 30.664999999999992)	(600, 29.809999999999995)	(620, 30.959999999999997)	(640, 31.135)	(660, 32.803333333333335)	(680, 32.56428571428571)	(700, 28.15)	(720, 31.85)	(740, 30.857142857142858)																											
R1.377.w	(1, 0.0)	(2, 32.28584105929334)	(3, 33.54519978515214)	(4, 33.454087947502394)	(5, 32.87666098409659)	(6, 25.171574694659164)	(7, 16.93068821372691)	(8, 10.30878540902828)	(9, 12.732210831134257)	(10, 31.315779640830435)	(20, 34.06445143737885)	(40, 33.72939270451414)	(60, 33.63803857920179)	(80, 33.283781906074125)	(100, 31.398228672847438)	(120, 29.76978468508442)	(140, 26.937630485042387)	(160, 24.9565225006422)	(180, 23.61164148431844)	(200, 23.503378015459706)	(220, 24.212747250180986)	(240, 24.30560063987296)	(260, 24.60850517269564)	(280, 25.71400772985217)	(300, 26.485121786039553)	(320, 27.438804558511002)	(340, 30.602738726325875)	(360, 32.806388804558516)	(380, 33.53012101276319)	(400, 33.608215286659735)	(420, 33.649381795992625)	(440, 34.42560082019386)	(460, 34.46139148711377)	(480, 33.68216445819979)	(500, 32.633473008699106)	(520, 31.13998491981091)	(540, 30.179166666666667)	(560, 30.45)	(580, 33.4)	(600, 32.775)	(620, 34.1)	(640, 34.35)	(660, 33.0)																															
R1.378.d139	(1, 0.0)	(2, 31.099781540142)	(3, 33.362670671764064)	(4, 33.39773347897324)	(5, 32.95371381758602)	(6, 24.510759148006553)	(7, 16.87187329328236)	(8, 10.73410704533042)	(9, 13.511605679956308)	(10, 31.58197979246313)	(20, 34.313373839432)	(40, 33.88866876024031)	(60, 34.027184598580014)	(80, 33.618413435281276)	(100, 31.789208083014746)	(120, 30.40604178044785)	(140, 28.748693336974338)	(160, 26.51628754778809)	(180, 23.998119879847074)	(200, 24.115163844893498)	(220, 24.69332878208629)	(240, 25.002553249590388)	(260, 24.907839978154012)	(280, 26.054310486073188)	(300, 26.770319497542328)	(320, 28.031156471873288)	(340, 30.657860458765704)	(360, 32.921785909339164)	(380, 33.90081512834517)	(400, 34.00968093359696)	(420, 33.833854052873065)	(440, 34.441903207435544)	(460, 34.786588833294886)	(480, 33.85242452623761)	(500, 32.82025629864125)	(520, 30.63120965743975)	(540, 26.952380952380945)	(560, 33.074999999999996)	(580, 32.03333333333333)	(600, 33.25000000000001)	(620, 31.806666666666665)	(640, 34.160000000000004)	(660, 36.0625)	(680, 32.666666666666664)	(700, 34.0)																													
R1.378.d42	(1, 0.0)	(2, 31.053886545579754)	(3, 33.36488670817671)	(4, 33.395665356326454)	(5, 32.96112976193892)	(6, 24.42609968150125)	(7, 16.606591872064886)	(8, 10.697024475624803)	(9, 13.35930102436085)	(10, 31.402048721700954)	(20, 34.22255650244374)	(40, 33.781470641684116)	(60, 33.84449561466433)	(80, 33.28910743833271)	(100, 31.552730194255542)	(120, 29.983855556512008)	(140, 28.08309804596712)	(160, 26.016579629470225)	(180, 23.747005824796997)	(200, 23.737037674672177)	(220, 24.39361280881467)	(240, 24.562546268399757)	(260, 24.6535297887196)	(280, 25.8225464596903)	(300, 26.49859162338718)	(320, 27.622293956175334)	(340, 30.591452182146856)	(360, 32.92308255143325)	(380, 33.86781880754851)	(400, 33.994518808968)	(420, 33.88250684775975)	(440, 34.48818526845291)	(460, 34.73927150153888)	(480, 33.84624339026675)	(500, 32.85697671211234)	(520, 31.956589408768803)	(540, 30.710964552817178)	(560, 30.63041666666667)	(580, 31.189999999999998)	(600, 31.30761904761905)	(620, 32.08214285714286)	(640, 32.80357142857142)	(660, 31.47616452991453)	(680, 30.814999999999998)	(700, 34.06666666666667)																													
R1.378.w	(1, 0.0)	(2, 30.96885167317715)	(3, 33.347731190143506)	(4, 33.37372892592328)	(5, 32.962711760686204)	(6, 24.23917100982182)	(7, 16.502401909288402)	(8, 10.639356635083175)	(9, 13.18467673666711)	(10, 31.347596560833075)	(20, 34.18472875253705)	(40, 33.909555621283666)	(60, 33.877611247666934)	(80, 33.416057095066655)	(100, 31.508634634410026)	(120, 29.90173488225035)	(140, 27.094510285883302)	(160, 24.817524248574664)	(180, 23.435905229124806)	(200, 23.42631289075647)	(220, 24.169078095199243)	(240, 24.34711464909686)	(260, 24.71239405591196)	(280, 25.509744816261595)	(300, 26.40206482605281)	(320, 27.46725295011576)	(340, 30.539459136944526)	(360, 32.84415598998485)	(380, 33.549107685507366)	(400, 33.64801515873715)	(420, 33.72463111567694)	(440, 34.519092296064535)	(460, 34.622635091319914)	(480, 33.60135213287062)	(500, 32.3314470177135)	(520, 30.01942584638431)	(540, 28.12182662538699)	(560, 29.11470588235294)	(580, 30.561764705882354)	(600, 29.935294117647054)	(620, 30.75194852941176)	(640, 31.970476190476194)	(660, 32.85155677655679)	(680, 32.45381493506493)	(700, 33.85)	(720, 29.714285714285715)																												
R1.403.d139	(1, 0.0)	(2, 31.549804941482446)	(3, 33.32440398786303)	(4, 32.76801040312094)	(5, 32.61222366710013)	(6, 21.90732553099263)	(7, 16.14243606415258)	(8, 10.574165583008236)	(9, 12.46640658864326)	(10, 30.910559167750325)	(20, 34.12321196358907)	(40, 33.76574772431731)	(60, 33.87071087993064)	(80, 32.90158647594278)	(100, 31.337147811009963)	(120, 30.04910273081925)	(140, 28.85072821846554)	(160, 25.814633723450363)	(180, 22.22503684438665)	(200, 22.350680537494583)	(220, 22.88590810576506)	(240, 23.222076289553534)	(260, 23.018643259644556)	(280, 24.29515387949718)	(300, 25.066827048114433)	(320, 26.24191590810576)	(340, 29.215123537061118)	(360, 31.93730819245774)	(380, 33.37108365843086)	(400, 33.36912873862158)	(420, 33.158196792371044)	(440, 33.8814488280709)	(460, 34.502318786050196)	(480, 33.76336369052033)	(500, 32.78140801853448)	(520, 31.567582102588297)	(540, 27.15)	(560, 28.1)	(580, 25.8)	(600, 32.55)	(620, 25.8)	(640, 33.85)	(660, 31.75)																															
R1.403.d42	(1, 0.0)	(2, 31.59333194222253)	(3, 33.33087570424984)	(4, 32.77299390229765)	(5, 32.652848299367044)	(6, 21.733208133361156)	(7, 16.05756880202175)	(8, 10.385963692008069)	(9, 12.143284412603464)	(10, 30.80770443532494)	(20, 34.05947694233846)	(40, 33.72856646031856)	(60, 33.77452528343882)	(80, 32.74530268252533)	(100, 31.28365097029979)	(120, 29.792981846004032)	(140, 28.246693793327307)	(160, 25.412674178664997)	(180, 22.349659177853518)	(200, 22.536253506758477)	(220, 23.079862511882403)	(240, 23.184860077438504)	(260, 23.2523938698384)	(280, 24.463981822818855)	(300, 25.108026709327397)	(320, 26.09251582388538)	(340, 29.263806774709604)	(360, 31.916245855649066)	(380, 33.21837955828069)	(400, 33.23148164820845)	(420, 33.07977680627107)	(440, 33.84360655074847)	(460, 34.360689294243265)	(480, 33.587599450380175)	(500, 32.552821962792116)	(520, 31.08299678187641)	(540, 24.187857142857144)	(560, 30.929999999999996)	(580, 30.46999999999999)	(600, 31.15)	(620, 29.709999999999997)	(640, 33.19999999999999)	(660, 33.68)	(680, 30.9)	(700, 31.375)																													
R1.403.w	(1, 0.0)	(2, 31.54497291505447)	(3, 33.307369486278944)	(4, 32.74885409845824)	(5, 32.666884933627)	(6, 21.61006607536163)	(7, 15.910649443419251)	(8, 10.330942317995119)	(9, 11.969730341091731)	(10, 30.65430382760879)	(20, 33.86295017560569)	(40, 33.61169861301268)	(60, 33.60550925650337)	(80, 32.61724656229537)	(100, 31.04264539555926)	(120, 29.5169504137151)	(140, 26.865265789630335)	(160, 24.036664384784807)	(180, 22.181594142508484)	(200, 22.198507351628074)	(220, 22.695502708494555)	(240, 22.732906720638134)	(260, 23.2540791118519)	(280, 24.45398535627121)	(300, 25.26163164474076)	(320, 25.97448657658194)	(340, 29.442504018096308)	(360, 32.02780076195012)	(380, 32.95616859344592)	(400, 32.83718318928639)	(420, 32.87410682343206)	(440, 33.862529214563736)	(460, 34.200217312078564)	(480, 33.56294497552646)	(500, 32.5609381586305)	(520, 29.924047049154797)	(540, 24.08392857142857)	(560, 27.428571428571427)	(580, 30.150000000000006)	(600, 29.94285714285714)	(620, 29.1)	(640, 31.44285714285714)	(660, 30.46857142857143)	(680, 31.35)	(700, 29.460784313725494)																													
R1.405.d139	(1, 0.0)	(2, 31.1710483373826)	(3, 33.348950212133296)	(4, 33.32164484896834)	(5, 33.11520469956848)	(6, 25.421982086521375)	(7, 16.544149109765385)	(8, 10.514196613119628)	(9, 13.387895710193277)	(10, 31.31657178083185)	(20, 34.30907277803966)	(40, 34.02694818145556)	(60, 34.058496210610286)	(80, 33.67906770134532)	(100, 31.895751894694854)	(120, 30.41242339630852)	(140, 28.364684338397943)	(160, 25.948030967835518)	(180, 23.766727707872505)	(200, 24.055977807593287)	(220, 24.59341298908511)	(240, 24.927247343800992)	(260, 24.982550676288213)	(280, 26.087592921637594)	(300, 26.62893715777641)	(320, 27.616265366065925)	(340, 30.442109366501075)	(360, 32.74991297095405)	(380, 33.68885846901403)	(400, 33.819641367806504)	(420, 33.7773162417957)	(440, 34.44309600591844)	(460, 34.67538198496064)	(480, 33.733230758331004)	(500, 32.684070473245114)	(520, 31.614194618778328)	(540, 26.75)	(560, 32.65)	(580, 30.55)	(600, 27.5)	(620, 34.3)	(640, 29.0)	(660, 33.6)	(680, 30.833333333333332)																														
R1.405.d42	(1, 0.0)	(2, 31.10172488957252)	(3, 33.360219785643196)	(4, 33.296579010142054)	(5, 33.13572915038701)	(6, 25.394405007690853)	(7, 16.27047946501279)	(8, 10.520888684165069)	(9, 13.359347881519746)	(10, 31.224964424666656)	(20, 34.30329472827025)	(40, 33.9617534320943)	(60, 34.01792667779853)	(80, 33.2953772630436)	(100, 31.55409383662491)	(120, 30.260794748834037)	(140, 28.75710026074869)	(160, 25.981981607758303)	(180, 23.126712345668857)	(200, 23.371343143625637)	(220, 23.893418357694554)	(240, 24.086769266202204)	(260, 23.77903440731083)	(280, 25.101082065919243)	(300, 25.59896646459329)	(320, 26.64633388992622)	(340, 29.388378828836302)	(360, 31.996802577465125)	(380, 33.429712357111356)	(400, 33.535487046011134)	(420, 33.38886247878468)	(440, 34.02684169986536)	(460, 34.48437915905942)	(480, 33.502515148365106)	(500, 32.353702335933114)	(520, 29.86397750703472)	(540, 25.887759438291795)	(560, 29.231578947368423)	(580, 29.936842105263157)	(600, 30.752631578947376)	(620, 29.89736842105263)	(640, 32.104239766081875)	(660, 33.94674019607843)	(680, 32.396598956598964)	(700, 30.555833333333332)	(720, 31.2)																												
R1.405.w	(1, 0.0)	(2, 31.088914360569838)	(3, 33.3637002860748)	(4, 33.266396324372224)	(5, 33.10153247478785)	(6, 25.360801009449137)	(7, 16.30407728835762)	(8, 10.503048574923666)	(9, 13.408306764657722)	(10, 31.305138751095654)	(20, 34.34527832092391)	(40, 33.475546865217346)	(60, 33.322756431867006)	(80, 33.23049152852561)	(100, 31.493348038413007)	(120, 30.201029676648783)	(140, 29.263681984993116)	(160, 25.871914582109248)	(180, 22.620321906394782)	(200, 22.84175391787631)	(220, 23.392557720648437)	(240, 23.904461129465705)	(260, 24.073373370962926)	(280, 25.06398636087807)	(300, 25.939302054537215)	(320, 27.11084868858302)	(340, 29.674164651942323)	(360, 32.13054643177068)	(380, 33.51464444004917)	(400, 33.59339762060121)	(420, 33.35805171758767)	(440, 34.0473416916366)	(460, 34.644627354320164)	(480, 33.566638708025735)	(500, 32.39707938565203)	(520, 31.997684110775232)	(540, 30.13000433776749)	(560, 32.51222222222221)	(580, 32.583333333333336)	(600, 28.627777777777776)	(620, 31.588888888888896)	(640, 33.82222222222223)	(660, 33.093650793650795)	(680, 33.35)	(700, 30.25)																													
R1.407.d139	(1, 0.0)	(2, 32.11434661223019)	(3, 33.57254360421482)	(4, 33.11743868391822)	(5, 32.95454954819729)	(6, 23.559995196781845)	(7, 16.562847107562067)	(8, 10.429497763501546)	(9, 12.669658671309778)	(10, 31.341781993935932)	(20, 34.23470475218397)	(40, 33.827610999369575)	(60, 33.995572033262285)	(80, 33.4876647353727)	(100, 31.792672090300506)	(120, 30.35273333133199)	(140, 28.540635225601157)	(160, 26.12070337125875)	(180, 23.61626489748131)	(200, 23.746721803608416)	(220, 24.388404731169878)	(240, 24.747248656599915)	(260, 24.715739545495484)	(280, 25.8809387289484)	(300, 26.563222358980518)	(320, 27.769763741706942)	(340, 30.50901954309387)	(360, 32.754078232415715)	(380, 33.73959953168623)	(400, 33.87985800486326)	(420, 33.742099345366555)	(440, 34.37633458030743)	(460, 34.69502103870186)	(480, 33.849041420857695)	(500, 32.86122538012499)	(520, 30.25332778944432)	(540, 27.589999999999996)	(560, 30.78)	(580, 32.089999999999996)	(600, 28.8)	(620, 27.78000000000001)	(640, 31.619999999999997)	(660, 33.875)	(680, 31.125)	(700, 35.333333333333336)																													
R1.407.d42	(1, 0.0)	(2, 32.13366738626686)	(3, 33.57873680457904)	(4, 33.12154641421243)	(5, 32.96832108692638)	(6, 23.667148600740727)	(7, 16.645481372917946)	(8, 10.541611376284882)	(9, 12.74887603731358)	(10, 31.375602582638486)	(20, 34.31191053851181)	(40, 33.97675872927849)	(60, 34.09787982016597)	(80, 33.543821176051175)	(100, 31.792300112891404)	(120, 30.395705670317483)	(140, 28.93668574597453)	(160, 26.46433671347369)	(180, 23.640151710205778)	(200, 23.785613277613834)	(220, 24.43236913509339)	(240, 24.639583292071855)	(260, 24.470366500960566)	(280, 25.706044146481553)	(300, 26.313782159196688)	(320, 27.430485631102574)	(340, 30.20663336040086)	(360, 32.54240310154285)	(380, 33.696484744385025)	(400, 33.798564809439036)	(420, 33.604891871871516)	(440, 34.24420459524513)	(460, 34.69538249106212)	(480, 33.66623165981367)	(500, 32.550400837242535)	(520, 29.77278507474051)	(540, 26.464164930882323)	(560, 29.875)	(580, 29.765000000000004)	(600, 30.417499999999997)	(620, 30.365862573099413)	(640, 31.116176470588236)	(660, 32.62834262551175)	(680, 31.792500000000008)	(700, 32.69583333333333)	(720, 32.65)	(740, 27.833333333333332)																											
R1.407.w	(1, 0.0)	(2, 32.06505811778054)	(3, 33.5745271518063)	(4, 33.09383335948533)	(5, 32.96753129186834)	(6, 23.52290311289213)	(7, 16.43135101208222)	(8, 10.577774022619465)	(9, 12.60680273751041)	(10, 31.29104636145276)	(20, 34.137071660490776)	(40, 33.66479619548817)	(60, 33.73644642663158)	(80, 33.047516566283235)	(100, 31.588073483083683)	(120, 29.879333486221917)	(140, 27.794682494658957)	(160, 25.63658221583845)	(180, 23.690552692247344)	(200, 23.834089126000315)	(220, 24.293252181679925)	(240, 24.480285217685186)	(260, 24.619241028859733)	(280, 25.76697485787397)	(300, 26.466279013627208)	(320, 27.41429649120689)	(340, 30.33326835568323)	(360, 32.48878200098975)	(380, 33.425767474595816)	(400, 33.49382829790311)	(420, 33.39768483762095)	(440, 34.191063956732975)	(460, 34.45601239535527)	(480, 33.6081204300727)	(500, 32.588157259042376)	(520, 30.853709686163466)	(540, 26.718194444444446)	(560, 29.9)	(580, 29.34166666666666)	(600, 29.7)	(620, 30.09166666666666)	(640, 32.62499999999999)	(660, 31.633333333333336)	(680, 29.225490196078432)																														
R1.415.d139	(1, 0.0)	(2, 31.72953338255961)	(3, 33.389872091084484)	(4, 32.84003048853107)	(5, 32.92725627039516)	(6, 24.492961436772028)	(7, 17.302027010932996)	(8, 10.524760021913632)	(9, 13.1815496748684)	(10, 31.50733630278922)	(20, 32.552930948240956)	(30, 36.19734654503013)	(40, 35.4704642355239)	(50, 32.445411237882)	(60, 35.57676916847295)	(70, 32.61481552056784)	(80, 33.033358740442566)	(90, 34.1210013576924)	(100, 30.582666793702213)	(110, 33.39555057999666)	(120, 32.555651096872545)	(130, 29.016544791939594)	(140, 32.04897696686754)	(150, 27.2062453850368)	(160, 29.240390157921063)	(170, 24.75739942357621)	(180, 22.825429340447325)	(190, 24.99675344782412)	(200, 25.206550270347524)	(210, 22.819012457423245)	(220, 24.91810256532406)	(230, 24.27266512636067)	(240, 24.616675797346545)	(250, 25.60002620108139)	(260, 24.39076054593526)	(270, 25.3062930233666)	(280, 26.232646547412042)	(290, 25.961217635709694)	(300, 26.90723149846366)	(310, 26.52305456970679)	(320, 26.86883738656122)	(330, 28.898809041754994)	(340, 29.21626610771026)	(350, 31.284729533382556)	(360, 32.359154896029345)	(370, 32.719048186170596)	(380, 34.034135285387826)	(390, 33.438627047189335)	(400, 33.59265286553875)	(410, 34.02837268027729)	(420, 33.04174667079591)	(430, 34.065130905019416)	(440, 34.18255949161305)	(450, 34.23894863736432)	(460, 35.10573092601906)	(470, 34.36044586483537)	(480, 34.00224886164011)	(490, 33.50672607654577)	(500, 32.778759816737974)	(510, 32.53888191996702)	(520, 32.13920394390435)	(530, 32.14703907203907)	(540, 37.5)	(550, 33.1)	(560, 27.6)	(570, 36.7)	(580, 23.9)	(590, 27.8)	(600, 35.6)	(610, 33.1)	(620, 37.9)	(630, 38.0)	(640, 30.5)	(650, 34.666666666666664)
R1.415.d42	(1, 0.0)	(2, 31.747118354637)	(3, 33.39304638256196)	(4, 32.85775093543608)	(5, 32.929534667637675)	(6, 24.41820898520881)	(7, 17.0670123804023)	(8, 10.463875844403706)	(9, 13.069799854348208)	(10, 31.374391652645585)	(20, 34.34459142161172)	(40, 34.01862522287236)	(60, 34.05870457798649)	(80, 33.48179478164787)	(100, 31.81760440471108)	(120, 30.62269217247181)	(140, 29.153688380502746)	(160, 26.36642035609351)	(180, 23.361740664473515)	(200, 23.45932673714874)	(220, 23.94848195675648)	(240, 24.26878908113809)	(260, 24.17162677983978)	(280, 25.46160003515733)	(300, 26.055502121995932)	(320, 26.952673212626507)	(340, 29.451330328218784)	(360, 31.896445342909523)	(380, 33.25798337215787)	(400, 33.432659467701384)	(420, 33.25715466888051)	(440, 33.964742669437165)	(460, 34.49286551646022)	(480, 33.50300074178175)	(500, 32.14851463192871)	(520, 29.37732835152217)	(540, 25.64721362229102)	(560, 29.958823529411763)	(580, 29.891176470588242)	(600, 30.121323529411768)	(620, 29.5375)	(640, 32.140625)	(660, 32.845614801864805)	(680, 32.26075396825397)																														
R1.415.w	(1, 0.0)	(2, 31.579027678876937)	(3, 33.34833029694913)	(4, 32.75892650717172)	(5, 32.890089056994626)	(6, 24.19389085663026)	(7, 16.90351696521876)	(8, 10.246742437553753)	(9, 12.641441558081251)	(10, 31.213032099359122)	(20, 34.10390167663895)	(40, 33.81007463031638)	(60, 33.75122534286481)	(80, 33.196421074047706)	(100, 31.49492384378497)	(120, 29.851887490405336)	(140, 27.361745258154304)	(160, 25.17190450648738)	(180, 23.30267217223234)	(200, 23.388001350189125)	(220, 23.912334809910018)	(240, 24.164003588173824)	(260, 24.58887527396817)	(280, 25.801996152885806)	(300, 26.572420075277666)	(320, 27.38050456382418)	(340, 30.378840871889246)	(360, 32.62472973097944)	(380, 33.48273864990112)	(400, 33.472716867298956)	(420, 33.47023717222147)	(440, 34.267155260968856)	(460, 34.432338533841694)	(480, 33.7194741792422)	(500, 32.647582851341426)	(520, 31.124427202683457)	(540, 24.249123376623373)	(560, 26.320000000000004)	(580, 27.890000000000008)	(600, 25.490000000000002)	(620, 27.3)	(640, 25.580000000000002)	(660, 28.410000000000004)	(680, 26.629166666666663)	(700, 30.61111111111111)																													
R1.417.d139	(1, 0.0)	(2, 32.53527387439059)	(3, 33.596128477201034)	(4, 33.54430742758819)	(5, 33.216489819328935)	(6, 25.9211356466877)	(7, 16.832520791511328)	(8, 10.124777745913393)	(9, 12.924892457700029)	(10, 31.18341554344709)	(20, 34.14029538285059)	(40, 33.67987955262403)	(60, 33.792869228563234)	(80, 33.23579294522512)	(100, 31.47766131344996)	(120, 30.051849727559507)	(140, 28.56501433897332)	(160, 26.213624892457695)	(180, 23.49186119873817)	(200, 23.499759105248067)	(220, 24.018318038428454)	(240, 24.495967880699745)	(260, 24.42996558646401)	(280, 25.656963005448812)	(300, 26.349159736162893)	(320, 27.648699455119015)	(340, 30.51650415830227)	(360, 32.753946085460285)	(380, 33.90544737596788)	(400, 33.95755090335532)	(420, 33.70444651562948)	(440, 34.343778238189984)	(460, 34.8181253878183)	(480, 33.96990679234245)	(500, 32.97524632133487)	(520, 30.969580429445152)	(540, 29.587121212121207)	(560, 30.170000000000005)	(580, 31.1)	(600, 30.940000000000005)	(620, 28.980000000000008)	(640, 30.49000000000001)	(660, 33.795)	(680, 32.90416666666667)	(700, 35.375)																													
R1.417.d42	(1, 0.0)	(2, 32.53686045319389)	(3, 33.59983408368521)	(4, 33.55814061873736)	(5, 33.21173904532871)	(6, 25.82046549779555)	(7, 16.786126413318048)	(8, 10.09523410046326)	(9, 12.85701369275654)	(10, 31.232812281535747)	(20, 34.216936513706735)	(40, 33.8054840934724)	(60, 33.870309368679095)	(80, 33.15469319463475)	(100, 31.4342523978636)	(120, 30.038838399373628)	(140, 28.814497171033615)	(160, 26.42867369480719)	(180, 23.64858365258242)	(200, 23.70085847711194)	(220, 24.321033621356598)	(240, 24.59685131847543)	(260, 24.32008146677479)	(280, 25.5589692681972)	(300, 26.173327554225743)	(320, 27.4576983305836)	(340, 30.063106922811624)	(360, 32.53215747136079)	(380, 33.75965996476608)	(400, 33.86074301154191)	(420, 33.61612843019298)	(440, 34.24222688198431)	(460, 34.739608110919065)	(480, 33.69720056010662)	(500, 32.57056520720401)	(520, 30.520377162922877)	(540, 29.644272846718508)	(560, 31.83521929824561)	(580, 30.67007352941177)	(600, 31.306666666666665)	(620, 31.165952380952383)	(640, 31.60714285714287)	(660, 33.872394272394274)	(680, 32.10381313131313)	(700, 34.0)																													
R1.417.w	(1, 0.0)	(2, 32.392665608374806)	(3, 33.55740518276986)	(4, 33.523200188776386)	(5, 33.20412519306676)	(6, 25.617953063325896)	(7, 16.186116354899607)	(8, 10.148500514844688)	(9, 12.721372490132143)	(10, 30.948331045134715)	(20, 33.89224997854814)	(40, 33.45453063325897)	(60, 33.298432405182766)	(80, 32.444068560151024)	(100, 30.897099708254682)	(120, 28.788651964990567)	(140, 27.23302246009954)	(160, 24.64570533722327)	(180, 21.7678077269607)	(200, 22.21778252102282)	(220, 22.361900420456497)	(240, 22.73418246953836)	(260, 23.117177578513814)	(280, 24.185607409473143)	(300, 25.089217757851383)	(320, 26.418664192551915)	(340, 29.690982173502665)	(360, 32.179760093353664)	(380, 33.52574705667628)	(400, 33.573547403039086)	(420, 33.45307321858694)	(440, 34.147175553152856)	(460, 34.75330084140997)	(480, 33.93790760075069)	(500, 32.65218807726902)	(520, 30.63727312533449)	(540, 25.717472416121296)	(560, 29.69227941176471)	(580, 30.882916666666667)	(600, 31.649999999999995)	(620, 30.109999999999992)	(640, 32.43333333333334)	(660, 34.123095238095246)	(680, 32.5898285048285)	(700, 30.331666666666667)	(720, 33.6)																												
R1.420.d139	(1, 0.0)	(2, 30.762578208877866)	(3, 33.18986709118507)	(4, 32.97691681166932)	(5, 32.49811188034504)	(6, 23.985191218392508)	(7, 16.523657028617972)	(8, 10.8179815630669)	(9, 12.919791936618415)	(10, 30.87105253415275)	(20, 33.841530302469366)	(40, 33.316614527414764)	(60, 33.384339713450075)	(80, 32.21624893561882)	(100, 30.454174225315615)	(120, 28.917257783865836)	(140, 27.426437377364778)	(160, 24.9866600644182)	(180, 22.241667283699233)	(200, 22.359822849950028)	(220, 22.95887323682944)	(240, 23.15726278182962)	(260, 23.13248676465144)	(280, 24.5294361556403)	(300, 25.206521417200403)	(320, 26.563446373699605)	(340, 30.14926233756618)	(360, 32.70800999234483)	(380, 33.91060222139674)	(400, 33.90132959553137)	(420, 33.69367976748062)	(440, 34.2603622136351)	(460, 34.70190586718961)	(480, 33.97726613977843)	(500, 33.04671300561503)	(520, 31.378421714513905)	(540, 25.36882592897299)	(560, 27.24545454545454)	(580, 30.104545454545455)	(600, 28.572727272727274)	(620, 30.57272727272727)	(640, 30.849999999999994)	(660, 32.19979797979798)	(680, 33.55238095238094)	(700, 34.23833333333333)	(720, 33.7)																												
R1.420.d42	(1, 0.0)	(2, 30.30519408707192)	(3, 33.016496479522246)	(4, 32.78639362996277)	(5, 32.37438714196188)	(6, 23.861890367530506)	(7, 16.354517639252407)	(8, 10.983521952298448)	(9, 12.926954694584731)	(10, 30.708087882921074)	(20, 33.637715191506615)	(40, 33.009804807018845)	(60, 33.011437866332436)	(80, 31.613075533601204)	(100, 29.661101485604746)	(120, 28.09551553802485)	(140, 26.9302650495816)	(160, 24.72582851034025)	(180, 22.00344582887898)	(200, 22.039100342831865)	(220, 22.77182235411214)	(240, 22.831122129243926)	(260, 22.529031039186048)	(280, 24.12619714675416)	(300, 24.72372267482582)	(320, 26.22821911748443)	(340, 30.126022044457557)	(360, 32.74566391418144)	(380, 34.0789342721274)	(400, 34.02777122424152)	(420, 33.753116443479115)	(440, 34.29622829942169)	(460, 34.77040618854217)	(480, 33.996017016417035)	(500, 33.017660596331716)	(520, 31.67732944760497)	(540, 24.38734848484848)	(560, 23.916666666666664)	(580, 26.583333333333336)	(600, 27.71666666666666)	(620, 27.39444444444444)	(640, 30.15)	(660, 30.82648809523809)	(680, 29.56654761904762)	(700, 28.775)	(720, 28.95)	(740, 33.75)																											
R1.420.w	(1, 0.0)	(2, 30.748469555867715)	(3, 33.20181051974403)	(4, 32.98605691691379)	(5, 32.53857759741949)	(6, 24.03291538768361)	(7, 16.476787541404367)	(8, 10.854776893328477)	(9, 12.972980940984687)	(10, 30.904942510795486)	(20, 33.89440542462237)	(40, 33.28705495725162)	(60, 33.15533010769471)	(80, 32.16124811404193)	(100, 30.52831191578656)	(120, 28.571320430778837)	(140, 27.198796455265942)	(160, 24.477430934914935)	(180, 21.630126771066365)	(200, 21.941348871893588)	(220, 22.31786587586494)	(240, 22.573250611310545)	(260, 22.759461006191145)	(280, 23.97260895201429)	(300, 24.944315245478037)	(320, 26.324291139899067)	(340, 29.71683141702651)	(360, 32.45745972287256)	(380, 33.86161225335721)	(400, 33.78013771276025)	(420, 33.58931125066619)	(440, 34.225276546946155)	(460, 34.94238543023749)	(480, 34.13746808077849)	(500, 33.010604600819605)	(520, 30.841329720707574)	(540, 27.220236985236987)	(560, 29.066666666666674)	(580, 31.222222222222218)	(600, 31.78333333333333)	(620, 33.55555555555556)	(640, 33.727777777777774)	(660, 33.649900793650794)	(680, 34.12)	(700, 33.46666666666667)	(720, 32.95)	(740, 34.0)																											
R1.453.d139	(1, 0.0)	(2, 32.30313527318173)	(3, 33.53575406851957)	(4, 33.45254978672535)	(5, 32.804670307278506)	(6, 25.23678919770696)	(7, 16.90641725758687)	(8, 10.423764501317685)	(9, 12.892153666422148)	(10, 31.210910968022386)	(20, 34.032474800988936)	(40, 33.68278316624556)	(60, 33.63582674491266)	(80, 32.97706889993751)	(100, 31.19180726492243)	(120, 29.843435351971095)	(140, 28.419700736272993)	(160, 25.966644931670608)	(180, 23.12866098839894)	(200, 23.040569728584238)	(220, 23.754828565218567)	(240, 24.108850218708398)	(260, 23.970591191892847)	(280, 25.13292240606406)	(300, 25.860279294699374)	(320, 27.007012932322652)	(340, 29.763942320754204)	(360, 32.23921604586084)	(380, 33.468588108296764)	(400, 33.59817228609619)	(420, 33.37243737668045)	(440, 34.042454861179024)	(460, 34.56313291349754)	(480, 33.75736678927576)	(500, 32.71814213735023)	(520, 30.683855570895894)	(540, 27.434830586080587)	(560, 29.45769230769231)	(580, 30.276923076923076)	(600, 30.61762820512821)	(620, 31.107045454545453)	(640, 31.360000000000007)	(660, 31.966884920634925)	(680, 32.91916666666667)	(700, 33.55)	(720, 33.5)																												
R1.453.d42	(1, 0.0)	(2, 32.31498406561331)	(3, 33.52884937458729)	(4, 33.44032500406733)	(5, 32.83137303691227)	(6, 25.13874879176197)	(7, 16.945803944837355)	(8, 10.486127991884468)	(9, 12.927802394464596)	(10, 31.334143610454486)	(20, 34.22527777511939)	(40, 33.812758993597534)	(60, 33.896877721526245)	(80, 33.13500588567437)	(100, 31.299505699055413)	(120, 30.003847699801902)	(140, 29.064153850570868)	(160, 26.23771951651339)	(180, 22.916551186226567)	(200, 23.06674928941249)	(220, 23.775090199155912)	(240, 23.870242891732303)	(260, 23.572242106975718)	(280, 24.92073049353533)	(300, 25.463827985185326)	(320, 26.68372922069843)	(340, 29.40131781684547)	(360, 32.12244643079309)	(380, 33.605109579864106)	(400, 33.697923990525446)	(420, 33.48293003244487)	(440, 34.00044639967065)	(460, 34.54541043877162)	(480, 33.605535604239904)	(500, 32.597244084766956)	(520, 30.28852813188405)	(540, 24.037549603174604)	(560, 26.021875)	(580, 27.55)	(600, 27.225)	(620, 29.19375)	(640, 30.371875)	(660, 30.667282509157513)	(680, 32.607080142080136)	(700, 29.44901960784314)																													
R1.453.w	(1, 0.0)	(2, 32.317817225509536)	(3, 33.55695501080116)	(4, 33.47021696252465)	(5, 32.84744059359444)	(6, 25.29642152719076)	(7, 17.153639522870293)	(8, 10.482154597539212)	(9, 12.99374471682164)	(10, 31.471536583075043)	(20, 34.14960458345074)	(40, 33.78127500704424)	(60, 33.790749037287505)	(80, 33.426365173288254)	(100, 31.59057293134216)	(120, 30.064977458438996)	(140, 27.517136752136754)	(160, 25.387191227575848)	(180, 23.91845731191885)	(200, 23.80223771954541)	(220, 24.558593030900724)	(240, 24.587682445759366)	(260, 24.869198365736832)	(280, 25.973169907016064)	(300, 26.539164083779475)	(320, 27.490658871043486)	(340, 30.451543157697)	(360, 32.62412745374284)	(380, 33.475680473372776)	(400, 33.552656027159735)	(420, 33.543077379096765)	(440, 34.295102182014645)	(460, 34.44193139281732)	(480, 33.59333999459326)	(500, 32.57199672752088)	(520, 30.965809791346555)	(540, 25.561408730158735)	(560, 27.35833333333333)	(580, 27.383333333333333)	(600, 25.029999999999998)	(620, 26.370000000000005)	(640, 28.35)	(660, 29.396666666666665)	(680, 26.05)	(700, 20.5)																													
R1.455.d139	(1, 0.0)	(2, 30.9944017835026)	(3, 33.3632648005945)	(4, 33.38843200396334)	(5, 32.948649987614566)	(6, 24.377792915531334)	(7, 16.55838493931137)	(8, 10.636487490710923)	(9, 13.283192965073074)	(10, 31.360478077780527)	(20, 34.25212472132771)	(40, 33.868662992321035)	(60, 33.94839237057221)	(80, 33.33187763190488)	(100, 31.5114088432004)	(120, 30.255474362150107)	(140, 28.840935719593755)	(160, 26.185710304681685)	(180, 23.257491330195695)	(200, 23.28945256378499)	(220, 23.963421476343818)	(240, 24.323093262323507)	(260, 24.13070287342086)	(280, 25.278648749071092)	(300, 26.02267525390141)	(320, 27.189695937577408)	(340, 29.87523532325984)	(360, 32.26961562984729)	(380, 33.54300948747802)	(400, 33.60483109037911)	(420, 33.39843869704246)	(440, 34.07825162229814)	(460, 34.60529734916248)	(480, 33.712049483665965)	(500, 32.66269316323657)	(520, 29.81099574200645)	(540, 25.674326923076926)	(560, 27.484615384615388)	(580, 30.376923076923077)	(600, 28.61538461538462)	(620, 30.007692307692302)	(640, 31.953846153846154)	(660, 31.704348290598283)	(680, 32.92613095238096)	(700, 32.55833333333333)	(720, 34.05)	(740, 34.0)																											
R1.455.d42	(1, 0.0)	(2, 31.030754899659666)	(3, 33.35058238469663)	(4, 33.3609171458749)	(5, 32.94328717286704)	(6, 24.28194314047647)	(7, 16.48539637366506)	(8, 10.64962299025936)	(9, 13.145244102804835)	(10, 31.301519041192353)	(20, 34.11512476528576)	(40, 33.68977306067363)	(60, 33.7618086932285)	(80, 33.02302656671752)	(100, 31.36749501232249)	(120, 29.919531158314754)	(140, 28.017851484567537)	(160, 25.655242195751676)	(180, 23.371734171458748)	(200, 23.328584526464027)	(220, 24.079450401948126)	(240, 24.379584995892504)	(260, 24.30713054512382)	(280, 25.560822526698747)	(300, 26.068250498767753)	(320, 27.17519950710011)	(340, 30.186048072409342)	(360, 32.53604037084849)	(380, 33.54606523588781)	(400, 33.66150243484672)	(420, 33.542237045311154)	(440, 34.23982293239648)	(460, 34.60072054187907)	(480, 33.679541787817485)	(500, 32.629186457086305)	(520, 30.050488697895048)	(540, 27.001626117157258)	(560, 29.64329710144928)	(580, 30.87154150197629)	(600, 31.34772727272727)	(620, 30.974999999999994)	(640, 32.158982683982686)	(660, 33.26613254951103)	(680, 33.27225274725275)	(700, 33.7875)	(720, 32.94117647058823)																												
R1.455.w	(1, 0.0)	(2, 31.151925163581364)	(3, 33.403519876368655)	(4, 33.424818334264955)	(5, 32.99053858547332)	(6, 24.415784368526616)	(7, 16.590199914510244)	(8, 10.497336665241837)	(9, 13.089492979975669)	(10, 31.42169055995791)	(20, 34.22060960773354)	(40, 33.92952890211422)	(60, 33.89602637030217)	(80, 33.49683852300004)	(100, 31.64566797093348)	(120, 30.001293854601652)	(140, 28.08508738039655)	(160, 25.91633100976556)	(180, 23.58104716732976)	(200, 23.551852004077205)	(220, 24.018163696445598)	(240, 24.307978907046326)	(260, 24.603346019794166)	(280, 25.752817873935488)	(300, 26.437852234241937)	(320, 27.37038355308585)	(340, 30.151478397395852)	(360, 32.29777644428369)	(380, 33.331423164220205)	(400, 33.26764553745933)	(420, 33.19909395082868)	(440, 34.03721369940854)	(460, 34.479739739471384)	(480, 33.84515556797248)	(500, 32.856371606350095)	(520, 31.130839792729937)	(540, 27.690991158765048)	(560, 29.5)	(580, 30.604133644133647)	(600, 28.68888888888889)	(620, 27.838888888888885)	(640, 32.077777777777776)	(660, 34.00555555555556)	(680, 31.963730158730165)																														
R1.457.d139	(1, 0.0)	(2, 31.63330423819222)	(3, 33.33934632916303)	(4, 32.78021045485404)	(5, 32.63034623217923)	(6, 21.834860828241684)	(7, 16.04555814179032)	(8, 10.310396663757153)	(9, 12.165211909611095)	(10, 30.795516923673745)	(20, 34.05255431093008)	(40, 33.724591455726895)	(60, 33.86269517990496)	(80, 32.81249151391717)	(100, 31.272125642517704)	(120, 30.037554553389576)	(140, 28.459424401125013)	(160, 24.939696683153908)	(180, 21.60265493162642)	(200, 21.912572737852777)	(220, 22.382588982639902)	(240, 22.704680680826304)	(260, 22.571403113180104)	(280, 23.73289326932402)	(300, 24.435590631364565)	(320, 25.288237076908153)	(340, 28.432854475802536)	(360, 31.22578071961982)	(380, 32.756430026185626)	(400, 32.78028286696229)	(420, 32.697728028056304)	(440, 33.45388826479838)	(460, 34.08810253390053)	(480, 33.5480328424844)	(500, 32.47220715839287)	(520, 29.780411065569837)	(540, 26.496666666666663)	(560, 29.090000000000003)	(580, 27.48)	(600, 28.570000000000004)	(620, 30.28)	(640, 32.95)	(660, 33.15833333333333)	(680, 31.791666666666668)	(700, 33.6)																													
R1.457.d42	(1, 0.0)	(2, 31.56451875025393)	(3, 33.29783041482143)	(4, 32.701296063056105)	(5, 32.65877788160728)	(6, 21.6205866818348)	(7, 15.847235200910088)	(8, 10.37902734327388)	(9, 12.044407426969487)	(10, 30.692274407833253)	(20, 33.991569495794906)	(40, 33.5869347499289)	(60, 33.65402632755048)	(80, 32.413536545727865)	(100, 30.931249746069152)	(120, 29.632198431723065)	(140, 27.792455206598135)	(160, 24.53966603014667)	(180, 21.6108570674034)	(200, 21.859928696217445)	(220, 22.323358590988498)	(240, 22.490151545931017)	(260, 22.428895299232114)	(280, 23.767093609068382)	(300, 24.424416974769436)	(320, 25.27915329297526)	(340, 28.55533254784057)	(360, 31.429670296184945)	(380, 32.86999498196709)	(400, 32.80854290523102)	(420, 32.75586328897408)	(440, 33.568340235393094)	(460, 34.202119620492766)	(480, 33.53831469788178)	(500, 32.36239881789172)	(520, 30.574651366482584)	(540, 29.1733660130719)	(560, 31.247058823529414)	(580, 31.688235294117646)	(600, 30.673529411764708)	(620, 31.661764705882366)	(640, 33.30588235294117)	(660, 34.19156755009696)	(680, 33.34702741702742)	(700, 33.52745098039216)																													
R1.457.w	(1, 0.0)	(2, 31.604178611563423)	(3, 33.330435979175746)	(4, 32.80223837809325)	(5, 32.66603215375089)	(6, 21.755292067059607)	(7, 16.086691282709904)	(8, 10.40015595257207)	(9, 12.177166708712702)	(10, 30.83363759374355)	(20, 33.99445795014104)	(40, 33.717419672958286)	(60, 33.68446437171754)	(80, 32.84527440772423)	(100, 31.40278765222576)	(120, 29.79151893218356)	(140, 26.94435818636332)	(160, 24.034185721165972)	(180, 21.832852097332747)	(200, 22.184585922986955)	(220, 22.471438891819375)	(240, 22.471378116184667)	(260, 22.862429190652016)	(280, 24.26373300002293)	(300, 25.076011971653326)	(320, 25.715214549457606)	(340, 29.258692062472768)	(360, 31.82322462189793)	(380, 32.845827026283196)	(400, 32.82813167040982)	(420, 32.85481256367156)	(440, 33.80872107382853)	(460, 34.19064573712685)	(480, 33.699976969976674)	(500, 32.70109708810455)	(520, 30.598162523025206)	(540, 26.004848484848488)	(560, 28.915)	(580, 31.129999999999995)	(600, 29.929999999999996)	(620, 30.419999999999995)	(640, 30.921111111111117)	(660, 31.999305555555555)	(680, 32.417321428571434)	(700, 32.85)	(720, 35.5)																												
R1.481.d139	(1, 0.0)	(2, 31.214069359379796)	(3, 33.386226865751304)	(4, 33.32048356751131)	(5, 33.116555248655644)	(6, 25.420052573289034)	(7, 16.421613759790773)	(8, 10.404494082169116)	(9, 13.383931788159002)	(10, 31.266110243785278)	(20, 34.281929599829205)	(40, 33.94277183993169)	(60, 34.00189810922968)	(80, 33.58407856637711)	(100, 31.804528775202492)	(120, 30.535246787558556)	(140, 28.799260771519688)	(160, 26.043657179456385)	(180, 23.268706883898425)	(200, 23.47016265695262)	(220, 24.112436118116438)	(240, 24.38549631052934)	(260, 24.397765635216096)	(280, 25.489796912320035)	(300, 26.15649493615147)	(320, 27.06124321150741)	(340, 29.661468049050608)	(360, 32.08395380489171)	(380, 33.32919618910371)	(400, 33.44906165561835)	(420, 33.29275640935468)	(440, 34.01438783846347)	(460, 34.479410608376604)	(480, 33.61988426344475)	(500, 32.49875715465095)	(520, 29.5105554994522)	(540, 26.6618868249054)	(560, 27.99333333333333)	(580, 29.82666666666666)	(600, 29.692619047619047)	(620, 30.282142857142855)	(640, 31.564285714285717)	(660, 32.020514069264074)	(680, 30.695595238095233)	(700, 33.175)	(720, 31.0)																												
R1.481.d42	(1, 0.0)	(2, 31.174905219004597)	(3, 33.36165201258369)	(4, 33.256804065499715)	(5, 33.10159716060337)	(6, 25.287021053480682)	(7, 16.29018310881665)	(8, 10.556070016939582)	(9, 13.442800677583286)	(10, 31.231625393240307)	(20, 34.262505041542305)	(40, 33.89648261676213)	(60, 33.960644107445354)	(80, 33.34716100669517)	(100, 31.56494595466645)	(120, 30.247045252883765)	(140, 28.915704202629666)	(160, 26.092325159312736)	(180, 23.012417923691217)	(200, 23.32218601274502)	(220, 23.84712309429701)	(240, 24.053038235056864)	(260, 23.98322658707752)	(280, 25.23114221182544)	(300, 25.8164463176575)	(320, 26.888037428410104)	(340, 29.561401952085184)	(360, 32.110516657255786)	(380, 33.47730892867314)	(400, 33.59078295661713)	(420, 33.43071845531709)	(440, 34.01985623943114)	(460, 34.527102086827966)	(480, 33.56643901639563)	(500, 32.570201647187446)	(520, 31.247607825973244)	(540, 28.246455307617815)	(560, 29.601724137931036)	(580, 30.701954479109652)	(600, 31.07037037037037)	(620, 30.96296296296297)	(640, 32.030484330484335)	(660, 32.44143070430714)	(680, 32.46953738555906)	(700, 28.179166666666667)	(720, 19.8)	(740, 21.35)	(760, 19.263157894736842)																										
R1.481.w	(1, 0.0)	(2, 31.150371664161828)	(3, 33.40269710386287)	(4, 33.32794454147881)	(5, 33.17088427637191)	(6, 25.288151427759047)	(7, 16.264402832500643)	(8, 10.240789634022503)	(9, 13.248561409209689)	(10, 31.33366099354157)	(20, 34.388347753090436)	(40, 33.66013986487401)	(60, 33.52467132431592)	(80, 33.55289342919425)	(100, 32.041534993297866)	(120, 30.886246395060727)	(140, 27.33702221861164)	(160, 24.040730736423093)	(180, 23.466730980137296)	(200, 23.106985796877748)	(220, 23.776772682345616)	(240, 24.19423615906414)	(260, 24.705671771125285)	(280, 25.833668440364495)	(300, 27.3458588894756)	(320, 28.00903773508266)	(340, 30.652570507873328)	(360, 33.09983616989587)	(380, 33.614467574417276)	(400, 33.28142226357686)	(420, 33.143586085443545)	(440, 34.089704816026384)	(460, 34.23530553977078)	(480, 33.308040178797874)	(500, 32.298157868652375)	(520, 27.674713826582764)	(540, 27.685714285714294)	(560, 27.20714285714285)	(580, 30.450000000000006)	(600, 32.8)	(620, 29.11428571428571)	(640, 27.78809523809524)	(660, 30.083333333333332)	(680, 32.30083333333333)	(700, 31.1875)	(720, 27.5)																												
R1.482.d139	(1, 0.0)	(2, 32.18828957486543)	(3, 33.59413380204328)	(4, 33.11644512797979)	(5, 33.001428100626164)	(6, 23.62197077886411)	(7, 16.600615181808195)	(8, 10.507283313193453)	(9, 12.715280676699988)	(10, 31.307217400856864)	(20, 34.242197077886416)	(40, 33.880636054048125)	(60, 33.983822915522346)	(80, 33.4547951224871)	(100, 31.76616719762716)	(120, 30.279533120949132)	(140, 28.518347797429414)	(160, 25.808370866747225)	(180, 23.078811380863453)	(200, 23.18021201801604)	(220, 23.790908491706034)	(240, 24.0580599802263)	(260, 24.082339887949026)	(280, 25.284523783368122)	(300, 25.996621992749642)	(320, 26.953920685488306)	(340, 29.729658354388665)	(360, 32.16495538730601)	(380, 33.35087557401182)	(400, 33.48462417331312)	(420, 33.310079340189915)	(440, 34.03839602775992)	(460, 34.50658604560702)	(480, 33.68183576120045)	(500, 32.56082251294051)	(520, 29.58771190554603)	(540, 25.96818181818182)	(560, 28.622727272727268)	(580, 29.645)	(600, 28.184999999999995)	(620, 30.165000000000003)	(640, 31.97)	(660, 32.94166666666667)	(680, 33.28023809523809)	(700, 31.075)	(720, 34.0)																												
R1.482.d42	(1, 0.0)	(2, 32.124243158149675)	(3, 33.58034633083071)	(4, 33.091538940594404)	(5, 32.97619624260457)	(6, 23.459779261668338)	(7, 16.42584679791025)	(8, 10.660329377573262)	(9, 12.679194201293983)	(10, 31.233506902397675)	(20, 34.177922274504375)	(40, 33.78667179877521)	(60, 33.88825727433139)	(80, 33.19765898003667)	(100, 31.51213455350656)	(120, 29.9732212054112)	(140, 28.158087828253123)	(160, 25.523158063176837)	(180, 22.936536864685326)	(200, 23.106399854686366)	(220, 23.703679981316817)	(240, 23.890985364841022)	(260, 23.795638428536826)	(280, 25.06372608379753)	(300, 25.787769435698728)	(320, 26.82584247309968)	(340, 29.85519452997958)	(360, 32.29000060547348)	(380, 33.438742800100485)	(400, 33.5287374229098)	(420, 33.37504380310524)	(440, 34.102942983038886)	(460, 34.54320762947985)	(480, 33.65441026572744)	(500, 32.53882017173152)	(520, 30.008081578449843)	(540, 27.92671359723419)	(560, 30.205263157894727)	(580, 31.876315789473686)	(600, 29.205263157894734)	(620, 31.01315789473685)	(640, 32.03421052631579)	(660, 32.03924834947475)	(680, 32.37708333333334)	(700, 32.07456140350877)																													
R1.482.w	(1, 0.0)	(2, 32.10711532838955)	(3, 33.580389655264064)	(4, 33.10566674640513)	(5, 32.981195013688435)	(6, 23.615075884432397)	(7, 16.652247295537304)	(8, 10.49509608484172)	(9, 12.669816335752067)	(10, 31.33137575419292)	(20, 34.14839194109985)	(40, 33.81730523881668)	(60, 33.840896526061194)	(80, 33.24227600138212)	(100, 31.55057212343514)	(120, 30.075330914600112)	(140, 27.151756904021482)	(160, 25.035120139276508)	(180, 24.072769316641416)	(200, 23.88039297769981)	(220, 24.770803763655213)	(240, 24.763297052335012)	(260, 25.102766924487682)	(280, 26.10649602636685)	(300, 26.67517409563299)	(320, 27.40783031656168)	(340, 30.56516027430029)	(360, 32.794869494723976)	(380, 33.472998936861885)	(400, 33.51671090748996)	(420, 33.57117916726049)	(440, 34.3699174042675)	(460, 34.37895001344035)	(480, 33.43984448784511)	(500, 32.46796072320644)	(520, 30.783659695537686)	(540, 27.208194444444437)	(560, 26.39166666666667)	(580, 29.500000000000007)	(600, 28.99)	(620, 31.100000000000005)	(640, 32.339999999999996)	(660, 32.910000000000004)	(680, 31.40833333333333)	(700, 30.125)	(720, 32.1)	(740, 32.21052631578947)																											
R1.491.d139	(1, 0.0)	(2, 31.759847727673584)	(3, 33.389367393732726)	(4, 32.81856664118996)	(5, 32.87053912634487)	(6, 24.44382385795755)	(7, 17.228775942148275)	(8, 10.371582691516256)	(9, 13.026309600799577)	(10, 31.40435357751779)	(20, 34.33313098947616)	(40, 33.959660326885775)	(60, 34.06990563819155)	(80, 33.45529205126698)	(100, 31.77812628608384)	(120, 30.612652125345402)	(140, 29.429057410782526)	(160, 26.510408460226934)	(180, 23.275335116702927)	(200, 23.4314487918161)	(220, 24.0820102592745)	(240, 24.541174525251332)	(260, 24.184421482744433)	(280, 25.359882268210946)	(300, 26.006290052325237)	(320, 27.02682403433476)	(340, 29.390694632253513)	(360, 31.9251344876242)	(380, 33.36058998177435)	(400, 33.47018927979745)	(420, 33.16301075078273)	(440, 33.85079483335048)	(460, 34.49902199929069)	(480, 33.54492665674867)	(500, 32.3572385913387)	(520, 29.204669699308475)	(540, 25.727673992673992)	(560, 28.811538461538465)	(580, 29.173076923076923)	(600, 29.134615384615387)	(620, 29.003846153846148)	(640, 31.95)	(660, 32.13141025641026)	(680, 30.947123015873018)	(700, 30.84166666666667)																													
R1.491.d42	(1, 0.0)	(2, 31.572518372935665)	(3, 33.32311217503889)	(4, 32.697985264393296)	(5, 32.834685494462505)	(6, 24.173874570366713)	(7, 16.914520440764164)	(8, 10.53168341731946)	(9, 12.897977812759061)	(10, 31.192410510530088)	(20, 34.20346128410286)	(40, 33.780610381989405)	(60, 33.94505351204836)	(80, 33.16092269860934)	(100, 31.502428301306832)	(120, 30.219153028623595)	(140, 28.84255768030626)	(160, 26.16350608705372)	(180, 23.11677409439358)	(200, 23.206467087063032)	(220, 23.834863867957043)	(240, 24.143146825138082)	(260, 23.903057032945537)	(280, 25.33256503879507)	(300, 25.89032172430816)	(320, 27.069096675639667)	(340, 29.79947512551347)	(360, 32.23514330424091)	(380, 33.54381467785653)	(400, 33.550318524251665)	(420, 33.319334881908176)	(440, 34.014397077768805)	(460, 34.52728841183597)	(480, 33.57915366830322)	(500, 32.5079276853524)	(520, 30.15599119124169)	(540, 26.06171626984127)	(560, 29.728571428571428)	(580, 30.475)	(600, 30.575)	(620, 31.125)	(640, 31.51071428571429)	(660, 32.89065934065935)	(680, 33.00982323232323)	(700, 32.718333333333334)	(720, 34.0)																												
R1.491.w	(1, 0.0)	(2, 31.75416007186551)	(3, 33.41630662617102)	(4, 32.890647502530975)	(5, 32.97183841667736)	(6, 24.48402275741113)	(7, 17.188675478746916)	(8, 10.286392608119092)	(9, 12.944161640358757)	(10, 31.460569505639448)	(20, 34.28755757083174)	(40, 34.05648857138783)	(60, 34.031539547418404)	(80, 33.56655829804223)	(100, 31.93312515150219)	(120, 30.415667108696578)	(140, 27.677112118749193)	(160, 25.332156963397075)	(180, 23.623962299125917)	(200, 23.666341560793374)	(220, 24.237316593232663)	(240, 24.490117066632443)	(260, 24.754832385107868)	(280, 25.794366970383997)	(300, 26.31732258202507)	(320, 27.101549956509956)	(340, 30.173419030100813)	(360, 32.38814868383548)	(380, 33.25110859778183)	(400, 33.26948711472797)	(420, 33.286132408100585)	(440, 34.15286850683971)	(460, 34.34399180095931)	(480, 33.56910874073328)	(500, 32.579311787297215)	(520, 29.552177877529648)	(540, 25.35971488070753)	(560, 27.60555555555556)	(580, 26.827777777777772)	(600, 29.99236111111111)	(620, 30.14464285714285)	(640, 29.865476190476194)	(660, 26.5075)	(680, 27.5375)	(700, 26.541666666666664)	(720, 32.285714285714285)																												
R1.492.d139	(1, 0.0)	(2, 32.53703068256556)	(3, 33.60593062823482)	(4, 33.5509422092591)	(5, 33.20720025163707)	(6, 25.82965886019845)	(7, 16.409424952103173)	(8, 10.084126847959737)	(9, 12.710360012581853)	(10, 31.081589030911324)	(20, 34.09208987446741)	(40, 33.69565211174974)	(60, 33.72992193531783)	(80, 32.88031654799691)	(100, 31.04341954762517)	(120, 29.687214406222303)	(140, 28.52277672928998)	(160, 25.669002888107286)	(180, 22.575940779503018)	(200, 22.673672471476372)	(220, 23.2755061336536)	(240, 23.535312830631092)	(260, 23.260092648194217)	(280, 24.610779645992398)	(300, 25.241595893740527)	(320, 26.408105287238005)	(340, 29.385048325755626)	(360, 31.975353149752653)	(380, 33.46576234594377)	(400, 33.55136053894044)	(420, 33.323402582176406)	(440, 33.936637916538146)	(460, 34.531975937725974)	(480, 33.686068938680776)	(500, 32.65047447623847)	(520, 29.524773746000346)	(540, 25.633398565583924)	(560, 27.694736842105264)	(580, 29.48684210526316)	(600, 29.084210526315793)	(620, 29.55)	(640, 31.565789473684212)	(660, 32.16839003145118)	(680, 31.156653069153073)	(700, 29.848095238095244)	(720, 31.125)	(740, 32.166666666666664)																											
R1.492.d42	(1, 0.0)	(2, 32.42901889555088)	(3, 33.56472583380441)	(4, 33.51282098805475)	(5, 33.18707429408112)	(6, 25.6523644923037)	(7, 16.304460239646367)	(8, 10.206294192328722)	(9, 12.770667877563502)	(10, 30.945260358264836)	(20, 33.896672659370395)	(40, 33.435388614480715)	(60, 33.455527805836404)	(80, 32.53853015040451)	(100, 30.76367402162934)	(120, 29.223234391941354)	(140, 27.39055268791297)	(160, 24.917916485186595)	(180, 22.697305136735583)	(200, 22.75162915048791)	(220, 23.450181171172005)	(240, 23.64530993707661)	(260, 23.588367513367743)	(280, 24.845344225226814)	(300, 25.39420900944314)	(320, 26.56428796485928)	(340, 29.83596826956046)	(360, 32.423869374021216)	(380, 33.60628566457147)	(400, 33.639710529833465)	(420, 33.49020104866257)	(440, 34.159051135636425)	(460, 34.5461417812109)	(480, 33.692222249781736)	(500, 32.69717204188598)	(520, 30.408548277566297)	(540, 25.84873329568982)	(560, 28.2075)	(580, 29.7425)	(600, 29.5525)	(620, 30.304999999999996)	(640, 31.67441520467836)	(660, 32.62886029411764)	(680, 31.049461649461648)	(700, 29.620833333333337)	(720, 25.86842105263158)																												
R1.492.w	(1, 0.0)	(2, 32.502570710817814)	(3, 33.60857511031278)	(4, 33.546956148229135)	(5, 33.20651593840707)	(6, 25.84124070964635)	(7, 16.599776120374347)	(8, 10.110429926978796)	(9, 12.821599177372539)	(10, 31.189303239746444)	(20, 34.05189711950225)	(40, 33.60000715894152)	(60, 33.65518828016192)	(80, 32.99057622971092)	(100, 31.23730524425007)	(120, 29.62703541723613)	(140, 27.109475835318317)	(160, 24.75011714631574)	(180, 23.524907259166703)	(200, 23.32053574915069)	(220, 24.1681856638942)	(240, 24.292938029598968)	(260, 24.504299269787964)	(280, 25.548874744555953)	(300, 26.274909862418163)	(320, 27.194593697528216)	(340, 30.33264737657334)	(360, 32.73727595767113)	(380, 33.5907611026903)	(400, 33.62098206646664)	(420, 33.54970423070897)	(440, 34.28871784358971)	(460, 34.548877403993586)	(480, 33.622172850658956)	(500, 32.61434299559129)	(520, 30.670904836274236)	(540, 26.19061688311688)	(560, 25.18)	(580, 27.890000000000004)	(600, 28.406111111111112)	(620, 25.755555555555553)	(640, 29.36111111111112)	(660, 31.50555555555556)	(680, 29.385873015873017)	(700, 28.486842105263158)																													
R1.494.d139	(1, 0.0)	(2, 30.532615026208504)	(3, 33.08921811298777)	(4, 32.863752184041935)	(5, 32.44574475829936)	(6, 23.725047320908562)	(7, 16.298139924286545)	(8, 10.948711415259172)	(9, 12.948602213162493)	(10, 30.755516525917294)	(20, 33.67044354251602)	(40, 33.066509536983105)	(60, 33.14914640361094)	(80, 31.9118092967385)	(100, 30.275229324403035)	(120, 28.642218440594057)	(140, 27.257316540477575)	(160, 24.917108328479905)	(180, 21.98895875800815)	(200, 22.081207229178798)	(220, 22.487135082993596)	(240, 22.918174868957482)	(260, 22.844554455445547)	(280, 24.353409835468845)	(300, 25.126107491263834)	(320, 26.522383699767033)	(340, 30.34773860658125)	(360, 32.75699712434479)	(380, 33.96489971607455)	(400, 33.90894001164823)	(420, 33.667626737676144)	(440, 34.28020450600458)	(460, 34.781786263931075)	(480, 34.08074597924849)	(500, 33.07658264520843)	(520, 32.50692127108129)	(540, 30.265972222222224)	(560, 32.41875)	(580, 31.50625)	(600, 30.70625)	(620, 33.1375)	(640, 33.7875)	(660, 34.519642857142856)	(680, 33.72916666666667)	(700, 33.77272727272727)																													
R1.494.d42	(1, 0.0)	(2, 30.425132062133024)	(3, 33.08705300159064)	(4, 32.87294542741001)	(5, 32.40258822143236)	(6, 23.893977181234412)	(7, 16.44806865267168)	(8, 10.996268876539089)	(9, 13.03674174734403)	(10, 30.830707146083306)	(20, 33.66760304773874)	(40, 33.09694735188422)	(60, 33.03737407458319)	(80, 31.58991712978418)	(100, 29.86951573944976)	(120, 28.305623195805424)	(140, 26.788930345816233)	(160, 24.75006873122165)	(180, 22.325108497142747)	(200, 22.48569899652416)	(220, 23.06901301965713)	(240, 23.223455020324806)	(260, 23.18554680596194)	(280, 24.561294503466016)	(300, 25.125660310665126)	(320, 26.582027767413546)	(340, 30.513197376431076)	(360, 33.05396382773992)	(380, 34.17634818709756)	(400, 34.1517050524006)	(420, 33.93058719560095)	(440, 34.44200190733391)	(460, 34.76039606851178)	(480, 34.037492384228884)	(500, 33.246008209058814)	(520, 31.741698565924434)	(540, 27.984595959595957)	(560, 30.577777777777783)	(580, 31.44999999999999)	(600, 31.572222222222216)	(620, 31.30555555555555)	(640, 33.005555555555546)	(660, 34.465277777777786)	(680, 33.18916666666667)	(700, 32.825)	(720, 31.857142857142858)																												
R1.494.w	(1, 0.0)	(2, 31.08936419572224)	(3, 33.287338851450336)	(4, 33.02197480222678)	(5, 32.643147524172285)	(6, 23.93927629651333)	(7, 16.669224289481395)	(8, 10.812408438324056)	(9, 13.048198066217404)	(10, 31.101210445355996)	(20, 34.00811785818928)	(40, 33.53351615147964)	(60, 33.681180413126285)	(80, 32.75769392762965)	(100, 31.290527944623495)	(120, 29.43074915763258)	(140, 27.741127673600943)	(160, 25.27142176970407)	(180, 21.998112913858773)	(200, 22.369154702607677)	(220, 22.764521681804865)	(240, 22.89574696015236)	(260, 23.140500476120717)	(280, 24.402812774685025)	(300, 25.247912393788457)	(320, 26.49122289774392)	(340, 30.172014173747442)	(360, 32.48236796806329)	(380, 33.66343850717844)	(400, 33.590850361659946)	(420, 33.391981402158294)	(440, 34.142311815082756)	(460, 34.608328961264924)	(480, 33.853673566812446)	(500, 32.85603860481772)	(520, 31.60060987861697)	(540, 29.974763520792937)	(560, 31.35340909090909)	(580, 31.543131313131312)	(600, 32.23888888888889)	(620, 32.61666666666666)	(640, 33.31111111111111)	(660, 33.95363095238095)	(680, 33.42583333333333)	(700, 31.68421052631579)																													
R1.498.d139	(1, 0.0)	(2, 32.260201559615446)	(3, 33.51867805945908)	(4, 33.4198250728863)	(5, 32.80407961503929)	(6, 25.102262753841032)	(7, 16.727874343014516)	(8, 10.498078222885793)	(9, 12.904102817597627)	(10, 31.18168410221232)	(20, 34.02489483188233)	(40, 33.499190432475515)	(60, 33.61329910115307)	(80, 32.89621546097431)	(100, 31.22141747455285)	(120, 29.660559686059297)	(140, 28.096320376890247)	(160, 25.512152592129286)	(180, 22.58080139618873)	(200, 22.806768589788856)	(220, 23.249772514047635)	(240, 23.64433100971481)	(260, 23.53020922654776)	(280, 24.75152128078122)	(300, 25.52881404662706)	(320, 26.737081723445687)	(340, 29.74171567786778)	(360, 32.117579468762294)	(380, 33.42061446427311)	(400, 33.48828530378647)	(420, 33.27267725498122)	(440, 34.03298165602266)	(460, 34.582107667794965)	(480, 33.73425159198165)	(500, 32.591383443795976)	(520, 30.593969079014027)	(540, 27.99166031432336)	(560, 30.1625)	(580, 30.7575)	(600, 29.020000000000003)	(620, 30.602500000000003)	(640, 32.225)	(660, 32.72738356779959)	(680, 32.467238455988465)	(700, 34.0)																													
R1.498.d42	(1, 0.0)	(2, 32.34613364841801)	(3, 33.55927530523828)	(4, 33.47153735066299)	(5, 32.86254430878299)	(6, 25.236274123670736)	(7, 17.132335565183144)	(8, 10.549875278981226)	(9, 13.102560063016936)	(10, 31.381184193251933)	(20, 34.20336024681634)	(40, 33.92093737692005)	(60, 33.92149533937246)	(80, 33.368521071287915)	(100, 31.40476762504923)	(120, 30.18453853223054)	(140, 28.368046474990148)	(160, 25.899877904686882)	(180, 23.42724891689642)	(200, 23.417683471182883)	(220, 24.146520283576212)	(240, 24.288431797295523)	(260, 24.089142050676124)	(280, 25.145498884075096)	(300, 26.002197059209664)	(320, 27.040612445844822)	(340, 29.789551004332417)	(360, 32.24848784394263)	(380, 33.40636308634264)	(400, 33.583127280731766)	(420, 33.398934155542364)	(440, 34.05864329507986)	(460, 34.483670627933265)	(480, 33.57310087716799)	(500, 32.44156813754256)	(520, 29.1528135029277)	(540, 24.92679738562091)	(560, 28.070000000000004)	(580, 27.856666666666662)	(600, 28.513333333333332)	(620, 29.930000000000007)	(640, 31.790000000000003)	(660, 32.20585164835165)	(680, 30.620559163059163)	(700, 29.141666666666662)	(720, 30.85)	(740, 29.95)	(760, 31.0)	(780, 34.0)																									
R1.498.w	(1, 0.0)	(2, 32.335751354761015)	(3, 33.5612676931311)	(4, 33.48124360849079)	(5, 32.89262264529633)	(6, 25.106889927459356)	(7, 17.053712570844205)	(8, 10.408874998805326)	(9, 12.953847330141162)	(10, 31.432609838384415)	(20, 34.14925022220948)	(40, 33.84647236478672)	(60, 33.84367778191931)	(80, 33.39540767076679)	(100, 31.643187487455926)	(120, 30.053518077816317)	(140, 28.020726171020065)	(160, 25.61747235522933)	(180, 23.444504018885418)	(200, 23.568322963557648)	(220, 24.18406542993951)	(240, 24.38544838527779)	(260, 24.500284332559186)	(280, 25.390945800001912)	(300, 26.167495292982)	(320, 27.02923368791276)	(340, 29.761490380479977)	(360, 32.054891255911315)	(380, 33.17843313986775)	(400, 33.374549867968724)	(420, 33.211190684226395)	(440, 33.98650093521037)	(460, 34.43119830295006)	(480, 33.42883716215655)	(500, 32.1737188079813)	(520, 29.40935291103877)	(540, 26.042557362926924)	(560, 29.064393939393938)	(580, 29.210238095238104)	(600, 28.3425)	(620, 30.211184210526312)	(640, 31.094883040935674)	(660, 32.141744864612505)	(680, 31.137119408369408)	(700, 22.883333333333333)	(720, 19.428571428571427)																												
R1.502.d139	(1, 0.0)	(2, 31.01126225639965)	(3, 33.35981875099884)	(4, 33.371372434734376)	(5, 32.94806952892181)	(6, 24.194927284179258)	(7, 16.377445404378932)	(8, 10.74071427899937)	(9, 13.262388011995526)	(10, 31.306774275427035)	(20, 34.19473221588185)	(40, 33.81641017927482)	(60, 33.890520150790145)	(80, 33.25973696332716)	(100, 31.504200313989447)	(120, 30.12482114822371)	(140, 28.22943557105657)	(160, 25.673758378535904)	(180, 23.02020907561129)	(200, 23.12189512376261)	(220, 23.65313801434575)	(240, 23.87866563883692)	(260, 23.975964765495004)	(280, 25.099539356791663)	(300, 25.81465503464225)	(320, 26.816639090746712)	(340, 29.81569759243417)	(360, 32.252063975058874)	(380, 33.406237201433655)	(400, 33.47211899264491)	(420, 33.37998430541513)	(440, 34.07439809041221)	(460, 34.41779215594098)	(480, 33.5632404405854)	(500, 32.51526099135181)	(520, 29.937594677446647)	(540, 25.060183982683988)	(560, 25.81894736842105)	(580, 27.046345029239767)	(600, 28.31388888888889)	(620, 28.475)	(640, 29.600000000000005)	(660, 29.11318721719457)	(680, 29.730919913419918)	(700, 31.35333333333333)	(720, 31.0)																												
R1.502.d42	(1, 0.0)	(2, 31.114491649575154)	(3, 33.388959859361265)	(4, 33.40126574860826)	(5, 32.952464107823026)	(6, 24.41990038089657)	(7, 16.708596542631117)	(8, 10.716378552593026)	(9, 13.389616173454439)	(10, 31.358443598007618)	(20, 34.15360328157046)	(40, 33.854685613829474)	(60, 33.857677116905954)	(80, 33.25911104600058)	(100, 31.600164078523296)	(120, 30.257675358921766)	(140, 28.853224728977438)	(160, 26.521796659830056)	(180, 23.422191034280694)	(200, 23.362097275124523)	(220, 23.786536771169057)	(240, 24.386650454145915)	(260, 24.298624084383242)	(280, 25.430356870788156)	(300, 26.192880164078524)	(320, 27.283183123351893)	(340, 29.946703193671254)	(360, 32.321691766774094)	(380, 33.48735071784354)	(400, 33.73776363790558)	(420, 33.50166078691061)	(440, 34.087118973439516)	(460, 34.65154835957454)	(480, 33.90019851100252)	(500, 32.61805068392847)	(520, 29.813652523687484)	(540, 27.5699604743083)	(560, 30.297727272727276)	(580, 31.42272727272727)	(600, 30.872727272727275)	(620, 31.49545454545455)	(640, 32.740367965367966)	(660, 33.044194677871154)	(680, 33.18370754245754)	(700, 33.016666666666666)	(720, 30.75)																												
R1.502.w	(1, 0.0)	(2, 31.127928639981935)	(3, 33.376032669037805)	(4, 33.39162385441954)	(5, 32.97134872692373)	(6, 24.324074596812135)	(7, 16.662479534804945)	(8, 10.626912437193022)	(9, 13.30411750315211)	(10, 31.498339261182934)	(20, 34.422429383315446)	(40, 33.830240501326706)	(60, 33.723885470181976)	(80, 33.399749242552545)	(100, 31.603376051487608)	(120, 30.538642992905398)	(140, 28.792405766009892)	(160, 25.40862031652835)	(180, 23.963826944428767)	(200, 23.47357684563127)	(220, 24.772879617606655)	(240, 25.203310656956283)	(260, 24.997199796759443)	(280, 26.031585558629256)	(300, 27.14241893900902)	(320, 27.954149024257134)	(340, 30.273937691714185)	(360, 32.658170082237156)	(380, 33.62523584598221)	(400, 33.54334133078321)	(420, 33.21110960334605)	(440, 34.02706681829307)	(460, 34.45832578678229)	(480, 33.08026776055486)	(500, 31.80908126138931)	(520, 29.9984353873195)	(540, 28.556666666666665)	(560, 30.143333333333334)	(580, 30.35333333333333)	(600, 31.583333333333336)	(620, 30.97333333333333)	(640, 32.879999999999995)	(660, 33.07551282051282)	(680, 32.078630952380955)	(700, 32.87083333333334)	(720, 32.785714285714285)																												
R1.506.d139	(1, 0.0)	(2, 31.523262134358706)	(3, 33.28041390695146)	(4, 32.67618223179595)	(5, 32.62190727356914)	(6, 21.583375274293882)	(7, 15.996980250840497)	(8, 10.587401606506553)	(9, 12.32277092182876)	(10, 30.724653232138184)	(20, 33.862241056509575)	(40, 33.59243754152155)	(60, 33.62707205121494)	(80, 32.6248827330743)	(100, 31.026853622692407)	(120, 29.79397459384374)	(140, 26.66480482354599)	(160, 23.713705634851934)	(180, 22.082356612244077)	(200, 22.152398687415698)	(220, 22.71790006643448)	(240, 22.56716123447346)	(260, 23.10412598393493)	(280, 23.96778430938337)	(300, 24.920710446318928)	(320, 25.554589012139388)	(340, 29.073399029653945)	(360, 31.873211348887857)	(380, 32.70948901508681)	(400, 32.72193609738268)	(420, 32.85930660975659)	(440, 33.77745954823345)	(460, 34.04845146672187)	(480, 33.371874016872525)	(500, 32.248591970024975)	(520, 27.686934505878035)	(540, 24.499305555555555)	(560, 26.9)	(580, 30.2875)	(600, 30.2)	(620, 30.6375)	(640, 31.43125)	(660, 33.84077380952381)	(680, 33.68416666666667)	(700, 31.595238095238095)																													
R1.506.d42	(1, 0.0)	(2, 31.532580986134427)	(3, 33.28968476030591)	(4, 32.744637194553256)	(5, 32.64667661505938)	(6, 21.806690294099358)	(7, 16.072063669713362)	(8, 10.532860784679475)	(9, 12.391282720885407)	(10, 30.805869551700557)	(20, 34.00590064042778)	(40, 33.63189547969906)	(60, 33.68380121867811)	(80, 32.488506497543995)	(100, 31.03354162780576)	(120, 29.758866505005283)	(140, 27.98116800348194)	(160, 24.832879437915814)	(180, 21.981657650935773)	(200, 22.357229683516756)	(220, 22.714910153578316)	(240, 22.79843157371137)	(260, 22.692209164956786)	(280, 24.084213144313875)	(300, 24.73136697133619)	(320, 25.665461978486597)	(340, 28.7619489523099)	(360, 31.603422868867746)	(380, 33.033813654169)	(400, 32.985828203693345)	(420, 32.89595380215135)	(440, 33.586138499280615)	(460, 34.14708470936804)	(480, 33.4299013402002)	(500, 32.420490600967995)	(520, 30.269960312439963)	(540, 27.84166666666666)	(560, 25.941666666666663)	(580, 29.241666666666664)	(600, 30.19166666666667)	(620, 31.716666666666658)	(640, 33.55833333333333)	(660, 33.95666666666667)	(680, 33.28666666666667)	(700, 35.15)																													
R1.506.w	(1, 0.0)	(2, 31.63738484269077)	(3, 33.33254389014427)	(4, 32.767621241091604)	(5, 32.67154093516426)	(6, 21.656744307317922)	(7, 16.039196940726576)	(8, 10.45632713366939)	(9, 12.273183556405353)	(10, 30.854799669737524)	(20, 34.125768077524775)	(40, 33.71610572744654)	(60, 33.76027724665392)	(80, 32.83178884929602)	(100, 31.346502911524425)	(120, 29.96063684164784)	(140, 28.10530810012167)	(160, 24.03362810707457)	(180, 21.809032244046584)	(200, 22.014214322961937)	(220, 22.59140557100643)	(240, 22.914877020684862)	(260, 22.923491004693197)	(280, 23.962772683817143)	(300, 24.925375890839568)	(320, 25.818820615331134)	(340, 28.545617503911)	(360, 31.281970276377535)	(380, 32.705500391100294)	(400, 32.60112274864942)	(420, 32.50768499729383)	(440, 33.44710839127535)	(460, 34.236148744981925)	(480, 33.26952507577683)	(500, 31.69841655817089)	(520, 27.20180101023085)	(540, 24.19736842105263)	(560, 25.365789473684217)	(580, 26.89736842105263)	(600, 27.565789473684212)	(620, 30.03684210526317)	(640, 29.831578947368428)	(660, 30.605513385178636)	(680, 31.308081085581087)	(700, 31.883333333333336)	(720, 30.941176470588236)																												
R1.508.d139	(1, 0.0)	(2, 31.19478612080044)	(3, 33.38264182118598)	(4, 33.290985863778225)	(5, 33.13797503212778)	(6, 25.266054709014135)	(7, 16.27470167064439)	(8, 10.454066458601066)	(9, 13.355608591885442)	(10, 31.274170185423174)	(20, 34.302875436019825)	(40, 33.99488020928952)	(60, 34.035743528547826)	(80, 33.45775794015054)	(100, 31.6763374334496)	(120, 30.41109418028272)	(140, 28.890083073251333)	(160, 26.056708738755276)	(180, 22.99663117312282)	(200, 23.18948687350835)	(220, 23.788314668624928)	(240, 24.085744446484306)	(260, 23.940390123003485)	(280, 25.079108224710854)	(300, 25.90336010648063)	(320, 26.909406554066457)	(340, 29.587949788874617)	(360, 32.05702175509455)	(380, 33.372403726158424)	(400, 33.50220742897041)	(420, 33.27602304463539)	(440, 33.94453689798281)	(460, 34.460016375801516)	(480, 33.50683782217164)	(500, 32.448520636182096)	(520, 30.197743819986187)	(540, 26.297619047619047)	(560, 29.46666666666667)	(580, 27.97142857142857)	(600, 28.660000000000004)	(620, 30.652499999999996)	(640, 32.045)	(660, 32.894252635264635)	(680, 32.758935786435785)	(700, 33.45238095238095)																													
R1.508.d42	(1, 0.0)	(2, 31.11976253298153)	(3, 33.36736147757256)	(4, 33.26968337730871)	(5, 33.08208443271768)	(6, 25.335211081794196)	(7, 16.22212401055409)	(8, 10.555672823218998)	(9, 13.487915567282322)	(10, 31.221488126649074)	(20, 34.26334234828498)	(40, 33.985736807387866)	(60, 33.94269656992084)	(80, 33.4131259894459)	(100, 31.549333773087074)	(120, 30.38905540897098)	(140, 28.041166226912928)	(160, 25.67652110817942)	(180, 23.47104089709763)	(200, 23.547155013192615)	(220, 24.176742084432718)	(240, 24.262795514511875)	(260, 24.432741424802106)	(280, 25.405095646437996)	(300, 26.309939973614775)	(320, 27.26622559366755)	(340, 30.176425461741424)	(360, 32.52420184696571)	(380, 33.459187395224696)	(400, 33.646958207122715)	(420, 33.53377406335807)	(440, 34.22835555071332)	(460, 34.48712781693317)	(480, 33.633262832443016)	(500, 32.40780684624205)	(520, 30.148500938270264)	(540, 27.6370814479638)	(560, 30.58076923076923)	(580, 30.88076923076924)	(600, 29.46923076923077)	(620, 31.20769230769231)	(640, 32.426923076923075)	(660, 32.97885780885781)	(680, 31.798551587301585)	(700, 12.0)																													
R1.508.w	(1, 0.0)	(2, 31.164162467197695)	(3, 33.37308701609345)	(4, 33.30107289658856)	(5, 33.14392373609531)	(6, 25.107034207287338)	(7, 16.3160748705325)	(8, 10.471772601658113)	(9, 13.38523257704187)	(10, 31.26775852859896)	(20, 34.2847553470658)	(40, 34.07256566266459)	(60, 34.024300411044806)	(80, 33.60619876454332)	(100, 31.69509532988087)	(120, 30.61105292492046)	(140, 27.364951464201944)	(160, 25.13513329927313)	(180, 24.266428438726457)	(200, 24.069621002763526)	(220, 24.939950303058453)	(240, 24.96797682357586)	(260, 25.255211792573327)	(280, 26.007159610784704)	(300, 26.887904368221825)	(320, 27.65534706579039)	(340, 30.64532001114697)	(360, 32.8272009474931)	(380, 33.3868639836511)	(400, 33.48099762823493)	(420, 33.62507835155467)	(440, 34.3960929269196)	(460, 34.20328847137646)	(480, 33.0938101542439)	(500, 32.01497979108653)	(520, 29.843465714909136)	(540, 26.514285714285716)	(560, 30.266666666666662)	(580, 30.600000000000005)	(600, 30.125)	(620, 29.39166666666667)	(640, 31.5)	(660, 33.93333333333334)	(680, 32.271929824561404)																														
R1.512.d139	(1, 0.0)	(2, 32.11711302265774)	(3, 33.59003236819935)	(4, 33.09745931805082)	(5, 32.9817097503658)	(6, 23.39203210215936)	(7, 16.54145789917084)	(8, 10.624972287500555)	(9, 12.696647896067041)	(10, 31.240538952689224)	(20, 34.19370316587593)	(40, 33.66808185163836)	(60, 33.91460282445794)	(80, 33.33141599787168)	(100, 31.78731266350375)	(120, 30.315673635436525)	(140, 28.754332017913363)	(160, 25.997671595796568)	(180, 22.879297100164056)	(200, 23.095450161840997)	(220, 23.466188533676227)	(240, 23.976504788719907)	(260, 23.88825156298497)	(280, 25.09061211368776)	(300, 25.889585088458297)	(320, 26.936173679776527)	(340, 29.6568799051124)	(360, 31.982751740344973)	(380, 33.36233206225336)	(400, 33.391082288424286)	(420, 33.18009566940317)	(440, 33.97290700752532)	(460, 34.53962124349995)	(480, 33.71712420200079)	(500, 32.56476651380872)	(520, 30.173263593941595)	(540, 27.94558823529412)	(560, 30.58529411764706)	(580, 31.44411764705881)	(600, 30.894117647058817)	(620, 31.420588235294122)	(640, 33.45)	(660, 33.785082282913166)	(680, 31.76862248862249)	(700, 31.95)	(720, 32.0)																												
R1.512.d42	(1, 0.0)	(2, 32.09846231957641)	(3, 33.578963274582335)	(4, 33.09135417422209)	(5, 32.95096830347429)	(6, 23.676228814583787)	(7, 16.67423418195885)	(8, 10.714791711999226)	(9, 12.899748555402432)	(10, 31.34127801552187)	(20, 34.32536386934552)	(40, 33.92552041778487)	(60, 34.07813822199657)	(80, 33.32516803268779)	(100, 31.589258601097658)	(120, 30.4361143347598)	(140, 29.68944597567758)	(160, 26.78212809168057)	(180, 23.385503856289745)	(200, 23.53763448659365)	(220, 24.1745672251638)	(240, 24.464238050337276)	(260, 24.005122579241316)	(280, 25.209400159570613)	(300, 25.8771934914533)	(320, 27.06575094896158)	(340, 29.502514445975674)	(360, 32.08322393075603)	(380, 33.631273530600325)	(400, 33.775075360788406)	(420, 33.4736083973941)	(440, 33.91760146305206)	(460, 34.49340440420545)	(480, 33.57533467978324)	(500, 32.57811795650838)	(520, 30.813875273963163)	(540, 27.41112470862471)	(560, 28.70909090909091)	(580, 28.95909090909091)	(600, 29.227272727272727)	(620, 29.99545454545454)	(640, 31.749999999999993)	(660, 31.388623737373734)	(680, 32.372083333333336)	(700, 33.19230769230769)																													
R1.512.w	(1, 0.0)	(2, 32.14303800279857)	(3, 33.591953001799084)	(4, 33.128689780778714)	(5, 33.02271061457477)	(6, 23.267330031317325)	(7, 16.394920374031052)	(8, 10.384514581436155)	(9, 12.554772005419453)	(10, 31.30103280545499)	(20, 34.22485396352975)	(40, 33.962312595784375)	(60, 33.982121915465434)	(80, 33.44997501277125)	(100, 31.728675898984967)	(120, 30.3292728161162)	(140, 27.274660728960747)	(160, 24.843319525575822)	(180, 23.66771427936832)	(200, 23.736790085067632)	(220, 24.41607067498834)	(240, 24.51173011571863)	(260, 24.865427115030094)	(280, 25.830622681740447)	(300, 26.539939586433597)	(320, 27.179435510738955)	(340, 30.125199897829997)	(360, 32.44895608911001)	(380, 33.244029595665225)	(400, 33.36417838189779)	(420, 33.44366848140747)	(440, 34.25671358451173)	(460, 34.231956513604146)	(480, 33.24191611880593)	(500, 32.00627592852539)	(520, 29.29988829765616)	(540, 28.226414141414143)	(560, 30.627777777777784)	(580, 29.35)	(600, 30.03888888888889)	(620, 32.19444444444444)	(640, 31.656349206349216)	(660, 31.571428571428566)	(680, 29.81666666666667)	(700, 27.4)	(720, 29.35)	(740, 34.0)																											
R1.521.d139	(1, 0.0)	(2, 31.61632074599735)	(3, 33.34080289197211)	(4, 32.74572006613743)	(5, 32.87849814630339)	(6, 24.260770439444197)	(7, 17.081346985303934)	(8, 10.49303194930833)	(9, 12.982089490926644)	(10, 31.25986567118195)	(20, 34.18582153163608)	(40, 33.845542912306286)	(60, 33.89555780349789)	(80, 33.33059523687264)	(100, 31.58474731188317)	(120, 30.36739239830343)	(140, 28.567304078132544)	(160, 25.972133959105708)	(180, 23.357287441077098)	(200, 23.31911926304006)	(220, 23.954605999609747)	(240, 24.33905137974592)	(260, 24.29635371201463)	(280, 25.35648999209226)	(300, 26.15943690756165)	(320, 27.14698684440245)	(340, 29.88868012693457)	(360, 32.30320725457776)	(380, 33.390553152383596)	(400, 33.46971703271316)	(420, 33.322962960691875)	(440, 34.036894535887605)	(460, 34.424206600390214)	(480, 33.56090651416643)	(500, 32.40824819968162)	(520, 30.24026402446532)	(540, 26.28616883116883)	(560, 30.809999999999995)	(580, 31.567500000000006)	(600, 30.332679738562092)	(620, 29.955882352941178)	(640, 31.508823529411767)	(660, 33.34969834087481)	(680, 30.37782661782662)	(700, 31.2)																													
R1.521.d42	(1, 0.0)	(2, 31.615603509603982)	(3, 33.368666508576396)	(4, 32.78012805311833)	(5, 32.875978183542806)	(6, 24.41048138487076)	(7, 17.083250335941823)	(8, 10.524274760888467)	(9, 13.064548257054778)	(10, 31.30123468500514)	(20, 34.258105288119516)	(40, 33.84589281479725)	(60, 33.94455299976286)	(80, 33.1802418781124)	(100, 31.55387479250652)	(120, 30.221071061576158)	(140, 28.5658770057703)	(160, 25.93159434036835)	(180, 23.239854556952018)	(200, 23.639549442731802)	(220, 24.119260927989885)	(240, 24.251176191605406)	(260, 24.269761283692993)	(280, 25.556628725001982)	(300, 26.17156746502253)	(320, 27.255248596948853)	(340, 30.061910520907436)	(360, 32.595992411667055)	(380, 33.720513793376014)	(400, 33.87496561536638)	(420, 33.73276183700894)	(440, 34.21600296220854)	(460, 34.51227779982178)	(480, 33.59691838172786)	(500, 32.57924382240565)	(520, 30.06459231881336)	(540, 26.791025641025634)	(560, 28.92727272727273)	(580, 29.481818181818188)	(600, 30.46818181818182)	(620, 29.8)	(640, 31.909090909090907)	(660, 33.50829184704185)	(680, 32.55416666666666)	(700, 33.958333333333336)																													
R1.521.w	(1, 0.0)	(2, 31.784448928009223)	(3, 33.41000598629803)	(4, 32.85275923996186)	(5, 32.94064696361661)	(6, 24.3282708467286)	(7, 17.18816930137685)	(8, 10.377336319091857)	(9, 13.018624038312307)	(10, 31.438922022925304)	(20, 34.36467751590804)	(40, 33.99913974680177)	(60, 34.075792075915125)	(80, 33.60119504245837)	(100, 31.908986098485684)	(120, 30.607161386160566)	(140, 28.683763829457025)	(160, 25.871879919295832)	(180, 23.51581158681241)	(200, 23.66315710706605)	(220, 24.416750548743988)	(240, 24.59173447442521)	(260, 24.50304636055251)	(280, 25.666795445979204)	(300, 26.350847504600587)	(320, 27.0100575349755)	(340, 29.488006490617398)	(360, 31.98925525330849)	(380, 33.25546072355587)	(400, 33.315423444055824)	(420, 33.17689514849079)	(440, 34.01141579739378)	(460, 34.42981431372433)	(480, 33.30070545436814)	(500, 32.00275871870521)	(520, 29.3977066294599)	(540, 24.28798374613003)	(560, 26.91875)	(580, 28.396875)	(600, 30.117708333333336)	(620, 27.81142857142857)	(640, 31.367857142857144)	(660, 31.793452380952385)	(680, 30.617676767676766)	(700, 31.14166666666666)	(720, 29.90625)																												
R1.526.d139	(1, 0.0)	(2, 32.5240092241133)	(3, 33.59897555201829)	(4, 33.53991673809232)	(5, 33.21735847516428)	(6, 25.65541202399902)	(7, 16.502601934614912)	(8, 10.140994245132852)	(9, 12.781835435288356)	(10, 31.098558222113382)	(20, 34.066714113709644)	(40, 33.69177737643361)	(60, 33.70508907799682)	(80, 33.02634535325088)	(100, 31.2119882861924)	(120, 29.73059773070487)	(140, 27.890082547651122)	(160, 25.326661156687482)	(180, 22.879430941594215)	(200, 23.09873372515407)	(220, 23.64633637402555)	(240, 23.89747204195747)	(260, 23.87019407371128)	(280, 24.947003693726785)	(300, 25.699399514305536)	(320, 26.754042181951753)	(340, 29.724804089628996)	(360, 32.28007224194931)	(380, 33.46673954112567)	(400, 33.53600577387457)	(420, 33.37948400292237)	(440, 34.07940702577324)	(460, 34.53099343891979)	(480, 33.616879532293254)	(500, 32.45160358194711)	(520, 30.423977371756393)	(540, 25.55219582704877)	(560, 25.813636363636363)	(580, 28.96818181818181)	(600, 28.58954545454546)	(620, 28.03222222222222)	(640, 28.338888888888892)	(660, 31.52986111111111)	(680, 29.257142857142856)	(700, 28.104166666666675)	(720, 24.275)	(740, 24.714285714285715)																											
R1.526.d42	(1, 0.0)	(2, 32.46121477451439)	(3, 33.58060951247503)	(4, 33.53506609427466)	(5, 33.184692055935734)	(6, 25.830960173417775)	(7, 16.57353253708505)	(8, 10.184065116674459)	(9, 12.897798274323119)	(10, 31.16113720406342)	(20, 34.06697198962893)	(40, 33.63504006035618)	(60, 33.67763580141965)	(80, 32.80375260339185)	(100, 31.03275279466145)	(120, 29.618975007438262)	(140, 28.150380945296895)	(160, 25.63519307604029)	(180, 22.98489023249883)	(200, 23.201142835890682)	(220, 23.785304649976617)	(240, 23.98882294810218)	(260, 23.864980660517702)	(280, 25.085135163854297)	(300, 25.667929400263528)	(320, 26.974650932970626)	(340, 29.94344742211077)	(360, 32.456168444765595)	(380, 33.67771230926171)	(400, 33.76519924970491)	(420, 33.590577466426154)	(440, 34.15167680920648)	(460, 34.565672549688784)	(480, 33.696313783625556)	(500, 32.5704131170012)	(520, 28.891002342845233)	(540, 25.9631047008547)	(560, 29.066666666666663)	(580, 31.147916666666667)	(600, 30.96666666666667)	(620, 30.29375)	(640, 32.33333333333334)	(660, 33.226488095238096)	(680, 32.82009484495552)	(700, 30.90773809523809)	(720, 32.8)																												
R1.526.w	(1, 0.0)	(2, 32.55467076782866)	(3, 33.61285030758715)	(4, 33.55056960583276)	(5, 33.24220779220779)	(6, 25.58032581453634)	(7, 16.45293916609706)	(8, 9.96449077238551)	(9, 12.7365003417635)	(10, 31.213327637275007)	(20, 34.26056903622694)	(40, 33.76943609022557)	(60, 33.85225165185692)	(80, 33.133336750968326)	(100, 31.4040994531784)	(120, 30.183051378446116)	(140, 28.763249031670085)	(160, 25.435798017771706)	(180, 22.587823536113007)	(200, 22.762667464114827)	(220, 23.37226133515607)	(240, 23.856822169059008)	(260, 23.53234905445432)	(280, 24.748954203691042)	(300, 25.52590738209159)	(320, 26.37944520391889)	(340, 28.899127933470034)	(360, 31.53878103781104)	(380, 33.20962619763021)	(400, 33.13596563712809)	(420, 32.9641695712798)	(440, 33.78573046367275)	(460, 34.48029006517959)	(480, 33.43164602277175)	(500, 32.03023513885398)	(520, 29.69593885075678)	(540, 25.969805177278865)	(560, 29.334210526315793)	(580, 29.80789473684211)	(600, 29.960526315789473)	(620, 30.050000000000004)	(640, 31.989473684210527)	(660, 33.00340105779154)	(680, 32.41054653679653)	(700, 28.255555555555556)																													
R1.527.d139	(1, 0.0)	(2, 29.990995719938624)	(3, 32.94213841556973)	(4, 32.7403900508762)	(5, 32.20400952919325)	(6, 23.648651376887667)	(7, 16.056529112492935)	(8, 10.981062747314867)	(9, 12.8944116934507)	(10, 30.50917386739885)	(20, 33.30516231930873)	(40, 32.65577404506177)	(60, 32.534711903415975)	(80, 31.199428652184444)	(100, 29.28784926915933)	(120, 27.497118024711295)	(140, 25.57721573932003)	(160, 23.740901841233946)	(180, 22.07905192602762)	(200, 22.058253250423967)	(220, 22.907630420738105)	(240, 22.982248849228778)	(260, 23.337770532181217)	(280, 24.57235221674877)	(300, 25.032739441169344)	(320, 26.262860373092145)	(340, 30.725983202777996)	(360, 33.41647377933972)	(380, 34.24343154829669)	(400, 34.12498224137145)	(420, 34.07582328830739)	(440, 34.6775774669377)	(460, 34.85044209877502)	(480, 34.08915072887246)	(500, 32.97070319147671)	(520, 30.914704594019874)	(540, 28.221429308565536)	(560, 29.97941176470588)	(580, 30.797058823529408)	(600, 32.25588235294117)	(620, 31.294117647058822)	(640, 32.74411764705882)	(660, 32.00372373949579)	(680, 32.91134559884559)	(700, 33.96666666666667)	(720, 32.82142857142857)																												
R1.527.d42	(1, 0.0)	(2, 31.051258617606738)	(3, 33.27568394492679)	(4, 33.056483817773625)	(5, 32.59996423817376)	(6, 24.18997476804482)	(7, 16.770051457294418)	(8, 10.70579937615481)	(9, 13.041185703216577)	(10, 31.133622076967395)	(20, 34.03611348419526)	(40, 33.5817823296843)	(60, 33.66851171199809)	(80, 32.71461665309042)	(100, 30.948090715832553)	(120, 29.358847078457472)	(140, 27.942504917251107)	(160, 25.398021178948206)	(180, 22.297238392307232)	(200, 22.41470208411976)	(220, 22.920806429181646)	(240, 23.08760952059285)	(260, 23.094516519976956)	(280, 24.412025907456343)	(300, 25.17643991019808)	(320, 26.309438141974447)	(340, 29.761378221047817)	(360, 32.36969085887986)	(380, 33.70607930010733)	(400, 33.79071366128904)	(420, 33.603431666615606)	(440, 34.105963346694374)	(460, 34.49304617226986)	(480, 33.71058253404375)	(500, 32.75068258255984)	(520, 30.295966529194647)	(540, 26.161862789987786)	(560, 27.916666666666668)	(580, 28.72083333333333)	(600, 29.350000000000005)	(620, 28.954166666666662)	(640, 29.95416666666667)	(660, 30.734696969696962)	(680, 31.74236111111111)	(700, 33.0)	(720, 34.0)																												
R1.527.w	(1, 0.0)	(2, 30.099173070741898)	(3, 32.992607310872806)	(4, 32.775677176168074)	(5, 32.2165794933232)	(6, 23.544838266662772)	(7, 16.12214008123192)	(8, 10.850013149051808)	(9, 12.797066300441223)	(10, 30.4742600005844)	(20, 33.37437103702189)	(40, 32.76567805277152)	(60, 32.69222014434737)	(80, 31.228200333109317)	(100, 29.66646407386845)	(120, 27.253823452064402)	(140, 25.866057914268186)	(160, 24.15708587791836)	(180, 22.12695263419338)	(200, 22.110897641936706)	(220, 22.909910002045404)	(240, 23.06509803348625)	(260, 23.213581509511144)	(280, 24.424771352599134)	(300, 24.89675364520936)	(320, 26.247235777108962)	(340, 30.71784547688286)	(360, 33.312021237157936)	(380, 34.33420800364825)	(400, 34.156687516441124)	(420, 33.966397275889285)	(440, 34.51934531135804)	(460, 34.92165860984465)	(480, 34.27288949138608)	(500, 33.49226943133221)	(520, 32.56178840425984)	(540, 28.905833333333334)	(560, 29.933333333333326)	(580, 28.8)	(600, 29.849999999999994)	(620, 30.166666666666668)	(640, 29.583333333333332)	(660, 32.36666666666667)	(680, 35.1)	(700, 30.533333333333335)																													
R1.530.d139	(1, 0.0)	(2, 32.27619819205185)	(3, 33.527409176189664)	(4, 33.447526863380524)	(5, 32.815700153505034)	(6, 25.219895957700835)	(7, 16.857649667405767)	(8, 10.479745863892205)	(9, 12.947782705099778)	(10, 31.258826539314345)	(20, 34.11773707999318)	(40, 33.704942009210306)	(60, 33.69582977997612)	(80, 33.081170902268454)	(100, 31.285993518676452)	(120, 29.86786372164421)	(140, 28.330363721644215)	(160, 25.822015179942007)	(180, 22.98163184376599)	(200, 23.114310506566603)	(220, 23.69470620842572)	(240, 24.010428108476894)	(260, 23.858281170049462)	(280, 25.03831229745864)	(300, 25.737285519358686)	(320, 26.868455142418554)	(340, 29.754287480811875)	(360, 32.19775540110354)	(380, 33.473762700447004)	(400, 33.595997215374254)	(420, 33.367910115428636)	(440, 34.04550425303428)	(460, 34.50921705937738)	(480, 33.5094800914135)	(500, 32.24586367437287)	(520, 30.21371495197287)	(540, 27.055073110098352)	(560, 29.573529411764707)	(580, 31.338235294117634)	(600, 29.958823529411763)	(620, 29.29411764705883)	(640, 32.56764705882353)	(660, 33.30162176059234)	(680, 31.900000000000006)	(700, 32.97222222222222)																													
R1.530.d42	(1, 0.0)	(2, 32.249050347331526)	(3, 33.524816890176076)	(4, 33.45579130726773)	(5, 32.86169699259166)	(6, 25.21456903607631)	(7, 16.485718483074148)	(8, 10.438959894226532)	(9, 12.884173854645429)	(10, 31.078700497387143)	(20, 34.01384394216038)	(40, 33.57319565992991)	(60, 33.59784465571156)	(80, 32.78516967827237)	(100, 31.00624042477282)	(120, 29.421636340741667)	(140, 27.976777057230997)	(160, 25.004315935276715)	(180, 21.98292828810678)	(200, 22.150421834666)	(220, 22.572211379042585)	(240, 22.7927469621608)	(260, 22.55982706877375)	(280, 23.811929946063927)	(300, 24.440951541480405)	(320, 25.466538647190912)	(340, 28.604471237591554)	(360, 31.356832252513176)	(380, 32.917699217192386)	(400, 33.068750655837476)	(420, 32.926897731327)	(440, 33.618051871358226)	(460, 34.263193606458664)	(480, 33.44156293754317)	(500, 32.08774264203295)	(520, 28.893976083488337)	(540, 25.38312865497076)	(560, 28.444444444444446)	(580, 29.525)	(600, 29.63611111111112)	(620, 29.469444444444445)	(640, 31.32990196078431)	(660, 32.66016429648783)	(680, 34.44871794871795)	(700, 33.1175)	(720, 36.2)																												
R1.530.w	(1, 0.0)	(2, 32.287487256309426)	(3, 33.542007365333)	(4, 33.45898092087469)	(5, 32.86558267274203)	(6, 25.175415600357862)	(7, 17.02024426273849)	(8, 10.299013794394856)	(9, 12.855231675093107)	(10, 31.388974887127308)	(20, 34.17281900838484)	(40, 33.93247664523646)	(60, 33.8195857520338)	(80, 33.39768220876766)	(100, 31.651535484676362)	(120, 29.74840105694609)	(140, 27.06311455797599)	(160, 25.009814202192956)	(180, 23.68336922372719)	(200, 23.65377525331336)	(220, 24.44094937894014)	(240, 24.53976291534028)	(260, 24.932712793625036)	(280, 25.92960437342655)	(300, 26.565950419241414)	(320, 27.488744980546368)	(340, 30.67239040426108)	(360, 32.884486347522284)	(380, 33.58047259725955)	(400, 33.67284024447984)	(420, 33.73219405486448)	(440, 34.44476752081862)	(460, 34.473432558244625)	(480, 33.64499847152911)	(500, 32.74064447514273)	(520, 31.003945635017736)	(540, 29.46571907040328)	(560, 29.217337461300303)	(580, 30.0764705882353)	(600, 29.41176470588236)	(620, 30.747058823529414)	(640, 31.55473039215686)	(660, 31.518419913419912)	(680, 31.40126984126984)	(700, 23.451666666666664)	(720, 17.5)	(740, 25.05)	(760, 27.05)	(780, 23.8125)																									
R1.592.d139	(1, 0.0)	(2, 30.796894855169267)	(3, 33.302018507054186)	(4, 33.355438076309014)	(5, 32.952917793489945)	(6, 24.31319442181747)	(7, 16.27855071519338)	(8, 10.74043693590955)	(9, 13.186634518262682)	(10, 31.18582483464208)	(20, 34.127906389495294)	(40, 33.684231126388845)	(60, 33.78359901925646)	(80, 32.90221685510411)	(100, 31.133356684370007)	(120, 29.820798035254633)	(140, 28.295365498028747)	(160, 25.48092763350819)	(180, 22.55667215144505)	(200, 22.690170978462742)	(220, 23.179830406308035)	(240, 23.40919813626144)	(260, 23.176574158548107)	(280, 24.537122446319763)	(300, 25.132903375582423)	(320, 26.174616744322442)	(340, 29.29603629728585)	(360, 31.92869937440944)	(380, 33.371830096771035)	(400, 33.453868590572085)	(420, 33.30378929897183)	(440, 33.92587411558899)	(460, 34.33912183536351)	(480, 33.414067123705316)	(500, 32.21431719105204)	(520, 30.19221389915095)	(540, 25.902579274272643)	(560, 29.229532163742693)	(580, 30.477777777777778)	(600, 30.350000000000005)	(620, 29.577777777777776)	(640, 31.247222222222224)	(660, 32.13643382352941)	(680, 33.13642302142302)	(700, 30.820119047619045)	(720, 32.5)																												
R1.592.d42	(1, 0.0)	(2, 31.20257939098519)	(3, 33.40961251106179)	(4, 33.405623014318664)	(5, 32.95311253282268)	(6, 24.43584163874019)	(7, 16.66215490853172)	(8, 10.692663678170925)	(9, 13.390564477521)	(10, 31.427745136440784)	(20, 34.35708534621578)	(40, 33.985975830903364)	(60, 34.12041461751607)	(80, 33.45141300721011)	(100, 31.739405347376362)	(120, 30.547149323236276)	(140, 29.415542353948155)	(160, 26.438014826420623)	(180, 23.11940201070636)	(200, 23.246703224964094)	(220, 23.931453917685804)	(240, 24.102229040634843)	(260, 23.659285372328846)	(280, 24.908686947817387)	(300, 25.50042143592868)	(320, 26.481054242648447)	(340, 29.027771974873428)	(360, 31.763741973281242)	(380, 33.29510590454083)	(400, 33.401760636890565)	(420, 33.23052416254407)	(440, 33.789465663934706)	(460, 34.29746561249721)	(480, 33.28316746410997)	(500, 32.16550551154897)	(520, 29.56505107229002)	(540, 26.260493201329115)	(560, 27.85521561771562)	(580, 27.677272727272726)	(600, 29.53636363636364)	(620, 29.009090909090908)	(640, 29.613636363636363)	(660, 31.110454545454548)	(680, 28.347103174603184)	(700, 26.46153846153846)																													
R1.592.w	(1, 0.0)	(2, 31.015641293013555)	(3, 33.35644272307463)	(4, 33.3808232782164)	(5, 32.9462733998709)	(6, 24.471244848304284)	(7, 16.659536223248423)	(8, 10.772779184666568)	(9, 13.330066041014947)	(10, 31.43040170812851)	(20, 34.306135855802175)	(40, 33.755974973931174)	(60, 33.840214509161335)	(80, 33.205637320621676)	(100, 31.467000347584282)	(120, 29.985016137842003)	(140, 28.797605144247484)	(160, 26.108661303937634)	(180, 23.227260539252196)	(200, 23.468462684343812)	(220, 24.124480858036645)	(240, 24.423596007746163)	(260, 24.060006951685786)	(280, 25.24295794230101)	(300, 26.002799543174937)	(320, 27.220766671632155)	(340, 29.964568747206915)	(360, 32.394190512013964)	(380, 33.711302040032)	(400, 33.74227289319221)	(420, 33.531542611864644)	(440, 34.19102097191437)	(460, 34.817808483890026)	(480, 33.76729191131358)	(500, 32.63953823455144)	(520, 29.957648143282604)	(540, 26.13358628241171)	(560, 28.807846153846157)	(580, 30.868000000000002)	(600, 29.503999999999998)	(620, 31.192)	(640, 32.622)	(660, 32.72012408243929)	(680, 33.00638868484456)	(700, 31.08571428571429)	(720, 34.13333333333334)	(740, 33.53846153846154)																											
R1.593.d139	(1, 0.0)	(2, 31.613743085037953)	(3, 33.33158047086067)	(4, 32.76915283674257)	(5, 32.66256593335906)	(6, 21.835182683648526)	(7, 16.098658818988806)	(8, 10.411038209185643)	(9, 12.188649813456838)	(10, 30.80104046056864)	(20, 34.05107503537887)	(40, 33.75667293837644)	(60, 33.84699922809725)	(80, 32.80130741026632)	(100, 31.06521452463656)	(120, 29.92622137527339)	(140, 28.534279718255497)	(160, 25.055385629743988)	(180, 21.737028817702303)	(200, 22.056323974012606)	(220, 22.464897722886914)	(240, 22.691441528367427)	(260, 22.545567991766372)	(280, 23.757485848449765)	(300, 24.473980445130582)	(320, 25.45277402547279)	(340, 28.431257236588188)	(360, 31.318227733178787)	(380, 32.91550377075585)	(400, 32.84982687893929)	(420, 32.71386910400968)	(440, 33.405776960068394)	(460, 34.12969403386674)	(480, 33.363534594905666)	(500, 32.09290358329774)	(520, 29.361868193241246)	(540, 26.714262820512822)	(560, 30.14375)	(580, 30.293749999999996)	(600, 30.399999999999995)	(620, 31.03333333333333)	(640, 32.9625)	(660, 33.35663914688681)	(680, 33.44088383838384)	(700, 31.117261904761904)																													
R1.593.d42	(1, 0.0)	(2, 31.69594046485381)	(3, 33.35417768842803)	(4, 32.802913271964165)	(5, 32.645610693753746)	(6, 21.82023066342186)	(7, 16.09318237928967)	(8, 10.41812153916693)	(9, 12.281804394596692)	(10, 30.823507212640642)	(20, 34.09126371107114)	(40, 33.75382146510069)	(60, 33.85246887454591)	(80, 32.71333544951152)	(100, 31.094878848799066)	(120, 30.004195323246215)	(140, 28.59119493528022)	(160, 25.226233555532044)	(180, 21.775764469368315)	(200, 21.96899798963073)	(220, 22.39496878637181)	(240, 22.628730645787037)	(260, 22.285047437660918)	(280, 23.674427750149896)	(300, 24.392092547525834)	(320, 25.12981518710542)	(340, 28.095471378690085)	(360, 30.903364723309704)	(380, 32.61456106937537)	(400, 32.68277372358835)	(420, 32.44521424170189)	(440, 33.16595626084376)	(460, 33.90780035977052)	(480, 33.290831497975375)	(500, 32.061074137276094)	(520, 29.914076448310585)	(540, 24.314217171717168)	(560, 23.669999999999995)	(580, 27.750000000000007)	(600, 28.51)	(620, 27.85)	(640, 29.390000000000004)	(660, 29.235000000000003)	(680, 27.51666666666667)	(700, 26.458333333333332)																													
R1.593.w	(1, 0.0)	(2, 31.575864052932232)	(3, 33.304195947889696)	(4, 32.68090658776148)	(5, 32.60664529651091)	(6, 21.793942382772368)	(7, 16.04136358032302)	(8, 10.63941971807833)	(9, 12.409628899026014)	(10, 30.81226112686475)	(20, 34.08662310442609)	(40, 33.57243249907533)	(60, 33.75021061932356)	(80, 32.73810154933629)	(100, 31.04053548678749)	(120, 29.77040130686721)	(140, 29.152889080672338)	(160, 25.757784695680765)	(180, 21.09505198701352)	(200, 21.481500431512757)	(220, 21.68090556035014)	(240, 22.089378621624952)	(260, 21.822577364073474)	(280, 23.198876012000163)	(300, 23.985146714338555)	(320, 25.171409197386264)	(340, 28.433428882587428)	(360, 31.143179016150906)	(380, 33.09536432005918)	(400, 33.04302284962809)	(420, 32.785049110261795)	(440, 33.45815570722432)	(460, 34.29057392440863)	(480, 33.65633919658662)	(500, 32.73149769891451)	(520, 30.12664907680739)	(540, 24.302343489843487)	(560, 28.099999999999994)	(580, 29.68181818181818)	(600, 28.454545454545457)	(620, 29.51818181818182)	(640, 30.395454545454545)	(660, 32.04025974025974)	(680, 32.25428571428573)	(700, 31.435185185185187)																													
R1.594.d139	(1, 0.0)	(2, 31.126183171225275)	(3, 33.37546510868856)	(4, 33.294805470330964)	(5, 33.11253998302761)	(6, 25.504039101769045)	(7, 16.518171878059924)	(8, 10.548567138847183)	(9, 13.501786996540243)	(10, 31.337638716626408)	(20, 34.34888945100856)	(40, 33.99282794242444)	(60, 34.04929213721522)	(80, 33.51879079900776)	(100, 31.7756087211959)	(120, 30.584937414322088)	(140, 29.26108957830146)	(160, 26.565261276845753)	(180, 23.227065653763304)	(200, 23.324600169723873)	(220, 23.98515079313271)	(240, 24.160586118545595)	(260, 24.024381079052155)	(280, 25.382540880605788)	(300, 26.033354004830603)	(320, 27.122790325739278)	(340, 29.81835424962465)	(360, 32.23373751550362)	(380, 33.56063099745414)	(400, 33.67628190482408)	(420, 33.45495418029941)	(440, 34.05020430541397)	(460, 34.482316976733784)	(480, 33.475212105138375)	(500, 32.43172907383895)	(520, 30.23610882235971)	(540, 24.714837706854194)	(560, 28.741666666666664)	(580, 29.655555555555555)	(600, 30.066666666666663)	(620, 29.552777777777777)	(640, 30.852777777777778)	(660, 32.193141339869285)	(680, 32.58471611721611)	(700, 32.9975)	(720, 33.375)																												
R1.594.d42	(1, 0.0)	(2, 31.317738891748157)	(3, 33.40946989191971)	(4, 33.34532509864471)	(5, 33.14378109452736)	(6, 25.499879910790874)	(7, 16.4564933950935)	(8, 10.454383256133127)	(9, 13.396671813347059)	(10, 31.317836678675587)	(20, 34.4056433350489)	(40, 34.092385486361295)	(60, 34.169999142219936)	(80, 33.58162377766341)	(100, 31.803976668382226)	(120, 30.712573340195583)	(140, 29.43624635443472)	(160, 26.209545376565444)	(180, 23.09688540058329)	(200, 23.338728769943383)	(220, 24.040315663063993)	(240, 24.14814891061932)	(260, 23.74836936009607)	(280, 25.112136730142392)	(300, 25.666708697889863)	(320, 26.5294158517756)	(340, 29.02035597872706)	(360, 31.761120260765146)	(380, 33.28445599127361)	(400, 33.448404666566894)	(420, 33.152706361805684)	(440, 33.78089809628772)	(460, 34.3406534657408)	(480, 33.26693524221281)	(500, 31.992939062852223)	(520, 29.434980276960353)	(540, 26.818125000000002)	(560, 29.116666666666674)	(580, 29.48333333333333)	(600, 30.639999999999997)	(620, 32.36333333333333)	(640, 31.183333333333337)	(660, 31.496465201465206)	(680, 29.871619769119768)	(700, 29.06666666666667)	(720, 32.35294117647059)																												
R1.594.w	(1, 0.0)	(2, 30.693538606656784)	(3, 33.23317275299825)	(4, 33.175330144185416)	(5, 33.149440776175716)	(6, 25.15004716345506)	(7, 15.697126398059561)	(8, 10.77196469478507)	(9, 13.421506535507344)	(10, 30.89018157930198)	(20, 34.094007714593715)	(40, 33.1741460045816)	(60, 33.032307808920635)	(80, 32.45173746799624)	(100, 30.936305753941525)	(120, 29.424056730898798)	(140, 28.22586831289584)	(160, 24.274211696536852)	(180, 21.13318201724835)	(200, 21.32439445492521)	(220, 21.67831575933162)	(240, 22.058856623096617)	(260, 22.00699535103086)	(280, 23.03222527287428)	(300, 23.98064024390244)	(320, 25.034341732920094)	(340, 27.794070037730762)	(360, 30.64341396038269)	(380, 32.50702903921304)	(400, 32.59196452634415)	(420, 32.558509634820105)	(440, 33.28477254535986)	(460, 34.18199341149394)	(480, 33.44471225930057)	(500, 32.16106373781146)	(520, 29.90022323285807)	(540, 25.37270826522829)	(560, 26.592105263157897)	(580, 28.878947368421052)	(600, 29.884210526315787)	(620, 29.623684210526314)	(640, 31.189473684210526)	(660, 32.35256277949776)	(680, 31.398760863319687)	(700, 32.50994047619048)	(720, 23.285714285714285)																												
R1.596.d139	(1, 0.0)	(2, 32.14497003345957)	(3, 33.5913244107806)	(4, 33.10502077435011)	(5, 32.96876493730926)	(6, 23.59301577379858)	(7, 16.59423833511049)	(8, 10.69900172813178)	(9, 12.866152516821709)	(10, 31.31392341067029)	(20, 34.24507758208626)	(40, 33.77629104312975)	(60, 33.947815935581126)	(80, 33.33255046512483)	(100, 31.702944718167448)	(120, 30.343114130234948)	(140, 29.19572701033203)	(160, 26.444792624186487)	(180, 22.980567709673856)	(200, 23.141048645071145)	(220, 23.574078023311394)	(240, 23.98420230172445)	(260, 23.841494466301427)	(280, 25.180167849395154)	(300, 25.907009964334303)	(320, 26.949031143140786)	(340, 29.599854763393022)	(360, 32.04057212223994)	(380, 33.501349910373676)	(400, 33.629816151123784)	(420, 33.359447739366324)	(440, 33.9941977384953)	(460, 34.58163398421487)	(480, 33.61342757363829)	(500, 32.419353822660575)	(520, 30.106000280689436)	(540, 26.426232101232095)	(560, 27.481578947368416)	(580, 28.384210526315787)	(600, 28.823684210526313)	(620, 29.805263157894736)	(640, 30.05000000000001)	(660, 30.459517113863093)	(680, 31.839341353091356)	(700, 28.635833333333334)	(720, 31.571428571428573)																												
R1.596.d42	(1, 0.0)	(2, 32.21293277441391)	(3, 33.608232417326505)	(4, 33.16497826424468)	(5, 32.96920121099208)	(6, 23.69073125291104)	(7, 16.624107281478032)	(8, 10.561908088806087)	(9, 12.828384567613725)	(10, 31.4006656575066)	(20, 34.35540968017389)	(40, 33.97264108834032)	(60, 34.099288736221084)	(80, 33.47320971122497)	(100, 31.73441818040677)	(120, 30.505694961962426)	(140, 29.47345326812607)	(160, 26.602816915075294)	(180, 23.145100721937585)	(200, 23.295902227914915)	(220, 23.91319670858562)	(240, 24.13935239093309)	(260, 23.823841406613884)	(280, 25.096004114267977)	(300, 25.680204937121562)	(320, 26.63995303524298)	(340, 29.200902421984164)	(360, 31.837882166351864)	(380, 33.34393704149361)	(400, 33.54701108551082)	(420, 33.28453126240377)	(440, 33.796868477754394)	(460, 34.31906941054926)	(480, 33.35549095678742)	(500, 32.235420187582825)	(520, 30.409528558336966)	(540, 28.47063492063492)	(560, 29.251666666666672)	(580, 27.95)	(600, 25.310000000000002)	(620, 29.2)	(640, 30.619999999999997)	(660, 31.02)	(680, 23.63157894736842)																														
R1.596.w	(1, 0.0)	(2, 32.11713956423907)	(3, 33.58245979913287)	(4, 33.08954503045936)	(5, 32.94574392184842)	(6, 23.61205202787992)	(7, 16.57554470116898)	(8, 10.590560342461995)	(9, 12.717578618078042)	(10, 31.33219911091598)	(20, 34.303120575160534)	(40, 33.676225234619395)	(60, 33.687827232314376)	(80, 33.186469458317326)	(100, 31.551083365347683)	(120, 30.105701114099123)	(140, 29.080714011305627)	(160, 26.092229844684702)	(180, 23.19036660995554)	(200, 23.35995993633719)	(220, 24.019406728500083)	(240, 24.477129136710392)	(260, 24.289123538773943)	(280, 25.248808517644477)	(300, 26.05395642390648)	(320, 27.194430053235276)	(340, 29.610524120520278)	(360, 32.088571977388725)	(380, 33.516314143021795)	(400, 33.63798340511284)	(420, 33.36766149031007)	(440, 34.01558430384672)	(460, 34.685959231398634)	(480, 33.680182113865214)	(500, 32.539225785229206)	(520, 29.88660358403676)	(540, 27.057232995762416)	(560, 27.984615384615388)	(580, 31.426923076923078)	(600, 31.380769230769225)	(620, 30.826923076923073)	(640, 30.80769230769231)	(660, 31.67335858585859)	(680, 32.20095238095239)	(700, 33.510416666666664)																													
R1.598.d139	(1, 0.0)	(2, 31.676880914728553)	(3, 33.3675804568675)	(4, 32.78283476432161)	(5, 32.87452288891281)	(6, 24.47179559360485)	(7, 17.218920507704155)	(8, 10.602414326993932)	(9, 13.139618642313648)	(10, 31.352218514808037)	(20, 34.30593025277573)	(40, 34.03434289073432)	(60, 34.08478874638803)	(80, 33.40099562009952)	(100, 31.682455145348108)	(120, 30.478709875061064)	(140, 29.249671714453665)	(160, 26.679513408787955)	(180, 23.27769521191598)	(200, 23.333581996870315)	(220, 23.94124433883374)	(240, 24.162527840104655)	(260, 24.083415163232022)	(280, 25.30453762657416)	(300, 26.00779067553134)	(320, 27.045699169557615)	(340, 29.64448745228889)	(360, 32.14741469957526)	(380, 33.49343172951959)	(400, 33.64240268189052)	(420, 33.421228420482535)	(440, 33.97118421719985)	(460, 34.46123904197752)	(480, 33.465396239778656)	(500, 32.33557449702904)	(520, 30.026801438721)	(540, 27.971009754955624)	(560, 30.627777777777776)	(580, 30.7763737458194)	(600, 30.55000000000001)	(620, 31.786956521739132)	(640, 32.37173913043478)	(660, 33.02913815262601)	(680, 32.65476370851371)	(700, 32.94166666666667)	(720, 32.05)	(740, 32.81818181818182)																											
R1.598.d42	(1, 0.0)	(2, 31.811516120885596)	(3, 33.42240508460308)	(4, 32.850871285461736)	(5, 32.91017762437916)	(6, 24.3926466874316)	(7, 17.222135701658388)	(8, 10.420931896624294)	(9, 13.094894351376379)	(10, 31.474469652327638)	(20, 34.443825237814636)	(40, 34.158154095462585)	(60, 34.260924741139824)	(80, 33.62485689031063)	(100, 31.911029968852596)	(120, 30.768992549877936)	(140, 30.11635238656452)	(160, 27.18497979627915)	(180, 22.810521718999915)	(200, 22.88492928697702)	(220, 23.55221399107669)	(240, 23.79247306170553)	(260, 23.560624842158433)	(280, 24.817146855795944)	(300, 25.506223166933243)	(320, 26.555858026769933)	(340, 29.00188357605859)	(360, 31.691960602744338)	(380, 33.38981080057244)	(400, 33.536314677815575)	(420, 33.23496685257288)	(440, 33.7284524478552)	(460, 34.366779768983506)	(480, 33.4024666018485)	(500, 32.39932374145964)	(520, 29.9425544383084)	(540, 27.232671495171502)	(560, 29.93181818181818)	(580, 30.53636363636363)	(600, 30.3)	(620, 30.25)	(640, 30.927272727272726)	(660, 32.55489898989899)	(680, 31.981607142857143)	(700, 30.375)	(720, 31.88888888888889)																												
R1.598.w	(1, 0.0)	(2, 30.81009082853345)	(3, 33.03234381922906)	(4, 32.29164820558263)	(5, 32.892224191404516)	(6, 23.586010190518387)	(7, 15.995957022596366)	(8, 10.794195835179442)	(9, 12.838170137350465)	(10, 30.732498892334956)	(20, 33.74854065130704)	(40, 32.81294029685422)	(60, 32.66082188746123)	(80, 31.838422131147535)	(100, 30.371599468320774)	(120, 28.81163048294196)	(140, 26.871092711564025)	(160, 23.247452370403188)	(180, 19.66013790429774)	(200, 19.72820115197164)	(220, 19.818567235268056)	(240, 19.915665152857777)	(260, 20.427093486929554)	(280, 21.205895547186532)	(300, 22.12786331413381)	(320, 22.9805078644218)	(340, 26.244098914488255)	(360, 29.062804607886573)	(380, 30.952362095702263)	(400, 31.562807377049182)	(420, 31.72093486929552)	(440, 32.384322591354604)	(460, 33.19606152340124)	(480, 33.00950927763677)	(500, 32.07617222231474)	(520, 28.221226503765166)	(540, 21.640476190476196)	(560, 23.841666666666665)	(580, 28.683333333333326)	(600, 27.175)	(620, 29.425)	(640, 28.083333333333325)	(660, 30.366666666666664)	(680, 31.750000000000007)	(700, 30.954545454545453)																													
R1.616.d139	(1, 0.0)	(2, 32.48308977376749)	(3, 33.59636949130378)	(4, 33.541356087354515)	(5, 33.19119425918661)	(6, 25.863001830783315)	(7, 16.510428926376356)	(8, 10.17438211063162)	(9, 12.866614358571988)	(10, 31.118665816660133)	(20, 34.099301605204644)	(40, 33.672578707336214)	(60, 33.69849818556297)	(80, 32.96344399764613)	(100, 31.176865110500852)	(120, 29.740850170001313)	(140, 28.522704982346017)	(160, 25.877790718582453)	(180, 22.739627468288223)	(200, 22.953019157839673)	(220, 23.39180928795606)	(240, 23.753194880345237)	(260, 23.688181231201774)	(280, 24.87556149470381)	(300, 25.609210311233163)	(320, 26.94867390806852)	(340, 29.853572479403688)	(360, 32.28398268928992)	(380, 33.656312524519414)	(400, 33.753810666963545)	(420, 33.53768124233755)	(440, 34.14093703772454)	(460, 34.64477833431435)	(480, 33.6324662481813)	(500, 32.47322012774423)	(520, 30.288430055695976)	(540, 27.197900721703924)	(560, 28.738235294117647)	(580, 28.94117647058824)	(600, 29.047058823529408)	(620, 29.65)	(640, 31.073529411764703)	(660, 32.34739959795107)	(680, 32.070984848484855)	(700, 31.941666666666663)	(720, 34.166666666666664)																												
R1.616.d42	(1, 0.0)	(2, 32.541105111744116)	(3, 33.59458923231722)	(4, 33.55183311367147)	(5, 33.20386038008588)	(6, 25.865198475121524)	(7, 16.702379433980983)	(8, 10.198971132179754)	(9, 12.929112991227697)	(10, 31.211867409265476)	(20, 34.14004790045775)	(40, 33.71644062752435)	(60, 33.7612254297578)	(80, 33.078205291725126)	(100, 31.223469807122722)	(120, 29.856839986962008)	(140, 28.613921601972702)	(160, 25.981910491333984)	(180, 22.84714510437481)	(200, 22.791490582883377)	(220, 23.493920326516736)	(240, 23.691972421807456)	(260, 23.393352748607633)	(280, 24.70410838541445)	(300, 25.36490086872724)	(320, 26.339191927780842)	(340, 29.20676487677678)	(360, 31.88802614832278)	(380, 33.41639606039145)	(400, 33.58781036122903)	(420, 33.28778870365073)	(440, 33.883348075293135)	(460, 34.39202033533535)	(480, 33.49511251634222)	(500, 32.43662963292063)	(520, 31.420752365325576)	(540, 24.69309343434344)	(560, 27.433333333333337)	(580, 30.205555555555566)	(600, 29.96666666666666)	(620, 30.383333333333336)	(640, 31.31666666666667)	(660, 32.35347222222222)	(680, 31.34369047619048)	(700, 33.6)	(720, 33.285714285714285)																												
R1.616.w	(1, 0.0)	(2, 32.49867188592199)	(3, 33.58902476130953)	(4, 33.552322760503614)	(5, 33.213131470958295)	(6, 25.84412957130287)	(7, 16.558827641220056)	(8, 10.23642897673539)	(9, 12.922262152449404)	(10, 31.12956554633597)	(20, 34.13176166314422)	(40, 33.660326806522974)	(60, 33.69646548959301)	(80, 32.87894219619905)	(100, 31.09010287744344)	(120, 29.60489921957879)	(140, 28.48092408779533)	(160, 25.767341551467506)	(180, 22.944203995032932)	(200, 23.16245220022862)	(220, 23.838697050188735)	(240, 24.048208896308424)	(260, 23.670978034720108)	(280, 24.90974457446896)	(300, 25.523335334413364)	(320, 26.757910296790318)	(340, 29.601247111454676)	(360, 32.212381888306844)	(380, 33.67412480160525)	(400, 33.734958728222395)	(420, 33.520196073595436)	(440, 34.171879344391485)	(460, 34.827176783180576)	(480, 33.770653116527164)	(500, 32.654727897798544)	(520, 30.504022402161354)	(540, 27.32851257387573)	(560, 29.61739130434782)	(580, 30.358695652173918)	(600, 29.9804347826087)	(620, 32.66956521739131)	(640, 32.87608695652173)	(660, 32.73433844412905)	(680, 31.42681526806527)	(700, 25.75916666666667)	(720, 31.175)	(740, 33.86666666666667)																											
