Sample	0	1	2	3	4	5	6	7	8	9	10	11	12	13	14	15	16	17	18	19	20	21	22	23	24	25	26	27	28	29	30	31	32	33	34	35	36	37	38	39	40	41	42	43	44	45	46	47	48	49	50	51	52	53	54	55	56	57	58	59	60	61	62	63	64	65	66	67	68	69	70	71	72	73	74	75	76	77	78	79	80	81	82	83	84	85	86	87	88	89	90	91	92	93	94	95	96	97	98	99	100
SRR5816731_1	(0.0, 0.0)	(1.0, 0.0)	(2.0, 0.0)	(3.0, 0.0)	(4.0, 0.0)	(5.0, 0.0)	(6.0, 0.0)	(7.0, 0.0)	(8.0, 0.0)	(9.0, 0.0)	(10.0, 0.0)	(11.0, 0.0)	(12.0, 0.0)	(13.0, 0.0)	(14.0, 0.0)	(15.0, 0.0)	(16.0, 0.0)	(17.0, 0.0)	(18.0, 0.0)	(19.0, 0.0)	(20.0, 0.0)	(21.0, 0.0)	(22.0, 0.0)	(23.0, 0.0)	(24.0, 0.0)	(25.0, 0.0)	(26.0, 0.0)	(27.0, 0.3333333333333333)	(28.0, 0.0)	(29.0, 1.6666666666666665)	(30.0, 2.333333333333333)	(31.0, 2.6666666666666665)	(32.0, 3.0)	(33.0, 6.999999999999997)	(34.0, 11.66666666666667)	(35.0, 25.666666666666643)	(36.0, 535.999999999991)	(37.0, 1324.6666666666447)	(38.0, 431.6666666666596)	(39.0, 58.000000000000135)	(40.0, 28.666666666666632)	(41.0, 28.999999999999964)	(42.0, 26.66666666666664)	(43.0, 26.99999999999997)	(44.0, 35.99999999999998)	(45.0, 44.000000000000036)	(46.0, 49.66666666666674)	(47.0, 70.00000000000009)	(48.0, 204.00000000000142)	(49.0, 664.3333333333389)	(50.0, 5082.666666666514)	(51.0, 9821.66666666665)	(52.0, 5071.999999999857)	(53.0, 4474.333333333734)	(54.0, 7922.333333330598)	(55.0, 12972.666666672381)	(56.0, 9922.3333333335)	(57.0, 3574.333333333841)	(58.0, 2465.000000000003)	(59.0, 9192.99999999884)	(60.0, 5993.333333332353)	(61.0, 723.3333333333456)	(62.0, 260.333333333336)	(63.0, 159.00000000000014)	(64.0, 117.33333333333275)	(65.0, 76.33333333333333)	(66.0, 55.000000000000114)	(67.0, 33.66666666666663)	(68.0, 31.33333333333329)	(69.0, 39.333333333333336)	(70.0, 59.66666666666681)	(71.0, 70.66666666666674)	(72.0, 79.99999999999994)	(73.0, 71.00000000000007)	(74.0, 34.666666666666636)	(75.0, 17.000000000000007)	(76.0, 6.666666666666664)	(77.0, 3.666666666666667)	(78.0, 0.3333333333333333)	(79.0, 0.3333333333333333)	(80.0, 0.6666666666666666)	(81.0, 0.6666666666666666)	(82.0, 0.3333333333333333)	(83.0, 0.3333333333333333)	(84.0, 0.0)	(85.0, 0.0)	(86.0, 0.0)	(87.0, 0.0)	(88.0, 0.0)	(89.0, 0.0)	(90.0, 0.0)	(91.0, 0.0)	(92.0, 0.0)	(93.0, 0.0)	(94.0, 0.0)	(95.0, 0.0)	(96.0, 0.0)	(97.0, 0.0)	(98.0, 0.0)	(99.0, 0.0)	(100.0, 0.0)
SRR5816731_2	(0.0, 0.0)	(1.0, 0.0)	(2.0, 0.0)	(3.0, 0.0)	(4.0, 0.0)	(5.0, 0.0)	(6.0, 0.0)	(7.0, 0.0)	(8.0, 0.0)	(9.0, 0.0)	(10.0, 0.0)	(11.0, 0.0)	(12.0, 0.0)	(13.0, 0.0)	(14.0, 0.0)	(15.0, 0.0)	(16.0, 0.0)	(17.0, 0.0)	(18.0, 0.0)	(19.0, 0.0)	(20.0, 0.6666666666666666)	(21.0, 0.3333333333333333)	(22.0, 0.0)	(23.0, 0.0)	(24.0, 0.6666666666666666)	(25.0, 1.6666666666666665)	(26.0, 1.3333333333333333)	(27.0, 0.0)	(28.0, 1.6666666666666665)	(29.0, 2.6666666666666665)	(30.0, 3.666666666666667)	(31.0, 4.999999999999999)	(32.0, 4.0)	(33.0, 8.999999999999998)	(34.0, 16.00000000000001)	(35.0, 31.999999999999954)	(36.0, 115.6666666666661)	(37.0, 869.0000000000289)	(38.0, 1094.3333333333637)	(39.0, 257.66666666666947)	(40.0, 71.66666666666673)	(41.0, 55.33333333333345)	(42.0, 65.33333333333348)	(43.0, 76.33333333333333)	(44.0, 267.3333333333356)	(45.0, 844.6666666666928)	(46.0, 735.0000000000136)	(47.0, 1114.3333333333592)	(48.0, 1791.9999999998718)	(49.0, 2861.3333333335167)	(50.0, 4025.0000000007126)	(51.0, 6038.999999998978)	(52.0, 8400.333333330731)	(53.0, 9497.333333332726)	(54.0, 7773.9999999974)	(55.0, 3421.666666667105)	(56.0, 6351.999999998693)	(57.0, 7760.999999997412)	(58.0, 7573.666666664249)	(59.0, 7675.666666664156)	(60.0, 2002.3333333331573)	(61.0, 484.66666666665657)	(62.0, 242.0000000000025)	(63.0, 189.66666666666768)	(64.0, 132.33333333333272)	(65.0, 76.0)	(66.0, 42.66666666666669)	(67.0, 20.66666666666666)	(68.0, 14.333333333333341)	(69.0, 5.999999999999998)	(70.0, 6.666666666666664)	(71.0, 7.9999999999999964)	(72.0, 4.666666666666666)	(73.0, 2.6666666666666665)	(74.0, 3.0)	(75.0, 3.3333333333333335)	(76.0, 2.6666666666666665)	(77.0, 1.0)	(78.0, 1.0)	(79.0, 2.333333333333333)	(80.0, 1.0)	(81.0, 0.3333333333333333)	(82.0, 0.6666666666666666)	(83.0, 0.3333333333333333)	(84.0, 0.0)	(85.0, 0.3333333333333333)	(86.0, 0.3333333333333333)	(87.0, 0.0)	(88.0, 0.0)	(89.0, 0.3333333333333333)	(90.0, 0.0)	(91.0, 0.0)	(92.0, 0.0)	(93.0, 0.0)	(94.0, 0.0)	(95.0, 0.0)	(96.0, 0.0)	(97.0, 0.3333333333333333)	(98.0, 0.3333333333333333)	(99.0, 0.0)	(100.0, 0.0)
SRR5816732_1	(0.0, 0.0)	(1.0, 0.0)	(2.0, 0.0)	(3.0, 0.0)	(4.0, 0.0)	(5.0, 0.0)	(6.0, 0.0)	(7.0, 0.0)	(8.0, 0.0)	(9.0, 0.0)	(10.0, 0.0)	(11.0, 0.0)	(12.0, 0.0)	(13.0, 0.0)	(14.0, 0.0)	(15.0, 0.0)	(16.0, 0.0)	(17.0, 0.0)	(18.0, 0.0)	(19.0, 0.0)	(20.0, 0.0)	(21.0, 0.3333333333333333)	(22.0, 0.0)	(23.0, 0.3333333333333333)	(24.0, 0.0)	(25.0, 0.0)	(26.0, 0.3333333333333333)	(27.0, 0.3333333333333333)	(28.0, 1.0)	(29.0, 4.666666666666666)	(30.0, 8.33333333333333)	(31.0, 8.33333333333333)	(32.0, 10.666666666666668)	(33.0, 20.999999999999993)	(34.0, 50.00000000000008)	(35.0, 248.00000000000267)	(36.0, 4033.666666667383)	(37.0, 9529.666666666119)	(38.0, 3057.333333333606)	(39.0, 479.66666666665685)	(40.0, 264.00000000000244)	(41.0, 250.6666666666694)	(42.0, 287.66666666666777)	(43.0, 300.0000000000004)	(44.0, 318.666666666666)	(45.0, 334.3333333333318)	(46.0, 376.3333333333294)	(47.0, 494.666666666656)	(48.0, 1091.0000000000312)	(49.0, 1792.9999999998715)	(50.0, 2430.6666666666542)	(51.0, 4264.333333333925)	(52.0, 6093.999999998928)	(53.0, 7552.333333330935)	(54.0, 5190.999999999749)	(55.0, 5679.333333332638)	(56.0, 19137.000000001903)	(57.0, 14224.666666674659)	(58.0, 3041.000000000265)	(59.0, 1394.6666666666288)	(60.0, 1178.6666666666779)	(61.0, 998.0000000000435)	(62.0, 749.0000000000152)	(63.0, 443.6666666666589)	(64.0, 422.6666666666601)	(65.0, 270.3333333333354)	(66.0, 112.33333333333282)	(67.0, 135.9999999999995)	(68.0, 184.66666666666754)	(69.0, 271.33333333333536)	(70.0, 392.6666666666618)	(71.0, 492.6666666666561)	(72.0, 509.33333333332183)	(73.0, 396.9999999999949)	(74.0, 248.00000000000267)	(75.0, 102.66666666666629)	(76.0, 35.66666666666664)	(77.0, 15.333333333333343)	(78.0, 7.33333333333333)	(79.0, 6.666666666666664)	(80.0, 7.33333333333333)	(81.0, 0.6666666666666666)	(82.0, 0.0)	(83.0, 0.0)	(84.0, 0.0)	(85.0, 0.0)	(86.0, 0.0)	(87.0, 0.0)	(88.0, 0.0)	(89.0, 0.0)	(90.0, 0.0)	(91.0, 0.0)	(92.0, 0.0)	(93.0, 0.0)	(94.0, 0.0)	(95.0, 0.0)	(96.0, 0.0)	(97.0, 0.0)	(98.0, 0.0)	(99.0, 0.0)	(100.0, 0.0)
SRR5816732_2	(0.0, 0.0)	(1.0, 0.0)	(2.0, 0.0)	(3.0, 0.0)	(4.0, 0.0)	(5.0, 0.0)	(6.0, 0.0)	(7.0, 0.0)	(8.0, 0.0)	(9.0, 0.0)	(10.0, 0.0)	(11.0, 0.0)	(12.0, 0.0)	(13.0, 0.0)	(14.0, 0.0)	(15.0, 0.0)	(16.0, 0.3333333333333333)	(17.0, 0.6666666666666666)	(18.0, 0.3333333333333333)	(19.0, 0.3333333333333333)	(20.0, 0.3333333333333333)	(21.0, 2.6666666666666665)	(22.0, 3.666666666666667)	(23.0, 1.9999999999999998)	(24.0, 5.333333333333332)	(25.0, 8.999999999999998)	(26.0, 8.666666666666664)	(27.0, 7.33333333333333)	(28.0, 15.333333333333343)	(29.0, 15.000000000000009)	(30.0, 19.333333333333332)	(31.0, 23.66666666666665)	(32.0, 42.00000000000002)	(33.0, 70.00000000000009)	(34.0, 134.99999999999946)	(35.0, 270.0000000000021)	(36.0, 1031.333333333378)	(37.0, 6051.3333333323)	(38.0, 7560.333333330927)	(39.0, 1991.9999999998263)	(40.0, 667.3333333333393)	(41.0, 537.6666666666579)	(42.0, 508.9999999999885)	(43.0, 729.3333333333463)	(44.0, 2131.333333333185)	(45.0, 4770.000000000132)	(46.0, 3560.666666667168)	(47.0, 2227.666666666562)	(48.0, 2721.6666666667866)	(49.0, 2892.6666666668643)	(50.0, 3775.3333333339324)	(51.0, 4030.666666667382)	(52.0, 3584.000000000512)	(53.0, 3858.33333333397)	(54.0, 4474.000000000401)	(55.0, 7979.999999997212)	(56.0, 16754.666666677236)	(57.0, 9724.999999999807)	(58.0, 2625.3333333334094)	(59.0, 1145.0000000000189)	(60.0, 669.0000000000061)	(61.0, 573.666666666662)	(62.0, 481.3333333333234)	(63.0, 370.33333333332973)	(64.0, 270.3333333333354)	(65.0, 190.6666666666677)	(66.0, 118.99999999999939)	(67.0, 65.66666666666681)	(68.0, 38.33333333333333)	(69.0, 19.999999999999996)	(70.0, 8.999999999999998)	(71.0, 8.33333333333333)	(72.0, 13.33333333333334)	(73.0, 11.000000000000002)	(74.0, 11.000000000000002)	(75.0, 8.999999999999998)	(76.0, 4.999999999999999)	(77.0, 3.3333333333333335)	(78.0, 1.9999999999999998)	(79.0, 3.0)	(80.0, 1.0)	(81.0, 0.3333333333333333)	(82.0, 1.0)	(83.0, 1.3333333333333333)	(84.0, 1.0)	(85.0, 0.3333333333333333)	(86.0, 0.6666666666666666)	(87.0, 0.3333333333333333)	(88.0, 0.0)	(89.0, 0.6666666666666666)	(90.0, 0.6666666666666666)	(91.0, 0.0)	(92.0, 0.0)	(93.0, 0.0)	(94.0, 0.0)	(95.0, 0.0)	(96.0, 0.0)	(97.0, 0.0)	(98.0, 0.0)	(99.0, 0.3333333333333333)	(100.0, 0.5)
SRR5816733_1	(0.0, 0.0)	(1.0, 0.0)	(2.0, 0.0)	(3.0, 0.0)	(4.0, 0.0)	(5.0, 0.0)	(6.0, 0.0)	(7.0, 0.0)	(8.0, 0.0)	(9.0, 0.0)	(10.0, 0.0)	(11.0, 0.0)	(12.0, 0.0)	(13.0, 0.0)	(14.0, 0.0)	(15.0, 0.0)	(16.0, 0.0)	(17.0, 0.0)	(18.0, 0.0)	(19.0, 0.0)	(20.0, 0.0)	(21.0, 0.0)	(22.0, 0.0)	(23.0, 0.0)	(24.0, 0.0)	(25.0, 0.0)	(26.0, 0.0)	(27.0, 0.0)	(28.0, 0.0)	(29.0, 0.0)	(30.0, 0.0)	(31.0, 0.0)	(32.0, 0.0)	(33.0, 0.3333333333333333)	(34.0, 0.6666666666666666)	(35.0, 0.3333333333333333)	(36.0, 0.3333333333333333)	(37.0, 0.6666666666666666)	(38.0, 0.3333333333333333)	(39.0, 1.0)	(40.0, 1.9999999999999998)	(41.0, 2.333333333333333)	(42.0, 1.9999999999999998)	(43.0, 1.6666666666666665)	(44.0, 5.666666666666665)	(45.0, 28.999999999999964)	(46.0, 45.33333333333338)	(47.0, 93.66666666666642)	(48.0, 347.33333333333104)	(49.0, 2571.333333333385)	(50.0, 7207.6666666645815)	(51.0, 15243.333333343178)	(52.0, 20795.666666662535)	(53.0, 18481.00000000429)	(54.0, 19875.999999999214)	(55.0, 15660.000000010603)	(56.0, 13156.333333339382)	(57.0, 11365.00000000279)	(58.0, 6000.333333332346)	(59.0, 1624.9999999999097)	(60.0, 1059.3333333333717)	(61.0, 651.0000000000041)	(62.0, 509.99999999998846)	(63.0, 573.3333333333286)	(64.0, 287.00000000000114)	(65.0, 349.99999999999756)	(66.0, 324.999999999999)	(67.0, 47.00000000000006)	(68.0, 7.9999999999999964)	(69.0, 3.3333333333333335)	(70.0, 1.6666666666666665)	(71.0, 0.3333333333333333)	(72.0, 0.0)	(73.0, 0.3333333333333333)	(74.0, 0.0)	(75.0, 0.0)	(76.0, 0.0)	(77.0, 0.0)	(78.0, 0.0)	(79.0, 0.0)	(80.0, 0.0)	(81.0, 0.0)	(82.0, 0.0)	(83.0, 0.0)	(84.0, 0.0)	(85.0, 0.0)	(86.0, 0.0)	(87.0, 0.0)	(88.0, 0.0)	(89.0, 0.0)	(90.0, 0.0)	(91.0, 0.0)	(92.0, 0.0)	(93.0, 0.0)	(94.0, 0.0)	(95.0, 0.0)	(96.0, 0.0)	(97.0, 0.0)	(98.0, 0.0)	(99.0, 0.0)	(100.0, 0.0)
SRR5816733_2	(0.0, 0.0)	(1.0, 0.0)	(2.0, 0.0)	(3.0, 0.0)	(4.0, 0.0)	(5.0, 0.0)	(6.0, 0.0)	(7.0, 0.0)	(8.0, 0.0)	(9.0, 0.0)	(10.0, 0.0)	(11.0, 0.0)	(12.0, 0.0)	(13.0, 0.0)	(14.0, 0.0)	(15.0, 0.0)	(16.0, 0.0)	(17.0, 0.0)	(18.0, 0.0)	(19.0, 0.3333333333333333)	(20.0, 0.0)	(21.0, 0.0)	(22.0, 0.3333333333333333)	(23.0, 0.6666666666666666)	(24.0, 1.0)	(25.0, 0.6666666666666666)	(26.0, 1.3333333333333333)	(27.0, 1.6666666666666665)	(28.0, 1.3333333333333333)	(29.0, 1.3333333333333333)	(30.0, 1.3333333333333333)	(31.0, 1.0)	(32.0, 1.9999999999999998)	(33.0, 4.0)	(34.0, 3.666666666666667)	(35.0, 5.999999999999998)	(36.0, 8.33333333333333)	(37.0, 8.999999999999998)	(38.0, 13.33333333333334)	(39.0, 16.333333333333343)	(40.0, 22.666666666666654)	(41.0, 35.99999999999998)	(42.0, 50.333333333333414)	(43.0, 66.00000000000014)	(44.0, 71.3333333333334)	(45.0, 136.99999999999952)	(46.0, 276.6666666666684)	(47.0, 897.3333333333654)	(48.0, 2263.999999999912)	(49.0, 5491.666666666142)	(50.0, 10233.333333334065)	(51.0, 13821.000000007258)	(52.0, 19406.000000000924)	(53.0, 25900.999999977295)	(54.0, 26805.66666664067)	(55.0, 14291.000000008113)	(56.0, 8166.999999997042)	(57.0, 3925.3333333340006)	(58.0, 1343.6666666666404)	(59.0, 488.66666666665634)	(60.0, 272.6666666666686)	(61.0, 224.000000000002)	(62.0, 341.6666666666647)	(63.0, 456.9999999999915)	(64.0, 336.9999999999983)	(65.0, 163.66666666666694)	(66.0, 118.66666666666606)	(67.0, 308.33333333333326)	(68.0, 365.99999999999665)	(69.0, 143.99999999999972)	(70.0, 45.00000000000004)	(71.0, 17.33333333333334)	(72.0, 10.666666666666668)	(73.0, 6.333333333333331)	(74.0, 3.3333333333333335)	(75.0, 2.333333333333333)	(76.0, 2.6666666666666665)	(77.0, 2.6666666666666665)	(78.0, 1.6666666666666665)	(79.0, 1.9999999999999998)	(80.0, 1.6666666666666665)	(81.0, 1.0)	(82.0, 1.9999999999999998)	(83.0, 0.6666666666666666)	(84.0, 0.3333333333333333)	(85.0, 1.0)	(86.0, 0.6666666666666666)	(87.0, 0.6666666666666666)	(88.0, 0.0)	(89.0, 0.0)	(90.0, 0.0)	(91.0, 0.0)	(92.0, 0.0)	(93.0, 0.0)	(94.0, 0.0)	(95.0, 0.3333333333333333)	(96.0, 0.3333333333333333)	(97.0, 0.3333333333333333)	(98.0, 0.6666666666666666)	(99.0, 0.3333333333333333)	(100.0, 0.5)
SRR5816734_1	(0.0, 0.0)	(1.0, 0.0)	(2.0, 0.0)	(3.0, 0.0)	(4.0, 0.0)	(5.0, 0.0)	(6.0, 0.0)	(7.0, 0.0)	(8.0, 0.0)	(9.0, 0.0)	(10.0, 0.0)	(11.0, 0.0)	(12.0, 0.0)	(13.0, 0.0)	(14.0, 0.0)	(15.0, 0.0)	(16.0, 0.0)	(17.0, 0.0)	(18.0, 0.0)	(19.0, 0.0)	(20.0, 0.0)	(21.0, 0.0)	(22.0, 0.0)	(23.0, 0.0)	(24.0, 0.0)	(25.0, 0.0)	(26.0, 0.0)	(27.0, 0.0)	(28.0, 0.3333333333333333)	(29.0, 0.6666666666666666)	(30.0, 0.6666666666666666)	(31.0, 1.9999999999999998)	(32.0, 1.0)	(33.0, 3.3333333333333335)	(34.0, 13.000000000000005)	(35.0, 43.00000000000003)	(36.0, 634.3333333333355)	(37.0, 1433.66666666662)	(38.0, 421.99999999999346)	(39.0, 72.33333333333339)	(40.0, 44.000000000000036)	(41.0, 41.000000000000014)	(42.0, 48.3333333333334)	(43.0, 55.33333333333345)	(44.0, 66.00000000000014)	(45.0, 95.66666666666639)	(46.0, 109.66666666666619)	(47.0, 257.66666666666947)	(48.0, 1174.3333333333455)	(49.0, 5167.666666666437)	(50.0, 13869.000000007345)	(51.0, 28091.999999969325)	(52.0, 40959.33333334525)	(53.0, 21036.66666666166)	(54.0, 23288.333333320134)	(55.0, 19265.6666666681)	(56.0, 6242.999999998792)	(57.0, 2868.6666666668534)	(58.0, 1821.6666666665317)	(59.0, 1349.3333333333057)	(60.0, 876.6666666666964)	(61.0, 513.9999999999885)	(62.0, 583.3333333333297)	(63.0, 407.99999999999426)	(64.0, 99.99999999999966)	(65.0, 71.66666666666673)	(66.0, 34.99999999999997)	(67.0, 18.666666666666668)	(68.0, 22.999999999999986)	(69.0, 19.666666666666664)	(70.0, 23.66666666666665)	(71.0, 26.333333333333307)	(72.0, 34.666666666666636)	(73.0, 32.66666666666662)	(74.0, 16.666666666666675)	(75.0, 8.33333333333333)	(76.0, 4.0)	(77.0, 1.0)	(78.0, 0.3333333333333333)	(79.0, 1.0)	(80.0, 0.6666666666666666)	(81.0, 0.0)	(82.0, 0.0)	(83.0, 0.0)	(84.0, 0.0)	(85.0, 0.0)	(86.0, 0.0)	(87.0, 0.0)	(88.0, 0.0)	(89.0, 0.0)	(90.0, 0.0)	(91.0, 0.0)	(92.0, 0.0)	(93.0, 0.0)	(94.0, 0.0)	(95.0, 0.0)	(96.0, 0.0)	(97.0, 0.0)	(98.0, 0.0)	(99.0, 0.0)	(100.0, 0.0)
SRR5816734_2	(0.0, 0.0)	(1.0, 0.0)	(2.0, 0.0)	(3.0, 0.0)	(4.0, 0.0)	(5.0, 0.0)	(6.0, 0.0)	(7.0, 0.0)	(8.0, 0.0)	(9.0, 0.0)	(10.0, 0.0)	(11.0, 0.0)	(12.0, 0.0)	(13.0, 0.0)	(14.0, 0.0)	(15.0, 0.6666666666666666)	(16.0, 0.3333333333333333)	(17.0, 0.3333333333333333)	(18.0, 0.6666666666666666)	(19.0, 1.0)	(20.0, 0.3333333333333333)	(21.0, 0.0)	(22.0, 0.3333333333333333)	(23.0, 0.6666666666666666)	(24.0, 0.6666666666666666)	(25.0, 1.6666666666666665)	(26.0, 1.6666666666666665)	(27.0, 4.333333333333333)	(28.0, 4.0)	(29.0, 3.3333333333333335)	(30.0, 7.33333333333333)	(31.0, 7.33333333333333)	(32.0, 12.666666666666671)	(33.0, 15.333333333333343)	(34.0, 26.99999999999997)	(35.0, 51.33333333333342)	(36.0, 174.66666666666725)	(37.0, 994.6666666667098)	(38.0, 1134.0000000000214)	(39.0, 270.3333333333354)	(40.0, 114.99999999999945)	(41.0, 131.66666666666603)	(42.0, 170.66666666666714)	(43.0, 246.33333333333596)	(44.0, 987.0000000000423)	(45.0, 9406.33333333256)	(46.0, 24775.333333314724)	(47.0, 21130.333333327984)	(48.0, 7238.666666664553)	(49.0, 7655.999999997507)	(50.0, 15294.000000009937)	(51.0, 23175.666666653877)	(52.0, 22388.66666665674)	(53.0, 13679.000000007)	(54.0, 9299.999999999034)	(55.0, 5316.333333332968)	(56.0, 2952.0000000002246)	(57.0, 1538.666666666596)	(58.0, 874.0000000000294)	(59.0, 657.3333333333381)	(60.0, 370.66666666666305)	(61.0, 172.0000000000005)	(62.0, 109.33333333333286)	(63.0, 96.9999999999997)	(64.0, 76.0)	(65.0, 73.33333333333337)	(66.0, 62.666666666666835)	(67.0, 88.33333333333316)	(68.0, 104.99999999999959)	(69.0, 62.00000000000016)	(70.0, 30.999999999999957)	(71.0, 12.666666666666671)	(72.0, 7.9999999999999964)	(73.0, 6.999999999999997)	(74.0, 4.666666666666666)	(75.0, 3.3333333333333335)	(76.0, 2.6666666666666665)	(77.0, 1.6666666666666665)	(78.0, 1.6666666666666665)	(79.0, 0.6666666666666666)	(80.0, 1.0)	(81.0, 0.6666666666666666)	(82.0, 1.0)	(83.0, 0.6666666666666666)	(84.0, 0.3333333333333333)	(85.0, 0.3333333333333333)	(86.0, 0.3333333333333333)	(87.0, 0.6666666666666666)	(88.0, 0.3333333333333333)	(89.0, 1.0)	(90.0, 0.6666666666666666)	(91.0, 0.3333333333333333)	(92.0, 0.6666666666666666)	(93.0, 0.3333333333333333)	(94.0, 0.6666666666666666)	(95.0, 1.0)	(96.0, 0.6666666666666666)	(97.0, 1.6666666666666665)	(98.0, 0.3333333333333333)	(99.0, 0.3333333333333333)	(100.0, 1.0)
SRR5816735_1	(0.0, 0.0)	(1.0, 0.0)	(2.0, 0.0)	(3.0, 0.0)	(4.0, 0.0)	(5.0, 0.0)	(6.0, 0.0)	(7.0, 0.0)	(8.0, 0.0)	(9.0, 0.0)	(10.0, 0.0)	(11.0, 0.0)	(12.0, 0.0)	(13.0, 0.0)	(14.0, 0.0)	(15.0, 0.0)	(16.0, 0.0)	(17.0, 0.0)	(18.0, 0.0)	(19.0, 0.0)	(20.0, 0.0)	(21.0, 0.0)	(22.0, 0.0)	(23.0, 0.0)	(24.0, 0.0)	(25.0, 0.0)	(26.0, 0.6666666666666666)	(27.0, 1.0)	(28.0, 1.3333333333333333)	(29.0, 1.9999999999999998)	(30.0, 3.3333333333333335)	(31.0, 4.0)	(32.0, 6.999999999999997)	(33.0, 15.000000000000009)	(34.0, 43.00000000000003)	(35.0, 219.3333333333352)	(36.0, 4009.0000000007053)	(37.0, 9042.999999998567)	(38.0, 2527.0000000000314)	(39.0, 339.6666666666648)	(40.0, 201.00000000000134)	(41.0, 151.6666666666666)	(42.0, 111.99999999999949)	(43.0, 102.99999999999962)	(44.0, 102.33333333333296)	(45.0, 114.66666666666612)	(46.0, 124.9999999999993)	(47.0, 183.6666666666675)	(48.0, 559.333333333327)	(49.0, 1422.9999999999557)	(50.0, 5556.999999999416)	(51.0, 13191.000000006112)	(52.0, 26401.66666664214)	(53.0, 49457.00000007374)	(54.0, 44220.66666670231)	(55.0, 15876.000000010996)	(56.0, 5419.999999999541)	(57.0, 2916.3333333335418)	(58.0, 2757.000000000136)	(59.0, 9225.9999999989)	(60.0, 6268.9999999987685)	(61.0, 1121.0000000000243)	(62.0, 685.000000000008)	(63.0, 432.3333333333262)	(64.0, 236.00000000000233)	(65.0, 213.33333333333502)	(66.0, 114.99999999999945)	(67.0, 58.33333333333347)	(68.0, 45.666666666666714)	(69.0, 49.66666666666674)	(70.0, 64.3333333333335)	(71.0, 87.33333333333317)	(72.0, 102.99999999999962)	(73.0, 86.33333333333319)	(74.0, 50.333333333333414)	(75.0, 22.999999999999986)	(76.0, 7.9999999999999964)	(77.0, 1.6666666666666665)	(78.0, 0.3333333333333333)	(79.0, 0.6666666666666666)	(80.0, 0.0)	(81.0, 0.0)	(82.0, 0.0)	(83.0, 0.0)	(84.0, 0.0)	(85.0, 0.0)	(86.0, 0.0)	(87.0, 0.0)	(88.0, 0.0)	(89.0, 0.0)	(90.0, 0.0)	(91.0, 0.0)	(92.0, 0.0)	(93.0, 0.0)	(94.0, 0.0)	(95.0, 0.0)	(96.0, 0.0)	(97.0, 0.0)	(98.0, 0.0)	(99.0, 0.0)	(100.0, 0.0)
SRR5816735_2	(0.0, 0.0)	(1.0, 0.0)	(2.0, 0.0)	(3.0, 0.0)	(4.0, 0.0)	(5.0, 0.0)	(6.0, 0.0)	(7.0, 0.0)	(8.0, 0.0)	(9.0, 0.0)	(10.0, 0.3333333333333333)	(11.0, 0.3333333333333333)	(12.0, 0.3333333333333333)	(13.0, 0.3333333333333333)	(14.0, 0.0)	(15.0, 0.0)	(16.0, 0.0)	(17.0, 1.0)	(18.0, 1.9999999999999998)	(19.0, 3.3333333333333335)	(20.0, 3.3333333333333335)	(21.0, 3.666666666666667)	(22.0, 2.6666666666666665)	(23.0, 5.666666666666665)	(24.0, 7.9999999999999964)	(25.0, 7.33333333333333)	(26.0, 8.666666666666664)	(27.0, 8.999999999999998)	(28.0, 11.000000000000002)	(29.0, 17.000000000000007)	(30.0, 17.66666666666667)	(31.0, 19.999999999999996)	(32.0, 25.33333333333331)	(33.0, 37.99999999999999)	(34.0, 70.33333333333341)	(35.0, 174.00000000000057)	(36.0, 792.3333333333535)	(37.0, 6069.9999999989495)	(38.0, 7374.333333331097)	(39.0, 1482.3333333332755)	(40.0, 378.6666666666626)	(41.0, 287.00000000000114)	(42.0, 317.66666666666606)	(43.0, 603.9999999999987)	(44.0, 7626.6666666642)	(45.0, 30489.66666662727)	(46.0, 18292.66666667164)	(47.0, 4600.0000000002865)	(48.0, 2703.6666666667784)	(49.0, 3827.333333333956)	(50.0, 5523.999999999446)	(51.0, 9251.666666665613)	(52.0, 12758.000000005324)	(53.0, 29728.99999996337)	(54.0, 32093.666666621433)	(55.0, 8762.666666664723)	(56.0, 3587.0000000005134)	(57.0, 3284.6666666670426)	(58.0, 5487.333333332813)	(59.0, 4466.333333333741)	(60.0, 1231.3333333333326)	(61.0, 535.999999999991)	(62.0, 373.9999999999962)	(63.0, 377.99999999999596)	(64.0, 310.33333333333314)	(65.0, 195.00000000000117)	(66.0, 100.33333333333299)	(67.0, 74.33333333333336)	(68.0, 71.00000000000007)	(69.0, 41.33333333333335)	(70.0, 14.333333333333341)	(71.0, 10.333333333333334)	(72.0, 7.33333333333333)	(73.0, 6.999999999999997)	(74.0, 8.999999999999998)	(75.0, 5.333333333333332)	(76.0, 2.6666666666666665)	(77.0, 3.0)	(78.0, 2.333333333333333)	(79.0, 0.6666666666666666)	(80.0, 1.3333333333333333)	(81.0, 0.3333333333333333)	(82.0, 0.6666666666666666)	(83.0, 1.0)	(84.0, 0.6666666666666666)	(85.0, 0.3333333333333333)	(86.0, 0.6666666666666666)	(87.0, 1.6666666666666665)	(88.0, 0.6666666666666666)	(89.0, 0.3333333333333333)	(90.0, 0.0)	(91.0, 0.0)	(92.0, 0.0)	(93.0, 0.0)	(94.0, 0.0)	(95.0, 0.3333333333333333)	(96.0, 0.0)	(97.0, 0.0)	(98.0, 0.6666666666666666)	(99.0, 0.0)	(100.0, 0.5)
SRR5816736_1	(0.0, 0.0)	(1.0, 0.0)	(2.0, 0.0)	(3.0, 0.0)	(4.0, 0.0)	(5.0, 0.0)	(6.0, 0.0)	(7.0, 0.0)	(8.0, 0.0)	(9.0, 0.0)	(10.0, 0.0)	(11.0, 0.0)	(12.0, 0.0)	(13.0, 0.0)	(14.0, 0.0)	(15.0, 0.0)	(16.0, 0.0)	(17.0, 0.0)	(18.0, 0.0)	(19.0, 0.0)	(20.0, 0.0)	(21.0, 0.0)	(22.0, 0.0)	(23.0, 0.0)	(24.0, 0.0)	(25.0, 0.0)	(26.0, 0.3333333333333333)	(27.0, 0.3333333333333333)	(28.0, 0.6666666666666666)	(29.0, 0.3333333333333333)	(30.0, 2.333333333333333)	(31.0, 4.333333333333333)	(32.0, 16.00000000000001)	(33.0, 44.000000000000036)	(34.0, 151.99999999999994)	(35.0, 741.3333333333477)	(36.0, 13397.000000006487)	(37.0, 30759.99999995962)	(38.0, 9187.333333332163)	(39.0, 1101.0000000000289)	(40.0, 407.33333333332763)	(41.0, 284.66666666666794)	(42.0, 263.3333333333358)	(43.0, 270.0000000000021)	(44.0, 313.6666666666663)	(45.0, 430.66666666665964)	(46.0, 548.3333333333258)	(47.0, 658.0000000000049)	(48.0, 2117.3333333331784)	(49.0, 8446.999999997483)	(50.0, 22936.99999998808)	(51.0, 24742.333333314844)	(52.0, 18439.333333337774)	(53.0, 29031.999999965905)	(54.0, 43850.66666669962)	(55.0, 65465.33333352355)	(56.0, 60402.00000015338)	(57.0, 18597.3333333372)	(58.0, 7338.666666664462)	(59.0, 3594.33333333385)	(60.0, 2470.6666666666724)	(61.0, 2097.9999999998363)	(62.0, 1356.3333333333042)	(63.0, 474.3333333333238)	(64.0, 420.9999999999935)	(65.0, 269.3333333333355)	(66.0, 138.3333333333329)	(67.0, 85.66666666666653)	(68.0, 98.99999999999967)	(69.0, 126.99999999999928)	(70.0, 154.33333333333334)	(71.0, 216.00000000000176)	(72.0, 242.33333333333584)	(73.0, 197.00000000000122)	(74.0, 119.66666666666605)	(75.0, 58.000000000000135)	(76.0, 17.66666666666667)	(77.0, 7.666666666666663)	(78.0, 4.666666666666666)	(79.0, 2.333333333333333)	(80.0, 1.0)	(81.0, 0.6666666666666666)	(82.0, 0.0)	(83.0, 0.0)	(84.0, 0.0)	(85.0, 0.0)	(86.0, 0.0)	(87.0, 0.0)	(88.0, 0.0)	(89.0, 0.0)	(90.0, 0.0)	(91.0, 0.0)	(92.0, 0.0)	(93.0, 0.0)	(94.0, 0.0)	(95.0, 0.0)	(96.0, 0.0)	(97.0, 0.0)	(98.0, 0.0)	(99.0, 0.0)	(100.0, 0.0)
SRR5816736_2	(0.0, 0.0)	(1.0, 0.0)	(2.0, 0.0)	(3.0, 0.0)	(4.0, 0.0)	(5.0, 0.0)	(6.0, 0.3333333333333333)	(7.0, 0.3333333333333333)	(8.0, 0.3333333333333333)	(9.0, 1.0)	(10.0, 0.6666666666666666)	(11.0, 0.3333333333333333)	(12.0, 0.0)	(13.0, 0.3333333333333333)	(14.0, 0.3333333333333333)	(15.0, 1.0)	(16.0, 2.333333333333333)	(17.0, 2.333333333333333)	(18.0, 2.333333333333333)	(19.0, 2.6666666666666665)	(20.0, 7.9999999999999964)	(21.0, 8.999999999999998)	(22.0, 11.000000000000002)	(23.0, 12.666666666666671)	(24.0, 15.666666666666677)	(25.0, 21.99999999999999)	(26.0, 25.33333333333331)	(27.0, 34.99999999999997)	(28.0, 39.0)	(29.0, 42.33333333333336)	(30.0, 55.000000000000114)	(31.0, 70.00000000000009)	(32.0, 107.33333333333289)	(33.0, 182.33333333333414)	(34.0, 356.33333333333053)	(35.0, 899.666666666699)	(36.0, 3521.6666666671504)	(37.0, 19812.66666666611)	(38.0, 23430.333333319617)	(39.0, 5625.999999999353)	(40.0, 1284.3333333333205)	(41.0, 885.3333333333641)	(42.0, 891.3333333333647)	(43.0, 1307.3333333333153)	(44.0, 4728.333333333503)	(45.0, 28463.333333301307)	(46.0, 36249.66666664431)	(47.0, 12897.666666672245)	(48.0, 9320.666666665738)	(49.0, 20499.999999996944)	(50.0, 28675.666666633868)	(51.0, 29316.999999964868)	(52.0, 32023.99999995502)	(53.0, 21037.999999994987)	(54.0, 14479.666666675123)	(55.0, 10887.00000000192)	(56.0, 23716.99999998524)	(57.0, 26042.666666643447)	(58.0, 8039.999999997158)	(59.0, 2581.000000000056)	(60.0, 1400.9999999999607)	(61.0, 1119.333333333358)	(62.0, 762.3333333333501)	(63.0, 500.66666666665566)	(64.0, 393.99999999999505)	(65.0, 304.6666666666668)	(66.0, 181.00000000000077)	(67.0, 113.3333333333328)	(68.0, 89.66666666666647)	(69.0, 56.66666666666679)	(70.0, 29.333333333333297)	(71.0, 18.000000000000004)	(72.0, 12.333333333333337)	(73.0, 8.999999999999998)	(74.0, 9.666666666666666)	(75.0, 7.33333333333333)	(76.0, 4.666666666666666)	(77.0, 5.666666666666665)	(78.0, 1.3333333333333333)	(79.0, 1.0)	(80.0, 1.9999999999999998)	(81.0, 1.9999999999999998)	(82.0, 1.9999999999999998)	(83.0, 1.6666666666666665)	(84.0, 0.6666666666666666)	(85.0, 1.0)	(86.0, 1.0)	(87.0, 0.6666666666666666)	(88.0, 1.3333333333333333)	(89.0, 1.6666666666666665)	(90.0, 1.0)	(91.0, 1.3333333333333333)	(92.0, 0.6666666666666666)	(93.0, 1.0)	(94.0, 2.333333333333333)	(95.0, 0.3333333333333333)	(96.0, 0.3333333333333333)	(97.0, 1.0)	(98.0, 1.0)	(99.0, 0.3333333333333333)	(100.0, 1.0)
SRR5816737_1	(0.0, 0.0)	(1.0, 0.0)	(2.0, 0.0)	(3.0, 0.0)	(4.0, 0.0)	(5.0, 0.0)	(6.0, 0.0)	(7.0, 0.0)	(8.0, 0.0)	(9.0, 0.0)	(10.0, 0.0)	(11.0, 0.0)	(12.0, 0.0)	(13.0, 0.0)	(14.0, 0.0)	(15.0, 0.0)	(16.0, 0.0)	(17.0, 0.3333333333333333)	(18.0, 0.0)	(19.0, 0.0)	(20.0, 0.0)	(21.0, 0.0)	(22.0, 0.0)	(23.0, 0.0)	(24.0, 0.0)	(25.0, 0.0)	(26.0, 0.0)	(27.0, 0.0)	(28.0, 0.0)	(29.0, 1.3333333333333333)	(30.0, 2.333333333333333)	(31.0, 3.0)	(32.0, 9.666666666666666)	(33.0, 22.999999999999986)	(34.0, 77.33333333333331)	(35.0, 179.0000000000007)	(36.0, 2195.6666666665474)	(37.0, 4882.333333333363)	(38.0, 1583.999999999919)	(39.0, 259.66666666666936)	(40.0, 149.3333333333332)	(41.0, 135.66666666666615)	(42.0, 142.66666666666634)	(43.0, 160.3333333333335)	(44.0, 192.33333333333442)	(45.0, 201.00000000000134)	(46.0, 221.0000000000019)	(47.0, 300.666666666667)	(48.0, 554.9999999999932)	(49.0, 986.3333333333755)	(50.0, 2117.666666666512)	(51.0, 3606.666666667189)	(52.0, 2764.000000000139)	(53.0, 1989.3333333331602)	(54.0, 2208.33333333322)	(55.0, 2870.0000000001874)	(56.0, 9373.999999999169)	(57.0, 7083.333333331361)	(58.0, 1922.999999999842)	(59.0, 1191.3333333333417)	(60.0, 941.3333333333704)	(61.0, 623.6666666666677)	(62.0, 379.66666666666254)	(63.0, 206.66666666666816)	(64.0, 248.00000000000267)	(65.0, 165.0000000000003)	(66.0, 77.99999999999997)	(67.0, 81.66666666666659)	(68.0, 108.33333333333287)	(69.0, 136.99999999999952)	(70.0, 197.00000000000122)	(71.0, 249.66666666666939)	(72.0, 267.6666666666689)	(73.0, 231.0000000000022)	(74.0, 136.66666666666617)	(75.0, 65.00000000000016)	(76.0, 23.999999999999982)	(77.0, 7.33333333333333)	(78.0, 1.0)	(79.0, 1.3333333333333333)	(80.0, 1.6666666666666665)	(81.0, 0.3333333333333333)	(82.0, 0.0)	(83.0, 0.3333333333333333)	(84.0, 0.0)	(85.0, 0.0)	(86.0, 0.0)	(87.0, 0.0)	(88.0, 0.0)	(89.0, 0.0)	(90.0, 0.0)	(91.0, 0.0)	(92.0, 0.0)	(93.0, 0.0)	(94.0, 0.0)	(95.0, 0.0)	(96.0, 0.0)	(97.0, 0.0)	(98.0, 0.0)	(99.0, 0.0)	(100.0, 0.0)
SRR5816737_2	(0.0, 0.0)	(1.0, 0.0)	(2.0, 0.0)	(3.0, 0.0)	(4.0, 0.0)	(5.0, 0.0)	(6.0, 0.0)	(7.0, 0.0)	(8.0, 0.0)	(9.0, 0.0)	(10.0, 0.0)	(11.0, 0.0)	(12.0, 0.0)	(13.0, 0.0)	(14.0, 0.0)	(15.0, 0.0)	(16.0, 0.0)	(17.0, 0.0)	(18.0, 0.6666666666666666)	(19.0, 0.6666666666666666)	(20.0, 0.6666666666666666)	(21.0, 0.6666666666666666)	(22.0, 1.9999999999999998)	(23.0, 1.9999999999999998)	(24.0, 2.333333333333333)	(25.0, 3.3333333333333335)	(26.0, 2.333333333333333)	(27.0, 4.666666666666666)	(28.0, 6.666666666666664)	(29.0, 7.9999999999999964)	(30.0, 26.99999999999997)	(31.0, 49.00000000000007)	(32.0, 42.33333333333336)	(33.0, 34.99999999999997)	(34.0, 69.33333333333343)	(35.0, 173.33333333333388)	(36.0, 595.9999999999978)	(37.0, 3152.0000000003156)	(38.0, 3799.3333333339433)	(39.0, 946.333333333371)	(40.0, 292.33333333333417)	(41.0, 226.00000000000205)	(42.0, 238.66666666666907)	(43.0, 327.9999999999988)	(44.0, 621.6666666666674)	(45.0, 1187.6666666666758)	(46.0, 1382.3333333332982)	(47.0, 1357.9999999999704)	(48.0, 1709.333333333224)	(49.0, 1816.3333333331996)	(50.0, 1801.333333333203)	(51.0, 2058.9999999998186)	(52.0, 2596.6666666667297)	(53.0, 2846.33333333351)	(54.0, 2917.0000000002087)	(55.0, 4292.000000000567)	(56.0, 8349.333333330638)	(57.0, 4778.333333333458)	(58.0, 1384.3333333332978)	(59.0, 620.0000000000006)	(60.0, 395.6666666666616)	(61.0, 344.3333333333312)	(62.0, 313.6666666666663)	(63.0, 255.3333333333362)	(64.0, 154.66666666666669)	(65.0, 118.33333333333273)	(66.0, 80.99999999999993)	(67.0, 37.99999999999999)	(68.0, 22.666666666666654)	(69.0, 13.666666666666673)	(70.0, 7.666666666666663)	(71.0, 4.999999999999999)	(72.0, 3.3333333333333335)	(73.0, 1.9999999999999998)	(74.0, 2.6666666666666665)	(75.0, 1.6666666666666665)	(76.0, 0.3333333333333333)	(77.0, 1.0)	(78.0, 0.3333333333333333)	(79.0, 0.0)	(80.0, 0.3333333333333333)	(81.0, 0.3333333333333333)	(82.0, 0.0)	(83.0, 0.0)	(84.0, 0.0)	(85.0, 0.3333333333333333)	(86.0, 0.3333333333333333)	(87.0, 0.0)	(88.0, 0.0)	(89.0, 0.0)	(90.0, 0.0)	(91.0, 0.0)	(92.0, 0.0)	(93.0, 0.0)	(94.0, 0.0)	(95.0, 0.6666666666666666)	(96.0, 0.3333333333333333)	(97.0, 0.6666666666666666)	(98.0, 0.6666666666666666)	(99.0, 0.0)	(100.0, 0.0)
SRR5816738_1	(0.0, 0.0)	(1.0, 0.0)	(2.0, 0.0)	(3.0, 0.0)	(4.0, 0.0)	(5.0, 0.0)	(6.0, 0.0)	(7.0, 0.0)	(8.0, 0.0)	(9.0, 0.0)	(10.0, 0.0)	(11.0, 0.0)	(12.0, 0.0)	(13.0, 0.0)	(14.0, 0.0)	(15.0, 0.0)	(16.0, 0.0)	(17.0, 0.0)	(18.0, 0.0)	(19.0, 0.0)	(20.0, 0.0)	(21.0, 0.0)	(22.0, 0.0)	(23.0, 0.0)	(24.0, 0.3333333333333333)	(25.0, 0.0)	(26.0, 0.0)	(27.0, 0.0)	(28.0, 0.0)	(29.0, 0.0)	(30.0, 0.0)	(31.0, 0.3333333333333333)	(32.0, 0.3333333333333333)	(33.0, 0.3333333333333333)	(34.0, 0.3333333333333333)	(35.0, 0.6666666666666666)	(36.0, 1.9999999999999998)	(37.0, 5.333333333333332)	(38.0, 4.666666666666666)	(39.0, 1.6666666666666665)	(40.0, 0.3333333333333333)	(41.0, 1.0)	(42.0, 1.0)	(43.0, 3.0)	(44.0, 2.6666666666666665)	(45.0, 7.33333333333333)	(46.0, 19.333333333333332)	(47.0, 41.666666666666686)	(48.0, 160.66666666666686)	(49.0, 1288.9999999999861)	(50.0, 4410.000000000459)	(51.0, 7080.666666664697)	(52.0, 15858.666666677631)	(53.0, 14949.666666675977)	(54.0, 13312.000000006332)	(55.0, 6116.333333332241)	(56.0, 5148.333333333121)	(57.0, 6380.666666665334)	(58.0, 2497.0000000000177)	(59.0, 1572.333333333255)	(60.0, 1284.3333333333205)	(61.0, 895.0000000000318)	(62.0, 531.9999999999906)	(63.0, 232.33333333333556)	(64.0, 109.33333333333286)	(65.0, 85.66666666666653)	(66.0, 57.333333333333464)	(67.0, 11.000000000000002)	(68.0, 4.999999999999999)	(69.0, 2.333333333333333)	(70.0, 1.9999999999999998)	(71.0, 1.0)	(72.0, 0.6666666666666666)	(73.0, 0.6666666666666666)	(74.0, 0.3333333333333333)	(75.0, 0.0)	(76.0, 0.0)	(77.0, 0.0)	(78.0, 0.0)	(79.0, 0.0)	(80.0, 0.0)	(81.0, 0.0)	(82.0, 0.0)	(83.0, 0.0)	(84.0, 0.0)	(85.0, 0.0)	(86.0, 0.0)	(87.0, 0.0)	(88.0, 0.0)	(89.0, 0.0)	(90.0, 0.0)	(91.0, 0.0)	(92.0, 0.0)	(93.0, 0.0)	(94.0, 0.0)	(95.0, 0.0)	(96.0, 0.0)	(97.0, 0.0)	(98.0, 0.0)	(99.0, 0.0)	(100.0, 0.0)
SRR5816738_2	(0.0, 0.0)	(1.0, 0.0)	(2.0, 0.0)	(3.0, 0.0)	(4.0, 0.0)	(5.0, 0.0)	(6.0, 0.0)	(7.0, 0.0)	(8.0, 0.0)	(9.0, 0.0)	(10.0, 0.0)	(11.0, 0.0)	(12.0, 0.0)	(13.0, 0.3333333333333333)	(14.0, 0.0)	(15.0, 0.0)	(16.0, 0.3333333333333333)	(17.0, 0.3333333333333333)	(18.0, 0.0)	(19.0, 0.0)	(20.0, 0.3333333333333333)	(21.0, 0.0)	(22.0, 0.0)	(23.0, 0.3333333333333333)	(24.0, 0.0)	(25.0, 0.0)	(26.0, 0.3333333333333333)	(27.0, 0.3333333333333333)	(28.0, 0.0)	(29.0, 0.0)	(30.0, 1.0)	(31.0, 1.3333333333333333)	(32.0, 2.6666666666666665)	(33.0, 2.333333333333333)	(34.0, 1.3333333333333333)	(35.0, 3.3333333333333335)	(36.0, 7.33333333333333)	(37.0, 8.33333333333333)	(38.0, 12.666666666666671)	(39.0, 14.666666666666675)	(40.0, 21.99999999999999)	(41.0, 32.99999999999996)	(42.0, 30.666666666666625)	(43.0, 44.66666666666671)	(44.0, 95.66666666666639)	(45.0, 328.66666666666544)	(46.0, 387.9999999999954)	(47.0, 555.6666666666599)	(48.0, 2627.000000000077)	(49.0, 11484.666666669675)	(50.0, 14411.000000008331)	(51.0, 9187.666666665496)	(52.0, 6457.666666665264)	(53.0, 12975.000000005719)	(54.0, 13244.666666672876)	(55.0, 4754.6666666668125)	(56.0, 1977.6666666664962)	(57.0, 1250.9999999999948)	(58.0, 639.6666666666695)	(59.0, 436.333333333326)	(60.0, 250.00000000000273)	(61.0, 156.00000000000006)	(62.0, 134.66666666666612)	(63.0, 133.33333333333275)	(64.0, 94.33333333333307)	(65.0, 56.33333333333346)	(66.0, 41.000000000000014)	(67.0, 81.33333333333326)	(68.0, 99.66666666666633)	(69.0, 45.666666666666714)	(70.0, 21.99999999999999)	(71.0, 9.333333333333332)	(72.0, 6.333333333333331)	(73.0, 5.666666666666665)	(74.0, 4.666666666666666)	(75.0, 3.666666666666667)	(76.0, 1.6666666666666665)	(77.0, 0.6666666666666666)	(78.0, 0.0)	(79.0, 0.0)	(80.0, 1.0)	(81.0, 1.6666666666666665)	(82.0, 0.6666666666666666)	(83.0, 0.0)	(84.0, 0.3333333333333333)	(85.0, 0.0)	(86.0, 0.6666666666666666)	(87.0, 0.6666666666666666)	(88.0, 1.0)	(89.0, 0.3333333333333333)	(90.0, 0.0)	(91.0, 0.0)	(92.0, 0.0)	(93.0, 0.0)	(94.0, 0.0)	(95.0, 0.0)	(96.0, 0.0)	(97.0, 0.0)	(98.0, 0.0)	(99.0, 0.6666666666666666)	(100.0, 1.0)
SRR5816739_1	(0.0, 0.0)	(1.0, 0.0)	(2.0, 0.0)	(3.0, 0.0)	(4.0, 0.0)	(5.0, 0.0)	(6.0, 0.0)	(7.0, 0.0)	(8.0, 0.0)	(9.0, 0.0)	(10.0, 0.0)	(11.0, 0.0)	(12.0, 0.0)	(13.0, 0.0)	(14.0, 0.0)	(15.0, 0.0)	(16.0, 0.0)	(17.0, 0.0)	(18.0, 0.0)	(19.0, 0.0)	(20.0, 0.0)	(21.0, 0.0)	(22.0, 0.3333333333333333)	(23.0, 0.0)	(24.0, 0.0)	(25.0, 0.0)	(26.0, 0.3333333333333333)	(27.0, 0.6666666666666666)	(28.0, 0.0)	(29.0, 0.0)	(30.0, 0.0)	(31.0, 0.0)	(32.0, 0.6666666666666666)	(33.0, 0.0)	(34.0, 0.6666666666666666)	(35.0, 1.0)	(36.0, 1.9999999999999998)	(37.0, 3.3333333333333335)	(38.0, 1.9999999999999998)	(39.0, 3.3333333333333335)	(40.0, 2.6666666666666665)	(41.0, 1.9999999999999998)	(42.0, 2.6666666666666665)	(43.0, 8.33333333333333)	(44.0, 9.333333333333332)	(45.0, 18.333333333333336)	(46.0, 39.66666666666667)	(47.0, 86.33333333333319)	(48.0, 263.0000000000025)	(49.0, 2080.666666666495)	(50.0, 7918.666666663935)	(51.0, 12863.33333333885)	(52.0, 11694.666666670057)	(53.0, 15017.666666676101)	(54.0, 24082.666666650577)	(55.0, 9374.666666665837)	(56.0, 6891.666666664869)	(57.0, 12830.000000005455)	(58.0, 4970.666666666616)	(59.0, 706.6666666666771)	(60.0, 282.66666666666805)	(61.0, 155.33333333333337)	(62.0, 68.33333333333344)	(63.0, 34.99999999999997)	(64.0, 19.999999999999996)	(65.0, 12.666666666666671)	(66.0, 6.999999999999997)	(67.0, 3.0)	(68.0, 3.3333333333333335)	(69.0, 1.6666666666666665)	(70.0, 0.3333333333333333)	(71.0, 1.9999999999999998)	(72.0, 1.0)	(73.0, 0.0)	(74.0, 0.0)	(75.0, 0.6666666666666666)	(76.0, 0.3333333333333333)	(77.0, 0.3333333333333333)	(78.0, 0.0)	(79.0, 0.0)	(80.0, 0.0)	(81.0, 0.3333333333333333)	(82.0, 0.0)	(83.0, 0.0)	(84.0, 0.0)	(85.0, 0.0)	(86.0, 0.0)	(87.0, 0.0)	(88.0, 0.0)	(89.0, 0.0)	(90.0, 0.0)	(91.0, 0.0)	(92.0, 0.0)	(93.0, 0.0)	(94.0, 0.0)	(95.0, 0.0)	(96.0, 0.0)	(97.0, 0.0)	(98.0, 0.0)	(99.0, 0.0)	(100.0, 0.0)
SRR5816739_2	(0.0, 0.0)	(1.0, 0.0)	(2.0, 0.0)	(3.0, 0.0)	(4.0, 0.0)	(5.0, 0.0)	(6.0, 0.0)	(7.0, 0.0)	(8.0, 0.0)	(9.0, 0.0)	(10.0, 0.0)	(11.0, 0.0)	(12.0, 0.0)	(13.0, 0.0)	(14.0, 0.0)	(15.0, 0.6666666666666666)	(16.0, 0.0)	(17.0, 0.0)	(18.0, 0.0)	(19.0, 0.0)	(20.0, 0.3333333333333333)	(21.0, 0.0)	(22.0, 0.6666666666666666)	(23.0, 0.6666666666666666)	(24.0, 0.3333333333333333)	(25.0, 0.0)	(26.0, 0.3333333333333333)	(27.0, 0.6666666666666666)	(28.0, 1.9999999999999998)	(29.0, 1.9999999999999998)	(30.0, 1.9999999999999998)	(31.0, 3.0)	(32.0, 3.3333333333333335)	(33.0, 3.666666666666667)	(34.0, 5.666666666666665)	(35.0, 7.9999999999999964)	(36.0, 11.000000000000002)	(37.0, 13.33333333333334)	(38.0, 23.333333333333318)	(39.0, 28.3333333333333)	(40.0, 31.999999999999954)	(41.0, 43.333333333333364)	(42.0, 49.33333333333341)	(43.0, 66.33333333333347)	(44.0, 94.6666666666664)	(45.0, 132.9999999999994)	(46.0, 217.33333333333513)	(47.0, 564.9999999999943)	(48.0, 3684.333333333891)	(49.0, 22403.333333323353)	(50.0, 30721.999999959757)	(51.0, 20020.999999998687)	(52.0, 13724.333333340415)	(53.0, 9263.999999998969)	(54.0, 5386.999999999571)	(55.0, 1397.9999999999613)	(56.0, 580.6666666666628)	(57.0, 343.6666666666646)	(58.0, 207.0000000000015)	(59.0, 99.333333333333)	(60.0, 70.66666666666674)	(61.0, 69.33333333333343)	(62.0, 41.33333333333335)	(63.0, 28.3333333333333)	(64.0, 21.333333333333325)	(65.0, 14.333333333333341)	(66.0, 11.66666666666667)	(67.0, 17.000000000000007)	(68.0, 18.333333333333336)	(69.0, 8.33333333333333)	(70.0, 4.0)	(71.0, 4.666666666666666)	(72.0, 5.999999999999998)	(73.0, 1.9999999999999998)	(74.0, 1.0)	(75.0, 1.3333333333333333)	(76.0, 1.0)	(77.0, 2.6666666666666665)	(78.0, 1.9999999999999998)	(79.0, 0.0)	(80.0, 0.0)	(81.0, 0.0)	(82.0, 0.3333333333333333)	(83.0, 0.0)	(84.0, 0.0)	(85.0, 0.0)	(86.0, 0.0)	(87.0, 0.3333333333333333)	(88.0, 0.3333333333333333)	(89.0, 0.0)	(90.0, 0.0)	(91.0, 0.0)	(92.0, 0.3333333333333333)	(93.0, 0.0)	(94.0, 0.0)	(95.0, 0.0)	(96.0, 0.0)	(97.0, 1.3333333333333333)	(98.0, 3.666666666666667)	(99.0, 0.6666666666666666)	(100.0, 0.0)
SRR5816740_1	(0.0, 0.0)	(1.0, 0.0)	(2.0, 0.0)	(3.0, 0.0)	(4.0, 0.0)	(5.0, 0.0)	(6.0, 0.0)	(7.0, 0.0)	(8.0, 0.0)	(9.0, 0.0)	(10.0, 0.0)	(11.0, 0.0)	(12.0, 0.0)	(13.0, 0.0)	(14.0, 0.0)	(15.0, 0.0)	(16.0, 0.0)	(17.0, 0.0)	(18.0, 0.0)	(19.0, 0.0)	(20.0, 0.0)	(21.0, 0.0)	(22.0, 0.0)	(23.0, 0.0)	(24.0, 0.0)	(25.0, 0.0)	(26.0, 0.0)	(27.0, 0.0)	(28.0, 0.0)	(29.0, 0.0)	(30.0, 0.0)	(31.0, 0.0)	(32.0, 0.0)	(33.0, 0.3333333333333333)	(34.0, 1.0)	(35.0, 1.0)	(36.0, 1.3333333333333333)	(37.0, 2.6666666666666665)	(38.0, 1.3333333333333333)	(39.0, 3.0)	(40.0, 1.6666666666666665)	(41.0, 1.6666666666666665)	(42.0, 4.666666666666666)	(43.0, 6.999999999999997)	(44.0, 14.000000000000007)	(45.0, 29.333333333333297)	(46.0, 72.33333333333339)	(47.0, 170.00000000000045)	(48.0, 691.333333333342)	(49.0, 6463.999999998591)	(50.0, 27854.666666636855)	(51.0, 29741.333333296658)	(52.0, 8178.666666663698)	(53.0, 3620.333333333862)	(54.0, 5707.333333332613)	(55.0, 6028.333333332321)	(56.0, 2095.3333333331684)	(57.0, 790.0000000000199)	(58.0, 589.9999999999972)	(59.0, 1190.0000000000086)	(60.0, 697.3333333333427)	(61.0, 132.9999999999994)	(62.0, 72.66666666666671)	(63.0, 24.333333333333314)	(64.0, 14.000000000000007)	(65.0, 7.33333333333333)	(66.0, 3.666666666666667)	(67.0, 1.6666666666666665)	(68.0, 1.0)	(69.0, 1.0)	(70.0, 1.3333333333333333)	(71.0, 1.0)	(72.0, 0.3333333333333333)	(73.0, 0.0)	(74.0, 0.0)	(75.0, 0.0)	(76.0, 0.0)	(77.0, 0.3333333333333333)	(78.0, 0.0)	(79.0, 0.0)	(80.0, 0.0)	(81.0, 0.0)	(82.0, 0.0)	(83.0, 0.0)	(84.0, 0.0)	(85.0, 0.0)	(86.0, 0.0)	(87.0, 0.0)	(88.0, 0.0)	(89.0, 0.0)	(90.0, 0.0)	(91.0, 0.0)	(92.0, 0.0)	(93.0, 0.0)	(94.0, 0.0)	(95.0, 0.0)	(96.0, 0.0)	(97.0, 0.0)	(98.0, 0.0)	(99.0, 0.0)	(100.0, 0.0)
SRR5816740_2	(0.0, 0.0)	(1.0, 0.0)	(2.0, 0.0)	(3.0, 0.0)	(4.0, 0.0)	(5.0, 0.0)	(6.0, 0.0)	(7.0, 0.0)	(8.0, 0.0)	(9.0, 0.0)	(10.0, 0.0)	(11.0, 1.3333333333333333)	(12.0, 0.0)	(13.0, 0.0)	(14.0, 0.0)	(15.0, 0.0)	(16.0, 0.0)	(17.0, 0.3333333333333333)	(18.0, 0.3333333333333333)	(19.0, 0.0)	(20.0, 0.0)	(21.0, 0.3333333333333333)	(22.0, 0.3333333333333333)	(23.0, 0.3333333333333333)	(24.0, 0.3333333333333333)	(25.0, 0.6666666666666666)	(26.0, 0.6666666666666666)	(27.0, 0.3333333333333333)	(28.0, 0.6666666666666666)	(29.0, 1.3333333333333333)	(30.0, 1.0)	(31.0, 2.333333333333333)	(32.0, 3.0)	(33.0, 2.6666666666666665)	(34.0, 2.333333333333333)	(35.0, 2.6666666666666665)	(36.0, 3.3333333333333335)	(37.0, 11.333333333333336)	(38.0, 11.000000000000002)	(39.0, 15.000000000000009)	(40.0, 24.99999999999998)	(41.0, 31.33333333333329)	(42.0, 38.666666666666664)	(43.0, 61.33333333333349)	(44.0, 78.3333333333333)	(45.0, 105.33333333333292)	(46.0, 142.9999999999997)	(47.0, 221.0000000000019)	(48.0, 679.666666666674)	(49.0, 2320.9999999999377)	(50.0, 6838.666666664917)	(51.0, 23467.333333319482)	(52.0, 31330.66666662421)	(53.0, 16736.000000010637)	(54.0, 5890.333333332446)	(55.0, 1693.3333333332275)	(56.0, 959.6666666667059)	(57.0, 838.3333333333587)	(58.0, 942.0000000000372)	(59.0, 837.0000000000252)	(60.0, 260.6666666666693)	(61.0, 105.66666666666625)	(62.0, 65.33333333333348)	(63.0, 33.66666666666663)	(64.0, 22.33333333333332)	(65.0, 17.66666666666667)	(66.0, 11.66666666666667)	(67.0, 7.666666666666663)	(68.0, 9.333333333333332)	(69.0, 11.000000000000002)	(70.0, 7.666666666666663)	(71.0, 5.999999999999998)	(72.0, 5.333333333333332)	(73.0, 4.0)	(74.0, 2.333333333333333)	(75.0, 3.666666666666667)	(76.0, 2.333333333333333)	(77.0, 1.9999999999999998)	(78.0, 1.3333333333333333)	(79.0, 1.6666666666666665)	(80.0, 1.0)	(81.0, 1.6666666666666665)	(82.0, 1.0)	(83.0, 0.3333333333333333)	(84.0, 1.0)	(85.0, 0.3333333333333333)	(86.0, 0.0)	(87.0, 0.0)	(88.0, 0.0)	(89.0, 0.3333333333333333)	(90.0, 0.0)	(91.0, 0.0)	(92.0, 0.3333333333333333)	(93.0, 0.6666666666666666)	(94.0, 0.0)	(95.0, 0.0)	(96.0, 0.3333333333333333)	(97.0, 0.3333333333333333)	(98.0, 0.6666666666666666)	(99.0, 0.3333333333333333)	(100.0, 1.0)
SRR5816741_1	(0.0, 0.0)	(1.0, 0.0)	(2.0, 0.0)	(3.0, 0.0)	(4.0, 0.0)	(5.0, 0.0)	(6.0, 0.0)	(7.0, 0.0)	(8.0, 0.0)	(9.0, 0.0)	(10.0, 0.0)	(11.0, 0.0)	(12.0, 0.0)	(13.0, 0.0)	(14.0, 0.0)	(15.0, 0.0)	(16.0, 0.0)	(17.0, 0.0)	(18.0, 0.0)	(19.0, 0.0)	(20.0, 0.0)	(21.0, 0.0)	(22.0, 0.3333333333333333)	(23.0, 0.3333333333333333)	(24.0, 0.6666666666666666)	(25.0, 0.0)	(26.0, 0.0)	(27.0, 0.3333333333333333)	(28.0, 0.0)	(29.0, 0.3333333333333333)	(30.0, 0.0)	(31.0, 0.3333333333333333)	(32.0, 0.6666666666666666)	(33.0, 0.0)	(34.0, 0.6666666666666666)	(35.0, 1.6666666666666665)	(36.0, 4.333333333333333)	(37.0, 10.666666666666668)	(38.0, 3.3333333333333335)	(39.0, 3.0)	(40.0, 4.999999999999999)	(41.0, 4.333333333333333)	(42.0, 4.666666666666666)	(43.0, 6.999999999999997)	(44.0, 15.666666666666677)	(45.0, 23.66666666666665)	(46.0, 27.999999999999968)	(47.0, 73.00000000000004)	(48.0, 180.33333333333408)	(49.0, 790.6666666666866)	(50.0, 8482.999999997548)	(51.0, 17397.000000008233)	(52.0, 9134.999999998734)	(53.0, 6794.666666664957)	(54.0, 8250.333333330458)	(55.0, 6563.666666665167)	(56.0, 4469.000000000406)	(57.0, 3267.3333333337014)	(58.0, 2973.000000000234)	(59.0, 9910.333333333478)	(60.0, 6154.333333332206)	(61.0, 826.000000000024)	(62.0, 665.333333333339)	(63.0, 482.33333333332337)	(64.0, 207.6666666666682)	(65.0, 184.3333333333342)	(66.0, 62.666666666666835)	(67.0, 15.333333333333343)	(68.0, 6.666666666666664)	(69.0, 4.333333333333333)	(70.0, 3.666666666666667)	(71.0, 3.0)	(72.0, 1.6666666666666665)	(73.0, 0.6666666666666666)	(74.0, 0.6666666666666666)	(75.0, 0.6666666666666666)	(76.0, 0.6666666666666666)	(77.0, 0.3333333333333333)	(78.0, 0.0)	(79.0, 0.0)	(80.0, 0.0)	(81.0, 0.0)	(82.0, 0.0)	(83.0, 0.0)	(84.0, 0.0)	(85.0, 0.0)	(86.0, 0.0)	(87.0, 0.0)	(88.0, 0.0)	(89.0, 0.0)	(90.0, 0.0)	(91.0, 0.0)	(92.0, 0.0)	(93.0, 0.0)	(94.0, 0.0)	(95.0, 0.0)	(96.0, 0.0)	(97.0, 0.0)	(98.0, 0.0)	(99.0, 0.0)	(100.0, 0.0)
SRR5816741_2	(0.0, 0.0)	(1.0, 0.0)	(2.0, 0.0)	(3.0, 0.0)	(4.0, 0.0)	(5.0, 0.0)	(6.0, 0.0)	(7.0, 0.0)	(8.0, 0.0)	(9.0, 0.0)	(10.0, 0.0)	(11.0, 0.0)	(12.0, 0.0)	(13.0, 0.0)	(14.0, 0.3333333333333333)	(15.0, 0.3333333333333333)	(16.0, 0.0)	(17.0, 0.0)	(18.0, 0.3333333333333333)	(19.0, 0.3333333333333333)	(20.0, 0.3333333333333333)	(21.0, 0.0)	(22.0, 0.0)	(23.0, 0.6666666666666666)	(24.0, 1.3333333333333333)	(25.0, 0.6666666666666666)	(26.0, 0.3333333333333333)	(27.0, 0.0)	(28.0, 0.3333333333333333)	(29.0, 1.9999999999999998)	(30.0, 3.3333333333333335)	(31.0, 0.3333333333333333)	(32.0, 1.3333333333333333)	(33.0, 2.333333333333333)	(34.0, 3.666666666666667)	(35.0, 3.0)	(36.0, 8.666666666666664)	(37.0, 16.666666666666675)	(38.0, 21.333333333333325)	(39.0, 24.666666666666647)	(40.0, 30.666666666666625)	(41.0, 36.66666666666665)	(42.0, 44.000000000000036)	(43.0, 63.00000000000017)	(44.0, 382.66666666666237)	(45.0, 1309.3333333333148)	(46.0, 731.3333333333466)	(47.0, 358.3333333333304)	(48.0, 1109.6666666666936)	(49.0, 4107.000000000735)	(50.0, 5327.333333332958)	(51.0, 10193.333333333992)	(52.0, 16199.666666678251)	(53.0, 17664.333333340594)	(54.0, 10135.000000000553)	(55.0, 2961.0000000002287)	(56.0, 1840.9999999998606)	(57.0, 2681.0000000001014)	(58.0, 5076.999999999853)	(59.0, 3679.0000000005552)	(60.0, 896.3333333333653)	(61.0, 398.33333333332814)	(62.0, 374.3333333333295)	(63.0, 488.66666666665634)	(64.0, 364.6666666666634)	(65.0, 156.3333333333334)	(66.0, 56.66666666666679)	(67.0, 23.333333333333318)	(68.0, 15.333333333333343)	(69.0, 10.333333333333334)	(70.0, 7.9999999999999964)	(71.0, 5.333333333333332)	(72.0, 3.666666666666667)	(73.0, 4.0)	(74.0, 1.9999999999999998)	(75.0, 1.3333333333333333)	(76.0, 1.0)	(77.0, 0.6666666666666666)	(78.0, 1.3333333333333333)	(79.0, 2.333333333333333)	(80.0, 0.3333333333333333)	(81.0, 0.6666666666666666)	(82.0, 1.0)	(83.0, 0.6666666666666666)	(84.0, 0.3333333333333333)	(85.0, 0.0)	(86.0, 0.0)	(87.0, 0.0)	(88.0, 0.0)	(89.0, 0.0)	(90.0, 0.6666666666666666)	(91.0, 0.0)	(92.0, 0.0)	(93.0, 1.0)	(94.0, 0.6666666666666666)	(95.0, 0.3333333333333333)	(96.0, 0.3333333333333333)	(97.0, 0.0)	(98.0, 0.3333333333333333)	(99.0, 0.3333333333333333)	(100.0, 1.5)
SRR5816742_1	(0.0, 0.0)	(1.0, 0.0)	(2.0, 0.0)	(3.0, 0.0)	(4.0, 0.0)	(5.0, 0.0)	(6.0, 0.0)	(7.0, 0.0)	(8.0, 0.0)	(9.0, 0.0)	(10.0, 0.0)	(11.0, 0.0)	(12.0, 0.0)	(13.0, 0.0)	(14.0, 0.0)	(15.0, 0.0)	(16.0, 0.0)	(17.0, 0.0)	(18.0, 0.0)	(19.0, 0.0)	(20.0, 0.0)	(21.0, 0.0)	(22.0, 0.0)	(23.0, 0.0)	(24.0, 0.0)	(25.0, 0.0)	(26.0, 0.0)	(27.0, 0.0)	(28.0, 0.0)	(29.0, 0.0)	(30.0, 0.0)	(31.0, 0.0)	(32.0, 0.0)	(33.0, 0.0)	(34.0, 0.3333333333333333)	(35.0, 0.3333333333333333)	(36.0, 0.0)	(37.0, 0.6666666666666666)	(38.0, 0.3333333333333333)	(39.0, 1.0)	(40.0, 0.6666666666666666)	(41.0, 1.6666666666666665)	(42.0, 1.6666666666666665)	(43.0, 2.6666666666666665)	(44.0, 4.0)	(45.0, 5.333333333333332)	(46.0, 13.666666666666673)	(47.0, 28.3333333333333)	(48.0, 69.33333333333343)	(49.0, 306.6666666666667)	(50.0, 4335.3333333338605)	(51.0, 9404.333333332557)	(52.0, 6591.333333331809)	(53.0, 9303.999999999041)	(54.0, 13866.00000000734)	(55.0, 9191.33333333217)	(56.0, 9337.66666666577)	(57.0, 9177.666666665478)	(58.0, 4234.666666667285)	(59.0, 8648.666666664516)	(60.0, 5124.999999999809)	(61.0, 591.666666666664)	(62.0, 209.3333333333349)	(63.0, 148.99999999999986)	(64.0, 99.333333333333)	(65.0, 87.6666666666665)	(66.0, 31.66666666666662)	(67.0, 5.666666666666665)	(68.0, 3.666666666666667)	(69.0, 3.0)	(70.0, 2.333333333333333)	(71.0, 1.6666666666666665)	(72.0, 1.3333333333333333)	(73.0, 1.0)	(74.0, 0.0)	(75.0, 0.0)	(76.0, 0.0)	(77.0, 0.3333333333333333)	(78.0, 0.0)	(79.0, 0.0)	(80.0, 0.0)	(81.0, 0.0)	(82.0, 0.0)	(83.0, 0.0)	(84.0, 0.0)	(85.0, 0.0)	(86.0, 0.0)	(87.0, 0.0)	(88.0, 0.0)	(89.0, 0.0)	(90.0, 0.0)	(91.0, 0.0)	(92.0, 0.0)	(93.0, 0.0)	(94.0, 0.0)	(95.0, 0.0)	(96.0, 0.0)	(97.0, 0.0)	(98.0, 0.0)	(99.0, 0.0)	(100.0, 0.0)
SRR5816742_2	(0.0, 0.0)	(1.0, 0.0)	(2.0, 0.0)	(3.0, 0.0)	(4.0, 0.0)	(5.0, 0.0)	(6.0, 0.0)	(7.0, 0.0)	(8.0, 0.0)	(9.0, 0.0)	(10.0, 0.0)	(11.0, 0.0)	(12.0, 0.0)	(13.0, 0.0)	(14.0, 0.3333333333333333)	(15.0, 0.3333333333333333)	(16.0, 0.3333333333333333)	(17.0, 0.0)	(18.0, 0.3333333333333333)	(19.0, 0.0)	(20.0, 0.0)	(21.0, 0.0)	(22.0, 0.0)	(23.0, 0.0)	(24.0, 0.3333333333333333)	(25.0, 0.3333333333333333)	(26.0, 0.3333333333333333)	(27.0, 0.3333333333333333)	(28.0, 1.0)	(29.0, 0.6666666666666666)	(30.0, 0.3333333333333333)	(31.0, 0.3333333333333333)	(32.0, 0.6666666666666666)	(33.0, 1.6666666666666665)	(34.0, 1.6666666666666665)	(35.0, 3.3333333333333335)	(36.0, 5.666666666666665)	(37.0, 8.666666666666664)	(38.0, 7.9999999999999964)	(39.0, 8.33333333333333)	(40.0, 13.666666666666673)	(41.0, 19.666666666666664)	(42.0, 27.666666666666636)	(43.0, 36.333333333333314)	(44.0, 38.33333333333333)	(45.0, 64.3333333333335)	(46.0, 108.99999999999953)	(47.0, 278.6666666666683)	(48.0, 1145.3333333333521)	(49.0, 7262.9999999978645)	(50.0, 12570.333333338316)	(51.0, 13004.66666667244)	(52.0, 12756.666666671988)	(53.0, 12387.333333337983)	(54.0, 9258.333333332292)	(55.0, 3300.000000000383)	(56.0, 2126.3333333331825)	(57.0, 2492.0000000000155)	(58.0, 5671.6666666659785)	(59.0, 6298.999999998741)	(60.0, 1468.666666666612)	(61.0, 356.33333333333053)	(62.0, 177.66666666666734)	(63.0, 157.33333333333343)	(64.0, 111.66666666666616)	(65.0, 57.00000000000013)	(66.0, 29.66666666666663)	(67.0, 12.333333333333337)	(68.0, 8.33333333333333)	(69.0, 7.9999999999999964)	(70.0, 8.666666666666664)	(71.0, 6.333333333333331)	(72.0, 4.999999999999999)	(73.0, 3.666666666666667)	(74.0, 4.333333333333333)	(75.0, 1.3333333333333333)	(76.0, 1.3333333333333333)	(77.0, 0.0)	(78.0, 1.3333333333333333)	(79.0, 1.0)	(80.0, 1.0)	(81.0, 0.6666666666666666)	(82.0, 0.3333333333333333)	(83.0, 1.0)	(84.0, 0.3333333333333333)	(85.0, 1.0)	(86.0, 1.0)	(87.0, 0.3333333333333333)	(88.0, 0.0)	(89.0, 0.6666666666666666)	(90.0, 0.0)	(91.0, 0.0)	(92.0, 0.6666666666666666)	(93.0, 0.3333333333333333)	(94.0, 0.0)	(95.0, 0.0)	(96.0, 0.0)	(97.0, 0.3333333333333333)	(98.0, 0.6666666666666666)	(99.0, 0.6666666666666666)	(100.0, 0.0)
SRR5816743_1	(0.0, 0.0)	(1.0, 0.0)	(2.0, 0.0)	(3.0, 0.0)	(4.0, 0.0)	(5.0, 0.0)	(6.0, 0.0)	(7.0, 0.0)	(8.0, 0.0)	(9.0, 0.0)	(10.0, 0.0)	(11.0, 0.0)	(12.0, 0.0)	(13.0, 0.0)	(14.0, 0.0)	(15.0, 0.0)	(16.0, 0.0)	(17.0, 0.0)	(18.0, 0.0)	(19.0, 0.0)	(20.0, 0.0)	(21.0, 0.0)	(22.0, 0.0)	(23.0, 0.0)	(24.0, 0.0)	(25.0, 0.0)	(26.0, 0.0)	(27.0, 0.0)	(28.0, 0.3333333333333333)	(29.0, 0.0)	(30.0, 0.0)	(31.0, 0.0)	(32.0, 0.0)	(33.0, 0.3333333333333333)	(34.0, 0.6666666666666666)	(35.0, 0.3333333333333333)	(36.0, 1.0)	(37.0, 1.0)	(38.0, 0.6666666666666666)	(39.0, 0.3333333333333333)	(40.0, 1.0)	(41.0, 1.3333333333333333)	(42.0, 0.6666666666666666)	(43.0, 2.6666666666666665)	(44.0, 4.666666666666666)	(45.0, 14.333333333333341)	(46.0, 25.999999999999975)	(47.0, 52.33333333333343)	(48.0, 163.3333333333336)	(49.0, 947.3333333333711)	(50.0, 12586.66666667168)	(51.0, 23513.333333319315)	(52.0, 7092.333333331353)	(53.0, 4506.666666667038)	(54.0, 6960.666666664806)	(55.0, 7948.666666663908)	(56.0, 10959.000000002052)	(57.0, 8795.666666664783)	(58.0, 5260.666666666352)	(59.0, 11461.000000002965)	(60.0, 6461.66666666526)	(61.0, 835.3333333333584)	(62.0, 829.3333333333577)	(63.0, 654.0000000000044)	(64.0, 332.3333333333319)	(65.0, 250.00000000000273)	(66.0, 65.66666666666681)	(67.0, 12.000000000000004)	(68.0, 4.333333333333333)	(69.0, 1.9999999999999998)	(70.0, 1.3333333333333333)	(71.0, 1.9999999999999998)	(72.0, 1.6666666666666665)	(73.0, 1.0)	(74.0, 0.3333333333333333)	(75.0, 0.0)	(76.0, 0.3333333333333333)	(77.0, 1.0)	(78.0, 0.6666666666666666)	(79.0, 0.0)	(80.0, 0.0)	(81.0, 0.0)	(82.0, 0.0)	(83.0, 0.0)	(84.0, 0.0)	(85.0, 0.0)	(86.0, 0.0)	(87.0, 0.0)	(88.0, 0.0)	(89.0, 0.0)	(90.0, 0.0)	(91.0, 0.0)	(92.0, 0.0)	(93.0, 0.0)	(94.0, 0.0)	(95.0, 0.0)	(96.0, 0.0)	(97.0, 0.0)	(98.0, 0.0)	(99.0, 0.0)	(100.0, 0.0)
SRR5816743_2	(0.0, 0.0)	(1.0, 0.0)	(2.0, 0.0)	(3.0, 0.0)	(4.0, 0.0)	(5.0, 0.0)	(6.0, 0.0)	(7.0, 0.0)	(8.0, 0.0)	(9.0, 0.0)	(10.0, 0.0)	(11.0, 0.0)	(12.0, 0.0)	(13.0, 0.0)	(14.0, 0.0)	(15.0, 0.0)	(16.0, 0.0)	(17.0, 0.3333333333333333)	(18.0, 0.3333333333333333)	(19.0, 0.3333333333333333)	(20.0, 0.0)	(21.0, 0.3333333333333333)	(22.0, 1.0)	(23.0, 0.3333333333333333)	(24.0, 0.3333333333333333)	(25.0, 0.3333333333333333)	(26.0, 0.0)	(27.0, 0.6666666666666666)	(28.0, 1.3333333333333333)	(29.0, 1.0)	(30.0, 0.6666666666666666)	(31.0, 0.6666666666666666)	(32.0, 0.6666666666666666)	(33.0, 1.9999999999999998)	(34.0, 2.6666666666666665)	(35.0, 3.0)	(36.0, 4.0)	(37.0, 5.666666666666665)	(38.0, 11.333333333333336)	(39.0, 13.666666666666673)	(40.0, 13.666666666666673)	(41.0, 28.3333333333333)	(42.0, 31.33333333333329)	(43.0, 43.00000000000003)	(44.0, 45.33333333333338)	(45.0, 122.33333333333267)	(46.0, 171.00000000000048)	(47.0, 159.00000000000014)	(48.0, 505.33333333332206)	(49.0, 2480.00000000001)	(50.0, 6257.999999998779)	(51.0, 13096.666666672607)	(52.0, 21788.999999992255)	(53.0, 21121.333333328017)	(54.0, 15425.33333334351)	(55.0, 5434.666666666194)	(56.0, 2321.6666666666047)	(57.0, 3139.0000000003097)	(58.0, 7278.99999999785)	(59.0, 5945.666666665729)	(60.0, 1435.3333333332862)	(61.0, 625.3333333333345)	(62.0, 518.6666666666557)	(63.0, 655.0000000000045)	(64.0, 439.3333333333258)	(65.0, 134.33333333333277)	(66.0, 46.66666666666672)	(67.0, 22.999999999999986)	(68.0, 21.666666666666657)	(69.0, 16.00000000000001)	(70.0, 10.0)	(71.0, 6.999999999999997)	(72.0, 6.666666666666664)	(73.0, 5.333333333333332)	(74.0, 4.666666666666666)	(75.0, 6.333333333333331)	(76.0, 2.6666666666666665)	(77.0, 2.6666666666666665)	(78.0, 2.6666666666666665)	(79.0, 1.9999999999999998)	(80.0, 1.3333333333333333)	(81.0, 0.6666666666666666)	(82.0, 0.6666666666666666)	(83.0, 0.0)	(84.0, 0.3333333333333333)	(85.0, 0.6666666666666666)	(86.0, 0.3333333333333333)	(87.0, 1.0)	(88.0, 0.6666666666666666)	(89.0, 1.0)	(90.0, 0.3333333333333333)	(91.0, 0.6666666666666666)	(92.0, 0.0)	(93.0, 0.3333333333333333)	(94.0, 1.0)	(95.0, 0.3333333333333333)	(96.0, 0.0)	(97.0, 0.0)	(98.0, 0.6666666666666666)	(99.0, 0.0)	(100.0, 0.5)
SRR5816744_1	(0.0, 0.0)	(1.0, 0.0)	(2.0, 0.0)	(3.0, 0.0)	(4.0, 0.0)	(5.0, 0.0)	(6.0, 0.0)	(7.0, 0.0)	(8.0, 0.0)	(9.0, 0.0)	(10.0, 0.0)	(11.0, 0.0)	(12.0, 0.0)	(13.0, 0.0)	(14.0, 0.0)	(15.0, 0.0)	(16.0, 0.0)	(17.0, 0.0)	(18.0, 0.0)	(19.0, 0.0)	(20.0, 0.0)	(21.0, 0.0)	(22.0, 0.0)	(23.0, 0.0)	(24.0, 0.0)	(25.0, 0.3333333333333333)	(26.0, 0.3333333333333333)	(27.0, 0.0)	(28.0, 0.0)	(29.0, 0.0)	(30.0, 0.6666666666666666)	(31.0, 0.0)	(32.0, 0.0)	(33.0, 1.0)	(34.0, 1.3333333333333333)	(35.0, 1.3333333333333333)	(36.0, 1.3333333333333333)	(37.0, 1.3333333333333333)	(38.0, 1.6666666666666665)	(39.0, 0.6666666666666666)	(40.0, 2.333333333333333)	(41.0, 1.9999999999999998)	(42.0, 3.666666666666667)	(43.0, 8.666666666666664)	(44.0, 16.666666666666675)	(45.0, 44.66666666666671)	(46.0, 96.66666666666637)	(47.0, 214.6666666666684)	(48.0, 531.9999999999906)	(49.0, 2737.666666666794)	(50.0, 5983.999999999028)	(51.0, 16959.66666667649)	(52.0, 23574.666666652425)	(53.0, 17637.666666674024)	(54.0, 20950.66666666197)	(55.0, 21076.999999994845)	(56.0, 20892.666666662182)	(57.0, 16558.000000011285)	(58.0, 7498.333333330984)	(59.0, 3340.3333333337346)	(60.0, 2043.333333333148)	(61.0, 1955.6666666665012)	(62.0, 1242.33333333333)	(63.0, 577.9999999999958)	(64.0, 277.333333333335)	(65.0, 232.6666666666689)	(66.0, 146.9999999999998)	(67.0, 19.333333333333332)	(68.0, 5.999999999999998)	(69.0, 6.666666666666664)	(70.0, 5.333333333333332)	(71.0, 4.0)	(72.0, 2.6666666666666665)	(73.0, 1.6666666666666665)	(74.0, 0.6666666666666666)	(75.0, 0.0)	(76.0, 0.3333333333333333)	(77.0, 0.6666666666666666)	(78.0, 0.0)	(79.0, 0.3333333333333333)	(80.0, 0.3333333333333333)	(81.0, 0.0)	(82.0, 0.0)	(83.0, 0.0)	(84.0, 0.0)	(85.0, 0.0)	(86.0, 0.0)	(87.0, 0.0)	(88.0, 0.0)	(89.0, 0.0)	(90.0, 0.0)	(91.0, 0.0)	(92.0, 0.0)	(93.0, 0.0)	(94.0, 0.0)	(95.0, 0.0)	(96.0, 0.0)	(97.0, 0.0)	(98.0, 0.0)	(99.0, 0.0)	(100.0, 0.0)
SRR5816744_2	(0.0, 0.0)	(1.0, 0.0)	(2.0, 0.0)	(3.0, 0.0)	(4.0, 0.0)	(5.0, 0.0)	(6.0, 0.0)	(7.0, 0.0)	(8.0, 0.0)	(9.0, 0.0)	(10.0, 0.0)	(11.0, 0.0)	(12.0, 0.0)	(13.0, 0.3333333333333333)	(14.0, 0.3333333333333333)	(15.0, 0.0)	(16.0, 0.0)	(17.0, 0.0)	(18.0, 0.0)	(19.0, 0.0)	(20.0, 0.0)	(21.0, 0.6666666666666666)	(22.0, 0.6666666666666666)	(23.0, 0.0)	(24.0, 0.0)	(25.0, 0.0)	(26.0, 0.0)	(27.0, 0.6666666666666666)	(28.0, 0.6666666666666666)	(29.0, 0.6666666666666666)	(30.0, 0.3333333333333333)	(31.0, 0.3333333333333333)	(32.0, 1.3333333333333333)	(33.0, 2.6666666666666665)	(34.0, 3.666666666666667)	(35.0, 3.3333333333333335)	(36.0, 7.9999999999999964)	(37.0, 11.333333333333336)	(38.0, 12.333333333333337)	(39.0, 13.666666666666673)	(40.0, 19.333333333333332)	(41.0, 31.66666666666662)	(42.0, 45.666666666666714)	(43.0, 54.00000000000011)	(44.0, 94.33333333333307)	(45.0, 312.66666666666634)	(46.0, 550.6666666666594)	(47.0, 1310.9999999999811)	(48.0, 2848.333333333511)	(49.0, 6138.333333332221)	(50.0, 12428.666666671392)	(51.0, 18175.666666672067)	(52.0, 28654.333333300612)	(53.0, 33764.66666662623)	(54.0, 27008.3333333066)	(55.0, 13897.33333334073)	(56.0, 8228.999999997086)	(57.0, 4078.33333333407)	(58.0, 1798.3333333332037)	(59.0, 957.0000000000389)	(60.0, 644.3333333333367)	(61.0, 462.3333333333245)	(62.0, 615.3333333333334)	(63.0, 1175.6666666666786)	(64.0, 632.3333333333353)	(65.0, 181.3333333333341)	(66.0, 102.66666666666629)	(67.0, 227.66666666666876)	(68.0, 275.0000000000018)	(69.0, 113.3333333333328)	(70.0, 42.66666666666669)	(71.0, 19.999999999999996)	(72.0, 11.000000000000002)	(73.0, 7.666666666666663)	(74.0, 6.333333333333331)	(75.0, 4.666666666666666)	(76.0, 4.0)	(77.0, 4.333333333333333)	(78.0, 2.6666666666666665)	(79.0, 2.333333333333333)	(80.0, 1.3333333333333333)	(81.0, 2.333333333333333)	(82.0, 1.3333333333333333)	(83.0, 0.3333333333333333)	(84.0, 1.0)	(85.0, 1.6666666666666665)	(86.0, 0.3333333333333333)	(87.0, 0.6666666666666666)	(88.0, 0.3333333333333333)	(89.0, 1.0)	(90.0, 0.0)	(91.0, 0.3333333333333333)	(92.0, 0.6666666666666666)	(93.0, 0.6666666666666666)	(94.0, 0.3333333333333333)	(95.0, 0.3333333333333333)	(96.0, 0.3333333333333333)	(97.0, 0.0)	(98.0, 0.0)	(99.0, 0.3333333333333333)	(100.0, 0.5)
SRR5816745_1	(0.0, 0.0)	(1.0, 0.0)	(2.0, 0.0)	(3.0, 0.0)	(4.0, 0.0)	(5.0, 0.0)	(6.0, 0.0)	(7.0, 0.0)	(8.0, 0.0)	(9.0, 0.0)	(10.0, 0.0)	(11.0, 0.0)	(12.0, 0.0)	(13.0, 0.0)	(14.0, 0.0)	(15.0, 0.0)	(16.0, 0.0)	(17.0, 0.0)	(18.0, 0.0)	(19.0, 0.0)	(20.0, 0.0)	(21.0, 0.0)	(22.0, 0.0)	(23.0, 0.0)	(24.0, 0.0)	(25.0, 0.3333333333333333)	(26.0, 0.0)	(27.0, 0.0)	(28.0, 0.0)	(29.0, 0.0)	(30.0, 0.0)	(31.0, 0.0)	(32.0, 0.3333333333333333)	(33.0, 0.3333333333333333)	(34.0, 0.0)	(35.0, 0.0)	(36.0, 0.3333333333333333)	(37.0, 0.3333333333333333)	(38.0, 0.0)	(39.0, 0.0)	(40.0, 1.3333333333333333)	(41.0, 1.6666666666666665)	(42.0, 1.0)	(43.0, 4.666666666666666)	(44.0, 14.000000000000007)	(45.0, 18.666666666666668)	(46.0, 19.333333333333332)	(47.0, 62.3333333333335)	(48.0, 223.00000000000196)	(49.0, 854.6666666666939)	(50.0, 3355.000000000408)	(51.0, 9736.333333333161)	(52.0, 11646.333333336635)	(53.0, 8783.666666664762)	(54.0, 9448.999999999305)	(55.0, 7328.666666664471)	(56.0, 5299.333333332984)	(57.0, 4720.666666666843)	(58.0, 2634.00000000008)	(59.0, 774.3333333333514)	(60.0, 430.66666666665964)	(61.0, 330.333333333332)	(62.0, 222.33333333333528)	(63.0, 149.3333333333332)	(64.0, 88.33333333333316)	(65.0, 79.33333333333329)	(66.0, 56.33333333333346)	(67.0, 8.666666666666664)	(68.0, 1.0)	(69.0, 1.0)	(70.0, 1.0)	(71.0, 0.3333333333333333)	(72.0, 0.3333333333333333)	(73.0, 0.3333333333333333)	(74.0, 0.3333333333333333)	(75.0, 0.0)	(76.0, 0.0)	(77.0, 0.0)	(78.0, 0.3333333333333333)	(79.0, 0.0)	(80.0, 0.0)	(81.0, 0.0)	(82.0, 0.0)	(83.0, 0.0)	(84.0, 0.0)	(85.0, 0.0)	(86.0, 0.0)	(87.0, 0.0)	(88.0, 0.0)	(89.0, 0.0)	(90.0, 0.0)	(91.0, 0.0)	(92.0, 0.0)	(93.0, 0.0)	(94.0, 0.0)	(95.0, 0.0)	(96.0, 0.0)	(97.0, 0.0)	(98.0, 0.0)	(99.0, 0.0)	(100.0, 0.0)
SRR5816745_2	(0.0, 0.0)	(1.0, 0.0)	(2.0, 0.0)	(3.0, 0.0)	(4.0, 0.0)	(5.0, 0.0)	(6.0, 0.0)	(7.0, 0.0)	(8.0, 0.0)	(9.0, 0.0)	(10.0, 0.0)	(11.0, 0.0)	(12.0, 0.3333333333333333)	(13.0, 0.0)	(14.0, 0.0)	(15.0, 0.0)	(16.0, 0.0)	(17.0, 0.3333333333333333)	(18.0, 0.3333333333333333)	(19.0, 0.0)	(20.0, 0.0)	(21.0, 0.3333333333333333)	(22.0, 0.3333333333333333)	(23.0, 0.3333333333333333)	(24.0, 0.0)	(25.0, 0.0)	(26.0, 0.6666666666666666)	(27.0, 1.3333333333333333)	(28.0, 0.3333333333333333)	(29.0, 1.0)	(30.0, 1.9999999999999998)	(31.0, 1.9999999999999998)	(32.0, 2.333333333333333)	(33.0, 2.6666666666666665)	(34.0, 4.999999999999999)	(35.0, 5.666666666666665)	(36.0, 6.666666666666664)	(37.0, 12.666666666666671)	(38.0, 14.666666666666675)	(39.0, 12.000000000000004)	(40.0, 17.33333333333334)	(41.0, 24.333333333333314)	(42.0, 27.666666666666636)	(43.0, 32.99999999999996)	(44.0, 59.66666666666681)	(45.0, 222.33333333333528)	(46.0, 324.66666666666566)	(47.0, 488.66666666665634)	(48.0, 1185.333333333343)	(49.0, 3182.3333333336627)	(50.0, 5987.666666665691)	(51.0, 8424.666666664109)	(52.0, 11778.333333336876)	(53.0, 12257.333333337747)	(54.0, 9805.66666666662)	(55.0, 5109.66666666649)	(56.0, 3213.333333333677)	(57.0, 1773.9999999998759)	(58.0, 906.0000000000331)	(59.0, 315.9999999999995)	(60.0, 162.6666666666669)	(61.0, 86.99999999999984)	(62.0, 109.66666666666619)	(63.0, 205.66666666666814)	(64.0, 114.99999999999945)	(65.0, 57.00000000000013)	(66.0, 43.00000000000003)	(67.0, 44.000000000000036)	(68.0, 52.666666666666764)	(69.0, 24.99999999999998)	(70.0, 9.333333333333332)	(71.0, 4.666666666666666)	(72.0, 3.0)	(73.0, 2.333333333333333)	(74.0, 1.6666666666666665)	(75.0, 1.0)	(76.0, 0.6666666666666666)	(77.0, 1.3333333333333333)	(78.0, 0.6666666666666666)	(79.0, 1.0)	(80.0, 0.3333333333333333)	(81.0, 0.0)	(82.0, 0.3333333333333333)	(83.0, 0.0)	(84.0, 0.6666666666666666)	(85.0, 0.3333333333333333)	(86.0, 0.0)	(87.0, 0.6666666666666666)	(88.0, 0.0)	(89.0, 0.3333333333333333)	(90.0, 0.0)	(91.0, 0.0)	(92.0, 0.0)	(93.0, 0.0)	(94.0, 0.0)	(95.0, 0.6666666666666666)	(96.0, 0.6666666666666666)	(97.0, 0.0)	(98.0, 0.0)	(99.0, 0.3333333333333333)	(100.0, 0.0)
SRR5816746_1	(0.0, 0.0)	(1.0, 0.0)	(2.0, 0.0)	(3.0, 0.0)	(4.0, 0.0)	(5.0, 0.0)	(6.0, 0.0)	(7.0, 0.0)	(8.0, 0.0)	(9.0, 0.0)	(10.0, 0.0)	(11.0, 0.0)	(12.0, 0.0)	(13.0, 0.0)	(14.0, 0.0)	(15.0, 0.0)	(16.0, 0.0)	(17.0, 0.0)	(18.0, 0.0)	(19.0, 0.0)	(20.0, 0.0)	(21.0, 0.0)	(22.0, 0.0)	(23.0, 0.0)	(24.0, 0.0)	(25.0, 0.0)	(26.0, 0.0)	(27.0, 0.0)	(28.0, 0.0)	(29.0, 0.3333333333333333)	(30.0, 0.6666666666666666)	(31.0, 0.3333333333333333)	(32.0, 0.6666666666666666)	(33.0, 1.0)	(34.0, 1.9999999999999998)	(35.0, 2.333333333333333)	(36.0, 2.333333333333333)	(37.0, 3.666666666666667)	(38.0, 2.6666666666666665)	(39.0, 1.3333333333333333)	(40.0, 2.333333333333333)	(41.0, 3.0)	(42.0, 4.0)	(43.0, 10.333333333333334)	(44.0, 19.0)	(45.0, 39.333333333333336)	(46.0, 71.3333333333334)	(47.0, 206.00000000000148)	(48.0, 586.9999999999968)	(49.0, 3293.333333333713)	(50.0, 8805.666666664802)	(51.0, 21012.999999995078)	(52.0, 27863.33333330349)	(53.0, 19698.333333333194)	(54.0, 19584.000000000276)	(55.0, 16589.000000011172)	(56.0, 13839.333333340624)	(57.0, 12605.666666671714)	(58.0, 7246.333333331213)	(59.0, 2079.333333333161)	(60.0, 1049.6666666667072)	(61.0, 1413.6666666666245)	(62.0, 1092.3333333333642)	(63.0, 574.6666666666621)	(64.0, 325.9999999999989)	(65.0, 179.33333333333405)	(66.0, 144.33333333333306)	(67.0, 25.666666666666643)	(68.0, 10.333333333333334)	(69.0, 2.6666666666666665)	(70.0, 1.9999999999999998)	(71.0, 3.3333333333333335)	(72.0, 1.0)	(73.0, 0.6666666666666666)	(74.0, 0.0)	(75.0, 0.3333333333333333)	(76.0, 0.0)	(77.0, 0.3333333333333333)	(78.0, 0.3333333333333333)	(79.0, 0.0)	(80.0, 0.0)	(81.0, 0.0)	(82.0, 0.0)	(83.0, 0.0)	(84.0, 0.0)	(85.0, 0.0)	(86.0, 0.0)	(87.0, 0.0)	(88.0, 0.0)	(89.0, 0.0)	(90.0, 0.0)	(91.0, 0.0)	(92.0, 0.0)	(93.0, 0.0)	(94.0, 0.0)	(95.0, 0.0)	(96.0, 0.0)	(97.0, 0.0)	(98.0, 0.0)	(99.0, 0.0)	(100.0, 0.0)
SRR5816746_2	(0.0, 0.0)	(1.0, 0.0)	(2.0, 0.0)	(3.0, 0.0)	(4.0, 0.0)	(5.0, 0.0)	(6.0, 0.0)	(7.0, 0.0)	(8.0, 0.0)	(9.0, 0.0)	(10.0, 0.0)	(11.0, 0.3333333333333333)	(12.0, 0.6666666666666666)	(13.0, 0.0)	(14.0, 0.3333333333333333)	(15.0, 0.3333333333333333)	(16.0, 0.6666666666666666)	(17.0, 0.0)	(18.0, 0.0)	(19.0, 0.3333333333333333)	(20.0, 0.3333333333333333)	(21.0, 0.6666666666666666)	(22.0, 0.6666666666666666)	(23.0, 1.0)	(24.0, 0.3333333333333333)	(25.0, 0.6666666666666666)	(26.0, 0.6666666666666666)	(27.0, 1.0)	(28.0, 1.3333333333333333)	(29.0, 1.0)	(30.0, 1.6666666666666665)	(31.0, 2.6666666666666665)	(32.0, 2.6666666666666665)	(33.0, 4.333333333333333)	(34.0, 6.999999999999997)	(35.0, 8.33333333333333)	(36.0, 10.0)	(37.0, 17.000000000000007)	(38.0, 22.999999999999986)	(39.0, 27.666666666666636)	(40.0, 35.33333333333331)	(41.0, 40.66666666666668)	(42.0, 56.00000000000012)	(43.0, 66.33333333333347)	(44.0, 125.99999999999929)	(45.0, 318.666666666666)	(46.0, 496.6666666666559)	(47.0, 1303.6666666666495)	(48.0, 2561.3333333333803)	(49.0, 4926.666666666656)	(50.0, 10375.666666667657)	(51.0, 19188.33333333505)	(52.0, 28262.33333330204)	(53.0, 30272.99999996139)	(54.0, 26508.66666664175)	(55.0, 14222.000000007987)	(56.0, 9391.333333332534)	(57.0, 4552.666666666996)	(58.0, 1625.333333333243)	(59.0, 759.3333333333497)	(60.0, 431.33333333332627)	(61.0, 284.0000000000013)	(62.0, 461.33333333332456)	(63.0, 1010.0000000000449)	(64.0, 611.6666666666663)	(65.0, 204.33333333333476)	(66.0, 122.99999999999933)	(67.0, 209.00000000000156)	(68.0, 232.33333333333556)	(69.0, 96.33333333333304)	(70.0, 44.000000000000036)	(71.0, 16.00000000000001)	(72.0, 9.333333333333332)	(73.0, 4.999999999999999)	(74.0, 4.999999999999999)	(75.0, 5.999999999999998)	(76.0, 3.3333333333333335)	(77.0, 2.6666666666666665)	(78.0, 3.0)	(79.0, 1.6666666666666665)	(80.0, 1.6666666666666665)	(81.0, 0.6666666666666666)	(82.0, 0.6666666666666666)	(83.0, 1.0)	(84.0, 1.0)	(85.0, 0.6666666666666666)	(86.0, 0.6666666666666666)	(87.0, 0.0)	(88.0, 0.0)	(89.0, 0.6666666666666666)	(90.0, 1.6666666666666665)	(91.0, 0.3333333333333333)	(92.0, 0.0)	(93.0, 0.0)	(94.0, 0.3333333333333333)	(95.0, 0.6666666666666666)	(96.0, 0.3333333333333333)	(97.0, 0.3333333333333333)	(98.0, 0.3333333333333333)	(99.0, 1.0)	(100.0, 1.5)
SRR5816747_1	(0.0, 0.0)	(1.0, 0.0)	(2.0, 0.0)	(3.0, 0.0)	(4.0, 0.0)	(5.0, 0.0)	(6.0, 0.0)	(7.0, 0.0)	(8.0, 0.0)	(9.0, 0.0)	(10.0, 0.0)	(11.0, 0.0)	(12.0, 0.0)	(13.0, 0.0)	(14.0, 0.0)	(15.0, 0.0)	(16.0, 0.0)	(17.0, 0.0)	(18.0, 0.0)	(19.0, 0.0)	(20.0, 0.0)	(21.0, 0.0)	(22.0, 0.0)	(23.0, 0.0)	(24.0, 0.0)	(25.0, 0.0)	(26.0, 0.0)	(27.0, 0.0)	(28.0, 0.0)	(29.0, 0.0)	(30.0, 0.0)	(31.0, 0.6666666666666666)	(32.0, 0.6666666666666666)	(33.0, 0.0)	(34.0, 0.3333333333333333)	(35.0, 0.6666666666666666)	(36.0, 0.6666666666666666)	(37.0, 1.0)	(38.0, 0.3333333333333333)	(39.0, 0.6666666666666666)	(40.0, 1.0)	(41.0, 2.333333333333333)	(42.0, 6.999999999999997)	(43.0, 6.333333333333331)	(44.0, 15.333333333333343)	(45.0, 26.99999999999997)	(46.0, 32.66666666666662)	(47.0, 102.99999999999962)	(48.0, 537.9999999999912)	(49.0, 2329.333333333275)	(50.0, 4838.333333333403)	(51.0, 10391.000000001019)	(52.0, 15918.333333344406)	(53.0, 17572.000000007596)	(54.0, 21744.666666659083)	(55.0, 16706.33333334408)	(56.0, 12433.333333338067)	(57.0, 7078.666666664699)	(58.0, 3557.6666666671667)	(59.0, 1634.9999999999075)	(60.0, 944.3333333333708)	(61.0, 465.33333333332433)	(62.0, 267.0000000000023)	(63.0, 227.66666666666876)	(64.0, 178.66666666666737)	(65.0, 126.66666666666595)	(66.0, 62.666666666666835)	(67.0, 7.9999999999999964)	(68.0, 6.999999999999997)	(69.0, 3.3333333333333335)	(70.0, 3.0)	(71.0, 3.0)	(72.0, 2.6666666666666665)	(73.0, 2.333333333333333)	(74.0, 0.3333333333333333)	(75.0, 0.0)	(76.0, 0.0)	(77.0, 0.0)	(78.0, 0.0)	(79.0, 0.0)	(80.0, 0.0)	(81.0, 0.0)	(82.0, 0.0)	(83.0, 0.0)	(84.0, 0.0)	(85.0, 0.0)	(86.0, 0.0)	(87.0, 0.0)	(88.0, 0.0)	(89.0, 0.0)	(90.0, 0.0)	(91.0, 0.0)	(92.0, 0.0)	(93.0, 0.0)	(94.0, 0.0)	(95.0, 0.0)	(96.0, 0.0)	(97.0, 0.0)	(98.0, 0.0)	(99.0, 0.0)	(100.0, 0.0)
SRR5816747_2	(0.0, 0.0)	(1.0, 0.0)	(2.0, 0.0)	(3.0, 0.0)	(4.0, 0.0)	(5.0, 0.0)	(6.0, 0.0)	(7.0, 0.0)	(8.0, 0.0)	(9.0, 0.0)	(10.0, 0.0)	(11.0, 0.0)	(12.0, 0.0)	(13.0, 0.0)	(14.0, 0.0)	(15.0, 0.0)	(16.0, 0.0)	(17.0, 0.0)	(18.0, 0.0)	(19.0, 0.0)	(20.0, 0.0)	(21.0, 0.0)	(22.0, 0.0)	(23.0, 0.0)	(24.0, 0.6666666666666666)	(25.0, 0.3333333333333333)	(26.0, 0.0)	(27.0, 0.6666666666666666)	(28.0, 0.6666666666666666)	(29.0, 0.3333333333333333)	(30.0, 1.0)	(31.0, 2.333333333333333)	(32.0, 4.333333333333333)	(33.0, 3.0)	(34.0, 5.333333333333332)	(35.0, 8.999999999999998)	(36.0, 8.33333333333333)	(37.0, 12.333333333333337)	(38.0, 17.66666666666667)	(39.0, 19.666666666666664)	(40.0, 22.666666666666654)	(41.0, 27.666666666666636)	(42.0, 42.33333333333336)	(43.0, 51.000000000000085)	(44.0, 92.3333333333331)	(45.0, 383.6666666666623)	(46.0, 579.6666666666626)	(47.0, 1151.3333333333508)	(48.0, 2361.3333333332894)	(49.0, 6992.99999999811)	(50.0, 11202.000000002494)	(51.0, 13835.666666673951)	(52.0, 18802.333333336454)	(53.0, 20541.66666666346)	(54.0, 19292.00000000134)	(55.0, 11109.333333335659)	(56.0, 5239.333333333038)	(57.0, 2566.000000000049)	(58.0, 1026.3333333333792)	(59.0, 534.6666666666575)	(60.0, 380.6666666666625)	(61.0, 173.66666666666723)	(62.0, 125.99999999999929)	(63.0, 146.9999999999998)	(64.0, 123.33333333333266)	(65.0, 70.66666666666674)	(66.0, 53.66666666666677)	(67.0, 118.33333333333273)	(68.0, 154.66666666666669)	(69.0, 93.99999999999974)	(70.0, 36.333333333333314)	(71.0, 13.000000000000005)	(72.0, 4.999999999999999)	(73.0, 5.333333333333332)	(74.0, 2.333333333333333)	(75.0, 2.333333333333333)	(76.0, 2.6666666666666665)	(77.0, 2.333333333333333)	(78.0, 0.6666666666666666)	(79.0, 0.3333333333333333)	(80.0, 0.3333333333333333)	(81.0, 0.3333333333333333)	(82.0, 0.3333333333333333)	(83.0, 0.0)	(84.0, 0.3333333333333333)	(85.0, 0.0)	(86.0, 0.0)	(87.0, 0.3333333333333333)	(88.0, 0.3333333333333333)	(89.0, 0.3333333333333333)	(90.0, 0.0)	(91.0, 0.3333333333333333)	(92.0, 0.0)	(93.0, 0.0)	(94.0, 0.0)	(95.0, 0.0)	(96.0, 0.0)	(97.0, 0.3333333333333333)	(98.0, 0.0)	(99.0, 0.0)	(100.0, 0.0)
SRR5816748_1	(0.0, 0.0)	(1.0, 0.0)	(2.0, 0.0)	(3.0, 0.0)	(4.0, 0.0)	(5.0, 0.0)	(6.0, 0.0)	(7.0, 0.0)	(8.0, 0.0)	(9.0, 0.0)	(10.0, 0.0)	(11.0, 0.0)	(12.0, 0.0)	(13.0, 0.0)	(14.0, 0.0)	(15.0, 0.0)	(16.0, 0.0)	(17.0, 0.0)	(18.0, 0.0)	(19.0, 0.0)	(20.0, 0.0)	(21.0, 0.0)	(22.0, 0.0)	(23.0, 0.0)	(24.0, 0.0)	(25.0, 0.0)	(26.0, 0.0)	(27.0, 0.0)	(28.0, 0.6666666666666666)	(29.0, 0.6666666666666666)	(30.0, 0.0)	(31.0, 0.0)	(32.0, 0.0)	(33.0, 0.0)	(34.0, 0.0)	(35.0, 0.0)	(36.0, 0.0)	(37.0, 1.0)	(38.0, 2.333333333333333)	(39.0, 1.9999999999999998)	(40.0, 1.0)	(41.0, 2.333333333333333)	(42.0, 4.0)	(43.0, 8.33333333333333)	(44.0, 8.999999999999998)	(45.0, 14.000000000000007)	(46.0, 27.666666666666636)	(47.0, 74.66666666666669)	(48.0, 381.99999999999574)	(49.0, 1499.9999999999382)	(50.0, 2451.9999999999973)	(51.0, 3989.000000000696)	(52.0, 6271.999999998766)	(53.0, 6600.666666665134)	(54.0, 8703.666666664616)	(55.0, 10998.333333335457)	(56.0, 9116.666666665367)	(57.0, 5487.333333332813)	(58.0, 4169.3333333340115)	(59.0, 3263.3333333336996)	(60.0, 1765.3333333332112)	(61.0, 596.999999999998)	(62.0, 506.6666666666553)	(63.0, 487.9999999999897)	(64.0, 272.3333333333353)	(65.0, 227.33333333333542)	(66.0, 72.66666666666671)	(67.0, 13.33333333333334)	(68.0, 4.0)	(69.0, 2.333333333333333)	(70.0, 0.6666666666666666)	(71.0, 0.3333333333333333)	(72.0, 0.3333333333333333)	(73.0, 0.3333333333333333)	(74.0, 0.0)	(75.0, 0.0)	(76.0, 0.0)	(77.0, 0.0)	(78.0, 0.0)	(79.0, 0.0)	(80.0, 0.0)	(81.0, 0.0)	(82.0, 0.0)	(83.0, 0.0)	(84.0, 0.3333333333333333)	(85.0, 0.0)	(86.0, 0.0)	(87.0, 0.3333333333333333)	(88.0, 0.3333333333333333)	(89.0, 0.0)	(90.0, 0.0)	(91.0, 0.0)	(92.0, 0.0)	(93.0, 0.0)	(94.0, 0.0)	(95.0, 0.0)	(96.0, 0.0)	(97.0, 0.0)	(98.0, 0.0)	(99.0, 0.0)	(100.0, 0.0)
SRR5816748_2	(0.0, 0.0)	(1.0, 0.0)	(2.0, 0.0)	(3.0, 0.0)	(4.0, 0.0)	(5.0, 0.0)	(6.0, 0.0)	(7.0, 0.0)	(8.0, 0.0)	(9.0, 0.0)	(10.0, 0.0)	(11.0, 0.3333333333333333)	(12.0, 0.3333333333333333)	(13.0, 0.0)	(14.0, 0.0)	(15.0, 0.0)	(16.0, 0.0)	(17.0, 0.0)	(18.0, 0.0)	(19.0, 0.0)	(20.0, 0.0)	(21.0, 0.3333333333333333)	(22.0, 0.3333333333333333)	(23.0, 0.0)	(24.0, 0.0)	(25.0, 0.0)	(26.0, 0.3333333333333333)	(27.0, 0.6666666666666666)	(28.0, 0.0)	(29.0, 0.3333333333333333)	(30.0, 1.0)	(31.0, 1.3333333333333333)	(32.0, 2.6666666666666665)	(33.0, 2.6666666666666665)	(34.0, 2.333333333333333)	(35.0, 3.666666666666667)	(36.0, 5.666666666666665)	(37.0, 7.666666666666663)	(38.0, 10.0)	(39.0, 9.333333333333332)	(40.0, 19.333333333333332)	(41.0, 25.666666666666643)	(42.0, 32.333333333333286)	(43.0, 42.66666666666669)	(44.0, 62.3333333333335)	(45.0, 97.66666666666636)	(46.0, 193.0000000000011)	(47.0, 698.6666666666762)	(48.0, 1912.9999999998442)	(49.0, 2444.333333333327)	(50.0, 5421.999999999539)	(51.0, 9268.999999998978)	(52.0, 10687.333333334891)	(53.0, 11066.000000002246)	(54.0, 9842.333333333354)	(55.0, 5349.333333332938)	(56.0, 3466.6666666671254)	(57.0, 2318.999999999937)	(58.0, 1078.3333333333674)	(59.0, 833.0000000000248)	(60.0, 587.9999999999969)	(61.0, 292.00000000000085)	(62.0, 282.0000000000014)	(63.0, 319.33333333333263)	(64.0, 197.33333333333456)	(65.0, 100.33333333333299)	(66.0, 90.33333333333313)	(67.0, 135.3333333333328)	(68.0, 162.00000000000023)	(69.0, 69.66666666666676)	(70.0, 24.99999999999998)	(71.0, 7.666666666666663)	(72.0, 5.333333333333332)	(73.0, 3.3333333333333335)	(74.0, 2.333333333333333)	(75.0, 1.0)	(76.0, 0.3333333333333333)	(77.0, 0.3333333333333333)	(78.0, 0.3333333333333333)	(79.0, 0.6666666666666666)	(80.0, 0.6666666666666666)	(81.0, 0.6666666666666666)	(82.0, 1.0)	(83.0, 1.0)	(84.0, 0.6666666666666666)	(85.0, 0.3333333333333333)	(86.0, 0.3333333333333333)	(87.0, 0.6666666666666666)	(88.0, 0.3333333333333333)	(89.0, 0.0)	(90.0, 0.0)	(91.0, 0.3333333333333333)	(92.0, 0.3333333333333333)	(93.0, 0.0)	(94.0, 0.0)	(95.0, 0.3333333333333333)	(96.0, 0.0)	(97.0, 0.0)	(98.0, 0.0)	(99.0, 0.0)	(100.0, 0.0)
SRR5816749_1	(0.0, 0.0)	(1.0, 0.0)	(2.0, 0.0)	(3.0, 0.0)	(4.0, 0.0)	(5.0, 0.0)	(6.0, 0.0)	(7.0, 0.0)	(8.0, 0.0)	(9.0, 0.0)	(10.0, 0.0)	(11.0, 0.0)	(12.0, 0.0)	(13.0, 0.0)	(14.0, 0.0)	(15.0, 0.0)	(16.0, 0.0)	(17.0, 0.0)	(18.0, 0.0)	(19.0, 0.0)	(20.0, 0.0)	(21.0, 0.0)	(22.0, 0.0)	(23.0, 0.0)	(24.0, 0.0)	(25.0, 0.0)	(26.0, 0.0)	(27.0, 0.0)	(28.0, 0.0)	(29.0, 0.0)	(30.0, 0.0)	(31.0, 0.0)	(32.0, 0.0)	(33.0, 0.0)	(34.0, 0.0)	(35.0, 0.6666666666666666)	(36.0, 0.3333333333333333)	(37.0, 0.0)	(38.0, 0.0)	(39.0, 0.3333333333333333)	(40.0, 0.0)	(41.0, 0.6666666666666666)	(42.0, 2.333333333333333)	(43.0, 3.3333333333333335)	(44.0, 9.666666666666666)	(45.0, 20.999999999999993)	(46.0, 33.999999999999964)	(47.0, 85.99999999999986)	(48.0, 263.0000000000025)	(49.0, 1490.9999999999402)	(50.0, 3029.0000000002597)	(51.0, 5821.666666665842)	(52.0, 8160.999999997048)	(53.0, 6955.666666664811)	(54.0, 7969.6666666638885)	(55.0, 7271.33333333119)	(56.0, 5778.333333332548)	(57.0, 5901.666666665769)	(58.0, 4444.000000000428)	(59.0, 1538.666666666596)	(60.0, 686.6666666666748)	(61.0, 404.3333333333278)	(62.0, 235.666666666669)	(63.0, 231.66666666666887)	(64.0, 169.00000000000043)	(65.0, 83.99999999999989)	(66.0, 55.000000000000114)	(67.0, 7.666666666666663)	(68.0, 1.9999999999999998)	(69.0, 1.6666666666666665)	(70.0, 0.3333333333333333)	(71.0, 0.3333333333333333)	(72.0, 0.0)	(73.0, 0.0)	(74.0, 0.0)	(75.0, 0.0)	(76.0, 0.0)	(77.0, 0.0)	(78.0, 0.0)	(79.0, 0.0)	(80.0, 0.0)	(81.0, 0.0)	(82.0, 0.0)	(83.0, 0.0)	(84.0, 0.0)	(85.0, 0.0)	(86.0, 0.0)	(87.0, 0.0)	(88.0, 0.0)	(89.0, 0.0)	(90.0, 0.0)	(91.0, 0.0)	(92.0, 0.0)	(93.0, 0.0)	(94.0, 0.3333333333333333)	(95.0, 0.0)	(96.0, 0.0)	(97.0, 0.0)	(98.0, 0.0)	(99.0, 0.0)	(100.0, 0.0)
SRR5816749_2	(0.0, 0.0)	(1.0, 0.0)	(2.0, 0.0)	(3.0, 0.0)	(4.0, 0.0)	(5.0, 0.0)	(6.0, 0.0)	(7.0, 0.0)	(8.0, 0.0)	(9.0, 0.0)	(10.0, 0.0)	(11.0, 0.0)	(12.0, 0.0)	(13.0, 0.0)	(14.0, 0.0)	(15.0, 0.0)	(16.0, 0.0)	(17.0, 0.0)	(18.0, 0.0)	(19.0, 0.3333333333333333)	(20.0, 0.3333333333333333)	(21.0, 0.3333333333333333)	(22.0, 0.3333333333333333)	(23.0, 0.6666666666666666)	(24.0, 0.3333333333333333)	(25.0, 0.6666666666666666)	(26.0, 0.3333333333333333)	(27.0, 0.0)	(28.0, 0.0)	(29.0, 1.3333333333333333)	(30.0, 0.6666666666666666)	(31.0, 1.0)	(32.0, 2.333333333333333)	(33.0, 4.999999999999999)	(34.0, 5.333333333333332)	(35.0, 2.333333333333333)	(36.0, 6.999999999999997)	(37.0, 9.666666666666666)	(38.0, 8.33333333333333)	(39.0, 12.666666666666671)	(40.0, 20.66666666666666)	(41.0, 24.333333333333314)	(42.0, 25.666666666666643)	(43.0, 40.66666666666668)	(44.0, 55.666666666666785)	(45.0, 151.33333333333326)	(46.0, 267.0000000000023)	(47.0, 505.33333333332206)	(48.0, 1098.3333333333628)	(49.0, 3094.666666666956)	(50.0, 6513.999999998546)	(51.0, 8121.999999997083)	(52.0, 8688.333333331255)	(53.0, 9796.666666666604)	(54.0, 8496.999999997573)	(55.0, 4843.6666666667315)	(56.0, 3911.0000000006607)	(57.0, 2569.0000000000505)	(58.0, 854.0000000000272)	(59.0, 295.0000000000007)	(60.0, 165.666666666667)	(61.0, 139.33333333333292)	(62.0, 146.9999999999998)	(63.0, 159.00000000000014)	(64.0, 128.9999999999993)	(65.0, 77.66666666666664)	(66.0, 52.33333333333343)	(67.0, 89.66666666666647)	(68.0, 116.33333333333276)	(69.0, 51.66666666666676)	(70.0, 17.33333333333334)	(71.0, 6.333333333333331)	(72.0, 2.6666666666666665)	(73.0, 1.0)	(74.0, 1.0)	(75.0, 1.3333333333333333)	(76.0, 0.0)	(77.0, 1.0)	(78.0, 1.3333333333333333)	(79.0, 0.3333333333333333)	(80.0, 0.0)	(81.0, 0.0)	(82.0, 0.0)	(83.0, 0.6666666666666666)	(84.0, 0.3333333333333333)	(85.0, 0.3333333333333333)	(86.0, 0.6666666666666666)	(87.0, 0.3333333333333333)	(88.0, 0.6666666666666666)	(89.0, 0.6666666666666666)	(90.0, 0.0)	(91.0, 0.6666666666666666)	(92.0, 0.3333333333333333)	(93.0, 0.0)	(94.0, 0.0)	(95.0, 0.0)	(96.0, 0.0)	(97.0, 0.0)	(98.0, 0.0)	(99.0, 0.0)	(100.0, 0.0)
SRR5816750_1	(0.0, 0.0)	(1.0, 0.0)	(2.0, 0.0)	(3.0, 0.0)	(4.0, 0.0)	(5.0, 0.0)	(6.0, 0.0)	(7.0, 0.0)	(8.0, 0.0)	(9.0, 0.0)	(10.0, 0.0)	(11.0, 0.0)	(12.0, 0.0)	(13.0, 0.0)	(14.0, 0.0)	(15.0, 0.0)	(16.0, 0.0)	(17.0, 0.0)	(18.0, 0.0)	(19.0, 0.0)	(20.0, 0.0)	(21.0, 0.0)	(22.0, 0.0)	(23.0, 0.0)	(24.0, 0.0)	(25.0, 0.0)	(26.0, 0.0)	(27.0, 0.0)	(28.0, 0.0)	(29.0, 0.0)	(30.0, 0.0)	(31.0, 0.0)	(32.0, 0.3333333333333333)	(33.0, 0.0)	(34.0, 0.0)	(35.0, 0.6666666666666666)	(36.0, 0.3333333333333333)	(37.0, 1.3333333333333333)	(38.0, 1.9999999999999998)	(39.0, 3.3333333333333335)	(40.0, 4.333333333333333)	(41.0, 5.666666666666665)	(42.0, 5.999999999999998)	(43.0, 7.666666666666663)	(44.0, 6.666666666666664)	(45.0, 10.666666666666668)	(46.0, 30.333333333333293)	(47.0, 75.33333333333334)	(48.0, 296.0000000000006)	(49.0, 1666.9999999999002)	(50.0, 3649.6666666672086)	(51.0, 8480.66666666421)	(52.0, 11800.66666667025)	(53.0, 10665.000000001517)	(54.0, 13014.00000000579)	(55.0, 10231.333333334062)	(56.0, 7858.333333330656)	(57.0, 7176.66666666461)	(58.0, 4017.3333333340424)	(59.0, 1887.99999999985)	(60.0, 1658.3333333332355)	(61.0, 860.0000000000279)	(62.0, 343.9999999999979)	(63.0, 214.33333333333505)	(64.0, 196.0000000000012)	(65.0, 177.66666666666734)	(66.0, 78.99999999999996)	(67.0, 15.000000000000009)	(68.0, 5.666666666666665)	(69.0, 3.0)	(70.0, 1.9999999999999998)	(71.0, 1.3333333333333333)	(72.0, 1.3333333333333333)	(73.0, 0.3333333333333333)	(74.0, 0.0)	(75.0, 0.0)	(76.0, 0.0)	(77.0, 0.0)	(78.0, 0.0)	(79.0, 0.0)	(80.0, 0.0)	(81.0, 0.0)	(82.0, 0.0)	(83.0, 0.0)	(84.0, 0.0)	(85.0, 0.0)	(86.0, 0.0)	(87.0, 0.0)	(88.0, 0.0)	(89.0, 0.0)	(90.0, 0.0)	(91.0, 0.0)	(92.0, 0.0)	(93.0, 0.0)	(94.0, 0.0)	(95.0, 0.0)	(96.0, 0.0)	(97.0, 0.0)	(98.0, 0.0)	(99.0, 0.0)	(100.0, 0.0)
SRR5816750_2	(0.0, 0.0)	(1.0, 0.0)	(2.0, 0.0)	(3.0, 0.0)	(4.0, 0.0)	(5.0, 0.0)	(6.0, 0.0)	(7.0, 0.0)	(8.0, 0.0)	(9.0, 0.0)	(10.0, 0.3333333333333333)	(11.0, 0.3333333333333333)	(12.0, 0.0)	(13.0, 0.0)	(14.0, 0.0)	(15.0, 0.0)	(16.0, 0.0)	(17.0, 0.0)	(18.0, 0.0)	(19.0, 0.0)	(20.0, 0.0)	(21.0, 0.0)	(22.0, 0.0)	(23.0, 0.0)	(24.0, 0.3333333333333333)	(25.0, 0.6666666666666666)	(26.0, 0.3333333333333333)	(27.0, 0.0)	(28.0, 0.3333333333333333)	(29.0, 0.3333333333333333)	(30.0, 0.3333333333333333)	(31.0, 1.0)	(32.0, 3.3333333333333335)	(33.0, 3.0)	(34.0, 2.333333333333333)	(35.0, 4.0)	(36.0, 5.333333333333332)	(37.0, 9.333333333333332)	(38.0, 12.666666666666671)	(39.0, 20.66666666666666)	(40.0, 26.333333333333307)	(41.0, 28.666666666666632)	(42.0, 35.99999999999998)	(43.0, 48.000000000000064)	(44.0, 77.99999999999997)	(45.0, 232.6666666666689)	(46.0, 401.6666666666613)	(47.0, 854.3333333333605)	(48.0, 1773.6666666665426)	(49.0, 4643.000000000247)	(50.0, 8414.66666666409)	(51.0, 9844.666666666692)	(52.0, 12040.333333337352)	(53.0, 14621.333333342047)	(54.0, 13516.333333340037)	(55.0, 7410.99999999773)	(56.0, 4601.000000000286)	(57.0, 2487.000000000013)	(58.0, 1049.333333333374)	(59.0, 551.6666666666595)	(60.0, 391.33333333332854)	(61.0, 253.6666666666695)	(62.0, 205.66666666666814)	(63.0, 202.3333333333347)	(64.0, 156.66666666666674)	(65.0, 93.66666666666642)	(66.0, 55.33333333333345)	(67.0, 85.3333333333332)	(68.0, 103.9999999999996)	(69.0, 53.333333333333435)	(70.0, 18.000000000000004)	(71.0, 12.333333333333337)	(72.0, 7.33333333333333)	(73.0, 3.0)	(74.0, 2.333333333333333)	(75.0, 1.6666666666666665)	(76.0, 1.6666666666666665)	(77.0, 0.3333333333333333)	(78.0, 0.3333333333333333)	(79.0, 0.0)	(80.0, 1.9999999999999998)	(81.0, 1.3333333333333333)	(82.0, 0.0)	(83.0, 0.3333333333333333)	(84.0, 1.0)	(85.0, 0.3333333333333333)	(86.0, 0.3333333333333333)	(87.0, 0.3333333333333333)	(88.0, 0.0)	(89.0, 0.6666666666666666)	(90.0, 1.0)	(91.0, 0.3333333333333333)	(92.0, 0.0)	(93.0, 0.0)	(94.0, 0.0)	(95.0, 0.0)	(96.0, 0.0)	(97.0, 0.3333333333333333)	(98.0, 0.3333333333333333)	(99.0, 0.0)	(100.0, 0.0)
SRR5816751_1	(0.0, 0.0)	(1.0, 0.0)	(2.0, 0.0)	(3.0, 0.0)	(4.0, 0.0)	(5.0, 0.0)	(6.0, 0.0)	(7.0, 0.0)	(8.0, 0.0)	(9.0, 0.0)	(10.0, 0.0)	(11.0, 0.0)	(12.0, 0.0)	(13.0, 0.0)	(14.0, 0.0)	(15.0, 0.0)	(16.0, 0.0)	(17.0, 0.0)	(18.0, 0.0)	(19.0, 0.0)	(20.0, 0.0)	(21.0, 0.0)	(22.0, 0.0)	(23.0, 0.0)	(24.0, 0.0)	(25.0, 0.0)	(26.0, 0.0)	(27.0, 0.3333333333333333)	(28.0, 0.0)	(29.0, 0.0)	(30.0, 0.0)	(31.0, 0.0)	(32.0, 0.0)	(33.0, 0.0)	(34.0, 0.0)	(35.0, 0.6666666666666666)	(36.0, 0.3333333333333333)	(37.0, 1.0)	(38.0, 0.6666666666666666)	(39.0, 1.3333333333333333)	(40.0, 2.6666666666666665)	(41.0, 5.666666666666665)	(42.0, 5.999999999999998)	(43.0, 15.333333333333343)	(44.0, 26.333333333333307)	(45.0, 39.66666666666667)	(46.0, 61.33333333333349)	(47.0, 224.66666666666868)	(48.0, 1032.666666666711)	(49.0, 3492.00000000047)	(50.0, 6229.333333332138)	(51.0, 9140.999999998745)	(52.0, 13079.000000005908)	(53.0, 14075.333333341054)	(54.0, 16859.666666676854)	(55.0, 19036.666666668934)	(56.0, 19993.33333333212)	(57.0, 13054.000000005863)	(58.0, 8322.666666663923)	(59.0, 6162.666666665532)	(60.0, 4225.000000000628)	(61.0, 2723.333333333454)	(62.0, 3789.0000000006053)	(63.0, 2070.6666666664905)	(64.0, 539.3333333333247)	(65.0, 349.66666666666424)	(66.0, 104.99999999999959)	(67.0, 21.333333333333325)	(68.0, 7.9999999999999964)	(69.0, 5.333333333333332)	(70.0, 1.3333333333333333)	(71.0, 0.6666666666666666)	(72.0, 0.6666666666666666)	(73.0, 0.6666666666666666)	(74.0, 0.0)	(75.0, 0.0)	(76.0, 0.0)	(77.0, 0.0)	(78.0, 0.0)	(79.0, 0.0)	(80.0, 0.0)	(81.0, 0.0)	(82.0, 0.0)	(83.0, 0.0)	(84.0, 0.0)	(85.0, 0.0)	(86.0, 0.0)	(87.0, 0.0)	(88.0, 0.0)	(89.0, 0.0)	(90.0, 0.0)	(91.0, 0.0)	(92.0, 0.0)	(93.0, 0.0)	(94.0, 0.0)	(95.0, 0.0)	(96.0, 0.0)	(97.0, 0.0)	(98.0, 0.0)	(99.0, 0.0)	(100.0, 0.0)
SRR5816751_2	(0.0, 0.0)	(1.0, 0.0)	(2.0, 0.0)	(3.0, 0.0)	(4.0, 0.0)	(5.0, 0.0)	(6.0, 0.0)	(7.0, 0.0)	(8.0, 0.0)	(9.0, 0.0)	(10.0, 0.0)	(11.0, 0.3333333333333333)	(12.0, 0.6666666666666666)	(13.0, 0.0)	(14.0, 0.0)	(15.0, 0.3333333333333333)	(16.0, 0.3333333333333333)	(17.0, 0.3333333333333333)	(18.0, 0.0)	(19.0, 0.3333333333333333)	(20.0, 0.0)	(21.0, 0.0)	(22.0, 0.0)	(23.0, 0.3333333333333333)	(24.0, 0.0)	(25.0, 0.0)	(26.0, 0.3333333333333333)	(27.0, 0.3333333333333333)	(28.0, 2.333333333333333)	(29.0, 3.3333333333333335)	(30.0, 0.6666666666666666)	(31.0, 3.3333333333333335)	(32.0, 3.0)	(33.0, 3.0)	(34.0, 5.999999999999998)	(35.0, 7.666666666666663)	(36.0, 13.000000000000005)	(37.0, 17.000000000000007)	(38.0, 20.33333333333333)	(39.0, 26.333333333333307)	(40.0, 35.33333333333331)	(41.0, 53.0000000000001)	(42.0, 60.333333333333485)	(43.0, 92.99999999999976)	(44.0, 141.99999999999966)	(45.0, 320.9999999999992)	(46.0, 694.3333333333424)	(47.0, 2188.3333333332107)	(48.0, 4698.666666666863)	(49.0, 6280.666666665425)	(50.0, 11669.666666670011)	(51.0, 19204.666666668323)	(52.0, 21807.33333332552)	(53.0, 21816.999999992153)	(54.0, 19506.00000000056)	(55.0, 12168.666666670919)	(56.0, 7197.666666664591)	(57.0, 4346.3333333338505)	(58.0, 3553.000000000498)	(59.0, 3487.666666667135)	(60.0, 1863.6666666665221)	(61.0, 757.0000000000161)	(62.0, 460.99999999999125)	(63.0, 453.333333333325)	(64.0, 376.3333333333294)	(65.0, 234.33333333333562)	(66.0, 153.33333333333331)	(67.0, 221.0000000000019)	(68.0, 265.0000000000024)	(69.0, 151.99999999999994)	(70.0, 55.33333333333345)	(71.0, 15.333333333333343)	(72.0, 8.999999999999998)	(73.0, 5.666666666666665)	(74.0, 2.6666666666666665)	(75.0, 1.6666666666666665)	(76.0, 2.6666666666666665)	(77.0, 1.3333333333333333)	(78.0, 1.9999999999999998)	(79.0, 1.0)	(80.0, 1.6666666666666665)	(81.0, 1.6666666666666665)	(82.0, 0.3333333333333333)	(83.0, 0.3333333333333333)	(84.0, 0.3333333333333333)	(85.0, 0.3333333333333333)	(86.0, 1.6666666666666665)	(87.0, 0.6666666666666666)	(88.0, 1.0)	(89.0, 1.0)	(90.0, 0.0)	(91.0, 0.0)	(92.0, 0.3333333333333333)	(93.0, 0.0)	(94.0, 0.0)	(95.0, 0.0)	(96.0, 0.0)	(97.0, 0.0)	(98.0, 0.6666666666666666)	(99.0, 0.3333333333333333)	(100.0, 0.5)
SRR5816752_1	(0.0, 0.0)	(1.0, 0.0)	(2.0, 0.0)	(3.0, 0.0)	(4.0, 0.0)	(5.0, 0.0)	(6.0, 0.0)	(7.0, 0.0)	(8.0, 0.0)	(9.0, 0.0)	(10.0, 0.0)	(11.0, 0.0)	(12.0, 0.0)	(13.0, 0.0)	(14.0, 0.0)	(15.0, 0.0)	(16.0, 0.0)	(17.0, 0.0)	(18.0, 0.0)	(19.0, 0.0)	(20.0, 0.0)	(21.0, 0.0)	(22.0, 0.0)	(23.0, 0.0)	(24.0, 0.0)	(25.0, 0.3333333333333333)	(26.0, 0.3333333333333333)	(27.0, 0.6666666666666666)	(28.0, 1.3333333333333333)	(29.0, 2.333333333333333)	(30.0, 1.9999999999999998)	(31.0, 5.999999999999998)	(32.0, 10.333333333333334)	(33.0, 14.666666666666675)	(34.0, 44.66666666666671)	(35.0, 191.00000000000105)	(36.0, 2873.0000000001887)	(37.0, 6764.333333331651)	(38.0, 2202.6666666665506)	(39.0, 316.6666666666661)	(40.0, 165.0000000000003)	(41.0, 167.00000000000037)	(42.0, 174.3333333333339)	(43.0, 161.0000000000002)	(44.0, 223.66666666666865)	(45.0, 259.66666666666936)	(46.0, 254.00000000000284)	(47.0, 279.3333333333349)	(48.0, 505.6666666666554)	(49.0, 794.3333333333537)	(50.0, 1399.999999999961)	(51.0, 2642.6666666667506)	(52.0, 2322.9999999999386)	(53.0, 1939.999999999838)	(54.0, 1879.3333333331852)	(55.0, 2726.3333333334554)	(56.0, 9719.666666666464)	(57.0, 7130.3333333313185)	(58.0, 1412.3333333332914)	(59.0, 764.3333333333503)	(60.0, 702.3333333333433)	(61.0, 418.6666666666603)	(62.0, 436.6666666666593)	(63.0, 307.0)	(64.0, 314.66666666666623)	(65.0, 204.00000000000142)	(66.0, 75.66666666666667)	(67.0, 92.3333333333331)	(68.0, 126.99999999999928)	(69.0, 158.33333333333346)	(70.0, 232.00000000000222)	(71.0, 323.99999999999903)	(72.0, 330.333333333332)	(73.0, 256.0000000000029)	(74.0, 149.9999999999999)	(75.0, 67.66666666666679)	(76.0, 27.999999999999968)	(77.0, 11.333333333333336)	(78.0, 4.333333333333333)	(79.0, 2.6666666666666665)	(80.0, 1.3333333333333333)	(81.0, 0.0)	(82.0, 0.0)	(83.0, 0.0)	(84.0, 0.0)	(85.0, 0.0)	(86.0, 0.0)	(87.0, 0.0)	(88.0, 0.0)	(89.0, 0.0)	(90.0, 0.0)	(91.0, 0.0)	(92.0, 0.0)	(93.0, 0.0)	(94.0, 0.0)	(95.0, 0.0)	(96.0, 0.0)	(97.0, 0.0)	(98.0, 0.0)	(99.0, 0.0)	(100.0, 0.0)
SRR5816752_2	(0.0, 0.0)	(1.0, 0.0)	(2.0, 0.0)	(3.0, 0.0)	(4.0, 0.0)	(5.0, 0.0)	(6.0, 0.0)	(7.0, 0.0)	(8.0, 0.0)	(9.0, 0.0)	(10.0, 0.3333333333333333)	(11.0, 0.3333333333333333)	(12.0, 0.0)	(13.0, 0.0)	(14.0, 0.0)	(15.0, 0.0)	(16.0, 1.3333333333333333)	(17.0, 1.3333333333333333)	(18.0, 0.6666666666666666)	(19.0, 2.333333333333333)	(20.0, 3.3333333333333335)	(21.0, 2.333333333333333)	(22.0, 2.6666666666666665)	(23.0, 5.666666666666665)	(24.0, 5.333333333333332)	(25.0, 7.9999999999999964)	(26.0, 8.33333333333333)	(27.0, 8.33333333333333)	(28.0, 7.33333333333333)	(29.0, 8.666666666666664)	(30.0, 16.333333333333343)	(31.0, 25.999999999999975)	(32.0, 30.999999999999957)	(33.0, 49.33333333333341)	(34.0, 112.33333333333282)	(35.0, 249.66666666666939)	(36.0, 860.6666666666946)	(37.0, 4349.333333333848)	(38.0, 5160.999999999776)	(39.0, 1355.3333333333044)	(40.0, 397.9999999999948)	(41.0, 326.66666666666555)	(42.0, 314.66666666666623)	(43.0, 410.9999999999941)	(44.0, 803.6666666666881)	(45.0, 1060.3333333333715)	(46.0, 849.33333333336)	(47.0, 909.6666666667002)	(48.0, 1197.6666666666736)	(49.0, 1532.9999999999307)	(50.0, 1978.666666666496)	(51.0, 1893.9999999998486)	(52.0, 2015.9999999998208)	(53.0, 2324.9999999999395)	(54.0, 2589.333333333393)	(55.0, 4094.3333333340775)	(56.0, 8024.333333330505)	(57.0, 4881.333333333364)	(58.0, 1388.3333333332969)	(59.0, 572.9999999999952)	(60.0, 411.3333333333274)	(61.0, 372.99999999999625)	(62.0, 251.66666666666944)	(63.0, 212.00000000000165)	(64.0, 191.66666666666774)	(65.0, 162.33333333333357)	(66.0, 97.33333333333303)	(67.0, 50.66666666666675)	(68.0, 26.66666666666664)	(69.0, 12.333333333333337)	(70.0, 8.33333333333333)	(71.0, 5.666666666666665)	(72.0, 4.666666666666666)	(73.0, 7.33333333333333)	(74.0, 7.9999999999999964)	(75.0, 5.333333333333332)	(76.0, 3.3333333333333335)	(77.0, 1.0)	(78.0, 1.0)	(79.0, 1.9999999999999998)	(80.0, 0.3333333333333333)	(81.0, 0.6666666666666666)	(82.0, 0.6666666666666666)	(83.0, 0.6666666666666666)	(84.0, 0.3333333333333333)	(85.0, 0.3333333333333333)	(86.0, 0.0)	(87.0, 0.0)	(88.0, 0.0)	(89.0, 0.3333333333333333)	(90.0, 0.3333333333333333)	(91.0, 0.0)	(92.0, 0.3333333333333333)	(93.0, 0.3333333333333333)	(94.0, 0.3333333333333333)	(95.0, 0.3333333333333333)	(96.0, 0.0)	(97.0, 0.0)	(98.0, 0.3333333333333333)	(99.0, 0.3333333333333333)	(100.0, 0.0)
SRR5816753_1	(0.0, 0.0)	(1.0, 0.0)	(2.0, 0.0)	(3.0, 0.0)	(4.0, 0.0)	(5.0, 0.0)	(6.0, 0.0)	(7.0, 0.0)	(8.0, 0.0)	(9.0, 0.0)	(10.0, 0.0)	(11.0, 0.0)	(12.0, 0.0)	(13.0, 0.0)	(14.0, 0.0)	(15.0, 0.0)	(16.0, 0.0)	(17.0, 0.0)	(18.0, 0.0)	(19.0, 0.0)	(20.0, 0.0)	(21.0, 0.0)	(22.0, 0.0)	(23.0, 0.0)	(24.0, 0.0)	(25.0, 1.0)	(26.0, 0.6666666666666666)	(27.0, 0.3333333333333333)	(28.0, 0.6666666666666666)	(29.0, 2.333333333333333)	(30.0, 1.3333333333333333)	(31.0, 2.333333333333333)	(32.0, 1.6666666666666665)	(33.0, 7.33333333333333)	(34.0, 19.333333333333332)	(35.0, 61.000000000000156)	(36.0, 887.0000000000309)	(37.0, 1932.9999999998397)	(38.0, 540.9999999999916)	(39.0, 106.99999999999956)	(40.0, 99.99999999999966)	(41.0, 103.66666666666627)	(42.0, 103.66666666666627)	(43.0, 110.9999999999995)	(44.0, 112.99999999999947)	(45.0, 123.33333333333266)	(46.0, 145.99999999999977)	(47.0, 193.33333333333445)	(48.0, 459.666666666658)	(49.0, 1979.3333333331625)	(50.0, 20479.999999997017)	(51.0, 36814.66666664842)	(52.0, 13534.000000006736)	(53.0, 10026.000000000355)	(54.0, 20178.66666666478)	(55.0, 33851.9999999602)	(56.0, 22149.99999999094)	(57.0, 6716.333333331695)	(58.0, 4145.0000000007)	(59.0, 13327.00000000636)	(60.0, 8633.999999997823)	(61.0, 1135.3333333333544)	(62.0, 587.6666666666636)	(63.0, 400.66666666666134)	(64.0, 247.333333333336)	(65.0, 132.33333333333272)	(66.0, 82.33333333333324)	(67.0, 68.00000000000011)	(68.0, 62.3333333333335)	(69.0, 66.6666666666668)	(70.0, 93.99999999999974)	(71.0, 128.9999999999993)	(72.0, 163.3333333333336)	(73.0, 133.99999999999943)	(74.0, 90.33333333333313)	(75.0, 45.33333333333338)	(76.0, 15.333333333333343)	(77.0, 7.9999999999999964)	(78.0, 3.666666666666667)	(79.0, 1.0)	(80.0, 1.0)	(81.0, 1.0)	(82.0, 0.6666666666666666)	(83.0, 0.3333333333333333)	(84.0, 0.0)	(85.0, 0.0)	(86.0, 0.0)	(87.0, 0.0)	(88.0, 0.0)	(89.0, 0.0)	(90.0, 0.0)	(91.0, 0.0)	(92.0, 0.0)	(93.0, 0.0)	(94.0, 0.0)	(95.0, 0.0)	(96.0, 0.0)	(97.0, 0.0)	(98.0, 0.0)	(99.0, 0.0)	(100.0, 0.0)
SRR5816753_2	(0.0, 0.0)	(1.0, 0.0)	(2.0, 0.0)	(3.0, 0.3333333333333333)	(4.0, 0.3333333333333333)	(5.0, 0.0)	(6.0, 0.0)	(7.0, 0.0)	(8.0, 0.0)	(9.0, 0.0)	(10.0, 0.0)	(11.0, 0.0)	(12.0, 0.0)	(13.0, 0.0)	(14.0, 0.0)	(15.0, 0.3333333333333333)	(16.0, 0.3333333333333333)	(17.0, 0.3333333333333333)	(18.0, 0.3333333333333333)	(19.0, 0.0)	(20.0, 0.0)	(21.0, 1.6666666666666665)	(22.0, 3.0)	(23.0, 1.3333333333333333)	(24.0, 1.3333333333333333)	(25.0, 1.6666666666666665)	(26.0, 2.333333333333333)	(27.0, 3.666666666666667)	(28.0, 2.333333333333333)	(29.0, 4.666666666666666)	(30.0, 7.9999999999999964)	(31.0, 20.33333333333333)	(32.0, 15.000000000000009)	(33.0, 14.000000000000007)	(34.0, 26.66666666666664)	(35.0, 47.00000000000006)	(36.0, 192.00000000000108)	(37.0, 1328.3333333333105)	(38.0, 1577.333333333254)	(39.0, 332.3333333333319)	(40.0, 147.99999999999983)	(41.0, 135.66666666666615)	(42.0, 134.33333333333277)	(43.0, 183.6666666666675)	(44.0, 620.6666666666673)	(45.0, 1689.3333333332284)	(46.0, 1283.9999999999873)	(47.0, 1552.6666666665928)	(48.0, 3183.333333333663)	(49.0, 8555.333333331013)	(50.0, 12687.000000005195)	(51.0, 20632.666666663128)	(52.0, 28666.33333330057)	(53.0, 25213.33333331313)	(54.0, 16690.66666667747)	(55.0, 6903.333333331525)	(56.0, 17746.666666673627)	(57.0, 21561.99999999308)	(58.0, 13057.000000005868)	(59.0, 10797.000000001757)	(60.0, 2877.0000000001905)	(61.0, 912.3333333333671)	(62.0, 505.33333333332206)	(63.0, 461.9999999999912)	(64.0, 338.9999999999982)	(65.0, 173.33333333333388)	(66.0, 97.66666666666636)	(67.0, 52.666666666666764)	(68.0, 32.66666666666662)	(69.0, 28.666666666666632)	(70.0, 22.33333333333332)	(71.0, 15.666666666666677)	(72.0, 14.000000000000007)	(73.0, 15.000000000000009)	(74.0, 12.333333333333337)	(75.0, 8.33333333333333)	(76.0, 7.666666666666663)	(77.0, 6.333333333333331)	(78.0, 1.9999999999999998)	(79.0, 3.0)	(80.0, 1.0)	(81.0, 1.3333333333333333)	(82.0, 1.0)	(83.0, 0.6666666666666666)	(84.0, 1.6666666666666665)	(85.0, 1.6666666666666665)	(86.0, 1.9999999999999998)	(87.0, 1.6666666666666665)	(88.0, 0.3333333333333333)	(89.0, 0.3333333333333333)	(90.0, 1.0)	(91.0, 0.6666666666666666)	(92.0, 0.3333333333333333)	(93.0, 0.0)	(94.0, 0.0)	(95.0, 0.0)	(96.0, 0.0)	(97.0, 0.3333333333333333)	(98.0, 0.0)	(99.0, 1.3333333333333333)	(100.0, 1.0)
SRR5816754_1	(0.0, 0.0)	(1.0, 0.0)	(2.0, 0.0)	(3.0, 0.0)	(4.0, 0.0)	(5.0, 0.0)	(6.0, 0.0)	(7.0, 0.0)	(8.0, 0.0)	(9.0, 0.0)	(10.0, 0.0)	(11.0, 0.0)	(12.0, 0.0)	(13.0, 0.0)	(14.0, 0.0)	(15.0, 0.0)	(16.0, 0.0)	(17.0, 0.0)	(18.0, 0.0)	(19.0, 0.0)	(20.0, 0.0)	(21.0, 0.0)	(22.0, 0.0)	(23.0, 0.0)	(24.0, 0.0)	(25.0, 0.0)	(26.0, 0.0)	(27.0, 0.0)	(28.0, 0.0)	(29.0, 0.0)	(30.0, 0.0)	(31.0, 0.0)	(32.0, 0.3333333333333333)	(33.0, 0.3333333333333333)	(34.0, 0.0)	(35.0, 0.0)	(36.0, 1.0)	(37.0, 4.333333333333333)	(38.0, 1.3333333333333333)	(39.0, 1.0)	(40.0, 1.9999999999999998)	(41.0, 1.6666666666666665)	(42.0, 3.666666666666667)	(43.0, 4.333333333333333)	(44.0, 13.666666666666673)	(45.0, 26.66666666666664)	(46.0, 60.333333333333485)	(47.0, 170.66666666666714)	(48.0, 769.3333333333509)	(49.0, 5221.666666666388)	(50.0, 11196.333333335817)	(51.0, 13358.666666673083)	(52.0, 16275.000000011722)	(53.0, 15031.666666676127)	(54.0, 20568.999999996693)	(55.0, 21421.666666660258)	(56.0, 14476.00000000845)	(57.0, 9505.333333332741)	(58.0, 6687.333333331721)	(59.0, 3994.0000000006985)	(60.0, 1875.3333333331861)	(61.0, 860.6666666666946)	(62.0, 624.6666666666678)	(63.0, 468.6666666666575)	(64.0, 173.66666666666723)	(65.0, 130.666666666666)	(66.0, 88.99999999999982)	(67.0, 14.333333333333341)	(68.0, 5.999999999999998)	(69.0, 4.999999999999999)	(70.0, 1.6666666666666665)	(71.0, 1.3333333333333333)	(72.0, 1.0)	(73.0, 0.6666666666666666)	(74.0, 0.3333333333333333)	(75.0, 0.0)	(76.0, 0.0)	(77.0, 0.0)	(78.0, 0.0)	(79.0, 0.0)	(80.0, 0.0)	(81.0, 0.3333333333333333)	(82.0, 0.3333333333333333)	(83.0, 0.0)	(84.0, 0.0)	(85.0, 0.0)	(86.0, 0.0)	(87.0, 0.0)	(88.0, 0.0)	(89.0, 0.0)	(90.0, 0.0)	(91.0, 0.0)	(92.0, 0.0)	(93.0, 0.0)	(94.0, 0.0)	(95.0, 0.0)	(96.0, 0.0)	(97.0, 0.0)	(98.0, 0.0)	(99.0, 0.0)	(100.0, 0.0)
SRR5816754_2	(0.0, 0.0)	(1.0, 0.0)	(2.0, 0.0)	(3.0, 0.0)	(4.0, 0.0)	(5.0, 0.0)	(6.0, 0.0)	(7.0, 0.3333333333333333)	(8.0, 0.3333333333333333)	(9.0, 0.0)	(10.0, 0.0)	(11.0, 0.0)	(12.0, 0.0)	(13.0, 0.0)	(14.0, 0.0)	(15.0, 0.0)	(16.0, 0.0)	(17.0, 0.0)	(18.0, 0.0)	(19.0, 0.0)	(20.0, 0.0)	(21.0, 0.3333333333333333)	(22.0, 0.0)	(23.0, 0.0)	(24.0, 0.0)	(25.0, 1.0)	(26.0, 1.0)	(27.0, 0.3333333333333333)	(28.0, 0.0)	(29.0, 1.9999999999999998)	(30.0, 3.0)	(31.0, 3.3333333333333335)	(32.0, 1.3333333333333333)	(33.0, 5.666666666666665)	(34.0, 5.333333333333332)	(35.0, 5.999999999999998)	(36.0, 11.66666666666667)	(37.0, 19.999999999999996)	(38.0, 25.33333333333331)	(39.0, 29.99999999999996)	(40.0, 35.66666666666664)	(41.0, 41.666666666666686)	(42.0, 55.33333333333345)	(43.0, 91.66666666666644)	(44.0, 189.000000000001)	(45.0, 1559.333333333258)	(46.0, 2452.6666666666642)	(47.0, 1876.333333333186)	(48.0, 2515.000000000026)	(49.0, 3324.000000000394)	(50.0, 7802.66666666404)	(51.0, 20341.99999999752)	(52.0, 29142.9999999655)	(53.0, 24329.66666664968)	(54.0, 21418.333333326937)	(55.0, 11649.000000003307)	(56.0, 7009.666666664762)	(57.0, 4499.000000000378)	(58.0, 1701.666666666559)	(59.0, 880.0000000000301)	(60.0, 561.999999999994)	(61.0, 235.0000000000023)	(62.0, 154.33333333333334)	(63.0, 161.33333333333354)	(64.0, 122.33333333333267)	(65.0, 95.33333333333306)	(66.0, 97.99999999999969)	(67.0, 267.6666666666689)	(68.0, 288.6666666666677)	(69.0, 99.99999999999966)	(70.0, 28.999999999999964)	(71.0, 16.666666666666675)	(72.0, 8.33333333333333)	(73.0, 6.333333333333331)	(74.0, 4.999999999999999)	(75.0, 2.6666666666666665)	(76.0, 1.6666666666666665)	(77.0, 1.0)	(78.0, 1.3333333333333333)	(79.0, 1.3333333333333333)	(80.0, 1.6666666666666665)	(81.0, 0.3333333333333333)	(82.0, 0.3333333333333333)	(83.0, 1.0)	(84.0, 0.6666666666666666)	(85.0, 1.0)	(86.0, 0.6666666666666666)	(87.0, 0.3333333333333333)	(88.0, 0.0)	(89.0, 0.0)	(90.0, 0.3333333333333333)	(91.0, 0.3333333333333333)	(92.0, 0.0)	(93.0, 0.0)	(94.0, 0.0)	(95.0, 0.0)	(96.0, 0.0)	(97.0, 0.0)	(98.0, 0.6666666666666666)	(99.0, 0.3333333333333333)	(100.0, 0.0)
SRR5816755_1	(0.0, 0.0)	(1.0, 0.0)	(2.0, 0.0)	(3.0, 0.0)	(4.0, 0.0)	(5.0, 0.0)	(6.0, 0.0)	(7.0, 0.0)	(8.0, 0.0)	(9.0, 0.0)	(10.0, 0.0)	(11.0, 0.0)	(12.0, 0.0)	(13.0, 0.0)	(14.0, 0.0)	(15.0, 0.0)	(16.0, 0.0)	(17.0, 0.0)	(18.0, 0.0)	(19.0, 0.0)	(20.0, 0.0)	(21.0, 0.0)	(22.0, 0.0)	(23.0, 0.0)	(24.0, 0.0)	(25.0, 0.0)	(26.0, 0.0)	(27.0, 0.0)	(28.0, 0.0)	(29.0, 0.0)	(30.0, 0.0)	(31.0, 0.0)	(32.0, 0.0)	(33.0, 0.0)	(34.0, 0.0)	(35.0, 0.0)	(36.0, 0.3333333333333333)	(37.0, 0.6666666666666666)	(38.0, 1.0)	(39.0, 2.333333333333333)	(40.0, 1.9999999999999998)	(41.0, 1.3333333333333333)	(42.0, 3.0)	(43.0, 3.666666666666667)	(44.0, 7.9999999999999964)	(45.0, 23.66666666666665)	(46.0, 37.33333333333332)	(47.0, 85.3333333333332)	(48.0, 343.6666666666646)	(49.0, 2407.9999999999773)	(50.0, 9186.666666665495)	(51.0, 21028.666666661687)	(52.0, 24848.33333331446)	(53.0, 19379.333333334354)	(54.0, 18606.000000003834)	(55.0, 16869.666666676818)	(56.0, 12505.333333338198)	(57.0, 10172.333333333954)	(58.0, 5067.666666666528)	(59.0, 1257.3333333333267)	(60.0, 674.0000000000067)	(61.0, 363.66666666666345)	(62.0, 245.66666666666927)	(63.0, 257.66666666666947)	(64.0, 147.33333333333314)	(65.0, 122.33333333333267)	(66.0, 89.9999999999998)	(67.0, 14.000000000000007)	(68.0, 4.333333333333333)	(69.0, 2.333333333333333)	(70.0, 1.0)	(71.0, 0.3333333333333333)	(72.0, 0.0)	(73.0, 0.0)	(74.0, 0.0)	(75.0, 0.0)	(76.0, 0.0)	(77.0, 0.0)	(78.0, 0.0)	(79.0, 0.0)	(80.0, 0.0)	(81.0, 0.0)	(82.0, 0.0)	(83.0, 0.0)	(84.0, 0.0)	(85.0, 0.0)	(86.0, 0.0)	(87.0, 0.0)	(88.0, 0.0)	(89.0, 0.0)	(90.0, 0.0)	(91.0, 0.0)	(92.0, 0.0)	(93.0, 0.0)	(94.0, 0.0)	(95.0, 0.0)	(96.0, 0.0)	(97.0, 0.0)	(98.0, 0.0)	(99.0, 0.0)	(100.0, 0.0)
SRR5816755_2	(0.0, 0.0)	(1.0, 0.0)	(2.0, 0.0)	(3.0, 0.0)	(4.0, 0.0)	(5.0, 0.0)	(6.0, 0.0)	(7.0, 0.0)	(8.0, 0.0)	(9.0, 0.0)	(10.0, 0.0)	(11.0, 0.0)	(12.0, 0.0)	(13.0, 0.0)	(14.0, 0.3333333333333333)	(15.0, 0.3333333333333333)	(16.0, 0.0)	(17.0, 0.0)	(18.0, 0.6666666666666666)	(19.0, 0.6666666666666666)	(20.0, 0.3333333333333333)	(21.0, 0.0)	(22.0, 0.6666666666666666)	(23.0, 0.3333333333333333)	(24.0, 0.3333333333333333)	(25.0, 0.6666666666666666)	(26.0, 0.6666666666666666)	(27.0, 0.6666666666666666)	(28.0, 1.3333333333333333)	(29.0, 1.6666666666666665)	(30.0, 1.0)	(31.0, 3.0)	(32.0, 4.0)	(33.0, 3.666666666666667)	(34.0, 6.666666666666664)	(35.0, 7.666666666666663)	(36.0, 12.666666666666671)	(37.0, 14.666666666666675)	(38.0, 20.33333333333333)	(39.0, 27.999999999999968)	(40.0, 34.3333333333333)	(41.0, 47.33333333333339)	(42.0, 62.666666666666835)	(43.0, 78.3333333333333)	(44.0, 138.99999999999957)	(45.0, 417.33333333332706)	(46.0, 679.0000000000073)	(47.0, 888.000000000031)	(48.0, 1988.999999999827)	(49.0, 4689.666666666872)	(50.0, 10638.666666668136)	(51.0, 18762.3333333366)	(52.0, 25905.666666643945)	(53.0, 26897.333333307004)	(54.0, 24449.999999982574)	(55.0, 12792.666666672054)	(56.0, 7596.333333330895)	(57.0, 3947.000000000677)	(58.0, 1590.333333333251)	(59.0, 589.6666666666638)	(60.0, 267.6666666666689)	(61.0, 161.66666666666688)	(62.0, 166.66666666666703)	(63.0, 179.0000000000007)	(64.0, 130.99999999999935)	(65.0, 80.33333333333327)	(66.0, 65.66666666666681)	(67.0, 139.9999999999996)	(68.0, 164.00000000000028)	(69.0, 65.66666666666681)	(70.0, 34.3333333333333)	(71.0, 13.33333333333334)	(72.0, 11.333333333333336)	(73.0, 5.333333333333332)	(74.0, 3.0)	(75.0, 3.0)	(76.0, 3.666666666666667)	(77.0, 1.9999999999999998)	(78.0, 1.6666666666666665)	(79.0, 1.0)	(80.0, 1.0)	(81.0, 1.0)	(82.0, 1.0)	(83.0, 0.3333333333333333)	(84.0, 0.6666666666666666)	(85.0, 1.0)	(86.0, 1.0)	(87.0, 0.0)	(88.0, 0.0)	(89.0, 0.3333333333333333)	(90.0, 0.3333333333333333)	(91.0, 0.0)	(92.0, 0.0)	(93.0, 0.0)	(94.0, 1.0)	(95.0, 0.3333333333333333)	(96.0, 0.3333333333333333)	(97.0, 0.3333333333333333)	(98.0, 0.3333333333333333)	(99.0, 0.6666666666666666)	(100.0, 1.0)
SRR5816756_1	(0.0, 0.0)	(1.0, 0.0)	(2.0, 0.0)	(3.0, 0.0)	(4.0, 0.0)	(5.0, 0.0)	(6.0, 0.0)	(7.0, 0.0)	(8.0, 0.0)	(9.0, 0.0)	(10.0, 0.0)	(11.0, 0.0)	(12.0, 0.0)	(13.0, 0.0)	(14.0, 0.0)	(15.0, 0.0)	(16.0, 0.0)	(17.0, 0.0)	(18.0, 0.0)	(19.0, 0.0)	(20.0, 0.0)	(21.0, 0.0)	(22.0, 0.0)	(23.0, 0.0)	(24.0, 0.0)	(25.0, 0.0)	(26.0, 0.0)	(27.0, 0.0)	(28.0, 0.0)	(29.0, 0.0)	(30.0, 0.0)	(31.0, 0.0)	(32.0, 0.0)	(33.0, 0.0)	(34.0, 0.3333333333333333)	(35.0, 0.0)	(36.0, 0.6666666666666666)	(37.0, 1.6666666666666665)	(38.0, 1.0)	(39.0, 0.3333333333333333)	(40.0, 0.0)	(41.0, 0.6666666666666666)	(42.0, 0.3333333333333333)	(43.0, 3.3333333333333335)	(44.0, 4.333333333333333)	(45.0, 6.999999999999997)	(46.0, 29.99999999999996)	(47.0, 185.00000000000088)	(48.0, 563.3333333333275)	(49.0, 1873.6666666665199)	(50.0, 3589.6666666671813)	(51.0, 5296.3333333329865)	(52.0, 8202.666666663705)	(53.0, 8994.99999999848)	(54.0, 10320.00000000089)	(55.0, 10613.66666666809)	(56.0, 10417.666666667734)	(57.0, 6706.333333331704)	(58.0, 3902.33333333399)	(59.0, 3404.3333333337637)	(60.0, 1976.3333333331632)	(61.0, 729.6666666666797)	(62.0, 619.6666666666672)	(63.0, 681.0000000000075)	(64.0, 411.6666666666607)	(65.0, 357.3333333333305)	(66.0, 104.99999999999959)	(67.0, 14.000000000000007)	(68.0, 4.666666666666666)	(69.0, 3.3333333333333335)	(70.0, 1.0)	(71.0, 0.3333333333333333)	(72.0, 0.0)	(73.0, 0.0)	(74.0, 0.0)	(75.0, 0.0)	(76.0, 0.0)	(77.0, 0.0)	(78.0, 0.0)	(79.0, 0.0)	(80.0, 0.0)	(81.0, 0.0)	(82.0, 0.0)	(83.0, 0.0)	(84.0, 0.0)	(85.0, 0.0)	(86.0, 0.0)	(87.0, 0.0)	(88.0, 0.0)	(89.0, 0.0)	(90.0, 0.0)	(91.0, 0.0)	(92.0, 0.0)	(93.0, 0.0)	(94.0, 0.0)	(95.0, 0.0)	(96.0, 0.0)	(97.0, 0.0)	(98.0, 0.0)	(99.0, 0.0)	(100.0, 0.0)
SRR5816756_2	(0.0, 0.0)	(1.0, 0.0)	(2.0, 0.0)	(3.0, 0.0)	(4.0, 0.0)	(5.0, 0.0)	(6.0, 0.0)	(7.0, 0.0)	(8.0, 0.0)	(9.0, 0.0)	(10.0, 0.0)	(11.0, 0.0)	(12.0, 0.6666666666666666)	(13.0, 0.6666666666666666)	(14.0, 0.3333333333333333)	(15.0, 0.0)	(16.0, 0.0)	(17.0, 0.0)	(18.0, 0.0)	(19.0, 0.0)	(20.0, 0.6666666666666666)	(21.0, 0.6666666666666666)	(22.0, 0.0)	(23.0, 0.0)	(24.0, 0.0)	(25.0, 0.0)	(26.0, 0.6666666666666666)	(27.0, 1.3333333333333333)	(28.0, 1.6666666666666665)	(29.0, 2.6666666666666665)	(30.0, 1.6666666666666665)	(31.0, 2.333333333333333)	(32.0, 3.0)	(33.0, 3.666666666666667)	(34.0, 4.333333333333333)	(35.0, 4.999999999999999)	(36.0, 9.333333333333332)	(37.0, 12.666666666666671)	(38.0, 13.666666666666673)	(39.0, 18.666666666666668)	(40.0, 32.66666666666662)	(41.0, 41.000000000000014)	(42.0, 41.666666666666686)	(43.0, 57.00000000000013)	(44.0, 89.9999999999998)	(45.0, 310.9999999999998)	(46.0, 540.6666666666582)	(47.0, 1078.000000000034)	(48.0, 2344.3333333332816)	(49.0, 2779.666666666813)	(50.0, 5626.333333332686)	(51.0, 9736.999999999829)	(52.0, 12608.000000005051)	(53.0, 13166.666666672734)	(54.0, 11819.000000003616)	(55.0, 6870.333333331555)	(56.0, 4394.66666666714)	(57.0, 2496.0000000000173)	(58.0, 1215.3333333333362)	(59.0, 904.0000000000329)	(60.0, 713.3333333333445)	(61.0, 459.3333333333247)	(62.0, 443.9999999999922)	(63.0, 424.66666666666)	(64.0, 291.0000000000009)	(65.0, 190.6666666666677)	(66.0, 99.99999999999966)	(67.0, 118.66666666666606)	(68.0, 132.9999999999994)	(69.0, 51.33333333333342)	(70.0, 17.000000000000007)	(71.0, 10.0)	(72.0, 4.666666666666666)	(73.0, 3.3333333333333335)	(74.0, 1.6666666666666665)	(75.0, 1.6666666666666665)	(76.0, 0.6666666666666666)	(77.0, 0.6666666666666666)	(78.0, 0.0)	(79.0, 0.3333333333333333)	(80.0, 1.0)	(81.0, 0.6666666666666666)	(82.0, 0.6666666666666666)	(83.0, 0.6666666666666666)	(84.0, 0.0)	(85.0, 0.3333333333333333)	(86.0, 0.3333333333333333)	(87.0, 0.6666666666666666)	(88.0, 0.6666666666666666)	(89.0, 0.6666666666666666)	(90.0, 1.3333333333333333)	(91.0, 1.0)	(92.0, 0.6666666666666666)	(93.0, 0.3333333333333333)	(94.0, 0.6666666666666666)	(95.0, 0.3333333333333333)	(96.0, 0.3333333333333333)	(97.0, 0.6666666666666666)	(98.0, 1.0)	(99.0, 0.0)	(100.0, 0.0)
SRR5816757_1	(0.0, 0.0)	(1.0, 0.0)	(2.0, 0.0)	(3.0, 0.0)	(4.0, 0.0)	(5.0, 0.0)	(6.0, 0.0)	(7.0, 0.0)	(8.0, 0.0)	(9.0, 0.0)	(10.0, 0.0)	(11.0, 0.0)	(12.0, 0.0)	(13.0, 0.0)	(14.0, 0.0)	(15.0, 0.0)	(16.0, 0.0)	(17.0, 0.0)	(18.0, 0.0)	(19.0, 0.0)	(20.0, 0.0)	(21.0, 0.0)	(22.0, 0.0)	(23.0, 0.0)	(24.0, 0.0)	(25.0, 0.0)	(26.0, 0.0)	(27.0, 0.0)	(28.0, 0.0)	(29.0, 0.0)	(30.0, 0.0)	(31.0, 0.0)	(32.0, 0.0)	(33.0, 0.0)	(34.0, 0.3333333333333333)	(35.0, 1.0)	(36.0, 0.3333333333333333)	(37.0, 1.3333333333333333)	(38.0, 1.9999999999999998)	(39.0, 1.6666666666666665)	(40.0, 2.6666666666666665)	(41.0, 5.333333333333332)	(42.0, 6.666666666666664)	(43.0, 14.000000000000007)	(44.0, 23.66666666666665)	(45.0, 53.333333333333435)	(46.0, 160.66666666666686)	(47.0, 470.66666666665736)	(48.0, 1724.6666666665537)	(49.0, 4985.666666666602)	(50.0, 7521.333333330963)	(51.0, 7858.333333330656)	(52.0, 13257.333333339566)	(53.0, 18438.66666667111)	(54.0, 31621.66666662315)	(55.0, 32842.99999995286)	(56.0, 19555.000000000382)	(57.0, 13006.000000005775)	(58.0, 13369.666666673103)	(59.0, 14637.000000008742)	(60.0, 7839.99999999734)	(61.0, 2296.33333333326)	(62.0, 2093.9999999998345)	(63.0, 983.0000000000418)	(64.0, 616.0000000000001)	(65.0, 378.9999999999959)	(66.0, 65.33333333333348)	(67.0, 17.66666666666667)	(68.0, 9.666666666666666)	(69.0, 7.666666666666663)	(70.0, 3.0)	(71.0, 1.9999999999999998)	(72.0, 1.3333333333333333)	(73.0, 1.3333333333333333)	(74.0, 0.3333333333333333)	(75.0, 0.0)	(76.0, 0.3333333333333333)	(77.0, 0.3333333333333333)	(78.0, 0.0)	(79.0, 0.0)	(80.0, 0.0)	(81.0, 0.0)	(82.0, 0.0)	(83.0, 0.3333333333333333)	(84.0, 0.0)	(85.0, 0.0)	(86.0, 0.0)	(87.0, 0.0)	(88.0, 0.0)	(89.0, 0.0)	(90.0, 0.0)	(91.0, 0.0)	(92.0, 0.0)	(93.0, 0.0)	(94.0, 0.0)	(95.0, 0.0)	(96.0, 0.0)	(97.0, 0.0)	(98.0, 0.0)	(99.0, 0.0)	(100.0, 0.0)
SRR5816757_2	(0.0, 0.0)	(1.0, 0.0)	(2.0, 0.0)	(3.0, 0.0)	(4.0, 0.0)	(5.0, 0.0)	(6.0, 0.0)	(7.0, 0.0)	(8.0, 0.0)	(9.0, 0.0)	(10.0, 0.0)	(11.0, 0.0)	(12.0, 0.0)	(13.0, 0.3333333333333333)	(14.0, 0.3333333333333333)	(15.0, 0.3333333333333333)	(16.0, 0.3333333333333333)	(17.0, 0.0)	(18.0, 0.3333333333333333)	(19.0, 0.6666666666666666)	(20.0, 0.3333333333333333)	(21.0, 0.0)	(22.0, 0.3333333333333333)	(23.0, 0.6666666666666666)	(24.0, 0.6666666666666666)	(25.0, 0.6666666666666666)	(26.0, 0.3333333333333333)	(27.0, 0.3333333333333333)	(28.0, 1.6666666666666665)	(29.0, 1.9999999999999998)	(30.0, 2.6666666666666665)	(31.0, 2.333333333333333)	(32.0, 3.3333333333333335)	(33.0, 6.333333333333331)	(34.0, 11.333333333333336)	(35.0, 16.333333333333343)	(36.0, 19.0)	(37.0, 25.33333333333331)	(38.0, 40.33333333333334)	(39.0, 43.6666666666667)	(40.0, 50.00000000000008)	(41.0, 85.3333333333332)	(42.0, 115.6666666666661)	(43.0, 144.6666666666664)	(44.0, 216.66666666666845)	(45.0, 562.9999999999941)	(46.0, 1442.9999999999511)	(47.0, 4107.666666667401)	(48.0, 6499.666666665225)	(49.0, 8338.999999997286)	(50.0, 16477.33333334491)	(51.0, 25134.66666664675)	(52.0, 25454.999999978918)	(53.0, 24604.333333315346)	(54.0, 24184.666666650206)	(55.0, 14731.000000008913)	(56.0, 10905.000000001954)	(57.0, 9135.999999998736)	(58.0, 5655.33333333266)	(59.0, 6249.666666665453)	(60.0, 4902.666666666678)	(61.0, 1881.3333333331848)	(62.0, 799.6666666666877)	(63.0, 444.66666666665884)	(64.0, 297.3333333333339)	(65.0, 204.00000000000142)	(66.0, 150.99999999999991)	(67.0, 267.3333333333356)	(68.0, 376.3333333333294)	(69.0, 247.333333333336)	(70.0, 91.33333333333312)	(71.0, 26.99999999999997)	(72.0, 10.666666666666668)	(73.0, 10.333333333333334)	(74.0, 8.33333333333333)	(75.0, 5.666666666666665)	(76.0, 4.333333333333333)	(77.0, 3.666666666666667)	(78.0, 3.3333333333333335)	(79.0, 1.3333333333333333)	(80.0, 3.0)	(81.0, 4.0)	(82.0, 1.9999999999999998)	(83.0, 1.3333333333333333)	(84.0, 1.0)	(85.0, 0.6666666666666666)	(86.0, 0.6666666666666666)	(87.0, 0.0)	(88.0, 0.6666666666666666)	(89.0, 1.9999999999999998)	(90.0, 1.6666666666666665)	(91.0, 0.3333333333333333)	(92.0, 0.0)	(93.0, 0.6666666666666666)	(94.0, 0.3333333333333333)	(95.0, 0.3333333333333333)	(96.0, 0.6666666666666666)	(97.0, 0.0)	(98.0, 0.3333333333333333)	(99.0, 0.3333333333333333)	(100.0, 0.0)
SRR5816758_1	(0.0, 0.0)	(1.0, 0.0)	(2.0, 0.0)	(3.0, 0.0)	(4.0, 0.0)	(5.0, 0.0)	(6.0, 0.0)	(7.0, 0.0)	(8.0, 0.0)	(9.0, 0.0)	(10.0, 0.0)	(11.0, 0.0)	(12.0, 0.0)	(13.0, 0.0)	(14.0, 0.0)	(15.0, 0.0)	(16.0, 0.0)	(17.0, 0.0)	(18.0, 0.0)	(19.0, 0.0)	(20.0, 0.0)	(21.0, 0.0)	(22.0, 0.0)	(23.0, 0.0)	(24.0, 0.0)	(25.0, 0.0)	(26.0, 0.0)	(27.0, 0.0)	(28.0, 0.0)	(29.0, 0.0)	(30.0, 0.0)	(31.0, 0.0)	(32.0, 0.0)	(33.0, 0.0)	(34.0, 0.3333333333333333)	(35.0, 0.3333333333333333)	(36.0, 0.3333333333333333)	(37.0, 1.3333333333333333)	(38.0, 1.6666666666666665)	(39.0, 1.3333333333333333)	(40.0, 1.0)	(41.0, 1.0)	(42.0, 3.3333333333333335)	(43.0, 3.666666666666667)	(44.0, 7.666666666666663)	(45.0, 15.000000000000009)	(46.0, 36.333333333333314)	(47.0, 147.99999999999983)	(48.0, 1172.0000000000127)	(49.0, 3549.666666667163)	(50.0, 5755.999999999235)	(51.0, 8068.666666663798)	(52.0, 10267.333333334127)	(53.0, 10420.66666666774)	(54.0, 14153.000000007862)	(55.0, 15911.333333344393)	(56.0, 11877.333333337056)	(57.0, 7725.999999997443)	(58.0, 6359.33333333202)	(59.0, 8165.333333330377)	(60.0, 4181.666666667334)	(61.0, 1049.333333333374)	(62.0, 736.6666666666805)	(63.0, 692.3333333333421)	(64.0, 276.3333333333351)	(65.0, 149.9999999999999)	(66.0, 74.33333333333336)	(67.0, 16.333333333333343)	(68.0, 7.9999999999999964)	(69.0, 5.666666666666665)	(70.0, 1.3333333333333333)	(71.0, 0.6666666666666666)	(72.0, 0.0)	(73.0, 0.0)	(74.0, 0.0)	(75.0, 0.0)	(76.0, 0.0)	(77.0, 0.3333333333333333)	(78.0, 0.0)	(79.0, 0.0)	(80.0, 0.0)	(81.0, 0.0)	(82.0, 0.0)	(83.0, 0.0)	(84.0, 0.0)	(85.0, 0.0)	(86.0, 0.0)	(87.0, 0.0)	(88.0, 0.0)	(89.0, 0.0)	(90.0, 0.0)	(91.0, 0.0)	(92.0, 0.0)	(93.0, 0.0)	(94.0, 0.0)	(95.0, 0.0)	(96.0, 0.0)	(97.0, 0.0)	(98.0, 0.0)	(99.0, 0.0)	(100.0, 0.0)
SRR5816758_2	(0.0, 0.0)	(1.0, 0.0)	(2.0, 0.0)	(3.0, 0.0)	(4.0, 0.0)	(5.0, 0.0)	(6.0, 0.0)	(7.0, 0.3333333333333333)	(8.0, 0.0)	(9.0, 0.0)	(10.0, 0.0)	(11.0, 0.3333333333333333)	(12.0, 0.3333333333333333)	(13.0, 0.0)	(14.0, 0.0)	(15.0, 0.0)	(16.0, 0.0)	(17.0, 0.0)	(18.0, 0.6666666666666666)	(19.0, 0.3333333333333333)	(20.0, 0.3333333333333333)	(21.0, 0.0)	(22.0, 0.0)	(23.0, 0.3333333333333333)	(24.0, 0.0)	(25.0, 0.0)	(26.0, 0.0)	(27.0, 0.3333333333333333)	(28.0, 1.0)	(29.0, 1.6666666666666665)	(30.0, 1.6666666666666665)	(31.0, 1.6666666666666665)	(32.0, 4.333333333333333)	(33.0, 3.666666666666667)	(34.0, 6.333333333333331)	(35.0, 8.33333333333333)	(36.0, 10.0)	(37.0, 9.666666666666666)	(38.0, 14.333333333333341)	(39.0, 23.66666666666665)	(40.0, 32.333333333333286)	(41.0, 32.333333333333286)	(42.0, 50.333333333333414)	(43.0, 72.00000000000006)	(44.0, 150.99999999999991)	(45.0, 231.0000000000022)	(46.0, 451.99999999999176)	(47.0, 1362.9999999999693)	(48.0, 2577.666666666721)	(49.0, 3715.6666666672386)	(50.0, 7290.999999997839)	(51.0, 12086.333333337436)	(52.0, 17482.333333341256)	(53.0, 19151.333333335184)	(54.0, 17707.66666667377)	(55.0, 9924.333333333503)	(56.0, 5804.6666666658575)	(57.0, 3816.0000000006175)	(58.0, 3201.3333333336714)	(59.0, 1987.9999999998272)	(60.0, 867.0000000000286)	(61.0, 413.9999999999939)	(62.0, 310.9999999999998)	(63.0, 334.3333333333318)	(64.0, 217.66666666666848)	(65.0, 134.99999999999946)	(66.0, 147.6666666666665)	(67.0, 382.9999999999957)	(68.0, 444.3333333333255)	(69.0, 166.66666666666703)	(70.0, 54.66666666666678)	(71.0, 22.666666666666654)	(72.0, 9.333333333333332)	(73.0, 6.333333333333331)	(74.0, 3.3333333333333335)	(75.0, 3.666666666666667)	(76.0, 3.0)	(77.0, 3.666666666666667)	(78.0, 1.6666666666666665)	(79.0, 1.0)	(80.0, 0.3333333333333333)	(81.0, 0.6666666666666666)	(82.0, 0.3333333333333333)	(83.0, 1.0)	(84.0, 0.6666666666666666)	(85.0, 1.0)	(86.0, 0.6666666666666666)	(87.0, 0.3333333333333333)	(88.0, 0.0)	(89.0, 0.3333333333333333)	(90.0, 0.0)	(91.0, 0.0)	(92.0, 0.0)	(93.0, 0.0)	(94.0, 0.0)	(95.0, 0.0)	(96.0, 0.0)	(97.0, 0.6666666666666666)	(98.0, 0.6666666666666666)	(99.0, 0.0)	(100.0, 0.5)
SRR5816759_1	(0.0, 0.0)	(1.0, 0.0)	(2.0, 0.0)	(3.0, 0.0)	(4.0, 0.0)	(5.0, 0.0)	(6.0, 0.0)	(7.0, 0.0)	(8.0, 0.0)	(9.0, 0.0)	(10.0, 0.0)	(11.0, 0.0)	(12.0, 0.0)	(13.0, 0.0)	(14.0, 0.0)	(15.0, 0.0)	(16.0, 0.0)	(17.0, 0.0)	(18.0, 0.0)	(19.0, 0.0)	(20.0, 0.0)	(21.0, 0.0)	(22.0, 0.0)	(23.0, 0.0)	(24.0, 0.0)	(25.0, 0.0)	(26.0, 0.0)	(27.0, 0.0)	(28.0, 0.0)	(29.0, 0.0)	(30.0, 0.0)	(31.0, 0.0)	(32.0, 0.0)	(33.0, 0.0)	(34.0, 0.3333333333333333)	(35.0, 0.3333333333333333)	(36.0, 0.0)	(37.0, 0.6666666666666666)	(38.0, 1.3333333333333333)	(39.0, 0.6666666666666666)	(40.0, 0.3333333333333333)	(41.0, 1.0)	(42.0, 3.0)	(43.0, 5.333333333333332)	(44.0, 11.000000000000002)	(45.0, 22.33333333333332)	(46.0, 59.33333333333348)	(47.0, 292.6666666666675)	(48.0, 894.3333333333651)	(49.0, 3556.6666666671663)	(50.0, 5627.9999999993515)	(51.0, 6377.666666665336)	(52.0, 11664.666666670002)	(53.0, 12234.666666671039)	(54.0, 13751.666666673798)	(55.0, 15288.666666676594)	(56.0, 10230.33333333406)	(57.0, 6223.9999999988095)	(58.0, 5627.9999999993515)	(59.0, 4383.66666666715)	(60.0, 3234.66666666702)	(61.0, 1701.3333333332257)	(62.0, 1040.0000000000427)	(63.0, 747.6666666666817)	(64.0, 262.00000000000256)	(65.0, 151.33333333333326)	(66.0, 74.66666666666669)	(67.0, 16.666666666666675)	(68.0, 4.999999999999999)	(69.0, 4.0)	(70.0, 2.6666666666666665)	(71.0, 1.9999999999999998)	(72.0, 0.0)	(73.0, 0.0)	(74.0, 0.0)	(75.0, 0.3333333333333333)	(76.0, 1.0)	(77.0, 1.3333333333333333)	(78.0, 0.0)	(79.0, 0.0)	(80.0, 0.0)	(81.0, 0.0)	(82.0, 0.0)	(83.0, 0.0)	(84.0, 0.0)	(85.0, 0.0)	(86.0, 0.0)	(87.0, 0.0)	(88.0, 0.0)	(89.0, 0.0)	(90.0, 0.0)	(91.0, 0.0)	(92.0, 0.0)	(93.0, 0.0)	(94.0, 0.0)	(95.0, 0.0)	(96.0, 0.0)	(97.0, 0.0)	(98.0, 0.0)	(99.0, 0.0)	(100.0, 0.0)
SRR5816759_2	(0.0, 0.0)	(1.0, 0.0)	(2.0, 0.0)	(3.0, 0.0)	(4.0, 0.0)	(5.0, 0.0)	(6.0, 0.0)	(7.0, 0.0)	(8.0, 0.3333333333333333)	(9.0, 0.3333333333333333)	(10.0, 0.0)	(11.0, 0.0)	(12.0, 0.0)	(13.0, 0.0)	(14.0, 0.0)	(15.0, 0.3333333333333333)	(16.0, 0.3333333333333333)	(17.0, 0.0)	(18.0, 0.3333333333333333)	(19.0, 0.3333333333333333)	(20.0, 0.0)	(21.0, 0.3333333333333333)	(22.0, 0.0)	(23.0, 0.0)	(24.0, 0.3333333333333333)	(25.0, 0.6666666666666666)	(26.0, 1.3333333333333333)	(27.0, 1.0)	(28.0, 0.6666666666666666)	(29.0, 1.0)	(30.0, 0.0)	(31.0, 0.3333333333333333)	(32.0, 1.3333333333333333)	(33.0, 3.0)	(34.0, 1.9999999999999998)	(35.0, 6.666666666666664)	(36.0, 4.999999999999999)	(37.0, 7.666666666666663)	(38.0, 11.333333333333336)	(39.0, 14.000000000000007)	(40.0, 15.333333333333343)	(41.0, 19.333333333333332)	(42.0, 34.3333333333333)	(43.0, 49.00000000000007)	(44.0, 69.0000000000001)	(45.0, 134.99999999999946)	(46.0, 346.3333333333311)	(47.0, 901.6666666666993)	(48.0, 1713.333333333223)	(49.0, 3525.666666667152)	(50.0, 8072.666666663795)	(51.0, 11987.000000003922)	(52.0, 15075.000000009539)	(53.0, 17051.333333342824)	(54.0, 17458.333333341343)	(55.0, 12251.000000004402)	(56.0, 6239.666666665462)	(57.0, 2942.3333333335536)	(58.0, 1402.666666666627)	(59.0, 1136.000000000021)	(60.0, 863.6666666666949)	(61.0, 335.66666666666504)	(62.0, 283.666666666668)	(63.0, 316.6666666666661)	(64.0, 181.66666666666745)	(65.0, 116.99999999999942)	(66.0, 143.66666666666637)	(67.0, 278.33333333333496)	(68.0, 350.6666666666642)	(69.0, 161.33333333333354)	(70.0, 55.000000000000114)	(71.0, 22.33333333333332)	(72.0, 13.000000000000005)	(73.0, 5.666666666666665)	(74.0, 3.3333333333333335)	(75.0, 2.6666666666666665)	(76.0, 2.333333333333333)	(77.0, 0.3333333333333333)	(78.0, 0.6666666666666666)	(79.0, 1.0)	(80.0, 0.0)	(81.0, 0.6666666666666666)	(82.0, 0.6666666666666666)	(83.0, 0.3333333333333333)	(84.0, 0.3333333333333333)	(85.0, 0.6666666666666666)	(86.0, 0.6666666666666666)	(87.0, 0.0)	(88.0, 0.3333333333333333)	(89.0, 0.3333333333333333)	(90.0, 0.3333333333333333)	(91.0, 0.3333333333333333)	(92.0, 0.0)	(93.0, 0.0)	(94.0, 0.0)	(95.0, 0.0)	(96.0, 0.0)	(97.0, 1.0)	(98.0, 1.3333333333333333)	(99.0, 0.0)	(100.0, 0.5)
SRR5816760_1	(0.0, 0.0)	(1.0, 0.0)	(2.0, 0.0)	(3.0, 0.0)	(4.0, 0.0)	(5.0, 0.0)	(6.0, 0.0)	(7.0, 0.0)	(8.0, 0.0)	(9.0, 0.0)	(10.0, 0.0)	(11.0, 0.0)	(12.0, 0.0)	(13.0, 0.0)	(14.0, 0.0)	(15.0, 0.0)	(16.0, 0.0)	(17.0, 0.0)	(18.0, 0.0)	(19.0, 0.0)	(20.0, 0.0)	(21.0, 0.0)	(22.0, 0.0)	(23.0, 0.0)	(24.0, 0.0)	(25.0, 0.0)	(26.0, 0.0)	(27.0, 0.0)	(28.0, 0.0)	(29.0, 0.0)	(30.0, 0.0)	(31.0, 0.0)	(32.0, 0.0)	(33.0, 0.0)	(34.0, 0.3333333333333333)	(35.0, 0.3333333333333333)	(36.0, 0.6666666666666666)	(37.0, 0.6666666666666666)	(38.0, 0.3333333333333333)	(39.0, 0.6666666666666666)	(40.0, 1.0)	(41.0, 0.0)	(42.0, 0.0)	(43.0, 1.6666666666666665)	(44.0, 4.999999999999999)	(45.0, 6.666666666666664)	(46.0, 49.66666666666674)	(47.0, 193.33333333333445)	(48.0, 887.0000000000309)	(49.0, 1780.9999999998743)	(50.0, 1934.9999999998392)	(51.0, 2250.333333333239)	(52.0, 4114.3333333340615)	(53.0, 5615.333333332696)	(54.0, 11222.333333335864)	(55.0, 12571.666666671652)	(56.0, 8891.666666664958)	(57.0, 8013.666666663848)	(58.0, 9334.999999999098)	(59.0, 4831.6666666667425)	(60.0, 1930.9999999998402)	(61.0, 928.333333333369)	(62.0, 800.3333333333544)	(63.0, 497.3333333333225)	(64.0, 237.66666666666904)	(65.0, 120.66666666666603)	(66.0, 41.666666666666686)	(67.0, 12.666666666666671)	(68.0, 1.0)	(69.0, 1.6666666666666665)	(70.0, 1.6666666666666665)	(71.0, 1.3333333333333333)	(72.0, 0.6666666666666666)	(73.0, 0.0)	(74.0, 0.0)	(75.0, 0.0)	(76.0, 0.0)	(77.0, 0.0)	(78.0, 0.0)	(79.0, 0.0)	(80.0, 0.0)	(81.0, 0.0)	(82.0, 0.0)	(83.0, 0.0)	(84.0, 0.0)	(85.0, 0.0)	(86.0, 0.0)	(87.0, 0.0)	(88.0, 0.0)	(89.0, 0.0)	(90.0, 0.0)	(91.0, 0.0)	(92.0, 0.0)	(93.0, 0.0)	(94.0, 0.0)	(95.0, 0.0)	(96.0, 0.0)	(97.0, 0.0)	(98.0, 0.0)	(99.0, 0.0)	(100.0, 0.0)
SRR5816760_2	(0.0, 0.5)	(1.0, 0.0)	(2.0, 0.0)	(3.0, 0.0)	(4.0, 0.0)	(5.0, 0.0)	(6.0, 0.0)	(7.0, 0.0)	(8.0, 0.0)	(9.0, 0.0)	(10.0, 0.0)	(11.0, 0.0)	(12.0, 0.0)	(13.0, 0.0)	(14.0, 0.0)	(15.0, 0.0)	(16.0, 0.3333333333333333)	(17.0, 0.3333333333333333)	(18.0, 0.3333333333333333)	(19.0, 0.0)	(20.0, 0.0)	(21.0, 0.3333333333333333)	(22.0, 0.3333333333333333)	(23.0, 0.0)	(24.0, 0.3333333333333333)	(25.0, 0.6666666666666666)	(26.0, 1.0)	(27.0, 1.3333333333333333)	(28.0, 1.0)	(29.0, 1.3333333333333333)	(30.0, 1.9999999999999998)	(31.0, 4.999999999999999)	(32.0, 4.666666666666666)	(33.0, 4.999999999999999)	(34.0, 5.999999999999998)	(35.0, 9.333333333333332)	(36.0, 7.33333333333333)	(37.0, 11.000000000000002)	(38.0, 15.333333333333343)	(39.0, 18.333333333333336)	(40.0, 28.3333333333333)	(41.0, 34.99999999999997)	(42.0, 34.99999999999997)	(43.0, 48.000000000000064)	(44.0, 68.66666666666677)	(45.0, 124.9999999999993)	(46.0, 275.66666666666845)	(47.0, 873.6666666666961)	(48.0, 2120.9999999998468)	(49.0, 2942.00000000022)	(50.0, 5711.666666665942)	(51.0, 8646.333333331178)	(52.0, 9599.333333332912)	(53.0, 10621.333333334771)	(54.0, 9252.33333333228)	(55.0, 6241.333333332127)	(56.0, 6784.999999998299)	(57.0, 6425.999999998626)	(58.0, 2691.3333333334394)	(59.0, 1115.6666666666922)	(60.0, 607.3333333333325)	(61.0, 328.66666666666544)	(62.0, 246.33333333333596)	(63.0, 227.66666666666876)	(64.0, 184.66666666666754)	(65.0, 102.33333333333296)	(66.0, 92.99999999999976)	(67.0, 210.0000000000016)	(68.0, 264.33333333333576)	(69.0, 135.3333333333328)	(70.0, 48.000000000000064)	(71.0, 15.666666666666677)	(72.0, 5.999999999999998)	(73.0, 3.666666666666667)	(74.0, 4.333333333333333)	(75.0, 1.3333333333333333)	(76.0, 1.0)	(77.0, 1.3333333333333333)	(78.0, 1.6666666666666665)	(79.0, 0.6666666666666666)	(80.0, 1.3333333333333333)	(81.0, 1.3333333333333333)	(82.0, 0.0)	(83.0, 0.3333333333333333)	(84.0, 0.3333333333333333)	(85.0, 1.0)	(86.0, 0.6666666666666666)	(87.0, 0.3333333333333333)	(88.0, 0.0)	(89.0, 0.3333333333333333)	(90.0, 0.0)	(91.0, 0.3333333333333333)	(92.0, 0.0)	(93.0, 0.0)	(94.0, 0.0)	(95.0, 0.0)	(96.0, 0.0)	(97.0, 0.0)	(98.0, 0.0)	(99.0, 0.0)	(100.0, 0.0)
SRR5816761_1	(0.0, 0.0)	(1.0, 0.0)	(2.0, 0.0)	(3.0, 0.0)	(4.0, 0.0)	(5.0, 0.0)	(6.0, 0.0)	(7.0, 0.0)	(8.0, 0.0)	(9.0, 0.0)	(10.0, 0.0)	(11.0, 0.0)	(12.0, 0.0)	(13.0, 0.0)	(14.0, 0.0)	(15.0, 0.0)	(16.0, 0.0)	(17.0, 0.0)	(18.0, 0.0)	(19.0, 0.0)	(20.0, 0.0)	(21.0, 0.0)	(22.0, 0.0)	(23.0, 0.0)	(24.0, 0.0)	(25.0, 0.0)	(26.0, 0.0)	(27.0, 0.0)	(28.0, 0.3333333333333333)	(29.0, 0.3333333333333333)	(30.0, 0.0)	(31.0, 4.0)	(32.0, 11.333333333333336)	(33.0, 23.999999999999982)	(34.0, 73.6666666666667)	(35.0, 394.6666666666617)	(36.0, 7360.333333331109)	(37.0, 17187.33333334233)	(38.0, 4977.66666666661)	(39.0, 580.3333333333294)	(40.0, 229.66666666666882)	(41.0, 166.00000000000034)	(42.0, 128.3333333333326)	(43.0, 121.99999999999935)	(44.0, 122.33333333333267)	(45.0, 121.66666666666602)	(46.0, 128.3333333333326)	(47.0, 180.66666666666742)	(48.0, 499.99999999998903)	(49.0, 878.0000000000299)	(50.0, 1376.3333333332996)	(51.0, 2625.666666666743)	(52.0, 9956.666666666895)	(53.0, 26825.99999997393)	(54.0, 35875.66666664159)	(55.0, 11387.333333336164)	(56.0, 4290.000000000568)	(57.0, 4402.666666667133)	(58.0, 2293.9999999999254)	(59.0, 1120.3333333333578)	(60.0, 1000.0000000000438)	(61.0, 764.3333333333503)	(62.0, 469.99999999999073)	(63.0, 187.00000000000094)	(64.0, 125.66666666666596)	(65.0, 101.99999999999963)	(66.0, 32.99999999999996)	(67.0, 18.000000000000004)	(68.0, 20.999999999999993)	(69.0, 22.999999999999986)	(70.0, 33.999999999999964)	(71.0, 40.33333333333334)	(72.0, 46.333333333333385)	(73.0, 39.0)	(74.0, 22.33333333333332)	(75.0, 17.66666666666667)	(76.0, 6.999999999999997)	(77.0, 0.6666666666666666)	(78.0, 0.3333333333333333)	(79.0, 0.3333333333333333)	(80.0, 0.3333333333333333)	(81.0, 0.3333333333333333)	(82.0, 0.3333333333333333)	(83.0, 0.3333333333333333)	(84.0, 0.0)	(85.0, 0.0)	(86.0, 0.0)	(87.0, 0.0)	(88.0, 0.0)	(89.0, 0.0)	(90.0, 0.0)	(91.0, 0.0)	(92.0, 0.0)	(93.0, 0.0)	(94.0, 0.0)	(95.0, 0.0)	(96.0, 0.0)	(97.0, 0.0)	(98.0, 0.0)	(99.0, 0.0)	(100.0, 0.0)
SRR5816761_2	(0.0, 0.0)	(1.0, 0.0)	(2.0, 0.0)	(3.0, 0.0)	(4.0, 0.0)	(5.0, 0.0)	(6.0, 0.0)	(7.0, 0.0)	(8.0, 0.0)	(9.0, 0.0)	(10.0, 0.0)	(11.0, 0.0)	(12.0, 0.0)	(13.0, 0.3333333333333333)	(14.0, 0.3333333333333333)	(15.0, 0.6666666666666666)	(16.0, 0.6666666666666666)	(17.0, 0.3333333333333333)	(18.0, 0.6666666666666666)	(19.0, 1.9999999999999998)	(20.0, 1.9999999999999998)	(21.0, 1.9999999999999998)	(22.0, 3.3333333333333335)	(23.0, 3.0)	(24.0, 4.666666666666666)	(25.0, 5.666666666666665)	(26.0, 6.333333333333331)	(27.0, 7.33333333333333)	(28.0, 12.000000000000004)	(29.0, 15.333333333333343)	(30.0, 17.33333333333334)	(31.0, 26.333333333333307)	(32.0, 41.666666666666686)	(33.0, 64.00000000000017)	(34.0, 149.66666666666654)	(35.0, 412.33333333332735)	(36.0, 1727.3333333332198)	(37.0, 11137.666666669043)	(38.0, 13331.666666673034)	(39.0, 3004.333333333582)	(40.0, 605.3333333333322)	(41.0, 348.6666666666643)	(42.0, 313.6666666666663)	(43.0, 361.33333333333024)	(44.0, 536.9999999999911)	(45.0, 1062.333333333371)	(46.0, 1243.666666666663)	(47.0, 1580.3333333332532)	(48.0, 3990.6666666673636)	(49.0, 18025.33333333928)	(50.0, 28733.666666633657)	(51.0, 19675.66666666661)	(52.0, 11343.666666669418)	(53.0, 6434.3333333319515)	(54.0, 4698.000000000197)	(55.0, 2351.999999999952)	(56.0, 1612.9999999999125)	(57.0, 1151.666666666684)	(58.0, 633.6666666666688)	(59.0, 427.3333333333265)	(60.0, 467.66666666665753)	(61.0, 502.33333333332223)	(62.0, 294.66666666666737)	(63.0, 189.33333333333434)	(64.0, 160.66666666666686)	(65.0, 138.3333333333329)	(66.0, 75.66666666666667)	(67.0, 31.999999999999954)	(68.0, 13.000000000000005)	(69.0, 9.666666666666666)	(70.0, 6.333333333333331)	(71.0, 4.999999999999999)	(72.0, 3.3333333333333335)	(73.0, 2.333333333333333)	(74.0, 2.333333333333333)	(75.0, 3.0)	(76.0, 1.0)	(77.0, 1.0)	(78.0, 1.0)	(79.0, 0.3333333333333333)	(80.0, 0.0)	(81.0, 1.3333333333333333)	(82.0, 1.0)	(83.0, 1.0)	(84.0, 0.6666666666666666)	(85.0, 1.0)	(86.0, 0.0)	(87.0, 0.6666666666666666)	(88.0, 0.3333333333333333)	(89.0, 0.6666666666666666)	(90.0, 0.3333333333333333)	(91.0, 0.6666666666666666)	(92.0, 0.6666666666666666)	(93.0, 0.0)	(94.0, 0.6666666666666666)	(95.0, 0.3333333333333333)	(96.0, 0.0)	(97.0, 0.0)	(98.0, 0.3333333333333333)	(99.0, 1.0)	(100.0, 1.0)
SRR5816762_1	(0.0, 0.0)	(1.0, 0.0)	(2.0, 0.0)	(3.0, 0.0)	(4.0, 0.0)	(5.0, 0.0)	(6.0, 0.0)	(7.0, 0.0)	(8.0, 0.0)	(9.0, 0.0)	(10.0, 0.0)	(11.0, 0.0)	(12.0, 0.0)	(13.0, 0.0)	(14.0, 0.0)	(15.0, 0.0)	(16.0, 0.0)	(17.0, 0.0)	(18.0, 0.0)	(19.0, 0.0)	(20.0, 0.0)	(21.0, 0.0)	(22.0, 0.0)	(23.0, 0.0)	(24.0, 0.0)	(25.0, 0.0)	(26.0, 0.0)	(27.0, 0.0)	(28.0, 1.0)	(29.0, 1.6666666666666665)	(30.0, 1.3333333333333333)	(31.0, 1.9999999999999998)	(32.0, 6.333333333333331)	(33.0, 15.333333333333343)	(34.0, 42.00000000000002)	(35.0, 187.66666666666762)	(36.0, 3168.66666666699)	(37.0, 7618.333333330875)	(38.0, 2485.0000000000123)	(39.0, 332.3333333333319)	(40.0, 174.3333333333339)	(41.0, 155.6666666666667)	(42.0, 166.00000000000034)	(43.0, 155.33333333333337)	(44.0, 136.99999999999952)	(45.0, 130.33333333333266)	(46.0, 136.99999999999952)	(47.0, 187.00000000000094)	(48.0, 427.3333333333265)	(49.0, 667.3333333333393)	(50.0, 1265.9999999999914)	(51.0, 4970.333333333283)	(52.0, 19254.000000001477)	(53.0, 27116.333333306207)	(54.0, 7936.9999999972515)	(55.0, 1766.333333333211)	(56.0, 1154.0000000000168)	(57.0, 950.0000000000381)	(58.0, 742.6666666666812)	(59.0, 440.33333333332575)	(60.0, 324.66666666666566)	(61.0, 234.66666666666896)	(62.0, 148.66666666666652)	(63.0, 88.66666666666649)	(64.0, 108.6666666666662)	(65.0, 67.66666666666679)	(66.0, 22.33333333333332)	(67.0, 34.99999999999997)	(68.0, 45.00000000000004)	(69.0, 45.33333333333338)	(70.0, 61.66666666666683)	(71.0, 99.99999999999966)	(72.0, 114.33333333333279)	(73.0, 104.66666666666626)	(74.0, 62.00000000000016)	(75.0, 24.99999999999998)	(76.0, 13.000000000000005)	(77.0, 4.999999999999999)	(78.0, 1.3333333333333333)	(79.0, 0.3333333333333333)	(80.0, 0.3333333333333333)	(81.0, 0.3333333333333333)	(82.0, 0.0)	(83.0, 0.0)	(84.0, 0.0)	(85.0, 0.0)	(86.0, 0.0)	(87.0, 0.0)	(88.0, 0.0)	(89.0, 0.0)	(90.0, 0.0)	(91.0, 0.0)	(92.0, 0.0)	(93.0, 0.0)	(94.0, 0.0)	(95.0, 0.0)	(96.0, 0.0)	(97.0, 0.0)	(98.0, 0.0)	(99.0, 0.0)	(100.0, 0.0)
SRR5816762_2	(0.0, 0.0)	(1.0, 0.0)	(2.0, 0.0)	(3.0, 0.0)	(4.0, 0.0)	(5.0, 0.0)	(6.0, 0.0)	(7.0, 0.0)	(8.0, 0.0)	(9.0, 0.0)	(10.0, 0.0)	(11.0, 0.0)	(12.0, 0.0)	(13.0, 0.0)	(14.0, 0.0)	(15.0, 1.0)	(16.0, 0.6666666666666666)	(17.0, 0.0)	(18.0, 0.0)	(19.0, 0.0)	(20.0, 0.3333333333333333)	(21.0, 0.6666666666666666)	(22.0, 1.9999999999999998)	(23.0, 1.9999999999999998)	(24.0, 1.3333333333333333)	(25.0, 3.3333333333333335)	(26.0, 4.999999999999999)	(27.0, 5.333333333333332)	(28.0, 6.666666666666664)	(29.0, 10.666666666666668)	(30.0, 12.666666666666671)	(31.0, 16.00000000000001)	(32.0, 24.99999999999998)	(33.0, 53.0000000000001)	(34.0, 98.99999999999967)	(35.0, 227.00000000000207)	(36.0, 843.0000000000259)	(37.0, 4814.000000000092)	(38.0, 5911.333333332427)	(39.0, 1606.3333333332473)	(40.0, 437.66666666665924)	(41.0, 368.33333333332985)	(42.0, 458.99999999999136)	(43.0, 939.3333333333702)	(44.0, 6663.333333331743)	(45.0, 24225.333333316725)	(46.0, 16840.00000001026)	(47.0, 4704.666666666858)	(48.0, 2351.6666666666183)	(49.0, 1785.6666666665399)	(50.0, 1525.9999999999322)	(51.0, 1432.3333333332869)	(52.0, 1518.9999999999338)	(53.0, 1516.9999999999343)	(54.0, 1425.999999999955)	(55.0, 1063.666666666704)	(56.0, 784.666666666686)	(57.0, 501.9999999999889)	(58.0, 288.6666666666677)	(59.0, 177.00000000000065)	(60.0, 140.99999999999963)	(61.0, 137.33333333333286)	(62.0, 118.33333333333273)	(63.0, 81.66666666666659)	(64.0, 58.000000000000135)	(65.0, 44.66666666666671)	(66.0, 26.66666666666664)	(67.0, 15.666666666666677)	(68.0, 12.000000000000004)	(69.0, 8.999999999999998)	(70.0, 6.999999999999997)	(71.0, 6.333333333333331)	(72.0, 4.999999999999999)	(73.0, 3.3333333333333335)	(74.0, 1.9999999999999998)	(75.0, 1.6666666666666665)	(76.0, 1.3333333333333333)	(77.0, 3.0)	(78.0, 1.9999999999999998)	(79.0, 0.6666666666666666)	(80.0, 0.3333333333333333)	(81.0, 0.0)	(82.0, 0.3333333333333333)	(83.0, 0.0)	(84.0, 0.3333333333333333)	(85.0, 0.3333333333333333)	(86.0, 0.0)	(87.0, 0.0)	(88.0, 0.0)	(89.0, 0.0)	(90.0, 0.3333333333333333)	(91.0, 0.0)	(92.0, 0.0)	(93.0, 0.0)	(94.0, 0.0)	(95.0, 0.0)	(96.0, 0.3333333333333333)	(97.0, 0.0)	(98.0, 0.0)	(99.0, 0.3333333333333333)	(100.0, 0.0)
SRR5816763_1	(0.0, 0.0)	(1.0, 0.0)	(2.0, 0.0)	(3.0, 0.0)	(4.0, 0.0)	(5.0, 0.0)	(6.0, 0.0)	(7.0, 0.0)	(8.0, 0.0)	(9.0, 0.0)	(10.0, 0.0)	(11.0, 0.0)	(12.0, 0.0)	(13.0, 0.0)	(14.0, 0.0)	(15.0, 0.0)	(16.0, 0.0)	(17.0, 0.0)	(18.0, 0.0)	(19.0, 0.0)	(20.0, 0.0)	(21.0, 0.0)	(22.0, 0.0)	(23.0, 0.0)	(24.0, 0.0)	(25.0, 0.3333333333333333)	(26.0, 0.6666666666666666)	(27.0, 0.3333333333333333)	(28.0, 0.3333333333333333)	(29.0, 1.0)	(30.0, 0.6666666666666666)	(31.0, 5.333333333333332)	(32.0, 6.999999999999997)	(33.0, 11.333333333333336)	(34.0, 29.99999999999996)	(35.0, 148.99999999999986)	(36.0, 2586.666666666725)	(37.0, 6034.999999998981)	(38.0, 1918.9999999998429)	(39.0, 251.66666666666944)	(40.0, 105.99999999999957)	(41.0, 97.33333333333303)	(42.0, 85.66666666666653)	(43.0, 85.66666666666653)	(44.0, 105.99999999999957)	(45.0, 113.3333333333328)	(46.0, 124.33333333333265)	(47.0, 130.666666666666)	(48.0, 265.0000000000024)	(49.0, 652.3333333333376)	(50.0, 1734.6666666665515)	(51.0, 2960.6666666668953)	(52.0, 3949.000000000678)	(53.0, 9974.666666666928)	(54.0, 16006.6666666779)	(55.0, 5765.999999999226)	(56.0, 2468.333333333338)	(57.0, 1407.3333333332926)	(58.0, 756.6666666666828)	(59.0, 479.99999999999017)	(60.0, 393.66666666666174)	(61.0, 262.00000000000256)	(62.0, 129.66666666666598)	(63.0, 63.66666666666684)	(64.0, 52.666666666666764)	(65.0, 45.00000000000004)	(66.0, 24.333333333333314)	(67.0, 32.333333333333286)	(68.0, 33.66666666666663)	(69.0, 42.66666666666669)	(70.0, 60.00000000000015)	(71.0, 64.00000000000017)	(72.0, 57.6666666666668)	(73.0, 47.33333333333339)	(74.0, 28.999999999999964)	(75.0, 14.000000000000007)	(76.0, 4.666666666666666)	(77.0, 1.9999999999999998)	(78.0, 0.6666666666666666)	(79.0, 0.3333333333333333)	(80.0, 0.0)	(81.0, 0.0)	(82.0, 0.0)	(83.0, 0.0)	(84.0, 0.0)	(85.0, 0.0)	(86.0, 0.0)	(87.0, 0.0)	(88.0, 0.0)	(89.0, 0.0)	(90.0, 0.0)	(91.0, 0.0)	(92.0, 0.0)	(93.0, 0.0)	(94.0, 0.0)	(95.0, 0.0)	(96.0, 0.0)	(97.0, 0.0)	(98.0, 0.0)	(99.0, 0.0)	(100.0, 0.0)
SRR5816763_2	(0.0, 0.0)	(1.0, 0.0)	(2.0, 0.0)	(3.0, 0.0)	(4.0, 0.0)	(5.0, 0.0)	(6.0, 0.0)	(7.0, 0.0)	(8.0, 0.0)	(9.0, 0.0)	(10.0, 0.0)	(11.0, 0.3333333333333333)	(12.0, 0.0)	(13.0, 0.0)	(14.0, 0.3333333333333333)	(15.0, 0.6666666666666666)	(16.0, 1.3333333333333333)	(17.0, 1.0)	(18.0, 2.333333333333333)	(19.0, 2.333333333333333)	(20.0, 2.6666666666666665)	(21.0, 3.3333333333333335)	(22.0, 3.0)	(23.0, 1.9999999999999998)	(24.0, 4.0)	(25.0, 5.999999999999998)	(26.0, 4.333333333333333)	(27.0, 3.3333333333333335)	(28.0, 7.666666666666663)	(29.0, 5.999999999999998)	(30.0, 10.0)	(31.0, 13.666666666666673)	(32.0, 19.0)	(33.0, 34.99999999999997)	(34.0, 67.66666666666679)	(35.0, 162.33333333333357)	(36.0, 689.0000000000084)	(37.0, 3916.000000000663)	(38.0, 4685.000000000209)	(39.0, 1150.6666666666843)	(40.0, 267.0000000000023)	(41.0, 182.66666666666748)	(42.0, 187.33333333333428)	(43.0, 224.33333333333533)	(44.0, 564.666666666661)	(45.0, 1819.3333333331989)	(46.0, 1868.3333333331877)	(47.0, 1141.333333333353)	(48.0, 2328.3333333332744)	(49.0, 9977.000000000266)	(50.0, 13016.666666672461)	(51.0, 5863.999999999137)	(52.0, 3354.0000000004075)	(53.0, 2598.333333333397)	(54.0, 2042.6666666664814)	(55.0, 1116.666666666692)	(56.0, 755.0000000000159)	(57.0, 559.6666666666604)	(58.0, 322.6666666666658)	(59.0, 193.33333333333445)	(60.0, 141.99999999999966)	(61.0, 135.3333333333328)	(62.0, 85.3333333333332)	(63.0, 48.3333333333334)	(64.0, 47.00000000000006)	(65.0, 48.000000000000064)	(66.0, 30.666666666666625)	(67.0, 14.666666666666675)	(68.0, 7.666666666666663)	(69.0, 4.0)	(70.0, 3.3333333333333335)	(71.0, 2.6666666666666665)	(72.0, 1.3333333333333333)	(73.0, 1.6666666666666665)	(74.0, 1.3333333333333333)	(75.0, 1.0)	(76.0, 2.333333333333333)	(77.0, 1.6666666666666665)	(78.0, 0.3333333333333333)	(79.0, 1.3333333333333333)	(80.0, 0.6666666666666666)	(81.0, 0.0)	(82.0, 0.0)	(83.0, 0.0)	(84.0, 0.0)	(85.0, 0.3333333333333333)	(86.0, 0.3333333333333333)	(87.0, 0.3333333333333333)	(88.0, 0.6666666666666666)	(89.0, 1.3333333333333333)	(90.0, 0.0)	(91.0, 0.0)	(92.0, 0.0)	(93.0, 0.0)	(94.0, 0.3333333333333333)	(95.0, 0.3333333333333333)	(96.0, 0.0)	(97.0, 0.0)	(98.0, 0.0)	(99.0, 0.3333333333333333)	(100.0, 0.5)
SRR5816764_1	(0.0, 0.0)	(1.0, 0.0)	(2.0, 0.0)	(3.0, 0.0)	(4.0, 0.0)	(5.0, 0.0)	(6.0, 0.0)	(7.0, 0.0)	(8.0, 0.0)	(9.0, 0.0)	(10.0, 0.0)	(11.0, 0.0)	(12.0, 0.0)	(13.0, 0.0)	(14.0, 0.0)	(15.0, 0.0)	(16.0, 0.0)	(17.0, 0.0)	(18.0, 0.0)	(19.0, 0.0)	(20.0, 0.0)	(21.0, 0.0)	(22.0, 0.0)	(23.0, 0.0)	(24.0, 0.0)	(25.0, 0.0)	(26.0, 0.0)	(27.0, 0.0)	(28.0, 0.3333333333333333)	(29.0, 0.3333333333333333)	(30.0, 1.6666666666666665)	(31.0, 4.0)	(32.0, 8.33333333333333)	(33.0, 17.33333333333334)	(34.0, 45.666666666666714)	(35.0, 209.66666666666825)	(36.0, 3341.333333333735)	(37.0, 7655.999999997507)	(38.0, 2308.3333333332653)	(39.0, 331.66666666666526)	(40.0, 181.00000000000077)	(41.0, 167.66666666666706)	(42.0, 175.0000000000006)	(43.0, 166.00000000000034)	(44.0, 170.66666666666714)	(45.0, 209.00000000000156)	(46.0, 255.3333333333362)	(47.0, 783.6666666666858)	(48.0, 4622.6666666669325)	(49.0, 6798.33333333162)	(50.0, 6966.666666664801)	(51.0, 9180.33333333215)	(52.0, 10092.333333333809)	(53.0, 23633.33333331888)	(54.0, 32766.999999952317)	(55.0, 17629.33333334072)	(56.0, 13165.666666672732)	(57.0, 12936.000000005648)	(58.0, 11501.666666669706)	(59.0, 7280.999999997848)	(60.0, 6582.66666666515)	(61.0, 5361.9999999995935)	(62.0, 3658.6666666672127)	(63.0, 1283.9999999999873)	(64.0, 371.3333333333297)	(65.0, 186.33333333333425)	(66.0, 91.66666666666644)	(67.0, 55.000000000000114)	(68.0, 40.00000000000001)	(69.0, 56.66666666666679)	(70.0, 76.99999999999999)	(71.0, 111.66666666666616)	(72.0, 119.99999999999937)	(73.0, 110.66666666666617)	(74.0, 76.66666666666666)	(75.0, 39.66666666666667)	(76.0, 11.66666666666667)	(77.0, 4.999999999999999)	(78.0, 1.3333333333333333)	(79.0, 0.3333333333333333)	(80.0, 0.3333333333333333)	(81.0, 0.3333333333333333)	(82.0, 0.0)	(83.0, 0.0)	(84.0, 0.0)	(85.0, 0.0)	(86.0, 0.0)	(87.0, 0.0)	(88.0, 0.0)	(89.0, 0.0)	(90.0, 0.0)	(91.0, 0.0)	(92.0, 0.0)	(93.0, 0.0)	(94.0, 0.0)	(95.0, 0.0)	(96.0, 0.0)	(97.0, 0.0)	(98.0, 0.0)	(99.0, 0.0)	(100.0, 0.0)
SRR5816764_2	(0.0, 0.0)	(1.0, 0.0)	(2.0, 0.0)	(3.0, 0.0)	(4.0, 0.0)	(5.0, 0.0)	(6.0, 0.6666666666666666)	(7.0, 0.6666666666666666)	(8.0, 0.3333333333333333)	(9.0, 0.0)	(10.0, 0.0)	(11.0, 0.0)	(12.0, 0.0)	(13.0, 0.0)	(14.0, 0.6666666666666666)	(15.0, 1.0)	(16.0, 1.0)	(17.0, 0.6666666666666666)	(18.0, 1.6666666666666665)	(19.0, 3.0)	(20.0, 4.0)	(21.0, 3.0)	(22.0, 1.9999999999999998)	(23.0, 4.666666666666666)	(24.0, 5.333333333333332)	(25.0, 6.666666666666664)	(26.0, 8.999999999999998)	(27.0, 9.666666666666666)	(28.0, 10.333333333333334)	(29.0, 14.333333333333341)	(30.0, 15.333333333333343)	(31.0, 18.666666666666668)	(32.0, 26.333333333333307)	(33.0, 44.000000000000036)	(34.0, 87.6666666666665)	(35.0, 224.000000000002)	(36.0, 901.3333333333659)	(37.0, 4969.333333333284)	(38.0, 5914.9999999990905)	(39.0, 1503.9999999999372)	(40.0, 408.3333333333276)	(41.0, 349.66666666666424)	(42.0, 415.9999999999938)	(43.0, 591.3333333333306)	(44.0, 1549.6666666665935)	(45.0, 4166.000000000681)	(46.0, 5474.999999999491)	(47.0, 7260.3333333312)	(48.0, 12618.666666671737)	(49.0, 18894.000000002787)	(50.0, 21123.33333332801)	(51.0, 14676.000000008813)	(52.0, 12547.666666671608)	(53.0, 12052.666666670708)	(54.0, 12911.66666667227)	(55.0, 12335.000000004555)	(56.0, 11441.000000002929)	(57.0, 9677.333333333054)	(58.0, 5517.999999999452)	(59.0, 3221.3333333336805)	(60.0, 2612.666666666737)	(61.0, 2632.666666666746)	(62.0, 1821.6666666665317)	(63.0, 1019.3333333333793)	(64.0, 782.000000000019)	(65.0, 684.6666666666746)	(66.0, 404.6666666666611)	(67.0, 136.33333333333283)	(68.0, 48.666666666666735)	(69.0, 25.33333333333331)	(70.0, 17.000000000000007)	(71.0, 10.0)	(72.0, 7.666666666666663)	(73.0, 7.666666666666663)	(74.0, 6.666666666666664)	(75.0, 3.666666666666667)	(76.0, 3.666666666666667)	(77.0, 1.9999999999999998)	(78.0, 2.6666666666666665)	(79.0, 1.6666666666666665)	(80.0, 2.6666666666666665)	(81.0, 1.6666666666666665)	(82.0, 1.0)	(83.0, 0.3333333333333333)	(84.0, 0.3333333333333333)	(85.0, 0.6666666666666666)	(86.0, 0.0)	(87.0, 0.0)	(88.0, 0.3333333333333333)	(89.0, 0.3333333333333333)	(90.0, 0.6666666666666666)	(91.0, 1.0)	(92.0, 0.6666666666666666)	(93.0, 0.3333333333333333)	(94.0, 0.6666666666666666)	(95.0, 0.0)	(96.0, 0.0)	(97.0, 1.0)	(98.0, 1.6666666666666665)	(99.0, 0.3333333333333333)	(100.0, 0.5)
SRR5816765_1	(0.0, 0.0)	(1.0, 0.0)	(2.0, 0.0)	(3.0, 0.0)	(4.0, 0.0)	(5.0, 0.0)	(6.0, 0.0)	(7.0, 0.0)	(8.0, 0.0)	(9.0, 0.0)	(10.0, 0.0)	(11.0, 0.0)	(12.0, 0.0)	(13.0, 0.0)	(14.0, 0.0)	(15.0, 0.0)	(16.0, 0.0)	(17.0, 0.0)	(18.0, 0.0)	(19.0, 0.0)	(20.0, 0.0)	(21.0, 0.0)	(22.0, 0.0)	(23.0, 0.0)	(24.0, 0.0)	(25.0, 0.0)	(26.0, 0.3333333333333333)	(27.0, 0.3333333333333333)	(28.0, 1.3333333333333333)	(29.0, 1.6666666666666665)	(30.0, 2.6666666666666665)	(31.0, 3.666666666666667)	(32.0, 6.333333333333331)	(33.0, 10.333333333333334)	(34.0, 32.99999999999996)	(35.0, 169.00000000000043)	(36.0, 2875.333333333523)	(37.0, 6737.666666665009)	(38.0, 2199.666666666549)	(39.0, 300.666666666667)	(40.0, 161.0000000000002)	(41.0, 136.33333333333283)	(42.0, 123.33333333333266)	(43.0, 131.99999999999937)	(44.0, 145.3333333333331)	(45.0, 150.33333333333323)	(46.0, 159.66666666666683)	(47.0, 183.6666666666675)	(48.0, 396.33333333332826)	(49.0, 663.6666666666722)	(50.0, 1503.666666666604)	(51.0, 2884.6666666668607)	(52.0, 6854.3333333315695)	(53.0, 14028.666666674302)	(54.0, 11002.333333335464)	(55.0, 4317.000000000544)	(56.0, 4425.666666667112)	(57.0, 3005.3333333335822)	(58.0, 1102.333333333362)	(59.0, 944.3333333333708)	(60.0, 1125.66666666669)	(61.0, 879.00000000003)	(62.0, 352.33333333333076)	(63.0, 211.00000000000162)	(64.0, 245.66666666666927)	(65.0, 161.66666666666688)	(66.0, 75.33333333333334)	(67.0, 90.99999999999979)	(68.0, 123.33333333333266)	(69.0, 135.3333333333328)	(70.0, 183.00000000000082)	(71.0, 249.33333333333604)	(72.0, 287.66666666666777)	(73.0, 233.3333333333356)	(74.0, 150.66666666666657)	(75.0, 71.3333333333334)	(76.0, 26.66666666666664)	(77.0, 10.666666666666668)	(78.0, 4.333333333333333)	(79.0, 1.3333333333333333)	(80.0, 0.3333333333333333)	(81.0, 0.3333333333333333)	(82.0, 0.6666666666666666)	(83.0, 0.0)	(84.0, 0.0)	(85.0, 0.0)	(86.0, 0.0)	(87.0, 0.0)	(88.0, 0.0)	(89.0, 0.0)	(90.0, 0.0)	(91.0, 0.0)	(92.0, 0.0)	(93.0, 0.0)	(94.0, 0.0)	(95.0, 0.0)	(96.0, 0.0)	(97.0, 0.0)	(98.0, 0.0)	(99.0, 0.0)	(100.0, 0.0)
SRR5816765_2	(0.0, 0.0)	(1.0, 0.0)	(2.0, 0.0)	(3.0, 0.0)	(4.0, 0.0)	(5.0, 0.3333333333333333)	(6.0, 0.3333333333333333)	(7.0, 0.0)	(8.0, 0.0)	(9.0, 0.0)	(10.0, 0.0)	(11.0, 0.0)	(12.0, 0.0)	(13.0, 0.0)	(14.0, 0.0)	(15.0, 0.3333333333333333)	(16.0, 0.6666666666666666)	(17.0, 1.0)	(18.0, 1.0)	(19.0, 0.6666666666666666)	(20.0, 0.3333333333333333)	(21.0, 1.6666666666666665)	(22.0, 1.9999999999999998)	(23.0, 1.0)	(24.0, 0.6666666666666666)	(25.0, 3.0)	(26.0, 4.333333333333333)	(27.0, 4.333333333333333)	(28.0, 5.333333333333332)	(29.0, 7.666666666666663)	(30.0, 9.333333333333332)	(31.0, 16.00000000000001)	(32.0, 17.33333333333334)	(33.0, 35.33333333333331)	(34.0, 75.33333333333334)	(35.0, 208.33333333333488)	(36.0, 772.0000000000178)	(37.0, 4393.333333333808)	(38.0, 5354.333333332934)	(39.0, 1379.333333333299)	(40.0, 403.9999999999945)	(41.0, 303.66666666666686)	(42.0, 278.6666666666683)	(43.0, 475.9999999999904)	(44.0, 2759.3333333334704)	(45.0, 8656.333333331197)	(46.0, 5701.999999999284)	(47.0, 1877.9999999998522)	(48.0, 1432.9999999999534)	(49.0, 1728.999999999886)	(50.0, 1800.3333333332032)	(51.0, 1655.6666666665694)	(52.0, 2476.666666666675)	(53.0, 6378.333333332002)	(54.0, 7184.666666664602)	(55.0, 3599.000000000519)	(56.0, 4017.000000000709)	(57.0, 2476.3333333333417)	(58.0, 851.3333333333602)	(59.0, 461.6666666666579)	(60.0, 364.9999999999967)	(61.0, 470.66666666665736)	(62.0, 681.0000000000075)	(63.0, 402.66666666666123)	(64.0, 149.66666666666654)	(65.0, 91.99999999999977)	(66.0, 64.3333333333335)	(67.0, 34.99999999999997)	(68.0, 25.33333333333331)	(69.0, 12.000000000000004)	(70.0, 6.333333333333331)	(71.0, 6.666666666666664)	(72.0, 4.666666666666666)	(73.0, 4.999999999999999)	(74.0, 4.999999999999999)	(75.0, 3.0)	(76.0, 3.0)	(77.0, 1.3333333333333333)	(78.0, 1.6666666666666665)	(79.0, 0.6666666666666666)	(80.0, 1.3333333333333333)	(81.0, 1.0)	(82.0, 0.6666666666666666)	(83.0, 0.6666666666666666)	(84.0, 0.0)	(85.0, 0.6666666666666666)	(86.0, 0.6666666666666666)	(87.0, 1.0)	(88.0, 0.6666666666666666)	(89.0, 0.0)	(90.0, 0.0)	(91.0, 0.3333333333333333)	(92.0, 0.0)	(93.0, 0.0)	(94.0, 0.0)	(95.0, 0.0)	(96.0, 0.0)	(97.0, 0.0)	(98.0, 0.3333333333333333)	(99.0, 0.0)	(100.0, 0.5)
SRR5816766_1	(0.0, 0.0)	(1.0, 0.0)	(2.0, 0.0)	(3.0, 0.0)	(4.0, 0.0)	(5.0, 0.0)	(6.0, 0.0)	(7.0, 0.0)	(8.0, 0.0)	(9.0, 0.0)	(10.0, 0.0)	(11.0, 0.0)	(12.0, 0.0)	(13.0, 0.0)	(14.0, 0.0)	(15.0, 0.0)	(16.0, 0.0)	(17.0, 0.0)	(18.0, 0.0)	(19.0, 0.0)	(20.0, 0.0)	(21.0, 0.0)	(22.0, 0.0)	(23.0, 0.0)	(24.0, 0.0)	(25.0, 0.0)	(26.0, 0.3333333333333333)	(27.0, 0.0)	(28.0, 0.0)	(29.0, 0.6666666666666666)	(30.0, 0.3333333333333333)	(31.0, 0.6666666666666666)	(32.0, 3.0)	(33.0, 4.0)	(34.0, 17.000000000000007)	(35.0, 57.00000000000013)	(36.0, 796.333333333354)	(37.0, 1834.6666666665287)	(38.0, 541.6666666666583)	(39.0, 87.6666666666665)	(40.0, 53.0000000000001)	(41.0, 55.000000000000114)	(42.0, 46.66666666666672)	(43.0, 48.3333333333334)	(44.0, 57.00000000000013)	(45.0, 63.66666666666684)	(46.0, 84.99999999999987)	(47.0, 268.66666666666885)	(48.0, 1788.6666666665392)	(49.0, 2618.6666666667397)	(50.0, 2406.33333333331)	(51.0, 3057.6666666669394)	(52.0, 3730.333333333912)	(53.0, 7381.999999997756)	(54.0, 7384.3333333310875)	(55.0, 5534.33333333277)	(56.0, 4817.000000000089)	(57.0, 5142.333333333127)	(58.0, 4890.333333333356)	(59.0, 3172.333333333658)	(60.0, 2708.6666666667807)	(61.0, 2105.333333333173)	(62.0, 1381.6666666666317)	(63.0, 517.3333333333222)	(64.0, 127.99999999999926)	(65.0, 77.33333333333331)	(66.0, 42.66666666666669)	(67.0, 21.333333333333325)	(68.0, 15.333333333333343)	(69.0, 14.666666666666675)	(70.0, 16.00000000000001)	(71.0, 26.66666666666664)	(72.0, 24.333333333333314)	(73.0, 19.999999999999996)	(74.0, 12.000000000000004)	(75.0, 6.333333333333331)	(76.0, 1.0)	(77.0, 0.3333333333333333)	(78.0, 0.0)	(79.0, 0.3333333333333333)	(80.0, 0.3333333333333333)	(81.0, 0.0)	(82.0, 0.0)	(83.0, 0.0)	(84.0, 0.0)	(85.0, 0.0)	(86.0, 0.0)	(87.0, 0.0)	(88.0, 0.0)	(89.0, 0.0)	(90.0, 0.0)	(91.0, 0.0)	(92.0, 0.0)	(93.0, 0.0)	(94.0, 0.0)	(95.0, 0.0)	(96.0, 0.0)	(97.0, 0.0)	(98.0, 0.0)	(99.0, 0.0)	(100.0, 0.0)
SRR5816766_2	(0.0, 0.0)	(1.0, 0.0)	(2.0, 0.0)	(3.0, 0.0)	(4.0, 0.0)	(5.0, 0.0)	(6.0, 0.0)	(7.0, 0.0)	(8.0, 0.0)	(9.0, 0.0)	(10.0, 0.3333333333333333)	(11.0, 0.0)	(12.0, 0.0)	(13.0, 0.0)	(14.0, 0.0)	(15.0, 0.0)	(16.0, 0.0)	(17.0, 0.0)	(18.0, 0.0)	(19.0, 0.0)	(20.0, 0.0)	(21.0, 0.0)	(22.0, 0.6666666666666666)	(23.0, 0.3333333333333333)	(24.0, 0.6666666666666666)	(25.0, 1.9999999999999998)	(26.0, 2.333333333333333)	(27.0, 1.3333333333333333)	(28.0, 3.0)	(29.0, 2.6666666666666665)	(30.0, 2.333333333333333)	(31.0, 2.333333333333333)	(32.0, 7.666666666666663)	(33.0, 12.333333333333337)	(34.0, 21.666666666666657)	(35.0, 56.33333333333346)	(36.0, 210.0000000000016)	(37.0, 1194.333333333341)	(38.0, 1432.9999999999534)	(39.0, 352.33333333333076)	(40.0, 109.66666666666619)	(41.0, 91.66666666666644)	(42.0, 109.66666666666619)	(43.0, 175.0000000000006)	(44.0, 679.0000000000073)	(45.0, 1859.3333333331898)	(46.0, 2026.9999999998183)	(47.0, 2738.333333333461)	(48.0, 4569.666666666981)	(49.0, 3865.00000000064)	(50.0, 3264.3333333337)	(51.0, 4044.666666667388)	(52.0, 4502.333333333709)	(53.0, 4609.666666666944)	(54.0, 5011.666666666579)	(55.0, 5082.999999999847)	(56.0, 4841.666666666733)	(57.0, 4194.000000000656)	(58.0, 2383.3333333332994)	(59.0, 1428.9999999999543)	(60.0, 1138.3333333333537)	(61.0, 1106.6666666666943)	(62.0, 786.6666666666862)	(63.0, 469.3333333333241)	(64.0, 307.0)	(65.0, 257.33333333333616)	(66.0, 139.9999999999996)	(67.0, 54.00000000000011)	(68.0, 17.33333333333334)	(69.0, 9.666666666666666)	(70.0, 4.0)	(71.0, 4.666666666666666)	(72.0, 3.0)	(73.0, 1.3333333333333333)	(74.0, 1.0)	(75.0, 1.9999999999999998)	(76.0, 1.0)	(77.0, 0.3333333333333333)	(78.0, 0.6666666666666666)	(79.0, 0.6666666666666666)	(80.0, 0.3333333333333333)	(81.0, 0.0)	(82.0, 0.3333333333333333)	(83.0, 0.3333333333333333)	(84.0, 0.0)	(85.0, 0.3333333333333333)	(86.0, 0.3333333333333333)	(87.0, 0.0)	(88.0, 0.6666666666666666)	(89.0, 0.3333333333333333)	(90.0, 0.0)	(91.0, 0.0)	(92.0, 0.0)	(93.0, 0.6666666666666666)	(94.0, 0.3333333333333333)	(95.0, 0.0)	(96.0, 0.0)	(97.0, 0.0)	(98.0, 0.3333333333333333)	(99.0, 0.0)	(100.0, 0.0)
SRR5816767_1	(0.0, 0.0)	(1.0, 0.0)	(2.0, 0.0)	(3.0, 0.0)	(4.0, 0.0)	(5.0, 0.0)	(6.0, 0.0)	(7.0, 0.0)	(8.0, 0.0)	(9.0, 0.0)	(10.0, 0.0)	(11.0, 0.0)	(12.0, 0.0)	(13.0, 0.0)	(14.0, 0.0)	(15.0, 0.0)	(16.0, 0.0)	(17.0, 0.0)	(18.0, 0.0)	(19.0, 0.0)	(20.0, 0.3333333333333333)	(21.0, 0.3333333333333333)	(22.0, 0.0)	(23.0, 0.0)	(24.0, 0.0)	(25.0, 0.0)	(26.0, 0.0)	(27.0, 1.3333333333333333)	(28.0, 1.6666666666666665)	(29.0, 3.666666666666667)	(30.0, 6.999999999999997)	(31.0, 8.999999999999998)	(32.0, 19.333333333333332)	(33.0, 39.66666666666667)	(34.0, 114.66666666666612)	(35.0, 402.99999999999454)	(36.0, 5513.333333332789)	(37.0, 12968.666666672374)	(38.0, 4298.333333333894)	(39.0, 700.0000000000097)	(40.0, 422.9999999999934)	(41.0, 392.6666666666618)	(42.0, 395.6666666666616)	(43.0, 434.3333333333261)	(44.0, 493.99999999998937)	(45.0, 471.6666666666573)	(46.0, 446.99999999999204)	(47.0, 536.9999999999911)	(48.0, 1092.6666666666974)	(49.0, 1460.999999999947)	(50.0, 2425.9999999999854)	(51.0, 4606.333333333614)	(52.0, 8173.666666663703)	(53.0, 12829.333333338787)	(54.0, 8791.333333331442)	(55.0, 5325.666666666293)	(56.0, 4396.000000000472)	(57.0, 3154.33333333365)	(58.0, 2213.999999999889)	(59.0, 1632.6666666665747)	(60.0, 1390.999999999963)	(61.0, 973.3333333333741)	(62.0, 532.3333333333239)	(63.0, 226.3333333333354)	(64.0, 313.9999999999996)	(65.0, 227.00000000000207)	(66.0, 99.66666666666633)	(67.0, 97.33333333333303)	(68.0, 116.66666666666609)	(69.0, 154.66666666666669)	(70.0, 207.33333333333485)	(71.0, 296.33333333333394)	(72.0, 335.99999999999835)	(73.0, 262.00000000000256)	(74.0, 154.33333333333334)	(75.0, 65.00000000000016)	(76.0, 20.66666666666666)	(77.0, 6.333333333333331)	(78.0, 1.9999999999999998)	(79.0, 1.6666666666666665)	(80.0, 1.9999999999999998)	(81.0, 0.0)	(82.0, 0.0)	(83.0, 0.0)	(84.0, 0.0)	(85.0, 0.0)	(86.0, 0.0)	(87.0, 0.0)	(88.0, 0.0)	(89.0, 0.0)	(90.0, 0.0)	(91.0, 0.0)	(92.0, 0.0)	(93.0, 0.0)	(94.0, 0.0)	(95.0, 0.0)	(96.0, 0.0)	(97.0, 0.0)	(98.0, 0.0)	(99.0, 0.0)	(100.0, 0.0)
SRR5816767_2	(0.0, 0.0)	(1.0, 0.0)	(2.0, 0.0)	(3.0, 0.0)	(4.0, 0.0)	(5.0, 0.0)	(6.0, 0.0)	(7.0, 0.0)	(8.0, 0.0)	(9.0, 0.0)	(10.0, 0.0)	(11.0, 0.0)	(12.0, 0.3333333333333333)	(13.0, 0.6666666666666666)	(14.0, 0.3333333333333333)	(15.0, 0.3333333333333333)	(16.0, 0.6666666666666666)	(17.0, 0.3333333333333333)	(18.0, 1.6666666666666665)	(19.0, 1.9999999999999998)	(20.0, 1.6666666666666665)	(21.0, 2.6666666666666665)	(22.0, 5.333333333333332)	(23.0, 4.333333333333333)	(24.0, 6.333333333333331)	(25.0, 10.0)	(26.0, 13.000000000000005)	(27.0, 14.333333333333341)	(28.0, 15.333333333333343)	(29.0, 18.000000000000004)	(30.0, 27.999999999999968)	(31.0, 42.00000000000002)	(32.0, 35.33333333333331)	(33.0, 70.00000000000009)	(34.0, 149.9999999999999)	(35.0, 363.66666666666345)	(36.0, 1416.6666666666238)	(37.0, 8295.666666663874)	(38.0, 10196.333333333998)	(39.0, 2563.3333333333812)	(40.0, 651.3333333333375)	(41.0, 531.9999999999906)	(42.0, 576.9999999999957)	(43.0, 846.3333333333596)	(44.0, 2672.6666666667643)	(45.0, 7412.999999997728)	(46.0, 5125.333333333142)	(47.0, 2611.0000000000696)	(48.0, 3400.6666666670953)	(49.0, 4586.666666666965)	(50.0, 5534.666666666103)	(51.0, 4917.999999999997)	(52.0, 4789.333333333448)	(53.0, 4945.999999999972)	(54.0, 4436.666666667102)	(55.0, 3090.0000000002874)	(56.0, 3090.0000000002874)	(57.0, 2470.333333333339)	(58.0, 1239.666666666664)	(59.0, 710.3333333333442)	(60.0, 508.6666666666552)	(61.0, 540.9999999999916)	(62.0, 474.99999999999045)	(63.0, 259.00000000000273)	(64.0, 186.33333333333425)	(65.0, 158.0000000000001)	(66.0, 108.33333333333287)	(67.0, 52.00000000000009)	(68.0, 27.666666666666636)	(69.0, 17.000000000000007)	(70.0, 13.666666666666673)	(71.0, 11.000000000000002)	(72.0, 10.0)	(73.0, 10.666666666666668)	(74.0, 5.999999999999998)	(75.0, 4.0)	(76.0, 2.333333333333333)	(77.0, 1.9999999999999998)	(78.0, 1.9999999999999998)	(79.0, 1.9999999999999998)	(80.0, 0.3333333333333333)	(81.0, 1.3333333333333333)	(82.0, 0.6666666666666666)	(83.0, 0.6666666666666666)	(84.0, 0.6666666666666666)	(85.0, 0.6666666666666666)	(86.0, 0.6666666666666666)	(87.0, 0.3333333333333333)	(88.0, 0.0)	(89.0, 0.3333333333333333)	(90.0, 0.6666666666666666)	(91.0, 0.6666666666666666)	(92.0, 0.0)	(93.0, 0.0)	(94.0, 0.0)	(95.0, 0.3333333333333333)	(96.0, 0.0)	(97.0, 0.3333333333333333)	(98.0, 0.0)	(99.0, 0.0)	(100.0, 0.5)
SRR5816768_1	(0.0, 0.0)	(1.0, 0.0)	(2.0, 0.0)	(3.0, 0.0)	(4.0, 0.0)	(5.0, 0.0)	(6.0, 0.0)	(7.0, 0.0)	(8.0, 0.0)	(9.0, 0.0)	(10.0, 0.0)	(11.0, 0.0)	(12.0, 0.0)	(13.0, 0.0)	(14.0, 0.0)	(15.0, 0.0)	(16.0, 0.0)	(17.0, 0.0)	(18.0, 0.0)	(19.0, 0.0)	(20.0, 0.0)	(21.0, 0.0)	(22.0, 0.0)	(23.0, 0.0)	(24.0, 0.0)	(25.0, 0.0)	(26.0, 0.3333333333333333)	(27.0, 0.0)	(28.0, 0.0)	(29.0, 0.3333333333333333)	(30.0, 0.3333333333333333)	(31.0, 2.6666666666666665)	(32.0, 3.0)	(33.0, 5.999999999999998)	(34.0, 16.333333333333343)	(35.0, 57.6666666666668)	(36.0, 972.6666666667073)	(37.0, 2214.3333333332225)	(38.0, 666.3333333333392)	(39.0, 107.99999999999955)	(40.0, 54.00000000000011)	(41.0, 52.33333333333343)	(42.0, 56.00000000000012)	(43.0, 62.00000000000016)	(44.0, 54.00000000000011)	(45.0, 83.33333333333323)	(46.0, 119.99999999999937)	(47.0, 102.33333333333296)	(48.0, 183.6666666666675)	(49.0, 336.33333333333167)	(50.0, 708.333333333344)	(51.0, 1859.9999999998563)	(52.0, 6301.9999999987385)	(53.0, 8779.33333333142)	(54.0, 9017.666666665187)	(55.0, 18611.66666667048)	(56.0, 17994.00000000606)	(57.0, 5073.666666666522)	(58.0, 1573.3333333332548)	(59.0, 510.6666666666551)	(60.0, 317.66666666666606)	(61.0, 170.66666666666714)	(62.0, 88.66666666666649)	(63.0, 47.33333333333339)	(64.0, 53.0000000000001)	(65.0, 41.33333333333335)	(66.0, 21.99999999999999)	(67.0, 25.666666666666643)	(68.0, 25.666666666666643)	(69.0, 32.333333333333286)	(70.0, 44.000000000000036)	(71.0, 52.00000000000009)	(72.0, 62.666666666666835)	(73.0, 53.66666666666677)	(74.0, 29.66666666666663)	(75.0, 15.666666666666677)	(76.0, 4.333333333333333)	(77.0, 1.3333333333333333)	(78.0, 1.6666666666666665)	(79.0, 0.0)	(80.0, 0.0)	(81.0, 0.0)	(82.0, 0.0)	(83.0, 0.0)	(84.0, 0.0)	(85.0, 0.0)	(86.0, 0.0)	(87.0, 0.0)	(88.0, 0.0)	(89.0, 0.0)	(90.0, 0.0)	(91.0, 0.0)	(92.0, 0.0)	(93.0, 0.0)	(94.0, 0.0)	(95.0, 0.0)	(96.0, 0.0)	(97.0, 0.0)	(98.0, 0.0)	(99.0, 0.0)	(100.0, 0.0)
SRR5816768_2	(0.0, 0.0)	(1.0, 0.0)	(2.0, 0.0)	(3.0, 0.0)	(4.0, 0.0)	(5.0, 0.0)	(6.0, 0.0)	(7.0, 0.0)	(8.0, 0.0)	(9.0, 0.3333333333333333)	(10.0, 0.3333333333333333)	(11.0, 0.0)	(12.0, 0.0)	(13.0, 0.0)	(14.0, 0.0)	(15.0, 0.0)	(16.0, 0.0)	(17.0, 0.0)	(18.0, 0.6666666666666666)	(19.0, 0.3333333333333333)	(20.0, 0.3333333333333333)	(21.0, 1.0)	(22.0, 1.0)	(23.0, 0.6666666666666666)	(24.0, 1.6666666666666665)	(25.0, 2.333333333333333)	(26.0, 2.6666666666666665)	(27.0, 4.333333333333333)	(28.0, 5.333333333333332)	(29.0, 5.333333333333332)	(30.0, 6.999999999999997)	(31.0, 10.0)	(32.0, 11.66666666666667)	(33.0, 16.333333333333343)	(34.0, 42.00000000000002)	(35.0, 82.66666666666657)	(36.0, 239.33333333333576)	(37.0, 1402.9999999999602)	(38.0, 1749.666666666548)	(39.0, 472.99999999999056)	(40.0, 177.333333333334)	(41.0, 157.00000000000009)	(42.0, 169.6666666666671)	(43.0, 283.3333333333347)	(44.0, 1171.6666666666795)	(45.0, 5842.999999999156)	(46.0, 6750.333333331664)	(47.0, 4278.333333333912)	(48.0, 8614.999999997788)	(49.0, 6823.999999998264)	(50.0, 5355.333333332933)	(51.0, 5839.333333332493)	(52.0, 4269.666666667254)	(53.0, 3850.6666666673)	(54.0, 3809.333333333948)	(55.0, 2213.6666666665556)	(56.0, 4958.99999999996)	(57.0, 5538.333333332766)	(58.0, 1613.9999999999122)	(59.0, 408.9999999999942)	(60.0, 196.33333333333454)	(61.0, 114.33333333333279)	(62.0, 78.99999999999996)	(63.0, 65.66666666666681)	(64.0, 35.99999999999998)	(65.0, 29.66666666666663)	(66.0, 20.66666666666666)	(67.0, 10.333333333333334)	(68.0, 6.333333333333331)	(69.0, 6.333333333333331)	(70.0, 4.0)	(71.0, 1.6666666666666665)	(72.0, 2.333333333333333)	(73.0, 2.6666666666666665)	(74.0, 2.333333333333333)	(75.0, 1.0)	(76.0, 1.6666666666666665)	(77.0, 1.0)	(78.0, 0.0)	(79.0, 1.3333333333333333)	(80.0, 1.0)	(81.0, 0.6666666666666666)	(82.0, 0.6666666666666666)	(83.0, 0.6666666666666666)	(84.0, 0.0)	(85.0, 0.3333333333333333)	(86.0, 0.6666666666666666)	(87.0, 0.0)	(88.0, 0.0)	(89.0, 0.0)	(90.0, 0.0)	(91.0, 0.3333333333333333)	(92.0, 0.6666666666666666)	(93.0, 0.3333333333333333)	(94.0, 0.0)	(95.0, 0.3333333333333333)	(96.0, 0.0)	(97.0, 0.0)	(98.0, 0.0)	(99.0, 0.0)	(100.0, 0.0)
SRR5816769_1	(0.0, 0.0)	(1.0, 0.0)	(2.0, 0.0)	(3.0, 0.0)	(4.0, 0.0)	(5.0, 0.0)	(6.0, 0.0)	(7.0, 0.0)	(8.0, 0.0)	(9.0, 0.0)	(10.0, 0.0)	(11.0, 0.0)	(12.0, 0.0)	(13.0, 0.0)	(14.0, 0.0)	(15.0, 0.0)	(16.0, 0.0)	(17.0, 0.0)	(18.0, 0.0)	(19.0, 0.0)	(20.0, 0.0)	(21.0, 0.0)	(22.0, 0.0)	(23.0, 0.0)	(24.0, 0.0)	(25.0, 0.0)	(26.0, 0.3333333333333333)	(27.0, 0.3333333333333333)	(28.0, 0.0)	(29.0, 0.0)	(30.0, 0.3333333333333333)	(31.0, 0.3333333333333333)	(32.0, 0.0)	(33.0, 1.0)	(34.0, 1.0)	(35.0, 1.0)	(36.0, 4.999999999999999)	(37.0, 12.000000000000004)	(38.0, 6.666666666666664)	(39.0, 2.6666666666666665)	(40.0, 2.333333333333333)	(41.0, 3.3333333333333335)	(42.0, 6.333333333333331)	(43.0, 7.9999999999999964)	(44.0, 11.66666666666667)	(45.0, 19.0)	(46.0, 29.99999999999996)	(47.0, 51.33333333333342)	(48.0, 151.6666666666666)	(49.0, 1168.333333333347)	(50.0, 4061.3333333340624)	(51.0, 6854.999999998236)	(52.0, 32537.99999995315)	(53.0, 44624.33333337191)	(54.0, 48842.66666673594)	(55.0, 25434.99999997899)	(56.0, 35957.999999975524)	(57.0, 57247.33333346376)	(58.0, 21459.99999999345)	(59.0, 2540.6666666667043)	(60.0, 808.6666666666887)	(61.0, 526.99999999999)	(62.0, 450.9999999999918)	(63.0, 140.99999999999963)	(64.0, 65.66666666666681)	(65.0, 41.000000000000014)	(66.0, 19.999999999999996)	(67.0, 7.666666666666663)	(68.0, 6.666666666666664)	(69.0, 8.666666666666664)	(70.0, 10.0)	(71.0, 6.999999999999997)	(72.0, 3.666666666666667)	(73.0, 2.333333333333333)	(74.0, 0.6666666666666666)	(75.0, 0.3333333333333333)	(76.0, 0.6666666666666666)	(77.0, 0.0)	(78.0, 0.3333333333333333)	(79.0, 0.3333333333333333)	(80.0, 0.0)	(81.0, 0.0)	(82.0, 0.3333333333333333)	(83.0, 0.0)	(84.0, 0.0)	(85.0, 0.3333333333333333)	(86.0, 0.0)	(87.0, 0.0)	(88.0, 0.0)	(89.0, 0.0)	(90.0, 0.0)	(91.0, 0.0)	(92.0, 0.0)	(93.0, 0.0)	(94.0, 0.0)	(95.0, 0.0)	(96.0, 0.0)	(97.0, 0.0)	(98.0, 0.0)	(99.0, 0.0)	(100.0, 0.0)
SRR5816769_2	(0.0, 0.0)	(1.0, 0.0)	(2.0, 0.0)	(3.0, 0.0)	(4.0, 0.3333333333333333)	(5.0, 0.3333333333333333)	(6.0, 0.0)	(7.0, 0.0)	(8.0, 0.6666666666666666)	(9.0, 0.3333333333333333)	(10.0, 0.0)	(11.0, 0.0)	(12.0, 0.3333333333333333)	(13.0, 0.0)	(14.0, 0.3333333333333333)	(15.0, 0.3333333333333333)	(16.0, 0.6666666666666666)	(17.0, 0.6666666666666666)	(18.0, 0.0)	(19.0, 0.3333333333333333)	(20.0, 1.0)	(21.0, 1.0)	(22.0, 1.3333333333333333)	(23.0, 1.3333333333333333)	(24.0, 1.0)	(25.0, 0.6666666666666666)	(26.0, 1.3333333333333333)	(27.0, 2.333333333333333)	(28.0, 3.0)	(29.0, 4.0)	(30.0, 5.999999999999998)	(31.0, 8.666666666666664)	(32.0, 13.000000000000005)	(33.0, 15.666666666666677)	(34.0, 19.333333333333332)	(35.0, 22.666666666666654)	(36.0, 34.3333333333333)	(37.0, 48.3333333333334)	(38.0, 57.6666666666668)	(39.0, 76.33333333333333)	(40.0, 101.99999999999963)	(41.0, 126.33333333333262)	(42.0, 158.0000000000001)	(43.0, 188.66666666666765)	(44.0, 294.00000000000074)	(45.0, 543.9999999999919)	(46.0, 605.6666666666656)	(47.0, 1154.0000000000168)	(48.0, 6627.666666665109)	(49.0, 43339.33333336256)	(50.0, 74444.0000000611)	(51.0, 52493.33333342917)	(52.0, 23918.666666651174)	(53.0, 32178.666666621124)	(54.0, 28051.666666636138)	(55.0, 6569.999999998495)	(56.0, 5512.33333333279)	(57.0, 5420.333333332874)	(58.0, 1393.666666666629)	(59.0, 476.3333333333237)	(60.0, 300.666666666667)	(61.0, 395.6666666666616)	(62.0, 215.66666666666842)	(63.0, 81.66666666666659)	(64.0, 49.33333333333341)	(65.0, 42.00000000000002)	(66.0, 34.666666666666636)	(67.0, 35.99999999999998)	(68.0, 30.666666666666625)	(69.0, 17.33333333333334)	(70.0, 16.333333333333343)	(71.0, 15.333333333333343)	(72.0, 9.333333333333332)	(73.0, 6.666666666666664)	(74.0, 6.333333333333331)	(75.0, 4.0)	(76.0, 4.333333333333333)	(77.0, 3.0)	(78.0, 2.333333333333333)	(79.0, 1.0)	(80.0, 1.9999999999999998)	(81.0, 1.3333333333333333)	(82.0, 1.3333333333333333)	(83.0, 1.3333333333333333)	(84.0, 1.0)	(85.0, 1.6666666666666665)	(86.0, 1.9999999999999998)	(87.0, 0.3333333333333333)	(88.0, 0.6666666666666666)	(89.0, 1.0)	(90.0, 0.3333333333333333)	(91.0, 1.3333333333333333)	(92.0, 1.3333333333333333)	(93.0, 0.0)	(94.0, 0.0)	(95.0, 0.6666666666666666)	(96.0, 0.6666666666666666)	(97.0, 1.0)	(98.0, 1.3333333333333333)	(99.0, 1.0)	(100.0, 1.0)
SRR5816770_1	(0.0, 0.0)	(1.0, 0.0)	(2.0, 0.0)	(3.0, 0.0)	(4.0, 0.0)	(5.0, 0.0)	(6.0, 0.0)	(7.0, 0.0)	(8.0, 0.0)	(9.0, 0.0)	(10.0, 0.0)	(11.0, 0.0)	(12.0, 0.0)	(13.0, 0.0)	(14.0, 0.0)	(15.0, 0.0)	(16.0, 0.0)	(17.0, 0.0)	(18.0, 0.0)	(19.0, 0.0)	(20.0, 0.0)	(21.0, 0.0)	(22.0, 0.0)	(23.0, 0.0)	(24.0, 0.3333333333333333)	(25.0, 0.0)	(26.0, 0.3333333333333333)	(27.0, 0.3333333333333333)	(28.0, 0.0)	(29.0, 0.0)	(30.0, 0.0)	(31.0, 0.0)	(32.0, 0.0)	(33.0, 0.3333333333333333)	(34.0, 0.0)	(35.0, 0.6666666666666666)	(36.0, 1.6666666666666665)	(37.0, 1.6666666666666665)	(38.0, 1.3333333333333333)	(39.0, 1.6666666666666665)	(40.0, 0.6666666666666666)	(41.0, 0.0)	(42.0, 3.0)	(43.0, 4.999999999999999)	(44.0, 5.999999999999998)	(45.0, 11.000000000000002)	(46.0, 27.666666666666636)	(47.0, 76.66666666666666)	(48.0, 258.0000000000028)	(49.0, 2671.666666666764)	(50.0, 5606.666666666038)	(51.0, 2803.666666666824)	(52.0, 4828.666666666745)	(53.0, 6508.666666665217)	(54.0, 9429.99999999927)	(55.0, 10607.333333334745)	(56.0, 13359.333333339751)	(57.0, 28168.33333330238)	(58.0, 13024.000000005808)	(59.0, 1531.3333333332644)	(60.0, 607.9999999999992)	(61.0, 343.9999999999979)	(62.0, 206.66666666666816)	(63.0, 70.66666666666674)	(64.0, 20.66666666666666)	(65.0, 15.666666666666677)	(66.0, 11.000000000000002)	(67.0, 4.999999999999999)	(68.0, 4.0)	(69.0, 2.6666666666666665)	(70.0, 1.6666666666666665)	(71.0, 2.6666666666666665)	(72.0, 0.3333333333333333)	(73.0, 0.0)	(74.0, 0.3333333333333333)	(75.0, 0.3333333333333333)	(76.0, 0.0)	(77.0, 0.0)	(78.0, 0.0)	(79.0, 0.0)	(80.0, 0.0)	(81.0, 0.0)	(82.0, 0.0)	(83.0, 0.0)	(84.0, 0.0)	(85.0, 0.0)	(86.0, 0.0)	(87.0, 0.0)	(88.0, 0.0)	(89.0, 0.0)	(90.0, 0.0)	(91.0, 0.0)	(92.0, 0.0)	(93.0, 0.0)	(94.0, 0.0)	(95.0, 0.0)	(96.0, 0.0)	(97.0, 0.0)	(98.0, 0.0)	(99.0, 0.0)	(100.0, 0.0)
SRR5816770_2	(0.0, 0.0)	(1.0, 0.0)	(2.0, 0.3333333333333333)	(3.0, 0.3333333333333333)	(4.0, 0.0)	(5.0, 0.0)	(6.0, 0.0)	(7.0, 0.0)	(8.0, 0.0)	(9.0, 0.0)	(10.0, 0.0)	(11.0, 0.0)	(12.0, 0.0)	(13.0, 0.0)	(14.0, 0.0)	(15.0, 0.3333333333333333)	(16.0, 0.3333333333333333)	(17.0, 0.0)	(18.0, 0.0)	(19.0, 0.0)	(20.0, 0.3333333333333333)	(21.0, 0.0)	(22.0, 0.0)	(23.0, 0.0)	(24.0, 0.3333333333333333)	(25.0, 0.0)	(26.0, 0.6666666666666666)	(27.0, 0.3333333333333333)	(28.0, 0.6666666666666666)	(29.0, 1.0)	(30.0, 0.6666666666666666)	(31.0, 0.0)	(32.0, 2.333333333333333)	(33.0, 3.3333333333333335)	(34.0, 2.6666666666666665)	(35.0, 3.666666666666667)	(36.0, 5.999999999999998)	(37.0, 7.9999999999999964)	(38.0, 11.333333333333336)	(39.0, 16.333333333333343)	(40.0, 19.333333333333332)	(41.0, 26.333333333333307)	(42.0, 33.33333333333329)	(43.0, 42.66666666666669)	(44.0, 78.3333333333333)	(45.0, 160.66666666666686)	(46.0, 175.33333333333394)	(47.0, 279.0000000000016)	(48.0, 1483.3333333332753)	(49.0, 11750.333333336825)	(50.0, 25890.99999997733)	(51.0, 24474.66666664915)	(52.0, 10594.000000001388)	(53.0, 5556.666666666083)	(54.0, 4568.333333333649)	(55.0, 1932.3333333331732)	(56.0, 5481.999999999484)	(57.0, 6232.333333332135)	(58.0, 1218.6666666666688)	(59.0, 303.0000000000002)	(60.0, 179.6666666666674)	(61.0, 200.33333333333465)	(62.0, 95.33333333333306)	(63.0, 51.66666666666676)	(64.0, 33.33333333333329)	(65.0, 22.999999999999986)	(66.0, 13.666666666666673)	(67.0, 15.000000000000009)	(68.0, 17.33333333333334)	(69.0, 13.666666666666673)	(70.0, 6.333333333333331)	(71.0, 2.333333333333333)	(72.0, 3.0)	(73.0, 3.666666666666667)	(74.0, 3.0)	(75.0, 1.9999999999999998)	(76.0, 3.0)	(77.0, 1.6666666666666665)	(78.0, 1.3333333333333333)	(79.0, 1.3333333333333333)	(80.0, 0.6666666666666666)	(81.0, 0.6666666666666666)	(82.0, 0.6666666666666666)	(83.0, 0.3333333333333333)	(84.0, 0.6666666666666666)	(85.0, 0.6666666666666666)	(86.0, 0.6666666666666666)	(87.0, 0.0)	(88.0, 1.3333333333333333)	(89.0, 1.0)	(90.0, 0.6666666666666666)	(91.0, 0.0)	(92.0, 0.0)	(93.0, 0.3333333333333333)	(94.0, 0.3333333333333333)	(95.0, 0.0)	(96.0, 0.0)	(97.0, 0.0)	(98.0, 1.0)	(99.0, 0.0)	(100.0, 0.0)
SRR5816771_1	(0.0, 0.0)	(1.0, 0.0)	(2.0, 0.0)	(3.0, 0.0)	(4.0, 0.0)	(5.0, 0.0)	(6.0, 0.0)	(7.0, 0.0)	(8.0, 0.0)	(9.0, 0.0)	(10.0, 0.0)	(11.0, 0.0)	(12.0, 0.0)	(13.0, 0.0)	(14.0, 0.0)	(15.0, 0.0)	(16.0, 0.0)	(17.0, 0.0)	(18.0, 0.0)	(19.0, 0.0)	(20.0, 0.0)	(21.0, 0.3333333333333333)	(22.0, 0.6666666666666666)	(23.0, 0.3333333333333333)	(24.0, 0.3333333333333333)	(25.0, 0.3333333333333333)	(26.0, 0.0)	(27.0, 0.0)	(28.0, 0.0)	(29.0, 0.3333333333333333)	(30.0, 0.0)	(31.0, 0.6666666666666666)	(32.0, 0.6666666666666666)	(33.0, 1.0)	(34.0, 1.0)	(35.0, 0.6666666666666666)	(36.0, 2.333333333333333)	(37.0, 4.0)	(38.0, 2.333333333333333)	(39.0, 3.3333333333333335)	(40.0, 5.999999999999998)	(41.0, 10.666666666666668)	(42.0, 20.66666666666666)	(43.0, 25.999999999999975)	(44.0, 45.00000000000004)	(45.0, 89.9999999999998)	(46.0, 214.6666666666684)	(47.0, 547.9999999999924)	(48.0, 2233.333333333231)	(49.0, 22602.999999989293)	(50.0, 50794.333333416806)	(51.0, 27078.666666639678)	(52.0, 12560.000000004964)	(53.0, 15460.00000001024)	(54.0, 32760.99999995234)	(55.0, 48963.33333340348)	(56.0, 32143.999999954583)	(57.0, 41231.66666668056)	(58.0, 19640.333333333405)	(59.0, 2621.000000000074)	(60.0, 942.3333333333705)	(61.0, 758.3333333333496)	(62.0, 417.33333333332706)	(63.0, 156.66666666666674)	(64.0, 76.66666666666666)	(65.0, 36.999999999999986)	(66.0, 15.000000000000009)	(67.0, 11.333333333333336)	(68.0, 7.9999999999999964)	(69.0, 6.333333333333331)	(70.0, 9.333333333333332)	(71.0, 7.666666666666663)	(72.0, 5.333333333333332)	(73.0, 1.6666666666666665)	(74.0, 0.3333333333333333)	(75.0, 0.6666666666666666)	(76.0, 0.3333333333333333)	(77.0, 0.3333333333333333)	(78.0, 0.0)	(79.0, 0.0)	(80.0, 0.0)	(81.0, 0.0)	(82.0, 0.0)	(83.0, 0.0)	(84.0, 0.0)	(85.0, 0.0)	(86.0, 0.3333333333333333)	(87.0, 0.3333333333333333)	(88.0, 0.0)	(89.0, 0.0)	(90.0, 0.0)	(91.0, 0.0)	(92.0, 0.0)	(93.0, 0.0)	(94.0, 0.0)	(95.0, 0.0)	(96.0, 0.0)	(97.0, 0.0)	(98.0, 0.0)	(99.0, 0.0)	(100.0, 0.0)
SRR5816771_2	(0.0, 0.0)	(1.0, 0.0)	(2.0, 0.0)	(3.0, 0.0)	(4.0, 0.3333333333333333)	(5.0, 0.0)	(6.0, 0.0)	(7.0, 0.0)	(8.0, 0.0)	(9.0, 0.0)	(10.0, 0.6666666666666666)	(11.0, 0.0)	(12.0, 0.0)	(13.0, 0.0)	(14.0, 0.0)	(15.0, 1.0)	(16.0, 1.3333333333333333)	(17.0, 0.0)	(18.0, 0.3333333333333333)	(19.0, 0.0)	(20.0, 0.0)	(21.0, 0.3333333333333333)	(22.0, 0.6666666666666666)	(23.0, 1.0)	(24.0, 0.6666666666666666)	(25.0, 1.3333333333333333)	(26.0, 1.0)	(27.0, 1.6666666666666665)	(28.0, 2.333333333333333)	(29.0, 1.9999999999999998)	(30.0, 3.666666666666667)	(31.0, 3.3333333333333335)	(32.0, 10.0)	(33.0, 12.333333333333337)	(34.0, 12.000000000000004)	(35.0, 17.33333333333334)	(36.0, 19.999999999999996)	(37.0, 29.333333333333297)	(38.0, 39.333333333333336)	(39.0, 51.000000000000085)	(40.0, 68.33333333333344)	(41.0, 84.33333333333321)	(42.0, 103.33333333333294)	(43.0, 145.66666666666643)	(44.0, 192.66666666666777)	(45.0, 236.00000000000233)	(46.0, 335.66666666666504)	(47.0, 671.6666666666731)	(48.0, 2964.3333333335636)	(49.0, 21101.666666661422)	(50.0, 46984.00000005575)	(51.0, 69266.00000013645)	(52.0, 61103.33333349181)	(53.0, 26400.999999975476)	(54.0, 14237.666666674682)	(55.0, 6712.333333331699)	(56.0, 25471.999999978856)	(57.0, 28467.333333301292)	(58.0, 5509.333333332793)	(59.0, 1187.0000000000093)	(60.0, 612.6666666666664)	(61.0, 578.9999999999959)	(62.0, 308.6666666666666)	(63.0, 136.33333333333283)	(64.0, 79.66666666666661)	(65.0, 55.666666666666785)	(66.0, 33.999999999999964)	(67.0, 37.99999999999999)	(68.0, 41.000000000000014)	(69.0, 30.999999999999957)	(70.0, 18.666666666666668)	(71.0, 14.666666666666675)	(72.0, 13.000000000000005)	(73.0, 8.999999999999998)	(74.0, 4.0)	(75.0, 4.0)	(76.0, 7.33333333333333)	(77.0, 4.999999999999999)	(78.0, 3.0)	(79.0, 1.6666666666666665)	(80.0, 1.3333333333333333)	(81.0, 1.3333333333333333)	(82.0, 1.9999999999999998)	(83.0, 1.9999999999999998)	(84.0, 0.3333333333333333)	(85.0, 0.6666666666666666)	(86.0, 1.3333333333333333)	(87.0, 0.6666666666666666)	(88.0, 1.0)	(89.0, 1.3333333333333333)	(90.0, 1.0)	(91.0, 1.6666666666666665)	(92.0, 0.3333333333333333)	(93.0, 1.0)	(94.0, 1.0)	(95.0, 0.3333333333333333)	(96.0, 0.6666666666666666)	(97.0, 0.0)	(98.0, 1.0)	(99.0, 1.3333333333333333)	(100.0, 2.0)
SRR5816772_1	(0.0, 0.0)	(1.0, 0.0)	(2.0, 0.0)	(3.0, 0.0)	(4.0, 0.0)	(5.0, 0.0)	(6.0, 0.0)	(7.0, 0.0)	(8.0, 0.0)	(9.0, 0.0)	(10.0, 0.0)	(11.0, 0.0)	(12.0, 0.0)	(13.0, 0.0)	(14.0, 0.0)	(15.0, 0.0)	(16.0, 0.0)	(17.0, 0.0)	(18.0, 0.0)	(19.0, 0.0)	(20.0, 0.0)	(21.0, 0.0)	(22.0, 0.0)	(23.0, 0.0)	(24.0, 0.0)	(25.0, 0.3333333333333333)	(26.0, 0.3333333333333333)	(27.0, 0.0)	(28.0, 0.0)	(29.0, 0.0)	(30.0, 0.0)	(31.0, 0.0)	(32.0, 0.3333333333333333)	(33.0, 0.3333333333333333)	(34.0, 0.3333333333333333)	(35.0, 0.0)	(36.0, 2.6666666666666665)	(37.0, 6.999999999999997)	(38.0, 3.3333333333333335)	(39.0, 0.6666666666666666)	(40.0, 1.9999999999999998)	(41.0, 1.6666666666666665)	(42.0, 0.3333333333333333)	(43.0, 1.9999999999999998)	(44.0, 6.999999999999997)	(45.0, 6.666666666666664)	(46.0, 16.333333333333343)	(47.0, 37.99999999999999)	(48.0, 132.9999999999994)	(49.0, 806.3333333333551)	(50.0, 2031.666666666484)	(51.0, 2095.3333333331684)	(52.0, 7118.666666664662)	(53.0, 19653.66666666669)	(54.0, 30920.6666666257)	(55.0, 11584.666666669857)	(56.0, 7945.999999997243)	(57.0, 15296.666666676609)	(58.0, 7256.333333331204)	(59.0, 986.0000000000422)	(60.0, 358.3333333333304)	(61.0, 305.66666666666674)	(62.0, 296.66666666666725)	(63.0, 91.66666666666644)	(64.0, 33.33333333333329)	(65.0, 11.66666666666667)	(66.0, 7.666666666666663)	(67.0, 3.0)	(68.0, 2.333333333333333)	(69.0, 1.0)	(70.0, 1.0)	(71.0, 4.666666666666666)	(72.0, 4.999999999999999)	(73.0, 1.0)	(74.0, 0.0)	(75.0, 0.0)	(76.0, 0.0)	(77.0, 0.0)	(78.0, 0.0)	(79.0, 0.0)	(80.0, 0.0)	(81.0, 0.0)	(82.0, 0.0)	(83.0, 0.0)	(84.0, 0.3333333333333333)	(85.0, 0.3333333333333333)	(86.0, 0.0)	(87.0, 0.0)	(88.0, 0.0)	(89.0, 0.0)	(90.0, 0.0)	(91.0, 0.0)	(92.0, 0.0)	(93.0, 0.0)	(94.0, 0.0)	(95.0, 0.0)	(96.0, 0.0)	(97.0, 0.0)	(98.0, 0.0)	(99.0, 0.0)	(100.0, 0.0)
SRR5816772_2	(0.0, 0.0)	(1.0, 0.0)	(2.0, 0.0)	(3.0, 0.0)	(4.0, 0.0)	(5.0, 0.0)	(6.0, 0.0)	(7.0, 0.0)	(8.0, 0.3333333333333333)	(9.0, 0.0)	(10.0, 0.3333333333333333)	(11.0, 0.3333333333333333)	(12.0, 0.0)	(13.0, 0.0)	(14.0, 0.0)	(15.0, 0.0)	(16.0, 0.0)	(17.0, 0.3333333333333333)	(18.0, 0.0)	(19.0, 0.0)	(20.0, 0.3333333333333333)	(21.0, 0.3333333333333333)	(22.0, 0.0)	(23.0, 0.0)	(24.0, 0.3333333333333333)	(25.0, 0.0)	(26.0, 0.0)	(27.0, 1.0)	(28.0, 1.0)	(29.0, 1.9999999999999998)	(30.0, 1.6666666666666665)	(31.0, 0.6666666666666666)	(32.0, 2.6666666666666665)	(33.0, 4.333333333333333)	(34.0, 5.999999999999998)	(35.0, 10.333333333333334)	(36.0, 14.000000000000007)	(37.0, 15.666666666666677)	(38.0, 30.333333333333293)	(39.0, 32.99999999999996)	(40.0, 37.99999999999999)	(41.0, 42.33333333333336)	(42.0, 55.33333333333345)	(43.0, 77.33333333333331)	(44.0, 129.33333333333263)	(45.0, 263.66666666666913)	(46.0, 307.3333333333333)	(47.0, 557.6666666666601)	(48.0, 4786.666666666783)	(49.0, 26370.33333330892)	(50.0, 32033.66666662165)	(51.0, 17876.00000000649)	(52.0, 6935.666666664829)	(53.0, 5640.333333332674)	(54.0, 5195.333333333078)	(55.0, 1566.999999999923)	(56.0, 1960.3333333331668)	(57.0, 1891.3333333331825)	(58.0, 495.99999999998926)	(59.0, 199.00000000000128)	(60.0, 179.33333333333405)	(61.0, 249.0000000000027)	(62.0, 135.9999999999995)	(63.0, 45.666666666666714)	(64.0, 27.666666666666636)	(65.0, 19.0)	(66.0, 11.66666666666667)	(67.0, 13.33333333333334)	(68.0, 15.000000000000009)	(69.0, 6.999999999999997)	(70.0, 4.666666666666666)	(71.0, 4.666666666666666)	(72.0, 3.666666666666667)	(73.0, 2.6666666666666665)	(74.0, 3.0)	(75.0, 2.333333333333333)	(76.0, 0.3333333333333333)	(77.0, 1.0)	(78.0, 0.6666666666666666)	(79.0, 1.3333333333333333)	(80.0, 1.0)	(81.0, 0.0)	(82.0, 0.3333333333333333)	(83.0, 0.0)	(84.0, 0.3333333333333333)	(85.0, 0.3333333333333333)	(86.0, 0.0)	(87.0, 0.0)	(88.0, 0.0)	(89.0, 0.0)	(90.0, 0.0)	(91.0, 0.3333333333333333)	(92.0, 0.3333333333333333)	(93.0, 0.0)	(94.0, 0.0)	(95.0, 0.0)	(96.0, 0.0)	(97.0, 0.0)	(98.0, 1.0)	(99.0, 0.0)	(100.0, 0.0)
SRR5816773_1	(0.0, 0.0)	(1.0, 0.0)	(2.0, 0.0)	(3.0, 0.0)	(4.0, 0.0)	(5.0, 0.0)	(6.0, 0.0)	(7.0, 0.0)	(8.0, 0.0)	(9.0, 0.0)	(10.0, 0.0)	(11.0, 0.0)	(12.0, 0.0)	(13.0, 0.0)	(14.0, 0.0)	(15.0, 0.0)	(16.0, 0.0)	(17.0, 0.0)	(18.0, 0.0)	(19.0, 0.0)	(20.0, 0.0)	(21.0, 0.0)	(22.0, 0.0)	(23.0, 0.0)	(24.0, 0.0)	(25.0, 0.0)	(26.0, 0.3333333333333333)	(27.0, 0.3333333333333333)	(28.0, 0.0)	(29.0, 0.0)	(30.0, 0.0)	(31.0, 0.6666666666666666)	(32.0, 0.6666666666666666)	(33.0, 1.6666666666666665)	(34.0, 0.6666666666666666)	(35.0, 2.333333333333333)	(36.0, 3.3333333333333335)	(37.0, 11.66666666666667)	(38.0, 6.999999999999997)	(39.0, 6.666666666666664)	(40.0, 4.999999999999999)	(41.0, 6.333333333333331)	(42.0, 6.333333333333331)	(43.0, 9.333333333333332)	(44.0, 16.00000000000001)	(45.0, 28.999999999999964)	(46.0, 78.3333333333333)	(47.0, 310.33333333333314)	(48.0, 1173.3333333333458)	(49.0, 5410.999999999549)	(50.0, 13444.333333339906)	(51.0, 15933.0000000111)	(52.0, 12100.000000004127)	(53.0, 13988.000000007562)	(54.0, 12171.666666670924)	(55.0, 10866.66666666855)	(56.0, 6823.666666664931)	(57.0, 2576.0000000000537)	(58.0, 1230.9999999999993)	(59.0, 1643.9999999999054)	(60.0, 1095.3333333333635)	(61.0, 714.3333333333446)	(62.0, 649.6666666666706)	(63.0, 442.66666666665895)	(64.0, 301.33333333333366)	(65.0, 406.3333333333277)	(66.0, 175.0000000000006)	(67.0, 29.333333333333297)	(68.0, 9.666666666666666)	(69.0, 4.666666666666666)	(70.0, 3.666666666666667)	(71.0, 4.333333333333333)	(72.0, 3.0)	(73.0, 3.0)	(74.0, 1.9999999999999998)	(75.0, 1.0)	(76.0, 0.3333333333333333)	(77.0, 0.0)	(78.0, 0.3333333333333333)	(79.0, 0.3333333333333333)	(80.0, 0.3333333333333333)	(81.0, 0.0)	(82.0, 0.0)	(83.0, 0.0)	(84.0, 0.0)	(85.0, 0.0)	(86.0, 0.0)	(87.0, 0.0)	(88.0, 0.0)	(89.0, 0.0)	(90.0, 0.0)	(91.0, 0.0)	(92.0, 0.0)	(93.0, 0.0)	(94.0, 0.0)	(95.0, 0.0)	(96.0, 0.0)	(97.0, 0.0)	(98.0, 0.0)	(99.0, 0.0)	(100.0, 0.0)
SRR5816773_2	(0.0, 0.0)	(1.0, 0.0)	(2.0, 0.0)	(3.0, 0.0)	(4.0, 0.0)	(5.0, 0.0)	(6.0, 0.0)	(7.0, 0.0)	(8.0, 0.0)	(9.0, 0.0)	(10.0, 0.3333333333333333)	(11.0, 0.3333333333333333)	(12.0, 0.3333333333333333)	(13.0, 0.0)	(14.0, 0.3333333333333333)	(15.0, 0.6666666666666666)	(16.0, 0.0)	(17.0, 0.3333333333333333)	(18.0, 0.6666666666666666)	(19.0, 0.3333333333333333)	(20.0, 0.0)	(21.0, 0.0)	(22.0, 0.6666666666666666)	(23.0, 0.3333333333333333)	(24.0, 0.6666666666666666)	(25.0, 0.6666666666666666)	(26.0, 0.6666666666666666)	(27.0, 0.3333333333333333)	(28.0, 1.6666666666666665)	(29.0, 4.333333333333333)	(30.0, 4.999999999999999)	(31.0, 3.666666666666667)	(32.0, 5.333333333333332)	(33.0, 7.666666666666663)	(34.0, 8.666666666666664)	(35.0, 12.666666666666671)	(36.0, 17.000000000000007)	(37.0, 26.99999999999997)	(38.0, 30.666666666666625)	(39.0, 31.999999999999954)	(40.0, 35.66666666666664)	(41.0, 35.99999999999998)	(42.0, 47.00000000000006)	(43.0, 65.33333333333348)	(44.0, 94.6666666666664)	(45.0, 166.33333333333368)	(46.0, 489.6666666666563)	(47.0, 2147.999999999859)	(48.0, 6963.999999998136)	(49.0, 12175.333333337598)	(50.0, 13459.666666673267)	(51.0, 18056.6666666725)	(52.0, 16513.00000001145)	(53.0, 10434.33333333443)	(54.0, 5470.666666666161)	(55.0, 2690.6666666667725)	(56.0, 3798.333333333943)	(57.0, 3943.333333334009)	(58.0, 1453.6666666666154)	(59.0, 665.333333333339)	(60.0, 486.99999999998977)	(61.0, 733.3333333333468)	(62.0, 651.3333333333375)	(63.0, 552.6666666666596)	(64.0, 300.0000000000004)	(65.0, 82.33333333333324)	(66.0, 34.666666666666636)	(67.0, 20.999999999999993)	(68.0, 14.333333333333341)	(69.0, 8.33333333333333)	(70.0, 6.999999999999997)	(71.0, 6.666666666666664)	(72.0, 3.666666666666667)	(73.0, 4.0)	(74.0, 3.666666666666667)	(75.0, 3.0)	(76.0, 1.6666666666666665)	(77.0, 3.0)	(78.0, 1.6666666666666665)	(79.0, 1.9999999999999998)	(80.0, 1.9999999999999998)	(81.0, 1.0)	(82.0, 0.3333333333333333)	(83.0, 0.0)	(84.0, 0.3333333333333333)	(85.0, 0.3333333333333333)	(86.0, 0.0)	(87.0, 0.0)	(88.0, 0.3333333333333333)	(89.0, 0.3333333333333333)	(90.0, 0.0)	(91.0, 0.0)	(92.0, 0.0)	(93.0, 0.0)	(94.0, 0.0)	(95.0, 0.0)	(96.0, 0.0)	(97.0, 0.3333333333333333)	(98.0, 0.0)	(99.0, 0.0)	(100.0, 0.0)
SRR5816774_1	(0.0, 0.0)	(1.0, 0.0)	(2.0, 0.0)	(3.0, 0.0)	(4.0, 0.0)	(5.0, 0.0)	(6.0, 0.0)	(7.0, 0.0)	(8.0, 0.0)	(9.0, 0.0)	(10.0, 0.0)	(11.0, 0.0)	(12.0, 0.0)	(13.0, 0.0)	(14.0, 0.0)	(15.0, 0.0)	(16.0, 0.0)	(17.0, 0.0)	(18.0, 0.0)	(19.0, 0.0)	(20.0, 0.0)	(21.0, 0.0)	(22.0, 0.0)	(23.0, 0.0)	(24.0, 0.0)	(25.0, 0.0)	(26.0, 0.0)	(27.0, 0.0)	(28.0, 0.6666666666666666)	(29.0, 0.3333333333333333)	(30.0, 0.6666666666666666)	(31.0, 0.3333333333333333)	(32.0, 0.3333333333333333)	(33.0, 1.3333333333333333)	(34.0, 1.3333333333333333)	(35.0, 1.9999999999999998)	(36.0, 14.000000000000007)	(37.0, 42.33333333333336)	(38.0, 15.666666666666677)	(39.0, 5.666666666666665)	(40.0, 5.666666666666665)	(41.0, 3.666666666666667)	(42.0, 5.333333333333332)	(43.0, 11.000000000000002)	(44.0, 18.000000000000004)	(45.0, 37.99999999999999)	(46.0, 71.00000000000007)	(47.0, 213.33333333333502)	(48.0, 823.6666666666904)	(49.0, 7088.333333331357)	(50.0, 14052.666666674346)	(51.0, 7238.33333333122)	(52.0, 14080.333333341063)	(53.0, 10089.666666667137)	(54.0, 3384.3333333337546)	(55.0, 4358.000000000507)	(56.0, 5579.666666666062)	(57.0, 12017.666666670644)	(58.0, 6465.333333331923)	(59.0, 903.3333333333661)	(60.0, 273.00000000000193)	(61.0, 135.66666666666615)	(62.0, 85.66666666666653)	(63.0, 40.33333333333334)	(64.0, 14.333333333333341)	(65.0, 6.666666666666664)	(66.0, 4.0)	(67.0, 4.666666666666666)	(68.0, 1.9999999999999998)	(69.0, 2.333333333333333)	(70.0, 1.9999999999999998)	(71.0, 4.333333333333333)	(72.0, 5.999999999999998)	(73.0, 2.333333333333333)	(74.0, 1.0)	(75.0, 0.6666666666666666)	(76.0, 0.3333333333333333)	(77.0, 0.0)	(78.0, 0.0)	(79.0, 0.0)	(80.0, 0.0)	(81.0, 0.0)	(82.0, 0.0)	(83.0, 0.0)	(84.0, 0.0)	(85.0, 0.0)	(86.0, 0.0)	(87.0, 0.0)	(88.0, 0.0)	(89.0, 0.0)	(90.0, 0.0)	(91.0, 0.0)	(92.0, 0.0)	(93.0, 0.0)	(94.0, 0.0)	(95.0, 0.0)	(96.0, 0.0)	(97.0, 0.0)	(98.0, 0.0)	(99.0, 0.0)	(100.0, 0.0)
SRR5816774_2	(0.0, 0.0)	(1.0, 0.0)	(2.0, 0.0)	(3.0, 0.0)	(4.0, 0.0)	(5.0, 0.0)	(6.0, 0.0)	(7.0, 0.0)	(8.0, 0.0)	(9.0, 0.3333333333333333)	(10.0, 0.0)	(11.0, 0.0)	(12.0, 0.0)	(13.0, 0.0)	(14.0, 0.0)	(15.0, 0.0)	(16.0, 0.0)	(17.0, 0.0)	(18.0, 0.0)	(19.0, 0.0)	(20.0, 0.0)	(21.0, 0.0)	(22.0, 0.3333333333333333)	(23.0, 0.3333333333333333)	(24.0, 0.0)	(25.0, 1.0)	(26.0, 0.6666666666666666)	(27.0, 0.3333333333333333)	(28.0, 0.3333333333333333)	(29.0, 0.3333333333333333)	(30.0, 1.3333333333333333)	(31.0, 1.3333333333333333)	(32.0, 0.3333333333333333)	(33.0, 2.6666666666666665)	(34.0, 7.33333333333333)	(35.0, 8.999999999999998)	(36.0, 8.33333333333333)	(37.0, 30.666666666666625)	(38.0, 46.00000000000005)	(39.0, 20.66666666666666)	(40.0, 14.333333333333341)	(41.0, 27.666666666666636)	(42.0, 34.3333333333333)	(43.0, 48.3333333333334)	(44.0, 103.33333333333294)	(45.0, 321.66666666666583)	(46.0, 295.0000000000007)	(47.0, 220.00000000000188)	(48.0, 452.3333333333251)	(49.0, 2245.66666666657)	(50.0, 9586.999999999556)	(51.0, 20663.333333329683)	(52.0, 18297.666666671623)	(53.0, 14394.0000000083)	(54.0, 13316.00000000634)	(55.0, 3380.6666666670862)	(56.0, 1761.9999999998786)	(57.0, 1552.6666666665928)	(58.0, 447.999999999992)	(59.0, 196.0000000000012)	(60.0, 89.66666666666647)	(61.0, 65.66666666666681)	(62.0, 36.999999999999986)	(63.0, 24.99999999999998)	(64.0, 18.000000000000004)	(65.0, 11.66666666666667)	(66.0, 7.33333333333333)	(67.0, 10.333333333333334)	(68.0, 13.33333333333334)	(69.0, 11.333333333333336)	(70.0, 7.33333333333333)	(71.0, 5.333333333333332)	(72.0, 3.0)	(73.0, 1.0)	(74.0, 1.3333333333333333)	(75.0, 2.6666666666666665)	(76.0, 1.0)	(77.0, 0.6666666666666666)	(78.0, 0.0)	(79.0, 0.3333333333333333)	(80.0, 0.0)	(81.0, 0.3333333333333333)	(82.0, 0.6666666666666666)	(83.0, 0.3333333333333333)	(84.0, 0.3333333333333333)	(85.0, 0.0)	(86.0, 0.0)	(87.0, 0.3333333333333333)	(88.0, 1.0)	(89.0, 0.0)	(90.0, 0.0)	(91.0, 0.3333333333333333)	(92.0, 0.0)	(93.0, 0.0)	(94.0, 0.0)	(95.0, 0.0)	(96.0, 0.0)	(97.0, 0.0)	(98.0, 0.0)	(99.0, 0.0)	(100.0, 0.5)
SRR5816775_1	(0.0, 0.0)	(1.0, 0.0)	(2.0, 0.0)	(3.0, 0.0)	(4.0, 0.0)	(5.0, 0.0)	(6.0, 0.0)	(7.0, 0.0)	(8.0, 0.0)	(9.0, 0.0)	(10.0, 0.0)	(11.0, 0.0)	(12.0, 0.0)	(13.0, 0.0)	(14.0, 0.0)	(15.0, 0.0)	(16.0, 0.0)	(17.0, 0.0)	(18.0, 0.0)	(19.0, 0.0)	(20.0, 0.0)	(21.0, 0.0)	(22.0, 0.0)	(23.0, 0.0)	(24.0, 0.0)	(25.0, 0.0)	(26.0, 0.3333333333333333)	(27.0, 0.3333333333333333)	(28.0, 0.0)	(29.0, 0.0)	(30.0, 0.0)	(31.0, 0.3333333333333333)	(32.0, 1.0)	(33.0, 0.3333333333333333)	(34.0, 0.6666666666666666)	(35.0, 1.9999999999999998)	(36.0, 28.3333333333333)	(37.0, 61.33333333333349)	(38.0, 14.333333333333341)	(39.0, 4.999999999999999)	(40.0, 6.333333333333331)	(41.0, 5.333333333333332)	(42.0, 7.666666666666663)	(43.0, 12.000000000000004)	(44.0, 15.666666666666677)	(45.0, 27.333333333333304)	(46.0, 68.33333333333344)	(47.0, 146.33333333333312)	(48.0, 602.6666666666653)	(49.0, 5429.999999999532)	(50.0, 10652.000000001493)	(51.0, 5521.333333332782)	(52.0, 12834.000000005462)	(53.0, 9092.666666665324)	(54.0, 3225.000000000349)	(55.0, 4970.333333333283)	(56.0, 6118.666666665572)	(57.0, 11769.666666670193)	(58.0, 5857.333333332476)	(59.0, 756.3333333333494)	(60.0, 233.3333333333356)	(61.0, 114.99999999999945)	(62.0, 57.6666666666668)	(63.0, 26.333333333333307)	(64.0, 15.666666666666677)	(65.0, 7.9999999999999964)	(66.0, 5.666666666666665)	(67.0, 2.333333333333333)	(68.0, 4.666666666666666)	(69.0, 3.0)	(70.0, 4.999999999999999)	(71.0, 6.333333333333331)	(72.0, 9.333333333333332)	(73.0, 6.666666666666664)	(74.0, 3.0)	(75.0, 1.3333333333333333)	(76.0, 1.3333333333333333)	(77.0, 0.3333333333333333)	(78.0, 0.3333333333333333)	(79.0, 0.0)	(80.0, 0.0)	(81.0, 0.0)	(82.0, 0.3333333333333333)	(83.0, 0.3333333333333333)	(84.0, 0.0)	(85.0, 0.3333333333333333)	(86.0, 0.3333333333333333)	(87.0, 0.0)	(88.0, 0.0)	(89.0, 0.0)	(90.0, 0.0)	(91.0, 0.0)	(92.0, 0.0)	(93.0, 0.0)	(94.0, 0.0)	(95.0, 0.0)	(96.0, 0.0)	(97.0, 0.0)	(98.0, 0.0)	(99.0, 0.0)	(100.0, 0.0)
SRR5816775_2	(0.0, 0.0)	(1.0, 0.0)	(2.0, 0.0)	(3.0, 0.0)	(4.0, 0.0)	(5.0, 0.0)	(6.0, 0.0)	(7.0, 0.0)	(8.0, 0.0)	(9.0, 0.0)	(10.0, 0.0)	(11.0, 0.0)	(12.0, 0.0)	(13.0, 0.0)	(14.0, 0.0)	(15.0, 0.0)	(16.0, 0.3333333333333333)	(17.0, 0.3333333333333333)	(18.0, 0.0)	(19.0, 0.0)	(20.0, 0.0)	(21.0, 0.0)	(22.0, 0.0)	(23.0, 0.3333333333333333)	(24.0, 0.0)	(25.0, 0.6666666666666666)	(26.0, 0.3333333333333333)	(27.0, 0.6666666666666666)	(28.0, 0.3333333333333333)	(29.0, 1.0)	(30.0, 1.6666666666666665)	(31.0, 0.6666666666666666)	(32.0, 1.6666666666666665)	(33.0, 1.9999999999999998)	(34.0, 0.6666666666666666)	(35.0, 4.0)	(36.0, 7.666666666666663)	(37.0, 46.333333333333385)	(38.0, 57.333333333333464)	(39.0, 14.000000000000007)	(40.0, 18.000000000000004)	(41.0, 21.333333333333325)	(42.0, 31.999999999999954)	(43.0, 39.66666666666667)	(44.0, 99.66666666666633)	(45.0, 300.3333333333337)	(46.0, 293.0000000000008)	(47.0, 189.33333333333434)	(48.0, 393.66666666666174)	(49.0, 2101.999999999838)	(50.0, 9395.999999999209)	(51.0, 17883.000000006465)	(52.0, 14442.666666675055)	(53.0, 12995.33333333909)	(54.0, 11875.000000003718)	(55.0, 2869.3333333335204)	(56.0, 2268.333333333247)	(57.0, 2072.6666666664914)	(58.0, 509.33333333332183)	(59.0, 171.33333333333383)	(60.0, 96.66666666666637)	(61.0, 65.66666666666681)	(62.0, 40.66666666666668)	(63.0, 22.33333333333332)	(64.0, 17.66666666666667)	(65.0, 14.000000000000007)	(66.0, 9.666666666666666)	(67.0, 12.000000000000004)	(68.0, 13.33333333333334)	(69.0, 6.333333333333331)	(70.0, 3.0)	(71.0, 2.333333333333333)	(72.0, 1.9999999999999998)	(73.0, 2.333333333333333)	(74.0, 1.3333333333333333)	(75.0, 1.0)	(76.0, 1.0)	(77.0, 1.3333333333333333)	(78.0, 1.0)	(79.0, 0.0)	(80.0, 0.3333333333333333)	(81.0, 0.0)	(82.0, 0.0)	(83.0, 0.3333333333333333)	(84.0, 0.3333333333333333)	(85.0, 0.3333333333333333)	(86.0, 0.6666666666666666)	(87.0, 0.0)	(88.0, 1.3333333333333333)	(89.0, 1.3333333333333333)	(90.0, 0.3333333333333333)	(91.0, 0.0)	(92.0, 0.0)	(93.0, 0.0)	(94.0, 0.0)	(95.0, 0.0)	(96.0, 0.3333333333333333)	(97.0, 0.0)	(98.0, 0.0)	(99.0, 0.3333333333333333)	(100.0, 0.5)
SRR5816776_1	(0.0, 0.0)	(1.0, 0.0)	(2.0, 0.0)	(3.0, 0.0)	(4.0, 0.0)	(5.0, 0.0)	(6.0, 0.0)	(7.0, 0.0)	(8.0, 0.0)	(9.0, 0.0)	(10.0, 0.0)	(11.0, 0.0)	(12.0, 0.0)	(13.0, 0.0)	(14.0, 0.0)	(15.0, 0.0)	(16.0, 0.0)	(17.0, 0.0)	(18.0, 0.0)	(19.0, 0.0)	(20.0, 0.0)	(21.0, 0.0)	(22.0, 0.3333333333333333)	(23.0, 0.0)	(24.0, 0.0)	(25.0, 0.0)	(26.0, 0.0)	(27.0, 0.0)	(28.0, 0.0)	(29.0, 0.3333333333333333)	(30.0, 0.0)	(31.0, 0.0)	(32.0, 0.6666666666666666)	(33.0, 0.3333333333333333)	(34.0, 3.0)	(35.0, 13.000000000000005)	(36.0, 179.0000000000007)	(37.0, 412.999999999994)	(38.0, 156.00000000000006)	(39.0, 30.999999999999957)	(40.0, 18.666666666666668)	(41.0, 17.000000000000007)	(42.0, 19.999999999999996)	(43.0, 18.666666666666668)	(44.0, 29.333333333333297)	(45.0, 38.33333333333333)	(46.0, 77.66666666666664)	(47.0, 470.9999999999907)	(48.0, 1072.666666666702)	(49.0, 1018.6666666667126)	(50.0, 4211.666666667306)	(51.0, 8778.666666664752)	(52.0, 8929.333333331693)	(53.0, 15586.333333343802)	(54.0, 18037.000000005904)	(55.0, 12285.666666671132)	(56.0, 5793.999999999201)	(57.0, 2000.666666666491)	(58.0, 1945.6666666665035)	(59.0, 7466.333333331013)	(60.0, 5144.666666666458)	(61.0, 827.0000000000241)	(62.0, 669.0000000000061)	(63.0, 419.33333333332695)	(64.0, 141.33333333333297)	(65.0, 112.99999999999947)	(66.0, 68.33333333333344)	(67.0, 24.333333333333314)	(68.0, 26.333333333333307)	(69.0, 30.333333333333293)	(70.0, 42.66666666666669)	(71.0, 50.00000000000008)	(72.0, 54.33333333333344)	(73.0, 52.00000000000009)	(74.0, 35.99999999999998)	(75.0, 21.333333333333325)	(76.0, 7.666666666666663)	(77.0, 3.3333333333333335)	(78.0, 1.3333333333333333)	(79.0, 1.6666666666666665)	(80.0, 1.0)	(81.0, 0.0)	(82.0, 0.0)	(83.0, 0.0)	(84.0, 0.3333333333333333)	(85.0, 0.3333333333333333)	(86.0, 1.0)	(87.0, 0.6666666666666666)	(88.0, 0.0)	(89.0, 0.0)	(90.0, 0.0)	(91.0, 0.0)	(92.0, 0.0)	(93.0, 0.0)	(94.0, 0.0)	(95.0, 0.0)	(96.0, 0.0)	(97.0, 0.0)	(98.0, 0.0)	(99.0, 0.0)	(100.0, 0.0)
SRR5816776_2	(0.0, 0.0)	(1.0, 0.0)	(2.0, 0.0)	(3.0, 0.0)	(4.0, 0.0)	(5.0, 0.0)	(6.0, 0.0)	(7.0, 0.0)	(8.0, 1.0)	(9.0, 1.0)	(10.0, 0.0)	(11.0, 0.3333333333333333)	(12.0, 0.3333333333333333)	(13.0, 0.0)	(14.0, 0.0)	(15.0, 0.0)	(16.0, 0.3333333333333333)	(17.0, 0.0)	(18.0, 0.0)	(19.0, 0.0)	(20.0, 0.0)	(21.0, 0.0)	(22.0, 0.3333333333333333)	(23.0, 0.0)	(24.0, 0.0)	(25.0, 0.3333333333333333)	(26.0, 1.0)	(27.0, 0.6666666666666666)	(28.0, 0.0)	(29.0, 0.0)	(30.0, 0.0)	(31.0, 0.0)	(32.0, 1.3333333333333333)	(33.0, 2.6666666666666665)	(34.0, 4.999999999999999)	(35.0, 11.333333333333336)	(36.0, 33.999999999999964)	(37.0, 288.6666666666677)	(38.0, 368.66666666666316)	(39.0, 97.66666666666636)	(40.0, 37.66666666666666)	(41.0, 42.33333333333336)	(42.0, 49.33333333333341)	(43.0, 78.66666666666663)	(44.0, 282.0000000000014)	(45.0, 876.333333333363)	(46.0, 690.6666666666753)	(47.0, 636.0000000000024)	(48.0, 1541.6666666665953)	(49.0, 2299.999999999928)	(50.0, 10101.000000000491)	(51.0, 18364.000000004715)	(52.0, 16734.333333343977)	(53.0, 10198.333333334002)	(54.0, 4445.6666666670935)	(55.0, 2124.3333333331816)	(56.0, 5139.666666666462)	(57.0, 6031.333333332318)	(58.0, 6160.666666665534)	(59.0, 6274.333333332097)	(60.0, 1741.6666666665499)	(61.0, 505.33333333332206)	(62.0, 364.3333333333301)	(63.0, 558.6666666666603)	(64.0, 402.99999999999454)	(65.0, 128.9999999999993)	(66.0, 51.000000000000085)	(67.0, 33.999999999999964)	(68.0, 23.333333333333318)	(69.0, 13.666666666666673)	(70.0, 8.33333333333333)	(71.0, 6.666666666666664)	(72.0, 4.999999999999999)	(73.0, 6.999999999999997)	(74.0, 4.333333333333333)	(75.0, 4.333333333333333)	(76.0, 3.0)	(77.0, 2.333333333333333)	(78.0, 1.3333333333333333)	(79.0, 1.6666666666666665)	(80.0, 1.9999999999999998)	(81.0, 0.3333333333333333)	(82.0, 0.0)	(83.0, 0.0)	(84.0, 0.0)	(85.0, 0.0)	(86.0, 0.3333333333333333)	(87.0, 1.0)	(88.0, 0.0)	(89.0, 0.6666666666666666)	(90.0, 0.6666666666666666)	(91.0, 0.0)	(92.0, 0.0)	(93.0, 0.6666666666666666)	(94.0, 0.6666666666666666)	(95.0, 0.3333333333333333)	(96.0, 0.6666666666666666)	(97.0, 0.6666666666666666)	(98.0, 0.6666666666666666)	(99.0, 0.6666666666666666)	(100.0, 0.5)
SRR5816777_1	(0.0, 0.0)	(1.0, 0.0)	(2.0, 0.0)	(3.0, 0.0)	(4.0, 0.0)	(5.0, 0.0)	(6.0, 0.0)	(7.0, 0.0)	(8.0, 0.0)	(9.0, 0.0)	(10.0, 0.0)	(11.0, 0.0)	(12.0, 0.0)	(13.0, 0.0)	(14.0, 0.0)	(15.0, 0.0)	(16.0, 0.0)	(17.0, 0.0)	(18.0, 0.0)	(19.0, 0.0)	(20.0, 0.0)	(21.0, 0.0)	(22.0, 0.0)	(23.0, 0.0)	(24.0, 0.3333333333333333)	(25.0, 0.0)	(26.0, 0.0)	(27.0, 0.0)	(28.0, 0.0)	(29.0, 0.0)	(30.0, 0.0)	(31.0, 0.0)	(32.0, 0.3333333333333333)	(33.0, 0.0)	(34.0, 0.0)	(35.0, 0.3333333333333333)	(36.0, 0.6666666666666666)	(37.0, 0.3333333333333333)	(38.0, 1.0)	(39.0, 1.0)	(40.0, 1.3333333333333333)	(41.0, 1.6666666666666665)	(42.0, 3.0)	(43.0, 2.333333333333333)	(44.0, 2.333333333333333)	(45.0, 6.666666666666664)	(46.0, 15.333333333333343)	(47.0, 20.66666666666666)	(48.0, 53.333333333333435)	(49.0, 251.3333333333361)	(50.0, 3079.0000000002824)	(51.0, 6906.333333331522)	(52.0, 6386.999999998661)	(53.0, 9809.666666666628)	(54.0, 14277.000000008087)	(55.0, 9043.3333333319)	(56.0, 9126.333333332052)	(57.0, 9862.000000000056)	(58.0, 4490.33333333372)	(59.0, 8488.333333330891)	(60.0, 5210.999999999731)	(61.0, 578.9999999999959)	(62.0, 225.6666666666687)	(63.0, 145.99999999999977)	(64.0, 76.66666666666666)	(65.0, 61.66666666666683)	(66.0, 25.666666666666643)	(67.0, 5.666666666666665)	(68.0, 4.999999999999999)	(69.0, 2.6666666666666665)	(70.0, 1.6666666666666665)	(71.0, 1.9999999999999998)	(72.0, 2.333333333333333)	(73.0, 0.3333333333333333)	(74.0, 0.0)	(75.0, 0.0)	(76.0, 0.0)	(77.0, 0.0)	(78.0, 0.0)	(79.0, 0.0)	(80.0, 0.0)	(81.0, 0.0)	(82.0, 0.0)	(83.0, 0.0)	(84.0, 0.0)	(85.0, 0.0)	(86.0, 0.0)	(87.0, 0.0)	(88.0, 0.0)	(89.0, 0.0)	(90.0, 0.0)	(91.0, 0.0)	(92.0, 0.0)	(93.0, 0.0)	(94.0, 0.0)	(95.0, 0.0)	(96.0, 0.0)	(97.0, 0.0)	(98.0, 0.0)	(99.0, 0.0)	(100.0, 0.0)
SRR5816777_2	(0.0, 0.0)	(1.0, 0.0)	(2.0, 0.0)	(3.0, 0.0)	(4.0, 0.0)	(5.0, 0.0)	(6.0, 0.0)	(7.0, 0.0)	(8.0, 0.6666666666666666)	(9.0, 0.3333333333333333)	(10.0, 0.3333333333333333)	(11.0, 0.3333333333333333)	(12.0, 0.3333333333333333)	(13.0, 0.3333333333333333)	(14.0, 0.3333333333333333)	(15.0, 0.0)	(16.0, 0.3333333333333333)	(17.0, 0.0)	(18.0, 0.0)	(19.0, 0.0)	(20.0, 0.0)	(21.0, 0.0)	(22.0, 0.0)	(23.0, 0.0)	(24.0, 0.3333333333333333)	(25.0, 0.0)	(26.0, 0.0)	(27.0, 0.0)	(28.0, 0.3333333333333333)	(29.0, 0.3333333333333333)	(30.0, 0.0)	(31.0, 1.6666666666666665)	(32.0, 1.3333333333333333)	(33.0, 1.3333333333333333)	(34.0, 1.3333333333333333)	(35.0, 4.0)	(36.0, 4.333333333333333)	(37.0, 5.666666666666665)	(38.0, 7.9999999999999964)	(39.0, 10.0)	(40.0, 14.000000000000007)	(41.0, 16.666666666666675)	(42.0, 22.666666666666654)	(43.0, 32.333333333333286)	(44.0, 46.333333333333385)	(45.0, 77.33333333333331)	(46.0, 112.99999999999947)	(47.0, 273.00000000000193)	(48.0, 1201.3333333333394)	(49.0, 8023.666666663839)	(50.0, 13868.000000007343)	(51.0, 12944.333333338996)	(52.0, 10829.33333333515)	(53.0, 10715.000000001608)	(54.0, 8513.66666666427)	(55.0, 2945.333333333555)	(56.0, 1982.666666666495)	(57.0, 2383.9999999999663)	(58.0, 5752.333333332572)	(59.0, 6373.66666666534)	(60.0, 1414.6666666666242)	(61.0, 368.9999999999965)	(62.0, 174.00000000000057)	(63.0, 144.33333333333306)	(64.0, 105.99999999999957)	(65.0, 58.33333333333347)	(66.0, 30.666666666666625)	(67.0, 14.333333333333341)	(68.0, 11.333333333333336)	(69.0, 6.333333333333331)	(70.0, 4.0)	(71.0, 4.666666666666666)	(72.0, 6.333333333333331)	(73.0, 3.666666666666667)	(74.0, 1.9999999999999998)	(75.0, 2.6666666666666665)	(76.0, 1.9999999999999998)	(77.0, 0.6666666666666666)	(78.0, 1.3333333333333333)	(79.0, 1.9999999999999998)	(80.0, 0.6666666666666666)	(81.0, 0.0)	(82.0, 0.3333333333333333)	(83.0, 0.6666666666666666)	(84.0, 0.6666666666666666)	(85.0, 0.0)	(86.0, 0.0)	(87.0, 0.0)	(88.0, 0.3333333333333333)	(89.0, 0.3333333333333333)	(90.0, 0.0)	(91.0, 0.0)	(92.0, 0.0)	(93.0, 0.0)	(94.0, 0.0)	(95.0, 0.0)	(96.0, 0.3333333333333333)	(97.0, 0.0)	(98.0, 0.0)	(99.0, 0.0)	(100.0, 0.0)
SRR5816778_1	(0.0, 0.0)	(1.0, 0.0)	(2.0, 0.0)	(3.0, 0.0)	(4.0, 0.0)	(5.0, 0.0)	(6.0, 0.0)	(7.0, 0.0)	(8.0, 0.0)	(9.0, 0.0)	(10.0, 0.0)	(11.0, 0.0)	(12.0, 0.0)	(13.0, 0.0)	(14.0, 0.0)	(15.0, 0.0)	(16.0, 0.0)	(17.0, 0.0)	(18.0, 0.0)	(19.0, 0.0)	(20.0, 0.0)	(21.0, 0.0)	(22.0, 0.0)	(23.0, 0.3333333333333333)	(24.0, 0.3333333333333333)	(25.0, 0.0)	(26.0, 0.0)	(27.0, 0.0)	(28.0, 0.0)	(29.0, 0.0)	(30.0, 0.0)	(31.0, 0.0)	(32.0, 0.0)	(33.0, 0.0)	(34.0, 0.0)	(35.0, 0.0)	(36.0, 6.333333333333331)	(37.0, 10.0)	(38.0, 2.333333333333333)	(39.0, 0.3333333333333333)	(40.0, 0.3333333333333333)	(41.0, 2.333333333333333)	(42.0, 3.0)	(43.0, 5.666666666666665)	(44.0, 8.999999999999998)	(45.0, 18.333333333333336)	(46.0, 40.00000000000001)	(47.0, 117.33333333333275)	(48.0, 462.99999999999113)	(49.0, 4840.333333333401)	(50.0, 9976.666666666932)	(51.0, 4540.333333333674)	(52.0, 10440.000000001108)	(53.0, 9558.999999999505)	(54.0, 7426.999999997715)	(55.0, 3957.6666666673486)	(56.0, 6252.333333332117)	(57.0, 12353.000000004587)	(58.0, 4563.666666666986)	(59.0, 485.3333333333232)	(60.0, 152.99999999999997)	(61.0, 62.3333333333335)	(62.0, 26.66666666666664)	(63.0, 16.333333333333343)	(64.0, 7.9999999999999964)	(65.0, 3.0)	(66.0, 1.9999999999999998)	(67.0, 1.0)	(68.0, 1.3333333333333333)	(69.0, 1.6666666666666665)	(70.0, 1.3333333333333333)	(71.0, 1.3333333333333333)	(72.0, 4.333333333333333)	(73.0, 1.9999999999999998)	(74.0, 0.0)	(75.0, 0.0)	(76.0, 0.0)	(77.0, 0.0)	(78.0, 0.0)	(79.0, 0.0)	(80.0, 0.0)	(81.0, 0.0)	(82.0, 0.0)	(83.0, 0.0)	(84.0, 0.0)	(85.0, 0.0)	(86.0, 0.0)	(87.0, 0.0)	(88.0, 0.0)	(89.0, 0.0)	(90.0, 0.0)	(91.0, 0.0)	(92.0, 0.0)	(93.0, 0.0)	(94.0, 0.0)	(95.0, 0.0)	(96.0, 0.0)	(97.0, 0.0)	(98.0, 0.0)	(99.0, 0.0)	(100.0, 0.0)
SRR5816778_2	(0.0, 0.0)	(1.0, 0.0)	(2.0, 0.0)	(3.0, 0.0)	(4.0, 0.0)	(5.0, 0.0)	(6.0, 0.0)	(7.0, 0.0)	(8.0, 0.0)	(9.0, 0.0)	(10.0, 0.0)	(11.0, 0.0)	(12.0, 0.0)	(13.0, 0.0)	(14.0, 0.0)	(15.0, 0.0)	(16.0, 0.0)	(17.0, 0.0)	(18.0, 0.0)	(19.0, 0.0)	(20.0, 0.0)	(21.0, 0.0)	(22.0, 0.0)	(23.0, 0.0)	(24.0, 0.0)	(25.0, 0.0)	(26.0, 0.3333333333333333)	(27.0, 0.3333333333333333)	(28.0, 0.6666666666666666)	(29.0, 0.6666666666666666)	(30.0, 0.0)	(31.0, 1.3333333333333333)	(32.0, 2.333333333333333)	(33.0, 1.3333333333333333)	(34.0, 0.6666666666666666)	(35.0, 4.666666666666666)	(36.0, 6.666666666666664)	(37.0, 12.666666666666671)	(38.0, 13.33333333333334)	(39.0, 11.333333333333336)	(40.0, 16.666666666666675)	(41.0, 22.999999999999986)	(42.0, 28.999999999999964)	(43.0, 37.66666666666666)	(44.0, 74.00000000000003)	(45.0, 182.66666666666748)	(46.0, 166.00000000000034)	(47.0, 221.0000000000019)	(48.0, 1333.999999999976)	(49.0, 8106.999999997097)	(50.0, 14025.333333340963)	(51.0, 16557.00000001129)	(52.0, 12367.66666667128)	(53.0, 10344.000000000933)	(54.0, 9495.666666666057)	(55.0, 1813.3333333332002)	(56.0, 445.6666666666588)	(57.0, 227.33333333333542)	(58.0, 105.99999999999957)	(59.0, 65.66666666666681)	(60.0, 38.666666666666664)	(61.0, 25.666666666666643)	(62.0, 17.33333333333334)	(63.0, 10.333333333333334)	(64.0, 7.33333333333333)	(65.0, 7.33333333333333)	(66.0, 4.999999999999999)	(67.0, 5.666666666666665)	(68.0, 3.3333333333333335)	(69.0, 1.9999999999999998)	(70.0, 4.0)	(71.0, 4.333333333333333)	(72.0, 3.0)	(73.0, 3.3333333333333335)	(74.0, 0.6666666666666666)	(75.0, 0.3333333333333333)	(76.0, 0.3333333333333333)	(77.0, 0.0)	(78.0, 0.0)	(79.0, 1.3333333333333333)	(80.0, 1.0)	(81.0, 0.0)	(82.0, 0.0)	(83.0, 0.3333333333333333)	(84.0, 0.0)	(85.0, 0.0)	(86.0, 0.3333333333333333)	(87.0, 0.3333333333333333)	(88.0, 0.3333333333333333)	(89.0, 0.6666666666666666)	(90.0, 0.3333333333333333)	(91.0, 0.0)	(92.0, 0.3333333333333333)	(93.0, 0.0)	(94.0, 0.0)	(95.0, 0.3333333333333333)	(96.0, 0.3333333333333333)	(97.0, 0.0)	(98.0, 0.0)	(99.0, 0.0)	(100.0, 0.5)
