Sample	0	1	2	3	4	5	6	7	8	9	10	11	12	13	14	15	16	17	18	19	20	21	22	23	24	25	26	27	28	29	30	31	32	33	34	35	36	37	38	39	40	41	42	43	44	45	46	47	48	49	50	51	52	53	54	55	56	57	58	59	60	61	62	63	64	65	66	67	68	69	70	71	72	73	74	75	76	77	78	79	80	81	82	83	84	85	86	87	88	89	90	91	92	93	94	95	96	97	98	99	100
SRR5816731_1	(0.0, 0.0)	(1.0, 0.0)	(2.0, 0.0)	(3.0, 0.0)	(4.0, 0.0)	(5.0, 0.0)	(6.0, 0.0)	(7.0, 0.0)	(8.0, 0.0)	(9.0, 0.0)	(10.0, 0.0)	(11.0, 0.0)	(12.0, 0.0)	(13.0, 0.0)	(14.0, 0.0)	(15.0, 0.0)	(16.0, 0.0)	(17.0, 0.0)	(18.0, 0.0)	(19.0, 0.0)	(20.0, 0.0)	(21.0, 0.0)	(22.0, 0.0)	(23.0, 0.0)	(24.0, 0.0)	(25.0, 0.0)	(26.0, 0.0)	(27.0, 0.0004069043530627612)	(28.0, 0.0)	(29.0, 0.002034521765313806)	(30.0, 0.002848330471439328)	(31.0, 0.0032552348245020895)	(32.0, 0.003662139177564851)	(33.0, 0.008544991414317983)	(34.0, 0.014241652357196646)	(35.0, 0.03133163518583258)	(36.0, 0.6543021997249091)	(37.0, 1.617037899071386)	(38.0, 0.5269411372162671)	(39.0, 0.07080135743292061)	(40.0, 0.03499377436339742)	(41.0, 0.03540067871646018)	(42.0, 0.03255234824502086)	(43.0, 0.03295925259808362)	(44.0, 0.043945670130778186)	(45.0, 0.05371137460428452)	(46.0, 0.060628748606351514)	(47.0, 0.08544991414317996)	(48.0, 0.24902546407441162)	(49.0, 0.81096037565409)	(50.0, 6.204477575500797)	(51.0, 11.989436762994238)	(52.0, 6.1914566362028)	(53.0, 5.461877131161933)	(54.0, 9.670895759239306)	(55.0, 15.835903612503516)	(56.0, 12.112321877619415)	(57.0, 4.363235377892608)	(58.0, 3.009057690899123)	(59.0, 11.222015153116475)	(60.0, 7.316140268067249)	(61.0, 0.8829824461462068)	(62.0, 0.3177922997420197)	(63.0, 0.19409337641093727)	(64.0, 0.14323033227809123)	(65.0, 0.09318109685137231)	(66.0, 0.06713921825535574)	(67.0, 0.04109733965933884)	(68.0, 0.0382490091878995)	(69.0, 0.048014713661405826)	(70.0, 0.07283587919823444)	(71.0, 0.08626372284930547)	(72.0, 0.0976570447350626)	(73.0, 0.08667062720236823)	(74.0, 0.04231805271852713)	(75.0, 0.02075212200620083)	(76.0, 0.00813808706125522)	(77.0, 0.0044759478836903736)	(78.0, 0.0004069043530627612)	(79.0, 0.0004069043530627612)	(80.0, 0.0008138087061255224)	(81.0, 0.0008138087061255224)	(82.0, 0.0004069043530627612)	(83.0, 0.0004069043530627612)	(84.0, 0.0)	(85.0, 0.0)	(86.0, 0.0)	(87.0, 0.0)	(88.0, 0.0)	(89.0, 0.0)	(90.0, 0.0)	(91.0, 0.0)	(92.0, 0.0)	(93.0, 0.0)	(94.0, 0.0)	(95.0, 0.0)	(96.0, 0.0)	(97.0, 0.0)	(98.0, 0.0)	(99.0, 0.0)	(100.0, 0.0)
SRR5816731_2	(0.0, 0.0)	(1.0, 0.0)	(2.0, 0.0)	(3.0, 0.0)	(4.0, 0.0)	(5.0, 0.0)	(6.0, 0.0)	(7.0, 0.0)	(8.0, 0.0)	(9.0, 0.0)	(10.0, 0.0)	(11.0, 0.0)	(12.0, 0.0)	(13.0, 0.0)	(14.0, 0.0)	(15.0, 0.0)	(16.0, 0.0)	(17.0, 0.0)	(18.0, 0.0)	(19.0, 0.0)	(20.0, 0.0008123311874252571)	(21.0, 0.00040616559371262854)	(22.0, 0.0)	(23.0, 0.0)	(24.0, 0.0008123311874252571)	(25.0, 0.0020308279685631427)	(26.0, 0.0016246623748505142)	(27.0, 0.0)	(28.0, 0.0020308279685631427)	(29.0, 0.0032493247497010283)	(30.0, 0.004467821530838914)	(31.0, 0.006092483905689426)	(32.0, 0.004873987124551542)	(33.0, 0.010966471030240968)	(34.0, 0.01949594849820618)	(35.0, 0.03899189699641228)	(36.0, 0.1409394610182814)	(37.0, 1.0588737028088577)	(38.0, 1.3334416441585963)	(39.0, 0.31396600393986523)	(40.0, 0.0873256026482152)	(41.0, 0.06742348855629647)	(42.0, 0.07960845636767537)	(43.0, 0.09301192096019192)	(44.0, 0.3257448061575308)	(45.0, 1.0292236144678324)	(46.0, 0.8955951341363625)	(47.0, 1.3578115797813486)	(48.0, 2.1835462317989345)	(49.0, 3.486525456429427)	(50.0, 4.904449544080858)	(51.0, 7.358502061290445)	(52.0, 10.23577912714878)	(53.0, 11.57247009605947)	(54.0, 9.472593976562754)	(55.0, 4.169289819460666)	(56.0, 7.739891553786256)	(57.0, 9.456753518407975)	(58.0, 9.228488454741687)	(59.0, 9.352775126417637)	(60.0, 2.439836721431545)	(61.0, 0.5905647732581496)	(62.0, 0.2948762210353713)	(63.0, 0.23110822282248686)	(64.0, 0.16124774070391276)	(65.0, 0.0926057553664793)	(66.0, 0.05198919599521648)	(67.0, 0.025182266810182964)	(68.0, 0.017465120529643035)	(69.0, 0.00731098068682731)	(70.0, 0.008123311874252567)	(71.0, 0.00974797424910308)	(72.0, 0.005686318311976799)	(73.0, 0.0032493247497010283)	(74.0, 0.0036554903434136564)	(75.0, 0.004061655937126285)	(76.0, 0.0032493247497010283)	(77.0, 0.0012184967811378854)	(78.0, 0.0012184967811378854)	(79.0, 0.0028431591559883993)	(80.0, 0.0012184967811378854)	(81.0, 0.00040616559371262854)	(82.0, 0.0008123311874252571)	(83.0, 0.00040616559371262854)	(84.0, 0.0)	(85.0, 0.00040616559371262854)	(86.0, 0.00040616559371262854)	(87.0, 0.0)	(88.0, 0.0)	(89.0, 0.00040616559371262854)	(90.0, 0.0)	(91.0, 0.0)	(92.0, 0.0)	(93.0, 0.0)	(94.0, 0.0)	(95.0, 0.0)	(96.0, 0.0)	(97.0, 0.00040616559371262854)	(98.0, 0.00040616559371262854)	(99.0, 0.0)	(100.0, 0.0)
SRR5816732_1	(0.0, 0.0)	(1.0, 0.0)	(2.0, 0.0)	(3.0, 0.0)	(4.0, 0.0)	(5.0, 0.0)	(6.0, 0.0)	(7.0, 0.0)	(8.0, 0.0)	(9.0, 0.0)	(10.0, 0.0)	(11.0, 0.0)	(12.0, 0.0)	(13.0, 0.0)	(14.0, 0.0)	(15.0, 0.0)	(16.0, 0.0)	(17.0, 0.0)	(18.0, 0.0)	(19.0, 0.0)	(20.0, 0.0)	(21.0, 0.00033685345190572586)	(22.0, 0.0)	(23.0, 0.00033685345190572586)	(24.0, 0.0)	(25.0, 0.0)	(26.0, 0.00033685345190572586)	(27.0, 0.00033685345190572586)	(28.0, 0.0010105603557171777)	(29.0, 0.004715948326680161)	(30.0, 0.008421336297643144)	(31.0, 0.008421336297643144)	(32.0, 0.01077931046098323)	(33.0, 0.021221767470060722)	(34.0, 0.05052801778585896)	(35.0, 0.2506189682178628)	(36.0, 4.076263621511913)	(37.0, 9.630303336532243)	(38.0, 3.089619860879593)	(39.0, 0.4847321172923296)	(40.0, 0.26678793390933736)	(41.0, 0.25331379583310865)	(42.0, 0.29070452899464255)	(43.0, 0.3031681067151537)	(44.0, 0.32203190002187326)	(45.0, 0.33786401226144147)	(46.0, 0.3803075472015605)	(47.0, 0.4998905226280864)	(48.0, 1.1025213480874723)	(49.0, 1.8119347178007696)	(50.0, 2.4563353712965403)	(51.0, 4.309366210230549)	(52.0, 6.158354807739396)	(53.0, 7.632088659825607)	(54.0, 5.245818806527615)	(55.0, 5.739309113569055)	(56.0, 19.339093527361552)	(57.0, 14.37488420663302)	(58.0, 3.0731140417362046)	(59.0, 1.4093948427735188)	(60.0, 1.1911138059386581)	(61.0, 1.0085392350057871)	(62.0, 0.7569097064321814)	(63.0, 0.4483519444865133)	(64.0, 0.4271301770164537)	(65.0, 0.2731881494955458)	(66.0, 0.1135196132922291)	(67.0, 0.13743620837753562)	(68.0, 0.18661681235577302)	(69.0, 0.2741987098512629)	(70.0, 0.3968133663449402)	(71.0, 0.49786940191665213)	(72.0, 0.5147120745119375)	(73.0, 0.40119246121971436)	(74.0, 0.2506189682178628)	(75.0, 0.10375086318696318)	(76.0, 0.03604331935391264)	(77.0, 0.0154952587876634)	(78.0, 0.007410775941925966)	(79.0, 0.006737069038114514)	(80.0, 0.007410775941925966)	(81.0, 0.0006737069038114517)	(82.0, 0.0)	(83.0, 0.0)	(84.0, 0.0)	(85.0, 0.0)	(86.0, 0.0)	(87.0, 0.0)	(88.0, 0.0)	(89.0, 0.0)	(90.0, 0.0)	(91.0, 0.0)	(92.0, 0.0)	(93.0, 0.0)	(94.0, 0.0)	(95.0, 0.0)	(96.0, 0.0)	(97.0, 0.0)	(98.0, 0.0)	(99.0, 0.0)	(100.0, 0.0)
SRR5816732_2	(0.0, 0.0)	(1.0, 0.0)	(2.0, 0.0)	(3.0, 0.0)	(4.0, 0.0)	(5.0, 0.0)	(6.0, 0.0)	(7.0, 0.0)	(8.0, 0.0)	(9.0, 0.0)	(10.0, 0.0)	(11.0, 0.0)	(12.0, 0.0)	(13.0, 0.0)	(14.0, 0.0)	(15.0, 0.0)	(16.0, 0.00033722092860524505)	(17.0, 0.0006744418572104901)	(18.0, 0.00033722092860524505)	(19.0, 0.00033722092860524505)	(20.0, 0.00033722092860524505)	(21.0, 0.0026977674288419604)	(22.0, 0.003709430214657696)	(23.0, 0.0020233255716314703)	(24.0, 0.00539553485768392)	(25.0, 0.009104965072341615)	(26.0, 0.00876774414373637)	(27.0, 0.007418860429315389)	(28.0, 0.015512162715841283)	(29.0, 0.015174941787236038)	(30.0, 0.019558813859104213)	(31.0, 0.02394268593097238)	(32.0, 0.0424898370042609)	(33.0, 0.07081639500710155)	(34.0, 0.1365744760851237)	(35.0, 0.27314895217025065)	(36.0, 1.0433615531046734)	(37.0, 6.121908737898574)	(38.0, 7.64850788169313)	(39.0, 2.015232269344769)	(40.0, 0.6751162990677066)	(41.0, 0.5439373578402514)	(42.0, 0.5149363579801977)	(43.0, 0.7378393917882894)	(44.0, 2.1561906175017866)	(45.0, 4.82563148834119)	(46.0, 3.602193959361735)	(47.0, 2.253647465868747)	(48.0, 2.7534088820619473)	(49.0, 2.926403218436517)	(50.0, 3.8193642373836116)	(51.0, 4.077675468695348)	(52.0, 3.625799424364113)	(53.0, 3.9033322486063557)	(54.0, 4.526179303740005)	(55.0, 8.073069030806748)	(56.0, 16.95007275542473)	(57.0, 9.83842059205783)	(58.0, 2.655952033694987)	(59.0, 1.158353889759036)	(60.0, 0.6768024037107331)	(61.0, 0.580357218129622)	(62.0, 0.48694702090596387)	(63.0, 0.37465245168042366)	(64.0, 0.27348617309885587)	(65.0, 0.19289037116220126)	(66.0, 0.12038787151207188)	(67.0, 0.06643252293523343)	(68.0, 0.03878040678960318)	(69.0, 0.0202332557163147)	(70.0, 0.009104965072341615)	(71.0, 0.008430523215131124)	(72.0, 0.013488837144209807)	(73.0, 0.01112829064397309)	(74.0, 0.01112829064397309)	(75.0, 0.009104965072341615)	(76.0, 0.005058313929078675)	(77.0, 0.0033722092860524505)	(78.0, 0.0020233255716314703)	(79.0, 0.0030349883574472057)	(80.0, 0.0010116627858157352)	(81.0, 0.00033722092860524505)	(82.0, 0.0010116627858157352)	(83.0, 0.0013488837144209802)	(84.0, 0.0010116627858157352)	(85.0, 0.00033722092860524505)	(86.0, 0.0006744418572104901)	(87.0, 0.00033722092860524505)	(88.0, 0.0)	(89.0, 0.0006744418572104901)	(90.0, 0.0006744418572104901)	(91.0, 0.0)	(92.0, 0.0)	(93.0, 0.0)	(94.0, 0.0)	(95.0, 0.0)	(96.0, 0.0)	(97.0, 0.0)	(98.0, 0.0)	(99.0, 0.00033722092860524505)	(100.0, 0.0005058313929078676)
SRR5816733_1	(0.0, 0.0)	(1.0, 0.0)	(2.0, 0.0)	(3.0, 0.0)	(4.0, 0.0)	(5.0, 0.0)	(6.0, 0.0)	(7.0, 0.0)	(8.0, 0.0)	(9.0, 0.0)	(10.0, 0.0)	(11.0, 0.0)	(12.0, 0.0)	(13.0, 0.0)	(14.0, 0.0)	(15.0, 0.0)	(16.0, 0.0)	(17.0, 0.0)	(18.0, 0.0)	(19.0, 0.0)	(20.0, 0.0)	(21.0, 0.0)	(22.0, 0.0)	(23.0, 0.0)	(24.0, 0.0)	(25.0, 0.0)	(26.0, 0.0)	(27.0, 0.0)	(28.0, 0.0)	(29.0, 0.0)	(30.0, 0.0)	(31.0, 0.0)	(32.0, 0.0)	(33.0, 0.00024450355997178723)	(34.0, 0.0004890071199435745)	(35.0, 0.00024450355997178723)	(36.0, 0.00024450355997178723)	(37.0, 0.0004890071199435745)	(38.0, 0.00024450355997178723)	(39.0, 0.0007335106799153616)	(40.0, 0.0014670213598307232)	(41.0, 0.0017115249198025105)	(42.0, 0.0014670213598307232)	(43.0, 0.001222517799858936)	(44.0, 0.004156560519520382)	(45.0, 0.021271809717545463)	(46.0, 0.033252484156163095)	(47.0, 0.06870550035207203)	(48.0, 0.2547727094906006)	(49.0, 1.8861004616224044)	(50.0, 5.286900477268426)	(51.0, 11.18114779751705)	(52.0, 15.253843595956859)	(53.0, 13.556010875518945)	(54.0, 14.579258273997153)	(55.0, 11.48677724748234)	(56.0, 9.650311008530906)	(57.0, 8.336348877240132)	(58.0, 4.401308583051418)	(59.0, 1.1919548548623964)	(60.0, 0.7770323135903678)	(61.0, 0.4775154526249034)	(62.0, 0.374090446756826)	(63.0, 0.42054612315147055)	(64.0, 0.21051756513570963)	(65.0, 0.25672873797037477)	(66.0, 0.2383909709724918)	(67.0, 0.034475001956022044)	(68.0, 0.005868085439322891)	(69.0, 0.0024450355997178725)	(70.0, 0.001222517799858936)	(71.0, 0.00024450355997178723)	(72.0, 0.0)	(73.0, 0.00024450355997178723)	(74.0, 0.0)	(75.0, 0.0)	(76.0, 0.0)	(77.0, 0.0)	(78.0, 0.0)	(79.0, 0.0)	(80.0, 0.0)	(81.0, 0.0)	(82.0, 0.0)	(83.0, 0.0)	(84.0, 0.0)	(85.0, 0.0)	(86.0, 0.0)	(87.0, 0.0)	(88.0, 0.0)	(89.0, 0.0)	(90.0, 0.0)	(91.0, 0.0)	(92.0, 0.0)	(93.0, 0.0)	(94.0, 0.0)	(95.0, 0.0)	(96.0, 0.0)	(97.0, 0.0)	(98.0, 0.0)	(99.0, 0.0)	(100.0, 0.0)
SRR5816733_2	(0.0, 0.0)	(1.0, 0.0)	(2.0, 0.0)	(3.0, 0.0)	(4.0, 0.0)	(5.0, 0.0)	(6.0, 0.0)	(7.0, 0.0)	(8.0, 0.0)	(9.0, 0.0)	(10.0, 0.0)	(11.0, 0.0)	(12.0, 0.0)	(13.0, 0.0)	(14.0, 0.0)	(15.0, 0.0)	(16.0, 0.0)	(17.0, 0.0)	(18.0, 0.0)	(19.0, 0.00024400926747204042)	(20.0, 0.0)	(21.0, 0.0)	(22.0, 0.00024400926747204042)	(23.0, 0.00048801853494408084)	(24.0, 0.0007320278024161213)	(25.0, 0.00048801853494408084)	(26.0, 0.0009760370698881617)	(27.0, 0.001220046337360202)	(28.0, 0.0009760370698881617)	(29.0, 0.0009760370698881617)	(30.0, 0.0009760370698881617)	(31.0, 0.0007320278024161213)	(32.0, 0.0014640556048322424)	(33.0, 0.002928111209664485)	(34.0, 0.002684101942192445)	(35.0, 0.0043921668144967264)	(36.0, 0.006100231686801009)	(37.0, 0.00658825022174509)	(38.0, 0.009760370698881622)	(39.0, 0.011956454106129989)	(40.0, 0.016592630188098742)	(41.0, 0.026353000886980348)	(42.0, 0.03684539938827817)	(43.0, 0.048313834959464105)	(44.0, 0.0522179832390167)	(45.0, 0.10028780893100826)	(46.0, 0.2025276920017948)	(47.0, 0.6568729480347564)	(48.0, 1.6573109446700338)	(49.0, 4.020052681601482)	(50.0, 7.4910845113921765)	(51.0, 10.117356257198526)	(52.0, 14.205731533687926)	(53.0, 18.96025211036334)	(54.0, 19.622493262280045)	(55.0, 10.461409324334728)	(56.0, 5.978471062330297)	(57.0, 2.873453133751237)	(58.0, 0.9836013571797758)	(59.0, 0.3577175861140037)	(60.0, 0.1995995807921305)	(61.0, 0.16397422774121262)	(62.0, 0.25010949915884)	(63.0, 0.3345367057041612)	(64.0, 0.24669336941423162)	(65.0, 0.11980855032877205)	(66.0, 0.08686729922004595)	(67.0, 0.22570857241163733)	(68.0, 0.26792217568429794)	(69.0, 0.10541200354792127)	(70.0, 0.03294125110872549)	(71.0, 0.012688481908546106)	(72.0, 0.007808296559105294)	(73.0, 0.0046361760819687665)	(74.0, 0.002440092674720404)	(75.0, 0.0017080648723042829)	(76.0, 0.0019520741397763234)	(77.0, 0.0019520741397763234)	(78.0, 0.001220046337360202)	(79.0, 0.0014640556048322424)	(80.0, 0.001220046337360202)	(81.0, 0.0007320278024161213)	(82.0, 0.0014640556048322424)	(83.0, 0.00048801853494408084)	(84.0, 0.00024400926747204042)	(85.0, 0.0007320278024161213)	(86.0, 0.00048801853494408084)	(87.0, 0.00048801853494408084)	(88.0, 0.0)	(89.0, 0.0)	(90.0, 0.0)	(91.0, 0.0)	(92.0, 0.0)	(93.0, 0.0)	(94.0, 0.0)	(95.0, 0.00024400926747204042)	(96.0, 0.00024400926747204042)	(97.0, 0.00024400926747204042)	(98.0, 0.00048801853494408084)	(99.0, 0.00024400926747204042)	(100.0, 0.00036601390120806065)
SRR5816734_1	(0.0, 0.0)	(1.0, 0.0)	(2.0, 0.0)	(3.0, 0.0)	(4.0, 0.0)	(5.0, 0.0)	(6.0, 0.0)	(7.0, 0.0)	(8.0, 0.0)	(9.0, 0.0)	(10.0, 0.0)	(11.0, 0.0)	(12.0, 0.0)	(13.0, 0.0)	(14.0, 0.0)	(15.0, 0.0)	(16.0, 0.0)	(17.0, 0.0)	(18.0, 0.0)	(19.0, 0.0)	(20.0, 0.0)	(21.0, 0.0)	(22.0, 0.0)	(23.0, 0.0)	(24.0, 0.0)	(25.0, 0.0)	(26.0, 0.0)	(27.0, 0.0)	(28.0, 0.00019461424537356656)	(29.0, 0.0003892284907471331)	(30.0, 0.0003892284907471331)	(31.0, 0.001167685472241399)	(32.0, 0.0005838427361206997)	(33.0, 0.0019461424537356657)	(34.0, 0.007589955569569098)	(35.0, 0.0251052376531901)	(36.0, 0.37035090894589845)	(37.0, 0.8370358693516824)	(38.0, 0.24638163464293142)	(39.0, 0.04223129124606397)	(40.0, 0.02568908038931081)	(41.0, 0.023937552180948694)	(42.0, 0.028219065579167188)	(43.0, 0.03230596473201212)	(44.0, 0.03853362058396626)	(45.0, 0.05585428842221344)	(46.0, 0.06402808672790311)	(47.0, 0.15043681167376857)	(48.0, 0.6856259864510821)	(49.0, 3.0171046460262683)	(50.0, 8.097314907262271)	(51.0, 16.401310143084785)	(52.0, 23.913809243020065)	(53.0, 12.28210502552286)	(54.0, 13.59672425301652)	(55.0, 11.248119539856862)	(56.0, 3.6449302016008227)	(57.0, 1.6748501956850226)	(58.0, 1.0635668509664624)	(59.0, 0.7877984652721813)	(60.0, 0.5118354653324975)	(61.0, 0.30009516636603295)	(62.0, 0.34057492940373935)	(63.0, 0.23820783633724207)	(64.0, 0.05838427361206977)	(65.0, 0.04184206275531684)	(66.0, 0.020434495764224472)	(67.0, 0.010898397740919727)	(68.0, 0.013428382930776082)	(69.0, 0.011482240477040426)	(70.0, 0.013817611421523216)	(71.0, 0.015374525384511742)	(72.0, 0.020239881518850904)	(73.0, 0.019072196046609497)	(74.0, 0.009730712268678332)	(75.0, 0.004865356134339162)	(76.0, 0.0023353709444827986)	(77.0, 0.0005838427361206997)	(78.0, 0.00019461424537356656)	(79.0, 0.0005838427361206997)	(80.0, 0.0003892284907471331)	(81.0, 0.0)	(82.0, 0.0)	(83.0, 0.0)	(84.0, 0.0)	(85.0, 0.0)	(86.0, 0.0)	(87.0, 0.0)	(88.0, 0.0)	(89.0, 0.0)	(90.0, 0.0)	(91.0, 0.0)	(92.0, 0.0)	(93.0, 0.0)	(94.0, 0.0)	(95.0, 0.0)	(96.0, 0.0)	(97.0, 0.0)	(98.0, 0.0)	(99.0, 0.0)	(100.0, 0.0)
SRR5816734_2	(0.0, 0.0)	(1.0, 0.0)	(2.0, 0.0)	(3.0, 0.0)	(4.0, 0.0)	(5.0, 0.0)	(6.0, 0.0)	(7.0, 0.0)	(8.0, 0.0)	(9.0, 0.0)	(10.0, 0.0)	(11.0, 0.0)	(12.0, 0.0)	(13.0, 0.0)	(14.0, 0.0)	(15.0, 0.0003897465478200351)	(16.0, 0.00019487327391001755)	(17.0, 0.00019487327391001755)	(18.0, 0.0003897465478200351)	(19.0, 0.0005846198217300526)	(20.0, 0.00019487327391001755)	(21.0, 0.0)	(22.0, 0.00019487327391001755)	(23.0, 0.0003897465478200351)	(24.0, 0.0003897465478200351)	(25.0, 0.0009743663695500875)	(26.0, 0.0009743663695500875)	(27.0, 0.002533352560830228)	(28.0, 0.0023384792869202103)	(29.0, 0.0019487327391001755)	(30.0, 0.004287212026020384)	(31.0, 0.004287212026020384)	(32.0, 0.007405184408580669)	(33.0, 0.008964170599860813)	(34.0, 0.015784735186711404)	(35.0, 0.030010484182142756)	(36.0, 0.10211359552884952)	(37.0, 0.5815018493475176)	(38.0, 0.6629588778418922)	(39.0, 0.15804222514102545)	(40.0, 0.06723127949895573)	(41.0, 0.07697494319445657)	(42.0, 0.09977511624192927)	(43.0, 0.1440113494195045)	(44.0, 0.5770197640475867)	(45.0, 5.499128916466334)	(46.0, 14.484150956625086)	(47.0, 12.353211706426794)	(48.0, 4.231868016228706)	(49.0, 4.475849355163826)	(50.0, 8.941175553545234)	(51.0, 13.548954115134313)	(52.0, 13.088858315434434)	(53.0, 7.997014541449482)	(54.0, 5.436964342088925)	(55.0, 3.1080338455906564)	(56.0, 1.7257977137472469)	(57.0, 0.8995350323685998)	(58.0, 0.5109577241920832)	(59.0, 0.3842900961505574)	(60.0, 0.21669908058793738)	(61.0, 0.10055460933756934)	(62.0, 0.06391843384248548)	(63.0, 0.05670812270781493)	(64.0, 0.044431106451484)	(65.0, 0.042872120260203886)	(66.0, 0.03663617549508339)	(67.0, 0.051641417586154544)	(68.0, 0.06138508128165529)	(69.0, 0.036246428947263355)	(70.0, 0.018123214473631605)	(71.0, 0.007405184408580669)	(72.0, 0.004676958573840419)	(73.0, 0.004092338752110367)	(74.0, 0.002728225834740245)	(75.0, 0.0019487327391001755)	(76.0, 0.0015589861912801404)	(77.0, 0.0009743663695500875)	(78.0, 0.0009743663695500875)	(79.0, 0.0003897465478200351)	(80.0, 0.0005846198217300526)	(81.0, 0.0003897465478200351)	(82.0, 0.0005846198217300526)	(83.0, 0.0003897465478200351)	(84.0, 0.00019487327391001755)	(85.0, 0.00019487327391001755)	(86.0, 0.00019487327391001755)	(87.0, 0.0003897465478200351)	(88.0, 0.00019487327391001755)	(89.0, 0.0005846198217300526)	(90.0, 0.0003897465478200351)	(91.0, 0.00019487327391001755)	(92.0, 0.0003897465478200351)	(93.0, 0.00019487327391001755)	(94.0, 0.0003897465478200351)	(95.0, 0.0005846198217300526)	(96.0, 0.0003897465478200351)	(97.0, 0.0009743663695500875)	(98.0, 0.00019487327391001755)	(99.0, 0.00019487327391001755)	(100.0, 0.0005846198217300526)
SRR5816735_1	(0.0, 0.0)	(1.0, 0.0)	(2.0, 0.0)	(3.0, 0.0)	(4.0, 0.0)	(5.0, 0.0)	(6.0, 0.0)	(7.0, 0.0)	(8.0, 0.0)	(9.0, 0.0)	(10.0, 0.0)	(11.0, 0.0)	(12.0, 0.0)	(13.0, 0.0)	(14.0, 0.0)	(15.0, 0.0)	(16.0, 0.0)	(17.0, 0.0)	(18.0, 0.0)	(19.0, 0.0)	(20.0, 0.0)	(21.0, 0.0)	(22.0, 0.0)	(23.0, 0.0)	(24.0, 0.0)	(25.0, 0.0)	(26.0, 0.0003268550659265093)	(27.0, 0.000490282598889764)	(28.0, 0.0006537101318530186)	(29.0, 0.0009805651977795279)	(30.0, 0.0016342753296325469)	(31.0, 0.001961130395559056)	(32.0, 0.0034319781922283465)	(33.0, 0.007354238983346464)	(34.0, 0.021082151752259866)	(35.0, 0.10753531668982248)	(36.0, 1.96554293894941)	(37.0, 4.433625541759433)	(38.0, 1.238944127394449)	(39.0, 0.16653265608955561)	(40.0, 0.09854680237684323)	(41.0, 0.07435952749828084)	(42.0, 0.05491165107565332)	(43.0, 0.0504991076856455)	(44.0, 0.050172252619719)	(45.0, 0.05621907133935934)	(46.0, 0.06128532486122016)	(47.0, 0.09004857066275374)	(48.0, 0.2742314003123382)	(49.0, 0.6976721382201125)	(50.0, 2.724500402030132)	(51.0, 6.467317761957873)	(52.0, 12.94427774834256)	(53.0, 24.24790649332721)	(54.0, 21.680623377988766)	(55.0, 7.783726539979284)	(56.0, 2.657331685982296)	(57.0, 1.4298274858956173)	(58.0, 1.351709125139146)	(59.0, 4.5233472573564235)	(60.0, 3.0735816124393267)	(61.0, 0.5496067933554374)	(62.0, 0.33584358023949223)	(63.0, 0.21196551025333782)	(64.0, 0.11570669333798546)	(65.0, 0.10459362109648382)	(66.0, 0.05638249887232259)	(67.0, 0.028599818268569634)	(68.0, 0.022389572015965916)	(69.0, 0.024350702411524983)	(70.0, 0.03154151386190823)	(71.0, 0.042818013636372644)	(72.0, 0.0504991076856455)	(73.0, 0.042327731037482885)	(74.0, 0.024677557477451494)	(75.0, 0.011276499774464566)	(76.0, 0.003922260791118111)	(77.0, 0.0008171376648162732)	(78.0, 0.00016342753296325464)	(79.0, 0.0003268550659265093)	(80.0, 0.0)	(81.0, 0.0)	(82.0, 0.0)	(83.0, 0.0)	(84.0, 0.0)	(85.0, 0.0)	(86.0, 0.0)	(87.0, 0.0)	(88.0, 0.0)	(89.0, 0.0)	(90.0, 0.0)	(91.0, 0.0)	(92.0, 0.0)	(93.0, 0.0)	(94.0, 0.0)	(95.0, 0.0)	(96.0, 0.0)	(97.0, 0.0)	(98.0, 0.0)	(99.0, 0.0)	(100.0, 0.0)
SRR5816735_2	(0.0, 0.0)	(1.0, 0.0)	(2.0, 0.0)	(3.0, 0.0)	(4.0, 0.0)	(5.0, 0.0)	(6.0, 0.0)	(7.0, 0.0)	(8.0, 0.0)	(9.0, 0.0)	(10.0, 0.00016371743353286365)	(11.0, 0.00016371743353286365)	(12.0, 0.00016371743353286365)	(13.0, 0.00016371743353286365)	(14.0, 0.0)	(15.0, 0.0)	(16.0, 0.0)	(17.0, 0.000491152300598591)	(18.0, 0.000982304601197182)	(19.0, 0.001637174335328637)	(20.0, 0.001637174335328637)	(21.0, 0.0018008917688615003)	(22.0, 0.0013097394682629092)	(23.0, 0.002783196370058682)	(24.0, 0.003929218404788727)	(25.0, 0.0036017835377229993)	(26.0, 0.004256653271854454)	(27.0, 0.004420370705387319)	(28.0, 0.005402675306584502)	(29.0, 0.008349589110176052)	(30.0, 0.008677023977241776)	(31.0, 0.00982304601197182)	(32.0, 0.012442524948497628)	(33.0, 0.018663787422746457)	(34.0, 0.034544378475434276)	(35.0, 0.08546050030415513)	(36.0, 0.38915633950762685)	(37.0, 2.9812944646329314)	(38.0, 3.6219207820464443)	(39.0, 0.7280514269206163)	(40.0, 0.18598300449333113)	(41.0, 0.14096071027179619)	(42.0, 0.15602271415681876)	(43.0, 0.2966559895615483)	(44.0, 3.7458548792307096)	(45.0, 14.975069927798156)	(46.0, 8.984485317418937)	(47.0, 2.259300582753659)	(48.0, 1.327912103385112)	(49.0, 1.8798035718246464)	(50.0, 2.7131253085063447)	(51.0, 4.543977367704113)	(52.0, 6.2661210510394385)	(53.0, 14.60146674447752)	(54.0, 15.76287821795543)	(55.0, 4.303803892710966)	(56.0, 1.7617633022473982)	(57.0, 1.6132715900330232)	(58.0, 2.6951163908177462)	(59.0, 2.193649891907041)	(60.0, 0.6047721994703981)	(61.0, 0.2632576331208404)	(62.0, 0.18369096042387117)	(63.0, 0.18565556962626542)	(64.0, 0.15242093061909598)	(65.0, 0.09577469861672581)	(66.0, 0.04927894749339179)	(67.0, 0.03650898767782861)	(68.0, 0.034871813342499995)	(69.0, 0.020300961758075102)	(70.0, 0.0070398496419131415)	(71.0, 0.005075240439518774)	(72.0, 0.0036017835377229993)	(73.0, 0.0034380661041901357)	(74.0, 0.004420370705387319)	(75.0, 0.0026194789365258184)	(76.0, 0.0013097394682629092)	(77.0, 0.001473456901795773)	(78.0, 0.0011460220347300455)	(79.0, 0.0003274348670657273)	(80.0, 0.0006548697341314546)	(81.0, 0.00016371743353286365)	(82.0, 0.0003274348670657273)	(83.0, 0.000491152300598591)	(84.0, 0.0003274348670657273)	(85.0, 0.00016371743353286365)	(86.0, 0.0003274348670657273)	(87.0, 0.0008185871676643183)	(88.0, 0.0003274348670657273)	(89.0, 0.00016371743353286365)	(90.0, 0.0)	(91.0, 0.0)	(92.0, 0.0)	(93.0, 0.0)	(94.0, 0.0)	(95.0, 0.00016371743353286365)	(96.0, 0.0)	(97.0, 0.0)	(98.0, 0.0003274348670657273)	(99.0, 0.0)	(100.0, 0.0002455761502992955)
SRR5816736_1	(0.0, 0.0)	(1.0, 0.0)	(2.0, 0.0)	(3.0, 0.0)	(4.0, 0.0)	(5.0, 0.0)	(6.0, 0.0)	(7.0, 0.0)	(8.0, 0.0)	(9.0, 0.0)	(10.0, 0.0)	(11.0, 0.0)	(12.0, 0.0)	(13.0, 0.0)	(14.0, 0.0)	(15.0, 0.0)	(16.0, 0.0)	(17.0, 0.0)	(18.0, 0.0)	(19.0, 0.0)	(20.0, 0.0)	(21.0, 0.0)	(22.0, 0.0)	(23.0, 0.0)	(24.0, 0.0)	(25.0, 0.0)	(26.0, 8.957988824006383e-05)	(27.0, 8.957988824006383e-05)	(28.0, 0.00017915977648012767)	(29.0, 8.957988824006383e-05)	(30.0, 0.0006270592176804468)	(31.0, 0.0011645385471208299)	(32.0, 0.004299834635523067)	(33.0, 0.011824545247688436)	(34.0, 0.040848429037469096)	(35.0, 0.19922567144590583)	(36.0, 3.6003052882581486)	(37.0, 8.266432086782238)	(38.0, 2.469000879672325)	(39.0, 0.2958823708569386)	(40.0, 0.10946662342935648)	(41.0, 0.07650122455701486)	(42.0, 0.0707681117096511)	(43.0, 0.07255970947445228)	(44.0, 0.08429467483389998)	(45.0, 0.1157372156061606)	(46.0, 0.14735891615490299)	(47.0, 0.17683069938588733)	(48.0, 0.5690114501008439)	(49.0, 2.2700439478907812)	(50.0, 6.1640816896838295)	(51.0, 6.64924636439025)	(52.0, 4.955380257665045)	(53.0, 7.802049946147438)	(54.0, 11.784413457765734)	(55.0, 17.593131730846697)	(56.0, 16.23241322847023)	(57.0, 4.997841124690681)	(58.0, 1.972190819492653)	(59.0, 0.9659399348927473)	(60.0, 0.6639661316353548)	(61.0, 0.5638158165829178)	(62.0, 0.3645005652488119)	(63.0, 0.12747218096560828)	(64.0, 0.11313939884719888)	(65.0, 0.07238054969797215)	(66.0, 0.037175653619626374)	(67.0, 0.02302203127769637)	(68.0, 0.026605226807298873)	(69.0, 0.03412993741946413)	(70.0, 0.04147548825514956)	(71.0, 0.058047767579561836)	(72.0, 0.06512457875052709)	(73.0, 0.05294171394987806)	(74.0, 0.03215917987818275)	(75.0, 0.015586900553771144)	(76.0, 0.004747734076723385)	(77.0, 0.0020603374295214676)	(78.0, 0.0012541184353608936)	(79.0, 0.0006270592176804468)	(80.0, 0.0002687396647201915)	(81.0, 0.00017915977648012767)	(82.0, 0.0)	(83.0, 0.0)	(84.0, 0.0)	(85.0, 0.0)	(86.0, 0.0)	(87.0, 0.0)	(88.0, 0.0)	(89.0, 0.0)	(90.0, 0.0)	(91.0, 0.0)	(92.0, 0.0)	(93.0, 0.0)	(94.0, 0.0)	(95.0, 0.0)	(96.0, 0.0)	(97.0, 0.0)	(98.0, 0.0)	(99.0, 0.0)	(100.0, 0.0)
SRR5816736_2	(0.0, 0.0)	(1.0, 0.0)	(2.0, 0.0)	(3.0, 0.0)	(4.0, 0.0)	(5.0, 0.0)	(6.0, 8.944439823155704e-05)	(7.0, 8.944439823155704e-05)	(8.0, 8.944439823155704e-05)	(9.0, 0.0002683331946946712)	(10.0, 0.0001788887964631141)	(11.0, 8.944439823155704e-05)	(12.0, 0.0)	(13.0, 8.944439823155704e-05)	(14.0, 8.944439823155704e-05)	(15.0, 0.0002683331946946712)	(16.0, 0.0006261107876208993)	(17.0, 0.0006261107876208993)	(18.0, 0.0006261107876208993)	(19.0, 0.0007155551858524564)	(20.0, 0.002146665557557368)	(21.0, 0.0024149987522520395)	(22.0, 0.002951665141641383)	(23.0, 0.0033988871327991694)	(24.0, 0.0042038867168831835)	(25.0, 0.005903330283282763)	(26.0, 0.006797774265598329)	(27.0, 0.009391661814313482)	(28.0, 0.010464994593092174)	(29.0, 0.01135943857540775)	(30.0, 0.014758325708206944)	(31.0, 0.018783323628627002)	(32.0, 0.02880109623056125)	(33.0, 0.04892608583266193)	(34.0, 0.09561606170953374)	(35.0, 0.24141043082698113)	(36.0, 0.9449800673165301)	(37.0, 5.316396142087139)	(38.0, 6.287136196090697)	(39.0, 1.5096425533520463)	(40.0, 0.3446292663861859)	(41.0, 0.23756432170302377)	(42.0, 0.23917432087119198)	(43.0, 0.3508009298641619)	(44.0, 1.2687687889146824)	(45.0, 7.637657164984063)	(46.0, 9.7269888632776)	(47.0, 3.4608721007751337)	(48.0, 2.501044263350549)	(49.0, 5.500830491239938)	(50.0, 7.694633246657358)	(51.0, 7.866724268854247)	(52.0, 8.593102226890078)	(53.0, 5.645193749985147)	(54.0, 3.8853752147828753)	(55.0, 2.9213434906414)	(56.0, 6.364058378569555)	(57.0, 6.988111945028859)	(58.0, 2.157398885344393)	(59.0, 0.6925679755069613)	(60.0, 0.3759348057672237)	(61.0, 0.3003542892615752)	(62.0, 0.20455933875557544)	(63.0, 0.13434548614379574)	(64.0, 0.10572327870969911)	(65.0, 0.08175217998364318)	(66.0, 0.04856830823973568)	(67.0, 0.030411095398729254)	(68.0, 0.024060543124288795)	(69.0, 0.015205547699364733)	(70.0, 0.007871107044377011)	(71.0, 0.004829997504504082)	(72.0, 0.0033094427345676117)	(73.0, 0.0024149987522520395)	(74.0, 0.0025938875487151545)	(75.0, 0.0019677767610942545)	(76.0, 0.0012522215752417986)	(77.0, 0.0015205547699364695)	(78.0, 0.0003577775929262282)	(79.0, 0.0002683331946946712)	(80.0, 0.0005366663893893423)	(81.0, 0.0005366663893893423)	(82.0, 0.0005366663893893423)	(83.0, 0.00044722199115778517)	(84.0, 0.0001788887964631141)	(85.0, 0.0002683331946946712)	(86.0, 0.0002683331946946712)	(87.0, 0.0001788887964631141)	(88.0, 0.0003577775929262282)	(89.0, 0.00044722199115778517)	(90.0, 0.0002683331946946712)	(91.0, 0.0003577775929262282)	(92.0, 0.0001788887964631141)	(93.0, 0.0002683331946946712)	(94.0, 0.0006261107876208993)	(95.0, 8.944439823155704e-05)	(96.0, 8.944439823155704e-05)	(97.0, 0.0002683331946946712)	(98.0, 0.0002683331946946712)	(99.0, 8.944439823155704e-05)	(100.0, 0.0002683331946946712)
SRR5816737_1	(0.0, 0.0)	(1.0, 0.0)	(2.0, 0.0)	(3.0, 0.0)	(4.0, 0.0)	(5.0, 0.0)	(6.0, 0.0)	(7.0, 0.0)	(8.0, 0.0)	(9.0, 0.0)	(10.0, 0.0)	(11.0, 0.0)	(12.0, 0.0)	(13.0, 0.0)	(14.0, 0.0)	(15.0, 0.0)	(16.0, 0.0)	(17.0, 0.0006467217673612786)	(18.0, 0.0)	(19.0, 0.0)	(20.0, 0.0)	(21.0, 0.0)	(22.0, 0.0)	(23.0, 0.0)	(24.0, 0.0)	(25.0, 0.0)	(26.0, 0.0)	(27.0, 0.0)	(28.0, 0.0)	(29.0, 0.0025868870694451145)	(30.0, 0.00452705237152895)	(31.0, 0.005820495906251508)	(32.0, 0.018754931253477082)	(33.0, 0.0446238019479282)	(34.0, 0.15003945002781663)	(35.0, 0.34728958907300805)	(36.0, 4.2599562816085115)	(37.0, 9.472533726540707)	(38.0, 3.0732218385006393)	(39.0, 0.5037962567744413)	(40.0, 0.2897313517778526)	(41.0, 0.2632157593160394)	(42.0, 0.2767969164306267)	(43.0, 0.31107317010077545)	(44.0, 0.3731584597674599)	(45.0, 0.3899732257188536)	(46.0, 0.4287765317605315)	(47.0, 0.5833430341598741)	(48.0, 1.076791742656516)	(49.0, 1.9136497096221057)	(50.0, 4.1086233880459035)	(51.0, 6.997529522850049)	(52.0, 5.362616894959993)	(53.0, 3.8596355076117757)	(54.0, 4.2845317087682515)	(55.0, 5.568274416980974)	(56.0, 18.187109541732266)	(57.0, 13.742837556423346)	(58.0, 3.7309378759069105)	(59.0, 2.311383596549226)	(60.0, 1.826342271028323)	(61.0, 1.2100164267329543)	(62.0, 0.7366160930244885)	(63.0, 0.4009674957639957)	(64.0, 0.48116099491679654)	(65.0, 0.3201272748438336)	(66.0, 0.15133289356253915)	(67.0, 0.15844683300351312)	(68.0, 0.2101845743924147)	(69.0, 0.2658026463854846)	(70.0, 0.3822125645105181)	(71.0, 0.48439460375360305)	(72.0, 0.5193175791911112)	(73.0, 0.44817818478137034)	(74.0, 0.2651559246181233)	(75.0, 0.12611074463544966)	(76.0, 0.04656396725001203)	(77.0, 0.014227878881948125)	(78.0, 0.0019401653020838362)	(79.0, 0.0025868870694451145)	(80.0, 0.0032336088368063935)	(81.0, 0.0006467217673612786)	(82.0, 0.0)	(83.0, 0.0006467217673612786)	(84.0, 0.0)	(85.0, 0.0)	(86.0, 0.0)	(87.0, 0.0)	(88.0, 0.0)	(89.0, 0.0)	(90.0, 0.0)	(91.0, 0.0)	(92.0, 0.0)	(93.0, 0.0)	(94.0, 0.0)	(95.0, 0.0)	(96.0, 0.0)	(97.0, 0.0)	(98.0, 0.0)	(99.0, 0.0)	(100.0, 0.0)
SRR5816737_2	(0.0, 0.0)	(1.0, 0.0)	(2.0, 0.0)	(3.0, 0.0)	(4.0, 0.0)	(5.0, 0.0)	(6.0, 0.0)	(7.0, 0.0)	(8.0, 0.0)	(9.0, 0.0)	(10.0, 0.0)	(11.0, 0.0)	(12.0, 0.0)	(13.0, 0.0)	(14.0, 0.0)	(15.0, 0.0)	(16.0, 0.0)	(17.0, 0.0)	(18.0, 0.001294665976178177)	(19.0, 0.001294665976178177)	(20.0, 0.001294665976178177)	(21.0, 0.001294665976178177)	(22.0, 0.003883997928534531)	(23.0, 0.003883997928534531)	(24.0, 0.00453133091662362)	(25.0, 0.006473329880890887)	(26.0, 0.00453133091662362)	(27.0, 0.00906266183324724)	(28.0, 0.012946659761781769)	(29.0, 0.01553599171413812)	(30.0, 0.052433972035216124)	(31.0, 0.09515794924909617)	(32.0, 0.08221128948731429)	(33.0, 0.06796996374935425)	(34.0, 0.13464526152253062)	(35.0, 0.33661315380632717)	(36.0, 1.1574313827032863)	(37.0, 6.121180735371035)	(38.0, 7.378301398240616)	(39.0, 1.8377783531849958)	(40.0, 0.5677110305541323)	(41.0, 0.43889176592440604)	(42.0, 0.4634904194717921)	(43.0, 0.6369756602796609)	(44.0, 1.2072760227861519)	(45.0, 2.3064474365614407)	(46.0, 2.6844899016053825)	(47.0, 2.63723459347489)	(48.0, 3.3195235629206334)	(49.0, 3.5273174520971837)	(50.0, 3.498187467633182)	(51.0, 3.9985758674259477)	(52.0, 5.0427239772141235)	(53.0, 5.527576385293071)	(54.0, 5.6648109787680205)	(55.0, 8.335059554636205)	(56.0, 16.21439668565026)	(57.0, 9.279518384257326)	(58.0, 2.6883738995339157)	(59.0, 1.204039357845706)	(60.0, 0.7683842568617384)	(61.0, 0.6686949766960245)	(62.0, 0.6091403417918316)	(63.0, 0.4958570688762475)	(64.0, 0.3003625064733372)	(65.0, 0.22980321077162527)	(66.0, 0.1573019161056484)	(67.0, 0.07379596064215609)	(68.0, 0.04401864319005801)	(69.0, 0.02654065251165265)	(70.0, 0.014888658726049032)	(71.0, 0.009709994821336328)	(72.0, 0.006473329880890887)	(73.0, 0.003883997928534531)	(74.0, 0.005178663904712708)	(75.0, 0.0032366649404454426)	(76.0, 0.0006473329880890886)	(77.0, 0.001941998964267266)	(78.0, 0.0006473329880890886)	(79.0, 0.0)	(80.0, 0.0006473329880890886)	(81.0, 0.0006473329880890886)	(82.0, 0.0)	(83.0, 0.0)	(84.0, 0.0)	(85.0, 0.0006473329880890886)	(86.0, 0.0006473329880890886)	(87.0, 0.0)	(88.0, 0.0)	(89.0, 0.0)	(90.0, 0.0)	(91.0, 0.0)	(92.0, 0.0)	(93.0, 0.0)	(94.0, 0.0)	(95.0, 0.001294665976178177)	(96.0, 0.0006473329880890886)	(97.0, 0.001294665976178177)	(98.0, 0.001294665976178177)	(99.0, 0.0)	(100.0, 0.0)
SRR5816738_1	(0.0, 0.0)	(1.0, 0.0)	(2.0, 0.0)	(3.0, 0.0)	(4.0, 0.0)	(5.0, 0.0)	(6.0, 0.0)	(7.0, 0.0)	(8.0, 0.0)	(9.0, 0.0)	(10.0, 0.0)	(11.0, 0.0)	(12.0, 0.0)	(13.0, 0.0)	(14.0, 0.0)	(15.0, 0.0)	(16.0, 0.0)	(17.0, 0.0)	(18.0, 0.0)	(19.0, 0.0)	(20.0, 0.0)	(21.0, 0.0)	(22.0, 0.0)	(23.0, 0.0)	(24.0, 0.00040607488020779963)	(25.0, 0.0)	(26.0, 0.0)	(27.0, 0.0)	(28.0, 0.0)	(29.0, 0.0)	(30.0, 0.0)	(31.0, 0.00040607488020779963)	(32.0, 0.00040607488020779963)	(33.0, 0.00040607488020779963)	(34.0, 0.00040607488020779963)	(35.0, 0.0008121497604155993)	(36.0, 0.002436449281246798)	(37.0, 0.006497198083324794)	(38.0, 0.005685048322909195)	(39.0, 0.002030374401038998)	(40.0, 0.00040607488020779963)	(41.0, 0.0012182246406233991)	(42.0, 0.0012182246406233991)	(43.0, 0.003654673921870197)	(44.0, 0.003248599041662397)	(45.0, 0.00893364736457159)	(46.0, 0.02355234305205238)	(47.0, 0.05075936002597499)	(48.0, 0.19572809226015966)	(49.0, 1.5702915617635445)	(50.0, 5.372370665149749)	(51.0, 8.62584260537168)	(52.0, 19.319418500779634)	(53.0, 18.21205230245095)	(54.0, 16.2170064159864)	(55.0, 7.4510679769315855)	(56.0, 6.271826524809207)	(57.0, 7.773085356936077)	(58.0, 3.041906927636649)	(59.0, 1.9154552099400959)	(60.0, 1.5646065134406366)	(61.0, 1.090311053357981)	(62.0, 0.6480955088116368)	(63.0, 0.2830341915048391)	(64.0, 0.13319256070815771)	(65.0, 0.10436124421340436)	(66.0, 0.0698448793957417)	(67.0, 0.01340047104685739)	(68.0, 0.006091123203116994)	(69.0, 0.0028425241614545974)	(70.0, 0.002436449281246798)	(71.0, 0.0012182246406233991)	(72.0, 0.0008121497604155993)	(73.0, 0.0008121497604155993)	(74.0, 0.00040607488020779963)	(75.0, 0.0)	(76.0, 0.0)	(77.0, 0.0)	(78.0, 0.0)	(79.0, 0.0)	(80.0, 0.0)	(81.0, 0.0)	(82.0, 0.0)	(83.0, 0.0)	(84.0, 0.0)	(85.0, 0.0)	(86.0, 0.0)	(87.0, 0.0)	(88.0, 0.0)	(89.0, 0.0)	(90.0, 0.0)	(91.0, 0.0)	(92.0, 0.0)	(93.0, 0.0)	(94.0, 0.0)	(95.0, 0.0)	(96.0, 0.0)	(97.0, 0.0)	(98.0, 0.0)	(99.0, 0.0)	(100.0, 0.0)
SRR5816738_2	(0.0, 0.0)	(1.0, 0.0)	(2.0, 0.0)	(3.0, 0.0)	(4.0, 0.0)	(5.0, 0.0)	(6.0, 0.0)	(7.0, 0.0)	(8.0, 0.0)	(9.0, 0.0)	(10.0, 0.0)	(11.0, 0.0)	(12.0, 0.0)	(13.0, 0.00040572724580163484)	(14.0, 0.0)	(15.0, 0.0)	(16.0, 0.00040572724580163484)	(17.0, 0.00040572724580163484)	(18.0, 0.0)	(19.0, 0.0)	(20.0, 0.00040572724580163484)	(21.0, 0.0)	(22.0, 0.0)	(23.0, 0.00040572724580163484)	(24.0, 0.0)	(25.0, 0.0)	(26.0, 0.00040572724580163484)	(27.0, 0.00040572724580163484)	(28.0, 0.0)	(29.0, 0.0)	(30.0, 0.0012171817374049046)	(31.0, 0.0016229089832065394)	(32.0, 0.0032458179664130787)	(33.0, 0.0028400907206114438)	(34.0, 0.0016229089832065394)	(35.0, 0.004057272458016349)	(36.0, 0.008925999407635964)	(37.0, 0.010143181145040868)	(38.0, 0.01541763534046213)	(39.0, 0.017851998815271945)	(40.0, 0.026777998222907887)	(41.0, 0.0401669973343618)	(42.0, 0.037326906613750356)	(43.0, 0.05436745093741912)	(44.0, 0.11644371954506885)	(45.0, 0.4000470643604105)	(46.0, 0.47226651411309734)	(47.0, 0.676347318751317)	(48.0, 3.197536424162778)	(49.0, 13.978926526853188)	(50.0, 17.54080601775222)	(51.0, 11.183060076029037)	(52.0, 7.860153932913364)	(53.0, 15.792933042835596)	(54.0, 16.121166384689715)	(55.0, 5.787293434114697)	(56.0, 2.407179749340892)	(57.0, 1.522694353493529)	(58.0, 0.7785905846933407)	(59.0, 0.531096964754331)	(60.0, 0.30429543435122947)	(61.0, 0.18988035103516518)	(62.0, 0.1639138073038598)	(63.0, 0.16229089832065322)	(64.0, 0.11482081056186234)	(65.0, 0.06856790454047644)	(66.0, 0.0499044512336011)	(67.0, 0.09899744797559883)	(68.0, 0.1213124464946884)	(69.0, 0.05558463267482404)	(70.0, 0.026777998222907887)	(71.0, 0.011360362882445775)	(72.0, 0.00770881767023106)	(73.0, 0.006897363178627791)	(74.0, 0.0056801814412228875)	(75.0, 0.0044629997038179835)	(76.0, 0.002028636229008174)	(77.0, 0.0008114544916032697)	(78.0, 0.0)	(79.0, 0.0)	(80.0, 0.0012171817374049046)	(81.0, 0.002028636229008174)	(82.0, 0.0008114544916032697)	(83.0, 0.0)	(84.0, 0.00040572724580163484)	(85.0, 0.0)	(86.0, 0.0008114544916032697)	(87.0, 0.0008114544916032697)	(88.0, 0.0012171817374049046)	(89.0, 0.00040572724580163484)	(90.0, 0.0)	(91.0, 0.0)	(92.0, 0.0)	(93.0, 0.0)	(94.0, 0.0)	(95.0, 0.0)	(96.0, 0.0)	(97.0, 0.0)	(98.0, 0.0)	(99.0, 0.0008114544916032697)	(100.0, 0.0012171817374049046)
SRR5816739_1	(0.0, 0.0)	(1.0, 0.0)	(2.0, 0.0)	(3.0, 0.0)	(4.0, 0.0)	(5.0, 0.0)	(6.0, 0.0)	(7.0, 0.0)	(8.0, 0.0)	(9.0, 0.0)	(10.0, 0.0)	(11.0, 0.0)	(12.0, 0.0)	(13.0, 0.0)	(14.0, 0.0)	(15.0, 0.0)	(16.0, 0.0)	(17.0, 0.0)	(18.0, 0.0)	(19.0, 0.0)	(20.0, 0.0)	(21.0, 0.0)	(22.0, 0.00030449186397738865)	(23.0, 0.0)	(24.0, 0.0)	(25.0, 0.0)	(26.0, 0.00030449186397738865)	(27.0, 0.0006089837279547773)	(28.0, 0.0)	(29.0, 0.0)	(30.0, 0.0)	(31.0, 0.0)	(32.0, 0.0006089837279547773)	(33.0, 0.0)	(34.0, 0.0006089837279547773)	(35.0, 0.0009134755919321659)	(36.0, 0.0018269511838643318)	(37.0, 0.003044918639773887)	(38.0, 0.0018269511838643318)	(39.0, 0.003044918639773887)	(40.0, 0.002435934911819109)	(41.0, 0.0018269511838643318)	(42.0, 0.002435934911819109)	(43.0, 0.007612296599434714)	(44.0, 0.008525772191366882)	(45.0, 0.01674705251875638)	(46.0, 0.036234531813309254)	(47.0, 0.07886339277014352)	(48.0, 0.24024408067816194)	(49.0, 1.9006382149467032)	(50.0, 7.233508720644349)	(51.0, 11.750341030892466)	(52.0, 10.6827925557858)	(53.0, 13.71827194778191)	(54.0, 21.99892818862368)	(55.0, 8.56352918249932)	(56.0, 6.295369287730868)	(57.0, 11.719891844494674)	(58.0, 4.540582675630773)	(59.0, 0.6455227516320734)	(60.0, 0.2582091006528268)	(61.0, 0.14189320861346313)	(62.0, 0.062420832115364776)	(63.0, 0.031971645717625785)	(64.0, 0.018269511838643317)	(65.0, 0.011570690831140772)	(66.0, 0.0063943291435251595)	(67.0, 0.0027404267757964976)	(68.0, 0.003044918639773887)	(69.0, 0.0015224593198869432)	(70.0, 0.00030449186397738865)	(71.0, 0.0018269511838643318)	(72.0, 0.0009134755919321659)	(73.0, 0.0)	(74.0, 0.0)	(75.0, 0.0006089837279547773)	(76.0, 0.00030449186397738865)	(77.0, 0.00030449186397738865)	(78.0, 0.0)	(79.0, 0.0)	(80.0, 0.0)	(81.0, 0.00030449186397738865)	(82.0, 0.0)	(83.0, 0.0)	(84.0, 0.0)	(85.0, 0.0)	(86.0, 0.0)	(87.0, 0.0)	(88.0, 0.0)	(89.0, 0.0)	(90.0, 0.0)	(91.0, 0.0)	(92.0, 0.0)	(93.0, 0.0)	(94.0, 0.0)	(95.0, 0.0)	(96.0, 0.0)	(97.0, 0.0)	(98.0, 0.0)	(99.0, 0.0)	(100.0, 0.0)
SRR5816739_2	(0.0, 0.0)	(1.0, 0.0)	(2.0, 0.0)	(3.0, 0.0)	(4.0, 0.0)	(5.0, 0.0)	(6.0, 0.0)	(7.0, 0.0)	(8.0, 0.0)	(9.0, 0.0)	(10.0, 0.0)	(11.0, 0.0)	(12.0, 0.0)	(13.0, 0.0)	(14.0, 0.0)	(15.0, 0.0006089540605059283)	(16.0, 0.0)	(17.0, 0.0)	(18.0, 0.0)	(19.0, 0.0)	(20.0, 0.00030447703025296413)	(21.0, 0.0)	(22.0, 0.0006089540605059283)	(23.0, 0.0006089540605059283)	(24.0, 0.00030447703025296413)	(25.0, 0.0)	(26.0, 0.00030447703025296413)	(27.0, 0.0006089540605059283)	(28.0, 0.0018268621815177844)	(29.0, 0.0018268621815177844)	(30.0, 0.0018268621815177844)	(31.0, 0.0027402932722766773)	(32.0, 0.0030447703025296416)	(33.0, 0.0033492473327826054)	(34.0, 0.005176109514300389)	(35.0, 0.007307448726071137)	(36.0, 0.010047741998347818)	(37.0, 0.012179081210118571)	(38.0, 0.021313392117707476)	(39.0, 0.025880547571501922)	(40.0, 0.029229794904284512)	(41.0, 0.039582013932885365)	(42.0, 0.045062600477438756)	(43.0, 0.06059092902033999)	(44.0, 0.08647147659184158)	(45.0, 0.12148633507093215)	(46.0, 0.19851902372493424)	(47.0, 0.516088566278769)	(48.0, 3.365384615386522)	(49.0, 20.463901203292604)	(50.0, 28.062429970257934)	(51.0, 18.287803868082587)	(52.0, 12.53623276661176)	(53.0, 8.462025624789437)	(54.0, 4.920653285917761)	(55.0, 1.2769766648808962)	(56.0, 0.53039898670066)	(57.0, 0.3139158181908041)	(58.0, 0.1890802357870921)	(59.0, 0.09073415501538301)	(60.0, 0.06454913041362846)	(61.0, 0.06333122229261663)	(62.0, 0.037755151751367566)	(63.0, 0.025880547571501922)	(64.0, 0.019486529936189698)	(65.0, 0.013092512300877466)	(66.0, 0.010656696058853747)	(67.0, 0.015528328542901176)	(68.0, 0.01674623666391303)	(69.0, 0.007611925756324101)	(70.0, 0.0036537243630355696)	(71.0, 0.004262678423541497)	(72.0, 0.005480586544553353)	(73.0, 0.0018268621815177844)	(74.0, 0.0009134310907588924)	(75.0, 0.0012179081210118565)	(76.0, 0.0009134310907588924)	(77.0, 0.002435816242023713)	(78.0, 0.0018268621815177844)	(79.0, 0.0)	(80.0, 0.0)	(81.0, 0.0)	(82.0, 0.00030447703025296413)	(83.0, 0.0)	(84.0, 0.0)	(85.0, 0.0)	(86.0, 0.0)	(87.0, 0.00030447703025296413)	(88.0, 0.00030447703025296413)	(89.0, 0.0)	(90.0, 0.0)	(91.0, 0.0)	(92.0, 0.00030447703025296413)	(93.0, 0.0)	(94.0, 0.0)	(95.0, 0.0)	(96.0, 0.0)	(97.0, 0.0012179081210118565)	(98.0, 0.0033492473327826054)	(99.0, 0.0006089540605059283)	(100.0, 0.0)
SRR5816740_1	(0.0, 0.0)	(1.0, 0.0)	(2.0, 0.0)	(3.0, 0.0)	(4.0, 0.0)	(5.0, 0.0)	(6.0, 0.0)	(7.0, 0.0)	(8.0, 0.0)	(9.0, 0.0)	(10.0, 0.0)	(11.0, 0.0)	(12.0, 0.0)	(13.0, 0.0)	(14.0, 0.0)	(15.0, 0.0)	(16.0, 0.0)	(17.0, 0.0)	(18.0, 0.0)	(19.0, 0.0)	(20.0, 0.0)	(21.0, 0.0)	(22.0, 0.0)	(23.0, 0.0)	(24.0, 0.0)	(25.0, 0.0)	(26.0, 0.0)	(27.0, 0.0)	(28.0, 0.0)	(29.0, 0.0)	(30.0, 0.0)	(31.0, 0.0)	(32.0, 0.0)	(33.0, 0.0003537756708473869)	(34.0, 0.0010613270125421606)	(35.0, 0.0010613270125421606)	(36.0, 0.0014151026833895475)	(37.0, 0.002830205366779095)	(38.0, 0.0014151026833895475)	(39.0, 0.0031839810376264824)	(40.0, 0.0017688783542369345)	(41.0, 0.0017688783542369345)	(42.0, 0.004952859391863416)	(43.0, 0.007429289087795121)	(44.0, 0.014858578175590257)	(45.0, 0.031132259034570006)	(46.0, 0.07676932057388301)	(47.0, 0.18042559213216777)	(48.0, 0.7337307413374896)	(49.0, 6.8604178090710315)	(50.0, 29.5629101586594)	(51.0, 31.56528045564832)	(52.0, 8.680239859908333)	(53.0, 3.84235756107403)	(54.0, 6.057347036248194)	(55.0, 6.398033007273918)	(56.0, 2.223833866946499)	(57.0, 0.838448339908328)	(58.0, 0.6261829373998717)	(59.0, 1.2629791449251804)	(60.0, 0.7400987034127433)	(61.0, 0.14115649266810673)	(62.0, 0.07712309624473039)	(63.0, 0.02582562397185922)	(64.0, 0.014858578175590257)	(65.0, 0.007783064758642508)	(66.0, 0.0038915323793212563)	(67.0, 0.0017688783542369345)	(68.0, 0.0010613270125421606)	(69.0, 0.0010613270125421606)	(70.0, 0.0014151026833895475)	(71.0, 0.0010613270125421606)	(72.0, 0.0003537756708473869)	(73.0, 0.0)	(74.0, 0.0)	(75.0, 0.0)	(76.0, 0.0)	(77.0, 0.0003537756708473869)	(78.0, 0.0)	(79.0, 0.0)	(80.0, 0.0)	(81.0, 0.0)	(82.0, 0.0)	(83.0, 0.0)	(84.0, 0.0)	(85.0, 0.0)	(86.0, 0.0)	(87.0, 0.0)	(88.0, 0.0)	(89.0, 0.0)	(90.0, 0.0)	(91.0, 0.0)	(92.0, 0.0)	(93.0, 0.0)	(94.0, 0.0)	(95.0, 0.0)	(96.0, 0.0)	(97.0, 0.0)	(98.0, 0.0)	(99.0, 0.0)	(100.0, 0.0)
SRR5816740_2	(0.0, 0.0)	(1.0, 0.0)	(2.0, 0.0)	(3.0, 0.0)	(4.0, 0.0)	(5.0, 0.0)	(6.0, 0.0)	(7.0, 0.0)	(8.0, 0.0)	(9.0, 0.0)	(10.0, 0.0)	(11.0, 0.001420096495557604)	(12.0, 0.0)	(13.0, 0.0)	(14.0, 0.0)	(15.0, 0.0)	(16.0, 0.0)	(17.0, 0.000355024123889401)	(18.0, 0.000355024123889401)	(19.0, 0.0)	(20.0, 0.0)	(21.0, 0.000355024123889401)	(22.0, 0.000355024123889401)	(23.0, 0.000355024123889401)	(24.0, 0.000355024123889401)	(25.0, 0.000710048247778802)	(26.0, 0.000710048247778802)	(27.0, 0.000355024123889401)	(28.0, 0.000710048247778802)	(29.0, 0.001420096495557604)	(30.0, 0.0010650723716682034)	(31.0, 0.002485168867225807)	(32.0, 0.0031952171150046098)	(33.0, 0.002840192991115208)	(34.0, 0.002485168867225807)	(35.0, 0.002840192991115208)	(36.0, 0.003550241238894011)	(37.0, 0.01207082021223964)	(38.0, 0.011715796088350237)	(39.0, 0.015976085575023058)	(40.0, 0.026626809291705057)	(41.0, 0.03337226764560365)	(42.0, 0.041182798371170524)	(43.0, 0.06532443879564998)	(44.0, 0.08343066911400922)	(45.0, 0.11218762314905029)	(46.0, 0.15230534914855273)	(47.0, 0.23538099413867494)	(48.0, 0.7238941886104967)	(49.0, 2.4720329746418335)	(50.0, 7.283674925713089)	(51.0, 24.994408370046862)	(52.0, 33.369427452567365)	(53.0, 17.82505121225038)	(54.0, 6.273631293248662)	(55.0, 1.803522549358045)	(56.0, 1.0221144526776276)	(57.0, 0.8928856715818707)	(58.0, 1.003298174111487)	(59.0, 0.8914655750863131)	(60.0, 0.27762886488151445)	(61.0, 0.1125426472729397)	(62.0, 0.06958472828232277)	(63.0, 0.035857436512829466)	(64.0, 0.02378661630058986)	(65.0, 0.018816278566138264)	(66.0, 0.012425844336129041)	(67.0, 0.008165554849456223)	(68.0, 0.009940675468903228)	(69.0, 0.011715796088350237)	(70.0, 0.008165554849456223)	(71.0, 0.006390434230009218)	(72.0, 0.005680385982230416)	(73.0, 0.004260289486672814)	(74.0, 0.002485168867225807)	(75.0, 0.003905265362783412)	(76.0, 0.002485168867225807)	(77.0, 0.0021301447433364064)	(78.0, 0.001420096495557604)	(79.0, 0.0017751206194470054)	(80.0, 0.0010650723716682034)	(81.0, 0.0017751206194470054)	(82.0, 0.0010650723716682034)	(83.0, 0.000355024123889401)	(84.0, 0.0010650723716682034)	(85.0, 0.000355024123889401)	(86.0, 0.0)	(87.0, 0.0)	(88.0, 0.0)	(89.0, 0.000355024123889401)	(90.0, 0.0)	(91.0, 0.0)	(92.0, 0.000355024123889401)	(93.0, 0.000710048247778802)	(94.0, 0.0)	(95.0, 0.0)	(96.0, 0.000355024123889401)	(97.0, 0.000355024123889401)	(98.0, 0.000710048247778802)	(99.0, 0.000355024123889401)	(100.0, 0.0010650723716682034)
SRR5816741_1	(0.0, 0.0)	(1.0, 0.0)	(2.0, 0.0)	(3.0, 0.0)	(4.0, 0.0)	(5.0, 0.0)	(6.0, 0.0)	(7.0, 0.0)	(8.0, 0.0)	(9.0, 0.0)	(10.0, 0.0)	(11.0, 0.0)	(12.0, 0.0)	(13.0, 0.0)	(14.0, 0.0)	(15.0, 0.0)	(16.0, 0.0)	(17.0, 0.0)	(18.0, 0.0)	(19.0, 0.0)	(20.0, 0.0)	(21.0, 0.0)	(22.0, 0.00038304196607781)	(23.0, 0.00038304196607781)	(24.0, 0.00076608393215562)	(25.0, 0.0)	(26.0, 0.0)	(27.0, 0.00038304196607781)	(28.0, 0.0)	(29.0, 0.00038304196607781)	(30.0, 0.0)	(31.0, 0.00038304196607781)	(32.0, 0.00076608393215562)	(33.0, 0.0)	(34.0, 0.00076608393215562)	(35.0, 0.0019152098303890498)	(36.0, 0.00497954555901153)	(37.0, 0.01225734291448992)	(38.0, 0.0038304196607781005)	(39.0, 0.00344737769470029)	(40.0, 0.005745629491167149)	(41.0, 0.00497954555901153)	(42.0, 0.0053625875250893395)	(43.0, 0.008043881287634006)	(44.0, 0.01800297240565708)	(45.0, 0.02719597959152449)	(46.0, 0.032175525150536004)	(47.0, 0.08388619057104044)	(48.0, 0.20722570364809606)	(49.0, 0.9085755435365883)	(50.0, 9.748034994711368)	(51.0, 19.991343251576442)	(52.0, 10.497265080360927)	(53.0, 7.807927436528114)	(54.0, 9.480671702388571)	(55.0, 7.542479354036434)	(56.0, 5.135443639205665)	(57.0, 3.7545773514951164)	(58.0, 3.416351295448256)	(59.0, 11.388220693459534)	(60.0, 7.072103819693311)	(61.0, 0.9491779919408407)	(62.0, 0.7645517642913153)	(63.0, 0.5542617249145796)	(64.0, 0.23863514486647738)	(65.0, 0.2118222072410299)	(66.0, 0.07201188962262847)	(67.0, 0.01761993043957927)	(68.0, 0.007660839321556197)	(69.0, 0.00497954555901153)	(70.0, 0.004213461626855911)	(71.0, 0.00344737769470029)	(72.0, 0.0019152098303890498)	(73.0, 0.00076608393215562)	(74.0, 0.00076608393215562)	(75.0, 0.00076608393215562)	(76.0, 0.00076608393215562)	(77.0, 0.00038304196607781)	(78.0, 0.0)	(79.0, 0.0)	(80.0, 0.0)	(81.0, 0.0)	(82.0, 0.0)	(83.0, 0.0)	(84.0, 0.0)	(85.0, 0.0)	(86.0, 0.0)	(87.0, 0.0)	(88.0, 0.0)	(89.0, 0.0)	(90.0, 0.0)	(91.0, 0.0)	(92.0, 0.0)	(93.0, 0.0)	(94.0, 0.0)	(95.0, 0.0)	(96.0, 0.0)	(97.0, 0.0)	(98.0, 0.0)	(99.0, 0.0)	(100.0, 0.0)
SRR5816741_2	(0.0, 0.0)	(1.0, 0.0)	(2.0, 0.0)	(3.0, 0.0)	(4.0, 0.0)	(5.0, 0.0)	(6.0, 0.0)	(7.0, 0.0)	(8.0, 0.0)	(9.0, 0.0)	(10.0, 0.0)	(11.0, 0.0)	(12.0, 0.0)	(13.0, 0.0)	(14.0, 0.0003838219066352284)	(15.0, 0.0003838219066352284)	(16.0, 0.0)	(17.0, 0.0)	(18.0, 0.0003838219066352284)	(19.0, 0.0003838219066352284)	(20.0, 0.0003838219066352284)	(21.0, 0.0)	(22.0, 0.0)	(23.0, 0.0007676438132704568)	(24.0, 0.0015352876265409135)	(25.0, 0.0007676438132704568)	(26.0, 0.0003838219066352284)	(27.0, 0.0)	(28.0, 0.0003838219066352284)	(29.0, 0.0023029314398113703)	(30.0, 0.0038382190663522847)	(31.0, 0.0003838219066352284)	(32.0, 0.0015352876265409135)	(33.0, 0.002686753346446599)	(34.0, 0.004222040972987513)	(35.0, 0.003454397159717056)	(36.0, 0.009979369572515936)	(37.0, 0.01919109533176143)	(38.0, 0.02456460202465461)	(39.0, 0.028402821091006877)	(40.0, 0.03531161541044097)	(41.0, 0.042220409729875105)	(42.0, 0.05066449167585019)	(43.0, 0.07254234035405836)	(44.0, 0.44062754881723726)	(45.0, 1.507652449263156)	(46.0, 0.8421052631577063)	(47.0, 0.41260854963286725)	(48.0, 1.2777431271887063)	(49.0, 4.729069711653495)	(50.0, 6.134241711843789)	(51.0, 11.737273904906043)	(52.0, 18.653360840578806)	(53.0, 20.33987429832902)	(54.0, 11.670105071244757)	(55.0, 3.409489996640998)	(56.0, 2.119848390346206)	(57.0, 3.0870795950672587)	(58.0, 5.845991459960994)	(59.0, 4.236242383533655)	(60.0, 1.032097106942166)	(61.0, 0.458667178429092)	(62.0, 0.4310320011513571)	(63.0, 0.562682915127233)	(64.0, 0.4199011658589361)	(65.0, 0.1800124742119222)	(66.0, 0.06524972412798898)	(67.0, 0.02686753346446597)	(68.0, 0.01765580770522052)	(69.0, 0.011898479105692082)	(70.0, 0.009211725759245478)	(71.0, 0.006141150506163654)	(72.0, 0.004222040972987513)	(73.0, 0.0046058628796227415)	(74.0, 0.0023029314398113703)	(75.0, 0.0015352876265409135)	(76.0, 0.0011514657199056854)	(77.0, 0.0007676438132704568)	(78.0, 0.0015352876265409135)	(79.0, 0.002686753346446599)	(80.0, 0.0003838219066352284)	(81.0, 0.0007676438132704568)	(82.0, 0.0011514657199056854)	(83.0, 0.0007676438132704568)	(84.0, 0.0003838219066352284)	(85.0, 0.0)	(86.0, 0.0)	(87.0, 0.0)	(88.0, 0.0)	(89.0, 0.0)	(90.0, 0.0007676438132704568)	(91.0, 0.0)	(92.0, 0.0)	(93.0, 0.0011514657199056854)	(94.0, 0.0007676438132704568)	(95.0, 0.0003838219066352284)	(96.0, 0.0003838219066352284)	(97.0, 0.0)	(98.0, 0.0003838219066352284)	(99.0, 0.0003838219066352284)	(100.0, 0.001727198579858528)
SRR5816742_1	(0.0, 0.0)	(1.0, 0.0)	(2.0, 0.0)	(3.0, 0.0)	(4.0, 0.0)	(5.0, 0.0)	(6.0, 0.0)	(7.0, 0.0)	(8.0, 0.0)	(9.0, 0.0)	(10.0, 0.0)	(11.0, 0.0)	(12.0, 0.0)	(13.0, 0.0)	(14.0, 0.0)	(15.0, 0.0)	(16.0, 0.0)	(17.0, 0.0)	(18.0, 0.0)	(19.0, 0.0)	(20.0, 0.0)	(21.0, 0.0)	(22.0, 0.0)	(23.0, 0.0)	(24.0, 0.0)	(25.0, 0.0)	(26.0, 0.0)	(27.0, 0.0)	(28.0, 0.0)	(29.0, 0.0)	(30.0, 0.0)	(31.0, 0.0)	(32.0, 0.0)	(33.0, 0.0)	(34.0, 0.0003669441987956906)	(35.0, 0.0003669441987956906)	(36.0, 0.0)	(37.0, 0.0007338883975913812)	(38.0, 0.0003669441987956906)	(39.0, 0.0011008325963870718)	(40.0, 0.0007338883975913812)	(41.0, 0.001834720993978453)	(42.0, 0.001834720993978453)	(43.0, 0.0029355535903655247)	(44.0, 0.004403330385548287)	(45.0, 0.005871107180731049)	(46.0, 0.015044712150623323)	(47.0, 0.031190256897633665)	(48.0, 0.07632439334950376)	(49.0, 0.3375886628920354)	(50.0, 4.772476249537333)	(51.0, 10.352596680621966)	(52.0, 7.255954586984307)	(53.0, 10.242146476784262)	(54.0, 15.264144781511218)	(55.0, 10.118119337591093)	(56.0, 10.279207840862693)	(57.0, 10.103074625440442)	(58.0, 4.661659101501135)	(59.0, 9.52073418195062)	(60.0, 5.641767056483533)	(61.0, 0.651325952862348)	(62.0, 0.23044095684369545)	(63.0, 0.16402405686167357)	(64.0, 0.10934937124111545)	(65.0, 0.09650632428326646)	(66.0, 0.03485969888559056)	(67.0, 0.0062380513795267396)	(68.0, 0.004036386186752597)	(69.0, 0.0033024977891612157)	(70.0, 0.0025686093915698338)	(71.0, 0.001834720993978453)	(72.0, 0.0014677767951827624)	(73.0, 0.0011008325963870718)	(74.0, 0.0)	(75.0, 0.0)	(76.0, 0.0)	(77.0, 0.0003669441987956906)	(78.0, 0.0)	(79.0, 0.0)	(80.0, 0.0)	(81.0, 0.0)	(82.0, 0.0)	(83.0, 0.0)	(84.0, 0.0)	(85.0, 0.0)	(86.0, 0.0)	(87.0, 0.0)	(88.0, 0.0)	(89.0, 0.0)	(90.0, 0.0)	(91.0, 0.0)	(92.0, 0.0)	(93.0, 0.0)	(94.0, 0.0)	(95.0, 0.0)	(96.0, 0.0)	(97.0, 0.0)	(98.0, 0.0)	(99.0, 0.0)	(100.0, 0.0)
SRR5816742_2	(0.0, 0.0)	(1.0, 0.0)	(2.0, 0.0)	(3.0, 0.0)	(4.0, 0.0)	(5.0, 0.0)	(6.0, 0.0)	(7.0, 0.0)	(8.0, 0.0)	(9.0, 0.0)	(10.0, 0.0)	(11.0, 0.0)	(12.0, 0.0)	(13.0, 0.0)	(14.0, 0.0003649595077425528)	(15.0, 0.0003649595077425528)	(16.0, 0.0003649595077425528)	(17.0, 0.0)	(18.0, 0.0003649595077425528)	(19.0, 0.0)	(20.0, 0.0)	(21.0, 0.0)	(22.0, 0.0)	(23.0, 0.0)	(24.0, 0.0003649595077425528)	(25.0, 0.0003649595077425528)	(26.0, 0.0003649595077425528)	(27.0, 0.0003649595077425528)	(28.0, 0.0010948785232276585)	(29.0, 0.0007299190154851056)	(30.0, 0.0003649595077425528)	(31.0, 0.0003649595077425528)	(32.0, 0.0007299190154851056)	(33.0, 0.001824797538712764)	(34.0, 0.001824797538712764)	(35.0, 0.003649595077425529)	(36.0, 0.0062043116316233965)	(37.0, 0.00948894720130637)	(38.0, 0.008759028185821263)	(39.0, 0.009123987693563818)	(40.0, 0.014963339817444674)	(41.0, 0.021532610956810614)	(42.0, 0.030291639142631853)	(43.0, 0.03978058634393824)	(44.0, 0.041970343390393565)	(45.0, 0.07043718499431288)	(46.0, 0.11934175903181427)	(47.0, 0.3051061484727759)	(48.0, 1.254000868603432)	(49.0, 7.952102714200146)	(50.0, 13.762987996484865)	(51.0, 14.238530235074276)	(52.0, 13.967000361313323)	(53.0, 13.562625226733841)	(54.0, 10.136750327548265)	(55.0, 3.613099126651692)	(56.0, 2.3280766998895794)	(57.0, 2.728437279883342)	(58.0, 6.209786024238783)	(59.0, 6.896639817809643)	(60.0, 1.608011591113628)	(61.0, 0.3901417137767859)	(62.0, 0.1945234176267814)	(63.0, 0.17226088765448505)	(64.0, 0.12226143509375464)	(65.0, 0.06240807582397667)	(66.0, 0.03248139618908716)	(67.0, 0.013503501786474458)	(68.0, 0.009123987693563818)	(69.0, 0.008759028185821263)	(70.0, 0.00948894720130637)	(71.0, 0.006934230647108502)	(72.0, 0.005474392616138291)	(73.0, 0.0040145545851680816)	(74.0, 0.004744473600653187)	(75.0, 0.0014598380309702112)	(76.0, 0.0014598380309702112)	(77.0, 0.0)	(78.0, 0.0014598380309702112)	(79.0, 0.0010948785232276585)	(80.0, 0.0010948785232276585)	(81.0, 0.0007299190154851056)	(82.0, 0.0003649595077425528)	(83.0, 0.0010948785232276585)	(84.0, 0.0003649595077425528)	(85.0, 0.0010948785232276585)	(86.0, 0.0010948785232276585)	(87.0, 0.0003649595077425528)	(88.0, 0.0)	(89.0, 0.0007299190154851056)	(90.0, 0.0)	(91.0, 0.0)	(92.0, 0.0007299190154851056)	(93.0, 0.0003649595077425528)	(94.0, 0.0)	(95.0, 0.0)	(96.0, 0.0)	(97.0, 0.0003649595077425528)	(98.0, 0.0007299190154851056)	(99.0, 0.0007299190154851056)	(100.0, 0.0)
SRR5816743_1	(0.0, 0.0)	(1.0, 0.0)	(2.0, 0.0)	(3.0, 0.0)	(4.0, 0.0)	(5.0, 0.0)	(6.0, 0.0)	(7.0, 0.0)	(8.0, 0.0)	(9.0, 0.0)	(10.0, 0.0)	(11.0, 0.0)	(12.0, 0.0)	(13.0, 0.0)	(14.0, 0.0)	(15.0, 0.0)	(16.0, 0.0)	(17.0, 0.0)	(18.0, 0.0)	(19.0, 0.0)	(20.0, 0.0)	(21.0, 0.0)	(22.0, 0.0)	(23.0, 0.0)	(24.0, 0.0)	(25.0, 0.0)	(26.0, 0.0)	(27.0, 0.0)	(28.0, 0.00030369843959745537)	(29.0, 0.0)	(30.0, 0.0)	(31.0, 0.0)	(32.0, 0.0)	(33.0, 0.00030369843959745537)	(34.0, 0.0006073968791949107)	(35.0, 0.00030369843959745537)	(36.0, 0.0009110953187923662)	(37.0, 0.0009110953187923662)	(38.0, 0.0006073968791949107)	(39.0, 0.00030369843959745537)	(40.0, 0.0009110953187923662)	(41.0, 0.0012147937583898215)	(42.0, 0.0006073968791949107)	(43.0, 0.002429587516779643)	(44.0, 0.004251778154364375)	(45.0, 0.013059032902690589)	(46.0, 0.023688478288601496)	(47.0, 0.047680655016800584)	(48.0, 0.14881223540275337)	(49.0, 0.8631109653360027)	(50.0, 11.467653079204483)	(51.0, 21.42288792919173)	(52.0, 6.461791699313254)	(53.0, 4.106002903357935)	(54.0, 6.341830815672369)	(55.0, 7.2419929906384075)	(56.0, 9.98469359864741)	(57.0, 8.01369072565634)	(58.0, 4.792968773726755)	(59.0, 10.44206344868201)	(60.0, 5.887194251595392)	(61.0, 0.7610682896312461)	(62.0, 0.7556017177184913)	(63.0, 0.5958563384902116)	(64.0, 0.3027873442786617)	(65.0, 0.22777382969809404)	(66.0, 0.059828592600698845)	(67.0, 0.010933143825508397)	(68.0, 0.0039480797147669194)	(69.0, 0.0018221906375847322)	(70.0, 0.0012147937583898215)	(71.0, 0.0018221906375847322)	(72.0, 0.001518492197987277)	(73.0, 0.0009110953187923662)	(74.0, 0.00030369843959745537)	(75.0, 0.0)	(76.0, 0.00030369843959745537)	(77.0, 0.0009110953187923662)	(78.0, 0.0006073968791949107)	(79.0, 0.0)	(80.0, 0.0)	(81.0, 0.0)	(82.0, 0.0)	(83.0, 0.0)	(84.0, 0.0)	(85.0, 0.0)	(86.0, 0.0)	(87.0, 0.0)	(88.0, 0.0)	(89.0, 0.0)	(90.0, 0.0)	(91.0, 0.0)	(92.0, 0.0)	(93.0, 0.0)	(94.0, 0.0)	(95.0, 0.0)	(96.0, 0.0)	(97.0, 0.0)	(98.0, 0.0)	(99.0, 0.0)	(100.0, 0.0)
SRR5816743_2	(0.0, 0.0)	(1.0, 0.0)	(2.0, 0.0)	(3.0, 0.0)	(4.0, 0.0)	(5.0, 0.0)	(6.0, 0.0)	(7.0, 0.0)	(8.0, 0.0)	(9.0, 0.0)	(10.0, 0.0)	(11.0, 0.0)	(12.0, 0.0)	(13.0, 0.0)	(14.0, 0.0)	(15.0, 0.0)	(16.0, 0.0)	(17.0, 0.0003045915655549625)	(18.0, 0.0003045915655549625)	(19.0, 0.0003045915655549625)	(20.0, 0.0)	(21.0, 0.0003045915655549625)	(22.0, 0.0009137746966648875)	(23.0, 0.0003045915655549625)	(24.0, 0.0003045915655549625)	(25.0, 0.0003045915655549625)	(26.0, 0.0)	(27.0, 0.000609183131109925)	(28.0, 0.00121836626221985)	(29.0, 0.0009137746966648875)	(30.0, 0.000609183131109925)	(31.0, 0.000609183131109925)	(32.0, 0.000609183131109925)	(33.0, 0.0018275493933297747)	(34.0, 0.0024367325244397)	(35.0, 0.0027413240899946626)	(36.0, 0.00365509878665955)	(37.0, 0.005178056614434361)	(38.0, 0.010356113228868726)	(39.0, 0.01248825418775347)	(40.0, 0.01248825418775347)	(41.0, 0.02589028307217178)	(42.0, 0.028631607162166433)	(43.0, 0.039292311956590185)	(44.0, 0.04142445291547494)	(45.0, 0.11178510455867063)	(46.0, 0.1562554731296962)	(47.0, 0.14529017676971726)	(48.0, 0.46176081338131286)	(49.0, 2.26616124772893)	(50.0, 5.71840205172775)	(51.0, 11.967402610659905)	(52.0, 19.910236865624157)	(53.0, 19.300139959819788)	(54.0, 14.095279287630744)	(55.0, 4.966060884807677)	(56.0, 2.121480254090257)	(57.0, 2.8683387728313647)	(58.0, 6.651366017021751)	(59.0, 5.43299975480301)	(60.0, 1.3115712812796254)	(61.0, 0.5714137769811107)	(62.0, 0.47394447600351164)	(63.0, 0.5985224263155055)	(64.0, 0.40145168340143367)	(65.0, 0.12275040091864937)	(66.0, 0.0426428191776948)	(67.0, 0.0210168180232924)	(68.0, 0.019798451761072554)	(69.0, 0.01462039514663821)	(70.0, 0.009137746966648876)	(71.0, 0.00639642287665421)	(72.0, 0.006091831311099248)	(73.0, 0.004873465048879399)	(74.0, 0.004264281917769474)	(75.0, 0.005787239745544286)	(76.0, 0.0024367325244397)	(77.0, 0.0024367325244397)	(78.0, 0.0024367325244397)	(79.0, 0.0018275493933297747)	(80.0, 0.00121836626221985)	(81.0, 0.000609183131109925)	(82.0, 0.000609183131109925)	(83.0, 0.0)	(84.0, 0.0003045915655549625)	(85.0, 0.000609183131109925)	(86.0, 0.0003045915655549625)	(87.0, 0.0009137746966648875)	(88.0, 0.000609183131109925)	(89.0, 0.0009137746966648875)	(90.0, 0.0003045915655549625)	(91.0, 0.000609183131109925)	(92.0, 0.0)	(93.0, 0.0003045915655549625)	(94.0, 0.0009137746966648875)	(95.0, 0.0003045915655549625)	(96.0, 0.0)	(97.0, 0.0)	(98.0, 0.000609183131109925)	(99.0, 0.0)	(100.0, 0.00045688734833244373)
SRR5816744_1	(0.0, 0.0)	(1.0, 0.0)	(2.0, 0.0)	(3.0, 0.0)	(4.0, 0.0)	(5.0, 0.0)	(6.0, 0.0)	(7.0, 0.0)	(8.0, 0.0)	(9.0, 0.0)	(10.0, 0.0)	(11.0, 0.0)	(12.0, 0.0)	(13.0, 0.0)	(14.0, 0.0)	(15.0, 0.0)	(16.0, 0.0)	(17.0, 0.0)	(18.0, 0.0)	(19.0, 0.0)	(20.0, 0.0)	(21.0, 0.0)	(22.0, 0.0)	(23.0, 0.0)	(24.0, 0.0)	(25.0, 0.00020242955957401121)	(26.0, 0.00020242955957401121)	(27.0, 0.0)	(28.0, 0.0)	(29.0, 0.0)	(30.0, 0.00040485911914802243)	(31.0, 0.0)	(32.0, 0.0)	(33.0, 0.0006072886787220336)	(34.0, 0.0008097182382960449)	(35.0, 0.0008097182382960449)	(36.0, 0.0008097182382960449)	(37.0, 0.0008097182382960449)	(38.0, 0.0010121477978700562)	(39.0, 0.00040485911914802243)	(40.0, 0.0014170069170180784)	(41.0, 0.0012145773574440673)	(42.0, 0.0022267251553141237)	(43.0, 0.005263168548924291)	(44.0, 0.010121477978700565)	(45.0, 0.027125560982917532)	(46.0, 0.058704572276463085)	(47.0, 0.13036463636566428)	(48.0, 0.3230775770801162)	(49.0, 1.6625539727814314)	(50.0, 3.6340154534720592)	(51.0, 10.299413561572084)	(52.0, 14.316628171303721)	(53.0, 10.711155285744125)	(54.0, 12.7231026783429)	(55.0, 12.799823481421175)	(56.0, 12.687879934977154)	(57.0, 10.055485942286287)	(58.0, 4.5536529426159555)	(59.0, 2.0285466164914103)	(60.0, 1.2408932001885764)	(61.0, 1.1876542260206233)	(62.0, 0.7544549685323378)	(63.0, 0.3510128563013329)	(64.0, 0.16842139356557836)	(65.0, 0.1412958325826612)	(66.0, 0.08927143577213884)	(67.0, 0.01174091445529265)	(68.0, 0.0036437320723322008)	(69.0, 0.004048591191480223)	(70.0, 0.0032388729531841794)	(71.0, 0.0024291547148881346)	(72.0, 0.0016194364765920897)	(73.0, 0.0010121477978700562)	(74.0, 0.00040485911914802243)	(75.0, 0.0)	(76.0, 0.00020242955957401121)	(77.0, 0.00040485911914802243)	(78.0, 0.0)	(79.0, 0.00020242955957401121)	(80.0, 0.00020242955957401121)	(81.0, 0.0)	(82.0, 0.0)	(83.0, 0.0)	(84.0, 0.0)	(85.0, 0.0)	(86.0, 0.0)	(87.0, 0.0)	(88.0, 0.0)	(89.0, 0.0)	(90.0, 0.0)	(91.0, 0.0)	(92.0, 0.0)	(93.0, 0.0)	(94.0, 0.0)	(95.0, 0.0)	(96.0, 0.0)	(97.0, 0.0)	(98.0, 0.0)	(99.0, 0.0)	(100.0, 0.0)
SRR5816744_2	(0.0, 0.0)	(1.0, 0.0)	(2.0, 0.0)	(3.0, 0.0)	(4.0, 0.0)	(5.0, 0.0)	(6.0, 0.0)	(7.0, 0.0)	(8.0, 0.0)	(9.0, 0.0)	(10.0, 0.0)	(11.0, 0.0)	(12.0, 0.0)	(13.0, 0.00020201020353548523)	(14.0, 0.00020201020353548523)	(15.0, 0.0)	(16.0, 0.0)	(17.0, 0.0)	(18.0, 0.0)	(19.0, 0.0)	(20.0, 0.0)	(21.0, 0.00040402040707097046)	(22.0, 0.00040402040707097046)	(23.0, 0.0)	(24.0, 0.0)	(25.0, 0.0)	(26.0, 0.0)	(27.0, 0.00040402040707097046)	(28.0, 0.00040402040707097046)	(29.0, 0.00040402040707097046)	(30.0, 0.00020201020353548523)	(31.0, 0.00020201020353548523)	(32.0, 0.0008080408141419409)	(33.0, 0.0016160816282838818)	(34.0, 0.002222112238890338)	(35.0, 0.0020201020353548525)	(36.0, 0.004848244884851644)	(37.0, 0.006868346920206501)	(38.0, 0.007474377530812957)	(39.0, 0.0082824183449549)	(40.0, 0.011716591805058145)	(41.0, 0.019190969335871073)	(42.0, 0.02767539788436151)	(43.0, 0.032725652972748674)	(44.0, 0.05716888760054217)	(45.0, 0.18948557091628498)	(46.0, 0.33372085624061726)	(47.0, 0.7945061305050521)	(48.0, 1.7261771892108293)	(49.0, 3.720017898105287)	(50.0, 7.532152449026968)	(51.0, 11.015010368182677)	(52.0, 17.36540312650109)	(53.0, 20.462421556898942)	(54.0, 16.367876741446494)	(55.0, 8.422209405805935)	(56.0, 4.987025894678759)	(57.0, 2.471594840257109)	(58.0, 1.0898450480738644)	(59.0, 0.5799712943504017)	(60.0, 0.39048572343409504)	(61.0, 0.2801881523037127)	(62.0, 0.37291083572650585)	(63.0, 0.7124899878696638)	(64.0, 0.3832133561068167)	(65.0, 0.10989355072330445)	(66.0, 0.062219142688929224)	(67.0, 0.1379729690147377)	(68.0, 0.16665841791677644)	(69.0, 0.06868346920206467)	(70.0, 0.025857306052542134)	(71.0, 0.012120612212129114)	(72.0, 0.006666336716671014)	(73.0, 0.00464623468131616)	(74.0, 0.0038381938671742184)	(75.0, 0.0028281428494967933)	(76.0, 0.002424122442425823)	(77.0, 0.0026261326459613085)	(78.0, 0.0016160816282838818)	(79.0, 0.0014140714247483966)	(80.0, 0.0008080408141419409)	(81.0, 0.0014140714247483966)	(82.0, 0.0008080408141419409)	(83.0, 0.00020201020353548523)	(84.0, 0.0006060306106064557)	(85.0, 0.0010100510176774262)	(86.0, 0.00020201020353548523)	(87.0, 0.00040402040707097046)	(88.0, 0.00020201020353548523)	(89.0, 0.0006060306106064557)	(90.0, 0.0)	(91.0, 0.00020201020353548523)	(92.0, 0.00040402040707097046)	(93.0, 0.00040402040707097046)	(94.0, 0.00020201020353548523)	(95.0, 0.00020201020353548523)	(96.0, 0.00020201020353548523)	(97.0, 0.0)	(98.0, 0.0)	(99.0, 0.00020201020353548523)	(100.0, 0.00030301530530322786)
SRR5816745_1	(0.0, 0.0)	(1.0, 0.0)	(2.0, 0.0)	(3.0, 0.0)	(4.0, 0.0)	(5.0, 0.0)	(6.0, 0.0)	(7.0, 0.0)	(8.0, 0.0)	(9.0, 0.0)	(10.0, 0.0)	(11.0, 0.0)	(12.0, 0.0)	(13.0, 0.0)	(14.0, 0.0)	(15.0, 0.0)	(16.0, 0.0)	(17.0, 0.0)	(18.0, 0.0)	(19.0, 0.0)	(20.0, 0.0)	(21.0, 0.0)	(22.0, 0.0)	(23.0, 0.0)	(24.0, 0.0)	(25.0, 0.0005027677363888307)	(26.0, 0.0)	(27.0, 0.0)	(28.0, 0.0)	(29.0, 0.0)	(30.0, 0.0)	(31.0, 0.0)	(32.0, 0.0005027677363888307)	(33.0, 0.0005027677363888307)	(34.0, 0.0)	(35.0, 0.0)	(36.0, 0.0005027677363888307)	(37.0, 0.0005027677363888307)	(38.0, 0.0)	(39.0, 0.0)	(40.0, 0.0020110709455553226)	(41.0, 0.002513838681944153)	(42.0, 0.001508303209166492)	(43.0, 0.007038748309443628)	(44.0, 0.0211162449283309)	(45.0, 0.02815499323777452)	(46.0, 0.029160528710552178)	(47.0, 0.09401756670471159)	(48.0, 0.3363516156441307)	(49.0, 1.2890964761010029)	(50.0, 5.060357266754196)	(51.0, 14.685342812181096)	(52.0, 17.566201941694334)	(53.0, 13.248432621579203)	(54.0, 14.251957023413137)	(55.0, 11.05385145224152)	(56.0, 7.993001473109103)	(57.0, 7.120196682738887)	(58.0, 3.972870652944661)	(59.0, 1.167929451631281)	(60.0, 0.6495759154143587)	(61.0, 0.49824282676132925)	(62.0, 0.33534608017135303)	(63.0, 0.22523994590219593)	(64.0, 0.13323345014303986)	(65.0, 0.11965872126054164)	(66.0, 0.08496774744971257)	(67.0, 0.013071961146109593)	(68.0, 0.001508303209166492)	(69.0, 0.001508303209166492)	(70.0, 0.001508303209166492)	(71.0, 0.0005027677363888307)	(72.0, 0.0005027677363888307)	(73.0, 0.0005027677363888307)	(74.0, 0.0005027677363888307)	(75.0, 0.0)	(76.0, 0.0)	(77.0, 0.0)	(78.0, 0.0005027677363888307)	(79.0, 0.0)	(80.0, 0.0)	(81.0, 0.0)	(82.0, 0.0)	(83.0, 0.0)	(84.0, 0.0)	(85.0, 0.0)	(86.0, 0.0)	(87.0, 0.0)	(88.0, 0.0)	(89.0, 0.0)	(90.0, 0.0)	(91.0, 0.0)	(92.0, 0.0)	(93.0, 0.0)	(94.0, 0.0)	(95.0, 0.0)	(96.0, 0.0)	(97.0, 0.0)	(98.0, 0.0)	(99.0, 0.0)	(100.0, 0.0)
SRR5816745_2	(0.0, 0.0)	(1.0, 0.0)	(2.0, 0.0)	(3.0, 0.0)	(4.0, 0.0)	(5.0, 0.0)	(6.0, 0.0)	(7.0, 0.0)	(8.0, 0.0)	(9.0, 0.0)	(10.0, 0.0)	(11.0, 0.0)	(12.0, 0.0005039763735875697)	(13.0, 0.0)	(14.0, 0.0)	(15.0, 0.0)	(16.0, 0.0)	(17.0, 0.0005039763735875697)	(18.0, 0.0005039763735875697)	(19.0, 0.0)	(20.0, 0.0)	(21.0, 0.0005039763735875697)	(22.0, 0.0005039763735875697)	(23.0, 0.0005039763735875697)	(24.0, 0.0)	(25.0, 0.0)	(26.0, 0.0010079527471751394)	(27.0, 0.0020159054943502787)	(28.0, 0.0005039763735875697)	(29.0, 0.001511929120762709)	(30.0, 0.0030238582415254176)	(31.0, 0.0030238582415254176)	(32.0, 0.003527834615112987)	(33.0, 0.0040318109887005574)	(34.0, 0.007559645603813544)	(35.0, 0.008567598350988682)	(36.0, 0.01007952747175139)	(37.0, 0.019151102196327655)	(38.0, 0.02217496043785308)	(39.0, 0.018143149449152515)	(40.0, 0.02620677142655363)	(41.0, 0.036790275271892554)	(42.0, 0.04183003900776824)	(43.0, 0.04989366098516934)	(44.0, 0.0902117708721752)	(45.0, 0.3361522411829119)	(46.0, 0.4908729878742914)	(47.0, 0.7388293636793616)	(48.0, 1.7921399844774126)	(49.0, 4.811462438641026)	(50.0, 9.052927598752039)	(51.0, 12.73749886604837)	(52.0, 17.808005160722132)	(53.0, 18.532219209568787)	(54.0, 14.825472981825468)	(55.0, 7.7254538307235885)	(56.0, 4.858332241384692)	(57.0, 2.6821622602328583)	(58.0, 1.3698077834110645)	(59.0, 0.47776960216101527)	(60.0, 0.24594047031073438)	(61.0, 0.13153783350635545)	(62.0, 0.1658082269103097)	(63.0, 0.31095342250353275)	(64.0, 0.1738718488877107)	(65.0, 0.08617995988347461)	(66.0, 0.06501295219279653)	(67.0, 0.06652488131355926)	(68.0, 0.07962826702683616)	(69.0, 0.037798228019067695)	(70.0, 0.014111338460451948)	(71.0, 0.007055669230225974)	(72.0, 0.004535787362288127)	(73.0, 0.003527834615112987)	(74.0, 0.002519881867937848)	(75.0, 0.001511929120762709)	(76.0, 0.0010079527471751394)	(77.0, 0.0020159054943502787)	(78.0, 0.0010079527471751394)	(79.0, 0.001511929120762709)	(80.0, 0.0005039763735875697)	(81.0, 0.0)	(82.0, 0.0005039763735875697)	(83.0, 0.0)	(84.0, 0.0010079527471751394)	(85.0, 0.0005039763735875697)	(86.0, 0.0)	(87.0, 0.0010079527471751394)	(88.0, 0.0)	(89.0, 0.0005039763735875697)	(90.0, 0.0)	(91.0, 0.0)	(92.0, 0.0)	(93.0, 0.0)	(94.0, 0.0)	(95.0, 0.0010079527471751394)	(96.0, 0.0010079527471751394)	(97.0, 0.0)	(98.0, 0.0)	(99.0, 0.0005039763735875697)	(100.0, 0.0)
SRR5816746_1	(0.0, 0.0)	(1.0, 0.0)	(2.0, 0.0)	(3.0, 0.0)	(4.0, 0.0)	(5.0, 0.0)	(6.0, 0.0)	(7.0, 0.0)	(8.0, 0.0)	(9.0, 0.0)	(10.0, 0.0)	(11.0, 0.0)	(12.0, 0.0)	(13.0, 0.0)	(14.0, 0.0)	(15.0, 0.0)	(16.0, 0.0)	(17.0, 0.0)	(18.0, 0.0)	(19.0, 0.0)	(20.0, 0.0)	(21.0, 0.0)	(22.0, 0.0)	(23.0, 0.0)	(24.0, 0.0)	(25.0, 0.0)	(26.0, 0.0)	(27.0, 0.0)	(28.0, 0.0)	(29.0, 0.00021043283930719057)	(30.0, 0.00042086567861438114)	(31.0, 0.00021043283930719057)	(32.0, 0.00042086567861438114)	(33.0, 0.0006312985179215717)	(34.0, 0.0012625970358431434)	(35.0, 0.0014730298751503338)	(36.0, 0.0014730298751503338)	(37.0, 0.0023147612323790967)	(38.0, 0.0016834627144575245)	(39.0, 0.0008417313572287623)	(40.0, 0.0014730298751503338)	(41.0, 0.0018938955537647153)	(42.0, 0.002525194071686287)	(43.0, 0.006523418018522908)	(44.0, 0.011994671840509863)	(45.0, 0.02483107503824849)	(46.0, 0.045032627611738825)	(47.0, 0.1300474946918447)	(48.0, 0.3705722300199606)	(49.0, 2.0790764523552827)	(50.0, 5.559004315976876)	(51.0, 13.265475757082879)	(52.0, 17.59008103766922)	(53.0, 12.435528638858338)	(54.0, 12.363350174976235)	(55.0, 10.472611113808005)	(56.0, 8.73675062236054)	(57.0, 7.957938684083213)	(58.0, 4.5745994936976775)	(59.0, 1.3126800515981463)	(60.0, 0.6626530109783687)	(61.0, 0.8924456715017687)	(62.0, 0.689588414409683)	(63.0, 0.36278621496559366)	(64.0, 0.2058033168424317)	(65.0, 0.11321286754726897)	(66.0, 0.09111741942001335)	(67.0, 0.01620332862665366)	(68.0, 0.006523418018522908)	(69.0, 0.0016834627144575245)	(70.0, 0.0012625970358431434)	(71.0, 0.002104328393071906)	(72.0, 0.0006312985179215717)	(73.0, 0.00042086567861438114)	(74.0, 0.0)	(75.0, 0.00021043283930719057)	(76.0, 0.0)	(77.0, 0.00021043283930719057)	(78.0, 0.00021043283930719057)	(79.0, 0.0)	(80.0, 0.0)	(81.0, 0.0)	(82.0, 0.0)	(83.0, 0.0)	(84.0, 0.0)	(85.0, 0.0)	(86.0, 0.0)	(87.0, 0.0)	(88.0, 0.0)	(89.0, 0.0)	(90.0, 0.0)	(91.0, 0.0)	(92.0, 0.0)	(93.0, 0.0)	(94.0, 0.0)	(95.0, 0.0)	(96.0, 0.0)	(97.0, 0.0)	(98.0, 0.0)	(99.0, 0.0)	(100.0, 0.0)
SRR5816746_2	(0.0, 0.0)	(1.0, 0.0)	(2.0, 0.0)	(3.0, 0.0)	(4.0, 0.0)	(5.0, 0.0)	(6.0, 0.0)	(7.0, 0.0)	(8.0, 0.0)	(9.0, 0.0)	(10.0, 0.0)	(11.0, 0.00020967327661682367)	(12.0, 0.00041934655323364734)	(13.0, 0.0)	(14.0, 0.00020967327661682367)	(15.0, 0.00020967327661682367)	(16.0, 0.00041934655323364734)	(17.0, 0.0)	(18.0, 0.0)	(19.0, 0.00020967327661682367)	(20.0, 0.00020967327661682367)	(21.0, 0.00041934655323364734)	(22.0, 0.00041934655323364734)	(23.0, 0.0006290198298504711)	(24.0, 0.00020967327661682367)	(25.0, 0.00041934655323364734)	(26.0, 0.00041934655323364734)	(27.0, 0.0006290198298504711)	(28.0, 0.0008386931064672947)	(29.0, 0.0006290198298504711)	(30.0, 0.0010483663830841183)	(31.0, 0.0016773862129345893)	(32.0, 0.0016773862129345893)	(33.0, 0.0027257525960187076)	(34.0, 0.004403138808953296)	(35.0, 0.00524183191542059)	(36.0, 0.006290198298504711)	(37.0, 0.010693337107458012)	(38.0, 0.014467456086560823)	(39.0, 0.017402881959196346)	(40.0, 0.022225367321383294)	(41.0, 0.025580139747252494)	(42.0, 0.03522511047162645)	(43.0, 0.041724982046747995)	(44.0, 0.0792564985611589)	(45.0, 0.20044765244568302)	(46.0, 0.3124131821590605)	(47.0, 0.8200321848483865)	(48.0, 1.6111294575237027)	(49.0, 3.0989710283966474)	(50.0, 6.526500081252494)	(51.0, 12.069842168448535)	(52.0, 17.777568104490943)	(53.0, 19.04231730903902)	(54.0, 16.674476996213848)	(55.0, 8.945920020138423)	(56.0, 5.9073348954018865)	(57.0, 2.8637176120327847)	(58.0, 1.0223668967835755)	(59.0, 0.47763572413313465)	(60.0, 0.2713172199421654)	(61.0, 0.17864163167753458)	(62.0, 0.29018781483767847)	(63.0, 0.6353100281490041)	(64.0, 0.38475046259187123)	(65.0, 0.1285297185661138)	(66.0, 0.07736943907160752)	(67.0, 0.13146514443874943)	(68.0, 0.1461422738019275)	(69.0, 0.06059557694226185)	(70.0, 0.027676872513420745)	(71.0, 0.010064317277607544)	(72.0, 0.005870851745271062)	(73.0, 0.0031450991492523546)	(74.0, 0.0031450991492523546)	(75.0, 0.0037741189791028248)	(76.0, 0.002096732766168237)	(77.0, 0.0016773862129345893)	(78.0, 0.001887059489551413)	(79.0, 0.0010483663830841183)	(80.0, 0.0010483663830841183)	(81.0, 0.00041934655323364734)	(82.0, 0.00041934655323364734)	(83.0, 0.0006290198298504711)	(84.0, 0.0006290198298504711)	(85.0, 0.00041934655323364734)	(86.0, 0.00041934655323364734)	(87.0, 0.0)	(88.0, 0.0)	(89.0, 0.00041934655323364734)	(90.0, 0.0010483663830841183)	(91.0, 0.00020967327661682367)	(92.0, 0.0)	(93.0, 0.0)	(94.0, 0.00020967327661682367)	(95.0, 0.00041934655323364734)	(96.0, 0.00020967327661682367)	(97.0, 0.00020967327661682367)	(98.0, 0.00020967327661682367)	(99.0, 0.0006290198298504711)	(100.0, 0.0009435297447757065)
SRR5816747_1	(0.0, 0.0)	(1.0, 0.0)	(2.0, 0.0)	(3.0, 0.0)	(4.0, 0.0)	(5.0, 0.0)	(6.0, 0.0)	(7.0, 0.0)	(8.0, 0.0)	(9.0, 0.0)	(10.0, 0.0)	(11.0, 0.0)	(12.0, 0.0)	(13.0, 0.0)	(14.0, 0.0)	(15.0, 0.0)	(16.0, 0.0)	(17.0, 0.0)	(18.0, 0.0)	(19.0, 0.0)	(20.0, 0.0)	(21.0, 0.0)	(22.0, 0.0)	(23.0, 0.0)	(24.0, 0.0)	(25.0, 0.0)	(26.0, 0.0)	(27.0, 0.0)	(28.0, 0.0)	(29.0, 0.0)	(30.0, 0.0)	(31.0, 0.0005686131241593921)	(32.0, 0.0005686131241593921)	(33.0, 0.0)	(34.0, 0.00028430656207969606)	(35.0, 0.0005686131241593921)	(36.0, 0.0005686131241593921)	(37.0, 0.0008529196862390883)	(38.0, 0.00028430656207969606)	(39.0, 0.0005686131241593921)	(40.0, 0.0008529196862390883)	(41.0, 0.0019901459345578725)	(42.0, 0.005970437803673616)	(43.0, 0.005401824679514224)	(44.0, 0.01307810185566603)	(45.0, 0.023028831528455362)	(46.0, 0.027862043083810177)	(47.0, 0.08785072768262576)	(48.0, 0.45887079119662205)	(49.0, 1.9867342558128664)	(50.0, 4.1267097485868485)	(51.0, 8.862688459711235)	(52.0, 13.577059872125332)	(53.0, 14.987504726599738)	(54.0, 18.546454270700426)	(55.0, 14.249160584881453)	(56.0, 10.604634765576701)	(57.0, 6.037534152322748)	(58.0, 3.034403937077023)	(59.0, 1.3945236870008304)	(60.0, 0.805440490371811)	(61.0, 0.39689196066324806)	(62.0, 0.22772955622583851)	(63.0, 0.19418138190043424)	(64.0, 0.15238831727471772)	(65.0, 0.1080364935902839)	(66.0, 0.053449633670983016)	(67.0, 0.006823357489912704)	(68.0, 0.005970437803673616)	(69.0, 0.0028430656207969612)	(70.0, 0.002558759058717265)	(71.0, 0.002558759058717265)	(72.0, 0.0022744524966375685)	(73.0, 0.0019901459345578725)	(74.0, 0.00028430656207969606)	(75.0, 0.0)	(76.0, 0.0)	(77.0, 0.0)	(78.0, 0.0)	(79.0, 0.0)	(80.0, 0.0)	(81.0, 0.0)	(82.0, 0.0)	(83.0, 0.0)	(84.0, 0.0)	(85.0, 0.0)	(86.0, 0.0)	(87.0, 0.0)	(88.0, 0.0)	(89.0, 0.0)	(90.0, 0.0)	(91.0, 0.0)	(92.0, 0.0)	(93.0, 0.0)	(94.0, 0.0)	(95.0, 0.0)	(96.0, 0.0)	(97.0, 0.0)	(98.0, 0.0)	(99.0, 0.0)	(100.0, 0.0)
SRR5816747_2	(0.0, 0.0)	(1.0, 0.0)	(2.0, 0.0)	(3.0, 0.0)	(4.0, 0.0)	(5.0, 0.0)	(6.0, 0.0)	(7.0, 0.0)	(8.0, 0.0)	(9.0, 0.0)	(10.0, 0.0)	(11.0, 0.0)	(12.0, 0.0)	(13.0, 0.0)	(14.0, 0.0)	(15.0, 0.0)	(16.0, 0.0)	(17.0, 0.0)	(18.0, 0.0)	(19.0, 0.0)	(20.0, 0.0)	(21.0, 0.0)	(22.0, 0.0)	(23.0, 0.0)	(24.0, 0.0005675916518619305)	(25.0, 0.00028379582593096527)	(26.0, 0.0)	(27.0, 0.0005675916518619305)	(28.0, 0.0005675916518619305)	(29.0, 0.00028379582593096527)	(30.0, 0.0008513874777928958)	(31.0, 0.0019865707815167567)	(32.0, 0.003689345737102549)	(33.0, 0.0025541624333786875)	(34.0, 0.004540733214895443)	(35.0, 0.007662487300136062)	(36.0, 0.00709489564827413)	(37.0, 0.01050044555944572)	(38.0, 0.015041178774341163)	(39.0, 0.01674395372992695)	(40.0, 0.019298116163305627)	(41.0, 0.023555053552270094)	(42.0, 0.03604206989323261)	(43.0, 0.04342076136743776)	(44.0, 0.0786114437828772)	(45.0, 0.3266489956465374)	(46.0, 0.4935209412939452)	(47.0, 0.980230782765569)	(48.0, 2.0104096308949204)	(49.0, 5.953752632204112)	(50.0, 9.537242526238144)	(51.0, 11.779513346922778)	(52.0, 16.008071153290615)	(53.0, 17.488917772993005)	(54.0, 16.42496722158169)	(55.0, 9.45834728662919)	(56.0, 4.460702791982661)	(57.0, 2.1846602680166125)	(58.0, 0.8738073480414811)	(59.0, 0.4552085047932606)	(60.0, 0.3240948332131588)	(61.0, 0.1478576253100334)	(62.0, 0.10727482220190428)	(63.0, 0.12515395923555553)	(64.0, 0.10500445559445658)	(65.0, 0.06016471509736471)	(66.0, 0.0456911279748855)	(67.0, 0.10074751820549216)	(68.0, 0.1316812632319679)	(69.0, 0.08003042291253198)	(70.0, 0.0309337450264752)	(71.0, 0.011068037211307651)	(72.0, 0.004256937388964479)	(73.0, 0.004540733214895443)	(74.0, 0.0019865707815167567)	(75.0, 0.0019865707815167567)	(76.0, 0.002270366607447722)	(77.0, 0.0019865707815167567)	(78.0, 0.0005675916518619305)	(79.0, 0.00028379582593096527)	(80.0, 0.00028379582593096527)	(81.0, 0.00028379582593096527)	(82.0, 0.00028379582593096527)	(83.0, 0.0)	(84.0, 0.00028379582593096527)	(85.0, 0.0)	(86.0, 0.0)	(87.0, 0.00028379582593096527)	(88.0, 0.00028379582593096527)	(89.0, 0.00028379582593096527)	(90.0, 0.0)	(91.0, 0.00028379582593096527)	(92.0, 0.0)	(93.0, 0.0)	(94.0, 0.0)	(95.0, 0.0)	(96.0, 0.0)	(97.0, 0.00028379582593096527)	(98.0, 0.0)	(99.0, 0.0)	(100.0, 0.0)
SRR5816748_1	(0.0, 0.0)	(1.0, 0.0)	(2.0, 0.0)	(3.0, 0.0)	(4.0, 0.0)	(5.0, 0.0)	(6.0, 0.0)	(7.0, 0.0)	(8.0, 0.0)	(9.0, 0.0)	(10.0, 0.0)	(11.0, 0.0)	(12.0, 0.0)	(13.0, 0.0)	(14.0, 0.0)	(15.0, 0.0)	(16.0, 0.0)	(17.0, 0.0)	(18.0, 0.0)	(19.0, 0.0)	(20.0, 0.0)	(21.0, 0.0)	(22.0, 0.0)	(23.0, 0.0)	(24.0, 0.0)	(25.0, 0.0)	(26.0, 0.0)	(27.0, 0.0)	(28.0, 0.0009945251391092489)	(29.0, 0.0009945251391092489)	(30.0, 0.0)	(31.0, 0.0)	(32.0, 0.0)	(33.0, 0.0)	(34.0, 0.0)	(35.0, 0.0)	(36.0, 0.0)	(37.0, 0.0014917877086638733)	(38.0, 0.003480837986882371)	(39.0, 0.002983575417327746)	(40.0, 0.0014917877086638733)	(41.0, 0.003480837986882371)	(42.0, 0.005967150834655493)	(43.0, 0.012431564238865605)	(44.0, 0.013426089377974857)	(45.0, 0.02088502792129424)	(46.0, 0.041272793273033785)	(47.0, 0.11138681558023589)	(48.0, 0.5698629047095932)	(49.0, 2.237681562995718)	(50.0, 3.6578634616438137)	(51.0, 5.95074116986123)	(52.0, 9.356492508737972)	(53.0, 9.846793402318387)	(54.0, 12.984022953637739)	(55.0, 16.407178482458)	(56.0, 13.60013127731704)	(57.0, 8.185936420007451)	(58.0, 6.219760219990254)	(59.0, 4.868200555940319)	(60.0, 2.633502568361109)	(61.0, 0.8905972620723294)	(62.0, 0.7558391057230122)	(63.0, 0.7279924018279548)	(64.0, 0.4062635193261311)	(65.0, 0.33913307243625695)	(66.0, 0.1084032401629082)	(67.0, 0.019890502782184988)	(68.0, 0.005967150834655493)	(69.0, 0.003480837986882371)	(70.0, 0.0009945251391092489)	(71.0, 0.0004972625695546244)	(72.0, 0.0004972625695546244)	(73.0, 0.0004972625695546244)	(74.0, 0.0)	(75.0, 0.0)	(76.0, 0.0)	(77.0, 0.0)	(78.0, 0.0)	(79.0, 0.0)	(80.0, 0.0)	(81.0, 0.0)	(82.0, 0.0)	(83.0, 0.0)	(84.0, 0.0004972625695546244)	(85.0, 0.0)	(86.0, 0.0)	(87.0, 0.0004972625695546244)	(88.0, 0.0004972625695546244)	(89.0, 0.0)	(90.0, 0.0)	(91.0, 0.0)	(92.0, 0.0)	(93.0, 0.0)	(94.0, 0.0)	(95.0, 0.0)	(96.0, 0.0)	(97.0, 0.0)	(98.0, 0.0)	(99.0, 0.0)	(100.0, 0.0)
SRR5816748_2	(0.0, 0.0)	(1.0, 0.0)	(2.0, 0.0)	(3.0, 0.0)	(4.0, 0.0)	(5.0, 0.0)	(6.0, 0.0)	(7.0, 0.0)	(8.0, 0.0)	(9.0, 0.0)	(10.0, 0.0)	(11.0, 0.0004960292855690038)	(12.0, 0.0004960292855690038)	(13.0, 0.0)	(14.0, 0.0)	(15.0, 0.0)	(16.0, 0.0)	(17.0, 0.0)	(18.0, 0.0)	(19.0, 0.0)	(20.0, 0.0)	(21.0, 0.0004960292855690038)	(22.0, 0.0004960292855690038)	(23.0, 0.0)	(24.0, 0.0)	(25.0, 0.0)	(26.0, 0.0004960292855690038)	(27.0, 0.0009920585711380076)	(28.0, 0.0)	(29.0, 0.0004960292855690038)	(30.0, 0.0014880878567070115)	(31.0, 0.0019841171422760153)	(32.0, 0.0039682342845520305)	(33.0, 0.0039682342845520305)	(34.0, 0.0034722049989830265)	(35.0, 0.005456322141259042)	(36.0, 0.008432497854673062)	(37.0, 0.011408673568087082)	(38.0, 0.014880878567070113)	(39.0, 0.013888819995932106)	(40.0, 0.02876969856300222)	(41.0, 0.03819425498881326)	(42.0, 0.0481148407001933)	(43.0, 0.06349174855283253)	(44.0, 0.09275747640140396)	(45.0, 0.14533658067171767)	(46.0, 0.28720095634445486)	(47.0, 1.0396773825526462)	(48.0, 2.846712069880281)	(49.0, 3.6373827510774954)	(50.0, 8.068412359064729)	(51.0, 13.793086343815766)	(52.0, 15.903690953915719)	(53.0, 16.467180222323133)	(54.0, 14.646256714996007)	(55.0, 7.9602779748107855)	(56.0, 5.1587045699183225)	(57.0, 3.4508757397034655)	(58.0, 1.604654738815778)	(59.0, 1.2395771846369774)	(60.0, 0.8749956597437181)	(61.0, 0.4345216541584486)	(62.0, 0.41964077559137936)	(63.0, 0.47519605557510464)	(64.0, 0.2936493370568521)	(65.0, 0.14930481495626963)	(66.0, 0.13442393638919975)	(67.0, 0.20138788994101478)	(68.0, 0.2410702327865362)	(69.0, 0.10367012068392192)	(70.0, 0.037202196417675255)	(71.0, 0.011408673568087082)	(72.0, 0.00793646856910406)	(73.0, 0.004960292855690038)	(74.0, 0.0034722049989830265)	(75.0, 0.0014880878567070115)	(76.0, 0.0004960292855690038)	(77.0, 0.0004960292855690038)	(78.0, 0.0004960292855690038)	(79.0, 0.0009920585711380076)	(80.0, 0.0009920585711380076)	(81.0, 0.0009920585711380076)	(82.0, 0.0014880878567070115)	(83.0, 0.0014880878567070115)	(84.0, 0.0009920585711380076)	(85.0, 0.0004960292855690038)	(86.0, 0.0004960292855690038)	(87.0, 0.0009920585711380076)	(88.0, 0.0004960292855690038)	(89.0, 0.0)	(90.0, 0.0)	(91.0, 0.0004960292855690038)	(92.0, 0.0004960292855690038)	(93.0, 0.0)	(94.0, 0.0)	(95.0, 0.0004960292855690038)	(96.0, 0.0)	(97.0, 0.0)	(98.0, 0.0)	(99.0, 0.0)	(100.0, 0.0)
SRR5816749_1	(0.0, 0.0)	(1.0, 0.0)	(2.0, 0.0)	(3.0, 0.0)	(4.0, 0.0)	(5.0, 0.0)	(6.0, 0.0)	(7.0, 0.0)	(8.0, 0.0)	(9.0, 0.0)	(10.0, 0.0)	(11.0, 0.0)	(12.0, 0.0)	(13.0, 0.0)	(14.0, 0.0)	(15.0, 0.0)	(16.0, 0.0)	(17.0, 0.0)	(18.0, 0.0)	(19.0, 0.0)	(20.0, 0.0)	(21.0, 0.0)	(22.0, 0.0)	(23.0, 0.0)	(24.0, 0.0)	(25.0, 0.0)	(26.0, 0.0)	(27.0, 0.0)	(28.0, 0.0)	(29.0, 0.0)	(30.0, 0.0)	(31.0, 0.0)	(32.0, 0.0)	(33.0, 0.0)	(34.0, 0.0)	(35.0, 0.0010989856362579454)	(36.0, 0.0005494928181289727)	(37.0, 0.0)	(38.0, 0.0)	(39.0, 0.0005494928181289727)	(40.0, 0.0)	(41.0, 0.0010989856362579454)	(42.0, 0.003846449726902808)	(43.0, 0.005494928181289728)	(44.0, 0.015935291725740208)	(45.0, 0.03461804754212527)	(46.0, 0.056048267449155156)	(47.0, 0.14176914707727473)	(48.0, 0.4335498335037636)	(49.0, 2.457881375490796)	(50.0, 4.993241238338403)	(51.0, 9.596892068621148)	(52.0, 13.453232666246773)	(53.0, 11.466266635894213)	(54.0, 13.137823788641029)	(55.0, 11.986636334661878)	(56.0, 9.525458002264447)	(57.0, 9.728770344971982)	(58.0, 7.32583825129617)	(59.0, 2.5364588484832216)	(60.0, 1.1319552053456972)	(61.0, 0.6665347883904348)	(62.0, 0.38849142241718754)	(63.0, 0.38189750859963967)	(64.0, 0.27859285879138984)	(65.0, 0.13847219016850093)	(66.0, 0.09066631499128068)	(67.0, 0.012638334816966365)	(68.0, 0.0032969569087738363)	(69.0, 0.002747464090644863)	(70.0, 0.0005494928181289727)	(71.0, 0.0005494928181289727)	(72.0, 0.0)	(73.0, 0.0)	(74.0, 0.0)	(75.0, 0.0)	(76.0, 0.0)	(77.0, 0.0)	(78.0, 0.0)	(79.0, 0.0)	(80.0, 0.0)	(81.0, 0.0)	(82.0, 0.0)	(83.0, 0.0)	(84.0, 0.0)	(85.0, 0.0)	(86.0, 0.0)	(87.0, 0.0)	(88.0, 0.0)	(89.0, 0.0)	(90.0, 0.0)	(91.0, 0.0)	(92.0, 0.0)	(93.0, 0.0)	(94.0, 0.0005494928181289727)	(95.0, 0.0)	(96.0, 0.0)	(97.0, 0.0)	(98.0, 0.0)	(99.0, 0.0)	(100.0, 0.0)
SRR5816749_2	(0.0, 0.0)	(1.0, 0.0)	(2.0, 0.0)	(3.0, 0.0)	(4.0, 0.0)	(5.0, 0.0)	(6.0, 0.0)	(7.0, 0.0)	(8.0, 0.0)	(9.0, 0.0)	(10.0, 0.0)	(11.0, 0.0)	(12.0, 0.0)	(13.0, 0.0)	(14.0, 0.0)	(15.0, 0.0)	(16.0, 0.0)	(17.0, 0.0)	(18.0, 0.0)	(19.0, 0.000550073159730315)	(20.0, 0.000550073159730315)	(21.0, 0.000550073159730315)	(22.0, 0.000550073159730315)	(23.0, 0.00110014631946063)	(24.0, 0.000550073159730315)	(25.0, 0.00110014631946063)	(26.0, 0.000550073159730315)	(27.0, 0.0)	(28.0, 0.0)	(29.0, 0.00220029263892126)	(30.0, 0.00110014631946063)	(31.0, 0.0016502194791909452)	(32.0, 0.003850512118112205)	(33.0, 0.008251097395954725)	(34.0, 0.00880117055568504)	(35.0, 0.003850512118112205)	(36.0, 0.011551536354336612)	(37.0, 0.015952121632179135)	(38.0, 0.013751828993257872)	(39.0, 0.020902780069751978)	(40.0, 0.034104535903279526)	(41.0, 0.04015534066031297)	(42.0, 0.04235563329923422)	(43.0, 0.06710892548709846)	(44.0, 0.0918622176749628)	(45.0, 0.2497332145175629)	(46.0, 0.44060860094398613)	(47.0, 0.833910910151139)	(48.0, 1.812491061311437)	(49.0, 5.106879214936723)	(50.0, 10.749529687447417)	(51.0, 13.403082609984043)	(52.0, 14.337656908367233)	(53.0, 16.166650164473857)	(54.0, 14.021914914681458)	(55.0, 7.9931130840413145)	(56.0, 6.454008383116877)	(57.0, 4.239413842041621)	(58.0, 1.409287435229112)	(59.0, 0.48681474636132993)	(60.0, 0.27338636038596714)	(61.0, 0.22993058076727102)	(62.0, 0.24258226344106862)	(63.0, 0.2623848971913605)	(64.0, 0.21287831281563077)	(65.0, 0.12816704621716335)	(66.0, 0.08636148607765962)	(67.0, 0.14796967996745441)	(68.0, 0.191975532745879)	(69.0, 0.08526133975819898)	(70.0, 0.028603804305976394)	(71.0, 0.010451390034875982)	(72.0, 0.00440058527784252)	(73.0, 0.0016502194791909452)	(74.0, 0.0016502194791909452)	(75.0, 0.00220029263892126)	(76.0, 0.0)	(77.0, 0.0016502194791909452)	(78.0, 0.00220029263892126)	(79.0, 0.000550073159730315)	(80.0, 0.0)	(81.0, 0.0)	(82.0, 0.0)	(83.0, 0.00110014631946063)	(84.0, 0.000550073159730315)	(85.0, 0.000550073159730315)	(86.0, 0.00110014631946063)	(87.0, 0.000550073159730315)	(88.0, 0.00110014631946063)	(89.0, 0.00110014631946063)	(90.0, 0.0)	(91.0, 0.00110014631946063)	(92.0, 0.000550073159730315)	(93.0, 0.0)	(94.0, 0.0)	(95.0, 0.0)	(96.0, 0.0)	(97.0, 0.0)	(98.0, 0.0)	(99.0, 0.0)	(100.0, 0.0)
SRR5816750_1	(0.0, 0.0)	(1.0, 0.0)	(2.0, 0.0)	(3.0, 0.0)	(4.0, 0.0)	(5.0, 0.0)	(6.0, 0.0)	(7.0, 0.0)	(8.0, 0.0)	(9.0, 0.0)	(10.0, 0.0)	(11.0, 0.0)	(12.0, 0.0)	(13.0, 0.0)	(14.0, 0.0)	(15.0, 0.0)	(16.0, 0.0)	(17.0, 0.0)	(18.0, 0.0)	(19.0, 0.0)	(20.0, 0.0)	(21.0, 0.0)	(22.0, 0.0)	(23.0, 0.0)	(24.0, 0.0)	(25.0, 0.0)	(26.0, 0.0)	(27.0, 0.0)	(28.0, 0.0)	(29.0, 0.0)	(30.0, 0.0)	(31.0, 0.0)	(32.0, 0.0003946766019923024)	(33.0, 0.0)	(34.0, 0.0)	(35.0, 0.0007893532039846048)	(36.0, 0.0003946766019923024)	(37.0, 0.0015787064079692097)	(38.0, 0.002368059611953814)	(39.0, 0.003946766019923024)	(40.0, 0.005130795825899931)	(41.0, 0.006709502233869139)	(42.0, 0.007104178835861442)	(43.0, 0.009077561845822951)	(44.0, 0.007893532039846045)	(45.0, 0.012629651263753677)	(46.0, 0.03591557078129948)	(47.0, 0.08919691205026035)	(48.0, 0.3504728225691653)	(49.0, 1.9737776865633863)	(50.0, 4.321314115214361)	(51.0, 10.04136210788525)	(52.0, 13.972341063735733)	(53.0, 12.62767788074551)	(54.0, 15.408963894990327)	(55.0, 12.114203621552592)	(56.0, 9.30450089196536)	(57.0, 8.497387240891834)	(58.0, 4.756642407212068)	(59.0, 2.235448273684223)	(60.0, 1.9635160949115886)	(61.0, 1.0182656331401732)	(62.0, 0.40730625325605363)	(63.0, 0.25377705508105247)	(64.0, 0.23206984197147526)	(65.0, 0.21036262886189797)	(66.0, 0.09353835467217562)	(67.0, 0.01776044708965362)	(68.0, 0.006709502233869139)	(69.0, 0.0035520894179307217)	(70.0, 0.002368059611953814)	(71.0, 0.0015787064079692097)	(72.0, 0.0015787064079692097)	(73.0, 0.0003946766019923024)	(74.0, 0.0)	(75.0, 0.0)	(76.0, 0.0)	(77.0, 0.0)	(78.0, 0.0)	(79.0, 0.0)	(80.0, 0.0)	(81.0, 0.0)	(82.0, 0.0)	(83.0, 0.0)	(84.0, 0.0)	(85.0, 0.0)	(86.0, 0.0)	(87.0, 0.0)	(88.0, 0.0)	(89.0, 0.0)	(90.0, 0.0)	(91.0, 0.0)	(92.0, 0.0)	(93.0, 0.0)	(94.0, 0.0)	(95.0, 0.0)	(96.0, 0.0)	(97.0, 0.0)	(98.0, 0.0)	(99.0, 0.0)	(100.0, 0.0)
SRR5816750_2	(0.0, 0.0)	(1.0, 0.0)	(2.0, 0.0)	(3.0, 0.0)	(4.0, 0.0)	(5.0, 0.0)	(6.0, 0.0)	(7.0, 0.0)	(8.0, 0.0)	(9.0, 0.0)	(10.0, 0.0003950336371141298)	(11.0, 0.0003950336371141298)	(12.0, 0.0)	(13.0, 0.0)	(14.0, 0.0)	(15.0, 0.0)	(16.0, 0.0)	(17.0, 0.0)	(18.0, 0.0)	(19.0, 0.0)	(20.0, 0.0)	(21.0, 0.0)	(22.0, 0.0)	(23.0, 0.0)	(24.0, 0.0003950336371141298)	(25.0, 0.0007900672742282595)	(26.0, 0.0003950336371141298)	(27.0, 0.0)	(28.0, 0.0003950336371141298)	(29.0, 0.0003950336371141298)	(30.0, 0.0003950336371141298)	(31.0, 0.0011851009113423895)	(32.0, 0.003950336371141299)	(33.0, 0.0035553027340271687)	(34.0, 0.0027652354597989086)	(35.0, 0.004740403645369558)	(36.0, 0.006320538193826076)	(37.0, 0.011060941839195634)	(38.0, 0.015011278210336938)	(39.0, 0.024492085501076042)	(40.0, 0.031207657332016227)	(41.0, 0.033972892791815125)	(42.0, 0.042663632808325996)	(43.0, 0.056884843744434775)	(44.0, 0.09243787108470636)	(45.0, 0.2757334787056653)	(46.0, 0.47601553272252006)	(47.0, 1.012471211923547)	(48.0, 2.1019739830841377)	(49.0, 5.502423531363008)	(50.0, 9.97222913530604)	(51.0, 11.66692343852874)	(52.0, 14.269010006204248)	(53.0, 17.327755458384516)	(54.0, 16.018218951348796)	(55.0, 8.782782853955757)	(56.0, 5.452649293086672)	(57.0, 2.9473459665085384)	(58.0, 1.243565889635329)	(59.0, 0.6537806694238762)	(60.0, 0.46376948997198275)	(61.0, 0.30062059784385614)	(62.0, 0.24373575409941983)	(63.0, 0.23978541772827844)	(64.0, 0.1856658094436411)	(65.0, 0.1110044520290702)	(66.0, 0.06557558376094569)	(67.0, 0.10112861110121707)	(68.0, 0.12325049477960803)	(69.0, 0.06320538193826089)	(70.0, 0.021331816404163016)	(71.0, 0.01461624457322281)	(72.0, 0.008690740016510852)	(73.0, 0.0035553027340271687)	(74.0, 0.0027652354597989086)	(75.0, 0.001975168185570649)	(76.0, 0.001975168185570649)	(77.0, 0.0003950336371141298)	(78.0, 0.0003950336371141298)	(79.0, 0.0)	(80.0, 0.0023702018226847785)	(81.0, 0.001580134548456519)	(82.0, 0.0)	(83.0, 0.0003950336371141298)	(84.0, 0.0011851009113423895)	(85.0, 0.0003950336371141298)	(86.0, 0.0003950336371141298)	(87.0, 0.0003950336371141298)	(88.0, 0.0)	(89.0, 0.0007900672742282595)	(90.0, 0.0011851009113423895)	(91.0, 0.0003950336371141298)	(92.0, 0.0)	(93.0, 0.0)	(94.0, 0.0)	(95.0, 0.0)	(96.0, 0.0)	(97.0, 0.0003950336371141298)	(98.0, 0.0003950336371141298)	(99.0, 0.0)	(100.0, 0.0)
SRR5816751_1	(0.0, 0.0)	(1.0, 0.0)	(2.0, 0.0)	(3.0, 0.0)	(4.0, 0.0)	(5.0, 0.0)	(6.0, 0.0)	(7.0, 0.0)	(8.0, 0.0)	(9.0, 0.0)	(10.0, 0.0)	(11.0, 0.0)	(12.0, 0.0)	(13.0, 0.0)	(14.0, 0.0)	(15.0, 0.0)	(16.0, 0.0)	(17.0, 0.0)	(18.0, 0.0)	(19.0, 0.0)	(20.0, 0.0)	(21.0, 0.0)	(22.0, 0.0)	(23.0, 0.0)	(24.0, 0.0)	(25.0, 0.0)	(26.0, 0.0)	(27.0, 0.00023035476938028108)	(28.0, 0.0)	(29.0, 0.0)	(30.0, 0.0)	(31.0, 0.0)	(32.0, 0.0)	(33.0, 0.0)	(34.0, 0.0)	(35.0, 0.00046070953876056216)	(36.0, 0.00023035476938028108)	(37.0, 0.0006910643081408434)	(38.0, 0.00046070953876056216)	(39.0, 0.0009214190775211243)	(40.0, 0.0018428381550422486)	(41.0, 0.003916031079464778)	(42.0, 0.004146385848845059)	(43.0, 0.010596319391492937)	(44.0, 0.01819802678104219)	(45.0, 0.027412217556253452)	(46.0, 0.04238527756597183)	(47.0, 0.15525911456231084)	(48.0, 0.7136390755401415)	(49.0, 2.41319656402815)	(50.0, 4.304869930177867)	(51.0, 6.3170188407145815)	(52.0, 9.038430086178174)	(53.0, 9.726960491857085)	(54.0, 11.651113880492279)	(55.0, 13.155560879309421)	(56.0, 13.816679067428423)	(57.0, 9.021153478474622)	(58.0, 5.751497881884963)	(59.0, 4.258798976301853)	(60.0, 2.919746701895497)	(61.0, 1.8819984658369802)	(62.0, 2.6184426635460736)	(63.0, 1.4309638273901846)	(64.0, 0.3727140168572889)	(65.0, 0.2416421530799132)	(66.0, 0.07256175235478828)	(67.0, 0.014742705240337986)	(68.0, 0.005528514465126744)	(69.0, 0.0036856763100844964)	(70.0, 0.0009214190775211243)	(71.0, 0.00046070953876056216)	(72.0, 0.00046070953876056216)	(73.0, 0.00046070953876056216)	(74.0, 0.0)	(75.0, 0.0)	(76.0, 0.0)	(77.0, 0.0)	(78.0, 0.0)	(79.0, 0.0)	(80.0, 0.0)	(81.0, 0.0)	(82.0, 0.0)	(83.0, 0.0)	(84.0, 0.0)	(85.0, 0.0)	(86.0, 0.0)	(87.0, 0.0)	(88.0, 0.0)	(89.0, 0.0)	(90.0, 0.0)	(91.0, 0.0)	(92.0, 0.0)	(93.0, 0.0)	(94.0, 0.0)	(95.0, 0.0)	(96.0, 0.0)	(97.0, 0.0)	(98.0, 0.0)	(99.0, 0.0)	(100.0, 0.0)
SRR5816751_2	(0.0, 0.0)	(1.0, 0.0)	(2.0, 0.0)	(3.0, 0.0)	(4.0, 0.0)	(5.0, 0.0)	(6.0, 0.0)	(7.0, 0.0)	(8.0, 0.0)	(9.0, 0.0)	(10.0, 0.0)	(11.0, 0.00023071483530999497)	(12.0, 0.00046142967061998995)	(13.0, 0.0)	(14.0, 0.0)	(15.0, 0.00023071483530999497)	(16.0, 0.00023071483530999497)	(17.0, 0.00023071483530999497)	(18.0, 0.0)	(19.0, 0.00023071483530999497)	(20.0, 0.0)	(21.0, 0.0)	(22.0, 0.0)	(23.0, 0.00023071483530999497)	(24.0, 0.0)	(25.0, 0.0)	(26.0, 0.00023071483530999497)	(27.0, 0.00023071483530999497)	(28.0, 0.0016150038471699649)	(29.0, 0.00230714835309995)	(30.0, 0.00046142967061998995)	(31.0, 0.00230714835309995)	(32.0, 0.002076433517789955)	(33.0, 0.002076433517789955)	(34.0, 0.004152867035579909)	(35.0, 0.005306441212129883)	(36.0, 0.008997878577089807)	(37.0, 0.01176645660080975)	(38.0, 0.014073604953909693)	(39.0, 0.01822647198948959)	(40.0, 0.024455772542859452)	(41.0, 0.036683658814289276)	(42.0, 0.041759385191109194)	(43.0, 0.06436943905148844)	(44.0, 0.09828451984205763)	(45.0, 0.22217838640352464)	(46.0, 0.48057900195072584)	(47.0, 1.5146428938100323)	(48.0, 3.252156318529826)	(49.0, 4.347128926910067)	(50.0, 8.07709566936993)	(51.0, 13.292404521551198)	(52.0, 15.093825955645086)	(53.0, 15.100516685869051)	(54.0, 13.500970732670675)	(55.0, 8.42247577782962)	(56.0, 4.981825438847285)	(57.0, 3.008290737607383)	(58.0, 2.4591894295695815)	(59.0, 2.4139693218488016)	(60.0, 1.289926644218082)	(61.0, 0.5239533909890098)	(62.0, 0.31907861723371705)	(63.0, 0.31377217602158747)	(64.0, 0.2604770490649816)	(65.0, 0.16219252922292807)	(66.0, 0.10612882424259769)	(67.0, 0.152963935810528)	(68.0, 0.18341829407144766)	(69.0, 0.10520596490135768)	(70.0, 0.03829866266145925)	(71.0, 0.010612882424259777)	(72.0, 0.006229300553369864)	(73.0, 0.003922152200269914)	(74.0, 0.0018457186824799598)	(75.0, 0.0011535741765499748)	(76.0, 0.0018457186824799598)	(77.0, 0.0009228593412399799)	(78.0, 0.00138428901185997)	(79.0, 0.000692144505929985)	(80.0, 0.0011535741765499748)	(81.0, 0.0011535741765499748)	(82.0, 0.00023071483530999497)	(83.0, 0.00023071483530999497)	(84.0, 0.00023071483530999497)	(85.0, 0.00023071483530999497)	(86.0, 0.0011535741765499748)	(87.0, 0.00046142967061998995)	(88.0, 0.000692144505929985)	(89.0, 0.000692144505929985)	(90.0, 0.0)	(91.0, 0.0)	(92.0, 0.00023071483530999497)	(93.0, 0.0)	(94.0, 0.0)	(95.0, 0.0)	(96.0, 0.0)	(97.0, 0.0)	(98.0, 0.00046142967061998995)	(99.0, 0.00023071483530999497)	(100.0, 0.0003460722529649925)
SRR5816752_1	(0.0, 0.0)	(1.0, 0.0)	(2.0, 0.0)	(3.0, 0.0)	(4.0, 0.0)	(5.0, 0.0)	(6.0, 0.0)	(7.0, 0.0)	(8.0, 0.0)	(9.0, 0.0)	(10.0, 0.0)	(11.0, 0.0)	(12.0, 0.0)	(13.0, 0.0)	(14.0, 0.0)	(15.0, 0.0)	(16.0, 0.0)	(17.0, 0.0)	(18.0, 0.0)	(19.0, 0.0)	(20.0, 0.0)	(21.0, 0.0)	(22.0, 0.0)	(23.0, 0.0)	(24.0, 0.0)	(25.0, 0.0006460365656696675)	(26.0, 0.0006460365656696675)	(27.0, 0.001292073131339335)	(28.0, 0.00258414626267867)	(29.0, 0.004522255959687672)	(30.0, 0.003876219394018005)	(31.0, 0.011628658182054013)	(32.0, 0.020027133535759696)	(33.0, 0.02842560888946539)	(34.0, 0.08656889979973553)	(35.0, 0.3701789521287216)	(36.0, 5.568189159507231)	(37.0, 13.110020027131306)	(38.0, 4.269009625944938)	(39.0, 0.6137347373861832)	(40.0, 0.31978810000648605)	(41.0, 0.32366431940050416)	(42.0, 0.33787712384523727)	(43.0, 0.31203566121844983)	(44.0, 0.4334905355643508)	(45.0, 0.5032624846566762)	(46.0, 0.49227986304029214)	(47.0, 0.5413786420311845)	(48.0, 0.9800374701208638)	(49.0, 1.5395051359908574)	(50.0, 2.713353575812528)	(51.0, 5.121777892629288)	(52.0, 4.502228826151795)	(53.0, 3.759932812197152)	(54.0, 3.642354157245299)	(55.0, 5.283933070612448)	(56.0, 18.837780218361445)	(57.0, 13.819368176235955)	(58.0, 2.7372569287423003)	(59.0, 1.4813618450805806)	(60.0, 1.3611990438660089)	(61.0, 0.8114219264810901)	(62.0, 0.8463079010272502)	(63.0, 0.5949996769817638)	(64.0, 0.6098585179921653)	(65.0, 0.39537437818983934)	(66.0, 0.14665030040701454)	(67.0, 0.17895212869049748)	(68.0, 0.24613993152014196)	(69.0, 0.30686736869309233)	(70.0, 0.44964144970609293)	(71.0, 0.627947541830915)	(72.0, 0.6402222365786381)	(73.0, 0.49615608243431036)	(74.0, 0.2907164545513502)	(75.0, 0.13114542283094274)	(76.0, 0.05426707151625201)	(77.0, 0.021965243232768702)	(78.0, 0.008398475353705678)	(79.0, 0.00516829252535734)	(80.0, 0.00258414626267867)	(81.0, 0.0)	(82.0, 0.0)	(83.0, 0.0)	(84.0, 0.0)	(85.0, 0.0)	(86.0, 0.0)	(87.0, 0.0)	(88.0, 0.0)	(89.0, 0.0)	(90.0, 0.0)	(91.0, 0.0)	(92.0, 0.0)	(93.0, 0.0)	(94.0, 0.0)	(95.0, 0.0)	(96.0, 0.0)	(97.0, 0.0)	(98.0, 0.0)	(99.0, 0.0)	(100.0, 0.0)
SRR5816752_2	(0.0, 0.0)	(1.0, 0.0)	(2.0, 0.0)	(3.0, 0.0)	(4.0, 0.0)	(5.0, 0.0)	(6.0, 0.0)	(7.0, 0.0)	(8.0, 0.0)	(9.0, 0.0)	(10.0, 0.0006449074880208713)	(11.0, 0.0006449074880208713)	(12.0, 0.0)	(13.0, 0.0)	(14.0, 0.0)	(15.0, 0.0)	(16.0, 0.0025796299520834854)	(17.0, 0.0025796299520834854)	(18.0, 0.0012898149760417427)	(19.0, 0.0045143524161460995)	(20.0, 0.006449074880208714)	(21.0, 0.0045143524161460995)	(22.0, 0.005159259904166971)	(23.0, 0.01096342729635481)	(24.0, 0.01031851980833394)	(25.0, 0.015477779712500906)	(26.0, 0.016122687200521776)	(27.0, 0.016122687200521776)	(28.0, 0.014187964736459165)	(29.0, 0.01676759468854265)	(30.0, 0.031600466913022714)	(31.0, 0.050302784065627916)	(32.0, 0.05997639638594095)	(33.0, 0.0954463082270891)	(34.0, 0.21733382346303265)	(35.0, 0.48303570852763794)	(36.0, 1.6651511340699439)	(37.0, 8.414752903697325)	(38.0, 9.985102637026719)	(39.0, 2.622193846292807)	(40.0, 0.7700195406969104)	(41.0, 0.6320093382604518)	(42.0, 0.6087926686917018)	(43.0, 0.7951709327297231)	(44.0, 1.5548719536183624)	(45.0, 2.0514507193944658)	(46.0, 1.6432242794772316)	(47.0, 1.7599525348090228)	(48.0, 2.3171526044590043)	(49.0, 2.9659295374078534)	(50.0, 3.828170848891562)	(51.0, 3.6643643469342986)	(52.0, 3.9004004875498834)	(53.0, 4.498229728945461)	(54.0, 5.009641366946244)	(55.0, 7.921398675361803)	(56.0, 15.524857959120967)	(57.0, 9.4440252545777)	(58.0, 2.6860396876068586)	(59.0, 1.1085959719078686)	(60.0, 0.7958158402177439)	(61.0, 0.7216514790953479)	(62.0, 0.48690515345576324)	(63.0, 0.41016116238127737)	(64.0, 0.3708218056120031)	(65.0, 0.3140699466661648)	(66.0, 0.18831298650209385)	(67.0, 0.09802593817917261)	(68.0, 0.05159259904166966)	(69.0, 0.02386157705677225)	(70.0, 0.016122687200521776)	(71.0, 0.01096342729635481)	(72.0, 0.009028704832292199)	(73.0, 0.014187964736459165)	(74.0, 0.015477779712500906)	(75.0, 0.01031851980833394)	(76.0, 0.006449074880208714)	(77.0, 0.0019347224640626141)	(78.0, 0.0019347224640626141)	(79.0, 0.003869444928125228)	(80.0, 0.0006449074880208713)	(81.0, 0.0012898149760417427)	(82.0, 0.0012898149760417427)	(83.0, 0.0012898149760417427)	(84.0, 0.0006449074880208713)	(85.0, 0.0006449074880208713)	(86.0, 0.0)	(87.0, 0.0)	(88.0, 0.0)	(89.0, 0.0006449074880208713)	(90.0, 0.0006449074880208713)	(91.0, 0.0)	(92.0, 0.0006449074880208713)	(93.0, 0.0006449074880208713)	(94.0, 0.0006449074880208713)	(95.0, 0.0006449074880208713)	(96.0, 0.0)	(97.0, 0.0)	(98.0, 0.0006449074880208713)	(99.0, 0.0006449074880208713)	(100.0, 0.0)
SRR5816753_1	(0.0, 0.0)	(1.0, 0.0)	(2.0, 0.0)	(3.0, 0.0)	(4.0, 0.0)	(5.0, 0.0)	(6.0, 0.0)	(7.0, 0.0)	(8.0, 0.0)	(9.0, 0.0)	(10.0, 0.0)	(11.0, 0.0)	(12.0, 0.0)	(13.0, 0.0)	(14.0, 0.0)	(15.0, 0.0)	(16.0, 0.0)	(17.0, 0.0)	(18.0, 0.0)	(19.0, 0.0)	(20.0, 0.0)	(21.0, 0.0)	(22.0, 0.0)	(23.0, 0.0)	(24.0, 0.0)	(25.0, 0.0004991854956663921)	(26.0, 0.00033279033044426144)	(27.0, 0.00016639516522213072)	(28.0, 0.00033279033044426144)	(29.0, 0.0011647661565549149)	(30.0, 0.0006655806608885229)	(31.0, 0.0011647661565549149)	(32.0, 0.0008319758261106535)	(33.0, 0.0036606936348868744)	(34.0, 0.00965091958288358)	(35.0, 0.030450315235649998)	(36.0, 0.44277753465610525)	(37.0, 0.964925563123056)	(38.0, 0.27005935315551394)	(39.0, 0.05341284803630374)	(40.0, 0.04991854956663905)	(41.0, 0.05174889638408246)	(42.0, 0.05174889638408246)	(43.0, 0.055409590018969286)	(44.0, 0.05640796101030205)	(45.0, 0.061566211132188034)	(46.0, 0.07288108236729314)	(47.0, 0.09650919582883638)	(48.0, 0.2294589328413139)	(49.0, 0.988054491088927)	(50.0, 10.223318951246222)	(51.0, 18.377347627783898)	(52.0, 6.755976498352314)	(53.0, 5.004833779551425)	(54.0, 10.072897721885964)	(55.0, 16.89842739927884)	(56.0, 11.056958729006064)	(57.0, 3.352696184059894)	(58.0, 2.069123879537545)	(59.0, 6.652645100749183)	(60.0, 4.309967569582543)	(61.0, 0.5667419327465877)	(62.0, 0.29335467628661493)	(63.0, 0.20000698859699845)	(64.0, 0.12346521259482231)	(65.0, 0.06605888059318558)	(66.0, 0.04109960580986624)	(67.0, 0.03394461370531472)	(68.0, 0.031115895896538525)	(69.0, 0.033279033044426205)	(70.0, 0.046923436592640734)	(71.0, 0.06439492894096423)	(72.0, 0.08153363095884418)	(73.0, 0.06689085641929626)	(74.0, 0.045093089775197326)	(75.0, 0.022629742470209803)	(76.0, 0.007654177600218018)	(77.0, 0.003993483965331135)	(78.0, 0.001830346817443438)	(79.0, 0.0004991854956663921)	(80.0, 0.0004991854956663921)	(81.0, 0.0004991854956663921)	(82.0, 0.00033279033044426144)	(83.0, 0.00016639516522213072)	(84.0, 0.0)	(85.0, 0.0)	(86.0, 0.0)	(87.0, 0.0)	(88.0, 0.0)	(89.0, 0.0)	(90.0, 0.0)	(91.0, 0.0)	(92.0, 0.0)	(93.0, 0.0)	(94.0, 0.0)	(95.0, 0.0)	(96.0, 0.0)	(97.0, 0.0)	(98.0, 0.0)	(99.0, 0.0)	(100.0, 0.0)
SRR5816753_2	(0.0, 0.0)	(1.0, 0.0)	(2.0, 0.0)	(3.0, 0.000166141935055148)	(4.0, 0.000166141935055148)	(5.0, 0.0)	(6.0, 0.0)	(7.0, 0.0)	(8.0, 0.0)	(9.0, 0.0)	(10.0, 0.0)	(11.0, 0.0)	(12.0, 0.0)	(13.0, 0.0)	(14.0, 0.0)	(15.0, 0.000166141935055148)	(16.0, 0.000166141935055148)	(17.0, 0.000166141935055148)	(18.0, 0.000166141935055148)	(19.0, 0.0)	(20.0, 0.0)	(21.0, 0.0008307096752757401)	(22.0, 0.0014952774154963322)	(23.0, 0.000664567740220592)	(24.0, 0.000664567740220592)	(25.0, 0.0008307096752757401)	(26.0, 0.001162993545386036)	(27.0, 0.0018275612856066283)	(28.0, 0.001162993545386036)	(29.0, 0.002325987090772072)	(30.0, 0.00398740644132355)	(31.0, 0.010134658038364027)	(32.0, 0.0074763870774816645)	(33.0, 0.00697796127231622)	(34.0, 0.013291354804411827)	(35.0, 0.023426012842775897)	(36.0, 0.09569775459176579)	(37.0, 0.6620756111947534)	(38.0, 0.7861836366809208)	(39.0, 0.16564350924998186)	(40.0, 0.07376701916448562)	(41.0, 0.06761976756744498)	(42.0, 0.06695519982722438)	(43.0, 0.09154420621538698)	(44.0, 0.3093562830726859)	(45.0, 0.8420073268594378)	(46.0, 0.6399787338324238)	(47.0, 0.7738891334868426)	(48.0, 1.586655479776828)	(49.0, 4.264198905124273)	(50.0, 6.323528190136578)	(51.0, 10.283853496041788)	(52.0, 14.288040272791344)	(53.0, 12.566975967561325)	(54.0, 8.319058972086756)	(55.0, 3.4407994749912136)	(56.0, 8.84539662233955)	(57.0, 10.747057210973855)	(58.0, 6.507945738048128)	(59.0, 5.3815034183721755)	(60.0, 1.4339710414610776)	(61.0, 0.45473047624595697)	(62.0, 0.2518711735435988)	(63.0, 0.23027272198643073)	(64.0, 0.16896634795108462)	(65.0, 0.08639380622867723)	(66.0, 0.04867958697115821)	(67.0, 0.02625042573871343)	(68.0, 0.016281909635404483)	(69.0, 0.01428820641474271)	(70.0, 0.011131509648694912)	(71.0, 0.007808670947591962)	(72.0, 0.00697796127231622)	(73.0, 0.0074763870774816645)	(74.0, 0.006147251597040479)	(75.0, 0.004153548376378698)	(76.0, 0.0038212645062684026)	(77.0, 0.0031566967660478108)	(78.0, 0.000996851610330888)	(79.0, 0.0014952774154963322)	(80.0, 0.000498425805165444)	(81.0, 0.000664567740220592)	(82.0, 0.000498425805165444)	(83.0, 0.000332283870110296)	(84.0, 0.0008307096752757401)	(85.0, 0.0008307096752757401)	(86.0, 0.000996851610330888)	(87.0, 0.0008307096752757401)	(88.0, 0.000166141935055148)	(89.0, 0.000166141935055148)	(90.0, 0.000498425805165444)	(91.0, 0.000332283870110296)	(92.0, 0.000166141935055148)	(93.0, 0.0)	(94.0, 0.0)	(95.0, 0.0)	(96.0, 0.0)	(97.0, 0.000166141935055148)	(98.0, 0.0)	(99.0, 0.000664567740220592)	(100.0, 0.000498425805165444)
SRR5816754_1	(0.0, 0.0)	(1.0, 0.0)	(2.0, 0.0)	(3.0, 0.0)	(4.0, 0.0)	(5.0, 0.0)	(6.0, 0.0)	(7.0, 0.0)	(8.0, 0.0)	(9.0, 0.0)	(10.0, 0.0)	(11.0, 0.0)	(12.0, 0.0)	(13.0, 0.0)	(14.0, 0.0)	(15.0, 0.0)	(16.0, 0.0)	(17.0, 0.0)	(18.0, 0.0)	(19.0, 0.0)	(20.0, 0.0)	(21.0, 0.0)	(22.0, 0.0)	(23.0, 0.0)	(24.0, 0.0)	(25.0, 0.0)	(26.0, 0.0)	(27.0, 0.0)	(28.0, 0.0)	(29.0, 0.0)	(30.0, 0.0)	(31.0, 0.0)	(32.0, 0.00023301712908911548)	(33.0, 0.00023301712908911548)	(34.0, 0.0)	(35.0, 0.0)	(36.0, 0.0006990513872673465)	(37.0, 0.003029222678158501)	(38.0, 0.0009320685163564619)	(39.0, 0.0006990513872673465)	(40.0, 0.0013981027745346927)	(41.0, 0.0011650856454455774)	(42.0, 0.0025631884199802707)	(43.0, 0.003029222678158501)	(44.0, 0.009553702292653739)	(45.0, 0.01864137032712922)	(46.0, 0.04217610036513001)	(47.0, 0.11930477009362746)	(48.0, 0.5378035339376909)	(49.0, 3.6502133271807993)	(50.0, 7.826812348976037)	(51.0, 9.338394465379878)	(52.0, 11.377061327784258)	(53.0, 10.507907436280275)	(54.0, 14.378787984699738)	(55.0, 14.974845800907527)	(56.0, 10.119467882088014)	(57.0, 6.644716453104802)	(58.0, 4.674789643784708)	(59.0, 2.79201124074627)	(60.0, 1.310954368255261)	(61.0, 0.6016502273081158)	(62.0, 0.4366740999130032)	(63.0, 0.32762208349928995)	(64.0, 0.12140192425542956)	(65.0, 0.09134271460293282)	(66.0, 0.062215573466793704)	(67.0, 0.010019736550831972)	(68.0, 0.0041943083236040775)	(69.0, 0.003495256936336732)	(70.0, 0.0011650856454455774)	(71.0, 0.0009320685163564619)	(72.0, 0.0006990513872673465)	(73.0, 0.00046603425817823095)	(74.0, 0.00023301712908911548)	(75.0, 0.0)	(76.0, 0.0)	(77.0, 0.0)	(78.0, 0.0)	(79.0, 0.0)	(80.0, 0.0)	(81.0, 0.00023301712908911548)	(82.0, 0.00023301712908911548)	(83.0, 0.0)	(84.0, 0.0)	(85.0, 0.0)	(86.0, 0.0)	(87.0, 0.0)	(88.0, 0.0)	(89.0, 0.0)	(90.0, 0.0)	(91.0, 0.0)	(92.0, 0.0)	(93.0, 0.0)	(94.0, 0.0)	(95.0, 0.0)	(96.0, 0.0)	(97.0, 0.0)	(98.0, 0.0)	(99.0, 0.0)	(100.0, 0.0)
SRR5816754_2	(0.0, 0.0)	(1.0, 0.0)	(2.0, 0.0)	(3.0, 0.0)	(4.0, 0.0)	(5.0, 0.0)	(6.0, 0.0)	(7.0, 0.00023277738334953298)	(8.0, 0.00023277738334953298)	(9.0, 0.0)	(10.0, 0.0)	(11.0, 0.0)	(12.0, 0.0)	(13.0, 0.0)	(14.0, 0.0)	(15.0, 0.0)	(16.0, 0.0)	(17.0, 0.0)	(18.0, 0.0)	(19.0, 0.0)	(20.0, 0.0)	(21.0, 0.00023277738334953298)	(22.0, 0.0)	(23.0, 0.0)	(24.0, 0.0)	(25.0, 0.0006983321500485991)	(26.0, 0.0006983321500485991)	(27.0, 0.00023277738334953298)	(28.0, 0.0)	(29.0, 0.001396664300097198)	(30.0, 0.002094996450145797)	(31.0, 0.0023277738334953305)	(32.0, 0.0009311095333981319)	(33.0, 0.00395721551694206)	(34.0, 0.0037244381335925273)	(35.0, 0.004189992900291593)	(36.0, 0.008147208417233657)	(37.0, 0.013966643000971977)	(38.0, 0.017691081134564492)	(39.0, 0.020949964501457943)	(40.0, 0.02490718001840001)	(41.0, 0.02909717291869164)	(42.0, 0.03864104563602256)	(43.0, 0.06401378042112142)	(44.0, 0.1319847763591859)	(45.0, 1.0889325993090628)	(46.0, 1.7127759866858623)	(47.0, 1.3103038908744182)	(48.0, 1.7563053573722447)	(49.0, 2.3212560667618183)	(50.0, 5.448852989444035)	(51.0, 14.205472596286869)	(52.0, 20.35149384884223)	(53.0, 16.9901884332872)	(54.0, 14.957110767119778)	(55.0, 8.134871215918439)	(56.0, 4.895075594455999)	(57.0, 3.141796343068911)	(58.0, 1.1883285419992908)	(59.0, 0.6145322920427881)	(60.0, 0.3924626683273085)	(61.0, 0.1641080552614224)	(62.0, 0.1077759284908338)	(63.0, 0.11266425354117411)	(64.0, 0.08542929968927815)	(65.0, 0.06657433163796625)	(66.0, 0.06843655070476248)	(67.0, 0.18692023882967657)	(68.0, 0.20158521398069632)	(69.0, 0.06983321500485967)	(70.0, 0.020251632351409348)	(71.0, 0.011638869167476655)	(72.0, 0.005819434583738323)	(73.0, 0.004422770283641126)	(74.0, 0.003491660750242994)	(75.0, 0.0018622190667962639)	(76.0, 0.001163886916747665)	(77.0, 0.0006983321500485991)	(78.0, 0.0009311095333981319)	(79.0, 0.0009311095333981319)	(80.0, 0.001163886916747665)	(81.0, 0.00023277738334953298)	(82.0, 0.00023277738334953298)	(83.0, 0.0006983321500485991)	(84.0, 0.00046555476669906596)	(85.0, 0.0006983321500485991)	(86.0, 0.00046555476669906596)	(87.0, 0.00023277738334953298)	(88.0, 0.0)	(89.0, 0.0)	(90.0, 0.00023277738334953298)	(91.0, 0.00023277738334953298)	(92.0, 0.0)	(93.0, 0.0)	(94.0, 0.0)	(95.0, 0.0)	(96.0, 0.0)	(97.0, 0.0)	(98.0, 0.00046555476669906596)	(99.0, 0.00023277738334953298)	(100.0, 0.0)
SRR5816755_1	(0.0, 0.0)	(1.0, 0.0)	(2.0, 0.0)	(3.0, 0.0)	(4.0, 0.0)	(5.0, 0.0)	(6.0, 0.0)	(7.0, 0.0)	(8.0, 0.0)	(9.0, 0.0)	(10.0, 0.0)	(11.0, 0.0)	(12.0, 0.0)	(13.0, 0.0)	(14.0, 0.0)	(15.0, 0.0)	(16.0, 0.0)	(17.0, 0.0)	(18.0, 0.0)	(19.0, 0.0)	(20.0, 0.0)	(21.0, 0.0)	(22.0, 0.0)	(23.0, 0.0)	(24.0, 0.0)	(25.0, 0.0)	(26.0, 0.0)	(27.0, 0.0)	(28.0, 0.0)	(29.0, 0.0)	(30.0, 0.0)	(31.0, 0.0)	(32.0, 0.0)	(33.0, 0.0)	(34.0, 0.0)	(35.0, 0.0)	(36.0, 0.000231860939083183)	(37.0, 0.000463721878166366)	(38.0, 0.000695582817249549)	(39.0, 0.0016230265735822811)	(40.0, 0.0013911656344990978)	(41.0, 0.000927443756332732)	(42.0, 0.002086748451748647)	(43.0, 0.0025504703299150133)	(44.0, 0.00556466253799639)	(45.0, 0.016462126674905982)	(46.0, 0.02596842517731649)	(47.0, 0.05935640040529476)	(48.0, 0.23904862819476022)	(49.0, 1.6749634239368982)	(50.0, 6.390087481131709)	(51.0, 14.627179202998219)	(52.0, 17.28407370394275)	(53.0, 13.479931276418805)	(54.0, 12.942013897747776)	(55.0, 11.734250266067871)	(56.0, 8.698494990648078)	(57.0, 7.0757002780019285)	(58.0, 3.524981856881535)	(59.0, 0.8745794622217617)	(60.0, 0.46882281882620075)	(61.0, 0.25296028453975045)	(62.0, 0.1708815121043077)	(63.0, 0.1792285059113024)	(64.0, 0.10248253507476678)	(65.0, 0.08509296464352771)	(66.0, 0.06260245355245928)	(67.0, 0.009738159441493692)	(68.0, 0.003014192208081379)	(69.0, 0.0016230265735822811)	(70.0, 0.000695582817249549)	(71.0, 0.000231860939083183)	(72.0, 0.0)	(73.0, 0.0)	(74.0, 0.0)	(75.0, 0.0)	(76.0, 0.0)	(77.0, 0.0)	(78.0, 0.0)	(79.0, 0.0)	(80.0, 0.0)	(81.0, 0.0)	(82.0, 0.0)	(83.0, 0.0)	(84.0, 0.0)	(85.0, 0.0)	(86.0, 0.0)	(87.0, 0.0)	(88.0, 0.0)	(89.0, 0.0)	(90.0, 0.0)	(91.0, 0.0)	(92.0, 0.0)	(93.0, 0.0)	(94.0, 0.0)	(95.0, 0.0)	(96.0, 0.0)	(97.0, 0.0)	(98.0, 0.0)	(99.0, 0.0)	(100.0, 0.0)
SRR5816755_2	(0.0, 0.0)	(1.0, 0.0)	(2.0, 0.0)	(3.0, 0.0)	(4.0, 0.0)	(5.0, 0.0)	(6.0, 0.0)	(7.0, 0.0)	(8.0, 0.0)	(9.0, 0.0)	(10.0, 0.0)	(11.0, 0.0)	(12.0, 0.0)	(13.0, 0.0)	(14.0, 0.0002317776418016549)	(15.0, 0.0002317776418016549)	(16.0, 0.0)	(17.0, 0.0)	(18.0, 0.0004635552836033098)	(19.0, 0.0004635552836033098)	(20.0, 0.0002317776418016549)	(21.0, 0.0)	(22.0, 0.0004635552836033098)	(23.0, 0.0002317776418016549)	(24.0, 0.0002317776418016549)	(25.0, 0.0004635552836033098)	(26.0, 0.0004635552836033098)	(27.0, 0.0004635552836033098)	(28.0, 0.0009271105672066197)	(29.0, 0.0011588882090082745)	(30.0, 0.0006953329254049648)	(31.0, 0.0020859987762148944)	(32.0, 0.002781331701619859)	(33.0, 0.002549554059818204)	(34.0, 0.004635552836033097)	(35.0, 0.0053308857614380615)	(36.0, 0.00880755038846289)	(37.0, 0.010198216239272823)	(38.0, 0.014138436149900948)	(39.0, 0.01946932191133899)	(40.0, 0.023873097105570434)	(41.0, 0.03291242513583504)	(42.0, 0.04357419665871125)	(43.0, 0.05446774582338888)	(44.0, 0.0966512766312898)	(45.0, 0.29018560753566763)	(46.0, 0.4721310563499761)	(47.0, 0.6174556377596303)	(48.0, 1.3830171886303546)	(49.0, 3.2608796425076254)	(50.0, 7.39741521574264)	(51.0, 13.046068124092022)	(52.0, 18.013062987883416)	(53.0, 18.702601472240833)	(54.0, 17.00089002613927)	(55.0, 8.895162337067658)	(56.0, 5.281980679016218)	(57.0, 2.7444790565738666)	(58.0, 1.1058111290356383)	(59.0, 0.4100146483471256)	(60.0, 0.18611744636673047)	(61.0, 0.11241215627380279)	(62.0, 0.11588882090082771)	(63.0, 0.1244645936474892)	(64.0, 0.09108861322804994)	(65.0, 0.05585841167419879)	(66.0, 0.045660195434926124)	(67.0, 0.09734660955669479)	(68.0, 0.11403459976641443)	(69.0, 0.045660195434926124)	(70.0, 0.023873097105570434)	(71.0, 0.009271105672066201)	(72.0, 0.007880439821256269)	(73.0, 0.003708442268826478)	(74.0, 0.0020859987762148944)	(75.0, 0.0020859987762148944)	(76.0, 0.002549554059818204)	(77.0, 0.0013906658508099294)	(78.0, 0.0011588882090082745)	(79.0, 0.0006953329254049648)	(80.0, 0.0006953329254049648)	(81.0, 0.0006953329254049648)	(82.0, 0.0006953329254049648)	(83.0, 0.0002317776418016549)	(84.0, 0.0004635552836033098)	(85.0, 0.0006953329254049648)	(86.0, 0.0006953329254049648)	(87.0, 0.0)	(88.0, 0.0)	(89.0, 0.0002317776418016549)	(90.0, 0.0002317776418016549)	(91.0, 0.0)	(92.0, 0.0)	(93.0, 0.0)	(94.0, 0.0006953329254049648)	(95.0, 0.0002317776418016549)	(96.0, 0.0002317776418016549)	(97.0, 0.0002317776418016549)	(98.0, 0.0002317776418016549)	(99.0, 0.0004635552836033098)	(100.0, 0.0006953329254049648)
SRR5816756_1	(0.0, 0.0)	(1.0, 0.0)	(2.0, 0.0)	(3.0, 0.0)	(4.0, 0.0)	(5.0, 0.0)	(6.0, 0.0)	(7.0, 0.0)	(8.0, 0.0)	(9.0, 0.0)	(10.0, 0.0)	(11.0, 0.0)	(12.0, 0.0)	(13.0, 0.0)	(14.0, 0.0)	(15.0, 0.0)	(16.0, 0.0)	(17.0, 0.0)	(18.0, 0.0)	(19.0, 0.0)	(20.0, 0.0)	(21.0, 0.0)	(22.0, 0.0)	(23.0, 0.0)	(24.0, 0.0)	(25.0, 0.0)	(26.0, 0.0)	(27.0, 0.0)	(28.0, 0.0)	(29.0, 0.0)	(30.0, 0.0)	(31.0, 0.0)	(32.0, 0.0)	(33.0, 0.0)	(34.0, 0.0004218145618823148)	(35.0, 0.0)	(36.0, 0.0008436291237646295)	(37.0, 0.002109072809411574)	(38.0, 0.0012654436856469446)	(39.0, 0.0004218145618823148)	(40.0, 0.0)	(41.0, 0.0008436291237646295)	(42.0, 0.0004218145618823148)	(43.0, 0.0042181456188231485)	(44.0, 0.005483589304470093)	(45.0, 0.008858105799528608)	(46.0, 0.037963310569408285)	(47.0, 0.23410708184468582)	(48.0, 0.7128666095811046)	(49.0, 2.3710196523403058)	(50.0, 4.5425210169113)	(51.0, 6.702211573747661)	(52.0, 10.380012738796255)	(53.0, 11.382665952392342)	(54.0, 13.059378835877592)	(55.0, 13.430997464896588)	(56.0, 13.182970502509336)	(57.0, 8.48648717050823)	(58.0, 4.938183075957091)	(59.0, 4.307992120504625)	(60.0, 2.5009385374000295)	(61.0, 0.9233520759604036)	(62.0, 0.7841532705392239)	(63.0, 0.8617671499255787)	(64.0, 0.5209409839246513)	(65.0, 0.4521852103378379)	(66.0, 0.13287158699292864)	(67.0, 0.01771621159905723)	(68.0, 0.005905403866352407)	(69.0, 0.0042181456188231485)	(70.0, 0.0012654436856469446)	(71.0, 0.0004218145618823148)	(72.0, 0.0)	(73.0, 0.0)	(74.0, 0.0)	(75.0, 0.0)	(76.0, 0.0)	(77.0, 0.0)	(78.0, 0.0)	(79.0, 0.0)	(80.0, 0.0)	(81.0, 0.0)	(82.0, 0.0)	(83.0, 0.0)	(84.0, 0.0)	(85.0, 0.0)	(86.0, 0.0)	(87.0, 0.0)	(88.0, 0.0)	(89.0, 0.0)	(90.0, 0.0)	(91.0, 0.0)	(92.0, 0.0)	(93.0, 0.0)	(94.0, 0.0)	(95.0, 0.0)	(96.0, 0.0)	(97.0, 0.0)	(98.0, 0.0)	(99.0, 0.0)	(100.0, 0.0)
SRR5816756_2	(0.0, 0.0)	(1.0, 0.0)	(2.0, 0.0)	(3.0, 0.0)	(4.0, 0.0)	(5.0, 0.0)	(6.0, 0.0)	(7.0, 0.0)	(8.0, 0.0)	(9.0, 0.0)	(10.0, 0.0)	(11.0, 0.0)	(12.0, 0.0008415914494307378)	(13.0, 0.0008415914494307378)	(14.0, 0.0004207957247153689)	(15.0, 0.0)	(16.0, 0.0)	(17.0, 0.0)	(18.0, 0.0)	(19.0, 0.0)	(20.0, 0.0008415914494307378)	(21.0, 0.0008415914494307378)	(22.0, 0.0)	(23.0, 0.0)	(24.0, 0.0)	(25.0, 0.0)	(26.0, 0.0008415914494307378)	(27.0, 0.0016831828988614756)	(28.0, 0.0021039786235768445)	(29.0, 0.003366365797722951)	(30.0, 0.0021039786235768445)	(31.0, 0.0029455700730075824)	(32.0, 0.0037871615224383207)	(33.0, 0.004628752971869059)	(34.0, 0.005470344421299796)	(35.0, 0.006311935870730533)	(36.0, 0.01178228029203033)	(37.0, 0.015990237539184028)	(38.0, 0.017252624713330132)	(39.0, 0.023564560584060663)	(40.0, 0.0412379810221061)	(41.0, 0.051757874139990404)	(42.0, 0.05259946558942115)	(43.0, 0.07195606892632825)	(44.0, 0.11361484567314936)	(45.0, 0.39260241115943895)	(46.0, 0.6825306654883178)	(47.0, 1.360853373729546)	(48.0, 2.959456331923125)	(49.0, 3.5090155484016465)	(50.0, 7.102611037469895)	(51.0, 12.291863914660427)	(52.0, 15.916177491640493)	(53.0, 16.62143112626473)	(54.0, 14.920154011237402)	(55.0, 8.673020682106223)	(56.0, 5.547770834648022)	(57.0, 3.1509183866687045)	(58.0, 1.5342212123122387)	(59.0, 1.141198005428122)	(60.0, 0.9005028508909036)	(61.0, 0.5798565086577675)	(62.0, 0.5604999053208616)	(63.0, 0.5360937532873716)	(64.0, 0.36735466767651825)	(65.0, 0.24069515453719234)	(66.0, 0.12623871741461026)	(67.0, 0.14980327799867058)	(68.0, 0.16789749416143146)	(69.0, 0.06480254160616693)	(70.0, 0.021460581960483824)	(71.0, 0.01262387174146107)	(72.0, 0.005891140146015165)	(73.0, 0.00420795724715369)	(74.0, 0.0021039786235768445)	(75.0, 0.0021039786235768445)	(76.0, 0.0008415914494307378)	(77.0, 0.0008415914494307378)	(78.0, 0.0)	(79.0, 0.0004207957247153689)	(80.0, 0.0012623871741461068)	(81.0, 0.0008415914494307378)	(82.0, 0.0008415914494307378)	(83.0, 0.0008415914494307378)	(84.0, 0.0)	(85.0, 0.0004207957247153689)	(86.0, 0.0004207957247153689)	(87.0, 0.0008415914494307378)	(88.0, 0.0008415914494307378)	(89.0, 0.0008415914494307378)	(90.0, 0.0016831828988614756)	(91.0, 0.0012623871741461068)	(92.0, 0.0008415914494307378)	(93.0, 0.0004207957247153689)	(94.0, 0.0008415914494307378)	(95.0, 0.0004207957247153689)	(96.0, 0.0004207957247153689)	(97.0, 0.0008415914494307378)	(98.0, 0.0012623871741461068)	(99.0, 0.0)	(100.0, 0.0)
SRR5816757_1	(0.0, 0.0)	(1.0, 0.0)	(2.0, 0.0)	(3.0, 0.0)	(4.0, 0.0)	(5.0, 0.0)	(6.0, 0.0)	(7.0, 0.0)	(8.0, 0.0)	(9.0, 0.0)	(10.0, 0.0)	(11.0, 0.0)	(12.0, 0.0)	(13.0, 0.0)	(14.0, 0.0)	(15.0, 0.0)	(16.0, 0.0)	(17.0, 0.0)	(18.0, 0.0)	(19.0, 0.0)	(20.0, 0.0)	(21.0, 0.0)	(22.0, 0.0)	(23.0, 0.0)	(24.0, 0.0)	(25.0, 0.0)	(26.0, 0.0)	(27.0, 0.0)	(28.0, 0.0)	(29.0, 0.0)	(30.0, 0.0)	(31.0, 0.0)	(32.0, 0.0)	(33.0, 0.0)	(34.0, 0.00017192794843542888)	(35.0, 0.0005157838453062867)	(36.0, 0.00017192794843542888)	(37.0, 0.0006877117937417155)	(38.0, 0.0010315676906125734)	(39.0, 0.0008596397421771443)	(40.0, 0.001375423587483431)	(41.0, 0.0027508471749668616)	(42.0, 0.0034385589687085764)	(43.0, 0.0072209738342880175)	(44.0, 0.012206884338915442)	(45.0, 0.027508471749668677)	(46.0, 0.08286927114587682)	(47.0, 0.2427622631908208)	(48.0, 0.8895552052048509)	(49.0, 2.571526324748677)	(50.0, 3.8793822284957953)	(51.0, 4.053201384363855)	(52.0, 6.837918365177092)	(53.0, 9.510366395656476)	(54.0, 16.309944828304516)	(55.0, 16.93988883137006)	(56.0, 10.086153094964633)	(57.0, 6.708284692056543)	(58.0, 6.895858083799937)	(59.0, 7.549528143752628)	(60.0, 4.043745347199915)	(61.0, 1.1844116367716317)	(62.0, 1.080051372071279)	(63.0, 0.5070155199361014)	(64.0, 0.3177228487086727)	(65.0, 0.19548207737108053)	(66.0, 0.033697877893344136)	(67.0, 0.009112181267077734)	(68.0, 0.004985910504627438)	(69.0, 0.003954342814014863)	(70.0, 0.0015473515359188603)	(71.0, 0.0010315676906125734)	(72.0, 0.0006877117937417155)	(73.0, 0.0006877117937417155)	(74.0, 0.00017192794843542888)	(75.0, 0.0)	(76.0, 0.00017192794843542888)	(77.0, 0.00017192794843542888)	(78.0, 0.0)	(79.0, 0.0)	(80.0, 0.0)	(81.0, 0.0)	(82.0, 0.0)	(83.0, 0.00017192794843542888)	(84.0, 0.0)	(85.0, 0.0)	(86.0, 0.0)	(87.0, 0.0)	(88.0, 0.0)	(89.0, 0.0)	(90.0, 0.0)	(91.0, 0.0)	(92.0, 0.0)	(93.0, 0.0)	(94.0, 0.0)	(95.0, 0.0)	(96.0, 0.0)	(97.0, 0.0)	(98.0, 0.0)	(99.0, 0.0)	(100.0, 0.0)
SRR5816757_2	(0.0, 0.0)	(1.0, 0.0)	(2.0, 0.0)	(3.0, 0.0)	(4.0, 0.0)	(5.0, 0.0)	(6.0, 0.0)	(7.0, 0.0)	(8.0, 0.0)	(9.0, 0.0)	(10.0, 0.0)	(11.0, 0.0)	(12.0, 0.0)	(13.0, 0.0001717900176257086)	(14.0, 0.0001717900176257086)	(15.0, 0.0001717900176257086)	(16.0, 0.0001717900176257086)	(17.0, 0.0)	(18.0, 0.0001717900176257086)	(19.0, 0.0003435800352514172)	(20.0, 0.0001717900176257086)	(21.0, 0.0)	(22.0, 0.0001717900176257086)	(23.0, 0.0003435800352514172)	(24.0, 0.0003435800352514172)	(25.0, 0.0003435800352514172)	(26.0, 0.0001717900176257086)	(27.0, 0.0001717900176257086)	(28.0, 0.0008589500881285429)	(29.0, 0.0010307401057542515)	(30.0, 0.0013743201410056688)	(31.0, 0.0012025301233799602)	(32.0, 0.0017179001762570863)	(33.0, 0.0032640103348884624)	(34.0, 0.0058408605992740946)	(35.0, 0.008417710863659729)	(36.0, 0.009792031004665391)	(37.0, 0.013056041339553844)	(38.0, 0.020786592132710748)	(39.0, 0.022504492308967845)	(40.0, 0.02576850264385633)	(41.0, 0.04397824451218134)	(42.0, 0.05961113611612061)	(43.0, 0.0745568676495574)	(44.0, 0.11166351145671152)	(45.0, 0.29015333976981883)	(46.0, 0.7436789863016675)	(47.0, 2.1169683872019855)	(48.0, 3.3497335536829493)	(49.0, 4.297670870940954)	(50.0, 8.491924151279996)	(51.0, 12.95365448903867)	(52.0, 13.118744695976373)	(53.0, 12.680336570997161)	(54.0, 12.46405293880718)	(55.0, 7.591916248937534)	(56.0, 5.620110426626065)	(57.0, 4.7084208030847705)	(58.0, 2.9145894390374254)	(59.0, 3.220891040463785)	(60.0, 2.526687579238928)	(61.0, 0.9695828594794229)	(62.0, 0.4121242522840858)	(63.0, 0.22916788351269127)	(64.0, 0.1532366957221324)	(65.0, 0.10513549078693442)	(66.0, 0.07782087798444595)	(67.0, 0.13777559413581947)	(68.0, 0.193950929899423)	(69.0, 0.12746819307827714)	(70.0, 0.04707046482944405)	(71.0, 0.013914991427682386)	(72.0, 0.005497280564022677)	(73.0, 0.005325490546396967)	(74.0, 0.004294750440642714)	(75.0, 0.002920430299637046)	(76.0, 0.002233270229134212)	(77.0, 0.0018896901938827949)	(78.0, 0.0017179001762570863)	(79.0, 0.0006871600705028344)	(80.0, 0.0015461101586313776)	(81.0, 0.0020614802115085035)	(82.0, 0.0010307401057542515)	(83.0, 0.0006871600705028344)	(84.0, 0.0005153700528771259)	(85.0, 0.0003435800352514172)	(86.0, 0.0003435800352514172)	(87.0, 0.0)	(88.0, 0.0003435800352514172)	(89.0, 0.0010307401057542515)	(90.0, 0.0008589500881285429)	(91.0, 0.0001717900176257086)	(92.0, 0.0)	(93.0, 0.0003435800352514172)	(94.0, 0.0001717900176257086)	(95.0, 0.0001717900176257086)	(96.0, 0.0003435800352514172)	(97.0, 0.0)	(98.0, 0.0001717900176257086)	(99.0, 0.0001717900176257086)	(100.0, 0.0)
SRR5816758_1	(0.0, 0.0)	(1.0, 0.0)	(2.0, 0.0)	(3.0, 0.0)	(4.0, 0.0)	(5.0, 0.0)	(6.0, 0.0)	(7.0, 0.0)	(8.0, 0.0)	(9.0, 0.0)	(10.0, 0.0)	(11.0, 0.0)	(12.0, 0.0)	(13.0, 0.0)	(14.0, 0.0)	(15.0, 0.0)	(16.0, 0.0)	(17.0, 0.0)	(18.0, 0.0)	(19.0, 0.0)	(20.0, 0.0)	(21.0, 0.0)	(22.0, 0.0)	(23.0, 0.0)	(24.0, 0.0)	(25.0, 0.0)	(26.0, 0.0)	(27.0, 0.0)	(28.0, 0.0)	(29.0, 0.0)	(30.0, 0.0)	(31.0, 0.0)	(32.0, 0.0)	(33.0, 0.0)	(34.0, 0.0003007310772487504)	(35.0, 0.0003007310772487504)	(36.0, 0.0003007310772487504)	(37.0, 0.0012029243089950016)	(38.0, 0.0015036553862437518)	(39.0, 0.0012029243089950016)	(40.0, 0.0009021932317462512)	(41.0, 0.0009021932317462512)	(42.0, 0.003007310772487504)	(43.0, 0.0033080418497362547)	(44.0, 0.006916814776721257)	(45.0, 0.013532898476193775)	(46.0, 0.03277968742011377)	(47.0, 0.133524598298445)	(48.0, 1.0573704676066178)	(49.0, 3.202485241622391)	(50.0, 5.193024241930732)	(51.0, 7.279496455880665)	(52.0, 9.263118641416726)	(53.0, 9.401454936951401)	(54.0, 12.768740808911785)	(55.0, 14.355097241401829)	(56.0, 10.715649744530833)	(57.0, 6.9703449084692295)	(58.0, 5.737347491750475)	(59.0, 7.366708468282724)	(60.0, 3.7726713640861753)	(61.0, 0.946701431179103)	(62.0, 0.6646156807197509)	(63.0, 0.6246184474456625)	(64.0, 0.24930606303921565)	(65.0, 0.13532898476193755)	(66.0, 0.06706303022647135)	(67.0, 0.014735822785188778)	(68.0, 0.0072175458539700055)	(69.0, 0.005112428313228755)	(70.0, 0.0012029243089950016)	(71.0, 0.0006014621544975008)	(72.0, 0.0)	(73.0, 0.0)	(74.0, 0.0)	(75.0, 0.0)	(76.0, 0.0)	(77.0, 0.0003007310772487504)	(78.0, 0.0)	(79.0, 0.0)	(80.0, 0.0)	(81.0, 0.0)	(82.0, 0.0)	(83.0, 0.0)	(84.0, 0.0)	(85.0, 0.0)	(86.0, 0.0)	(87.0, 0.0)	(88.0, 0.0)	(89.0, 0.0)	(90.0, 0.0)	(91.0, 0.0)	(92.0, 0.0)	(93.0, 0.0)	(94.0, 0.0)	(95.0, 0.0)	(96.0, 0.0)	(97.0, 0.0)	(98.0, 0.0)	(99.0, 0.0)	(100.0, 0.0)
SRR5816758_2	(0.0, 0.0)	(1.0, 0.0)	(2.0, 0.0)	(3.0, 0.0)	(4.0, 0.0)	(5.0, 0.0)	(6.0, 0.0)	(7.0, 0.00030095960971552487)	(8.0, 0.0)	(9.0, 0.0)	(10.0, 0.0)	(11.0, 0.00030095960971552487)	(12.0, 0.00030095960971552487)	(13.0, 0.0)	(14.0, 0.0)	(15.0, 0.0)	(16.0, 0.0)	(17.0, 0.0)	(18.0, 0.0006019192194310497)	(19.0, 0.00030095960971552487)	(20.0, 0.00030095960971552487)	(21.0, 0.0)	(22.0, 0.0)	(23.0, 0.00030095960971552487)	(24.0, 0.0)	(25.0, 0.0)	(26.0, 0.0)	(27.0, 0.00030095960971552487)	(28.0, 0.0009028788291465746)	(29.0, 0.0015047980485776242)	(30.0, 0.0015047980485776242)	(31.0, 0.0015047980485776242)	(32.0, 0.003912474926301823)	(33.0, 0.003310555706870774)	(34.0, 0.005718232584594971)	(35.0, 0.007523990242888119)	(36.0, 0.009028788291465747)	(37.0, 0.00872782868175022)	(38.0, 0.012941263217767576)	(39.0, 0.021368132289802253)	(40.0, 0.029193082142405867)	(41.0, 0.029193082142405867)	(42.0, 0.045444901067044324)	(43.0, 0.06500727569855343)	(44.0, 0.1363347032011327)	(45.0, 0.2085650095328607)	(46.0, 0.40810123077424426)	(47.0, 1.2306238441267536)	(48.0, 2.327320661930203)	(49.0, 3.354796769499472)	(50.0, 6.582889543305724)	(51.0, 10.91249448867892)	(52.0, 15.784428650757285)	(53.0, 17.29133341659744)	(54.0, 15.98787734692424)	(55.0, 8.960470460060476)	(56.0, 5.24091064358542)	(57.0, 3.4453856120238866)	(58.0, 2.890416091708206)	(59.0, 1.7949231123432343)	(60.0, 0.7827959448701062)	(61.0, 0.3737918352666764)	(62.0, 0.2807953158645845)	(63.0, 0.30186248854467007)	(64.0, 0.19652662514423935)	(65.0, 0.12188864193478709)	(66.0, 0.13332510710397735)	(67.0, 0.34580259156313414)	(68.0, 0.4011791597507876)	(69.0, 0.15047980485776277)	(70.0, 0.049357375993346185)	(71.0, 0.02046525346065568)	(72.0, 0.008426869072034696)	(73.0, 0.005718232584594971)	(74.0, 0.003009596097155249)	(75.0, 0.003310555706870774)	(76.0, 0.002708636487439724)	(77.0, 0.003310555706870774)	(78.0, 0.0015047980485776242)	(79.0, 0.0009028788291465746)	(80.0, 0.00030095960971552487)	(81.0, 0.0006019192194310497)	(82.0, 0.00030095960971552487)	(83.0, 0.0009028788291465746)	(84.0, 0.0006019192194310497)	(85.0, 0.0009028788291465746)	(86.0, 0.0006019192194310497)	(87.0, 0.00030095960971552487)	(88.0, 0.0)	(89.0, 0.00030095960971552487)	(90.0, 0.0)	(91.0, 0.0)	(92.0, 0.0)	(93.0, 0.0)	(94.0, 0.0)	(95.0, 0.0)	(96.0, 0.0)	(97.0, 0.0006019192194310497)	(98.0, 0.0006019192194310497)	(99.0, 0.0)	(100.0, 0.0004514394145732873)
SRR5816759_1	(0.0, 0.0)	(1.0, 0.0)	(2.0, 0.0)	(3.0, 0.0)	(4.0, 0.0)	(5.0, 0.0)	(6.0, 0.0)	(7.0, 0.0)	(8.0, 0.0)	(9.0, 0.0)	(10.0, 0.0)	(11.0, 0.0)	(12.0, 0.0)	(13.0, 0.0)	(14.0, 0.0)	(15.0, 0.0)	(16.0, 0.0)	(17.0, 0.0)	(18.0, 0.0)	(19.0, 0.0)	(20.0, 0.0)	(21.0, 0.0)	(22.0, 0.0)	(23.0, 0.0)	(24.0, 0.0)	(25.0, 0.0)	(26.0, 0.0)	(27.0, 0.0)	(28.0, 0.0)	(29.0, 0.0)	(30.0, 0.0)	(31.0, 0.0)	(32.0, 0.0)	(33.0, 0.0)	(34.0, 0.0003220445967356844)	(35.0, 0.0003220445967356844)	(36.0, 0.0)	(37.0, 0.0006440891934713688)	(38.0, 0.0012881783869427377)	(39.0, 0.0006440891934713688)	(40.0, 0.0003220445967356844)	(41.0, 0.0009661337902070534)	(42.0, 0.00289840137062116)	(43.0, 0.00515271354777095)	(44.0, 0.010627471692277589)	(45.0, 0.021576987981290846)	(46.0, 0.05732393821895197)	(47.0, 0.28275515593393175)	(48.0, 0.8640456530418721)	(49.0, 3.4362158471702355)	(50.0, 5.43740097128467)	(51.0, 6.1616792693425655)	(52.0, 11.269628618171764)	(53.0, 11.820324878590787)	(54.0, 13.285949838337551)	(55.0, 14.770897473888494)	(56.0, 9.883870718415592)	(57.0, 6.0132167102475504)	(58.0, 5.43740097128467)	(59.0, 4.235208491671453)	(60.0, 3.125120766723423)	(61.0, 1.6437156217388293)	(62.0, 1.0047791418153766)	(63.0, 0.7223460304781548)	(64.0, 0.2531270530342504)	(65.0, 0.14620824691800066)	(66.0, 0.07213798966879333)	(67.0, 0.016102229836784228)	(68.0, 0.004830668951035266)	(69.0, 0.0038645351608282137)	(70.0, 0.0025763567738854754)	(71.0, 0.0019322675804141064)	(72.0, 0.0)	(73.0, 0.0)	(74.0, 0.0)	(75.0, 0.0003220445967356844)	(76.0, 0.0009661337902070534)	(77.0, 0.0012881783869427377)	(78.0, 0.0)	(79.0, 0.0)	(80.0, 0.0)	(81.0, 0.0)	(82.0, 0.0)	(83.0, 0.0)	(84.0, 0.0)	(85.0, 0.0)	(86.0, 0.0)	(87.0, 0.0)	(88.0, 0.0)	(89.0, 0.0)	(90.0, 0.0)	(91.0, 0.0)	(92.0, 0.0)	(93.0, 0.0)	(94.0, 0.0)	(95.0, 0.0)	(96.0, 0.0)	(97.0, 0.0)	(98.0, 0.0)	(99.0, 0.0)	(100.0, 0.0)
SRR5816759_2	(0.0, 0.0)	(1.0, 0.0)	(2.0, 0.0)	(3.0, 0.0)	(4.0, 0.0)	(5.0, 0.0)	(6.0, 0.0)	(7.0, 0.0)	(8.0, 0.00032165769509735526)	(9.0, 0.00032165769509735526)	(10.0, 0.0)	(11.0, 0.0)	(12.0, 0.0)	(13.0, 0.0)	(14.0, 0.0)	(15.0, 0.00032165769509735526)	(16.0, 0.00032165769509735526)	(17.0, 0.0)	(18.0, 0.00032165769509735526)	(19.0, 0.00032165769509735526)	(20.0, 0.0)	(21.0, 0.00032165769509735526)	(22.0, 0.0)	(23.0, 0.0)	(24.0, 0.00032165769509735526)	(25.0, 0.0006433153901947105)	(26.0, 0.001286630780389421)	(27.0, 0.0009649730852920657)	(28.0, 0.0006433153901947105)	(29.0, 0.0009649730852920657)	(30.0, 0.0)	(31.0, 0.00032165769509735526)	(32.0, 0.001286630780389421)	(33.0, 0.002894919255876197)	(34.0, 0.0019299461705841313)	(35.0, 0.0064331539019471026)	(36.0, 0.004824865426460328)	(37.0, 0.0073981269872391685)	(38.0, 0.010936361633310082)	(39.0, 0.013509623194088926)	(40.0, 0.01479625397447835)	(41.0, 0.0186561463156466)	(42.0, 0.03313074259502756)	(43.0, 0.04728368117931129)	(44.0, 0.06658314288515263)	(45.0, 0.13027136651442833)	(46.0, 0.33420234520614994)	(47.0, 0.8700840652383773)	(48.0, 1.6533205528002994)	(49.0, 3.402173441045195)	(50.0, 7.789906059864977)	(51.0, 11.567132373399776)	(52.0, 14.546969260787096)	(53.0, 16.45407773501927)	(54.0, 16.84682178073171)	(55.0, 11.821885267917345)	(56.0, 6.0211103945262305)	(57.0, 2.8392724746245674)	(58.0, 1.3535355809696326)	(59.0, 1.0962094248918068)	(60.0, 0.8334150879972748)	(61.0, 0.32390929896303516)	(62.0, 0.2737306985278506)	(63.0, 0.30557481034248696)	(64.0, 0.17530344382805937)	(65.0, 0.11290185097917113)	(66.0, 0.13863446658695983)	(67.0, 0.2685841754062932)	(68.0, 0.3383838952424153)	(69.0, 0.15568232442712016)	(70.0, 0.05307351969106373)	(71.0, 0.021551065571522792)	(72.0, 0.01254465010879686)	(73.0, 0.005468180816655037)	(74.0, 0.003216576950973553)	(75.0, 0.002573261560778842)	(76.0, 0.002251603865681486)	(77.0, 0.00032165769509735526)	(78.0, 0.0006433153901947105)	(79.0, 0.0009649730852920657)	(80.0, 0.0)	(81.0, 0.0006433153901947105)	(82.0, 0.0006433153901947105)	(83.0, 0.00032165769509735526)	(84.0, 0.00032165769509735526)	(85.0, 0.0006433153901947105)	(86.0, 0.0006433153901947105)	(87.0, 0.0)	(88.0, 0.00032165769509735526)	(89.0, 0.00032165769509735526)	(90.0, 0.00032165769509735526)	(91.0, 0.00032165769509735526)	(92.0, 0.0)	(93.0, 0.0)	(94.0, 0.0)	(95.0, 0.0)	(96.0, 0.0)	(97.0, 0.0009649730852920657)	(98.0, 0.001286630780389421)	(99.0, 0.0)	(100.0, 0.00048248654264603283)
SRR5816760_1	(0.0, 0.0)	(1.0, 0.0)	(2.0, 0.0)	(3.0, 0.0)	(4.0, 0.0)	(5.0, 0.0)	(6.0, 0.0)	(7.0, 0.0)	(8.0, 0.0)	(9.0, 0.0)	(10.0, 0.0)	(11.0, 0.0)	(12.0, 0.0)	(13.0, 0.0)	(14.0, 0.0)	(15.0, 0.0)	(16.0, 0.0)	(17.0, 0.0)	(18.0, 0.0)	(19.0, 0.0)	(20.0, 0.0)	(21.0, 0.0)	(22.0, 0.0)	(23.0, 0.0)	(24.0, 0.0)	(25.0, 0.0)	(26.0, 0.0)	(27.0, 0.0)	(28.0, 0.0)	(29.0, 0.0)	(30.0, 0.0)	(31.0, 0.0)	(32.0, 0.0)	(33.0, 0.0)	(34.0, 0.0004369559897926976)	(35.0, 0.0004369559897926976)	(36.0, 0.0008739119795853952)	(37.0, 0.0008739119795853952)	(38.0, 0.0004369559897926976)	(39.0, 0.0008739119795853952)	(40.0, 0.0013108679693780928)	(41.0, 0.0)	(42.0, 0.0)	(43.0, 0.0021847799489634876)	(44.0, 0.006554339846890463)	(45.0, 0.008739119795853949)	(46.0, 0.06510644247911204)	(47.0, 0.25343447407976605)	(48.0, 1.1627398888384088)	(49.0, 2.3346558534622184)	(50.0, 2.536529520746399)	(51.0, 2.949889887090378)	(52.0, 5.3933477820122215)	(53.0, 7.360960604046948)	(54.0, 14.710997308354068)	(55.0, 16.479795155038126)	(56.0, 11.655801027717969)	(57.0, 10.504858950602548)	(58.0, 12.236952494143313)	(59.0, 6.333677072045251)	(60.0, 2.5312860488688878)	(61.0, 1.2169224315727094)	(62.0, 1.0491313314922945)	(63.0, 0.6519383367706907)	(64.0, 0.3115496207221965)	(65.0, 0.1581780683049557)	(66.0, 0.05461949872408722)	(67.0, 0.016604327612122518)	(68.0, 0.0013108679693780928)	(69.0, 0.0021847799489634876)	(70.0, 0.0021847799489634876)	(71.0, 0.0017478239591707904)	(72.0, 0.0008739119795853952)	(73.0, 0.0)	(74.0, 0.0)	(75.0, 0.0)	(76.0, 0.0)	(77.0, 0.0)	(78.0, 0.0)	(79.0, 0.0)	(80.0, 0.0)	(81.0, 0.0)	(82.0, 0.0)	(83.0, 0.0)	(84.0, 0.0)	(85.0, 0.0)	(86.0, 0.0)	(87.0, 0.0)	(88.0, 0.0)	(89.0, 0.0)	(90.0, 0.0)	(91.0, 0.0)	(92.0, 0.0)	(93.0, 0.0)	(94.0, 0.0)	(95.0, 0.0)	(96.0, 0.0)	(97.0, 0.0)	(98.0, 0.0)	(99.0, 0.0)	(100.0, 0.0)
SRR5816760_2	(0.0, 0.0006559628112817457)	(1.0, 0.0)	(2.0, 0.0)	(3.0, 0.0)	(4.0, 0.0)	(5.0, 0.0)	(6.0, 0.0)	(7.0, 0.0)	(8.0, 0.0)	(9.0, 0.0)	(10.0, 0.0)	(11.0, 0.0)	(12.0, 0.0)	(13.0, 0.0)	(14.0, 0.0)	(15.0, 0.0)	(16.0, 0.00043730854085449717)	(17.0, 0.00043730854085449717)	(18.0, 0.00043730854085449717)	(19.0, 0.0)	(20.0, 0.0)	(21.0, 0.00043730854085449717)	(22.0, 0.00043730854085449717)	(23.0, 0.0)	(24.0, 0.00043730854085449717)	(25.0, 0.0008746170817089943)	(26.0, 0.0013119256225634915)	(27.0, 0.0017492341634179887)	(28.0, 0.0013119256225634915)	(29.0, 0.0017492341634179887)	(30.0, 0.002623851245126983)	(31.0, 0.0065596281128174555)	(32.0, 0.00612231957196296)	(33.0, 0.0065596281128174555)	(34.0, 0.007871553735380947)	(35.0, 0.01224463914392592)	(36.0, 0.009620787898798933)	(37.0, 0.014431181848198409)	(38.0, 0.020116192879306882)	(39.0, 0.02405196974699735)	(40.0, 0.03717122597263221)	(41.0, 0.04591739678972217)	(42.0, 0.04591739678972217)	(43.0, 0.06297242988304767)	(44.0, 0.09008555941602656)	(45.0, 0.1639907028204355)	(46.0, 0.36165416328667155)	(47.0, 1.1461856855796757)	(48.0, 2.7825942454569645)	(49.0, 3.8596851815820807)	(50.0, 7.4932818475408585)	(51.0, 11.343346241221976)	(52.0, 12.593611359527257)	(53.0, 13.934399345789583)	(54.0, 12.138373168496896)	(55.0, 8.188165118958022)	(56.0, 8.901415349091058)	(57.0, 8.430434050591193)	(58.0, 3.530829158859349)	(59.0, 1.4636716862400356)	(60.0, 0.7967761614368928)	(61.0, 0.43118622128253253)	(62.0, 0.3231710116914769)	(63.0, 0.2986817334036243)	(64.0, 0.24226893163339255)	(65.0, 0.13425372204233013)	(66.0, 0.1220090828984044)	(67.0, 0.27550438073833533)	(68.0, 0.34678567289761947)	(69.0, 0.17754726758692516)	(70.0, 0.06297242988304767)	(71.0, 0.02055350142016138)	(72.0, 0.007871553735380947)	(73.0, 0.004810393949399469)	(74.0, 0.005685011031108462)	(75.0, 0.0017492341634179887)	(76.0, 0.0013119256225634915)	(77.0, 0.0017492341634179887)	(78.0, 0.0021865427042724855)	(79.0, 0.0008746170817089943)	(80.0, 0.0017492341634179887)	(81.0, 0.0017492341634179887)	(82.0, 0.0)	(83.0, 0.00043730854085449717)	(84.0, 0.00043730854085449717)	(85.0, 0.0013119256225634915)	(86.0, 0.0008746170817089943)	(87.0, 0.00043730854085449717)	(88.0, 0.0)	(89.0, 0.00043730854085449717)	(90.0, 0.0)	(91.0, 0.00043730854085449717)	(92.0, 0.0)	(93.0, 0.0)	(94.0, 0.0)	(95.0, 0.0)	(96.0, 0.0)	(97.0, 0.0)	(98.0, 0.0)	(99.0, 0.0)	(100.0, 0.0)
SRR5816761_1	(0.0, 0.0)	(1.0, 0.0)	(2.0, 0.0)	(3.0, 0.0)	(4.0, 0.0)	(5.0, 0.0)	(6.0, 0.0)	(7.0, 0.0)	(8.0, 0.0)	(9.0, 0.0)	(10.0, 0.0)	(11.0, 0.0)	(12.0, 0.0)	(13.0, 0.0)	(14.0, 0.0)	(15.0, 0.0)	(16.0, 0.0)	(17.0, 0.0)	(18.0, 0.0)	(19.0, 0.0)	(20.0, 0.0)	(21.0, 0.0)	(22.0, 0.0)	(23.0, 0.0)	(24.0, 0.0)	(25.0, 0.0)	(26.0, 0.0)	(27.0, 0.0)	(28.0, 0.000244560366058028)	(29.0, 0.000244560366058028)	(30.0, 0.0)	(31.0, 0.0029347243926963365)	(32.0, 0.008315052445972955)	(33.0, 0.017608346356178004)	(34.0, 0.05404784089882422)	(35.0, 0.28955947341270155)	(36.0, 5.400137442925685)	(37.0, 12.61002159469064)	(38.0, 3.652019946344491)	(39.0, 0.4257795973070239)	(40.0, 0.16850209221398288)	(41.0, 0.12179106229689822)	(42.0, 0.09415574093234025)	(43.0, 0.08950909397723779)	(44.0, 0.0897536543432958)	(45.0, 0.08926453361117975)	(46.0, 0.09415574093234025)	(47.0, 0.13255171840345176)	(48.0, 0.366840549087034)	(49.0, 0.6441720041968677)	(50.0, 1.009789751453573)	(51.0, 1.9264020034391427)	(52.0, 7.305018134153466)	(53.0, 19.681729139598854)	(54.0, 26.321298517708986)	(55.0, 8.35467122527643)	(56.0, 3.1474919111672377)	(57.0, 3.2301533148947765)	(58.0, 1.6830644392112941)	(59.0, 0.8219673903210502)	(60.0, 0.7336810981741162)	(61.0, 0.5607769193710708)	(62.0, 0.3448301161418127)	(63.0, 0.13719836535855442)	(64.0, 0.09219925800387604)	(65.0, 0.07483547201375632)	(66.0, 0.024211476239744744)	(67.0, 0.013206259767133518)	(68.0, 0.015407303061655761)	(69.0, 0.016874665258003924)	(70.0, 0.024945157337918834)	(71.0, 0.0295918042930214)	(72.0, 0.03399389088206593)	(73.0, 0.028613562828789282)	(74.0, 0.01638554452588787)	(75.0, 0.012961699401075487)	(76.0, 0.005135767687218587)	(77.0, 0.000489120732116056)	(78.0, 0.000244560366058028)	(79.0, 0.000244560366058028)	(80.0, 0.000244560366058028)	(81.0, 0.000244560366058028)	(82.0, 0.000244560366058028)	(83.0, 0.000244560366058028)	(84.0, 0.0)	(85.0, 0.0)	(86.0, 0.0)	(87.0, 0.0)	(88.0, 0.0)	(89.0, 0.0)	(90.0, 0.0)	(91.0, 0.0)	(92.0, 0.0)	(93.0, 0.0)	(94.0, 0.0)	(95.0, 0.0)	(96.0, 0.0)	(97.0, 0.0)	(98.0, 0.0)	(99.0, 0.0)	(100.0, 0.0)
SRR5816761_2	(0.0, 0.0)	(1.0, 0.0)	(2.0, 0.0)	(3.0, 0.0)	(4.0, 0.0)	(5.0, 0.0)	(6.0, 0.0)	(7.0, 0.0)	(8.0, 0.0)	(9.0, 0.0)	(10.0, 0.0)	(11.0, 0.0)	(12.0, 0.0)	(13.0, 0.00024325395956635557)	(14.0, 0.00024325395956635557)	(15.0, 0.00048650791913271114)	(16.0, 0.00048650791913271114)	(17.0, 0.00024325395956635557)	(18.0, 0.00048650791913271114)	(19.0, 0.0014595237573981333)	(20.0, 0.0014595237573981333)	(21.0, 0.0014595237573981333)	(22.0, 0.002432539595663556)	(23.0, 0.0021892856360972)	(24.0, 0.0034055554339289776)	(25.0, 0.004135317312628044)	(26.0, 0.004621825231760754)	(27.0, 0.005351587110459821)	(28.0, 0.008757142544388802)	(29.0, 0.011189682140052363)	(30.0, 0.012649205897450493)	(31.0, 0.01921706280574207)	(32.0, 0.03040674494579446)	(33.0, 0.046704760236740396)	(34.0, 0.10922102784529356)	(35.0, 0.3009051479835775)	(36.0, 1.2605420184727716)	(37.0, 8.127844550992373)	(38.0, 9.728942112861038)	(39.0, 2.192447937571744)	(40.0, 0.4417491905725009)	(41.0, 0.2544436417064062)	(42.0, 0.22890197595194034)	(43.0, 0.2636872921699272)	(44.0, 0.3918821288613924)	(45.0, 0.7752503691380027)	(46.0, 0.9075805231420699)	(47.0, 1.1532670223040333)	(48.0, 2.9122364039289175)	(49.0, 13.154201117514583)	(50.0, 20.968734568555327)	(51.0, 14.358551471323228)	(52.0, 8.278175498004654)	(53.0, 4.695531181508353)	(54.0, 3.4284213061283597)	(55.0, 1.7163999387001698)	(56.0, 1.1771059103415307)	(57.0, 0.8404424303017712)	(58.0, 0.4624257771356435)	(59.0, 0.31185157616406284)	(60.0, 0.3412853052715902)	(61.0, 0.36658371706648973)	(62.0, 0.21503650025665885)	(63.0, 0.13816824903369068)	(64.0, 0.11724840851098353)	(65.0, 0.10095039322003724)	(66.0, 0.055218648821562716)	(67.0, 0.0233523801183701)	(68.0, 0.009486904423087871)	(69.0, 0.007054364827424312)	(70.0, 0.004621825231760754)	(71.0, 0.003648809393495333)	(72.0, 0.002432539595663556)	(73.0, 0.0017027777169644888)	(74.0, 0.0017027777169644888)	(75.0, 0.0021892856360972)	(76.0, 0.0007297618786990667)	(77.0, 0.0007297618786990667)	(78.0, 0.0007297618786990667)	(79.0, 0.00024325395956635557)	(80.0, 0.0)	(81.0, 0.0009730158382654223)	(82.0, 0.0007297618786990667)	(83.0, 0.0007297618786990667)	(84.0, 0.00048650791913271114)	(85.0, 0.0007297618786990667)	(86.0, 0.0)	(87.0, 0.00048650791913271114)	(88.0, 0.00024325395956635557)	(89.0, 0.00048650791913271114)	(90.0, 0.00024325395956635557)	(91.0, 0.00048650791913271114)	(92.0, 0.00048650791913271114)	(93.0, 0.0)	(94.0, 0.00048650791913271114)	(95.0, 0.00024325395956635557)	(96.0, 0.0)	(97.0, 0.0)	(98.0, 0.00024325395956635557)	(99.0, 0.0007297618786990667)	(100.0, 0.0007297618786990667)
SRR5816762_1	(0.0, 0.0)	(1.0, 0.0)	(2.0, 0.0)	(3.0, 0.0)	(4.0, 0.0)	(5.0, 0.0)	(6.0, 0.0)	(7.0, 0.0)	(8.0, 0.0)	(9.0, 0.0)	(10.0, 0.0)	(11.0, 0.0)	(12.0, 0.0)	(13.0, 0.0)	(14.0, 0.0)	(15.0, 0.0)	(16.0, 0.0)	(17.0, 0.0)	(18.0, 0.0)	(19.0, 0.0)	(20.0, 0.0)	(21.0, 0.0)	(22.0, 0.0)	(23.0, 0.0)	(24.0, 0.0)	(25.0, 0.0)	(26.0, 0.0)	(27.0, 0.0)	(28.0, 0.0011989736785316175)	(29.0, 0.0019982894642193625)	(30.0, 0.00159863157137549)	(31.0, 0.002397947357063235)	(32.0, 0.007593499964033575)	(33.0, 0.018384263070818148)	(34.0, 0.05035689449832796)	(35.0, 0.2250073936711014)	(36.0, 3.79914792937424)	(37.0, 9.13418114094376)	(38.0, 2.9794495911510843)	(39.0, 0.3984589191653392)	(40.0, 0.20902107795734604)	(41.0, 0.18664023595808854)	(42.0, 0.1990296306362489)	(43.0, 0.18624057806524463)	(44.0, 0.16425939395883102)	(45.0, 0.15626623610195337)	(46.0, 0.16425939395883102)	(47.0, 0.2242080778854136)	(48.0, 0.5123614186258364)	(49.0, 0.8001151014734399)	(50.0, 1.5179006770210175)	(51.0, 5.959298840194923)	(52.0, 23.085039206449537)	(53.0, 32.51176992492366)	(54.0, 9.516254086502153)	(55.0, 2.1177871741795338)	(56.0, 1.383615625025507)	(57.0, 1.1390249946050823)	(58.0, 0.8904377852561655)	(59.0, 0.5279480764467466)	(60.0, 0.3892667876299306)	(61.0, 0.28135915656208904)	(62.0, 0.17824742020836698)	(63.0, 0.10630899949646988)	(64.0, 0.1302884730671019)	(65.0, 0.08113055224730627)	(66.0, 0.026777078820539448)	(67.0, 0.04196407874860658)	(68.0, 0.053953815533922846)	(69.0, 0.05435347342676672)	(70.0, 0.07393671017611661)	(71.0, 0.11989736785316135)	(72.0, 0.13708265724544763)	(73.0, 0.12549257835297548)	(74.0, 0.07433636806896049)	(75.0, 0.029974341963290414)	(76.0, 0.015586657820911034)	(77.0, 0.005994868392658087)	(78.0, 0.00159863157137549)	(79.0, 0.0003996578928438725)	(80.0, 0.0003996578928438725)	(81.0, 0.0003996578928438725)	(82.0, 0.0)	(83.0, 0.0)	(84.0, 0.0)	(85.0, 0.0)	(86.0, 0.0)	(87.0, 0.0)	(88.0, 0.0)	(89.0, 0.0)	(90.0, 0.0)	(91.0, 0.0)	(92.0, 0.0)	(93.0, 0.0)	(94.0, 0.0)	(95.0, 0.0)	(96.0, 0.0)	(97.0, 0.0)	(98.0, 0.0)	(99.0, 0.0)	(100.0, 0.0)
SRR5816762_2	(0.0, 0.0)	(1.0, 0.0)	(2.0, 0.0)	(3.0, 0.0)	(4.0, 0.0)	(5.0, 0.0)	(6.0, 0.0)	(7.0, 0.0)	(8.0, 0.0)	(9.0, 0.0)	(10.0, 0.0)	(11.0, 0.0)	(12.0, 0.0)	(13.0, 0.0)	(14.0, 0.0)	(15.0, 0.0011999520019200537)	(16.0, 0.0007999680012800359)	(17.0, 0.0)	(18.0, 0.0)	(19.0, 0.0)	(20.0, 0.00039998400064001797)	(21.0, 0.0007999680012800359)	(22.0, 0.0023999040038401075)	(23.0, 0.0023999040038401075)	(24.0, 0.0015999360025600719)	(25.0, 0.003999840006400179)	(26.0, 0.005999760009600268)	(27.0, 0.006399744010240287)	(28.0, 0.007999680012800357)	(29.0, 0.012799488020480575)	(30.0, 0.015199392024320689)	(31.0, 0.019199232030720874)	(32.0, 0.02999880004800132)	(33.0, 0.06359745610176298)	(34.0, 0.11879524819008494)	(35.0, 0.27238910443585473)	(36.0, 1.0115595376186364)	(37.0, 5.776568937243249)	(38.0, 7.093316267348991)	(39.0, 1.927522899084143)	(40.0, 0.5251789928403348)	(41.0, 0.4419823207072157)	(42.0, 0.5507779688812944)	(43.0, 1.127154913803615)	(44.0, 7.995680172792051)	(45.0, 29.069237230494018)	(46.0, 20.207191712346017)	(47.0, 5.645374185033443)	(48.0, 2.8218871245152686)	(49.0, 2.1427142914284243)	(50.0, 1.831126754929921)	(51.0, 1.7187312507501014)	(52.0, 1.8227270909164823)	(53.0, 1.820327186912643)	(54.0, 1.7111315547379429)	(55.0, 1.276348946042342)	(56.0, 0.9415623375066253)	(57.0, 0.6023759049638537)	(58.0, 0.3463861445542568)	(59.0, 0.21239150433985032)	(60.0, 0.16919323227072713)	(61.0, 0.16479340826368682)	(62.0, 0.14199432022720565)	(63.0, 0.0979960801568043)	(64.0, 0.06959721611136328)	(65.0, 0.05359785608576245)	(66.0, 0.031998720051201406)	(67.0, 0.018799248030080856)	(68.0, 0.014399424023040652)	(69.0, 0.010799568017280482)	(70.0, 0.008399664013440373)	(71.0, 0.007599696012160339)	(72.0, 0.005999760009600268)	(73.0, 0.003999840006400179)	(74.0, 0.0023999040038401075)	(75.0, 0.0019999200032000896)	(76.0, 0.0015999360025600719)	(77.0, 0.0035998560057601617)	(78.0, 0.0023999040038401075)	(79.0, 0.0007999680012800359)	(80.0, 0.00039998400064001797)	(81.0, 0.0)	(82.0, 0.00039998400064001797)	(83.0, 0.0)	(84.0, 0.00039998400064001797)	(85.0, 0.00039998400064001797)	(86.0, 0.0)	(87.0, 0.0)	(88.0, 0.0)	(89.0, 0.0)	(90.0, 0.00039998400064001797)	(91.0, 0.0)	(92.0, 0.0)	(93.0, 0.0)	(94.0, 0.0)	(95.0, 0.0)	(96.0, 0.00039998400064001797)	(97.0, 0.0)	(98.0, 0.0)	(99.0, 0.00039998400064001797)	(100.0, 0.0)
SRR5816763_1	(0.0, 0.0)	(1.0, 0.0)	(2.0, 0.0)	(3.0, 0.0)	(4.0, 0.0)	(5.0, 0.0)	(6.0, 0.0)	(7.0, 0.0)	(8.0, 0.0)	(9.0, 0.0)	(10.0, 0.0)	(11.0, 0.0)	(12.0, 0.0)	(13.0, 0.0)	(14.0, 0.0)	(15.0, 0.0)	(16.0, 0.0)	(17.0, 0.0)	(18.0, 0.0)	(19.0, 0.0)	(20.0, 0.0)	(21.0, 0.0)	(22.0, 0.0)	(23.0, 0.0)	(24.0, 0.0)	(25.0, 0.0005590214887859318)	(26.0, 0.0011180429775718636)	(27.0, 0.0005590214887859318)	(28.0, 0.0005590214887859318)	(29.0, 0.0016770644663577953)	(30.0, 0.0011180429775718636)	(31.0, 0.008944343820574907)	(32.0, 0.011739451264504564)	(33.0, 0.019006730618721684)	(34.0, 0.0503119339907338)	(35.0, 0.24988260548731125)	(36.0, 4.338006752978929)	(37.0, 10.121084054467588)	(38.0, 3.2182867109403457)	(39.0, 0.42206122403338314)	(40.0, 0.1777688334339256)	(41.0, 0.16323427472549157)	(42.0, 0.14366852261798424)	(43.0, 0.14366852261798424)	(44.0, 0.1777688334339256)	(45.0, 0.19006730618721593)	(46.0, 0.20851501531715141)	(47.0, 0.21913642360408417)	(48.0, 0.44442208358481977)	(49.0, 1.0940050535540757)	(50.0, 2.909147827641796)	(51.0, 4.965228863397029)	(52.0, 6.622727577648072)	(53.0, 16.72815903043066)	(54.0, 26.844211891519283)	(55.0, 9.66995371301775)	(56.0, 4.139554124459833)	(57.0, 2.3601887256541354)	(58.0, 1.2689787795440923)	(59.0, 0.8049909438517253)	(60.0, 0.6602043782561772)	(61.0, 0.4393908901857467)	(62.0, 0.2174593591377263)	(63.0, 0.10677310435811328)	(64.0, 0.0883253952281774)	(65.0, 0.07546790098610087)	(66.0, 0.04080856868137299)	(67.0, 0.05422508441223531)	(68.0, 0.05646117036737905)	(69.0, 0.07155475056459931)	(70.0, 0.10062386798146798)	(71.0, 0.1073321258468992)	(72.0, 0.09671071755996642)	(73.0, 0.07938105140760242)	(74.0, 0.048634869524376005)	(75.0, 0.02347890252900915)	(76.0, 0.007826300843003044)	(77.0, 0.0033541289327155906)	(78.0, 0.0011180429775718636)	(79.0, 0.0005590214887859318)	(80.0, 0.0)	(81.0, 0.0)	(82.0, 0.0)	(83.0, 0.0)	(84.0, 0.0)	(85.0, 0.0)	(86.0, 0.0)	(87.0, 0.0)	(88.0, 0.0)	(89.0, 0.0)	(90.0, 0.0)	(91.0, 0.0)	(92.0, 0.0)	(93.0, 0.0)	(94.0, 0.0)	(95.0, 0.0)	(96.0, 0.0)	(97.0, 0.0)	(98.0, 0.0)	(99.0, 0.0)	(100.0, 0.0)
SRR5816763_2	(0.0, 0.0)	(1.0, 0.0)	(2.0, 0.0)	(3.0, 0.0)	(4.0, 0.0)	(5.0, 0.0)	(6.0, 0.0)	(7.0, 0.0)	(8.0, 0.0)	(9.0, 0.0)	(10.0, 0.0)	(11.0, 0.0005577167077982168)	(12.0, 0.0)	(13.0, 0.0)	(14.0, 0.0005577167077982168)	(15.0, 0.0011154334155964337)	(16.0, 0.0022308668311928673)	(17.0, 0.0016731501233946506)	(18.0, 0.0039040169545875173)	(19.0, 0.0039040169545875173)	(20.0, 0.004461733662385735)	(21.0, 0.0055771670779821685)	(22.0, 0.005019450370183952)	(23.0, 0.0033463002467893003)	(24.0, 0.006692600493578602)	(25.0, 0.0100389007403679)	(26.0, 0.007250317201376819)	(27.0, 0.0055771670779821685)	(28.0, 0.012827484279358982)	(29.0, 0.0100389007403679)	(30.0, 0.016731501233946504)	(31.0, 0.022866385019726904)	(32.0, 0.03178985234449836)	(33.0, 0.058560254318812725)	(34.0, 0.11321649168303821)	(35.0, 0.27160803669773204)	(36.0, 1.1528004350189283)	(37.0, 6.552055883214561)	(38.0, 7.838708328104288)	(39.0, 1.9252380753194738)	(40.0, 0.4467310829463755)	(41.0, 0.3056287558734242)	(42.0, 0.3134367897825994)	(43.0, 0.37534334434820327)	(44.0, 0.9447721030101698)	(45.0, 3.0440177911624424)	(46.0, 3.126002147208762)	(47.0, 1.9096220075011276)	(48.0, 3.895651203970446)	(49.0, 16.693018781108872)	(50.0, 21.778837439530065)	(51.0, 9.811352323584787)	(52.0, 5.61174551386634)	(53.0, 4.347401737287207)	(54.0, 3.4176879853871625)	(55.0, 1.868350971124069)	(56.0, 1.2632283431629876)	(57.0, 0.9364063523931956)	(58.0, 0.5398697731486723)	(59.0, 0.32347569052296765)	(60.0, 0.23758731752203982)	(61.0, 0.22643298336607515)	(62.0, 0.1427754771963433)	(63.0, 0.08086892263074155)	(64.0, 0.07863805579954866)	(65.0, 0.08031120592294333)	(66.0, 0.05130993711743587)	(67.0, 0.024539535143121554)	(68.0, 0.012827484279358982)	(69.0, 0.006692600493578602)	(70.0, 0.0055771670779821685)	(71.0, 0.004461733662385735)	(72.0, 0.0022308668311928673)	(73.0, 0.002788583538991084)	(74.0, 0.0022308668311928673)	(75.0, 0.0016731501233946506)	(76.0, 0.0039040169545875173)	(77.0, 0.002788583538991084)	(78.0, 0.0005577167077982168)	(79.0, 0.0022308668311928673)	(80.0, 0.0011154334155964337)	(81.0, 0.0)	(82.0, 0.0)	(83.0, 0.0)	(84.0, 0.0)	(85.0, 0.0005577167077982168)	(86.0, 0.0005577167077982168)	(87.0, 0.0005577167077982168)	(88.0, 0.0011154334155964337)	(89.0, 0.0022308668311928673)	(90.0, 0.0)	(91.0, 0.0)	(92.0, 0.0)	(93.0, 0.0)	(94.0, 0.0005577167077982168)	(95.0, 0.0005577167077982168)	(96.0, 0.0)	(97.0, 0.0)	(98.0, 0.0)	(99.0, 0.0005577167077982168)	(100.0, 0.0008365750616973253)
SRR5816764_1	(0.0, 0.0)	(1.0, 0.0)	(2.0, 0.0)	(3.0, 0.0)	(4.0, 0.0)	(5.0, 0.0)	(6.0, 0.0)	(7.0, 0.0)	(8.0, 0.0)	(9.0, 0.0)	(10.0, 0.0)	(11.0, 0.0)	(12.0, 0.0)	(13.0, 0.0)	(14.0, 0.0)	(15.0, 0.0)	(16.0, 0.0)	(17.0, 0.0)	(18.0, 0.0)	(19.0, 0.0)	(20.0, 0.0)	(21.0, 0.0)	(22.0, 0.0)	(23.0, 0.0)	(24.0, 0.0)	(25.0, 0.0)	(26.0, 0.0)	(27.0, 0.0)	(28.0, 0.00017465693012504746)	(29.0, 0.00017465693012504746)	(30.0, 0.0008732846506252372)	(31.0, 0.0020958831615005696)	(32.0, 0.004366423253126184)	(33.0, 0.009082160366502471)	(34.0, 0.023927999427131523)	(35.0, 0.10985920904865566)	(36.0, 1.7507610675736862)	(37.0, 4.011520371110784)	(38.0, 1.2094992411159178)	(39.0, 0.17378364547442146)	(40.0, 0.09483871305790116)	(41.0, 0.08785243585289906)	(42.0, 0.09169488831565023)	(43.0, 0.08697915120227381)	(44.0, 0.08942434822402454)	(45.0, 0.10950989518840556)	(46.0, 0.13378720847578787)	(47.0, 0.4106184427239966)	(48.0, 2.4221423069742976)	(49.0, 3.562128089899445)	(50.0, 3.6503298396125134)	(51.0, 4.810226512573312)	(52.0, 5.288087873396311)	(53.0, 12.38317634585829)	(54.0, 17.168950888197305)	(55.0, 9.23725572045738)	(56.0, 6.898424769152177)	(57.0, 6.7780861442958)	(58.0, 6.026537373966354)	(59.0, 3.815031324720284)	(60.0, 3.449125056108642)	(61.0, 2.8095313779913003)	(62.0, 1.9170344650528068)	(63.0, 0.6727784948416761)	(64.0, 0.19456782015930094)	(65.0, 0.09763322393990201)	(66.0, 0.048030655784387935)	(67.0, 0.02881839347063289)	(68.0, 0.020958831615005696)	(69.0, 0.02969167812125813)	(70.0, 0.040345750858885955)	(71.0, 0.058510071591890624)	(72.0, 0.06287649484501676)	(73.0, 0.05798610080151549)	(74.0, 0.040171093928760906)	(75.0, 0.020784174684880648)	(76.0, 0.006112992554376662)	(77.0, 0.002619853951875711)	(78.0, 0.0006986277205001898)	(79.0, 0.00017465693012504746)	(80.0, 0.00017465693012504746)	(81.0, 0.00017465693012504746)	(82.0, 0.0)	(83.0, 0.0)	(84.0, 0.0)	(85.0, 0.0)	(86.0, 0.0)	(87.0, 0.0)	(88.0, 0.0)	(89.0, 0.0)	(90.0, 0.0)	(91.0, 0.0)	(92.0, 0.0)	(93.0, 0.0)	(94.0, 0.0)	(95.0, 0.0)	(96.0, 0.0)	(97.0, 0.0)	(98.0, 0.0)	(99.0, 0.0)	(100.0, 0.0)
SRR5816764_2	(0.0, 0.0)	(1.0, 0.0)	(2.0, 0.0)	(3.0, 0.0)	(4.0, 0.0)	(5.0, 0.0)	(6.0, 0.00034856170369984075)	(7.0, 0.00034856170369984075)	(8.0, 0.00017428085184992037)	(9.0, 0.0)	(10.0, 0.0)	(11.0, 0.0)	(12.0, 0.0)	(13.0, 0.0)	(14.0, 0.00034856170369984075)	(15.0, 0.0005228425555497612)	(16.0, 0.0005228425555497612)	(17.0, 0.00034856170369984075)	(18.0, 0.0008714042592496019)	(19.0, 0.0015685276666492836)	(20.0, 0.0020913702221990447)	(21.0, 0.0015685276666492836)	(22.0, 0.0010456851110995221)	(23.0, 0.002439931925898885)	(24.0, 0.0027884936295987255)	(25.0, 0.0034856170369984064)	(26.0, 0.00470558299994785)	(27.0, 0.005054144703647691)	(28.0, 0.005402706407347533)	(29.0, 0.007494076629546581)	(30.0, 0.008016919185096344)	(31.0, 0.009759727703595542)	(32.0, 0.013768187296143698)	(33.0, 0.02300507244418951)	(34.0, 0.04583586403652898)	(35.0, 0.11711673244314755)	(36.0, 0.4712554234022018)	(37.0, 2.5981789393785872)	(38.0, 3.092613716076362)	(39.0, 0.7863552035468079)	(40.0, 0.21349404351614945)	(41.0, 0.18282061359056523)	(42.0, 0.21750250310869743)	(43.0, 0.30917423118175735)	(44.0, 0.8102316802502417)	(45.0, 2.1781620864206612)	(46.0, 2.862562991634676)	(47.0, 3.796011234142001)	(48.0, 6.597575927633239)	(49.0, 9.878587244558645)	(50.0, 11.044177581726672)	(51.0, 7.673237345252904)	(52.0, 6.560454106189137)	(53.0, 6.301647041191534)	(54.0, 6.750768796409597)	(55.0, 6.4492629227086855)	(56.0, 5.981841678046348)	(57.0, 5.059721690906742)	(58.0, 2.8850452215232956)	(59.0, 1.6842501522778122)	(60.0, 1.3660133167997128)	(61.0, 1.3764701679107127)	(62.0, 0.9524448553597443)	(63.0, 0.5329508449570806)	(64.0, 0.4088628784399232)	(65.0, 0.3579728696997406)	(66.0, 0.21157695414580047)	(67.0, 0.07128086840661718)	(68.0, 0.025445004370088415)	(69.0, 0.013245344740593938)	(70.0, 0.008888323444345944)	(71.0, 0.0052284255554976115)	(72.0, 0.0040084595925481675)	(73.0, 0.0040084595925481675)	(74.0, 0.0034856170369984064)	(75.0, 0.0019170893703491245)	(76.0, 0.0019170893703491245)	(77.0, 0.0010456851110995221)	(78.0, 0.001394246814799363)	(79.0, 0.0008714042592496019)	(80.0, 0.001394246814799363)	(81.0, 0.0008714042592496019)	(82.0, 0.0005228425555497612)	(83.0, 0.00017428085184992037)	(84.0, 0.00017428085184992037)	(85.0, 0.00034856170369984075)	(86.0, 0.0)	(87.0, 0.0)	(88.0, 0.00017428085184992037)	(89.0, 0.00017428085184992037)	(90.0, 0.00034856170369984075)	(91.0, 0.0005228425555497612)	(92.0, 0.00034856170369984075)	(93.0, 0.00017428085184992037)	(94.0, 0.00034856170369984075)	(95.0, 0.0)	(96.0, 0.0)	(97.0, 0.0005228425555497612)	(98.0, 0.0008714042592496019)	(99.0, 0.00017428085184992037)	(100.0, 0.0002614212777748806)
SRR5816765_1	(0.0, 0.0)	(1.0, 0.0)	(2.0, 0.0)	(3.0, 0.0)	(4.0, 0.0)	(5.0, 0.0)	(6.0, 0.0)	(7.0, 0.0)	(8.0, 0.0)	(9.0, 0.0)	(10.0, 0.0)	(11.0, 0.0)	(12.0, 0.0)	(13.0, 0.0)	(14.0, 0.0)	(15.0, 0.0)	(16.0, 0.0)	(17.0, 0.0)	(18.0, 0.0)	(19.0, 0.0)	(20.0, 0.0)	(21.0, 0.0)	(22.0, 0.0)	(23.0, 0.0)	(24.0, 0.0)	(25.0, 0.0)	(26.0, 0.00048112544864942593)	(27.0, 0.00048112544864942593)	(28.0, 0.0019245017945977037)	(29.0, 0.00240562724324713)	(30.0, 0.0038490035891954075)	(31.0, 0.005292379935143686)	(32.0, 0.00914138352433909)	(33.0, 0.014914888908132206)	(34.0, 0.04763141941629311)	(35.0, 0.2439306024652596)	(36.0, 4.150188120050222)	(37.0, 9.724988693548454)	(38.0, 3.1749468356373924)	(39.0, 0.4339751546817827)	(40.0, 0.23238359169767303)	(41.0, 0.19678030849761452)	(42.0, 0.17801641600028664)	(43.0, 0.19052567766517178)	(44.0, 0.2097706956111494)	(45.0, 0.21698757734089097)	(46.0, 0.23045908990307526)	(47.0, 0.2651001222058349)	(48.0, 0.5720581584441602)	(49.0, 0.9579207682610151)	(50.0, 2.17035689885747)	(51.0, 4.163659632612412)	(52.0, 9.8933826005756)	(53.0, 20.24864563187076)	(54.0, 15.88050768357468)	(55.0, 6.231055685459501)	(56.0, 6.387902581719071)	(57.0, 4.337827045023584)	(58.0, 1.591081858683693)	(59.0, 1.3630283960238778)	(60.0, 1.6247606400891452)	(61.0, 1.2687278080885795)	(62.0, 0.5085495992224396)	(63.0, 0.304552408995089)	(64.0, 0.35458945565463074)	(65.0, 0.2333458425949719)	(66.0, 0.10873435139477029)	(67.0, 0.13134724748129298)	(68.0, 0.17801641600028664)	(69.0, 0.19533693215166617)	(70.0, 0.26413787130853605)	(71.0, 0.35988183558977455)	(72.0, 0.41521126218445625)	(73.0, 0.33678781405460145)	(74.0, 0.21746870278954042)	(75.0, 0.10296084601097726)	(76.0, 0.03849003589195404)	(77.0, 0.015396014356781632)	(78.0, 0.006254630832442538)	(79.0, 0.0019245017945977037)	(80.0, 0.00048112544864942593)	(81.0, 0.00048112544864942593)	(82.0, 0.0009622508972988519)	(83.0, 0.0)	(84.0, 0.0)	(85.0, 0.0)	(86.0, 0.0)	(87.0, 0.0)	(88.0, 0.0)	(89.0, 0.0)	(90.0, 0.0)	(91.0, 0.0)	(92.0, 0.0)	(93.0, 0.0)	(94.0, 0.0)	(95.0, 0.0)	(96.0, 0.0)	(97.0, 0.0)	(98.0, 0.0)	(99.0, 0.0)	(100.0, 0.0)
SRR5816765_2	(0.0, 0.0)	(1.0, 0.0)	(2.0, 0.0)	(3.0, 0.0)	(4.0, 0.0)	(5.0, 0.00048197997373212857)	(6.0, 0.00048197997373212857)	(7.0, 0.0)	(8.0, 0.0)	(9.0, 0.0)	(10.0, 0.0)	(11.0, 0.0)	(12.0, 0.0)	(13.0, 0.0)	(14.0, 0.0)	(15.0, 0.00048197997373212857)	(16.0, 0.0009639599474642571)	(17.0, 0.001445939921196386)	(18.0, 0.001445939921196386)	(19.0, 0.0009639599474642571)	(20.0, 0.00048197997373212857)	(21.0, 0.002409899868660643)	(22.0, 0.0028918798423927714)	(23.0, 0.001445939921196386)	(24.0, 0.0009639599474642571)	(25.0, 0.004337819763589158)	(26.0, 0.006265739658517672)	(27.0, 0.006265739658517672)	(28.0, 0.007711679579714056)	(29.0, 0.011085539395838954)	(30.0, 0.0134954392644996)	(31.0, 0.02313503873914219)	(32.0, 0.0250629586340707)	(33.0, 0.051089877215605595)	(34.0, 0.10892747406346108)	(35.0, 0.3012374835825826)	(36.0, 1.1162656191636355)	(37.0, 6.352496053790141)	(38.0, 7.742044318058603)	(39.0, 1.9944331313034986)	(40.0, 0.5841597281633318)	(41.0, 0.43908375606996947)	(42.0, 0.4029352580400618)	(43.0, 0.6882674024894657)	(44.0, 3.989830222554759)	(45.0, 12.516537937846559)	(46.0, 8.244749430660757)	(47.0, 2.7154751720065993)	(48.0, 2.072031907074354)	(49.0, 2.5000301237483864)	(50.0, 2.6031738381270384)	(51.0, 2.393994529527342)	(52.0, 3.5811112048297282)	(53.0, 9.222686797362357)	(54.0, 10.388596353819315)	(55.0, 5.203937776386542)	(56.0, 5.8083406634469075)	(57.0, 3.580629224855995)	(58.0, 1.2309768529118954)	(59.0, 0.6675422636189855)	(60.0, 0.5277680712366761)	(61.0, 0.6805557229097522)	(62.0, 0.9846850863347497)	(63.0, 0.5822318082684035)	(64.0, 0.21640900820572556)	(65.0, 0.13302647275006718)	(66.0, 0.09302213493030106)	(67.0, 0.05060789724187346)	(68.0, 0.03663047800364174)	(69.0, 0.017351279054356634)	(70.0, 0.00915761950091044)	(71.0, 0.009639599474642569)	(72.0, 0.0067477196322498)	(73.0, 0.007229699605981927)	(74.0, 0.007229699605981927)	(75.0, 0.004337819763589158)	(76.0, 0.004337819763589158)	(77.0, 0.0019279198949285143)	(78.0, 0.002409899868660643)	(79.0, 0.0009639599474642571)	(80.0, 0.0019279198949285143)	(81.0, 0.001445939921196386)	(82.0, 0.0009639599474642571)	(83.0, 0.0009639599474642571)	(84.0, 0.0)	(85.0, 0.0009639599474642571)	(86.0, 0.0009639599474642571)	(87.0, 0.001445939921196386)	(88.0, 0.0009639599474642571)	(89.0, 0.0)	(90.0, 0.0)	(91.0, 0.00048197997373212857)	(92.0, 0.0)	(93.0, 0.0)	(94.0, 0.0)	(95.0, 0.0)	(96.0, 0.0)	(97.0, 0.0)	(98.0, 0.00048197997373212857)	(99.0, 0.0)	(100.0, 0.000722969960598193)
SRR5816766_1	(0.0, 0.0)	(1.0, 0.0)	(2.0, 0.0)	(3.0, 0.0)	(4.0, 0.0)	(5.0, 0.0)	(6.0, 0.0)	(7.0, 0.0)	(8.0, 0.0)	(9.0, 0.0)	(10.0, 0.0)	(11.0, 0.0)	(12.0, 0.0)	(13.0, 0.0)	(14.0, 0.0)	(15.0, 0.0)	(16.0, 0.0)	(17.0, 0.0)	(18.0, 0.0)	(19.0, 0.0)	(20.0, 0.0)	(21.0, 0.0)	(22.0, 0.0)	(23.0, 0.0)	(24.0, 0.0)	(25.0, 0.0)	(26.0, 0.0005285579880969097)	(27.0, 0.0)	(28.0, 0.0)	(29.0, 0.0010571159761938193)	(30.0, 0.0005285579880969097)	(31.0, 0.0010571159761938193)	(32.0, 0.004757021892872188)	(33.0, 0.006342695857162916)	(34.0, 0.026956457392942407)	(35.0, 0.09038341596457178)	(36.0, 1.26272503356355)	(37.0, 2.9091831664851724)	(38.0, 0.8589067306574651)	(39.0, 0.139010750869487)	(40.0, 0.0840407201074088)	(41.0, 0.08721206803599028)	(42.0, 0.07399811833356744)	(43.0, 0.07664090827405201)	(44.0, 0.09038341596457178)	(45.0, 0.10095457572651004)	(46.0, 0.13478228696471178)	(47.0, 0.4260177384061127)	(48.0, 2.8362421641278153)	(49.0, 4.152351554489439)	(50.0, 3.8156601160715544)	(51.0, 4.848462424813386)	(52.0, 5.9150924447934345)	(53.0, 11.705445204390605)	(54.0, 11.70914511030728)	(55.0, 8.775648276372099)	(56.0, 7.6381914859885836)	(57.0, 8.154064082370699)	(58.0, 7.754474243369798)	(59.0, 5.0302863727188045)	(60.0, 4.29506221127567)	(61.0, 3.3383722528198274)	(62.0, 2.1908728606616354)	(63.0, 0.8203219975263863)	(64.0, 0.20296626742921214)	(65.0, 0.12262545323848302)	(66.0, 0.06765542247640448)	(67.0, 0.03382771123820221)	(68.0, 0.024313667452457863)	(69.0, 0.023256551476264042)	(70.0, 0.025370783428651688)	(71.0, 0.04228463904775274)	(72.0, 0.03858473313107438)	(73.0, 0.031713479285814576)	(74.0, 0.019028087571488758)	(75.0, 0.010042601773841283)	(76.0, 0.001585673964290729)	(77.0, 0.0005285579880969097)	(78.0, 0.0)	(79.0, 0.0005285579880969097)	(80.0, 0.0005285579880969097)	(81.0, 0.0)	(82.0, 0.0)	(83.0, 0.0)	(84.0, 0.0)	(85.0, 0.0)	(86.0, 0.0)	(87.0, 0.0)	(88.0, 0.0)	(89.0, 0.0)	(90.0, 0.0)	(91.0, 0.0)	(92.0, 0.0)	(93.0, 0.0)	(94.0, 0.0)	(95.0, 0.0)	(96.0, 0.0)	(97.0, 0.0)	(98.0, 0.0)	(99.0, 0.0)	(100.0, 0.0)
SRR5816766_2	(0.0, 0.0)	(1.0, 0.0)	(2.0, 0.0)	(3.0, 0.0)	(4.0, 0.0)	(5.0, 0.0)	(6.0, 0.0)	(7.0, 0.0)	(8.0, 0.0)	(9.0, 0.0)	(10.0, 0.0005274039070081186)	(11.0, 0.0)	(12.0, 0.0)	(13.0, 0.0)	(14.0, 0.0)	(15.0, 0.0)	(16.0, 0.0)	(17.0, 0.0)	(18.0, 0.0)	(19.0, 0.0)	(20.0, 0.0)	(21.0, 0.0)	(22.0, 0.0010548078140162373)	(23.0, 0.0005274039070081186)	(24.0, 0.0010548078140162373)	(25.0, 0.0031644234420487123)	(26.0, 0.0036918273490568307)	(27.0, 0.0021096156280324746)	(28.0, 0.004746635163073069)	(29.0, 0.004219231256064949)	(30.0, 0.0036918273490568307)	(31.0, 0.0036918273490568307)	(32.0, 0.012130289861186727)	(33.0, 0.0195139445593004)	(34.0, 0.0342812539555277)	(35.0, 0.08913126028437227)	(36.0, 0.3322644614151173)	(37.0, 1.8896881988101015)	(38.0, 2.267309396227829)	(39.0, 0.5574659297075775)	(40.0, 0.1735158854056703)	(41.0, 0.1450360744272323)	(42.0, 0.1735158854056703)	(43.0, 0.27688705117926327)	(44.0, 1.0743217585755493)	(45.0, 2.941858993291059)	(46.0, 3.207143158516083)	(47.0, 4.332623096071897)	(48.0, 7.230180161174797)	(49.0, 6.115248301760149)	(50.0, 5.164866461331087)	(51.0, 6.399519007637654)	(52.0, 7.123644571959254)	(53.0, 7.293468630015713)	(54.0, 7.929517741866926)	(55.0, 8.04238217796656)	(56.0, 7.6605417492930306)	(57.0, 6.635795957977188)	(58.0, 3.770937935107995)	(59.0, 2.2609805493437327)	(60.0, 1.8010843424327578)	(61.0, 1.750980971266998)	(62.0, 1.244673220539191)	(63.0, 0.7425847010674166)	(64.0, 0.48573899835447737)	(65.0, 0.40715581621027214)	(66.0, 0.22150964094340922)	(67.0, 0.0854394329353154)	(68.0, 0.027425003164422184)	(69.0, 0.015294713303235443)	(70.0, 0.0063288468840974246)	(71.0, 0.007383654698113661)	(72.0, 0.004746635163073069)	(73.0, 0.0021096156280324746)	(74.0, 0.0015822117210243561)	(75.0, 0.0031644234420487123)	(76.0, 0.0015822117210243561)	(77.0, 0.0005274039070081186)	(78.0, 0.0010548078140162373)	(79.0, 0.0010548078140162373)	(80.0, 0.0005274039070081186)	(81.0, 0.0)	(82.0, 0.0005274039070081186)	(83.0, 0.0005274039070081186)	(84.0, 0.0)	(85.0, 0.0005274039070081186)	(86.0, 0.0005274039070081186)	(87.0, 0.0)	(88.0, 0.0010548078140162373)	(89.0, 0.0005274039070081186)	(90.0, 0.0)	(91.0, 0.0)	(92.0, 0.0)	(93.0, 0.0010548078140162373)	(94.0, 0.0005274039070081186)	(95.0, 0.0)	(96.0, 0.0)	(97.0, 0.0)	(98.0, 0.0005274039070081186)	(99.0, 0.0)	(100.0, 0.0)
SRR5816767_1	(0.0, 0.0)	(1.0, 0.0)	(2.0, 0.0)	(3.0, 0.0)	(4.0, 0.0)	(5.0, 0.0)	(6.0, 0.0)	(7.0, 0.0)	(8.0, 0.0)	(9.0, 0.0)	(10.0, 0.0)	(11.0, 0.0)	(12.0, 0.0)	(13.0, 0.0)	(14.0, 0.0)	(15.0, 0.0)	(16.0, 0.0)	(17.0, 0.0)	(18.0, 0.0)	(19.0, 0.0)	(20.0, 0.00037342136119551786)	(21.0, 0.00037342136119551786)	(22.0, 0.0)	(23.0, 0.0)	(24.0, 0.0)	(25.0, 0.0)	(26.0, 0.0)	(27.0, 0.0014936854447820714)	(28.0, 0.0018671068059775892)	(29.0, 0.004107634973150697)	(30.0, 0.007841848585105872)	(31.0, 0.010082376752278981)	(32.0, 0.021658438949340032)	(33.0, 0.04443714198226663)	(34.0, 0.12845694825125753)	(35.0, 0.451466425685375)	(36.0, 6.176389314173256)	(37.0, 14.528331478679213)	(38.0, 4.815268452616831)	(39.0, 0.7841848585105983)	(40.0, 0.47387170735710477)	(41.0, 0.4398903634883146)	(42.0, 0.44325115573907403)	(43.0, 0.4865680336377517)	(44.0, 0.5534104572917455)	(45.0, 0.5283912260916473)	(46.0, 0.5007580453631805)	(47.0, 0.6015818128859693)	(48.0, 1.224075221998942)	(49.0, 1.6367058261198955)	(50.0, 2.7177606667809626)	(51.0, 5.160309790361176)	(52.0, 9.156665197871973)	(53.0, 14.372241349699202)	(54.0, 9.84861498016847)	(55.0, 5.966153087820371)	(56.0, 4.924680911447019)	(57.0, 3.53368634099354)	(58.0, 2.4802646810605053)	(59.0, 1.8290178271355435)	(60.0, 1.5582873402688546)	(61.0, 1.0903903746909578)	(62.0, 0.5963539138292315)	(63.0, 0.2535531042517589)	(64.0, 0.3517629222461774)	(65.0, 0.25429994697415)	(66.0, 0.11165298699745947)	(67.0, 0.10903903746909088)	(68.0, 0.1306974764184306)	(69.0, 0.1732675115947203)	(70.0, 0.2322680866636138)	(71.0, 0.33197159010281607)	(72.0, 0.3764087320850802)	(73.0, 0.29350918989967995)	(74.0, 0.17289409023352478)	(75.0, 0.07281716543312616)	(76.0, 0.0231521243941221)	(77.0, 0.007095005862714838)	(78.0, 0.002240528167173107)	(79.0, 0.0018671068059775892)	(80.0, 0.002240528167173107)	(81.0, 0.0)	(82.0, 0.0)	(83.0, 0.0)	(84.0, 0.0)	(85.0, 0.0)	(86.0, 0.0)	(87.0, 0.0)	(88.0, 0.0)	(89.0, 0.0)	(90.0, 0.0)	(91.0, 0.0)	(92.0, 0.0)	(93.0, 0.0)	(94.0, 0.0)	(95.0, 0.0)	(96.0, 0.0)	(97.0, 0.0)	(98.0, 0.0)	(99.0, 0.0)	(100.0, 0.0)
SRR5816767_2	(0.0, 0.0)	(1.0, 0.0)	(2.0, 0.0)	(3.0, 0.0)	(4.0, 0.0)	(5.0, 0.0)	(6.0, 0.0)	(7.0, 0.0)	(8.0, 0.0)	(9.0, 0.0)	(10.0, 0.0)	(11.0, 0.0)	(12.0, 0.00037325619371997775)	(13.0, 0.0007465123874399555)	(14.0, 0.00037325619371997775)	(15.0, 0.00037325619371997775)	(16.0, 0.0007465123874399555)	(17.0, 0.00037325619371997775)	(18.0, 0.0018662809685998888)	(19.0, 0.0022395371623198665)	(20.0, 0.0018662809685998888)	(21.0, 0.002986049549759822)	(22.0, 0.005972099099519643)	(23.0, 0.00485233051835971)	(24.0, 0.007091867680679575)	(25.0, 0.011197685811599334)	(26.0, 0.014556991555079139)	(27.0, 0.016050016329959053)	(28.0, 0.01716978491111899)	(29.0, 0.020155834460878805)	(30.0, 0.0313535202724781)	(31.0, 0.04703028040871723)	(32.0, 0.039565156534317615)	(33.0, 0.07838380068119542)	(34.0, 0.16796528717398987)	(35.0, 0.4072225073484922)	(36.0, 1.5863388233098574)	(37.0, 9.28922689310596)	(38.0, 11.417533709701145)	(39.0, 2.8703401297066824)	(40.0, 0.7293426025288412)	(41.0, 0.595716885177074)	(42.0, 0.6461064713292767)	(43.0, 0.947697475855053)	(44.0, 2.992768161246891)	(45.0, 8.300844492136042)	(46.0, 5.739187234638164)	(47.0, 2.923715765408664)	(48.0, 3.8079596883316933)	(49.0, 5.136005225587229)	(50.0, 6.19754584052588)	(51.0, 5.507021882144549)	(52.0, 5.362944991368768)	(53.0, 5.538375402416999)	(54.0, 4.9680399384133915)	(55.0, 3.4600849157845155)	(56.0, 3.4600849157845155)	(57.0, 2.7662016516587618)	(58.0, 1.3881397844445944)	(59.0, 0.7954089488172849)	(60.0, 0.5695889516166732)	(61.0, 0.6057948024075145)	(62.0, 0.5318900760509576)	(63.0, 0.2900200625204258)	(64.0, 0.20865021228946862)	(65.0, 0.17692343582326958)	(66.0, 0.12130826295899226)	(67.0, 0.05822796622031663)	(68.0, 0.030980264078758122)	(69.0, 0.019036065879718875)	(70.0, 0.015303503942519097)	(71.0, 0.012317454392759268)	(72.0, 0.011197685811599334)	(73.0, 0.01194419819903929)	(74.0, 0.006718611486959598)	(75.0, 0.004479074324639733)	(76.0, 0.0026127933560398443)	(77.0, 0.0022395371623198665)	(78.0, 0.0022395371623198665)	(79.0, 0.0022395371623198665)	(80.0, 0.00037325619371997775)	(81.0, 0.001493024774879911)	(82.0, 0.0007465123874399555)	(83.0, 0.0007465123874399555)	(84.0, 0.0007465123874399555)	(85.0, 0.0007465123874399555)	(86.0, 0.0007465123874399555)	(87.0, 0.00037325619371997775)	(88.0, 0.0)	(89.0, 0.00037325619371997775)	(90.0, 0.0007465123874399555)	(91.0, 0.0007465123874399555)	(92.0, 0.0)	(93.0, 0.0)	(94.0, 0.0)	(95.0, 0.00037325619371997775)	(96.0, 0.0)	(97.0, 0.00037325619371997775)	(98.0, 0.0)	(99.0, 0.0)	(100.0, 0.0005598842905799666)
SRR5816768_1	(0.0, 0.0)	(1.0, 0.0)	(2.0, 0.0)	(3.0, 0.0)	(4.0, 0.0)	(5.0, 0.0)	(6.0, 0.0)	(7.0, 0.0)	(8.0, 0.0)	(9.0, 0.0)	(10.0, 0.0)	(11.0, 0.0)	(12.0, 0.0)	(13.0, 0.0)	(14.0, 0.0)	(15.0, 0.0)	(16.0, 0.0)	(17.0, 0.0)	(18.0, 0.0)	(19.0, 0.0)	(20.0, 0.0)	(21.0, 0.0)	(22.0, 0.0)	(23.0, 0.0)	(24.0, 0.0)	(25.0, 0.0)	(26.0, 0.00043475236505283844)	(27.0, 0.0)	(28.0, 0.0)	(29.0, 0.00043475236505283844)	(30.0, 0.00043475236505283844)	(31.0, 0.0034780189204227075)	(32.0, 0.003912771285475547)	(33.0, 0.007825542570951092)	(34.0, 0.021302865887589097)	(35.0, 0.07521215915414123)	(36.0, 1.2686074012242357)	(37.0, 2.8880599610458617)	(38.0, 0.8690699777406318)	(39.0, 0.14085976627711908)	(40.0, 0.07042988313855997)	(41.0, 0.06825612131329577)	(42.0, 0.07303839732887703)	(43.0, 0.08086393989982818)	(44.0, 0.07042988313855997)	(45.0, 0.10868809126320948)	(46.0, 0.15651085141902105)	(47.0, 0.13346897607122093)	(48.0, 0.23954855314411513)	(49.0, 0.4386651363383119)	(50.0, 0.9238487757372956)	(51.0, 2.4259181969946515)	(52.0, 8.21942821368732)	(53.0, 11.450507790759165)	(54.0, 11.761355731772511)	(55.0, 24.27439830273021)	(56.0, 23.468802170290232)	(57.0, 6.617365748469066)	(58.0, 2.0520311630492953)	(59.0, 0.6660406232609334)	(60.0, 0.4143190038953543)	(61.0, 0.22259321090705395)	(62.0, 0.1156441291040548)	(63.0, 0.061734835837503145)	(64.0, 0.06912562604340146)	(65.0, 0.05390929326655199)	(66.0, 0.028693656093487327)	(67.0, 0.03347593210906854)	(68.0, 0.03347593210906854)	(69.0, 0.04217097941012527)	(70.0, 0.05738731218697473)	(71.0, 0.06782136894824292)	(72.0, 0.08173344462993386)	(73.0, 0.06999513077350714)	(74.0, 0.038692960489702576)	(75.0, 0.020433361157483423)	(76.0, 0.0056517807456869)	(77.0, 0.0017390094602113537)	(78.0, 0.0021737618252641922)	(79.0, 0.0)	(80.0, 0.0)	(81.0, 0.0)	(82.0, 0.0)	(83.0, 0.0)	(84.0, 0.0)	(85.0, 0.0)	(86.0, 0.0)	(87.0, 0.0)	(88.0, 0.0)	(89.0, 0.0)	(90.0, 0.0)	(91.0, 0.0)	(92.0, 0.0)	(93.0, 0.0)	(94.0, 0.0)	(95.0, 0.0)	(96.0, 0.0)	(97.0, 0.0)	(98.0, 0.0)	(99.0, 0.0)	(100.0, 0.0)
SRR5816768_2	(0.0, 0.0)	(1.0, 0.0)	(2.0, 0.0)	(3.0, 0.0)	(4.0, 0.0)	(5.0, 0.0)	(6.0, 0.0)	(7.0, 0.0)	(8.0, 0.0)	(9.0, 0.0004341559140718969)	(10.0, 0.0004341559140718969)	(11.0, 0.0)	(12.0, 0.0)	(13.0, 0.0)	(14.0, 0.0)	(15.0, 0.0)	(16.0, 0.0)	(17.0, 0.0)	(18.0, 0.0008683118281437937)	(19.0, 0.0004341559140718969)	(20.0, 0.0004341559140718969)	(21.0, 0.0013024677422156907)	(22.0, 0.0013024677422156907)	(23.0, 0.0008683118281437937)	(24.0, 0.0021707795703594843)	(25.0, 0.003039091398503278)	(26.0, 0.003473247312575175)	(27.0, 0.005644026882934659)	(28.0, 0.006946494625150349)	(29.0, 0.006946494625150349)	(30.0, 0.009117274195509832)	(31.0, 0.013024677422156905)	(32.0, 0.015195456992516397)	(33.0, 0.02127363978952296)	(34.0, 0.05470364517305904)	(35.0, 0.1076706666898303)	(36.0, 0.3117239463036251)	(37.0, 1.8273622423285623)	(38.0, 2.2788843929632323)	(39.0, 0.6160672420680093)	(40.0, 0.23097094628625)	(41.0, 0.20448743552786355)	(42.0, 0.22098536026259613)	(43.0, 0.3690325269611141)	(44.0, 1.5260580379627342)	(45.0, 7.610319017765181)	(46.0, 8.79209141586781)	(47.0, 5.572391157113551)	(48.0, 11.220759599185294)	(49.0, 8.888039872877613)	(50.0, 6.975148915478574)	(51.0, 7.605543302710395)	(52.0, 5.561103103347692)	(53.0, 5.015369119359378)	(54.0, 4.961533786014439)	(55.0, 2.8832294253513227)	(56.0, 6.458937533647557)	(57.0, 7.213500512303829)	(58.0, 2.1021829359360105)	(59.0, 0.53270930656621)	(60.0, 0.25571783338834886)	(61.0, 0.14891547852665993)	(62.0, 0.1028949516350395)	(63.0, 0.08552871507216388)	(64.0, 0.04688883871976484)	(65.0, 0.03863987635239877)	(66.0, 0.026917666672457596)	(67.0, 0.013458833336228805)	(68.0, 0.008248962367366037)	(69.0, 0.008248962367366037)	(70.0, 0.005209870968862763)	(71.0, 0.0021707795703594843)	(72.0, 0.003039091398503278)	(73.0, 0.003473247312575175)	(74.0, 0.003039091398503278)	(75.0, 0.0013024677422156907)	(76.0, 0.0021707795703594843)	(77.0, 0.0013024677422156907)	(78.0, 0.0)	(79.0, 0.0017366236562875875)	(80.0, 0.0013024677422156907)	(81.0, 0.0008683118281437937)	(82.0, 0.0008683118281437937)	(83.0, 0.0008683118281437937)	(84.0, 0.0)	(85.0, 0.0004341559140718969)	(86.0, 0.0008683118281437937)	(87.0, 0.0)	(88.0, 0.0)	(89.0, 0.0)	(90.0, 0.0)	(91.0, 0.0004341559140718969)	(92.0, 0.0008683118281437937)	(93.0, 0.0004341559140718969)	(94.0, 0.0)	(95.0, 0.0004341559140718969)	(96.0, 0.0)	(97.0, 0.0)	(98.0, 0.0)	(99.0, 0.0)	(100.0, 0.0)
SRR5816769_1	(0.0, 0.0)	(1.0, 0.0)	(2.0, 0.0)	(3.0, 0.0)	(4.0, 0.0)	(5.0, 0.0)	(6.0, 0.0)	(7.0, 0.0)	(8.0, 0.0)	(9.0, 0.0)	(10.0, 0.0)	(11.0, 0.0)	(12.0, 0.0)	(13.0, 0.0)	(14.0, 0.0)	(15.0, 0.0)	(16.0, 0.0)	(17.0, 0.0)	(18.0, 0.0)	(19.0, 0.0)	(20.0, 0.0)	(21.0, 0.0)	(22.0, 0.0)	(23.0, 0.0)	(24.0, 0.0)	(25.0, 0.0)	(26.0, 0.00011772392562196624)	(27.0, 0.00011772392562196624)	(28.0, 0.0)	(29.0, 0.0)	(30.0, 0.00011772392562196624)	(31.0, 0.00011772392562196624)	(32.0, 0.0)	(33.0, 0.00035317177686589876)	(34.0, 0.00035317177686589876)	(35.0, 0.00035317177686589876)	(36.0, 0.0017658588843294935)	(37.0, 0.004238061322390786)	(38.0, 0.002354478512439324)	(39.0, 0.0009417914049757299)	(40.0, 0.0008240674793537638)	(41.0, 0.0011772392562196625)	(42.0, 0.0022367545868173582)	(43.0, 0.0028253742149271887)	(44.0, 0.004120337396768819)	(45.0, 0.006710263760452076)	(46.0, 0.01059515330597695)	(47.0, 0.018129484545782833)	(48.0, 0.05356438615799462)	(49.0, 0.4126223593049965)	(50.0, 1.4343483097782943)	(51.0, 2.4209925304151128)	(52.0, 11.491503275646068)	(53.0, 15.760055094803112)	(54.0, 17.249851373559935)	(55.0, 8.982924144576716)	(56.0, 12.699350752535343)	(57.0, 20.21814243421379)	(58.0, 7.579066331539874)	(59.0, 0.89729176109064)	(60.0, 0.2855982435588979)	(61.0, 0.18612152640832513)	(62.0, 0.15928047136651743)	(63.0, 0.04979722053809159)	(64.0, 0.023191613347527402)	(65.0, 0.014480042851501855)	(66.0, 0.007063435537317974)	(67.0, 0.002707650289305223)	(68.0, 0.002354478512439324)	(69.0, 0.0030608220661711215)	(70.0, 0.0035317177686589873)	(71.0, 0.0024722024380612905)	(72.0, 0.0012949631818416289)	(73.0, 0.0008240674793537638)	(74.0, 0.00023544785124393248)	(75.0, 0.00011772392562196624)	(76.0, 0.00023544785124393248)	(77.0, 0.0)	(78.0, 0.00011772392562196624)	(79.0, 0.00011772392562196624)	(80.0, 0.0)	(81.0, 0.0)	(82.0, 0.00011772392562196624)	(83.0, 0.0)	(84.0, 0.0)	(85.0, 0.00011772392562196624)	(86.0, 0.0)	(87.0, 0.0)	(88.0, 0.0)	(89.0, 0.0)	(90.0, 0.0)	(91.0, 0.0)	(92.0, 0.0)	(93.0, 0.0)	(94.0, 0.0)	(95.0, 0.0)	(96.0, 0.0)	(97.0, 0.0)	(98.0, 0.0)	(99.0, 0.0)	(100.0, 0.0)
SRR5816769_2	(0.0, 0.0)	(1.0, 0.0)	(2.0, 0.0)	(3.0, 0.0)	(4.0, 0.00011687062538636647)	(5.0, 0.00011687062538636647)	(6.0, 0.0)	(7.0, 0.0)	(8.0, 0.00023374125077273294)	(9.0, 0.00011687062538636647)	(10.0, 0.0)	(11.0, 0.0)	(12.0, 0.00011687062538636647)	(13.0, 0.0)	(14.0, 0.00011687062538636647)	(15.0, 0.00011687062538636647)	(16.0, 0.00023374125077273294)	(17.0, 0.00023374125077273294)	(18.0, 0.0)	(19.0, 0.00011687062538636647)	(20.0, 0.00035061187615909945)	(21.0, 0.00035061187615909945)	(22.0, 0.0004674825015454659)	(23.0, 0.0004674825015454659)	(24.0, 0.00035061187615909945)	(25.0, 0.00023374125077273294)	(26.0, 0.0004674825015454659)	(27.0, 0.0008180943777045653)	(28.0, 0.0010518356284772983)	(29.0, 0.0014024475046363978)	(30.0, 0.002103671256954596)	(31.0, 0.0030386362600455276)	(32.0, 0.004557954390068295)	(33.0, 0.005492919393159228)	(34.0, 0.006778496272409256)	(35.0, 0.007947202526272916)	(36.0, 0.012037674414795736)	(37.0, 0.016946240681023163)	(38.0, 0.020218618191841446)	(39.0, 0.026763373213477923)	(40.0, 0.03576241136822801)	(41.0, 0.044293967021432644)	(42.0, 0.055396676433137754)	(43.0, 0.06614877396868377)	(44.0, 0.10307989159077549)	(45.0, 0.19073286063054726)	(46.0, 0.21235392632702751)	(47.0, 0.40460610508760664)	(48.0, 2.3237386445565784)	(49.0, 15.195284971494846)	(50.0, 26.100950508809422)	(51.0, 18.404786085878595)	(52.0, 8.386168595218681)	(53.0, 11.282222692282307)	(54.0, 9.835247479378967)	(55.0, 2.303520026364756)	(56.0, 1.9326895320141522)	(57.0, 1.900433239407544)	(58.0, 0.48863608474038506)	(59.0, 0.16700812367711432)	(60.0, 0.10541730409850268)	(61.0, 0.13872543233361526)	(62.0, 0.07561529462497972)	(63.0, 0.02863330321965976)	(64.0, 0.017296852557182264)	(65.0, 0.014725698798682185)	(66.0, 0.012154545040182103)	(67.0, 0.012622027541727573)	(68.0, 0.010752097535545702)	(69.0, 0.006077272520091059)	(70.0, 0.005726660643931961)	(71.0, 0.005376048767772861)	(72.0, 0.0032723775108182613)	(73.0, 0.0023374125077273286)	(74.0, 0.0022205418823409624)	(75.0, 0.0014024475046363978)	(76.0, 0.0015193181300227642)	(77.0, 0.0010518356284772983)	(78.0, 0.0008180943777045653)	(79.0, 0.00035061187615909945)	(80.0, 0.0007012237523181988)	(81.0, 0.0004674825015454659)	(82.0, 0.0004674825015454659)	(83.0, 0.0004674825015454659)	(84.0, 0.00035061187615909945)	(85.0, 0.0005843531269318324)	(86.0, 0.0007012237523181988)	(87.0, 0.00011687062538636647)	(88.0, 0.00023374125077273294)	(89.0, 0.00035061187615909945)	(90.0, 0.00011687062538636647)	(91.0, 0.0004674825015454659)	(92.0, 0.0004674825015454659)	(93.0, 0.0)	(94.0, 0.0)	(95.0, 0.00023374125077273294)	(96.0, 0.00023374125077273294)	(97.0, 0.00035061187615909945)	(98.0, 0.0004674825015454659)	(99.0, 0.00035061187615909945)	(100.0, 0.00035061187615909945)
SRR5816770_1	(0.0, 0.0)	(1.0, 0.0)	(2.0, 0.0)	(3.0, 0.0)	(4.0, 0.0)	(5.0, 0.0)	(6.0, 0.0)	(7.0, 0.0)	(8.0, 0.0)	(9.0, 0.0)	(10.0, 0.0)	(11.0, 0.0)	(12.0, 0.0)	(13.0, 0.0)	(14.0, 0.0)	(15.0, 0.0)	(16.0, 0.0)	(17.0, 0.0)	(18.0, 0.0)	(19.0, 0.0)	(20.0, 0.0)	(21.0, 0.0)	(22.0, 0.0)	(23.0, 0.0)	(24.0, 0.00033256953197496344)	(25.0, 0.0)	(26.0, 0.00033256953197496344)	(27.0, 0.00033256953197496344)	(28.0, 0.0)	(29.0, 0.0)	(30.0, 0.0)	(31.0, 0.0)	(32.0, 0.0)	(33.0, 0.00033256953197496344)	(34.0, 0.0)	(35.0, 0.0006651390639499269)	(36.0, 0.0016628476598748172)	(37.0, 0.0016628476598748172)	(38.0, 0.0013302781278998537)	(39.0, 0.0016628476598748172)	(40.0, 0.0006651390639499269)	(41.0, 0.0)	(42.0, 0.0029931257877746707)	(43.0, 0.0049885429796244505)	(44.0, 0.0059862515755493406)	(45.0, 0.010974794555173795)	(46.0, 0.027603271153921936)	(47.0, 0.07649099235424159)	(48.0, 0.2574088177486245)	(49.0, 2.665544798779429)	(50.0, 5.593819527818257)	(51.0, 2.7972423334415746)	(52.0, 4.817602240189399)	(53.0, 6.4937526813416895)	(54.0, 9.40839205957099)	(55.0, 10.583027646508695)	(56.0, 13.328721702498989)	(57.0, 28.103788299513404)	(58.0, 12.994156753331568)	(59.0, 1.5278244298929133)	(60.0, 0.6066068263223325)	(61.0, 0.3432117569981602)	(62.0, 0.2061931098244788)	(63.0, 0.07050474077869233)	(64.0, 0.02061931098244773)	(65.0, 0.015630768002823293)	(66.0, 0.010974794555173795)	(67.0, 0.0049885429796244505)	(68.0, 0.003990834383699562)	(69.0, 0.0026605562557997075)	(70.0, 0.0016628476598748172)	(71.0, 0.0026605562557997075)	(72.0, 0.00033256953197496344)	(73.0, 0.0)	(74.0, 0.00033256953197496344)	(75.0, 0.00033256953197496344)	(76.0, 0.0)	(77.0, 0.0)	(78.0, 0.0)	(79.0, 0.0)	(80.0, 0.0)	(81.0, 0.0)	(82.0, 0.0)	(83.0, 0.0)	(84.0, 0.0)	(85.0, 0.0)	(86.0, 0.0)	(87.0, 0.0)	(88.0, 0.0)	(89.0, 0.0)	(90.0, 0.0)	(91.0, 0.0)	(92.0, 0.0)	(93.0, 0.0)	(94.0, 0.0)	(95.0, 0.0)	(96.0, 0.0)	(97.0, 0.0)	(98.0, 0.0)	(99.0, 0.0)	(100.0, 0.0)
SRR5816770_2	(0.0, 0.0)	(1.0, 0.0)	(2.0, 0.000329901260552839)	(3.0, 0.000329901260552839)	(4.0, 0.0)	(5.0, 0.0)	(6.0, 0.0)	(7.0, 0.0)	(8.0, 0.0)	(9.0, 0.0)	(10.0, 0.0)	(11.0, 0.0)	(12.0, 0.0)	(13.0, 0.0)	(14.0, 0.0)	(15.0, 0.000329901260552839)	(16.0, 0.000329901260552839)	(17.0, 0.0)	(18.0, 0.0)	(19.0, 0.0)	(20.0, 0.000329901260552839)	(21.0, 0.0)	(22.0, 0.0)	(23.0, 0.0)	(24.0, 0.000329901260552839)	(25.0, 0.0)	(26.0, 0.000659802521105678)	(27.0, 0.000329901260552839)	(28.0, 0.000659802521105678)	(29.0, 0.000989703781658517)	(30.0, 0.000659802521105678)	(31.0, 0.0)	(32.0, 0.0023093088238698724)	(33.0, 0.00329901260552839)	(34.0, 0.002639210084422712)	(35.0, 0.003628913866081229)	(36.0, 0.0059382226899511005)	(37.0, 0.007917630253268132)	(38.0, 0.011216642858796528)	(39.0, 0.01616516176708912)	(40.0, 0.01913427311206466)	(41.0, 0.026062199583674256)	(42.0, 0.03299012605528386)	(43.0, 0.042227361350763416)	(44.0, 0.07752679622991712)	(45.0, 0.15901240758646856)	(46.0, 0.1735280630507939)	(47.0, 0.27612735508272784)	(48.0, 1.468060609460076)	(49.0, 11.629349335751582)	(50.0, 25.62442061089823)	(51.0, 24.222670154814313)	(52.0, 10.484921862891703)	(53.0, 5.4994540134152485)	(54.0, 4.52129677587697)	(55.0, 1.912437607424649)	(56.0, 5.425556131051479)	(57.0, 6.1681638685552445)	(58.0, 1.2061190085811813)	(59.0, 0.29988024584253087)	(60.0, 0.17781677943798094)	(61.0, 0.1982706575922575)	(62.0, 0.09435176051811167)	(63.0, 0.05113469538569013)	(64.0, 0.03299012605528386)	(65.0, 0.022763186978145875)	(66.0, 0.013525951682666406)	(67.0, 0.014845556724877763)	(68.0, 0.017154865548747632)	(69.0, 0.013525951682666406)	(70.0, 0.006268123950503938)	(71.0, 0.0023093088238698724)	(72.0, 0.0029691113449755507)	(73.0, 0.003628913866081229)	(74.0, 0.0029691113449755507)	(75.0, 0.001979407563317034)	(76.0, 0.0029691113449755507)	(77.0, 0.0016495063027641948)	(78.0, 0.001319605042211356)	(79.0, 0.001319605042211356)	(80.0, 0.000659802521105678)	(81.0, 0.000659802521105678)	(82.0, 0.000659802521105678)	(83.0, 0.000329901260552839)	(84.0, 0.000659802521105678)	(85.0, 0.000659802521105678)	(86.0, 0.000659802521105678)	(87.0, 0.0)	(88.0, 0.001319605042211356)	(89.0, 0.000989703781658517)	(90.0, 0.000659802521105678)	(91.0, 0.0)	(92.0, 0.0)	(93.0, 0.000329901260552839)	(94.0, 0.000329901260552839)	(95.0, 0.0)	(96.0, 0.0)	(97.0, 0.0)	(98.0, 0.000989703781658517)	(99.0, 0.0)	(100.0, 0.0)
SRR5816771_1	(0.0, 0.0)	(1.0, 0.0)	(2.0, 0.0)	(3.0, 0.0)	(4.0, 0.0)	(5.0, 0.0)	(6.0, 0.0)	(7.0, 0.0)	(8.0, 0.0)	(9.0, 0.0)	(10.0, 0.0)	(11.0, 0.0)	(12.0, 0.0)	(13.0, 0.0)	(14.0, 0.0)	(15.0, 0.0)	(16.0, 0.0)	(17.0, 0.0)	(18.0, 0.0)	(19.0, 0.0)	(20.0, 0.0)	(21.0, 0.00010700039376143119)	(22.0, 0.00021400078752286238)	(23.0, 0.00010700039376143119)	(24.0, 0.00010700039376143119)	(25.0, 0.00010700039376143119)	(26.0, 0.0)	(27.0, 0.0)	(28.0, 0.0)	(29.0, 0.00010700039376143119)	(30.0, 0.0)	(31.0, 0.00021400078752286238)	(32.0, 0.00021400078752286238)	(33.0, 0.0003210011812842936)	(34.0, 0.0003210011812842936)	(35.0, 0.00021400078752286238)	(36.0, 0.0007490027563300183)	(37.0, 0.0012840047251371743)	(38.0, 0.0007490027563300183)	(39.0, 0.0010700039376143119)	(40.0, 0.0019260070877057608)	(41.0, 0.0034240126003657985)	(42.0, 0.0066340244132087325)	(43.0, 0.008346030713391626)	(44.0, 0.014445053157793224)	(45.0, 0.02889010631558636)	(46.0, 0.06890825358236224)	(47.0, 0.17590864734379044)	(48.0, 0.7169026382015562)	(49.0, 7.2555897005654515)	(50.0, 16.305041002574963)	(51.0, 8.69228398759496)	(52.0, 4.031774836932321)	(53.0, 4.962678262658465)	(54.0, 10.516319700039443)	(55.0, 15.717287839639146)	(56.0, 10.318261971187754)	(57.0, 13.235413706324692)	(58.0, 6.304570200817311)	(59.0, 0.8413440961461573)	(60.0, 0.30249011316357793)	(61.0, 0.2434258958072612)	(62.0, 0.13396449298930985)	(63.0, 0.05029018506787268)	(64.0, 0.02461009056512917)	(65.0, 0.011877043707518858)	(66.0, 0.004815017719264406)	(67.0, 0.0036380133878886616)	(68.0, 0.0025680094502743473)	(69.0, 0.002033007481467192)	(70.0, 0.002996011025320073)	(71.0, 0.0024610090565129164)	(72.0, 0.0017120063001828986)	(73.0, 0.0005350019688071559)	(74.0, 0.00010700039376143119)	(75.0, 0.00021400078752286238)	(76.0, 0.00010700039376143119)	(77.0, 0.00010700039376143119)	(78.0, 0.0)	(79.0, 0.0)	(80.0, 0.0)	(81.0, 0.0)	(82.0, 0.0)	(83.0, 0.0)	(84.0, 0.0)	(85.0, 0.0)	(86.0, 0.00010700039376143119)	(87.0, 0.00010700039376143119)	(88.0, 0.0)	(89.0, 0.0)	(90.0, 0.0)	(91.0, 0.0)	(92.0, 0.0)	(93.0, 0.0)	(94.0, 0.0)	(95.0, 0.0)	(96.0, 0.0)	(97.0, 0.0)	(98.0, 0.0)	(99.0, 0.0)	(100.0, 0.0)
SRR5816771_2	(0.0, 0.0)	(1.0, 0.0)	(2.0, 0.0)	(3.0, 0.0)	(4.0, 0.00010633478870204847)	(5.0, 0.0)	(6.0, 0.0)	(7.0, 0.0)	(8.0, 0.0)	(9.0, 0.0)	(10.0, 0.00021266957740409694)	(11.0, 0.0)	(12.0, 0.0)	(13.0, 0.0)	(14.0, 0.0)	(15.0, 0.0003190043661061454)	(16.0, 0.0004253391548081939)	(17.0, 0.0)	(18.0, 0.00010633478870204847)	(19.0, 0.0)	(20.0, 0.0)	(21.0, 0.00010633478870204847)	(22.0, 0.00021266957740409694)	(23.0, 0.0003190043661061454)	(24.0, 0.00021266957740409694)	(25.0, 0.0004253391548081939)	(26.0, 0.0003190043661061454)	(27.0, 0.0005316739435102424)	(28.0, 0.0007443435209143393)	(29.0, 0.0006380087322122907)	(30.0, 0.0011696826757225333)	(31.0, 0.001063347887020485)	(32.0, 0.003190043661061454)	(33.0, 0.003934387181975796)	(34.0, 0.0038280523932737467)	(35.0, 0.005529409012506523)	(36.0, 0.006380087322122907)	(37.0, 0.009357461405780254)	(38.0, 0.012547505066841722)	(39.0, 0.016269222671413446)	(40.0, 0.02179863168391997)	(41.0, 0.026902701541618224)	(42.0, 0.03296378449763491)	(43.0, 0.04646830266279511)	(44.0, 0.06146150786978437)	(45.0, 0.07528503040105107)	(46.0, 0.1070791322229623)	(47.0, 0.21426459923462976)	(48.0, 0.9456352759273905)	(49.0, 6.731523798781505)	(50.0, 14.98810113714892)	(51.0, 22.096156422751797)	(52.0, 19.492230117023063)	(53.0, 8.422034269560523)	(54.0, 4.541877829833154)	(55.0, 2.1412636400926286)	(56.0, 8.125679213448992)	(57.0, 9.081203624722123)	(58.0, 1.757501387667285)	(59.0, 0.3786581825679976)	(60.0, 0.19544334163436503)	(61.0, 0.18470352797545692)	(62.0, 0.09846601433809686)	(63.0, 0.043490928579137667)	(64.0, 0.025414014499789573)	(65.0, 0.017757909713242134)	(66.0, 0.010846148447608934)	(67.0, 0.012122165912033524)	(68.0, 0.013079179010351967)	(69.0, 0.009889135349290494)	(70.0, 0.005954748167314715)	(71.0, 0.004678730702890136)	(72.0, 0.004147056759379892)	(73.0, 0.002871039294955308)	(74.0, 0.0012760174644245816)	(75.0, 0.0012760174644245816)	(76.0, 0.0023393653514450657)	(77.0, 0.0015950218305307267)	(78.0, 0.0009570130983184363)	(79.0, 0.0005316739435102424)	(80.0, 0.0004253391548081939)	(81.0, 0.0004253391548081939)	(82.0, 0.0006380087322122907)	(83.0, 0.0006380087322122907)	(84.0, 0.00010633478870204847)	(85.0, 0.00021266957740409694)	(86.0, 0.0004253391548081939)	(87.0, 0.00021266957740409694)	(88.0, 0.0003190043661061454)	(89.0, 0.0004253391548081939)	(90.0, 0.0003190043661061454)	(91.0, 0.0005316739435102424)	(92.0, 0.00010633478870204847)	(93.0, 0.0003190043661061454)	(94.0, 0.0003190043661061454)	(95.0, 0.00010633478870204847)	(96.0, 0.00021266957740409694)	(97.0, 0.0)	(98.0, 0.0003190043661061454)	(99.0, 0.0004253391548081939)	(100.0, 0.0006380087322122908)
SRR5816772_1	(0.0, 0.0)	(1.0, 0.0)	(2.0, 0.0)	(3.0, 0.0)	(4.0, 0.0)	(5.0, 0.0)	(6.0, 0.0)	(7.0, 0.0)	(8.0, 0.0)	(9.0, 0.0)	(10.0, 0.0)	(11.0, 0.0)	(12.0, 0.0)	(13.0, 0.0)	(14.0, 0.0)	(15.0, 0.0)	(16.0, 0.0)	(17.0, 0.0)	(18.0, 0.0)	(19.0, 0.0)	(20.0, 0.0)	(21.0, 0.0)	(22.0, 0.0)	(23.0, 0.0)	(24.0, 0.0)	(25.0, 0.0003114042463084044)	(26.0, 0.0003114042463084044)	(27.0, 0.0)	(28.0, 0.0)	(29.0, 0.0)	(30.0, 0.0)	(31.0, 0.0)	(32.0, 0.0003114042463084044)	(33.0, 0.0003114042463084044)	(34.0, 0.0003114042463084044)	(35.0, 0.0)	(36.0, 0.002491233970467235)	(37.0, 0.0065394891724764904)	(38.0, 0.0031140424630840442)	(39.0, 0.0006228084926168088)	(40.0, 0.0018684254778504263)	(41.0, 0.0015570212315420217)	(42.0, 0.0003114042463084044)	(43.0, 0.0018684254778504263)	(44.0, 0.0065394891724764904)	(45.0, 0.006228084926168086)	(46.0, 0.015258808069111823)	(47.0, 0.0355000840791581)	(48.0, 0.12425029427705281)	(49.0, 0.7532868718200505)	(50.0, 1.898008881249554)	(51.0, 1.957487092294476)	(52.0, 6.650349084160412)	(53.0, 18.360705766589852)	(54.0, 28.886480696021938)	(55.0, 10.822543176205267)	(56.0, 7.423254423497168)	(57.0, 14.290340863101965)	(58.0, 6.778959037885665)	(59.0, 0.9211337605802996)	(60.0, 0.334759564781532)	(61.0, 0.2855576938648069)	(62.0, 0.2771497792144805)	(63.0, 0.085636167734811)	(64.0, 0.0311404246308404)	(65.0, 0.010899148620794157)	(66.0, 0.007162297665093298)	(67.0, 0.002802638216775639)	(68.0, 0.0021798297241588304)	(69.0, 0.0009342127389252131)	(70.0, 0.0009342127389252131)	(71.0, 0.004359659448317661)	(72.0, 0.0046710636946260655)	(73.0, 0.0009342127389252131)	(74.0, 0.0)	(75.0, 0.0)	(76.0, 0.0)	(77.0, 0.0)	(78.0, 0.0)	(79.0, 0.0)	(80.0, 0.0)	(81.0, 0.0)	(82.0, 0.0)	(83.0, 0.0)	(84.0, 0.0003114042463084044)	(85.0, 0.0003114042463084044)	(86.0, 0.0)	(87.0, 0.0)	(88.0, 0.0)	(89.0, 0.0)	(90.0, 0.0)	(91.0, 0.0)	(92.0, 0.0)	(93.0, 0.0)	(94.0, 0.0)	(95.0, 0.0)	(96.0, 0.0)	(97.0, 0.0)	(98.0, 0.0)	(99.0, 0.0)	(100.0, 0.0)
SRR5816772_2	(0.0, 0.0)	(1.0, 0.0)	(2.0, 0.0)	(3.0, 0.0)	(4.0, 0.0)	(5.0, 0.0)	(6.0, 0.0)	(7.0, 0.0)	(8.0, 0.0003107153288302236)	(9.0, 0.0)	(10.0, 0.0003107153288302236)	(11.0, 0.0003107153288302236)	(12.0, 0.0)	(13.0, 0.0)	(14.0, 0.0)	(15.0, 0.0)	(16.0, 0.0)	(17.0, 0.0003107153288302236)	(18.0, 0.0)	(19.0, 0.0)	(20.0, 0.0003107153288302236)	(21.0, 0.0003107153288302236)	(22.0, 0.0)	(23.0, 0.0)	(24.0, 0.0003107153288302236)	(25.0, 0.0)	(26.0, 0.0)	(27.0, 0.0009321459864906709)	(28.0, 0.0009321459864906709)	(29.0, 0.0018642919729813415)	(30.0, 0.0015535766441511182)	(31.0, 0.0006214306576604472)	(32.0, 0.002485722630641789)	(33.0, 0.004039299274792907)	(34.0, 0.005592875918944024)	(35.0, 0.009632175193736933)	(36.0, 0.013050043810869398)	(37.0, 0.014603620455020522)	(38.0, 0.028275094923550313)	(39.0, 0.0307608175541921)	(40.0, 0.035421547486645485)	(41.0, 0.03946084676143843)	(42.0, 0.05157874458581723)	(43.0, 0.07208595628861186)	(44.0, 0.12055754758612612)	(45.0, 0.2457758251047092)	(46.0, 0.2864795331814662)	(47.0, 0.5198267451329581)	(48.0, 4.46187212200212)	(49.0, 24.581000379065067)	(50.0, 29.860053815871364)	(51.0, 16.663041654513282)	(52.0, 6.46505384696875)	(53.0, 5.2576140791356)	(54.0, 4.842809115147628)	(55.0, 1.4606727608308094)	(56.0, 1.82731684885039)	(57.0, 1.7629987757825483)	(58.0, 0.46234440929936277)	(59.0, 0.1854970513116447)	(60.0, 0.167164846910661)	(61.0, 0.2321043506361796)	(62.0, 0.1267718541627308)	(63.0, 0.042568000049740685)	(64.0, 0.025789372292908532)	(65.0, 0.01771077374332275)	(66.0, 0.01087503650905783)	(67.0, 0.01242861315320895)	(68.0, 0.013982189797360075)	(69.0, 0.006525021905434694)	(70.0, 0.004350014603623131)	(71.0, 0.004350014603623131)	(72.0, 0.0034178686171324603)	(73.0, 0.002485722630641789)	(74.0, 0.002796437959472013)	(75.0, 0.0021750073018115654)	(76.0, 0.0003107153288302236)	(77.0, 0.0009321459864906709)	(78.0, 0.0006214306576604472)	(79.0, 0.0012428613153208944)	(80.0, 0.0009321459864906709)	(81.0, 0.0)	(82.0, 0.0003107153288302236)	(83.0, 0.0)	(84.0, 0.0003107153288302236)	(85.0, 0.0003107153288302236)	(86.0, 0.0)	(87.0, 0.0)	(88.0, 0.0)	(89.0, 0.0)	(90.0, 0.0)	(91.0, 0.0003107153288302236)	(92.0, 0.0003107153288302236)	(93.0, 0.0)	(94.0, 0.0)	(95.0, 0.0)	(96.0, 0.0)	(97.0, 0.0)	(98.0, 0.0009321459864906709)	(99.0, 0.0)	(100.0, 0.0)
SRR5816773_1	(0.0, 0.0)	(1.0, 0.0)	(2.0, 0.0)	(3.0, 0.0)	(4.0, 0.0)	(5.0, 0.0)	(6.0, 0.0)	(7.0, 0.0)	(8.0, 0.0)	(9.0, 0.0)	(10.0, 0.0)	(11.0, 0.0)	(12.0, 0.0)	(13.0, 0.0)	(14.0, 0.0)	(15.0, 0.0)	(16.0, 0.0)	(17.0, 0.0)	(18.0, 0.0)	(19.0, 0.0)	(20.0, 0.0)	(21.0, 0.0)	(22.0, 0.0)	(23.0, 0.0)	(24.0, 0.0)	(25.0, 0.0)	(26.0, 0.00032774420220495567)	(27.0, 0.00032774420220495567)	(28.0, 0.0)	(29.0, 0.0)	(30.0, 0.0)	(31.0, 0.0006554884044099113)	(32.0, 0.0006554884044099113)	(33.0, 0.0016387210110247784)	(34.0, 0.0006554884044099113)	(35.0, 0.00229420941543469)	(36.0, 0.0032774420220495577)	(37.0, 0.011471047077173453)	(38.0, 0.006882628246304067)	(39.0, 0.006554884044099112)	(40.0, 0.004916163033074335)	(41.0, 0.006227139841894157)	(42.0, 0.006227139841894157)	(43.0, 0.00917683766173876)	(44.0, 0.015731721705837885)	(45.0, 0.028513745591831112)	(46.0, 0.07701988751816456)	(47.0, 0.3051298522528136)	(48.0, 1.1536595917614563)	(49.0, 5.320271634392602)	(50.0, 13.21890690753894)	(51.0, 15.66584512120559)	(52.0, 11.89711454004395)	(53.0, 13.753457701336197)	(54.0, 11.967579543518145)	(55.0, 10.684460991883409)	(56.0, 6.7092515633359415)	(57.0, 2.5328071946399504)	(58.0, 1.2103593387429008)	(59.0, 1.6164344052747488)	(60.0, 1.076967448445514)	(61.0, 0.7023558253252312)	(62.0, 0.6387734500974626)	(63.0, 0.4352443005281736)	(64.0, 0.29628075879328025)	(65.0, 0.39952018248783544)	(66.0, 0.17206570615760233)	(67.0, 0.028841489794036064)	(68.0, 0.009504581863943715)	(69.0, 0.00458841883086938)	(70.0, 0.0036051862242545128)	(71.0, 0.004260674628664424)	(72.0, 0.0029496978198446013)	(73.0, 0.0029496978198446013)	(74.0, 0.001966465213229734)	(75.0, 0.0009832326066148672)	(76.0, 0.00032774420220495567)	(77.0, 0.0)	(78.0, 0.00032774420220495567)	(79.0, 0.00032774420220495567)	(80.0, 0.00032774420220495567)	(81.0, 0.0)	(82.0, 0.0)	(83.0, 0.0)	(84.0, 0.0)	(85.0, 0.0)	(86.0, 0.0)	(87.0, 0.0)	(88.0, 0.0)	(89.0, 0.0)	(90.0, 0.0)	(91.0, 0.0)	(92.0, 0.0)	(93.0, 0.0)	(94.0, 0.0)	(95.0, 0.0)	(96.0, 0.0)	(97.0, 0.0)	(98.0, 0.0)	(99.0, 0.0)	(100.0, 0.0)
SRR5816773_2	(0.0, 0.0)	(1.0, 0.0)	(2.0, 0.0)	(3.0, 0.0)	(4.0, 0.0)	(5.0, 0.0)	(6.0, 0.0)	(7.0, 0.0)	(8.0, 0.0)	(9.0, 0.0)	(10.0, 0.0003274512179547149)	(11.0, 0.0003274512179547149)	(12.0, 0.0003274512179547149)	(13.0, 0.0)	(14.0, 0.0003274512179547149)	(15.0, 0.0006549024359094298)	(16.0, 0.0)	(17.0, 0.0003274512179547149)	(18.0, 0.0006549024359094298)	(19.0, 0.0003274512179547149)	(20.0, 0.0)	(21.0, 0.0)	(22.0, 0.0006549024359094298)	(23.0, 0.0003274512179547149)	(24.0, 0.0006549024359094298)	(25.0, 0.0006549024359094298)	(26.0, 0.0006549024359094298)	(27.0, 0.0003274512179547149)	(28.0, 0.0016372560897735748)	(29.0, 0.004256865833411294)	(30.0, 0.004911768269320723)	(31.0, 0.003601963397501865)	(32.0, 0.005239219487275439)	(33.0, 0.00753137801295844)	(34.0, 0.008513731666822587)	(35.0, 0.012443146282279171)	(36.0, 0.01670001211569047)	(37.0, 0.02652354865433188)	(38.0, 0.030125512051833732)	(39.0, 0.03143531692365259)	(40.0, 0.035037280321154475)	(41.0, 0.03536473153910919)	(42.0, 0.04617062173161486)	(43.0, 0.06418043871912428)	(44.0, 0.09299614589913878)	(45.0, 0.1633981577594031)	(46.0, 0.48102583917546604)	(47.0, 2.1100956485000446)	(48.0, 6.841110845508074)	(49.0, 11.960483187018108)	(50.0, 13.22215272979992)	(51.0, 17.738032476612638)	(52.0, 16.22160588626987)	(53.0, 10.250205475637522)	(54.0, 5.374129389072285)	(55.0, 2.6431862313305627)	(56.0, 3.731306628594576)	(57.0, 3.8737479084049413)	(58.0, 1.4280147615004615)	(59.0, 0.6535926310376167)	(60.0, 0.4784062294318285)	(61.0, 0.7203926795003861)	(62.0, 0.6398396798835171)	(63.0, 0.5429141193689104)	(64.0, 0.29470609615924387)	(65.0, 0.0808804508348145)	(66.0, 0.034054926667290326)	(67.0, 0.020629426731147035)	(68.0, 0.014080402372052752)	(69.0, 0.00818628044886787)	(70.0, 0.006876475577049012)	(71.0, 0.0065490243590942965)	(72.0, 0.003601963397501865)	(73.0, 0.003929414615456579)	(74.0, 0.003601963397501865)	(75.0, 0.0029470609615924346)	(76.0, 0.0016372560897735748)	(77.0, 0.0029470609615924346)	(78.0, 0.0016372560897735748)	(79.0, 0.0019647073077282895)	(80.0, 0.0019647073077282895)	(81.0, 0.0009823536538641447)	(82.0, 0.0003274512179547149)	(83.0, 0.0)	(84.0, 0.0003274512179547149)	(85.0, 0.0003274512179547149)	(86.0, 0.0)	(87.0, 0.0)	(88.0, 0.0003274512179547149)	(89.0, 0.0003274512179547149)	(90.0, 0.0)	(91.0, 0.0)	(92.0, 0.0)	(93.0, 0.0)	(94.0, 0.0)	(95.0, 0.0)	(96.0, 0.0)	(97.0, 0.0003274512179547149)	(98.0, 0.0)	(99.0, 0.0)	(100.0, 0.0)
SRR5816774_1	(0.0, 0.0)	(1.0, 0.0)	(2.0, 0.0)	(3.0, 0.0)	(4.0, 0.0)	(5.0, 0.0)	(6.0, 0.0)	(7.0, 0.0)	(8.0, 0.0)	(9.0, 0.0)	(10.0, 0.0)	(11.0, 0.0)	(12.0, 0.0)	(13.0, 0.0)	(14.0, 0.0)	(15.0, 0.0)	(16.0, 0.0)	(17.0, 0.0)	(18.0, 0.0)	(19.0, 0.0)	(20.0, 0.0)	(21.0, 0.0)	(22.0, 0.0)	(23.0, 0.0)	(24.0, 0.0)	(25.0, 0.0)	(26.0, 0.0)	(27.0, 0.0)	(28.0, 0.0007652514616301623)	(29.0, 0.00038262573081508113)	(30.0, 0.0007652514616301623)	(31.0, 0.00038262573081508113)	(32.0, 0.00038262573081508113)	(33.0, 0.0015305029232603245)	(34.0, 0.0015305029232603245)	(35.0, 0.0022957543848904863)	(36.0, 0.016070280694233417)	(37.0, 0.04859346781351533)	(38.0, 0.017983409348308825)	(39.0, 0.006504637423856378)	(40.0, 0.006504637423856378)	(41.0, 0.004208883038965892)	(42.0, 0.006122011693041297)	(43.0, 0.01262664911689768)	(44.0, 0.020661789464014386)	(45.0, 0.04361933331291924)	(46.0, 0.08149928066361237)	(47.0, 0.24488046772165387)	(48.0, 0.9454681808440927)	(49.0, 8.13653616578043)	(50.0, 16.130735559711002)	(51.0, 8.30871774464706)	(52.0, 16.162493495368714)	(53.0, 11.581698246042231)	(54.0, 3.884799044966002)	(55.0, 5.002448804676953)	(56.0, 6.404772108112949)	(57.0, 13.794805473080684)	(58.0, 7.421408674887695)	(59.0, 1.0369157305089074)	(60.0, 0.31337047353755365)	(61.0, 0.1557286724417374)	(62.0, 0.09833481281947569)	(63.0, 0.04629771342862483)	(64.0, 0.0164529064250485)	(65.0, 0.00765251461630162)	(66.0, 0.0045915087697809736)	(67.0, 0.005356760231411135)	(68.0, 0.0022957543848904863)	(69.0, 0.0026783801157055677)	(70.0, 0.0022957543848904863)	(71.0, 0.004974134500596054)	(72.0, 0.006887263154671458)	(73.0, 0.0026783801157055677)	(74.0, 0.0011478771924452434)	(75.0, 0.0007652514616301623)	(76.0, 0.00038262573081508113)	(77.0, 0.0)	(78.0, 0.0)	(79.0, 0.0)	(80.0, 0.0)	(81.0, 0.0)	(82.0, 0.0)	(83.0, 0.0)	(84.0, 0.0)	(85.0, 0.0)	(86.0, 0.0)	(87.0, 0.0)	(88.0, 0.0)	(89.0, 0.0)	(90.0, 0.0)	(91.0, 0.0)	(92.0, 0.0)	(93.0, 0.0)	(94.0, 0.0)	(95.0, 0.0)	(96.0, 0.0)	(97.0, 0.0)	(98.0, 0.0)	(99.0, 0.0)	(100.0, 0.0)
SRR5816774_2	(0.0, 0.0)	(1.0, 0.0)	(2.0, 0.0)	(3.0, 0.0)	(4.0, 0.0)	(5.0, 0.0)	(6.0, 0.0)	(7.0, 0.0)	(8.0, 0.0)	(9.0, 0.00037961973491147167)	(10.0, 0.0)	(11.0, 0.0)	(12.0, 0.0)	(13.0, 0.0)	(14.0, 0.0)	(15.0, 0.0)	(16.0, 0.0)	(17.0, 0.0)	(18.0, 0.0)	(19.0, 0.0)	(20.0, 0.0)	(21.0, 0.0)	(22.0, 0.00037961973491147167)	(23.0, 0.00037961973491147167)	(24.0, 0.0)	(25.0, 0.001138859204734415)	(26.0, 0.0007592394698229433)	(27.0, 0.00037961973491147167)	(28.0, 0.00037961973491147167)	(29.0, 0.00037961973491147167)	(30.0, 0.0015184789396458867)	(31.0, 0.0015184789396458867)	(32.0, 0.00037961973491147167)	(33.0, 0.0030369578792917734)	(34.0, 0.008351634168052374)	(35.0, 0.010249732842609735)	(36.0, 0.009490493372786788)	(37.0, 0.034925015611855355)	(38.0, 0.052387523417783154)	(39.0, 0.02353642356451124)	(40.0, 0.016323648601193293)	(41.0, 0.031508437997652114)	(42.0, 0.03910083269588155)	(43.0, 0.055044861562163476)	(44.0, 0.11768211782255578)	(45.0, 0.36633304418956925)	(46.0, 0.3359634653966532)	(47.0, 0.25054902504157345)	(48.0, 0.5151439802748576)	(49.0, 2.557498154098475)	(50.0, 10.918243195788332)	(51.0, 23.532627367157975)	(52.0, 20.83846610850106)	(53.0, 16.392739392956624)	(54.0, 15.165049170250692)	(55.0, 3.8501033514726237)	(56.0, 2.0066699187419013)	(57.0, 1.7682687252175513)	(58.0, 0.5102089237210088)	(59.0, 0.22321640412794672)	(60.0, 0.10211770869118567)	(61.0, 0.07478508777756009)	(62.0, 0.04213779057517335)	(63.0, 0.028471480118360357)	(64.0, 0.020499465685219476)	(65.0, 0.013286690721901511)	(66.0, 0.008351634168052374)	(67.0, 0.011768211782255624)	(68.0, 0.015184789396458875)	(69.0, 0.012907070986990041)	(70.0, 0.008351634168052374)	(71.0, 0.006073915758583546)	(72.0, 0.0034165776142032456)	(73.0, 0.001138859204734415)	(74.0, 0.0015184789396458867)	(75.0, 0.0030369578792917734)	(76.0, 0.001138859204734415)	(77.0, 0.0007592394698229433)	(78.0, 0.0)	(79.0, 0.00037961973491147167)	(80.0, 0.0)	(81.0, 0.00037961973491147167)	(82.0, 0.0007592394698229433)	(83.0, 0.00037961973491147167)	(84.0, 0.00037961973491147167)	(85.0, 0.0)	(86.0, 0.0)	(87.0, 0.00037961973491147167)	(88.0, 0.001138859204734415)	(89.0, 0.0)	(90.0, 0.0)	(91.0, 0.00037961973491147167)	(92.0, 0.0)	(93.0, 0.0)	(94.0, 0.0)	(95.0, 0.0)	(96.0, 0.0)	(97.0, 0.0)	(98.0, 0.0)	(99.0, 0.0)	(100.0, 0.0005694296023672075)
SRR5816775_1	(0.0, 0.0)	(1.0, 0.0)	(2.0, 0.0)	(3.0, 0.0)	(4.0, 0.0)	(5.0, 0.0)	(6.0, 0.0)	(7.0, 0.0)	(8.0, 0.0)	(9.0, 0.0)	(10.0, 0.0)	(11.0, 0.0)	(12.0, 0.0)	(13.0, 0.0)	(14.0, 0.0)	(15.0, 0.0)	(16.0, 0.0)	(17.0, 0.0)	(18.0, 0.0)	(19.0, 0.0)	(20.0, 0.0)	(21.0, 0.0)	(22.0, 0.0)	(23.0, 0.0)	(24.0, 0.0)	(25.0, 0.0)	(26.0, 0.00042878153152183874)	(27.0, 0.00042878153152183874)	(28.0, 0.0)	(29.0, 0.0)	(30.0, 0.0)	(31.0, 0.00042878153152183874)	(32.0, 0.0012863445945655164)	(33.0, 0.00042878153152183874)	(34.0, 0.0008575630630436775)	(35.0, 0.0025726891891310324)	(36.0, 0.036446430179356254)	(37.0, 0.07889580180001854)	(38.0, 0.01843760585543908)	(39.0, 0.006431722972827581)	(40.0, 0.008146849098914935)	(41.0, 0.006860504504349419)	(42.0, 0.009861975225002288)	(43.0, 0.015436135134786201)	(44.0, 0.020152731981526437)	(45.0, 0.035160085584790744)	(46.0, 0.08790021396197709)	(47.0, 0.18823509233808694)	(48.0, 0.7752370089914827)	(49.0, 6.984851148490151)	(50.0, 13.7021426213138)	(51.0, 7.102337288127028)	(52.0, 16.508946526660864)	(53.0, 11.696302616850991)	(54.0, 4.148461317474239)	(55.0, 6.393561416522073)	(56.0, 7.870713792613465)	(57.0, 15.139847096509143)	(58.0, 7.534549071900648)	(59.0, 0.972905295023073)	(60.0, 0.30014707206529007)	(61.0, 0.14792962837503368)	(62.0, 0.07417920495327829)	(63.0, 0.033873740990225235)	(64.0, 0.020152731981526437)	(65.0, 0.010290756756524126)	(66.0, 0.007289286035871257)	(67.0, 0.003001470720652871)	(68.0, 0.006002941441305742)	(69.0, 0.003859033783696549)	(70.0, 0.006431722972827581)	(71.0, 0.008146849098914935)	(72.0, 0.012005882882611485)	(73.0, 0.008575630630436773)	(74.0, 0.003859033783696549)	(75.0, 0.001715126126087355)	(76.0, 0.001715126126087355)	(77.0, 0.00042878153152183874)	(78.0, 0.00042878153152183874)	(79.0, 0.0)	(80.0, 0.0)	(81.0, 0.0)	(82.0, 0.00042878153152183874)	(83.0, 0.00042878153152183874)	(84.0, 0.0)	(85.0, 0.00042878153152183874)	(86.0, 0.00042878153152183874)	(87.0, 0.0)	(88.0, 0.0)	(89.0, 0.0)	(90.0, 0.0)	(91.0, 0.0)	(92.0, 0.0)	(93.0, 0.0)	(94.0, 0.0)	(95.0, 0.0)	(96.0, 0.0)	(97.0, 0.0)	(98.0, 0.0)	(99.0, 0.0)	(100.0, 0.0)
SRR5816775_2	(0.0, 0.0)	(1.0, 0.0)	(2.0, 0.0)	(3.0, 0.0)	(4.0, 0.0)	(5.0, 0.0)	(6.0, 0.0)	(7.0, 0.0)	(8.0, 0.0)	(9.0, 0.0)	(10.0, 0.0)	(11.0, 0.0)	(12.0, 0.0)	(13.0, 0.0)	(14.0, 0.0)	(15.0, 0.0)	(16.0, 0.0004249975031395431)	(17.0, 0.0004249975031395431)	(18.0, 0.0)	(19.0, 0.0)	(20.0, 0.0)	(21.0, 0.0)	(22.0, 0.0)	(23.0, 0.0004249975031395431)	(24.0, 0.0)	(25.0, 0.0008499950062790862)	(26.0, 0.0004249975031395431)	(27.0, 0.0008499950062790862)	(28.0, 0.0004249975031395431)	(29.0, 0.0012749925094186294)	(30.0, 0.0021249875156977155)	(31.0, 0.0008499950062790862)	(32.0, 0.0021249875156977155)	(33.0, 0.0025499850188372584)	(34.0, 0.0008499950062790862)	(35.0, 0.005099970037674518)	(36.0, 0.009774942572209488)	(37.0, 0.05907465293639656)	(38.0, 0.07309957054000159)	(39.0, 0.017849895131860822)	(40.0, 0.022949865169535337)	(41.0, 0.027199840200930754)	(42.0, 0.04079976030139608)	(43.0, 0.05057470287360564)	(44.0, 0.12707425343872297)	(45.0, 0.38292275032872886)	(46.0, 0.3735728052596594)	(47.0, 0.2413985817832618)	(48.0, 0.5019220512077942)	(49.0, 2.6800342547977527)	(50.0, 11.979829618496433)	(51.0, 22.800691045941594)	(52.0, 18.41429181604082)	(53.0, 16.568952657405568)	(54.0, 15.140536049350967)	(55.0, 3.658378507025426)	(56.0, 2.892108008864481)	(57.0, 2.6426344745214556)	(58.0, 0.6493961847972073)	(59.0, 0.2184487166137258)	(60.0, 0.12324927591046714)	(61.0, 0.08372450811849019)	(62.0, 0.05184969538302428)	(63.0, 0.028474832710349375)	(64.0, 0.022524867666395793)	(65.0, 0.017849895131860822)	(66.0, 0.012324927591046751)	(67.0, 0.015299910113023557)	(68.0, 0.016999900125581734)	(69.0, 0.008074952559651316)	(70.0, 0.003824977528255888)	(71.0, 0.0029749825219768018)	(72.0, 0.0025499850188372584)	(73.0, 0.0029749825219768018)	(74.0, 0.0016999900125581723)	(75.0, 0.0012749925094186294)	(76.0, 0.0012749925094186294)	(77.0, 0.0016999900125581723)	(78.0, 0.0012749925094186294)	(79.0, 0.0)	(80.0, 0.0004249975031395431)	(81.0, 0.0)	(82.0, 0.0)	(83.0, 0.0004249975031395431)	(84.0, 0.0004249975031395431)	(85.0, 0.0004249975031395431)	(86.0, 0.0008499950062790862)	(87.0, 0.0)	(88.0, 0.0016999900125581723)	(89.0, 0.0016999900125581723)	(90.0, 0.0004249975031395431)	(91.0, 0.0)	(92.0, 0.0)	(93.0, 0.0)	(94.0, 0.0)	(95.0, 0.0)	(96.0, 0.0004249975031395431)	(97.0, 0.0)	(98.0, 0.0)	(99.0, 0.0004249975031395431)	(100.0, 0.0006374962547093147)
SRR5816776_1	(0.0, 0.0)	(1.0, 0.0)	(2.0, 0.0)	(3.0, 0.0)	(4.0, 0.0)	(5.0, 0.0)	(6.0, 0.0)	(7.0, 0.0)	(8.0, 0.0)	(9.0, 0.0)	(10.0, 0.0)	(11.0, 0.0)	(12.0, 0.0)	(13.0, 0.0)	(14.0, 0.0)	(15.0, 0.0)	(16.0, 0.0)	(17.0, 0.0)	(18.0, 0.0)	(19.0, 0.0)	(20.0, 0.0)	(21.0, 0.0)	(22.0, 0.00034595611892582407)	(23.0, 0.0)	(24.0, 0.0)	(25.0, 0.0)	(26.0, 0.0)	(27.0, 0.0)	(28.0, 0.0)	(29.0, 0.00034595611892582407)	(30.0, 0.0)	(31.0, 0.0)	(32.0, 0.0006919122378516481)	(33.0, 0.00034595611892582407)	(34.0, 0.0031136050703324163)	(35.0, 0.013492288638107143)	(36.0, 0.18577843586316825)	(37.0, 0.4286396313490898)	(38.0, 0.16190746365728573)	(39.0, 0.03217391906010159)	(40.0, 0.019373542659846147)	(41.0, 0.017643762065217033)	(42.0, 0.020757367135549442)	(43.0, 0.019373542659846147)	(44.0, 0.030444138465472476)	(45.0, 0.03978495367646976)	(46.0, 0.08060777570971697)	(47.0, 0.4888359960421797)	(48.0, 1.1132867907033384)	(49.0, 1.057241899437366)	(50.0, 4.371155562628451)	(51.0, 9.111100348028515)	(52.0, 9.267472513783272)	(53.0, 16.176562164863473)	(54.0, 18.720031551201394)	(55.0, 12.75090467525373)	(56.0, 6.013409259167844)	(57.0, 2.0764286257926137)	(58.0, 2.0193458661698656)	(59.0, 7.749071107817125)	(60.0, 5.339486739500952)	(61.0, 0.8583171310549944)	(62.0, 0.6943339306841353)	(63.0, 0.43521279760868)	(64.0, 0.146685394424549)	(65.0, 0.11727912431585381)	(66.0, 0.07092100437979405)	(67.0, 0.02525479668158514)	(68.0, 0.02733053339514007)	(69.0, 0.03148200682224995)	(70.0, 0.0442823832225055)	(71.0, 0.05189341783887369)	(72.0, 0.05639084738490943)	(73.0, 0.05396915455242865)	(74.0, 0.03736326084398898)	(75.0, 0.02214119161125273)	(76.0, 0.00795699073529395)	(77.0, 0.0034595611892582405)	(78.0, 0.0013838244757032963)	(79.0, 0.0017297805946291202)	(80.0, 0.0010378683567774723)	(81.0, 0.0)	(82.0, 0.0)	(83.0, 0.0)	(84.0, 0.00034595611892582407)	(85.0, 0.00034595611892582407)	(86.0, 0.0010378683567774723)	(87.0, 0.0006919122378516481)	(88.0, 0.0)	(89.0, 0.0)	(90.0, 0.0)	(91.0, 0.0)	(92.0, 0.0)	(93.0, 0.0)	(94.0, 0.0)	(95.0, 0.0)	(96.0, 0.0)	(97.0, 0.0)	(98.0, 0.0)	(99.0, 0.0)	(100.0, 0.0)
SRR5816776_2	(0.0, 0.0)	(1.0, 0.0)	(2.0, 0.0)	(3.0, 0.0)	(4.0, 0.0)	(5.0, 0.0)	(6.0, 0.0)	(7.0, 0.0)	(8.0, 0.0010330489579117252)	(9.0, 0.0010330489579117252)	(10.0, 0.0)	(11.0, 0.00034434965263724165)	(12.0, 0.00034434965263724165)	(13.0, 0.0)	(14.0, 0.0)	(15.0, 0.0)	(16.0, 0.00034434965263724165)	(17.0, 0.0)	(18.0, 0.0)	(19.0, 0.0)	(20.0, 0.0)	(21.0, 0.0)	(22.0, 0.00034434965263724165)	(23.0, 0.0)	(24.0, 0.0)	(25.0, 0.00034434965263724165)	(26.0, 0.0010330489579117252)	(27.0, 0.0006886993052744833)	(28.0, 0.0)	(29.0, 0.0)	(30.0, 0.0)	(31.0, 0.0)	(32.0, 0.0013773986105489666)	(33.0, 0.002754797221097933)	(34.0, 0.0051652447895586245)	(35.0, 0.01170788818966622)	(36.0, 0.03512366456899862)	(37.0, 0.2982067991838524)	(38.0, 0.3808507158167857)	(39.0, 0.10089444822271149)	(40.0, 0.038911510748008304)	(41.0, 0.043732405884929715)	(42.0, 0.05096374859031185)	(43.0, 0.081266518022389)	(44.0, 0.291319806131108)	(45.0, 0.9052952367833391)	(46.0, 0.7134924802643737)	(47.0, 0.6570191372318597)	(48.0, 1.592617143447169)	(49.0, 2.3760126031968936)	(50.0, 10.434827523866842)	(51.0, 18.97091106309579)	(52.0, 17.28738561135844)	(53.0, 10.5353776224371)	(54.0, 4.5925913172233335)	(55.0, 2.1945403362569844)	(56.0, 5.309527294013418)	(57.0, 6.230662614817202)	(58.0, 6.364270280040331)	(59.0, 6.481693511589523)	(60.0, 1.7992269350294674)	(61.0, 0.5220340733980467)	(62.0, 0.3763741703325018)	(63.0, 0.5771300178200105)	(64.0, 0.41631873003841957)	(65.0, 0.1332633155706118)	(66.0, 0.05268549685349806)	(67.0, 0.03512366456899862)	(68.0, 0.024104475684606903)	(69.0, 0.014118335758126916)	(70.0, 0.00860874131593104)	(71.0, 0.006886993052744831)	(72.0, 0.0051652447895586245)	(73.0, 0.007231342705382073)	(74.0, 0.004476545484284142)	(75.0, 0.004476545484284142)	(76.0, 0.003099146873735175)	(77.0, 0.0024104475684606917)	(78.0, 0.0013773986105489666)	(79.0, 0.0017217482631862082)	(80.0, 0.00206609791582345)	(81.0, 0.00034434965263724165)	(82.0, 0.0)	(83.0, 0.0)	(84.0, 0.0)	(85.0, 0.0)	(86.0, 0.00034434965263724165)	(87.0, 0.0010330489579117252)	(88.0, 0.0)	(89.0, 0.0006886993052744833)	(90.0, 0.0006886993052744833)	(91.0, 0.0)	(92.0, 0.0)	(93.0, 0.0006886993052744833)	(94.0, 0.0006886993052744833)	(95.0, 0.00034434965263724165)	(96.0, 0.0006886993052744833)	(97.0, 0.0006886993052744833)	(98.0, 0.0006886993052744833)	(99.0, 0.0006886993052744833)	(100.0, 0.0005165244789558626)
SRR5816777_1	(0.0, 0.0)	(1.0, 0.0)	(2.0, 0.0)	(3.0, 0.0)	(4.0, 0.0)	(5.0, 0.0)	(6.0, 0.0)	(7.0, 0.0)	(8.0, 0.0)	(9.0, 0.0)	(10.0, 0.0)	(11.0, 0.0)	(12.0, 0.0)	(13.0, 0.0)	(14.0, 0.0)	(15.0, 0.0)	(16.0, 0.0)	(17.0, 0.0)	(18.0, 0.0)	(19.0, 0.0)	(20.0, 0.0)	(21.0, 0.0)	(22.0, 0.0)	(23.0, 0.0)	(24.0, 0.0003780289570181065)	(25.0, 0.0)	(26.0, 0.0)	(27.0, 0.0)	(28.0, 0.0)	(29.0, 0.0)	(30.0, 0.0)	(31.0, 0.0)	(32.0, 0.0003780289570181065)	(33.0, 0.0)	(34.0, 0.0)	(35.0, 0.0003780289570181065)	(36.0, 0.000756057914036213)	(37.0, 0.0003780289570181065)	(38.0, 0.0011340868710543197)	(39.0, 0.0011340868710543197)	(40.0, 0.001512115828072426)	(41.0, 0.0018901447850905328)	(42.0, 0.003402260613162959)	(43.0, 0.0026462026991267455)	(44.0, 0.0026462026991267455)	(45.0, 0.007560579140362129)	(46.0, 0.017389332022832913)	(47.0, 0.0234377953351226)	(48.0, 0.06048463312289717)	(49.0, 0.2850338335916555)	(50.0, 3.491853475976571)	(51.0, 7.832381960456096)	(52.0, 7.243412845422421)	(53.0, 11.125014176085815)	(54.0, 16.191358258051693)	(55.0, 10.255925603899605)	(56.0, 10.350054814197286)	(57.0, 11.184364722337765)	(58.0, 5.092428079991351)	(59.0, 9.626507390463313)	(60.0, 5.909726685063755)	(61.0, 0.6566362983404465)	(62.0, 0.25592560390126046)	(63.0, 0.1655766831739304)	(64.0, 0.08694666011416449)	(65.0, 0.0699353570483499)	(66.0, 0.02910822969039418)	(67.0, 0.00642649226930781)	(68.0, 0.005670434355271598)	(69.0, 0.003024231656144852)	(70.0, 0.0018901447850905328)	(71.0, 0.0022681737421086394)	(72.0, 0.0026462026991267455)	(73.0, 0.0003780289570181065)	(74.0, 0.0)	(75.0, 0.0)	(76.0, 0.0)	(77.0, 0.0)	(78.0, 0.0)	(79.0, 0.0)	(80.0, 0.0)	(81.0, 0.0)	(82.0, 0.0)	(83.0, 0.0)	(84.0, 0.0)	(85.0, 0.0)	(86.0, 0.0)	(87.0, 0.0)	(88.0, 0.0)	(89.0, 0.0)	(90.0, 0.0)	(91.0, 0.0)	(92.0, 0.0)	(93.0, 0.0)	(94.0, 0.0)	(95.0, 0.0)	(96.0, 0.0)	(97.0, 0.0)	(98.0, 0.0)	(99.0, 0.0)	(100.0, 0.0)
SRR5816777_2	(0.0, 0.0)	(1.0, 0.0)	(2.0, 0.0)	(3.0, 0.0)	(4.0, 0.0)	(5.0, 0.0)	(6.0, 0.0)	(7.0, 0.0)	(8.0, 0.000753023388906382)	(9.0, 0.000376511694453191)	(10.0, 0.000376511694453191)	(11.0, 0.000376511694453191)	(12.0, 0.000376511694453191)	(13.0, 0.000376511694453191)	(14.0, 0.000376511694453191)	(15.0, 0.0)	(16.0, 0.000376511694453191)	(17.0, 0.0)	(18.0, 0.0)	(19.0, 0.0)	(20.0, 0.0)	(21.0, 0.0)	(22.0, 0.0)	(23.0, 0.0)	(24.0, 0.000376511694453191)	(25.0, 0.0)	(26.0, 0.0)	(27.0, 0.0)	(28.0, 0.000376511694453191)	(29.0, 0.000376511694453191)	(30.0, 0.0)	(31.0, 0.001882558472265955)	(32.0, 0.001506046777812764)	(33.0, 0.001506046777812764)	(34.0, 0.001506046777812764)	(35.0, 0.004518140333438293)	(36.0, 0.004894652027891483)	(37.0, 0.006400698805704246)	(38.0, 0.00903628066687658)	(39.0, 0.011295350833595732)	(40.0, 0.01581349116703403)	(41.0, 0.018825584722659564)	(42.0, 0.025602795222816978)	(43.0, 0.036521634361959474)	(44.0, 0.052335125528993616)	(45.0, 0.0873507131131403)	(46.0, 0.12763746441963117)	(47.0, 0.30836307775716565)	(48.0, 1.3569481468093074)	(49.0, 9.063012997179568)	(50.0, 15.664392536038854)	(51.0, 14.621078630707165)	(52.0, 12.232111929397322)	(53.0, 12.10296841819964)	(54.0, 9.616485188026246)	(55.0, 3.3268573321886463)	(56.0, 2.2394915586073862)	(57.0, 2.6928116387291845)	(58.0, 6.497462311177858)	(59.0, 7.199280109637968)	(60.0, 1.597915631259295)	(61.0, 0.41679844575967845)	(62.0, 0.19653910450456638)	(63.0, 0.1630295636982314)	(64.0, 0.11973071883611427)	(65.0, 0.06588954652930859)	(66.0, 0.034639075889693526)	(67.0, 0.016190002861487224)	(68.0, 0.012801397611408498)	(69.0, 0.0071537221946106275)	(70.0, 0.004518140333438293)	(71.0, 0.005271163722344673)	(72.0, 0.0071537221946106275)	(73.0, 0.004141628638985102)	(74.0, 0.002259070166719146)	(75.0, 0.003012093555625528)	(76.0, 0.002259070166719146)	(77.0, 0.000753023388906382)	(78.0, 0.001506046777812764)	(79.0, 0.002259070166719146)	(80.0, 0.000753023388906382)	(81.0, 0.0)	(82.0, 0.000376511694453191)	(83.0, 0.000753023388906382)	(84.0, 0.000753023388906382)	(85.0, 0.0)	(86.0, 0.0)	(87.0, 0.0)	(88.0, 0.000376511694453191)	(89.0, 0.000376511694453191)	(90.0, 0.0)	(91.0, 0.0)	(92.0, 0.0)	(93.0, 0.0)	(94.0, 0.0)	(95.0, 0.0)	(96.0, 0.000376511694453191)	(97.0, 0.0)	(98.0, 0.0)	(99.0, 0.0)	(100.0, 0.0)
SRR5816778_1	(0.0, 0.0)	(1.0, 0.0)	(2.0, 0.0)	(3.0, 0.0)	(4.0, 0.0)	(5.0, 0.0)	(6.0, 0.0)	(7.0, 0.0)	(8.0, 0.0)	(9.0, 0.0)	(10.0, 0.0)	(11.0, 0.0)	(12.0, 0.0)	(13.0, 0.0)	(14.0, 0.0)	(15.0, 0.0)	(16.0, 0.0)	(17.0, 0.0)	(18.0, 0.0)	(19.0, 0.0)	(20.0, 0.0)	(21.0, 0.0)	(22.0, 0.0)	(23.0, 0.0004423310848169659)	(24.0, 0.0004423310848169659)	(25.0, 0.0)	(26.0, 0.0)	(27.0, 0.0)	(28.0, 0.0)	(29.0, 0.0)	(30.0, 0.0)	(31.0, 0.0)	(32.0, 0.0)	(33.0, 0.0)	(34.0, 0.0)	(35.0, 0.0)	(36.0, 0.00840429061152235)	(37.0, 0.013269932544508978)	(38.0, 0.003096317593718761)	(39.0, 0.0004423310848169659)	(40.0, 0.0004423310848169659)	(41.0, 0.003096317593718761)	(42.0, 0.0039809797633526935)	(43.0, 0.007519628441888419)	(44.0, 0.011942939290058078)	(45.0, 0.024328209664933126)	(46.0, 0.05307973017803591)	(47.0, 0.15570054185557122)	(48.0, 0.6143978768107539)	(49.0, 6.423089682627252)	(50.0, 13.238969368572139)	(51.0, 6.024991706292345)	(52.0, 13.853809576468842)	(53.0, 12.684728519295474)	(54.0, 9.855578900803785)	(55.0, 5.251796970032741)	(56.0, 8.296804157910215)	(57.0, 16.392347672238028)	(58.0, 6.055954882229504)	(59.0, 0.6440340594934889)	(60.0, 0.20302996793098732)	(61.0, 0.08271591286077284)	(62.0, 0.03538648678535723)	(63.0, 0.021674223156031344)	(64.0, 0.010615946035607176)	(65.0, 0.0039809797633526935)	(66.0, 0.0026539865089017954)	(67.0, 0.0013269932544508977)	(68.0, 0.0017693243392678637)	(69.0, 0.0022116554240848296)	(70.0, 0.0017693243392678637)	(71.0, 0.0017693243392678637)	(72.0, 0.005750304102620556)	(73.0, 0.0026539865089017954)	(74.0, 0.0)	(75.0, 0.0)	(76.0, 0.0)	(77.0, 0.0)	(78.0, 0.0)	(79.0, 0.0)	(80.0, 0.0)	(81.0, 0.0)	(82.0, 0.0)	(83.0, 0.0)	(84.0, 0.0)	(85.0, 0.0)	(86.0, 0.0)	(87.0, 0.0)	(88.0, 0.0)	(89.0, 0.0)	(90.0, 0.0)	(91.0, 0.0)	(92.0, 0.0)	(93.0, 0.0)	(94.0, 0.0)	(95.0, 0.0)	(96.0, 0.0)	(97.0, 0.0)	(98.0, 0.0)	(99.0, 0.0)	(100.0, 0.0)
SRR5816778_2	(0.0, 0.0)	(1.0, 0.0)	(2.0, 0.0)	(3.0, 0.0)	(4.0, 0.0)	(5.0, 0.0)	(6.0, 0.0)	(7.0, 0.0)	(8.0, 0.0)	(9.0, 0.0)	(10.0, 0.0)	(11.0, 0.0)	(12.0, 0.0)	(13.0, 0.0)	(14.0, 0.0)	(15.0, 0.0)	(16.0, 0.0)	(17.0, 0.0)	(18.0, 0.0)	(19.0, 0.0)	(20.0, 0.0)	(21.0, 0.0)	(22.0, 0.0)	(23.0, 0.0)	(24.0, 0.0)	(25.0, 0.0)	(26.0, 0.0004395227661803611)	(27.0, 0.0004395227661803611)	(28.0, 0.0008790455323607222)	(29.0, 0.0008790455323607222)	(30.0, 0.0)	(31.0, 0.0017580910647214444)	(32.0, 0.003076659363262527)	(33.0, 0.0017580910647214444)	(34.0, 0.0008790455323607222)	(35.0, 0.006153318726525054)	(36.0, 0.00879045532360722)	(37.0, 0.016701865114853727)	(38.0, 0.01758091064721445)	(39.0, 0.014943774050132278)	(40.0, 0.021976138309018067)	(41.0, 0.030327070866444896)	(42.0, 0.03823848065769137)	(43.0, 0.04966607257838079)	(44.0, 0.0975740540920402)	(45.0, 0.24085847586683895)	(46.0, 0.21888233755782024)	(47.0, 0.2914035939775819)	(48.0, 1.7589701102537734)	(49.0, 10.689633196268735)	(50.0, 18.493359909814934)	(51.0, 21.8315353189596)	(52.0, 16.307613193596023)	(53.0, 13.639270480110197)	(54.0, 12.520685040179142)	(55.0, 2.3910038480209885)	(56.0, 0.5876419383831324)	(57.0, 0.299754526535009)	(58.0, 0.13976823964535426)	(59.0, 0.08658598493753134)	(60.0, 0.05098464087692188)	(61.0, 0.03384325299588777)	(62.0, 0.022855183841378784)	(63.0, 0.013625205751591193)	(64.0, 0.00966950085596794)	(65.0, 0.00966950085596794)	(66.0, 0.006592841492705415)	(67.0, 0.007471887025066137)	(68.0, 0.004395227661803611)	(69.0, 0.0026371365970821663)	(70.0, 0.005274273194164333)	(71.0, 0.005713795960344693)	(72.0, 0.003955704895623249)	(73.0, 0.004395227661803611)	(74.0, 0.0008790455323607222)	(75.0, 0.0004395227661803611)	(76.0, 0.0004395227661803611)	(77.0, 0.0)	(78.0, 0.0)	(79.0, 0.0017580910647214444)	(80.0, 0.0013185682985410833)	(81.0, 0.0)	(82.0, 0.0)	(83.0, 0.0004395227661803611)	(84.0, 0.0)	(85.0, 0.0)	(86.0, 0.0004395227661803611)	(87.0, 0.0004395227661803611)	(88.0, 0.0004395227661803611)	(89.0, 0.0008790455323607222)	(90.0, 0.0004395227661803611)	(91.0, 0.0)	(92.0, 0.0004395227661803611)	(93.0, 0.0)	(94.0, 0.0)	(95.0, 0.0004395227661803611)	(96.0, 0.0004395227661803611)	(97.0, 0.0)	(98.0, 0.0)	(99.0, 0.0)	(100.0, 0.0006592841492705417)
