Sample	0	1	2	3	4	5	6	7	8	9	10	11	12	13	14	15	16	17	18	19	20	21	22	23	24	25	26	27	28	29	30	31	32	33	34	35	36	37	38	39	40	41	42	43	44	45	46	47	48	49	50	51	52	53	54	55	56	57
SRR37700586_1	(1, 33.22965216640773)	(2, 33.14204643535301)	(3, 33.466791817711034)	(4, 33.53568962540998)	(5, 33.278223718280685)	(6, 35.35419903331607)	(7, 35.147095632660104)	(8, 33.55025461764198)	(9, 34.57235025030209)	(10, 35.908298808907304)	(15, 37.70777662696358)	(20, 37.81739599516658)	(25, 37.73187899188676)	(30, 38.65033229760055)	(35, 37.89244778180563)	(40, 38.27467633350595)	(45, 37.45833764888659)	(50, 37.665902813740715)	(55, 36.63981097876748)	(60, 37.6953737269118)	(65, 37.39226221301571)	(70, 37.8503279820473)	(75, 37.908035560158815)	(80, 37.09706973934058)	(85, 37.813369583980666)	(90, 37.25252028310029)	(95, 36.898291040911445)	(100, 37.01757724840324)	(105, 36.8152770585189)	(110, 37.19198170205421)	(115, 36.823722596236834)	(120, 36.875176937683406)	(125, 36.554885206283444)	(130, 35.99120921802175)	(135, 35.988982392542724)	(140, 36.308367857759364)	(145, 36.47422320041429)	(150, 36.24696185050924)	(155, 35.79661229069567)	(160, 35.95247281201449)	(165, 35.568846021059905)	(170, 35.451005523908165)	(175, 35.06986880718108)	(180, 35.226044363887446)	(185, 35.24079924046263)	(190, 34.97241066804764)	(195, 34.46066373209045)	(200, 34.26544536509581)	(205, 34.750850163991025)	(210, 33.563904712584154)	(215, 34.31784481270499)	(220, 33.96658467115484)	(225, 33.82028310029346)	(230, 33.1573062316589)	(235, 32.9419730709477)	(240, 33.08291904022095)	(245, 33.04765469019037)	(250, 30.21642125894722)
SRR37700586_2	(1, 32.66155273606076)	(2, 32.77332556533748)	(3, 32.46659761781461)	(4, 32.37707146556188)	(5, 32.82563007077508)	(6, 36.90395736233385)	(7, 36.25593388572415)	(8, 33.16832815466943)	(9, 34.411380113930605)	(10, 36.19793284999137)	(15, 36.5666450889004)	(20, 36.916053858104604)	(25, 37.1581305023304)	(30, 38.032815466942864)	(35, 37.814940445365096)	(40, 36.5477429656482)	(45, 37.152067150008634)	(50, 37.119739340583465)	(55, 37.65564042810288)	(60, 36.565082858622475)	(65, 36.66620490246849)	(70, 37.84587433108924)	(75, 37.82068444674607)	(80, 38.29625841532885)	(85, 37.86305454859313)	(90, 38.13046780597273)	(95, 37.960232176765054)	(100, 37.735003452442605)	(105, 36.83479199033316)	(110, 38.158631106507855)	(115, 35.85744432936302)	(120, 37.258493008803725)	(125, 35.963114966338686)	(130, 37.757435698256515)	(135, 35.933920248575866)	(140, 36.38977645434145)	(145, 37.030722423614705)	(150, 35.62649318142586)	(155, 36.20200673226308)	(160, 34.846193682030034)	(165, 34.68628517175902)	(170, 35.50428534438115)	(175, 35.13187899188676)	(180, 35.680377179354394)	(185, 33.623485240807874)	(190, 34.636863455895046)	(195, 33.78050233039876)	(200, 33.04624978422234)	(205, 32.47916450889004)	(210, 34.841869497669606)	(215, 32.548467978594864)	(220, 32.41683928879682)	(225, 33.08769635767305)	(230, 29.01092698083894)	(235, 30.1088425686173)	(240, 28.65945969273261)	(245, 32.09860147832057)	(250, 23.17940388601966)
SRR37700587_1	(1, 33.203032375740996)	(2, 33.129877532408315)	(3, 33.44096475799622)	(4, 33.511644192560745)	(5, 33.25377825548824)	(6, 35.38787375415282)	(7, 35.115415933815385)	(8, 33.46132173799752)	(9, 34.49778516057586)	(10, 35.848394241417495)	(15, 37.686391766008725)	(20, 37.83042798514755)	(25, 37.700931535404855)	(30, 38.623571754283105)	(35, 37.88323887694613)	(40, 38.27125594423816)	(45, 37.45595726662758)	(50, 37.715728617028205)	(55, 36.61148459383753)	(60, 37.77788417692658)	(65, 37.419767441860465)	(70, 37.89709139469742)	(75, 37.93168197511562)	(80, 37.138521920396066)	(85, 37.87879616963064)	(90, 37.34978828740799)	(95, 36.98461989446942)	(100, 36.930405185329946)	(105, 36.75445899289949)	(110, 37.080079473649924)	(115, 36.79482118428767)	(120, 36.75724382776366)	(125, 36.474923457755196)	(130, 35.91037065989186)	(135, 36.03079603934597)	(140, 36.395199009836496)	(145, 36.41127288124552)	(150, 36.22628167546088)	(155, 35.752185525372944)	(160, 35.91382971793369)	(165, 35.4000521138688)	(170, 35.32148719953098)	(175, 34.91200247540877)	(180, 35.152618721907366)	(185, 35.09060647514819)	(190, 34.85485636114911)	(195, 34.29819881440949)	(200, 34.25424728030747)	(205, 34.611155625040716)	(210, 33.6765911015569)	(215, 34.29544655071331)	(220, 33.94114389942023)	(225, 33.686241938635916)	(230, 33.15073610839685)	(235, 32.72997850302912)	(240, 33.049820858575984)	(245, 32.97913654862949)	(250, 29.50436051640552)
SRR37700587_2	(1, 32.750097713504005)	(2, 33.01162790697674)	(3, 32.721125659566155)	(4, 32.52592664972966)	(5, 32.73452869519901)	(6, 36.80748811152368)	(7, 36.171145202266956)	(8, 33.90191192756172)	(9, 34.347452934662236)	(10, 36.18885088919289)	(15, 36.578389030030614)	(20, 36.764582111914535)	(25, 37.02708944042733)	(30, 37.96268646993682)	(35, 37.70601589472999)	(40, 36.42226890756302)	(45, 37.10599309491238)	(50, 36.925011399908804)	(55, 37.648156471891085)	(60, 36.55726011334766)	(65, 36.406312292358805)	(70, 37.70790502247411)	(75, 37.72220376522702)	(80, 38.22896879682106)	(85, 37.77104097452935)	(90, 38.05878118689336)	(95, 37.8968177968862)	(100, 37.67375415282392)	(105, 36.458647645104556)	(110, 38.12918376652986)	(115, 35.569816298612466)	(120, 36.84968405967038)	(125, 35.66973812780926)	(130, 37.7233535274575)	(135, 35.73547325907107)	(140, 36.235841313269496)	(145, 36.74298742752915)	(150, 35.38182203113804)	(155, 35.733906585890175)	(160, 34.6515959872321)	(165, 34.473044101361474)	(170, 35.26115236792391)	(175, 35.14665819816299)	(180, 35.51777082926194)	(185, 33.43468503680542)	(190, 34.51868933619959)	(195, 33.92243827763664)	(200, 32.83935574229692)	(205, 32.36577421666341)	(210, 34.606263435606806)	(215, 32.330069702299525)	(220, 32.279284737150675)	(225, 32.84603934597095)	(230, 28.83068204025796)	(235, 29.888499120578466)	(240, 27.857517425574883)	(245, 31.811182240177352)	(250, 23.34791204693608)
SRR37700588_1	(1, 33.215644379592476)	(2, 33.13103861587368)	(3, 33.45262911042785)	(4, 33.51464380634739)	(5, 33.25491166814321)	(6, 35.58254729271979)	(7, 35.37987909739955)	(8, 33.52246078482464)	(9, 34.63437386002397)	(10, 35.902277346396374)	(15, 37.7094168534056)	(20, 37.83581218406378)	(25, 37.79693053311793)	(30, 38.63646359893689)	(35, 37.9131637917557)	(40, 38.29912449841055)	(45, 37.420230340299135)	(50, 37.712715618323)	(55, 36.70215748605972)	(60, 37.770186044087765)	(65, 37.558465787690864)	(70, 37.876835687112404)	(75, 37.95507321903174)	(80, 37.18660169888999)	(85, 37.924644327479285)	(90, 37.41852623899109)	(95, 37.02214810568555)	(100, 37.12037104591172)	(105, 36.89244358747199)	(110, 37.237573609880656)	(115, 37.005706394288396)	(120, 36.91576423992913)	(125, 36.652582208556986)	(130, 36.17503778206264)	(135, 36.09096357288029)	(140, 36.46059200583668)	(145, 36.64567721090208)	(150, 36.39654489551306)	(155, 35.83330553963208)	(160, 36.06587107196832)	(165, 35.562207514721976)	(170, 35.417395382771375)	(175, 35.15929438740945)	(180, 35.288232841732246)	(185, 35.26573557767471)	(190, 34.97984261816666)	(195, 34.462488925947156)	(200, 34.15050810360102)	(205, 34.716947209338684)	(210, 33.734848090051585)	(215, 34.28502788055657)	(220, 33.87241648861327)	(225, 33.6456355203502)	(230, 33.011094898118714)	(235, 32.77723174735525)	(240, 33.15076345823128)	(245, 33.03660676303916)	(250, 29.810282131882754)
SRR37700588_2	(1, 33.086273385793945)	(2, 33.050341341393505)	(3, 32.71554015321278)	(4, 32.8096565740789)	(5, 33.0718901453958)	(6, 36.867997290114126)	(7, 36.28258377195268)	(8, 34.153499400698315)	(9, 34.7607222888113)	(10, 36.349997394340505)	(15, 36.75321277815415)	(20, 36.93903277919642)	(25, 37.30748345406222)	(30, 38.03062692167388)	(35, 37.83745374954401)	(40, 36.69267288550732)	(45, 37.243863671895355)	(50, 37.06122257543384)	(55, 37.587518891031316)	(60, 36.68132263275835)	(65, 36.72138725311377)	(70, 37.81125123768826)	(75, 37.81718171869299)	(80, 38.262009484600554)	(85, 37.871389858773256)	(90, 38.097529834801186)	(95, 37.984282661941734)	(100, 37.76959716504248)	(105, 36.884788159883264)	(110, 38.10072437333889)	(115, 36.11699411120955)	(120, 37.51155349418938)	(125, 36.21908906144145)	(130, 37.84102350304862)	(135, 35.97689822294022)	(140, 36.644416071707745)	(145, 37.21345041429986)	(150, 35.81730157902965)	(155, 36.19666996716869)	(160, 34.99303246651728)	(165, 35.027781541508155)	(170, 35.64483818854552)	(175, 35.3174579185992)	(180, 35.871212673927765)	(185, 33.87833654698004)	(190, 34.96121215279587)	(195, 34.180087550158945)	(200, 33.241237167127004)	(205, 32.59250612329981)	(210, 34.68459534108082)	(215, 32.79481473761009)	(220, 32.38159883266455)	(225, 32.91866694460368)	(230, 28.982224190942723)	(235, 30.08235447391735)	(240, 28.73872010005732)	(245, 31.90261558796808)	(250, 23.58251736346861)
SRR37700589_1	(1, 33.27276251317993)	(2, 33.126294734230605)	(3, 33.45532779259443)	(4, 33.512094523351735)	(5, 33.269444272157784)	(6, 35.409477144452026)	(7, 35.21283259939217)	(8, 33.57873844817962)	(9, 34.72650871425913)	(10, 35.905067295168394)	(15, 37.68551138125659)	(20, 37.827842212987655)	(25, 37.68007194690815)	(30, 38.61428704335422)	(35, 37.89201761458786)	(40, 38.2681324815481)	(45, 37.43174037089872)	(50, 37.70688767599082)	(55, 36.65057681572908)	(60, 37.77223221484836)	(65, 37.541716802083975)	(70, 37.89066240774049)	(75, 37.896415059232154)	(80, 37.14903864045153)	(85, 37.89006698505241)	(90, 37.4070613409415)	(95, 36.956794641195806)	(100, 37.02535508280097)	(105, 36.905197543881414)	(110, 37.156642684363945)	(115, 36.85810953296532)	(120, 36.834863238851334)	(125, 36.591202009551566)	(130, 35.98158531290703)	(135, 36.12207715685666)	(140, 36.430599144079885)	(145, 36.54608323512994)	(150, 36.313651305588294)	(155, 35.816985052409606)	(160, 35.99903243813186)	(165, 35.50104198970415)	(170, 35.458801091608265)	(175, 35.107005520064504)	(180, 35.24860757923464)	(185, 35.1928487254233)	(190, 34.904834708180864)	(195, 34.257783911182784)	(200, 34.26715251504062)	(205, 34.66224027786392)	(210, 33.758035105129316)	(215, 34.2653600446567)	(220, 33.859325187620165)	(225, 33.70679774235564)	(230, 33.203008125038764)	(235, 32.8469980772809)	(240, 32.96934193388327)	(245, 32.88028943488801)	(250, 30.1570757956259)
SRR37700589_2	(1, 33.011923959560875)	(2, 33.03826831234882)	(3, 32.644700117844074)	(4, 32.45478508962352)	(5, 32.864665384853936)	(6, 36.71080133970105)	(7, 36.0609532965329)	(8, 33.91243875209328)	(9, 34.51189294796254)	(10, 36.213716429944796)	(15, 36.66729206723314)	(20, 36.94329529243937)	(25, 37.20524406127892)	(30, 38.01613843577498)	(35, 37.83472988897848)	(40, 36.74751907213298)	(45, 37.275153507411765)	(50, 37.133715809712825)	(55, 37.68239161446381)	(60, 36.82600632636606)	(65, 36.73388947466352)	(70, 37.86580351051293)	(75, 37.87297649320846)	(80, 38.293171246046015)	(85, 37.88953048440116)	(90, 38.11042609936116)	(95, 37.9411492898344)	(100, 37.7437480617751)	(105, 36.79694845872356)	(110, 38.175714817341685)	(115, 35.87297339204862)	(120, 37.300331824102216)	(125, 36.04894560565652)	(130, 37.74963716429944)	(135, 35.95221732928114)	(140, 36.39765552316567)	(145, 37.16378155430131)	(150, 35.79783539043602)	(155, 36.13066116727656)	(160, 34.86441108974756)	(165, 34.67460150096136)	(170, 35.48054332320287)	(175, 35.2964832847485)	(180, 35.70604416051603)	(185, 33.69338212491472)	(190, 34.67212057309433)	(195, 34.04836878992744)	(200, 33.14245797928425)	(205, 32.58091546238293)	(210, 34.820275382993245)	(215, 32.50504558704956)	(220, 32.481758977857716)	(225, 32.96061527011102)	(230, 28.948446318923278)	(235, 30.02243379023755)	(240, 28.478871798052467)	(245, 31.91915774968603)	(250, 23.284442953418942)
SRR37700590_1	(1, 32.961873139455)	(2, 33.21662468513854)	(3, 33.37064346233112)	(4, 33.50245019464163)	(5, 33.23986718571101)	(6, 35.56938401648729)	(7, 35.27190290817495)	(8, 33.553263109686284)	(9, 34.43883673002061)	(10, 35.908637508587134)	(15, 37.665697275017166)	(20, 37.85300206091138)	(25, 37.768202427295634)	(30, 38.628742844057705)	(35, 37.87418365010304)	(40, 38.288916876574305)	(45, 37.47840622853217)	(50, 37.65486604076024)	(55, 36.68584382871536)	(60, 37.70628806961301)	(65, 37.49002060911381)	(70, 37.919519120677805)	(75, 37.991733455461414)	(80, 37.22307762766201)	(85, 37.8998397068926)	(90, 37.440164872910465)	(95, 37.03986260590794)	(100, 37.198639798488664)	(105, 36.90291275475154)	(110, 37.291458667277304)	(115, 36.999404625601095)	(120, 37.01921685367529)	(125, 36.569164185940004)	(130, 35.99540645752232)	(135, 36.038992443324936)	(140, 36.26528509274101)	(145, 36.56393405083581)	(150, 36.169727501717425)	(155, 35.78356308678727)	(160, 35.95963361575453)	(165, 35.5613647813144)	(170, 35.44485459125258)	(175, 35.08269292420426)	(180, 35.189443553927184)	(185, 35.21242500572476)	(190, 34.97806732310511)	(195, 34.385711014426384)	(200, 34.229013052438745)	(205, 34.702317380352646)	(210, 33.58013281428899)	(215, 34.35548431417449)	(220, 34.024121822761614)	(225, 33.730698419967936)	(230, 32.90774902679185)	(235, 32.69415159148157)	(240, 32.89078085642318)	(245, 33.05921781977667)	(250, 29.979433075953704)
SRR37700590_2	(1, 32.66839935882757)	(2, 32.80673231051065)	(3, 32.724043966109456)	(4, 32.45177467368903)	(5, 32.88703915731624)	(6, 36.91834211128921)	(7, 36.40915960613694)	(8, 33.61488435997252)	(9, 34.86681932676895)	(10, 36.47710098465766)	(15, 36.786933821845665)	(20, 36.945381268605445)	(25, 37.22130066407145)	(30, 38.03664300435081)	(35, 37.80532173116556)	(40, 36.64921914357682)	(45, 37.16382871536524)	(50, 37.241868559651934)	(55, 37.70657659720632)	(60, 36.627007098694754)	(65, 36.7522143347836)	(70, 37.88637508587131)	(75, 37.95193038699336)	(80, 38.25572704373712)	(85, 37.82917792534921)	(90, 38.163150904511106)	(95, 38.0545546141516)	(100, 37.81748568811541)	(105, 36.926622395237004)	(110, 38.25012594458438)	(115, 35.893221891458666)	(120, 37.35643233340967)	(125, 36.053982138768035)	(130, 37.80537668880238)	(135, 36.16799633615754)	(140, 36.72384245477444)	(145, 37.08238149759561)	(150, 35.86567437600183)	(155, 36.35902450194642)	(160, 35.0551637279597)	(165, 34.8761071673918)	(170, 35.815841538813835)	(175, 35.380233569956495)	(180, 35.85398671857111)	(185, 33.82706205633158)	(190, 34.853061598351275)	(195, 34.08912754751545)	(200, 33.23414243187543)	(205, 32.918016945271354)	(210, 35.00558735974353)	(215, 32.91485688115411)	(220, 32.63156858255095)	(225, 33.281818181818174)	(230, 29.56439661094573)	(235, 30.467149072589883)	(240, 28.98233569956492)	(245, 32.274326162563)	(250, 23.444414549042136)
SRR37700591_1	(1, 32.946889226100154)	(2, 33.205988587061064)	(3, 33.34386287375238)	(4, 33.490756374361496)	(5, 33.19047211951527)	(6, 35.79495180491141)	(7, 35.52711107311548)	(8, 33.51212891919041)	(9, 34.025112740173974)	(10, 35.625997563529886)	(15, 37.70100237235248)	(20, 37.82763470046378)	(25, 37.803701724764366)	(30, 38.590506315587)	(35, 37.87691978883926)	(40, 38.308316057192926)	(45, 37.43806022783133)	(50, 37.62788689649277)	(55, 36.8024108230567)	(60, 37.60138066639595)	(65, 37.67316249545833)	(70, 37.99511423625211)	(75, 37.982760905341)	(80, 37.25853085126846)	(85, 37.9921049819402)	(90, 37.51536472247751)	(95, 37.16680416337174)	(100, 37.45558571459104)	(105, 37.15139455855009)	(110, 37.491581354591894)	(115, 37.09447947167069)	(120, 37.06241637991836)	(125, 36.59304537391267)	(130, 36.083130650366535)	(135, 35.92631601444784)	(140, 36.28611425762465)	(145, 36.705533351856204)	(150, 36.31447135010366)	(155, 35.79818760819851)	(160, 35.98739019855094)	(165, 35.50876488063433)	(170, 35.35086879394729)	(175, 34.992250315245045)	(180, 35.16215349761696)	(185, 35.19397294235824)	(190, 34.87198273098378)	(195, 34.29439398149138)	(200, 33.81600376156789)	(205, 34.55153989185492)	(210, 33.450811088076264)	(215, 34.10140417619526)	(220, 33.68704182607023)	(225, 33.45602598901451)	(230, 32.67915963153733)	(235, 32.336275620338114)	(240, 32.960665968496876)	(245, 32.934181346565)	(250, 29.151918650812835)
SRR37700591_2	(1, 32.79832866699438)	(2, 33.079911945115306)	(3, 32.9260082498023)	(4, 32.686186924277074)	(5, 32.830216503879114)	(6, 36.856761204556626)	(7, 36.4275577593024)	(8, 34.94049883519631)	(9, 35.290281903866294)	(10, 36.6070700378294)	(15, 36.9351898950608)	(20, 36.89482143238796)	(25, 37.27029857445127)	(30, 37.87447049520186)	(35, 37.80559533223621)	(40, 36.774720553976366)	(45, 37.18978819808074)	(50, 37.06015089016649)	(55, 37.60480454807754)	(60, 36.692876530808526)	(65, 36.84344183461924)	(70, 37.85659877321593)	(75, 37.89376135416444)	(80, 38.27148688794375)	(85, 37.88762315928958)	(90, 38.07604778901024)	(95, 38.037585757336124)	(100, 37.77383573062045)	(105, 36.896744961422556)	(110, 38.22511701468294)	(115, 36.26933680993396)	(120, 37.41481972258437)	(125, 36.14995832353758)	(130, 37.86814849644147)	(135, 36.05457265596614)	(140, 36.735916561584986)	(145, 37.257009126076646)	(150, 36.17586184787022)	(155, 36.29653123597427)	(160, 35.22309944645109)	(165, 35.001927803543566)	(170, 36.01351172284084)	(175, 35.393682275748574)	(180, 36.222449721088296)	(185, 34.32863707281626)	(190, 35.246096304687)	(195, 34.35156981341768)	(200, 33.56525251661715)	(205, 33.261847870225914)	(210, 35.082365513261664)	(215, 33.28216888584924)	(220, 32.5659962811772)	(225, 33.231652738891626)	(230, 29.709799311804055)	(235, 30.880223984269804)	(240, 29.717053153518993)	(245, 32.31966238984844)	(250, 23.936680120163494)
SRR37700592_1	(1, 33.06584190404394)	(2, 33.204283560389854)	(3, 33.34917344246406)	(4, 33.47871681654192)	(5, 33.215510742555594)	(6, 35.74088632814603)	(7, 35.4927171396263)	(8, 33.59400409240213)	(9, 34.57320553551236)	(10, 35.8380351085025)	(15, 37.666587690485166)	(20, 37.82428517581175)	(25, 37.72774756340531)	(30, 38.60226428302191)	(35, 37.879809918690434)	(40, 38.28106994776802)	(45, 37.42603521619729)	(50, 37.6730305314738)	(55, 36.83650315007269)	(60, 37.750802326207534)	(65, 37.62484518873513)	(70, 37.91461687577405)	(75, 37.96444456410533)	(80, 37.16115179581068)	(85, 37.89190135156965)	(90, 37.4348823434387)	(95, 36.91252759679069)	(100, 37.23174573259383)	(105, 37.027077163319156)	(110, 37.2955091271337)	(115, 37.11251951968122)	(120, 36.91852081201874)	(125, 36.65183619621991)	(130, 35.98496580690324)	(135, 36.09757417478865)	(140, 36.293126379839535)	(145, 36.58072263206074)	(150, 36.22152818911206)	(155, 35.6631253028916)	(160, 35.90485972753218)	(165, 35.33498196112218)	(170, 35.281931506111675)	(175, 35.03011954122018)	(180, 35.11006946314145)	(185, 35.146055678207965)	(190, 34.767982338053955)	(195, 34.05561897582252)	(200, 34.08788433579237)	(205, 34.550807710947176)	(210, 33.685372354746654)	(215, 34.12439287060471)	(220, 33.6632141510958)	(225, 33.48542620214313)	(230, 32.81017985030424)	(235, 32.5365381508804)	(240, 32.85718324269021)	(245, 32.722401721604186)	(250, 29.790488137743917)
SRR37700592_2	(1, 33.106617845027195)	(2, 33.0706208604814)	(3, 32.79920305853212)	(4, 32.88006838619353)	(5, 33.097921490495935)	(6, 36.939987076624845)	(7, 36.383393462926065)	(8, 34.16996930698401)	(9, 34.753432771525496)	(10, 36.319554682031125)	(15, 36.80468472349362)	(20, 36.95617629637607)	(25, 37.32597329169134)	(30, 38.02539443217921)	(35, 37.90229928382963)	(40, 36.88424425179043)	(45, 37.19774110171773)	(50, 37.30219697377632)	(55, 37.63446502611598)	(60, 36.7596575305584)	(65, 36.90581821118949)	(70, 37.904924344407945)	(75, 37.94581874966345)	(80, 38.34919228905282)	(85, 37.919024285175816)	(90, 38.14623606698616)	(95, 38.05739324753648)	(100, 37.79541220182004)	(105, 36.98451348877281)	(110, 38.251394647568794)	(115, 36.30830865327662)	(120, 37.7079021054332)	(125, 36.211964891497495)	(130, 37.87448710354854)	(135, 36.17076355608206)	(140, 36.64126325992138)	(145, 37.276756771310104)	(150, 36.038872435517746)	(155, 36.36316838080879)	(160, 34.91559151365031)	(165, 34.4016773464003)	(170, 35.80530127618329)	(175, 35.19840880943406)	(180, 35.82487480480319)	(185, 34.00139464756879)	(190, 34.869215443433305)	(195, 34.06111679500296)	(200, 33.320125464433794)	(205, 32.998158419040436)	(210, 35.08888320499703)	(215, 32.8669969306984)	(220, 32.629516450379626)	(225, 33.06925313661085)	(230, 29.26996661461418)	(235, 30.067309245597976)	(240, 28.89835765440741)	(245, 32.201363876963356)	(250, 23.50081167062236)
SRR37700593_1	(1, 33.046556194341115)	(2, 33.20993499417578)	(3, 33.37523015067824)	(4, 33.50745876075602)	(5, 33.241968211024684)	(6, 35.83682786608049)	(7, 35.545334986660656)	(8, 33.483654604892344)	(9, 34.739225190696274)	(10, 35.86987938225679)	(15, 37.67259234208846)	(20, 37.83471987374592)	(25, 37.748017885995566)	(30, 38.612565287641374)	(35, 37.891831060008265)	(40, 38.26205238041559)	(45, 37.438860707173184)	(50, 37.63654980648555)	(55, 36.65921917859693)	(60, 37.7060985232781)	(65, 37.491876150753384)	(70, 37.87457257731184)	(75, 37.920786833502426)	(80, 37.153289745613044)	(85, 37.880163829707286)	(90, 37.400349453274714)	(95, 36.94165633337091)	(100, 37.02615263217225)	(105, 36.786044414383944)	(110, 37.208912937286286)	(115, 36.94724007064217)	(120, 36.756137977680076)	(125, 36.5329312741893)	(130, 36.03599368729568)	(135, 35.974106639612216)	(140, 36.2903130049224)	(145, 36.45993311539473)	(150, 36.15617179573892)	(155, 35.644429414196075)	(160, 35.86033517453876)	(165, 35.31574042761057)	(170, 35.207470033442306)	(175, 34.98305715251944)	(180, 35.09774170518168)	(185, 35.111190019915085)	(190, 34.80606470521925)	(195, 34.294822079434866)	(200, 34.09080148799459)	(205, 34.58952015932063)	(210, 33.59787697741705)	(215, 34.155690827790934)	(220, 33.792409724570696)	(225, 33.519685867808974)	(230, 32.82746026378086)	(235, 32.580216435576595)	(240, 32.887254349378125)	(245, 32.74409189361587)	(250, 29.74738043229707)
SRR37700593_2	(1, 33.06308946755345)	(2, 33.08926088753616)	(3, 32.823093976627966)	(4, 32.54379438620223)	(5, 32.90049975575847)	(6, 36.80126254086349)	(7, 36.30214556795551)	(8, 34.04691316274001)	(9, 34.90634276481419)	(10, 36.38914440311126)	(15, 36.837692105362045)	(20, 36.99176718145267)	(25, 37.34898357945365)	(30, 38.041280577161544)	(35, 37.863638071619135)	(40, 36.80946529891407)	(45, 37.3116559576147)	(50, 37.27014616916544)	(55, 37.626415661518806)	(60, 36.899023033855634)	(65, 36.96715890730094)	(70, 37.961507533912)	(75, 37.96056062826439)	(80, 38.34412880922857)	(85, 37.9182354488408)	(90, 38.09960545598017)	(95, 38.04677037538046)	(100, 37.81700672603615)	(105, 37.02756923308158)	(110, 38.212249652425506)	(115, 36.331018675083605)	(120, 37.60291586818472)	(125, 36.31859993236388)	(130, 37.86210122872281)	(135, 36.173535490173975)	(140, 36.68592792995904)	(145, 37.25039642280089)	(150, 35.82252658475181)	(155, 36.346439709916204)	(160, 35.14649231578552)	(165, 35.0576823357006)	(170, 35.828576259722695)	(175, 35.46381091947544)	(180, 35.801732236125204)	(185, 33.976921053620416)	(190, 34.92806898884004)	(195, 34.18988840040582)	(200, 33.35550670724834)	(205, 32.77630105587495)	(210, 34.85431556006463)	(215, 32.84819824897606)	(220, 32.6380753766956)	(225, 33.142223725247064)	(230, 29.313027467778902)	(235, 30.14598128734077)	(240, 29.1813474617668)	(245, 32.255267123713324)	(250, 23.45005854455048)
SRR37700594_1	(1, 33.06345126701739)	(2, 33.21458977551102)	(3, 33.35791735271676)	(4, 33.495261234488574)	(5, 33.220171880647364)	(6, 35.81781856150356)	(7, 35.530059033773746)	(8, 33.542488253483796)	(9, 34.673607485643146)	(10, 35.8851411589896)	(15, 37.673856471627644)	(20, 37.817324605437534)	(25, 37.76749126541103)	(30, 38.609144211075865)	(35, 37.89018513312719)	(40, 38.268579575117464)	(45, 37.42991847716959)	(50, 37.65217059555842)	(55, 36.737998473956864)	(60, 37.758652262961334)	(65, 37.60482309947392)	(70, 37.88169953013935)	(75, 37.90084333962491)	(80, 37.19060680293964)	(85, 37.954905425484924)	(90, 37.555740733303885)	(95, 37.00143769326534)	(100, 37.078647443877756)	(105, 36.864724308260705)	(110, 37.226994899803216)	(115, 37.09187181237701)	(120, 36.69202441669009)	(125, 36.581077065178114)	(130, 36.0710774667684)	(135, 35.991566603750854)	(140, 36.44030761816794)	(145, 36.60014858841011)	(150, 36.28055499779125)	(155, 35.69147423798241)	(160, 36.00564635958395)	(165, 35.36951126460785)	(170, 35.26610979478736)	(175, 35.044203044054456)	(180, 35.18957069997189)	(185, 35.11395927874383)	(190, 34.7739970282318)	(195, 34.302052126420634)	(200, 33.981173446849525)	(205, 34.55780089153046)	(210, 33.63762097907714)	(215, 34.04275731898317)	(220, 33.65503795028312)	(225, 33.43582185454399)	(230, 32.79003654471708)	(235, 32.46405766836673)	(240, 32.92832817959119)	(245, 32.770709283931076)	(250, 29.45399752789498)
SRR37700594_2	(1, 32.87761535681298)	(2, 32.92793462109955)	(3, 32.76055178506887)	(4, 31.99050238946227)	(5, 32.638649050238946)	(6, 36.68218143849644)	(7, 36.3615919039396)	(8, 34.128689610859)	(9, 34.89713264527529)	(10, 36.388124974900606)	(15, 36.834858037829804)	(20, 36.894486165214246)	(25, 37.23021163808683)	(30, 38.00656600136541)	(35, 37.74124733946428)	(40, 36.78360306814987)	(45, 37.1959359061885)	(50, 36.98259909240593)	(55, 37.537504517890845)	(60, 36.614593791413995)	(65, 36.74627524998996)	(70, 37.82784225533111)	(75, 37.94500220874663)	(80, 38.33083008714509)	(85, 37.893646841492306)	(90, 38.0902975784105)	(95, 38.028312115979276)	(100, 37.78654672503112)	(105, 37.0904983735593)	(110, 38.20461025661619)	(115, 36.37922171800329)	(120, 37.49612465362837)	(125, 36.380812015581704)	(130, 37.9213445243163)	(135, 36.211204369302436)	(140, 36.924577326211796)	(145, 37.40067065579696)	(150, 36.100702783020765)	(155, 36.32690253403477)	(160, 35.24140797558331)	(165, 35.152861330870245)	(170, 36.148897634633144)	(175, 35.68495241154974)	(180, 36.04571703947632)	(185, 34.23213525561222)	(190, 35.29175936709369)	(195, 34.590855788924145)	(200, 33.530978675555204)	(205, 33.07664752419582)	(210, 35.04474117505321)	(215, 33.0171800329304)	(220, 32.59371912774587)	(225, 33.234584956427454)	(230, 29.396325448777155)	(235, 30.426826231878238)	(240, 29.16479659451428)	(245, 32.44409008831345)	(250, 23.898189964926424)
SRR37700595_1	(1, 33.12613791223767)	(2, 33.232197692377575)	(3, 33.3768147542473)	(4, 33.513872989915505)	(5, 33.26397746888344)	(6, 35.64967747796857)	(7, 35.41168347415281)	(8, 33.561297356227854)	(9, 34.77150903970201)	(10, 35.96543654038339)	(15, 37.66866176069774)	(20, 37.824675206686656)	(25, 37.75260470609613)	(30, 38.626724811483605)	(35, 37.897574270918504)	(40, 38.26242572908149)	(45, 37.43448714454438)	(50, 37.69962750976651)	(55, 36.75164895066776)	(60, 37.801787953120744)	(65, 37.53257381666212)	(70, 37.84012355773599)	(75, 37.95145998001272)	(80, 37.1769455800854)	(85, 37.88696284182792)	(90, 37.47213591350958)	(95, 36.93486326882893)	(100, 37.013155264831475)	(105, 36.859275006813846)	(110, 37.225681838829836)	(115, 36.93069864631598)	(120, 36.758252021440896)	(125, 36.639331334605245)	(130, 36.05582629235941)	(135, 36.014114654310895)	(140, 36.295019533024444)	(145, 36.45892250386119)	(150, 36.143352412101386)	(155, 35.60094848732625)	(160, 35.86844735168529)	(165, 35.28658490051785)	(170, 35.2407776869265)	(175, 34.98075043154356)	(180, 35.106884709730174)	(185, 35.12035250295266)	(190, 34.77323884800582)	(195, 34.29364949577542)	(200, 34.14170618697193)	(205, 34.57473244299082)	(210, 33.60952484782411)	(215, 34.12734805124012)	(220, 33.71239756518579)	(225, 33.575633687653315)	(230, 32.813326065231216)	(235, 32.62070682293087)	(240, 32.912077768692654)	(245, 32.87188390190731)	(250, 29.794993056159086)
SRR37700595_2	(1, 32.866812028709006)	(2, 32.9662396656673)	(3, 32.72617425274825)	(4, 32.5019533024439)	(5, 32.888307440719544)	(6, 36.84004724266376)	(7, 36.312546561279184)	(8, 33.77527028254747)	(9, 34.85841737076406)	(10, 36.40332879076951)	(15, 36.76432815481057)	(20, 36.95630780412465)	(25, 37.31645316616698)	(30, 38.077714181884254)	(35, 37.836925592804576)	(40, 36.812955392023255)	(45, 37.23525392931771)	(50, 37.242562005996184)	(55, 37.62833106205142)	(60, 36.67781593531389)	(65, 36.80170436994639)	(70, 37.88018533660398)	(75, 37.97186881075679)	(80, 38.34291632597438)	(85, 37.889270464250025)	(90, 38.13538293813028)	(95, 38.04868538202962)	(100, 37.80613064413555)	(105, 37.11213227945852)	(110, 38.22830198964296)	(115, 36.21466703007177)	(120, 37.60310711365495)	(125, 36.385271191060234)	(130, 37.86192786408649)	(135, 36.24351412737349)	(140, 36.7432906332334)	(145, 37.27396020714091)	(150, 35.88442627418915)	(155, 36.343196147905886)	(160, 35.176356863813936)	(165, 35.04698464613428)	(170, 35.87212137730535)	(175, 35.4475769964568)	(180, 35.744097392568364)	(185, 34.00266012537476)	(190, 35.01504860543291)	(195, 34.2791350958481)	(200, 33.36902698282911)	(205, 32.84682111383665)	(210, 34.96737712364859)	(215, 32.819173253384214)	(220, 32.63442536567639)	(225, 33.14226219678386)	(230, 29.339791042064142)	(235, 30.154548923412374)	(240, 28.918044880530573)	(245, 32.22570179318597)	(250, 23.4721898658445)
SRR37700597_1	(1, 32.927040311294675)	(2, 33.20763218076936)	(3, 33.381984503532784)	(4, 33.532119329624194)	(5, 33.27238283783323)	(6, 36.259582892446325)	(7, 36.033416390756734)	(8, 33.507321568761306)	(9, 35.052582175649384)	(10, 35.857196982626206)	(15, 37.71244154691606)	(20, 37.80456360719528)	(25, 37.69034030788136)	(30, 38.61597774516163)	(35, 37.93906543332082)	(40, 38.26936205072192)	(45, 37.43585691367716)	(50, 37.609062361333926)	(55, 36.726692152780146)	(60, 37.61213434822679)	(65, 37.568788613168586)	(70, 37.80931153360412)	(75, 37.84990272041506)	(80, 37.08689626924259)	(85, 37.8956207120183)	(90, 37.4710379902379)	(95, 36.8381847970782)	(100, 36.8631395706045)	(105, 36.905259924224325)	(110, 37.0946240229375)	(115, 36.83357340342015)	(120, 36.48703962863092)	(125, 36.46821858893402)	(130, 36.04609345666792)	(135, 35.949404375874664)	(140, 36.21696078096734)	(145, 36.47094241731235)	(150, 36.016817421579006)	(155, 35.49743659760385)	(160, 35.79489026180155)	(165, 35.04465644946582)	(170, 34.985882513567944)	(175, 34.93917124620268)	(180, 35.043014643137525)	(185, 35.04151278287879)	(190, 34.616984674198726)	(195, 34.16639587671092)	(200, 33.847909342253466)	(205, 34.54885483155272)	(210, 33.54495340819879)	(215, 33.956739597911046)	(220, 33.479608833668976)	(225, 33.39896235109397)	(230, 32.523135474621974)	(235, 32.45449363416049)	(240, 32.96846093456668)	(245, 32.58229887733584)	(250, 29.40570658718418)
SRR37700597_2	(1, 32.85957606580879)	(2, 32.91761955148991)	(3, 32.469621462948425)	(4, 32.50373758405298)	(5, 33.02984947264225)	(6, 36.93939652524149)	(7, 36.37628426118715)	(8, 34.628511451684474)	(9, 35.48112434720279)	(10, 36.57433525616957)	(15, 36.88671195002901)	(20, 37.047482677407245)	(25, 37.33056626958392)	(30, 38.0610676861112)	(35, 37.89525890022869)	(40, 36.737328054066964)	(45, 37.33624603201692)	(50, 37.25749735467795)	(55, 37.42717684404546)	(60, 36.77861555790695)	(65, 37.141400143359384)	(70, 37.98550022186572)	(75, 38.05322046625935)	(80, 38.32303990169642)	(85, 38.00910673447793)	(90, 38.032743966959075)	(95, 38.055811175205655)	(100, 37.79514626070928)	(105, 37.165907772126836)	(110, 38.27628426118714)	(115, 36.68426118715227)	(120, 37.960309929344305)	(125, 36.56285967846537)	(130, 37.917773150834556)	(135, 36.18370822951155)	(140, 36.62825203945797)	(145, 37.41862648052702)	(150, 35.972819742635764)	(155, 36.35494760555689)	(160, 35.11118544560877)	(165, 34.990872785609454)	(170, 36.180711335631635)	(175, 35.676215994811756)	(180, 35.67280950267945)	(185, 34.18687578932996)	(190, 35.0145202580469)	(195, 34.15946342628938)	(200, 33.512158241458174)	(205, 32.72464416151824)	(210, 34.89938218930266)	(215, 32.87441717582006)	(220, 32.50219817728778)	(225, 33.068682800286716)	(230, 28.959477079564458)	(235, 29.909031641465)	(240, 29.69467180940028)	(245, 32.47230629777684)	(250, 23.330447254724966)
SRR37700598_1	(1, 33.09265871075027)	(2, 33.22155922918908)	(3, 33.36789592096254)	(4, 33.50244546610584)	(5, 33.220507678763575)	(6, 35.64873324855718)	(7, 35.36178225569794)	(8, 33.527291401741174)	(9, 34.67389709478627)	(10, 35.935767387264015)	(15, 37.66319573510711)	(20, 37.81804264892888)	(25, 37.74639538295999)	(30, 38.621940721901595)	(35, 37.875144282500244)	(40, 38.27817176953927)	(45, 37.39818546414947)	(50, 37.694140663210405)	(55, 36.7219015944439)	(60, 37.797490951775416)	(65, 37.56463366917734)	(70, 37.838760637777554)	(75, 37.90601095568815)	(80, 37.126102905213735)	(85, 37.91196811112198)	(90, 37.458319475692065)	(95, 36.94914408686296)	(100, 36.95743421696176)	(105, 36.867573119436564)	(110, 37.19269783820796)	(115, 36.868776288760635)	(120, 36.63847207277708)	(125, 36.48702924777463)	(130, 35.88431478039714)	(135, 35.8796488310672)	(140, 36.138848674557366)	(145, 36.29964785288076)	(150, 35.931800841240346)	(155, 35.43733248557175)	(160, 35.75601584662037)	(165, 35.064012520786456)	(170, 35.041435977697354)	(175, 34.76389024748117)	(180, 34.90092927712023)	(185, 34.879228210897)	(190, 34.471940721901596)	(195, 34.16254524112296)	(200, 33.89694805829991)	(205, 34.38642277218038)	(210, 33.42691969089309)	(215, 33.920840262153966)	(220, 33.521906485376114)	(225, 33.35086080406926)	(230, 32.59887508559132)	(235, 32.31339137239558)	(240, 32.70278294042844)	(245, 32.80365810042243)	(250, 29.452887479466398)
SRR37700598_2	(1, 32.93116012912061)	(2, 33.02714467377482)	(3, 32.790032280152595)	(4, 32.62087938961166)	(5, 33.00748312628387)	(6, 36.843612442531544)	(7, 36.46082363298445)	(8, 34.68639342658711)	(9, 35.096693729824906)	(10, 36.51737259121588)	(15, 36.78143891225667)	(20, 36.973916658515115)	(25, 37.31024161205126)	(30, 38.07585835860315)	(35, 37.826186051061335)	(40, 36.72358407512472)	(45, 37.1658319475692)	(50, 37.23074929081483)	(55, 37.61510319866967)	(60, 36.67100655384916)	(65, 36.808906387557464)	(70, 37.888648146336685)	(75, 37.94531937787342)	(80, 38.348738139489384)	(85, 37.94614105448498)	(90, 38.17551599334833)	(95, 38.06281913332681)	(100, 37.83021128827154)	(105, 37.087669959894356)	(110, 38.26830675926831)	(115, 36.12206299520689)	(120, 37.62309009097134)	(125, 36.26215885747824)	(130, 37.87146141054485)	(135, 36.185747823535166)	(140, 36.75125207864619)	(145, 37.30861293162477)	(150, 35.903477452802505)	(155, 36.2337963415827)	(160, 35.069573510711145)	(165, 34.98859434608236)	(170, 35.90560989924679)	(175, 35.47720825589357)	(180, 35.68575271446738)	(185, 33.91156216374841)	(190, 34.949745671524994)	(195, 34.14894355864228)	(200, 33.251614007629854)	(205, 32.73933287684632)	(210, 34.93978773354201)	(215, 32.81890345299814)	(220, 32.68811992565783)	(225, 33.10931233493104)	(230, 29.21969089308422)	(235, 30.125158955296882)	(240, 28.786633082265478)	(245, 32.30367336984263)	(250, 23.402656870223122)
SRR37700599_1	(1, 33.04543195148623)	(2, 33.23557013619644)	(3, 33.42994333432747)	(4, 33.3225767968983)	(5, 33.24791728800079)	(6, 35.55872353116612)	(7, 35.20652152301422)	(8, 33.50798290088478)	(9, 34.65107863604732)	(10, 35.87498956158664)	(15, 37.66510388706631)	(20, 37.829637140868876)	(25, 37.73736951983299)	(30, 38.63929217616065)	(35, 37.9346575206283)	(40, 38.29519037677701)	(45, 37.4897624018292)	(50, 37.6827636942042)	(55, 36.85007654836465)	(60, 37.85548464062034)	(65, 37.62892931702953)	(70, 37.9720648175763)	(75, 37.99368128044537)	(80, 37.29788249328959)	(85, 37.98143751864002)	(90, 37.55422606620937)	(95, 37.02652748782185)	(100, 37.18416144745999)	(105, 37.06818968088279)	(110, 37.34697286012526)	(115, 37.17348841833184)	(120, 36.999904563077834)	(125, 36.73770354906054)	(130, 36.159053583855254)	(135, 36.21776717367531)	(140, 36.42138582364052)	(145, 36.720079530768466)	(150, 36.32185704344368)	(155, 35.860005964807634)	(160, 36.07956655731186)	(165, 35.5999323988468)	(170, 35.515566159658015)	(175, 35.278966100009946)	(180, 35.2920648175763)	(185, 35.30924744010339)	(190, 35.0076110945422)	(195, 34.3676110945422)	(200, 34.341417635947906)	(205, 34.80033800576598)	(210, 33.899258375584054)	(215, 34.284716174570036)	(220, 33.77009245451835)	(225, 33.85000497067303)	(230, 33.20650959339895)	(235, 32.89389800178944)	(240, 33.109589422407794)	(245, 32.98054660565176)	(250, 30.20217295147391)
SRR37700599_2	(1, 32.88865692414753)	(2, 32.950949398548566)	(3, 32.524127646883386)	(4, 32.52665274878218)	(5, 33.03346257083209)	(6, 36.843364151506115)	(7, 36.29736554329456)	(8, 34.342558902475396)	(9, 34.752997315836566)	(10, 36.295814693309474)	(15, 36.767531563773744)	(20, 37.03195546276966)	(25, 37.39695397156775)	(30, 38.07703747887464)	(35, 37.94055870364847)	(40, 36.9171329157968)	(45, 37.423867183616665)	(50, 37.310488120091456)	(55, 37.6761785465752)	(60, 36.8167929217616)	(65, 36.96002783576897)	(70, 37.93169897604135)	(75, 38.0288736454916)	(80, 38.34564469629188)	(85, 37.96834675415052)	(90, 38.171834178347744)	(95, 38.010247539516854)	(100, 37.78069788249329)	(105, 37.118636047320805)	(110, 38.267155780892736)	(115, 36.35408688736455)	(120, 37.5973556019485)	(125, 36.44222288497863)	(130, 37.928839844915004)	(135, 36.223525201312256)	(140, 36.6061079630182)	(145, 37.28747589223581)	(150, 36.08944825529377)	(155, 36.40606422109554)	(160, 35.1817079232528)	(165, 34.857142857142854)	(170, 36.028376578188684)	(175, 35.59826622924744)	(180, 35.86304801670146)	(185, 34.244895118799086)	(190, 35.05931404712199)	(195, 34.35313251814296)	(200, 33.53988666865494)	(205, 33.06657122974451)	(210, 35.116373396957954)	(215, 33.00512973456606)	(220, 32.80917387414256)	(225, 33.30379162938662)	(230, 29.492999304105773)	(235, 30.198190675017393)	(240, 29.222849189780295)	(245, 32.493804336931134)	(250, 23.585876694570644)
SRR37700600_1	(1, 32.9657398790135)	(2, 33.230834108887855)	(3, 33.43976849697534)	(4, 33.323726151698466)	(5, 33.29516635644486)	(6, 35.806218008375986)	(7, 35.46286063285249)	(8, 33.66251744997673)	(9, 34.54792926942764)	(10, 35.81535016286645)	(15, 37.69396230805025)	(20, 37.84045486272685)	(25, 37.77853652861796)	(30, 38.61034201954398)	(35, 37.91166821777571)	(40, 38.3129711493718)	(45, 37.42797231270358)	(50, 37.68998953001396)	(55, 36.79457305723592)	(60, 37.67805956258725)	(65, 37.662930432759424)	(70, 37.99284550953932)	(75, 37.99755700325733)	(80, 37.270771288971616)	(85, 38.003501628664495)	(90, 37.53257328990228)	(95, 37.123255002326665)	(100, 37.45508957654724)	(105, 37.179635877152165)	(110, 37.439268264308986)	(115, 37.146806654257794)	(120, 37.117490693345744)	(125, 36.73184039087948)	(130, 36.26512331316892)	(135, 36.174063517915314)	(140, 36.47407515123313)	(145, 36.879763843648206)	(150, 36.4025651465798)	(155, 35.95003489995347)	(160, 36.12833876221498)	(165, 35.70764890646812)	(170, 35.55817240577013)	(175, 35.27652396463471)	(180, 35.364530013959985)	(185, 35.425273382968825)	(190, 35.047696603071195)	(195, 34.43156700791066)	(200, 34.09379362494183)	(205, 34.815885295486275)	(210, 33.809097254536994)	(215, 34.389972080037225)	(220, 33.967095160539785)	(225, 33.71678106095858)	(230, 32.97522103303862)	(235, 32.77160888785481)	(240, 33.15378082829223)	(245, 33.15947087352885)	(250, 29.960048708910403)
SRR37700600_2	(1, 32.995986505351325)	(2, 33.09937761749651)	(3, 32.97495928338762)	(4, 32.64332247557003)	(5, 33.06546649604467)	(6, 36.75820148906468)	(7, 36.46701954397394)	(8, 35.22839111214518)	(9, 35.39879013494649)	(10, 36.59267100977199)	(15, 37.00595044206607)	(20, 37.018130525825974)	(25, 37.37218473708701)	(30, 38.007852489530016)	(35, 37.86591437878083)	(40, 36.922679153094464)	(45, 37.36523382968822)	(50, 37.28439390414146)	(55, 37.60871335504886)	(60, 36.79550372266171)	(65, 37.039314797580275)	(70, 37.91693229409027)	(75, 38.05218706375058)	(80, 38.28089809213588)	(85, 37.98957073057236)	(90, 38.09625988832015)	(95, 37.99411935784086)	(100, 37.758887854816194)	(105, 37.175593299208934)	(110, 38.273528385295485)	(115, 36.43337598883201)	(120, 37.76419846440204)	(125, 36.56144136807818)	(130, 37.91837482550023)	(135, 36.27028850628199)	(140, 36.89627733829688)	(145, 37.45704979060028)	(150, 36.421195905072125)	(155, 36.720713122382506)	(160, 35.500884132154496)	(165, 35.309998836668214)	(170, 36.20286761284318)	(175, 35.757829222894365)	(180, 36.329792926942766)	(185, 34.635202419730106)	(190, 35.412883899488136)	(195, 34.65355979525361)	(200, 33.98580735225686)	(205, 33.55482201023732)	(210, 35.22682643089809)	(215, 33.58688925081434)	(220, 32.92486621684505)	(225, 33.52667519776641)	(230, 30.041129595160537)	(235, 31.084568403908793)	(240, 30.219264774313633)	(245, 32.70622433163348)	(250, 23.95744605269369)
SRR37700601_1	(1, 32.82653179862807)	(2, 32.86303918149052)	(3, 33.40882843080262)	(4, 33.48947796767818)	(5, 33.23753051970701)	(6, 36.03704995543154)	(7, 35.64988567220866)	(8, 33.57516567840949)	(9, 34.482850831298684)	(10, 35.77701042514436)	(15, 37.687113901484324)	(20, 37.83582529163276)	(25, 37.74353369763206)	(30, 38.59709336123707)	(35, 37.86699221020812)	(40, 38.26945703987908)	(45, 37.382947719257444)	(50, 37.64643646087664)	(55, 36.71480835561756)	(60, 37.670224392512495)	(65, 37.600565825679176)	(70, 37.881734682013715)	(75, 37.95619889160175)	(80, 37.19043522071077)	(85, 37.978979188466454)	(90, 37.489477967678184)	(95, 36.98849746153548)	(100, 37.305483858466076)	(105, 37.049203580978954)	(110, 37.38039762818276)	(115, 37.00923148471108)	(120, 37.00142619075301)	(125, 36.611626555051735)	(130, 36.06476766267488)	(135, 35.91978452117971)	(140, 36.16493430996396)	(145, 36.574328566445764)	(150, 36.08707514630082)	(155, 35.62333062047048)	(160, 35.86575204433593)	(165, 35.32304770763089)	(170, 35.207285974499094)	(175, 34.97708793551137)	(180, 34.99291555245514)	(185, 35.09816687982018)	(190, 34.72392357477813)	(195, 34.18316474828508)	(200, 33.783164748285074)	(205, 34.43318993915436)	(210, 33.376615122272604)	(215, 34.027461923032206)	(220, 33.53292252838818)	(225, 33.322644653722435)	(230, 32.42709762430726)	(235, 32.24242142386544)	(240, 32.80631709491145)	(245, 32.72093457418909)	(250, 29.706264315997085)
SRR37700601_2	(1, 32.64666899197768)	(2, 33.04782389644615)	(3, 32.786032631864515)	(4, 32.56997248381971)	(5, 33.01949385730342)	(6, 36.80909196605046)	(7, 36.313413169011355)	(8, 35.09816687982018)	(9, 35.42483432159051)	(10, 36.63935976436848)	(15, 36.80579002441577)	(20, 36.90466224857575)	(25, 37.33518583110491)	(30, 37.963717397201876)	(35, 37.83577878541255)	(40, 36.5645622602023)	(45, 37.216013641824595)	(50, 37.08501337053831)	(55, 37.51434329341549)	(60, 36.67466573654226)	(65, 36.90983994109213)	(70, 37.839220245707864)	(75, 37.90876254699066)	(80, 38.208045576095806)	(85, 37.90563887920009)	(90, 38.05700887493702)	(95, 37.943773979769794)	(100, 37.705073053520906)	(105, 36.94065806301593)	(110, 38.182815951633536)	(115, 36.04291749021432)	(120, 37.672945006394606)	(125, 36.253086850366245)	(130, 37.855280393752665)	(135, 35.95626089989536)	(140, 36.61819168313762)	(145, 37.166391504863775)	(150, 35.89574855636941)	(155, 36.34656435298221)	(160, 34.96019842653955)	(165, 34.7424640545673)	(170, 35.86300042630702)	(175, 35.26762004418091)	(180, 35.92161376584118)	(185, 34.05980699918615)	(190, 34.91480060458086)	(195, 33.95840793706159)	(200, 33.39983722822927)	(205, 32.84743634461109)	(210, 34.97466186102391)	(215, 33.04148354842461)	(220, 32.45239700809983)	(225, 32.97318916405069)	(230, 29.214261907530137)	(235, 30.20383676316707)	(240, 29.332457466186106)	(245, 31.83542534913847)	(250, 23.525780305781456)
SRR37700602_1	(1, 32.980665867522525)	(2, 32.8621476354356)	(3, 33.42999110629906)	(4, 33.49932330536329)	(5, 33.30439658172538)	(6, 36.06476934379955)	(7, 35.746452186690384)	(8, 33.50701829008933)	(9, 34.78164030779939)	(10, 35.74250029001199)	(15, 37.68114148718147)	(20, 37.798723947256484)	(25, 37.65862882332469)	(30, 38.595761958160935)	(35, 37.90852635242257)	(40, 38.249943931015814)	(45, 37.44917056571672)	(50, 37.627168322957345)	(55, 36.561973628243294)	(60, 37.5635203588415)	(65, 37.5547658636557)	(70, 37.767302115154095)	(75, 37.86183828931596)	(80, 37.062797262286836)	(85, 37.87868991918333)	(90, 37.51159661265999)	(95, 36.69752136421639)	(100, 36.80514287923901)	(105, 36.92894319631878)	(110, 37.03296856270059)	(115, 36.92789141951201)	(120, 36.573009551061446)	(125, 36.43559027106454)	(130, 35.75687715092224)	(135, 35.93076060477166)	(140, 36.136823788716605)	(145, 36.41403658017865)	(150, 35.90717296314914)	(155, 35.461830555662964)	(160, 35.740969026719775)	(165, 35.00246703530412)	(170, 35.082695951432655)	(175, 34.85606125053169)	(180, 34.96862456981555)	(185, 34.9824987432814)	(190, 34.587285874482816)	(195, 33.788747534898114)	(200, 34.05709756003248)	(205, 34.55361354936004)	(210, 33.553543946483124)	(215, 33.948656277792814)	(220, 33.43256641274506)	(225, 33.432141061830556)	(230, 32.644692780634934)	(235, 32.42576079811299)	(240, 32.835698542206416)	(245, 32.296053342127166)	(250, 29.61596019350644)
SRR37700602_2	(1, 32.68210819380534)	(2, 33.02563705966513)	(3, 32.56621940373535)	(4, 32.779088202312366)	(5, 32.922972816209736)	(6, 36.80054908936236)	(7, 36.21051003441475)	(8, 33.55871776033409)	(9, 34.84405088743668)	(10, 36.22777928154364)	(15, 36.707783921735434)	(20, 36.96215923591509)	(25, 37.27092533158037)	(30, 37.991941533583386)	(35, 37.80494180426125)	(40, 36.745624685820346)	(45, 37.39703027725146)	(50, 37.248915355168016)	(55, 37.50465179227408)	(60, 36.80311666215537)	(65, 37.05963419821353)	(70, 37.905749970998805)	(75, 38.020238969877425)	(80, 38.292517690731216)	(85, 37.942407486176094)	(90, 38.073183558253746)	(95, 37.962770194501374)	(100, 37.73572560999188)	(105, 37.053826224817286)	(110, 38.23963497157882)	(115, 36.310985654073704)	(120, 37.81058737094467)	(125, 36.38211979428483)	(130, 37.830981013881896)	(135, 35.914195120064974)	(140, 36.40032481342562)	(145, 37.22040137659023)	(150, 35.91763659564595)	(155, 36.141115966126605)	(160, 34.680298519005454)	(165, 34.4131317427787)	(170, 35.95627392598894)	(175, 35.286168361625606)	(180, 35.3902169289664)	(185, 33.86671049070028)	(190, 34.546142840570745)	(195, 33.90881249758324)	(200, 33.18647384091876)	(205, 32.48048412667724)	(210, 34.663647964115846)	(215, 32.54584896175709)	(220, 32.295394609643864)	(225, 32.744688913808446)	(230, 28.70994934457291)	(235, 29.436456440199528)	(240, 29.130203781756315)	(245, 32.01293189570684)	(250, 22.975530340270318)
SRR37700603_1	(1, 32.984555356852546)	(2, 32.84726060803121)	(3, 33.41565057172276)	(4, 33.507342979461335)	(5, 33.25751910258494)	(6, 35.834227496883976)	(7, 35.49300926678589)	(8, 33.507966184360264)	(9, 34.72584403620007)	(10, 35.84734731479976)	(15, 37.67355985476617)	(20, 37.81568308676096)	(25, 37.736460196174065)	(30, 38.61711374844199)	(35, 37.89471630629166)	(40, 38.269365414837694)	(45, 37.445271771527665)	(50, 37.61155909608193)	(55, 36.66318213840567)	(60, 37.5939142686826)	(65, 37.41994797593887)	(70, 37.76329052186637)	(75, 37.816728987156566)	(80, 36.98476670460088)	(85, 37.73889882403945)	(90, 37.152945320544084)	(95, 36.81830054733648)	(100, 37.06096569663469)	(105, 36.80391806210372)	(110, 37.19317726114995)	(115, 36.76014740150653)	(120, 36.76602720424863)	(125, 36.55146588630575)	(130, 36.06129084701674)	(135, 35.9228526526852)	(140, 36.23501327697393)	(145, 36.57959681352626)	(150, 36.269186582127574)	(155, 35.71122310735381)	(160, 35.857188533029856)	(165, 35.459334525551405)	(170, 35.36513304069799)	(175, 35.0398580176665)	(180, 35.17585216495963)	(185, 35.22736140464965)	(190, 34.906876930580395)	(195, 34.28029588684767)	(200, 34.02358966021785)	(205, 34.65574703300276)	(210, 33.56570205386659)	(215, 34.32655936704059)	(220, 33.88497805234921)	(225, 33.609895409960444)	(230, 32.864466482414784)	(235, 32.7570205386658)	(240, 32.94580826965805)	(245, 32.65904719570396)	(250, 29.87392694824211)
SRR37700603_2	(1, 32.68536281363464)	(2, 32.93559312848859)	(3, 32.74435051211185)	(4, 32.84883216821113)	(5, 32.82116728987157)	(6, 36.811819216387576)	(7, 36.437923372893295)	(8, 33.67877851839809)	(9, 34.6882891670731)	(10, 36.24394407413429)	(15, 36.80391806210372)	(20, 36.95543814013982)	(25, 37.32202893838401)	(30, 38.023871457215634)	(35, 37.85318918333063)	(40, 36.76232048989324)	(45, 37.3243266677505)	(50, 37.28542784371105)	(55, 37.60367419931718)	(60, 36.759952311277296)	(65, 37.00526743618924)	(70, 37.95554110442747)	(75, 38.01164580285048)	(80, 38.337473581531455)	(85, 37.97390126266732)	(90, 38.08527610686609)	(95, 37.99212052240828)	(100, 37.769192001300596)	(105, 37.11248577467079)	(110, 38.185102693329)	(115, 36.44399284669159)	(120, 37.679618490218395)	(125, 36.43916978269117)	(130, 37.896921909716575)	(135, 36.12031106053217)	(140, 36.58122798460955)	(145, 37.33499701945483)	(150, 35.96731696743077)	(155, 36.59845011651222)	(160, 35.23493740855145)	(165, 35.03556603262342)	(170, 35.79956104698423)	(175, 35.36970140356582)	(180, 36.03772828266407)	(185, 34.163035820733754)	(190, 35.04649108546037)	(195, 34.15609386007695)	(200, 33.50233566357774)	(205, 32.92040318647374)	(210, 34.95153633555519)	(215, 33.03210318105457)	(220, 32.52962119980491)	(225, 33.208399718203005)	(230, 29.438709152983257)	(235, 30.354576491627377)	(240, 29.657156017991657)	(245, 32.16982536874665)	(250, 23.623389084097216)
SRR37700604_1	(1, 32.95742405507469)	(2, 32.900678407913645)	(3, 33.41894195100759)	(4, 33.49944858470073)	(5, 33.21221134244561)	(6, 35.428900845503456)	(7, 34.98800253985229)	(8, 33.37412692577616)	(9, 34.337934030678746)	(10, 35.84797647294723)	(15, 37.62187614878187)	(20, 37.83369314574073)	(25, 37.75082043912709)	(30, 38.62888079403803)	(35, 37.86995287905624)	(40, 38.275453664405305)	(45, 37.478394546001404)	(50, 37.703044480834144)	(55, 36.65363098619791)	(60, 37.77280352905792)	(65, 37.33475253149751)	(70, 37.88903519032182)	(75, 37.93303478929252)	(80, 37.157778297630585)	(85, 37.84409985629783)	(90, 37.37321792601009)	(95, 37.02425558934599)	(100, 36.968853390368615)	(105, 36.66788089429536)	(110, 37.082485044948704)	(115, 36.75643484944692)	(120, 36.69743007051432)	(125, 36.37294388931592)	(130, 35.838759482672195)	(135, 36.00004010293085)	(140, 36.26836212946563)	(145, 36.38230792367075)	(150, 36.091100491260896)	(155, 35.6362530494937)	(160, 35.79322260468536)	(165, 35.27503926745313)	(170, 35.2469471643886)	(175, 34.84994820038098)	(180, 35.08725060989874)	(185, 35.04496875313304)	(190, 34.82105403869932)	(195, 34.27861511212111)	(200, 34.18538916552485)	(205, 34.45945927881563)	(210, 33.67483875279885)	(215, 34.206850917354544)	(220, 33.867907629582604)	(225, 33.55100090231595)	(230, 33.05958627143001)	(235, 32.6168699662467)	(240, 32.7414163018414)	(245, 32.78561445426206)	(250, 29.49205036881861)
SRR37700604_2	(1, 32.745747418373824)	(2, 32.91855763125355)	(3, 32.721217792333654)	(4, 32.26294154997828)	(5, 32.64041038665909)	(6, 36.83925408548608)	(7, 36.35755104768907)	(8, 33.93740600875581)	(9, 34.42696253717876)	(10, 36.24328443003709)	(15, 36.7142866691174)	(20, 36.85834976439528)	(25, 37.1679844935334)	(30, 38.00441132239415)	(35, 37.781031313705185)	(40, 36.6194499214651)	(45, 37.252735354075455)	(50, 37.124085151889844)	(55, 37.742352036894694)	(60, 36.655408882799186)	(65, 36.70318484109213)	(70, 37.81909567890919)	(75, 37.877799685860374)	(80, 38.297483541088795)	(85, 37.86286134411657)	(90, 38.1465160578819)	(95, 37.9687731845069)	(100, 37.752056946161815)	(105, 36.55705644487518)	(110, 38.221769207632924)	(115, 35.86456571867794)	(120, 36.92891087123618)	(125, 35.77390635965645)	(130, 37.840731210105936)	(135, 35.93371653911707)	(140, 36.38203388697657)	(145, 36.820679744678)	(150, 35.467239247401665)	(155, 35.89230357918658)	(160, 34.96794439060255)	(165, 34.67111586405106)	(170, 35.537706780737224)	(175, 35.395434949704246)	(180, 35.58750125321659)	(185, 33.767456471610465)	(190, 34.66872973966514)	(195, 34.087852153861576)	(200, 32.85899141128898)	(205, 32.592981987100224)	(210, 34.73983223607259)	(215, 32.58035624770244)	(220, 32.49589947531998)	(225, 33.08107475854693)	(230, 29.107395648832004)	(235, 30.116458911205427)	(240, 28.0414931657922)	(245, 31.982351131161522)	(250, 23.44997239191541)
SRR37700605_1	(1, 33.02028064786373)	(2, 32.89720050265289)	(3, 33.42596341803965)	(4, 33.492704551801175)	(5, 33.202492320580845)	(6, 35.52813459927395)	(7, 35.044261379502935)	(8, 33.42575397933538)	(9, 34.542132086009495)	(10, 35.93152052499302)	(15, 37.631366936609886)	(20, 37.835485897793916)	(25, 37.773261658754535)	(30, 38.6306129572745)	(35, 37.87057386204971)	(40, 38.264765428651216)	(45, 37.4461323652611)	(50, 37.68122731080704)	(55, 36.66080005585032)	(60, 37.80522200502652)	(65, 37.36106534487573)	(70, 37.85313459927395)	(75, 37.90721167271712)	(80, 37.17607511868193)	(85, 37.87346411616867)	(90, 37.40300195476124)	(95, 37.02082518849484)	(100, 37.08348924881318)	(105, 36.704098017313605)	(110, 37.175816810946664)	(115, 36.99146886344597)	(120, 36.804907846970124)	(125, 36.577010611561015)	(130, 36.019184585311365)	(135, 35.95549427534208)	(140, 36.242334543423624)	(145, 36.5195196872382)	(150, 36.16469561574979)	(155, 35.684920413292375)	(160, 35.89416364144094)	(165, 35.438892767383415)	(170, 35.31141440938285)	(175, 34.95688355208042)	(180, 35.092620776319464)	(185, 35.113676347388996)	(190, 34.84893186260821)	(195, 34.40622731080704)	(200, 34.180438425020945)	(205, 34.64937168388718)	(210, 33.6056129572745)	(215, 34.21329237643116)	(220, 33.83666573582798)	(225, 33.525439821278965)	(230, 32.942208880201065)	(235, 32.612433677743645)	(240, 32.79444289304663)	(245, 32.91549019426499)	(250, 29.7155284492813)
SRR37700605_2	(1, 32.67568416643396)	(2, 32.82459508517174)	(3, 32.735304384250206)	(4, 32.441147724099416)	(5, 32.88334264172019)	(6, 36.891894722144656)	(7, 36.43228148561854)	(8, 33.38114353532533)	(9, 34.59306059759844)	(10, 36.31824211114214)	(15, 36.73253281206367)	(20, 36.93630270874058)	(25, 37.260555710695336)	(30, 38.08899050544541)	(35, 37.816783021502374)	(40, 36.789500139625794)	(45, 37.28109466629433)	(50, 37.208740575258304)	(55, 37.70666713208601)	(60, 36.61868193242111)	(65, 36.71801172856744)	(70, 37.87883970957833)	(75, 37.99962301033231)	(80, 38.344107791119804)	(85, 37.933265847528624)	(90, 38.188341245462155)	(95, 38.003923485060035)	(100, 37.788697291259425)	(105, 37.055508237922375)	(110, 38.194324211114214)	(115, 36.11523317509076)	(120, 37.40433538117844)	(125, 36.30469840826585)	(130, 37.91231499581123)	(135, 36.2673135995532)	(140, 36.8465442613795)	(145, 37.217090198268636)	(150, 35.850858698687524)	(155, 36.4234850600391)	(160, 35.33397095783301)	(165, 35.293626082099976)	(170, 35.93645629712371)	(175, 35.68369170622731)	(180, 35.98256771851438)	(185, 34.129230661826305)	(190, 35.12846271991064)	(195, 34.38068975146607)	(200, 33.30564786372521)	(205, 32.97567718514381)	(210, 34.974944149678855)	(215, 32.91904495950852)	(220, 32.65992739458252)	(225, 33.379475006981295)	(230, 29.549797542585868)	(235, 30.4543283998883)	(240, 28.68420832169785)	(245, 32.339267990150475)	(250, 23.715473620552334)
SRR37700606_1	(1, 33.039956781848375)	(2, 32.8591808559595)	(3, 33.41067248244263)	(4, 33.482642709938176)	(5, 33.218871926209005)	(6, 35.56405690389964)	(7, 35.15884671562056)	(8, 33.42797975149563)	(9, 34.73756977930731)	(10, 35.905384261389784)	(15, 37.62410612457232)	(20, 37.80981212109086)	(25, 37.693455251205506)	(30, 38.609447968146625)	(35, 37.8891054242782)	(40, 38.23331799355729)	(45, 37.46597170811741)	(50, 37.678965165369455)	(55, 36.641389383541096)	(60, 37.73628523980072)	(65, 37.387478741071256)	(70, 37.84523900038016)	(75, 37.85544728786091)	(80, 37.0755997518958)	(85, 37.761047640008805)	(90, 37.35375657776267)	(95, 36.87829688469157)	(100, 36.80545429080213)	(105, 36.667404309810124)	(110, 36.97012745353048)	(115, 36.6740390964205)	(120, 36.5958622621501)	(125, 36.47196222413414)	(130, 35.82705536325257)	(135, 36.110354348826505)	(140, 36.198231257128)	(145, 36.37858700654275)	(150, 36.08912143100102)	(155, 35.56805858460554)	(160, 35.694567718441746)	(165, 35.16634186358271)	(170, 35.177910722503455)	(175, 34.83906840873167)	(180, 35.007471137877914)	(185, 35.021505032113495)	(190, 34.713671742131694)	(195, 34.07913723763981)	(200, 34.183104904059704)	(205, 34.45086136177194)	(210, 33.6709858140419)	(215, 34.16904299805918)	(220, 33.660905580343744)	(225, 33.512627303467454)	(230, 32.95871065847656)	(235, 32.58784289401549)	(240, 32.8103123311791)	(245, 32.63932212576562)	(250, 29.380705427004806)
SRR37700606_2	(1, 32.74025090538026)	(2, 33.02747153804598)	(3, 32.67720442585886)	(4, 32.56597771063847)	(5, 32.73212749354729)	(6, 36.77304467876508)	(7, 36.193401228515974)	(8, 33.452189919766305)	(9, 34.3072290361952)	(10, 36.07435522919626)	(15, 36.580467796474515)	(20, 36.798731467216236)	(25, 37.0344744792813)	(30, 37.968670841753536)	(35, 37.727981752335985)	(40, 36.70309530002601)	(45, 37.264475079533405)	(50, 37.19645050921387)	(55, 37.644554712979456)	(60, 36.65088937353689)	(65, 36.67772064266992)	(70, 37.80216090758118)	(75, 37.91976630184677)	(80, 38.31658896736629)	(85, 37.83579503391424)	(90, 38.09993797394906)	(95, 37.94010684487485)	(100, 37.72871005822445)	(105, 36.566501930810944)	(110, 38.17345685187779)	(115, 35.91543248164229)	(120, 37.04786010124252)	(125, 35.88900138057984)	(130, 37.77741851577663)	(135, 35.930606854879045)	(140, 36.2042057664219)	(145, 36.926509133836205)	(150, 35.459448968566804)	(155, 35.956297645010906)	(160, 34.75028311890994)	(165, 34.35380459793113)	(170, 35.43254967086176)	(175, 35.33710558434542)	(180, 35.41147281858381)	(185, 33.57236439304508)	(190, 34.41436203205346)	(195, 34.017823485864064)	(200, 32.90274315212389)	(205, 32.316805058124416)	(210, 34.65541927609596)	(215, 32.21069249084616)	(220, 32.30637667820484)	(225, 32.77894715780628)	(230, 28.808623621921207)	(235, 29.574281198103204)	(240, 28.126809259889153)	(245, 31.768057504586388)	(250, 23.15056546746952)
SRR37700607_1	(1, 32.94479740223069)	(2, 33.13377100098828)	(3, 33.408019200903574)	(4, 33.383029789637156)	(5, 32.981716786672315)	(6, 34.578356628547226)	(7, 34.41380770859805)	(8, 33.38274742340816)	(9, 34.10835804037837)	(10, 35.63042496117464)	(15, 37.480460256953265)	(20, 37.444133841592546)	(25, 37.49457856840321)	(30, 38.4287448821121)	(35, 37.75453903713115)	(40, 38.08989128900184)	(45, 37.15883100381195)	(50, 37.350416490187776)	(55, 36.316716080756734)	(60, 37.540872511647606)	(65, 37.17445997458704)	(70, 37.467612593533815)	(75, 37.67707186220528)	(80, 36.66344769165608)	(85, 37.629662572356345)	(90, 36.932570944515035)	(95, 36.64355499082309)	(100, 36.721897501058876)	(105, 36.42844839757165)	(110, 36.644303261329945)	(115, 36.52610475787096)	(120, 36.36548072850487)	(125, 36.14633629817874)	(130, 35.67156572073979)	(135, 35.49946350416491)	(140, 36.13231681490894)	(145, 36.05033178031907)	(150, 35.769730340251314)	(155, 35.31466892559649)	(160, 35.76738670055061)	(165, 35.288634759282786)	(170, 35.09812226457716)	(175, 34.796795143300855)	(180, 34.94615276012989)	(185, 34.90823097557532)	(190, 34.620640971339824)	(195, 34.30300720033884)	(200, 33.98092616123112)	(205, 34.52596357475646)	(210, 33.4559367499647)	(215, 33.94119723281095)	(220, 33.52202456586192)	(225, 33.33937597063392)	(230, 32.70787801778907)	(235, 32.325201185938155)	(240, 32.26700550614147)	(245, 32.399635472507825)	(250, 29.325575235794627)
SRR37700607_2	(1, 32.93025554143724)	(2, 32.963715939573625)	(3, 32.386982916843145)	(4, 32.04934349851758)	(5, 32.47592827897783)	(6, 36.58026260059297)	(7, 36.159042778483695)	(8, 34.262035860511084)	(9, 34.26274177608358)	(10, 35.90062120570379)	(15, 36.487477057743895)	(20, 36.722843427926016)	(25, 36.62983199209374)	(30, 37.643823238740644)	(35, 37.47469998588169)	(40, 36.18311449950586)	(45, 36.79275730622617)	(50, 36.240646618664414)	(55, 37.188027671890445)	(60, 35.94396442185514)	(65, 36.05373429337851)	(70, 37.22086686432303)	(75, 37.14660454609629)	(80, 37.800988281801494)	(85, 37.17933079203727)	(90, 37.62527177749541)	(95, 37.473316391359596)	(100, 37.392093745588035)	(105, 36.329591980799094)	(110, 37.63768177325992)	(115, 35.82981787378229)	(120, 37.130439079486095)	(125, 35.58843710292249)	(130, 37.47503882535649)	(135, 35.53392630241423)	(140, 35.88013553578992)	(145, 36.53504164901877)	(150, 35.43278271918679)	(155, 35.64187491176055)	(160, 34.63468869123253)	(165, 34.67810249894113)	(170, 35.120386841733726)	(175, 34.71010871099817)	(180, 35.18215445432727)	(185, 32.90432020330369)	(190, 34.42000564732458)	(195, 33.73646759847523)	(200, 32.18888888888889)	(205, 31.857221516306645)	(210, 33.56542425525907)	(215, 31.64587039390089)	(220, 31.135182832133278)	(225, 31.77557532119159)	(230, 28.297966963151207)	(235, 29.50323309332204)	(240, 27.813299449385852)	(245, 31.048823097012445)	(250, 22.979205949714167)
SRR37700608_1	(1, 32.404761904761905)	(2, 33.23809523809524)	(3, 33.476190476190474)	(4, 33.42857142857143)	(5, 32.333333333333336)	(6, 35.833333333333336)	(7, 35.5)	(8, 33.642857142857146)	(9, 34.11904761904762)	(10, 35.21428571428571)	(15, 37.86190476190477)	(20, 37.49047619047619)	(25, 37.442857142857136)	(30, 38.50476190476191)	(35, 37.7047619047619)	(40, 37.68095238095238)	(45, 36.057142857142864)	(50, 37.13809523809524)	(55, 34.438095238095244)	(60, 36.252380952380946)	(65, 36.509523809523806)	(70, 37.628571428571426)	(75, 36.976190476190474)	(80, 35.3952380952381)	(85, 37.15714285714286)	(90, 35.53333333333334)	(95, 35.27619047619048)	(100, 35.02380952380953)	(105, 35.57619047619048)	(110, 35.43809523809524)	(115, 33.96190476190476)	(120, 35.01428571428571)	(125, 33.75714285714286)	(130, 33.92857142857143)	(135, 32.81904761904762)	(140, 35.25714285714285)	(145, 34.05714285714286)	(150, 34.80952380952381)	(155, 34.77619047619048)	(160, 34.328571428571436)	(165, 32.9)	(170, 33.06190476190476)	(175, 32.02857142857143)	(180, 32.96190476190476)	(185, 33.438095238095244)	(190, 32.77619047619047)	(195, 32.36666666666666)	(200, 32.171428571428564)	(205, 32.666666666666664)	(210, 30.666666666666668)	(215, 31.68095238095238)	(220, 31.609523809523807)	(225, 30.64761904761905)	(230, 30.804761904761904)	(235, 30.46666666666667)	(240, 32.08571428571428)	(245, 30.776190476190475)	(250, 27.63095238095238)
SRR37700608_2	(1, 31.904761904761905)	(2, 32.5)	(3, 31.738095238095237)	(4, 32.023809523809526)	(5, 32.11904761904762)	(6, 36.26190476190476)	(7, 33.666666666666664)	(8, 33.595238095238095)	(9, 34.76190476190476)	(10, 35.70476190476191)	(15, 34.53809523809524)	(20, 35.41904761904762)	(25, 35.58571428571428)	(30, 35.804761904761904)	(35, 36.43809523809524)	(40, 32.43333333333333)	(45, 34.709523809523816)	(50, 34.84285714285714)	(55, 35.8952380952381)	(60, 34.885714285714286)	(65, 34.44285714285714)	(70, 35.80952380952381)	(75, 33.957142857142856)	(80, 35.99523809523809)	(85, 36.323809523809516)	(90, 36.04761904761905)	(95, 36.019047619047626)	(100, 36.233333333333334)	(105, 31.223809523809525)	(110, 36.114285714285714)	(115, 30.93333333333333)	(120, 34.661904761904765)	(125, 30.857142857142854)	(130, 35.60476190476191)	(135, 29.41904761904762)	(140, 31.090476190476192)	(145, 33.109523809523814)	(150, 29.376190476190477)	(155, 28.942857142857143)	(160, 26.509523809523806)	(165, 28.05238095238095)	(170, 29.20952380952381)	(175, 27.890476190476193)	(180, 30.309523809523807)	(185, 26.871428571428574)	(190, 28.590476190476192)	(195, 25.657142857142862)	(200, 25.857142857142854)	(205, 24.38571428571429)	(210, 29.557142857142857)	(215, 26.47142857142857)	(220, 26.190476190476193)	(225, 27.571428571428566)	(230, 23.142857142857146)	(235, 23.676190476190477)	(240, 21.9)	(245, 26.057142857142857)	(250, 21.54492939666239)
SRR37700609_1	(1, 32.79767811073626)	(2, 32.95683667394324)	(3, 33.38827148243699)	(4, 33.4663623734868)	(5, 33.207382417146256)	(6, 36.58831117285175)	(7, 36.291029966263146)	(8, 33.49851160944632)	(9, 33.516471522127404)	(10, 35.145743203016465)	(15, 37.76949791625323)	(20, 37.86358404445326)	(25, 37.85177614606073)	(30, 38.56036912085732)	(35, 37.84633855923795)	(40, 38.37062909307402)	(45, 37.46142091684858)	(50, 37.47356618376662)	(55, 36.91313752728716)	(60, 37.38061123238738)	(65, 38.050307600714426)	(70, 38.185929747965865)	(75, 37.942488589005755)	(80, 37.40527882516373)	(85, 38.154852153205)	(90, 37.664695376066675)	(95, 37.4116292915261)	(100, 37.99005755110141)	(105, 37.63280412780314)	(110, 37.90152808096845)	(115, 37.480869220083356)	(120, 37.66693788450089)	(125, 36.79543560230204)	(130, 36.26193689224052)	(135, 36.11871403056161)	(140, 36.327803135542766)	(145, 37.30408811272078)	(150, 36.79712244492955)	(155, 36.23776542964874)	(160, 36.39166501289938)	(165, 35.942309982139314)	(170, 35.6866838658464)	(175, 35.38757690017861)	(180, 35.50140900972415)	(185, 35.69005755110141)	(190, 35.29888866838658)	(195, 34.60446517166105)	(200, 33.6968446120262)	(205, 34.79597142290137)	(210, 33.51663028378646)	(215, 34.490712442945025)	(220, 34.03945227227624)	(225, 33.568585036713635)	(230, 32.80472315935701)	(235, 32.49029569359)	(240, 33.163881722564)	(245, 33.079504489375054)	(250, 29.737066138415436)
SRR37700609_2	(1, 32.25937686048819)	(2, 32.82754514784679)	(3, 32.660051597539194)	(4, 32.273367731692794)	(5, 32.8136535026791)	(6, 36.69319309386783)	(7, 35.86673943242707)	(8, 36.129291526096445)	(9, 36.06955745187537)	(10, 36.85443540384997)	(15, 36.737408215915856)	(20, 36.54102004365946)	(25, 37.10170668783489)	(30, 37.135364159555465)	(35, 37.53844016669974)	(40, 35.96034927564993)	(45, 36.700059535622145)	(50, 36.53169279618972)	(55, 37.02228616789045)	(60, 36.2679499900774)	(65, 36.73330025798769)	(70, 37.51125223258583)	(75, 37.61395118078984)	(80, 37.8559833300258)	(85, 37.670946616392136)	(90, 37.70242111530065)	(95, 37.68237745584442)	(100, 37.361321690811664)	(105, 36.34395713435205)	(110, 38.00960508037309)	(115, 35.46171859495932)	(120, 37.298968049216114)	(125, 35.144393728914466)	(130, 37.52115499106966)	(135, 34.9422107561024)	(140, 36.039968247668185)	(145, 37.016372296090495)	(150, 35.873367731692795)	(155, 35.76610438579083)	(160, 33.93546338559238)	(165, 33.61287953959119)	(170, 35.29382814050407)	(175, 34.39950386981544)	(180, 35.89581266124232)	(185, 33.48430244096051)	(190, 34.31228418336971)	(195, 32.829331216511214)	(200, 32.59436396110339)	(205, 32.21661043857908)	(210, 34.55765032744593)	(215, 32.88805318515578)	(220, 30.834927564993052)	(225, 32.00464377852749)	(230, 28.018059138718)	(235, 29.51928954157571)	(240, 29.51115300654892)	(245, 30.725224419874355)	(250, 23.25510030248637)
SRR37700610_1	(1, 32.91029191184954)	(2, 33.01465328256606)	(3, 33.39442713741779)	(4, 33.449925002884505)	(5, 33.23012576439368)	(6, 36.037613937925464)	(7, 35.73652936425522)	(8, 33.4157724702896)	(9, 34.18576208607361)	(10, 35.60437290873428)	(15, 37.700634590977266)	(20, 37.84525210568824)	(25, 37.75970924195224)	(30, 38.58113534094843)	(35, 37.87918541594554)	(40, 38.316614745586705)	(45, 37.43935617860851)	(50, 37.556697819314635)	(55, 36.70617283950617)	(60, 37.71693781008423)	(65, 37.71406484365986)	(70, 38.05878620053075)	(75, 38.011030344986736)	(80, 37.2883696780893)	(85, 38.056501673012576)	(90, 37.48343140648437)	(95, 37.12172608745817)	(100, 37.577916233991)	(105, 37.23857159340026)	(110, 37.58365062882197)	(115, 37.31310718818507)	(120, 37.34652128764278)	(125, 36.70238836967809)	(130, 36.10234221760702)	(135, 36.161359178493136)	(140, 36.34916349371178)	(145, 36.95264797507788)	(150, 36.51644167532017)	(155, 36.0568593515634)	(160, 36.086015922464526)	(165, 35.773739471558784)	(170, 35.6208722741433)	(175, 35.218160839967695)	(180, 35.38491981077651)	(185, 35.47090111918773)	(190, 35.024437521633786)	(195, 34.41816083996769)	(200, 34.078181608399674)	(205, 34.76866274374063)	(210, 33.74436367832006)	(215, 34.43680627668167)	(220, 33.96688588900427)	(225, 33.71449175031729)	(230, 32.880593054113305)	(235, 32.56492442598362)	(240, 33.04857505480559)	(245, 32.98789276758542)	(250, 29.75516430155146)
SRR37700610_2	(1, 32.32710280373832)	(2, 32.82508365062882)	(3, 32.4460020768432)	(4, 32.512287988923504)	(5, 32.69655013268721)	(6, 36.74195223260644)	(7, 36.06311295719395)	(8, 33.62184146763586)	(9, 34.89033114110996)	(10, 36.36125533633322)	(15, 36.46615899388485)	(20, 36.592673358716965)	(25, 36.94470981885312)	(30, 37.52471443406023)	(35, 37.575839390792666)	(40, 35.79082727587401)	(45, 36.57880466135917)	(50, 36.54685589015807)	(55, 37.2265951309565)	(60, 36.27607015114803)	(65, 36.51220722279913)	(70, 37.57182416060921)	(75, 37.50497288565825)	(80, 37.92802584515981)	(85, 37.641571478020076)	(90, 37.87933541017654)	(95, 37.7241029191185)	(100, 37.49676935502481)	(105, 36.201857620860736)	(110, 37.97012807199722)	(115, 35.31448021229953)	(120, 37.239621553017194)	(125, 35.11028037383178)	(130, 37.48171224183685)	(135, 35.03168339679243)	(140, 35.86660897657782)	(145, 36.62099919233876)	(150, 35.15410176531672)	(155, 35.47105111341872)	(160, 33.588450444213684)	(165, 33.220306911272644)	(170, 34.995627091265725)	(175, 34.243752163378325)	(180, 35.324875966308994)	(185, 32.886627437406254)	(190, 33.66769355024807)	(195, 32.423191415714776)	(200, 31.799226952809512)	(205, 31.56593977154725)	(210, 34.09334256374755)	(215, 31.95050190377293)	(220, 30.9932502596054)	(225, 31.825960539979228)	(230, 27.580166147455866)	(235, 28.67878158532364)	(240, 27.839033114110997)	(245, 30.409587277753324)	(250, 22.884095050012043)
SRR37700611_1	(1, 33.2689693749126)	(2, 33.0169486785065)	(3, 33.47064746189344)	(4, 33.5649839183331)	(5, 33.35572647182212)	(6, 36.716011746608864)	(7, 36.44147671654314)	(8, 33.46071878059013)	(9, 35.735617396168365)	(10, 35.873058313522584)	(15, 37.73713886169766)	(20, 37.799211299119)	(25, 37.77932037477276)	(30, 38.61882254230178)	(35, 38.00908404418963)	(40, 38.243009369318976)	(45, 37.402992588449166)	(50, 37.62957907984897)	(55, 36.74430988672913)	(60, 37.606706754300106)	(65, 37.768217032582854)	(70, 37.84509579079849)	(75, 37.87842819186128)	(80, 37.01214375611803)	(85, 37.821289330163616)	(90, 37.184656691371835)	(95, 36.77085162914278)	(100, 37.21314501468326)	(105, 36.66051741015242)	(110, 37.31643686197735)	(115, 36.95493777094113)	(120, 36.77660746748707)	(125, 36.78317438120543)	(130, 36.51713606488603)	(135, 35.99862396867571)	(140, 36.59433925325129)	(145, 36.862083624667875)	(150, 36.712963221927005)	(155, 35.94364983918333)	(160, 35.964693049923085)	(165, 35.62178156901133)	(170, 35.558780590127256)	(175, 35.52602992588449)	(180, 35.66414207803105)	(185, 35.60931897636694)	(190, 35.187945741854286)	(195, 34.696618654733605)	(200, 33.89304432946441)	(205, 34.93331282338134)	(210, 34.01862117186407)	(215, 34.622894700041954)	(220, 34.043557544399384)	(225, 33.71431128513495)	(230, 33.05927003216334)	(235, 33.14380646063488)	(240, 33.690051741015246)	(245, 32.25727988162198)	(250, 28.786366376726157)
SRR37700611_2	(1, 32.348846315200674)	(2, 32.660187386379526)	(3, 32.46301216613061)	(4, 32.57471682282198)	(5, 32.53698783386939)	(6, 36.71520067123479)	(7, 36.048021255768425)	(8, 32.74453922528318)	(9, 34.283009369318975)	(10, 35.6283093273668)	(15, 36.642673751922814)	(20, 36.702195497133275)	(25, 37.152538106558524)	(30, 37.88598517689834)	(35, 37.59273388337295)	(40, 36.32704796531954)	(45, 36.89437001817927)	(50, 36.66597119284016)	(55, 36.99339952454203)	(60, 36.459711928401624)	(65, 36.95468046427074)	(70, 37.76740595720878)	(75, 37.75207383582716)	(80, 38.21532652775836)	(85, 37.94389595860719)	(90, 37.70898056215914)	(95, 37.80912879317578)	(100, 37.5609900713187)	(105, 36.76912879317578)	(110, 37.759988812753456)	(115, 36.487327646483)	(120, 38.13254649699343)	(125, 36.65501328485526)	(130, 37.87462452803804)	(135, 35.22036078870089)	(140, 36.00924066564117)	(145, 37.180623688994544)	(150, 34.8666983638652)	(155, 35.83782408054818)	(160, 34.468801566214516)	(165, 34.31837784925185)	(170, 34.49271430569151)	(175, 34.12536428471543)	(180, 35.57850929939868)	(185, 33.344679065864916)	(190, 34.16722136764089)	(195, 33.33599776255069)	(200, 32.78746469025312)	(205, 31.273371556425673)	(210, 33.71511676688575)	(215, 31.846147391973155)	(220, 30.531768983358972)	(225, 31.504265137742976)	(230, 27.556369738498113)	(235, 28.52479932876521)	(240, 29.33371556425675)	(245, 30.69323995973239)	(250, 23.08187428711016)
SRR37700612_1	(1, 33.10893111344928)	(2, 33.082549359410784)	(3, 33.471281797363375)	(4, 33.46560314414805)	(5, 33.19284211177818)	(6, 35.65668131460048)	(7, 35.2881568360463)	(8, 33.55373831775701)	(9, 34.59956984588723)	(10, 35.91319861360402)	(15, 37.67051432815498)	(20, 37.81209692393391)	(25, 37.757312619917066)	(30, 38.61752800643684)	(35, 37.90132140867735)	(40, 38.298576468403795)	(45, 37.443052546883706)	(50, 37.6987714303398)	(55, 36.73944110911679)	(60, 37.69897567617751)	(65, 37.52472303026552)	(70, 37.923432567927215)	(75, 37.924026737636936)	(80, 37.13009840935817)	(85, 37.92871820263663)	(90, 37.476808813517366)	(95, 37.03695302345733)	(100, 37.20797177693879)	(105, 36.944182088258955)	(110, 37.2466577953828)	(115, 37.09770687627654)	(120, 36.81394751500897)	(125, 36.601318314043446)	(130, 36.19725505972643)	(135, 35.98735532586495)	(140, 36.53386457882033)	(145, 36.80449650306369)	(150, 36.40934269975862)	(155, 35.870359596459735)	(160, 36.1011604877143)	(165, 35.58287120133688)	(170, 35.427916692455284)	(175, 35.19655876709785)	(180, 35.31110354645046)	(185, 35.233846011016894)	(190, 34.88505910750759)	(195, 34.44800086649749)	(200, 34.0702698520765)	(205, 34.71863588537476)	(210, 33.755759113696854)	(215, 34.34024571393204)	(220, 33.87299312991273)	(225, 33.568038621031135)	(230, 32.961710094695796)	(235, 32.55839574178375)	(240, 32.89376431268181)	(245, 33.032796031025974)	(250, 29.87776372537072)
SRR37700612_2	(1, 33.050875781395064)	(2, 33.073652286934454)	(3, 32.94853623816302)	(4, 32.53035835860618)	(5, 32.89069753048214)	(6, 36.806337810237046)	(7, 36.37499226341524)	(8, 34.62500773658476)	(9, 35.04552206473974)	(10, 36.52811165439128)	(15, 36.896014111530604)	(20, 36.932311072600115)	(25, 37.28437828804853)	(30, 38.01888964535495)	(35, 37.874447607848)	(40, 36.795785108621644)	(45, 37.21623754409853)	(50, 37.01300984093582)	(55, 37.650371356068575)	(60, 36.81552887293434)	(65, 36.85977594850529)	(70, 37.924237172742465)	(75, 37.9545645850096)	(80, 38.30594169709723)	(85, 37.935226217738446)	(90, 38.09676610756948)	(95, 37.91727734109055)	(100, 37.71266324193847)	(105, 37.13257411648202)	(110, 38.22534814631429)	(115, 36.26212477563904)	(120, 37.42635390233336)	(125, 36.40340100266138)	(130, 37.93061211858636)	(135, 36.188884075013924)	(140, 36.89674135049823)	(145, 37.392845206412076)	(150, 36.18614841864208)	(155, 36.519332178003346)	(160, 35.313789688679826)	(165, 35.26248994243981)	(170, 36.03489818654453)	(175, 35.640208578325186)	(180, 36.27450021662437)	(185, 34.40938292999938)	(190, 35.3697592374822)	(195, 34.60184440180726)	(200, 33.676391037940206)	(205, 33.269978956489446)	(210, 35.234567060716714)	(215, 33.20937364609766)	(220, 32.765275112954136)	(225, 33.3247106517299)	(230, 29.587287243919047)	(235, 30.600123785356196)	(240, 29.128866745064055)	(245, 32.40289037802152)	(250, 23.981676279701993)
SRR37700613_1	(1, 33.14217097594202)	(2, 33.09981321011755)	(3, 33.48693173040462)	(4, 33.492409027709506)	(5, 33.21847394070475)	(6, 36.07109251014705)	(7, 35.737735769560274)	(8, 33.51073690715279)	(9, 34.86239343847872)	(10, 35.80835358060756)	(15, 37.70560229203826)	(20, 37.80078929258599)	(25, 37.72029830203783)	(30, 38.59682597643358)	(35, 37.93833125008778)	(40, 38.26832577279047)	(45, 37.43923430192548)	(50, 37.645495274075536)	(55, 36.79800851087735)	(60, 37.73431737426794)	(65, 37.67734224681544)	(70, 37.91970001263992)	(75, 37.93508981363145)	(80, 37.14507534794882)	(85, 37.913065460724965)	(90, 37.38386303947867)	(95, 36.912273359268575)	(100, 37.24197014170751)	(105, 37.05702568711992)	(110, 37.29422917573699)	(115, 36.95096274033398)	(120, 36.780146903922585)	(125, 36.734794882238106)	(130, 36.28874345182086)	(135, 36.03795064814685)	(140, 36.654607249694536)	(145, 36.77854584778731)	(150, 36.522421808069886)	(155, 35.90083002120697)	(160, 36.12252854514556)	(165, 35.530573150007726)	(170, 35.37909638638821)	(175, 35.2304144488294)	(180, 35.398300633400275)	(185, 35.32807606421078)	(190, 34.94930269792003)	(195, 34.41783351825064)	(200, 33.97899245818294)	(205, 34.73646054239288)	(210, 33.90907405586843)	(215, 34.3789390896451)	(220, 33.87588725194163)	(225, 33.659379520525825)	(230, 32.90404056008876)	(235, 32.76859121104448)	(240, 33.15055264525371)	(245, 32.829159965698345)	(250, 29.775293934837347)
SRR37700613_2	(1, 32.848700195216495)	(2, 32.887785627010096)	(3, 32.743522042610564)	(4, 31.87730854037049)	(5, 32.578121708354985)	(6, 36.63959383733832)	(7, 36.29639200595481)	(8, 34.19420530033847)	(9, 35.06869092594413)	(10, 36.36334985885426)	(15, 36.86942404112186)	(20, 36.829080235383344)	(25, 37.23047062623766)	(30, 37.96706037666952)	(35, 37.77393930031038)	(40, 36.76513910930719)	(45, 37.10611912419421)	(50, 36.90115304130444)	(55, 37.359330365293594)	(60, 36.52399758437144)	(65, 36.7736134713425)	(70, 37.81117649537238)	(75, 37.89168714801343)	(80, 38.22959425866888)	(85, 37.886855890903476)	(90, 37.929517014732525)	(95, 37.88737834080025)	(100, 37.600213474151374)	(105, 37.06519388228024)	(110, 38.136263921463986)	(115, 36.521362863924274)	(120, 37.73783969776555)	(125, 36.66661236183869)	(130, 37.91874780556999)	(135, 36.00913725545272)	(140, 36.676538909877394)	(145, 37.45459601421289)	(150, 36.17312191902026)	(155, 36.444073985646675)	(160, 35.18652865750038)	(165, 34.98442481356123)	(170, 35.78644158251759)	(175, 35.46053677513588)	(180, 36.12906478659607)	(185, 34.194904709071245)	(190, 35.23375419575018)	(195, 34.45150625675884)	(200, 33.80804741373257)	(205, 33.00771315815345)	(210, 35.01151075095151)	(215, 33.01186466862351)	(220, 32.23491706810106)	(225, 32.9912194710897)	(230, 29.257643638610734)	(235, 30.245194724941364)	(240, 29.527146328104152)	(245, 32.250206957647926)	(250, 23.840777528233644)
SRR37700614_1	(1, 33.16466841513675)	(2, 33.063881603596855)	(3, 33.4828212813788)	(4, 33.50747470962907)	(5, 33.246122143124765)	(6, 36.60127388535032)	(7, 36.237298613713)	(8, 33.4402023229674)	(9, 35.31813413263394)	(10, 35.80666916448108)	(15, 37.73695016860247)	(20, 37.79017234919446)	(25, 37.727407268639936)	(30, 38.59783439490446)	(35, 37.97697264893218)	(40, 38.2758261521169)	(45, 37.36355563881604)	(50, 37.62675533907831)	(55, 36.732225552641445)	(60, 37.4585275384039)	(65, 37.63762457849381)	(70, 37.76315848632447)	(75, 37.737515923566875)	(80, 36.94954664668414)	(85, 37.87626826526789)	(90, 37.22156987635819)	(95, 36.73114275009367)	(100, 36.99628325215436)	(105, 36.87369052079431)	(110, 37.03771075309105)	(115, 36.790063694267516)	(120, 36.257096290745594)	(125, 36.48531659797677)	(130, 36.2696965155489)	(135, 35.6656050955414)	(140, 36.391768452603976)	(145, 36.6756050955414)	(150, 36.32744848257774)	(155, 35.54263019857625)	(160, 35.77784563506932)	(165, 35.03790183589359)	(170, 34.94717122517797)	(175, 34.91091794679655)	(180, 35.1382053203447)	(185, 35.02825028100412)	(190, 34.5331847133758)	(195, 34.07055076807793)	(200, 33.36925065567628)	(205, 34.36066316972649)	(210, 33.5134469838891)	(215, 33.96334207568377)	(220, 33.25902959910079)	(225, 33.1180442113151)	(230, 32.40548145372799)	(235, 32.24101536155864)	(240, 33.081790932933686)	(245, 32.06173383000386)	(250, 28.527113737284083)
SRR37700614_2	(1, 32.85751217684526)	(2, 32.961895841139004)	(3, 32.82542150618209)	(4, 32.371168977145)	(5, 32.87965530161109)	(6, 36.879486699138255)	(7, 36.28106032221806)	(8, 34.24237542150618)	(9, 35.20700636942675)	(10, 36.28684900711877)	(15, 37.08105282877482)	(20, 36.92691644810791)	(25, 37.380033720494566)	(30, 38.01480704383664)	(35, 37.83704758336455)	(40, 36.979025852379166)	(45, 37.12053203446984)	(50, 36.94100412139378)	(55, 37.21727613338329)	(60, 36.710771824653435)	(65, 37.07168227800675)	(70, 37.831330086174596)	(75, 37.999396777819406)	(80, 38.30536530535782)	(85, 38.01167853128512)	(90, 37.80970026227051)	(95, 37.85089171974522)	(100, 37.496137130011235)	(105, 37.32758336455601)	(110, 38.100385912326715)	(115, 36.877560884226305)	(120, 37.989763956538035)	(125, 37.06165230423379)	(130, 37.994964406144625)	(135, 36.008980891719744)	(140, 36.76955414012739)	(145, 37.73402772573998)	(150, 36.273237167478456)	(155, 36.52298613713001)	(160, 35.457193705507684)	(165, 35.375713750468336)	(170, 36.00646309479206)	(175, 35.73709254402398)	(180, 36.36719370550769)	(185, 34.778924690895465)	(190, 35.57148744848258)	(195, 34.89373173473211)	(200, 34.158902210565756)	(205, 33.15382165605096)	(210, 34.98311352566505)	(215, 33.339273136006)	(220, 32.18779318096665)	(225, 33.04991007868115)	(230, 29.321528662420384)	(235, 30.368737354814538)	(240, 30.38374297489697)	(245, 32.5053681984138)	(250, 24.26315988306469)
SRR37700615_1	(1, 33.18300368756286)	(2, 33.09755279919544)	(3, 33.49580958766342)	(4, 33.50224606101241)	(5, 33.23514917867918)	(6, 36.20248072410325)	(7, 35.83095876634261)	(8, 33.4759973181361)	(9, 35.058799865906806)	(10, 35.8988769694938)	(15, 37.70225276567214)	(20, 37.82747234327858)	(25, 37.776312437143815)	(30, 38.633563526651024)	(35, 37.94329869259135)	(40, 38.29248407643312)	(45, 37.4415923566879)	(50, 37.64196111297351)	(55, 36.73789138451223)	(60, 37.64602748910493)	(65, 37.620046932618166)	(70, 37.892061682869596)	(75, 37.877247737177335)	(80, 37.06579282601409)	(85, 37.893757961783436)	(90, 37.41458263493128)	(95, 36.93246061012403)	(100, 37.07353670801207)	(105, 36.870100569896074)	(110, 37.22534026148173)	(115, 36.97850821320818)	(120, 36.623328863560175)	(125, 36.59726449882669)	(130, 36.20196446530339)	(135, 35.99088501508548)	(140, 36.461592356687895)	(145, 36.701314113308754)	(150, 36.364770365403956)	(155, 35.73252430439155)	(160, 35.99147167281261)	(165, 35.32587663426081)	(170, 35.216724773717736)	(175, 35.10752933288636)	(180, 35.24563191418035)	(185, 35.195856520281595)	(190, 34.85644988266846)	(195, 34.416909151860544)	(200, 33.908360710693934)	(205, 34.64253436138116)	(210, 33.730841434797185)	(215, 34.24053302044921)	(220, 33.705175997318136)	(225, 33.47469661414683)	(230, 32.78202480724103)	(235, 32.572648340596714)	(240, 33.06389540730808)	(245, 32.60367794995151)	(250, 29.258613642482715)
SRR37700615_2	(1, 32.80514582634931)	(2, 32.87480724103252)	(3, 32.59582634931277)	(4, 32.40385517934965)	(5, 32.987177338250085)	(6, 36.92701977874623)	(7, 36.3750921890714)	(8, 34.56895742541066)	(9, 35.07695273214885)	(10, 36.35859202145491)	(15, 36.9391384512236)	(20, 36.95431780087161)	(25, 37.38744887696949)	(30, 38.00817633255112)	(35, 37.8695306738183)	(40, 36.86513241702984)	(45, 37.28675159235669)	(50, 37.115920214549114)	(55, 37.44933623868589)	(60, 36.73901106268857)	(65, 37.07131076097888)	(70, 37.96392893060677)	(75, 38.045665437479045)	(80, 38.38342272879651)	(85, 38.03636607442172)	(90, 38.04016761649346)	(95, 37.94180690579954)	(100, 37.74142474019444)	(105, 37.20534026148173)	(110, 38.20136775058666)	(115, 36.59408649011063)	(120, 37.84459269192088)	(125, 36.68654374790479)	(130, 37.95976533690915)	(135, 36.184592691920884)	(140, 36.784854173650686)	(145, 37.56038551793496)	(150, 36.11040563191418)	(155, 36.514961448206506)	(160, 35.291206838752935)	(165, 35.26213543412672)	(170, 36.01268521622528)	(175, 35.61448541736507)	(180, 36.10377137110292)	(185, 34.38524304391552)	(190, 35.23640965471002)	(195, 34.470965471002344)	(200, 33.646174991619176)	(205, 32.992172309755276)	(210, 34.9619845792826)	(215, 33.097666778410996)	(220, 32.42309084813946)	(225, 33.1171873952397)	(230, 29.250429098223265)	(235, 30.15351659403285)	(240, 29.62938652363393)	(245, 32.45392920737328)	(250, 23.91710321352129)
SRR37700616_1	(1, 33.20201061040811)	(2, 33.36288008587412)	(3, 33.54340152343992)	(4, 33.61802530809405)	(5, 33.377825485622274)	(6, 36.40115186920711)	(7, 36.2059121028838)	(8, 33.649505604524904)	(9, 35.205870817249135)	(10, 35.85182585719299)	(15, 37.7487149846211)	(20, 37.81610139751873)	(25, 37.74248498235039)	(30, 38.60388084965836)	(35, 37.956596412278344)	(40, 38.284730508019734)	(45, 37.39182957290011)	(50, 37.64264393204384)	(55, 36.75671614061887)	(60, 37.49071692504593)	(65, 37.54419833618893)	(70, 37.697941911112025)	(75, 37.72130545176806)	(80, 36.910550543938236)	(85, 37.83327622153871)	(90, 37.18567801333526)	(95, 36.69321470594307)	(100, 36.85195384266044)	(105, 36.85777098858453)	(110, 36.87111037714427)	(115, 36.79443469644737)	(120, 36.189579505810954)	(125, 36.430221084573624)	(130, 36.19555766571021)	(135, 35.75174122164193)	(140, 36.42429659599942)	(145, 36.594058997171935)	(150, 36.213611873748526)	(155, 35.50820964845282)	(160, 35.824837437813514)	(165, 34.93841421877258)	(170, 34.85623929153851)	(175, 34.87453295625787)	(180, 35.00811262721136)	(185, 34.9390128604752)	(190, 34.48483785066985)	(195, 34.029552257292075)	(200, 33.481365728794664)	(205, 34.32050863901905)	(210, 33.59913713023553)	(215, 33.85014140329872)	(220, 33.12056231034411)	(225, 33.10993125941828)	(230, 32.39776231860124)	(235, 32.11544702020932)	(240, 32.85922011436121)	(245, 32.20483654548359)	(250, 28.846439594233182)
SRR37700616_2	(1, 32.967776562145204)	(2, 32.95272794831038)	(3, 32.838511240014036)	(4, 32.26616848667506)	(5, 32.78628491216481)	(6, 36.774869434180374)	(7, 36.22663749148484)	(8, 34.68205932745701)	(9, 35.19319612740747)	(10, 36.35178250727659)	(15, 36.953669260780714)	(20, 36.75378898912124)	(25, 37.16884586008298)	(30, 37.9152282063456)	(35, 37.818925334929716)	(40, 36.85929029994013)	(45, 37.12652808455298)	(50, 36.775913960737356)	(55, 37.22310344115765)	(60, 36.71482773568937)	(65, 36.909964287926016)	(70, 37.777330058006314)	(75, 37.87452469913094)	(80, 38.22724439031439)	(85, 37.92784096773528)	(90, 37.83228123774333)	(95, 37.74617178952584)	(100, 37.51856408562641)	(105, 36.974283178168164)	(110, 37.996560906632546)	(115, 36.616369754144046)	(120, 37.82012261833495)	(125, 36.82229011415478)	(130, 37.95108065148732)	(135, 35.8673038416283)	(140, 36.618343207480955)	(145, 37.60799702743431)	(150, 36.14801312883182)	(155, 36.20712177197944)	(160, 35.10191771773011)	(165, 34.86474413227917)	(170, 35.71527362054373)	(175, 35.589604277191754)	(180, 35.96425489750841)	(185, 34.37545981875606)	(190, 35.224948909027106)	(195, 34.50027867803398)	(200, 33.64084387837253)	(205, 32.72641248477591)	(210, 34.79844766013665)	(215, 32.70809404867576)	(220, 32.02769853229569)	(225, 32.845488512272155)	(230, 28.61409078711062)	(235, 29.60006605701546)	(240, 29.143752451334556)	(245, 32.01569404575288)	(250, 23.735332077991586)
SRR37700617_1	(1, 33.192346369736526)	(2, 33.383760261825095)	(3, 33.5472363922257)	(4, 33.61062658841168)	(5, 33.35231199605068)	(6, 35.80867752728869)	(7, 35.59459162964182)	(8, 33.69725559029492)	(9, 34.54807745049641)	(10, 35.80649077578484)	(15, 37.7404384473333)	(20, 37.812235569451296)	(25, 37.74118808622676)	(30, 38.59299727570256)	(35, 37.904836085056594)	(40, 38.305450423271715)	(45, 37.42841679922476)	(50, 37.653012268480424)	(55, 36.83589490428391)	(60, 37.634351745195914)	(65, 37.654840656025456)	(70, 37.99688077084819)	(75, 37.94077121386649)	(80, 37.15592123306456)	(85, 37.94965352056022)	(90, 37.483081930045884)	(95, 37.109096228036506)	(100, 37.39162598504379)	(105, 37.16919166986635)	(110, 37.3291207284296)	(115, 37.10974347722743)	(120, 36.906894849432284)	(125, 36.65935311648657)	(130, 36.26333900133472)	(135, 36.08536010092699)	(140, 36.59748413873805)	(145, 36.95769842575832)	(150, 36.57227067449217)	(155, 35.989819538149305)	(160, 36.19002797432944)	(165, 35.679673815661964)	(170, 35.48492128791619)	(175, 35.300243175543486)	(180, 35.449176311410966)	(185, 35.39575814089555)	(190, 35.00278280584352)	(195, 34.47845976633208)	(200, 33.95822865814638)	(205, 34.79726473223265)	(210, 33.83400069478727)	(215, 34.38054595652095)	(220, 33.884723822061325)	(225, 33.68456658073245)	(230, 32.97548132302123)	(235, 32.67704459437222)	(240, 33.15635638930028)	(245, 33.22964858299109)	(250, 30.03688837573486)
SRR37700617_2	(1, 32.81635675497778)	(2, 32.830691313330775)	(3, 32.76459510357815)	(4, 31.75739125665076)	(5, 32.59391512625016)	(6, 36.688351342950654)	(7, 36.361106540142245)	(8, 34.687236026548184)	(9, 35.225549887554166)	(10, 36.58626149598669)	(15, 36.86615837492915)	(20, 36.67219205382773)	(25, 36.847852558828365)	(30, 37.81160660413581)	(35, 37.72972409631946)	(40, 36.58509132795787)	(45, 36.92752271771525)	(50, 36.67402409814785)	(55, 37.416579818258285)	(60, 36.462706379244146)	(65, 36.66871811749219)	(70, 37.75074689631215)	(75, 37.87652898908452)	(80, 38.202969301373116)	(85, 37.883074616495705)	(90, 37.98508767118278)	(95, 37.816451831130124)	(100, 37.58828369261148)	(105, 36.85416049585869)	(110, 38.13822609840382)	(115, 36.01497815076884)	(120, 37.42977711955826)	(125, 36.172932550783464)	(130, 37.825275629422414)	(135, 35.91969356224745)	(140, 36.60751832958514)	(145, 37.33304079132613)	(150, 36.254336021063025)	(155, 36.36481085330847)	(160, 35.01236355657945)	(165, 34.77972318212568)	(170, 35.76912584791472)	(175, 35.30666447260162)	(180, 36.17506810743605)	(185, 34.15201579726839)	(190, 35.136836523869604)	(195, 34.35903314866619)	(200, 33.39715868575503)	(205, 32.96317261806813)	(210, 35.10493116120893)	(215, 32.99806190920227)	(220, 32.20382864351929)	(225, 33.01193205711883)	(230, 29.029927047336958)	(235, 30.199689174117346)	(240, 28.97833726436655)	(245, 32.02433716928912)	(250, 23.68913529684843)
SRR37700618_1	(1, 33.26626230661041)	(2, 33.25852672292546)	(3, 33.561708860759495)	(4, 33.630157055789965)	(5, 33.12289029535865)	(6, 35.44066455696203)	(7, 35.13340951711205)	(8, 33.48230192217534)	(9, 34.66341420534459)	(10, 35.86765705578996)	(15, 37.64089310829817)	(20, 37.78851969057665)	(25, 37.69932020628223)	(30, 38.60611228316924)	(35, 37.89657759024848)	(40, 38.227408579465546)	(45, 37.49911509610877)	(50, 37.69283286451008)	(55, 36.7668190342241)	(60, 37.58135255508674)	(65, 37.394315518049694)	(70, 37.72907290201594)	(75, 37.858620487576175)	(80, 36.933438818565406)	(85, 37.55771800281294)	(90, 37.004430379746836)	(95, 36.765512189404596)	(100, 36.8955227379278)	(105, 36.61404125644632)	(110, 37.050621190811064)	(115, 36.79483708391937)	(120, 36.73858415377403)	(125, 36.50385021097046)	(130, 35.878445850914204)	(135, 35.793055555555554)	(140, 36.33914674167839)	(145, 36.41343764650726)	(150, 36.20262541022034)	(155, 35.6730778246601)	(160, 35.73513830285982)	(165, 35.32047585560244)	(170, 35.30978082512893)	(175, 34.808696671354895)	(180, 35.05512775433662)	(185, 35.01364275668074)	(190, 34.731627988748244)	(195, 34.08164556962025)	(200, 34.06774496015002)	(205, 34.4214545241444)	(210, 33.70013478668542)	(215, 34.22454289732771)	(220, 33.716397093295825)	(225, 33.5778715424285)	(230, 33.04910337552743)	(235, 32.76204875761837)	(240, 32.95939404594468)	(245, 32.516222508339766)	(250, 29.623667940126865)
SRR37700618_2	(1, 32.968442334739805)	(2, 33.052625410220344)	(3, 32.84262189404595)	(4, 32.93855485232068)	(5, 32.88812705110173)	(6, 36.85082630098453)	(7, 36.219790201594)	(8, 33.48467533989686)	(9, 34.159341303328645)	(10, 35.96550632911392)	(15, 36.895247304266285)	(20, 37.094831223628695)	(25, 37.42415025785279)	(30, 38.116965541490856)	(35, 37.944796061884674)	(40, 37.112283169245195)	(45, 37.53335091420534)	(50, 37.39457923112987)	(55, 37.83006329113924)	(60, 36.88299343647445)	(65, 36.982712142522274)	(70, 37.98819151429912)	(75, 37.96364275668073)	(80, 38.37992850445382)	(85, 37.96302156586967)	(90, 38.19934364744492)	(95, 38.065400843881854)	(100, 37.83816221284576)	(105, 36.74038912330052)	(110, 38.29963666197843)	(115, 36.34093999062353)	(120, 37.33252461322082)	(125, 36.50400843881856)	(130, 37.99941397093296)	(135, 36.33287623066104)	(140, 36.608766994842945)	(145, 37.104395218002814)	(150, 35.93475152367557)	(155, 36.38694327238632)	(160, 35.322737927801214)	(165, 34.744772620721996)	(170, 35.46211322081576)	(175, 35.41111111111111)	(180, 35.988795124238166)	(185, 34.0360935302391)	(190, 34.79745663384904)	(195, 34.35375058602907)	(200, 33.6652133145804)	(205, 32.948851383028604)	(210, 35.018284106891706)	(215, 32.951605719643695)	(220, 32.7740506329114)	(225, 33.11912212845757)	(230, 29.547562119081107)	(235, 30.271800281293952)	(240, 29.119086966713546)	(245, 32.45594259254137)	(250, 23.703918348390715)
SRR37700619_1	(1, 33.245986043345056)	(2, 33.38777941677068)	(3, 33.560365369340744)	(4, 33.61762453194145)	(5, 33.36324180188358)	(6, 36.161664586406445)	(7, 35.9301599909225)	(8, 33.727703392715306)	(9, 35.05120276863724)	(10, 35.88654260751163)	(15, 37.730372744808804)	(20, 37.84986667423125)	(25, 37.74289685691592)	(30, 38.59864404856462)	(35, 37.93712697151934)	(40, 38.26242766367866)	(45, 37.43891126744582)	(50, 37.638891410416434)	(55, 36.87090094179054)	(60, 37.75680528764325)	(65, 37.64046011573812)	(70, 37.92283558379666)	(75, 37.91715079995461)	(80, 37.068728015431745)	(85, 37.910285941223194)	(90, 37.409505843640076)	(95, 36.82040451605583)	(100, 37.163031884715764)	(105, 37.05080279133099)	(110, 37.1822421422898)	(115, 36.94686258935663)	(120, 36.673944740723925)	(125, 36.65999375921934)	(130, 36.191268580506076)	(135, 36.03259105866334)	(140, 36.62050947463973)	(145, 36.82454896176104)	(150, 36.46494950641098)	(155, 35.833388176557364)	(160, 36.08283217973449)	(165, 35.419598888006355)	(170, 35.26501475093612)	(175, 35.190471462612045)	(180, 35.30653579938727)	(185, 35.286931237943946)	(190, 34.826389992057194)	(195, 34.374092250085106)	(200, 33.95273743333711)	(205, 34.64399466696925)	(210, 33.81604164302735)	(215, 34.33623624191535)	(220, 33.72062010666061)	(225, 33.59771076818337)	(230, 32.818118120957685)	(235, 32.60737546805855)	(240, 33.031958470441396)	(245, 32.85770441079435)	(250, 29.86106045928072)
SRR37700619_2	(1, 32.72859695903779)	(2, 32.837342562124135)	(3, 32.68753545898105)	(4, 32.25833995234313)	(5, 32.81408147055486)	(6, 36.87104277771474)	(7, 36.30775558833541)	(8, 34.38237546805855)	(9, 35.26082208101668)	(10, 36.50794564847384)	(15, 36.83970271190287)	(20, 36.76614943832974)	(25, 37.18111312833314)	(30, 37.95945194598888)	(35, 37.85730738681493)	(40, 36.87887212073074)	(45, 37.15009361170998)	(50, 36.86337229093384)	(55, 37.36733234993759)	(60, 36.57077328945875)	(65, 36.84451094973335)	(70, 37.82954158629298)	(75, 37.969125156019516)	(80, 38.30013616248724)	(85, 37.937305684783844)	(90, 38.00098150459549)	(95, 37.855316010439125)	(100, 37.64262736865993)	(105, 37.04462441847271)	(110, 38.118398956087596)	(115, 36.306944286848974)	(120, 37.74801429706116)	(125, 36.639577896289566)	(130, 37.97577726086463)	(135, 36.11203619652785)	(140, 36.734965392034496)	(145, 37.44206002496312)	(150, 36.198229887665946)	(155, 36.295279700442535)	(160, 35.01301770112334)	(165, 34.82155622376036)	(170, 35.754842278452294)	(175, 35.35948031317372)	(180, 36.03608022239873)	(185, 34.28739078633836)	(190, 35.16363043231589)	(195, 34.32722682400998)	(200, 33.74404856462045)	(205, 32.835850448201526)	(210, 35.007619425848176)	(215, 32.859029274934755)	(220, 32.25809032111653)	(225, 32.99041189152389)	(230, 29.03238965165097)	(235, 30.02658572563259)	(240, 28.792425961647563)	(245, 32.03809725917869)	(250, 23.642439983582353)
SRR37700620_1	(1, 33.1773524373459)	(2, 33.38087552356151)	(3, 33.573348120129516)	(4, 33.64080957709103)	(5, 33.38899505896565)	(6, 36.368280341812635)	(7, 36.200760463803704)	(8, 33.720638472735196)	(9, 35.16338089532731)	(10, 35.82312285253141)	(15, 37.76193918269945)	(20, 37.80068322919864)	(25, 37.71572714400294)	(30, 38.59572041072967)	(35, 37.968319949302405)	(40, 38.30082878672357)	(45, 37.42265350377757)	(50, 37.63404857858621)	(55, 36.71728371835114)	(60, 37.48053390896219)	(65, 37.59615213236823)	(70, 37.78212513986395)	(75, 37.81454981136933)	(80, 36.95766553455258)	(85, 37.85544454456338)	(90, 37.30081492410215)	(95, 36.74321474190769)	(100, 36.967098058242826)	(105, 36.96611183174739)	(110, 36.97584339198543)	(115, 36.79594617342139)	(120, 36.332388034577335)	(125, 36.428972878771376)	(130, 36.145187194898554)	(135, 35.77451059995445)	(140, 36.412468437781584)	(145, 36.63007792773614)	(150, 36.226638017249066)	(155, 35.63061064847362)	(160, 35.919341327445025)	(165, 35.16119258151717)	(170, 35.05120456278282)	(175, 35.02413878464417)	(180, 35.19641750254973)	(185, 35.09180818092701)	(190, 34.649402421998005)	(195, 34.19095364933509)	(200, 33.68601954629621)	(205, 34.555261359923165)	(210, 33.697242328524325)	(215, 34.00477666326702)	(220, 33.41692428038142)	(225, 33.336536919131404)	(230, 32.596575932508834)	(235, 32.348482538047946)	(240, 33.10513412086226)	(245, 32.495246198769884)	(250, 29.168899611635094)
SRR37700620_2	(1, 32.6484637244903)	(2, 32.7762374865087)	(3, 32.48184491687378)	(4, 32.22682219207652)	(5, 32.892218118446195)	(6, 36.89703042845402)	(7, 36.2276044399996)	(8, 35.115802398233505)	(9, 35.449673733302966)	(10, 36.463488825736945)	(15, 36.96278876335515)	(20, 36.82077214801319)	(25, 37.11160994544069)	(30, 37.90684120367162)	(35, 37.787442445366416)	(40, 36.63581507263024)	(45, 37.14640710558366)	(50, 36.79780178431742)	(55, 37.246823974413566)	(60, 36.61000881266648)	(65, 36.923238704439015)	(70, 37.826180550742144)	(75, 37.901272390609066)	(80, 38.18951985820519)	(85, 37.91597865156301)	(90, 37.87478884257013)	(95, 37.80978701072373)	(100, 37.56419878999119)	(105, 36.89375092830054)	(110, 38.03238506401561)	(115, 36.5384162945213)	(120, 37.872089592141876)	(125, 36.58782465764276)	(130, 37.867978334703096)	(135, 35.785012525868645)	(140, 36.49594518323415)	(145, 37.393718252121474)	(150, 36.09596300660455)	(155, 36.16404234040657)	(160, 34.843837569684425)	(165, 34.60291907199652)	(170, 35.811765404838056)	(175, 35.24038775732491)	(180, 35.802645780317064)	(185, 34.20218831381014)	(190, 34.95970333990157)	(195, 34.228887722668354)	(200, 33.39303502292284)	(205, 32.546888336584445)	(210, 34.62819261122278)	(215, 32.76988444514858)	(220, 31.84077194997574)	(225, 32.58247170539949)	(230, 28.53764196809617)	(235, 29.660916319275977)	(240, 29.408592844906973)	(245, 31.845782940485073)	(250, 23.466538052572297)
SRR37700621_1	(1, 33.21439603918498)	(2, 33.383069208471746)	(3, 33.57125023802975)	(4, 33.63618475340118)	(5, 33.36083194041851)	(6, 36.09224975139115)	(7, 35.86008082432347)	(8, 33.6861815796712)	(9, 34.91966231513023)	(10, 35.86889533038529)	(15, 37.74111672978863)	(20, 37.833992763895644)	(25, 37.79506167615259)	(30, 38.615200050779684)	(35, 37.92562469585088)	(40, 38.29694264012018)	(45, 37.42689630366248)	(50, 37.657719569219054)	(55, 36.44850305735988)	(60, 37.196800880181115)	(65, 37.13245879440577)	(70, 37.45796077269746)	(75, 37.54935573281425)	(80, 36.53836193216681)	(85, 37.48040115946935)	(90, 36.62701902122167)	(95, 36.42964263800435)	(100, 36.88891521909316)	(105, 36.64051372109261)	(110, 36.8382582569875)	(115, 36.25521866999556)	(120, 36.305735987982146)	(125, 36.15882614307175)	(130, 35.88051964538857)	(135, 35.33965258235829)	(140, 36.07699892093181)	(145, 36.313259843852485)	(150, 36.06163383619322)	(155, 35.44561707889892)	(160, 35.55026976704822)	(165, 35.09435287645728)	(170, 34.940181537354796)	(175, 34.54822165330174)	(180, 34.8400905570954)	(185, 34.90057338721621)	(190, 34.59592493070689)	(195, 33.91957345069081)	(200, 33.253111313289466)	(205, 34.15720965660242)	(210, 32.93665658125806)	(215, 33.90320546727885)	(220, 33.350819880244586)	(225, 32.99730867697777)	(230, 32.25785498169815)	(235, 32.21208133212026)	(240, 32.92061866576391)	(245, 31.918343544474236)	(250, 28.797754432863666)
SRR37700621_2	(1, 32.75799250999725)	(2, 32.877176649810636)	(3, 32.753549288026576)	(4, 32.31950997609123)	(5, 32.8669995556778)	(6, 36.82883016312972)	(7, 36.31098322154751)	(8, 34.56299854008421)	(9, 34.70846116412416)	(10, 36.09326957662442)	(15, 36.83229164462688)	(20, 36.80602585532022)	(25, 37.201718045828656)	(30, 37.94300827285615)	(35, 37.76830924824916)	(40, 36.672454139601804)	(45, 37.16865624272687)	(50, 36.93727016905402)	(55, 37.442671857478366)	(60, 36.65036921058756)	(65, 36.94879715633794)	(70, 37.88816621881811)	(75, 37.87316505511711)	(80, 38.28584304847344)	(85, 37.91960307217062)	(90, 37.9363772930199)	(95, 37.8823180923767)	(100, 37.708186107525975)	(105, 36.87443031546876)	(110, 38.03338763937964)	(115, 36.40757040391004)	(120, 37.73765524829147)	(125, 36.43612974208154)	(130, 37.9157734379959)	(135, 35.82944375092568)	(140, 36.33032181621988)	(145, 37.21659649197046)	(150, 35.96417070435648)	(155, 36.499430844423756)	(160, 35.066995324037826)	(165, 34.88792501533969)	(170, 35.506908152254404)	(175, 34.941298690307434)	(180, 36.21621564437298)	(185, 34.18827835727736)	(190, 34.978625986501065)	(195, 34.029697649324)	(200, 33.289359541290224)	(205, 32.748069314262736)	(210, 34.63684912087679)	(215, 33.06003850792374)	(220, 32.128214459513785)	(225, 32.95236019719442)	(230, 29.198920931807123)	(235, 30.178647144700925)	(240, 29.861371474514947)	(245, 31.93954049988259)	(250, 23.781752697060384)
SRR37700622_1	(1, 33.10709979171995)	(2, 32.93561588774802)	(3, 33.38310739211459)	(4, 33.45969598421456)	(5, 33.21845653524318)	(6, 35.64269010121679)	(7, 35.32261482807761)	(8, 33.469178207329996)	(9, 34.88133518471152)	(10, 35.91867943143201)	(15, 37.68554098001242)	(20, 37.82482551978661)	(25, 37.732513611283665)	(30, 38.62946614535755)	(35, 37.9170424233566)	(40, 38.254255124785324)	(45, 37.47580662842109)	(50, 37.70859429239595)	(55, 36.73017868235466)	(60, 37.739595132824206)	(65, 37.43374867541199)	(70, 37.852735045858154)	(75, 37.86041217524755)	(80, 37.097522563671575)	(85, 37.81534695070705)	(90, 37.26169839587824)	(95, 36.93962071107538)	(100, 36.83814082654292)	(105, 36.6847663244053)	(110, 36.98968831073921)	(115, 36.65980925932693)	(120, 36.510264186794316)	(125, 36.38629371140425)	(130, 35.938564694705306)	(135, 35.99309752621771)	(140, 36.40560894507984)	(145, 36.42630175028319)	(150, 36.24114444403843)	(155, 35.623301786823546)	(160, 35.80165162421895)	(165, 35.150842255270945)	(170, 35.09249826433295)	(175, 34.83985091533599)	(180, 35.08425110534586)	(185, 34.985621368801844)	(190, 34.74181678664085)	(195, 34.247919026564844)	(200, 34.00616070449812)	(205, 34.32836628055688)	(210, 33.77655205174115)	(215, 34.14802499360543)	(220, 33.67950451273431)	(225, 33.47245222348083)	(230, 33.01017283589725)	(235, 32.51443709577228)	(240, 32.79350677823656)	(245, 32.53310510315045)	(250, 29.092552907574124)
SRR37700622_2	(1, 32.56411005956078)	(2, 32.99479299886725)	(3, 32.822176343771694)	(4, 32.460006577264586)	(5, 32.981729820586835)	(6, 36.82323601417766)	(7, 36.3191252238097)	(8, 34.41056747177257)	(9, 34.53454890927029)	(10, 36.18048744838674)	(15, 36.75496766178244)	(20, 36.78418533269997)	(25, 37.03992034201776)	(30, 37.97221836518434)	(35, 37.73244783863778)	(40, 36.68718895019549)	(45, 37.0840318631929)	(50, 36.92533343077429)	(55, 37.55417473599591)	(60, 36.61153579128147)	(65, 36.60073811524829)	(70, 37.75760222165381)	(75, 37.81372821281105)	(80, 38.309215478496)	(85, 37.80684400920817)	(90, 38.000895238791244)	(95, 37.8941096941572)	(100, 37.652778894288744)	(105, 36.479573939416085)	(110, 38.14552197902584)	(115, 35.97771403515183)	(120, 36.9303175357182)	(125, 35.914009573574006)	(130, 37.81239448971389)	(135, 35.87338400263091)	(140, 36.206146088354586)	(145, 36.92636752292908)	(150, 35.39847261300106)	(155, 35.621653816640475)	(160, 34.75641831402784)	(165, 34.519406584572664)	(170, 35.28649468337779)	(175, 35.345233310191105)	(180, 35.52454415902364)	(185, 33.59734351591332)	(190, 34.61555888478825)	(195, 34.28156173493623)	(200, 32.87103445755837)	(205, 32.27693207147294)	(210, 34.52301311798881)	(215, 32.28618043629188)	(220, 32.1043117623415)	(225, 32.74275587386268)	(230, 28.66606496875799)	(235, 29.67954105309314)	(240, 27.94103482296196)	(245, 31.79863648015337)	(250, 23.511422023252962)
SRR37700623_1	(1, 33.06342334130872)	(2, 32.945577456230296)	(3, 33.38236299418936)	(4, 33.43568417454711)	(5, 33.169590976415634)	(6, 35.32380084311268)	(7, 35.0103300292431)	(8, 33.52734419505526)	(9, 34.669116250807036)	(10, 35.99617561049713)	(15, 37.6578899396149)	(20, 37.845121719646045)	(25, 37.8232767460408)	(30, 38.65011203524363)	(35, 37.86534503057233)	(40, 38.28666970491056)	(45, 37.46740344081121)	(50, 37.61861683946679)	(55, 36.59638069196004)	(60, 37.75937108351373)	(65, 37.347161140860585)	(70, 37.91911814970947)	(75, 37.91345182484524)	(80, 37.177258744445716)	(85, 37.87349132201588)	(90, 37.35614674718013)	(95, 37.08785082222475)	(100, 37.14139227526489)	(105, 36.710690820705636)	(110, 37.20125707341157)	(115, 37.09565151342524)	(120, 36.84800425354145)	(125, 36.58557593710835)	(130, 36.120709429949486)	(135, 35.97262162470092)	(140, 36.43653108503285)	(145, 36.643754509893284)	(150, 36.3446393984277)	(155, 35.84797007329763)	(160, 35.99108275416809)	(165, 35.60647905510615)	(170, 35.42591622042459)	(175, 35.03367133796665)	(180, 35.22914815236793)	(185, 35.173119137138734)	(190, 34.93267631309103)	(195, 34.47340777030876)	(200, 34.1525008545061)	(205, 34.6892560100262)	(210, 33.721556340435235)	(215, 34.34660666134974)	(220, 33.935965212107405)	(225, 33.651061486460826)	(230, 33.14697125061714)	(235, 32.666021039838974)	(240, 32.926250427253045)	(245, 32.941477858421436)	(250, 29.625762557468192)
SRR37700623_2	(1, 32.64989935817098)	(2, 32.99677186586153)	(3, 32.797652956591094)	(4, 32.78648741027686)	(5, 32.90232045877483)	(6, 36.83342827845505)	(7, 36.25211727621435)	(8, 33.528863317002774)	(9, 34.268694694466596)	(10, 36.14433557403821)	(15, 36.709319813148)	(20, 36.870612585925336)	(25, 37.276708062739736)	(30, 38.02991151114656)	(35, 37.83171546845922)	(40, 36.76490068740268)	(45, 37.23510690820706)	(50, 37.0744863468915)	(55, 37.72607193042422)	(60, 36.66374995252744)	(65, 36.624567999696175)	(70, 37.8556758193764)	(75, 37.841054270631574)	(80, 38.34020736014583)	(85, 37.86544377349892)	(90, 38.14464319623258)	(95, 37.96726292203107)	(100, 37.764220880331166)	(105, 36.84227336599446)	(110, 38.15116402719228)	(115, 35.96389426911245)	(120, 37.16235236033573)	(125, 36.18080589419316)	(130, 37.93966807185447)	(135, 36.190197865633664)	(140, 36.83160153431317)	(145, 37.212988492651256)	(150, 35.86381451521021)	(155, 36.3734153659185)	(160, 35.33902244502677)	(165, 35.29902396414872)	(170, 35.73380426113707)	(175, 35.62205005506817)	(180, 36.206304356082185)	(185, 34.16801488739508)	(190, 35.19742888610383)	(195, 34.5132619346018)	(200, 33.30522198169458)	(205, 33.09112832782652)	(210, 34.999399946830735)	(215, 33.011469370703736)	(220, 32.70205461243401)	(225, 33.38003873760966)	(230, 29.646078766472982)	(235, 30.55723671717747)	(240, 28.468444039345258)	(245, 32.23406143671097)	(250, 23.956595358200076)
SRR37700624_1	(1, 33.13916234430683)	(2, 32.89476376980347)	(3, 33.376927419639394)	(4, 33.453336156098935)	(5, 33.23601848911471)	(6, 35.67905155075685)	(7, 35.40979499664797)	(8, 33.47471860555379)	(9, 35.09918492643167)	(10, 35.98063229949544)	(15, 37.68411488656011)	(20, 37.82280794608518)	(25, 37.7573585970855)	(30, 38.62867929854275)	(35, 37.936007903743686)	(40, 38.25518506756995)	(45, 37.48991919833457)	(50, 37.73002716911894)	(55, 36.727289086482486)	(60, 37.62698211072298)	(65, 37.34968067464098)	(70, 37.75767968667302)	(75, 37.8077343777566)	(80, 36.97304964539007)	(85, 37.67277089728661)	(90, 37.16249603048587)	(95, 36.851780106559396)	(100, 36.73793091281183)	(105, 36.53350622772662)	(110, 36.764232031332696)	(115, 36.56521999929431)	(120, 36.26078825729509)	(125, 36.3788327864225)	(130, 35.96657845524152)	(135, 35.86665608129565)	(140, 36.296340990085035)	(145, 36.311276948590375)	(150, 36.10395187184644)	(155, 35.489830986909425)	(160, 35.6534349528951)	(165, 34.998997918210364)	(170, 34.9644790233231)	(175, 34.69536713595145)	(180, 34.987530432941675)	(185, 34.88448537454571)	(190, 34.57913270526798)	(195, 34.013524575703045)	(200, 33.83562683038707)	(205, 34.22231043364737)	(210, 33.693348858544155)	(215, 34.02819237147595)	(220, 33.476496947884684)	(225, 33.32517554073603)	(230, 32.86382625877704)	(235, 32.366172682685864)	(240, 32.74311421615327)	(245, 32.16414550643977)	(250, 28.585027407767452)
SRR37700624_2	(1, 32.64842454394693)	(2, 32.90077978899827)	(3, 32.813573974101125)	(4, 32.73991743410607)	(5, 32.78093574679792)	(6, 36.778571680604074)	(7, 36.42914858332451)	(8, 33.50019406513532)	(9, 34.18610846476836)	(10, 35.946392152711624)	(15, 36.85639179986592)	(20, 36.8665043576444)	(25, 37.20175011467485)	(30, 38.06816978935112)	(35, 37.77144419745245)	(40, 36.95133552097668)	(45, 37.292124483963164)	(50, 37.067866342048625)	(55, 37.629342648459826)	(60, 36.71832327723087)	(65, 36.791948061112876)	(70, 37.858960516566114)	(75, 37.932211284005504)	(80, 38.40195476518119)	(85, 37.905892523199604)	(90, 38.05516036837091)	(95, 37.96462721851734)	(100, 37.77526198793268)	(105, 36.69485198122861)	(110, 38.16605977206167)	(115, 36.30009879679616)	(120, 37.208704703433185)	(125, 36.32362654811051)	(130, 37.96250661585689)	(135, 36.03743340037401)	(140, 36.39530362372535)	(145, 37.09511308704704)	(150, 35.63502346423909)	(155, 35.91731413852722)	(160, 35.06603507286263)	(165, 34.681535584488905)	(170, 35.40776613386966)	(175, 35.458738223774745)	(180, 35.70121026075297)	(185, 33.920112204932785)	(190, 34.867037154652266)	(195, 34.56782047210754)	(200, 33.261472777954204)	(205, 32.54829046258071)	(210, 34.553392611411034)	(215, 32.42756430612893)	(220, 32.2132493560566)	(225, 32.81872199287251)	(230, 28.977950672171062)	(235, 29.864217917504675)	(240, 28.451981228608723)	(245, 31.97208640447883)	(250, 23.639515252438873)
SRR37700625_1	(1, 33.023612175245525)	(2, 32.94351187574006)	(3, 33.37828237096887)	(4, 33.45127812217037)	(5, 33.15720554433378)	(6, 35.220589259594625)	(7, 35.056836386431705)	(8, 33.67012607090618)	(9, 34.50365675280351)	(10, 35.64048199484572)	(15, 37.73518144459149)	(20, 37.674193773072375)	(25, 37.64314271783799)	(30, 38.58946855192589)	(35, 37.93695061642404)	(40, 38.199874625618165)	(45, 37.509159295117364)	(50, 37.64262728982378)	(55, 36.79810545378561)	(60, 37.788200877620675)	(65, 37.74672981820714)	(70, 37.98765758863272)	(75, 38.04264122031064)	(80, 37.30932646095981)	(85, 38.035202340321796)	(90, 37.554196559169746)	(95, 37.10116319565369)	(100, 37.34770495228808)	(105, 37.19729748554712)	(110, 37.31069164867312)	(115, 37.08370829560493)	(120, 36.881159016507624)	(125, 36.650080100299505)	(130, 36.07475099254719)	(135, 36.23517447934805)	(140, 36.67693807898586)	(145, 36.97275196768127)	(150, 36.54659051333844)	(155, 36.03280629658006)	(160, 36.22997840774535)	(165, 35.778533119732536)	(170, 35.7279933133663)	(175, 35.448923869889256)	(180, 35.60176917183255)	(185, 35.552538831232155)	(190, 35.36904645817371)	(195, 34.701344291983006)	(200, 34.20937521766386)	(205, 35.08585359058299)	(210, 34.16254092080518)	(215, 34.547050219405165)	(220, 34.175315177265446)	(225, 33.955213484711294)	(230, 33.250748763669286)	(235, 33.07409625966428)	(240, 33.208664762833465)	(245, 33.261504469872435)	(250, 30.681188730116112)
SRR37700625_2	(1, 32.922198230828165)	(2, 33.036010308560286)	(3, 32.857142857142854)	(4, 32.597757191613844)	(5, 33.01532353555757)	(6, 36.801769171832554)	(7, 36.44487009820993)	(8, 35.25255972696246)	(9, 35.59740892944208)	(10, 36.63100926377378)	(15, 36.9004945322839)	(20, 37.03057741868078)	(25, 37.10421397227833)	(30, 37.99353625409208)	(35, 37.78163961830466)	(40, 36.90482691370063)	(45, 37.41752455248311)	(50, 37.128049035313786)	(55, 37.48834714773281)	(60, 36.6061433447099)	(65, 36.81802605001045)	(70, 37.99226857978687)	(75, 38.021230061990664)	(80, 38.36344640245177)	(85, 37.827025144528804)	(90, 37.956620463885216)	(95, 38.03667897193007)	(100, 37.8271644493975)	(105, 37.14508602075642)	(110, 38.31921710663788)	(115, 36.68766455387616)	(120, 37.85827122657936)	(125, 36.669304172180816)	(130, 37.91994149195514)	(135, 36.37369924078847)	(140, 36.79569547955701)	(145, 37.50298808943372)	(150, 36.56176081354043)	(155, 36.75404332381417)	(160, 35.49063174757958)	(165, 35.468510134429195)	(170, 36.22781918228042)	(175, 35.686076478372925)	(180, 36.180873441526785)	(185, 34.65898168140976)	(190, 35.54067005641847)	(195, 34.74175663439437)	(200, 33.65058159782684)	(205, 33.25301943302918)	(210, 35.07867938984468)	(215, 33.41377725151494)	(220, 32.45775579856515)	(225, 33.072410670752944)	(230, 29.60123981333148)	(235, 30.93842724803232)	(240, 30.375774883332173)	(245, 32.58828308365748)	(250, 23.714283681708473)
SRR37700626_1	(1, 33.07783537543198)	(2, 33.18881558278354)	(3, 33.50337731699654)	(4, 33.5322808671065)	(5, 33.22251021049325)	(6, 35.612236883443295)	(7, 35.31550424128181)	(8, 33.40056550424128)	(9, 35.226908576814324)	(10, 35.949575871819036)	(15, 37.676138862708136)	(20, 37.74941878730757)	(25, 37.76211121583412)	(30, 38.60615771284951)	(35, 37.96672950047126)	(40, 38.237260446120004)	(45, 37.45964498900408)	(50, 37.64795790135093)	(55, 36.8196041470311)	(60, 37.80568645931511)	(65, 37.65458686773484)	(70, 38.03548539114043)	(75, 38.01583411875588)	(80, 37.210320452403394)	(85, 37.70315739868049)	(90, 37.18746465598492)	(95, 37.17037386113729)	(100, 37.55251335218348)	(105, 36.7820452403393)	(110, 37.51806471881873)	(115, 37.20653471567704)	(120, 37.23658498272071)	(125, 37.08653785736726)	(130, 36.61201696512724)	(135, 36.271944706251965)	(140, 36.80793276782909)	(145, 36.953754319824064)	(150, 37.00072258875275)	(155, 36.3153000314169)	(160, 36.20530945648759)	(165, 36.075384857053095)	(170, 35.85439836632108)	(175, 35.55559220860823)	(180, 35.74602576185988)	(185, 35.743418158969526)	(190, 35.51663524976438)	(195, 34.83740182218033)	(200, 34.318111844172165)	(205, 35.00515237197612)	(210, 34.292397109644995)	(215, 34.85278039585297)	(220, 34.42884071630537)	(225, 34.0801602262017)	(230, 33.68243795161798)	(235, 33.47541627395539)	(240, 33.7275054979579)	(245, 32.821237825950355)	(250, 29.771580230985)
SRR37700626_2	(1, 32.57045240339303)	(2, 32.990653471567704)	(3, 32.82037386113729)	(4, 32.35783851712221)	(5, 32.9473766886585)	(6, 36.80717876217405)	(7, 36.16203267357839)	(8, 33.622211749921455)	(9, 33.72298146402765)	(10, 35.55881244109331)	(15, 36.72698711907006)	(20, 36.79242852654728)	(25, 36.940732013823435)	(30, 37.8741753063148)	(35, 37.683270499528746)	(40, 36.598209236569275)	(45, 37.04853911404336)	(50, 36.59187873075715)	(55, 37.479107759974866)	(60, 36.54824065347157)	(65, 36.68389883757462)	(70, 37.78875274897895)	(75, 37.640087967326416)	(80, 38.25065975494816)	(85, 37.83710336160855)	(90, 37.86149858623939)	(95, 37.85746151429469)	(100, 37.6609959158027)	(105, 36.168394596292806)	(110, 37.88601947847942)	(115, 36.24948162111216)	(120, 37.2119698397738)	(125, 36.28103989946592)	(130, 37.97062519635564)	(135, 35.56500157084511)	(140, 36.39863336475023)	(145, 37.09316682375118)	(150, 35.38627081369777)	(155, 36.30818410304744)	(160, 35.027128495130384)	(165, 34.78784165881244)	(170, 34.63554822494502)	(175, 34.734432924913605)	(180, 36.30691171850456)	(185, 33.9210807414389)	(190, 34.90639333961671)	(195, 34.149748664781654)	(200, 33.25904806786051)	(205, 32.090496387056234)	(210, 34.42448947533774)	(215, 32.52803958529689)	(220, 31.466760917373552)	(225, 32.4550109959158)	(230, 28.721410618912973)	(235, 29.529830348727614)	(240, 29.20147659440779)	(245, 31.30778825799025)	(250, 23.86460232167224)
SRR37700627_1	(1, 33.08204148085227)	(2, 33.194875061938134)	(3, 33.51667020598853)	(4, 33.56360161393077)	(5, 33.26813902456289)	(6, 36.60656898138317)	(7, 36.34161534649961)	(8, 33.44064557230835)	(9, 35.9562539817371)	(10, 36.02331705245275)	(15, 37.75427196149218)	(20, 37.76341756919375)	(25, 37.828640192539105)	(30, 38.64340624336377)	(35, 38.02984356197352)	(40, 38.23857860833864)	(45, 37.44101366178241)	(50, 37.6628725136264)	(55, 36.71253627804912)	(60, 37.49188079563955)	(65, 37.64182062716784)	(70, 37.67940822538402)	(75, 37.8036667374531)	(80, 36.81245841296807)	(85, 37.67659092517873)	(90, 36.948764776668796)	(95, 36.63554894882141)	(100, 36.69969561831953)	(105, 36.241211863806896)	(110, 36.86285835633892)	(115, 36.88315990656191)	(120, 36.19454944432646)	(125, 36.492432929850644)	(130, 36.4309053585333)	(135, 35.57982586536419)	(140, 36.47912507963474)	(145, 36.601826290082826)	(150, 36.3399023147165)	(155, 35.625440645572304)	(160, 35.62732356480498)	(165, 35.16222835704679)	(170, 35.18884405747859)	(175, 35.07244283995187)	(180, 35.28885113612232)	(185, 35.173610816167624)	(190, 34.756310610886956)	(195, 34.50474976994408)	(200, 33.54463084872939)	(205, 34.650810504707295)	(210, 34.00385078219013)	(215, 34.2716075599915)	(220, 33.57361081616763)	(225, 33.37177036879734)	(230, 32.81397324272669)	(235, 32.577206767183405)	(240, 33.43099030225809)	(245, 31.90749628371204)	(250, 27.97642870666409)
SRR37700627_2	(1, 32.5895802364267)	(2, 32.97345508600552)	(3, 32.81036313442345)	(4, 32.674877893395625)	(5, 32.848517024138175)	(6, 36.79592270121045)	(7, 35.864443972534865)	(8, 32.94889219225596)	(9, 34.05995611240886)	(10, 35.44686062150492)	(15, 36.89047922418065)	(20, 36.85434982657323)	(25, 37.414369646775675)	(30, 38.04916825936151)	(35, 37.723748849720394)	(40, 36.67908260777235)	(45, 37.11031358391732)	(50, 36.807503362355774)	(55, 37.18878742832872)	(60, 36.727642103772915)	(65, 37.04966376442273)	(70, 37.858016564026336)	(75, 37.7961350605224)	(80, 38.33162030155022)	(85, 38.02738019395484)	(90, 37.77026969632618)	(95, 37.90179089686416)	(100, 37.70351808593473)	(105, 36.92733064344871)	(110, 37.80399235506477)	(115, 37.0634529624124)	(120, 38.1205068308912)	(125, 37.136193105401006)	(130, 38.15237488497204)	(135, 35.69726056487577)	(140, 36.62184469455652)	(145, 37.501578537552206)	(150, 35.26621363346783)	(155, 36.04388759113754)	(160, 35.15892970906775)	(165, 34.93936433779288)	(170, 34.821122672895875)	(175, 34.90527358958023)	(180, 36.02047143767254)	(185, 34.150477808451896)	(190, 34.798060451617474)	(195, 34.44850286685071)	(200, 33.57556452183762)	(205, 31.98268563743187)	(210, 34.04409995044949)	(215, 32.572379132158275)	(220, 31.25276421037729)	(225, 31.907892687761024)	(230, 28.281673391378213)	(235, 29.183025412331)	(240, 29.464458129822322)	(245, 31.34658255931272)	(250, 23.91646375268143)
SRR37700628_1	(1, 32.906569847856154)	(2, 33.159958506224065)	(3, 33.50338865836791)	(4, 33.51438450899032)	(5, 33.23603042876902)	(6, 35.938865836791145)	(7, 35.728008298755185)	(8, 33.52828492392808)	(9, 35.053388658367915)	(10, 35.91611341632088)	(15, 37.699502074688795)	(20, 37.82508990318119)	(25, 37.76157676348548)	(30, 38.62939142461964)	(35, 37.96047026279391)	(40, 38.26719225449516)	(45, 37.477496542185335)	(50, 37.655518672199165)	(55, 36.734204702627935)	(60, 37.7125449515906)	(65, 37.62160442600276)	(70, 37.87192254495159)	(75, 37.92995850622407)	(80, 37.205781466113415)	(85, 37.92652835408022)	(90, 37.418658367911476)	(95, 37.002558782849235)	(100, 37.11087136929461)	(105, 36.87748271092669)	(110, 37.27499308437068)	(115, 37.101507607192254)	(120, 36.71816044260028)	(125, 36.689405255878285)	(130, 36.20331950207469)	(135, 36.12423236514523)	(140, 36.4434163208852)	(145, 36.736777316735825)	(150, 36.33475795297372)	(155, 35.783928077455045)	(160, 35.98182572614108)	(165, 35.46157676348548)	(170, 35.35702627939143)	(175, 35.15767634854772)	(180, 35.31654218533886)	(185, 35.34172890733057)	(190, 35.00016597510374)	(195, 34.31654218533887)	(200, 34.107427385892116)	(205, 34.81283540802213)	(210, 33.88994467496542)	(215, 34.44684647302904)	(220, 33.94128630705394)	(225, 33.688658367911486)	(230, 32.92006915629322)	(235, 32.74235131396957)	(240, 33.1206500691563)	(245, 32.7365357863725)	(250, 29.64059002853074)
SRR37700628_2	(1, 32.653250345781466)	(2, 32.870954356846475)	(3, 32.69204702627939)	(4, 32.75255878284924)	(5, 32.72289073305671)	(6, 36.753665283540805)	(7, 36.298063623789766)	(8, 33.68395573997234)	(9, 34.76106500691563)	(10, 36.20179806362379)	(15, 36.753236514522825)	(20, 36.89441217150761)	(25, 37.2450622406639)	(30, 37.94211618257261)	(35, 37.694827109266946)	(40, 36.564398340248964)	(45, 37.26637621023512)	(50, 37.00235131396957)	(55, 37.38907330567081)	(60, 36.625062240663894)	(65, 36.883513139695715)	(70, 37.833222683264175)	(75, 37.88997233748271)	(80, 38.26502074688797)	(85, 37.91659751037344)	(90, 37.963748271092676)	(95, 37.92663900414938)	(100, 37.70016597510373)	(105, 36.85109266943292)	(110, 38.07255878284924)	(115, 36.44643153526971)	(120, 37.828838174273855)	(125, 36.48857538035961)	(130, 37.88806362378976)	(135, 35.871881051175656)	(140, 36.526832641770405)	(145, 37.26168741355463)	(150, 35.76218533886585)	(155, 36.25637621023513)	(160, 34.90933609958506)	(165, 34.744522821576766)	(170, 35.62513139695713)	(175, 35.228893499308434)	(180, 35.68688796680498)	(185, 33.89242047026279)	(190, 34.79347164591978)	(195, 34.03143845089903)	(200, 33.16013831258645)	(205, 32.38508990318119)	(210, 34.52067773167359)	(215, 32.613250345781466)	(220, 31.846058091286306)	(225, 32.55854771784232)	(230, 28.548948824343018)	(235, 29.411991701244812)	(240, 29.134398340248957)	(245, 31.73264767510787)	(250, 23.520765466115254)
SRR37700629_1	(1, 33.16025496812898)	(2, 32.98785151856018)	(3, 33.37461567304087)	(4, 33.346944131983506)	(5, 33.08466441694788)	(6, 34.644094488188976)	(7, 34.53877015373078)	(8, 33.41754780652418)	(9, 34.34724409448819)	(10, 35.57753280839894)	(15, 37.66868391451069)	(20, 37.57180352455943)	(25, 37.50644169478816)	(30, 38.49667041619797)	(35, 37.927034120734916)	(40, 38.126261717285345)	(45, 37.50310461192352)	(50, 37.706314210723654)	(55, 37.0581627296588)	(60, 37.96546681664792)	(65, 37.652118485189355)	(70, 37.95281589801275)	(75, 38.03019122609673)	(80, 37.26924634420698)	(85, 37.86503187101612)	(90, 37.43145856767904)	(95, 37.20474690663667)	(100, 37.2259392575928)	(105, 36.86960629921259)	(110, 36.85846269216348)	(115, 36.722024746906634)	(120, 36.60470191226097)	(125, 36.37122609673791)	(130, 35.883659542557176)	(135, 35.90453693288339)	(140, 36.76359955005624)	(145, 36.832118485189355)	(150, 36.55064866891639)	(155, 35.93038620172479)	(160, 36.18942632170979)	(165, 35.65735283089614)	(170, 35.50613423322085)	(175, 35.145669291338585)	(180, 35.62626921634796)	(185, 35.60155980502437)	(190, 35.31931008623922)	(195, 34.744341957255344)	(200, 34.07248593925759)	(205, 34.84328458942632)	(210, 34.19381327334084)	(215, 34.3395650543682)	(220, 34.03878515185602)	(225, 33.67737532808398)	(230, 33.278027746531684)	(235, 33.1292163479565)	(240, 33.14138981736736)	(245, 32.92963723411962)	(250, 29.984196716360934)
SRR37700629_2	(1, 32.45511811023622)	(2, 32.845444319460064)	(3, 32.47727784026996)	(4, 32.22452193475816)	(5, 32.449643794525684)	(6, 36.686014248218974)	(7, 35.91286089238845)	(8, 34.20221222347207)	(9, 34.60929883764529)	(10, 36.181807274090744)	(15, 36.341252343457064)	(20, 36.522062242219725)	(25, 36.1042369703787)	(30, 37.6808323959505)	(35, 37.447221597300334)	(40, 36.14383202099738)	(45, 36.8492988376453)	(50, 35.866741657292835)	(55, 37.20754405699287)	(60, 35.974218222722165)	(65, 35.71100862392201)	(70, 37.56814398200224)	(75, 37.327071616047995)	(80, 38.01046869141357)	(85, 37.310326209223845)	(90, 37.57827521559805)	(95, 37.65298087739033)	(100, 37.51208098987627)	(105, 35.659422572178485)	(110, 37.95805024371953)	(115, 35.80227971503562)	(120, 36.90001499812523)	(125, 35.756362954630674)	(130, 37.57454068241469)	(135, 35.48154480689914)	(140, 35.57476565429321)	(145, 36.64903637045369)	(150, 35.46441694788151)	(155, 35.71859017622798)	(160, 34.6150656167979)	(165, 34.56253468316461)	(170, 34.866329208848896)	(175, 34.63040119985002)	(180, 35.43562054743157)	(185, 33.29870266216723)	(190, 34.67740532433446)	(195, 33.69466066741658)	(200, 32.2431871016123)	(205, 31.432028496437944)	(210, 34.005721784776895)	(215, 31.870543682039745)	(220, 30.625661792275963)	(225, 31.57348331458568)	(230, 27.897540307461565)	(235, 29.60182977127859)	(240, 28.342114735658043)	(245, 30.728138485687662)	(250, 22.90875874007306)
SRR37700630_1	(1, 33.02277891388321)	(2, 33.15229493296978)	(3, 33.481822313110655)	(4, 33.486196319018404)	(5, 33.252385821404225)	(6, 36.26641672347194)	(7, 35.99886389456942)	(8, 33.466144058168595)	(9, 35.858782094978416)	(10, 36.04443308339014)	(15, 37.72127925471484)	(20, 37.714349011588276)	(25, 37.686298568507155)	(30, 38.58916155419223)	(35, 37.98378777550556)	(40, 38.18257214269484)	(45, 37.45841854124062)	(50, 37.66511020222677)	(55, 36.475028402635765)	(60, 37.555839581913204)	(65, 37.07739150193138)	(70, 37.4307316518973)	(75, 37.45573733242445)	(80, 36.40329470574869)	(85, 37.84033174278573)	(90, 37.04705748693479)	(95, 36.014121790502166)	(100, 36.136241763235624)	(105, 36.60440808907067)	(110, 36.61415587366507)	(115, 36.89367189275164)	(120, 35.601408770733926)	(125, 36.07406271301977)	(130, 35.516530334015)	(135, 35.433412860713474)	(140, 36.45787321063395)	(145, 36.4709952283572)	(150, 35.884798909338784)	(155, 35.13724153601454)	(160, 35.75741876846172)	(165, 34.617677800499884)	(170, 34.35696432628948)	(175, 34.66022494887526)	(180, 34.90839581913202)	(185, 34.78295841854124)	(190, 34.33912747102931)	(195, 34.14178595773688)	(200, 33.422108611679164)	(205, 34.2791865485117)	(210, 33.43109520563509)	(215, 33.420359009316066)	(220, 32.725289706884794)	(225, 32.79520563508294)	(230, 31.67279027493752)	(235, 31.363587820949782)	(240, 32.67832310838446)	(245, 32.02986586641258)	(250, 28.028646620209717)
SRR37700630_2	(1, 32.67069984094524)	(2, 32.87014314928425)	(3, 32.614973869575095)	(4, 32.055612360827084)	(5, 32.52363099295614)	(6, 36.790047716428084)	(7, 36.228584412633495)	(8, 34.78828675301068)	(9, 35.179391047489204)	(10, 36.323074301295165)	(15, 36.841820040899805)	(20, 36.75186321290615)	(25, 37.380799818223124)	(30, 37.99492160872529)	(35, 37.66212224494433)	(40, 36.8955237446035)	(45, 37.19404680754374)	(50, 36.84426266757555)	(55, 37.1552488070893)	(60, 36.56388320836173)	(65, 36.85288570779368)	(70, 37.76099750056805)	(75, 37.912383549193365)	(80, 38.339229720518055)	(85, 37.94405816859804)	(90, 37.91640536241763)	(95, 37.917905021586)	(100, 37.66350829356965)	(105, 37.10274937514201)	(110, 38.07292660758918)	(115, 36.97631220177232)	(120, 37.78834355828221)	(125, 37.02249488752555)	(130, 38.095682799363786)	(135, 36.13390138604863)	(140, 36.94063849125199)	(145, 37.620188593501474)	(150, 36.30846398545785)	(155, 35.70263576459895)	(160, 35.149795501022496)	(165, 35.24762553965008)	(170, 35.97006362190412)	(175, 35.99276300840718)	(180, 35.87461940468076)	(185, 34.282231311065665)	(190, 35.534139968189045)	(195, 35.1523290161327)	(200, 33.10241990456714)	(205, 32.61041808679846)	(210, 34.59776187230175)	(215, 32.49925017041581)	(220, 31.517984548966144)	(225, 32.732072256305386)	(230, 28.141865485117023)	(235, 29.25046580322654)	(240, 28.773369688707113)	(245, 31.976960839104457)	(250, 23.990830150393048)
SRR37700631_1	(1, 33.030973451327434)	(2, 33.156791073489806)	(3, 33.448730280877264)	(4, 33.466140823393616)	(5, 33.15053866871874)	(6, 35.297422085417466)	(7, 35.1610234705656)	(8, 33.54780684878799)	(9, 34.559542131589076)	(10, 35.705463639861485)	(15, 37.688880338591765)	(20, 37.68507118122354)	(25, 37.61046556367834)	(30, 38.5695652173913)	(35, 37.93333974605618)	(40, 38.19563293574452)	(45, 37.38741823778376)	(50, 37.611158137745285)	(55, 36.68791843016545)	(60, 37.68081954597922)	(65, 37.624374759522894)	(70, 37.79817237399)	(75, 37.96623701423624)	(80, 37.14182377837629)	(85, 37.93793766833398)	(90, 37.32716429395922)	(95, 36.88083878414775)	(100, 37.0605809926895)	(105, 36.925413620623324)	(110, 37.127068103116585)	(115, 36.799903809157364)	(120, 36.73005001923816)	(125, 36.569642170065414)	(130, 35.985609849942286)	(135, 35.863024240092344)	(140, 36.428126202385535)	(145, 36.618603308964985)	(150, 36.19617160446325)	(155, 35.68609080415544)	(160, 35.98499422854944)	(165, 35.442420161600616)	(170, 35.45871489034244)	(175, 35.166063870719505)	(180, 35.3681031165833)	(185, 35.32652943439784)	(190, 35.06258176221623)	(195, 34.55959984609465)	(200, 33.99195844555599)	(205, 34.79621008080031)	(210, 33.924278568680265)	(215, 34.24848018468642)	(220, 33.83859176606387)	(225, 33.72764524817237)	(230, 32.90150057714506)	(235, 32.79786456329357)	(240, 32.90648326279338)	(245, 32.87355535975005)	(250, 30.190019311324075)
SRR37700631_2	(1, 32.55338591766064)	(2, 32.713158907272025)	(3, 32.53193535975375)	(4, 32.17352828010773)	(5, 32.688149288187766)	(6, 36.82618314736437)	(7, 36.189784532512505)	(8, 33.824451712196996)	(9, 35.03780300115429)	(10, 36.31337052712582)	(15, 36.62472104655636)	(20, 36.83701423624471)	(25, 36.93524432474029)	(30, 37.83672566371682)	(35, 37.60044247787611)	(40, 36.48537899191997)	(45, 36.98018468641786)	(50, 36.673932281646785)	(55, 37.302770296267795)	(60, 36.304040015390534)	(65, 36.497114274721056)	(70, 37.66181223547518)	(75, 37.69461331281262)	(80, 38.13945748364756)	(85, 37.62466333205079)	(90, 37.80544440169296)	(95, 37.792131589072724)	(100, 37.58770681031166)	(105, 36.776414005386684)	(110, 37.9921893035783)	(115, 36.21433243555213)	(120, 37.701096575606)	(125, 36.267449018853405)	(130, 37.63570604078492)	(135, 35.73580223162755)	(140, 36.11431319738361)	(145, 36.97398999615236)	(150, 35.718199307425934)	(155, 35.925182762601)	(160, 34.826991150442474)	(165, 34.735186610234706)	(170, 35.314794151596764)	(175, 34.8811658330127)	(180, 35.48457098884187)	(185, 33.74376683339746)	(190, 34.65942670257792)	(195, 33.79772989611389)	(200, 32.746248557137356)	(205, 32.05461716044632)	(210, 34.29959599846095)	(215, 32.32297037322048)	(220, 31.476644863409007)	(225, 31.925048095421317)	(230, 28.27739515198153)	(235, 29.452366294728744)	(240, 28.898826471719893)	(245, 31.571022461386672)	(250, 23.08091949037184)
SRR37700632_1	(1, 33.03832784485913)	(2, 33.14608488840103)	(3, 33.508415660446396)	(4, 33.556073911452614)	(5, 33.29720087815587)	(6, 36.42343578485181)	(7, 36.22530186608123)	(8, 33.46167215514087)	(9, 36.12239297475302)	(10, 36.04987193560191)	(15, 37.73240029271862)	(20, 37.76190998902305)	(25, 37.82167947310647)	(30, 38.60042078302232)	(35, 37.97795462861325)	(40, 38.216373948042445)	(45, 37.40351262349067)	(50, 37.61320892791804)	(55, 36.72612513721186)	(60, 37.80514087083791)	(65, 37.91544090742774)	(70, 38.079820709842664)	(75, 38.010025612879616)	(80, 37.2385473838273)	(85, 37.88205268935236)	(90, 37.23854738382729)	(95, 37.162440541529456)	(100, 37.59557263080863)	(105, 36.68379070618368)	(110, 37.6201244054153)	(115, 37.420472008781566)	(120, 37.29903036955726)	(125, 37.21280643980974)	(130, 37.09588364434687)	(135, 36.37797292352725)	(140, 36.88060739114526)	(145, 37.242919868276616)	(150, 37.2940724478595)	(155, 36.42306988657153)	(160, 36.29484083424808)	(165, 36.20589096231248)	(170, 36.02857665568972)	(175, 35.97021587998536)	(180, 36.063830954994515)	(185, 36.05649469447494)	(190, 35.71959385290889)	(195, 35.05911086717892)	(200, 34.07244785949506)	(205, 35.26913648005854)	(210, 34.62519209659715)	(215, 35.04780461031832)	(220, 34.494914013904136)	(225, 34.06924624954263)	(230, 33.5896084888401)	(235, 33.55876326381266)	(240, 34.14101719721917)	(245, 32.627296011708744)	(250, 28.952109526164445)
SRR37700632_2	(1, 32.73060739114526)	(2, 33.0267105744603)	(3, 32.78027808269301)	(4, 32.48966337358215)	(5, 32.69465788510794)	(6, 36.80845225027442)	(7, 36.008507135016465)	(8, 32.880808635199415)	(9, 33.76024515184778)	(10, 35.20455543358946)	(15, 36.88485181119649)	(20, 36.837376509330404)	(25, 37.34549945115258)	(30, 38.00541529454812)	(35, 37.69226125137212)	(40, 36.88069886571533)	(45, 37.2931577021588)	(50, 36.92740578119283)	(55, 37.141968532747896)	(60, 36.708013172338084)	(65, 37.173819978046104)	(70, 37.90400658616905)	(75, 37.87230150018295)	(80, 38.37308818148555)	(85, 37.984540797658255)	(90, 37.692407610684235)	(95, 37.90537870472009)	(100, 37.70325649469447)	(105, 37.08772411269668)	(110, 37.73664471276985)	(115, 37.22431394072448)	(120, 38.292718624222466)	(125, 37.278924259055984)	(130, 38.22142334431028)	(135, 35.68324185876327)	(140, 36.692919868276626)	(145, 37.75133552872302)	(150, 35.60843395536041)	(155, 36.86547749725576)	(160, 35.60340285400658)	(165, 35.60958653494329)	(170, 35.08741309915843)	(175, 34.89935967800951)	(180, 36.61238565678741)	(185, 34.56048298572996)	(190, 35.40243322356385)	(195, 34.95568971825833)	(200, 33.99072447859495)	(205, 32.486004390779364)	(210, 34.32755214050494)	(215, 33.04937797292353)	(220, 31.245151847786314)	(225, 32.43271130625686)	(230, 28.97861324551775)	(235, 29.58701061105013)	(240, 31.17852177094768)	(245, 31.59213339155509)	(250, 24.34890269905671)
SRR37700633_1	(1, 33.07062600321027)	(2, 33.18535101799442)	(3, 33.50561797752809)	(4, 33.55495480273718)	(5, 33.246768606910535)	(6, 36.16980653881896)	(7, 36.01081355073076)	(8, 33.47436005744699)	(9, 35.58139731350849)	(10, 35.81625411844217)	(15, 37.72717749429754)	(20, 37.71409985638253)	(25, 37.68476810002535)	(30, 38.597752808988766)	(35, 38.03049759229534)	(40, 38.16799864830615)	(45, 37.41498690546591)	(50, 37.60256821829855)	(55, 36.843152825884935)	(60, 37.691763115654304)	(65, 37.628993832896846)	(70, 37.81562896004055)	(75, 37.90761172594407)	(80, 37.078212384894826)	(85, 37.81669341894061)	(90, 37.15032525133058)	(95, 36.844470727380255)	(100, 37.05724423418096)	(105, 36.65913660555884)	(110, 37.17948804595759)	(115, 36.88639013263496)	(120, 36.5846244825547)	(125, 36.78521584861029)	(130, 36.468767424178424)	(135, 35.80807637070204)	(140, 36.707206217791665)	(145, 36.95140660640365)	(150, 36.65077299991552)	(155, 35.96521077975839)	(160, 36.100903945256405)	(165, 35.62395877333783)	(170, 35.45185435498859)	(175, 35.53342907831376)	(180, 35.635921263833744)	(185, 35.567069358790235)	(190, 35.162389118864574)	(195, 34.80442679733041)	(200, 33.906699332601164)	(205, 35.07594829771056)	(210, 34.36919827659035)	(215, 34.55725268226747)	(220, 33.946287065979554)	(225, 33.807197769705155)	(230, 33.15443102137366)	(235, 33.11122750696967)	(240, 33.4782968657599)	(245, 32.595811897878406)	(250, 29.275719091580466)
SRR37700633_2	(1, 33.07248458224212)	(2, 33.057953873447666)	(3, 32.79994931148095)	(4, 32.74309368927938)	(5, 33.03362338430345)	(6, 36.922193123257586)	(7, 36.255470136014196)	(8, 33.9724592379826)	(9, 34.81895750612486)	(10, 35.96134155613753)	(15, 36.988324744445386)	(20, 36.936284531553596)	(25, 37.188611979386664)	(30, 37.988426121483485)	(35, 37.84328799526908)	(40, 36.89101968404157)	(45, 37.16463630987581)	(50, 36.62434738531722)	(55, 37.298893300667395)	(60, 36.646701022218465)	(65, 37.01333108051027)	(70, 37.874258680408886)	(75, 37.92565683872603)	(80, 38.29989017487539)	(85, 37.99119709385824)	(90, 37.82678043423165)	(95, 37.877756188223366)	(100, 37.68268987074427)	(105, 36.99293739967898)	(110, 37.9916532905297)	(115, 37.03019346118104)	(120, 38.07179183914843)	(125, 36.927498521584866)	(130, 38.04504519726282)	(135, 35.81022218467517)	(140, 36.390791585705834)	(145, 37.323916532905294)	(150, 35.704181802821665)	(155, 36.12031764805271)	(160, 35.355275830024496)	(165, 35.262921348314606)	(170, 34.97702120469714)	(175, 35.038641547689444)	(180, 36.14118442172848)	(185, 34.257649742333356)	(190, 34.94338092422066)	(195, 34.275458308693075)	(200, 33.617605812283514)	(205, 32.18212384894821)	(210, 34.40339613077638)	(215, 32.53540593055673)	(220, 31.286778744614345)	(225, 31.982411083889495)	(230, 28.257379403565096)	(235, 29.342282672974573)	(240, 29.32808988764045)	(245, 31.59678407600736)	(250, 23.847515430242446)
SRR37700634_1	(1, 33.26557146622156)	(2, 33.214881841342354)	(3, 33.56531670034261)	(4, 33.648247386453484)	(5, 33.13924273038742)	(6, 36.38575068083985)	(7, 36.0)	(8, 33.36220679961346)	(9, 35.927523499956074)	(10, 35.98329087235351)	(15, 37.68748133181059)	(20, 37.65870157252043)	(25, 37.78114732495827)	(30, 38.55512606518493)	(35, 37.96146885706755)	(40, 38.18571554071862)	(45, 37.29753140648335)	(50, 37.54389879645085)	(55, 36.4133532460687)	(60, 37.4740226653782)	(65, 37.437107968022495)	(70, 37.666010717736974)	(75, 37.66232100500746)	(80, 36.73335676008082)	(85, 37.62698761310727)	(90, 36.7506808398489)	(95, 36.51847491873847)	(100, 36.91870332952648)	(105, 36.312342967583234)	(110, 36.929421066502684)	(115, 36.73063340068523)	(120, 36.38647105332513)	(125, 36.49920056224194)	(130, 36.35647895985241)	(135, 35.63826759202319)	(140, 36.385803391021696)	(145, 36.620152859527366)	(150, 36.56166212773434)	(155, 35.719019590617584)	(160, 35.74996046736361)	(165, 35.39931476763594)	(170, 35.214811561099886)	(175, 35.208995871035754)	(180, 35.34005095317579)	(185, 35.33246068698937)	(190, 34.92928050601775)	(195, 34.44965299130282)	(200, 33.454396907669334)	(205, 34.56638847404023)	(210, 33.72843714310814)	(215, 34.28855310550822)	(220, 33.55270139681982)	(225, 33.24907317930247)	(230, 32.757006061670914)	(235, 32.61170166037073)	(240, 33.30046560660635)	(245, 31.75410424833658)	(250, 28.239807014861583)
SRR37700634_2	(1, 32.878678731441624)	(2, 33.04533075639111)	(3, 32.878678731441624)	(4, 32.35605727839761)	(5, 32.74215936044979)	(6, 36.86295352718967)	(7, 36.220679961345866)	(8, 33.574980233681806)	(9, 34.15549503645788)	(10, 35.537696565053146)	(15, 37.10199420188)	(20, 37.00876746024774)	(25, 37.511394184309935)	(30, 38.10099270842484)	(35, 37.94312571378371)	(40, 37.15018887815163)	(45, 37.46931388913292)	(50, 37.087885443204776)	(55, 37.37018360713344)	(60, 36.906492137397876)	(65, 37.38360713344461)	(70, 37.990406746903275)	(75, 37.97053500834578)	(80, 38.43956777650883)	(85, 38.058192040762535)	(90, 37.798893086181145)	(95, 37.94598963366424)	(100, 37.74851972239304)	(105, 37.31097250285514)	(110, 37.91891417025389)	(115, 37.30385662830537)	(120, 38.21089343758236)	(125, 37.2792936835632)	(130, 38.27049108319424)	(135, 36.222559957831855)	(140, 36.884160590354035)	(145, 37.75697092154967)	(150, 36.09582711060354)	(155, 36.83340068523236)	(160, 35.912887639462355)	(165, 35.94261618202583)	(170, 35.48358077835368)	(175, 35.39562505490644)	(180, 36.73360274092946)	(185, 34.94730738821049)	(190, 35.73576385838531)	(195, 35.07493630853027)	(200, 34.16712641658613)	(205, 33.014758850918035)	(210, 34.63714310814372)	(215, 33.34410963717825)	(220, 31.89363085302644)	(225, 33.03705525784064)	(230, 29.31037512079417)	(235, 30.160256522885003)	(240, 31.207888957216902)	(245, 32.45189033333981)	(250, 24.34448473057062)
SRR37700635_1	(1, 33.244731475186946)	(2, 33.182683394104195)	(3, 33.50380075397071)	(4, 33.56214078239911)	(5, 33.14436685000927)	(6, 36.34046103454669)	(7, 35.952598726901925)	(8, 33.263642543724124)	(9, 35.891415858105184)	(10, 35.978159569865895)	(15, 37.613484951486306)	(20, 37.584376738149686)	(25, 37.73988010629751)	(30, 38.528323342191456)	(35, 37.91921389283728)	(40, 38.1674185773438)	(45, 37.34781533897781)	(50, 37.48124343365676)	(55, 36.24101106235709)	(60, 36.746084914405785)	(65, 36.52116680056857)	(70, 36.659712007910514)	(75, 37.061726716519374)	(80, 35.74403312527038)	(85, 37.22950373895309)	(90, 36.13844632593783)	(95, 35.609813979358506)	(100, 34.94876707249243)	(105, 35.54339039614363)	(110, 34.943279154563996)	(115, 35.495494716024965)	(120, 33.65190037698535)	(125, 34.842877448859774)	(130, 34.880304060317656)	(135, 34.01569742290341)	(140, 35.55911253939805)	(145, 35.41960323836599)	(150, 34.61732896607133)	(155, 33.80386873493604)	(160, 34.636338916012605)	(165, 32.95990359063099)	(170, 33.119288053890365)	(175, 33.16155985414993)	(180, 33.70512329275076)	(185, 33.472480069216985)	(190, 32.84295160991286)	(195, 33.35818552623447)	(200, 32.18771398553859)	(205, 33.11241579630431)	(210, 32.609195970582775)	(215, 32.42176626908102)	(220, 31.179049502502938)	(225, 31.45946480440022)	(230, 30.653692602434955)	(235, 29.723070267597798)	(240, 31.125344539892467)	(245, 30.353083704856857)	(250, 25.41901543466545)
SRR37700635_2	(1, 32.76935912489957)	(2, 32.96310487608924)	(3, 32.8734318027316)	(4, 32.360731722390454)	(5, 32.830294790186024)	(6, 36.874915023793335)	(7, 36.47055188183672)	(8, 34.44298869043941)	(9, 35.320437550213214)	(10, 36.354094308139175)	(15, 37.138322724182686)	(20, 36.93281008590322)	(25, 37.349471602496756)	(30, 38.05620171806439)	(35, 37.86884617761572)	(40, 37.27979729312156)	(45, 37.35065817934615)	(50, 36.964143130832454)	(55, 37.13767999505593)	(60, 36.588072430628515)	(65, 36.93985538594648)	(70, 37.72227921636487)	(75, 38.01165564551017)	(80, 38.41249613744515)	(85, 37.989506210988196)	(90, 37.864754959520425)	(95, 37.860676101600646)	(100, 37.74631975774056)	(105, 37.44489215746863)	(110, 38.090130399851674)	(115, 37.567208454360056)	(120, 37.965329707681846)	(125, 37.45609047648477)	(130, 38.27277671342934)	(135, 36.48769544527532)	(140, 36.982930597614484)	(145, 37.8121129720042)	(150, 36.59736728261541)	(155, 35.666757307953766)	(160, 35.802879920894874)	(165, 35.88659538965453)	(170, 36.08259069278783)	(175, 36.3064334713553)	(180, 35.741079043322415)	(185, 35.15100426426055)	(190, 35.82169210802793)	(195, 35.453148754712316)	(200, 33.61651319448736)	(205, 32.694617143563434)	(210, 34.59033434274767)	(215, 32.84470675483592)	(220, 32.183882331129105)	(225, 32.52833570236697)	(230, 28.426018169458008)	(235, 29.866139299178048)	(240, 28.20653853284717)	(245, 32.587928859202044)	(250, 24.337928986844204)
SRR37700636_1	(1, 33.277582159624416)	(2, 33.20058685446009)	(3, 33.48133802816901)	(4, 33.53720657276995)	(5, 32.92171361502347)	(6, 33.56549295774648)	(7, 33.48861502347418)	(8, 33.49706572769953)	(9, 33.45246478873239)	(10, 34.90654929577465)	(15, 37.690375586854465)	(20, 37.21899061032864)	(25, 37.30338028169014)	(30, 38.40633802816902)	(35, 37.89816901408451)	(40, 37.97539906103286)	(45, 37.48915492957746)	(50, 37.46464788732394)	(55, 37.021408450704236)	(60, 38.03715962441315)	(65, 37.90819248826291)	(70, 38.10680751173709)	(75, 38.16039906103286)	(80, 37.571361502347415)	(85, 38.316126760563385)	(90, 37.74363849765258)	(95, 37.53399061032864)	(100, 37.85685446009389)	(105, 37.562136150234736)	(110, 37.45110328638497)	(115, 37.37739436619718)	(120, 37.08413145539906)	(125, 36.627159624413146)	(130, 36.066338028169014)	(135, 36.654553990610324)	(140, 37.18220657276995)	(145, 37.60117370892019)	(150, 37.17579812206573)	(155, 36.51387323943662)	(160, 36.81617370892019)	(165, 36.57284037558686)	(170, 36.684741784037556)	(175, 36.18025821596244)	(180, 36.51819248826291)	(185, 36.44720657276995)	(190, 36.53673708920188)	(195, 35.60039906103286)	(200, 34.2693427230047)	(205, 35.913075117370894)	(210, 35.10570422535211)	(215, 34.96276995305165)	(220, 34.630117370892016)	(225, 34.608215962441314)	(230, 33.9962441314554)	(235, 33.892793427230046)	(240, 33.46706572769953)	(245, 33.91554265334543)	(250, 32.022625042676154)
SRR37700636_2	(1, 32.86654929577465)	(2, 33.13591549295775)	(3, 32.92406103286385)	(4, 32.63133802816901)	(5, 32.81103286384977)	(6, 36.818779342723005)	(7, 36.404107981220655)	(8, 35.84049295774648)	(9, 36.17112676056338)	(10, 36.88225352112676)	(15, 37.15708920187793)	(20, 36.98943661971831)	(25, 36.37016431924882)	(30, 37.89941314553991)	(35, 37.78429577464789)	(40, 37.20021126760564)	(45, 37.765539906103285)	(50, 36.865117370892015)	(55, 37.332511737089206)	(60, 36.377535211267606)	(65, 36.47948356807511)	(70, 38.00187793427231)	(75, 37.9968544600939)	(80, 38.35788732394367)	(85, 37.48697183098592)	(90, 37.515117370892014)	(95, 38.00483568075117)	(100, 37.77234741784038)	(105, 37.03739436619718)	(110, 38.33401408450705)	(115, 37.239999999999995)	(120, 38.26450704225353)	(125, 36.927769953051644)	(130, 37.857769953051644)	(135, 36.78002347417841)	(140, 36.50640845070423)	(145, 37.76960093896714)	(150, 37.36713615023474)	(155, 37.43507042253522)	(160, 36.53206572769953)	(165, 36.9143427230047)	(170, 36.97462441314554)	(175, 36.23328638497652)	(180, 36.882370892018784)	(185, 36.19957746478873)	(190, 36.88359154929577)	(195, 36.26009389671361)	(200, 34.01225352112676)	(205, 33.89798122065727)	(210, 35.7262441314554)	(215, 34.52316901408451)	(220, 32.05636150234742)	(225, 33.143802816901406)	(230, 30.186784037558688)	(235, 32.736338028169016)	(240, 32.88183098591549)	(245, 33.30638989624583)	(250, 24.0313335697168)
SRR37700637_1	(1, 33.19230513655393)	(2, 33.14180344208918)	(3, 33.50089706957273)	(4, 33.62017409794671)	(5, 33.09980729616586)	(6, 36.321150907037016)	(7, 36.008372649345475)	(8, 33.37470928300884)	(9, 36.16532659977407)	(10, 36.00018605887435)	(15, 37.70557512127051)	(20, 37.439059073692604)	(25, 37.10503023456708)	(30, 38.37116087447671)	(35, 37.971027975280755)	(40, 37.79782045318626)	(45, 37.50088377965314)	(50, 37.680217954681375)	(55, 35.90017941391455)	(60, 37.13242075885441)	(65, 35.350853877334046)	(70, 36.55607681573527)	(75, 36.511183467340025)	(80, 34.814432852681236)	(85, 37.79925576450263)	(90, 36.17963984317895)	(95, 34.35040202006778)	(100, 35.73267326732673)	(105, 36.75538573991627)	(110, 36.02030699714267)	(115, 36.023788956076814)	(120, 34.85095355173102)	(125, 35.83992291846634)	(130, 34.24598312180211)	(135, 35.213210180078406)	(140, 36.98165991095753)	(145, 36.92444680709682)	(150, 36.196238952754335)	(155, 35.26427005116619)	(160, 36.058010499036484)	(165, 35.128327463618845)	(170, 34.01900458502226)	(175, 34.98165991095753)	(180, 35.44406937338029)	(185, 35.353073293906576)	(190, 34.944169047777265)	(195, 34.61460562163599)	(200, 33.12040667153964)	(205, 34.563838128779324)	(210, 32.81626686158549)	(215, 32.71451923715862)	(220, 32.96661572197488)	(225, 32.57104126520035)	(230, 30.136700112964313)	(235, 31.193355040202004)	(240, 33.63911223337099)	(245, 32.987919463087245)	(250, 30.35483610780303)
SRR37700637_2	(1, 33.12771612731743)	(2, 33.174762442687225)	(3, 33.101534985713336)	(4, 32.62721775533258)	(5, 32.962057279553456)	(6, 36.820120938268325)	(7, 36.63233437437704)	(8, 36.02697853677985)	(9, 36.29709615256828)	(10, 37.014339823244065)	(15, 37.17035018938135)	(20, 36.859884377699515)	(25, 37.754123197554655)	(30, 38.12295833610206)	(35, 37.68924181008705)	(40, 37.63229450461825)	(45, 37.99016545949897)	(50, 37.601873878663035)	(55, 37.29077015084059)	(60, 36.994404943850085)	(65, 37.48421822047977)	(70, 38.220679114891354)	(75, 38.32041996145924)	(80, 38.433689946175825)	(85, 38.09131503754403)	(90, 38.035284736527345)	(95, 38.067632400823975)	(100, 37.805422287195164)	(105, 37.76482158282943)	(110, 38.2715263472656)	(115, 37.7857664961127)	(120, 38.4804704631537)	(125, 37.803455379094956)	(130, 38.30949564755133)	(135, 37.068908233105184)	(140, 37.595016280151505)	(145, 38.07475579772743)	(150, 37.58474317230381)	(155, 37.0238686955944)	(160, 36.43771679181341)	(165, 37.0152169579374)	(170, 37.36310718320154)	(175, 37.308910891089106)	(180, 37.32097813808227)	(185, 35.482543690610676)	(190, 37.180729616585815)	(195, 36.76840986112034)	(200, 34.13897268921524)	(205, 34.945032892551)	(210, 36.213077280882445)	(215, 34.2562960994086)	(220, 31.612346335304675)	(225, 34.49120871818726)	(230, 30.06381819389993)	(235, 31.891859924247456)	(240, 33.22903847431723)	(245, 33.53856668963881)	(250, 24.81167603725404)
SRR37700638_1	(1, 33.120406189555126)	(2, 33.251160541586074)	(3, 33.570261121856866)	(4, 33.65831721470019)	(5, 33.128288201160544)	(6, 35.79821083172147)	(7, 35.50720502901354)	(8, 33.45696324951644)	(9, 34.87011605415861)	(10, 35.85443907156673)	(15, 37.67737911025145)	(20, 37.784429400386855)	(25, 37.732495164410054)	(30, 38.60729206963249)	(35, 37.892669245647966)	(40, 38.22323984526112)	(45, 37.40712765957447)	(50, 37.629613152804644)	(55, 36.50513539651838)	(60, 37.43939071566731)	(65, 37.207911025145066)	(70, 37.501324951644094)	(75, 37.59574468085107)	(80, 36.670048355899425)	(85, 37.53410058027079)	(90, 36.82689555125725)	(95, 36.533268858800774)	(100, 36.78801740812379)	(105, 36.630106382978724)	(110, 36.967949709864605)	(115, 36.464922630560935)	(120, 36.401895551257255)	(125, 36.30492263056093)	(130, 35.889342359767895)	(135, 35.52746615087041)	(140, 36.091121856866536)	(145, 36.345164410058025)	(150, 36.1025918762089)	(155, 35.495367504835585)	(160, 35.709642166344295)	(165, 35.16956479690523)	(170, 35.0530657640232)	(175, 34.74459381044487)	(180, 34.98984526112186)	(185, 35.021537717601554)	(190, 34.680773694390716)	(195, 34.14999032882012)	(200, 33.67201160541586)	(205, 34.40984526112186)	(210, 33.272756286266926)	(215, 34.04465183752417)	(220, 33.56550290135396)	(225, 33.33876208897485)	(230, 32.603355899419725)	(235, 32.53281431334623)	(240, 32.87901353965184)	(245, 32.33206366286207)	(250, 29.537207234426972)
SRR37700638_2	(1, 32.97732108317215)	(2, 33.051305609284334)	(3, 32.768278529980655)	(4, 32.25928433268859)	(5, 32.79700193423598)	(6, 36.75860735009671)	(7, 36.39830754352031)	(8, 33.807591876208896)	(9, 34.76842359767892)	(10, 36.24258220502902)	(15, 36.89736943907157)	(20, 37.063346228239844)	(25, 37.423568665377175)	(30, 38.07627659574468)	(35, 37.93131528046422)	(40, 36.93372340425532)	(45, 37.4222340425532)	(50, 37.34482591876208)	(55, 37.634535783365564)	(60, 36.820444874274656)	(65, 37.131237911025146)	(70, 38.01116054158608)	(75, 38.00251450676983)	(80, 38.399951644100575)	(85, 38.000754352030945)	(90, 38.08089941972921)	(95, 38.07691489361703)	(100, 37.85551257253385)	(105, 37.280232108317215)	(110, 38.201914893617015)	(115, 36.580580270793035)	(120, 37.792301740812384)	(125, 36.64737911025146)	(130, 37.983733075435204)	(135, 36.285899419729205)	(140, 36.78160541586074)	(145, 37.487688588007735)	(150, 36.21889748549323)	(155, 36.66208897485493)	(160, 35.41881044487427)	(165, 35.28731141199226)	(170, 35.8484912959381)	(175, 35.455889748549325)	(180, 36.22116054158607)	(185, 34.41386847195358)	(190, 35.30558994197292)	(195, 34.376992263056096)	(200, 33.800290135396516)	(205, 33.169284332688584)	(210, 35.03316247582205)	(215, 33.262533849129596)	(220, 32.64015473887814)	(225, 33.39499032882012)	(230, 29.654081237911026)	(235, 30.580996131528046)	(240, 30.186576402321084)	(245, 32.60730608867909)	(250, 23.755610284262147)
SRR37700639_1	(1, 33.28185004970439)	(2, 33.23763930309214)	(3, 33.52508763668707)	(4, 33.588552294249986)	(5, 33.147020352639565)	(6, 35.37864280855962)	(7, 35.08554387066395)	(8, 33.357243760791086)	(9, 34.62365928948883)	(10, 35.517888348244654)	(15, 37.71578506775493)	(20, 37.550368858891844)	(25, 37.66073353215089)	(30, 38.5561031758489)	(35, 37.98248312666771)	(40, 38.17583843457332)	(45, 37.50356301993408)	(50, 37.63795322555329)	(55, 36.968074085700835)	(60, 37.89243970072725)	(65, 37.78543399780254)	(70, 37.76088526134045)	(75, 37.81384398053681)	(80, 37.170407575995384)	(85, 38.13668183958562)	(90, 37.59539580390311)	(95, 37.01053733061267)	(100, 36.61331031235285)	(105, 36.96395123737771)	(110, 36.9729712760948)	(115, 37.181761105007055)	(120, 35.972782922618116)	(125, 36.262522890179454)	(130, 36.06056610683827)	(135, 35.973954899806415)	(140, 36.79211008214305)	(145, 36.98710825092869)	(150, 36.28744833359494)	(155, 35.62922618113326)	(160, 36.21910741380212)	(165, 35.2197561868885)	(170, 35.14277193533197)	(175, 35.02601370794746)	(180, 35.507026631088785)	(185, 35.334745984408514)	(190, 34.91890336420238)	(195, 34.72125778266102)	(200, 33.56444304923351)	(205, 34.757589075498345)	(210, 34.344655470098886)	(215, 34.279527023491866)	(220, 33.32872913723644)	(225, 33.43399780254277)	(230, 32.75830063307696)	(235, 32.377554544027625)	(240, 32.86339140898865)	(245, 32.738631781595736)	(250, 29.333738788995433)
SRR37700639_2	(1, 32.969235598807096)	(2, 33.09229320357871)	(3, 32.97907183592319)	(4, 32.611625595144666)	(5, 32.97336891121226)	(6, 36.89876000627845)	(7, 36.579186940825615)	(8, 35.372207398106)	(9, 35.99973839794904)	(10, 36.84395960864333)	(15, 37.226882226756665)	(20, 37.036132475278606)	(25, 37.11127504839638)	(30, 38.1060220792131)	(35, 37.93042431852666)	(40, 37.33564589546382)	(45, 37.62719614921781)	(50, 37.08542876576152)	(55, 37.360581802961335)	(60, 36.65470622089677)	(65, 36.898906503426986)	(70, 37.99771883011563)	(75, 38.012106942918436)	(80, 38.39249725317846)	(85, 37.887249516036206)	(90, 37.85949877047036)	(95, 38.0887458797677)	(100, 37.90481870977868)	(105, 37.18884528854706)	(110, 38.38011824412703)	(115, 37.29507664940093)	(120, 38.12823732538063)	(125, 37.4549573588657)	(130, 38.25982315701355)	(135, 36.81986082770889)	(140, 37.21198137393397)	(145, 38.08397425835819)	(150, 37.103144456652544)	(155, 36.416920420656105)	(160, 36.2926699105321)	(165, 36.3669230366766)	(170, 36.826181133260086)	(175, 36.61136399309371)	(180, 36.57331659080207)	(185, 35.709579867106164)	(190, 36.623219798043216)	(195, 36.10709987966306)	(200, 33.851043792183326)	(205, 33.608538690943334)	(210, 35.377094124417944)	(215, 33.84377125516664)	(220, 32.63807879453775)	(225, 33.20549364307016)	(230, 29.36500810966358)	(235, 31.432836289436512)	(240, 30.372029508711346)	(245, 33.33154579071508)	(250, 24.5920116285951)
SRR37700640_1	(1, 33.243727153352026)	(2, 33.230187741775204)	(3, 33.56977321929233)	(4, 33.67123895375661)	(5, 33.16336018738688)	(6, 36.51728360009937)	(7, 36.16534762394861)	(8, 33.357774071050855)	(9, 35.29980125634383)	(10, 35.7953224260922)	(15, 37.718898392305775)	(20, 37.75125811832346)	(25, 37.679752990027325)	(30, 38.59650779004152)	(35, 37.99358696809454)	(40, 38.1544770557547)	(45, 37.44865670582389)	(50, 37.675785214891576)	(55, 36.829229513432935)	(60, 37.415019342016535)	(65, 37.51025304326224)	(70, 37.64199524434822)	(75, 37.86459168825638)	(80, 37.0)	(85, 37.71839443517763)	(90, 36.911892678425666)	(95, 36.66317209071228)	(100, 36.86015189693722)	(105, 36.34468538169428)	(110, 36.97794300315861)	(115, 36.60262625545657)	(120, 36.59455939241225)	(125, 36.52449515562338)	(130, 36.21387656599354)	(135, 35.53110338219115)	(140, 36.531397948681544)	(145, 36.60989459488235)	(150, 36.26830038684033)	(155, 35.721673705504486)	(160, 35.66392092841679)	(165, 35.38193207225752)	(170, 35.393583419100686)	(175, 35.213610391454026)	(180, 35.423245909784576)	(185, 35.25538914717678)	(190, 34.924566135500584)	(195, 34.5481030627817)	(200, 33.74368811441956)	(205, 34.87716932249707)	(210, 34.079543599389574)	(215, 34.408393370479466)	(220, 33.947226461298214)	(225, 33.627877346772195)	(230, 32.90582389892466)	(235, 33.06263974163325)	(240, 33.46371153777905)	(245, 32.19090146473127)	(250, 28.824369655428907)
SRR37700640_2	(1, 33.01142776022998)	(2, 33.059108492742304)	(3, 32.87667246335664)	(4, 32.38985697554743)	(5, 32.922206054583526)	(6, 36.909979770735)	(7, 36.36700145508748)	(8, 33.05965858679065)	(9, 34.45840579195798)	(10, 35.77979202895979)	(15, 37.067388295418255)	(20, 37.09045320651595)	(25, 37.58430280015615)	(30, 38.17011037370905)	(35, 37.8329737019555)	(40, 36.950062107392554)	(45, 37.454668701423145)	(50, 37.163644106895696)	(55, 37.49042481456507)	(60, 36.943109628420345)	(65, 37.22230187741775)	(70, 37.992706817617204)	(75, 38.060457110409196)	(80, 38.29417255208149)	(85, 38.110359513078045)	(90, 38.00299535081804)	(95, 37.97675054122156)	(100, 37.77030556837136)	(105, 37.20235298292934)	(110, 38.12712496007382)	(115, 36.928445185789826)	(120, 38.196550377967846)	(125, 37.16973772935373)	(130, 38.06617808851191)	(135, 36.098569755474315)	(140, 36.4675089612095)	(145, 37.00115342300458)	(150, 35.37856762607801)	(155, 36.24226851687547)	(160, 35.38873194449373)	(165, 35.14237498669127)	(170, 34.82048124356745)	(175, 34.91977854278312)	(180, 36.05152429286297)	(185, 33.86780707669375)	(190, 34.23839301558009)	(195, 33.861390495794446)	(200, 33.72799801256345)	(205, 32.40484792561308)	(210, 34.37604429144337)	(215, 32.6434254888739)	(220, 31.868027114313087)	(225, 32.10379742343046)	(230, 28.776448876743444)	(235, 29.605472548532493)	(240, 29.912094971075703)	(245, 32.13831937161659)	(250, 23.74874077606739)
SRR37700641_1	(1, 33.29224224882691)	(2, 33.23220628864623)	(3, 33.592246634214796)	(4, 33.72398368635706)	(5, 33.23817041617331)	(6, 36.68293645572951)	(7, 36.33438582642635)	(8, 33.40499057141604)	(9, 36.314695434811206)	(10, 36.124238038854536)	(15, 37.74172696575012)	(20, 37.757917817830986)	(25, 37.85879928079638)	(30, 38.621339297460864)	(35, 37.990843310090774)	(40, 38.204560803403055)	(45, 37.37160899881595)	(50, 37.57480156119808)	(55, 36.52439591281849)	(60, 37.68732184361706)	(65, 37.808788317326666)	(70, 38.10324080164891)	(75, 37.94632285225629)	(80, 37.21923431127483)	(85, 37.80883217120554)	(90, 36.97773977108275)	(95, 36.98150243389027)	(100, 37.74412138753673)	(105, 36.71228347147305)	(110, 37.585107222733846)	(115, 37.26155330438977)	(120, 37.37826601762926)	(125, 37.28032276454853)	(130, 37.25085295794413)	(135, 36.46951716879359)	(140, 37.018181818181816)	(145, 37.38614217427532)	(150, 37.544621321755905)	(155, 36.572152786914)	(160, 36.37495066438627)	(165, 36.42306714028856)	(170, 36.09042669824146)	(175, 36.09633820111388)	(180, 36.133280708678676)	(185, 36.23460071043284)	(190, 35.923562689119855)	(195, 35.08847958601938)	(200, 34.09557514362145)	(205, 35.36983730210937)	(210, 34.677937113537695)	(215, 35.25601894487567)	(220, 34.66539490417927)	(225, 34.19853528044556)	(230, 33.804376617111785)	(235, 33.85898346708766)	(240, 34.409753102661924)	(245, 32.5695201793842)	(250, 29.403036989597886)
SRR37700641_2	(1, 33.009691707231504)	(2, 33.102661930447745)	(3, 32.9346138665965)	(4, 32.510678419506206)	(5, 33.099241327895456)	(6, 36.92408893566636)	(7, 36.27171863351313)	(8, 33.26737709950445)	(9, 33.800026312327326)	(10, 35.29623295180459)	(15, 37.20977941498926)	(20, 37.077419637766965)	(25, 37.69689075998772)	(30, 38.172757970442476)	(35, 38.007955093628034)	(40, 37.29342630355655)	(45, 37.662754900670976)	(50, 37.292505372100166)	(55, 37.46107968249792)	(60, 37.106915756698676)	(65, 37.65568565539622)	(70, 38.21654168311187)	(75, 38.109573301758545)	(80, 38.590632811472176)	(85, 38.212708854098146)	(90, 37.80363987194667)	(95, 38.061869052317675)	(100, 37.9021532254528)	(105, 37.54208656755689)	(110, 37.95820725343157)	(115, 37.657588913739424)	(120, 38.598237074069196)	(125, 37.7181862035697)	(130, 38.47003464456431)	(135, 36.28781300706048)	(140, 36.95605841336666)	(145, 38.109810112704466)	(150, 36.18073060562207)	(155, 37.41605051966847)	(160, 36.34956803929308)	(165, 36.488111213436824)	(170, 35.47843704775687)	(175, 35.409095294478796)	(180, 37.43428496250493)	(185, 35.37483664430119)	(190, 35.99017673113187)	(195, 35.49416304872166)	(200, 34.97251238872078)	(205, 33.6595711090646)	(210, 35.01910274963821)	(215, 33.95449721527869)	(220, 32.019874577906414)	(225, 33.499407972635176)	(230, 29.980020172784283)	(235, 30.569346138665964)	(240, 32.62884708152436)	(245, 32.70235915880468)	(250, 24.83266642486767)
SRR37700642_1	(1, 33.26876573064206)	(2, 33.2206978236194)	(3, 33.54888219908207)	(4, 33.65395055026403)	(5, 33.16241425257859)	(6, 36.12614124265903)	(7, 35.820115481419336)	(8, 33.390317327148004)	(9, 35.4780141143957)	(10, 35.7571040813305)	(15, 37.72086068203129)	(20, 37.688180427379955)	(25, 37.72339732517396)	(30, 38.55915708434092)	(35, 38.003444702166504)	(40, 38.148141933573505)	(45, 37.426935794304896)	(50, 37.59667374031486)	(55, 36.83260129299709)	(60, 37.846656467452995)	(65, 37.74575334353254)	(70, 37.96068696639195)	(75, 37.93066179736466)	(80, 37.23477273848887)	(85, 37.921521985885605)	(90, 37.34262448798303)	(95, 37.02284952869763)	(100, 37.41826975275132)	(105, 36.94275280067118)	(110, 37.39200513250753)	(115, 37.13513300103637)	(120, 36.89230617381435)	(125, 36.91845235157676)	(130, 36.60109559295267)	(135, 36.24039875635395)	(140, 37.01477569955091)	(145, 37.29264176084489)	(150, 37.12633864679465)	(155, 36.281784533385974)	(160, 36.38307259537088)	(165, 36.05591472141341)	(170, 35.921462764644915)	(175, 35.90760499432463)	(180, 36.09380644524503)	(185, 36.08335389626413)	(190, 35.76268074816168)	(195, 35.06887430291665)	(200, 34.09380644524502)	(205, 35.314010758525384)	(210, 34.60275378769185)	(215, 34.96403296649065)	(220, 34.39682179341657)	(225, 34.05558900458965)	(230, 33.5361496323348)	(235, 33.528292947737256)	(240, 33.751024033953506)	(245, 32.8307762229807)	(250, 29.994517307707337)
SRR37700642_2	(1, 33.05887578344766)	(2, 33.17021171593545)	(3, 33.06144203721068)	(4, 32.69594828011647)	(5, 33.114494398657655)	(6, 36.86300152988205)	(7, 36.425109806050436)	(8, 34.677145536198985)	(9, 35.029857375512016)	(10, 36.119291319153135)	(15, 37.217509746829194)	(20, 37.11449439865765)	(25, 37.48649262202043)	(30, 38.1710605537186)	(35, 38.02910723979667)	(40, 37.45667472733554)	(45, 37.71706065242067)	(50, 37.231495829837634)	(55, 37.447850762473465)	(60, 36.932951685337805)	(65, 37.41948378818537)	(70, 38.18226323841484)	(75, 38.20910033065193)	(80, 38.52601292997089)	(85, 38.10768395597888)	(90, 37.89295760746187)	(95, 38.09462567240784)	(100, 37.87831022059912)	(105, 37.557271874845775)	(110, 38.207313823224595)	(115, 37.51961703597691)	(120, 38.470631199723634)	(125, 37.63374623698366)	(130, 38.31406010955929)	(135, 36.63575975916696)	(140, 37.091585648719345)	(145, 37.90388392636826)	(150, 36.58443468390662)	(155, 37.081606869663915)	(160, 36.240418496767504)	(165, 36.37700241820066)	(170, 36.010926318906385)	(175, 35.84798894536841)	(180, 36.97793021763806)	(185, 35.53915017519617)	(190, 36.146365296352954)	(195, 35.47702709371761)	(200, 34.64542269160539)	(205, 33.67837931204658)	(210, 35.4269851453388)	(215, 33.80625771109904)	(220, 32.287627695800225)	(225, 33.45266742338252)	(230, 29.903025218378325)	(235, 31.033055322509007)	(240, 31.800236884962743)	(245, 32.89961874181459)	(250, 24.39405481160717)
SRR37700643_1	(1, 33.09532707440829)	(2, 33.05579862060584)	(3, 33.40335125938079)	(4, 33.47835201895907)	(5, 33.36734724880746)	(6, 36.70848904688117)	(7, 36.28610275575001)	(8, 33.2727037948531)	(9, 35.480114240573634)	(10, 35.66824355118038)	(15, 37.70855285145687)	(20, 37.79123142831101)	(25, 37.787965241697805)	(30, 38.52541548932034)	(35, 37.98051833621973)	(40, 38.122088536444565)	(45, 37.32570412906754)	(50, 37.594148208914405)	(55, 37.031589341597545)	(60, 37.96330325403336)	(65, 37.5280193236715)	(70, 37.81056725306111)	(75, 37.753234284325345)	(80, 36.856986601039104)	(85, 37.76260748032692)	(90, 37.36107920882326)	(95, 36.643961352657)	(100, 37.074569319114026)	(105, 37.12931972169052)	(110, 36.913219700422324)	(115, 36.78298544648011)	(120, 36.252328867013034)	(125, 36.75114088657976)	(130, 36.28526721963965)	(135, 35.93188101965789)	(140, 37.15866982651232)	(145, 37.10799684015434)	(150, 36.86450034940601)	(155, 35.90183210281652)	(160, 36.40048309178744)	(165, 35.40481268799563)	(170, 35.140151307993804)	(175, 35.65428250235469)	(180, 35.68819007686932)	(185, 35.6490687570261)	(190, 35.086509889709234)	(195, 34.74577218728162)	(200, 33.94648922917996)	(205, 34.831823291708446)	(210, 34.428818400024305)	(215, 34.61141494242396)	(220, 33.78094977668398)	(225, 33.62325828699906)	(230, 32.954042475617534)	(235, 32.70914836083007)	(240, 32.90590344240878)	(245, 32.857293362361645)	(250, 29.655271375015186)
SRR37700643_2	(1, 32.86596481633397)	(2, 32.916826178105914)	(3, 32.91606659982378)	(4, 31.8704159450673)	(5, 32.593853492540944)	(6, 36.647464527694225)	(7, 36.44532555525173)	(8, 35.03721933582475)	(9, 35.92548537052229)	(10, 36.81574150031902)	(15, 37.073624403731046)	(20, 36.78223802145049)	(25, 37.408619694345695)	(30, 38.07312308206484)	(35, 37.990389815574396)	(40, 37.56349466776046)	(45, 37.31414334761341)	(50, 36.6284021511257)	(55, 37.15437365174855)	(60, 36.57689666697049)	(65, 37.14203202382038)	(70, 37.94375778567739)	(75, 38.24009054173123)	(80, 38.485607510710054)	(85, 38.14210190502233)	(90, 38.003096041077995)	(95, 38.03429344028196)	(100, 37.78875216479811)	(105, 37.61964877100234)	(110, 38.24974326254063)	(115, 37.342050253699156)	(120, 38.28337131224744)	(125, 37.767022149302704)	(130, 38.38828730288943)	(135, 36.53691854282503)	(140, 37.282155986996024)	(145, 37.82074560204175)	(150, 36.807261568377236)	(155, 36.23433597666576)	(160, 35.6758119891836)	(165, 35.685118342296356)	(170, 35.795111354176164)	(175, 36.00596117035821)	(180, 36.573633518670434)	(185, 35.43753532039012)	(190, 36.162683438155135)	(195, 35.027037948530975)	(200, 34.950250660833106)	(205, 33.490766566402336)	(210, 35.5240816698569)	(215, 32.89177528636101)	(220, 32.318527633457904)	(225, 33.28657065597181)	(230, 29.382669461914748)	(235, 30.520700027344816)	(240, 29.348424634642846)	(245, 32.56527288701598)	(250, 24.190307369002152)
SRR37700644_1	(1, 33.11290945052824)	(2, 33.082420763182014)	(3, 33.4509382990014)	(4, 33.519875536687735)	(5, 33.3655989193883)	(6, 36.39688359303391)	(7, 36.056563268850404)	(8, 33.36017174007429)	(9, 35.482174731053114)	(10, 35.7798639587052)	(15, 37.71877562834676)	(20, 37.769684982391816)	(25, 37.65809252737711)	(30, 38.57055815524144)	(35, 37.98916011385016)	(40, 38.140715905253515)	(45, 37.37071735250132)	(50, 37.63542380240243)	(55, 36.76837763519707)	(60, 37.76607168700854)	(65, 37.55482174731053)	(70, 37.799908340971584)	(75, 37.84364899416276)	(80, 36.959423995368816)	(85, 37.74687153263544)	(90, 37.31608374740701)	(95, 36.68548892855419)	(100, 36.977741328573494)	(105, 36.7537990255198)	(110, 37.00746779873607)	(115, 36.63305514014183)	(120, 36.51464614790872)	(125, 36.706464373582904)	(130, 36.170673935066816)	(135, 35.94727193786483)	(140, 36.65585894157944)	(145, 36.7177673790342)	(150, 36.525466737421006)	(155, 35.83628250277389)	(160, 36.06531429398428)	(165, 35.46099184717063)	(170, 35.36042742052197)	(175, 35.39297119976844)	(180, 35.573037773168025)	(185, 35.53002556804476)	(190, 35.08840754498529)	(195, 34.67529065560326)	(200, 34.12381205075015)	(205, 34.85521250422114)	(210, 34.08872111534565)	(215, 34.589107048096864)	(220, 34.063958705195624)	(225, 33.783819769405184)	(230, 33.10722176660717)	(235, 33.17602392783057)	(240, 33.38719668097834)	(245, 32.66470361229722)	(250, 29.82946117833246)
SRR37700644_2	(1, 32.87828645858459)	(2, 32.98391142843359)	(3, 32.76431569299049)	(4, 32.46181677842636)	(5, 32.891359930532104)	(6, 36.864634087510254)	(7, 36.243571807612526)	(8, 33.53116406966086)	(9, 35.05726277196199)	(10, 36.24194124173863)	(15, 36.91005837232862)	(20, 36.96444594529403)	(25, 37.294119349703315)	(30, 38.10260022191133)	(35, 37.89774711756476)	(40, 37.02864585845917)	(45, 37.354918230498335)	(50, 37.01659028414299)	(55, 37.39356939553282)	(60, 36.740571180471804)	(65, 37.20404264556901)	(70, 37.99444739254185)	(75, 38.140416807371324)	(80, 38.402498914564134)	(85, 38.07508321674948)	(90, 38.002204640841335)	(95, 38.03560229629987)	(100, 37.784360075256885)	(105, 37.26551208451927)	(110, 38.20421149114767)	(115, 36.83895991123546)	(120, 38.10103237010951)	(125, 37.04524096676154)	(130, 38.105653914805345)	(135, 36.1407689710068)	(140, 36.62574653866564)	(145, 37.345294032514836)	(150, 35.89623715567562)	(155, 36.31267306671812)	(160, 35.26658304790391)	(165, 35.07224661102803)	(170, 35.42716001736697)	(175, 35.30456847894254)	(180, 36.043673114959724)	(185, 34.41950890057407)	(190, 35.03111100390756)	(195, 34.171465097206806)	(200, 33.9373631144773)	(205, 32.68510299580298)	(210, 34.887211153456505)	(215, 32.51496454242848)	(220, 32.03072507115635)	(225, 32.746273336871056)	(230, 28.98228568671909)	(235, 29.866139225239998)	(240, 29.79999035168122)	(245, 32.274363018922465)	(250, 23.41310921520327)
SRR37700645_1	(1, 33.124377320894844)	(2, 33.07680463726112)	(3, 33.44545331038855)	(4, 33.511208223892766)	(5, 33.38404582918214)	(6, 36.710850466443254)	(7, 36.33631464541255)	(8, 33.3145095552939)	(9, 35.906190562449055)	(10, 35.95489086133502)	(15, 37.719731002626574)	(20, 37.75433837514718)	(25, 37.79000996286568)	(30, 38.617244814781266)	(35, 38.01959967394258)	(40, 38.200303414545786)	(45, 37.37363463454397)	(50, 37.59942487093561)	(55, 36.674350149442986)	(60, 37.3207182320442)	(65, 37.24612353953446)	(70, 37.3429444796667)	(75, 37.55132687256589)	(80, 36.5181912870211)	(85, 37.541767050086044)	(90, 36.775867222171904)	(95, 36.23445340096006)	(100, 36.036871660175706)	(105, 36.13057694049452)	(110, 36.19480572411919)	(115, 36.35899375056607)	(120, 35.23359297165111)	(125, 35.99062584910787)	(130, 35.84111493524137)	(135, 35.168644144552125)	(140, 36.30547957612536)	(145, 36.22050991757993)	(150, 35.73897291911964)	(155, 34.95480481840413)	(160, 35.460864052169185)	(165, 34.323956163390996)	(170, 34.38112489810705)	(175, 34.580952812245265)	(180, 34.78613350240015)	(185, 34.63455755819219)	(190, 34.13631011683724)	(195, 34.12935875373607)	(200, 33.234978715696045)	(205, 34.12050991757993)	(210, 33.631002626573675)	(215, 33.672479847839874)	(220, 32.75035775744951)	(225, 32.786618059958336)	(230, 32.05332397427769)	(235, 31.667208586178788)	(240, 32.60976813694411)	(245, 31.56131344603246)	(250, 27.509991188406424)
SRR37700645_2	(1, 32.83303142831265)	(2, 32.890023548591614)	(3, 32.66581378498324)	(4, 32.383774114663524)	(5, 32.990105062947194)	(6, 36.91966307399692)	(7, 36.33427678652296)	(8, 34.48634634543973)	(9, 35.1309663979712)	(10, 36.17322706276605)	(15, 37.08925821936419)	(20, 36.945014038583466)	(25, 37.50435196087311)	(30, 38.156321891133054)	(35, 37.944067566343634)	(40, 37.193940766234945)	(45, 37.33818947559098)	(50, 37.12778733810343)	(55, 37.274834707001176)	(60, 36.78373335748573)	(65, 37.23578027352595)	(70, 37.95096005796576)	(75, 38.13019654016846)	(80, 38.48933520514446)	(85, 38.16966307399692)	(90, 37.9681007155149)	(95, 38.048396884340185)	(100, 37.790879449325246)	(105, 37.445389910334214)	(110, 38.15148537270174)	(115, 37.414251426501224)	(120, 38.222375690607734)	(125, 37.47723032334028)	(130, 38.286762974368266)	(135, 36.325414364640885)	(140, 37.00019020016303)	(145, 37.76640702834888)	(150, 36.0378860610452)	(155, 36.07400597771941)	(160, 35.56894755909791)	(165, 35.39936147088126)	(170, 35.52808622407391)	(175, 35.89033602028802)	(180, 35.948926727651475)	(185, 34.74655375418892)	(190, 35.35396250339643)	(195, 34.824490535277604)	(200, 34.058038221175615)	(205, 32.651684630015396)	(210, 34.782782356670594)	(215, 32.733407300063405)	(220, 32.113169097002086)	(225, 32.639638619690245)	(230, 28.646730368626027)	(235, 29.746368082601215)	(240, 29.40102798659542)	(245, 32.478590602708536)	(250, 23.93931659960297)
SRR37700646_1	(1, 32.99765411182067)	(2, 33.08158477779226)	(3, 33.41637343064425)	(4, 33.455840827142794)	(5, 33.18901776793084)	(6, 35.012750336678394)	(7, 34.73975846040228)	(8, 33.39756288283592)	(9, 34.45634041444025)	(10, 35.96028932620878)	(15, 37.588022937573314)	(20, 37.78073330726791)	(25, 37.713319431773755)	(30, 38.59481298058126)	(35, 37.83580954863373)	(40, 38.23411095182241)	(45, 37.43514053607889)	(50, 37.63571397541161)	(55, 36.532851122985356)	(60, 37.805065380772405)	(65, 37.32211651244624)	(70, 37.78522524870759)	(75, 37.90688996046744)	(80, 37.11919284069681)	(85, 37.81888874408098)	(90, 37.32618706286111)	(95, 36.93779486511143)	(100, 36.97502932360224)	(105, 36.72153438463878)	(110, 37.12248142838525)	(115, 37.08489074243016)	(120, 36.83577479473478)	(125, 36.55076675789566)	(130, 35.95033667839611)	(135, 36.043937616751386)	(140, 36.34965028889179)	(145, 36.46069334028412)	(150, 36.133072679091185)	(155, 35.73415004995873)	(160, 35.96472913680003)	(165, 35.571397541161645)	(170, 35.462018332681694)	(175, 35.07528128936965)	(180, 35.21160345801295)	(185, 35.189048177592426)	(190, 34.92033971936227)	(195, 34.28790564316434)	(200, 34.377853077892176)	(205, 34.722038316173595)	(210, 33.75691819801034)	(215, 34.409631174247366)	(220, 34.007250532169074)	(225, 33.67691472262045)	(230, 33.168395673139585)	(235, 32.69132455797385)	(240, 32.713540987879576)	(245, 32.873972310434866)	(250, 30.02867007653009)
SRR37700646_2	(1, 32.911703375472435)	(2, 33.000868847473825)	(3, 32.733719970459184)	(4, 32.521243320735046)	(5, 32.927342630001306)	(6, 36.79169381815022)	(7, 36.344411138624615)	(8, 34.2241626482471)	(9, 34.34536687084582)	(10, 36.124922889786696)	(15, 36.66465528476476)	(20, 36.908301837612406)	(25, 37.25086667535514)	(30, 38.04457187540727)	(35, 37.77126286980321)	(40, 36.7134106607585)	(45, 37.288583344193924)	(50, 37.19660715061471)	(55, 37.75615361223337)	(60, 36.56486380815848)	(65, 36.5931187280073)	(70, 37.780998305747424)	(75, 37.85356444676137)	(80, 38.240045180068634)	(85, 37.79632043094834)	(90, 38.151023067900425)	(95, 37.918467353056165)	(100, 37.724688300968765)	(105, 36.877744471957946)	(110, 38.137273556627136)	(115, 35.73720404882923)	(120, 37.234584473695634)	(125, 36.159442199921806)	(130, 37.82983187801382)	(135, 36.11500065163561)	(140, 36.78388722359789)	(145, 37.116933837264874)	(150, 35.95652287240974)	(155, 36.35456362135627)	(160, 35.286993353316824)	(165, 35.017485555410744)	(170, 35.72917589817107)	(175, 35.551692080455275)	(180, 35.81256787870889)	(185, 33.95307789217603)	(190, 34.991467917807036)	(195, 34.431786784829924)	(200, 33.36028498197142)	(205, 33.0849993483644)	(210, 34.95944654415917)	(215, 32.7757939093792)	(220, 32.67321343238194)	(225, 33.22864155697467)	(230, 29.55344280811504)	(235, 30.27778357009427)	(240, 28.30367956905165)	(245, 32.25832365709025)	(250, 23.537382159033683)
SRR37700647_1	(1, 33.2850053828556)	(2, 33.08975911721168)	(3, 33.390896245458215)	(4, 33.433168483380435)	(5, 33.32213026510564)	(6, 36.701201049656845)	(7, 36.31797537343561)	(8, 33.291464809581484)	(9, 36.497729107791685)	(10, 36.11337639617817)	(15, 37.7157616740681)	(20, 37.727200242228506)	(25, 37.87591844973758)	(30, 38.622385950746875)	(35, 38.032734490647286)	(40, 38.24561297268201)	(45, 37.37003431570448)	(50, 37.65827950477728)	(55, 36.57795720629794)	(60, 37.64322433050733)	(65, 37.48629726820078)	(70, 37.579050598842684)	(75, 37.58397254743642)	(80, 36.587010496568425)	(85, 37.80174606378684)	(90, 37.080174269950206)	(95, 36.310267797066345)	(100, 35.946928408020455)	(105, 36.28698021800565)	(110, 36.51350760328354)	(115, 36.88468241151931)	(120, 35.329057327412194)	(125, 35.910388911317455)	(130, 35.88366303323913)	(135, 35.094082223119365)	(140, 36.408360247611355)	(145, 36.393540573274116)	(150, 35.8400518099852)	(155, 34.9292289059346)	(160, 35.54760126497107)	(165, 34.25156102812542)	(170, 34.130416498452426)	(175, 34.580191091373976)	(180, 34.758081011976856)	(185, 34.574105100255686)	(190, 34.09286435203875)	(195, 34.35976988292289)	(200, 33.16536805275199)	(205, 34.11235365361324)	(210, 33.64628582963262)	(215, 33.61290203202799)	(220, 32.43494146144529)	(225, 32.61765240209932)	(230, 31.937424303593055)	(235, 31.323721571793833)	(240, 32.50377809177769)	(245, 31.65058953045452)	(250, 26.914941279899836)
SRR37700647_2	(1, 32.6469183151662)	(2, 33.05044744987216)	(3, 32.91503498856143)	(4, 32.55024559278697)	(5, 33.0375790606917)	(6, 36.846454043870274)	(7, 36.26592988830575)	(8, 35.12192167945095)	(9, 35.42734827075763)	(10, 36.353956398869606)	(15, 37.102819270623066)	(20, 36.82615058538555)	(25, 37.46986946575158)	(30, 38.15627775534921)	(35, 37.837949132014536)	(40, 37.13946306015341)	(45, 37.16495424572736)	(50, 36.58166464809582)	(55, 37.08801978199435)	(60, 36.75963867581753)	(65, 37.045666801238056)	(70, 37.83098169829094)	(75, 38.02743910644597)	(80, 38.50992464002153)	(85, 38.16749428071592)	(90, 37.94260530211277)	(95, 37.928552684699234)	(100, 37.79759117211681)	(105, 37.444637330103625)	(110, 38.16774323778765)	(115, 37.449656842955186)	(120, 38.058780783205485)	(125, 37.57578724263222)	(130, 38.37554837841475)	(135, 36.41752119499394)	(140, 37.26561364553896)	(145, 37.94726483649576)	(150, 36.40871686179518)	(155, 35.58573206836227)	(160, 35.64217130937963)	(165, 35.88512649710672)	(170, 35.979006863140896)	(175, 36.19216121652536)	(180, 36.183844704615794)	(185, 34.957983447719016)	(190, 36.031553626698965)	(195, 35.6366034181133)	(200, 33.89284753061499)	(205, 32.800185035661414)	(210, 34.84330170905666)	(215, 32.873089086260265)	(220, 32.243268066209126)	(225, 32.93200107657112)	(230, 28.589802852913472)	(235, 29.73448728300363)	(240, 28.8042860987754)	(245, 32.438450790122026)	(250, 24.59005621921301)
SRR37700649_1	(1, 33.302279484638255)	(2, 33.1182337684246)	(3, 33.434810113236196)	(4, 33.49870316091348)	(5, 33.34025683739957)	(6, 36.73660460114291)	(7, 36.36469645530649)	(8, 33.34063640005904)	(9, 36.179111401640554)	(10, 36.067971237585134)	(15, 37.742584821710984)	(20, 37.76826434430551)	(25, 37.821365160365225)	(30, 38.62570482677182)	(35, 38.0290576302638)	(40, 38.22892267465154)	(45, 37.40593382957637)	(50, 37.6494106235371)	(55, 36.62144107289712)	(60, 37.33206250131793)	(65, 37.52763848765367)	(70, 37.65054931151551)	(75, 37.73013938384328)	(80, 36.82811715834089)	(85, 37.73949349471775)	(90, 36.76786369483162)	(95, 36.582320814794514)	(100, 36.8200830820488)	(105, 36.13134554962782)	(110, 36.877700693756196)	(115, 36.708339835101114)	(120, 36.232073044725134)	(125, 36.47529257955001)	(130, 36.46180967041309)	(135, 35.47058600257259)	(140, 36.548565042279066)	(145, 36.690226261518674)	(150, 36.50354891086604)	(155, 35.67021487463889)	(160, 35.670029310672035)	(165, 35.32557619720389)	(170, 35.26926175062734)	(175, 35.143272251860914)	(180, 35.44621807983468)	(185, 35.263079096640865)	(190, 34.88917192079792)	(195, 34.541724479682856)	(200, 33.34308247053117)	(205, 34.63291651730174)	(210, 33.83337620985598)	(215, 34.330080340762926)	(220, 33.56035678889991)	(225, 33.26430213187694)	(230, 32.68179575311557)	(235, 32.56530797292453)	(240, 33.58080678151951)	(245, 31.439711159122755)	(250, 27.575912723368017)
SRR37700649_2	(1, 32.75222993062438)	(2, 32.97686776458681)	(3, 32.86002572591359)	(4, 32.844590177761845)	(5, 32.85405815743415)	(6, 36.822132720409925)	(7, 36.36271429475149)	(8, 32.79811483879131)	(9, 33.77702802437636)	(10, 35.27776395419944)	(15, 37.107319233283434)	(20, 36.97406321826962)	(25, 37.57421926069629)	(30, 38.19202074942539)	(35, 37.824878223646756)	(40, 37.06751576239378)	(45, 37.37882040360163)	(50, 37.205170486894545)	(55, 37.341180439870946)	(60, 36.9408472682032)	(65, 37.37271787950994)	(70, 38.03519811062144)	(75, 38.03250743310208)	(80, 38.459747379963304)	(85, 38.209387849777535)	(90, 37.88570524850811)	(95, 37.94687387976298)	(100, 37.79919448368935)	(105, 37.3840583683023)	(110, 38.001686945153196)	(115, 37.29061004154102)	(120, 38.35322101090188)	(125, 37.57999704784598)	(130, 38.346477447651985)	(135, 36.161402694894875)	(140, 36.97310165953229)	(145, 37.79218522657782)	(150, 35.820108386226096)	(155, 36.77396200156043)	(160, 35.93738481327626)	(165, 35.90615102376484)	(170, 35.329848385804354)	(175, 35.46514982181642)	(180, 36.76082913354279)	(185, 35.00735929823082)	(190, 35.5152352234148)	(195, 35.11276384876537)	(200, 34.27165721274487)	(205, 32.97407587035826)	(210, 34.73411635704194)	(215, 33.434198595618156)	(220, 32.04761402694895)	(225, 32.85354785652531)	(230, 29.49836155451996)	(235, 30.24972692575333)	(240, 31.38585074752757)	(245, 32.402635776013696)	(250, 24.511001624963626)
SRR37700650_1	(1, 33.27601497832085)	(2, 33.115155695703585)	(3, 33.39304296413086)	(4, 33.462396531336225)	(5, 33.27871501773748)	(6, 36.49004729996059)	(7, 36.143555380370515)	(8, 33.308060701616085)	(9, 35.40675995270004)	(10, 35.626519511233745)	(15, 37.73380764682696)	(20, 37.73413480488766)	(25, 37.72992905005913)	(30, 38.55312968072526)	(35, 38.00802522664564)	(40, 38.14807252660623)	(45, 37.304394954670876)	(50, 37.629333858888444)	(55, 36.839771383523846)	(60, 37.89615293653922)	(65, 37.58949546708711)	(70, 37.91299960583366)	(75, 37.8758730784391)	(80, 36.9620969649192)	(85, 37.83333070555774)	(90, 37.20242412297989)	(95, 36.76757193535672)	(100, 37.26244383129681)	(105, 36.962018131651554)	(110, 37.18538037051636)	(115, 36.74547497043752)	(120, 36.67886874260938)	(125, 36.902479306267246)	(130, 36.451899881750094)	(135, 35.93757193535672)	(140, 36.9994954670871)	(145, 37.162313756405204)	(150, 36.982672447772956)	(155, 36.17752857705951)	(160, 36.327051635790305)	(165, 35.77603074497438)	(170, 35.506700827749306)	(175, 35.781411115490734)	(180, 35.817761135199056)	(185, 35.78931415057154)	(190, 35.30920378399685)	(195, 34.928175009854165)	(200, 34.06467481277099)	(205, 35.1116160819866)	(210, 34.38813559322034)	(215, 34.78586125344896)	(220, 34.1724674812771)	(225, 33.94101694915255)	(230, 33.33908553409539)	(235, 33.31961765865195)	(240, 33.49135593220338)	(245, 32.96446515568327)	(250, 30.01000640338038)
SRR37700650_2	(1, 32.78598738667718)	(2, 32.96192353173039)	(3, 32.82167914860071)	(4, 32.29666929444225)	(5, 32.68622388648009)	(6, 36.86314544737879)	(7, 36.361489948758376)	(8, 34.81663381947182)	(9, 35.515727236893966)	(10, 36.433709105242414)	(15, 37.12347260543949)	(20, 36.970709499408756)	(25, 37.415648403626335)	(30, 38.12162396531336)	(35, 38.025817895151754)	(40, 37.31668506109578)	(45, 37.3385810011825)	(50, 36.61471422940481)	(55, 37.316842727631055)	(60, 36.76053606621995)	(65, 37.24425305478912)	(70, 38.037729601891996)	(75, 38.129996058336616)	(80, 38.42345683878597)	(85, 38.17992905005912)	(90, 38.013539613716986)	(95, 37.99247142294048)	(100, 37.80830902640915)	(105, 37.38893575088687)	(110, 38.19733937721718)	(115, 37.173405597162)	(120, 38.25453291288924)	(125, 37.388056759952704)	(130, 38.284048088293254)	(135, 36.28128104059914)	(140, 36.94485218762318)	(145, 37.51918407567994)	(150, 36.312337406385495)	(155, 36.4086243594797)	(160, 35.66316121403232)	(165, 35.69354355538037)	(170, 35.40961765865195)	(175, 35.4933188805676)	(180, 36.63290894757588)	(185, 35.00171068190777)	(190, 35.63813165155696)	(195, 34.659365392195504)	(200, 34.73573117855735)	(205, 33.230035474970435)	(210, 35.25757193535672)	(215, 33.06406385494678)	(220, 32.20496649586126)	(225, 33.135289712258576)	(230, 29.45390224674813)	(235, 30.496424911312573)	(240, 30.003488372093024)	(245, 32.41678033289726)	(250, 24.127257376980943)
SRR37700651_1	(1, 33.17376814191005)	(2, 33.22085647733381)	(3, 33.55896792689482)	(4, 33.614011825837665)	(5, 33.107955563519084)	(6, 36.385611897509406)	(7, 36.04337932270202)	(8, 33.484285970256224)	(9, 35.162085647733385)	(10, 35.81573194767962)	(15, 37.717065042107144)	(20, 37.72519261781043)	(25, 37.61023472495969)	(30, 38.57338469808278)	(35, 37.984020784805594)	(40, 38.1638236875112)	(45, 37.389643433076515)	(50, 37.7098154452607)	(55, 36.6008708116825)	(60, 37.02264110374485)	(65, 37.14213581795377)	(70, 37.20564414979394)	(75, 37.65402974377351)	(80, 36.45194409604014)	(85, 37.442945708654364)	(90, 36.52554380935317)	(95, 36.27128113241355)	(100, 36.39575344920265)	(105, 35.88030818849669)	(110, 36.310650421071486)	(115, 36.14676222899122)	(120, 35.94420713133847)	(125, 35.82661888550439)	(130, 35.601135997133134)	(135, 34.59363554918474)	(140, 36.05354595950547)	(145, 36.031417308726034)	(150, 35.60348324672998)	(155, 35.10301021322344)	(160, 35.24215015230245)	(165, 34.66920623544168)	(170, 34.67196918115033)	(175, 34.30707041748791)	(180, 34.71077943020964)	(185, 34.583719763483245)	(190, 34.15685719405125)	(195, 33.804017201218414)	(200, 32.9656620677298)	(205, 34.066307113420535)	(210, 33.16986561548109)	(215, 33.4956495251747)	(220, 33.116201397599)	(225, 32.79151406557964)	(230, 32.07184017201219)	(235, 32.145862748611364)	(240, 32.990808098907)	(245, 31.465011870865318)	(250, 27.565479105633223)
SRR37700651_2	(1, 32.94845009854865)	(2, 33.10596667263931)	(3, 32.95300125425551)	(4, 32.35088693782476)	(5, 32.90940691632324)	(6, 36.87765633399032)	(7, 36.31454936391328)	(8, 33.67905393298692)	(9, 34.4011646658305)	(10, 35.7310410320731)	(15, 37.143429492922415)	(20, 37.15956638595234)	(25, 37.643529833363196)	(30, 38.1877943020964)	(35, 37.83631248880129)	(40, 36.96081705787493)	(45, 37.540283103386486)	(50, 37.258448306755064)	(55, 37.59813295108404)	(60, 36.968511019530546)	(65, 37.23154273427701)	(70, 38.041401182583776)	(75, 38.01742340082423)	(80, 38.29495072567641)	(85, 38.07372155527683)	(90, 38.00731410141552)	(95, 38.00756853610464)	(100, 37.8225120946067)	(105, 37.21052857910769)	(110, 38.15319118437556)	(115, 37.081970972943914)	(120, 38.15674610284895)	(125, 37.10041211252464)	(130, 38.084425730155886)	(135, 36.25634474108583)	(140, 36.694234008242255)	(145, 37.16160903063967)	(150, 35.712954667622284)	(155, 36.33119870990861)	(160, 35.528209998208204)	(165, 35.15018455473929)	(170, 35.28477333811145)	(175, 35.304895180075256)	(180, 36.30827091919011)	(185, 34.1764343307651)	(190, 34.64128292420713)	(195, 34.34045869915786)	(200, 34.03950546497044)	(205, 32.82957534492026)	(210, 34.51277190467658)	(215, 33.149048557606164)	(220, 32.195316251567824)	(225, 32.28644328973302)	(230, 29.279623723347072)	(235, 30.284278803081882)	(240, 30.44156244400645)	(245, 32.344368909595175)	(250, 23.968990032261715)
SRR37700652_1	(1, 33.35914932087737)	(2, 33.2163290785027)	(3, 33.50661902404374)	(4, 33.493553178207804)	(5, 33.44589620509288)	(6, 36.66601373312956)	(7, 36.14574768065093)	(8, 33.25608627332802)	(9, 35.33484727812816)	(10, 35.66379232408464)	(15, 37.74037497040274)	(20, 37.747594549798734)	(25, 37.782926146759365)	(30, 38.56856878403685)	(35, 38.006298297350234)	(40, 38.19215188238586)	(45, 37.26050326108014)	(50, 37.59152764922401)	(55, 36.69058699442495)	(60, 37.74192048561035)	(65, 37.53395613147642)	(70, 37.71772606926836)	(75, 37.731205200508)	(80, 36.80553199733087)	(85, 37.70681275157673)	(90, 37.044600383150005)	(95, 36.541597606388706)	(100, 37.03331683061756)	(105, 36.7243601610091)	(110, 36.96828895537809)	(115, 36.71330477645996)	(120, 36.47650946036119)	(125, 36.702908065522955)	(130, 36.31597821641518)	(135, 35.8833114492972)	(140, 36.78406268161956)	(145, 36.81853326732247)	(150, 36.71187980282842)	(155, 35.889932625869086)	(160, 36.145993068859376)	(165, 35.45308564909486)	(170, 35.36202079342188)	(175, 35.57246485997805)	(180, 35.6092214305702)	(185, 35.57934864498353)	(190, 35.13560496803496)	(195, 34.60739178164754)	(200, 33.844243063478054)	(205, 34.762881804679594)	(210, 34.08130959812299)	(215, 34.49466818778656)	(220, 33.85834212282326)	(225, 33.646795961857194)	(230, 32.992504897001524)	(235, 32.93028391846224)	(240, 33.388824073874765)	(245, 32.4302359388782)	(250, 29.3246488745358)
SRR37700652_2	(1, 32.644359299997845)	(2, 33.04401920055105)	(3, 32.834255332888475)	(4, 32.55031534537314)	(5, 33.01928665217298)	(6, 36.848139139419246)	(7, 36.166261273866155)	(8, 34.71991303786297)	(9, 35.1117377359709)	(10, 36.15483565447618)	(15, 36.99634070215468)	(20, 36.85772649977398)	(25, 37.39884624491465)	(30, 38.0639214757733)	(35, 37.99745140667714)	(40, 37.167720687948)	(45, 37.381793916955466)	(50, 36.83627009923155)	(55, 37.27510170695482)	(60, 36.688335449986006)	(65, 37.22477990399724)	(70, 37.98170351077339)	(75, 38.028167983296385)	(80, 38.45567298792432)	(85, 38.13662526637536)	(90, 37.9090169403965)	(95, 37.98933637557311)	(100, 37.79889360053382)	(105, 37.37432033923843)	(110, 38.06534644940482)	(115, 37.120425339561315)	(120, 38.280844652043825)	(125, 37.2975611856125)	(130, 38.265092451083795)	(135, 36.152368857222804)	(140, 36.88509804765697)	(145, 37.6876208106421)	(150, 36.10540069311406)	(155, 36.421241147728004)	(160, 35.410525862625654)	(165, 35.255526616010506)	(170, 35.21049572723164)	(175, 35.44641281184751)	(180, 36.34497277051897)	(185, 34.78883698904363)	(190, 35.45410164237897)	(195, 34.56020836472437)	(200, 34.40836041931249)	(205, 32.68947628990249)	(210, 34.970213315539105)	(215, 32.82347977699808)	(220, 31.915547710786313)	(225, 33.03380760703446)	(230, 28.752928514540326)	(235, 30.23887896334245)	(240, 30.366467916568013)	(245, 32.527225798731536)	(250, 23.968052859546596)
SRR37700653_1	(1, 33.36166587789872)	(2, 33.188610190881846)	(3, 33.48578640164064)	(4, 33.477551664300364)	(5, 33.47250354945575)	(6, 36.83748225272125)	(7, 36.29348477677867)	(8, 33.25884208865752)	(9, 36.263480044171004)	(10, 36.010077299258555)	(15, 37.710591575958354)	(20, 37.70448966713993)	(25, 37.826445811642216)	(30, 38.62111374033759)	(35, 38.02686859126045)	(40, 38.22040700425934)	(45, 37.336532576116106)	(50, 37.656715570279225)	(55, 36.247496450544254)	(60, 36.8655623915444)	(65, 36.691995582899516)	(70, 36.84299100804543)	(75, 37.15333648840511)	(80, 35.83573434295631)	(85, 37.411926171320395)	(90, 36.244934532260615)	(95, 35.58864174159962)	(100, 34.92948414576431)	(105, 35.58582110743019)	(110, 35.06976494715255)	(115, 35.474819372140715)	(120, 33.730052058684336)	(125, 34.97646947468055)	(130, 35.058312036598835)	(135, 34.06307619498344)	(140, 35.662495661776305)	(145, 35.435589209654516)	(150, 34.78804858810538)	(155, 33.95324183625178)	(160, 34.68750907083136)	(165, 33.08085186938003)	(170, 33.15838460324973)	(175, 33.193929641899345)	(180, 33.849906925382555)	(185, 33.576740810853444)	(190, 32.86133459536204)	(195, 33.4855213756113)	(200, 32.20938949361098)	(205, 33.066117684177314)	(210, 32.508704843035176)	(215, 32.60745858968291)	(220, 31.387133617289795)	(225, 31.62743650418047)	(230, 30.946912762265338)	(235, 30.175699637166748)	(240, 31.745044959772834)	(245, 30.68062622873028)	(250, 25.826626330619526)
SRR37700653_2	(1, 32.673103013093545)	(2, 33.0214544880896)	(3, 32.78157438081716)	(4, 32.82110743019404)	(5, 32.932954724719984)	(6, 36.868086448966714)	(7, 36.16147657359205)	(8, 34.00933901246253)	(9, 35.38725351001735)	(10, 36.3378892569806)	(15, 37.01149077141505)	(20, 36.893491086922225)	(25, 37.4105126991639)	(30, 38.181467108376715)	(35, 37.875721722669184)	(40, 37.02672345795867)	(45, 37.1838523426408)	(50, 36.83801861492349)	(55, 37.13128884682126)	(60, 36.77247515380975)	(65, 37.06033759268023)	(70, 37.856318031235205)	(75, 37.95504653730872)	(80, 38.482877425461425)	(85, 38.18443918599148)	(90, 37.967748856286484)	(95, 37.97509386338539)	(100, 37.8426250197192)	(105, 37.37525161697429)	(110, 38.1348793185045)	(115, 37.313841299889575)	(120, 37.99237103644107)	(125, 37.36318031235211)	(130, 38.30077299258558)	(135, 36.26464111058526)	(140, 36.97736551506547)	(145, 37.75864962927907)	(150, 36.16909291686385)	(155, 35.386672976810225)	(160, 35.35604985013409)	(165, 35.56297838775832)	(170, 35.681154756270715)	(175, 36.00377346584634)	(180, 35.643091970342326)	(185, 34.62833254456539)	(190, 35.3094305095441)	(195, 34.81740968607036)	(200, 33.50698848398801)	(205, 32.08424041646948)	(210, 34.47432087079981)	(215, 32.624357154125256)	(220, 32.190383341221015)	(225, 32.63537466477363)	(230, 28.00639217542199)	(235, 29.696223379081875)	(240, 28.119179681337748)	(245, 32.28100325689597)	(250, 24.114788701147667)
SRR37700654_1	(1, 33.32185279600803)	(2, 33.195639203775016)	(3, 33.4870640559744)	(4, 33.49541682486305)	(5, 33.39835656560178)	(6, 36.66754352660411)	(7, 36.166323154526225)	(8, 33.22462982046971)	(9, 35.031214405814396)	(10, 35.521966697401965)	(15, 37.72582849704399)	(20, 37.79150078646201)	(25, 37.7564517003851)	(30, 38.54789282421218)	(35, 38.01793675760699)	(40, 38.154271302272605)	(45, 37.37669360525031)	(50, 37.66202744481207)	(55, 37.01527363453924)	(60, 37.83974073873189)	(65, 37.59805282855128)	(70, 37.87905841514346)	(75, 37.90866192981505)	(80, 37.084921624993214)	(85, 37.84979660465369)	(90, 37.28435754189944)	(95, 36.796393122525366)	(100, 37.3258610402994)	(105, 37.02414167163855)	(110, 37.193762542713024)	(115, 36.71090199056245)	(120, 36.81490481097792)	(125, 36.85430926940392)	(130, 36.478608233443616)	(135, 36.05937516949612)	(140, 37.16787980691002)	(145, 37.14707381895103)	(150, 36.97522373488094)	(155, 36.2318706947985)	(160, 36.44784943320497)	(165, 35.91454141129252)	(170, 35.72285078917395)	(175, 35.855366925204756)	(180, 35.96284645007322)	(185, 35.941769268319135)	(190, 35.51339697347724)	(195, 35.00782665292618)	(200, 34.116423496230404)	(205, 35.163068828985196)	(210, 34.503850951890215)	(215, 34.95901719368661)	(220, 34.426576991918424)	(225, 34.102375657644956)	(230, 33.38086456581873)	(235, 33.4655963551554)	(240, 33.43591148234528)	(245, 33.00809261077448)	(250, 30.073249527258206)
SRR37700654_2	(1, 32.72265010576558)	(2, 32.95923957259858)	(3, 32.770922601290884)	(4, 32.85906058469382)	(5, 32.847453490264144)	(6, 36.80878125508488)	(7, 36.35263329175029)	(8, 34.5217768617454)	(9, 35.40676357324944)	(10, 36.43451212236264)	(15, 37.11839236318273)	(20, 36.95944025600694)	(25, 37.556272712480336)	(30, 38.12108260562999)	(35, 37.99157129684873)	(40, 37.25380484894505)	(45, 37.441508922275865)	(50, 36.84777892281825)	(55, 37.37739328524163)	(60, 36.79713076964799)	(65, 37.20600423062321)	(70, 37.99548191137387)	(75, 38.1205185225362)	(80, 38.340836361664046)	(85, 38.08636437598308)	(90, 38.014427509898574)	(95, 37.991110267397076)	(100, 37.79529749959321)	(105, 37.42875196615502)	(110, 38.20205022509085)	(115, 37.00201225795954)	(120, 38.2873677930249)	(125, 37.414926506481535)	(130, 38.188647827737704)	(135, 36.344443239138684)	(140, 36.83434940608559)	(145, 37.256337798991154)	(150, 36.162119650702394)	(155, 36.2413462059988)	(160, 35.484731789336664)	(165, 35.42230840158377)	(170, 35.23193578130933)	(175, 35.35363670879211)	(180, 36.51032705971687)	(185, 34.6719151705809)	(190, 35.201263763085095)	(195, 34.21836524380323)	(200, 34.54608124966101)	(205, 33.05415197700277)	(210, 35.032407658512774)	(215, 32.883256495091395)	(220, 32.23483755491674)	(225, 33.02798719965288)	(230, 29.10668221511092)	(235, 30.66810760969789)	(240, 29.550404078754678)	(245, 32.31799883906851)	(250, 23.975864162605255)
SRR37700655_1	(1, 33.34856200692908)	(2, 33.21526067537672)	(3, 33.491609967859084)	(4, 33.488187168677214)	(5, 33.45262345034854)	(6, 36.833472471511456)	(7, 36.29895228951872)	(8, 33.207121091956424)	(9, 35.52848854197103)	(10, 35.59488249780857)	(15, 37.70556413574321)	(20, 37.762457736778394)	(25, 37.69928622114622)	(30, 38.527219601786534)	(35, 37.990624869557955)	(40, 38.12171807822348)	(45, 37.31732687732186)	(50, 37.57905413866511)	(55, 36.872004007179534)	(60, 37.85429310848603)	(65, 37.537838627541014)	(70, 37.80377760153608)	(75, 37.74772300371499)	(80, 36.731168343281716)	(85, 37.74078557415369)	(90, 37.1602830070543)	(95, 36.53754643736695)	(100, 36.94189172266978)	(105, 36.966068372500736)	(110, 36.823166506657756)	(115, 36.51749384313562)	(120, 36.28981091121593)	(125, 36.645936469507866)	(130, 36.27058479776266)	(135, 35.670952122552904)	(140, 37.028893434069374)	(145, 36.95923947071837)	(150, 36.727474224652504)	(155, 35.89840965062404)	(160, 36.31158742747422)	(165, 35.397825270275916)	(170, 35.11471386233668)	(175, 35.53992152606754)	(180, 35.64064782735735)	(185, 35.51853320532621)	(190, 35.112839671077346)	(195, 34.7062987853237)	(200, 33.85172183495429)	(205, 34.82047835705639)	(210, 34.23340151104061)	(215, 34.507638685979046)	(220, 33.78215135451016)	(225, 33.64548148766541)	(230, 32.91719330467087)	(235, 32.818554076052926)	(240, 33.17712150937096)	(245, 32.778096139462704)	(250, 29.620509523774693)
SRR37700655_2	(1, 32.78928914304796)	(2, 32.97783528822474)	(3, 32.85436406895688)	(4, 32.29655215594607)	(5, 32.68727303084693)	(6, 36.87239637684184)	(7, 36.35290311808657)	(8, 35.31550277580666)	(9, 35.83710397796051)	(10, 36.63297574821555)	(15, 37.13081771507284)	(20, 36.933313853988395)	(25, 37.525082439370536)	(30, 38.120136077138206)	(35, 38.086964144091496)	(40, 37.36637308511082)	(45, 37.35686855616312)	(50, 36.620085987394084)	(55, 37.258521517719245)	(60, 36.70824811119924)	(65, 37.21118253537589)	(70, 37.999419793797216)	(75, 38.1233418207622)	(80, 38.4234753934132)	(85, 38.148002671453014)	(90, 38.00127311432984)	(95, 38.02297449597195)	(100, 37.82543306757942)	(105, 37.48160871561548)	(110, 38.17250907876612)	(115, 37.16903618984013)	(120, 38.3170722544559)	(125, 37.61455941895897)	(130, 38.365584171640855)	(135, 36.35906833075927)	(140, 37.006753767166174)	(145, 37.685569979546685)	(150, 36.49739950745085)	(155, 36.02636390199107)	(160, 35.57448762365906)	(165, 35.49627666235338)	(170, 35.51721834954293)	(175, 35.76968318236841)	(180, 36.48305714404976)	(185, 35.16600576032057)	(190, 35.788107859915684)	(195, 34.92368410068038)	(200, 34.76234920899946)	(205, 33.05506532537463)	(210, 35.144638310305965)	(215, 33.02712359644363)	(220, 32.24719288725633)	(225, 33.12969069583003)	(230, 28.978590808531955)	(235, 30.692774554409986)	(240, 29.341140376507912)	(245, 32.41377319795743)	(250, 24.10822667436998)
SRR37700656_1	(1, 33.35402825727465)	(2, 33.23960660303461)	(3, 33.503321825408335)	(4, 33.503350836983955)	(5, 33.4613130639125)	(6, 36.8012707070121)	(7, 36.27337607705474)	(8, 33.20496678174592)	(9, 35.614668252632804)	(10, 35.660831471757234)	(15, 37.714079317647744)	(20, 37.77415068612377)	(25, 37.795613449766456)	(30, 38.54036380515826)	(35, 37.99847399112245)	(40, 38.16344541472047)	(45, 37.31392845745452)	(50, 37.68759755142302)	(55, 36.209811714874235)	(60, 37.155589080042944)	(65, 36.43626446952334)	(70, 36.736017871130585)	(75, 36.95493341843395)	(80, 35.56081116365429)	(85, 36.84072064753836)	(90, 35.701969885984504)	(95, 35.44804897153964)	(100, 36.239438335896025)	(105, 36.403208680263425)	(110, 36.15271693405669)	(115, 35.22952798166468)	(120, 35.43276567350373)	(125, 35.82411442165424)	(130, 35.53876236618411)	(135, 34.598914967071856)	(140, 36.264370883982714)	(145, 36.280553540862805)	(150, 36.21502799617047)	(155, 35.25859177811947)	(160, 35.41318866227625)	(165, 34.757863587571435)	(170, 34.411540804781104)	(175, 34.364124285589945)	(180, 34.773042443935125)	(185, 34.86539789375961)	(190, 34.531828599611245)	(195, 33.76037599002002)	(200, 32.67613217673852)	(205, 33.861887493109755)	(210, 32.86037308886246)	(215, 33.95612869534945)	(220, 33.0771301749398)	(225, 32.69539586294932)	(230, 31.816449563375784)	(235, 31.971638283675183)	(240, 32.562348777162086)	(245, 31.23482396775635)	(250, 28.62477732146948)
SRR37700656_2	(1, 32.6800893556529)	(2, 32.82854158809365)	(3, 32.89625460558763)	(4, 32.3617163248136)	(5, 32.867272041544574)	(6, 36.92140764164902)	(7, 36.25161739534074)	(8, 33.968870579361166)	(9, 35.18021990774319)	(10, 36.23398996199484)	(15, 37.06875163190113)	(20, 36.91084742812383)	(25, 37.50466796251705)	(30, 38.10562534451246)	(35, 38.01242855899504)	(40, 37.37555484638371)	(45, 37.433200847138004)	(50, 36.783805738489654)	(55, 37.2742696335838)	(60, 36.72668194609649)	(65, 37.31663813861731)	(70, 38.061104180568044)	(75, 38.135617511387046)	(80, 38.449023760480436)	(85, 38.115605326525284)	(90, 37.89930082102759)	(95, 38.00962604079028)	(100, 37.822396936377615)	(105, 37.54933998665468)	(110, 38.082387072441904)	(115, 37.14717572311353)	(120, 38.45059618787896)	(125, 37.68981983811541)	(130, 38.36483216803505)	(135, 36.34545243552178)	(140, 36.99693637761467)	(145, 37.643180829150836)	(150, 36.783028228263085)	(155, 36.76186138269169)	(160, 35.69360294757608)	(165, 35.67167019640837)	(170, 35.37574632278279)	(175, 35.34999564826366)	(180, 37.150494647364305)	(185, 35.35948823580608)	(190, 35.94086860657403)	(195, 34.59031593605848)	(200, 34.885955496243)	(205, 33.65874844062781)	(210, 35.374620673648785)	(215, 33.45605616641039)	(220, 32.20514085119963)	(225, 33.55521192955989)	(230, 29.615585018422347)	(235, 31.189074240622006)	(240, 30.886663378688098)	(245, 32.558291235880915)	(250, 24.426850191335724)
SRR37700657_1	(1, 33.32606406046713)	(2, 33.16558247113975)	(3, 33.45571319414328)	(4, 33.4569316234021)	(5, 33.4368378663032)	(6, 36.81424116638787)	(7, 36.258513516304234)	(8, 33.18906304855131)	(9, 35.734093302769345)	(10, 35.75633066931003)	(15, 37.70865497800632)	(20, 37.75304297544555)	(25, 37.88145302851951)	(30, 38.58652293331681)	(35, 38.01732234681866)	(40, 38.218705986824446)	(45, 37.30635441835491)	(50, 37.63970840303161)	(55, 36.69735869318299)	(60, 37.70447927637693)	(65, 37.39883526423394)	(70, 37.574764058401996)	(75, 37.575974227123474)	(80, 36.60922702021766)	(85, 37.78898870371518)	(90, 37.04311174441897)	(95, 36.37083204262437)	(100, 36.31460669516552)	(105, 36.53176383123723)	(110, 36.51123226565888)	(115, 36.65686966937199)	(120, 35.53884724201309)	(125, 36.13551824546187)	(130, 35.96941949073788)	(135, 35.45900501827644)	(140, 36.67962331949693)	(145, 36.56457055531463)	(150, 36.170542923817194)	(155, 35.2669475249365)	(160, 35.82954794209363)	(165, 34.616851496189824)	(170, 34.56088222538877)	(175, 34.84770047291576)	(180, 35.08654564979452)	(185, 34.98321045784028)	(190, 34.30780827292815)	(195, 34.29309625591144)	(200, 33.31758461887945)	(205, 34.154860293662104)	(210, 33.71982322450076)	(215, 34.003209218759686)	(220, 32.978952150837415)	(225, 32.94275447617868)	(230, 32.249360840922705)	(235, 31.791111661813595)	(240, 32.65069078743572)	(245, 31.948422769132236)	(250, 27.595858141769114)
SRR37700657_2	(1, 32.83286867810751)	(2, 33.09466575800756)	(3, 32.91886087189972)	(4, 32.70001858620903)	(5, 32.86227619106623)	(6, 36.859013278813784)	(7, 36.322346818660556)	(8, 34.919377155483964)	(9, 35.557090638746054)	(10, 36.45958325589079)	(15, 37.14217623856432)	(20, 36.854213906614625)	(25, 37.527930941907776)	(30, 38.17575119261508)	(35, 38.00589802366644)	(40, 37.44862565309873)	(45, 37.491634140800855)	(50, 37.01142019288354)	(55, 37.23076224108379)	(60, 36.84338847242013)	(65, 37.22710695330731)	(70, 37.97798979823638)	(75, 38.137162092394114)	(80, 38.552047580695124)	(85, 38.21802036222456)	(90, 37.988534374161034)	(95, 38.057509861016456)	(100, 37.88809037027859)	(105, 37.640869008529)	(110, 38.23459513041323)	(115, 37.55174607108192)	(120, 38.209243541292366)	(125, 37.68814406377135)	(130, 38.45078578361522)	(135, 36.62296016355864)	(140, 37.442141131280586)	(145, 37.99486607603825)	(150, 36.63490077029511)	(155, 36.15768126716644)	(160, 35.88286145013733)	(165, 36.022922991140575)	(170, 35.93707535675195)	(175, 36.31033186708795)	(180, 36.43185263201371)	(185, 35.39879809181588)	(190, 36.1652396588398)	(195, 35.50425211159986)	(200, 34.57608987464634)	(205, 33.09861842512855)	(210, 35.25351589120872)	(215, 33.15212605579993)	(220, 32.63530553662516)	(225, 33.4394564566425)	(230, 29.009673089234457)	(235, 30.636201804927413)	(240, 29.238250418189704)	(245, 32.84760133147837)	(250, 24.604145372962076)
SRR37700658_1	(1, 33.37647971669021)	(2, 33.24232536856137)	(3, 33.52111891450968)	(4, 33.52547599625967)	(5, 33.48737640013529)	(6, 36.83323717247279)	(7, 36.30187215247797)	(8, 33.24278296162187)	(9, 35.7709846208941)	(10, 35.7693770765772)	(15, 37.73746891351492)	(20, 37.791078924855256)	(25, 37.843686210532596)	(30, 38.58864771302947)	(35, 38.00325885840479)	(40, 38.197807532379684)	(45, 37.337429122814)	(50, 37.60551897021666)	(55, 36.73951017647176)	(60, 37.847406641067984)	(65, 37.691673795833914)	(70, 38.03867656128763)	(75, 37.89635318226131)	(80, 37.052595348467065)	(85, 37.80423373057717)	(90, 37.08453136502)	(95, 36.88010663907845)	(100, 37.68198476016155)	(105, 37.02228677158148)	(110, 37.397210671865984)	(115, 36.99526490659133)	(120, 37.16004217814297)	(125, 37.18201858225733)	(130, 36.92582615442772)	(135, 36.44320474305155)	(140, 37.23265224916937)	(145, 37.38101983566441)	(150, 37.47403059904901)	(155, 36.53225633169529)	(160, 36.55385870322105)	(165, 36.2384139426616)	(170, 35.980737321687926)	(175, 36.186801424507095)	(180, 36.169870481268525)	(185, 36.204070588703416)	(190, 35.799518532518945)	(195, 35.04574338976981)	(200, 34.132690050335235)	(205, 35.26621968445974)	(210, 34.619823727194955)	(215, 35.22636531842509)	(220, 34.61734476652806)	(225, 34.152764458945946)	(230, 33.675256152637125)	(235, 33.72352227284483)	(240, 33.991962278415535)	(245, 32.806827911676415)	(250, 30.017122828281135)
SRR37700658_2	(1, 33.14107793008774)	(2, 33.102739589757874)	(3, 32.91144579511768)	(4, 32.895529514752404)	(5, 33.12341085888228)	(6, 36.937747448421305)	(7, 36.20494200505342)	(8, 34.05075303901478)	(9, 34.76121600381991)	(10, 35.9232596542188)	(15, 37.111764120724985)	(20, 36.94831187951375)	(25, 37.60185822573265)	(30, 38.13050156178501)	(35, 38.06075244215427)	(40, 37.34134850685395)	(45, 37.54509281180988)	(50, 36.912329148677955)	(55, 37.343385790740705)	(60, 36.8915424865209)	(65, 37.43993792650657)	(70, 38.12576248930625)	(75, 38.104450589897134)	(80, 38.51686528858206)	(85, 38.17588285617651)	(90, 37.86858723116408)	(95, 38.03691383323717)	(100, 37.867107017090106)	(105, 37.48114119730219)	(110, 37.99401547858266)	(115, 37.33681634601994)	(120, 38.51374967670055)	(125, 37.667735710164536)	(130, 38.42460259037463)	(135, 36.21554622684678)	(140, 36.92944710821081)	(145, 37.87356902691841)	(150, 36.33331874340966)	(155, 36.948666016751886)	(160, 35.952219326343425)	(165, 36.02489704156139)	(170, 35.2879653025088)	(175, 35.50380200147226)	(180, 37.0601436444303)	(185, 35.270429540616355)	(190, 35.8492330342399)	(195, 34.95607902433201)	(200, 34.92175954479438)	(205, 33.19505003680639)	(210, 35.19674114159521)	(215, 33.46139705150906)	(220, 31.99937926506575)	(225, 33.41198893818515)	(230, 29.417356703738342)	(235, 30.74481427690349)	(240, 31.37238127449615)	(245, 32.56887696739712)	(250, 24.580475441347115)
SRR37700659_1	(1, 33.36893458188724)	(2, 33.249143256280966)	(3, 33.52015803374588)	(4, 33.5163381572916)	(5, 33.49162901359876)	(6, 36.841398729618234)	(7, 36.31482330342916)	(8, 33.23412568484928)	(9, 35.40244035535765)	(10, 35.59983847379565)	(15, 37.72315718245913)	(20, 37.78216663392487)	(25, 37.746443149324435)	(30, 38.546818588610215)	(35, 38.003007879859425)	(40, 38.12897212581582)	(45, 37.322140003929015)	(50, 37.612961386506015)	(55, 36.91245279724096)	(60, 37.96946718180429)	(65, 37.646244515748805)	(70, 37.96553816602274)	(75, 37.905214677056726)	(80, 37.058040294239625)	(85, 37.859856372645325)	(90, 37.33895619147403)	(95, 36.703547028136114)	(100, 37.362779123829476)	(105, 37.13704407046035)	(110, 37.282430751096854)	(115, 36.76717962150481)	(120, 36.895889812935195)	(125, 37.000864383471935)	(130, 36.509344509200446)	(135, 36.21204461615699)	(140, 37.21751031366642)	(145, 37.22431624211468)	(150, 37.11883963067252)	(155, 36.322681334992254)	(160, 36.563813764651954)	(165, 35.99768624626198)	(170, 35.7145701001899)	(175, 35.97749547071792)	(180, 36.10085346953922)	(185, 36.0814790561631)	(190, 35.63367603082094)	(195, 35.10470827057822)	(200, 34.29379433785171)	(205, 35.29338833955427)	(210, 34.576526313491804)	(215, 35.052998057319975)	(220, 34.48970816143889)	(225, 34.16284897299893)	(230, 33.51254883984895)	(235, 33.62499727151682)	(240, 33.622906162006416)	(245, 33.25589991365424)	(250, 30.766588372850826)
SRR37700659_2	(1, 33.098683779713184)	(2, 33.14923711610242)	(3, 32.93648091153166)	(4, 32.59203719468273)	(5, 32.96062253072272)	(6, 36.84371248335625)	(7, 36.323292515224935)	(8, 34.79285355685067)	(9, 35.73324165629843)	(10, 36.6006984916945)	(15, 37.10417567066117)	(20, 37.019400606814656)	(25, 37.555086984043825)	(30, 38.14164975007094)	(35, 38.09486390325891)	(40, 37.375242835003164)	(45, 37.55150721410953)	(50, 36.91707593914391)	(55, 37.416122061423614)	(60, 37.01502193700478)	(65, 37.47755440595464)	(70, 38.125540785366596)	(75, 38.17625128238709)	(80, 38.424538886342305)	(85, 38.18734420361032)	(90, 38.0176631087246)	(95, 38.027206251500665)	(100, 37.842372252417434)	(105, 37.54573156091065)	(110, 38.22646410407526)	(115, 37.137498090061776)	(120, 38.46461048174099)	(125, 37.469984502215524)	(130, 38.26280313448147)	(135, 36.36947591295048)	(140, 36.89534848187196)	(145, 37.47415362451706)	(150, 36.264968458734415)	(155, 36.35155960098662)	(160, 35.43514722895249)	(165, 35.573090607469496)	(170, 35.47321939187567)	(175, 35.35113177482374)	(180, 36.517988343919846)	(185, 34.88653438980202)	(190, 35.54754763931635)	(195, 34.31381922161832)	(200, 34.67324121974112)	(205, 33.18528801868466)	(210, 35.328714557003465)	(215, 32.97966079497086)	(220, 32.391085499748975)	(225, 33.28072381201842)	(230, 29.160971776569973)	(235, 30.68767380437867)	(240, 30.204059982974265)	(245, 32.52639360579682)	(250, 23.952720790868604)
SRR37700660_1	(1, 33.30153325624224)	(2, 33.09861236027239)	(3, 33.523020257826886)	(4, 33.54329949890788)	(5, 33.24399331877168)	(6, 36.66799434665296)	(7, 36.31712278898454)	(8, 33.38755407083815)	(9, 35.636022956015246)	(10, 35.90695104715405)	(15, 37.73933359030366)	(20, 37.75714163347467)	(25, 37.66863248961412)	(30, 38.61889588419204)	(35, 38.02997558781961)	(40, 38.206634117092804)	(45, 37.465664482418944)	(50, 37.73923508501435)	(55, 36.81694290976059)	(60, 37.48063728639342)	(65, 37.58320270675404)	(70, 37.65216497494539)	(75, 37.859989721187205)	(80, 36.89477065398946)	(85, 37.74366782303311)	(90, 37.04625465758705)	(95, 36.63783031393208)	(100, 36.84041714848602)	(105, 36.359128870615436)	(110, 36.95718874469999)	(115, 36.665497451711)	(120, 36.51586791725556)	(125, 36.528853484089254)	(130, 36.25441346524476)	(135, 35.60062529444516)	(140, 36.47638871043728)	(145, 36.550982911473724)	(150, 36.24108527131783)	(155, 35.67232001370509)	(160, 35.67838023041672)	(165, 35.250841577797765)	(170, 35.279502334147075)	(175, 35.15997258983254)	(180, 35.347775065313286)	(185, 35.24264850743072)	(190, 34.88922009507902)	(195, 34.461334532528156)	(200, 33.67544220309221)	(205, 34.81543963338901)	(210, 33.983952203520495)	(215, 34.37862435222065)	(220, 33.86551458306566)	(225, 33.6294059702771)	(230, 32.81437748939997)	(235, 33.061193198852195)	(240, 33.64324382200523)	(245, 32.21936708103411)	(250, 28.810452923391423)
SRR37700660_2	(1, 32.800655274315815)	(2, 32.89973874684141)	(3, 32.72317872285751)	(4, 32.84603194997644)	(5, 32.685918026467945)	(6, 36.84018587519808)	(7, 36.081652319157136)	(8, 32.700929375990405)	(9, 34.4122660499379)	(10, 35.701940125915456)	(15, 37.00295087584051)	(20, 37.05951432609534)	(25, 37.510916955758276)	(30, 38.1810612874213)	(35, 37.75383528202492)	(40, 36.91919996573729)	(45, 37.48032035633217)	(50, 37.20458263737205)	(55, 37.34639170842434)	(60, 36.861210330206866)	(65, 37.307216583151316)	(70, 38.013722215084165)	(75, 38.12654503404857)	(80, 38.37745085442631)	(85, 38.132656644824195)	(90, 37.97756649107028)	(95, 37.98913015546704)	(100, 37.80259540023128)	(105, 37.339230802175685)	(110, 38.134048567390465)	(115, 37.12114865733008)	(120, 38.353539766157006)	(125, 37.218548974260145)	(130, 38.11721272859651)	(135, 36.182885776692785)	(140, 36.6373806158722)	(145, 37.20503233543192)	(150, 35.56406698359673)	(155, 36.43719217097092)	(160, 35.31377360914814)	(165, 35.0311919140006)	(170, 35.22837808899739)	(175, 35.165129127585764)	(180, 35.96417833740203)	(185, 33.99822262195383)	(190, 34.51026596428112)	(195, 34.088312133281946)	(200, 33.793156023812585)	(205, 32.441702000085655)	(210, 34.36109469356289)	(215, 32.668885177095376)	(220, 31.765908604222876)	(225, 32.0926078204634)	(230, 28.781909289477063)	(235, 29.452366268362674)	(240, 30.222510600025696)	(245, 32.161784536209815)	(250, 23.669795138535072)
SRR37700661_1	(1, 33.30159388070387)	(2, 33.10851953728475)	(3, 33.518764836655485)	(4, 33.54116583141791)	(5, 33.266796036022455)	(6, 36.471475941067865)	(7, 36.12159463431177)	(8, 33.37689814989261)	(9, 35.26319755831041)	(10, 35.818523682128195)	(15, 37.73385960284864)	(20, 37.74231131542258)	(25, 37.67720336109122)	(30, 38.5937676626851)	(35, 38.006149440446144)	(40, 38.19656731602547)	(45, 37.42597686423754)	(50, 37.69544444025773)	(55, 36.74190813519725)	(60, 37.21247597874826)	(65, 37.41939409925016)	(70, 37.54670108142734)	(75, 37.797727872188105)	(80, 36.83079995478353)	(85, 37.64711179773164)	(90, 36.71545272994461)	(95, 36.56421116093297)	(100, 36.83542333923659)	(105, 36.14089830061419)	(110, 36.86611025283545)	(115, 36.4280907343909)	(120, 36.44357360865142)	(125, 36.30975168619767)	(130, 36.11023776329175)	(135, 35.095026187874446)	(140, 36.361501940540336)	(145, 36.408481856889864)	(150, 36.06608010851953)	(155, 35.54489619051208)	(160, 35.51248728286673)	(165, 35.28426089905422)	(170, 35.27235012622932)	(175, 34.93956441463506)	(180, 35.267440370775084)	(185, 35.11076528882022)	(190, 34.828757677380466)	(195, 34.41618749764497)	(200, 33.38220354949319)	(205, 34.640269038019525)	(210, 33.73277440747579)	(215, 34.124326462941326)	(220, 33.62222389690644)	(225, 33.29727570744941)	(230, 32.61729906929425)	(235, 32.7234108293455)	(240, 33.46222163608275)	(245, 31.695386291908694)	(250, 28.243226350870987)
SRR37700661_2	(1, 32.89969478880138)	(2, 32.86024341535099)	(3, 32.660819925392815)	(4, 32.13363352047929)	(5, 32.776988582840346)	(6, 36.85558988658201)	(7, 36.176250047100496)	(8, 33.54949319868872)	(9, 34.04054410490222)	(10, 35.49084743208109)	(15, 36.90268284411621)	(20, 36.9074682542673)	(25, 37.43949658992426)	(30, 38.08401974452692)	(35, 37.70448019895248)	(40, 36.55967067334866)	(45, 37.18597158898225)	(50, 36.90295791099891)	(55, 37.399698556840875)	(60, 36.702057349561024)	(65, 36.95428991295829)	(70, 37.83928557971288)	(75, 37.888861675270356)	(80, 38.19954783526131)	(85, 38.05586118542522)	(90, 37.906300162025694)	(95, 37.86063152341836)	(100, 37.666694298956244)	(105, 36.89142017408342)	(110, 37.97013451900976)	(115, 36.5280191416406)	(120, 38.01110818041373)	(125, 36.87679641282641)	(130, 38.01656053355439)	(135, 35.68865066505897)	(140, 36.239553110516596)	(145, 36.832118768604694)	(150, 35.149274652398354)	(155, 36.04264290289762)	(160, 35.07074870944648)	(165, 34.53136516070688)	(170, 34.49102829797656)	(175, 34.627246693545345)	(180, 36.09626587286635)	(185, 33.72021929989826)	(190, 34.21505708579826)	(195, 33.77383473378801)	(200, 33.413907833754095)	(205, 32.1084328723765)	(210, 34.24596631372697)	(215, 32.481743848675535)	(220, 31.294943291005687)	(225, 31.545887184897698)	(230, 28.46128716228946)	(235, 29.320064810279213)	(240, 29.793130864011452)	(245, 31.580937729918627)	(250, 23.58693231249306)
SRR37700662_1	(1, 33.21310652050487)	(2, 33.24784906319605)	(3, 33.55210289557584)	(4, 33.607350307900596)	(5, 33.111739529195965)	(6, 35.47752980739835)	(7, 35.1610909726165)	(8, 33.418482770668646)	(9, 34.896667685723024)	(10, 35.87174302310346)	(15, 37.64283530593527)	(20, 37.76849368912958)	(25, 37.724335065729136)	(30, 38.61120234091802)	(35, 37.90133641961829)	(40, 38.23034895401145)	(45, 37.41899375464034)	(50, 37.685098484517624)	(55, 36.43718827794034)	(60, 37.32136524435516)	(65, 36.79235707734638)	(70, 37.25790714940821)	(75, 37.42723937633751)	(80, 36.35125999039176)	(85, 37.27108791544744)	(90, 36.42403808359174)	(95, 36.20376905271432)	(100, 36.524230248504175)	(105, 36.402026466349305)	(110, 36.591343844171725)	(115, 36.152727431541244)	(120, 36.056998733458535)	(125, 36.006961610691356)	(130, 35.59624404943879)	(135, 35.185701183561164)	(140, 36.072040005240865)	(145, 36.21492771978862)	(150, 35.985382364501895)	(155, 35.29023016115649)	(160, 35.472262741843906)	(165, 35.011049482464955)	(170, 34.820255928724286)	(175, 34.45181464820719)	(180, 34.7289382888588)	(185, 34.71605887234135)	(190, 34.431545617329775)	(195, 33.70766475957549)	(200, 33.42701663973446)	(205, 34.180879591212815)	(210, 32.96526182469319)	(215, 33.7401449971612)	(220, 33.15350482595973)	(225, 32.945350919334416)	(230, 32.262934008822114)	(235, 32.14998908153907)	(240, 32.51420710136699)	(245, 31.68123031884506)	(250, 29.06751444321688)
SRR37700662_2	(1, 32.857579595580205)	(2, 33.134668297156836)	(3, 32.830523649386386)	(4, 32.30809713062847)	(5, 33.01698912521291)	(6, 36.88258287111849)	(7, 36.21522470192602)	(8, 33.71081364370878)	(9, 34.30272524784906)	(10, 35.982622177577845)	(15, 36.90547233261999)	(20, 37.086286413067214)	(25, 37.39722234353845)	(30, 38.15029916582959)	(35, 37.968760099576365)	(40, 37.101546054068216)	(45, 37.50268157400533)	(50, 37.33154124994541)	(55, 37.77385683714024)	(60, 36.873581691924706)	(65, 37.0428309385509)	(70, 38.05511202340917)	(75, 38.06929292046993)	(80, 38.43134908503298)	(85, 37.97483076385553)	(90, 38.12590732410359)	(95, 38.0835698999869)	(100, 37.85729134821156)	(105, 37.32082368869284)	(110, 38.22892081932131)	(115, 36.52627418439097)	(120, 37.71801982792506)	(125, 36.787251605013765)	(130, 38.07751670524523)	(135, 36.447525876752415)	(140, 36.778905533476)	(145, 37.412171900248936)	(150, 36.38881949600385)	(155, 36.88198453945932)	(160, 35.620731973621005)	(165, 35.42164038957069)	(170, 35.71842162728742)	(175, 35.52668471852208)	(180, 36.53137528933921)	(185, 34.685980696161074)	(190, 35.452731798925626)	(195, 34.67455125125562)	(200, 34.01857011835611)	(205, 33.52789885137791)	(210, 35.23251080927632)	(215, 33.36662444861772)	(220, 32.82551425950998)	(225, 33.59961130279076)	(230, 30.0590470367297)	(235, 30.91557846006027)	(240, 29.98115473642836)	(245, 32.788320089500864)	(250, 23.989541457667315)
SRR37700663_1	(1, 33.28663018340851)	(2, 33.0575641700822)	(3, 33.511666246880225)	(4, 33.535891740892545)	(5, 33.240423144734734)	(6, 36.65855333959197)	(7, 36.30694021477801)	(8, 33.35726879307581)	(9, 35.96132621986124)	(10, 36.00412611911249)	(15, 37.73614819224693)	(20, 37.756105603004144)	(25, 37.78082568177134)	(30, 38.63756096444027)	(35, 38.03366381975133)	(40, 38.231653424312505)	(45, 37.42269136537449)	(50, 37.67311611293019)	(55, 36.83433700455659)	(60, 37.6569138827193)	(65, 37.788326883887066)	(70, 37.81829047695372)	(75, 37.8899182561308)	(80, 37.03600851784856)	(85, 37.78226822063976)	(90, 37.151855837702925)	(95, 36.839704165044765)	(100, 37.12861951320038)	(105, 36.481368351155176)	(110, 37.226844961417804)	(115, 36.98590891397431)	(120, 36.795457147436636)	(125, 36.8473152748838)	(130, 36.75508437707508)	(135, 36.06138346346713)	(140, 36.78304673367985)	(145, 36.928601195246486)	(150, 36.85022782955144)	(155, 36.07291919492592)	(160, 35.974423556888695)	(165, 35.75866095757104)	(170, 35.68687289629749)	(175, 35.618208046161236)	(180, 35.76503560552286)	(185, 35.65049801937124)	(190, 35.26562406979141)	(195, 34.83416298399469)	(200, 33.85386394339752)	(205, 35.0409039910242)	(210, 34.24113296544776)	(215, 34.764541020767986)	(220, 34.16112472236851)	(225, 33.81268976255352)	(230, 33.215854189087075)	(235, 33.34898449843153)	(240, 33.94958441142124)	(245, 32.21149477442387)	(250, 28.95005400749981)
SRR37700663_2	(1, 32.891580610445814)	(2, 32.902891946969525)	(3, 32.69953976140865)	(4, 32.17070043276166)	(5, 32.77022416596066)	(6, 36.904219998626154)	(7, 36.28134087422435)	(8, 32.38907334050786)	(9, 33.88622260893458)	(10, 35.332686098962746)	(15, 36.886414947450376)	(20, 36.90917500515192)	(25, 37.39253085430358)	(30, 38.12985597508758)	(35, 37.717605843427286)	(40, 36.857555011105255)	(45, 37.26395713598791)	(50, 37.04473244338607)	(55, 37.21343163968585)	(60, 36.77693769605935)	(65, 37.18793304787855)	(70, 37.94659858493806)	(75, 37.977125455086664)	(80, 38.388102488951986)	(85, 38.09308268266435)	(90, 37.83861424678864)	(95, 37.92141597783528)	(100, 37.76134453781513)	(105, 37.27436173379433)	(110, 37.94085590639526)	(115, 37.13513612529481)	(120, 38.34170311176241)	(125, 37.287449911844845)	(130, 38.18667826803746)	(135, 35.950889565635514)	(140, 36.75271220204703)	(145, 37.56191697387403)	(150, 35.59656996313512)	(155, 36.72892633892794)	(160, 35.49648982208687)	(165, 35.189714468893825)	(170, 35.18231401552447)	(175, 35.03523458429694)	(180, 36.35258397636984)	(185, 34.26937009136079)	(190, 35.0218166830765)	(195, 34.635637579282395)	(200, 33.86646669567009)	(205, 32.34864103679619)	(210, 34.295326632015204)	(215, 32.816220548164765)	(220, 31.491644723284413)	(225, 32.39596089116846)	(230, 28.9001350949099)	(235, 29.6841893160534)	(240, 30.656561262107022)	(245, 31.90966161159081)	(250, 24.048105386943384)
SRR37700664_1	(1, 33.32621513944223)	(2, 33.100261809903245)	(3, 33.53486624928856)	(4, 33.56589641434263)	(5, 33.28767216846898)	(6, 36.76758110415481)	(7, 36.37595902105862)	(8, 33.36462151394422)	(9, 35.91549231644849)	(10, 35.96042800227661)	(15, 37.7363688104724)	(20, 37.76206260671599)	(25, 37.80580535002846)	(30, 38.61633238474673)	(35, 38.020084234490604)	(40, 38.216468981217986)	(45, 37.413363688104724)	(50, 37.66610813887307)	(55, 36.71153557199772)	(60, 37.47282868525897)	(65, 37.718301650540695)	(70, 37.78445532157085)	(75, 37.86649516220831)	(80, 36.885755264655664)	(85, 37.74106772908366)	(90, 36.74461468412066)	(95, 36.671849743881616)	(100, 37.33214797951053)	(105, 36.34985088218555)	(110, 37.3131155378486)	(115, 36.879740466704604)	(120, 36.97196129766648)	(125, 36.88230392714855)	(130, 36.81721115537848)	(135, 35.899291974957315)	(140, 36.80793170176437)	(145, 36.97784405236198)	(150, 36.98434604439385)	(155, 36.2010608992601)	(160, 35.84724416619237)	(165, 35.915068867387596)	(170, 35.89421058622653)	(175, 35.72490836653386)	(180, 35.90303471826978)	(185, 35.69422424587365)	(190, 35.31735913488902)	(195, 34.90597154240182)	(200, 33.77958793397837)	(205, 35.10659077973819)	(210, 34.28295503699487)	(215, 34.93638702333523)	(220, 34.35957199772339)	(225, 33.9028389299943)	(230, 33.37613204325555)	(235, 33.48341491178145)	(240, 34.135121229368245)	(245, 32.215588631618424)	(250, 28.67470475136706)
SRR37700664_2	(1, 33.00489470688674)	(2, 33.04040978941377)	(3, 32.89154240182128)	(4, 32.570677290836656)	(5, 32.899191804211725)	(6, 36.77771200910643)	(7, 36.013409220261806)	(8, 32.7918952760387)	(9, 33.693659647125784)	(10, 35.201839499146274)	(15, 37.068198064883326)	(20, 37.01161980648833)	(25, 37.6351235059761)	(30, 38.20712578258395)	(35, 37.85942401821286)	(40, 37.00922481502561)	(45, 37.39781445645988)	(50, 37.17389641434263)	(55, 37.34917700626067)	(60, 36.90926807057484)	(65, 37.44050996015936)	(70, 38.08237677859988)	(75, 38.02732840068298)	(80, 38.44546385885031)	(85, 38.207795105293116)	(90, 37.87186795674445)	(95, 37.96792259533295)	(100, 37.82343540125213)	(105, 37.34404097894138)	(110, 37.96618782014799)	(115, 37.2632578258395)	(120, 38.44809561752988)	(125, 37.553807626636306)	(130, 38.323505976095625)	(135, 36.134602162777455)	(140, 36.79298804780876)	(145, 37.63341605008537)	(150, 35.36948890153671)	(155, 36.8411109846329)	(160, 35.90026636311895)	(165, 35.88734889015367)	(170, 34.89777120091064)	(175, 34.940475811041544)	(180, 36.71190893568583)	(185, 34.68293227091634)	(190, 35.04605577689243)	(195, 34.74761525327263)	(200, 34.285272623790554)	(205, 32.8042390438247)	(210, 34.58713716562322)	(215, 33.44141605008538)	(220, 31.80517700626067)	(225, 32.63048833238474)	(230, 29.7097233921457)	(235, 30.4789937393284)	(240, 31.553734775184978)	(245, 32.203687249070796)	(250, 24.43208070499491)
SRR37700665_1	(1, 33.29085158720862)	(2, 33.084971301393935)	(3, 33.5009956659248)	(4, 33.50427550661825)	(5, 33.227808363593766)	(6, 36.63427433524657)	(7, 36.2547264847136)	(8, 33.326672133067824)	(9, 35.96717816563196)	(10, 35.99657959470541)	(15, 37.72048260513061)	(20, 37.73423450860958)	(25, 37.72445589785639)	(30, 38.61469837179337)	(35, 38.02462691812112)	(40, 38.206920463863185)	(45, 37.371268595525365)	(50, 37.67888016867752)	(55, 36.687028230057386)	(60, 37.458994963101794)	(65, 37.54652922572332)	(70, 37.50699777439381)	(75, 37.65164811994846)	(80, 36.6829471711374)	(85, 37.62068173831556)	(90, 37.10549373316153)	(95, 36.376764671430244)	(100, 36.282979969544336)	(105, 36.21946351177229)	(110, 36.545685838116434)	(115, 36.65685838116434)	(120, 35.864528522900315)	(125, 36.165430479091015)	(130, 36.06677755651869)	(135, 35.350230760220214)	(140, 36.34430830502519)	(145, 36.33023310296357)	(150, 35.92566475342626)	(155, 35.22424739369802)	(160, 35.547466323064306)	(165, 34.69432353285698)	(170, 34.69418765374253)	(175, 34.67942368513529)	(180, 34.96152746866581)	(185, 34.834574206395686)	(190, 34.36818085978681)	(195, 34.21921986646363)	(200, 33.35031509898091)	(205, 34.34220452149467)	(210, 33.678177345671784)	(215, 33.98160946468314)	(220, 33.13011596579595)	(225, 33.05132013587911)	(230, 32.387138338994966)	(235, 32.18552653156847)	(240, 33.03445238374136)	(245, 31.8123919013563)	(250, 27.62577464452135)
SRR37700665_2	(1, 32.77383155675296)	(2, 32.93084221623521)	(3, 32.763008082464566)	(4, 32.14433641794541)	(5, 32.73379407285932)	(6, 36.86044277849361)	(7, 36.277427667798996)	(8, 33.652782007731055)	(9, 34.68197258990278)	(10, 35.87426964975987)	(15, 37.032245519503334)	(20, 36.97905587442896)	(25, 37.46611221740658)	(30, 38.175691694974816)	(35, 37.81072039358089)	(40, 36.991495841630545)	(45, 37.353688649408454)	(50, 37.10240599742299)	(55, 37.283153332552416)	(60, 36.81700831673889)	(65, 37.26557807192222)	(70, 37.977401897622116)	(75, 38.061033149818435)	(80, 38.44726718987935)	(85, 38.13214009605248)	(90, 37.95108351880052)	(95, 37.964765139978915)	(100, 37.82601850767249)	(105, 37.397240248330796)	(110, 38.15713716762328)	(115, 37.27106946234041)	(120, 38.225498418648236)	(125, 37.318191402131895)	(130, 38.18347897387841)	(135, 36.24526648705635)	(140, 36.88636757643201)	(145, 37.58506735387138)	(150, 35.79427902073328)	(155, 36.088789973058454)	(160, 35.38931709031275)	(165, 35.19851938620124)	(170, 35.63584397329272)	(175, 35.644132599273746)	(180, 35.927768536956776)	(185, 34.51276560852759)	(190, 35.21494201710203)	(195, 34.87869274920932)	(200, 33.93445941197142)	(205, 32.59233454375074)	(210, 34.50401780484948)	(215, 32.784369216352346)	(220, 32.028843856155554)	(225, 32.38231228768888)	(230, 28.82203584397329)	(235, 29.76869626332435)	(240, 29.576891179571277)	(245, 32.14992655988846)	(250, 24.053115969244907)
SRR37700666_1	(1, 33.306120943952806)	(2, 33.114060963618485)	(3, 33.530703048180925)	(4, 33.54700098328417)	(5, 33.25747295968535)	(6, 36.695427728613566)	(7, 36.33500491642084)	(8, 33.356047197640116)	(9, 34.88082595870206)	(10, 35.690540806293015)	(15, 37.74926253687316)	(20, 37.76664700098328)	(25, 37.5363470993117)	(30, 38.59064896755162)	(35, 38.015417895771876)	(40, 38.15383480825959)	(45, 37.49613569321534)	(50, 37.699223205506385)	(55, 36.872114060963625)	(60, 37.22077187807277)	(65, 37.4942772861357)	(70, 37.61026057030482)	(75, 37.93259587020649)	(80, 37.00889380530973)	(85, 37.84281710914454)	(90, 36.95981317600787)	(95, 36.57267944936087)	(100, 36.475973451327434)	(105, 36.32108161258604)	(110, 36.77114552605703)	(115, 36.21933136676499)	(120, 36.29394296951819)	(125, 36.25823008849558)	(130, 35.781366764995084)	(135, 34.98389872173058)	(140, 36.21677482792527)	(145, 36.210329400196656)	(150, 35.551337266470014)	(155, 35.253942969518185)	(160, 35.36945919370699)	(165, 34.859287118977385)	(170, 35.0188151425762)	(175, 34.76563913470993)	(180, 35.05394788593904)	(185, 34.82426253687316)	(190, 34.506366764995086)	(195, 34.350880039331365)	(200, 33.63673058013766)	(205, 34.73397246804326)	(210, 33.844513274336286)	(215, 34.02283677482792)	(220, 33.61684365781711)	(225, 33.41978859390364)	(230, 32.426224188790556)	(235, 32.72642084562439)	(240, 33.20012782694199)	(245, 31.994008998473287)	(250, 28.61626700202499)
SRR37700666_2	(1, 32.68557030481809)	(2, 33.02846607669616)	(3, 32.57249262536873)	(4, 31.97340216322517)	(5, 32.901499508357915)	(6, 36.8687069813176)	(7, 36.19768928220255)	(8, 33.08296460176991)	(9, 34.94835299901671)	(10, 36.0609046214356)	(15, 36.8949459193707)	(20, 37.06850049164209)	(25, 37.45704031465093)	(30, 38.09506882989184)	(35, 37.69693215339233)	(40, 36.559503441494584)	(45, 37.301047197640116)	(50, 37.127507374631264)	(55, 37.385181907571294)	(60, 36.679105211406096)	(65, 37.02868239921337)	(70, 37.853249754178954)	(75, 38.10452310717797)	(80, 38.16966568338249)	(85, 38.12347590953785)	(90, 38.07964601769912)	(95, 37.880398230088495)	(100, 37.65317600786627)	(105, 37.06430186823992)	(110, 38.24529498525074)	(115, 36.55395771878073)	(120, 38.11014749262536)	(125, 36.81451819075713)	(130, 37.84355457227139)	(135, 35.90512291052114)	(140, 35.95446411012783)	(145, 36.48081120943953)	(150, 35.12562438544739)	(155, 35.64659292035398)	(160, 34.641932153392325)	(165, 34.252055063913474)	(170, 34.64841199606686)	(175, 34.68658800393314)	(180, 35.16092920353982)	(185, 33.03440019665683)	(190, 33.31993117010816)	(195, 32.68254178957719)	(200, 32.91290560471977)	(205, 31.666848574237953)	(210, 34.08811209439528)	(215, 31.962541789577188)	(220, 31.61998525073746)	(225, 31.11184365781711)	(230, 27.91347590953786)	(235, 28.60722222222222)	(240, 29.04697640117994)	(245, 31.953865165212306)	(250, 23.00676090739286)
SRR37700667_1	(1, 33.33297306461525)	(2, 33.13974187805964)	(3, 33.5462521457181)	(4, 33.57782863924386)	(5, 33.29448788861339)	(6, 36.722932163519616)	(7, 36.3911034818912)	(8, 33.37230593171848)	(9, 36.057452264394854)	(10, 36.029067327865725)	(15, 37.74888846504334)	(20, 37.74873588064509)	(25, 37.76710534681162)	(30, 38.65587555894632)	(35, 38.03737046220357)	(40, 38.22256977557378)	(45, 37.42902494331066)	(50, 37.666700574310724)	(55, 36.682505774895624)	(60, 37.40061457604848)	(65, 37.577112340263206)	(70, 37.63326339881747)	(75, 37.770398626740416)	(80, 36.75311420518363)	(85, 37.59924979337529)	(90, 36.7312013902134)	(95, 36.570199419331594)	(100, 36.97284845402336)	(105, 36.225693517282295)	(110, 37.050454574353104)	(115, 36.63302180685358)	(120, 36.59821137177612)	(125, 36.64807256235828)	(130, 36.56249390722021)	(135, 35.718392777671816)	(140, 36.50610973361307)	(145, 36.681814906648015)	(150, 36.56536334159832)	(155, 35.83752728505732)	(160, 35.65628668913048)	(165, 35.52685273486342)	(170, 35.48598130841121)	(175, 35.35984063407294)	(180, 35.55762816029839)	(185, 35.448271769767096)	(190, 35.08779960582363)	(195, 34.69793375294043)	(200, 33.61647063809947)	(205, 34.86156780469197)	(210, 34.04872104605082)	(215, 34.59854197130566)	(220, 33.9942780850658)	(225, 33.60621781422849)	(230, 32.95170279949987)	(235, 33.16069680208532)	(240, 33.877813804649584)	(245, 31.879743948611225)	(250, 28.481494717635137)
SRR37700667_2	(1, 32.88785046728972)	(2, 32.980185220505646)	(3, 32.809968847352025)	(4, 32.34632419946172)	(5, 32.9201898828067)	(6, 36.91966007586835)	(7, 36.32220738762795)	(8, 32.97825672325005)	(9, 33.89069023247929)	(10, 35.332256765634604)	(15, 37.010049378006656)	(20, 37.024265157776505)	(25, 37.54964291012355)	(30, 38.20557780744697)	(35, 37.81193972916269)	(40, 36.91684997986734)	(45, 37.39611333630025)	(50, 37.26178820437833)	(55, 37.30802127704665)	(60, 36.876228622290036)	(65, 37.391196727912344)	(70, 38.07541483883273)	(75, 38.0785682497298)	(80, 38.441129972238116)	(85, 38.207633458367766)	(90, 37.8863458155848)	(95, 37.97035200372984)	(100, 37.81591963888359)	(105, 37.38613601203721)	(110, 38.007273189649695)	(115, 37.229232627630495)	(120, 38.461822112022375)	(125, 37.44441477525589)	(130, 38.25333248564223)	(135, 36.10251552334329)	(140, 36.677309428444275)	(145, 37.555483501811935)	(150, 35.36835569118613)	(155, 36.90435077457774)	(160, 35.75553860173353)	(165, 35.41313497361561)	(170, 35.08377731154768)	(175, 35.091533685125135)	(180, 36.45295950155763)	(185, 34.48809205925361)	(190, 35.006870536376546)	(195, 34.590726259351094)	(200, 34.024693241782686)	(205, 32.5649818806027)	(210, 34.4632038485176)	(215, 33.09901455909467)	(220, 31.651433657575183)	(225, 32.42298514421345)	(230, 29.164536842774492)	(235, 29.965537118274103)	(240, 31.327123996015853)	(245, 32.19462530706433)	(250, 24.000627439674403)
SRR37700668_1	(1, 33.305874147551144)	(2, 33.391041537507746)	(3, 33.54564476131432)	(4, 33.58082765034098)	(5, 33.30060446373218)	(6, 35.35430874147551)	(7, 35.09787662740236)	(8, 33.53808896466212)	(9, 34.65010849349039)	(10, 35.95390576565406)	(15, 37.692606943583385)	(20, 37.81363143211408)	(25, 37.715778053316804)	(30, 38.637159020458775)	(35, 37.90412275263485)	(40, 38.28917389956602)	(45, 37.47849504029758)	(50, 37.69139026658401)	(55, 36.68750774953502)	(60, 37.80840824550527)	(65, 37.4764181649101)	(70, 37.858230006199626)	(75, 37.943281153130805)	(80, 37.141452262864235)	(85, 37.861686298822065)	(90, 37.45325480471172)	(95, 36.86529758214507)	(100, 36.938522938623684)	(105, 36.828177309361436)	(110, 37.14839584624922)	(115, 37.009810911345326)	(120, 36.78311376317421)	(125, 36.55043397396157)	(130, 35.94411810291383)	(135, 36.04480781153131)	(140, 36.37336484810912)	(145, 36.38700402975822)	(150, 36.13316026038437)	(155, 35.65285957842529)	(160, 35.932199318040915)	(165, 35.332974271543705)	(170, 35.21253099814011)	(175, 34.98263329200248)	(180, 35.10961717296962)	(185, 35.02448078115313)	(190, 34.72658090514569)	(195, 34.27227991320521)	(200, 34.207796032238065)	(205, 34.649015809051456)	(210, 33.71012089274643)	(215, 34.192963422194666)	(220, 33.72157470551766)	(225, 33.62769683818971)	(230, 32.942258214507135)	(235, 32.57514724116553)	(240, 32.855401425914444)	(245, 32.86488079616622)	(250, 29.99929588997579)
SRR37700668_2	(1, 32.45544017358959)	(2, 32.87775108493491)	(3, 32.49473031618103)	(4, 32.320559516429014)	(5, 32.83570985740855)	(6, 36.82156695598264)	(7, 36.000232486050834)	(8, 33.24085554866708)	(9, 34.31288747675139)	(10, 36.168110663360196)	(15, 36.479851208927464)	(20, 36.67878177309362)	(25, 36.918715127092376)	(30, 37.922915375077494)	(35, 37.703557036577806)	(40, 36.398039367637935)	(45, 36.950705207687534)	(50, 36.78609733415995)	(55, 37.53287352758834)	(60, 36.404967451952885)	(65, 36.3699705517669)	(70, 37.69213422194668)	(75, 37.738065716057044)	(80, 38.23425294482331)	(85, 37.74582300061996)	(90, 38.10424674519529)	(95, 37.814747365158084)	(100, 37.67801456912586)	(105, 36.61852138871668)	(110, 38.108222256664604)	(115, 35.61745195288283)	(120, 37.20915995040297)	(125, 35.796799442033475)	(130, 37.74964352138872)	(135, 35.71015189088655)	(140, 36.341359268443895)	(145, 36.861895536267824)	(150, 35.52544172349659)	(155, 35.8803859268444)	(160, 34.4226673899566)	(165, 34.14539677619344)	(170, 35.3568893366398)	(175, 34.97474426534408)	(180, 35.37899101053937)	(185, 33.144730316181025)	(190, 34.28075790452573)	(195, 33.67683663980161)	(200, 32.57905300681959)	(205, 32.1292234965902)	(210, 34.47517048977061)	(215, 31.98282703037818)	(220, 31.876084934903908)	(225, 32.50490545567266)	(230, 28.136655300681962)	(235, 29.048008369497836)	(240, 27.174217296962183)	(245, 31.446316738749335)	(250, 22.951841845615444)
SRR37700669_1	(1, 33.393610200883316)	(2, 33.3837797407038)	(3, 33.58651517310158)	(4, 33.668328821769485)	(5, 33.38580994443653)	(6, 36.63028921498789)	(7, 36.41701097022368)	(8, 33.662594386664765)	(9, 35.267060834876766)	(10, 35.789962957686285)	(15, 37.76364866790141)	(20, 37.80619034050435)	(25, 37.65477988317424)	(30, 38.60542100014247)	(35, 37.97738281806525)	(40, 38.20787149166548)	(45, 37.411974640262144)	(50, 37.665906824333945)	(55, 36.422182647100726)	(60, 36.94016953982049)	(65, 37.1469226385525)	(70, 37.22287362872204)	(75, 37.60455193047443)	(80, 36.35911810799259)	(85, 37.37825901125516)	(90, 36.45693118677874)	(95, 36.08385809944436)	(100, 36.222204017666336)	(105, 35.99598945718763)	(110, 36.32655648952842)	(115, 35.886707508192046)	(120, 35.72786721755236)	(125, 35.82173386522297)	(130, 35.384050434534835)	(135, 34.729555492235356)	(140, 35.9568029633851)	(145, 35.93677161988887)	(150, 35.53235503632996)	(155, 35.016597805955264)	(160, 35.15565607636416)	(165, 34.50052714061832)	(170, 34.69078928622311)	(175, 34.270408890155295)	(180, 34.675495084769906)	(185, 34.52785297050862)	(190, 34.011846416868494)	(195, 33.710428836016526)	(200, 33.29024789856105)	(205, 34.08073799686565)	(210, 33.09947285938167)	(215, 33.67292349337513)	(220, 33.18927909958684)	(225, 32.94595383957829)	(230, 32.111005841287934)	(235, 32.21537256019376)	(240, 32.91354181507337)	(245, 31.530135026084174)	(250, 28.01575049277634)
SRR37700669_2	(1, 32.652229662345064)	(2, 32.79331101296481)	(3, 32.52329391651232)	(4, 31.94575438096595)	(5, 32.66355606211711)	(6, 36.849622453340935)	(7, 36.14852543097307)	(8, 33.310443083060264)	(9, 34.551966092035904)	(10, 35.80773614474996)	(15, 36.80349764923779)	(20, 36.882882176948286)	(25, 37.2651303604502)	(30, 37.97170537113549)	(35, 37.66661205299901)	(40, 36.593446359880325)	(45, 37.28247613620174)	(50, 37.016341359167974)	(55, 37.32420572731158)	(60, 36.665137483972075)	(65, 37.00785724462174)	(70, 37.879690839150875)	(75, 37.97476136201739)	(80, 38.24628152158427)	(85, 38.04365294201453)	(90, 37.96049294771335)	(95, 37.85502920643967)	(100, 37.685197321555776)	(105, 36.86324975067674)	(110, 38.07379968656504)	(115, 36.4980339079641)	(120, 37.98390796409745)	(125, 36.691822196894144)	(130, 37.89621740988745)	(135, 35.724533409317566)	(140, 36.0433822481835)	(145, 36.855157429833305)	(150, 35.348496936885596)	(155, 35.832219689414444)	(160, 34.55220829177945)	(165, 34.134164410884736)	(170, 34.747535261433256)	(175, 34.55998717766064)	(180, 35.40302749679442)	(185, 33.26416868499786)	(190, 33.76114118820344)	(195, 33.2752671320701)	(200, 32.90206582134207)	(205, 31.65678159281949)	(210, 34.12250320558484)	(215, 32.158227667758936)	(220, 31.50042741131215)	(225, 31.75876193189913)	(230, 28.16319276250178)	(235, 28.89927340076934)	(240, 29.26880609773472)	(245, 31.669666067485956)	(250, 23.101074740497427)
SRR37700670_1	(1, 33.32586102437433)	(2, 33.34431654005686)	(3, 33.4770471174908)	(4, 33.53017663233444)	(5, 33.23619331686629)	(6, 34.36440322505476)	(7, 34.3773593699026)	(8, 33.608332944959685)	(9, 34.19611315654565)	(10, 35.3346973015799)	(15, 37.739003588572494)	(20, 37.410048002982705)	(25, 37.441161392552544)	(30, 38.480328098056575)	(35, 37.9500116512094)	(40, 38.09710583958615)	(45, 37.55202498019294)	(50, 37.59190007922822)	(55, 37.00582560469777)	(60, 37.9631169315375)	(65, 37.896779605723076)	(70, 38.051116185860096)	(75, 38.14092370788088)	(80, 37.403868201519316)	(85, 38.07198583212937)	(90, 37.59360581628373)	(95, 37.49326560096938)	(100, 37.72118189868108)	(105, 37.28914573332712)	(110, 37.31776110360256)	(115, 37.30688353451088)	(120, 37.097469357319284)	(125, 36.71184228922962)	(130, 36.18503984713613)	(135, 36.43614671202871)	(140, 37.20868714172531)	(145, 37.451535629398336)	(150, 37.223805751036956)	(155, 36.48298457379876)	(160, 36.7179009181153)	(165, 36.44299762315328)	(170, 36.494878128349725)	(175, 36.0077177611036)	(180, 36.43401221046745)	(185, 36.30867316027403)	(190, 36.28701123176586)	(195, 35.33650556927809)	(200, 34.26288856783334)	(205, 35.61692687700984)	(210, 34.96666822016125)	(215, 34.87794193037237)	(220, 34.60352332572121)	(225, 34.39220767115627)	(230, 33.9866710164515)	(235, 33.843146758633544)	(240, 33.678230880365376)	(245, 33.606627190092865)	(250, 31.57886051550164)
SRR37700670_2	(1, 32.439297199049264)	(2, 32.92836836463625)	(3, 32.729272498485344)	(4, 31.73444563545696)	(5, 32.72302745024933)	(6, 36.82639698000652)	(7, 36.37050845877802)	(8, 34.81516521414923)	(9, 35.28643333177984)	(10, 36.3762315328331)	(15, 36.7967656242718)	(20, 36.806012024048094)	(25, 36.31136691988628)	(30, 37.8607074614345)	(35, 37.70409656522347)	(40, 36.84116139255254)	(45, 37.4333038169362)	(50, 36.53377452579578)	(55, 37.17402246353171)	(60, 36.23817868294729)	(65, 36.34389709651862)	(70, 37.930307125879665)	(75, 37.819676562427176)	(80, 38.36295847508971)	(85, 37.47656242717994)	(90, 37.536701309595934)	(95, 37.881418651256)	(100, 37.76281866057697)	(105, 36.813002749685424)	(110, 38.13183576455236)	(115, 36.97934473598359)	(120, 38.092389430022834)	(125, 36.90803933448292)	(130, 37.931360395209026)	(135, 36.259570303397496)	(140, 36.4536142051545)	(145, 37.666905904832916)	(150, 36.81243417066692)	(155, 37.11986764226127)	(160, 36.021065386587125)	(165, 36.072740830498205)	(170, 36.32537633406348)	(175, 35.73356946451042)	(180, 36.65378198256979)	(185, 35.2965652234702)	(190, 36.33091298876823)	(195, 35.75933261872582)	(200, 33.51091019247798)	(205, 33.10720044740644)	(210, 35.282192291559866)	(215, 33.55049634152025)	(220, 31.373444563545696)	(225, 32.431961597613835)	(230, 29.018884280188285)	(235, 31.29969706855572)	(240, 31.44855291979307)	(245, 32.42462926649509)	(250, 23.69237434879006)
SRR37700671_1	(1, 33.375527847879866)	(2, 33.38124984383199)	(3, 33.58989030758852)	(4, 33.661202868494044)	(5, 33.33687314160066)	(6, 36.59233902201344)	(7, 36.39711651383024)	(8, 33.538717173483924)	(9, 35.125134304490146)	(10, 35.75913145598561)	(15, 37.77009569975763)	(20, 37.78961045451139)	(25, 37.638080007995804)	(30, 38.604177806651506)	(35, 38.019769620949)	(40, 38.15772719322355)	(45, 37.47250693385972)	(50, 37.72117638239924)	(55, 36.771479973014166)	(60, 37.13982659103971)	(65, 37.446380650158666)	(70, 37.4990929761875)	(75, 37.876289947777416)	(80, 36.98081507208715)	(85, 37.70998225931386)	(90, 36.6665200769596)	(95, 36.55766722470703)	(100, 36.57469828340121)	(105, 36.11866769945779)	(110, 36.77369381074935)	(115, 36.380130431523455)	(120, 36.37218460308338)	(125, 36.25792458959047)	(130, 36.01716598785638)	(135, 34.96171010219634)	(140, 36.33522900477249)	(145, 36.30385047849879)	(150, 35.834296994078116)	(155, 35.394218035531345)	(160, 35.30761850028735)	(165, 35.09325104320232)	(170, 35.16704730016742)	(175, 34.89502011443992)	(180, 35.16808675445391)	(185, 34.94841708103246)	(190, 34.6838359861073)	(195, 34.42130381549687)	(200, 33.409140201394266)	(205, 34.69362084905425)	(210, 33.834701781564675)	(215, 34.06308188201194)	(220, 33.603563129357084)	(225, 33.3998450813323)	(230, 32.56531820794083)	(235, 32.73313510407037)	(240, 33.42055420904025)	(245, 31.829693625371597)	(250, 28.071012840491637)
SRR37700671_2	(1, 32.7164738512281)	(2, 32.83815996601784)	(3, 32.66787436595787)	(4, 32.0311586417131)	(5, 32.7561030459009)	(6, 36.890182654106596)	(7, 36.228530021738585)	(8, 33.53551885260239)	(9, 34.28032782789036)	(10, 35.60126433622348)	(15, 36.89729392069164)	(20, 36.88600484745509)	(25, 37.428769895804706)	(30, 38.09700407286175)	(35, 37.64129332100647)	(40, 36.43625096824167)	(45, 37.147897353889206)	(50, 36.87930836310936)	(55, 37.29852827265686)	(60, 36.65917893106119)	(65, 36.9058144474151)	(70, 37.821648634466904)	(75, 37.89492516428875)	(80, 38.106649009270136)	(85, 38.06876889632943)	(90, 37.968556507833384)	(95, 37.80122935458884)	(100, 37.617830638914576)	(105, 36.786961845031364)	(110, 38.00596686739462)	(115, 36.51409510007246)	(120, 38.04947902351265)	(125, 36.83917443342246)	(130, 37.87479573224057)	(135, 35.61922490692387)	(140, 35.98149471527448)	(145, 36.523225306713975)	(150, 34.80284350715874)	(155, 35.67304665050848)	(160, 34.860503235801204)	(165, 34.48463556632767)	(170, 34.05779965518103)	(175, 34.3942730066715)	(180, 35.58071012718323)	(185, 33.12026685989855)	(190, 33.34538867094775)	(195, 33.12436470852802)	(200, 32.918387846380654)	(205, 31.509042752554905)	(210, 33.847500062467205)	(215, 32.06361160390795)	(220, 31.24513130606432)	(225, 31.130251617900605)	(230, 27.936418380350318)	(235, 28.657904600084954)	(240, 28.684285749981257)	(245, 31.35853968937625)	(250, 23.335799238595378)
SRR37700672_1	(1, 33.13635058846044)	(2, 32.89761745287532)	(3, 33.388957994450294)	(4, 33.48196344847383)	(5, 33.195196631901254)	(6, 36.59098012949319)	(7, 36.30408573342264)	(8, 33.604567346027494)	(9, 35.333460912831306)	(10, 35.84198003380857)	(15, 37.7602015756068)	(20, 37.74618696775428)	(25, 37.66545466143591)	(30, 38.59156061620897)	(35, 37.99975759895385)	(40, 38.18144356201958)	(45, 37.42902433578924)	(50, 37.6982298344656)	(55, 36.5587025165056)	(60, 36.8266641150767)	(65, 37.08972666092559)	(70, 37.11453449430677)	(75, 37.648193155359934)	(80, 36.292597199630016)	(85, 37.32934009504673)	(90, 36.26303702994929)	(95, 36.18664880553695)	(100, 36.37313175772653)	(105, 35.773699486492525)	(110, 36.39251108346888)	(115, 36.07491468121073)	(120, 35.9552068382611)	(125, 35.82242847574395)	(130, 35.55897043345134)	(135, 34.40943450387523)	(140, 35.95627850604408)	(145, 35.97831786431921)	(150, 35.51749433865977)	(155, 35.048288839983414)	(160, 35.04379804165471)	(165, 34.65031735400122)	(170, 34.73408605237138)	(175, 34.39931107071094)	(180, 34.70029662233279)	(185, 34.502388926099584)	(190, 34.24274551079641)	(195, 33.878014863011515)	(200, 32.91411986093835)	(205, 34.13329505948394)	(210, 33.21530953975696)	(215, 33.494797945970085)	(220, 33.056224284757434)	(225, 32.763888623098275)	(230, 32.03497591936976)	(235, 32.21128440659586)	(240, 33.15419258125219)	(245, 31.355039347797458)	(250, 27.71243537782876)
SRR37700672_2	(1, 32.504959652983764)	(2, 32.9521576882595)	(3, 32.74468152967818)	(4, 32.36557905144643)	(5, 32.91423468248652)	(6, 36.81035307626065)	(7, 35.823908397920455)	(8, 32.45067457659554)	(9, 34.10892099639588)	(10, 35.49583133990368)	(15, 36.9174241699359)	(20, 36.93066054285076)	(25, 37.461097821580076)	(30, 38.099167543775714)	(35, 37.61893279749944)	(40, 36.49239307243326)	(45, 37.16665071922942)	(50, 36.95173667591618)	(55, 37.3355468376232)	(60, 36.64058303830575)	(65, 36.97383344496539)	(70, 37.834070104934135)	(75, 37.910732625267116)	(80, 38.19477561955794)	(85, 38.0357988071317)	(90, 37.90645233311007)	(95, 37.854757120530735)	(100, 37.67088954804963)	(105, 36.94855994641661)	(110, 37.951717538991474)	(115, 36.70386884827609)	(120, 38.09916116480082)	(125, 36.866035148151695)	(130, 37.95407138072912)	(135, 35.643338755462)	(140, 36.247287340924316)	(145, 36.74875769463847)	(150, 35.13796446910981)	(155, 35.92250821293018)	(160, 34.90531049660319)	(165, 34.455458807769595)	(170, 34.49612477274902)	(175, 34.567677734188116)	(180, 35.97362293879373)	(185, 33.67313494721398)	(190, 34.00041463336842)	(195, 33.70598028896756)	(200, 33.36818805218002)	(205, 31.975358019966187)	(210, 34.092456862182246)	(215, 32.44660479061015)	(220, 31.194463049787895)	(225, 31.336095429464486)	(230, 28.21890090262495)	(235, 29.107779159889002)	(240, 29.854227665614133)	(245, 31.457280798704723)	(250, 23.499053607686765)
SRR37700673_1	(1, 33.24034373262051)	(2, 33.22722950790262)	(3, 33.57573419924293)	(4, 33.677705817979586)	(5, 33.14196013706248)	(6, 36.55273497066791)	(7, 36.196372508566405)	(8, 33.36124217362444)	(9, 35.74304372006243)	(10, 35.911806390269284)	(15, 37.71147629213685)	(20, 37.7213720600635)	(25, 37.70324895498825)	(30, 38.60938985665847)	(35, 37.99240774295402)	(40, 38.16049227678011)	(45, 37.380395041351974)	(50, 37.6333937317235)	(55, 36.7335282825927)	(60, 37.621215981055244)	(65, 37.7006045819056)	(70, 37.76395471914749)	(75, 37.8600742720798)	(80, 36.995758956602856)	(85, 37.766512979673855)	(90, 37.23379559031951)	(95, 36.731056134622634)	(100, 36.98379648732531)	(105, 36.46321020433792)	(110, 37.13220789006297)	(115, 36.82377065355842)	(120, 36.6935361762437)	(125, 36.720417645897996)	(130, 36.48920543226709)	(135, 36.04301680988859)	(140, 36.60212410972174)	(145, 36.77800182989182)	(150, 36.602342979135656)	(155, 35.89523689923037)	(160, 35.89853070450835)	(165, 35.55179849661829)	(170, 35.52485244254678)	(175, 35.51475574532211)	(180, 35.611079815575614)	(185, 35.5641197682137)	(190, 35.135627276152206)	(195, 34.75901401123051)	(200, 33.98715487702051)	(205, 35.02422633250211)	(210, 34.22492599702194)	(215, 34.64322132720978)	(220, 34.15305071670763)	(225, 33.80541432697655)	(230, 33.099424122279835)	(235, 33.292057910694105)	(240, 33.78869413896414)	(245, 32.379807431510166)	(250, 29.250377091077763)
SRR37700673_2	(1, 33.01573348163829)	(2, 33.120127016020525)	(3, 32.88383774959186)	(4, 32.56425252507131)	(5, 33.04940707916973)	(6, 36.91042500134551)	(7, 36.34342763854254)	(8, 33.37464344019662)	(9, 34.46881110851976)	(10, 35.74327694156904)	(15, 37.06803609551318)	(20, 37.13474462245026)	(25, 37.54448969340342)	(30, 38.18809135107013)	(35, 37.88228413555551)	(40, 37.06030390556323)	(45, 37.58863673059328)	(50, 37.40799052761881)	(55, 37.41964442690299)	(60, 36.993602554672506)	(65, 37.463583358748494)	(70, 38.10135447874993)	(75, 38.151654975691145)	(80, 38.442184388511144)	(85, 38.09588991944888)	(90, 37.93809224807592)	(95, 38.047361905957914)	(100, 37.85333237652715)	(105, 37.473339193771196)	(110, 38.12872391955652)	(115, 37.27613785185052)	(120, 38.42145996663138)	(125, 37.260820580900955)	(130, 38.117378590265695)	(135, 36.34842575483038)	(140, 36.7919412999408)	(145, 37.4701315010495)	(150, 35.60373154410578)	(155, 36.75076873396602)	(160, 35.599472560592744)	(165, 35.45821208805009)	(170, 35.59679948332466)	(175, 35.32975368220879)	(180, 36.21026174629088)	(185, 34.390968945659395)	(190, 34.9034068280081)	(195, 34.46284063795052)	(200, 33.99364561095065)	(205, 32.67205468147325)	(210, 34.50197520675984)	(215, 32.98334080838162)	(220, 32.04744084246784)	(225, 32.743894081555766)	(230, 29.22220627545254)	(235, 30.049202561848546)	(240, 30.91267469187851)	(245, 32.481285000806196)	(250, 23.681117733421495)
SRR37700674_1	(1, 33.108138316451274)	(2, 32.86338339736873)	(3, 33.36444289207125)	(4, 33.47688904412621)	(5, 33.22715100710211)	(6, 36.572942135289324)	(7, 36.28657585283502)	(8, 33.47055536150891)	(9, 35.917778553964375)	(10, 35.9571684713005)	(15, 37.747737804168125)	(20, 37.782945628129006)	(25, 37.78158574921411)	(30, 38.61650483176155)	(35, 38.014809640237516)	(40, 38.20275701478636)	(45, 37.36951449528466)	(50, 37.7011619513331)	(55, 35.920586797066015)	(60, 36.365900570497146)	(65, 35.9641401792991)	(70, 36.14524158807777)	(75, 36.59043893351962)	(80, 35.08637093957388)	(85, 36.48411223658168)	(90, 34.90123646524624)	(95, 34.806086855280014)	(100, 35.465418558621494)	(105, 35.60148562114332)	(110, 35.27679590173478)	(115, 34.52839678658749)	(120, 34.52944463849109)	(125, 34.96194201886133)	(130, 34.935866806380254)	(135, 33.86800791710327)	(140, 35.5592967749447)	(145, 35.560032599837)	(150, 35.37548492257539)	(155, 34.318044009779946)	(160, 34.45942484573291)	(165, 33.84374898125509)	(170, 33.61346373268134)	(175, 33.2884945860985)	(180, 33.80798696006521)	(185, 33.85497263942252)	(190, 33.56088950983816)	(195, 32.683623239026666)	(200, 31.72651065316102)	(205, 32.99892420537898)	(210, 31.753209919664688)	(215, 33.057883339154735)	(220, 31.989549423681456)	(225, 31.65600186284783)	(230, 30.533789731051343)	(235, 30.86727674933054)	(240, 32.03979042961927)	(245, 29.368596696170385)	(250, 26.457810002627376)
SRR37700674_2	(1, 32.41341250436605)	(2, 32.931051344743274)	(3, 32.658167423448596)	(4, 31.827546862265688)	(5, 32.45567586447782)	(6, 36.73174991267901)	(7, 36.017766911165445)	(8, 33.16416346489696)	(9, 33.952846664338104)	(10, 35.37340784724648)	(15, 36.942428687856555)	(20, 36.93060891838398)	(25, 37.40960298055653)	(30, 38.11254395156596)	(35, 37.798388636628246)	(40, 37.03193386890208)	(45, 37.43165909884736)	(50, 37.146065898241936)	(55, 37.27925486086856)	(60, 36.805881942018864)	(65, 37.25804633833974)	(70, 38.00842007218536)	(75, 38.04058679706601)	(80, 38.447684247293054)	(85, 38.06102689486553)	(90, 37.8291815112353)	(95, 37.97825590872045)	(100, 37.793461404121544)	(105, 37.33905227616719)	(110, 37.92204447549191)	(115, 37.1851065316102)	(120, 38.40528117359413)	(125, 37.341194551170105)	(130, 38.20673419490045)	(135, 36.20214693212248)	(140, 36.360805681685875)	(145, 37.46798463150541)	(150, 36.31580859238561)	(155, 36.90921876819188)	(160, 35.52802421702177)	(165, 35.49184771219001)	(170, 35.20807544533706)	(175, 35.10194900454069)	(180, 36.86730934916754)	(185, 34.79407148678543)	(190, 35.16502037489813)	(195, 34.32434509256025)	(200, 34.05589474909768)	(205, 32.890119920828965)	(210, 34.399916171847714)	(215, 33.18451507742462)	(220, 31.925569915007564)	(225, 33.08091279543603)	(230, 29.58257305856328)	(235, 30.43276749330539)	(240, 31.11386191640471)	(245, 32.0249037836659)	(250, 24.29045226609854)
SRR37700675_1	(1, 33.13974772193705)	(2, 32.92785802395448)	(3, 33.403008236838964)	(4, 33.48859973737615)	(5, 33.22647328001273)	(6, 36.56961521626676)	(7, 36.28793124030082)	(8, 33.45859695197167)	(9, 35.392005889140904)	(10, 35.8116788030719)	(15, 37.748653057976206)	(20, 37.76960725796825)	(25, 37.685177669014365)	(30, 38.618395607019224)	(35, 38.00843977557598)	(40, 38.15379809796666)	(45, 37.408312442799726)	(50, 37.675774939317975)	(55, 36.78094385420397)	(60, 37.393669173530704)	(65, 37.49382436035175)	(70, 37.5987147347897)	(75, 37.85688591779078)	(80, 37.027862003103735)	(85, 37.75916597031555)	(90, 37.08183120448848)	(95, 36.64407305718038)	(100, 36.749504595917394)	(105, 36.21254625761013)	(110, 36.89222872149934)	(115, 36.528411125701325)	(120, 36.47480004774979)	(125, 36.40381600413831)	(130, 36.252003501651345)	(135, 35.66649954239783)	(140, 36.42647725916199)	(145, 36.51354900322311)	(150, 36.22946560025466)	(155, 35.653292746010905)	(160, 35.6896343161832)	(165, 35.37737455731965)	(170, 35.40697146949982)	(175, 35.22272890056106)	(180, 35.42330189805419)	(185, 35.416895467749)	(190, 35.05219847996498)	(195, 34.749452866977045)	(200, 33.8990648999244)	(205, 34.94147865186423)	(210, 33.95595479686443)	(215, 34.580486252039314)	(220, 34.1127850065656)	(225, 33.78228880665314)	(230, 32.90730173888823)	(235, 33.102825195973104)	(240, 33.52341331423342)	(245, 32.13491279324812)	(250, 27.84191483484711)
SRR37700675_2	(1, 32.568540845967135)	(2, 32.91164299072858)	(3, 32.64728820978075)	(4, 32.57138593768652)	(5, 32.6583104532251)	(6, 36.758386057061)	(7, 36.231526799570254)	(8, 32.83800883371135)	(9, 34.2860809358959)	(10, 35.618960646213836)	(15, 36.91933070709482)	(20, 37.082961282877726)	(25, 37.44824718475191)	(30, 38.1552584457443)	(35, 37.741808921252634)	(40, 36.7204568063348)	(45, 37.429274601090285)	(50, 37.26195933309458)	(55, 37.42205244518722)	(60, 36.87670606024433)	(65, 37.235167721141224)	(70, 38.01086705662329)	(75, 38.01719390394334)	(80, 38.288834507182365)	(85, 38.07324817953922)	(90, 37.95640841987983)	(95, 37.953042059607654)	(100, 37.80054116429908)	(105, 37.20559866300585)	(110, 38.113819585372646)	(115, 36.932294775377024)	(120, 38.240030241534356)	(125, 36.96388922048466)	(130, 37.975186025227806)	(135, 36.05018105129123)	(140, 36.40179857546456)	(145, 36.903716525406864)	(150, 35.10732959293303)	(155, 36.166587083681506)	(160, 35.19157614102105)	(165, 34.94513549003223)	(170, 35.041769129760056)	(175, 34.909175918188694)	(180, 35.80576578727468)	(185, 33.62444789304047)	(190, 34.00447654291513)	(195, 33.608829732203255)	(200, 33.36133460666109)	(205, 31.954032867772867)	(210, 34.06831005531017)	(215, 32.418940750467556)	(220, 31.707548446142216)	(225, 32.29481516851697)	(230, 28.628092793760693)	(235, 29.456054275595875)	(240, 29.460113007838924)	(245, 31.788657120359424)	(250, 23.29003081260644)
SRR37700676_1	(1, 33.19097248070672)	(2, 32.95292687163453)	(3, 33.416908608154046)	(4, 33.516117025236355)	(5, 33.297277848085564)	(6, 36.67398694756694)	(7, 36.378619816868905)	(8, 33.49363507779349)	(9, 35.92828606168887)	(10, 35.97694235588972)	(15, 37.7491252884687)	(20, 37.78392019653093)	(25, 37.83562867564952)	(30, 38.63635822228839)	(35, 38.0137522022879)	(40, 38.19561279436214)	(45, 37.41833296111567)	(50, 37.63970818134445)	(55, 36.54695650016129)	(60, 37.12663341522123)	(65, 37.47856274349239)	(70, 37.59671455867391)	(75, 37.76593463857664)	(80, 36.78366212561106)	(85, 37.59391051887144)	(90, 36.372073748728255)	(95, 36.50234497133924)	(100, 37.13385443807539)	(105, 36.12642993622671)	(110, 36.90393310007693)	(115, 36.550003722176726)	(120, 36.64276036626219)	(125, 36.55670860319115)	(130, 36.54675302116678)	(135, 35.70646914315491)	(140, 36.63266086007097)	(145, 36.77430705476563)	(150, 36.74382490880667)	(155, 35.89071192833569)	(160, 35.59854586962456)	(165, 35.69689570460805)	(170, 35.59511650413162)	(175, 35.36341844710786)	(180, 35.618610883644756)	(185, 35.43537556763195)	(190, 35.110647906895956)	(195, 34.546544579269955)	(200, 33.4553016203876)	(205, 34.78383086428944)	(210, 33.9765453237053)	(215, 34.63472046452765)	(220, 34.01317154271818)	(225, 33.52427603662622)	(230, 32.854214744782745)	(235, 33.03416461946947)	(240, 33.83667088513362)	(245, 31.540680841658798)	(250, 28.16328133411608)
SRR37700676_2	(1, 32.93605300379662)	(2, 33.038611379934984)	(3, 32.89607682572768)	(4, 32.94029628526762)	(5, 33.10767016551279)	(6, 36.8361745949031)	(7, 36.114444527159485)	(8, 32.66949552098067)	(9, 33.459539938956304)	(10, 35.05154966624482)	(15, 37.13281719149359)	(20, 37.08237921536515)	(25, 37.669401225836864)	(30, 38.21853644011018)	(35, 37.88824040298766)	(40, 37.09028015583514)	(45, 37.518246110325315)	(50, 37.38231717908633)	(55, 37.48071168019057)	(60, 37.01672994367106)	(65, 37.49199235713046)	(70, 38.13798853569567)	(75, 38.023816968162976)	(80, 38.44533114965632)	(85, 38.21830814660413)	(90, 37.87274125908831)	(95, 37.96641107719795)	(100, 37.82494354698628)	(105, 37.37546837390506)	(110, 37.959100722102285)	(115, 37.342112707511355)	(120, 38.45403608029976)	(125, 37.54500111665301)	(130, 38.3130499516117)	(135, 36.242596590486116)	(140, 36.610620610933275)	(145, 37.624323184198126)	(150, 35.52522891386883)	(155, 37.07247326236383)	(160, 36.16576589989826)	(165, 36.125278542891884)	(170, 34.996377081317156)	(175, 35.12042978733964)	(180, 36.9309511402268)	(185, 34.87855281768778)	(190, 35.03883967344103)	(195, 34.87136653514976)	(200, 34.37280329536713)	(205, 32.97574629643415)	(210, 34.586356981562815)	(215, 33.60242189632497)	(220, 32.192357130449885)	(225, 33.14842055634135)	(230, 30.046671133278743)	(235, 30.89670215141815)	(240, 31.72372019156803)	(245, 32.36064032104111)	(250, 24.664841177072134)
SRR37700677_1	(1, 33.16041792756347)	(2, 32.94489217341445)	(3, 33.41738604147422)	(4, 33.51014557385405)	(5, 33.22995572261332)	(6, 36.605708278915685)	(7, 36.27480648552225)	(8, 33.470773739368646)	(9, 35.11168094798204)	(10, 35.72404039117001)	(15, 37.74698818207881)	(20, 37.77071321632211)	(25, 37.633236708820434)	(30, 38.615927117510275)	(35, 38.01499060300067)	(40, 38.141604816360335)	(45, 37.453636160927594)	(50, 37.67154461185614)	(55, 36.72056190870576)	(60, 37.0592170229032)	(65, 37.36497945401841)	(70, 37.466454305099866)	(75, 37.8438887650113)	(80, 36.95297677826267)	(85, 37.698327652661426)	(90, 36.82113209951263)	(95, 36.47588315866595)	(100, 36.405893033478804)	(105, 36.05562386519288)	(110, 36.581435351830024)	(115, 36.36175580543433)	(120, 36.110298474182144)	(125, 36.11109483005765)	(130, 35.80296244385691)	(135, 35.00455515560793)	(140, 36.18032682445131)	(145, 36.136457171981014)	(150, 35.597254164941226)	(155, 35.191705157200644)	(160, 35.307093938139076)	(165, 34.84711241359539)	(170, 34.984964801070305)	(175, 34.67353868696843)	(180, 35.013448858025676)	(185, 34.87096486477877)	(190, 34.543216640652375)	(195, 34.1964323256777)	(200, 33.52625107508043)	(205, 34.58469722549613)	(210, 33.77814799477591)	(215, 33.92257509635906)	(220, 33.416557831363676)	(225, 33.242996846430735)	(230, 32.36621539833721)	(235, 32.51960628165514)	(240, 33.182416462268655)	(245, 31.49013735268671)	(250, 27.748086831538682)
SRR37700677_2	(1, 32.84426464498455)	(2, 32.977351638900394)	(3, 32.77657439556589)	(4, 32.86328162329182)	(5, 32.99429809193132)	(6, 36.89653744465327)	(7, 36.28828082693594)	(8, 33.44943140190488)	(9, 34.32688815978084)	(10, 35.60968368744624)	(15, 36.92864014270698)	(20, 37.03295002070526)	(25, 37.51068709584939)	(30, 38.11208231134329)	(35, 37.679399866212215)	(40, 36.525365527346864)	(45, 37.22580193036664)	(50, 37.09243461918262)	(55, 37.41198356321473)	(60, 36.7361258879368)	(65, 36.96404293950881)	(70, 37.818399006147864)	(75, 37.90672442901284)	(80, 38.13397254164941)	(85, 38.018883190520185)	(90, 37.973095913101645)	(95, 37.852139011881626)	(100, 37.643391838944986)	(105, 36.89615519383302)	(110, 38.039397317873416)	(115, 36.61251871436308)	(120, 38.07372344153155)	(125, 36.8516357149683)	(130, 37.89702162902559)	(135, 35.6282228522282)	(140, 35.91138788901985)	(145, 36.4630968687287)	(150, 34.91637626222406)	(155, 35.54412130092696)	(160, 34.769439046921285)	(165, 34.16332940464435)	(170, 34.445557926926384)	(175, 34.562889816201064)	(180, 35.44690854649125)	(185, 33.16875736629185)	(190, 33.49962730545026)	(195, 33.23382919759182)	(200, 32.99094702640716)	(205, 31.662198579301116)	(210, 33.830446277832635)	(215, 31.907660943522444)	(220, 31.29408466855668)	(225, 31.310470487051255)	(230, 27.874653585194153)	(235, 28.618781256968113)	(240, 28.744446214124167)	(245, 31.440499888909635)	(250, 23.02416268869341)
SRR37700678_1	(1, 33.07971240127947)	(2, 33.199082854473914)	(3, 33.52744359838084)	(4, 33.56769609647012)	(5, 33.25691397514649)	(6, 36.47119766750644)	(7, 36.243892773232936)	(8, 33.56540323265491)	(9, 35.11869108613808)	(10, 35.83981657089478)	(15, 37.75688849888187)	(20, 37.76078353667167)	(25, 37.65968239590116)	(30, 38.59648427548334)	(35, 38.008197695813394)	(40, 38.191326747247146)	(45, 37.45967107311688)	(50, 37.71559430463951)	(55, 36.7610382993178)	(60, 37.144020154556)	(65, 37.44629320349875)	(70, 37.50523395703003)	(75, 37.84614034591106)	(80, 36.793557335748865)	(85, 37.652911370906104)	(90, 36.70583406459649)	(95, 36.57215727347355)	(100, 36.849622102074896)	(105, 36.038735244996744)	(110, 36.84952585840858)	(115, 36.47379624649701)	(120, 36.50557364055821)	(125, 36.25344354176691)	(130, 36.018314603561016)	(135, 34.977303478925464)	(140, 36.257423500438755)	(145, 36.37416140628981)	(150, 35.91779658618054)	(155, 35.47555127805928)	(160, 35.38164010530189)	(165, 35.17923401364395)	(170, 35.218654287089194)	(175, 34.86352081976958)	(180, 35.11237297251394)	(185, 34.94520904690463)	(190, 34.665145639312705)	(195, 34.29568884988819)	(200, 33.3149998584652)	(205, 34.551413932686046)	(210, 33.651297874147254)	(215, 33.981996773006486)	(220, 33.5632971947802)	(225, 33.27307158830356)	(230, 32.479672771534524)	(235, 32.6640699748068)	(240, 33.457723554221985)	(245, 31.745618115941983)	(250, 28.02076573349831)
SRR37700678_2	(1, 32.33979675602231)	(2, 32.88360177767713)	(3, 32.62742378350836)	(4, 31.55314631867976)	(5, 32.39660882611034)	(6, 36.71871373170663)	(7, 35.89919891301271)	(8, 33.01585189798171)	(9, 33.972117643728595)	(10, 35.399343278512184)	(15, 36.84004868797237)	(20, 36.87513233504119)	(25, 37.3940781838254)	(30, 37.99817137033996)	(35, 37.527115237636934)	(40, 36.26564950321284)	(45, 37.0442607637218)	(50, 36.7125371528859)	(55, 37.26983893339373)	(60, 36.53535256319529)	(65, 36.75015144223964)	(70, 37.704679140600675)	(75, 37.72885894641492)	(80, 38.103733688113905)	(85, 37.87563619894132)	(90, 37.831013106122796)	(95, 37.789554731508474)	(100, 37.56463328332437)	(105, 36.59539728819317)	(110, 37.81576697709967)	(115, 36.310929317519175)	(120, 37.89874034024967)	(125, 36.51306932374671)	(130, 37.7594021569904)	(135, 35.27811022730489)	(140, 35.8842981289099)	(145, 36.45017691850426)	(150, 34.60103037336881)	(155, 35.54045347751012)	(160, 34.49342995442579)	(165, 34.061420443287005)	(170, 34.02103773317859)	(175, 34.13713590171824)	(180, 35.744189996320095)	(185, 33.084439663713304)	(190, 33.36737905851048)	(195, 33.092631698134575)	(200, 32.80960738245535)	(205, 31.45507968409432)	(210, 33.59470659835254)	(215, 31.941472528094653)	(220, 30.65663656693181)	(225, 30.7336711297308)	(230, 27.68195431256546)	(235, 28.55898321397232)	(240, 29.045517592776065)	(245, 30.75784066880838)	(250, 23.364501899102443)
SRR37700679_1	(1, 32.98648757016841)	(2, 33.14983961507618)	(3, 33.49458700882117)	(4, 33.51672012830794)	(5, 33.22233360064154)	(6, 36.22113071371291)	(7, 35.929711307137126)	(8, 33.43825180433039)	(9, 35.190457097032876)	(10, 35.78177225340818)	(15, 37.723961507618284)	(20, 37.78831595829992)	(25, 37.71243785084202)	(30, 38.585445068163594)	(35, 37.96797113071372)	(40, 38.18434643143545)	(45, 37.43281475541299)	(50, 37.67342421812349)	(55, 36.881876503608666)	(60, 37.626776263031275)	(65, 37.510505212510026)	(70, 37.761130713712916)	(75, 37.8803448275862)	(80, 37.00576583801123)	(85, 37.78095429029671)	(90, 37.19978348035285)	(95, 36.72872493985566)	(100, 37.118516439454694)	(105, 36.582606255012024)	(110, 37.071443464314356)	(115, 36.66036086607859)	(120, 36.67564554931836)	(125, 36.57931034482759)	(130, 36.21734562951083)	(135, 35.664298315958305)	(140, 36.5928067361668)	(145, 36.7268404170008)	(150, 36.4645629510826)	(155, 35.82389735364876)	(160, 35.96304731355253)	(165, 35.60817963111467)	(170, 35.397947072975136)	(175, 35.247393744987974)	(180, 35.49363271852446)	(185, 35.4695589414595)	(190, 35.10372894947875)	(195, 34.63024057738573)	(200, 33.895421010425025)	(205, 34.86619085805934)	(210, 33.9291259021652)	(215, 34.50300721732158)	(220, 34.03338412189254)	(225, 33.68082598235766)	(230, 32.927473937449875)	(235, 32.95028869286286)	(240, 33.25485966319165)	(245, 32.27091087651107)	(250, 28.20024972438589)
SRR37700679_2	(1, 32.521611868484364)	(2, 32.85994386527666)	(3, 32.708660785886124)	(4, 32.478949478748994)	(5, 32.60737770649559)	(6, 36.71928628708901)	(7, 36.17594226142742)	(8, 33.85994386527666)	(9, 34.547233360064155)	(10, 35.938291900561346)	(15, 36.776343223736966)	(20, 36.89969526864475)	(25, 37.26858861267041)	(30, 37.99985565356857)	(35, 37.749254210104255)	(40, 36.63278267842823)	(45, 37.193368083400166)	(50, 36.71469125902165)	(55, 37.38725741780272)	(60, 36.66545308740978)	(65, 36.923015236567764)	(70, 37.84506014434643)	(75, 37.84967923015237)	(80, 38.202534081796315)	(85, 37.9109623095429)	(90, 37.89336808340016)	(95, 37.87093023255814)	(100, 37.68260625501203)	(105, 36.796030473135524)	(110, 37.99675220529271)	(115, 36.39251804330392)	(120, 37.82232558139535)	(125, 36.629991980753815)	(130, 37.90128307939053)	(135, 35.7834242181235)	(140, 36.296647955092226)	(145, 36.864843624699276)	(150, 35.394418604651165)	(155, 35.94524458700882)	(160, 34.798043303929425)	(165, 34.63397754611067)	(170, 34.90044907778669)	(175, 34.58344827586207)	(180, 35.9561427425822)	(185, 33.77663993584603)	(190, 34.48)	(195, 33.586936647955085)	(200, 33.30222133119487)	(205, 32.1101764234162)	(210, 34.27738572574178)	(215, 32.31698476343224)	(220, 31.405372894947874)	(225, 32.078652766639934)	(230, 28.51578187650361)	(235, 29.457161186848435)	(240, 29.118909382518048)	(245, 31.27288551310354)	(250, 23.355333266353)
SRR37700680_1	(1, 33.03005186616495)	(2, 33.19861690226787)	(3, 33.50055934099461)	(4, 33.5184074036408)	(5, 33.226889047086345)	(6, 35.929268788772504)	(7, 35.694040475948334)	(8, 33.631445133733344)	(9, 34.91660734262178)	(10, 35.75391030204413)	(15, 37.71648530458659)	(20, 37.78610800366114)	(25, 37.75327977219566)	(30, 38.6193531984135)	(35, 37.95547645682904)	(40, 38.24905929014543)	(45, 37.419434557103635)	(50, 37.67504322180413)	(55, 36.81184785924946)	(60, 37.64105562900438)	(65, 37.668442998067725)	(70, 37.82798738940303)	(75, 37.89959320654937)	(80, 37.04547950777992)	(85, 37.82830265432727)	(90, 37.26937862300417)	(95, 36.74098444015051)	(100, 37.15180514593715)	(105, 36.780178989118276)	(110, 37.22745855791722)	(115, 36.92958405369673)	(120, 36.83791314959829)	(125, 36.64646598189769)	(130, 36.11422760093563)	(135, 35.88062646191396)	(140, 36.41136987694498)	(145, 36.695077799247436)	(150, 36.37689413200447)	(155, 35.75731719719313)	(160, 35.873771992270925)	(165, 35.430499338960644)	(170, 35.35903589952202)	(175, 35.23175022882132)	(180, 35.30397640597987)	(185, 35.30107800264416)	(190, 34.877890775958505)	(195, 34.31129868809113)	(200, 33.9016576833113)	(205, 34.71165463236042)	(210, 33.78080951896675)	(215, 34.196765992067526)	(220, 33.70923421132919)	(225, 33.523380453574696)	(230, 32.778663683514694)	(235, 32.763276721244786)	(240, 33.23110952913659)	(245, 32.45957507103974)	(250, 29.477715941409837)
SRR37700680_2	(1, 32.819892199735584)	(2, 32.96140547137191)	(3, 32.70146445642225)	(4, 32.835858842672636)	(5, 33.052730601037325)	(6, 36.76690735279162)	(7, 36.184480829858636)	(8, 33.81734974066917)	(9, 34.5786636835147)	(10, 35.99451845825282)	(15, 36.81285467303977)	(20, 36.94815417471779)	(25, 37.28161293603173)	(30, 37.98755212041086)	(35, 37.75984948642327)	(40, 36.78280280687481)	(45, 37.11411573273671)	(50, 37.07986372419405)	(55, 37.448927082273975)	(60, 36.754632360418995)	(65, 37.02570934607952)	(70, 37.889789484389304)	(75, 37.90957998576222)	(80, 38.35826299196583)	(85, 37.92354317095494)	(90, 37.974636428353506)	(95, 37.93944879487441)	(100, 37.745754093359096)	(105, 37.08608766398861)	(110, 38.06018509102003)	(115, 36.67296857520594)	(120, 37.93496389708126)	(125, 36.430540018305706)	(130, 37.831923116037835)	(135, 36.040333570629514)	(140, 36.561781755313746)	(145, 37.27916200549171)	(150, 35.71973965219159)	(155, 36.27196176141564)	(160, 34.89661344452354)	(165, 34.59958303671311)	(170, 35.40744432014644)	(175, 34.88501983118072)	(180, 35.88192820095596)	(185, 33.95810027458558)	(190, 34.74128953523848)	(195, 33.94384216414116)	(200, 33.30348825383912)	(205, 32.45270009152853)	(210, 34.44316078511136)	(215, 32.77493135360521)	(220, 32.048520288823354)	(225, 32.59108105359503)	(230, 28.999867792128544)	(235, 29.947289738635202)	(240, 29.562717380250177)	(245, 31.739365670721043)	(250, 23.66661277111061)
SRR37700681_1	(1, 33.13014276443867)	(2, 33.227255029201814)	(3, 33.56959766385464)	(4, 33.60317975340688)	(5, 33.33549643088903)	(6, 36.67261518494484)	(7, 36.41667748215445)	(8, 33.49146658014276)	(9, 35.785139519792345)	(10, 35.939513303049964)	(15, 37.7660350421804)	(20, 37.79504866969499)	(25, 37.782829331602855)	(30, 38.628585334198576)	(35, 38.009987021414666)	(40, 38.20454250486697)	(45, 37.43630110317976)	(50, 37.67067488643738)	(55, 36.745652173913044)	(60, 37.43651524983777)	(65, 37.74210902011681)	(70, 37.77464633354965)	(75, 37.933951979234266)	(80, 36.94122647631408)	(85, 37.75985723556132)	(90, 36.767248539909154)	(95, 36.73117456197274)	(100, 37.22207657365347)	(105, 36.3110058403634)	(110, 37.2811031797534)	(115, 36.84540558079169)	(120, 36.87494484101232)	(125, 36.78739130434783)	(130, 36.65170668397144)	(135, 35.766443867618435)	(140, 36.64417261518495)	(145, 36.854321868916294)	(150, 36.71131083711875)	(155, 36.065314730694354)	(160, 35.72731992212849)	(165, 35.75731343283582)	(170, 35.80530824140169)	(175, 35.55702790395848)	(180, 35.743634003893575)	(185, 35.597404282933155)	(190, 35.20921479558728)	(195, 34.801849448410124)	(200, 33.82615184944841)	(205, 35.073322517845554)	(210, 34.22878001297859)	(215, 34.74826735885789)	(220, 34.234510058403636)	(225, 33.779377027903955)	(230, 33.242323166774824)	(235, 33.39927968851396)	(240, 33.99767683322518)	(245, 32.13728847806766)	(250, 28.6036514462061)
SRR37700681_2	(1, 32.8064892926671)	(2, 32.92326411421155)	(3, 32.728844905905255)	(4, 32.764925373134325)	(5, 32.92537313432836)	(6, 36.87592472420506)	(7, 36.12446463335496)	(8, 33.119046073977934)	(9, 33.80681375730045)	(10, 35.2340817650876)	(15, 36.859980532121995)	(20, 36.87085658663205)	(25, 37.4779104477612)	(30, 38.02694354315379)	(35, 37.690181700194685)	(40, 36.47982478909799)	(45, 37.10099935107073)	(50, 36.84849448410123)	(55, 37.22774172615185)	(60, 36.66288773523685)	(65, 37.05028552887735)	(70, 37.8375340687865)	(75, 37.77911745619728)	(80, 38.22902011680727)	(85, 37.999610642439976)	(90, 37.726288124594426)	(95, 37.84754055807917)	(100, 37.58785853341986)	(105, 36.76898118105127)	(110, 37.70190136275146)	(115, 36.73542504866969)	(120, 38.178384166125895)	(125, 36.95258273848151)	(130, 38.020253082414015)	(135, 35.391434133679425)	(140, 36.110668397144714)	(145, 37.14992861778066)	(150, 34.568105126541205)	(155, 36.092414016872155)	(160, 35.01940298507463)	(165, 34.86192083062946)	(170, 34.07286826735886)	(175, 34.10809863724854)	(180, 35.969370538611294)	(185, 33.581207008436074)	(190, 34.05937053861129)	(195, 33.716093445814415)	(200, 33.24516547696301)	(205, 31.733621025308242)	(210, 33.78315379623621)	(215, 32.37393251135626)	(220, 30.787741726151854)	(225, 31.36653471771577)	(230, 28.20389357560026)	(235, 29.0454250486697)	(240, 30.07982478909799)	(245, 30.939344956422474)	(250, 23.610500348928326)
SRR37700682_1	(1, 33.16783509318562)	(2, 33.17703825514973)	(3, 33.49007558709826)	(4, 33.607552939818824)	(5, 33.27393110611044)	(6, 35.92822110668744)	(7, 35.64811609255092)	(8, 33.80794530032889)	(9, 34.81554728521147)	(10, 35.88429403958225)	(15, 37.73326697824707)	(20, 37.8639489931337)	(25, 37.72881541746004)	(30, 38.61399226818995)	(35, 37.90642778835613)	(40, 38.289717846633195)	(45, 37.44320293116381)	(50, 37.6628642317235)	(55, 36.712102590733366)	(60, 37.598323812820965)	(65, 37.69656396053314)	(70, 37.955513242167214)	(75, 37.93768103398534)	(80, 37.13878599042179)	(85, 37.91297097686227)	(90, 37.472549189313945)	(95, 36.9265622295309)	(100, 37.26097743927067)	(105, 37.06892850960706)	(110, 37.29591771969304)	(115, 36.93318042813455)	(120, 36.903727424845655)	(125, 36.58795222433789)	(130, 36.02354163060413)	(135, 36.094388667705275)	(140, 36.426331429230856)	(145, 36.69426749754775)	(150, 36.37295885984652)	(155, 35.87911257284634)	(160, 36.05199065258785)	(165, 35.56862846921701)	(170, 35.43469505510357)	(175, 35.2059690727598)	(180, 35.35998211297674)	(185, 35.319932490912244)	(190, 35.006808608851195)	(195, 34.41402688823496)	(200, 34.26214875079338)	(205, 34.84984997980498)	(210, 33.77236743407766)	(215, 34.422854999711504)	(220, 34.10038082049507)	(225, 33.82286365472275)	(230, 33.07193468351509)	(235, 32.8985257630835)	(240, 33.22138076279499)	(245, 33.115875752001784)	(250, 30.128184727130183)
SRR37700682_2	(1, 32.89648606543189)	(2, 32.955700767410995)	(3, 32.706522993479894)	(4, 32.0194449252784)	(5, 32.672696324505225)	(6, 36.68942934625815)	(7, 36.405285326870924)	(8, 34.13620102706133)	(9, 35.18295251283827)	(10, 36.53079741503664)	(15, 36.83885811551555)	(20, 36.870800877041134)	(25, 37.18073682995788)	(30, 37.96641567134037)	(35, 37.774271536553)	(40, 36.724055161271714)	(45, 37.17427153655299)	(50, 37.14187294443483)	(55, 37.49321447117882)	(60, 36.663236397207314)	(65, 36.88057526974785)	(70, 37.87238474410017)	(75, 38.01327101725233)	(80, 38.297420806647054)	(85, 37.93633373723386)	(90, 38.08953320639317)	(95, 37.92646990941088)	(100, 37.69806993249091)	(105, 37.07237608908891)	(110, 38.2722664589464)	(115, 36.25383128498067)	(120, 37.627811436154865)	(125, 36.30604985286481)	(130, 37.77034793145231)	(135, 36.0888379204893)	(140, 36.58719058334776)	(145, 37.34146615890601)	(150, 36.14510703363915)	(155, 36.431919681495586)	(160, 34.93253707229819)	(165, 34.793139461081296)	(170, 35.881596561075526)	(175, 35.34579943453926)	(180, 35.852861923720496)	(185, 33.926960360048476)	(190, 34.90679418383244)	(195, 34.06344988748485)	(200, 33.40299463389302)	(205, 32.90815013559517)	(210, 34.93786855922912)	(215, 32.91795337833939)	(220, 32.45076452599388)	(225, 33.03288327274826)	(230, 29.239420691246902)	(235, 30.1420027696036)	(240, 29.33213028676937)	(245, 32.127163338219944)	(250, 23.36442262229324)
SRR37700683_1	(1, 33.14286594761171)	(2, 33.156787365177195)	(3, 33.47534668721109)	(4, 33.59485362095531)	(5, 33.27015408320493)	(6, 35.8467719568567)	(7, 35.542249614791984)	(8, 33.63446070878274)	(9, 34.3691063174114)	(10, 35.75570878274268)	(15, 37.731614791987674)	(20, 37.86986594761171)	(25, 37.837864406779666)	(30, 38.62379969183359)	(35, 37.89713097072419)	(40, 38.33102465331279)	(45, 37.478265023112485)	(50, 37.631656394453)	(55, 36.84171956856702)	(60, 37.70636209553159)	(65, 37.72328659476117)	(70, 38.05914483821263)	(75, 38.000426810477656)	(80, 37.299187981510016)	(85, 38.01518489984591)	(90, 37.55258243451463)	(95, 37.200161787365175)	(100, 37.425830508474576)	(105, 37.12467950693374)	(110, 37.518731895223425)	(115, 37.22188906009245)	(120, 37.09530508474577)	(125, 36.69400462249615)	(130, 36.180449922958395)	(135, 36.08879969183359)	(140, 36.434909090909095)	(145, 36.79087981510016)	(150, 36.44562557781202)	(155, 35.904286594761174)	(160, 36.11031741140216)	(165, 35.63151771956856)	(170, 35.46538520801233)	(175, 35.13869337442219)	(180, 35.29813713405239)	(185, 35.31080431432974)	(190, 35.01547919876734)	(195, 34.456120184899845)	(200, 34.05960246533128)	(205, 34.7033281972265)	(210, 33.658919876733435)	(215, 34.31747919876733)	(220, 33.93279969183359)	(225, 33.62169491525424)	(230, 32.97956394453005)	(235, 32.61272419106318)	(240, 33.11965177195686)	(245, 33.039912557439855)	(250, 29.754781482419173)
SRR37700683_2	(1, 32.90982280431433)	(2, 33.008420647149464)	(3, 32.88177966101695)	(4, 32.529614791987676)	(5, 32.93034668721109)	(6, 36.88417565485362)	(7, 36.42798151001541)	(8, 34.366163328197224)	(9, 35.107326656394456)	(10, 36.54099229583975)	(15, 36.94535130970725)	(20, 36.91661633281973)	(25, 37.37291371340524)	(30, 37.91991525423729)	(35, 37.84417565485362)	(40, 36.87809090909091)	(45, 37.264707241910635)	(50, 37.14112326656395)	(55, 37.598694915254235)	(60, 36.69027118644068)	(65, 36.874901386748846)	(70, 37.890186440677965)	(75, 37.98591525423729)	(80, 38.33417411402157)	(85, 37.96077966101696)	(90, 38.10805701078583)	(95, 37.93557164869029)	(100, 37.74297996918336)	(105, 37.04842064714946)	(110, 38.26550385208012)	(115, 36.310918335901384)	(120, 37.50524653312789)	(125, 36.31541602465332)	(130, 37.937147919876736)	(135, 36.2202126348228)	(140, 36.899708782742685)	(145, 37.40314946070878)	(150, 36.29184591679507)	(155, 36.49821571648691)	(160, 35.40798613251156)	(165, 35.16300154083205)	(170, 36.066913713405235)	(175, 35.65032203389831)	(180, 36.27936209553158)	(185, 34.42638058551618)	(190, 35.34783513097072)	(195, 34.61678582434514)	(200, 33.730174114021565)	(205, 33.35337904468413)	(210, 35.17365947611711)	(215, 33.37799537750386)	(220, 32.71522804314329)	(225, 33.35198767334361)	(230, 29.720685670261947)	(235, 30.740459167950696)	(240, 29.542013867488443)	(245, 32.38001057777002)	(250, 23.9622096256508)
SRR37700684_1	(1, 33.03551171393342)	(2, 33.17558569667078)	(3, 33.51248116180299)	(4, 33.551363200438416)	(5, 33.29151938621729)	(6, 36.55445951500206)	(7, 36.32149609535553)	(8, 33.43655295245924)	(9, 35.99482120838471)	(10, 36.02660090423346)	(15, 37.73837511987943)	(20, 37.760915193862175)	(25, 37.72432936018633)	(30, 38.62845869297164)	(35, 38.03470612412659)	(40, 38.210845321276885)	(45, 37.42086861213865)	(50, 37.693810110974105)	(55, 36.774681463214144)	(60, 37.490341142622285)	(65, 37.56979312234553)	(70, 37.540605562405815)	(75, 37.713226469379364)	(80, 36.82897931223455)	(85, 37.64212631867379)	(90, 37.18622825044527)	(95, 36.479923277161255)	(100, 36.49970132894917)	(105, 36.27597753116865)	(110, 36.70542814084121)	(115, 36.6961720783669)	(120, 36.11537470886422)	(125, 36.35270585011646)	(130, 36.160630223318265)	(135, 35.51205370598713)	(140, 36.37669817783258)	(145, 36.46037539388958)	(150, 36.078745033566236)	(155, 35.39789560213727)	(160, 35.681435813125084)	(165, 34.930620632963425)	(170, 34.96276750239758)	(175, 34.89756404986984)	(180, 35.14208521715303)	(185, 35.096314563638856)	(190, 34.589319084806135)	(195, 34.35482668858748)	(200, 33.55644882860666)	(205, 34.56300315111659)	(210, 33.89063159336895)	(215, 34.152152349636935)	(220, 33.393199068365526)	(225, 33.27825181531716)	(230, 32.56635703521031)	(235, 32.427696944786966)	(240, 33.177668173722424)	(245, 31.93252482700054)	(250, 28.301804514974336)
SRR37700684_2	(1, 32.744978764214274)	(2, 32.84269077955884)	(3, 32.653541581038496)	(4, 32.730565830935745)	(5, 32.6264419783532)	(6, 36.802740101383755)	(7, 36.06294012878477)	(8, 33.00646663926565)	(9, 34.51596109056035)	(10, 35.816248801205646)	(15, 36.902003014111514)	(20, 36.90918755993972)	(25, 37.30241402931909)	(30, 38.061334429373886)	(35, 37.68621454993835)	(40, 36.80209343745719)	(45, 37.244137553089466)	(50, 36.98677079051925)	(55, 37.1825126729689)	(60, 36.71192766132347)	(65, 37.108628579257434)	(70, 37.87363748458693)	(75, 37.98584463625154)	(80, 38.3731196054254)	(85, 38.0209453349774)	(90, 37.88077270859022)	(95, 37.944814358131254)	(100, 37.72778736813262)	(105, 37.192278394300594)	(110, 38.04014248527195)	(115, 37.02331278257295)	(120, 38.15470612412659)	(125, 37.087672283874504)	(130, 38.0561885189752)	(135, 35.92620906973558)	(140, 36.555906288532675)	(145, 37.39918892999041)	(150, 35.471313878613515)	(155, 35.97039594464995)	(160, 35.02589395807645)	(165, 34.80363885463762)	(170, 35.298703932045484)	(175, 35.26542266063844)	(180, 35.70843677216057)	(185, 33.998794355391155)	(190, 34.798717632552396)	(195, 34.338018906699546)	(200, 33.42608028497054)	(205, 31.96979860254829)	(210, 34.09342649678039)	(215, 32.27485408960131)	(220, 31.44662556514591)	(225, 31.84860391834498)	(230, 28.158799835593918)	(235, 29.05138786135087)	(240, 29.110694615700783)	(245, 31.528209630410856)	(250, 23.549982267943367)
SRR37700685_1	(1, 33.10792548740043)	(2, 33.346929919722285)	(3, 33.615162880079346)	(4, 33.49632706195952)	(5, 33.156464060998665)	(6, 35.72395623469609)	(7, 35.574001177819795)	(8, 33.553513312463195)	(9, 34.09199392492948)	(10, 35.70448501379289)	(15, 37.70618355391625)	(20, 37.8737749124384)	(25, 37.78917645600224)	(30, 38.597111241979974)	(35, 37.85305768217462)	(40, 38.31390137308992)	(45, 37.37413135790224)	(50, 37.73580882125035)	(55, 36.841589436816164)	(60, 37.68657595387906)	(65, 37.7432352850014)	(70, 37.992195394104705)	(75, 38.08991104361032)	(80, 37.28716486377584)	(85, 38.02871400675697)	(90, 37.554263397700154)	(95, 37.17092644825341)	(100, 37.67602516814927)	(105, 37.262064904069675)	(110, 37.66629885627499)	(115, 37.244540185351646)	(120, 37.44589777764001)	(125, 36.814753742677375)	(130, 36.12584074636581)	(135, 36.1137897901621)	(140, 36.10942565787435)	(145, 36.658605833307504)	(150, 36.2801103431175)	(155, 35.81766729690357)	(160, 35.97488764219075)	(165, 35.540024176301024)	(170, 35.429395902426926)	(175, 35.059300127080554)	(180, 35.12383845271673)	(185, 35.2444657967331)	(190, 34.92879149490128)	(195, 34.2046306915042)	(200, 33.8963518581657)	(205, 34.47455599293308)	(210, 33.443870687784774)	(215, 34.15387285745281)	(220, 33.734686792920684)	(225, 33.498298360350866)	(230, 32.630350556364874)	(235, 32.41437560053312)	(240, 32.884040541797106)	(245, 32.96145773199305)	(250, 29.818754558180053)
SRR37700685_2	(1, 32.6492886588352)	(2, 32.89988531754641)	(3, 32.81009205591545)	(4, 32.82134333446982)	(5, 32.78644267427084)	(6, 36.778817840870346)	(7, 36.38793664569321)	(8, 34.52741530545826)	(9, 35.08836747977559)	(10, 36.57743545237578)	(15, 36.8550599758237)	(20, 36.90077178191736)	(25, 37.33690605337383)	(30, 37.92038558100611)	(35, 37.81071196106995)	(40, 36.55159160648421)	(45, 36.978687660787905)	(50, 37.149663701453676)	(55, 37.56001611753402)	(60, 36.66686916901714)	(65, 36.84189319034188)	(70, 37.8097697052351)	(75, 37.80591389517404)	(80, 38.21309859591482)	(85, 37.88942131853826)	(90, 38.11066546818337)	(95, 37.94306791060968)	(100, 37.7038403124322)	(105, 36.82903015838577)	(110, 38.176815547221274)	(115, 35.88464184979698)	(120, 37.717137277996464)	(125, 35.887586399280906)	(130, 37.71902178966618)	(135, 35.915785884759636)	(140, 36.64505470662989)	(145, 37.03790720019837)	(150, 35.89402721383628)	(155, 36.162043207389274)	(160, 34.73698664104392)	(165, 34.357734866565416)	(170, 35.64848898118588)	(175, 34.81568979946068)	(180, 35.89314074946533)	(185, 33.787304342435604)	(190, 34.62077302172768)	(195, 33.57630722499458)	(200, 32.958205994482846)	(205, 32.86523881846078)	(210, 34.760152496668006)	(215, 33.03993429005362)	(220, 32.4012646065152)	(225, 32.8702848464185)	(230, 29.294275175898086)	(235, 30.30563183832873)	(240, 29.27847379350959)	(245, 31.83913202262359)	(250, 23.538696992271483)
SRR37700686_1	(1, 32.66447396892716)	(2, 33.292075994287444)	(3, 33.60323711429437)	(4, 33.504306054442374)	(5, 33.167914484788156)	(6, 36.37045051283161)	(7, 36.26615311377505)	(8, 33.49906954602501)	(9, 34.11031289219717)	(10, 35.58389232700048)	(15, 37.76717012160817)	(20, 37.89057861254166)	(25, 37.822270307698965)	(30, 38.589146146189464)	(35, 37.8706971913273)	(40, 38.34920154065867)	(45, 37.45400095209244)	(50, 37.592937205175915)	(55, 36.779737741809846)	(60, 37.500047604621976)	(65, 37.786307179642534)	(70, 38.03413684164972)	(75, 38.04997619768901)	(80, 37.386082139611375)	(85, 38.149772796122384)	(90, 37.596736919548185)	(95, 37.39841606439607)	(100, 37.84932704375298)	(105, 37.45682260786774)	(110, 37.74567879863245)	(115, 37.41443718353746)	(120, 37.44967325918553)	(125, 36.71047734452763)	(130, 36.257428484874715)	(135, 36.10621023932141)	(140, 36.269753754273594)	(145, 37.041528541134724)	(150, 36.446237071017435)	(155, 36.02699614835332)	(160, 36.16648634612888)	(165, 35.72912970095642)	(170, 35.55333881507768)	(175, 35.17885489245684)	(180, 35.27636646903536)	(185, 35.42800017310772)	(190, 35.12559830354438)	(195, 34.32824685160341)	(200, 33.70126801402172)	(205, 34.678841909378114)	(210, 33.51544553598477)	(215, 34.31887306876704)	(220, 33.78239494525469)	(225, 33.44353659064353)	(230, 32.270982819059164)	(235, 32.071744493010776)	(240, 33.03214610291254)	(245, 32.914173194270134)	(250, 29.611589095894423)
SRR37700686_2	(1, 32.75864456658156)	(2, 32.961829748561044)	(3, 32.84186610118146)	(4, 32.28333405461549)	(5, 32.697450988877826)	(6, 36.87358809018912)	(7, 36.52343445709092)	(8, 35.68948803392911)	(9, 35.99532609166054)	(10, 36.88664906738218)	(15, 37.100861210888475)	(20, 36.94776474661357)	(25, 37.516700566927774)	(30, 37.78909421387458)	(35, 37.88320422382828)	(40, 36.501224737092656)	(45, 37.286380750421955)	(50, 37.204284415977845)	(55, 37.46033669450815)	(60, 36.71787769939845)	(65, 37.21035184143333)	(70, 37.87643571212187)	(75, 37.91833643484658)	(80, 38.06834292638594)	(85, 37.950508503916566)	(90, 37.972467217726226)	(95, 37.93653005582724)	(100, 37.716553425368936)	(105, 36.85474531527243)	(110, 38.20945168130869)	(115, 36.09957155840222)	(120, 37.83663824814991)	(125, 36.19190721426408)	(130, 37.91856147487774)	(135, 35.95646340935647)	(140, 36.73077422426104)	(145, 37.28604319037521)	(150, 36.359406240533175)	(155, 36.466559916908295)	(160, 35.201064612455106)	(165, 34.79335266369498)	(170, 36.21400441424676)	(175, 35.51522049595361)	(180, 36.40023369541697)	(185, 34.496109404076684)	(190, 35.09795300125503)	(195, 34.158583978880856)	(200, 33.725710823559965)	(205, 33.414982472843725)	(210, 35.158410871164584)	(215, 33.7273034145497)	(220, 32.533526636949844)	(225, 33.25997316830397)	(230, 29.638637642272904)	(235, 30.771428571428572)	(240, 30.501138183234513)	(245, 32.00153535386975)	(250, 23.819271826101303)
SRR37700687_1	(1, 33.136917619547766)	(2, 33.34400824399041)	(3, 33.59449872178514)	(4, 33.466697053169774)	(5, 33.12861417728543)	(6, 35.70723925407741)	(7, 35.49398545411308)	(8, 33.509581657121345)	(9, 34.8406690315293)	(10, 35.91567349041834)	(15, 37.68839697984582)	(20, 37.82090723529062)	(25, 37.70522978141535)	(30, 38.603226253938686)	(35, 37.8790154772993)	(40, 38.2665979667466)	(45, 37.460236618378545)	(50, 37.636947345474724)	(55, 36.45946374427776)	(60, 37.596385327282455)	(65, 37.47211906224609)	(70, 37.71482531063594)	(75, 37.827478646875804)	(80, 37.133077029785376)	(85, 37.90199163710589)	(90, 37.52682269475436)	(95, 36.69117932660866)	(100, 36.70885634450367)	(105, 36.78262816828838)	(110, 36.98552149184519)	(115, 37.00346009789738)	(120, 36.479435603733585)	(125, 36.39237430887219)	(130, 35.67789381898892)	(135, 35.83557995283486)	(140, 36.10778621113335)	(145, 36.24308674025485)	(150, 35.815944987217854)	(155, 35.31298626662174)	(160, 35.685646340738394)	(165, 34.90134955708369)	(170, 34.908150849170646)	(175, 34.66389885257922)	(180, 34.815041319038464)	(185, 34.79225936862131)	(190, 34.41541784744654)	(195, 33.75969956996492)	(200, 33.932870930025175)	(205, 34.25515150314104)	(210, 33.361340441132754)	(215, 33.83057014327896)	(220, 33.187487366481044)	(225, 33.18939775271993)	(230, 32.42188620915162)	(235, 31.98496264441846)	(240, 32.4733913319197)	(245, 32.04541010614969)	(250, 29.126584036290442)
SRR37700687_2	(1, 32.66021283763699)	(2, 32.78389251104814)	(3, 32.48685123164424)	(4, 32.36200233843959)	(5, 32.838370226511564)	(6, 36.903053843562354)	(7, 36.28049384673312)	(8, 33.367848437407105)	(9, 34.59418164523097)	(10, 36.19037672658092)	(15, 36.68098531539208)	(20, 36.909732268484575)	(25, 37.28628445730366)	(30, 38.03925011394939)	(35, 37.81846178236658)	(40, 36.78566417629456)	(45, 37.31960127623313)	(50, 37.154804700659916)	(55, 37.5980579061057)	(60, 36.662428410059256)	(65, 36.854168565823116)	(70, 37.877473692554645)	(75, 37.99029745744238)	(80, 38.3365569449674)	(85, 37.93935118210103)	(90, 38.13129743762509)	(95, 37.979065020510895)	(100, 37.75644160837082)	(105, 37.09256653653316)	(110, 38.2677830403678)	(115, 36.18722577832385)	(120, 37.52046134638631)	(125, 36.410126632448815)	(130, 37.96717464972949)	(135, 36.018580686074394)	(140, 36.76744416480054)	(145, 37.35293791244724)	(150, 36.09850775846693)	(155, 36.18374982659876)	(160, 34.93422246883732)	(165, 34.59821644438279)	(170, 36.070169041437936)	(175, 35.63418481599651)	(180, 35.543588117556126)	(185, 33.89090981153762)	(190, 34.74217316343315)	(195, 34.32073482491429)	(200, 33.29823427993897)	(205, 32.734182834268054)	(210, 35.01349557083689)	(215, 32.67085868294326)	(220, 32.45540516438437)	(225, 33.02376092427816)	(230, 28.997562473989813)	(235, 29.587114801529896)	(240, 28.563135887120744)	(245, 32.30726684108943)	(250, 23.196415703717054)
SRR37700688_1	(1, 33.18439365112461)	(2, 33.35354061872866)	(3, 33.61742552581511)	(4, 33.50978654643071)	(5, 33.13448356746332)	(6, 35.73796554510152)	(7, 35.55831530662775)	(8, 33.54418931950272)	(9, 34.589434178633795)	(10, 35.83969350256718)	(15, 37.71285673330031)	(20, 37.83868748208189)	(25, 37.7170997419792)	(30, 38.607667648361954)	(35, 37.86504730381297)	(40, 38.258651515546404)	(45, 37.34889624436395)	(50, 37.66635043915661)	(55, 36.68960879876984)	(60, 37.69492559097188)	(65, 37.58567072376137)	(70, 37.81453777789362)	(75, 37.930970314576875)	(80, 37.11794417368187)	(85, 37.93157496937632)	(90, 37.49308035132529)	(95, 36.89466496390315)	(100, 37.00387291824129)	(105, 36.91950272355287)	(110, 37.23917224842972)	(115, 36.74653496312127)	(120, 36.815079882196564)	(125, 36.52888529802705)	(130, 35.904162214287574)	(135, 35.85512262503583)	(140, 35.974573223174964)	(145, 36.266032474132764)	(150, 35.90973442101697)	(155, 35.40635930047695)	(160, 35.73717323881258)	(165, 35.02856472673252)	(170, 35.042836665016026)	(175, 34.7688707029112)	(180, 34.887982485860974)	(185, 34.97413015715813)	(190, 34.56582657874847)	(195, 34.13920091740728)	(200, 33.857629857437)	(205, 34.33581276551383)	(210, 33.18876697333785)	(215, 33.88866011623968)	(220, 33.452787406500036)	(225, 33.303739998436235)	(230, 32.3505642576038)	(235, 32.30012770726368)	(240, 32.837436472152)	(245, 32.856261479930154)	(250, 29.367184676872206)
SRR37700688_2	(1, 32.77864943052985)	(2, 33.046808621543434)	(3, 32.617190961453254)	(4, 32.63535666814355)	(5, 32.775521905705126)	(6, 36.82358153717845)	(7, 36.33081393833564)	(8, 34.20722458234512)	(9, 35.36620709426881)	(10, 36.66496390315098)	(15, 36.67453934165602)	(20, 36.91038598868879)	(25, 37.22657353592744)	(30, 37.97419792019599)	(35, 37.81487138054158)	(40, 36.506638171440486)	(45, 37.11475409836065)	(50, 37.17976491438401)	(55, 37.51382626599599)	(60, 36.630639318199584)	(65, 36.82439990617426)	(70, 37.82885141650812)	(75, 37.90187390862415)	(80, 38.28247282962808)	(85, 37.89054705621726)	(90, 38.10983867184446)	(95, 37.94617529776643)	(100, 37.72793661549689)	(105, 37.06857619432354)	(110, 38.240261669577)	(115, 35.99273371732388)	(120, 37.64798665589408)	(125, 36.02410800385728)	(130, 37.687982485860985)	(135, 35.931246579269725)	(140, 36.42964893533842)	(145, 37.14492428783653)	(150, 35.67622820506138)	(155, 36.03889598373687)	(160, 34.73269566577185)	(165, 34.630092001355266)	(170, 35.73434282884621)	(175, 35.13756939195705)	(180, 35.39663791081342)	(185, 33.59252521566889)	(190, 34.51908050770153)	(195, 33.48612682113165)	(200, 32.87637415621987)	(205, 32.369464932627906)	(210, 34.69203784305038)	(215, 32.508113320649485)	(220, 32.39732075373348)	(225, 32.781453777789366)	(230, 28.869217336912612)	(235, 29.77108082045401)	(240, 29.020349761526234)	(245, 32.01382740145991)	(250, 22.990356900188832)
SRR37700689_1	(1, 32.9437856965483)	(2, 33.00726347156692)	(3, 33.51943133846536)	(4, 33.588930965979635)	(5, 33.41386267693072)	(6, 36.38958902408741)	(7, 36.09318351129873)	(8, 33.67410603426869)	(9, 34.842811025577355)	(10, 35.784585299230194)	(15, 37.76619071268935)	(20, 37.85569903153713)	(25, 37.77508691333499)	(30, 38.65456295008691)	(35, 37.97908492674448)	(40, 38.33346784206605)	(45, 37.527334243853986)	(50, 37.6247020114229)	(55, 36.80482369009188)	(60, 37.5791532157934)	(65, 37.74126520983363)	(70, 37.90842438539856)	(75, 37.941414204122175)	(80, 37.18848398311398)	(85, 37.985131611621554)	(90, 37.56340948596971)	(95, 36.98061832629749)	(100, 37.12443506332257)	(105, 37.09071268934691)	(110, 37.29014775266948)	(115, 36.96740749937919)	(120, 36.70589769058853)	(125, 36.600515271914574)	(130, 36.170064564191705)	(135, 36.053606903402034)	(140, 36.33898063074249)	(145, 36.665402284579095)	(150, 36.18649739259995)	(155, 35.705910106779235)	(160, 36.01200645641917)	(165, 35.28307052396325)	(170, 35.24762229947852)	(175, 35.075428358579586)	(180, 35.250744971442764)	(185, 35.2437422398808)	(190, 34.83734790166376)	(195, 34.34776508567172)	(200, 33.97085920039732)	(205, 34.65603426868636)	(210, 33.65387385150236)	(215, 34.17182145517755)	(220, 33.688173578346166)	(225, 33.59816240377452)	(230, 32.71912093369754)	(235, 32.58521231686119)	(240, 33.1623292773777)	(245, 32.78042141895903)	(250, 29.66985569254011)
SRR37700689_2	(1, 32.783740998261734)	(2, 33.00862925254532)	(3, 32.81785448224485)	(4, 32.91479389123417)	(5, 32.90191209336975)	(6, 36.827477030047184)	(7, 36.44918673950832)	(8, 34.46948721132357)	(9, 35.484417680655575)	(10, 36.58985597218773)	(15, 36.9799913086665)	(20, 37.04353116463869)	(25, 37.46354606406754)	(30, 38.020970946113735)	(35, 37.898280357586295)	(40, 36.888037000248325)	(45, 37.45976533399553)	(50, 37.36051651353365)	(55, 37.46962999751676)	(60, 36.919754159423896)	(65, 37.26581201887261)	(70, 38.0093431835113)	(75, 38.12079711944375)	(80, 38.342637198907376)	(85, 38.07706729575366)	(90, 38.0613483983114)	(95, 38.01637695555004)	(100, 37.82159796374472)	(105, 37.30212937670723)	(110, 38.32170970946113)	(115, 36.7882542835858)	(120, 38.03659672212565)	(125, 36.693971939408996)	(130, 37.948770797119444)	(135, 36.25053389620065)	(140, 36.709697044946616)	(145, 37.44053886267693)	(150, 36.26399304693321)	(155, 36.41268934690837)	(160, 35.29305934939161)	(165, 35.060162652098334)	(170, 36.284274894462385)	(175, 35.66821455177552)	(180, 35.90293642910355)	(185, 34.49026570648125)	(190, 35.1442823441768)	(195, 34.26824559225229)	(200, 33.736162155450714)	(205, 32.997119443754656)	(210, 34.93814874596474)	(215, 33.241426620312886)	(220, 32.71533399553017)	(225, 33.240650608393345)	(230, 29.441265209833624)	(235, 30.387633474050165)	(240, 30.157958778246837)	(245, 32.73242554365459)	(250, 23.636250102090322)
SRR37700690_1	(1, 32.97763017517293)	(2, 33.0387514196235)	(3, 33.53398492617958)	(4, 33.562102075231444)	(5, 33.32109302405617)	(6, 35.87211343221943)	(7, 35.609801424785765)	(8, 33.65505730116667)	(9, 34.093850018928315)	(10, 35.69681660185152)	(15, 37.74530749905358)	(20, 37.87473586399146)	(25, 37.821771001824)	(30, 38.61773755033211)	(35, 37.85952438310906)	(40, 38.33978043156554)	(45, 37.34774408920398)	(50, 37.72670268782049)	(55, 36.825487834256805)	(60, 37.635998210414016)	(65, 37.85922841311905)	(70, 38.0236569501325)	(75, 38.08304367278109)	(80, 37.39033623567471)	(85, 38.1220910623946)	(90, 37.63247410262587)	(95, 37.296589462091745)	(100, 37.68961007674571)	(105, 37.43243280448773)	(110, 37.70974980211309)	(115, 37.09825515366349)	(120, 37.30579894689748)	(125, 36.7080978765874)	(130, 36.096816601851536)	(135, 36.0134700760574)	(140, 36.132752865058336)	(145, 36.60023402278281)	(150, 36.27247134941666)	(155, 35.78707368276147)	(160, 36.01634029665829)	(165, 35.51974395154352)	(170, 35.446673779123785)	(175, 35.088102694703515)	(180, 35.1692879512682)	(185, 35.19383969439378)	(190, 34.80909935643736)	(195, 34.4)	(200, 33.78475410400248)	(205, 34.46255291323949)	(210, 33.30611556595657)	(215, 33.947874866641435)	(220, 33.68182537770589)	(225, 33.52809305847128)	(230, 32.64367966410847)	(235, 32.41340124582717)	(240, 33.03008569363665)	(245, 33.212472398761406)	(250, 30.104650589396844)
SRR37700690_2	(1, 32.82647898957222)	(2, 33.01211412052173)	(3, 32.82854389647933)	(4, 32.426437691434074)	(5, 32.742024297071275)	(6, 36.85824414082665)	(7, 36.47991878032832)	(8, 35.19802457239219)	(9, 35.600715834394464)	(10, 36.80454967821868)	(15, 36.95451698385931)	(20, 37.0172419726744)	(25, 37.482080049557766)	(30, 37.92549127576832)	(35, 37.89217056131052)	(40, 36.55383556457996)	(45, 37.08320886533365)	(50, 37.182014660839044)	(55, 37.58070688646454)	(60, 36.72319234607839)	(65, 36.9556182675431)	(70, 37.88379392229067)	(75, 37.83970815982379)	(80, 38.23235020821145)	(85, 37.93916095949341)	(90, 38.12121003544756)	(95, 37.9583164125684)	(100, 37.76045703272878)	(105, 37.044512509894346)	(110, 38.25339849261796)	(115, 35.85960697938534)	(120, 37.63423615651995)	(125, 35.99394982276216)	(130, 37.78468527377224)	(135, 36.034752383246726)	(140, 36.68198368723543)	(145, 37.29472416285232)	(150, 36.12089341638848)	(155, 36.36950820800496)	(160, 35.07333861031765)	(165, 34.79458306088034)	(170, 35.95665760401969)	(175, 35.186915373231926)	(180, 36.08744880751626)	(185, 34.08172901538356)	(190, 34.951811955810996)	(195, 33.93421206593936)	(200, 33.422376707850084)	(205, 33.06485872595244)	(210, 35.063489004370716)	(215, 33.48438586227071)	(220, 32.755948652648236)	(225, 33.16196441477097)	(230, 29.65621364903465)	(235, 30.781553498296454)	(240, 30.033052276559868)	(245, 32.22757994745628)	(250, 23.647532863235263)
SRR37700691_1	(1, 33.220649171270715)	(2, 33.37382282772476)	(3, 33.624434957307884)	(4, 33.518442365645406)	(5, 33.17238510798594)	(6, 35.66670328980412)	(7, 35.51610371672526)	(8, 33.54967667001507)	(9, 34.70242654445003)	(10, 35.864979909593174)	(15, 37.700844424912106)	(20, 37.83337832747363)	(25, 37.71774547965846)	(30, 38.60124623304872)	(35, 37.90596747865395)	(40, 38.27712518834757)	(45, 37.43274422400803)	(50, 37.680138749372176)	(55, 36.70288171772978)	(60, 37.728302360622806)	(65, 37.64284279256655)	(70, 37.87801042189854)	(75, 37.933629457559014)	(80, 37.22068056253139)	(85, 37.93784216474133)	(90, 37.45770027624309)	(95, 36.87180123053742)	(100, 37.02899924660975)	(105, 37.03375188347564)	(110, 37.242896157709694)	(115, 37.10686212958312)	(120, 36.921189100954294)	(125, 36.66920831240583)	(130, 36.01669701155198)	(135, 36.14943809643395)	(140, 36.35401808136614)	(145, 36.5455361627323)	(150, 36.25448267202411)	(155, 35.688677172275234)	(160, 35.96638309894526)	(165, 35.33591474133601)	(170, 35.28128139126066)	(175, 35.03384605725766)	(180, 35.11174660974385)	(185, 35.145978779507786)	(190, 34.827520718232044)	(195, 34.080845052737324)	(200, 34.123694123556)	(205, 34.56159279256654)	(210, 33.685114264188854)	(215, 34.12615833751884)	(220, 33.49274234053239)	(225, 33.57135861376192)	(230, 32.86304620793571)	(235, 32.514283023606225)	(240, 32.90765318935208)	(245, 32.6103690828287)	(250, 29.8553961389132)
SRR37700691_2	(1, 33.04223694123556)	(2, 33.07146220492215)	(3, 32.68379583124058)	(4, 32.51933701657459)	(5, 32.889487066800605)	(6, 36.7740300100452)	(7, 36.161806253139126)	(8, 34.238965971873434)	(9, 34.739436840783526)	(10, 36.276773606228026)	(15, 36.76370542440985)	(20, 36.964832370668006)	(25, 37.3603779507785)	(30, 38.04086514314415)	(35, 37.89662543947765)	(40, 36.89303427925665)	(45, 37.38496986438976)	(50, 37.22222501255651)	(55, 37.63147915620291)	(60, 36.884932194876946)	(65, 36.95889314414867)	(70, 37.910808011049724)	(75, 37.91902310396786)	(80, 38.31527184831743)	(85, 37.9368658965344)	(90, 38.13196885986941)	(95, 37.964832370668)	(100, 37.75361627322953)	(105, 36.9912732295329)	(110, 38.243194374686084)	(115, 36.22206491712707)	(120, 37.598282898041184)	(125, 36.39709003013561)	(130, 37.904074585635364)	(135, 35.86706428930186)	(140, 36.4606761677549)	(145, 37.28301418884982)	(150, 36.064336388749375)	(155, 36.11647099447514)	(160, 34.86422965846309)	(165, 34.50646032144651)	(170, 35.67568432948267)	(175, 35.25980662983425)	(180, 35.65399610748368)	(185, 33.85243910095429)	(190, 34.77699334505273)	(195, 34.10799849321948)	(200, 33.303013561024606)	(205, 32.75137493721748)	(210, 34.91758852335509)	(215, 32.632125816172774)	(220, 32.474077096936206)	(225, 32.920737066800605)	(230, 29.019283651431444)	(235, 29.684850577599196)	(240, 28.75101393771974)	(245, 32.045855379789785)	(250, 23.368631559037052)
SRR37700693_1	(1, 33.22738956303425)	(2, 33.12266124693646)	(3, 33.459352023432366)	(4, 33.519277900651566)	(5, 33.27655568175025)	(6, 35.45770817143882)	(7, 35.22317532428717)	(8, 33.5666507262837)	(9, 34.64394165819834)	(10, 35.976483950026896)	(15, 37.69530157212027)	(20, 37.84328411740093)	(25, 37.759322135214305)	(30, 38.64810807579652)	(35, 37.90935501225417)	(40, 38.29733397094866)	(45, 37.44028334030725)	(50, 37.717335166477376)	(55, 36.74183752764661)	(60, 37.83328949728017)	(65, 37.517968796700345)	(70, 37.890172753900416)	(75, 37.994913025285435)	(80, 37.18019606671051)	(85, 37.92410783669078)	(90, 37.423247056010524)	(95, 36.95489867894076)	(100, 37.05818638292785)	(105, 36.857223982306174)	(110, 37.20243887859406)	(115, 36.93186084045669)	(120, 36.85428895929225)	(125, 36.64664355311136)	(130, 36.031239165520944)	(135, 36.050959411799866)	(140, 36.25401398768605)	(145, 36.481015003885474)	(150, 36.19009504453344)	(155, 35.70343714507741)	(160, 35.97430808775181)	(165, 35.439607866578996)	(170, 35.36528782353996)	(175, 35.070536194632076)	(180, 35.14775539482336)	(185, 35.1754199294638)	(190, 34.822583537569486)	(195, 34.37597585031981)	(200, 34.16921513539363)	(205, 34.619995217885105)	(210, 33.61747265228047)	(215, 34.2449937234742)	(220, 33.832159722637336)	(225, 33.65416342877638)	(230, 32.89335286030247)	(235, 32.633528603024686)	(240, 32.88657421244545)	(245, 33.02711193036754)	(250, 29.983496962996362)
SRR37700693_2	(1, 32.66220335943571)	(2, 32.88980213999641)	(3, 32.65769023850798)	(4, 32.826469005917865)	(5, 32.75838364516707)	(6, 36.762896766094805)	(7, 36.327036882061094)	(8, 33.87686054157451)	(9, 34.7115488074601)	(10, 36.37756590352083)	(15, 36.67656763703748)	(20, 36.915751090919954)	(25, 37.30115368521729)	(30, 38.055018231813015)	(35, 37.8496742184231)	(40, 36.67317831310898)	(45, 37.18398589276107)	(50, 37.183125112080816)	(55, 37.67846255006277)	(60, 36.65150935501225)	(65, 36.68632315141371)	(70, 37.83642776017694)	(75, 37.902331281009026)	(80, 38.30995277661546)	(85, 37.84375635124634)	(90, 38.17655568175025)	(95, 37.98110466853966)	(100, 37.781266064917205)	(105, 36.989114710980935)	(110, 38.223952417956845)	(115, 35.892432303186084)	(120, 37.43888457170183)	(125, 36.07810389144599)	(130, 37.8244425847331)	(135, 35.991123199234856)	(140, 36.66174308087752)	(145, 37.14660768724969)	(150, 35.75979436905972)	(155, 36.22254767170781)	(160, 34.94512523163369)	(165, 34.78194751628908)	(170, 35.68495427102637)	(175, 35.270661725147946)	(180, 35.73885468348377)	(185, 33.78768605415745)	(190, 34.768013629027436)	(195, 34.022960129117095)	(200, 33.156835435471336)	(205, 32.59169107537809)	(210, 34.88454779126069)	(215, 32.667756590352084)	(220, 32.53714507741048)	(225, 32.991517723713315)	(230, 28.970769322732973)	(235, 30.032685755275274)	(240, 28.337085300974355)	(245, 32.00485230110493)	(250, 23.304675463700185)
SRR37700696_1	(1, 33.099887193811774)	(2, 33.080119252256125)	(3, 33.455790717662225)	(4, 33.50692952299097)	(5, 33.29286635152557)	(6, 36.337397937258274)	(7, 35.99546089385475)	(8, 33.36288676407391)	(9, 35.62722926514826)	(10, 35.87527395788569)	(15, 37.733487322733126)	(20, 37.70440481306403)	(25, 37.69850128921358)	(30, 38.57597228190804)	(35, 37.977524709926946)	(40, 38.190943274602496)	(45, 37.3836162440911)	(50, 37.63437902879243)	(55, 36.70853029651912)	(60, 37.43903631284916)	(65, 37.61983777395788)	(70, 37.69088418564676)	(75, 37.88649548775247)	(80, 36.92206703910614)	(85, 37.69123334765793)	(90, 36.81824237215299)	(95, 36.60474860335196)	(100, 36.98444886119468)	(105, 36.424586377309836)	(110, 36.94178126342931)	(115, 36.61309088955737)	(120, 36.55810055865922)	(125, 36.576106574989254)	(130, 36.35424366136657)	(135, 35.871658788139236)	(140, 36.71428878384186)	(145, 36.758213364847435)	(150, 36.62884078212291)	(155, 35.860807907176614)	(160, 35.81425118177911)	(165, 35.56623334765793)	(170, 35.48655994843146)	(175, 35.30181027073486)	(180, 35.54203910614525)	(185, 35.26711431027074)	(190, 34.89741620111731)	(195, 34.39283949290932)	(200, 33.71237107864202)	(205, 34.85152019767942)	(210, 33.91419209282338)	(215, 34.49260313708638)	(220, 33.96331650193382)	(225, 33.5925064460679)	(230, 32.947899656209714)	(235, 33.23219273743017)	(240, 33.68101633003867)	(245, 31.999623764347795)	(250, 29.043187515201208)
SRR37700696_2	(1, 32.55272346368715)	(2, 32.96951547056295)	(3, 32.63222496776966)	(4, 32.39919961323593)	(5, 32.92804576708208)	(6, 36.82858831113021)	(7, 35.62722926514826)	(8, 32.42162655779974)	(9, 33.7674849591749)	(10, 35.27327567683712)	(15, 36.87046089385475)	(20, 36.99900085947572)	(25, 37.31039965620971)	(30, 38.1173076923077)	(35, 37.7748012462398)	(40, 36.809744305973354)	(45, 37.256628706489046)	(50, 37.02448968629136)	(55, 37.362537602062744)	(60, 36.72096583584013)	(65, 37.021658788139234)	(70, 37.93827352814783)	(75, 37.91830683283197)	(80, 38.311581435324456)	(85, 38.04973141383756)	(90, 37.86350988397078)	(95, 38.02821766222604)	(100, 37.766190373871936)	(105, 37.132794370434034)	(110, 37.94147507520413)	(115, 37.11608831113021)	(120, 38.263327245380324)	(125, 36.98068328319725)	(130, 38.04110442629995)	(135, 35.83893962183068)	(140, 36.27450580146111)	(145, 37.43089278040396)	(150, 35.534486463257416)	(155, 36.60990545767082)	(160, 35.40226149548776)	(165, 35.318972926514824)	(170, 34.88790825096691)	(175, 34.80379780833691)	(180, 36.18201009883971)	(185, 33.97118070477009)	(190, 34.54907069187796)	(195, 34.26662011173185)	(200, 33.89003008165019)	(205, 32.16258594757198)	(210, 33.97622475290073)	(215, 32.724269445638164)	(220, 31.630403953588306)	(225, 32.50607541899442)	(230, 29.048759131929522)	(235, 29.82281370863773)	(240, 30.609427374301674)	(245, 32.1202555032781)	(250, 24.01394391991427)
SRR37700697_1	(1, 33.112355429493604)	(2, 33.102819277697634)	(3, 33.456537154314496)	(4, 33.524439445436094)	(5, 33.31351932904614)	(6, 36.58319681150206)	(7, 36.21928258796489)	(8, 33.35022128762501)	(9, 35.179719783847226)	(10, 35.70304423307333)	(15, 37.729853045455656)	(20, 37.741139936914685)	(25, 37.626818593050835)	(30, 38.581450962173264)	(35, 37.98968628505758)	(40, 38.145639044428684)	(45, 37.39400445020417)	(50, 37.6394405457613)	(55, 36.64749492627821)	(60, 37.1676504389075)	(65, 37.37949971880578)	(70, 37.49889233929139)	(75, 37.76390444286868)	(80, 36.830706408783044)	(85, 37.70295620705675)	(90, 36.85633665061007)	(95, 36.472249798273715)	(100, 36.41331148984033)	(105, 36.07004914785925)	(110, 36.61875932219967)	(115, 36.338905054160456)	(120, 36.11605741252415)	(125, 36.12866469423185)	(130, 35.85762769885322)	(135, 35.14938015013326)	(140, 36.212304080983934)	(145, 36.22044648751742)	(150, 35.757268259285524)	(155, 35.278010612025334)	(160, 35.49314619654253)	(165, 34.905195980145244)	(170, 35.00231312810231)	(175, 34.69824192483556)	(180, 35.07244052130963)	(185, 34.92830769983128)	(190, 34.595187911093724)	(195, 34.25059050786121)	(200, 33.50564100056239)	(205, 34.57803261852948)	(210, 33.69398733403428)	(215, 34.01938528498423)	(220, 33.517646771156805)	(225, 33.26170134728709)	(230, 32.41185906056679)	(235, 32.58307455314571)	(240, 33.16273565298188)	(245, 31.623122607992826)	(250, 28.14921907588007)
SRR37700697_2	(1, 32.45345624373426)	(2, 32.93647455803604)	(3, 32.636941584957334)	(4, 31.824070225199893)	(5, 32.481820182409464)	(6, 36.767220089493115)	(7, 36.09633958481062)	(8, 33.04565127026432)	(9, 34.33012201383965)	(10, 35.63773870944079)	(15, 36.898173460156)	(20, 36.99251778859085)	(25, 37.41486661613321)	(30, 38.11021835342446)	(35, 37.70982712668411)	(40, 36.51322101865663)	(45, 37.27850453578502)	(50, 37.08751253148152)	(55, 37.37206152040492)	(60, 36.765073232755455)	(65, 37.0304863437416)	(70, 37.8712864024256)	(75, 37.93582414358021)	(80, 38.217253099249334)	(85, 37.999207765850805)	(90, 37.93536934249456)	(95, 37.96310731838521)	(100, 37.69871139692398)	(105, 36.96193363816417)	(110, 38.07630877570482)	(115, 36.627234271462456)	(120, 38.08308188864709)	(125, 36.82358608210872)	(130, 37.938821918478126)	(135, 35.628510648702836)	(140, 36.048424089786536)	(145, 36.65493801501333)	(150, 35.043396826173066)	(155, 35.64296647675869)	(160, 34.749106291415025)	(165, 34.376736679952074)	(170, 34.70287307137443)	(175, 34.621116463310265)	(180, 35.50829156172824)	(185, 33.37352862068122)	(190, 33.78019903660415)	(195, 33.355610435973304)	(200, 33.001061202533194)	(205, 31.69141012788224)	(210, 33.837215443675575)	(215, 32.03448174682739)	(220, 31.39143702472064)	(225, 31.614353131036506)	(230, 27.99597036457442)	(235, 28.864972980903246)	(240, 29.260865100129593)	(245, 31.711626171339628)	(250, 23.148445474305788)
