Sample	0	1	2	3	4	5	6	7	8	9	10	11	12	13	14	15	16	17	18	19	20	21	22	23	24	25	26	27	28	29	30	31	32	33	34	35	36	37	38	39	40	41	42	43	44	45	46	47	48	49	50	51	52	53	54	55	56	57	58	59	60	61	62	63	64	65	66	67	68	69	70	71	72	73	74	75	76	77	78	79	80	81	82	83	84	85	86	87	88	89	90	91	92	93	94	95	96	97	98	99	100
SRR37700586_1	(0.0, 0.0)	(1.0, 0.0)	(2.0, 0.0)	(3.0, 0.0)	(4.0, 0.0)	(5.0, 0.0)	(6.0, 0.0)	(7.0, 0.0)	(8.0, 0.0)	(9.0, 0.0)	(10.0, 0.0)	(11.0, 0.0)	(12.0, 0.0)	(13.0, 0.0)	(14.0, 0.0)	(15.0, 0.0)	(16.0, 0.0)	(17.0, 0.0)	(18.0, 0.0)	(19.0, 0.0)	(20.0, 0.0)	(21.0, 0.0)	(22.0, 0.0)	(23.0, 0.0)	(24.0, 0.0)	(25.0, 0.0)	(26.0, 0.0)	(27.0, 0.0)	(28.0, 0.0)	(29.0, 0.0)	(30.0, 0.0)	(31.0, 0.0)	(32.0, 0.0)	(33.0, 0.0)	(34.0, 0.0)	(35.0, 0.0)	(36.0, 0.0)	(37.0, 0.0)	(38.0, 0.0)	(39.0, 0.0)	(40.0, 0.0)	(41.0, 0.3333333333333333)	(42.0, 0.3333333333333333)	(43.0, 1.3333333333333333)	(44.0, 1.0)	(45.0, 8.666666666666664)	(46.0, 84.66666666666654)	(47.0, 136.99999999999952)	(48.0, 170.66666666666714)	(49.0, 575.9999999999956)	(50.0, 2534.333333333368)	(51.0, 3570.333333333839)	(52.0, 4165.666666667348)	(53.0, 2913.000000000207)	(54.0, 2187.3333333332102)	(55.0, 3270.0000000003693)	(56.0, 1204.3333333333387)	(57.0, 522.9999999999895)	(58.0, 100.33333333333299)	(59.0, 16.333333333333343)	(60.0, 9.333333333333332)	(61.0, 5.333333333333332)	(62.0, 15.666666666666677)	(63.0, 31.66666666666662)	(64.0, 39.333333333333336)	(65.0, 20.33333333333333)	(66.0, 26.66666666666664)	(67.0, 24.333333333333314)	(68.0, 69.33333333333343)	(69.0, 132.9999999999994)	(70.0, 8.666666666666664)	(71.0, 2.333333333333333)	(72.0, 1.0)	(73.0, 0.6666666666666666)	(74.0, 0.3333333333333333)	(75.0, 0.3333333333333333)	(76.0, 0.0)	(77.0, 0.0)	(78.0, 0.0)	(79.0, 0.0)	(80.0, 0.0)	(81.0, 0.0)	(82.0, 0.0)	(83.0, 0.0)	(84.0, 0.0)	(85.0, 0.0)	(86.0, 0.0)	(87.0, 0.0)	(88.0, 0.0)	(89.0, 0.0)	(90.0, 0.0)	(91.0, 0.0)	(92.0, 0.0)	(93.0, 0.0)	(94.0, 0.0)	(95.0, 0.0)	(96.0, 0.0)	(97.0, 0.0)	(98.0, 0.0)	(99.0, 0.0)	(100.0, 0.0)
SRR37700586_2	(0.0, 0.0)	(1.0, 0.0)	(2.0, 0.0)	(3.0, 0.0)	(4.0, 0.0)	(5.0, 0.0)	(6.0, 0.0)	(7.0, 0.0)	(8.0, 0.0)	(9.0, 0.0)	(10.0, 0.0)	(11.0, 0.0)	(12.0, 0.0)	(13.0, 0.0)	(14.0, 0.0)	(15.0, 0.0)	(16.0, 0.0)	(17.0, 0.0)	(18.0, 0.0)	(19.0, 0.0)	(20.0, 0.0)	(21.0, 0.0)	(22.0, 0.0)	(23.0, 0.0)	(24.0, 0.0)	(25.0, 0.0)	(26.0, 0.0)	(27.0, 0.0)	(28.0, 0.0)	(29.0, 0.0)	(30.0, 0.0)	(31.0, 0.0)	(32.0, 0.0)	(33.0, 0.0)	(34.0, 0.0)	(35.0, 0.0)	(36.0, 0.0)	(37.0, 0.3333333333333333)	(38.0, 0.6666666666666666)	(39.0, 0.3333333333333333)	(40.0, 1.0)	(41.0, 0.6666666666666666)	(42.0, 0.6666666666666666)	(43.0, 1.6666666666666665)	(44.0, 6.666666666666664)	(45.0, 6.666666666666664)	(46.0, 46.00000000000005)	(47.0, 101.33333333333297)	(48.0, 154.0)	(49.0, 392.9999999999951)	(50.0, 1205.0000000000052)	(51.0, 1863.6666666665221)	(52.0, 3001.3333333335804)	(53.0, 4674.666666666885)	(54.0, 3781.0000000006016)	(55.0, 2295.9999999999263)	(56.0, 3225.000000000349)	(57.0, 790.6666666666866)	(58.0, 677.3333333333404)	(59.0, 306.6666666666667)	(60.0, 90.99999999999979)	(61.0, 19.0)	(62.0, 11.66666666666667)	(63.0, 11.66666666666667)	(64.0, 9.666666666666666)	(65.0, 37.33333333333332)	(66.0, 62.00000000000016)	(67.0, 26.333333333333307)	(68.0, 9.333333333333332)	(69.0, 6.666666666666664)	(70.0, 8.999999999999998)	(71.0, 31.33333333333329)	(72.0, 112.33333333333282)	(73.0, 24.99999999999998)	(74.0, 8.33333333333333)	(75.0, 2.6666666666666665)	(76.0, 0.3333333333333333)	(77.0, 0.0)	(78.0, 0.0)	(79.0, 0.0)	(80.0, 0.0)	(81.0, 0.0)	(82.0, 0.0)	(83.0, 0.0)	(84.0, 0.0)	(85.0, 0.0)	(86.0, 0.0)	(87.0, 0.0)	(88.0, 0.0)	(89.0, 0.0)	(90.0, 0.0)	(91.0, 0.0)	(92.0, 0.3333333333333333)	(93.0, 0.0)	(94.0, 0.0)	(95.0, 0.0)	(96.0, 0.0)	(97.0, 0.0)	(98.0, 0.0)	(99.0, 0.0)	(100.0, 0.0)
SRR37700587_1	(0.0, 0.0)	(1.0, 0.0)	(2.0, 0.0)	(3.0, 0.0)	(4.0, 0.0)	(5.0, 0.0)	(6.0, 0.0)	(7.0, 0.0)	(8.0, 0.0)	(9.0, 0.0)	(10.0, 0.0)	(11.0, 0.0)	(12.0, 0.0)	(13.0, 0.0)	(14.0, 0.0)	(15.0, 0.0)	(16.0, 0.0)	(17.0, 0.0)	(18.0, 0.0)	(19.0, 0.0)	(20.0, 0.0)	(21.0, 0.0)	(22.0, 0.0)	(23.0, 0.0)	(24.0, 0.0)	(25.0, 0.0)	(26.0, 0.0)	(27.0, 0.0)	(28.0, 0.0)	(29.0, 0.0)	(30.0, 0.0)	(31.0, 0.0)	(32.0, 0.3333333333333333)	(33.0, 0.3333333333333333)	(34.0, 0.0)	(35.0, 0.0)	(36.0, 0.0)	(37.0, 0.3333333333333333)	(38.0, 0.6666666666666666)	(39.0, 0.3333333333333333)	(40.0, 0.0)	(41.0, 0.3333333333333333)	(42.0, 1.6666666666666665)	(43.0, 1.6666666666666665)	(44.0, 4.0)	(45.0, 97.33333333333303)	(46.0, 230.66666666666885)	(47.0, 269.3333333333355)	(48.0, 425.3333333333266)	(49.0, 1455.3333333332816)	(50.0, 2765.333333333473)	(51.0, 4150.000000000696)	(52.0, 4257.3333333339315)	(53.0, 6307.333333332067)	(54.0, 4106.666666667402)	(55.0, 3092.0000000002883)	(56.0, 1097.333333333363)	(57.0, 312.33333333333303)	(58.0, 195.00000000000117)	(59.0, 83.33333333333323)	(60.0, 34.666666666666636)	(61.0, 269.00000000000216)	(62.0, 252.00000000000279)	(63.0, 70.00000000000009)	(64.0, 187.33333333333428)	(65.0, 158.33333333333346)	(66.0, 34.666666666666636)	(67.0, 23.66666666666665)	(68.0, 53.333333333333435)	(69.0, 113.99999999999946)	(70.0, 12.000000000000004)	(71.0, 3.666666666666667)	(72.0, 0.3333333333333333)	(73.0, 0.0)	(74.0, 0.0)	(75.0, 0.0)	(76.0, 0.0)	(77.0, 0.0)	(78.0, 0.0)	(79.0, 0.0)	(80.0, 0.0)	(81.0, 0.0)	(82.0, 0.0)	(83.0, 0.0)	(84.0, 0.0)	(85.0, 0.0)	(86.0, 0.0)	(87.0, 0.0)	(88.0, 0.0)	(89.0, 0.0)	(90.0, 0.0)	(91.0, 0.0)	(92.0, 0.0)	(93.0, 0.0)	(94.0, 0.0)	(95.0, 0.0)	(96.0, 0.0)	(97.0, 0.0)	(98.0, 0.0)	(99.0, 0.0)	(100.0, 0.0)
SRR37700587_2	(0.0, 0.0)	(1.0, 0.0)	(2.0, 0.0)	(3.0, 0.0)	(4.0, 0.0)	(5.0, 0.0)	(6.0, 0.0)	(7.0, 0.0)	(8.0, 0.0)	(9.0, 0.0)	(10.0, 0.0)	(11.0, 0.0)	(12.0, 0.0)	(13.0, 0.0)	(14.0, 0.0)	(15.0, 0.0)	(16.0, 0.0)	(17.0, 0.0)	(18.0, 0.0)	(19.0, 0.0)	(20.0, 0.0)	(21.0, 0.3333333333333333)	(22.0, 0.3333333333333333)	(23.0, 0.0)	(24.0, 0.0)	(25.0, 0.0)	(26.0, 0.0)	(27.0, 0.0)	(28.0, 0.0)	(29.0, 0.0)	(30.0, 0.0)	(31.0, 0.0)	(32.0, 0.0)	(33.0, 0.0)	(34.0, 0.6666666666666666)	(35.0, 0.3333333333333333)	(36.0, 0.3333333333333333)	(37.0, 0.0)	(38.0, 0.0)	(39.0, 1.3333333333333333)	(40.0, 1.9999999999999998)	(41.0, 1.3333333333333333)	(42.0, 2.333333333333333)	(43.0, 3.3333333333333335)	(44.0, 58.33333333333347)	(45.0, 61.33333333333349)	(46.0, 73.33333333333337)	(47.0, 234.33333333333562)	(48.0, 396.9999999999949)	(49.0, 1395.6666666666285)	(50.0, 1852.6666666665246)	(51.0, 2075.3333333331593)	(52.0, 3120.666666666968)	(53.0, 5996.999999999016)	(54.0, 5190.999999999749)	(55.0, 4400.333333333801)	(56.0, 2622.333333333408)	(57.0, 974.3333333333742)	(58.0, 433.9999999999928)	(59.0, 252.00000000000279)	(60.0, 159.00000000000014)	(61.0, 110.9999999999995)	(62.0, 82.66666666666657)	(63.0, 260.333333333336)	(64.0, 56.66666666666679)	(65.0, 95.66666666666639)	(66.0, 178.00000000000068)	(67.0, 113.66666666666613)	(68.0, 25.666666666666643)	(69.0, 14.333333333333341)	(70.0, 8.33333333333333)	(71.0, 23.333333333333318)	(72.0, 87.99999999999983)	(73.0, 22.999999999999986)	(74.0, 7.666666666666663)	(75.0, 4.333333333333333)	(76.0, 4.333333333333333)	(77.0, 3.0)	(78.0, 0.3333333333333333)	(79.0, 0.0)	(80.0, 0.0)	(81.0, 0.0)	(82.0, 0.0)	(83.0, 0.0)	(84.0, 0.0)	(85.0, 0.0)	(86.0, 0.3333333333333333)	(87.0, 0.6666666666666666)	(88.0, 0.0)	(89.0, 0.0)	(90.0, 0.0)	(91.0, 0.0)	(92.0, 0.0)	(93.0, 0.0)	(94.0, 0.0)	(95.0, 0.0)	(96.0, 0.0)	(97.0, 0.0)	(98.0, 0.0)	(99.0, 0.0)	(100.0, 0.0)
SRR37700588_1	(0.0, 0.0)	(1.0, 0.0)	(2.0, 0.0)	(3.0, 0.0)	(4.0, 0.0)	(5.0, 0.0)	(6.0, 0.0)	(7.0, 0.0)	(8.0, 0.0)	(9.0, 0.0)	(10.0, 0.0)	(11.0, 0.0)	(12.0, 0.0)	(13.0, 0.0)	(14.0, 0.0)	(15.0, 0.0)	(16.0, 0.0)	(17.0, 0.0)	(18.0, 0.0)	(19.0, 0.0)	(20.0, 0.0)	(21.0, 0.0)	(22.0, 0.0)	(23.0, 0.0)	(24.0, 0.0)	(25.0, 0.0)	(26.0, 0.0)	(27.0, 0.0)	(28.0, 0.0)	(29.0, 0.0)	(30.0, 0.0)	(31.0, 0.0)	(32.0, 0.0)	(33.0, 0.0)	(34.0, 0.0)	(35.0, 0.0)	(36.0, 0.0)	(37.0, 0.0)	(38.0, 0.0)	(39.0, 0.0)	(40.0, 0.0)	(41.0, 0.6666666666666666)	(42.0, 0.6666666666666666)	(43.0, 4.666666666666666)	(44.0, 8.666666666666664)	(45.0, 78.3333333333333)	(46.0, 358.66666666666373)	(47.0, 317.9999999999994)	(48.0, 295.6666666666673)	(49.0, 1405.6666666666263)	(50.0, 2914.0000000002074)	(51.0, 3111.666666666964)	(52.0, 2926.000000000213)	(53.0, 2460.666666666668)	(54.0, 1286.9999999999866)	(55.0, 1707.3333333332243)	(56.0, 629.6666666666683)	(57.0, 347.99999999999767)	(58.0, 171.00000000000048)	(59.0, 23.999999999999982)	(60.0, 8.999999999999998)	(61.0, 8.33333333333333)	(62.0, 25.666666666666643)	(63.0, 30.333333333333293)	(64.0, 29.66666666666663)	(65.0, 14.000000000000007)	(66.0, 18.333333333333336)	(67.0, 14.333333333333341)	(68.0, 48.666666666666735)	(69.0, 68.00000000000011)	(70.0, 3.666666666666667)	(71.0, 0.6666666666666666)	(72.0, 1.0)	(73.0, 0.3333333333333333)	(74.0, 0.0)	(75.0, 0.0)	(76.0, 0.0)	(77.0, 0.0)	(78.0, 0.0)	(79.0, 0.0)	(80.0, 0.0)	(81.0, 0.0)	(82.0, 0.0)	(83.0, 0.0)	(84.0, 0.0)	(85.0, 0.0)	(86.0, 0.0)	(87.0, 0.0)	(88.0, 0.0)	(89.0, 0.0)	(90.0, 0.0)	(91.0, 0.0)	(92.0, 0.0)	(93.0, 0.0)	(94.0, 0.0)	(95.0, 0.0)	(96.0, 0.0)	(97.0, 0.0)	(98.0, 0.0)	(99.0, 0.0)	(100.0, 0.0)
SRR37700588_2	(0.0, 0.0)	(1.0, 0.0)	(2.0, 0.0)	(3.0, 0.0)	(4.0, 0.0)	(5.0, 0.0)	(6.0, 0.0)	(7.0, 0.0)	(8.0, 0.0)	(9.0, 0.0)	(10.0, 0.0)	(11.0, 0.0)	(12.0, 0.0)	(13.0, 0.0)	(14.0, 0.0)	(15.0, 0.0)	(16.0, 0.0)	(17.0, 0.0)	(18.0, 0.0)	(19.0, 0.0)	(20.0, 0.0)	(21.0, 0.0)	(22.0, 0.0)	(23.0, 0.0)	(24.0, 0.0)	(25.0, 0.0)	(26.0, 0.0)	(27.0, 0.0)	(28.0, 0.0)	(29.0, 0.0)	(30.0, 0.0)	(31.0, 0.0)	(32.0, 0.0)	(33.0, 0.0)	(34.0, 0.0)	(35.0, 0.0)	(36.0, 0.0)	(37.0, 0.3333333333333333)	(38.0, 1.0)	(39.0, 0.6666666666666666)	(40.0, 1.0)	(41.0, 0.6666666666666666)	(42.0, 1.0)	(43.0, 3.666666666666667)	(44.0, 28.666666666666632)	(45.0, 36.66666666666665)	(46.0, 157.33333333333343)	(47.0, 423.3333333333267)	(48.0, 399.6666666666614)	(49.0, 939.3333333333702)	(50.0, 2066.333333333155)	(51.0, 2535.666666666702)	(52.0, 2086.9999999998313)	(53.0, 3517.6666666671485)	(54.0, 3096.00000000029)	(55.0, 1508.6666666666029)	(56.0, 1530.999999999931)	(57.0, 530.3333333333237)	(58.0, 337.3333333333316)	(59.0, 132.9999999999994)	(60.0, 162.6666666666669)	(61.0, 24.99999999999998)	(62.0, 17.33333333333334)	(63.0, 7.33333333333333)	(64.0, 7.666666666666663)	(65.0, 37.33333333333332)	(66.0, 45.33333333333338)	(67.0, 11.333333333333336)	(68.0, 8.666666666666664)	(69.0, 7.9999999999999964)	(70.0, 10.0)	(71.0, 16.00000000000001)	(72.0, 54.66666666666678)	(73.0, 18.333333333333336)	(74.0, 3.3333333333333335)	(75.0, 1.0)	(76.0, 0.0)	(77.0, 0.0)	(78.0, 0.0)	(79.0, 0.0)	(80.0, 0.0)	(81.0, 0.0)	(82.0, 0.0)	(83.0, 0.0)	(84.0, 0.0)	(85.0, 0.3333333333333333)	(86.0, 0.0)	(87.0, 0.0)	(88.0, 0.0)	(89.0, 0.0)	(90.0, 0.0)	(91.0, 0.0)	(92.0, 0.0)	(93.0, 0.0)	(94.0, 0.0)	(95.0, 0.0)	(96.0, 0.0)	(97.0, 0.0)	(98.0, 0.0)	(99.0, 0.0)	(100.0, 0.0)
SRR37700589_1	(0.0, 0.0)	(1.0, 0.0)	(2.0, 0.0)	(3.0, 0.0)	(4.0, 0.0)	(5.0, 0.0)	(6.0, 0.0)	(7.0, 0.0)	(8.0, 0.0)	(9.0, 0.0)	(10.0, 0.0)	(11.0, 0.0)	(12.0, 0.0)	(13.0, 0.0)	(14.0, 0.0)	(15.0, 0.0)	(16.0, 0.0)	(17.0, 0.0)	(18.0, 0.0)	(19.0, 0.0)	(20.0, 0.0)	(21.0, 0.0)	(22.0, 0.0)	(23.0, 0.0)	(24.0, 0.0)	(25.0, 0.0)	(26.0, 0.0)	(27.0, 0.0)	(28.0, 0.0)	(29.0, 0.0)	(30.0, 0.0)	(31.0, 0.0)	(32.0, 0.0)	(33.0, 0.0)	(34.0, 0.0)	(35.0, 0.0)	(36.0, 0.0)	(37.0, 0.0)	(38.0, 0.3333333333333333)	(39.0, 0.0)	(40.0, 0.0)	(41.0, 0.6666666666666666)	(42.0, 1.6666666666666665)	(43.0, 4.333333333333333)	(44.0, 5.666666666666665)	(45.0, 62.00000000000016)	(46.0, 124.66666666666598)	(47.0, 635.3333333333356)	(48.0, 230.00000000000216)	(49.0, 867.6666666666954)	(50.0, 3193.666666667001)	(51.0, 4146.6666666673655)	(52.0, 5040.999999999885)	(53.0, 5981.99999999903)	(54.0, 3428.666666667108)	(55.0, 3420.333333333771)	(56.0, 1359.99999999997)	(57.0, 681.0000000000075)	(58.0, 258.0000000000028)	(59.0, 181.3333333333341)	(60.0, 178.33333333333402)	(61.0, 118.66666666666606)	(62.0, 87.99999999999983)	(63.0, 40.33333333333334)	(64.0, 118.33333333333273)	(65.0, 92.66666666666643)	(66.0, 17.33333333333334)	(67.0, 22.666666666666654)	(68.0, 34.99999999999997)	(69.0, 62.3333333333335)	(70.0, 4.333333333333333)	(71.0, 1.0)	(72.0, 0.3333333333333333)	(73.0, 0.0)	(74.0, 0.0)	(75.0, 0.0)	(76.0, 0.0)	(77.0, 0.0)	(78.0, 0.0)	(79.0, 0.0)	(80.0, 0.0)	(81.0, 0.0)	(82.0, 0.0)	(83.0, 0.0)	(84.0, 0.0)	(85.0, 0.0)	(86.0, 0.0)	(87.0, 0.0)	(88.0, 0.0)	(89.0, 0.0)	(90.0, 0.0)	(91.0, 0.0)	(92.0, 0.0)	(93.0, 0.0)	(94.0, 0.0)	(95.0, 0.0)	(96.0, 0.0)	(97.0, 0.0)	(98.0, 0.0)	(99.0, 0.0)	(100.0, 0.0)
SRR37700589_2	(0.0, 0.0)	(1.0, 0.0)	(2.0, 0.0)	(3.0, 0.0)	(4.0, 0.0)	(5.0, 0.0)	(6.0, 0.0)	(7.0, 0.0)	(8.0, 0.0)	(9.0, 0.0)	(10.0, 0.0)	(11.0, 0.0)	(12.0, 0.0)	(13.0, 0.0)	(14.0, 0.0)	(15.0, 0.0)	(16.0, 0.0)	(17.0, 0.0)	(18.0, 0.0)	(19.0, 0.0)	(20.0, 0.0)	(21.0, 0.0)	(22.0, 0.0)	(23.0, 0.0)	(24.0, 0.0)	(25.0, 0.0)	(26.0, 0.3333333333333333)	(27.0, 0.3333333333333333)	(28.0, 0.0)	(29.0, 0.0)	(30.0, 0.0)	(31.0, 0.0)	(32.0, 0.3333333333333333)	(33.0, 0.6666666666666666)	(34.0, 0.0)	(35.0, 0.0)	(36.0, 0.3333333333333333)	(37.0, 0.3333333333333333)	(38.0, 0.3333333333333333)	(39.0, 1.3333333333333333)	(40.0, 2.6666666666666665)	(41.0, 1.6666666666666665)	(42.0, 1.9999999999999998)	(43.0, 4.333333333333333)	(44.0, 14.000000000000007)	(45.0, 26.66666666666664)	(46.0, 75.33333333333334)	(47.0, 169.33333333333377)	(48.0, 629.0000000000016)	(49.0, 700.0000000000097)	(50.0, 1793.3333333332048)	(51.0, 2766.3333333334735)	(52.0, 4746.333333333487)	(53.0, 5727.3333333325945)	(54.0, 4750.00000000015)	(55.0, 4816.333333333423)	(56.0, 2862.6666666668507)	(57.0, 1034.6666666667106)	(58.0, 735.0000000000136)	(59.0, 241.00000000000247)	(60.0, 202.3333333333347)	(61.0, 183.33333333333417)	(62.0, 154.33333333333334)	(63.0, 120.3333333333327)	(64.0, 31.999999999999954)	(65.0, 58.666666666666806)	(66.0, 125.99999999999929)	(67.0, 80.99999999999993)	(68.0, 7.9999999999999964)	(69.0, 15.000000000000009)	(70.0, 4.999999999999999)	(71.0, 15.000000000000009)	(72.0, 54.66666666666678)	(73.0, 9.333333333333332)	(74.0, 1.0)	(75.0, 0.0)	(76.0, 0.0)	(77.0, 0.0)	(78.0, 0.0)	(79.0, 0.0)	(80.0, 0.0)	(81.0, 0.0)	(82.0, 0.0)	(83.0, 0.3333333333333333)	(84.0, 0.6666666666666666)	(85.0, 0.3333333333333333)	(86.0, 0.0)	(87.0, 0.0)	(88.0, 0.0)	(89.0, 0.0)	(90.0, 0.0)	(91.0, 0.0)	(92.0, 0.0)	(93.0, 0.0)	(94.0, 0.0)	(95.0, 0.0)	(96.0, 0.0)	(97.0, 0.0)	(98.0, 0.0)	(99.0, 0.0)	(100.0, 0.0)
SRR37700590_1	(0.0, 0.0)	(1.0, 0.0)	(2.0, 0.0)	(3.0, 0.0)	(4.0, 0.0)	(5.0, 0.0)	(6.0, 0.0)	(7.0, 0.0)	(8.0, 0.0)	(9.0, 0.0)	(10.0, 0.0)	(11.0, 0.0)	(12.0, 0.0)	(13.0, 0.0)	(14.0, 0.0)	(15.0, 0.0)	(16.0, 0.0)	(17.0, 0.0)	(18.0, 0.0)	(19.0, 0.0)	(20.0, 0.0)	(21.0, 0.0)	(22.0, 0.0)	(23.0, 0.0)	(24.0, 0.0)	(25.0, 0.0)	(26.0, 0.0)	(27.0, 0.0)	(28.0, 0.0)	(29.0, 0.0)	(30.0, 0.0)	(31.0, 0.0)	(32.0, 0.0)	(33.0, 0.0)	(34.0, 0.0)	(35.0, 0.0)	(36.0, 0.0)	(37.0, 0.0)	(38.0, 0.0)	(39.0, 0.0)	(40.0, 0.0)	(41.0, 0.0)	(42.0, 0.0)	(43.0, 0.6666666666666666)	(44.0, 0.6666666666666666)	(45.0, 22.33333333333332)	(46.0, 41.666666666666686)	(47.0, 123.99999999999932)	(48.0, 164.00000000000028)	(49.0, 351.3333333333308)	(50.0, 1750.999999999881)	(51.0, 3506.33333333381)	(52.0, 3418.0000000004366)	(53.0, 3161.333333333653)	(54.0, 2228.999999999896)	(55.0, 3067.666666666944)	(56.0, 1593.6666666665835)	(57.0, 402.99999999999454)	(58.0, 94.33333333333307)	(59.0, 28.999999999999964)	(60.0, 18.000000000000004)	(61.0, 32.333333333333286)	(62.0, 34.99999999999997)	(63.0, 37.99999999999999)	(64.0, 60.66666666666682)	(65.0, 49.00000000000007)	(66.0, 29.333333333333297)	(67.0, 26.99999999999997)	(68.0, 67.66666666666679)	(69.0, 151.6666666666666)	(70.0, 25.666666666666643)	(71.0, 4.999999999999999)	(72.0, 2.333333333333333)	(73.0, 0.3333333333333333)	(74.0, 0.0)	(75.0, 0.0)	(76.0, 0.0)	(77.0, 0.0)	(78.0, 0.0)	(79.0, 0.0)	(80.0, 0.0)	(81.0, 0.0)	(82.0, 0.0)	(83.0, 0.0)	(84.0, 0.0)	(85.0, 0.0)	(86.0, 0.0)	(87.0, 0.0)	(88.0, 0.0)	(89.0, 0.0)	(90.0, 0.0)	(91.0, 0.0)	(92.0, 0.0)	(93.0, 0.0)	(94.0, 0.0)	(95.0, 0.0)	(96.0, 0.0)	(97.0, 0.0)	(98.0, 0.0)	(99.0, 0.0)	(100.0, 0.0)
SRR37700590_2	(0.0, 0.0)	(1.0, 0.0)	(2.0, 0.0)	(3.0, 0.0)	(4.0, 0.0)	(5.0, 0.0)	(6.0, 0.0)	(7.0, 0.0)	(8.0, 0.0)	(9.0, 0.0)	(10.0, 0.0)	(11.0, 0.0)	(12.0, 0.0)	(13.0, 0.0)	(14.0, 0.0)	(15.0, 0.0)	(16.0, 0.0)	(17.0, 0.0)	(18.0, 0.0)	(19.0, 0.0)	(20.0, 0.0)	(21.0, 0.0)	(22.0, 0.0)	(23.0, 0.0)	(24.0, 0.0)	(25.0, 0.0)	(26.0, 0.0)	(27.0, 0.0)	(28.0, 0.0)	(29.0, 0.0)	(30.0, 0.0)	(31.0, 0.0)	(32.0, 0.0)	(33.0, 0.0)	(34.0, 0.0)	(35.0, 0.0)	(36.0, 0.3333333333333333)	(37.0, 0.6666666666666666)	(38.0, 0.6666666666666666)	(39.0, 0.3333333333333333)	(40.0, 1.0)	(41.0, 0.0)	(42.0, 0.6666666666666666)	(43.0, 0.6666666666666666)	(44.0, 5.999999999999998)	(45.0, 9.333333333333332)	(46.0, 37.33333333333332)	(47.0, 79.33333333333329)	(48.0, 130.666666666666)	(49.0, 353.9999999999973)	(50.0, 786.0000000000194)	(51.0, 1160.0000000000155)	(52.0, 2269.3333333332475)	(53.0, 4286.000000000572)	(54.0, 3672.000000000552)	(55.0, 2690.333333333439)	(56.0, 2976.6666666669025)	(57.0, 1418.9999999999566)	(58.0, 1041.666666666709)	(59.0, 100.33333333333299)	(60.0, 62.666666666666835)	(61.0, 32.66666666666662)	(62.0, 19.0)	(63.0, 32.99999999999996)	(64.0, 15.000000000000009)	(65.0, 53.66666666666677)	(66.0, 77.33333333333331)	(67.0, 31.66666666666662)	(68.0, 12.333333333333337)	(69.0, 17.66666666666667)	(70.0, 13.33333333333334)	(71.0, 37.66666666666666)	(72.0, 133.33333333333275)	(73.0, 34.666666666666636)	(74.0, 5.666666666666665)	(75.0, 4.999999999999999)	(76.0, 8.33333333333333)	(77.0, 3.0)	(78.0, 0.0)	(79.0, 0.0)	(80.0, 0.0)	(81.0, 0.0)	(82.0, 0.0)	(83.0, 0.0)	(84.0, 0.0)	(85.0, 0.0)	(86.0, 0.0)	(87.0, 0.0)	(88.0, 0.0)	(89.0, 0.0)	(90.0, 0.0)	(91.0, 0.0)	(92.0, 0.0)	(93.0, 0.0)	(94.0, 0.0)	(95.0, 0.0)	(96.0, 0.0)	(97.0, 0.0)	(98.0, 0.0)	(99.0, 0.0)	(100.0, 0.0)
SRR37700591_1	(0.0, 0.0)	(1.0, 0.0)	(2.0, 0.0)	(3.0, 0.0)	(4.0, 0.0)	(5.0, 0.0)	(6.0, 0.0)	(7.0, 0.0)	(8.0, 0.0)	(9.0, 0.0)	(10.0, 0.0)	(11.0, 0.0)	(12.0, 0.0)	(13.0, 0.0)	(14.0, 0.0)	(15.0, 0.0)	(16.0, 0.0)	(17.0, 0.0)	(18.0, 0.0)	(19.0, 0.0)	(20.0, 0.0)	(21.0, 0.0)	(22.0, 0.0)	(23.0, 0.0)	(24.0, 0.0)	(25.0, 0.0)	(26.0, 0.0)	(27.0, 0.0)	(28.0, 0.0)	(29.0, 0.0)	(30.0, 0.0)	(31.0, 0.0)	(32.0, 0.0)	(33.0, 0.0)	(34.0, 0.0)	(35.0, 0.0)	(36.0, 0.0)	(37.0, 0.0)	(38.0, 0.0)	(39.0, 0.0)	(40.0, 0.0)	(41.0, 0.3333333333333333)	(42.0, 0.0)	(43.0, 0.3333333333333333)	(44.0, 0.3333333333333333)	(45.0, 12.000000000000004)	(46.0, 103.66666666666627)	(47.0, 124.33333333333265)	(48.0, 267.6666666666689)	(49.0, 1247.6666666666622)	(50.0, 1675.3333333332316)	(51.0, 2569.0000000000505)	(52.0, 5135.333333333133)	(53.0, 5128.333333333139)	(54.0, 2607.6666666667347)	(55.0, 1579.99999999992)	(56.0, 812.3333333333558)	(57.0, 586.6666666666634)	(58.0, 234.33333333333562)	(59.0, 20.33333333333333)	(60.0, 7.666666666666663)	(61.0, 50.66666666666675)	(62.0, 78.99999999999996)	(63.0, 62.3333333333335)	(64.0, 97.33333333333303)	(65.0, 71.66666666666673)	(66.0, 43.333333333333364)	(67.0, 41.33333333333335)	(68.0, 126.99999999999928)	(69.0, 245.0000000000026)	(70.0, 19.999999999999996)	(71.0, 2.333333333333333)	(72.0, 0.3333333333333333)	(73.0, 0.0)	(74.0, 0.0)	(75.0, 0.0)	(76.0, 0.0)	(77.0, 0.0)	(78.0, 0.0)	(79.0, 0.0)	(80.0, 0.0)	(81.0, 0.0)	(82.0, 0.0)	(83.0, 0.0)	(84.0, 0.0)	(85.0, 0.0)	(86.0, 0.0)	(87.0, 0.0)	(88.0, 0.0)	(89.0, 0.0)	(90.0, 0.0)	(91.0, 0.0)	(92.0, 0.0)	(93.0, 0.0)	(94.0, 0.0)	(95.0, 0.0)	(96.0, 0.0)	(97.0, 0.0)	(98.0, 0.0)	(99.0, 0.0)	(100.0, 0.0)
SRR37700591_2	(0.0, 0.0)	(1.0, 0.0)	(2.0, 0.0)	(3.0, 0.0)	(4.0, 0.0)	(5.0, 0.0)	(6.0, 0.0)	(7.0, 0.0)	(8.0, 0.0)	(9.0, 0.0)	(10.0, 0.0)	(11.0, 0.0)	(12.0, 0.0)	(13.0, 0.0)	(14.0, 0.0)	(15.0, 0.0)	(16.0, 0.0)	(17.0, 0.0)	(18.0, 0.0)	(19.0, 0.0)	(20.0, 0.0)	(21.0, 0.0)	(22.0, 0.0)	(23.0, 0.0)	(24.0, 0.0)	(25.0, 0.0)	(26.0, 0.0)	(27.0, 0.0)	(28.0, 0.0)	(29.0, 0.0)	(30.0, 0.0)	(31.0, 0.0)	(32.0, 0.0)	(33.0, 0.0)	(34.0, 0.3333333333333333)	(35.0, 0.0)	(36.0, 0.0)	(37.0, 0.0)	(38.0, 0.3333333333333333)	(39.0, 0.3333333333333333)	(40.0, 1.0)	(41.0, 1.0)	(42.0, 1.0)	(43.0, 0.6666666666666666)	(44.0, 18.333333333333336)	(45.0, 19.666666666666664)	(46.0, 28.999999999999964)	(47.0, 100.66666666666632)	(48.0, 220.66666666666856)	(49.0, 1131.000000000022)	(50.0, 1132.333333333355)	(51.0, 1738.6666666665506)	(52.0, 2121.3333333331802)	(53.0, 5019.333333333238)	(54.0, 5969.666666665707)	(55.0, 2566.3333333333826)	(56.0, 1547.9999999999272)	(57.0, 866.6666666666953)	(58.0, 655.6666666666713)	(59.0, 345.66666666666447)	(60.0, 223.3333333333353)	(61.0, 33.33333333333329)	(62.0, 22.666666666666654)	(63.0, 56.33333333333346)	(64.0, 25.999999999999975)	(65.0, 82.66666666666657)	(66.0, 127.3333333333326)	(67.0, 53.333333333333435)	(68.0, 22.666666666666654)	(69.0, 26.333333333333307)	(70.0, 17.000000000000007)	(71.0, 55.000000000000114)	(72.0, 209.00000000000156)	(73.0, 50.333333333333414)	(74.0, 11.000000000000002)	(75.0, 1.6666666666666665)	(76.0, 0.6666666666666666)	(77.0, 0.0)	(78.0, 0.0)	(79.0, 0.0)	(80.0, 0.0)	(81.0, 0.0)	(82.0, 0.0)	(83.0, 0.0)	(84.0, 0.3333333333333333)	(85.0, 0.3333333333333333)	(86.0, 0.0)	(87.0, 0.0)	(88.0, 0.0)	(89.0, 0.3333333333333333)	(90.0, 0.3333333333333333)	(91.0, 0.0)	(92.0, 0.0)	(93.0, 0.0)	(94.0, 0.0)	(95.0, 0.0)	(96.0, 0.0)	(97.0, 0.0)	(98.0, 0.0)	(99.0, 0.0)	(100.0, 0.0)
SRR37700592_1	(0.0, 0.0)	(1.0, 0.0)	(2.0, 0.0)	(3.0, 0.0)	(4.0, 0.0)	(5.0, 0.0)	(6.0, 0.0)	(7.0, 0.0)	(8.0, 0.0)	(9.0, 0.0)	(10.0, 0.0)	(11.0, 0.0)	(12.0, 0.0)	(13.0, 0.0)	(14.0, 0.0)	(15.0, 0.0)	(16.0, 0.0)	(17.0, 0.0)	(18.0, 0.0)	(19.0, 0.0)	(20.0, 0.0)	(21.0, 0.0)	(22.0, 0.0)	(23.0, 0.0)	(24.0, 0.0)	(25.0, 0.0)	(26.0, 0.0)	(27.0, 0.0)	(28.0, 0.0)	(29.0, 0.0)	(30.0, 0.0)	(31.0, 0.0)	(32.0, 0.0)	(33.0, 0.0)	(34.0, 0.0)	(35.0, 0.0)	(36.0, 0.0)	(37.0, 0.0)	(38.0, 0.0)	(39.0, 0.0)	(40.0, 0.0)	(41.0, 0.0)	(42.0, 0.0)	(43.0, 1.6666666666666665)	(44.0, 5.999999999999998)	(45.0, 54.66666666666678)	(46.0, 106.3333333333329)	(47.0, 168.66666666666708)	(48.0, 324.66666666666566)	(49.0, 1138.3333333333537)	(50.0, 2618.6666666667397)	(51.0, 5013.666666666577)	(52.0, 6744.33333333167)	(53.0, 6304.666666665403)	(54.0, 4373.333333333826)	(55.0, 3606.3333333338555)	(56.0, 1871.6666666665203)	(57.0, 632.0000000000019)	(58.0, 414.99999999999386)	(59.0, 55.33333333333345)	(60.0, 12.000000000000004)	(61.0, 23.333333333333318)	(62.0, 41.666666666666686)	(63.0, 45.33333333333338)	(64.0, 70.66666666666674)	(65.0, 61.000000000000156)	(66.0, 44.000000000000036)	(67.0, 42.66666666666669)	(68.0, 129.33333333333263)	(69.0, 207.33333333333485)	(70.0, 17.66666666666667)	(71.0, 4.666666666666666)	(72.0, 2.333333333333333)	(73.0, 0.0)	(74.0, 0.3333333333333333)	(75.0, 0.3333333333333333)	(76.0, 0.3333333333333333)	(77.0, 0.3333333333333333)	(78.0, 0.0)	(79.0, 0.0)	(80.0, 0.0)	(81.0, 0.0)	(82.0, 0.0)	(83.0, 0.0)	(84.0, 0.0)	(85.0, 0.0)	(86.0, 0.0)	(87.0, 0.0)	(88.0, 0.0)	(89.0, 0.0)	(90.0, 0.0)	(91.0, 0.0)	(92.0, 0.0)	(93.0, 0.0)	(94.0, 0.0)	(95.0, 0.0)	(96.0, 0.0)	(97.0, 0.0)	(98.0, 0.0)	(99.0, 0.0)	(100.0, 0.0)
SRR37700592_2	(0.0, 0.0)	(1.0, 0.0)	(2.0, 0.0)	(3.0, 0.0)	(4.0, 0.0)	(5.0, 0.0)	(6.0, 0.0)	(7.0, 0.0)	(8.0, 0.0)	(9.0, 0.0)	(10.0, 0.0)	(11.0, 0.0)	(12.0, 0.0)	(13.0, 0.0)	(14.0, 0.0)	(15.0, 0.0)	(16.0, 0.0)	(17.0, 0.0)	(18.0, 0.0)	(19.0, 0.0)	(20.0, 0.0)	(21.0, 0.0)	(22.0, 0.0)	(23.0, 0.0)	(24.0, 0.0)	(25.0, 0.0)	(26.0, 0.0)	(27.0, 0.0)	(28.0, 0.0)	(29.0, 0.0)	(30.0, 0.0)	(31.0, 0.0)	(32.0, 0.0)	(33.0, 0.0)	(34.0, 0.0)	(35.0, 0.0)	(36.0, 0.0)	(37.0, 0.3333333333333333)	(38.0, 1.3333333333333333)	(39.0, 1.0)	(40.0, 1.3333333333333333)	(41.0, 0.0)	(42.0, 3.0)	(43.0, 4.666666666666666)	(44.0, 17.000000000000007)	(45.0, 20.33333333333333)	(46.0, 74.66666666666669)	(47.0, 165.0000000000003)	(48.0, 292.33333333333417)	(49.0, 1035.0000000000439)	(50.0, 2768.000000000141)	(51.0, 3414.333333333768)	(52.0, 4795.000000000109)	(53.0, 5805.333333332524)	(54.0, 6971.333333331463)	(55.0, 5066.999999999862)	(56.0, 3302.3333333337173)	(57.0, 1140.00000000002)	(58.0, 963.3333333333729)	(59.0, 248.00000000000267)	(60.0, 383.6666666666623)	(61.0, 71.00000000000007)	(62.0, 25.999999999999975)	(63.0, 31.33333333333329)	(64.0, 24.666666666666647)	(65.0, 64.3333333333335)	(66.0, 112.66666666666615)	(67.0, 40.66666666666668)	(68.0, 19.999999999999996)	(69.0, 20.66666666666666)	(70.0, 20.999999999999993)	(71.0, 59.00000000000014)	(72.0, 172.6666666666672)	(73.0, 45.33333333333338)	(74.0, 8.33333333333333)	(75.0, 4.999999999999999)	(76.0, 3.3333333333333335)	(77.0, 0.3333333333333333)	(78.0, 0.0)	(79.0, 0.0)	(80.0, 0.0)	(81.0, 0.0)	(82.0, 0.0)	(83.0, 0.0)	(84.0, 0.0)	(85.0, 0.0)	(86.0, 0.3333333333333333)	(87.0, 0.3333333333333333)	(88.0, 0.6666666666666666)	(89.0, 0.0)	(90.0, 0.0)	(91.0, 0.0)	(92.0, 0.0)	(93.0, 0.0)	(94.0, 0.0)	(95.0, 0.0)	(96.0, 0.0)	(97.0, 0.0)	(98.0, 0.0)	(99.0, 0.0)	(100.0, 0.0)
SRR37700593_1	(0.0, 0.0)	(1.0, 0.0)	(2.0, 0.0)	(3.0, 0.0)	(4.0, 0.0)	(5.0, 0.0)	(6.0, 0.0)	(7.0, 0.0)	(8.0, 0.0)	(9.0, 0.0)	(10.0, 0.0)	(11.0, 0.0)	(12.0, 0.0)	(13.0, 0.0)	(14.0, 0.0)	(15.0, 0.0)	(16.0, 0.0)	(17.0, 0.0)	(18.0, 0.0)	(19.0, 0.0)	(20.0, 0.0)	(21.0, 0.0)	(22.0, 0.0)	(23.0, 0.0)	(24.0, 0.0)	(25.0, 0.0)	(26.0, 0.0)	(27.0, 0.0)	(28.0, 0.0)	(29.0, 0.0)	(30.0, 0.0)	(31.0, 0.0)	(32.0, 0.0)	(33.0, 0.0)	(34.0, 0.0)	(35.0, 0.0)	(36.0, 0.3333333333333333)	(37.0, 0.3333333333333333)	(38.0, 0.3333333333333333)	(39.0, 0.0)	(40.0, 0.0)	(41.0, 0.3333333333333333)	(42.0, 0.3333333333333333)	(43.0, 0.0)	(44.0, 3.3333333333333335)	(45.0, 30.999999999999957)	(46.0, 74.33333333333336)	(47.0, 190.00000000000102)	(48.0, 286.6666666666678)	(49.0, 1113.3333333333594)	(50.0, 2857.0000000001814)	(51.0, 3642.0000000005384)	(52.0, 4246.6666666672745)	(53.0, 3700.6666666672318)	(54.0, 2040.9999999998151)	(55.0, 3555.3333333338323)	(56.0, 1277.6666666666554)	(57.0, 675.3333333333402)	(58.0, 198.3333333333346)	(59.0, 30.666666666666625)	(60.0, 18.000000000000004)	(61.0, 80.99999999999993)	(62.0, 85.66666666666653)	(63.0, 49.33333333333341)	(64.0, 76.66666666666666)	(65.0, 59.00000000000014)	(66.0, 43.6666666666667)	(67.0, 45.00000000000004)	(68.0, 83.99999999999989)	(69.0, 135.9999999999995)	(70.0, 15.666666666666677)	(71.0, 1.6666666666666665)	(72.0, 0.3333333333333333)	(73.0, 0.3333333333333333)	(74.0, 0.3333333333333333)	(75.0, 0.0)	(76.0, 0.0)	(77.0, 0.0)	(78.0, 0.0)	(79.0, 0.0)	(80.0, 0.0)	(81.0, 0.0)	(82.0, 0.0)	(83.0, 0.0)	(84.0, 0.0)	(85.0, 0.0)	(86.0, 0.0)	(87.0, 0.0)	(88.0, 0.0)	(89.0, 0.0)	(90.0, 0.0)	(91.0, 0.0)	(92.0, 0.0)	(93.0, 0.0)	(94.0, 0.0)	(95.0, 0.0)	(96.0, 0.0)	(97.0, 0.0)	(98.0, 0.0)	(99.0, 0.0)	(100.0, 0.0)
SRR37700593_2	(0.0, 0.0)	(1.0, 0.0)	(2.0, 0.0)	(3.0, 0.0)	(4.0, 0.0)	(5.0, 0.0)	(6.0, 0.0)	(7.0, 0.0)	(8.0, 0.0)	(9.0, 0.0)	(10.0, 0.0)	(11.0, 0.0)	(12.0, 0.0)	(13.0, 0.0)	(14.0, 0.0)	(15.0, 0.0)	(16.0, 0.0)	(17.0, 0.0)	(18.0, 0.0)	(19.0, 0.0)	(20.0, 0.0)	(21.0, 0.0)	(22.0, 0.0)	(23.0, 0.0)	(24.0, 0.0)	(25.0, 0.0)	(26.0, 0.0)	(27.0, 0.0)	(28.0, 0.0)	(29.0, 0.0)	(30.0, 0.0)	(31.0, 0.0)	(32.0, 0.0)	(33.0, 0.0)	(34.0, 0.3333333333333333)	(35.0, 0.0)	(36.0, 0.3333333333333333)	(37.0, 1.0)	(38.0, 0.6666666666666666)	(39.0, 0.3333333333333333)	(40.0, 1.3333333333333333)	(41.0, 1.3333333333333333)	(42.0, 1.3333333333333333)	(43.0, 1.6666666666666665)	(44.0, 4.666666666666666)	(45.0, 11.333333333333336)	(46.0, 60.333333333333485)	(47.0, 87.99999999999983)	(48.0, 240.00000000000244)	(49.0, 933.0000000000362)	(50.0, 2140.6666666665224)	(51.0, 2479.6666666666765)	(52.0, 2279.333333333252)	(53.0, 5049.666666666544)	(54.0, 4691.66666666687)	(55.0, 2522.3333333333626)	(56.0, 3520.000000000483)	(57.0, 1231.6666666666658)	(58.0, 786.3333333333528)	(59.0, 144.6666666666664)	(60.0, 148.66666666666652)	(61.0, 81.33333333333326)	(62.0, 32.99999999999996)	(63.0, 80.99999999999993)	(64.0, 28.3333333333333)	(65.0, 63.333333333333506)	(66.0, 114.99999999999945)	(67.0, 51.66666666666676)	(68.0, 14.666666666666675)	(69.0, 20.66666666666666)	(70.0, 14.000000000000007)	(71.0, 34.99999999999997)	(72.0, 107.66666666666622)	(73.0, 22.999999999999986)	(74.0, 6.999999999999997)	(75.0, 1.3333333333333333)	(76.0, 2.333333333333333)	(77.0, 1.0)	(78.0, 0.0)	(79.0, 0.0)	(80.0, 0.0)	(81.0, 0.0)	(82.0, 0.0)	(83.0, 0.0)	(84.0, 0.0)	(85.0, 0.0)	(86.0, 0.0)	(87.0, 0.0)	(88.0, 0.0)	(89.0, 0.0)	(90.0, 0.0)	(91.0, 0.0)	(92.0, 0.0)	(93.0, 0.0)	(94.0, 0.0)	(95.0, 0.0)	(96.0, 0.0)	(97.0, 0.0)	(98.0, 0.0)	(99.0, 0.0)	(100.0, 0.0)
SRR37700594_1	(0.0, 0.0)	(1.0, 0.0)	(2.0, 0.0)	(3.0, 0.0)	(4.0, 0.0)	(5.0, 0.0)	(6.0, 0.0)	(7.0, 0.0)	(8.0, 0.0)	(9.0, 0.0)	(10.0, 0.0)	(11.0, 0.0)	(12.0, 0.0)	(13.0, 0.0)	(14.0, 0.0)	(15.0, 0.0)	(16.0, 0.0)	(17.0, 0.0)	(18.0, 0.0)	(19.0, 0.0)	(20.0, 0.0)	(21.0, 0.0)	(22.0, 0.0)	(23.0, 0.0)	(24.0, 0.0)	(25.0, 0.0)	(26.0, 0.0)	(27.0, 0.0)	(28.0, 0.0)	(29.0, 0.0)	(30.0, 0.0)	(31.0, 0.0)	(32.0, 0.0)	(33.0, 0.0)	(34.0, 0.0)	(35.0, 0.0)	(36.0, 0.0)	(37.0, 0.0)	(38.0, 0.0)	(39.0, 0.0)	(40.0, 0.0)	(41.0, 0.0)	(42.0, 0.3333333333333333)	(43.0, 1.0)	(44.0, 2.6666666666666665)	(45.0, 37.33333333333332)	(46.0, 492.3333333333228)	(47.0, 273.00000000000193)	(48.0, 438.33333333332587)	(49.0, 2081.333333333162)	(50.0, 2672.6666666667643)	(51.0, 3880.6666666673136)	(52.0, 5069.333333333193)	(53.0, 3558.0000000005)	(54.0, 1676.3333333332314)	(55.0, 2002.6666666664905)	(56.0, 789.6666666666865)	(57.0, 244.66666666666924)	(58.0, 111.33333333333283)	(59.0, 27.666666666666636)	(60.0, 14.000000000000007)	(61.0, 19.333333333333332)	(62.0, 28.666666666666632)	(63.0, 35.99999999999998)	(64.0, 37.66666666666666)	(65.0, 22.33333333333332)	(66.0, 17.000000000000007)	(67.0, 20.66666666666666)	(68.0, 66.33333333333347)	(69.0, 153.66666666666666)	(70.0, 13.33333333333334)	(71.0, 0.3333333333333333)	(72.0, 0.6666666666666666)	(73.0, 0.3333333333333333)	(74.0, 0.0)	(75.0, 0.0)	(76.0, 0.0)	(77.0, 0.0)	(78.0, 0.0)	(79.0, 0.0)	(80.0, 0.0)	(81.0, 0.0)	(82.0, 0.0)	(83.0, 0.0)	(84.0, 0.0)	(85.0, 0.0)	(86.0, 0.0)	(87.0, 0.0)	(88.0, 0.0)	(89.0, 0.0)	(90.0, 0.0)	(91.0, 0.0)	(92.0, 0.0)	(93.0, 0.0)	(94.0, 0.0)	(95.0, 0.0)	(96.0, 0.0)	(97.0, 0.0)	(98.0, 0.0)	(99.0, 0.0)	(100.0, 0.0)
SRR37700594_2	(0.0, 0.0)	(1.0, 0.0)	(2.0, 0.0)	(3.0, 0.0)	(4.0, 0.0)	(5.0, 0.0)	(6.0, 0.0)	(7.0, 0.0)	(8.0, 0.0)	(9.0, 0.0)	(10.0, 0.0)	(11.0, 0.0)	(12.0, 0.0)	(13.0, 0.0)	(14.0, 0.0)	(15.0, 0.0)	(16.0, 0.0)	(17.0, 0.0)	(18.0, 0.0)	(19.0, 0.0)	(20.0, 0.0)	(21.0, 0.0)	(22.0, 0.0)	(23.0, 0.0)	(24.0, 0.0)	(25.0, 0.0)	(26.0, 0.0)	(27.0, 0.0)	(28.0, 0.0)	(29.0, 0.0)	(30.0, 0.0)	(31.0, 0.0)	(32.0, 0.0)	(33.0, 0.0)	(34.0, 0.0)	(35.0, 0.0)	(36.0, 0.6666666666666666)	(37.0, 0.3333333333333333)	(38.0, 0.0)	(39.0, 0.3333333333333333)	(40.0, 0.6666666666666666)	(41.0, 1.0)	(42.0, 2.6666666666666665)	(43.0, 1.9999999999999998)	(44.0, 32.66666666666662)	(45.0, 44.33333333333337)	(46.0, 59.00000000000014)	(47.0, 460.66666666665793)	(48.0, 645.3333333333368)	(49.0, 1964.6666666664992)	(50.0, 2036.999999999816)	(51.0, 2076.6666666664933)	(52.0, 1962.9999999998329)	(53.0, 5214.333333333061)	(54.0, 5411.999999999548)	(55.0, 1821.6666666665317)	(56.0, 1881.9999999998513)	(57.0, 757.3333333333495)	(58.0, 353.3333333333307)	(59.0, 120.99999999999936)	(60.0, 99.333333333333)	(61.0, 29.333333333333297)	(62.0, 20.999999999999993)	(63.0, 32.99999999999996)	(64.0, 15.000000000000009)	(65.0, 33.33333333333329)	(66.0, 42.66666666666669)	(67.0, 18.333333333333336)	(68.0, 12.000000000000004)	(69.0, 12.666666666666671)	(70.0, 12.666666666666671)	(71.0, 36.66666666666665)	(72.0, 137.6666666666662)	(73.0, 23.66666666666665)	(74.0, 4.666666666666666)	(75.0, 0.6666666666666666)	(76.0, 0.6666666666666666)	(77.0, 0.3333333333333333)	(78.0, 0.0)	(79.0, 0.0)	(80.0, 0.0)	(81.0, 0.0)	(82.0, 0.0)	(83.0, 0.0)	(84.0, 0.0)	(85.0, 0.0)	(86.0, 0.0)	(87.0, 0.0)	(88.0, 0.0)	(89.0, 0.0)	(90.0, 0.0)	(91.0, 0.0)	(92.0, 0.0)	(93.0, 0.0)	(94.0, 0.0)	(95.0, 0.0)	(96.0, 0.0)	(97.0, 0.3333333333333333)	(98.0, 0.0)	(99.0, 0.0)	(100.0, 0.0)
SRR37700595_1	(0.0, 0.0)	(1.0, 0.0)	(2.0, 0.0)	(3.0, 0.0)	(4.0, 0.0)	(5.0, 0.0)	(6.0, 0.0)	(7.0, 0.0)	(8.0, 0.0)	(9.0, 0.0)	(10.0, 0.0)	(11.0, 0.0)	(12.0, 0.0)	(13.0, 0.0)	(14.0, 0.0)	(15.0, 0.0)	(16.0, 0.0)	(17.0, 0.0)	(18.0, 0.0)	(19.0, 0.0)	(20.0, 0.0)	(21.0, 0.0)	(22.0, 0.0)	(23.0, 0.0)	(24.0, 0.0)	(25.0, 0.0)	(26.0, 0.0)	(27.0, 0.3333333333333333)	(28.0, 0.3333333333333333)	(29.0, 0.0)	(30.0, 0.0)	(31.0, 0.0)	(32.0, 0.0)	(33.0, 0.0)	(34.0, 0.0)	(35.0, 0.0)	(36.0, 0.0)	(37.0, 0.0)	(38.0, 0.0)	(39.0, 0.0)	(40.0, 0.0)	(41.0, 0.3333333333333333)	(42.0, 0.3333333333333333)	(43.0, 1.6666666666666665)	(44.0, 7.33333333333333)	(45.0, 37.66666666666666)	(46.0, 128.9999999999993)	(47.0, 204.33333333333476)	(48.0, 408.6666666666609)	(49.0, 1629.9999999999086)	(50.0, 3663.000000000548)	(51.0, 4419.000000000451)	(52.0, 4312.6666666672145)	(53.0, 3089.000000000287)	(54.0, 2121.999999999847)	(55.0, 3841.666666667296)	(56.0, 1196.6666666666738)	(57.0, 357.9999999999971)	(58.0, 155.6666666666667)	(59.0, 31.999999999999954)	(60.0, 31.66666666666662)	(61.0, 31.999999999999954)	(62.0, 33.66666666666663)	(63.0, 21.333333333333325)	(64.0, 18.666666666666668)	(65.0, 11.66666666666667)	(66.0, 16.333333333333343)	(67.0, 20.66666666666666)	(68.0, 44.33333333333337)	(69.0, 93.99999999999974)	(70.0, 8.666666666666664)	(71.0, 1.3333333333333333)	(72.0, 0.0)	(73.0, 0.3333333333333333)	(74.0, 0.0)	(75.0, 0.0)	(76.0, 0.0)	(77.0, 0.0)	(78.0, 0.0)	(79.0, 0.0)	(80.0, 0.0)	(81.0, 0.0)	(82.0, 0.0)	(83.0, 0.0)	(84.0, 0.0)	(85.0, 0.0)	(86.0, 0.0)	(87.0, 0.0)	(88.0, 0.0)	(89.0, 0.0)	(90.0, 0.0)	(91.0, 0.0)	(92.0, 0.0)	(93.0, 0.0)	(94.0, 0.0)	(95.0, 0.0)	(96.0, 0.0)	(97.0, 0.0)	(98.0, 0.0)	(99.0, 0.0)	(100.0, 0.0)
SRR37700595_2	(0.0, 0.0)	(1.0, 0.0)	(2.0, 0.0)	(3.0, 0.0)	(4.0, 0.0)	(5.0, 0.0)	(6.0, 0.0)	(7.0, 0.0)	(8.0, 0.0)	(9.0, 0.0)	(10.0, 0.0)	(11.0, 0.0)	(12.0, 0.0)	(13.0, 0.0)	(14.0, 0.0)	(15.0, 0.0)	(16.0, 0.0)	(17.0, 0.0)	(18.0, 0.0)	(19.0, 0.0)	(20.0, 0.0)	(21.0, 0.0)	(22.0, 0.0)	(23.0, 0.0)	(24.0, 0.0)	(25.0, 0.0)	(26.0, 0.3333333333333333)	(27.0, 0.0)	(28.0, 0.0)	(29.0, 0.0)	(30.0, 0.3333333333333333)	(31.0, 0.0)	(32.0, 0.0)	(33.0, 0.3333333333333333)	(34.0, 0.3333333333333333)	(35.0, 0.0)	(36.0, 0.6666666666666666)	(37.0, 0.6666666666666666)	(38.0, 0.3333333333333333)	(39.0, 1.3333333333333333)	(40.0, 0.6666666666666666)	(41.0, 1.6666666666666665)	(42.0, 1.6666666666666665)	(43.0, 4.0)	(44.0, 39.0)	(45.0, 49.66666666666674)	(46.0, 64.66666666666683)	(47.0, 132.33333333333272)	(48.0, 222.66666666666862)	(49.0, 1348.333333333306)	(50.0, 2254.3333333332407)	(51.0, 2615.333333333405)	(52.0, 3325.0000000003943)	(53.0, 4806.666666666765)	(54.0, 4190.000000000659)	(55.0, 2931.3333333335486)	(56.0, 3916.3333333339965)	(57.0, 979.3333333333748)	(58.0, 382.33333333332905)	(59.0, 125.33333333333263)	(60.0, 126.66666666666595)	(61.0, 33.33333333333329)	(62.0, 23.999999999999982)	(63.0, 31.999999999999954)	(64.0, 19.333333333333332)	(65.0, 29.333333333333297)	(66.0, 28.666666666666632)	(67.0, 10.333333333333334)	(68.0, 8.666666666666664)	(69.0, 17.33333333333334)	(70.0, 8.666666666666664)	(71.0, 21.99999999999999)	(72.0, 83.99999999999989)	(73.0, 14.666666666666675)	(74.0, 1.3333333333333333)	(75.0, 0.0)	(76.0, 0.0)	(77.0, 0.0)	(78.0, 0.0)	(79.0, 0.0)	(80.0, 0.0)	(81.0, 0.0)	(82.0, 0.0)	(83.0, 0.0)	(84.0, 0.0)	(85.0, 0.0)	(86.0, 0.3333333333333333)	(87.0, 0.0)	(88.0, 0.0)	(89.0, 0.0)	(90.0, 0.0)	(91.0, 0.0)	(92.0, 0.0)	(93.0, 0.0)	(94.0, 0.0)	(95.0, 0.0)	(96.0, 0.0)	(97.0, 0.0)	(98.0, 0.0)	(99.0, 0.0)	(100.0, 0.0)
SRR37700597_1	(0.0, 0.0)	(1.0, 0.0)	(2.0, 0.0)	(3.0, 0.0)	(4.0, 0.0)	(5.0, 0.0)	(6.0, 0.0)	(7.0, 0.0)	(8.0, 0.0)	(9.0, 0.0)	(10.0, 0.0)	(11.0, 0.0)	(12.0, 0.0)	(13.0, 0.0)	(14.0, 0.0)	(15.0, 0.0)	(16.0, 0.0)	(17.0, 0.0)	(18.0, 0.0)	(19.0, 0.0)	(20.0, 0.0)	(21.0, 0.0)	(22.0, 0.0)	(23.0, 0.0)	(24.0, 0.0)	(25.0, 0.0)	(26.0, 0.0)	(27.0, 0.0)	(28.0, 0.0)	(29.0, 0.0)	(30.0, 0.0)	(31.0, 0.0)	(32.0, 0.0)	(33.0, 0.0)	(34.0, 0.0)	(35.0, 0.0)	(36.0, 0.0)	(37.0, 0.0)	(38.0, 0.0)	(39.0, 0.0)	(40.0, 0.3333333333333333)	(41.0, 0.0)	(42.0, 0.0)	(43.0, 1.3333333333333333)	(44.0, 1.9999999999999998)	(45.0, 8.33333333333333)	(46.0, 85.66666666666653)	(47.0, 113.3333333333328)	(48.0, 282.33333333333474)	(49.0, 1335.6666666666422)	(50.0, 2835.333333333505)	(51.0, 2770.666666666809)	(52.0, 4871.00000000004)	(53.0, 5319.333333332966)	(54.0, 2716.6666666667843)	(55.0, 4386.000000000481)	(56.0, 1326.9999999999775)	(57.0, 414.99999999999386)	(58.0, 144.99999999999974)	(59.0, 37.33333333333332)	(60.0, 19.999999999999996)	(61.0, 39.66666666666667)	(62.0, 50.66666666666675)	(63.0, 71.00000000000007)	(64.0, 80.6666666666666)	(65.0, 42.66666666666669)	(66.0, 50.66666666666675)	(67.0, 51.33333333333342)	(68.0, 99.66666666666633)	(69.0, 214.33333333333505)	(70.0, 19.666666666666664)	(71.0, 2.333333333333333)	(72.0, 0.6666666666666666)	(73.0, 0.0)	(74.0, 0.0)	(75.0, 0.0)	(76.0, 0.0)	(77.0, 0.0)	(78.0, 0.0)	(79.0, 0.0)	(80.0, 0.0)	(81.0, 0.0)	(82.0, 0.0)	(83.0, 0.0)	(84.0, 0.0)	(85.0, 0.0)	(86.0, 0.0)	(87.0, 0.0)	(88.0, 0.0)	(89.0, 0.0)	(90.0, 0.0)	(91.0, 0.0)	(92.0, 0.0)	(93.0, 0.0)	(94.0, 0.0)	(95.0, 0.0)	(96.0, 0.0)	(97.0, 0.0)	(98.0, 0.0)	(99.0, 0.0)	(100.0, 0.0)
SRR37700597_2	(0.0, 0.0)	(1.0, 0.0)	(2.0, 0.0)	(3.0, 0.0)	(4.0, 0.0)	(5.0, 0.0)	(6.0, 0.0)	(7.0, 0.0)	(8.0, 0.0)	(9.0, 0.0)	(10.0, 0.0)	(11.0, 0.0)	(12.0, 0.0)	(13.0, 0.0)	(14.0, 0.0)	(15.0, 0.0)	(16.0, 0.0)	(17.0, 0.0)	(18.0, 0.0)	(19.0, 0.0)	(20.0, 0.0)	(21.0, 0.0)	(22.0, 0.0)	(23.0, 0.0)	(24.0, 0.0)	(25.0, 0.0)	(26.0, 0.0)	(27.0, 0.0)	(28.0, 0.0)	(29.0, 0.0)	(30.0, 0.0)	(31.0, 0.0)	(32.0, 0.0)	(33.0, 0.3333333333333333)	(34.0, 0.3333333333333333)	(35.0, 0.3333333333333333)	(36.0, 1.0)	(37.0, 0.6666666666666666)	(38.0, 0.6666666666666666)	(39.0, 0.3333333333333333)	(40.0, 0.3333333333333333)	(41.0, 0.3333333333333333)	(42.0, 1.0)	(43.0, 2.333333333333333)	(44.0, 4.999999999999999)	(45.0, 4.333333333333333)	(46.0, 15.666666666666677)	(47.0, 101.99999999999963)	(48.0, 192.33333333333442)	(49.0, 1160.3333333333487)	(50.0, 2302.3333333332625)	(51.0, 2503.0000000000205)	(52.0, 2286.9999999999222)	(53.0, 5286.666666666329)	(54.0, 5458.666666666172)	(55.0, 3255.0000000003624)	(56.0, 4207.66666666731)	(57.0, 1024.666666666713)	(58.0, 396.9999999999949)	(59.0, 116.33333333333276)	(60.0, 103.66666666666627)	(61.0, 47.00000000000006)	(62.0, 29.333333333333297)	(63.0, 48.666666666666735)	(64.0, 30.666666666666625)	(65.0, 75.00000000000001)	(66.0, 131.3333333333327)	(67.0, 40.00000000000001)	(68.0, 23.66666666666665)	(69.0, 17.33333333333334)	(70.0, 15.000000000000009)	(71.0, 51.000000000000085)	(72.0, 172.6666666666672)	(73.0, 33.66666666666663)	(74.0, 6.333333333333331)	(75.0, 0.6666666666666666)	(76.0, 0.0)	(77.0, 0.0)	(78.0, 0.0)	(79.0, 0.0)	(80.0, 0.0)	(81.0, 0.0)	(82.0, 0.0)	(83.0, 0.0)	(84.0, 0.0)	(85.0, 0.0)	(86.0, 0.0)	(87.0, 0.0)	(88.0, 0.0)	(89.0, 0.0)	(90.0, 0.0)	(91.0, 0.0)	(92.0, 0.0)	(93.0, 0.0)	(94.0, 0.0)	(95.0, 0.0)	(96.0, 0.0)	(97.0, 0.0)	(98.0, 0.0)	(99.0, 0.3333333333333333)	(100.0, 0.5)
SRR37700598_1	(0.0, 0.0)	(1.0, 0.0)	(2.0, 0.0)	(3.0, 0.0)	(4.0, 0.0)	(5.0, 0.0)	(6.0, 0.0)	(7.0, 0.0)	(8.0, 0.0)	(9.0, 0.0)	(10.0, 0.0)	(11.0, 0.0)	(12.0, 0.0)	(13.0, 0.0)	(14.0, 0.0)	(15.0, 0.0)	(16.0, 0.0)	(17.0, 0.0)	(18.0, 0.0)	(19.0, 0.0)	(20.0, 0.0)	(21.0, 0.0)	(22.0, 0.0)	(23.0, 0.0)	(24.0, 0.0)	(25.0, 0.0)	(26.0, 0.0)	(27.0, 0.0)	(28.0, 0.0)	(29.0, 0.0)	(30.0, 0.0)	(31.0, 0.0)	(32.0, 0.0)	(33.0, 0.0)	(34.0, 0.0)	(35.0, 0.0)	(36.0, 0.0)	(37.0, 0.0)	(38.0, 0.0)	(39.0, 0.0)	(40.0, 0.0)	(41.0, 0.3333333333333333)	(42.0, 1.0)	(43.0, 0.3333333333333333)	(44.0, 2.333333333333333)	(45.0, 15.333333333333343)	(46.0, 40.66666666666668)	(47.0, 148.99999999999986)	(48.0, 410.9999999999941)	(49.0, 1572.6666666665883)	(50.0, 2028.6666666664846)	(51.0, 2943.6666666668875)	(52.0, 3000.33333333358)	(53.0, 2408.3333333333107)	(54.0, 1747.6666666665485)	(55.0, 2996.0000000002447)	(56.0, 920.0000000000347)	(57.0, 200.666666666668)	(58.0, 106.99999999999956)	(59.0, 30.333333333333293)	(60.0, 7.9999999999999964)	(61.0, 6.999999999999997)	(62.0, 16.666666666666675)	(63.0, 26.99999999999997)	(64.0, 29.333333333333297)	(65.0, 16.333333333333343)	(66.0, 16.333333333333343)	(67.0, 16.00000000000001)	(68.0, 47.33333333333339)	(69.0, 50.66666666666675)	(70.0, 2.6666666666666665)	(71.0, 0.0)	(72.0, 0.0)	(73.0, 0.0)	(74.0, 0.0)	(75.0, 0.0)	(76.0, 0.0)	(77.0, 0.0)	(78.0, 0.0)	(79.0, 0.0)	(80.0, 0.0)	(81.0, 0.0)	(82.0, 0.0)	(83.0, 0.0)	(84.0, 0.0)	(85.0, 0.0)	(86.0, 0.0)	(87.0, 0.0)	(88.0, 0.0)	(89.0, 0.0)	(90.0, 0.0)	(91.0, 0.0)	(92.0, 0.0)	(93.0, 0.0)	(94.0, 0.0)	(95.0, 0.0)	(96.0, 0.0)	(97.0, 0.0)	(98.0, 0.0)	(99.0, 0.0)	(100.0, 0.0)
SRR37700598_2	(0.0, 0.0)	(1.0, 0.0)	(2.0, 0.0)	(3.0, 0.0)	(4.0, 0.0)	(5.0, 0.0)	(6.0, 0.0)	(7.0, 0.0)	(8.0, 0.0)	(9.0, 0.0)	(10.0, 0.0)	(11.0, 0.0)	(12.0, 0.0)	(13.0, 0.0)	(14.0, 0.0)	(15.0, 0.0)	(16.0, 0.0)	(17.0, 0.0)	(18.0, 0.0)	(19.0, 0.0)	(20.0, 0.0)	(21.0, 0.0)	(22.0, 0.0)	(23.0, 0.0)	(24.0, 0.0)	(25.0, 0.0)	(26.0, 0.0)	(27.0, 0.0)	(28.0, 0.0)	(29.0, 0.0)	(30.0, 0.0)	(31.0, 0.0)	(32.0, 0.0)	(33.0, 0.3333333333333333)	(34.0, 0.0)	(35.0, 0.3333333333333333)	(36.0, 1.0)	(37.0, 0.6666666666666666)	(38.0, 0.6666666666666666)	(39.0, 0.6666666666666666)	(40.0, 0.3333333333333333)	(41.0, 0.3333333333333333)	(42.0, 1.0)	(43.0, 1.0)	(44.0, 3.3333333333333335)	(45.0, 4.333333333333333)	(46.0, 23.999999999999982)	(47.0, 59.00000000000014)	(48.0, 247.00000000000264)	(49.0, 1384.666666666631)	(50.0, 1156.6666666666829)	(51.0, 1503.9999999999372)	(52.0, 2391.99999999997)	(53.0, 3343.6666666670694)	(54.0, 3078.3333333336154)	(55.0, 2588.3333333333926)	(56.0, 2735.666666666793)	(57.0, 868.3333333333621)	(58.0, 370.33333333332973)	(59.0, 68.66666666666677)	(60.0, 89.9999999999998)	(61.0, 28.3333333333333)	(62.0, 13.666666666666673)	(63.0, 11.333333333333336)	(64.0, 9.333333333333332)	(65.0, 33.999999999999964)	(66.0, 35.33333333333331)	(67.0, 10.333333333333334)	(68.0, 8.33333333333333)	(69.0, 14.000000000000007)	(70.0, 5.666666666666665)	(71.0, 12.000000000000004)	(72.0, 40.33333333333334)	(73.0, 16.666666666666675)	(74.0, 3.0)	(75.0, 0.3333333333333333)	(76.0, 0.3333333333333333)	(77.0, 0.3333333333333333)	(78.0, 0.0)	(79.0, 0.0)	(80.0, 0.0)	(81.0, 0.0)	(82.0, 0.0)	(83.0, 0.0)	(84.0, 0.0)	(85.0, 0.0)	(86.0, 0.0)	(87.0, 0.0)	(88.0, 0.0)	(89.0, 0.0)	(90.0, 0.0)	(91.0, 0.0)	(92.0, 0.0)	(93.0, 0.0)	(94.0, 0.0)	(95.0, 0.0)	(96.0, 0.0)	(97.0, 0.0)	(98.0, 0.0)	(99.0, 0.0)	(100.0, 0.0)
SRR37700599_1	(0.0, 0.0)	(1.0, 0.0)	(2.0, 0.0)	(3.0, 0.0)	(4.0, 0.0)	(5.0, 0.0)	(6.0, 0.0)	(7.0, 0.0)	(8.0, 0.0)	(9.0, 0.0)	(10.0, 0.0)	(11.0, 0.0)	(12.0, 0.0)	(13.0, 0.0)	(14.0, 0.0)	(15.0, 0.0)	(16.0, 0.0)	(17.0, 0.0)	(18.0, 0.0)	(19.0, 0.0)	(20.0, 0.0)	(21.0, 0.0)	(22.0, 0.0)	(23.0, 0.0)	(24.0, 0.0)	(25.0, 0.0)	(26.0, 0.0)	(27.0, 0.0)	(28.0, 0.0)	(29.0, 0.0)	(30.0, 0.0)	(31.0, 0.0)	(32.0, 0.0)	(33.0, 0.0)	(34.0, 0.0)	(35.0, 0.0)	(36.0, 0.0)	(37.0, 0.0)	(38.0, 0.0)	(39.0, 0.0)	(40.0, 0.3333333333333333)	(41.0, 0.3333333333333333)	(42.0, 0.3333333333333333)	(43.0, 1.3333333333333333)	(44.0, 9.333333333333332)	(45.0, 53.66666666666677)	(46.0, 58.33333333333347)	(47.0, 342.3333333333313)	(48.0, 291.3333333333342)	(49.0, 993.3333333333763)	(50.0, 2326.666666666607)	(51.0, 3830.000000000624)	(52.0, 5195.999999999744)	(53.0, 3335.000000000399)	(54.0, 2244.333333333236)	(55.0, 2949.6666666668903)	(56.0, 1531.3333333332644)	(57.0, 344.3333333333312)	(58.0, 73.33333333333337)	(59.0, 27.333333333333304)	(60.0, 19.999999999999996)	(61.0, 13.666666666666673)	(62.0, 26.333333333333307)	(63.0, 38.33333333333333)	(64.0, 43.333333333333364)	(65.0, 22.666666666666654)	(66.0, 21.99999999999999)	(67.0, 31.33333333333329)	(68.0, 77.33333333333331)	(69.0, 155.00000000000003)	(70.0, 15.000000000000009)	(71.0, 1.9999999999999998)	(72.0, 0.3333333333333333)	(73.0, 1.0)	(74.0, 0.3333333333333333)	(75.0, 0.3333333333333333)	(76.0, 0.3333333333333333)	(77.0, 0.0)	(78.0, 0.0)	(79.0, 0.0)	(80.0, 0.0)	(81.0, 0.0)	(82.0, 0.0)	(83.0, 0.0)	(84.0, 0.0)	(85.0, 0.0)	(86.0, 0.0)	(87.0, 0.0)	(88.0, 0.0)	(89.0, 0.0)	(90.0, 0.0)	(91.0, 0.0)	(92.0, 0.0)	(93.0, 0.0)	(94.0, 0.0)	(95.0, 0.0)	(96.0, 0.0)	(97.0, 0.0)	(98.0, 0.0)	(99.0, 0.0)	(100.0, 0.0)
SRR37700599_2	(0.0, 0.0)	(1.0, 0.0)	(2.0, 0.0)	(3.0, 0.0)	(4.0, 0.0)	(5.0, 0.0)	(6.0, 0.0)	(7.0, 0.0)	(8.0, 0.0)	(9.0, 0.0)	(10.0, 0.0)	(11.0, 0.0)	(12.0, 0.0)	(13.0, 0.0)	(14.0, 0.0)	(15.0, 0.0)	(16.0, 0.0)	(17.0, 0.0)	(18.0, 0.0)	(19.0, 0.0)	(20.0, 0.0)	(21.0, 0.0)	(22.0, 0.0)	(23.0, 0.0)	(24.0, 0.0)	(25.0, 0.0)	(26.0, 0.0)	(27.0, 0.0)	(28.0, 0.0)	(29.0, 0.0)	(30.0, 0.0)	(31.0, 0.0)	(32.0, 0.0)	(33.0, 0.0)	(34.0, 0.0)	(35.0, 0.0)	(36.0, 0.0)	(37.0, 0.6666666666666666)	(38.0, 0.6666666666666666)	(39.0, 0.0)	(40.0, 0.0)	(41.0, 1.3333333333333333)	(42.0, 1.0)	(43.0, 5.666666666666665)	(44.0, 11.000000000000002)	(45.0, 7.666666666666663)	(46.0, 61.33333333333349)	(47.0, 88.66666666666649)	(48.0, 411.6666666666607)	(49.0, 965.6666666667065)	(50.0, 1493.333333333273)	(51.0, 1894.9999999998483)	(52.0, 3638.33333333387)	(53.0, 4519.00000000036)	(54.0, 4325.000000000537)	(55.0, 2526.3333333333644)	(56.0, 2439.999999999992)	(57.0, 911.333333333367)	(58.0, 749.0000000000152)	(59.0, 263.3333333333358)	(60.0, 86.33333333333319)	(61.0, 25.666666666666643)	(62.0, 31.999999999999954)	(63.0, 23.66666666666665)	(64.0, 9.666666666666666)	(65.0, 44.000000000000036)	(66.0, 73.33333333333337)	(67.0, 18.333333333333336)	(68.0, 13.33333333333334)	(69.0, 18.333333333333336)	(70.0, 7.9999999999999964)	(71.0, 38.666666666666664)	(72.0, 134.33333333333277)	(73.0, 28.3333333333333)	(74.0, 5.666666666666665)	(75.0, 1.6666666666666665)	(76.0, 0.3333333333333333)	(77.0, 0.3333333333333333)	(78.0, 0.6666666666666666)	(79.0, 0.3333333333333333)	(80.0, 0.0)	(81.0, 0.0)	(82.0, 0.3333333333333333)	(83.0, 0.3333333333333333)	(84.0, 0.0)	(85.0, 0.0)	(86.0, 0.0)	(87.0, 0.0)	(88.0, 0.0)	(89.0, 0.3333333333333333)	(90.0, 0.3333333333333333)	(91.0, 0.0)	(92.0, 0.0)	(93.0, 0.0)	(94.0, 0.0)	(95.0, 0.0)	(96.0, 0.0)	(97.0, 0.0)	(98.0, 0.0)	(99.0, 0.0)	(100.0, 0.0)
SRR37700600_1	(0.0, 0.0)	(1.0, 0.0)	(2.0, 0.0)	(3.0, 0.0)	(4.0, 0.0)	(5.0, 0.0)	(6.0, 0.0)	(7.0, 0.0)	(8.0, 0.0)	(9.0, 0.0)	(10.0, 0.0)	(11.0, 0.0)	(12.0, 0.0)	(13.0, 0.0)	(14.0, 0.0)	(15.0, 0.0)	(16.0, 0.0)	(17.0, 0.0)	(18.0, 0.0)	(19.0, 0.0)	(20.0, 0.0)	(21.0, 0.0)	(22.0, 0.0)	(23.0, 0.0)	(24.0, 0.0)	(25.0, 0.0)	(26.0, 0.0)	(27.0, 0.0)	(28.0, 0.0)	(29.0, 0.0)	(30.0, 0.0)	(31.0, 0.0)	(32.0, 0.0)	(33.0, 0.0)	(34.0, 0.0)	(35.0, 0.0)	(36.0, 0.0)	(37.0, 0.0)	(38.0, 0.0)	(39.0, 0.0)	(40.0, 0.0)	(41.0, 0.3333333333333333)	(42.0, 0.0)	(43.0, 2.333333333333333)	(44.0, 5.666666666666665)	(45.0, 22.999999999999986)	(46.0, 89.9999999999998)	(47.0, 273.00000000000193)	(48.0, 213.00000000000168)	(49.0, 636.0000000000024)	(50.0, 1708.6666666665574)	(51.0, 2424.6666666666515)	(52.0, 2955.3333333335595)	(53.0, 3036.3333333335963)	(54.0, 1735.6666666665512)	(55.0, 1783.333333333207)	(56.0, 808.6666666666887)	(57.0, 265.0000000000024)	(58.0, 73.6666666666667)	(59.0, 16.00000000000001)	(60.0, 11.000000000000002)	(61.0, 13.33333333333334)	(62.0, 19.0)	(63.0, 32.66666666666662)	(64.0, 42.33333333333336)	(65.0, 25.33333333333331)	(66.0, 18.000000000000004)	(67.0, 25.33333333333331)	(68.0, 60.333333333333485)	(69.0, 110.9999999999995)	(70.0, 11.333333333333336)	(71.0, 1.0)	(72.0, 0.0)	(73.0, 0.0)	(74.0, 0.0)	(75.0, 0.0)	(76.0, 0.0)	(77.0, 0.0)	(78.0, 0.0)	(79.0, 0.0)	(80.0, 0.0)	(81.0, 0.0)	(82.0, 0.0)	(83.0, 0.0)	(84.0, 0.0)	(85.0, 0.0)	(86.0, 0.0)	(87.0, 0.0)	(88.0, 0.0)	(89.0, 0.0)	(90.0, 0.0)	(91.0, 0.0)	(92.0, 0.0)	(93.0, 0.0)	(94.0, 0.0)	(95.0, 0.0)	(96.0, 0.0)	(97.0, 0.0)	(98.0, 0.0)	(99.0, 0.0)	(100.0, 0.0)
SRR37700600_2	(0.0, 0.0)	(1.0, 0.0)	(2.0, 0.0)	(3.0, 0.0)	(4.0, 0.0)	(5.0, 0.0)	(6.0, 0.0)	(7.0, 0.0)	(8.0, 0.0)	(9.0, 0.0)	(10.0, 0.0)	(11.0, 0.0)	(12.0, 0.0)	(13.0, 0.0)	(14.0, 0.0)	(15.0, 0.0)	(16.0, 0.0)	(17.0, 0.0)	(18.0, 0.0)	(19.0, 0.0)	(20.0, 0.0)	(21.0, 0.0)	(22.0, 0.0)	(23.0, 0.0)	(24.0, 0.0)	(25.0, 0.0)	(26.0, 0.0)	(27.0, 0.0)	(28.0, 0.0)	(29.0, 0.0)	(30.0, 0.0)	(31.0, 0.0)	(32.0, 0.0)	(33.0, 0.0)	(34.0, 0.0)	(35.0, 0.0)	(36.0, 0.3333333333333333)	(37.0, 0.3333333333333333)	(38.0, 0.6666666666666666)	(39.0, 0.6666666666666666)	(40.0, 0.6666666666666666)	(41.0, 1.0)	(42.0, 1.3333333333333333)	(43.0, 3.3333333333333335)	(44.0, 9.333333333333332)	(45.0, 8.999999999999998)	(46.0, 42.33333333333336)	(47.0, 103.33333333333294)	(48.0, 318.666666666666)	(49.0, 618.6666666666671)	(50.0, 1125.66666666669)	(51.0, 1340.3333333333078)	(52.0, 1860.3333333331896)	(53.0, 3697.0000000005634)	(54.0, 3297.333333333715)	(55.0, 1823.333333333198)	(56.0, 1541.9999999999286)	(57.0, 843.0000000000259)	(58.0, 451.99999999999176)	(59.0, 71.00000000000007)	(60.0, 55.000000000000114)	(61.0, 20.33333333333333)	(62.0, 16.00000000000001)	(63.0, 18.333333333333336)	(64.0, 7.9999999999999964)	(65.0, 32.66666666666662)	(66.0, 51.000000000000085)	(67.0, 22.999999999999986)	(68.0, 13.666666666666673)	(69.0, 17.66666666666667)	(70.0, 9.666666666666666)	(71.0, 26.99999999999997)	(72.0, 94.99999999999973)	(73.0, 23.66666666666665)	(74.0, 3.3333333333333335)	(75.0, 1.3333333333333333)	(76.0, 0.6666666666666666)	(77.0, 0.0)	(78.0, 0.0)	(79.0, 0.0)	(80.0, 0.0)	(81.0, 0.0)	(82.0, 0.0)	(83.0, 0.0)	(84.0, 0.0)	(85.0, 0.0)	(86.0, 0.0)	(87.0, 0.0)	(88.0, 0.0)	(89.0, 0.0)	(90.0, 0.0)	(91.0, 0.0)	(92.0, 0.0)	(93.0, 0.0)	(94.0, 0.0)	(95.0, 0.0)	(96.0, 0.0)	(97.0, 0.0)	(98.0, 0.0)	(99.0, 0.0)	(100.0, 0.0)
SRR37700601_1	(0.0, 0.0)	(1.0, 0.0)	(2.0, 0.0)	(3.0, 0.0)	(4.0, 0.0)	(5.0, 0.0)	(6.0, 0.0)	(7.0, 0.0)	(8.0, 0.0)	(9.0, 0.0)	(10.0, 0.0)	(11.0, 0.0)	(12.0, 0.0)	(13.0, 0.0)	(14.0, 0.0)	(15.0, 0.0)	(16.0, 0.0)	(17.0, 0.0)	(18.0, 0.0)	(19.0, 0.0)	(20.0, 0.0)	(21.0, 0.0)	(22.0, 0.0)	(23.0, 0.0)	(24.0, 0.0)	(25.0, 0.0)	(26.0, 0.0)	(27.0, 0.0)	(28.0, 0.0)	(29.0, 0.0)	(30.0, 0.0)	(31.0, 0.0)	(32.0, 0.0)	(33.0, 0.0)	(34.0, 0.0)	(35.0, 0.0)	(36.0, 0.0)	(37.0, 0.0)	(38.0, 0.0)	(39.0, 0.0)	(40.0, 0.0)	(41.0, 0.0)	(42.0, 0.0)	(43.0, 0.0)	(44.0, 1.0)	(45.0, 5.666666666666665)	(46.0, 37.33333333333332)	(47.0, 78.66666666666663)	(48.0, 162.6666666666669)	(49.0, 397.9999999999948)	(50.0, 1060.0000000000382)	(51.0, 1900.3333333331805)	(52.0, 2702.3333333334444)	(53.0, 2152.666666666528)	(54.0, 1307.6666666666486)	(55.0, 1571.9999999999218)	(56.0, 612.9999999999998)	(57.0, 100.66666666666632)	(58.0, 73.33333333333337)	(59.0, 40.00000000000001)	(60.0, 19.0)	(61.0, 14.000000000000007)	(62.0, 10.333333333333334)	(63.0, 21.333333333333325)	(64.0, 28.3333333333333)	(65.0, 8.999999999999998)	(66.0, 14.666666666666675)	(67.0, 11.000000000000002)	(68.0, 46.66666666666672)	(69.0, 68.00000000000011)	(70.0, 4.333333333333333)	(71.0, 1.3333333333333333)	(72.0, 0.3333333333333333)	(73.0, 0.0)	(74.0, 0.0)	(75.0, 0.0)	(76.0, 0.0)	(77.0, 0.0)	(78.0, 0.0)	(79.0, 0.0)	(80.0, 0.0)	(81.0, 0.0)	(82.0, 0.0)	(83.0, 0.0)	(84.0, 0.0)	(85.0, 0.0)	(86.0, 0.0)	(87.0, 0.0)	(88.0, 0.0)	(89.0, 0.0)	(90.0, 0.0)	(91.0, 0.0)	(92.0, 0.0)	(93.0, 0.0)	(94.0, 0.0)	(95.0, 0.0)	(96.0, 0.0)	(97.0, 0.0)	(98.0, 0.0)	(99.0, 0.0)	(100.0, 0.0)
SRR37700601_2	(0.0, 0.0)	(1.0, 0.0)	(2.0, 0.0)	(3.0, 0.0)	(4.0, 0.0)	(5.0, 0.0)	(6.0, 0.0)	(7.0, 0.0)	(8.0, 0.0)	(9.0, 0.0)	(10.0, 0.0)	(11.0, 0.0)	(12.0, 0.0)	(13.0, 0.0)	(14.0, 0.0)	(15.0, 0.0)	(16.0, 0.0)	(17.0, 0.0)	(18.0, 0.0)	(19.0, 0.0)	(20.0, 0.0)	(21.0, 0.0)	(22.0, 0.0)	(23.0, 0.0)	(24.0, 0.0)	(25.0, 0.0)	(26.0, 0.0)	(27.0, 0.0)	(28.0, 0.0)	(29.0, 0.0)	(30.0, 0.0)	(31.0, 0.0)	(32.0, 0.0)	(33.0, 0.0)	(34.0, 0.0)	(35.0, 0.0)	(36.0, 0.3333333333333333)	(37.0, 0.0)	(38.0, 0.0)	(39.0, 0.0)	(40.0, 0.3333333333333333)	(41.0, 1.0)	(42.0, 1.0)	(43.0, 0.3333333333333333)	(44.0, 0.6666666666666666)	(45.0, 3.3333333333333335)	(46.0, 9.666666666666666)	(47.0, 48.3333333333334)	(48.0, 125.66666666666596)	(49.0, 395.6666666666616)	(50.0, 652.666666666671)	(51.0, 914.6666666667007)	(52.0, 1459.3333333332807)	(53.0, 2654.3333333334226)	(54.0, 2566.3333333333826)	(55.0, 1545.3333333332612)	(56.0, 1465.9999999999459)	(57.0, 501.3333333333223)	(58.0, 292.00000000000085)	(59.0, 60.00000000000015)	(60.0, 45.00000000000004)	(61.0, 39.333333333333336)	(62.0, 13.000000000000005)	(63.0, 18.000000000000004)	(64.0, 8.666666666666664)	(65.0, 26.99999999999997)	(66.0, 34.99999999999997)	(67.0, 13.33333333333334)	(68.0, 7.33333333333333)	(69.0, 7.33333333333333)	(70.0, 4.999999999999999)	(71.0, 16.333333333333343)	(72.0, 53.66666666666677)	(73.0, 19.0)	(74.0, 4.333333333333333)	(75.0, 0.3333333333333333)	(76.0, 0.6666666666666666)	(77.0, 0.6666666666666666)	(78.0, 0.0)	(79.0, 0.0)	(80.0, 0.0)	(81.0, 0.0)	(82.0, 0.0)	(83.0, 0.0)	(84.0, 0.0)	(85.0, 0.0)	(86.0, 0.0)	(87.0, 0.0)	(88.0, 0.0)	(89.0, 0.0)	(90.0, 0.0)	(91.0, 0.0)	(92.0, 0.0)	(93.0, 0.0)	(94.0, 0.0)	(95.0, 0.0)	(96.0, 0.0)	(97.0, 0.0)	(98.0, 0.0)	(99.0, 0.0)	(100.0, 0.0)
SRR37700602_1	(0.0, 0.0)	(1.0, 0.0)	(2.0, 0.0)	(3.0, 0.0)	(4.0, 0.0)	(5.0, 0.0)	(6.0, 0.0)	(7.0, 0.0)	(8.0, 0.0)	(9.0, 0.0)	(10.0, 0.0)	(11.0, 0.0)	(12.0, 0.0)	(13.0, 0.0)	(14.0, 0.0)	(15.0, 0.0)	(16.0, 0.0)	(17.0, 0.0)	(18.0, 0.0)	(19.0, 0.0)	(20.0, 0.0)	(21.0, 0.0)	(22.0, 0.0)	(23.0, 0.0)	(24.0, 0.0)	(25.0, 0.0)	(26.0, 0.0)	(27.0, 0.0)	(28.0, 0.0)	(29.0, 0.0)	(30.0, 0.0)	(31.0, 0.0)	(32.0, 0.0)	(33.0, 0.0)	(34.0, 0.0)	(35.0, 0.0)	(36.0, 0.0)	(37.0, 0.0)	(38.0, 0.0)	(39.0, 0.0)	(40.0, 0.0)	(41.0, 0.0)	(42.0, 0.0)	(43.0, 0.0)	(44.0, 0.6666666666666666)	(45.0, 15.000000000000009)	(46.0, 37.33333333333332)	(47.0, 101.6666666666663)	(48.0, 63.00000000000017)	(49.0, 251.3333333333361)	(50.0, 857.6666666666943)	(51.0, 1563.9999999999236)	(52.0, 2432.3333333333217)	(53.0, 2039.6666666664821)	(54.0, 1307.3333333333153)	(55.0, 1760.3333333332123)	(56.0, 913.0000000000339)	(57.0, 207.0000000000015)	(58.0, 76.33333333333333)	(59.0, 16.333333333333343)	(60.0, 12.666666666666671)	(61.0, 26.99999999999997)	(62.0, 33.999999999999964)	(63.0, 40.00000000000001)	(64.0, 180.00000000000074)	(65.0, 159.33333333333348)	(66.0, 19.333333333333332)	(67.0, 24.666666666666647)	(68.0, 67.66666666666679)	(69.0, 136.99999999999952)	(70.0, 14.000000000000007)	(71.0, 0.6666666666666666)	(72.0, 0.3333333333333333)	(73.0, 0.0)	(74.0, 0.3333333333333333)	(75.0, 0.3333333333333333)	(76.0, 0.0)	(77.0, 0.0)	(78.0, 0.0)	(79.0, 0.0)	(80.0, 0.0)	(81.0, 0.0)	(82.0, 0.0)	(83.0, 0.0)	(84.0, 0.0)	(85.0, 0.0)	(86.0, 0.0)	(87.0, 0.0)	(88.0, 0.0)	(89.0, 0.0)	(90.0, 0.0)	(91.0, 0.0)	(92.0, 0.0)	(93.0, 0.0)	(94.0, 0.0)	(95.0, 0.0)	(96.0, 0.0)	(97.0, 0.0)	(98.0, 0.0)	(99.0, 0.0)	(100.0, 0.0)
SRR37700602_2	(0.0, 0.0)	(1.0, 0.0)	(2.0, 0.0)	(3.0, 0.0)	(4.0, 0.0)	(5.0, 0.0)	(6.0, 0.0)	(7.0, 0.0)	(8.0, 0.0)	(9.0, 0.0)	(10.0, 0.0)	(11.0, 0.0)	(12.0, 0.0)	(13.0, 0.0)	(14.0, 0.0)	(15.0, 0.0)	(16.0, 0.0)	(17.0, 0.0)	(18.0, 0.0)	(19.0, 0.0)	(20.0, 0.0)	(21.0, 0.0)	(22.0, 0.0)	(23.0, 0.0)	(24.0, 0.0)	(25.0, 0.0)	(26.0, 0.0)	(27.0, 0.0)	(28.0, 0.0)	(29.0, 0.0)	(30.0, 0.0)	(31.0, 0.0)	(32.0, 0.0)	(33.0, 0.0)	(34.0, 0.0)	(35.0, 0.0)	(36.0, 0.3333333333333333)	(37.0, 0.0)	(38.0, 0.0)	(39.0, 0.0)	(40.0, 1.0)	(41.0, 0.3333333333333333)	(42.0, 0.3333333333333333)	(43.0, 0.3333333333333333)	(44.0, 1.0)	(45.0, 1.0)	(46.0, 7.33333333333333)	(47.0, 38.666666666666664)	(48.0, 113.99999999999946)	(49.0, 160.00000000000017)	(50.0, 502.33333333332223)	(51.0, 897.0000000000321)	(52.0, 1571.9999999999218)	(53.0, 2230.9999999998968)	(54.0, 2499.6666666666856)	(55.0, 1571.6666666665885)	(56.0, 1737.999999999884)	(57.0, 687.0000000000082)	(58.0, 242.0000000000025)	(59.0, 41.666666666666686)	(60.0, 60.333333333333485)	(61.0, 17.33333333333334)	(62.0, 22.666666666666654)	(63.0, 39.0)	(64.0, 25.666666666666643)	(65.0, 51.33333333333342)	(66.0, 159.66666666666683)	(67.0, 136.33333333333283)	(68.0, 20.66666666666666)	(69.0, 15.666666666666677)	(70.0, 15.000000000000009)	(71.0, 29.66666666666663)	(72.0, 114.99999999999945)	(73.0, 28.3333333333333)	(74.0, 4.0)	(75.0, 1.0)	(76.0, 1.0)	(77.0, 0.0)	(78.0, 0.0)	(79.0, 0.0)	(80.0, 0.0)	(81.0, 0.0)	(82.0, 0.0)	(83.0, 0.0)	(84.0, 0.0)	(85.0, 0.0)	(86.0, 0.0)	(87.0, 0.0)	(88.0, 0.0)	(89.0, 0.0)	(90.0, 0.0)	(91.0, 0.0)	(92.0, 0.0)	(93.0, 0.0)	(94.0, 0.0)	(95.0, 0.0)	(96.0, 0.0)	(97.0, 0.0)	(98.0, 0.0)	(99.0, 0.0)	(100.0, 0.0)
SRR37700603_1	(0.0, 0.0)	(1.0, 0.0)	(2.0, 0.0)	(3.0, 0.0)	(4.0, 0.0)	(5.0, 0.0)	(6.0, 0.0)	(7.0, 0.0)	(8.0, 0.0)	(9.0, 0.0)	(10.0, 0.0)	(11.0, 0.0)	(12.0, 0.0)	(13.0, 0.0)	(14.0, 0.0)	(15.0, 0.0)	(16.0, 0.0)	(17.0, 0.0)	(18.0, 0.0)	(19.0, 0.0)	(20.0, 0.0)	(21.0, 0.0)	(22.0, 0.0)	(23.0, 0.0)	(24.0, 0.0)	(25.0, 0.0)	(26.0, 0.0)	(27.0, 0.0)	(28.0, 0.0)	(29.0, 0.0)	(30.0, 0.0)	(31.0, 0.0)	(32.0, 0.0)	(33.0, 0.0)	(34.0, 0.0)	(35.0, 0.0)	(36.0, 0.0)	(37.0, 0.0)	(38.0, 0.0)	(39.0, 0.0)	(40.0, 0.0)	(41.0, 0.3333333333333333)	(42.0, 0.3333333333333333)	(43.0, 1.0)	(44.0, 0.0)	(45.0, 4.999999999999999)	(46.0, 77.99999999999997)	(47.0, 136.66666666666617)	(48.0, 198.3333333333346)	(49.0, 613.6666666666665)	(50.0, 2313.9999999999345)	(51.0, 2261.999999999911)	(52.0, 3329.3333333337296)	(53.0, 2756.0000000001355)	(54.0, 1800.3333333332032)	(55.0, 2486.6666666666797)	(56.0, 709.0000000000107)	(57.0, 289.000000000001)	(58.0, 63.333333333333506)	(59.0, 4.666666666666666)	(60.0, 1.3333333333333333)	(61.0, 3.3333333333333335)	(62.0, 18.333333333333336)	(63.0, 23.999999999999982)	(64.0, 30.666666666666625)	(65.0, 22.33333333333332)	(66.0, 24.666666666666647)	(67.0, 18.000000000000004)	(68.0, 61.000000000000156)	(69.0, 112.99999999999947)	(70.0, 11.333333333333336)	(71.0, 1.9999999999999998)	(72.0, 1.0)	(73.0, 1.6666666666666665)	(74.0, 0.0)	(75.0, 0.3333333333333333)	(76.0, 0.6666666666666666)	(77.0, 0.0)	(78.0, 0.0)	(79.0, 0.3333333333333333)	(80.0, 0.0)	(81.0, 0.0)	(82.0, 0.0)	(83.0, 0.0)	(84.0, 0.0)	(85.0, 0.0)	(86.0, 0.0)	(87.0, 0.0)	(88.0, 0.0)	(89.0, 0.0)	(90.0, 0.0)	(91.0, 0.0)	(92.0, 0.0)	(93.0, 0.0)	(94.0, 0.0)	(95.0, 0.0)	(96.0, 0.0)	(97.0, 0.0)	(98.0, 0.0)	(99.0, 0.0)	(100.0, 0.0)
SRR37700603_2	(0.0, 0.0)	(1.0, 0.0)	(2.0, 0.0)	(3.0, 0.0)	(4.0, 0.0)	(5.0, 0.0)	(6.0, 0.0)	(7.0, 0.0)	(8.0, 0.0)	(9.0, 0.0)	(10.0, 0.0)	(11.0, 0.0)	(12.0, 0.0)	(13.0, 0.0)	(14.0, 0.0)	(15.0, 0.0)	(16.0, 0.0)	(17.0, 0.0)	(18.0, 0.0)	(19.0, 0.0)	(20.0, 0.0)	(21.0, 0.0)	(22.0, 0.0)	(23.0, 0.0)	(24.0, 0.0)	(25.0, 0.0)	(26.0, 0.0)	(27.0, 0.0)	(28.0, 0.0)	(29.0, 0.0)	(30.0, 0.0)	(31.0, 0.0)	(32.0, 0.0)	(33.0, 0.0)	(34.0, 0.0)	(35.0, 0.0)	(36.0, 0.0)	(37.0, 0.6666666666666666)	(38.0, 0.6666666666666666)	(39.0, 0.0)	(40.0, 1.3333333333333333)	(41.0, 0.3333333333333333)	(42.0, 1.6666666666666665)	(43.0, 0.6666666666666666)	(44.0, 10.0)	(45.0, 10.0)	(46.0, 43.6666666666667)	(47.0, 103.9999999999996)	(48.0, 172.33333333333385)	(49.0, 362.3333333333302)	(50.0, 1376.3333333332996)	(51.0, 1986.9999999998274)	(52.0, 1968.6666666664983)	(53.0, 3496.000000000472)	(54.0, 3409.333333333766)	(55.0, 1772.6666666665428)	(56.0, 2369.6666666666265)	(57.0, 575.9999999999956)	(58.0, 372.66666666666293)	(59.0, 130.666666666666)	(60.0, 55.666666666666785)	(61.0, 9.333333333333332)	(62.0, 7.33333333333333)	(63.0, 7.9999999999999964)	(64.0, 8.33333333333333)	(65.0, 36.999999999999986)	(66.0, 50.00000000000008)	(67.0, 24.99999999999998)	(68.0, 13.33333333333334)	(69.0, 10.666666666666668)	(70.0, 11.000000000000002)	(71.0, 32.333333333333286)	(72.0, 92.3333333333331)	(73.0, 19.0)	(74.0, 4.0)	(75.0, 0.0)	(76.0, 0.0)	(77.0, 0.0)	(78.0, 0.0)	(79.0, 0.0)	(80.0, 0.0)	(81.0, 0.0)	(82.0, 0.0)	(83.0, 0.0)	(84.0, 0.0)	(85.0, 0.0)	(86.0, 0.0)	(87.0, 0.0)	(88.0, 0.0)	(89.0, 0.0)	(90.0, 0.0)	(91.0, 0.0)	(92.0, 0.0)	(93.0, 0.0)	(94.0, 0.0)	(95.0, 0.0)	(96.0, 0.0)	(97.0, 0.0)	(98.0, 0.0)	(99.0, 0.0)	(100.0, 0.0)
SRR37700604_1	(0.0, 0.0)	(1.0, 0.0)	(2.0, 0.0)	(3.0, 0.0)	(4.0, 0.0)	(5.0, 0.0)	(6.0, 0.0)	(7.0, 0.0)	(8.0, 0.0)	(9.0, 0.0)	(10.0, 0.0)	(11.0, 0.0)	(12.0, 0.0)	(13.0, 0.0)	(14.0, 0.0)	(15.0, 0.0)	(16.0, 0.0)	(17.0, 0.0)	(18.0, 0.0)	(19.0, 0.0)	(20.0, 0.0)	(21.0, 0.0)	(22.0, 0.0)	(23.0, 0.0)	(24.0, 0.0)	(25.0, 0.0)	(26.0, 0.0)	(27.0, 0.0)	(28.0, 0.0)	(29.0, 0.0)	(30.0, 0.0)	(31.0, 0.0)	(32.0, 0.0)	(33.0, 0.0)	(34.0, 0.0)	(35.0, 0.0)	(36.0, 0.0)	(37.0, 0.0)	(38.0, 0.0)	(39.0, 0.0)	(40.0, 0.0)	(41.0, 0.0)	(42.0, 0.0)	(43.0, 0.0)	(44.0, 1.3333333333333333)	(45.0, 26.66666666666664)	(46.0, 65.66666666666681)	(47.0, 75.00000000000001)	(48.0, 172.33333333333385)	(49.0, 831.3333333333579)	(50.0, 1116.0000000000255)	(51.0, 1793.3333333332048)	(52.0, 1945.6666666665035)	(53.0, 3222.6666666670144)	(54.0, 2279.999999999919)	(55.0, 1604.3333333332478)	(56.0, 600.3333333333317)	(57.0, 139.9999999999996)	(58.0, 81.66666666666659)	(59.0, 46.66666666666672)	(60.0, 18.666666666666668)	(61.0, 155.00000000000003)	(62.0, 145.3333333333331)	(63.0, 29.333333333333297)	(64.0, 93.99999999999974)	(65.0, 83.33333333333323)	(66.0, 17.000000000000007)	(67.0, 16.666666666666675)	(68.0, 45.00000000000004)	(69.0, 101.99999999999963)	(70.0, 19.333333333333332)	(71.0, 3.3333333333333335)	(72.0, 1.0)	(73.0, 0.0)	(74.0, 0.0)	(75.0, 0.0)	(76.0, 0.0)	(77.0, 0.0)	(78.0, 0.0)	(79.0, 0.0)	(80.0, 0.0)	(81.0, 0.0)	(82.0, 0.0)	(83.0, 0.0)	(84.0, 0.0)	(85.0, 0.0)	(86.0, 0.0)	(87.0, 0.0)	(88.0, 0.0)	(89.0, 0.0)	(90.0, 0.0)	(91.0, 0.0)	(92.0, 0.0)	(93.0, 0.0)	(94.0, 0.0)	(95.0, 0.0)	(96.0, 0.0)	(97.0, 0.0)	(98.0, 0.0)	(99.0, 0.0)	(100.0, 0.0)
SRR37700604_2	(0.0, 0.0)	(1.0, 0.0)	(2.0, 0.0)	(3.0, 0.0)	(4.0, 0.0)	(5.0, 0.0)	(6.0, 0.0)	(7.0, 0.0)	(8.0, 0.0)	(9.0, 0.0)	(10.0, 0.0)	(11.0, 0.0)	(12.0, 0.0)	(13.0, 0.0)	(14.0, 0.0)	(15.0, 0.0)	(16.0, 0.0)	(17.0, 0.0)	(18.0, 0.0)	(19.0, 0.0)	(20.0, 0.0)	(21.0, 0.0)	(22.0, 0.0)	(23.0, 0.0)	(24.0, 0.0)	(25.0, 0.0)	(26.0, 0.0)	(27.0, 0.0)	(28.0, 0.0)	(29.0, 0.0)	(30.0, 0.0)	(31.0, 0.0)	(32.0, 0.0)	(33.0, 0.0)	(34.0, 0.3333333333333333)	(35.0, 0.3333333333333333)	(36.0, 0.3333333333333333)	(37.0, 0.3333333333333333)	(38.0, 0.0)	(39.0, 0.0)	(40.0, 0.6666666666666666)	(41.0, 1.0)	(42.0, 1.3333333333333333)	(43.0, 0.6666666666666666)	(44.0, 15.666666666666677)	(45.0, 17.66666666666667)	(46.0, 15.666666666666677)	(47.0, 56.33333333333346)	(48.0, 124.66666666666598)	(49.0, 817.6666666666897)	(50.0, 770.333333333351)	(51.0, 781.0000000000189)	(52.0, 1219.3333333333353)	(53.0, 2559.000000000046)	(54.0, 2578.333333333388)	(55.0, 2480.666666666677)	(56.0, 1422.6666666666224)	(57.0, 487.9999999999897)	(58.0, 246.6666666666693)	(59.0, 147.6666666666665)	(60.0, 67.66666666666679)	(61.0, 62.666666666666835)	(62.0, 42.00000000000002)	(63.0, 148.99999999999986)	(64.0, 29.99999999999996)	(65.0, 47.00000000000006)	(66.0, 101.99999999999963)	(67.0, 62.666666666666835)	(68.0, 8.666666666666664)	(69.0, 6.333333333333331)	(70.0, 8.33333333333333)	(71.0, 20.66666666666666)	(72.0, 81.66666666666659)	(73.0, 20.33333333333333)	(74.0, 4.999999999999999)	(75.0, 4.333333333333333)	(76.0, 8.666666666666664)	(77.0, 1.9999999999999998)	(78.0, 0.0)	(79.0, 0.0)	(80.0, 0.0)	(81.0, 0.0)	(82.0, 0.0)	(83.0, 0.0)	(84.0, 0.0)	(85.0, 0.0)	(86.0, 0.0)	(87.0, 0.0)	(88.0, 0.0)	(89.0, 0.0)	(90.0, 0.0)	(91.0, 0.3333333333333333)	(92.0, 0.3333333333333333)	(93.0, 0.0)	(94.0, 0.0)	(95.0, 0.3333333333333333)	(96.0, 0.0)	(97.0, 0.0)	(98.0, 0.0)	(99.0, 0.0)	(100.0, 0.0)
SRR37700605_1	(0.0, 0.0)	(1.0, 0.0)	(2.0, 0.0)	(3.0, 0.0)	(4.0, 0.0)	(5.0, 0.0)	(6.0, 0.0)	(7.0, 0.0)	(8.0, 0.0)	(9.0, 0.0)	(10.0, 0.0)	(11.0, 0.0)	(12.0, 0.0)	(13.0, 0.0)	(14.0, 0.0)	(15.0, 0.0)	(16.0, 0.0)	(17.0, 0.0)	(18.0, 0.0)	(19.0, 0.0)	(20.0, 0.0)	(21.0, 0.0)	(22.0, 0.0)	(23.0, 0.0)	(24.0, 0.0)	(25.0, 0.0)	(26.0, 0.0)	(27.0, 0.0)	(28.0, 0.0)	(29.0, 0.0)	(30.0, 0.0)	(31.0, 0.0)	(32.0, 0.0)	(33.0, 0.0)	(34.0, 0.0)	(35.0, 0.0)	(36.0, 0.0)	(37.0, 0.3333333333333333)	(38.0, 0.3333333333333333)	(39.0, 0.0)	(40.0, 0.0)	(41.0, 0.0)	(42.0, 0.0)	(43.0, 0.3333333333333333)	(44.0, 1.3333333333333333)	(45.0, 19.333333333333332)	(46.0, 159.33333333333348)	(47.0, 129.99999999999932)	(48.0, 161.66666666666688)	(49.0, 762.6666666666835)	(50.0, 1884.333333333184)	(51.0, 2836.666666666839)	(52.0, 2384.999999999967)	(53.0, 1615.6666666665785)	(54.0, 919.6666666667013)	(55.0, 1643.333333333239)	(56.0, 555.3333333333266)	(57.0, 198.66666666666794)	(58.0, 52.00000000000009)	(59.0, 11.000000000000002)	(60.0, 8.33333333333333)	(61.0, 4.666666666666666)	(62.0, 13.666666666666673)	(63.0, 15.666666666666677)	(64.0, 16.666666666666675)	(65.0, 13.000000000000005)	(66.0, 11.66666666666667)	(67.0, 13.000000000000005)	(68.0, 47.66666666666673)	(69.0, 72.00000000000006)	(70.0, 8.33333333333333)	(71.0, 1.3333333333333333)	(72.0, 0.0)	(73.0, 0.0)	(74.0, 0.0)	(75.0, 0.0)	(76.0, 0.0)	(77.0, 0.0)	(78.0, 0.0)	(79.0, 0.0)	(80.0, 0.0)	(81.0, 0.0)	(82.0, 0.0)	(83.0, 0.0)	(84.0, 0.0)	(85.0, 0.0)	(86.0, 0.0)	(87.0, 0.0)	(88.0, 0.0)	(89.0, 0.0)	(90.0, 0.0)	(91.0, 0.0)	(92.0, 0.0)	(93.0, 0.0)	(94.0, 0.0)	(95.0, 0.0)	(96.0, 0.0)	(97.0, 0.0)	(98.0, 0.0)	(99.0, 0.0)	(100.0, 0.0)
SRR37700605_2	(0.0, 0.0)	(1.0, 0.0)	(2.0, 0.0)	(3.0, 0.0)	(4.0, 0.0)	(5.0, 0.0)	(6.0, 0.0)	(7.0, 0.0)	(8.0, 0.0)	(9.0, 0.0)	(10.0, 0.0)	(11.0, 0.0)	(12.0, 0.0)	(13.0, 0.0)	(14.0, 0.0)	(15.0, 0.0)	(16.0, 0.0)	(17.0, 0.0)	(18.0, 0.0)	(19.0, 0.0)	(20.0, 0.0)	(21.0, 0.0)	(22.0, 0.0)	(23.0, 0.0)	(24.0, 0.0)	(25.0, 0.0)	(26.0, 0.0)	(27.0, 0.0)	(28.0, 0.0)	(29.0, 0.0)	(30.0, 0.0)	(31.0, 0.0)	(32.0, 0.0)	(33.0, 0.0)	(34.0, 0.3333333333333333)	(35.0, 0.3333333333333333)	(36.0, 0.0)	(37.0, 0.6666666666666666)	(38.0, 0.6666666666666666)	(39.0, 0.6666666666666666)	(40.0, 0.6666666666666666)	(41.0, 0.3333333333333333)	(42.0, 0.6666666666666666)	(43.0, 0.6666666666666666)	(44.0, 3.0)	(45.0, 6.666666666666664)	(46.0, 44.33333333333337)	(47.0, 184.00000000000085)	(48.0, 214.33333333333505)	(49.0, 602.3333333333319)	(50.0, 1315.3333333333135)	(51.0, 1491.99999999994)	(52.0, 1751.6666666665476)	(53.0, 3173.000000000325)	(54.0, 2379.666666666631)	(55.0, 1101.3333333333621)	(56.0, 1482.999999999942)	(57.0, 378.3333333333293)	(58.0, 261.0000000000026)	(59.0, 144.99999999999974)	(60.0, 45.00000000000004)	(61.0, 12.000000000000004)	(62.0, 9.333333333333332)	(63.0, 6.333333333333331)	(64.0, 8.33333333333333)	(65.0, 21.666666666666657)	(66.0, 30.333333333333293)	(67.0, 8.666666666666664)	(68.0, 4.999999999999999)	(69.0, 5.666666666666665)	(70.0, 4.0)	(71.0, 16.00000000000001)	(72.0, 65.00000000000016)	(73.0, 14.666666666666675)	(74.0, 3.666666666666667)	(75.0, 0.3333333333333333)	(76.0, 0.3333333333333333)	(77.0, 0.3333333333333333)	(78.0, 0.0)	(79.0, 0.3333333333333333)	(80.0, 0.3333333333333333)	(81.0, 0.0)	(82.0, 0.0)	(83.0, 0.0)	(84.0, 0.0)	(85.0, 0.0)	(86.0, 0.0)	(87.0, 0.0)	(88.0, 0.0)	(89.0, 0.0)	(90.0, 0.0)	(91.0, 0.0)	(92.0, 0.0)	(93.0, 0.0)	(94.0, 0.0)	(95.0, 0.0)	(96.0, 0.0)	(97.0, 0.0)	(98.0, 0.0)	(99.0, 0.0)	(100.0, 0.0)
SRR37700606_1	(0.0, 0.0)	(1.0, 0.0)	(2.0, 0.0)	(3.0, 0.0)	(4.0, 0.0)	(5.0, 0.0)	(6.0, 0.0)	(7.0, 0.0)	(8.0, 0.0)	(9.0, 0.0)	(10.0, 0.0)	(11.0, 0.0)	(12.0, 0.0)	(13.0, 0.0)	(14.0, 0.0)	(15.0, 0.0)	(16.0, 0.0)	(17.0, 0.0)	(18.0, 0.0)	(19.0, 0.0)	(20.0, 0.0)	(21.0, 0.0)	(22.0, 0.0)	(23.0, 0.0)	(24.0, 0.0)	(25.0, 0.0)	(26.0, 0.0)	(27.0, 0.0)	(28.0, 0.0)	(29.0, 0.0)	(30.0, 0.0)	(31.0, 0.0)	(32.0, 0.0)	(33.0, 0.0)	(34.0, 0.0)	(35.0, 0.0)	(36.0, 0.0)	(37.0, 0.0)	(38.0, 0.0)	(39.0, 0.0)	(40.0, 0.0)	(41.0, 0.0)	(42.0, 0.0)	(43.0, 0.0)	(44.0, 1.0)	(45.0, 17.33333333333334)	(46.0, 56.00000000000012)	(47.0, 228.6666666666688)	(48.0, 87.6666666666665)	(49.0, 477.33333333332365)	(50.0, 2088.3333333331652)	(51.0, 2395.6666666666383)	(52.0, 3716.666666667239)	(53.0, 5404.999999999554)	(54.0, 3587.6666666671804)	(55.0, 3195.000000000335)	(56.0, 1101.0000000000289)	(57.0, 516.9999999999889)	(58.0, 177.66666666666734)	(59.0, 125.99999999999929)	(60.0, 105.66666666666625)	(61.0, 95.99999999999972)	(62.0, 82.33333333333324)	(63.0, 46.333333333333385)	(64.0, 115.6666666666661)	(65.0, 100.33333333333299)	(66.0, 20.66666666666666)	(67.0, 22.33333333333332)	(68.0, 39.66666666666667)	(69.0, 119.99999999999937)	(70.0, 17.000000000000007)	(71.0, 1.6666666666666665)	(72.0, 0.0)	(73.0, 0.0)	(74.0, 0.3333333333333333)	(75.0, 0.0)	(76.0, 0.0)	(77.0, 0.0)	(78.0, 0.0)	(79.0, 0.0)	(80.0, 0.0)	(81.0, 0.0)	(82.0, 0.0)	(83.0, 0.0)	(84.0, 0.0)	(85.0, 0.0)	(86.0, 0.0)	(87.0, 0.0)	(88.0, 0.0)	(89.0, 0.0)	(90.0, 0.0)	(91.0, 0.0)	(92.0, 0.0)	(93.0, 0.0)	(94.0, 0.0)	(95.0, 0.0)	(96.0, 0.0)	(97.0, 0.0)	(98.0, 0.0)	(99.0, 0.0)	(100.0, 0.0)
SRR37700606_2	(0.0, 0.0)	(1.0, 0.0)	(2.0, 0.0)	(3.0, 0.0)	(4.0, 0.0)	(5.0, 0.0)	(6.0, 0.0)	(7.0, 0.0)	(8.0, 0.0)	(9.0, 0.0)	(10.0, 0.0)	(11.0, 0.0)	(12.0, 0.0)	(13.0, 0.0)	(14.0, 0.0)	(15.0, 0.0)	(16.0, 0.0)	(17.0, 0.0)	(18.0, 0.0)	(19.0, 0.0)	(20.0, 0.0)	(21.0, 0.0)	(22.0, 0.0)	(23.0, 0.0)	(24.0, 0.0)	(25.0, 0.0)	(26.0, 0.0)	(27.0, 0.0)	(28.0, 0.3333333333333333)	(29.0, 0.3333333333333333)	(30.0, 0.0)	(31.0, 0.0)	(32.0, 0.3333333333333333)	(33.0, 0.3333333333333333)	(34.0, 0.0)	(35.0, 0.6666666666666666)	(36.0, 0.6666666666666666)	(37.0, 0.3333333333333333)	(38.0, 0.3333333333333333)	(39.0, 0.0)	(40.0, 1.0)	(41.0, 0.6666666666666666)	(42.0, 1.9999999999999998)	(43.0, 2.6666666666666665)	(44.0, 11.333333333333336)	(45.0, 12.666666666666671)	(46.0, 20.33333333333333)	(47.0, 54.33333333333344)	(48.0, 214.6666666666684)	(49.0, 334.9999999999984)	(50.0, 1523.6666666665994)	(51.0, 1900.3333333331805)	(52.0, 2860.3333333335163)	(53.0, 3912.000000000661)	(54.0, 3704.6666666672336)	(55.0, 4500.6666666670435)	(56.0, 2893.666666666865)	(57.0, 848.3333333333599)	(58.0, 600.9999999999984)	(59.0, 152.99999999999997)	(60.0, 97.33333333333303)	(61.0, 127.66666666666593)	(62.0, 112.33333333333282)	(63.0, 97.66666666666636)	(64.0, 32.66666666666662)	(65.0, 77.33333333333331)	(66.0, 115.6666666666661)	(67.0, 60.00000000000015)	(68.0, 14.000000000000007)	(69.0, 19.0)	(70.0, 14.000000000000007)	(71.0, 26.333333333333307)	(72.0, 100.99999999999964)	(73.0, 12.333333333333337)	(74.0, 1.3333333333333333)	(75.0, 1.3333333333333333)	(76.0, 1.0)	(77.0, 0.3333333333333333)	(78.0, 0.0)	(79.0, 0.3333333333333333)	(80.0, 0.3333333333333333)	(81.0, 0.0)	(82.0, 0.0)	(83.0, 0.0)	(84.0, 0.0)	(85.0, 0.0)	(86.0, 0.0)	(87.0, 0.0)	(88.0, 0.0)	(89.0, 0.0)	(90.0, 0.0)	(91.0, 0.0)	(92.0, 0.0)	(93.0, 0.0)	(94.0, 0.0)	(95.0, 0.0)	(96.0, 0.0)	(97.0, 0.0)	(98.0, 0.0)	(99.0, 0.0)	(100.0, 0.0)
SRR37700607_1	(0.0, 0.0)	(1.0, 0.0)	(2.0, 0.0)	(3.0, 0.0)	(4.0, 0.3333333333333333)	(5.0, 0.0)	(6.0, 0.0)	(7.0, 0.0)	(8.0, 0.0)	(9.0, 0.0)	(10.0, 0.0)	(11.0, 0.0)	(12.0, 0.0)	(13.0, 0.0)	(14.0, 0.0)	(15.0, 0.6666666666666666)	(16.0, 0.6666666666666666)	(17.0, 0.0)	(18.0, 0.3333333333333333)	(19.0, 0.0)	(20.0, 0.0)	(21.0, 1.0)	(22.0, 0.3333333333333333)	(23.0, 0.3333333333333333)	(24.0, 0.0)	(25.0, 0.0)	(26.0, 0.0)	(27.0, 0.0)	(28.0, 0.3333333333333333)	(29.0, 0.3333333333333333)	(30.0, 0.0)	(31.0, 0.0)	(32.0, 0.0)	(33.0, 0.3333333333333333)	(34.0, 0.6666666666666666)	(35.0, 3.666666666666667)	(36.0, 37.66666666666666)	(37.0, 97.33333333333303)	(38.0, 19.0)	(39.0, 3.0)	(40.0, 4.666666666666666)	(41.0, 11.333333333333336)	(42.0, 12.333333333333337)	(43.0, 7.9999999999999964)	(44.0, 14.000000000000007)	(45.0, 83.99999999999989)	(46.0, 502.66666666665554)	(47.0, 444.66666666665884)	(48.0, 88.66666666666649)	(49.0, 508.9999999999885)	(50.0, 633.3333333333354)	(51.0, 954.6666666667053)	(52.0, 768.3333333333508)	(53.0, 678.3333333333405)	(54.0, 672.6666666666732)	(55.0, 519.3333333333225)	(56.0, 247.00000000000264)	(57.0, 197.6666666666679)	(58.0, 121.33333333333269)	(59.0, 58.000000000000135)	(60.0, 16.333333333333343)	(61.0, 17.33333333333334)	(62.0, 18.000000000000004)	(63.0, 12.666666666666671)	(64.0, 9.333333333333332)	(65.0, 3.3333333333333335)	(66.0, 0.6666666666666666)	(67.0, 0.3333333333333333)	(68.0, 8.33333333333333)	(69.0, 7.33333333333333)	(70.0, 0.0)	(71.0, 0.0)	(72.0, 0.0)	(73.0, 0.0)	(74.0, 0.0)	(75.0, 0.0)	(76.0, 0.0)	(77.0, 0.0)	(78.0, 0.0)	(79.0, 0.0)	(80.0, 0.0)	(81.0, 0.0)	(82.0, 0.0)	(83.0, 0.0)	(84.0, 0.0)	(85.0, 0.0)	(86.0, 0.0)	(87.0, 0.0)	(88.0, 0.0)	(89.0, 0.0)	(90.0, 0.0)	(91.0, 0.0)	(92.0, 0.0)	(93.0, 0.0)	(94.0, 0.0)	(95.0, 0.0)	(96.0, 0.0)	(97.0, 0.0)	(98.0, 0.0)	(99.0, 0.0)	(100.0, 0.0)
SRR37700607_2	(0.0, 0.0)	(1.0, 0.0)	(2.0, 0.0)	(3.0, 0.0)	(4.0, 0.0)	(5.0, 0.0)	(6.0, 0.0)	(7.0, 0.0)	(8.0, 0.0)	(9.0, 0.0)	(10.0, 0.0)	(11.0, 0.0)	(12.0, 0.0)	(13.0, 0.0)	(14.0, 0.0)	(15.0, 0.0)	(16.0, 0.0)	(17.0, 0.0)	(18.0, 0.0)	(19.0, 0.0)	(20.0, 0.0)	(21.0, 0.0)	(22.0, 0.0)	(23.0, 0.0)	(24.0, 0.0)	(25.0, 0.0)	(26.0, 0.0)	(27.0, 0.0)	(28.0, 0.3333333333333333)	(29.0, 0.0)	(30.0, 0.3333333333333333)	(31.0, 1.0)	(32.0, 3.666666666666667)	(33.0, 6.666666666666664)	(34.0, 7.9999999999999964)	(35.0, 16.666666666666675)	(36.0, 22.666666666666654)	(37.0, 43.6666666666667)	(38.0, 143.33333333333303)	(39.0, 100.33333333333299)	(40.0, 30.999999999999957)	(41.0, 20.66666666666666)	(42.0, 13.33333333333334)	(43.0, 8.999999999999998)	(44.0, 406.9999999999943)	(45.0, 449.99999999999187)	(46.0, 43.00000000000003)	(47.0, 45.00000000000004)	(48.0, 74.00000000000003)	(49.0, 443.6666666666589)	(50.0, 294.66666666666737)	(51.0, 446.3333333333254)	(52.0, 769.6666666666843)	(53.0, 1025.0000000000462)	(54.0, 681.0000000000075)	(55.0, 496.9999999999892)	(56.0, 779.6666666666854)	(57.0, 251.3333333333361)	(58.0, 192.33333333333442)	(59.0, 113.3333333333328)	(60.0, 95.33333333333306)	(61.0, 55.666666666666785)	(62.0, 17.33333333333334)	(63.0, 22.33333333333332)	(64.0, 10.333333333333334)	(65.0, 15.000000000000009)	(66.0, 6.666666666666664)	(67.0, 1.9999999999999998)	(68.0, 0.0)	(69.0, 0.3333333333333333)	(70.0, 1.6666666666666665)	(71.0, 4.666666666666666)	(72.0, 5.999999999999998)	(73.0, 1.9999999999999998)	(74.0, 0.0)	(75.0, 0.0)	(76.0, 0.0)	(77.0, 0.0)	(78.0, 0.0)	(79.0, 0.0)	(80.0, 0.0)	(81.0, 0.0)	(82.0, 0.0)	(83.0, 0.0)	(84.0, 0.3333333333333333)	(85.0, 0.3333333333333333)	(86.0, 0.0)	(87.0, 0.0)	(88.0, 0.0)	(89.0, 0.0)	(90.0, 0.0)	(91.0, 0.0)	(92.0, 0.0)	(93.0, 0.0)	(94.0, 0.0)	(95.0, 0.0)	(96.0, 0.0)	(97.0, 0.0)	(98.0, 0.0)	(99.0, 0.0)	(100.0, 0.0)
SRR37700608_1	(0.0, 0.0)	(1.0, 0.0)	(2.0, 0.0)	(3.0, 0.0)	(4.0, 0.0)	(5.0, 0.0)	(6.0, 0.0)	(7.0, 0.0)	(8.0, 0.0)	(9.0, 0.0)	(10.0, 0.0)	(11.0, 0.0)	(12.0, 0.0)	(13.0, 0.0)	(14.0, 0.0)	(15.0, 0.0)	(16.0, 0.0)	(17.0, 0.0)	(18.0, 0.0)	(19.0, 0.0)	(20.0, 0.0)	(21.0, 0.0)	(22.0, 0.0)	(23.0, 0.0)	(24.0, 0.0)	(25.0, 0.0)	(26.0, 0.0)	(27.0, 0.0)	(28.0, 0.0)	(29.0, 0.0)	(30.0, 0.0)	(31.0, 0.0)	(32.0, 0.0)	(33.0, 0.0)	(34.0, 0.0)	(35.0, 0.0)	(36.0, 0.0)	(37.0, 0.0)	(38.0, 0.0)	(39.0, 0.0)	(40.0, 0.0)	(41.0, 0.0)	(42.0, 0.0)	(43.0, 0.0)	(44.0, 0.0)	(45.0, 0.0)	(46.0, 0.0)	(47.0, 0.0)	(48.0, 0.0)	(49.0, 2.333333333333333)	(50.0, 4.666666666666666)	(51.0, 1.6666666666666665)	(52.0, 4.999999999999999)	(53.0, 3.0)	(54.0, 1.0)	(55.0, 0.6666666666666666)	(56.0, 0.3333333333333333)	(57.0, 0.0)	(58.0, 0.0)	(59.0, 0.0)	(60.0, 0.0)	(61.0, 0.0)	(62.0, 0.0)	(63.0, 0.0)	(64.0, 0.3333333333333333)	(65.0, 0.6666666666666666)	(66.0, 0.0)	(67.0, 0.0)	(68.0, 0.0)	(69.0, 0.0)	(70.0, 0.0)	(71.0, 0.0)	(72.0, 0.0)	(73.0, 0.0)	(74.0, 0.0)	(75.0, 0.0)	(76.0, 0.0)	(77.0, 0.0)	(78.0, 0.0)	(79.0, 0.0)	(80.0, 0.0)	(81.0, 0.0)	(82.0, 0.0)	(83.0, 0.0)	(84.0, 0.0)	(85.0, 0.0)	(86.0, 0.0)	(87.0, 0.0)	(88.0, 0.0)	(89.0, 0.0)	(90.0, 0.0)	(91.0, 0.0)	(92.0, 0.0)	(93.0, 0.0)	(94.0, 0.0)	(95.0, 0.0)	(96.0, 0.0)	(97.0, 0.0)	(98.0, 0.0)	(99.0, 0.0)	(100.0, 0.0)
SRR37700608_2	(0.0, 0.0)	(1.0, 0.0)	(2.0, 0.0)	(3.0, 0.0)	(4.0, 0.0)	(5.0, 0.0)	(6.0, 0.0)	(7.0, 0.0)	(8.0, 0.0)	(9.0, 0.0)	(10.0, 0.0)	(11.0, 0.0)	(12.0, 0.0)	(13.0, 0.0)	(14.0, 0.0)	(15.0, 0.0)	(16.0, 0.0)	(17.0, 0.0)	(18.0, 0.0)	(19.0, 0.0)	(20.0, 0.0)	(21.0, 0.0)	(22.0, 0.0)	(23.0, 0.0)	(24.0, 0.0)	(25.0, 0.0)	(26.0, 0.0)	(27.0, 0.0)	(28.0, 0.0)	(29.0, 0.0)	(30.0, 0.0)	(31.0, 0.0)	(32.0, 0.0)	(33.0, 0.0)	(34.0, 0.0)	(35.0, 0.0)	(36.0, 0.0)	(37.0, 0.0)	(38.0, 0.0)	(39.0, 0.0)	(40.0, 0.0)	(41.0, 0.0)	(42.0, 0.0)	(43.0, 0.0)	(44.0, 0.0)	(45.0, 0.0)	(46.0, 0.0)	(47.0, 0.0)	(48.0, 0.6666666666666666)	(49.0, 1.0)	(50.0, 2.6666666666666665)	(51.0, 3.666666666666667)	(52.0, 1.9999999999999998)	(53.0, 3.0)	(54.0, 2.333333333333333)	(55.0, 1.0)	(56.0, 1.0)	(57.0, 0.3333333333333333)	(58.0, 0.3333333333333333)	(59.0, 0.0)	(60.0, 0.0)	(61.0, 0.0)	(62.0, 0.0)	(63.0, 0.3333333333333333)	(64.0, 0.0)	(65.0, 0.0)	(66.0, 0.3333333333333333)	(67.0, 0.3333333333333333)	(68.0, 0.0)	(69.0, 0.0)	(70.0, 0.0)	(71.0, 0.0)	(72.0, 0.0)	(73.0, 0.0)	(74.0, 0.0)	(75.0, 0.0)	(76.0, 0.0)	(77.0, 0.0)	(78.0, 0.0)	(79.0, 0.0)	(80.0, 0.0)	(81.0, 0.0)	(82.0, 0.0)	(83.0, 0.0)	(84.0, 0.0)	(85.0, 0.0)	(86.0, 0.0)	(87.0, 0.0)	(88.0, 0.0)	(89.0, 0.0)	(90.0, 0.0)	(91.0, 0.0)	(92.0, 0.0)	(93.0, 0.0)	(94.0, 0.0)	(95.0, 0.0)	(96.0, 0.0)	(97.0, 0.0)	(98.0, 0.0)	(99.0, 0.0)	(100.0, 0.0)
SRR37700609_1	(0.0, 0.0)	(1.0, 0.0)	(2.0, 0.0)	(3.0, 0.0)	(4.0, 0.0)	(5.0, 0.0)	(6.0, 0.0)	(7.0, 0.0)	(8.0, 0.0)	(9.0, 0.0)	(10.0, 0.0)	(11.0, 0.0)	(12.0, 0.0)	(13.0, 0.0)	(14.0, 0.0)	(15.0, 0.0)	(16.0, 0.0)	(17.0, 0.0)	(18.0, 0.0)	(19.0, 0.0)	(20.0, 0.0)	(21.0, 0.0)	(22.0, 0.0)	(23.0, 0.0)	(24.0, 0.0)	(25.0, 0.0)	(26.0, 0.0)	(27.0, 0.0)	(28.0, 0.0)	(29.0, 0.3333333333333333)	(30.0, 1.0)	(31.0, 0.6666666666666666)	(32.0, 0.6666666666666666)	(33.0, 0.6666666666666666)	(34.0, 0.6666666666666666)	(35.0, 1.9999999999999998)	(36.0, 2.333333333333333)	(37.0, 0.3333333333333333)	(38.0, 0.3333333333333333)	(39.0, 2.333333333333333)	(40.0, 1.9999999999999998)	(41.0, 1.6666666666666665)	(42.0, 1.0)	(43.0, 0.6666666666666666)	(44.0, 1.9999999999999998)	(45.0, 1.3333333333333333)	(46.0, 4.0)	(47.0, 5.333333333333332)	(48.0, 4.999999999999999)	(49.0, 35.66666666666664)	(50.0, 82.33333333333324)	(51.0, 180.33333333333408)	(52.0, 1758.666666666546)	(53.0, 2026.9999999998183)	(54.0, 739.0000000000141)	(55.0, 306.6666666666667)	(56.0, 55.666666666666785)	(57.0, 16.666666666666675)	(58.0, 9.333333333333332)	(59.0, 1.3333333333333333)	(60.0, 1.0)	(61.0, 6.666666666666664)	(62.0, 7.33333333333333)	(63.0, 3.0)	(64.0, 14.666666666666675)	(65.0, 14.000000000000007)	(66.0, 2.6666666666666665)	(67.0, 4.333333333333333)	(68.0, 51.33333333333342)	(69.0, 50.333333333333414)	(70.0, 1.0)	(71.0, 0.0)	(72.0, 0.0)	(73.0, 0.0)	(74.0, 0.0)	(75.0, 0.0)	(76.0, 0.0)	(77.0, 0.0)	(78.0, 0.0)	(79.0, 0.0)	(80.0, 0.0)	(81.0, 0.0)	(82.0, 0.0)	(83.0, 0.0)	(84.0, 0.0)	(85.0, 0.0)	(86.0, 0.0)	(87.0, 0.0)	(88.0, 0.0)	(89.0, 0.0)	(90.0, 0.0)	(91.0, 0.0)	(92.0, 0.0)	(93.0, 0.0)	(94.0, 0.0)	(95.0, 0.0)	(96.0, 0.0)	(97.0, 0.0)	(98.0, 0.0)	(99.0, 0.0)	(100.0, 0.0)
SRR37700609_2	(0.0, 0.0)	(1.0, 0.0)	(2.0, 0.0)	(3.0, 0.0)	(4.0, 0.0)	(5.0, 0.0)	(6.0, 0.0)	(7.0, 0.0)	(8.0, 0.0)	(9.0, 0.0)	(10.0, 0.0)	(11.0, 0.0)	(12.0, 0.0)	(13.0, 0.0)	(14.0, 0.0)	(15.0, 0.0)	(16.0, 0.0)	(17.0, 0.0)	(18.0, 0.0)	(19.0, 0.0)	(20.0, 0.0)	(21.0, 0.0)	(22.0, 0.0)	(23.0, 0.0)	(24.0, 0.0)	(25.0, 0.0)	(26.0, 0.0)	(27.0, 0.0)	(28.0, 0.0)	(29.0, 0.0)	(30.0, 0.3333333333333333)	(31.0, 1.0)	(32.0, 0.3333333333333333)	(33.0, 0.3333333333333333)	(34.0, 1.0)	(35.0, 1.3333333333333333)	(36.0, 1.6666666666666665)	(37.0, 1.9999999999999998)	(38.0, 0.6666666666666666)	(39.0, 1.0)	(40.0, 1.6666666666666665)	(41.0, 1.6666666666666665)	(42.0, 1.3333333333333333)	(43.0, 1.0)	(44.0, 3.3333333333333335)	(45.0, 3.0)	(46.0, 2.333333333333333)	(47.0, 6.666666666666664)	(48.0, 7.666666666666663)	(49.0, 33.999999999999964)	(50.0, 44.33333333333337)	(51.0, 175.66666666666728)	(52.0, 340.99999999999807)	(53.0, 1691.9999999998945)	(54.0, 2005.3333333331566)	(55.0, 687.6666666666749)	(56.0, 285.00000000000125)	(57.0, 94.33333333333307)	(58.0, 19.999999999999996)	(59.0, 4.999999999999999)	(60.0, 7.666666666666663)	(61.0, 4.333333333333333)	(62.0, 1.0)	(63.0, 6.666666666666664)	(64.0, 2.333333333333333)	(65.0, 4.666666666666666)	(66.0, 18.000000000000004)	(67.0, 13.33333333333334)	(68.0, 3.666666666666667)	(69.0, 3.0)	(70.0, 4.333333333333333)	(71.0, 14.333333333333341)	(72.0, 30.999999999999957)	(73.0, 19.0)	(74.0, 4.0)	(75.0, 0.6666666666666666)	(76.0, 0.3333333333333333)	(77.0, 0.0)	(78.0, 0.3333333333333333)	(79.0, 0.0)	(80.0, 0.0)	(81.0, 0.0)	(82.0, 0.0)	(83.0, 0.0)	(84.0, 0.0)	(85.0, 0.0)	(86.0, 0.0)	(87.0, 0.0)	(88.0, 0.0)	(89.0, 0.0)	(90.0, 0.0)	(91.0, 0.0)	(92.0, 0.0)	(93.0, 0.0)	(94.0, 0.0)	(95.0, 0.0)	(96.0, 0.0)	(97.0, 0.0)	(98.0, 0.0)	(99.0, 0.0)	(100.0, 0.5)
SRR37700610_1	(0.0, 0.0)	(1.0, 0.0)	(2.0, 0.0)	(3.0, 0.0)	(4.0, 0.0)	(5.0, 0.0)	(6.0, 0.0)	(7.0, 0.0)	(8.0, 0.0)	(9.0, 0.0)	(10.0, 0.0)	(11.0, 0.0)	(12.0, 0.0)	(13.0, 0.0)	(14.0, 0.0)	(15.0, 0.0)	(16.0, 0.0)	(17.0, 0.0)	(18.0, 0.0)	(19.0, 0.0)	(20.0, 0.0)	(21.0, 0.0)	(22.0, 0.0)	(23.0, 0.0)	(24.0, 0.0)	(25.0, 0.0)	(26.0, 0.0)	(27.0, 0.0)	(28.0, 0.0)	(29.0, 0.0)	(30.0, 0.0)	(31.0, 0.3333333333333333)	(32.0, 0.0)	(33.0, 0.0)	(34.0, 0.0)	(35.0, 0.3333333333333333)	(36.0, 0.0)	(37.0, 0.3333333333333333)	(38.0, 0.3333333333333333)	(39.0, 0.3333333333333333)	(40.0, 0.3333333333333333)	(41.0, 0.6666666666666666)	(42.0, 1.0)	(43.0, 0.6666666666666666)	(44.0, 1.0)	(45.0, 6.333333333333331)	(46.0, 10.333333333333334)	(47.0, 27.333333333333304)	(48.0, 47.00000000000006)	(49.0, 98.66666666666634)	(50.0, 233.00000000000225)	(51.0, 896.000000000032)	(52.0, 1993.3333333331593)	(53.0, 2228.333333333229)	(54.0, 903.0000000000327)	(55.0, 654.0000000000044)	(56.0, 277.0000000000017)	(57.0, 82.66666666666657)	(58.0, 47.66666666666673)	(59.0, 24.666666666666647)	(60.0, 10.0)	(61.0, 12.000000000000004)	(62.0, 9.666666666666666)	(63.0, 14.666666666666675)	(64.0, 28.999999999999964)	(65.0, 23.999999999999982)	(66.0, 7.666666666666663)	(67.0, 9.333333333333332)	(68.0, 87.33333333333317)	(69.0, 101.33333333333297)	(70.0, 4.666666666666666)	(71.0, 1.3333333333333333)	(72.0, 0.3333333333333333)	(73.0, 0.3333333333333333)	(74.0, 0.0)	(75.0, 0.0)	(76.0, 0.3333333333333333)	(77.0, 0.0)	(78.0, 0.0)	(79.0, 0.0)	(80.0, 0.0)	(81.0, 0.0)	(82.0, 0.0)	(83.0, 0.0)	(84.0, 0.0)	(85.0, 0.0)	(86.0, 0.0)	(87.0, 0.0)	(88.0, 0.0)	(89.0, 0.0)	(90.0, 0.0)	(91.0, 0.0)	(92.0, 0.0)	(93.0, 0.0)	(94.0, 0.0)	(95.0, 0.0)	(96.0, 0.0)	(97.0, 0.0)	(98.0, 0.0)	(99.0, 0.0)	(100.0, 0.0)
SRR37700610_2	(0.0, 0.0)	(1.0, 0.0)	(2.0, 0.0)	(3.0, 0.0)	(4.0, 0.0)	(5.0, 0.0)	(6.0, 0.0)	(7.0, 0.0)	(8.0, 0.0)	(9.0, 0.0)	(10.0, 0.0)	(11.0, 0.0)	(12.0, 0.0)	(13.0, 0.0)	(14.0, 0.0)	(15.0, 0.0)	(16.0, 0.0)	(17.0, 0.0)	(18.0, 0.0)	(19.0, 0.0)	(20.0, 0.0)	(21.0, 0.0)	(22.0, 0.0)	(23.0, 0.0)	(24.0, 0.0)	(25.0, 0.3333333333333333)	(26.0, 0.3333333333333333)	(27.0, 0.0)	(28.0, 0.0)	(29.0, 0.0)	(30.0, 0.0)	(31.0, 0.0)	(32.0, 0.0)	(33.0, 0.0)	(34.0, 0.0)	(35.0, 0.0)	(36.0, 0.6666666666666666)	(37.0, 0.6666666666666666)	(38.0, 0.0)	(39.0, 1.3333333333333333)	(40.0, 1.0)	(41.0, 2.333333333333333)	(42.0, 1.6666666666666665)	(43.0, 1.6666666666666665)	(44.0, 2.6666666666666665)	(45.0, 2.6666666666666665)	(46.0, 6.666666666666664)	(47.0, 18.666666666666668)	(48.0, 39.0)	(49.0, 108.99999999999953)	(50.0, 240.3333333333358)	(51.0, 488.66666666665634)	(52.0, 1021.6666666667129)	(53.0, 1798.666666666537)	(54.0, 2345.999999999949)	(55.0, 981.333333333375)	(56.0, 553.9999999999931)	(57.0, 195.00000000000117)	(58.0, 207.33333333333485)	(59.0, 46.333333333333385)	(60.0, 31.66666666666662)	(61.0, 41.666666666666686)	(62.0, 10.666666666666668)	(63.0, 15.666666666666677)	(64.0, 8.999999999999998)	(65.0, 18.000000000000004)	(66.0, 35.33333333333331)	(67.0, 20.66666666666666)	(68.0, 4.999999999999999)	(69.0, 10.0)	(70.0, 8.999999999999998)	(71.0, 25.999999999999975)	(72.0, 71.3333333333334)	(73.0, 28.666666666666632)	(74.0, 6.999999999999997)	(75.0, 1.0)	(76.0, 0.3333333333333333)	(77.0, 0.0)	(78.0, 0.0)	(79.0, 0.0)	(80.0, 0.3333333333333333)	(81.0, 0.0)	(82.0, 0.0)	(83.0, 0.0)	(84.0, 0.0)	(85.0, 0.0)	(86.0, 0.0)	(87.0, 0.0)	(88.0, 0.0)	(89.0, 0.0)	(90.0, 0.0)	(91.0, 0.0)	(92.0, 0.0)	(93.0, 0.0)	(94.0, 0.0)	(95.0, 0.0)	(96.0, 0.0)	(97.0, 0.0)	(98.0, 0.0)	(99.0, 0.0)	(100.0, 0.0)
SRR37700611_1	(0.0, 0.0)	(1.0, 0.0)	(2.0, 0.0)	(3.0, 0.0)	(4.0, 0.0)	(5.0, 0.0)	(6.0, 0.0)	(7.0, 0.0)	(8.0, 0.0)	(9.0, 0.0)	(10.0, 0.0)	(11.0, 0.0)	(12.0, 0.0)	(13.0, 0.0)	(14.0, 0.0)	(15.0, 0.0)	(16.0, 0.0)	(17.0, 0.0)	(18.0, 0.0)	(19.0, 0.0)	(20.0, 0.0)	(21.0, 0.0)	(22.0, 0.0)	(23.0, 0.0)	(24.0, 0.0)	(25.0, 0.0)	(26.0, 0.0)	(27.0, 0.0)	(28.0, 0.0)	(29.0, 0.0)	(30.0, 0.0)	(31.0, 0.0)	(32.0, 0.0)	(33.0, 0.0)	(34.0, 0.3333333333333333)	(35.0, 0.0)	(36.0, 0.0)	(37.0, 0.0)	(38.0, 0.0)	(39.0, 0.0)	(40.0, 0.0)	(41.0, 0.0)	(42.0, 0.0)	(43.0, 0.3333333333333333)	(44.0, 0.3333333333333333)	(45.0, 1.6666666666666665)	(46.0, 11.333333333333336)	(47.0, 23.66666666666665)	(48.0, 108.6666666666662)	(49.0, 1123.6666666666904)	(50.0, 2626.0000000000764)	(51.0, 1380.666666666632)	(52.0, 3115.0000000002988)	(53.0, 3008.666666666917)	(54.0, 819.3333333333566)	(55.0, 1717.6666666665553)	(56.0, 395.6666666666616)	(57.0, 97.33333333333303)	(58.0, 493.33333333332274)	(59.0, 167.3333333333337)	(60.0, 164.33333333333363)	(61.0, 146.9999999999998)	(62.0, 36.999999999999986)	(63.0, 30.666666666666625)	(64.0, 51.33333333333342)	(65.0, 36.66666666666665)	(66.0, 14.666666666666675)	(67.0, 17.000000000000007)	(68.0, 58.000000000000135)	(69.0, 105.33333333333292)	(70.0, 14.333333333333341)	(71.0, 3.0)	(72.0, 0.3333333333333333)	(73.0, 0.0)	(74.0, 0.0)	(75.0, 0.0)	(76.0, 0.0)	(77.0, 0.0)	(78.0, 0.0)	(79.0, 0.0)	(80.0, 0.0)	(81.0, 0.0)	(82.0, 0.0)	(83.0, 0.0)	(84.0, 0.0)	(85.0, 0.0)	(86.0, 0.0)	(87.0, 0.0)	(88.0, 0.0)	(89.0, 0.0)	(90.0, 0.0)	(91.0, 0.0)	(92.0, 0.0)	(93.0, 0.0)	(94.0, 0.0)	(95.0, 0.0)	(96.0, 0.0)	(97.0, 0.0)	(98.0, 0.0)	(99.0, 0.0)	(100.0, 0.0)
SRR37700611_2	(0.0, 0.0)	(1.0, 0.0)	(2.0, 0.0)	(3.0, 0.0)	(4.0, 0.0)	(5.0, 0.0)	(6.0, 0.0)	(7.0, 0.0)	(8.0, 0.0)	(9.0, 0.0)	(10.0, 0.0)	(11.0, 0.0)	(12.0, 0.0)	(13.0, 0.0)	(14.0, 0.0)	(15.0, 0.0)	(16.0, 0.0)	(17.0, 0.0)	(18.0, 0.0)	(19.0, 0.0)	(20.0, 0.0)	(21.0, 0.0)	(22.0, 0.0)	(23.0, 0.0)	(24.0, 0.0)	(25.0, 0.0)	(26.0, 0.0)	(27.0, 0.0)	(28.0, 0.0)	(29.0, 0.0)	(30.0, 0.0)	(31.0, 0.0)	(32.0, 0.0)	(33.0, 0.0)	(34.0, 0.0)	(35.0, 0.0)	(36.0, 0.3333333333333333)	(37.0, 0.3333333333333333)	(38.0, 0.0)	(39.0, 0.0)	(40.0, 0.0)	(41.0, 0.3333333333333333)	(42.0, 0.3333333333333333)	(43.0, 2.333333333333333)	(44.0, 3.3333333333333335)	(45.0, 4.999999999999999)	(46.0, 5.666666666666665)	(47.0, 18.000000000000004)	(48.0, 83.33333333333323)	(49.0, 811.666666666689)	(50.0, 2183.666666666542)	(51.0, 2165.999999999867)	(52.0, 2637.0000000000814)	(53.0, 4018.0000000007094)	(54.0, 2659.333333333425)	(55.0, 962.6666666667062)	(56.0, 1627.6666666665758)	(57.0, 349.99999999999756)	(58.0, 80.99999999999993)	(59.0, 61.66666666666683)	(60.0, 360.3333333333303)	(61.0, 440.66666666665907)	(62.0, 87.33333333333317)	(63.0, 172.6666666666672)	(64.0, 42.00000000000002)	(65.0, 32.99999999999996)	(66.0, 54.66666666666678)	(67.0, 33.33333333333329)	(68.0, 13.000000000000005)	(69.0, 8.999999999999998)	(70.0, 10.0)	(71.0, 24.666666666666647)	(72.0, 78.66666666666663)	(73.0, 24.99999999999998)	(74.0, 6.666666666666664)	(75.0, 4.333333333333333)	(76.0, 5.666666666666665)	(77.0, 3.3333333333333335)	(78.0, 0.0)	(79.0, 0.0)	(80.0, 0.0)	(81.0, 0.0)	(82.0, 0.0)	(83.0, 0.0)	(84.0, 0.3333333333333333)	(85.0, 0.0)	(86.0, 0.0)	(87.0, 0.0)	(88.0, 0.0)	(89.0, 0.0)	(90.0, 0.0)	(91.0, 0.0)	(92.0, 0.0)	(93.0, 0.0)	(94.0, 0.0)	(95.0, 0.0)	(96.0, 0.0)	(97.0, 0.0)	(98.0, 0.0)	(99.0, 0.0)	(100.0, 0.0)
SRR37700612_1	(0.0, 0.0)	(1.0, 0.0)	(2.0, 0.0)	(3.0, 0.0)	(4.0, 0.0)	(5.0, 0.0)	(6.0, 0.0)	(7.0, 0.0)	(8.0, 0.0)	(9.0, 0.0)	(10.0, 0.0)	(11.0, 0.0)	(12.0, 0.0)	(13.0, 0.0)	(14.0, 0.0)	(15.0, 0.0)	(16.0, 0.0)	(17.0, 0.0)	(18.0, 0.0)	(19.0, 0.0)	(20.0, 0.0)	(21.0, 0.0)	(22.0, 0.0)	(23.0, 0.0)	(24.0, 0.0)	(25.0, 0.0)	(26.0, 0.0)	(27.0, 0.0)	(28.0, 0.0)	(29.0, 0.0)	(30.0, 0.0)	(31.0, 0.0)	(32.0, 0.0)	(33.0, 0.0)	(34.0, 0.0)	(35.0, 0.0)	(36.0, 0.0)	(37.0, 0.0)	(38.0, 0.0)	(39.0, 0.0)	(40.0, 0.0)	(41.0, 0.6666666666666666)	(42.0, 0.6666666666666666)	(43.0, 0.3333333333333333)	(44.0, 6.666666666666664)	(45.0, 66.33333333333347)	(46.0, 194.00000000000114)	(47.0, 385.6666666666622)	(48.0, 577.6666666666624)	(49.0, 1688.3333333332287)	(50.0, 4640.333333333583)	(51.0, 6329.999999998713)	(52.0, 5669.999999999313)	(53.0, 4502.333333333709)	(54.0, 3200.0000000003374)	(55.0, 2733.3333333334585)	(56.0, 942.0000000000372)	(57.0, 255.00000000000287)	(58.0, 173.33333333333388)	(59.0, 41.000000000000014)	(60.0, 42.00000000000002)	(61.0, 34.666666666666636)	(62.0, 15.000000000000009)	(63.0, 25.33333333333331)	(64.0, 35.33333333333331)	(65.0, 24.666666666666647)	(66.0, 12.333333333333337)	(67.0, 10.333333333333334)	(68.0, 19.666666666666664)	(69.0, 49.33333333333341)	(70.0, 5.333333333333332)	(71.0, 0.3333333333333333)	(72.0, 0.3333333333333333)	(73.0, 0.0)	(74.0, 0.0)	(75.0, 0.0)	(76.0, 0.0)	(77.0, 0.0)	(78.0, 0.0)	(79.0, 0.0)	(80.0, 0.0)	(81.0, 0.0)	(82.0, 0.0)	(83.0, 0.0)	(84.0, 0.0)	(85.0, 0.0)	(86.0, 0.0)	(87.0, 0.0)	(88.0, 0.0)	(89.0, 0.0)	(90.0, 0.0)	(91.0, 0.0)	(92.0, 0.0)	(93.0, 0.0)	(94.0, 0.0)	(95.0, 0.0)	(96.0, 0.0)	(97.0, 0.0)	(98.0, 0.0)	(99.0, 0.0)	(100.0, 0.0)
SRR37700612_2	(0.0, 0.0)	(1.0, 0.0)	(2.0, 0.0)	(3.0, 0.0)	(4.0, 0.0)	(5.0, 0.0)	(6.0, 0.0)	(7.0, 0.0)	(8.0, 0.0)	(9.0, 0.0)	(10.0, 0.0)	(11.0, 0.0)	(12.0, 0.0)	(13.0, 0.0)	(14.0, 0.0)	(15.0, 0.0)	(16.0, 0.0)	(17.0, 0.0)	(18.0, 0.0)	(19.0, 0.0)	(20.0, 0.0)	(21.0, 0.0)	(22.0, 0.0)	(23.0, 0.0)	(24.0, 0.0)	(25.0, 0.0)	(26.0, 0.0)	(27.0, 0.0)	(28.0, 0.0)	(29.0, 0.0)	(30.0, 0.0)	(31.0, 0.0)	(32.0, 0.0)	(33.0, 0.0)	(34.0, 0.0)	(35.0, 0.0)	(36.0, 0.3333333333333333)	(37.0, 0.3333333333333333)	(38.0, 0.6666666666666666)	(39.0, 1.0)	(40.0, 1.0)	(41.0, 1.0)	(42.0, 2.333333333333333)	(43.0, 2.333333333333333)	(44.0, 9.666666666666666)	(45.0, 59.00000000000014)	(46.0, 107.33333333333289)	(47.0, 253.0000000000028)	(48.0, 346.6666666666644)	(49.0, 1556.666666666592)	(50.0, 3666.6666666672163)	(51.0, 3720.000000000574)	(52.0, 3467.3333333337923)	(53.0, 6644.3333333317605)	(54.0, 5852.666666665814)	(55.0, 2746.3333333334645)	(56.0, 2856.3333333335145)	(57.0, 1010.6666666667116)	(58.0, 446.99999999999204)	(59.0, 140.99999999999963)	(60.0, 157.33333333333343)	(61.0, 43.00000000000003)	(62.0, 17.33333333333334)	(63.0, 41.666666666666686)	(64.0, 14.000000000000007)	(65.0, 26.99999999999997)	(66.0, 47.00000000000006)	(67.0, 19.999999999999996)	(68.0, 5.333333333333332)	(69.0, 2.6666666666666665)	(70.0, 3.0)	(71.0, 13.33333333333334)	(72.0, 44.66666666666671)	(73.0, 7.666666666666663)	(74.0, 1.3333333333333333)	(75.0, 1.0)	(76.0, 0.6666666666666666)	(77.0, 0.0)	(78.0, 0.0)	(79.0, 0.0)	(80.0, 0.0)	(81.0, 0.0)	(82.0, 0.0)	(83.0, 0.0)	(84.0, 0.0)	(85.0, 0.0)	(86.0, 0.0)	(87.0, 0.0)	(88.0, 0.0)	(89.0, 0.0)	(90.0, 0.0)	(91.0, 0.0)	(92.0, 0.3333333333333333)	(93.0, 0.3333333333333333)	(94.0, 0.0)	(95.0, 0.0)	(96.0, 0.0)	(97.0, 0.0)	(98.0, 0.0)	(99.0, 0.0)	(100.0, 0.0)
SRR37700613_1	(0.0, 0.0)	(1.0, 0.0)	(2.0, 0.0)	(3.0, 0.0)	(4.0, 0.0)	(5.0, 0.0)	(6.0, 0.0)	(7.0, 0.0)	(8.0, 0.0)	(9.0, 0.0)	(10.0, 0.0)	(11.0, 0.0)	(12.0, 0.0)	(13.0, 0.0)	(14.0, 0.0)	(15.0, 0.0)	(16.0, 0.0)	(17.0, 0.0)	(18.0, 0.0)	(19.0, 0.0)	(20.0, 0.0)	(21.0, 0.0)	(22.0, 0.0)	(23.0, 0.0)	(24.0, 0.0)	(25.0, 0.0)	(26.0, 0.0)	(27.0, 0.0)	(28.0, 0.0)	(29.0, 0.0)	(30.0, 0.0)	(31.0, 0.0)	(32.0, 0.0)	(33.0, 0.0)	(34.0, 0.0)	(35.0, 1.9999999999999998)	(36.0, 1.9999999999999998)	(37.0, 0.0)	(38.0, 0.0)	(39.0, 0.3333333333333333)	(40.0, 0.6666666666666666)	(41.0, 1.0)	(42.0, 3.0)	(43.0, 5.666666666666665)	(44.0, 49.00000000000007)	(45.0, 103.33333333333294)	(46.0, 948.3333333333712)	(47.0, 1022.0000000000463)	(48.0, 542.9999999999918)	(49.0, 1973.3333333331639)	(50.0, 5171.3333333331)	(51.0, 4638.666666666918)	(52.0, 6193.999999998837)	(53.0, 5184.333333333088)	(54.0, 2986.00000000024)	(55.0, 2976.6666666669025)	(56.0, 1098.666666666696)	(57.0, 397.6666666666615)	(58.0, 240.00000000000244)	(59.0, 88.99999999999982)	(60.0, 265.666666666669)	(61.0, 284.66666666666794)	(62.0, 56.33333333333346)	(63.0, 37.99999999999999)	(64.0, 61.33333333333349)	(65.0, 47.66666666666673)	(66.0, 15.333333333333343)	(67.0, 13.000000000000005)	(68.0, 36.999999999999986)	(69.0, 96.66666666666637)	(70.0, 8.666666666666664)	(71.0, 1.9999999999999998)	(72.0, 1.0)	(73.0, 0.0)	(74.0, 0.0)	(75.0, 0.0)	(76.0, 0.0)	(77.0, 0.0)	(78.0, 0.0)	(79.0, 0.0)	(80.0, 0.0)	(81.0, 0.0)	(82.0, 0.0)	(83.0, 0.0)	(84.0, 0.0)	(85.0, 0.0)	(86.0, 0.0)	(87.0, 0.0)	(88.0, 0.0)	(89.0, 0.0)	(90.0, 0.0)	(91.0, 0.0)	(92.0, 0.0)	(93.0, 0.0)	(94.0, 0.0)	(95.0, 0.0)	(96.0, 0.0)	(97.0, 0.0)	(98.0, 0.0)	(99.0, 0.0)	(100.0, 0.0)
SRR37700613_2	(0.0, 0.0)	(1.0, 0.0)	(2.0, 0.0)	(3.0, 0.0)	(4.0, 0.0)	(5.0, 0.0)	(6.0, 0.0)	(7.0, 0.0)	(8.0, 0.0)	(9.0, 0.0)	(10.0, 0.0)	(11.0, 0.0)	(12.0, 0.0)	(13.0, 0.0)	(14.0, 0.0)	(15.0, 0.0)	(16.0, 0.0)	(17.0, 0.0)	(18.0, 0.0)	(19.0, 0.0)	(20.0, 0.0)	(21.0, 0.0)	(22.0, 0.0)	(23.0, 0.0)	(24.0, 0.0)	(25.0, 0.0)	(26.0, 0.0)	(27.0, 0.0)	(28.0, 0.0)	(29.0, 0.0)	(30.0, 0.0)	(31.0, 0.0)	(32.0, 0.0)	(33.0, 0.3333333333333333)	(34.0, 0.3333333333333333)	(35.0, 0.3333333333333333)	(36.0, 0.6666666666666666)	(37.0, 1.6666666666666665)	(38.0, 3.666666666666667)	(39.0, 3.3333333333333335)	(40.0, 3.0)	(41.0, 5.333333333333332)	(42.0, 10.666666666666668)	(43.0, 19.999999999999996)	(44.0, 720.6666666666787)	(45.0, 797.3333333333541)	(46.0, 146.66666666666646)	(47.0, 275.66666666666845)	(48.0, 454.9999999999916)	(49.0, 2009.666666666489)	(50.0, 4555.33333333366)	(51.0, 4018.6666666673764)	(52.0, 3538.3333333338246)	(53.0, 6369.333333332011)	(54.0, 5545.33333333276)	(55.0, 3073.333333333613)	(56.0, 3027.3333333335922)	(57.0, 964.6666666667064)	(58.0, 319.99999999999926)	(59.0, 159.33333333333348)	(60.0, 189.000000000001)	(61.0, 116.33333333333276)	(62.0, 92.66666666666643)	(63.0, 303.66666666666686)	(64.0, 50.00000000000008)	(65.0, 39.333333333333336)	(66.0, 67.00000000000013)	(67.0, 37.99999999999999)	(68.0, 10.0)	(69.0, 7.9999999999999964)	(70.0, 7.666666666666663)	(71.0, 22.999999999999986)	(72.0, 87.99999999999983)	(73.0, 14.000000000000007)	(74.0, 1.6666666666666665)	(75.0, 0.0)	(76.0, 0.0)	(77.0, 0.0)	(78.0, 0.0)	(79.0, 0.0)	(80.0, 0.0)	(81.0, 0.0)	(82.0, 0.0)	(83.0, 0.0)	(84.0, 0.0)	(85.0, 0.0)	(86.0, 0.0)	(87.0, 0.0)	(88.0, 0.0)	(89.0, 0.0)	(90.0, 0.3333333333333333)	(91.0, 0.3333333333333333)	(92.0, 0.0)	(93.0, 0.0)	(94.0, 0.0)	(95.0, 0.0)	(96.0, 0.0)	(97.0, 0.0)	(98.0, 0.0)	(99.0, 0.0)	(100.0, 0.0)
SRR37700614_1	(0.0, 0.0)	(1.0, 0.0)	(2.0, 0.0)	(3.0, 0.0)	(4.0, 0.0)	(5.0, 0.0)	(6.0, 0.0)	(7.0, 0.0)	(8.0, 0.0)	(9.0, 0.0)	(10.0, 0.0)	(11.0, 0.0)	(12.0, 0.0)	(13.0, 0.0)	(14.0, 0.0)	(15.0, 0.0)	(16.0, 0.0)	(17.0, 0.0)	(18.0, 0.0)	(19.0, 0.0)	(20.0, 0.0)	(21.0, 0.0)	(22.0, 0.0)	(23.0, 0.0)	(24.0, 0.0)	(25.0, 0.0)	(26.0, 0.0)	(27.0, 0.0)	(28.0, 0.0)	(29.0, 0.0)	(30.0, 0.0)	(31.0, 0.0)	(32.0, 0.0)	(33.0, 0.0)	(34.0, 0.3333333333333333)	(35.0, 0.0)	(36.0, 0.0)	(37.0, 0.0)	(38.0, 0.0)	(39.0, 0.0)	(40.0, 0.3333333333333333)	(41.0, 0.0)	(42.0, 1.0)	(43.0, 0.6666666666666666)	(44.0, 1.6666666666666665)	(45.0, 5.666666666666665)	(46.0, 59.66666666666681)	(47.0, 113.66666666666613)	(48.0, 265.0000000000024)	(49.0, 1863.6666666665221)	(50.0, 5806.999999999189)	(51.0, 2663.66666666676)	(52.0, 4329.000000000533)	(53.0, 5426.999999999534)	(54.0, 1635.666666666574)	(55.0, 1318.9999999999793)	(56.0, 628.3333333333348)	(57.0, 67.00000000000013)	(58.0, 112.33333333333282)	(59.0, 102.66666666666629)	(60.0, 89.9999999999998)	(61.0, 117.66666666666607)	(62.0, 59.00000000000014)	(63.0, 53.333333333333435)	(64.0, 72.33333333333339)	(65.0, 49.00000000000007)	(66.0, 39.0)	(67.0, 32.333333333333286)	(68.0, 60.00000000000015)	(69.0, 117.9999999999994)	(70.0, 8.666666666666664)	(71.0, 1.0)	(72.0, 0.3333333333333333)	(73.0, 0.0)	(74.0, 0.6666666666666666)	(75.0, 0.6666666666666666)	(76.0, 0.0)	(77.0, 0.0)	(78.0, 0.3333333333333333)	(79.0, 0.0)	(80.0, 0.0)	(81.0, 0.0)	(82.0, 0.0)	(83.0, 0.0)	(84.0, 0.0)	(85.0, 0.0)	(86.0, 0.0)	(87.0, 0.0)	(88.0, 0.0)	(89.0, 0.0)	(90.0, 0.0)	(91.0, 0.0)	(92.0, 0.0)	(93.0, 0.0)	(94.0, 0.0)	(95.0, 0.0)	(96.0, 0.0)	(97.0, 0.0)	(98.0, 0.0)	(99.0, 0.0)	(100.0, 0.0)
SRR37700614_2	(0.0, 0.0)	(1.0, 0.0)	(2.0, 0.0)	(3.0, 0.0)	(4.0, 0.0)	(5.0, 0.0)	(6.0, 0.0)	(7.0, 0.0)	(8.0, 0.0)	(9.0, 0.0)	(10.0, 0.0)	(11.0, 0.0)	(12.0, 0.0)	(13.0, 0.0)	(14.0, 0.0)	(15.0, 0.0)	(16.0, 0.0)	(17.0, 0.0)	(18.0, 0.0)	(19.0, 0.0)	(20.0, 0.0)	(21.0, 0.0)	(22.0, 0.0)	(23.0, 0.0)	(24.0, 0.0)	(25.0, 0.0)	(26.0, 0.0)	(27.0, 0.0)	(28.0, 0.0)	(29.0, 0.0)	(30.0, 0.3333333333333333)	(31.0, 0.3333333333333333)	(32.0, 0.0)	(33.0, 0.0)	(34.0, 0.0)	(35.0, 0.0)	(36.0, 0.0)	(37.0, 0.3333333333333333)	(38.0, 0.6666666666666666)	(39.0, 1.0)	(40.0, 1.3333333333333333)	(41.0, 1.0)	(42.0, 0.3333333333333333)	(43.0, 1.6666666666666665)	(44.0, 4.666666666666666)	(45.0, 5.666666666666665)	(46.0, 17.000000000000007)	(47.0, 89.9999999999998)	(48.0, 154.0)	(49.0, 1261.9999999999923)	(50.0, 4852.000000000057)	(51.0, 5300.666666666316)	(52.0, 2813.6666666668284)	(53.0, 4995.666666666593)	(54.0, 4428.000000000443)	(55.0, 1853.9999999998577)	(56.0, 1105.6666666666945)	(57.0, 653.0000000000043)	(58.0, 105.33333333333292)	(59.0, 22.33333333333332)	(60.0, 42.33333333333336)	(61.0, 107.33333333333289)	(62.0, 38.666666666666664)	(63.0, 118.66666666666606)	(64.0, 32.99999999999996)	(65.0, 67.00000000000013)	(66.0, 116.99999999999942)	(67.0, 39.0)	(68.0, 11.66666666666667)	(69.0, 7.9999999999999964)	(70.0, 10.333333333333334)	(71.0, 28.3333333333333)	(72.0, 99.99999999999966)	(73.0, 18.666666666666668)	(74.0, 3.3333333333333335)	(75.0, 0.3333333333333333)	(76.0, 0.3333333333333333)	(77.0, 0.0)	(78.0, 0.0)	(79.0, 0.0)	(80.0, 0.0)	(81.0, 0.0)	(82.0, 0.0)	(83.0, 0.0)	(84.0, 0.0)	(85.0, 0.0)	(86.0, 0.0)	(87.0, 0.0)	(88.0, 0.0)	(89.0, 0.0)	(90.0, 0.0)	(91.0, 0.0)	(92.0, 0.0)	(93.0, 0.0)	(94.0, 0.0)	(95.0, 0.0)	(96.0, 0.0)	(97.0, 0.0)	(98.0, 0.0)	(99.0, 0.0)	(100.0, 0.0)
SRR37700615_1	(0.0, 0.0)	(1.0, 0.0)	(2.0, 0.0)	(3.0, 0.0)	(4.0, 0.0)	(5.0, 0.0)	(6.0, 0.0)	(7.0, 0.0)	(8.0, 0.0)	(9.0, 0.0)	(10.0, 0.0)	(11.0, 0.0)	(12.0, 0.0)	(13.0, 0.0)	(14.0, 0.0)	(15.0, 0.0)	(16.0, 0.0)	(17.0, 0.0)	(18.0, 0.0)	(19.0, 0.0)	(20.0, 0.0)	(21.0, 0.0)	(22.0, 0.0)	(23.0, 0.0)	(24.0, 0.0)	(25.0, 0.0)	(26.0, 0.0)	(27.0, 0.0)	(28.0, 0.0)	(29.0, 0.0)	(30.0, 0.0)	(31.0, 0.0)	(32.0, 0.0)	(33.0, 0.0)	(34.0, 0.0)	(35.0, 0.6666666666666666)	(36.0, 0.3333333333333333)	(37.0, 0.0)	(38.0, 0.0)	(39.0, 0.0)	(40.0, 0.0)	(41.0, 0.0)	(42.0, 0.0)	(43.0, 0.6666666666666666)	(44.0, 2.333333333333333)	(45.0, 7.666666666666663)	(46.0, 35.33333333333331)	(47.0, 135.9999999999995)	(48.0, 438.9999999999925)	(49.0, 2226.6666666665615)	(50.0, 4446.000000000427)	(51.0, 3515.0000000004807)	(52.0, 4800.333333333438)	(53.0, 4248.33333333394)	(54.0, 1961.3333333331666)	(55.0, 3763.333333333927)	(56.0, 1043.3333333333753)	(57.0, 107.66666666666622)	(58.0, 168.0000000000004)	(59.0, 97.66666666666636)	(60.0, 37.33333333333332)	(61.0, 39.0)	(62.0, 21.666666666666657)	(63.0, 39.66666666666667)	(64.0, 42.33333333333336)	(65.0, 24.99999999999998)	(66.0, 31.33333333333329)	(67.0, 28.3333333333333)	(68.0, 64.66666666666683)	(69.0, 102.99999999999962)	(70.0, 10.333333333333334)	(71.0, 2.333333333333333)	(72.0, 0.3333333333333333)	(73.0, 0.3333333333333333)	(74.0, 0.0)	(75.0, 0.0)	(76.0, 0.0)	(77.0, 0.0)	(78.0, 0.0)	(79.0, 0.0)	(80.0, 0.0)	(81.0, 0.0)	(82.0, 0.0)	(83.0, 0.0)	(84.0, 0.0)	(85.0, 0.0)	(86.0, 0.0)	(87.0, 0.0)	(88.0, 0.0)	(89.0, 0.0)	(90.0, 0.0)	(91.0, 0.0)	(92.0, 0.0)	(93.0, 0.0)	(94.0, 0.0)	(95.0, 0.0)	(96.0, 0.0)	(97.0, 0.0)	(98.0, 0.0)	(99.0, 0.0)	(100.0, 0.0)
SRR37700615_2	(0.0, 0.0)	(1.0, 0.0)	(2.0, 0.0)	(3.0, 0.0)	(4.0, 0.0)	(5.0, 0.0)	(6.0, 0.0)	(7.0, 0.0)	(8.0, 0.0)	(9.0, 0.0)	(10.0, 0.0)	(11.0, 0.0)	(12.0, 0.0)	(13.0, 0.0)	(14.0, 0.0)	(15.0, 0.0)	(16.0, 0.0)	(17.0, 0.0)	(18.0, 0.0)	(19.0, 0.0)	(20.0, 0.0)	(21.0, 0.0)	(22.0, 0.0)	(23.0, 0.0)	(24.0, 0.0)	(25.0, 0.0)	(26.0, 0.0)	(27.0, 0.0)	(28.0, 0.0)	(29.0, 0.0)	(30.0, 0.0)	(31.0, 0.0)	(32.0, 0.0)	(33.0, 0.3333333333333333)	(34.0, 0.3333333333333333)	(35.0, 0.3333333333333333)	(36.0, 0.3333333333333333)	(37.0, 0.0)	(38.0, 0.3333333333333333)	(39.0, 0.6666666666666666)	(40.0, 0.6666666666666666)	(41.0, 0.6666666666666666)	(42.0, 0.0)	(43.0, 0.6666666666666666)	(44.0, 3.0)	(45.0, 4.0)	(46.0, 16.00000000000001)	(47.0, 62.666666666666835)	(48.0, 237.00000000000236)	(49.0, 1960.3333333331668)	(50.0, 3423.3333333337723)	(51.0, 3927.000000000668)	(52.0, 2759.666666666804)	(53.0, 5031.999999999894)	(54.0, 5152.9999999997835)	(55.0, 2669.000000000096)	(56.0, 3139.0000000003097)	(57.0, 1084.0000000000327)	(58.0, 241.00000000000247)	(59.0, 48.666666666666735)	(60.0, 87.6666666666665)	(61.0, 124.66666666666598)	(62.0, 23.999999999999982)	(63.0, 54.00000000000011)	(64.0, 17.000000000000007)	(65.0, 42.33333333333336)	(66.0, 67.33333333333346)	(67.0, 17.66666666666667)	(68.0, 13.000000000000005)	(69.0, 9.333333333333332)	(70.0, 8.666666666666664)	(71.0, 26.99999999999997)	(72.0, 89.66666666666647)	(73.0, 22.666666666666654)	(74.0, 4.333333333333333)	(75.0, 0.3333333333333333)	(76.0, 0.3333333333333333)	(77.0, 0.0)	(78.0, 0.0)	(79.0, 0.0)	(80.0, 0.0)	(81.0, 0.0)	(82.0, 0.0)	(83.0, 0.0)	(84.0, 0.0)	(85.0, 0.0)	(86.0, 0.0)	(87.0, 0.0)	(88.0, 0.0)	(89.0, 0.0)	(90.0, 0.0)	(91.0, 0.0)	(92.0, 0.0)	(93.0, 0.0)	(94.0, 0.0)	(95.0, 0.0)	(96.0, 0.0)	(97.0, 0.0)	(98.0, 0.0)	(99.0, 0.0)	(100.0, 0.0)
SRR37700616_1	(0.0, 0.0)	(1.0, 0.0)	(2.0, 0.0)	(3.0, 0.0)	(4.0, 0.0)	(5.0, 0.0)	(6.0, 0.0)	(7.0, 0.0)	(8.0, 0.0)	(9.0, 0.0)	(10.0, 0.0)	(11.0, 0.0)	(12.0, 0.0)	(13.0, 0.0)	(14.0, 0.0)	(15.0, 0.0)	(16.0, 0.0)	(17.0, 0.0)	(18.0, 0.0)	(19.0, 0.0)	(20.0, 0.0)	(21.0, 0.0)	(22.0, 0.0)	(23.0, 0.0)	(24.0, 0.0)	(25.0, 0.0)	(26.0, 0.0)	(27.0, 0.0)	(28.0, 0.0)	(29.0, 0.0)	(30.0, 0.0)	(31.0, 0.0)	(32.0, 0.0)	(33.0, 0.0)	(34.0, 0.0)	(35.0, 0.0)	(36.0, 0.3333333333333333)	(37.0, 1.6666666666666665)	(38.0, 1.0)	(39.0, 0.0)	(40.0, 0.0)	(41.0, 0.0)	(42.0, 0.6666666666666666)	(43.0, 5.666666666666665)	(44.0, 10.0)	(45.0, 39.66666666666667)	(46.0, 73.6666666666667)	(47.0, 247.333333333336)	(48.0, 298.0000000000005)	(49.0, 1430.6666666666206)	(50.0, 5688.999999999296)	(51.0, 3884.6666666673154)	(52.0, 3796.0000000006085)	(53.0, 3829.0000000006235)	(54.0, 1866.6666666665215)	(55.0, 1284.3333333333205)	(56.0, 490.99999999998954)	(57.0, 112.99999999999947)	(58.0, 60.333333333333485)	(59.0, 29.99999999999996)	(60.0, 26.66666666666664)	(61.0, 29.99999999999996)	(62.0, 24.333333333333314)	(63.0, 27.999999999999968)	(64.0, 55.33333333333345)	(65.0, 56.00000000000012)	(66.0, 24.333333333333314)	(67.0, 17.33333333333334)	(68.0, 25.666666666666643)	(69.0, 59.00000000000014)	(70.0, 6.333333333333331)	(71.0, 0.6666666666666666)	(72.0, 0.3333333333333333)	(73.0, 0.0)	(74.0, 0.0)	(75.0, 0.0)	(76.0, 0.0)	(77.0, 0.0)	(78.0, 0.0)	(79.0, 0.0)	(80.0, 0.0)	(81.0, 0.0)	(82.0, 0.0)	(83.0, 0.0)	(84.0, 0.0)	(85.0, 0.0)	(86.0, 0.0)	(87.0, 0.0)	(88.0, 0.0)	(89.0, 0.0)	(90.0, 0.0)	(91.0, 0.0)	(92.0, 0.0)	(93.0, 0.0)	(94.0, 0.0)	(95.0, 0.0)	(96.0, 0.0)	(97.0, 0.0)	(98.0, 0.0)	(99.0, 0.0)	(100.0, 0.0)
SRR37700616_2	(0.0, 0.0)	(1.0, 0.0)	(2.0, 0.0)	(3.0, 0.0)	(4.0, 0.0)	(5.0, 0.0)	(6.0, 0.0)	(7.0, 0.0)	(8.0, 0.0)	(9.0, 0.0)	(10.0, 0.0)	(11.0, 0.0)	(12.0, 0.0)	(13.0, 0.0)	(14.0, 0.0)	(15.0, 0.0)	(16.0, 0.0)	(17.0, 0.0)	(18.0, 0.0)	(19.0, 0.0)	(20.0, 0.0)	(21.0, 0.0)	(22.0, 0.0)	(23.0, 0.0)	(24.0, 0.0)	(25.0, 0.0)	(26.0, 0.0)	(27.0, 0.0)	(28.0, 0.0)	(29.0, 0.0)	(30.0, 0.0)	(31.0, 0.0)	(32.0, 0.0)	(33.0, 0.0)	(34.0, 0.6666666666666666)	(35.0, 0.6666666666666666)	(36.0, 0.6666666666666666)	(37.0, 2.333333333333333)	(38.0, 1.6666666666666665)	(39.0, 3.0)	(40.0, 2.333333333333333)	(41.0, 1.6666666666666665)	(42.0, 4.333333333333333)	(43.0, 6.333333333333331)	(44.0, 8.999999999999998)	(45.0, 12.000000000000004)	(46.0, 65.33333333333348)	(47.0, 109.33333333333286)	(48.0, 305.0000000000001)	(49.0, 1067.3333333333699)	(50.0, 4930.333333333319)	(51.0, 5294.999999999654)	(52.0, 2706.3333333334463)	(53.0, 3743.0000000005844)	(54.0, 3656.6666666672118)	(55.0, 1687.6666666665622)	(56.0, 1000.6666666667105)	(57.0, 516.3333333333221)	(58.0, 205.66666666666814)	(59.0, 48.666666666666735)	(60.0, 41.33333333333335)	(61.0, 30.999999999999957)	(62.0, 17.66666666666667)	(63.0, 39.0)	(64.0, 15.333333333333343)	(65.0, 39.66666666666667)	(66.0, 80.33333333333327)	(67.0, 31.999999999999954)	(68.0, 7.33333333333333)	(69.0, 4.999999999999999)	(70.0, 4.999999999999999)	(71.0, 9.333333333333332)	(72.0, 50.66666666666675)	(73.0, 13.000000000000005)	(74.0, 1.3333333333333333)	(75.0, 0.3333333333333333)	(76.0, 0.3333333333333333)	(77.0, 1.0)	(78.0, 0.3333333333333333)	(79.0, 0.3333333333333333)	(80.0, 0.0)	(81.0, 0.0)	(82.0, 0.0)	(83.0, 0.0)	(84.0, 0.0)	(85.0, 0.0)	(86.0, 0.0)	(87.0, 0.0)	(88.0, 0.3333333333333333)	(89.0, 0.0)	(90.0, 0.0)	(91.0, 0.0)	(92.0, 0.0)	(93.0, 0.0)	(94.0, 0.0)	(95.0, 0.0)	(96.0, 0.0)	(97.0, 0.0)	(98.0, 0.0)	(99.0, 0.0)	(100.0, 0.0)
SRR37700617_1	(0.0, 0.0)	(1.0, 0.0)	(2.0, 0.0)	(3.0, 0.0)	(4.0, 0.0)	(5.0, 0.0)	(6.0, 0.0)	(7.0, 0.0)	(8.0, 0.0)	(9.0, 0.0)	(10.0, 0.0)	(11.0, 0.0)	(12.0, 0.0)	(13.0, 0.0)	(14.0, 0.0)	(15.0, 0.0)	(16.0, 0.0)	(17.0, 0.0)	(18.0, 0.0)	(19.0, 0.0)	(20.0, 0.0)	(21.0, 0.0)	(22.0, 0.0)	(23.0, 0.0)	(24.0, 0.0)	(25.0, 0.0)	(26.0, 0.0)	(27.0, 0.0)	(28.0, 0.0)	(29.0, 0.0)	(30.0, 0.0)	(31.0, 0.0)	(32.0, 0.0)	(33.0, 0.0)	(34.0, 0.0)	(35.0, 0.0)	(36.0, 0.0)	(37.0, 0.0)	(38.0, 0.0)	(39.0, 0.0)	(40.0, 0.3333333333333333)	(41.0, 0.0)	(42.0, 1.0)	(43.0, 3.666666666666667)	(44.0, 10.333333333333334)	(45.0, 51.66666666666676)	(46.0, 242.6666666666692)	(47.0, 312.66666666666634)	(48.0, 490.6666666666562)	(49.0, 1093.0000000000307)	(50.0, 3739.0000000005825)	(51.0, 3925.666666667334)	(52.0, 4810.0000000000955)	(53.0, 4989.999999999932)	(54.0, 2480.00000000001)	(55.0, 2320.3333333332707)	(56.0, 1386.3333333332973)	(57.0, 477.33333333332365)	(58.0, 94.33333333333307)	(59.0, 14.000000000000007)	(60.0, 13.33333333333334)	(61.0, 14.000000000000007)	(62.0, 6.999999999999997)	(63.0, 11.66666666666667)	(64.0, 30.999999999999957)	(65.0, 27.333333333333304)	(66.0, 12.666666666666671)	(67.0, 7.9999999999999964)	(68.0, 13.666666666666673)	(69.0, 26.66666666666664)	(70.0, 3.3333333333333335)	(71.0, 0.3333333333333333)	(72.0, 0.0)	(73.0, 0.0)	(74.0, 0.0)	(75.0, 0.0)	(76.0, 0.0)	(77.0, 0.0)	(78.0, 0.0)	(79.0, 0.0)	(80.0, 0.0)	(81.0, 0.0)	(82.0, 0.0)	(83.0, 0.0)	(84.0, 0.0)	(85.0, 0.0)	(86.0, 0.0)	(87.0, 0.0)	(88.0, 0.0)	(89.0, 0.0)	(90.0, 0.0)	(91.0, 0.0)	(92.0, 0.0)	(93.0, 0.0)	(94.0, 0.0)	(95.0, 0.0)	(96.0, 0.0)	(97.0, 0.0)	(98.0, 0.0)	(99.0, 0.0)	(100.0, 0.0)
SRR37700617_2	(0.0, 0.0)	(1.0, 0.0)	(2.0, 0.0)	(3.0, 0.0)	(4.0, 0.0)	(5.0, 0.0)	(6.0, 0.0)	(7.0, 0.0)	(8.0, 0.0)	(9.0, 0.0)	(10.0, 0.0)	(11.0, 0.0)	(12.0, 0.0)	(13.0, 0.0)	(14.0, 0.0)	(15.0, 0.0)	(16.0, 0.0)	(17.0, 0.0)	(18.0, 0.3333333333333333)	(19.0, 0.0)	(20.0, 0.0)	(21.0, 0.0)	(22.0, 0.0)	(23.0, 0.0)	(24.0, 0.0)	(25.0, 0.0)	(26.0, 0.0)	(27.0, 0.0)	(28.0, 0.0)	(29.0, 0.0)	(30.0, 0.0)	(31.0, 0.0)	(32.0, 0.0)	(33.0, 0.3333333333333333)	(34.0, 0.6666666666666666)	(35.0, 0.3333333333333333)	(36.0, 0.0)	(37.0, 0.0)	(38.0, 0.3333333333333333)	(39.0, 1.9999999999999998)	(40.0, 1.0)	(41.0, 2.333333333333333)	(42.0, 3.0)	(43.0, 6.999999999999997)	(44.0, 19.0)	(45.0, 30.666666666666625)	(46.0, 76.0)	(47.0, 261.0000000000026)	(48.0, 450.6666666666585)	(49.0, 1483.9999999999418)	(50.0, 2973.000000000234)	(51.0, 2592.666666666728)	(52.0, 2580.0000000000555)	(53.0, 5603.999999999373)	(54.0, 4907.666666666673)	(55.0, 2348.3333333332835)	(56.0, 1760.3333333332123)	(57.0, 1529.3333333332648)	(58.0, 943.3333333333707)	(59.0, 112.66666666666615)	(60.0, 62.666666666666835)	(61.0, 32.99999999999996)	(62.0, 6.999999999999997)	(63.0, 19.0)	(64.0, 6.999999999999997)	(65.0, 15.333333333333343)	(66.0, 41.33333333333335)	(67.0, 18.333333333333336)	(68.0, 3.666666666666667)	(69.0, 1.0)	(70.0, 1.9999999999999998)	(71.0, 4.999999999999999)	(72.0, 22.999999999999986)	(73.0, 3.666666666666667)	(74.0, 0.0)	(75.0, 0.0)	(76.0, 0.6666666666666666)	(77.0, 0.3333333333333333)	(78.0, 0.0)	(79.0, 0.3333333333333333)	(80.0, 0.3333333333333333)	(81.0, 0.0)	(82.0, 0.3333333333333333)	(83.0, 0.3333333333333333)	(84.0, 0.0)	(85.0, 0.0)	(86.0, 0.0)	(87.0, 0.0)	(88.0, 0.0)	(89.0, 0.0)	(90.0, 0.0)	(91.0, 0.0)	(92.0, 0.0)	(93.0, 0.0)	(94.0, 0.0)	(95.0, 0.0)	(96.0, 0.0)	(97.0, 0.0)	(98.0, 0.0)	(99.0, 0.0)	(100.0, 0.0)
SRR37700618_1	(0.0, 0.0)	(1.0, 0.0)	(2.0, 0.0)	(3.0, 0.0)	(4.0, 0.0)	(5.0, 0.0)	(6.0, 0.0)	(7.0, 0.0)	(8.0, 0.0)	(9.0, 0.0)	(10.0, 0.0)	(11.0, 0.0)	(12.0, 0.0)	(13.0, 0.0)	(14.0, 0.0)	(15.0, 0.0)	(16.0, 0.0)	(17.0, 0.0)	(18.0, 0.0)	(19.0, 0.0)	(20.0, 0.0)	(21.0, 0.0)	(22.0, 0.0)	(23.0, 0.0)	(24.0, 0.3333333333333333)	(25.0, 0.3333333333333333)	(26.0, 0.0)	(27.0, 0.0)	(28.0, 0.0)	(29.0, 0.3333333333333333)	(30.0, 0.3333333333333333)	(31.0, 0.0)	(32.0, 0.0)	(33.0, 0.0)	(34.0, 0.0)	(35.0, 0.0)	(36.0, 1.3333333333333333)	(37.0, 2.333333333333333)	(38.0, 0.3333333333333333)	(39.0, 0.0)	(40.0, 1.0)	(41.0, 4.999999999999999)	(42.0, 2.333333333333333)	(43.0, 6.666666666666664)	(44.0, 14.000000000000007)	(45.0, 27.333333333333304)	(46.0, 80.99999999999993)	(47.0, 176.33333333333397)	(48.0, 212.66666666666833)	(49.0, 645.6666666666702)	(50.0, 1391.6666666666295)	(51.0, 1560.3333333332578)	(52.0, 3158.0000000003183)	(53.0, 2484.3333333333453)	(54.0, 2202.999999999884)	(55.0, 1796.333333333204)	(56.0, 726.333333333346)	(57.0, 508.6666666666552)	(58.0, 303.66666666666686)	(59.0, 190.33333333333437)	(60.0, 378.6666666666626)	(61.0, 385.6666666666622)	(62.0, 48.000000000000064)	(63.0, 33.66666666666663)	(64.0, 92.66666666666643)	(65.0, 81.33333333333326)	(66.0, 8.999999999999998)	(67.0, 8.666666666666664)	(68.0, 18.666666666666668)	(69.0, 31.66666666666662)	(70.0, 14.666666666666675)	(71.0, 1.6666666666666665)	(72.0, 0.6666666666666666)	(73.0, 0.0)	(74.0, 0.0)	(75.0, 0.0)	(76.0, 0.0)	(77.0, 0.0)	(78.0, 0.0)	(79.0, 0.0)	(80.0, 0.0)	(81.0, 0.0)	(82.0, 0.0)	(83.0, 0.0)	(84.0, 0.0)	(85.0, 0.0)	(86.0, 0.0)	(87.0, 0.0)	(88.0, 0.0)	(89.0, 0.0)	(90.0, 0.0)	(91.0, 0.0)	(92.0, 0.0)	(93.0, 0.0)	(94.0, 0.0)	(95.0, 0.0)	(96.0, 0.0)	(97.0, 0.0)	(98.0, 0.0)	(99.0, 0.0)	(100.0, 0.0)
SRR37700618_2	(0.0, 0.0)	(1.0, 0.0)	(2.0, 0.0)	(3.0, 0.0)	(4.0, 0.0)	(5.0, 0.0)	(6.0, 0.0)	(7.0, 0.0)	(8.0, 0.0)	(9.0, 0.0)	(10.0, 0.0)	(11.0, 0.0)	(12.0, 0.0)	(13.0, 0.0)	(14.0, 0.0)	(15.0, 0.0)	(16.0, 0.0)	(17.0, 0.0)	(18.0, 0.0)	(19.0, 0.0)	(20.0, 0.0)	(21.0, 0.0)	(22.0, 0.0)	(23.0, 0.0)	(24.0, 0.0)	(25.0, 0.0)	(26.0, 0.0)	(27.0, 0.0)	(28.0, 0.0)	(29.0, 0.0)	(30.0, 0.0)	(31.0, 0.0)	(32.0, 0.0)	(33.0, 0.0)	(34.0, 0.3333333333333333)	(35.0, 0.3333333333333333)	(36.0, 1.9999999999999998)	(37.0, 1.6666666666666665)	(38.0, 3.3333333333333335)	(39.0, 1.6666666666666665)	(40.0, 1.9999999999999998)	(41.0, 4.666666666666666)	(42.0, 1.9999999999999998)	(43.0, 5.333333333333332)	(44.0, 32.99999999999996)	(45.0, 36.333333333333314)	(46.0, 32.333333333333286)	(47.0, 60.00000000000015)	(48.0, 178.66666666666737)	(49.0, 548.6666666666591)	(50.0, 1105.000000000028)	(51.0, 1307.9999999999818)	(52.0, 2298.666666666594)	(53.0, 2410.9999999999786)	(54.0, 1982.666666666495)	(55.0, 2086.3333333331643)	(56.0, 1984.9999999998279)	(57.0, 953.6666666667052)	(58.0, 558.3333333333269)	(59.0, 187.66666666666762)	(60.0, 127.66666666666593)	(61.0, 179.0000000000007)	(62.0, 87.99999999999983)	(63.0, 404.99999999999443)	(64.0, 70.66666666666674)	(65.0, 35.99999999999998)	(66.0, 89.9999999999998)	(67.0, 71.3333333333334)	(68.0, 9.333333333333332)	(69.0, 6.333333333333331)	(70.0, 4.333333333333333)	(71.0, 11.66666666666667)	(72.0, 23.999999999999982)	(73.0, 5.666666666666665)	(74.0, 3.3333333333333335)	(75.0, 4.333333333333333)	(76.0, 5.999999999999998)	(77.0, 1.9999999999999998)	(78.0, 0.0)	(79.0, 0.0)	(80.0, 0.0)	(81.0, 0.0)	(82.0, 0.0)	(83.0, 0.0)	(84.0, 0.0)	(85.0, 0.0)	(86.0, 0.0)	(87.0, 0.0)	(88.0, 0.0)	(89.0, 0.0)	(90.0, 0.0)	(91.0, 0.0)	(92.0, 0.0)	(93.0, 0.0)	(94.0, 0.0)	(95.0, 0.0)	(96.0, 0.0)	(97.0, 0.0)	(98.0, 0.0)	(99.0, 0.0)	(100.0, 0.0)
SRR37700619_1	(0.0, 0.0)	(1.0, 0.0)	(2.0, 0.0)	(3.0, 0.0)	(4.0, 0.0)	(5.0, 0.0)	(6.0, 0.0)	(7.0, 0.0)	(8.0, 0.0)	(9.0, 0.0)	(10.0, 0.0)	(11.0, 0.0)	(12.0, 0.0)	(13.0, 0.0)	(14.0, 0.0)	(15.0, 0.0)	(16.0, 0.0)	(17.0, 0.0)	(18.0, 0.0)	(19.0, 0.0)	(20.0, 0.0)	(21.0, 0.3333333333333333)	(22.0, 0.0)	(23.0, 0.0)	(24.0, 0.0)	(25.0, 0.0)	(26.0, 0.0)	(27.0, 0.0)	(28.0, 0.0)	(29.0, 0.0)	(30.0, 0.0)	(31.0, 0.0)	(32.0, 0.0)	(33.0, 0.0)	(34.0, 0.6666666666666666)	(35.0, 1.6666666666666665)	(36.0, 2.333333333333333)	(37.0, 1.3333333333333333)	(38.0, 0.0)	(39.0, 0.0)	(40.0, 0.0)	(41.0, 0.3333333333333333)	(42.0, 1.6666666666666665)	(43.0, 4.666666666666666)	(44.0, 20.33333333333333)	(45.0, 47.66666666666673)	(46.0, 252.33333333333613)	(47.0, 258.0000000000028)	(48.0, 417.6666666666604)	(49.0, 1528.333333333265)	(50.0, 5275.999999999672)	(51.0, 5760.6666666658975)	(52.0, 7260.3333333312)	(53.0, 4933.999999999983)	(54.0, 2682.000000000102)	(55.0, 2813.333333333495)	(56.0, 1052.6666666667065)	(57.0, 213.33333333333502)	(58.0, 218.00000000000182)	(59.0, 130.666666666666)	(60.0, 81.33333333333326)	(61.0, 77.33333333333331)	(62.0, 32.333333333333286)	(63.0, 46.66666666666672)	(64.0, 58.33333333333347)	(65.0, 36.333333333333314)	(66.0, 22.33333333333332)	(67.0, 17.33333333333334)	(68.0, 31.33333333333329)	(69.0, 55.000000000000114)	(70.0, 5.666666666666665)	(71.0, 1.3333333333333333)	(72.0, 0.0)	(73.0, 0.0)	(74.0, 0.0)	(75.0, 0.0)	(76.0, 0.0)	(77.0, 0.0)	(78.0, 0.0)	(79.0, 0.0)	(80.0, 0.0)	(81.0, 0.0)	(82.0, 0.0)	(83.0, 0.0)	(84.0, 0.0)	(85.0, 0.0)	(86.0, 0.0)	(87.0, 0.0)	(88.0, 0.0)	(89.0, 0.0)	(90.0, 0.0)	(91.0, 0.0)	(92.0, 0.0)	(93.0, 0.0)	(94.0, 0.0)	(95.0, 0.0)	(96.0, 0.0)	(97.0, 0.0)	(98.0, 0.0)	(99.0, 0.0)	(100.0, 0.0)
SRR37700619_2	(0.0, 0.0)	(1.0, 0.0)	(2.0, 0.0)	(3.0, 0.0)	(4.0, 0.0)	(5.0, 0.0)	(6.0, 0.0)	(7.0, 0.0)	(8.0, 0.0)	(9.0, 0.0)	(10.0, 0.0)	(11.0, 0.0)	(12.0, 0.0)	(13.0, 0.0)	(14.0, 0.3333333333333333)	(15.0, 0.0)	(16.0, 0.0)	(17.0, 0.0)	(18.0, 0.0)	(19.0, 0.0)	(20.0, 0.0)	(21.0, 0.0)	(22.0, 0.0)	(23.0, 0.0)	(24.0, 0.0)	(25.0, 0.0)	(26.0, 0.0)	(27.0, 0.0)	(28.0, 0.0)	(29.0, 0.0)	(30.0, 0.0)	(31.0, 0.0)	(32.0, 0.0)	(33.0, 0.0)	(34.0, 0.0)	(35.0, 1.0)	(36.0, 0.6666666666666666)	(37.0, 1.3333333333333333)	(38.0, 2.333333333333333)	(39.0, 3.666666666666667)	(40.0, 3.3333333333333335)	(41.0, 2.333333333333333)	(42.0, 4.333333333333333)	(43.0, 9.666666666666666)	(44.0, 21.333333333333325)	(45.0, 19.666666666666664)	(46.0, 62.3333333333335)	(47.0, 325.6666666666656)	(48.0, 438.9999999999925)	(49.0, 2238.3333333332334)	(50.0, 5016.999999999907)	(51.0, 3989.3333333340297)	(52.0, 3856.333333333969)	(53.0, 6776.6666666649735)	(54.0, 5548.333333332757)	(55.0, 3008.666666666917)	(56.0, 2862.333333333517)	(57.0, 888.6666666666978)	(58.0, 447.66666666665867)	(59.0, 113.3333333333328)	(60.0, 118.33333333333273)	(61.0, 156.00000000000006)	(62.0, 50.00000000000008)	(63.0, 89.33333333333314)	(64.0, 28.3333333333333)	(65.0, 47.33333333333339)	(66.0, 74.00000000000003)	(67.0, 26.66666666666664)	(68.0, 10.0)	(69.0, 7.33333333333333)	(70.0, 3.3333333333333335)	(71.0, 13.666666666666673)	(72.0, 43.333333333333364)	(73.0, 11.000000000000002)	(74.0, 4.333333333333333)	(75.0, 1.9999999999999998)	(76.0, 1.0)	(77.0, 0.3333333333333333)	(78.0, 0.0)	(79.0, 0.0)	(80.0, 0.0)	(81.0, 0.0)	(82.0, 0.3333333333333333)	(83.0, 0.3333333333333333)	(84.0, 0.0)	(85.0, 0.0)	(86.0, 0.0)	(87.0, 0.0)	(88.0, 0.0)	(89.0, 0.0)	(90.0, 0.0)	(91.0, 0.0)	(92.0, 0.0)	(93.0, 0.0)	(94.0, 0.0)	(95.0, 0.0)	(96.0, 0.3333333333333333)	(97.0, 0.0)	(98.0, 0.0)	(99.0, 0.0)	(100.0, 0.0)
SRR37700620_1	(0.0, 0.0)	(1.0, 0.0)	(2.0, 0.0)	(3.0, 0.0)	(4.0, 0.0)	(5.0, 0.0)	(6.0, 0.0)	(7.0, 0.0)	(8.0, 0.0)	(9.0, 0.0)	(10.0, 0.0)	(11.0, 0.0)	(12.0, 0.0)	(13.0, 0.0)	(14.0, 0.0)	(15.0, 0.0)	(16.0, 0.0)	(17.0, 0.0)	(18.0, 0.0)	(19.0, 0.0)	(20.0, 0.0)	(21.0, 0.3333333333333333)	(22.0, 0.3333333333333333)	(23.0, 0.0)	(24.0, 0.0)	(25.0, 0.0)	(26.0, 0.0)	(27.0, 0.0)	(28.0, 0.0)	(29.0, 0.0)	(30.0, 0.0)	(31.0, 0.0)	(32.0, 0.0)	(33.0, 0.0)	(34.0, 0.0)	(35.0, 0.3333333333333333)	(36.0, 0.3333333333333333)	(37.0, 0.0)	(38.0, 0.0)	(39.0, 0.0)	(40.0, 0.3333333333333333)	(41.0, 0.0)	(42.0, 0.0)	(43.0, 5.666666666666665)	(44.0, 30.999999999999957)	(45.0, 52.666666666666764)	(46.0, 324.33333333333235)	(47.0, 642.3333333333364)	(48.0, 293.3333333333341)	(49.0, 2069.9999999998236)	(50.0, 7583.3333333309065)	(51.0, 5982.666666665696)	(52.0, 8999.33333333182)	(53.0, 9056.999999998592)	(54.0, 4493.333333333717)	(55.0, 3878.6666666673127)	(56.0, 1745.9999999998822)	(57.0, 517.3333333333222)	(58.0, 185.00000000000088)	(59.0, 40.00000000000001)	(60.0, 104.33333333333293)	(61.0, 152.66666666666663)	(62.0, 95.33333333333306)	(63.0, 136.33333333333283)	(64.0, 557.9999999999935)	(65.0, 476.3333333333237)	(66.0, 82.9999999999999)	(67.0, 66.6666666666668)	(68.0, 190.33333333333437)	(69.0, 457.6666666666581)	(70.0, 54.00000000000011)	(71.0, 7.666666666666663)	(72.0, 1.9999999999999998)	(73.0, 0.3333333333333333)	(74.0, 0.3333333333333333)	(75.0, 0.0)	(76.0, 0.0)	(77.0, 0.0)	(78.0, 0.0)	(79.0, 0.0)	(80.0, 0.0)	(81.0, 0.0)	(82.0, 0.0)	(83.0, 0.0)	(84.0, 0.0)	(85.0, 0.0)	(86.0, 0.0)	(87.0, 0.0)	(88.0, 0.0)	(89.0, 0.0)	(90.0, 0.0)	(91.0, 0.0)	(92.0, 0.0)	(93.0, 0.0)	(94.0, 0.0)	(95.0, 0.0)	(96.0, 0.0)	(97.0, 0.0)	(98.0, 0.0)	(99.0, 0.0)	(100.0, 0.0)
SRR37700620_2	(0.0, 0.0)	(1.0, 0.0)	(2.0, 0.0)	(3.0, 0.0)	(4.0, 0.0)	(5.0, 0.0)	(6.0, 0.0)	(7.0, 0.0)	(8.0, 0.0)	(9.0, 0.0)	(10.0, 0.0)	(11.0, 0.0)	(12.0, 0.0)	(13.0, 0.0)	(14.0, 0.0)	(15.0, 0.0)	(16.0, 0.0)	(17.0, 0.0)	(18.0, 0.0)	(19.0, 0.3333333333333333)	(20.0, 0.3333333333333333)	(21.0, 0.0)	(22.0, 0.0)	(23.0, 0.0)	(24.0, 0.0)	(25.0, 0.0)	(26.0, 0.0)	(27.0, 0.0)	(28.0, 0.0)	(29.0, 0.0)	(30.0, 0.0)	(31.0, 0.0)	(32.0, 0.0)	(33.0, 0.3333333333333333)	(34.0, 0.3333333333333333)	(35.0, 0.0)	(36.0, 0.0)	(37.0, 1.0)	(38.0, 1.9999999999999998)	(39.0, 1.6666666666666665)	(40.0, 1.0)	(41.0, 1.9999999999999998)	(42.0, 2.333333333333333)	(43.0, 5.666666666666665)	(44.0, 170.3333333333338)	(45.0, 210.0000000000016)	(46.0, 79.33333333333329)	(47.0, 256.3333333333362)	(48.0, 504.3333333333221)	(49.0, 1921.9999999998422)	(50.0, 6511.9999999985475)	(51.0, 7307.666666664491)	(52.0, 6728.666666665017)	(53.0, 9560.333333332841)	(54.0, 7970.999999997221)	(55.0, 4505.000000000373)	(56.0, 3042.0000000002656)	(57.0, 1583.3333333332525)	(58.0, 736.3333333333471)	(59.0, 101.99999999999963)	(60.0, 144.99999999999974)	(61.0, 60.333333333333485)	(62.0, 63.333333333333506)	(63.0, 173.66666666666723)	(64.0, 70.66666666666674)	(65.0, 182.33333333333414)	(66.0, 556.9999999999934)	(67.0, 410.33333333332746)	(68.0, 48.3333333333334)	(69.0, 29.99999999999996)	(70.0, 36.999999999999986)	(71.0, 91.33333333333312)	(72.0, 381.6666666666624)	(73.0, 102.33333333333296)	(74.0, 17.33333333333334)	(75.0, 6.333333333333331)	(76.0, 5.666666666666665)	(77.0, 2.6666666666666665)	(78.0, 0.6666666666666666)	(79.0, 0.0)	(80.0, 0.0)	(81.0, 0.0)	(82.0, 0.0)	(83.0, 0.0)	(84.0, 0.0)	(85.0, 0.0)	(86.0, 0.0)	(87.0, 0.0)	(88.0, 0.0)	(89.0, 0.0)	(90.0, 0.0)	(91.0, 0.0)	(92.0, 0.0)	(93.0, 0.0)	(94.0, 0.0)	(95.0, 0.0)	(96.0, 0.0)	(97.0, 0.0)	(98.0, 0.0)	(99.0, 0.0)	(100.0, 0.0)
SRR37700621_1	(0.0, 0.0)	(1.0, 0.0)	(2.0, 0.0)	(3.0, 0.0)	(4.0, 0.0)	(5.0, 0.0)	(6.0, 0.0)	(7.0, 0.0)	(8.0, 0.0)	(9.0, 0.0)	(10.0, 0.0)	(11.0, 0.0)	(12.0, 0.0)	(13.0, 0.0)	(14.0, 0.0)	(15.0, 0.0)	(16.0, 0.0)	(17.0, 0.0)	(18.0, 0.0)	(19.0, 0.0)	(20.0, 0.0)	(21.0, 0.0)	(22.0, 0.0)	(23.0, 0.0)	(24.0, 0.0)	(25.0, 0.0)	(26.0, 0.0)	(27.0, 0.0)	(28.0, 0.0)	(29.0, 0.0)	(30.0, 0.0)	(31.0, 0.0)	(32.0, 0.0)	(33.0, 0.0)	(34.0, 0.0)	(35.0, 0.0)	(36.0, 0.0)	(37.0, 0.0)	(38.0, 0.0)	(39.0, 0.0)	(40.0, 0.0)	(41.0, 0.3333333333333333)	(42.0, 0.6666666666666666)	(43.0, 0.6666666666666666)	(44.0, 1.9999999999999998)	(45.0, 15.333333333333343)	(46.0, 111.99999999999949)	(47.0, 167.3333333333337)	(48.0, 228.33333333333545)	(49.0, 990.333333333376)	(50.0, 3868.000000000641)	(51.0, 2366.3333333332916)	(52.0, 3951.666666667346)	(53.0, 4421.000000000449)	(54.0, 2677.333333333433)	(55.0, 1687.9999999998954)	(56.0, 591.666666666664)	(57.0, 376.999999999996)	(58.0, 59.66666666666681)	(59.0, 4.999999999999999)	(60.0, 5.666666666666665)	(61.0, 10.666666666666668)	(62.0, 39.66666666666667)	(63.0, 70.66666666666674)	(64.0, 89.33333333333314)	(65.0, 46.66666666666672)	(66.0, 51.66666666666676)	(67.0, 48.666666666666735)	(68.0, 149.66666666666654)	(69.0, 281.3333333333348)	(70.0, 17.33333333333334)	(71.0, 2.6666666666666665)	(72.0, 1.3333333333333333)	(73.0, 0.0)	(74.0, 0.0)	(75.0, 0.0)	(76.0, 0.0)	(77.0, 0.0)	(78.0, 0.0)	(79.0, 0.0)	(80.0, 0.0)	(81.0, 0.0)	(82.0, 0.0)	(83.0, 0.0)	(84.0, 0.0)	(85.0, 0.0)	(86.0, 0.0)	(87.0, 0.0)	(88.0, 0.0)	(89.0, 0.0)	(90.0, 0.0)	(91.0, 0.0)	(92.0, 0.0)	(93.0, 0.0)	(94.0, 0.0)	(95.0, 0.0)	(96.0, 0.0)	(97.0, 0.0)	(98.0, 0.0)	(99.0, 0.0)	(100.0, 0.0)
SRR37700621_2	(0.0, 0.0)	(1.0, 0.0)	(2.0, 0.0)	(3.0, 0.0)	(4.0, 0.0)	(5.0, 0.0)	(6.0, 0.0)	(7.0, 0.0)	(8.0, 0.0)	(9.0, 0.0)	(10.0, 0.0)	(11.0, 0.0)	(12.0, 0.0)	(13.0, 0.0)	(14.0, 0.0)	(15.0, 0.0)	(16.0, 0.0)	(17.0, 0.0)	(18.0, 0.0)	(19.0, 0.0)	(20.0, 0.0)	(21.0, 0.0)	(22.0, 0.0)	(23.0, 0.0)	(24.0, 0.0)	(25.0, 0.0)	(26.0, 0.0)	(27.0, 0.0)	(28.0, 0.0)	(29.0, 0.0)	(30.0, 0.0)	(31.0, 0.0)	(32.0, 0.0)	(33.0, 0.0)	(34.0, 0.3333333333333333)	(35.0, 1.0)	(36.0, 0.6666666666666666)	(37.0, 0.0)	(38.0, 0.0)	(39.0, 1.3333333333333333)	(40.0, 1.3333333333333333)	(41.0, 0.3333333333333333)	(42.0, 0.6666666666666666)	(43.0, 1.3333333333333333)	(44.0, 3.666666666666667)	(45.0, 7.9999999999999964)	(46.0, 77.66666666666664)	(47.0, 155.33333333333337)	(48.0, 129.99999999999932)	(49.0, 562.9999999999941)	(50.0, 2630.666666666745)	(51.0, 3597.3333333338514)	(52.0, 1774.9999999998756)	(53.0, 4383.66666666715)	(54.0, 5095.999999999835)	(55.0, 2054.3333333331498)	(56.0, 1846.3333333331927)	(57.0, 568.9999999999948)	(58.0, 403.6666666666612)	(59.0, 171.00000000000048)	(60.0, 48.3333333333334)	(61.0, 15.666666666666677)	(62.0, 11.333333333333336)	(63.0, 16.666666666666675)	(64.0, 24.99999999999998)	(65.0, 85.3333333333332)	(66.0, 129.33333333333263)	(67.0, 59.66666666666681)	(68.0, 22.666666666666654)	(69.0, 22.999999999999986)	(70.0, 22.33333333333332)	(71.0, 68.00000000000011)	(72.0, 229.66666666666882)	(73.0, 58.666666666666806)	(74.0, 13.33333333333334)	(75.0, 1.6666666666666665)	(76.0, 0.3333333333333333)	(77.0, 0.0)	(78.0, 0.3333333333333333)	(79.0, 0.3333333333333333)	(80.0, 0.0)	(81.0, 0.0)	(82.0, 0.3333333333333333)	(83.0, 0.0)	(84.0, 0.0)	(85.0, 0.0)	(86.0, 0.0)	(87.0, 0.0)	(88.0, 0.0)	(89.0, 0.0)	(90.0, 0.0)	(91.0, 0.0)	(92.0, 0.0)	(93.0, 0.0)	(94.0, 0.0)	(95.0, 0.0)	(96.0, 0.0)	(97.0, 0.0)	(98.0, 0.0)	(99.0, 0.0)	(100.0, 0.0)
SRR37700622_1	(0.0, 0.0)	(1.0, 0.0)	(2.0, 0.0)	(3.0, 0.0)	(4.0, 0.0)	(5.0, 0.0)	(6.0, 0.0)	(7.0, 0.0)	(8.0, 0.0)	(9.0, 0.0)	(10.0, 0.0)	(11.0, 0.0)	(12.0, 0.0)	(13.0, 0.0)	(14.0, 0.0)	(15.0, 0.0)	(16.0, 0.0)	(17.0, 0.0)	(18.0, 0.0)	(19.0, 0.0)	(20.0, 0.0)	(21.0, 0.0)	(22.0, 0.0)	(23.0, 0.0)	(24.0, 0.0)	(25.0, 0.0)	(26.0, 0.0)	(27.0, 0.0)	(28.0, 0.0)	(29.0, 0.0)	(30.0, 0.0)	(31.0, 0.0)	(32.0, 0.0)	(33.0, 0.0)	(34.0, 0.0)	(35.0, 0.0)	(36.0, 0.0)	(37.0, 0.0)	(38.0, 0.0)	(39.0, 0.0)	(40.0, 0.0)	(41.0, 0.0)	(42.0, 0.0)	(43.0, 0.6666666666666666)	(44.0, 3.0)	(45.0, 37.66666666666666)	(46.0, 210.33333333333493)	(47.0, 219.3333333333352)	(48.0, 362.3333333333302)	(49.0, 2361.9999999999563)	(50.0, 2819.000000000164)	(51.0, 1729.3333333332193)	(52.0, 2762.0000000001382)	(53.0, 6758.66666666499)	(54.0, 4731.666666666833)	(55.0, 2523.6666666666965)	(56.0, 829.3333333333577)	(57.0, 154.66666666666669)	(58.0, 108.33333333333287)	(59.0, 73.00000000000004)	(60.0, 35.66666666666664)	(61.0, 279.6666666666682)	(62.0, 252.00000000000279)	(63.0, 51.000000000000085)	(64.0, 166.66666666666703)	(65.0, 164.00000000000028)	(66.0, 31.999999999999954)	(67.0, 24.333333333333314)	(68.0, 53.0000000000001)	(69.0, 145.3333333333331)	(70.0, 27.333333333333304)	(71.0, 3.666666666666667)	(72.0, 1.3333333333333333)	(73.0, 0.3333333333333333)	(74.0, 0.3333333333333333)	(75.0, 0.0)	(76.0, 0.0)	(77.0, 0.0)	(78.0, 0.0)	(79.0, 0.0)	(80.0, 0.0)	(81.0, 0.0)	(82.0, 0.0)	(83.0, 0.0)	(84.0, 0.0)	(85.0, 0.0)	(86.0, 0.0)	(87.0, 0.0)	(88.0, 0.0)	(89.0, 0.0)	(90.0, 0.0)	(91.0, 0.0)	(92.0, 0.0)	(93.0, 0.0)	(94.0, 0.0)	(95.0, 0.0)	(96.0, 0.0)	(97.0, 0.0)	(98.0, 0.0)	(99.0, 0.0)	(100.0, 0.0)
SRR37700622_2	(0.0, 0.0)	(1.0, 0.0)	(2.0, 0.0)	(3.0, 0.0)	(4.0, 0.0)	(5.0, 0.0)	(6.0, 0.0)	(7.0, 0.0)	(8.0, 0.0)	(9.0, 0.0)	(10.0, 0.0)	(11.0, 0.0)	(12.0, 0.0)	(13.0, 0.0)	(14.0, 0.0)	(15.0, 0.0)	(16.0, 0.0)	(17.0, 0.0)	(18.0, 0.0)	(19.0, 0.0)	(20.0, 0.0)	(21.0, 0.0)	(22.0, 0.0)	(23.0, 0.0)	(24.0, 0.0)	(25.0, 0.0)	(26.0, 0.0)	(27.0, 0.0)	(28.0, 0.0)	(29.0, 0.0)	(30.0, 0.0)	(31.0, 0.0)	(32.0, 0.0)	(33.0, 0.0)	(34.0, 0.0)	(35.0, 0.0)	(36.0, 0.6666666666666666)	(37.0, 0.3333333333333333)	(38.0, 1.0)	(39.0, 0.6666666666666666)	(40.0, 0.3333333333333333)	(41.0, 1.3333333333333333)	(42.0, 0.6666666666666666)	(43.0, 0.6666666666666666)	(44.0, 132.9999999999994)	(45.0, 146.9999999999998)	(46.0, 27.666666666666636)	(47.0, 77.99999999999997)	(48.0, 218.33333333333516)	(49.0, 2181.3333333332075)	(50.0, 2542.3333333333717)	(51.0, 2419.9999999999827)	(52.0, 1652.66666666657)	(53.0, 3618.0000000005275)	(54.0, 4125.3333333340515)	(55.0, 5212.999999999729)	(56.0, 1922.3333333331755)	(57.0, 849.6666666666933)	(58.0, 333.33333333333184)	(59.0, 68.00000000000011)	(60.0, 65.66666666666681)	(61.0, 99.99999999999966)	(62.0, 64.00000000000017)	(63.0, 263.0000000000025)	(64.0, 49.00000000000007)	(65.0, 82.9999999999999)	(66.0, 192.33333333333442)	(67.0, 120.99999999999936)	(68.0, 13.666666666666673)	(69.0, 10.0)	(70.0, 10.333333333333334)	(71.0, 26.66666666666664)	(72.0, 118.99999999999939)	(73.0, 27.666666666666636)	(74.0, 8.999999999999998)	(75.0, 6.333333333333331)	(76.0, 12.000000000000004)	(77.0, 3.3333333333333335)	(78.0, 0.0)	(79.0, 0.0)	(80.0, 0.0)	(81.0, 0.0)	(82.0, 0.0)	(83.0, 0.0)	(84.0, 0.3333333333333333)	(85.0, 0.0)	(86.0, 0.0)	(87.0, 0.0)	(88.0, 0.0)	(89.0, 0.0)	(90.0, 0.0)	(91.0, 0.0)	(92.0, 0.0)	(93.0, 0.0)	(94.0, 0.0)	(95.0, 0.0)	(96.0, 0.0)	(97.0, 0.0)	(98.0, 0.0)	(99.0, 0.0)	(100.0, 0.0)
SRR37700623_1	(0.0, 0.0)	(1.0, 0.0)	(2.0, 0.0)	(3.0, 0.0)	(4.0, 0.0)	(5.0, 0.0)	(6.0, 0.0)	(7.0, 0.0)	(8.0, 0.0)	(9.0, 0.0)	(10.0, 0.0)	(11.0, 0.0)	(12.0, 0.0)	(13.0, 0.0)	(14.0, 0.0)	(15.0, 0.0)	(16.0, 0.0)	(17.0, 0.0)	(18.0, 0.0)	(19.0, 0.0)	(20.0, 0.0)	(21.0, 0.0)	(22.0, 0.0)	(23.0, 0.0)	(24.0, 0.0)	(25.0, 0.0)	(26.0, 0.0)	(27.0, 0.0)	(28.0, 0.0)	(29.0, 0.0)	(30.0, 0.0)	(31.0, 0.0)	(32.0, 0.0)	(33.0, 0.0)	(34.0, 0.0)	(35.0, 0.0)	(36.0, 0.0)	(37.0, 0.0)	(38.0, 0.0)	(39.0, 0.0)	(40.0, 0.0)	(41.0, 0.0)	(42.0, 0.3333333333333333)	(43.0, 0.6666666666666666)	(44.0, 2.6666666666666665)	(45.0, 33.66666666666663)	(46.0, 330.99999999999864)	(47.0, 205.3333333333348)	(48.0, 298.3333333333338)	(49.0, 1655.9999999999027)	(50.0, 4121.666666667388)	(51.0, 5355.333333332933)	(52.0, 4961.333333333291)	(53.0, 2930.0000000002146)	(54.0, 1698.999999999893)	(55.0, 1944.3333333331705)	(56.0, 1017.6666666667124)	(57.0, 451.99999999999176)	(58.0, 56.33333333333346)	(59.0, 20.33333333333333)	(60.0, 8.33333333333333)	(61.0, 5.999999999999998)	(62.0, 12.333333333333337)	(63.0, 30.999999999999957)	(64.0, 28.3333333333333)	(65.0, 20.66666666666666)	(66.0, 19.999999999999996)	(67.0, 18.000000000000004)	(68.0, 74.00000000000003)	(69.0, 108.6666666666662)	(70.0, 10.333333333333334)	(71.0, 1.9999999999999998)	(72.0, 0.3333333333333333)	(73.0, 0.0)	(74.0, 0.0)	(75.0, 0.0)	(76.0, 0.0)	(77.0, 0.0)	(78.0, 0.0)	(79.0, 0.0)	(80.0, 0.0)	(81.0, 0.0)	(82.0, 0.0)	(83.0, 0.0)	(84.0, 0.0)	(85.0, 0.0)	(86.0, 0.0)	(87.0, 0.0)	(88.0, 0.0)	(89.0, 0.0)	(90.0, 0.0)	(91.0, 0.0)	(92.0, 0.0)	(93.0, 0.0)	(94.0, 0.0)	(95.0, 0.0)	(96.0, 0.0)	(97.0, 0.0)	(98.0, 0.0)	(99.0, 0.0)	(100.0, 0.0)
SRR37700623_2	(0.0, 0.0)	(1.0, 0.0)	(2.0, 0.0)	(3.0, 0.0)	(4.0, 0.0)	(5.0, 0.0)	(6.0, 0.0)	(7.0, 0.0)	(8.0, 0.0)	(9.0, 0.0)	(10.0, 0.0)	(11.0, 0.0)	(12.0, 0.0)	(13.0, 0.0)	(14.0, 0.0)	(15.0, 0.0)	(16.0, 0.0)	(17.0, 0.0)	(18.0, 0.0)	(19.0, 0.0)	(20.0, 0.0)	(21.0, 0.0)	(22.0, 0.0)	(23.0, 0.0)	(24.0, 0.0)	(25.0, 0.0)	(26.0, 0.0)	(27.0, 0.0)	(28.0, 0.0)	(29.0, 0.0)	(30.0, 0.0)	(31.0, 0.0)	(32.0, 0.0)	(33.0, 0.0)	(34.0, 0.0)	(35.0, 0.0)	(36.0, 0.3333333333333333)	(37.0, 0.6666666666666666)	(38.0, 1.0)	(39.0, 1.0)	(40.0, 1.3333333333333333)	(41.0, 1.3333333333333333)	(42.0, 1.9999999999999998)	(43.0, 2.333333333333333)	(44.0, 5.999999999999998)	(45.0, 10.333333333333334)	(46.0, 50.66666666666675)	(47.0, 328.66666666666544)	(48.0, 430.3333333333263)	(49.0, 1208.0000000000045)	(50.0, 3113.3333333336313)	(51.0, 3373.666666667083)	(52.0, 3310.333333333721)	(53.0, 6044.333333332306)	(54.0, 4294.666666667231)	(55.0, 1815.9999999998663)	(56.0, 1739.6666666665503)	(57.0, 614.6666666666666)	(58.0, 609.9999999999994)	(59.0, 355.9999999999972)	(60.0, 59.33333333333348)	(61.0, 20.999999999999993)	(62.0, 12.666666666666671)	(63.0, 8.999999999999998)	(64.0, 10.666666666666668)	(65.0, 34.99999999999997)	(66.0, 50.66666666666675)	(67.0, 13.33333333333334)	(68.0, 11.66666666666667)	(69.0, 10.666666666666668)	(70.0, 10.333333333333334)	(71.0, 29.66666666666663)	(72.0, 81.66666666666659)	(73.0, 22.33333333333332)	(74.0, 5.999999999999998)	(75.0, 0.6666666666666666)	(76.0, 0.0)	(77.0, 0.0)	(78.0, 0.0)	(79.0, 0.0)	(80.0, 0.0)	(81.0, 0.0)	(82.0, 0.0)	(83.0, 0.0)	(84.0, 0.0)	(85.0, 0.0)	(86.0, 0.0)	(87.0, 0.0)	(88.0, 0.0)	(89.0, 0.0)	(90.0, 0.0)	(91.0, 0.0)	(92.0, 0.0)	(93.0, 0.3333333333333333)	(94.0, 0.0)	(95.0, 0.0)	(96.0, 0.0)	(97.0, 0.0)	(98.0, 0.0)	(99.0, 0.0)	(100.0, 0.0)
SRR37700624_1	(0.0, 0.0)	(1.0, 0.0)	(2.0, 0.0)	(3.0, 0.0)	(4.0, 0.0)	(5.0, 0.0)	(6.0, 0.0)	(7.0, 0.0)	(8.0, 0.0)	(9.0, 0.0)	(10.0, 0.0)	(11.0, 0.0)	(12.0, 0.0)	(13.0, 0.0)	(14.0, 0.0)	(15.0, 0.0)	(16.0, 0.0)	(17.0, 0.0)	(18.0, 0.0)	(19.0, 0.0)	(20.0, 0.0)	(21.0, 0.0)	(22.0, 0.0)	(23.0, 0.0)	(24.0, 0.0)	(25.0, 0.0)	(26.0, 0.0)	(27.0, 0.0)	(28.0, 0.0)	(29.0, 0.0)	(30.0, 0.0)	(31.0, 0.0)	(32.0, 0.0)	(33.0, 0.0)	(34.0, 0.0)	(35.0, 0.0)	(36.0, 0.3333333333333333)	(37.0, 0.3333333333333333)	(38.0, 0.0)	(39.0, 0.0)	(40.0, 0.3333333333333333)	(41.0, 0.3333333333333333)	(42.0, 0.3333333333333333)	(43.0, 0.6666666666666666)	(44.0, 1.0)	(45.0, 9.666666666666666)	(46.0, 161.33333333333354)	(47.0, 263.0000000000025)	(48.0, 138.66666666666623)	(49.0, 919.0000000000346)	(50.0, 4283.000000000575)	(51.0, 3317.6666666670576)	(52.0, 4044.0000000007212)	(53.0, 6183.999999998846)	(54.0, 4015.3333333340415)	(55.0, 1645.6666666665717)	(56.0, 664.3333333333389)	(57.0, 418.6666666666603)	(58.0, 273.00000000000193)	(59.0, 141.66666666666632)	(60.0, 128.66666666666595)	(61.0, 218.00000000000182)	(62.0, 149.3333333333332)	(63.0, 88.66666666666649)	(64.0, 261.66666666666924)	(65.0, 226.66666666666873)	(66.0, 47.00000000000006)	(67.0, 36.66666666666665)	(68.0, 85.3333333333332)	(69.0, 260.0000000000027)	(70.0, 56.66666666666679)	(71.0, 7.666666666666663)	(72.0, 1.9999999999999998)	(73.0, 0.3333333333333333)	(74.0, 0.3333333333333333)	(75.0, 0.3333333333333333)	(76.0, 0.3333333333333333)	(77.0, 0.0)	(78.0, 0.0)	(79.0, 0.0)	(80.0, 0.0)	(81.0, 0.0)	(82.0, 0.0)	(83.0, 0.0)	(84.0, 0.0)	(85.0, 0.0)	(86.0, 0.0)	(87.0, 0.0)	(88.0, 0.0)	(89.0, 0.0)	(90.0, 0.0)	(91.0, 0.0)	(92.0, 0.0)	(93.0, 0.0)	(94.0, 0.0)	(95.0, 0.0)	(96.0, 0.0)	(97.0, 0.0)	(98.0, 0.0)	(99.0, 0.0)	(100.0, 0.0)
SRR37700624_2	(0.0, 0.0)	(1.0, 0.0)	(2.0, 0.0)	(3.0, 0.0)	(4.0, 0.0)	(5.0, 0.0)	(6.0, 0.0)	(7.0, 0.0)	(8.0, 0.0)	(9.0, 0.0)	(10.0, 0.0)	(11.0, 0.0)	(12.0, 0.0)	(13.0, 0.0)	(14.0, 0.0)	(15.0, 0.0)	(16.0, 0.0)	(17.0, 0.0)	(18.0, 0.0)	(19.0, 0.0)	(20.0, 0.0)	(21.0, 0.0)	(22.0, 0.0)	(23.0, 0.0)	(24.0, 0.0)	(25.0, 0.0)	(26.0, 0.0)	(27.0, 0.0)	(28.0, 0.0)	(29.0, 0.0)	(30.0, 0.0)	(31.0, 0.0)	(32.0, 0.0)	(33.0, 0.0)	(34.0, 0.0)	(35.0, 0.0)	(36.0, 0.0)	(37.0, 0.0)	(38.0, 0.6666666666666666)	(39.0, 0.6666666666666666)	(40.0, 1.3333333333333333)	(41.0, 2.333333333333333)	(42.0, 2.6666666666666665)	(43.0, 3.3333333333333335)	(44.0, 127.3333333333326)	(45.0, 157.00000000000009)	(46.0, 18.000000000000004)	(47.0, 32.333333333333286)	(48.0, 136.66666666666617)	(49.0, 712.6666666666778)	(50.0, 3950.0000000006785)	(51.0, 4071.6666666674005)	(52.0, 3125.6666666669703)	(53.0, 4651.00000000024)	(54.0, 3160.0000000003192)	(55.0, 4575.666666666975)	(56.0, 1311.6666666666476)	(57.0, 670.3333333333396)	(58.0, 442.33333333332564)	(59.0, 96.9999999999997)	(60.0, 128.9999999999993)	(61.0, 213.33333333333502)	(62.0, 87.6666666666665)	(63.0, 233.3333333333356)	(64.0, 68.33333333333344)	(65.0, 155.33333333333337)	(66.0, 269.3333333333355)	(67.0, 177.66666666666734)	(68.0, 24.333333333333314)	(69.0, 19.0)	(70.0, 17.000000000000007)	(71.0, 57.6666666666668)	(72.0, 235.666666666669)	(73.0, 29.66666666666663)	(74.0, 5.666666666666665)	(75.0, 10.0)	(76.0, 19.999999999999996)	(77.0, 7.666666666666663)	(78.0, 0.3333333333333333)	(79.0, 0.0)	(80.0, 0.3333333333333333)	(81.0, 0.0)	(82.0, 0.3333333333333333)	(83.0, 0.3333333333333333)	(84.0, 0.0)	(85.0, 0.0)	(86.0, 0.0)	(87.0, 0.0)	(88.0, 0.0)	(89.0, 0.0)	(90.0, 0.0)	(91.0, 0.0)	(92.0, 0.0)	(93.0, 0.0)	(94.0, 0.0)	(95.0, 0.0)	(96.0, 0.0)	(97.0, 0.0)	(98.0, 0.0)	(99.0, 0.0)	(100.0, 0.0)
SRR37700625_1	(0.0, 0.0)	(1.0, 0.0)	(2.0, 0.0)	(3.0, 0.0)	(4.0, 0.0)	(5.0, 0.0)	(6.0, 0.0)	(7.0, 0.0)	(8.0, 0.0)	(9.0, 0.0)	(10.0, 0.0)	(11.0, 0.0)	(12.0, 0.0)	(13.0, 0.0)	(14.0, 0.0)	(15.0, 0.0)	(16.0, 0.0)	(17.0, 0.0)	(18.0, 0.0)	(19.0, 0.0)	(20.0, 0.0)	(21.0, 0.0)	(22.0, 0.0)	(23.0, 0.0)	(24.0, 0.0)	(25.0, 0.0)	(26.0, 0.0)	(27.0, 0.0)	(28.0, 0.0)	(29.0, 0.0)	(30.0, 0.0)	(31.0, 0.0)	(32.0, 0.0)	(33.0, 0.0)	(34.0, 0.0)	(35.0, 0.3333333333333333)	(36.0, 1.0)	(37.0, 5.666666666666665)	(38.0, 6.999999999999997)	(39.0, 0.3333333333333333)	(40.0, 0.6666666666666666)	(41.0, 0.0)	(42.0, 0.3333333333333333)	(43.0, 1.3333333333333333)	(44.0, 6.999999999999997)	(45.0, 794.0000000000203)	(46.0, 786.3333333333528)	(47.0, 211.6666666666683)	(48.0, 222.00000000000193)	(49.0, 237.66666666666904)	(50.0, 535.6666666666576)	(51.0, 729.6666666666797)	(52.0, 783.3333333333525)	(53.0, 888.000000000031)	(54.0, 658.3333333333383)	(55.0, 640.0000000000028)	(56.0, 270.66666666666873)	(57.0, 79.99999999999994)	(58.0, 42.33333333333336)	(59.0, 13.666666666666673)	(60.0, 7.9999999999999964)	(61.0, 19.0)	(62.0, 21.666666666666657)	(63.0, 14.000000000000007)	(64.0, 39.0)	(65.0, 27.666666666666636)	(66.0, 8.666666666666664)	(67.0, 6.333333333333331)	(68.0, 9.333333333333332)	(69.0, 27.333333333333304)	(70.0, 4.0)	(71.0, 0.3333333333333333)	(72.0, 0.0)	(73.0, 0.0)	(74.0, 0.0)	(75.0, 0.0)	(76.0, 0.0)	(77.0, 0.0)	(78.0, 0.0)	(79.0, 0.0)	(80.0, 0.0)	(81.0, 0.0)	(82.0, 0.0)	(83.0, 0.0)	(84.0, 0.0)	(85.0, 0.0)	(86.0, 0.0)	(87.0, 0.0)	(88.0, 0.0)	(89.0, 0.0)	(90.0, 0.0)	(91.0, 0.0)	(92.0, 0.0)	(93.0, 0.0)	(94.0, 0.0)	(95.0, 0.0)	(96.0, 0.0)	(97.0, 0.0)	(98.0, 0.0)	(99.0, 0.0)	(100.0, 0.0)
SRR37700625_2	(0.0, 0.0)	(1.0, 0.0)	(2.0, 0.0)	(3.0, 0.0)	(4.0, 0.0)	(5.0, 0.0)	(6.0, 0.0)	(7.0, 0.0)	(8.0, 0.0)	(9.0, 0.0)	(10.0, 0.0)	(11.0, 0.0)	(12.0, 0.0)	(13.0, 0.0)	(14.0, 0.0)	(15.0, 0.0)	(16.0, 0.0)	(17.0, 0.0)	(18.0, 0.0)	(19.0, 0.0)	(20.0, 0.0)	(21.0, 0.0)	(22.0, 0.0)	(23.0, 0.0)	(24.0, 0.0)	(25.0, 0.0)	(26.0, 0.0)	(27.0, 0.0)	(28.0, 0.0)	(29.0, 0.0)	(30.0, 0.0)	(31.0, 0.3333333333333333)	(32.0, 0.0)	(33.0, 0.0)	(34.0, 0.0)	(35.0, 0.3333333333333333)	(36.0, 1.0)	(37.0, 4.0)	(38.0, 7.9999999999999964)	(39.0, 1.3333333333333333)	(40.0, 1.6666666666666665)	(41.0, 2.6666666666666665)	(42.0, 5.333333333333332)	(43.0, 63.66666666666684)	(44.0, 788.6666666666864)	(45.0, 93.33333333333309)	(46.0, 29.333333333333297)	(47.0, 194.66666666666782)	(48.0, 70.66666666666674)	(49.0, 253.0000000000028)	(50.0, 402.66666666666123)	(51.0, 472.33333333332394)	(52.0, 587.3333333333302)	(53.0, 949.6666666667047)	(54.0, 876.333333333363)	(55.0, 697.6666666666761)	(56.0, 684.6666666666746)	(57.0, 234.00000000000227)	(58.0, 159.66666666666683)	(59.0, 32.333333333333286)	(60.0, 36.66666666666665)	(61.0, 15.333333333333343)	(62.0, 3.0)	(63.0, 18.666666666666668)	(64.0, 9.333333333333332)	(65.0, 18.000000000000004)	(66.0, 35.33333333333331)	(67.0, 26.66666666666664)	(68.0, 8.666666666666664)	(69.0, 6.333333333333331)	(70.0, 1.3333333333333333)	(71.0, 7.666666666666663)	(72.0, 22.999999999999986)	(73.0, 4.0)	(74.0, 0.6666666666666666)	(75.0, 0.6666666666666666)	(76.0, 1.6666666666666665)	(77.0, 1.0)	(78.0, 0.0)	(79.0, 0.0)	(80.0, 0.0)	(81.0, 0.0)	(82.0, 0.0)	(83.0, 0.0)	(84.0, 0.3333333333333333)	(85.0, 0.3333333333333333)	(86.0, 0.0)	(87.0, 0.0)	(88.0, 0.0)	(89.0, 0.0)	(90.0, 0.0)	(91.0, 0.0)	(92.0, 0.0)	(93.0, 0.0)	(94.0, 0.0)	(95.0, 0.0)	(96.0, 0.0)	(97.0, 0.0)	(98.0, 0.0)	(99.0, 0.0)	(100.0, 0.0)
SRR37700626_1	(0.0, 0.0)	(1.0, 0.0)	(2.0, 0.0)	(3.0, 0.0)	(4.0, 0.0)	(5.0, 0.0)	(6.0, 0.0)	(7.0, 0.0)	(8.0, 0.0)	(9.0, 0.0)	(10.0, 0.0)	(11.0, 0.0)	(12.0, 0.0)	(13.0, 0.0)	(14.0, 0.0)	(15.0, 0.0)	(16.0, 0.0)	(17.0, 0.0)	(18.0, 0.0)	(19.0, 0.0)	(20.0, 0.0)	(21.0, 0.0)	(22.0, 0.0)	(23.0, 0.0)	(24.0, 0.0)	(25.0, 0.0)	(26.0, 0.0)	(27.0, 0.0)	(28.0, 0.0)	(29.0, 0.0)	(30.0, 0.0)	(31.0, 0.0)	(32.0, 0.0)	(33.0, 0.0)	(34.0, 0.0)	(35.0, 0.0)	(36.0, 0.0)	(37.0, 3.3333333333333335)	(38.0, 1.0)	(39.0, 0.3333333333333333)	(40.0, 0.3333333333333333)	(41.0, 0.0)	(42.0, 0.6666666666666666)	(43.0, 0.3333333333333333)	(44.0, 1.0)	(45.0, 113.66666666666613)	(46.0, 116.66666666666609)	(47.0, 9.333333333333332)	(48.0, 27.333333333333304)	(49.0, 284.0000000000013)	(50.0, 1613.3333333332457)	(51.0, 433.66666666665947)	(52.0, 1075.0000000000348)	(53.0, 729.3333333333463)	(54.0, 591.3333333333306)	(55.0, 397.3333333333282)	(56.0, 110.66666666666617)	(57.0, 55.33333333333345)	(58.0, 36.66666666666665)	(59.0, 23.999999999999982)	(60.0, 77.66666666666664)	(61.0, 76.66666666666666)	(62.0, 8.33333333333333)	(63.0, 4.666666666666666)	(64.0, 29.66666666666663)	(65.0, 22.33333333333332)	(66.0, 0.6666666666666666)	(67.0, 0.0)	(68.0, 1.0)	(69.0, 1.3333333333333333)	(70.0, 0.3333333333333333)	(71.0, 0.0)	(72.0, 0.3333333333333333)	(73.0, 0.0)	(74.0, 0.0)	(75.0, 0.0)	(76.0, 0.0)	(77.0, 0.0)	(78.0, 0.0)	(79.0, 0.0)	(80.0, 0.0)	(81.0, 0.0)	(82.0, 0.0)	(83.0, 0.0)	(84.0, 0.0)	(85.0, 0.0)	(86.0, 0.0)	(87.0, 0.0)	(88.0, 0.0)	(89.0, 0.0)	(90.0, 0.0)	(91.0, 0.0)	(92.0, 0.0)	(93.0, 0.0)	(94.0, 0.0)	(95.0, 0.0)	(96.0, 0.0)	(97.0, 0.0)	(98.0, 0.0)	(99.0, 0.0)	(100.0, 0.0)
SRR37700626_2	(0.0, 0.0)	(1.0, 0.0)	(2.0, 0.0)	(3.0, 0.0)	(4.0, 0.0)	(5.0, 0.0)	(6.0, 0.0)	(7.0, 0.0)	(8.0, 0.0)	(9.0, 0.0)	(10.0, 0.0)	(11.0, 0.0)	(12.0, 0.0)	(13.0, 0.0)	(14.0, 0.0)	(15.0, 0.0)	(16.0, 0.0)	(17.0, 0.0)	(18.0, 0.0)	(19.0, 0.0)	(20.0, 0.0)	(21.0, 0.0)	(22.0, 0.0)	(23.0, 0.0)	(24.0, 0.0)	(25.0, 0.0)	(26.0, 0.0)	(27.0, 0.0)	(28.0, 0.0)	(29.0, 0.0)	(30.0, 0.3333333333333333)	(31.0, 0.3333333333333333)	(32.0, 0.0)	(33.0, 0.0)	(34.0, 0.6666666666666666)	(35.0, 0.3333333333333333)	(36.0, 0.6666666666666666)	(37.0, 3.0)	(38.0, 3.0)	(39.0, 1.3333333333333333)	(40.0, 0.0)	(41.0, 0.6666666666666666)	(42.0, 1.6666666666666665)	(43.0, 15.000000000000009)	(44.0, 117.33333333333275)	(45.0, 23.333333333333318)	(46.0, 3.0)	(47.0, 6.666666666666664)	(48.0, 17.33333333333334)	(49.0, 185.33333333333422)	(50.0, 1383.6666666666313)	(51.0, 1532.9999999999307)	(52.0, 770.0000000000176)	(53.0, 805.0000000000216)	(54.0, 514.6666666666553)	(55.0, 474.99999999999045)	(56.0, 455.3333333333249)	(57.0, 152.66666666666663)	(58.0, 113.66666666666613)	(59.0, 16.666666666666675)	(60.0, 17.66666666666667)	(61.0, 26.99999999999997)	(62.0, 16.333333333333343)	(63.0, 78.66666666666663)	(64.0, 12.333333333333337)	(65.0, 4.999999999999999)	(66.0, 26.66666666666664)	(67.0, 19.999999999999996)	(68.0, 1.0)	(69.0, 0.6666666666666666)	(70.0, 1.0)	(71.0, 0.0)	(72.0, 0.3333333333333333)	(73.0, 0.3333333333333333)	(74.0, 0.6666666666666666)	(75.0, 0.3333333333333333)	(76.0, 0.0)	(77.0, 0.3333333333333333)	(78.0, 0.3333333333333333)	(79.0, 0.0)	(80.0, 0.0)	(81.0, 0.0)	(82.0, 0.0)	(83.0, 0.0)	(84.0, 0.0)	(85.0, 0.0)	(86.0, 0.0)	(87.0, 0.0)	(88.0, 0.0)	(89.0, 0.0)	(90.0, 0.0)	(91.0, 0.0)	(92.0, 0.0)	(93.0, 0.0)	(94.0, 0.0)	(95.0, 0.0)	(96.0, 0.0)	(97.0, 0.0)	(98.0, 0.0)	(99.0, 0.0)	(100.0, 0.0)
SRR37700627_1	(0.0, 0.0)	(1.0, 0.0)	(2.0, 0.0)	(3.0, 0.0)	(4.0, 0.0)	(5.0, 0.0)	(6.0, 0.0)	(7.0, 0.0)	(8.0, 0.0)	(9.0, 0.0)	(10.0, 0.0)	(11.0, 0.0)	(12.0, 0.0)	(13.0, 0.0)	(14.0, 0.0)	(15.0, 0.0)	(16.0, 0.0)	(17.0, 0.0)	(18.0, 0.0)	(19.0, 0.0)	(20.0, 0.0)	(21.0, 0.0)	(22.0, 0.0)	(23.0, 0.0)	(24.0, 0.0)	(25.0, 0.0)	(26.0, 0.0)	(27.0, 0.0)	(28.0, 0.0)	(29.0, 0.0)	(30.0, 0.0)	(31.0, 0.0)	(32.0, 0.0)	(33.0, 0.0)	(34.0, 0.0)	(35.0, 0.0)	(36.0, 0.3333333333333333)	(37.0, 2.6666666666666665)	(38.0, 0.3333333333333333)	(39.0, 0.0)	(40.0, 0.0)	(41.0, 0.0)	(42.0, 0.0)	(43.0, 0.3333333333333333)	(44.0, 0.6666666666666666)	(45.0, 13.000000000000005)	(46.0, 15.666666666666677)	(47.0, 11.000000000000002)	(48.0, 63.66666666666684)	(49.0, 489.9999999999896)	(50.0, 1161.6666666666817)	(51.0, 715.6666666666781)	(52.0, 1510.9999999999357)	(53.0, 1127.3333333333562)	(54.0, 206.66666666666816)	(55.0, 146.9999999999998)	(56.0, 43.6666666666667)	(57.0, 26.333333333333307)	(58.0, 197.33333333333456)	(59.0, 163.66666666666694)	(60.0, 199.00000000000128)	(61.0, 182.0000000000008)	(62.0, 12.333333333333337)	(63.0, 19.0)	(64.0, 24.99999999999998)	(65.0, 14.333333333333341)	(66.0, 2.6666666666666665)	(67.0, 1.6666666666666665)	(68.0, 1.6666666666666665)	(69.0, 6.333333333333331)	(70.0, 1.3333333333333333)	(71.0, 0.6666666666666666)	(72.0, 0.0)	(73.0, 0.0)	(74.0, 0.0)	(75.0, 0.0)	(76.0, 0.0)	(77.0, 0.0)	(78.0, 0.0)	(79.0, 0.0)	(80.0, 0.0)	(81.0, 0.0)	(82.0, 0.0)	(83.0, 0.0)	(84.0, 0.0)	(85.0, 0.0)	(86.0, 0.0)	(87.0, 0.0)	(88.0, 0.0)	(89.0, 0.0)	(90.0, 0.0)	(91.0, 0.0)	(92.0, 0.0)	(93.0, 0.0)	(94.0, 0.0)	(95.0, 0.0)	(96.0, 0.0)	(97.0, 0.0)	(98.0, 0.0)	(99.0, 0.0)	(100.0, 0.0)
SRR37700627_2	(0.0, 0.0)	(1.0, 0.0)	(2.0, 0.0)	(3.0, 0.0)	(4.0, 0.0)	(5.0, 0.0)	(6.0, 0.0)	(7.0, 0.0)	(8.0, 0.0)	(9.0, 0.0)	(10.0, 0.0)	(11.0, 0.0)	(12.0, 0.0)	(13.0, 0.0)	(14.0, 0.0)	(15.0, 0.0)	(16.0, 0.0)	(17.0, 0.0)	(18.0, 0.0)	(19.0, 0.0)	(20.0, 0.0)	(21.0, 0.0)	(22.0, 0.0)	(23.0, 0.0)	(24.0, 0.0)	(25.0, 0.0)	(26.0, 0.0)	(27.0, 0.0)	(28.0, 0.0)	(29.0, 0.0)	(30.0, 0.0)	(31.0, 0.0)	(32.0, 0.0)	(33.0, 0.3333333333333333)	(34.0, 0.3333333333333333)	(35.0, 0.0)	(36.0, 0.0)	(37.0, 0.3333333333333333)	(38.0, 3.666666666666667)	(39.0, 0.3333333333333333)	(40.0, 0.3333333333333333)	(41.0, 0.6666666666666666)	(42.0, 0.3333333333333333)	(43.0, 1.3333333333333333)	(44.0, 13.666666666666673)	(45.0, 3.0)	(46.0, 3.0)	(47.0, 3.0)	(48.0, 48.3333333333334)	(49.0, 339.9999999999981)	(50.0, 1023.6666666667131)	(51.0, 1125.3333333333567)	(52.0, 1371.9999999999673)	(53.0, 2025.9999999998186)	(54.0, 926.6666666667021)	(55.0, 145.99999999999977)	(56.0, 121.66666666666602)	(57.0, 35.99999999999998)	(58.0, 20.66666666666666)	(59.0, 18.000000000000004)	(60.0, 74.66666666666669)	(61.0, 203.0000000000014)	(62.0, 60.00000000000015)	(63.0, 194.00000000000114)	(64.0, 35.99999999999998)	(65.0, 16.666666666666675)	(66.0, 23.66666666666665)	(67.0, 14.000000000000007)	(68.0, 1.6666666666666665)	(69.0, 1.6666666666666665)	(70.0, 1.0)	(71.0, 1.9999999999999998)	(72.0, 4.999999999999999)	(73.0, 0.6666666666666666)	(74.0, 0.0)	(75.0, 0.3333333333333333)	(76.0, 0.6666666666666666)	(77.0, 0.0)	(78.0, 0.0)	(79.0, 0.3333333333333333)	(80.0, 0.3333333333333333)	(81.0, 0.0)	(82.0, 0.0)	(83.0, 0.0)	(84.0, 0.0)	(85.0, 0.0)	(86.0, 0.0)	(87.0, 0.0)	(88.0, 0.0)	(89.0, 0.0)	(90.0, 0.0)	(91.0, 0.0)	(92.0, 0.0)	(93.0, 0.0)	(94.0, 0.0)	(95.0, 0.0)	(96.0, 0.0)	(97.0, 0.0)	(98.0, 0.0)	(99.0, 0.0)	(100.0, 0.0)
SRR37700628_1	(0.0, 0.0)	(1.0, 0.0)	(2.0, 0.0)	(3.0, 0.0)	(4.0, 0.0)	(5.0, 0.0)	(6.0, 0.0)	(7.0, 0.0)	(8.0, 0.0)	(9.0, 0.0)	(10.0, 0.0)	(11.0, 0.0)	(12.0, 0.0)	(13.0, 0.0)	(14.0, 0.0)	(15.0, 0.0)	(16.0, 0.0)	(17.0, 0.0)	(18.0, 0.0)	(19.0, 0.0)	(20.0, 0.0)	(21.0, 0.0)	(22.0, 0.0)	(23.0, 0.0)	(24.0, 0.0)	(25.0, 0.0)	(26.0, 0.0)	(27.0, 0.0)	(28.0, 0.0)	(29.0, 0.0)	(30.0, 0.0)	(31.0, 0.0)	(32.0, 0.0)	(33.0, 0.3333333333333333)	(34.0, 0.3333333333333333)	(35.0, 0.0)	(36.0, 0.6666666666666666)	(37.0, 3.3333333333333335)	(38.0, 0.6666666666666666)	(39.0, 0.0)	(40.0, 0.0)	(41.0, 0.0)	(42.0, 0.0)	(43.0, 0.0)	(44.0, 4.333333333333333)	(45.0, 113.3333333333328)	(46.0, 116.99999999999942)	(47.0, 42.00000000000002)	(48.0, 72.33333333333339)	(49.0, 356.33333333333053)	(50.0, 1020.3333333333794)	(51.0, 829.6666666666911)	(52.0, 948.0000000000379)	(53.0, 1105.3333333333612)	(54.0, 562.9999999999941)	(55.0, 752.6666666666823)	(56.0, 290.3333333333343)	(57.0, 92.3333333333331)	(58.0, 50.66666666666675)	(59.0, 14.333333333333341)	(60.0, 12.000000000000004)	(61.0, 27.333333333333304)	(62.0, 20.999999999999993)	(63.0, 23.999999999999982)	(64.0, 38.666666666666664)	(65.0, 20.999999999999993)	(66.0, 9.333333333333332)	(67.0, 11.333333333333336)	(68.0, 20.33333333333333)	(69.0, 31.33333333333329)	(70.0, 3.0)	(71.0, 0.0)	(72.0, 0.0)	(73.0, 0.3333333333333333)	(74.0, 0.0)	(75.0, 0.0)	(76.0, 0.0)	(77.0, 0.0)	(78.0, 0.0)	(79.0, 0.0)	(80.0, 0.0)	(81.0, 0.0)	(82.0, 0.0)	(83.0, 0.0)	(84.0, 0.0)	(85.0, 0.0)	(86.0, 0.0)	(87.0, 0.0)	(88.0, 0.0)	(89.0, 0.0)	(90.0, 0.0)	(91.0, 0.0)	(92.0, 0.0)	(93.0, 0.0)	(94.0, 0.0)	(95.0, 0.0)	(96.0, 0.0)	(97.0, 0.0)	(98.0, 0.0)	(99.0, 0.0)	(100.0, 0.0)
SRR37700628_2	(0.0, 0.0)	(1.0, 0.0)	(2.0, 0.0)	(3.0, 0.0)	(4.0, 0.0)	(5.0, 0.0)	(6.0, 0.0)	(7.0, 0.0)	(8.0, 0.0)	(9.0, 0.0)	(10.0, 0.0)	(11.0, 0.0)	(12.0, 0.0)	(13.0, 0.0)	(14.0, 0.0)	(15.0, 0.0)	(16.0, 0.0)	(17.0, 0.0)	(18.0, 0.0)	(19.0, 0.0)	(20.0, 0.0)	(21.0, 0.0)	(22.0, 0.0)	(23.0, 0.0)	(24.0, 0.0)	(25.0, 0.0)	(26.0, 0.0)	(27.0, 0.0)	(28.0, 0.0)	(29.0, 0.0)	(30.0, 0.0)	(31.0, 0.3333333333333333)	(32.0, 0.0)	(33.0, 0.0)	(34.0, 0.3333333333333333)	(35.0, 1.0)	(36.0, 0.6666666666666666)	(37.0, 1.3333333333333333)	(38.0, 4.0)	(39.0, 3.0)	(40.0, 0.6666666666666666)	(41.0, 0.3333333333333333)	(42.0, 1.0)	(43.0, 6.333333333333331)	(44.0, 107.33333333333289)	(45.0, 14.000000000000007)	(46.0, 15.000000000000009)	(47.0, 20.66666666666666)	(48.0, 63.66666666666684)	(49.0, 277.0000000000017)	(50.0, 782.3333333333524)	(51.0, 956.6666666667055)	(52.0, 679.3333333333406)	(53.0, 1313.6666666666472)	(54.0, 1158.000000000016)	(55.0, 655.6666666666713)	(56.0, 773.3333333333513)	(57.0, 247.00000000000264)	(58.0, 92.99999999999976)	(59.0, 22.33333333333332)	(60.0, 42.66666666666669)	(61.0, 37.99999999999999)	(62.0, 11.333333333333336)	(63.0, 27.999999999999968)	(64.0, 11.333333333333336)	(65.0, 25.666666666666643)	(66.0, 38.33333333333333)	(67.0, 17.66666666666667)	(68.0, 2.6666666666666665)	(69.0, 6.999999999999997)	(70.0, 3.3333333333333335)	(71.0, 5.333333333333332)	(72.0, 23.66666666666665)	(73.0, 9.333333333333332)	(74.0, 1.3333333333333333)	(75.0, 0.0)	(76.0, 0.3333333333333333)	(77.0, 0.3333333333333333)	(78.0, 0.0)	(79.0, 0.0)	(80.0, 0.0)	(81.0, 0.0)	(82.0, 0.0)	(83.0, 0.0)	(84.0, 0.0)	(85.0, 0.0)	(86.0, 0.0)	(87.0, 0.0)	(88.0, 0.0)	(89.0, 0.0)	(90.0, 0.0)	(91.0, 0.0)	(92.0, 0.3333333333333333)	(93.0, 0.0)	(94.0, 0.0)	(95.0, 0.0)	(96.0, 0.0)	(97.0, 0.0)	(98.0, 0.0)	(99.0, 0.0)	(100.0, 0.0)
SRR37700629_1	(0.0, 0.0)	(1.0, 0.0)	(2.0, 0.0)	(3.0, 0.0)	(4.0, 0.0)	(5.0, 0.0)	(6.0, 0.0)	(7.0, 0.0)	(8.0, 0.0)	(9.0, 0.0)	(10.0, 0.0)	(11.0, 0.0)	(12.0, 0.0)	(13.0, 0.0)	(14.0, 0.0)	(15.0, 0.0)	(16.0, 0.0)	(17.0, 0.0)	(18.0, 0.0)	(19.0, 0.0)	(20.0, 0.3333333333333333)	(21.0, 0.3333333333333333)	(22.0, 0.0)	(23.0, 0.0)	(24.0, 0.0)	(25.0, 0.0)	(26.0, 0.0)	(27.0, 0.3333333333333333)	(28.0, 0.0)	(29.0, 0.3333333333333333)	(30.0, 0.6666666666666666)	(31.0, 0.6666666666666666)	(32.0, 0.0)	(33.0, 0.0)	(34.0, 1.0)	(35.0, 3.666666666666667)	(36.0, 1.9999999999999998)	(37.0, 4.333333333333333)	(38.0, 5.333333333333332)	(39.0, 4.333333333333333)	(40.0, 4.333333333333333)	(41.0, 6.999999999999997)	(42.0, 4.666666666666666)	(43.0, 11.66666666666667)	(44.0, 17.33333333333334)	(45.0, 2488.333333333347)	(46.0, 2576.0000000000537)	(47.0, 119.33333333333272)	(48.0, 152.66666666666663)	(49.0, 352.33333333333076)	(50.0, 1267.999999999991)	(51.0, 1070.3333333333692)	(52.0, 1466.9999999999457)	(53.0, 1530.999999999931)	(54.0, 1706.3333333332246)	(55.0, 1033.6666666667109)	(56.0, 115.33333333333277)	(57.0, 58.000000000000135)	(58.0, 74.66666666666669)	(59.0, 19.999999999999996)	(60.0, 20.66666666666666)	(61.0, 29.66666666666663)	(62.0, 17.66666666666667)	(63.0, 1.9999999999999998)	(64.0, 3.666666666666667)	(65.0, 3.0)	(66.0, 1.3333333333333333)	(67.0, 1.9999999999999998)	(68.0, 1.3333333333333333)	(69.0, 3.3333333333333335)	(70.0, 0.6666666666666666)	(71.0, 0.0)	(72.0, 0.0)	(73.0, 0.0)	(74.0, 0.0)	(75.0, 0.0)	(76.0, 0.0)	(77.0, 0.0)	(78.0, 0.0)	(79.0, 0.0)	(80.0, 0.0)	(81.0, 0.0)	(82.0, 0.0)	(83.0, 0.0)	(84.0, 0.0)	(85.0, 0.0)	(86.0, 0.0)	(87.0, 0.0)	(88.0, 0.0)	(89.0, 0.0)	(90.0, 0.0)	(91.0, 0.0)	(92.0, 0.0)	(93.0, 0.0)	(94.0, 0.0)	(95.0, 0.0)	(96.0, 0.0)	(97.0, 0.0)	(98.0, 0.0)	(99.0, 0.0)	(100.0, 0.0)
SRR37700629_2	(0.0, 0.0)	(1.0, 0.0)	(2.0, 0.0)	(3.0, 0.0)	(4.0, 0.0)	(5.0, 0.0)	(6.0, 0.0)	(7.0, 0.0)	(8.0, 0.0)	(9.0, 0.0)	(10.0, 0.0)	(11.0, 0.0)	(12.0, 0.0)	(13.0, 0.0)	(14.0, 0.0)	(15.0, 0.0)	(16.0, 0.0)	(17.0, 0.0)	(18.0, 0.0)	(19.0, 0.0)	(20.0, 0.0)	(21.0, 0.0)	(22.0, 0.6666666666666666)	(23.0, 0.3333333333333333)	(24.0, 0.0)	(25.0, 0.0)	(26.0, 0.0)	(27.0, 0.0)	(28.0, 0.0)	(29.0, 0.0)	(30.0, 0.3333333333333333)	(31.0, 0.3333333333333333)	(32.0, 0.3333333333333333)	(33.0, 1.0)	(34.0, 2.6666666666666665)	(35.0, 1.9999999999999998)	(36.0, 3.666666666666667)	(37.0, 10.0)	(38.0, 6.999999999999997)	(39.0, 4.999999999999999)	(40.0, 6.999999999999997)	(41.0, 10.333333333333334)	(42.0, 22.999999999999986)	(43.0, 182.66666666666748)	(44.0, 2542.000000000038)	(45.0, 329.33333333333206)	(46.0, 63.66666666666684)	(47.0, 33.66666666666663)	(48.0, 142.9999999999997)	(49.0, 523.9999999999897)	(50.0, 1272.9999999999898)	(51.0, 1067.6666666667031)	(52.0, 886.0000000000308)	(53.0, 1133.0000000000216)	(54.0, 760.3333333333499)	(55.0, 1125.66666666669)	(56.0, 1458.9999999999475)	(57.0, 752.6666666666823)	(58.0, 112.66666666666615)	(59.0, 67.00000000000013)	(60.0, 45.666666666666714)	(61.0, 30.666666666666625)	(62.0, 13.000000000000005)	(63.0, 31.66666666666662)	(64.0, 8.33333333333333)	(65.0, 4.666666666666666)	(66.0, 4.666666666666666)	(67.0, 2.333333333333333)	(68.0, 0.3333333333333333)	(69.0, 1.0)	(70.0, 0.0)	(71.0, 1.0)	(72.0, 3.3333333333333335)	(73.0, 0.6666666666666666)	(74.0, 0.3333333333333333)	(75.0, 0.0)	(76.0, 0.0)	(77.0, 0.3333333333333333)	(78.0, 0.0)	(79.0, 0.0)	(80.0, 0.0)	(81.0, 0.0)	(82.0, 0.0)	(83.0, 0.0)	(84.0, 0.0)	(85.0, 0.0)	(86.0, 0.0)	(87.0, 0.0)	(88.0, 0.0)	(89.0, 0.0)	(90.0, 0.0)	(91.0, 0.0)	(92.0, 0.0)	(93.0, 0.0)	(94.0, 0.0)	(95.0, 0.0)	(96.0, 0.0)	(97.0, 0.0)	(98.0, 0.0)	(99.0, 0.0)	(100.0, 0.0)
SRR37700630_1	(0.0, 0.0)	(1.0, 0.0)	(2.0, 0.0)	(3.0, 0.0)	(4.0, 0.0)	(5.0, 0.0)	(6.0, 0.0)	(7.0, 0.0)	(8.0, 0.0)	(9.0, 0.0)	(10.0, 0.0)	(11.0, 0.0)	(12.0, 0.0)	(13.0, 0.0)	(14.0, 0.0)	(15.0, 0.0)	(16.0, 0.0)	(17.0, 0.0)	(18.0, 0.0)	(19.0, 0.0)	(20.0, 0.0)	(21.0, 0.0)	(22.0, 0.0)	(23.0, 0.0)	(24.0, 0.0)	(25.0, 0.0)	(26.0, 0.0)	(27.0, 0.0)	(28.0, 0.0)	(29.0, 0.0)	(30.0, 0.0)	(31.0, 0.0)	(32.0, 0.0)	(33.0, 0.0)	(34.0, 0.0)	(35.0, 0.3333333333333333)	(36.0, 0.0)	(37.0, 13.666666666666673)	(38.0, 10.0)	(39.0, 0.6666666666666666)	(40.0, 0.6666666666666666)	(41.0, 3.666666666666667)	(42.0, 6.666666666666664)	(43.0, 69.0000000000001)	(44.0, 886.6666666666976)	(45.0, 165.0000000000003)	(46.0, 103.33333333333294)	(47.0, 82.33333333333324)	(48.0, 271.33333333333536)	(49.0, 1621.9999999999104)	(50.0, 1220.333333333335)	(51.0, 623.3333333333343)	(52.0, 781.6666666666856)	(53.0, 475.33333333332376)	(54.0, 333.99999999999847)	(55.0, 340.33333333333144)	(56.0, 323.3333333333324)	(57.0, 39.0)	(58.0, 25.33333333333331)	(59.0, 11.66666666666667)	(60.0, 19.333333333333332)	(61.0, 21.99999999999999)	(62.0, 12.000000000000004)	(63.0, 9.333333333333332)	(64.0, 19.999999999999996)	(65.0, 14.666666666666675)	(66.0, 2.333333333333333)	(67.0, 6.333333333333331)	(68.0, 8.666666666666664)	(69.0, 20.999999999999993)	(70.0, 1.6666666666666665)	(71.0, 0.6666666666666666)	(72.0, 0.3333333333333333)	(73.0, 0.0)	(74.0, 0.0)	(75.0, 0.0)	(76.0, 0.0)	(77.0, 0.0)	(78.0, 0.0)	(79.0, 0.0)	(80.0, 0.0)	(81.0, 0.0)	(82.0, 0.0)	(83.0, 0.0)	(84.0, 0.0)	(85.0, 0.0)	(86.0, 0.0)	(87.0, 0.0)	(88.0, 0.0)	(89.0, 0.0)	(90.0, 0.0)	(91.0, 0.0)	(92.0, 0.0)	(93.0, 0.0)	(94.0, 0.0)	(95.0, 0.0)	(96.0, 0.0)	(97.0, 0.0)	(98.0, 0.0)	(99.0, 0.0)	(100.0, 0.0)
SRR37700630_2	(0.0, 0.0)	(1.0, 0.0)	(2.0, 0.0)	(3.0, 0.0)	(4.0, 0.0)	(5.0, 0.0)	(6.0, 0.0)	(7.0, 0.0)	(8.0, 0.0)	(9.0, 0.0)	(10.0, 0.0)	(11.0, 0.0)	(12.0, 0.0)	(13.0, 0.0)	(14.0, 0.0)	(15.0, 0.0)	(16.0, 0.0)	(17.0, 0.0)	(18.0, 0.0)	(19.0, 0.0)	(20.0, 0.0)	(21.0, 0.0)	(22.0, 0.0)	(23.0, 0.0)	(24.0, 0.0)	(25.0, 0.0)	(26.0, 0.0)	(27.0, 0.0)	(28.0, 0.0)	(29.0, 0.0)	(30.0, 0.0)	(31.0, 0.6666666666666666)	(32.0, 0.0)	(33.0, 0.0)	(34.0, 0.6666666666666666)	(35.0, 1.0)	(36.0, 0.6666666666666666)	(37.0, 4.0)	(38.0, 17.66666666666667)	(39.0, 8.666666666666664)	(40.0, 2.333333333333333)	(41.0, 2.6666666666666665)	(42.0, 1.6666666666666665)	(43.0, 16.00000000000001)	(44.0, 902.333333333366)	(45.0, 876.333333333363)	(46.0, 37.66666666666666)	(47.0, 55.666666666666785)	(48.0, 226.66666666666873)	(49.0, 1644.666666666572)	(50.0, 1022.666666666713)	(51.0, 966.0000000000399)	(52.0, 582.9999999999964)	(53.0, 792.6666666666869)	(54.0, 597.9999999999981)	(55.0, 294.66666666666737)	(56.0, 486.33333333332314)	(57.0, 233.00000000000225)	(58.0, 52.00000000000009)	(59.0, 24.666666666666647)	(60.0, 20.999999999999993)	(61.0, 13.666666666666673)	(62.0, 9.333333333333332)	(63.0, 19.999999999999996)	(64.0, 7.666666666666663)	(65.0, 12.333333333333337)	(66.0, 20.999999999999993)	(67.0, 13.666666666666673)	(68.0, 1.6666666666666665)	(69.0, 2.6666666666666665)	(70.0, 2.6666666666666665)	(71.0, 4.666666666666666)	(72.0, 17.66666666666667)	(73.0, 3.666666666666667)	(74.0, 0.0)	(75.0, 0.0)	(76.0, 0.3333333333333333)	(77.0, 0.0)	(78.0, 0.0)	(79.0, 0.0)	(80.0, 0.0)	(81.0, 0.0)	(82.0, 0.0)	(83.0, 0.3333333333333333)	(84.0, 0.0)	(85.0, 0.0)	(86.0, 0.0)	(87.0, 0.0)	(88.0, 0.0)	(89.0, 0.0)	(90.0, 0.0)	(91.0, 0.0)	(92.0, 0.0)	(93.0, 0.0)	(94.0, 0.0)	(95.0, 0.0)	(96.0, 0.0)	(97.0, 0.0)	(98.0, 0.0)	(99.0, 0.0)	(100.0, 0.0)
SRR37700631_1	(0.0, 0.0)	(1.0, 0.0)	(2.0, 0.0)	(3.0, 0.0)	(4.0, 0.0)	(5.0, 0.0)	(6.0, 0.0)	(7.0, 0.0)	(8.0, 0.0)	(9.0, 0.0)	(10.0, 0.0)	(11.0, 0.0)	(12.0, 0.0)	(13.0, 0.0)	(14.0, 0.0)	(15.0, 0.3333333333333333)	(16.0, 0.0)	(17.0, 0.0)	(18.0, 0.0)	(19.0, 0.0)	(20.0, 0.0)	(21.0, 0.0)	(22.0, 0.0)	(23.0, 0.0)	(24.0, 0.0)	(25.0, 0.0)	(26.0, 0.0)	(27.0, 0.0)	(28.0, 0.0)	(29.0, 0.0)	(30.0, 0.0)	(31.0, 0.3333333333333333)	(32.0, 0.3333333333333333)	(33.0, 0.0)	(34.0, 0.0)	(35.0, 0.6666666666666666)	(36.0, 6.666666666666664)	(37.0, 15.333333333333343)	(38.0, 2.6666666666666665)	(39.0, 1.3333333333333333)	(40.0, 1.0)	(41.0, 4.0)	(42.0, 2.6666666666666665)	(43.0, 4.0)	(44.0, 6.999999999999997)	(45.0, 359.33333333333036)	(46.0, 393.66666666666174)	(47.0, 190.33333333333437)	(48.0, 72.33333333333339)	(49.0, 275.66666666666845)	(50.0, 599.6666666666649)	(51.0, 476.3333333333237)	(52.0, 511.66666666665503)	(53.0, 432.6666666666595)	(54.0, 330.99999999999864)	(55.0, 613.6666666666665)	(56.0, 164.00000000000028)	(57.0, 63.66666666666684)	(58.0, 46.66666666666672)	(59.0, 19.0)	(60.0, 124.66666666666598)	(61.0, 125.33333333333263)	(62.0, 13.33333333333334)	(63.0, 11.333333333333336)	(64.0, 20.66666666666666)	(65.0, 13.666666666666673)	(66.0, 1.6666666666666665)	(67.0, 3.3333333333333335)	(68.0, 5.333333333333332)	(69.0, 16.00000000000001)	(70.0, 4.333333333333333)	(71.0, 0.3333333333333333)	(72.0, 0.3333333333333333)	(73.0, 0.0)	(74.0, 0.0)	(75.0, 0.0)	(76.0, 0.0)	(77.0, 0.0)	(78.0, 0.0)	(79.0, 0.0)	(80.0, 0.0)	(81.0, 0.0)	(82.0, 0.0)	(83.0, 0.0)	(84.0, 0.0)	(85.0, 0.0)	(86.0, 0.0)	(87.0, 0.0)	(88.0, 0.0)	(89.0, 0.0)	(90.0, 0.0)	(91.0, 0.0)	(92.0, 0.0)	(93.0, 0.0)	(94.0, 0.0)	(95.0, 0.0)	(96.0, 0.0)	(97.0, 0.0)	(98.0, 0.0)	(99.0, 0.0)	(100.0, 0.0)
SRR37700631_2	(0.0, 0.0)	(1.0, 0.0)	(2.0, 0.0)	(3.0, 0.0)	(4.0, 0.0)	(5.0, 0.0)	(6.0, 0.0)	(7.0, 0.0)	(8.0, 0.0)	(9.0, 0.0)	(10.0, 0.0)	(11.0, 0.0)	(12.0, 0.0)	(13.0, 0.0)	(14.0, 0.0)	(15.0, 0.0)	(16.0, 0.0)	(17.0, 0.0)	(18.0, 0.0)	(19.0, 0.0)	(20.0, 0.0)	(21.0, 0.0)	(22.0, 0.0)	(23.0, 0.0)	(24.0, 0.0)	(25.0, 0.0)	(26.0, 0.0)	(27.0, 0.0)	(28.0, 0.0)	(29.0, 0.0)	(30.0, 0.0)	(31.0, 1.6666666666666665)	(32.0, 1.6666666666666665)	(33.0, 0.6666666666666666)	(34.0, 1.0)	(35.0, 2.6666666666666665)	(36.0, 3.3333333333333335)	(37.0, 7.666666666666663)	(38.0, 22.999999999999986)	(39.0, 14.666666666666675)	(40.0, 4.333333333333333)	(41.0, 3.0)	(42.0, 4.0)	(43.0, 23.999999999999982)	(44.0, 358.66666666666373)	(45.0, 193.33333333333445)	(46.0, 152.3333333333333)	(47.0, 29.99999999999996)	(48.0, 49.33333333333341)	(49.0, 269.3333333333355)	(50.0, 487.3333333333231)	(51.0, 416.99999999999375)	(52.0, 364.9999999999967)	(53.0, 554.6666666666598)	(54.0, 517.6666666666556)	(55.0, 449.99999999999187)	(56.0, 638.6666666666694)	(57.0, 132.33333333333272)	(58.0, 55.33333333333345)	(59.0, 23.66666666666665)	(60.0, 33.33333333333329)	(61.0, 19.0)	(62.0, 25.666666666666643)	(63.0, 128.9999999999993)	(64.0, 26.99999999999997)	(65.0, 15.666666666666677)	(66.0, 20.33333333333333)	(67.0, 12.000000000000004)	(68.0, 3.666666666666667)	(69.0, 4.0)	(70.0, 1.3333333333333333)	(71.0, 3.0)	(72.0, 10.0)	(73.0, 1.3333333333333333)	(74.0, 1.3333333333333333)	(75.0, 0.6666666666666666)	(76.0, 0.3333333333333333)	(77.0, 0.0)	(78.0, 0.0)	(79.0, 0.0)	(80.0, 0.0)	(81.0, 0.0)	(82.0, 0.0)	(83.0, 0.0)	(84.0, 0.0)	(85.0, 0.0)	(86.0, 0.0)	(87.0, 0.0)	(88.0, 0.0)	(89.0, 0.0)	(90.0, 0.0)	(91.0, 0.0)	(92.0, 0.0)	(93.0, 0.0)	(94.0, 0.0)	(95.0, 0.0)	(96.0, 0.0)	(97.0, 0.0)	(98.0, 0.0)	(99.0, 0.3333333333333333)	(100.0, 0.0)
SRR37700632_1	(0.0, 0.0)	(1.0, 0.0)	(2.0, 0.0)	(3.0, 0.0)	(4.0, 0.0)	(5.0, 0.0)	(6.0, 0.0)	(7.0, 0.0)	(8.0, 0.0)	(9.0, 0.0)	(10.0, 0.0)	(11.0, 0.0)	(12.0, 0.0)	(13.0, 0.0)	(14.0, 0.0)	(15.0, 0.0)	(16.0, 0.0)	(17.0, 0.0)	(18.0, 0.0)	(19.0, 0.0)	(20.0, 0.0)	(21.0, 0.0)	(22.0, 0.0)	(23.0, 0.0)	(24.0, 0.0)	(25.0, 0.0)	(26.0, 0.0)	(27.0, 0.0)	(28.0, 0.0)	(29.0, 0.0)	(30.0, 0.0)	(31.0, 0.0)	(32.0, 0.0)	(33.0, 0.0)	(34.0, 0.3333333333333333)	(35.0, 1.3333333333333333)	(36.0, 8.666666666666664)	(37.0, 22.999999999999986)	(38.0, 2.6666666666666665)	(39.0, 0.0)	(40.0, 0.3333333333333333)	(41.0, 0.3333333333333333)	(42.0, 0.3333333333333333)	(43.0, 0.6666666666666666)	(44.0, 2.333333333333333)	(45.0, 96.9999999999997)	(46.0, 112.33333333333282)	(47.0, 27.333333333333304)	(48.0, 38.33333333333333)	(49.0, 401.33333333332797)	(50.0, 1925.3333333331748)	(51.0, 378.6666666666626)	(52.0, 664.0000000000056)	(53.0, 494.666666666656)	(54.0, 111.66666666666616)	(55.0, 85.3333333333332)	(56.0, 30.666666666666625)	(57.0, 10.333333333333334)	(58.0, 29.333333333333297)	(59.0, 27.666666666666636)	(60.0, 74.66666666666669)	(61.0, 76.99999999999999)	(62.0, 8.666666666666664)	(63.0, 11.66666666666667)	(64.0, 7.666666666666663)	(65.0, 2.6666666666666665)	(66.0, 0.6666666666666666)	(67.0, 1.3333333333333333)	(68.0, 2.6666666666666665)	(69.0, 4.999999999999999)	(70.0, 1.0)	(71.0, 0.3333333333333333)	(72.0, 0.0)	(73.0, 0.0)	(74.0, 0.0)	(75.0, 0.0)	(76.0, 0.0)	(77.0, 0.0)	(78.0, 0.0)	(79.0, 0.0)	(80.0, 0.0)	(81.0, 0.0)	(82.0, 0.0)	(83.0, 0.0)	(84.0, 0.0)	(85.0, 0.0)	(86.0, 0.0)	(87.0, 0.0)	(88.0, 0.0)	(89.0, 0.0)	(90.0, 0.0)	(91.0, 0.0)	(92.0, 0.0)	(93.0, 0.0)	(94.0, 0.0)	(95.0, 0.0)	(96.0, 0.0)	(97.0, 0.0)	(98.0, 0.0)	(99.0, 0.0)	(100.0, 0.0)
SRR37700632_2	(0.0, 0.0)	(1.0, 0.0)	(2.0, 0.0)	(3.0, 0.0)	(4.0, 0.0)	(5.0, 0.0)	(6.0, 0.0)	(7.0, 0.0)	(8.0, 0.0)	(9.0, 0.0)	(10.0, 0.0)	(11.0, 0.0)	(12.0, 0.0)	(13.0, 0.0)	(14.0, 0.0)	(15.0, 0.0)	(16.0, 0.0)	(17.0, 0.0)	(18.0, 0.0)	(19.0, 0.0)	(20.0, 0.0)	(21.0, 0.0)	(22.0, 0.0)	(23.0, 0.0)	(24.0, 0.0)	(25.0, 0.0)	(26.0, 0.0)	(27.0, 0.0)	(28.0, 0.0)	(29.0, 0.0)	(30.0, 0.0)	(31.0, 0.0)	(32.0, 0.0)	(33.0, 1.0)	(34.0, 0.6666666666666666)	(35.0, 2.6666666666666665)	(36.0, 4.333333333333333)	(37.0, 14.333333333333341)	(38.0, 22.666666666666654)	(39.0, 4.999999999999999)	(40.0, 1.6666666666666665)	(41.0, 0.6666666666666666)	(42.0, 1.0)	(43.0, 1.3333333333333333)	(44.0, 21.333333333333325)	(45.0, 115.6666666666661)	(46.0, 10.333333333333334)	(47.0, 10.333333333333334)	(48.0, 25.33333333333331)	(49.0, 155.6666666666667)	(50.0, 1606.3333333332473)	(51.0, 1726.33333333322)	(52.0, 792.6666666666869)	(53.0, 898.3333333333655)	(54.0, 437.66666666665924)	(55.0, 91.33333333333312)	(56.0, 73.6666666666667)	(57.0, 29.333333333333297)	(58.0, 12.333333333333337)	(59.0, 5.333333333333332)	(60.0, 10.666666666666668)	(61.0, 27.999999999999968)	(62.0, 18.333333333333336)	(63.0, 75.00000000000001)	(64.0, 15.333333333333343)	(65.0, 8.33333333333333)	(66.0, 7.9999999999999964)	(67.0, 2.6666666666666665)	(68.0, 0.0)	(69.0, 0.6666666666666666)	(70.0, 0.6666666666666666)	(71.0, 0.3333333333333333)	(72.0, 3.3333333333333335)	(73.0, 1.6666666666666665)	(74.0, 0.6666666666666666)	(75.0, 0.6666666666666666)	(76.0, 0.6666666666666666)	(77.0, 0.3333333333333333)	(78.0, 0.0)	(79.0, 0.0)	(80.0, 0.0)	(81.0, 0.0)	(82.0, 0.0)	(83.0, 0.0)	(84.0, 0.0)	(85.0, 0.0)	(86.0, 0.0)	(87.0, 0.0)	(88.0, 0.0)	(89.0, 0.0)	(90.0, 0.0)	(91.0, 0.0)	(92.0, 0.0)	(93.0, 0.0)	(94.0, 0.0)	(95.0, 0.0)	(96.0, 0.0)	(97.0, 0.0)	(98.0, 0.0)	(99.0, 0.0)	(100.0, 0.0)
SRR37700633_1	(0.0, 0.0)	(1.0, 0.0)	(2.0, 0.0)	(3.0, 0.0)	(4.0, 0.0)	(5.0, 0.0)	(6.0, 0.0)	(7.0, 0.0)	(8.0, 0.0)	(9.0, 0.0)	(10.0, 0.0)	(11.0, 0.0)	(12.0, 0.0)	(13.0, 0.0)	(14.0, 0.0)	(15.0, 0.0)	(16.0, 0.0)	(17.0, 0.0)	(18.0, 0.0)	(19.0, 0.0)	(20.0, 0.0)	(21.0, 0.0)	(22.0, 0.0)	(23.0, 0.0)	(24.0, 0.0)	(25.0, 0.0)	(26.0, 0.0)	(27.0, 0.0)	(28.0, 0.0)	(29.0, 0.0)	(30.0, 0.3333333333333333)	(31.0, 0.0)	(32.0, 0.0)	(33.0, 0.0)	(34.0, 0.0)	(35.0, 0.3333333333333333)	(36.0, 0.3333333333333333)	(37.0, 12.333333333333337)	(38.0, 9.333333333333332)	(39.0, 0.3333333333333333)	(40.0, 0.6666666666666666)	(41.0, 0.6666666666666666)	(42.0, 0.0)	(43.0, 1.0)	(44.0, 3.666666666666667)	(45.0, 179.33333333333405)	(46.0, 177.333333333334)	(47.0, 12.666666666666671)	(48.0, 63.66666666666684)	(49.0, 496.33333333332257)	(50.0, 1486.3333333332746)	(51.0, 497.66666666665583)	(52.0, 787.0000000000196)	(53.0, 427.9999999999931)	(54.0, 104.99999999999959)	(55.0, 309.3333333333332)	(56.0, 45.00000000000004)	(57.0, 31.66666666666662)	(58.0, 174.3333333333339)	(59.0, 143.66666666666637)	(60.0, 185.33333333333422)	(61.0, 186.0000000000009)	(62.0, 10.666666666666668)	(63.0, 13.33333333333334)	(64.0, 13.33333333333334)	(65.0, 4.999999999999999)	(66.0, 2.6666666666666665)	(67.0, 1.0)	(68.0, 0.6666666666666666)	(69.0, 1.9999999999999998)	(70.0, 0.3333333333333333)	(71.0, 0.0)	(72.0, 0.0)	(73.0, 0.0)	(74.0, 0.0)	(75.0, 0.0)	(76.0, 0.0)	(77.0, 0.0)	(78.0, 0.0)	(79.0, 0.0)	(80.0, 0.0)	(81.0, 0.0)	(82.0, 0.0)	(83.0, 0.0)	(84.0, 0.0)	(85.0, 0.0)	(86.0, 0.0)	(87.0, 0.0)	(88.0, 0.0)	(89.0, 0.0)	(90.0, 0.0)	(91.0, 0.0)	(92.0, 0.0)	(93.0, 0.0)	(94.0, 0.0)	(95.0, 0.0)	(96.0, 0.0)	(97.0, 0.0)	(98.0, 0.0)	(99.0, 0.0)	(100.0, 0.0)
SRR37700633_2	(0.0, 0.0)	(1.0, 0.0)	(2.0, 0.0)	(3.0, 0.0)	(4.0, 0.0)	(5.0, 0.0)	(6.0, 0.0)	(7.0, 0.0)	(8.0, 0.0)	(9.0, 0.0)	(10.0, 0.0)	(11.0, 0.0)	(12.0, 0.0)	(13.0, 0.0)	(14.0, 0.0)	(15.0, 0.0)	(16.0, 0.0)	(17.0, 0.0)	(18.0, 0.0)	(19.0, 0.0)	(20.0, 0.0)	(21.0, 0.0)	(22.0, 0.0)	(23.0, 0.0)	(24.0, 0.0)	(25.0, 0.0)	(26.0, 0.0)	(27.0, 0.0)	(28.0, 0.0)	(29.0, 0.0)	(30.0, 0.0)	(31.0, 0.3333333333333333)	(32.0, 0.3333333333333333)	(33.0, 0.6666666666666666)	(34.0, 1.0)	(35.0, 2.6666666666666665)	(36.0, 2.6666666666666665)	(37.0, 4.999999999999999)	(38.0, 15.666666666666677)	(39.0, 7.666666666666663)	(40.0, 3.0)	(41.0, 2.333333333333333)	(42.0, 2.333333333333333)	(43.0, 12.000000000000004)	(44.0, 178.00000000000068)	(45.0, 20.999999999999993)	(46.0, 5.333333333333332)	(47.0, 5.999999999999998)	(48.0, 42.66666666666669)	(49.0, 571.9999999999951)	(50.0, 1383.6666666666313)	(51.0, 1311.999999999981)	(52.0, 551.6666666666595)	(53.0, 757.0000000000161)	(54.0, 269.6666666666688)	(55.0, 81.66666666666659)	(56.0, 279.3333333333349)	(57.0, 47.00000000000006)	(58.0, 25.999999999999975)	(59.0, 15.333333333333343)	(60.0, 54.33333333333344)	(61.0, 174.3333333333339)	(62.0, 47.66666666666673)	(63.0, 186.6666666666676)	(64.0, 25.999999999999975)	(65.0, 6.999999999999997)	(66.0, 14.666666666666675)	(67.0, 10.333333333333334)	(68.0, 1.0)	(69.0, 3.0)	(70.0, 0.3333333333333333)	(71.0, 0.3333333333333333)	(72.0, 1.9999999999999998)	(73.0, 0.0)	(74.0, 0.0)	(75.0, 0.0)	(76.0, 0.3333333333333333)	(77.0, 0.3333333333333333)	(78.0, 0.3333333333333333)	(79.0, 0.0)	(80.0, 0.0)	(81.0, 0.0)	(82.0, 0.0)	(83.0, 0.0)	(84.0, 0.0)	(85.0, 0.0)	(86.0, 0.0)	(87.0, 0.0)	(88.0, 0.0)	(89.0, 0.0)	(90.0, 0.0)	(91.0, 0.0)	(92.0, 0.0)	(93.0, 0.0)	(94.0, 0.0)	(95.0, 0.0)	(96.0, 0.0)	(97.0, 0.0)	(98.0, 0.0)	(99.0, 0.0)	(100.0, 0.0)
SRR37700634_1	(0.0, 0.0)	(1.0, 0.0)	(2.0, 0.0)	(3.0, 0.0)	(4.0, 0.0)	(5.0, 0.0)	(6.0, 0.0)	(7.0, 0.0)	(8.0, 0.0)	(9.0, 0.0)	(10.0, 0.0)	(11.0, 0.0)	(12.0, 0.0)	(13.0, 0.0)	(14.0, 0.0)	(15.0, 0.0)	(16.0, 0.0)	(17.0, 0.0)	(18.0, 0.0)	(19.0, 0.0)	(20.0, 0.0)	(21.0, 0.0)	(22.0, 0.0)	(23.0, 0.0)	(24.0, 0.0)	(25.0, 0.0)	(26.0, 0.0)	(27.0, 0.0)	(28.0, 0.0)	(29.0, 0.0)	(30.0, 0.0)	(31.0, 0.0)	(32.0, 0.0)	(33.0, 0.0)	(34.0, 0.0)	(35.0, 0.0)	(36.0, 1.0)	(37.0, 17.66666666666667)	(38.0, 19.666666666666664)	(39.0, 1.3333333333333333)	(40.0, 0.3333333333333333)	(41.0, 0.6666666666666666)	(42.0, 0.6666666666666666)	(43.0, 2.6666666666666665)	(44.0, 8.33333333333333)	(45.0, 19.333333333333332)	(46.0, 25.666666666666643)	(47.0, 25.33333333333331)	(48.0, 63.66666666666684)	(49.0, 570.3333333333283)	(50.0, 2381.666666666632)	(51.0, 453.66666666665833)	(52.0, 378.9999999999959)	(53.0, 226.00000000000205)	(54.0, 269.00000000000216)	(55.0, 173.33333333333388)	(56.0, 50.66666666666675)	(57.0, 51.33333333333342)	(58.0, 40.00000000000001)	(59.0, 22.999999999999986)	(60.0, 45.33333333333338)	(61.0, 47.66666666666673)	(62.0, 5.666666666666665)	(63.0, 4.0)	(64.0, 22.33333333333332)	(65.0, 23.999999999999982)	(66.0, 1.9999999999999998)	(67.0, 1.0)	(68.0, 0.6666666666666666)	(69.0, 1.3333333333333333)	(70.0, 1.9999999999999998)	(71.0, 0.6666666666666666)	(72.0, 0.0)	(73.0, 0.0)	(74.0, 0.0)	(75.0, 0.0)	(76.0, 0.0)	(77.0, 0.0)	(78.0, 0.0)	(79.0, 0.0)	(80.0, 0.0)	(81.0, 0.0)	(82.0, 0.0)	(83.0, 0.0)	(84.0, 0.0)	(85.0, 0.0)	(86.0, 0.0)	(87.0, 0.0)	(88.0, 0.0)	(89.0, 0.0)	(90.0, 0.0)	(91.0, 0.0)	(92.0, 0.0)	(93.0, 0.0)	(94.0, 0.0)	(95.0, 0.0)	(96.0, 0.0)	(97.0, 0.0)	(98.0, 0.0)	(99.0, 0.0)	(100.0, 0.0)
SRR37700634_2	(0.0, 0.0)	(1.0, 0.0)	(2.0, 0.0)	(3.0, 0.0)	(4.0, 0.0)	(5.0, 0.0)	(6.0, 0.0)	(7.0, 0.0)	(8.0, 0.0)	(9.0, 0.0)	(10.0, 0.0)	(11.0, 0.0)	(12.0, 0.0)	(13.0, 0.0)	(14.0, 0.0)	(15.0, 0.0)	(16.0, 0.0)	(17.0, 0.0)	(18.0, 0.0)	(19.0, 0.0)	(20.0, 0.0)	(21.0, 0.0)	(22.0, 0.0)	(23.0, 0.0)	(24.0, 0.0)	(25.0, 0.0)	(26.0, 0.0)	(27.0, 0.0)	(28.0, 0.3333333333333333)	(29.0, 0.3333333333333333)	(30.0, 0.3333333333333333)	(31.0, 0.3333333333333333)	(32.0, 1.0)	(33.0, 1.3333333333333333)	(34.0, 1.6666666666666665)	(35.0, 2.333333333333333)	(36.0, 3.0)	(37.0, 19.999999999999996)	(38.0, 29.99999999999996)	(39.0, 5.666666666666665)	(40.0, 1.9999999999999998)	(41.0, 1.3333333333333333)	(42.0, 2.333333333333333)	(43.0, 1.0)	(44.0, 22.33333333333332)	(45.0, 20.999999999999993)	(46.0, 10.0)	(47.0, 12.333333333333337)	(48.0, 37.66666666666666)	(49.0, 306.00000000000006)	(50.0, 2064.9999999998213)	(51.0, 2176.999999999872)	(52.0, 506.99999999998863)	(53.0, 361.9999999999969)	(54.0, 135.9999999999995)	(55.0, 132.9999999999994)	(56.0, 281.0000000000015)	(57.0, 61.000000000000156)	(58.0, 46.66666666666672)	(59.0, 28.3333333333333)	(60.0, 8.666666666666664)	(61.0, 20.66666666666666)	(62.0, 8.666666666666664)	(63.0, 48.000000000000064)	(64.0, 8.999999999999998)	(65.0, 8.666666666666664)	(66.0, 21.666666666666657)	(67.0, 20.33333333333333)	(68.0, 0.3333333333333333)	(69.0, 0.0)	(70.0, 0.0)	(71.0, 0.3333333333333333)	(72.0, 0.6666666666666666)	(73.0, 0.0)	(74.0, 0.3333333333333333)	(75.0, 1.0)	(76.0, 1.3333333333333333)	(77.0, 0.0)	(78.0, 0.0)	(79.0, 0.0)	(80.0, 0.0)	(81.0, 0.0)	(82.0, 0.0)	(83.0, 0.0)	(84.0, 0.0)	(85.0, 0.0)	(86.0, 0.0)	(87.0, 0.0)	(88.0, 0.0)	(89.0, 0.0)	(90.0, 0.0)	(91.0, 0.0)	(92.0, 0.0)	(93.0, 0.0)	(94.0, 0.0)	(95.0, 0.0)	(96.0, 0.0)	(97.0, 0.0)	(98.0, 0.0)	(99.0, 0.0)	(100.0, 0.0)
SRR37700635_1	(0.0, 0.0)	(1.0, 0.0)	(2.0, 0.0)	(3.0, 0.0)	(4.0, 0.0)	(5.0, 0.0)	(6.0, 0.0)	(7.0, 0.0)	(8.0, 0.0)	(9.0, 0.0)	(10.0, 0.0)	(11.0, 0.0)	(12.0, 0.0)	(13.0, 0.3333333333333333)	(14.0, 0.3333333333333333)	(15.0, 0.0)	(16.0, 0.3333333333333333)	(17.0, 0.3333333333333333)	(18.0, 0.0)	(19.0, 0.0)	(20.0, 0.0)	(21.0, 0.0)	(22.0, 0.0)	(23.0, 0.0)	(24.0, 0.0)	(25.0, 0.0)	(26.0, 0.0)	(27.0, 0.0)	(28.0, 0.0)	(29.0, 0.0)	(30.0, 0.0)	(31.0, 0.3333333333333333)	(32.0, 0.0)	(33.0, 0.0)	(34.0, 0.3333333333333333)	(35.0, 1.0)	(36.0, 13.000000000000005)	(37.0, 40.66666666666668)	(38.0, 7.666666666666663)	(39.0, 1.0)	(40.0, 1.9999999999999998)	(41.0, 4.0)	(42.0, 4.666666666666666)	(43.0, 4.333333333333333)	(44.0, 10.333333333333334)	(45.0, 359.33333333333036)	(46.0, 373.33333333332956)	(47.0, 46.00000000000005)	(48.0, 140.6666666666663)	(49.0, 741.0000000000143)	(50.0, 2981.3333333335713)	(51.0, 1952.3333333331686)	(52.0, 524.6666666666564)	(53.0, 234.33333333333562)	(54.0, 119.99999999999937)	(55.0, 130.666666666666)	(56.0, 46.333333333333385)	(57.0, 43.6666666666667)	(58.0, 95.66666666666639)	(59.0, 46.00000000000005)	(60.0, 144.33333333333306)	(61.0, 146.66666666666646)	(62.0, 12.333333333333337)	(63.0, 8.33333333333333)	(64.0, 22.666666666666654)	(65.0, 22.33333333333332)	(66.0, 2.333333333333333)	(67.0, 2.6666666666666665)	(68.0, 2.6666666666666665)	(69.0, 5.999999999999998)	(70.0, 8.999999999999998)	(71.0, 1.3333333333333333)	(72.0, 0.0)	(73.0, 0.0)	(74.0, 0.0)	(75.0, 0.0)	(76.0, 0.0)	(77.0, 0.0)	(78.0, 0.0)	(79.0, 0.0)	(80.0, 0.0)	(81.0, 0.0)	(82.0, 0.0)	(83.0, 0.0)	(84.0, 0.0)	(85.0, 0.0)	(86.0, 0.0)	(87.0, 0.0)	(88.0, 0.0)	(89.0, 0.0)	(90.0, 0.0)	(91.0, 0.0)	(92.0, 0.0)	(93.0, 0.0)	(94.0, 0.0)	(95.0, 0.0)	(96.0, 0.0)	(97.0, 0.0)	(98.0, 0.0)	(99.0, 0.0)	(100.0, 0.0)
SRR37700635_2	(0.0, 0.0)	(1.0, 0.0)	(2.0, 0.0)	(3.0, 0.0)	(4.0, 0.0)	(5.0, 0.0)	(6.0, 0.0)	(7.0, 0.0)	(8.0, 0.0)	(9.0, 0.0)	(10.0, 0.0)	(11.0, 0.0)	(12.0, 0.0)	(13.0, 0.0)	(14.0, 0.0)	(15.0, 0.0)	(16.0, 0.0)	(17.0, 0.0)	(18.0, 0.0)	(19.0, 0.0)	(20.0, 0.0)	(21.0, 0.0)	(22.0, 0.0)	(23.0, 0.0)	(24.0, 0.0)	(25.0, 0.0)	(26.0, 0.0)	(27.0, 0.0)	(28.0, 0.0)	(29.0, 0.3333333333333333)	(30.0, 0.6666666666666666)	(31.0, 1.0)	(32.0, 1.9999999999999998)	(33.0, 3.3333333333333335)	(34.0, 5.666666666666665)	(35.0, 6.999999999999997)	(36.0, 11.66666666666667)	(37.0, 37.33333333333332)	(38.0, 67.00000000000013)	(39.0, 16.666666666666675)	(40.0, 5.333333333333332)	(41.0, 4.0)	(42.0, 3.3333333333333335)	(43.0, 18.666666666666668)	(44.0, 373.6666666666629)	(45.0, 43.333333333333364)	(46.0, 5.333333333333332)	(47.0, 6.999999999999997)	(48.0, 49.33333333333341)	(49.0, 642.0000000000031)	(50.0, 3013.333333333586)	(51.0, 2971.0000000002333)	(52.0, 440.33333333332575)	(53.0, 409.66666666666083)	(54.0, 141.99999999999966)	(55.0, 89.33333333333314)	(56.0, 124.33333333333265)	(57.0, 59.00000000000014)	(58.0, 42.00000000000002)	(59.0, 7.9999999999999964)	(60.0, 56.00000000000012)	(61.0, 86.33333333333319)	(62.0, 20.999999999999993)	(63.0, 157.33333333333343)	(64.0, 19.999999999999996)	(65.0, 7.9999999999999964)	(66.0, 23.999999999999982)	(67.0, 18.000000000000004)	(68.0, 1.9999999999999998)	(69.0, 1.9999999999999998)	(70.0, 0.6666666666666666)	(71.0, 0.6666666666666666)	(72.0, 4.0)	(73.0, 1.3333333333333333)	(74.0, 1.3333333333333333)	(75.0, 3.666666666666667)	(76.0, 5.333333333333332)	(77.0, 0.6666666666666666)	(78.0, 0.0)	(79.0, 0.0)	(80.0, 0.0)	(81.0, 0.3333333333333333)	(82.0, 0.0)	(83.0, 0.0)	(84.0, 0.0)	(85.0, 0.0)	(86.0, 0.0)	(87.0, 0.0)	(88.0, 0.0)	(89.0, 0.0)	(90.0, 0.0)	(91.0, 0.0)	(92.0, 0.0)	(93.0, 0.0)	(94.0, 0.0)	(95.0, 0.0)	(96.0, 0.0)	(97.0, 0.0)	(98.0, 0.0)	(99.0, 0.0)	(100.0, 0.0)
SRR37700636_1	(0.0, 0.0)	(1.0, 0.0)	(2.0, 0.0)	(3.0, 0.0)	(4.0, 0.0)	(5.0, 0.0)	(6.0, 0.0)	(7.0, 0.0)	(8.0, 0.0)	(9.0, 0.0)	(10.0, 0.0)	(11.0, 0.0)	(12.0, 0.0)	(13.0, 0.0)	(14.0, 0.0)	(15.0, 0.0)	(16.0, 0.0)	(17.0, 0.0)	(18.0, 0.0)	(19.0, 0.0)	(20.0, 0.0)	(21.0, 0.0)	(22.0, 0.0)	(23.0, 0.0)	(24.0, 0.0)	(25.0, 0.3333333333333333)	(26.0, 0.3333333333333333)	(27.0, 0.3333333333333333)	(28.0, 0.3333333333333333)	(29.0, 0.0)	(30.0, 0.3333333333333333)	(31.0, 0.0)	(32.0, 0.0)	(33.0, 0.0)	(34.0, 0.0)	(35.0, 0.0)	(36.0, 4.999999999999999)	(37.0, 14.666666666666675)	(38.0, 2.6666666666666665)	(39.0, 0.3333333333333333)	(40.0, 0.0)	(41.0, 1.0)	(42.0, 2.6666666666666665)	(43.0, 7.33333333333333)	(44.0, 55.666666666666785)	(45.0, 1901.3333333331802)	(46.0, 1931.3333333331734)	(47.0, 28.999999999999964)	(48.0, 21.99999999999999)	(49.0, 64.66666666666683)	(50.0, 100.66666666666632)	(51.0, 102.99999999999962)	(52.0, 119.99999999999937)	(53.0, 137.99999999999955)	(54.0, 220.00000000000188)	(55.0, 111.33333333333283)	(56.0, 42.66666666666669)	(57.0, 12.333333333333337)	(58.0, 8.33333333333333)	(59.0, 7.9999999999999964)	(60.0, 6.999999999999997)	(61.0, 6.999999999999997)	(62.0, 4.0)	(63.0, 8.666666666666664)	(64.0, 3.0)	(65.0, 1.0)	(66.0, 1.0)	(67.0, 0.6666666666666666)	(68.0, 1.3333333333333333)	(69.0, 4.0)	(70.0, 0.6666666666666666)	(71.0, 0.0)	(72.0, 0.0)	(73.0, 0.0)	(74.0, 0.0)	(75.0, 0.0)	(76.0, 0.0)	(77.0, 0.0)	(78.0, 0.0)	(79.0, 0.0)	(80.0, 0.0)	(81.0, 0.0)	(82.0, 0.0)	(83.0, 0.0)	(84.0, 0.0)	(85.0, 0.0)	(86.0, 0.0)	(87.0, 0.0)	(88.0, 0.0)	(89.0, 0.0)	(90.0, 0.0)	(91.0, 0.0)	(92.0, 0.0)	(93.0, 0.0)	(94.0, 0.0)	(95.0, 0.0)	(96.0, 0.0)	(97.0, 0.0)	(98.0, 0.0)	(99.0, 0.0)	(100.0, 0.0)
SRR37700636_2	(0.0, 0.0)	(1.0, 0.0)	(2.0, 0.0)	(3.0, 0.0)	(4.0, 0.0)	(5.0, 0.0)	(6.0, 0.0)	(7.0, 0.0)	(8.0, 0.0)	(9.0, 0.0)	(10.0, 0.0)	(11.0, 0.0)	(12.0, 0.0)	(13.0, 0.0)	(14.0, 0.0)	(15.0, 0.0)	(16.0, 0.0)	(17.0, 0.0)	(18.0, 0.0)	(19.0, 0.0)	(20.0, 0.0)	(21.0, 0.0)	(22.0, 0.0)	(23.0, 0.0)	(24.0, 0.0)	(25.0, 0.0)	(26.0, 0.0)	(27.0, 0.0)	(28.0, 0.0)	(29.0, 0.0)	(30.0, 0.0)	(31.0, 0.3333333333333333)	(32.0, 0.3333333333333333)	(33.0, 0.6666666666666666)	(34.0, 2.333333333333333)	(35.0, 3.0)	(36.0, 6.999999999999997)	(37.0, 11.66666666666667)	(38.0, 25.666666666666643)	(39.0, 13.000000000000005)	(40.0, 7.33333333333333)	(41.0, 4.333333333333333)	(42.0, 7.33333333333333)	(43.0, 95.33333333333306)	(44.0, 2004.3333333331568)	(45.0, 205.00000000000145)	(46.0, 12.333333333333337)	(47.0, 21.666666666666657)	(48.0, 16.00000000000001)	(49.0, 56.00000000000012)	(50.0, 83.66666666666656)	(51.0, 91.99999999999977)	(52.0, 81.99999999999991)	(53.0, 137.33333333333286)	(54.0, 121.66666666666602)	(55.0, 81.33333333333326)	(56.0, 245.33333333333593)	(57.0, 45.33333333333338)	(58.0, 11.66666666666667)	(59.0, 5.999999999999998)	(60.0, 4.666666666666666)	(61.0, 7.33333333333333)	(62.0, 4.999999999999999)	(63.0, 7.33333333333333)	(64.0, 3.666666666666667)	(65.0, 7.666666666666663)	(66.0, 1.6666666666666665)	(67.0, 0.3333333333333333)	(68.0, 0.0)	(69.0, 0.0)	(70.0, 0.0)	(71.0, 0.3333333333333333)	(72.0, 3.3333333333333335)	(73.0, 0.6666666666666666)	(74.0, 0.3333333333333333)	(75.0, 0.3333333333333333)	(76.0, 0.0)	(77.0, 0.0)	(78.0, 0.0)	(79.0, 0.0)	(80.0, 0.0)	(81.0, 0.0)	(82.0, 0.0)	(83.0, 0.0)	(84.0, 0.0)	(85.0, 0.0)	(86.0, 0.0)	(87.0, 0.0)	(88.0, 0.0)	(89.0, 0.0)	(90.0, 0.0)	(91.0, 0.0)	(92.0, 0.0)	(93.0, 0.0)	(94.0, 0.0)	(95.0, 0.0)	(96.0, 0.0)	(97.0, 0.0)	(98.0, 0.0)	(99.0, 0.0)	(100.0, 0.0)
SRR37700637_1	(0.0, 0.0)	(1.0, 0.0)	(2.0, 0.0)	(3.0, 0.0)	(4.0, 0.0)	(5.0, 0.0)	(6.0, 0.0)	(7.0, 0.0)	(8.0, 0.0)	(9.0, 0.0)	(10.0, 0.0)	(11.0, 0.0)	(12.0, 0.0)	(13.0, 0.3333333333333333)	(14.0, 0.0)	(15.0, 0.0)	(16.0, 0.0)	(17.0, 0.0)	(18.0, 0.0)	(19.0, 0.6666666666666666)	(20.0, 0.3333333333333333)	(21.0, 0.3333333333333333)	(22.0, 0.0)	(23.0, 0.0)	(24.0, 0.0)	(25.0, 0.0)	(26.0, 0.0)	(27.0, 0.0)	(28.0, 0.0)	(29.0, 0.0)	(30.0, 0.0)	(31.0, 0.0)	(32.0, 0.0)	(33.0, 0.3333333333333333)	(34.0, 0.6666666666666666)	(35.0, 1.0)	(36.0, 4.333333333333333)	(37.0, 11.66666666666667)	(38.0, 2.6666666666666665)	(39.0, 1.0)	(40.0, 3.666666666666667)	(41.0, 12.000000000000004)	(42.0, 33.66666666666663)	(43.0, 300.3333333333337)	(44.0, 3507.666666667144)	(45.0, 757.6666666666829)	(46.0, 450.3333333333252)	(47.0, 44.33333333333337)	(48.0, 31.999999999999954)	(49.0, 181.66666666666745)	(50.0, 517.3333333333222)	(51.0, 221.0000000000019)	(52.0, 93.66666666666642)	(53.0, 45.666666666666714)	(54.0, 40.00000000000001)	(55.0, 32.333333333333286)	(56.0, 10.666666666666668)	(57.0, 5.333333333333332)	(58.0, 3.666666666666667)	(59.0, 2.6666666666666665)	(60.0, 7.666666666666663)	(61.0, 6.333333333333331)	(62.0, 1.0)	(63.0, 0.6666666666666666)	(64.0, 1.9999999999999998)	(65.0, 1.0)	(66.0, 0.0)	(67.0, 0.6666666666666666)	(68.0, 0.6666666666666666)	(69.0, 1.3333333333333333)	(70.0, 1.0)	(71.0, 0.0)	(72.0, 0.0)	(73.0, 0.0)	(74.0, 0.0)	(75.0, 0.0)	(76.0, 0.0)	(77.0, 0.0)	(78.0, 0.0)	(79.0, 0.0)	(80.0, 0.0)	(81.0, 0.0)	(82.0, 0.0)	(83.0, 0.0)	(84.0, 0.0)	(85.0, 0.0)	(86.0, 0.0)	(87.0, 0.0)	(88.0, 0.0)	(89.0, 0.0)	(90.0, 0.0)	(91.0, 0.0)	(92.0, 0.0)	(93.0, 0.0)	(94.0, 0.0)	(95.0, 0.0)	(96.0, 0.0)	(97.0, 0.0)	(98.0, 0.0)	(99.0, 0.0)	(100.0, 0.0)
SRR37700637_2	(0.0, 0.0)	(1.0, 0.0)	(2.0, 0.0)	(3.0, 0.0)	(4.0, 0.0)	(5.0, 0.0)	(6.0, 0.0)	(7.0, 0.0)	(8.0, 0.0)	(9.0, 0.0)	(10.0, 0.0)	(11.0, 0.0)	(12.0, 0.0)	(13.0, 0.0)	(14.0, 0.0)	(15.0, 0.0)	(16.0, 0.0)	(17.0, 0.0)	(18.0, 0.0)	(19.0, 0.0)	(20.0, 0.0)	(21.0, 0.0)	(22.0, 0.0)	(23.0, 0.0)	(24.0, 0.0)	(25.0, 0.0)	(26.0, 0.0)	(27.0, 0.0)	(28.0, 0.0)	(29.0, 0.0)	(30.0, 0.0)	(31.0, 0.3333333333333333)	(32.0, 1.3333333333333333)	(33.0, 2.333333333333333)	(34.0, 1.9999999999999998)	(35.0, 3.666666666666667)	(36.0, 2.6666666666666665)	(37.0, 12.000000000000004)	(38.0, 17.66666666666667)	(39.0, 6.666666666666664)	(40.0, 2.6666666666666665)	(41.0, 3.666666666666667)	(42.0, 6.333333333333331)	(43.0, 51.33333333333342)	(44.0, 3892.666666667319)	(45.0, 3617.666666667194)	(46.0, 57.00000000000013)	(47.0, 27.333333333333304)	(48.0, 17.000000000000007)	(49.0, 150.66666666666657)	(50.0, 498.33333333332246)	(51.0, 430.99999999999295)	(52.0, 59.00000000000014)	(53.0, 69.0000000000001)	(54.0, 54.33333333333344)	(55.0, 29.66666666666663)	(56.0, 38.666666666666664)	(57.0, 14.000000000000007)	(58.0, 6.666666666666664)	(59.0, 2.6666666666666665)	(60.0, 1.0)	(61.0, 1.3333333333333333)	(62.0, 1.3333333333333333)	(63.0, 6.333333333333331)	(64.0, 1.0)	(65.0, 1.0)	(66.0, 1.0)	(67.0, 1.3333333333333333)	(68.0, 0.0)	(69.0, 0.0)	(70.0, 0.0)	(71.0, 0.6666666666666666)	(72.0, 1.9999999999999998)	(73.0, 0.6666666666666666)	(74.0, 0.0)	(75.0, 0.0)	(76.0, 0.0)	(77.0, 0.0)	(78.0, 0.3333333333333333)	(79.0, 0.0)	(80.0, 0.0)	(81.0, 0.0)	(82.0, 0.0)	(83.0, 0.0)	(84.0, 0.0)	(85.0, 0.0)	(86.0, 0.0)	(87.0, 0.0)	(88.0, 0.0)	(89.0, 0.0)	(90.0, 0.0)	(91.0, 0.0)	(92.0, 0.0)	(93.0, 0.0)	(94.0, 0.0)	(95.0, 0.0)	(96.0, 0.0)	(97.0, 0.0)	(98.0, 0.0)	(99.0, 0.0)	(100.0, 0.0)
SRR37700638_1	(0.0, 0.0)	(1.0, 0.0)	(2.0, 0.0)	(3.0, 0.0)	(4.0, 0.0)	(5.0, 0.0)	(6.0, 0.0)	(7.0, 0.0)	(8.0, 0.0)	(9.0, 0.0)	(10.0, 0.0)	(11.0, 0.0)	(12.0, 0.0)	(13.0, 0.0)	(14.0, 0.0)	(15.0, 0.0)	(16.0, 0.0)	(17.0, 0.0)	(18.0, 0.0)	(19.0, 0.0)	(20.0, 0.0)	(21.0, 0.0)	(22.0, 0.0)	(23.0, 0.0)	(24.0, 0.0)	(25.0, 0.0)	(26.0, 0.0)	(27.0, 0.0)	(28.0, 0.0)	(29.0, 0.0)	(30.0, 0.0)	(31.0, 0.0)	(32.0, 0.0)	(33.0, 0.0)	(34.0, 0.0)	(35.0, 0.0)	(36.0, 0.3333333333333333)	(37.0, 5.333333333333332)	(38.0, 1.9999999999999998)	(39.0, 0.3333333333333333)	(40.0, 0.3333333333333333)	(41.0, 0.3333333333333333)	(42.0, 1.3333333333333333)	(43.0, 1.3333333333333333)	(44.0, 1.6666666666666665)	(45.0, 53.333333333333435)	(46.0, 91.99999999999977)	(47.0, 84.66666666666654)	(48.0, 109.33333333333286)	(49.0, 471.6666666666573)	(50.0, 1721.3333333332212)	(51.0, 1182.0000000000105)	(52.0, 1442.3333333332846)	(53.0, 1419.9999999999563)	(54.0, 1037.66666666671)	(55.0, 1437.666666666619)	(56.0, 288.0000000000011)	(57.0, 88.99999999999982)	(58.0, 30.999999999999957)	(59.0, 7.9999999999999964)	(60.0, 2.333333333333333)	(61.0, 4.0)	(62.0, 7.666666666666663)	(63.0, 16.666666666666675)	(64.0, 18.000000000000004)	(65.0, 7.33333333333333)	(66.0, 8.33333333333333)	(67.0, 8.33333333333333)	(68.0, 26.66666666666664)	(69.0, 42.33333333333336)	(70.0, 2.333333333333333)	(71.0, 0.0)	(72.0, 0.0)	(73.0, 0.0)	(74.0, 0.0)	(75.0, 0.0)	(76.0, 0.0)	(77.0, 0.0)	(78.0, 0.0)	(79.0, 0.0)	(80.0, 0.0)	(81.0, 0.0)	(82.0, 0.0)	(83.0, 0.0)	(84.0, 0.0)	(85.0, 0.0)	(86.0, 0.0)	(87.0, 0.0)	(88.0, 0.0)	(89.0, 0.0)	(90.0, 0.0)	(91.0, 0.0)	(92.0, 0.0)	(93.0, 0.0)	(94.0, 0.0)	(95.0, 0.0)	(96.0, 0.0)	(97.0, 0.0)	(98.0, 0.0)	(99.0, 0.0)	(100.0, 0.0)
SRR37700638_2	(0.0, 0.0)	(1.0, 0.0)	(2.0, 0.0)	(3.0, 0.0)	(4.0, 0.0)	(5.0, 0.0)	(6.0, 0.0)	(7.0, 0.0)	(8.0, 0.0)	(9.0, 0.0)	(10.0, 0.0)	(11.0, 0.0)	(12.0, 0.0)	(13.0, 0.0)	(14.0, 0.0)	(15.0, 0.0)	(16.0, 0.0)	(17.0, 0.0)	(18.0, 0.0)	(19.0, 0.0)	(20.0, 0.0)	(21.0, 0.0)	(22.0, 0.0)	(23.0, 0.0)	(24.0, 0.0)	(25.0, 0.0)	(26.0, 0.0)	(27.0, 0.0)	(28.0, 0.0)	(29.0, 0.0)	(30.0, 0.0)	(31.0, 0.0)	(32.0, 0.0)	(33.0, 0.0)	(34.0, 0.6666666666666666)	(35.0, 0.3333333333333333)	(36.0, 0.6666666666666666)	(37.0, 5.666666666666665)	(38.0, 6.999999999999997)	(39.0, 2.6666666666666665)	(40.0, 1.0)	(41.0, 1.6666666666666665)	(42.0, 0.0)	(43.0, 1.3333333333333333)	(44.0, 53.333333333333435)	(45.0, 8.666666666666664)	(46.0, 28.3333333333333)	(47.0, 59.00000000000014)	(48.0, 79.66666666666661)	(49.0, 327.3333333333322)	(50.0, 1054.0000000000396)	(51.0, 1496.9999999999388)	(52.0, 905.3333333333663)	(53.0, 1758.9999999998793)	(54.0, 1679.3333333332307)	(55.0, 966.6666666667066)	(56.0, 1381.6666666666317)	(57.0, 243.00000000000253)	(58.0, 109.66666666666619)	(59.0, 67.00000000000013)	(60.0, 27.333333333333304)	(61.0, 7.666666666666663)	(62.0, 4.999999999999999)	(63.0, 5.333333333333332)	(64.0, 7.666666666666663)	(65.0, 17.66666666666667)	(66.0, 24.99999999999998)	(67.0, 8.33333333333333)	(68.0, 3.0)	(69.0, 4.666666666666666)	(70.0, 5.333333333333332)	(71.0, 11.000000000000002)	(72.0, 31.66666666666662)	(73.0, 6.666666666666664)	(74.0, 2.6666666666666665)	(75.0, 0.0)	(76.0, 0.0)	(77.0, 0.0)	(78.0, 0.0)	(79.0, 0.0)	(80.0, 0.0)	(81.0, 0.0)	(82.0, 0.0)	(83.0, 0.0)	(84.0, 0.0)	(85.0, 0.0)	(86.0, 0.0)	(87.0, 0.0)	(88.0, 0.0)	(89.0, 0.0)	(90.0, 0.0)	(91.0, 0.0)	(92.0, 0.0)	(93.0, 0.0)	(94.0, 0.0)	(95.0, 0.0)	(96.0, 0.0)	(97.0, 0.0)	(98.0, 0.0)	(99.0, 0.0)	(100.0, 0.0)
SRR37700639_1	(0.0, 0.0)	(1.0, 0.0)	(2.0, 0.0)	(3.0, 0.0)	(4.0, 0.0)	(5.0, 0.0)	(6.0, 0.0)	(7.0, 0.0)	(8.0, 0.0)	(9.0, 0.0)	(10.0, 0.0)	(11.0, 0.0)	(12.0, 0.0)	(13.0, 0.0)	(14.0, 0.0)	(15.0, 0.0)	(16.0, 0.0)	(17.0, 0.0)	(18.0, 0.0)	(19.0, 0.0)	(20.0, 0.0)	(21.0, 0.0)	(22.0, 0.0)	(23.0, 0.0)	(24.0, 0.0)	(25.0, 0.0)	(26.0, 0.0)	(27.0, 0.0)	(28.0, 0.0)	(29.0, 0.0)	(30.0, 0.0)	(31.0, 0.0)	(32.0, 0.0)	(33.0, 0.0)	(34.0, 0.0)	(35.0, 0.0)	(36.0, 4.999999999999999)	(37.0, 16.666666666666675)	(38.0, 3.0)	(39.0, 0.6666666666666666)	(40.0, 0.3333333333333333)	(41.0, 0.3333333333333333)	(42.0, 1.9999999999999998)	(43.0, 3.3333333333333335)	(44.0, 23.999999999999982)	(45.0, 1914.9999999998438)	(46.0, 1927.6666666665076)	(47.0, 65.66666666666681)	(48.0, 231.66666666666887)	(49.0, 1830.999999999863)	(50.0, 842.3333333333592)	(51.0, 275.33333333333513)	(52.0, 266.00000000000233)	(53.0, 338.33333333333155)	(54.0, 1108.0000000000273)	(55.0, 1002.000000000044)	(56.0, 59.00000000000014)	(57.0, 26.333333333333307)	(58.0, 19.333333333333332)	(59.0, 22.999999999999986)	(60.0, 17.66666666666667)	(61.0, 15.000000000000009)	(62.0, 8.33333333333333)	(63.0, 11.333333333333336)	(64.0, 19.0)	(65.0, 16.00000000000001)	(66.0, 7.666666666666663)	(67.0, 3.0)	(68.0, 1.3333333333333333)	(69.0, 3.666666666666667)	(70.0, 0.0)	(71.0, 0.0)	(72.0, 0.0)	(73.0, 0.0)	(74.0, 0.0)	(75.0, 0.0)	(76.0, 0.0)	(77.0, 0.0)	(78.0, 0.0)	(79.0, 0.0)	(80.0, 0.0)	(81.0, 0.0)	(82.0, 0.0)	(83.0, 0.0)	(84.0, 0.0)	(85.0, 0.0)	(86.0, 0.0)	(87.0, 0.0)	(88.0, 0.0)	(89.0, 0.0)	(90.0, 0.0)	(91.0, 0.0)	(92.0, 0.0)	(93.0, 0.0)	(94.0, 0.0)	(95.0, 0.0)	(96.0, 0.0)	(97.0, 0.0)	(98.0, 0.0)	(99.0, 0.0)	(100.0, 0.0)
SRR37700639_2	(0.0, 0.0)	(1.0, 0.0)	(2.0, 0.0)	(3.0, 0.0)	(4.0, 0.0)	(5.0, 0.0)	(6.0, 0.0)	(7.0, 0.0)	(8.0, 0.0)	(9.0, 0.0)	(10.0, 0.0)	(11.0, 0.0)	(12.0, 0.0)	(13.0, 0.0)	(14.0, 0.0)	(15.0, 0.0)	(16.0, 0.0)	(17.0, 0.0)	(18.0, 0.0)	(19.0, 0.0)	(20.0, 0.0)	(21.0, 0.0)	(22.0, 0.0)	(23.0, 0.0)	(24.0, 0.0)	(25.0, 0.0)	(26.0, 0.0)	(27.0, 0.0)	(28.0, 0.0)	(29.0, 0.0)	(30.0, 0.3333333333333333)	(31.0, 0.3333333333333333)	(32.0, 0.6666666666666666)	(33.0, 1.9999999999999998)	(34.0, 2.333333333333333)	(35.0, 3.3333333333333335)	(36.0, 3.666666666666667)	(37.0, 13.000000000000005)	(38.0, 19.0)	(39.0, 3.3333333333333335)	(40.0, 3.0)	(41.0, 3.3333333333333335)	(42.0, 3.3333333333333335)	(43.0, 45.00000000000004)	(44.0, 1906.333333333179)	(45.0, 1347.9999999999727)	(46.0, 31.66666666666662)	(47.0, 24.666666666666647)	(48.0, 109.66666666666619)	(49.0, 1803.6666666665358)	(50.0, 785.0000000000193)	(51.0, 645.6666666666702)	(52.0, 212.333333333335)	(53.0, 301.00000000000034)	(54.0, 1105.3333333333612)	(55.0, 1089.6666666666981)	(56.0, 125.33333333333263)	(57.0, 46.333333333333385)	(58.0, 22.33333333333332)	(59.0, 8.999999999999998)	(60.0, 17.33333333333334)	(61.0, 19.0)	(62.0, 4.999999999999999)	(63.0, 15.333333333333343)	(64.0, 7.666666666666663)	(65.0, 12.000000000000004)	(66.0, 18.666666666666668)	(67.0, 12.000000000000004)	(68.0, 5.999999999999998)	(69.0, 1.9999999999999998)	(70.0, 0.3333333333333333)	(71.0, 0.3333333333333333)	(72.0, 3.3333333333333335)	(73.0, 0.6666666666666666)	(74.0, 0.0)	(75.0, 0.0)	(76.0, 0.0)	(77.0, 0.0)	(78.0, 0.0)	(79.0, 0.0)	(80.0, 0.0)	(81.0, 0.0)	(82.0, 0.0)	(83.0, 0.0)	(84.0, 0.0)	(85.0, 0.0)	(86.0, 0.0)	(87.0, 0.0)	(88.0, 0.0)	(89.0, 0.0)	(90.0, 0.0)	(91.0, 0.0)	(92.0, 0.0)	(93.0, 0.0)	(94.0, 0.0)	(95.0, 0.0)	(96.0, 0.0)	(97.0, 0.0)	(98.0, 0.0)	(99.0, 0.0)	(100.0, 0.0)
SRR37700640_1	(0.0, 0.0)	(1.0, 0.0)	(2.0, 0.0)	(3.0, 0.0)	(4.0, 0.0)	(5.0, 0.0)	(6.0, 0.0)	(7.0, 0.0)	(8.0, 0.0)	(9.0, 0.0)	(10.0, 0.0)	(11.0, 0.0)	(12.0, 0.0)	(13.0, 0.0)	(14.0, 0.0)	(15.0, 0.0)	(16.0, 0.0)	(17.0, 0.0)	(18.0, 0.0)	(19.0, 0.0)	(20.0, 0.0)	(21.0, 0.0)	(22.0, 0.0)	(23.0, 0.0)	(24.0, 0.0)	(25.0, 0.0)	(26.0, 0.0)	(27.0, 0.0)	(28.0, 0.0)	(29.0, 0.0)	(30.0, 0.0)	(31.0, 0.0)	(32.0, 0.6666666666666666)	(33.0, 0.6666666666666666)	(34.0, 0.0)	(35.0, 7.33333333333333)	(36.0, 8.33333333333333)	(37.0, 0.6666666666666666)	(38.0, 0.0)	(39.0, 0.0)	(40.0, 0.3333333333333333)	(41.0, 1.3333333333333333)	(42.0, 1.3333333333333333)	(43.0, 2.333333333333333)	(44.0, 2.6666666666666665)	(45.0, 8.33333333333333)	(46.0, 16.333333333333343)	(47.0, 57.333333333333464)	(48.0, 246.33333333333596)	(49.0, 1478.999999999943)	(50.0, 4360.000000000505)	(51.0, 1677.9999999998977)	(52.0, 1921.9999999998422)	(53.0, 4764.666666666803)	(54.0, 1360.9999999999698)	(55.0, 2122.3333333331807)	(56.0, 669.0000000000061)	(57.0, 586.9999999999968)	(58.0, 1323.666666666645)	(59.0, 1236.6666666666647)	(60.0, 1914.6666666665105)	(61.0, 1790.3333333332055)	(62.0, 113.3333333333328)	(63.0, 195.3333333333345)	(64.0, 166.33333333333368)	(65.0, 91.99999999999977)	(66.0, 34.666666666666636)	(67.0, 30.333333333333293)	(68.0, 24.333333333333314)	(69.0, 20.999999999999993)	(70.0, 44.000000000000036)	(71.0, 5.666666666666665)	(72.0, 1.6666666666666665)	(73.0, 0.6666666666666666)	(74.0, 0.3333333333333333)	(75.0, 0.0)	(76.0, 0.0)	(77.0, 0.0)	(78.0, 0.0)	(79.0, 0.0)	(80.0, 0.0)	(81.0, 0.0)	(82.0, 0.0)	(83.0, 0.0)	(84.0, 0.0)	(85.0, 0.0)	(86.0, 0.0)	(87.0, 0.0)	(88.0, 0.0)	(89.0, 0.0)	(90.0, 0.0)	(91.0, 0.0)	(92.0, 0.0)	(93.0, 0.0)	(94.0, 0.0)	(95.0, 0.0)	(96.0, 0.0)	(97.0, 0.0)	(98.0, 0.0)	(99.0, 0.0)	(100.0, 0.0)
SRR37700640_2	(0.0, 0.0)	(1.0, 0.0)	(2.0, 0.0)	(3.0, 0.0)	(4.0, 0.0)	(5.0, 0.0)	(6.0, 0.0)	(7.0, 0.0)	(8.0, 0.0)	(9.0, 0.0)	(10.0, 0.0)	(11.0, 0.0)	(12.0, 0.0)	(13.0, 0.0)	(14.0, 0.0)	(15.0, 0.0)	(16.0, 0.0)	(17.0, 0.0)	(18.0, 0.0)	(19.0, 0.0)	(20.0, 0.0)	(21.0, 0.0)	(22.0, 0.0)	(23.0, 0.0)	(24.0, 0.0)	(25.0, 0.0)	(26.0, 0.0)	(27.0, 0.0)	(28.0, 0.0)	(29.0, 0.0)	(30.0, 0.0)	(31.0, 0.0)	(32.0, 0.0)	(33.0, 0.3333333333333333)	(34.0, 1.3333333333333333)	(35.0, 0.6666666666666666)	(36.0, 1.0)	(37.0, 1.3333333333333333)	(38.0, 9.333333333333332)	(39.0, 2.333333333333333)	(40.0, 0.6666666666666666)	(41.0, 1.3333333333333333)	(42.0, 1.3333333333333333)	(43.0, 1.3333333333333333)	(44.0, 8.999999999999998)	(45.0, 5.999999999999998)	(46.0, 9.666666666666666)	(47.0, 59.00000000000014)	(48.0, 211.6666666666683)	(49.0, 1729.6666666665526)	(50.0, 4069.6666666673996)	(51.0, 2958.6666666668943)	(52.0, 1534.9999999999302)	(53.0, 4657.666666666901)	(54.0, 3973.000000000689)	(55.0, 1224.000000000001)	(56.0, 2083.333333333163)	(57.0, 527.6666666666567)	(58.0, 468.6666666666575)	(59.0, 365.99999999999665)	(60.0, 412.66666666666066)	(61.0, 1268.9999999999907)	(62.0, 469.6666666666574)	(63.0, 1935.999999999839)	(64.0, 269.6666666666688)	(65.0, 139.66666666666626)	(66.0, 155.00000000000003)	(67.0, 104.99999999999959)	(68.0, 46.333333333333385)	(69.0, 36.333333333333314)	(70.0, 18.666666666666668)	(71.0, 12.000000000000004)	(72.0, 7.666666666666663)	(73.0, 3.3333333333333335)	(74.0, 5.333333333333332)	(75.0, 18.000000000000004)	(76.0, 29.99999999999996)	(77.0, 11.66666666666667)	(78.0, 1.0)	(79.0, 0.0)	(80.0, 0.0)	(81.0, 0.0)	(82.0, 0.0)	(83.0, 0.0)	(84.0, 0.0)	(85.0, 0.0)	(86.0, 0.0)	(87.0, 0.0)	(88.0, 0.0)	(89.0, 0.0)	(90.0, 0.0)	(91.0, 0.0)	(92.0, 0.0)	(93.0, 0.0)	(94.0, 0.0)	(95.0, 0.0)	(96.0, 0.0)	(97.0, 0.0)	(98.0, 0.0)	(99.0, 0.0)	(100.0, 0.0)
SRR37700641_1	(0.0, 0.0)	(1.0, 0.0)	(2.0, 0.0)	(3.0, 0.0)	(4.0, 0.0)	(5.0, 0.0)	(6.0, 0.0)	(7.0, 0.0)	(8.0, 0.0)	(9.0, 0.0)	(10.0, 0.0)	(11.0, 0.0)	(12.0, 0.0)	(13.0, 0.0)	(14.0, 0.0)	(15.0, 0.0)	(16.0, 0.0)	(17.0, 0.0)	(18.0, 0.0)	(19.0, 0.0)	(20.0, 0.0)	(21.0, 0.0)	(22.0, 0.0)	(23.0, 0.0)	(24.0, 0.0)	(25.0, 0.0)	(26.0, 0.0)	(27.0, 0.0)	(28.0, 0.3333333333333333)	(29.0, 0.3333333333333333)	(30.0, 0.0)	(31.0, 0.0)	(32.0, 0.0)	(33.0, 0.0)	(34.0, 0.0)	(35.0, 0.0)	(36.0, 0.0)	(37.0, 1.6666666666666665)	(38.0, 0.3333333333333333)	(39.0, 0.0)	(40.0, 0.0)	(41.0, 0.0)	(42.0, 0.6666666666666666)	(43.0, 1.9999999999999998)	(44.0, 6.999999999999997)	(45.0, 5.666666666666665)	(46.0, 8.999999999999998)	(47.0, 11.66666666666667)	(48.0, 50.333333333333414)	(49.0, 1119.0000000000248)	(50.0, 6017.333333332331)	(51.0, 629.0000000000016)	(52.0, 672.3333333333399)	(53.0, 512.9999999999884)	(54.0, 122.33333333333267)	(55.0, 83.66666666666656)	(56.0, 61.33333333333349)	(57.0, 62.3333333333335)	(58.0, 57.333333333333464)	(59.0, 29.66666666666663)	(60.0, 14.000000000000007)	(61.0, 11.333333333333336)	(62.0, 4.666666666666666)	(63.0, 14.666666666666675)	(64.0, 11.333333333333336)	(65.0, 1.9999999999999998)	(66.0, 3.0)	(67.0, 4.999999999999999)	(68.0, 5.333333333333332)	(69.0, 2.333333333333333)	(70.0, 0.6666666666666666)	(71.0, 0.0)	(72.0, 0.0)	(73.0, 0.0)	(74.0, 0.0)	(75.0, 0.0)	(76.0, 0.0)	(77.0, 0.0)	(78.0, 0.0)	(79.0, 0.0)	(80.0, 0.0)	(81.0, 0.0)	(82.0, 0.0)	(83.0, 0.0)	(84.0, 0.0)	(85.0, 0.0)	(86.0, 0.0)	(87.0, 0.0)	(88.0, 0.0)	(89.0, 0.0)	(90.0, 0.0)	(91.0, 0.0)	(92.0, 0.0)	(93.0, 0.0)	(94.0, 0.0)	(95.0, 0.0)	(96.0, 0.0)	(97.0, 0.0)	(98.0, 0.0)	(99.0, 0.0)	(100.0, 0.0)
SRR37700641_2	(0.0, 0.0)	(1.0, 0.0)	(2.0, 0.0)	(3.0, 0.0)	(4.0, 0.0)	(5.0, 0.0)	(6.0, 0.0)	(7.0, 0.0)	(8.0, 0.0)	(9.0, 0.0)	(10.0, 0.0)	(11.0, 0.0)	(12.0, 0.0)	(13.0, 0.0)	(14.0, 0.0)	(15.0, 0.0)	(16.0, 0.0)	(17.0, 0.0)	(18.0, 0.0)	(19.0, 0.0)	(20.0, 0.0)	(21.0, 0.0)	(22.0, 0.0)	(23.0, 0.0)	(24.0, 0.0)	(25.0, 0.0)	(26.0, 0.0)	(27.0, 0.0)	(28.0, 0.0)	(29.0, 0.0)	(30.0, 0.0)	(31.0, 0.0)	(32.0, 0.0)	(33.0, 0.0)	(34.0, 0.0)	(35.0, 0.3333333333333333)	(36.0, 0.3333333333333333)	(37.0, 1.6666666666666665)	(38.0, 2.333333333333333)	(39.0, 0.0)	(40.0, 0.0)	(41.0, 0.3333333333333333)	(42.0, 0.3333333333333333)	(43.0, 1.3333333333333333)	(44.0, 9.666666666666666)	(45.0, 7.33333333333333)	(46.0, 3.0)	(47.0, 8.999999999999998)	(48.0, 30.666666666666625)	(49.0, 400.333333333328)	(50.0, 5535.666666666102)	(51.0, 5099.333333333166)	(52.0, 408.3333333333276)	(53.0, 751.6666666666822)	(54.0, 523.3333333333229)	(55.0, 67.00000000000013)	(56.0, 75.66666666666667)	(57.0, 47.33333333333339)	(58.0, 29.333333333333297)	(59.0, 27.333333333333304)	(60.0, 33.33333333333329)	(61.0, 35.33333333333331)	(62.0, 4.999999999999999)	(63.0, 11.000000000000002)	(64.0, 7.666666666666663)	(65.0, 7.33333333333333)	(66.0, 10.333333333333334)	(67.0, 5.999999999999998)	(68.0, 2.6666666666666665)	(69.0, 4.666666666666666)	(70.0, 4.666666666666666)	(71.0, 3.666666666666667)	(72.0, 1.3333333333333333)	(73.0, 0.6666666666666666)	(74.0, 0.0)	(75.0, 0.0)	(76.0, 0.0)	(77.0, 0.0)	(78.0, 0.0)	(79.0, 0.0)	(80.0, 0.3333333333333333)	(81.0, 0.0)	(82.0, 0.0)	(83.0, 0.0)	(84.0, 0.0)	(85.0, 0.0)	(86.0, 0.0)	(87.0, 0.0)	(88.0, 0.3333333333333333)	(89.0, 0.3333333333333333)	(90.0, 0.0)	(91.0, 0.0)	(92.0, 0.0)	(93.0, 0.0)	(94.0, 0.0)	(95.0, 0.0)	(96.0, 0.0)	(97.0, 0.0)	(98.0, 0.0)	(99.0, 0.0)	(100.0, 0.0)
SRR37700642_1	(0.0, 0.0)	(1.0, 0.0)	(2.0, 0.0)	(3.0, 0.0)	(4.0, 0.0)	(5.0, 0.0)	(6.0, 0.0)	(7.0, 0.0)	(8.0, 0.0)	(9.0, 0.0)	(10.0, 0.0)	(11.0, 0.0)	(12.0, 0.0)	(13.0, 0.0)	(14.0, 0.0)	(15.0, 0.0)	(16.0, 0.0)	(17.0, 0.0)	(18.0, 0.0)	(19.0, 0.0)	(20.0, 0.0)	(21.0, 0.0)	(22.0, 0.0)	(23.0, 0.0)	(24.0, 0.0)	(25.0, 0.0)	(26.0, 0.0)	(27.0, 0.0)	(28.0, 0.0)	(29.0, 0.0)	(30.0, 0.3333333333333333)	(31.0, 0.3333333333333333)	(32.0, 0.3333333333333333)	(33.0, 0.0)	(34.0, 0.0)	(35.0, 0.0)	(36.0, 1.0)	(37.0, 6.333333333333331)	(38.0, 3.0)	(39.0, 1.0)	(40.0, 0.3333333333333333)	(41.0, 0.6666666666666666)	(42.0, 1.0)	(43.0, 1.9999999999999998)	(44.0, 18.000000000000004)	(45.0, 912.0000000000338)	(46.0, 907.3333333333666)	(47.0, 25.999999999999975)	(48.0, 80.6666666666666)	(49.0, 806.0000000000217)	(50.0, 3909.3333333339933)	(51.0, 949.000000000038)	(52.0, 481.99999999999005)	(53.0, 207.33333333333485)	(54.0, 147.99999999999983)	(55.0, 336.666666666665)	(56.0, 70.00000000000009)	(57.0, 120.99999999999936)	(58.0, 154.33333333333334)	(59.0, 78.99999999999996)	(60.0, 70.66666666666674)	(61.0, 56.66666666666679)	(62.0, 6.666666666666664)	(63.0, 14.333333333333341)	(64.0, 39.333333333333336)	(65.0, 29.333333333333297)	(66.0, 3.3333333333333335)	(67.0, 4.333333333333333)	(68.0, 4.333333333333333)	(69.0, 1.3333333333333333)	(70.0, 1.0)	(71.0, 0.3333333333333333)	(72.0, 0.0)	(73.0, 0.0)	(74.0, 0.0)	(75.0, 0.0)	(76.0, 0.0)	(77.0, 0.0)	(78.0, 0.0)	(79.0, 0.0)	(80.0, 0.0)	(81.0, 0.0)	(82.0, 0.0)	(83.0, 0.0)	(84.0, 0.0)	(85.0, 0.0)	(86.0, 0.0)	(87.0, 0.0)	(88.0, 0.0)	(89.0, 0.0)	(90.0, 0.0)	(91.0, 0.0)	(92.0, 0.0)	(93.0, 0.0)	(94.0, 0.0)	(95.0, 0.0)	(96.0, 0.0)	(97.0, 0.0)	(98.0, 0.0)	(99.0, 0.0)	(100.0, 0.0)
SRR37700642_2	(0.0, 0.0)	(1.0, 0.0)	(2.0, 0.0)	(3.0, 0.0)	(4.0, 0.0)	(5.0, 0.0)	(6.0, 0.0)	(7.0, 0.0)	(8.0, 0.0)	(9.0, 0.0)	(10.0, 0.0)	(11.0, 0.0)	(12.0, 0.0)	(13.0, 0.0)	(14.0, 0.0)	(15.0, 0.0)	(16.0, 0.0)	(17.0, 0.0)	(18.0, 0.0)	(19.0, 0.0)	(20.0, 0.0)	(21.0, 0.0)	(22.0, 0.0)	(23.0, 0.0)	(24.0, 0.0)	(25.0, 0.0)	(26.0, 0.0)	(27.0, 0.0)	(28.0, 0.0)	(29.0, 0.0)	(30.0, 0.0)	(31.0, 0.0)	(32.0, 0.0)	(33.0, 0.3333333333333333)	(34.0, 1.0)	(35.0, 0.6666666666666666)	(36.0, 1.3333333333333333)	(37.0, 1.9999999999999998)	(38.0, 7.9999999999999964)	(39.0, 3.0)	(40.0, 1.6666666666666665)	(41.0, 1.6666666666666665)	(42.0, 1.9999999999999998)	(43.0, 47.33333333333339)	(44.0, 947.3333333333711)	(45.0, 88.66666666666649)	(46.0, 10.0)	(47.0, 14.666666666666675)	(48.0, 53.0000000000001)	(49.0, 827.6666666666908)	(50.0, 3659.3333333338796)	(51.0, 3033.0000000002615)	(52.0, 422.3333333333268)	(53.0, 421.33333333332683)	(54.0, 122.99999999999933)	(55.0, 130.666666666666)	(56.0, 329.6666666666654)	(57.0, 49.33333333333341)	(58.0, 36.333333333333314)	(59.0, 42.00000000000002)	(60.0, 104.99999999999959)	(61.0, 141.66666666666632)	(62.0, 23.999999999999982)	(63.0, 66.6666666666668)	(64.0, 11.66666666666667)	(65.0, 9.333333333333332)	(66.0, 37.66666666666666)	(67.0, 28.3333333333333)	(68.0, 3.3333333333333335)	(69.0, 2.6666666666666665)	(70.0, 1.6666666666666665)	(71.0, 5.333333333333332)	(72.0, 0.6666666666666666)	(73.0, 0.3333333333333333)	(74.0, 0.3333333333333333)	(75.0, 0.0)	(76.0, 0.0)	(77.0, 0.0)	(78.0, 0.3333333333333333)	(79.0, 0.3333333333333333)	(80.0, 0.0)	(81.0, 0.0)	(82.0, 0.0)	(83.0, 0.0)	(84.0, 0.0)	(85.0, 0.0)	(86.0, 0.0)	(87.0, 0.0)	(88.0, 0.0)	(89.0, 0.0)	(90.0, 0.0)	(91.0, 0.0)	(92.0, 0.0)	(93.0, 0.0)	(94.0, 0.0)	(95.0, 0.0)	(96.0, 0.0)	(97.0, 0.0)	(98.0, 0.0)	(99.0, 0.0)	(100.0, 0.0)
SRR37700643_1	(0.0, 0.0)	(1.0, 0.0)	(2.0, 0.0)	(3.0, 0.0)	(4.0, 0.0)	(5.0, 0.0)	(6.0, 0.0)	(7.0, 0.0)	(8.0, 0.0)	(9.0, 0.0)	(10.0, 0.0)	(11.0, 0.0)	(12.0, 0.0)	(13.0, 0.0)	(14.0, 0.0)	(15.0, 0.0)	(16.0, 0.0)	(17.0, 0.0)	(18.0, 0.0)	(19.0, 0.0)	(20.0, 0.0)	(21.0, 0.0)	(22.0, 0.0)	(23.0, 0.0)	(24.0, 0.0)	(25.0, 0.0)	(26.0, 0.0)	(27.0, 0.0)	(28.0, 0.0)	(29.0, 0.0)	(30.0, 0.0)	(31.0, 0.0)	(32.0, 0.0)	(33.0, 0.0)	(34.0, 0.3333333333333333)	(35.0, 0.0)	(36.0, 0.0)	(37.0, 0.6666666666666666)	(38.0, 0.3333333333333333)	(39.0, 0.0)	(40.0, 0.0)	(41.0, 0.0)	(42.0, 0.6666666666666666)	(43.0, 2.333333333333333)	(44.0, 4.0)	(45.0, 6.999999999999997)	(46.0, 24.666666666666647)	(47.0, 64.66666666666683)	(48.0, 307.0)	(49.0, 2759.3333333334704)	(50.0, 13488.66666667332)	(51.0, 8668.333333331218)	(52.0, 3536.00000000049)	(53.0, 1133.6666666666881)	(54.0, 393.99999999999505)	(55.0, 297.6666666666672)	(56.0, 112.33333333333282)	(57.0, 102.66666666666629)	(58.0, 73.00000000000004)	(59.0, 40.00000000000001)	(60.0, 98.33333333333302)	(61.0, 91.66666666666644)	(62.0, 11.000000000000002)	(63.0, 25.666666666666643)	(64.0, 19.333333333333332)	(65.0, 16.333333333333343)	(66.0, 1.6666666666666665)	(67.0, 1.3333333333333333)	(68.0, 4.333333333333333)	(69.0, 7.666666666666663)	(70.0, 6.666666666666664)	(71.0, 1.0)	(72.0, 0.0)	(73.0, 0.0)	(74.0, 0.0)	(75.0, 0.0)	(76.0, 0.0)	(77.0, 0.0)	(78.0, 0.0)	(79.0, 0.0)	(80.0, 0.0)	(81.0, 0.0)	(82.0, 0.0)	(83.0, 0.0)	(84.0, 0.0)	(85.0, 0.0)	(86.0, 0.0)	(87.0, 0.0)	(88.0, 0.0)	(89.0, 0.0)	(90.0, 0.0)	(91.0, 0.0)	(92.0, 0.0)	(93.0, 0.0)	(94.0, 0.0)	(95.0, 0.0)	(96.0, 0.0)	(97.0, 0.0)	(98.0, 0.0)	(99.0, 0.0)	(100.0, 0.0)
SRR37700643_2	(0.0, 0.0)	(1.0, 0.0)	(2.0, 0.0)	(3.0, 0.0)	(4.0, 0.0)	(5.0, 0.0)	(6.0, 0.0)	(7.0, 0.0)	(8.0, 0.0)	(9.0, 0.0)	(10.0, 0.0)	(11.0, 0.0)	(12.0, 0.3333333333333333)	(13.0, 0.3333333333333333)	(14.0, 0.0)	(15.0, 0.0)	(16.0, 0.0)	(17.0, 0.0)	(18.0, 0.0)	(19.0, 0.0)	(20.0, 0.0)	(21.0, 0.0)	(22.0, 0.0)	(23.0, 0.0)	(24.0, 0.0)	(25.0, 0.0)	(26.0, 0.3333333333333333)	(27.0, 0.0)	(28.0, 0.3333333333333333)	(29.0, 0.3333333333333333)	(30.0, 0.0)	(31.0, 0.0)	(32.0, 0.0)	(33.0, 0.3333333333333333)	(34.0, 0.3333333333333333)	(35.0, 0.6666666666666666)	(36.0, 1.0)	(37.0, 1.0)	(38.0, 0.6666666666666666)	(39.0, 0.6666666666666666)	(40.0, 0.6666666666666666)	(41.0, 1.3333333333333333)	(42.0, 2.333333333333333)	(43.0, 4.0)	(44.0, 4.999999999999999)	(45.0, 4.999999999999999)	(46.0, 14.000000000000007)	(47.0, 42.00000000000002)	(48.0, 291.3333333333342)	(49.0, 6523.333333331871)	(50.0, 14016.66666667428)	(51.0, 6868.999999998223)	(52.0, 1987.9999999998272)	(53.0, 3313.666666667056)	(54.0, 451.66666666665844)	(55.0, 159.66666666666683)	(56.0, 358.99999999999704)	(57.0, 97.66666666666636)	(58.0, 77.66666666666664)	(59.0, 39.0)	(60.0, 48.666666666666735)	(61.0, 62.3333333333335)	(62.0, 19.0)	(63.0, 97.33333333333303)	(64.0, 28.666666666666632)	(65.0, 14.333333333333341)	(66.0, 16.666666666666675)	(67.0, 10.666666666666668)	(68.0, 3.3333333333333335)	(69.0, 1.9999999999999998)	(70.0, 1.3333333333333333)	(71.0, 2.333333333333333)	(72.0, 5.666666666666665)	(73.0, 1.3333333333333333)	(74.0, 1.3333333333333333)	(75.0, 1.9999999999999998)	(76.0, 3.666666666666667)	(77.0, 1.6666666666666665)	(78.0, 0.0)	(79.0, 0.3333333333333333)	(80.0, 0.3333333333333333)	(81.0, 0.3333333333333333)	(82.0, 0.0)	(83.0, 0.0)	(84.0, 0.0)	(85.0, 0.0)	(86.0, 0.0)	(87.0, 0.0)	(88.0, 0.0)	(89.0, 0.0)	(90.0, 0.0)	(91.0, 0.0)	(92.0, 0.0)	(93.0, 0.0)	(94.0, 0.0)	(95.0, 0.0)	(96.0, 0.0)	(97.0, 0.3333333333333333)	(98.0, 0.0)	(99.0, 0.0)	(100.0, 0.0)
SRR37700644_1	(0.0, 0.0)	(1.0, 0.0)	(2.0, 0.0)	(3.0, 0.0)	(4.0, 0.0)	(5.0, 0.0)	(6.0, 0.0)	(7.0, 0.0)	(8.0, 0.0)	(9.0, 0.0)	(10.0, 0.0)	(11.0, 0.0)	(12.0, 0.0)	(13.0, 0.0)	(14.0, 0.0)	(15.0, 0.0)	(16.0, 0.0)	(17.0, 0.0)	(18.0, 0.0)	(19.0, 0.0)	(20.0, 0.0)	(21.0, 0.0)	(22.0, 0.0)	(23.0, 0.0)	(24.0, 0.0)	(25.0, 0.0)	(26.0, 0.0)	(27.0, 0.0)	(28.0, 0.0)	(29.0, 0.3333333333333333)	(30.0, 0.3333333333333333)	(31.0, 0.0)	(32.0, 0.0)	(33.0, 0.0)	(34.0, 0.0)	(35.0, 0.0)	(36.0, 0.0)	(37.0, 0.0)	(38.0, 0.0)	(39.0, 0.0)	(40.0, 0.0)	(41.0, 0.0)	(42.0, 0.3333333333333333)	(43.0, 0.3333333333333333)	(44.0, 1.3333333333333333)	(45.0, 4.333333333333333)	(46.0, 13.33333333333334)	(47.0, 28.999999999999964)	(48.0, 116.66666666666609)	(49.0, 1033.3333333333776)	(50.0, 4593.000000000293)	(51.0, 2846.6666666668434)	(52.0, 2962.666666666896)	(53.0, 1361.333333333303)	(54.0, 1031.333333333378)	(55.0, 2431.333333333321)	(56.0, 413.9999999999939)	(57.0, 192.66666666666777)	(58.0, 213.66666666666836)	(59.0, 137.99999999999955)	(60.0, 434.9999999999927)	(61.0, 441.3333333333257)	(62.0, 51.66666666666676)	(63.0, 38.666666666666664)	(64.0, 155.00000000000003)	(65.0, 132.9999999999994)	(66.0, 6.999999999999997)	(67.0, 5.666666666666665)	(68.0, 8.33333333333333)	(69.0, 8.999999999999998)	(70.0, 22.999999999999986)	(71.0, 4.0)	(72.0, 1.3333333333333333)	(73.0, 0.3333333333333333)	(74.0, 0.0)	(75.0, 0.0)	(76.0, 0.0)	(77.0, 0.0)	(78.0, 0.0)	(79.0, 0.0)	(80.0, 0.0)	(81.0, 0.0)	(82.0, 0.0)	(83.0, 0.0)	(84.0, 0.0)	(85.0, 0.0)	(86.0, 0.0)	(87.0, 0.0)	(88.0, 0.0)	(89.0, 0.0)	(90.0, 0.0)	(91.0, 0.0)	(92.0, 0.0)	(93.0, 0.0)	(94.0, 0.0)	(95.0, 0.0)	(96.0, 0.0)	(97.0, 0.0)	(98.0, 0.0)	(99.0, 0.0)	(100.0, 0.0)
SRR37700644_2	(0.0, 0.0)	(1.0, 0.0)	(2.0, 0.0)	(3.0, 0.0)	(4.0, 0.0)	(5.0, 0.0)	(6.0, 0.0)	(7.0, 0.0)	(8.0, 0.0)	(9.0, 0.0)	(10.0, 0.0)	(11.0, 0.0)	(12.0, 0.0)	(13.0, 0.0)	(14.0, 0.0)	(15.0, 0.0)	(16.0, 0.0)	(17.0, 0.0)	(18.0, 0.0)	(19.0, 0.0)	(20.0, 0.0)	(21.0, 0.0)	(22.0, 0.0)	(23.0, 0.0)	(24.0, 0.0)	(25.0, 0.0)	(26.0, 0.0)	(27.0, 0.0)	(28.0, 0.0)	(29.0, 0.0)	(30.0, 0.0)	(31.0, 0.0)	(32.0, 0.0)	(33.0, 0.0)	(34.0, 0.0)	(35.0, 0.0)	(36.0, 0.0)	(37.0, 0.0)	(38.0, 0.0)	(39.0, 0.3333333333333333)	(40.0, 0.6666666666666666)	(41.0, 0.3333333333333333)	(42.0, 1.0)	(43.0, 0.6666666666666666)	(44.0, 6.999999999999997)	(45.0, 10.666666666666668)	(46.0, 7.666666666666663)	(47.0, 15.666666666666677)	(48.0, 86.66666666666652)	(49.0, 1793.9999999998713)	(50.0, 4634.000000000256)	(51.0, 3155.666666666984)	(52.0, 2176.6666666665387)	(53.0, 2523.0000000000296)	(54.0, 1156.3333333333496)	(55.0, 929.3333333333691)	(56.0, 2357.3333333332876)	(57.0, 369.6666666666631)	(58.0, 196.66666666666788)	(59.0, 51.000000000000085)	(60.0, 111.33333333333283)	(61.0, 203.66666666666808)	(62.0, 82.66666666666657)	(63.0, 460.3333333333246)	(64.0, 76.33333333333333)	(65.0, 51.000000000000085)	(66.0, 151.33333333333326)	(67.0, 121.33333333333269)	(68.0, 4.666666666666666)	(69.0, 2.333333333333333)	(70.0, 2.6666666666666665)	(71.0, 1.9999999999999998)	(72.0, 5.999999999999998)	(73.0, 3.3333333333333335)	(74.0, 3.3333333333333335)	(75.0, 6.999999999999997)	(76.0, 15.333333333333343)	(77.0, 7.666666666666663)	(78.0, 0.3333333333333333)	(79.0, 0.0)	(80.0, 0.3333333333333333)	(81.0, 0.3333333333333333)	(82.0, 0.0)	(83.0, 0.0)	(84.0, 0.0)	(85.0, 0.0)	(86.0, 0.0)	(87.0, 0.0)	(88.0, 0.0)	(89.0, 0.0)	(90.0, 0.0)	(91.0, 0.0)	(92.0, 0.0)	(93.0, 0.0)	(94.0, 0.0)	(95.0, 0.0)	(96.0, 0.0)	(97.0, 0.0)	(98.0, 0.0)	(99.0, 0.0)	(100.0, 0.0)
SRR37700645_1	(0.0, 0.0)	(1.0, 0.0)	(2.0, 0.0)	(3.0, 0.0)	(4.0, 0.0)	(5.0, 0.0)	(6.0, 0.0)	(7.0, 0.0)	(8.0, 0.0)	(9.0, 0.0)	(10.0, 0.0)	(11.0, 0.0)	(12.0, 0.0)	(13.0, 0.0)	(14.0, 0.0)	(15.0, 0.0)	(16.0, 0.0)	(17.0, 0.0)	(18.0, 0.0)	(19.0, 0.0)	(20.0, 0.0)	(21.0, 0.0)	(22.0, 0.0)	(23.0, 0.0)	(24.0, 0.0)	(25.0, 0.0)	(26.0, 0.0)	(27.0, 0.0)	(28.0, 0.0)	(29.0, 0.0)	(30.0, 0.0)	(31.0, 0.0)	(32.0, 0.0)	(33.0, 0.0)	(34.0, 0.0)	(35.0, 0.3333333333333333)	(36.0, 0.3333333333333333)	(37.0, 0.0)	(38.0, 0.0)	(39.0, 0.3333333333333333)	(40.0, 0.6666666666666666)	(41.0, 1.0)	(42.0, 1.0)	(43.0, 1.9999999999999998)	(44.0, 2.6666666666666665)	(45.0, 6.666666666666664)	(46.0, 16.00000000000001)	(47.0, 43.333333333333364)	(48.0, 227.33333333333542)	(49.0, 1885.3333333331839)	(50.0, 6555.3333333318415)	(51.0, 4082.0000000007385)	(52.0, 2514.333333333359)	(53.0, 1585.6666666665853)	(54.0, 513.3333333333218)	(55.0, 1381.6666666666317)	(56.0, 209.3333333333349)	(57.0, 87.99999999999983)	(58.0, 593.9999999999976)	(59.0, 453.66666666665833)	(60.0, 387.9999999999954)	(61.0, 377.99999999999596)	(62.0, 23.999999999999982)	(63.0, 23.333333333333318)	(64.0, 34.3333333333333)	(65.0, 26.333333333333307)	(66.0, 3.666666666666667)	(67.0, 1.6666666666666665)	(68.0, 0.3333333333333333)	(69.0, 1.6666666666666665)	(70.0, 0.6666666666666666)	(71.0, 0.0)	(72.0, 0.0)	(73.0, 0.3333333333333333)	(74.0, 0.3333333333333333)	(75.0, 0.0)	(76.0, 0.0)	(77.0, 0.0)	(78.0, 0.0)	(79.0, 0.0)	(80.0, 0.0)	(81.0, 0.0)	(82.0, 0.0)	(83.0, 0.0)	(84.0, 0.0)	(85.0, 0.0)	(86.0, 0.0)	(87.0, 0.0)	(88.0, 0.0)	(89.0, 0.0)	(90.0, 0.0)	(91.0, 0.0)	(92.0, 0.0)	(93.0, 0.0)	(94.0, 0.0)	(95.0, 0.0)	(96.0, 0.0)	(97.0, 0.0)	(98.0, 0.0)	(99.0, 0.0)	(100.0, 0.0)
SRR37700645_2	(0.0, 0.0)	(1.0, 0.0)	(2.0, 0.0)	(3.0, 0.0)	(4.0, 0.0)	(5.0, 0.0)	(6.0, 0.0)	(7.0, 0.0)	(8.0, 0.0)	(9.0, 0.0)	(10.0, 0.0)	(11.0, 0.0)	(12.0, 0.0)	(13.0, 0.0)	(14.0, 0.0)	(15.0, 0.0)	(16.0, 0.0)	(17.0, 0.0)	(18.0, 0.0)	(19.0, 0.0)	(20.0, 0.0)	(21.0, 0.0)	(22.0, 0.0)	(23.0, 0.0)	(24.0, 0.0)	(25.0, 0.0)	(26.0, 0.0)	(27.0, 0.0)	(28.0, 0.0)	(29.0, 0.0)	(30.0, 0.0)	(31.0, 0.0)	(32.0, 0.0)	(33.0, 0.0)	(34.0, 0.0)	(35.0, 0.6666666666666666)	(36.0, 0.3333333333333333)	(37.0, 0.6666666666666666)	(38.0, 1.0)	(39.0, 0.0)	(40.0, 1.0)	(41.0, 1.3333333333333333)	(42.0, 1.0)	(43.0, 0.6666666666666666)	(44.0, 4.0)	(45.0, 4.0)	(46.0, 4.0)	(47.0, 16.00000000000001)	(48.0, 133.33333333333275)	(49.0, 1863.3333333331889)	(50.0, 6290.6666666654155)	(51.0, 5372.333333332917)	(52.0, 2423.666666666651)	(53.0, 3101.6666666669594)	(54.0, 1249.6666666666617)	(55.0, 441.3333333333257)	(56.0, 1273.333333333323)	(57.0, 157.66666666666677)	(58.0, 44.66666666666671)	(59.0, 49.00000000000007)	(60.0, 242.0000000000025)	(61.0, 576.6666666666623)	(62.0, 131.66666666666603)	(63.0, 395.99999999999494)	(64.0, 58.000000000000135)	(65.0, 20.66666666666666)	(66.0, 33.999999999999964)	(67.0, 26.99999999999997)	(68.0, 3.0)	(69.0, 1.9999999999999998)	(70.0, 0.0)	(71.0, 0.3333333333333333)	(72.0, 0.6666666666666666)	(73.0, 0.0)	(74.0, 0.3333333333333333)	(75.0, 0.3333333333333333)	(76.0, 0.6666666666666666)	(77.0, 0.3333333333333333)	(78.0, 0.0)	(79.0, 0.0)	(80.0, 0.0)	(81.0, 0.0)	(82.0, 0.0)	(83.0, 0.0)	(84.0, 0.0)	(85.0, 0.3333333333333333)	(86.0, 0.3333333333333333)	(87.0, 0.0)	(88.0, 0.3333333333333333)	(89.0, 0.0)	(90.0, 0.0)	(91.0, 0.0)	(92.0, 0.0)	(93.0, 0.0)	(94.0, 0.0)	(95.0, 0.0)	(96.0, 0.0)	(97.0, 0.0)	(98.0, 0.0)	(99.0, 0.0)	(100.0, 0.0)
SRR37700646_1	(0.0, 0.0)	(1.0, 0.0)	(2.0, 0.0)	(3.0, 0.0)	(4.0, 0.0)	(5.0, 0.0)	(6.0, 0.0)	(7.0, 0.0)	(8.0, 0.0)	(9.0, 0.0)	(10.0, 0.0)	(11.0, 0.0)	(12.0, 0.0)	(13.0, 0.0)	(14.0, 0.0)	(15.0, 0.3333333333333333)	(16.0, 0.3333333333333333)	(17.0, 0.0)	(18.0, 0.3333333333333333)	(19.0, 0.0)	(20.0, 0.3333333333333333)	(21.0, 0.0)	(22.0, 0.0)	(23.0, 0.0)	(24.0, 0.0)	(25.0, 0.0)	(26.0, 0.0)	(27.0, 0.0)	(28.0, 0.0)	(29.0, 0.0)	(30.0, 0.0)	(31.0, 0.0)	(32.0, 0.0)	(33.0, 0.3333333333333333)	(34.0, 1.0)	(35.0, 1.6666666666666665)	(36.0, 4.666666666666666)	(37.0, 69.33333333333343)	(38.0, 62.00000000000016)	(39.0, 1.6666666666666665)	(40.0, 2.333333333333333)	(41.0, 1.0)	(42.0, 4.333333333333333)	(43.0, 4.666666666666666)	(44.0, 8.999999999999998)	(45.0, 109.66666666666619)	(46.0, 183.6666666666675)	(47.0, 360.6666666666636)	(48.0, 176.00000000000063)	(49.0, 794.3333333333537)	(50.0, 2163.9999999998663)	(51.0, 4751.333333333482)	(52.0, 3817.3333333339515)	(53.0, 2483.0000000000114)	(54.0, 1506.6666666666033)	(55.0, 2182.999999999875)	(56.0, 1293.3333333333185)	(57.0, 507.66666666665526)	(58.0, 141.99999999999966)	(59.0, 31.999999999999954)	(60.0, 11.000000000000002)	(61.0, 35.99999999999998)	(62.0, 37.33333333333332)	(63.0, 20.66666666666666)	(64.0, 36.66666666666665)	(65.0, 31.66666666666662)	(66.0, 20.999999999999993)	(67.0, 19.333333333333332)	(68.0, 36.999999999999986)	(69.0, 66.33333333333347)	(70.0, 6.999999999999997)	(71.0, 1.9999999999999998)	(72.0, 1.0)	(73.0, 0.0)	(74.0, 0.0)	(75.0, 0.0)	(76.0, 0.0)	(77.0, 0.0)	(78.0, 0.0)	(79.0, 0.0)	(80.0, 0.0)	(81.0, 0.0)	(82.0, 0.0)	(83.0, 0.0)	(84.0, 0.0)	(85.0, 0.0)	(86.0, 0.0)	(87.0, 0.0)	(88.0, 0.0)	(89.0, 0.0)	(90.0, 0.0)	(91.0, 0.0)	(92.0, 0.0)	(93.0, 0.0)	(94.0, 0.0)	(95.0, 0.0)	(96.0, 0.0)	(97.0, 0.0)	(98.0, 0.0)	(99.0, 0.0)	(100.0, 0.0)
SRR37700646_2	(0.0, 0.0)	(1.0, 0.0)	(2.0, 0.0)	(3.0, 0.0)	(4.0, 0.0)	(5.0, 0.0)	(6.0, 0.0)	(7.0, 0.0)	(8.0, 0.0)	(9.0, 0.0)	(10.0, 0.0)	(11.0, 0.0)	(12.0, 0.0)	(13.0, 0.0)	(14.0, 0.0)	(15.0, 0.0)	(16.0, 0.0)	(17.0, 0.0)	(18.0, 0.0)	(19.0, 0.0)	(20.0, 0.0)	(21.0, 0.0)	(22.0, 0.0)	(23.0, 0.0)	(24.0, 0.0)	(25.0, 0.0)	(26.0, 0.0)	(27.0, 0.0)	(28.0, 0.0)	(29.0, 0.0)	(30.0, 0.0)	(31.0, 0.3333333333333333)	(32.0, 1.3333333333333333)	(33.0, 3.666666666666667)	(34.0, 6.333333333333331)	(35.0, 10.333333333333334)	(36.0, 13.666666666666673)	(37.0, 57.00000000000013)	(38.0, 112.99999999999947)	(39.0, 25.999999999999975)	(40.0, 11.333333333333336)	(41.0, 7.9999999999999964)	(42.0, 5.999999999999998)	(43.0, 9.666666666666666)	(44.0, 82.66666666666657)	(45.0, 64.66666666666683)	(46.0, 60.333333333333485)	(47.0, 99.99999999999966)	(48.0, 387.6666666666621)	(49.0, 721.6666666666788)	(50.0, 954.3333333333719)	(51.0, 1514.6666666666015)	(52.0, 3710.0000000005693)	(53.0, 5721.999999999266)	(54.0, 3273.0000000003706)	(55.0, 1721.9999999998877)	(56.0, 2733.000000000125)	(57.0, 980.6666666667082)	(58.0, 552.3333333333262)	(59.0, 156.66666666666674)	(60.0, 104.99999999999959)	(61.0, 53.0000000000001)	(62.0, 23.66666666666665)	(63.0, 34.99999999999997)	(64.0, 10.666666666666668)	(65.0, 25.33333333333331)	(66.0, 60.66666666666682)	(67.0, 27.666666666666636)	(68.0, 7.33333333333333)	(69.0, 10.333333333333334)	(70.0, 4.333333333333333)	(71.0, 15.666666666666677)	(72.0, 58.000000000000135)	(73.0, 13.666666666666673)	(74.0, 3.0)	(75.0, 1.3333333333333333)	(76.0, 1.9999999999999998)	(77.0, 0.3333333333333333)	(78.0, 0.0)	(79.0, 0.0)	(80.0, 0.0)	(81.0, 0.0)	(82.0, 0.0)	(83.0, 0.0)	(84.0, 0.0)	(85.0, 0.3333333333333333)	(86.0, 0.3333333333333333)	(87.0, 0.0)	(88.0, 0.0)	(89.0, 0.0)	(90.0, 0.0)	(91.0, 0.0)	(92.0, 0.0)	(93.0, 0.0)	(94.0, 0.0)	(95.0, 0.0)	(96.0, 0.0)	(97.0, 0.0)	(98.0, 0.0)	(99.0, 0.0)	(100.0, 0.0)
SRR37700647_1	(0.0, 0.0)	(1.0, 0.0)	(2.0, 0.0)	(3.0, 0.0)	(4.0, 0.0)	(5.0, 0.0)	(6.0, 0.0)	(7.0, 0.0)	(8.0, 0.0)	(9.0, 0.0)	(10.0, 0.0)	(11.0, 0.0)	(12.0, 0.0)	(13.0, 0.0)	(14.0, 0.0)	(15.0, 0.0)	(16.0, 0.0)	(17.0, 0.0)	(18.0, 0.0)	(19.0, 0.0)	(20.0, 0.0)	(21.0, 0.0)	(22.0, 0.0)	(23.0, 0.0)	(24.0, 0.0)	(25.0, 0.0)	(26.0, 0.0)	(27.0, 0.0)	(28.0, 0.0)	(29.0, 0.0)	(30.0, 0.0)	(31.0, 0.0)	(32.0, 0.0)	(33.0, 0.0)	(34.0, 0.0)	(35.0, 0.0)	(36.0, 0.0)	(37.0, 0.0)	(38.0, 0.0)	(39.0, 0.0)	(40.0, 0.0)	(41.0, 0.0)	(42.0, 1.0)	(43.0, 7.666666666666663)	(44.0, 57.00000000000013)	(45.0, 27.999999999999968)	(46.0, 66.00000000000014)	(47.0, 207.33333333333485)	(48.0, 1297.999999999984)	(49.0, 8749.999999998034)	(50.0, 7775.666666664065)	(51.0, 1508.3333333332696)	(52.0, 2241.6666666665683)	(53.0, 576.9999999999957)	(54.0, 355.6666666666639)	(55.0, 728.0000000000128)	(56.0, 144.33333333333306)	(57.0, 19.333333333333332)	(58.0, 57.00000000000013)	(59.0, 56.33333333333346)	(60.0, 258.0000000000028)	(61.0, 274.3333333333352)	(62.0, 20.999999999999993)	(63.0, 25.999999999999975)	(64.0, 35.99999999999998)	(65.0, 34.666666666666636)	(66.0, 3.0)	(67.0, 1.6666666666666665)	(68.0, 1.9999999999999998)	(69.0, 5.999999999999998)	(70.0, 21.99999999999999)	(71.0, 3.666666666666667)	(72.0, 1.3333333333333333)	(73.0, 1.3333333333333333)	(74.0, 1.0)	(75.0, 0.0)	(76.0, 0.0)	(77.0, 0.0)	(78.0, 0.0)	(79.0, 0.0)	(80.0, 0.0)	(81.0, 0.0)	(82.0, 0.0)	(83.0, 0.0)	(84.0, 0.0)	(85.0, 0.0)	(86.0, 0.0)	(87.0, 0.0)	(88.0, 0.0)	(89.0, 0.0)	(90.0, 0.0)	(91.0, 0.0)	(92.0, 0.0)	(93.0, 0.0)	(94.0, 0.0)	(95.0, 0.0)	(96.0, 0.0)	(97.0, 0.0)	(98.0, 0.0)	(99.0, 0.0)	(100.0, 0.0)
SRR37700647_2	(0.0, 0.0)	(1.0, 0.0)	(2.0, 0.0)	(3.0, 0.0)	(4.0, 0.0)	(5.0, 0.0)	(6.0, 0.0)	(7.0, 0.0)	(8.0, 0.0)	(9.0, 0.0)	(10.0, 0.0)	(11.0, 0.0)	(12.0, 0.0)	(13.0, 0.0)	(14.0, 0.0)	(15.0, 0.0)	(16.0, 0.0)	(17.0, 0.0)	(18.0, 0.0)	(19.0, 0.0)	(20.0, 0.0)	(21.0, 0.0)	(22.0, 0.0)	(23.0, 0.0)	(24.0, 0.0)	(25.0, 0.0)	(26.0, 0.0)	(27.0, 0.0)	(28.0, 0.0)	(29.0, 0.0)	(30.0, 0.0)	(31.0, 0.0)	(32.0, 0.0)	(33.0, 0.0)	(34.0, 0.0)	(35.0, 0.0)	(36.0, 0.6666666666666666)	(37.0, 1.3333333333333333)	(38.0, 1.0)	(39.0, 1.3333333333333333)	(40.0, 1.9999999999999998)	(41.0, 1.3333333333333333)	(42.0, 1.9999999999999998)	(43.0, 5.333333333333332)	(44.0, 52.00000000000009)	(45.0, 54.66666666666678)	(46.0, 15.000000000000009)	(47.0, 44.000000000000036)	(48.0, 806.3333333333551)	(49.0, 10221.666666667377)	(50.0, 6653.333333331752)	(51.0, 4773.333333333462)	(52.0, 2553.000000000043)	(53.0, 2042.9999999998147)	(54.0, 266.33333333333564)	(55.0, 318.666666666666)	(56.0, 783.3333333333525)	(57.0, 138.99999999999957)	(58.0, 33.999999999999964)	(59.0, 4.0)	(60.0, 15.666666666666677)	(61.0, 63.333333333333506)	(62.0, 65.66666666666681)	(63.0, 278.00000000000165)	(64.0, 53.66666666666677)	(65.0, 11.66666666666667)	(66.0, 32.99999999999996)	(67.0, 28.666666666666632)	(68.0, 1.3333333333333333)	(69.0, 1.3333333333333333)	(70.0, 3.0)	(71.0, 2.6666666666666665)	(72.0, 3.0)	(73.0, 1.3333333333333333)	(74.0, 3.0)	(75.0, 10.666666666666668)	(76.0, 15.000000000000009)	(77.0, 5.999999999999998)	(78.0, 0.6666666666666666)	(79.0, 0.0)	(80.0, 0.0)	(81.0, 0.0)	(82.0, 0.0)	(83.0, 0.0)	(84.0, 0.0)	(85.0, 0.0)	(86.0, 0.0)	(87.0, 0.0)	(88.0, 0.0)	(89.0, 0.0)	(90.0, 0.0)	(91.0, 0.0)	(92.0, 0.0)	(93.0, 0.0)	(94.0, 0.0)	(95.0, 0.3333333333333333)	(96.0, 0.3333333333333333)	(97.0, 0.0)	(98.0, 0.0)	(99.0, 0.3333333333333333)	(100.0, 0.0)
SRR37700649_1	(0.0, 0.0)	(1.0, 0.0)	(2.0, 0.0)	(3.0, 0.0)	(4.0, 0.0)	(5.0, 0.0)	(6.0, 0.0)	(7.0, 0.0)	(8.0, 0.0)	(9.0, 0.0)	(10.0, 0.0)	(11.0, 0.0)	(12.0, 0.0)	(13.0, 0.0)	(14.0, 0.0)	(15.0, 0.0)	(16.0, 0.0)	(17.0, 0.0)	(18.0, 0.0)	(19.0, 0.0)	(20.0, 0.0)	(21.0, 0.0)	(22.0, 0.0)	(23.0, 0.0)	(24.0, 0.0)	(25.0, 0.3333333333333333)	(26.0, 0.3333333333333333)	(27.0, 0.0)	(28.0, 0.0)	(29.0, 0.0)	(30.0, 0.0)	(31.0, 0.0)	(32.0, 0.0)	(33.0, 0.0)	(34.0, 0.0)	(35.0, 0.0)	(36.0, 0.0)	(37.0, 1.0)	(38.0, 0.3333333333333333)	(39.0, 0.0)	(40.0, 0.3333333333333333)	(41.0, 0.3333333333333333)	(42.0, 0.0)	(43.0, 0.3333333333333333)	(44.0, 2.333333333333333)	(45.0, 10.0)	(46.0, 20.33333333333333)	(47.0, 36.333333333333314)	(48.0, 213.00000000000168)	(49.0, 2276.666666666584)	(50.0, 7502.999999997646)	(51.0, 2422.6666666666506)	(52.0, 3298.3333333337155)	(53.0, 2047.9999999998136)	(54.0, 288.6666666666677)	(55.0, 283.666666666668)	(56.0, 122.666666666666)	(57.0, 46.66666666666672)	(58.0, 331.66666666666526)	(59.0, 404.6666666666611)	(60.0, 1036.0000000000437)	(61.0, 979.0000000000414)	(62.0, 61.33333333333349)	(63.0, 112.99999999999947)	(64.0, 36.999999999999986)	(65.0, 21.333333333333325)	(66.0, 3.3333333333333335)	(67.0, 1.9999999999999998)	(68.0, 3.0)	(69.0, 6.666666666666664)	(70.0, 11.66666666666667)	(71.0, 0.3333333333333333)	(72.0, 0.3333333333333333)	(73.0, 0.0)	(74.0, 0.3333333333333333)	(75.0, 0.0)	(76.0, 0.0)	(77.0, 0.0)	(78.0, 0.0)	(79.0, 0.0)	(80.0, 0.0)	(81.0, 0.0)	(82.0, 0.0)	(83.0, 0.0)	(84.0, 0.0)	(85.0, 0.0)	(86.0, 0.0)	(87.0, 0.0)	(88.0, 0.0)	(89.0, 0.0)	(90.0, 0.0)	(91.0, 0.0)	(92.0, 0.0)	(93.0, 0.0)	(94.0, 0.0)	(95.0, 0.0)	(96.0, 0.0)	(97.0, 0.0)	(98.0, 0.0)	(99.0, 0.0)	(100.0, 0.0)
SRR37700649_2	(0.0, 0.0)	(1.0, 0.0)	(2.0, 0.0)	(3.0, 0.0)	(4.0, 0.0)	(5.0, 0.0)	(6.0, 0.0)	(7.0, 0.0)	(8.0, 0.0)	(9.0, 0.0)	(10.0, 0.0)	(11.0, 0.0)	(12.0, 0.0)	(13.0, 0.0)	(14.0, 0.0)	(15.0, 0.0)	(16.0, 0.0)	(17.0, 0.0)	(18.0, 0.0)	(19.0, 0.0)	(20.0, 0.0)	(21.0, 0.0)	(22.0, 0.0)	(23.0, 0.0)	(24.0, 0.0)	(25.0, 0.0)	(26.0, 0.0)	(27.0, 0.0)	(28.0, 0.0)	(29.0, 0.0)	(30.0, 0.0)	(31.0, 0.0)	(32.0, 0.0)	(33.0, 0.0)	(34.0, 0.0)	(35.0, 0.6666666666666666)	(36.0, 1.0)	(37.0, 1.9999999999999998)	(38.0, 1.3333333333333333)	(39.0, 1.3333333333333333)	(40.0, 1.3333333333333333)	(41.0, 0.6666666666666666)	(42.0, 0.3333333333333333)	(43.0, 1.0)	(44.0, 6.666666666666664)	(45.0, 12.333333333333337)	(46.0, 6.666666666666664)	(47.0, 15.666666666666677)	(48.0, 143.33333333333303)	(49.0, 864.0000000000283)	(50.0, 5396.999999999562)	(51.0, 6989.333333331447)	(52.0, 4401.3333333338005)	(53.0, 4115.666666667394)	(54.0, 1652.66666666657)	(55.0, 221.0000000000019)	(56.0, 235.33333333333564)	(57.0, 78.66666666666663)	(58.0, 43.6666666666667)	(59.0, 35.66666666666664)	(60.0, 103.66666666666627)	(61.0, 406.9999999999943)	(62.0, 290.6666666666676)	(63.0, 1013.3333333333786)	(64.0, 201.33333333333468)	(65.0, 38.33333333333333)	(66.0, 22.666666666666654)	(67.0, 13.000000000000005)	(68.0, 1.6666666666666665)	(69.0, 0.6666666666666666)	(70.0, 1.3333333333333333)	(71.0, 1.6666666666666665)	(72.0, 1.6666666666666665)	(73.0, 1.0)	(74.0, 1.0)	(75.0, 5.333333333333332)	(76.0, 8.999999999999998)	(77.0, 3.3333333333333335)	(78.0, 0.3333333333333333)	(79.0, 0.0)	(80.0, 0.3333333333333333)	(81.0, 0.0)	(82.0, 0.0)	(83.0, 0.0)	(84.0, 0.0)	(85.0, 0.0)	(86.0, 0.0)	(87.0, 0.0)	(88.0, 0.0)	(89.0, 0.0)	(90.0, 0.0)	(91.0, 0.0)	(92.0, 0.0)	(93.0, 0.3333333333333333)	(94.0, 0.3333333333333333)	(95.0, 0.0)	(96.0, 0.0)	(97.0, 0.0)	(98.0, 0.0)	(99.0, 0.0)	(100.0, 0.0)
SRR37700650_1	(0.0, 0.0)	(1.0, 0.0)	(2.0, 0.0)	(3.0, 0.0)	(4.0, 0.0)	(5.0, 0.0)	(6.0, 0.0)	(7.0, 0.0)	(8.0, 0.0)	(9.0, 0.0)	(10.0, 0.0)	(11.0, 0.0)	(12.0, 0.0)	(13.0, 0.0)	(14.0, 0.0)	(15.0, 0.0)	(16.0, 0.0)	(17.0, 0.0)	(18.0, 0.0)	(19.0, 0.0)	(20.0, 0.0)	(21.0, 0.0)	(22.0, 0.0)	(23.0, 0.0)	(24.0, 0.0)	(25.0, 0.0)	(26.0, 0.0)	(27.0, 0.0)	(28.0, 0.0)	(29.0, 0.0)	(30.0, 0.0)	(31.0, 0.0)	(32.0, 0.0)	(33.0, 0.0)	(34.0, 0.0)	(35.0, 0.0)	(36.0, 0.0)	(37.0, 0.3333333333333333)	(38.0, 0.3333333333333333)	(39.0, 0.0)	(40.0, 0.0)	(41.0, 0.0)	(42.0, 0.0)	(43.0, 1.3333333333333333)	(44.0, 1.6666666666666665)	(45.0, 4.0)	(46.0, 9.666666666666666)	(47.0, 28.3333333333333)	(48.0, 194.00000000000114)	(49.0, 2164.6666666665333)	(50.0, 8020.333333330509)	(51.0, 3947.666666667344)	(52.0, 3627.6666666671986)	(53.0, 2023.999999999819)	(54.0, 423.66666666666003)	(55.0, 811.3333333333557)	(56.0, 173.33333333333388)	(57.0, 88.33333333333316)	(58.0, 580.9999999999961)	(59.0, 533.6666666666574)	(60.0, 399.6666666666614)	(61.0, 374.3333333333295)	(62.0, 31.999999999999954)	(63.0, 30.999999999999957)	(64.0, 22.999999999999986)	(65.0, 13.000000000000005)	(66.0, 4.999999999999999)	(67.0, 4.0)	(68.0, 4.333333333333333)	(69.0, 3.0)	(70.0, 2.6666666666666665)	(71.0, 0.6666666666666666)	(72.0, 0.3333333333333333)	(73.0, 0.0)	(74.0, 0.0)	(75.0, 0.0)	(76.0, 0.0)	(77.0, 0.0)	(78.0, 0.0)	(79.0, 0.0)	(80.0, 0.0)	(81.0, 0.0)	(82.0, 0.0)	(83.0, 0.0)	(84.0, 0.0)	(85.0, 0.0)	(86.0, 0.0)	(87.0, 0.0)	(88.0, 0.0)	(89.0, 0.0)	(90.0, 0.0)	(91.0, 0.0)	(92.0, 0.0)	(93.0, 0.0)	(94.0, 0.0)	(95.0, 0.0)	(96.0, 0.0)	(97.0, 0.0)	(98.0, 0.0)	(99.0, 0.0)	(100.0, 0.0)
SRR37700650_2	(0.0, 0.0)	(1.0, 0.0)	(2.0, 0.0)	(3.0, 0.0)	(4.0, 0.0)	(5.0, 0.0)	(6.0, 0.0)	(7.0, 0.0)	(8.0, 0.0)	(9.0, 0.0)	(10.0, 0.0)	(11.0, 0.0)	(12.0, 0.0)	(13.0, 0.0)	(14.0, 0.0)	(15.0, 0.0)	(16.0, 0.0)	(17.0, 0.0)	(18.0, 0.0)	(19.0, 0.0)	(20.0, 0.0)	(21.0, 0.0)	(22.0, 0.0)	(23.0, 0.0)	(24.0, 0.0)	(25.0, 0.0)	(26.0, 0.0)	(27.0, 0.0)	(28.0, 0.0)	(29.0, 0.0)	(30.0, 0.0)	(31.0, 0.0)	(32.0, 0.0)	(33.0, 0.3333333333333333)	(34.0, 0.6666666666666666)	(35.0, 0.3333333333333333)	(36.0, 0.0)	(37.0, 0.0)	(38.0, 0.3333333333333333)	(39.0, 1.6666666666666665)	(40.0, 1.9999999999999998)	(41.0, 0.3333333333333333)	(42.0, 1.3333333333333333)	(43.0, 1.9999999999999998)	(44.0, 3.0)	(45.0, 4.333333333333333)	(46.0, 8.666666666666664)	(47.0, 30.333333333333293)	(48.0, 230.00000000000216)	(49.0, 4357.3333333338405)	(50.0, 7678.33333333082)	(51.0, 4140.333333334038)	(52.0, 2244.6666666665697)	(53.0, 3657.0000000005452)	(54.0, 1411.9999999999582)	(55.0, 280.66666666666816)	(56.0, 699.0000000000095)	(57.0, 122.666666666666)	(58.0, 65.33333333333348)	(59.0, 69.33333333333343)	(60.0, 214.6666666666684)	(61.0, 580.9999999999961)	(62.0, 155.33333333333337)	(63.0, 405.66666666666106)	(64.0, 64.00000000000017)	(65.0, 28.999999999999964)	(66.0, 20.33333333333333)	(67.0, 13.33333333333334)	(68.0, 4.666666666666666)	(69.0, 2.6666666666666665)	(70.0, 1.0)	(71.0, 2.6666666666666665)	(72.0, 1.6666666666666665)	(73.0, 1.6666666666666665)	(74.0, 0.3333333333333333)	(75.0, 1.0)	(76.0, 1.0)	(77.0, 0.3333333333333333)	(78.0, 0.0)	(79.0, 0.0)	(80.0, 0.0)	(81.0, 0.0)	(82.0, 0.0)	(83.0, 0.0)	(84.0, 0.0)	(85.0, 0.0)	(86.0, 0.0)	(87.0, 0.0)	(88.0, 0.0)	(89.0, 0.0)	(90.0, 0.0)	(91.0, 0.0)	(92.0, 0.0)	(93.0, 0.0)	(94.0, 0.0)	(95.0, 0.0)	(96.0, 0.0)	(97.0, 0.0)	(98.0, 0.0)	(99.0, 0.0)	(100.0, 0.0)
SRR37700651_1	(0.0, 0.0)	(1.0, 0.0)	(2.0, 0.0)	(3.0, 0.0)	(4.0, 0.0)	(5.0, 0.0)	(6.0, 0.0)	(7.0, 0.0)	(8.0, 0.0)	(9.0, 0.0)	(10.0, 0.0)	(11.0, 0.0)	(12.0, 0.0)	(13.0, 0.0)	(14.0, 0.0)	(15.0, 0.0)	(16.0, 0.0)	(17.0, 0.0)	(18.0, 0.0)	(19.0, 0.0)	(20.0, 0.0)	(21.0, 0.0)	(22.0, 0.0)	(23.0, 0.0)	(24.0, 0.0)	(25.0, 0.0)	(26.0, 0.0)	(27.0, 0.0)	(28.0, 0.0)	(29.0, 0.0)	(30.0, 0.0)	(31.0, 0.0)	(32.0, 0.0)	(33.0, 0.0)	(34.0, 0.0)	(35.0, 0.0)	(36.0, 0.3333333333333333)	(37.0, 0.6666666666666666)	(38.0, 0.0)	(39.0, 0.0)	(40.0, 0.3333333333333333)	(41.0, 0.6666666666666666)	(42.0, 1.3333333333333333)	(43.0, 5.666666666666665)	(44.0, 8.666666666666664)	(45.0, 31.33333333333329)	(46.0, 226.66666666666873)	(47.0, 358.66666666666373)	(48.0, 564.666666666661)	(49.0, 1540.9999999999288)	(50.0, 2767.6666666668075)	(51.0, 1993.3333333331593)	(52.0, 5666.666666665983)	(53.0, 2243.3333333332357)	(54.0, 1599.6666666665822)	(55.0, 1450.3333333332828)	(56.0, 895.6666666666986)	(57.0, 825.6666666666906)	(58.0, 648.0000000000038)	(59.0, 481.99999999999005)	(60.0, 2356.333333333287)	(61.0, 2264.3333333332453)	(62.0, 140.33333333333294)	(63.0, 221.0000000000019)	(64.0, 307.99999999999994)	(65.0, 227.00000000000207)	(66.0, 29.99999999999996)	(67.0, 23.999999999999982)	(68.0, 19.333333333333332)	(69.0, 17.000000000000007)	(70.0, 18.333333333333336)	(71.0, 3.0)	(72.0, 1.3333333333333333)	(73.0, 0.3333333333333333)	(74.0, 0.0)	(75.0, 0.0)	(76.0, 0.0)	(77.0, 0.0)	(78.0, 0.0)	(79.0, 0.0)	(80.0, 0.0)	(81.0, 0.0)	(82.0, 0.0)	(83.0, 0.0)	(84.0, 0.0)	(85.0, 0.0)	(86.0, 0.0)	(87.0, 0.0)	(88.0, 0.0)	(89.0, 0.0)	(90.0, 0.0)	(91.0, 0.0)	(92.0, 0.0)	(93.0, 0.0)	(94.0, 0.0)	(95.0, 0.0)	(96.0, 0.0)	(97.0, 0.0)	(98.0, 0.0)	(99.0, 0.0)	(100.0, 0.0)
SRR37700651_2	(0.0, 0.0)	(1.0, 0.0)	(2.0, 0.0)	(3.0, 0.0)	(4.0, 0.0)	(5.0, 0.0)	(6.0, 0.0)	(7.0, 0.0)	(8.0, 0.0)	(9.0, 0.0)	(10.0, 0.0)	(11.0, 0.0)	(12.0, 0.0)	(13.0, 0.0)	(14.0, 0.0)	(15.0, 0.0)	(16.0, 0.0)	(17.0, 0.0)	(18.0, 0.0)	(19.0, 0.0)	(20.0, 0.0)	(21.0, 0.0)	(22.0, 0.0)	(23.0, 0.0)	(24.0, 0.0)	(25.0, 0.0)	(26.0, 0.0)	(27.0, 0.0)	(28.0, 0.0)	(29.0, 0.0)	(30.0, 0.0)	(31.0, 0.0)	(32.0, 0.3333333333333333)	(33.0, 0.3333333333333333)	(34.0, 0.3333333333333333)	(35.0, 0.3333333333333333)	(36.0, 0.6666666666666666)	(37.0, 0.6666666666666666)	(38.0, 1.3333333333333333)	(39.0, 1.0)	(40.0, 0.6666666666666666)	(41.0, 1.0)	(42.0, 3.0)	(43.0, 3.3333333333333335)	(44.0, 145.99999999999977)	(45.0, 166.33333333333368)	(46.0, 24.99999999999998)	(47.0, 42.00000000000002)	(48.0, 144.33333333333306)	(49.0, 958.3333333333724)	(50.0, 2896.000000000199)	(51.0, 2995.000000000244)	(52.0, 5161.666666666442)	(53.0, 5398.99999999956)	(54.0, 1378.9999999999657)	(55.0, 1251.333333333328)	(56.0, 1789.666666666539)	(57.0, 1325.9999999999777)	(58.0, 744.333333333348)	(59.0, 354.33333333333064)	(60.0, 369.3333333333298)	(61.0, 502.33333333332223)	(62.0, 369.3333333333298)	(63.0, 2397.3333333333057)	(64.0, 372.3333333333296)	(65.0, 181.66666666666745)	(66.0, 278.33333333333496)	(67.0, 219.00000000000185)	(68.0, 27.666666666666636)	(69.0, 19.999999999999996)	(70.0, 10.333333333333334)	(71.0, 8.666666666666664)	(72.0, 10.333333333333334)	(73.0, 3.3333333333333335)	(74.0, 3.0)	(75.0, 7.666666666666663)	(76.0, 13.33333333333334)	(77.0, 3.0)	(78.0, 0.0)	(79.0, 0.0)	(80.0, 0.3333333333333333)	(81.0, 0.3333333333333333)	(82.0, 0.0)	(83.0, 0.0)	(84.0, 0.0)	(85.0, 0.0)	(86.0, 0.0)	(87.0, 0.0)	(88.0, 0.0)	(89.0, 0.0)	(90.0, 0.0)	(91.0, 0.0)	(92.0, 0.0)	(93.0, 0.0)	(94.0, 0.0)	(95.0, 0.0)	(96.0, 0.0)	(97.0, 0.0)	(98.0, 0.0)	(99.0, 0.0)	(100.0, 0.0)
SRR37700652_1	(0.0, 0.0)	(1.0, 0.0)	(2.0, 0.0)	(3.0, 0.0)	(4.0, 0.0)	(5.0, 0.0)	(6.0, 0.0)	(7.0, 0.0)	(8.0, 0.0)	(9.0, 0.0)	(10.0, 0.0)	(11.0, 0.0)	(12.0, 0.0)	(13.0, 0.0)	(14.0, 0.0)	(15.0, 0.0)	(16.0, 0.0)	(17.0, 0.0)	(18.0, 0.0)	(19.0, 0.0)	(20.0, 0.0)	(21.0, 0.0)	(22.0, 0.0)	(23.0, 0.0)	(24.0, 0.0)	(25.0, 0.0)	(26.0, 0.0)	(27.0, 0.0)	(28.0, 0.0)	(29.0, 0.0)	(30.0, 0.0)	(31.0, 0.0)	(32.0, 0.0)	(33.0, 0.0)	(34.0, 0.0)	(35.0, 0.0)	(36.0, 0.0)	(37.0, 0.0)	(38.0, 0.0)	(39.0, 0.0)	(40.0, 0.0)	(41.0, 0.0)	(42.0, 1.3333333333333333)	(43.0, 1.9999999999999998)	(44.0, 1.9999999999999998)	(45.0, 8.33333333333333)	(46.0, 22.666666666666654)	(47.0, 51.33333333333342)	(48.0, 188.00000000000097)	(49.0, 2040.9999999998151)	(50.0, 9056.333333331924)	(51.0, 4249.666666667272)	(52.0, 2091.3333333331666)	(53.0, 957.0000000000389)	(54.0, 960.3333333333726)	(55.0, 1002.000000000044)	(56.0, 189.66666666666768)	(57.0, 193.6666666666678)	(58.0, 114.66666666666612)	(59.0, 81.66666666666659)	(60.0, 176.33333333333397)	(61.0, 188.3333333333343)	(62.0, 25.33333333333331)	(63.0, 19.333333333333332)	(64.0, 93.33333333333309)	(65.0, 82.9999999999999)	(66.0, 4.666666666666666)	(67.0, 1.6666666666666665)	(68.0, 1.0)	(69.0, 3.666666666666667)	(70.0, 7.666666666666663)	(71.0, 0.6666666666666666)	(72.0, 0.3333333333333333)	(73.0, 0.0)	(74.0, 0.0)	(75.0, 0.0)	(76.0, 0.0)	(77.0, 0.0)	(78.0, 0.0)	(79.0, 0.0)	(80.0, 0.0)	(81.0, 0.0)	(82.0, 0.0)	(83.0, 0.0)	(84.0, 0.0)	(85.0, 0.0)	(86.0, 0.0)	(87.0, 0.0)	(88.0, 0.0)	(89.0, 0.0)	(90.0, 0.0)	(91.0, 0.0)	(92.0, 0.0)	(93.0, 0.0)	(94.0, 0.0)	(95.0, 0.0)	(96.0, 0.0)	(97.0, 0.0)	(98.0, 0.0)	(99.0, 0.0)	(100.0, 0.0)
SRR37700652_2	(0.0, 0.0)	(1.0, 0.0)	(2.0, 0.0)	(3.0, 0.0)	(4.0, 0.0)	(5.0, 0.0)	(6.0, 0.0)	(7.0, 0.0)	(8.0, 0.0)	(9.0, 0.0)	(10.0, 0.0)	(11.0, 0.0)	(12.0, 0.0)	(13.0, 0.0)	(14.0, 0.0)	(15.0, 0.0)	(16.0, 0.0)	(17.0, 0.0)	(18.0, 0.0)	(19.0, 0.0)	(20.0, 0.0)	(21.0, 0.0)	(22.0, 0.0)	(23.0, 0.0)	(24.0, 0.0)	(25.0, 0.0)	(26.0, 0.0)	(27.0, 0.0)	(28.0, 0.0)	(29.0, 0.0)	(30.0, 0.0)	(31.0, 0.0)	(32.0, 0.0)	(33.0, 0.0)	(34.0, 0.3333333333333333)	(35.0, 0.3333333333333333)	(36.0, 1.3333333333333333)	(37.0, 1.6666666666666665)	(38.0, 1.0)	(39.0, 1.6666666666666665)	(40.0, 1.3333333333333333)	(41.0, 1.6666666666666665)	(42.0, 1.0)	(43.0, 2.333333333333333)	(44.0, 14.333333333333341)	(45.0, 17.000000000000007)	(46.0, 5.333333333333332)	(47.0, 16.666666666666675)	(48.0, 130.666666666666)	(49.0, 2065.9999999998217)	(50.0, 8378.666666664025)	(51.0, 6755.33333333166)	(52.0, 2126.9999999998495)	(53.0, 2030.333333333151)	(54.0, 515.333333333322)	(55.0, 460.66666666665793)	(56.0, 1357.333333333304)	(57.0, 321.3333333333325)	(58.0, 190.00000000000102)	(59.0, 38.666666666666664)	(60.0, 28.999999999999964)	(61.0, 88.99999999999982)	(62.0, 44.000000000000036)	(63.0, 192.33333333333442)	(64.0, 42.33333333333336)	(65.0, 19.666666666666664)	(66.0, 83.33333333333323)	(67.0, 76.66666666666666)	(68.0, 4.0)	(69.0, 1.0)	(70.0, 1.6666666666666665)	(71.0, 1.9999999999999998)	(72.0, 2.6666666666666665)	(73.0, 0.6666666666666666)	(74.0, 1.6666666666666665)	(75.0, 3.3333333333333335)	(76.0, 4.999999999999999)	(77.0, 1.3333333333333333)	(78.0, 0.0)	(79.0, 0.0)	(80.0, 0.0)	(81.0, 0.0)	(82.0, 0.0)	(83.0, 0.0)	(84.0, 0.0)	(85.0, 0.0)	(86.0, 0.0)	(87.0, 0.0)	(88.0, 0.0)	(89.0, 0.0)	(90.0, 0.0)	(91.0, 0.0)	(92.0, 0.0)	(93.0, 0.0)	(94.0, 0.0)	(95.0, 0.0)	(96.0, 0.0)	(97.0, 0.0)	(98.0, 0.0)	(99.0, 0.0)	(100.0, 0.0)
SRR37700653_1	(0.0, 0.0)	(1.0, 0.0)	(2.0, 0.0)	(3.0, 0.0)	(4.0, 0.0)	(5.0, 0.0)	(6.0, 0.0)	(7.0, 0.0)	(8.0, 0.0)	(9.0, 0.0)	(10.0, 0.0)	(11.0, 0.0)	(12.0, 0.0)	(13.0, 0.0)	(14.0, 0.0)	(15.0, 0.0)	(16.0, 0.0)	(17.0, 0.0)	(18.0, 0.0)	(19.0, 0.0)	(20.0, 0.0)	(21.0, 0.0)	(22.0, 0.0)	(23.0, 0.0)	(24.0, 0.0)	(25.0, 0.0)	(26.0, 0.0)	(27.0, 0.0)	(28.0, 0.0)	(29.0, 0.3333333333333333)	(30.0, 0.3333333333333333)	(31.0, 0.0)	(32.0, 0.0)	(33.0, 0.0)	(34.0, 0.0)	(35.0, 0.0)	(36.0, 0.0)	(37.0, 1.0)	(38.0, 0.0)	(39.0, 0.3333333333333333)	(40.0, 0.0)	(41.0, 0.3333333333333333)	(42.0, 0.6666666666666666)	(43.0, 0.6666666666666666)	(44.0, 1.6666666666666665)	(45.0, 10.666666666666668)	(46.0, 29.333333333333297)	(47.0, 68.00000000000011)	(48.0, 275.66666666666845)	(49.0, 1755.3333333332134)	(50.0, 6356.6666666653555)	(51.0, 3398.0000000004275)	(52.0, 1036.333333333377)	(53.0, 508.6666666666552)	(54.0, 287.00000000000114)	(55.0, 552.999999999993)	(56.0, 112.66666666666615)	(57.0, 91.33333333333312)	(58.0, 263.3333333333358)	(59.0, 115.99999999999943)	(60.0, 267.6666666666689)	(61.0, 270.0000000000021)	(62.0, 22.999999999999986)	(63.0, 13.33333333333334)	(64.0, 60.00000000000015)	(65.0, 56.00000000000012)	(66.0, 2.333333333333333)	(67.0, 1.6666666666666665)	(68.0, 1.9999999999999998)	(69.0, 4.333333333333333)	(70.0, 12.333333333333337)	(71.0, 2.6666666666666665)	(72.0, 0.6666666666666666)	(73.0, 0.0)	(74.0, 0.0)	(75.0, 0.0)	(76.0, 0.0)	(77.0, 0.0)	(78.0, 0.0)	(79.0, 0.0)	(80.0, 0.0)	(81.0, 0.0)	(82.0, 0.0)	(83.0, 0.0)	(84.0, 0.0)	(85.0, 0.0)	(86.0, 0.0)	(87.0, 0.0)	(88.0, 0.0)	(89.0, 0.0)	(90.0, 0.0)	(91.0, 0.0)	(92.0, 0.0)	(93.0, 0.0)	(94.0, 0.0)	(95.0, 0.0)	(96.0, 0.0)	(97.0, 0.0)	(98.0, 0.0)	(99.0, 0.0)	(100.0, 0.0)
SRR37700653_2	(0.0, 0.0)	(1.0, 0.0)	(2.0, 0.0)	(3.0, 0.0)	(4.0, 0.0)	(5.0, 0.0)	(6.0, 0.0)	(7.0, 0.0)	(8.0, 0.0)	(9.0, 0.0)	(10.0, 0.0)	(11.0, 0.0)	(12.0, 0.0)	(13.0, 0.0)	(14.0, 0.0)	(15.0, 0.0)	(16.0, 0.0)	(17.0, 0.0)	(18.0, 0.0)	(19.0, 0.0)	(20.0, 0.0)	(21.0, 0.3333333333333333)	(22.0, 0.0)	(23.0, 0.0)	(24.0, 0.0)	(25.0, 0.0)	(26.0, 0.0)	(27.0, 0.0)	(28.0, 0.0)	(29.0, 0.0)	(30.0, 0.0)	(31.0, 0.0)	(32.0, 0.0)	(33.0, 0.0)	(34.0, 0.6666666666666666)	(35.0, 0.6666666666666666)	(36.0, 0.3333333333333333)	(37.0, 1.3333333333333333)	(38.0, 1.3333333333333333)	(39.0, 1.3333333333333333)	(40.0, 0.6666666666666666)	(41.0, 1.3333333333333333)	(42.0, 1.3333333333333333)	(43.0, 1.3333333333333333)	(44.0, 4.666666666666666)	(45.0, 3.3333333333333335)	(46.0, 6.333333333333331)	(47.0, 12.000000000000004)	(48.0, 128.66666666666595)	(49.0, 1645.3333333332384)	(50.0, 5978.999999999032)	(51.0, 5733.666666665922)	(52.0, 1122.6666666666906)	(53.0, 785.0000000000193)	(54.0, 235.666666666669)	(55.0, 282.66666666666805)	(56.0, 544.999999999992)	(57.0, 105.66666666666625)	(58.0, 72.66666666666671)	(59.0, 19.999999999999996)	(60.0, 168.66666666666708)	(61.0, 239.6666666666691)	(62.0, 70.66666666666674)	(63.0, 279.0000000000016)	(64.0, 43.333333333333364)	(65.0, 10.333333333333334)	(66.0, 58.000000000000135)	(67.0, 50.00000000000008)	(68.0, 3.666666666666667)	(69.0, 1.6666666666666665)	(70.0, 1.9999999999999998)	(71.0, 1.3333333333333333)	(72.0, 3.3333333333333335)	(73.0, 1.3333333333333333)	(74.0, 2.333333333333333)	(75.0, 4.999999999999999)	(76.0, 6.666666666666664)	(77.0, 1.3333333333333333)	(78.0, 0.0)	(79.0, 0.0)	(80.0, 0.0)	(81.0, 0.0)	(82.0, 0.0)	(83.0, 0.0)	(84.0, 0.0)	(85.0, 0.0)	(86.0, 0.0)	(87.0, 0.0)	(88.0, 0.0)	(89.0, 0.0)	(90.0, 0.0)	(91.0, 0.0)	(92.0, 0.0)	(93.0, 0.0)	(94.0, 0.0)	(95.0, 0.0)	(96.0, 0.0)	(97.0, 0.0)	(98.0, 0.0)	(99.0, 0.0)	(100.0, 0.0)
SRR37700654_1	(0.0, 0.0)	(1.0, 0.0)	(2.0, 0.0)	(3.0, 0.0)	(4.0, 0.0)	(5.0, 0.0)	(6.0, 0.0)	(7.0, 0.0)	(8.0, 0.0)	(9.0, 0.0)	(10.0, 0.0)	(11.0, 0.0)	(12.0, 0.0)	(13.0, 0.0)	(14.0, 0.0)	(15.0, 0.0)	(16.0, 0.0)	(17.0, 0.0)	(18.0, 0.0)	(19.0, 0.0)	(20.0, 0.0)	(21.0, 0.0)	(22.0, 0.0)	(23.0, 0.0)	(24.0, 0.0)	(25.0, 0.0)	(26.0, 0.0)	(27.0, 0.0)	(28.0, 1.0)	(29.0, 0.3333333333333333)	(30.0, 0.3333333333333333)	(31.0, 0.3333333333333333)	(32.0, 0.3333333333333333)	(33.0, 0.3333333333333333)	(34.0, 1.9999999999999998)	(35.0, 18.666666666666668)	(36.0, 18.666666666666668)	(37.0, 8.666666666666664)	(38.0, 3.3333333333333335)	(39.0, 0.6666666666666666)	(40.0, 0.6666666666666666)	(41.0, 0.6666666666666666)	(42.0, 0.3333333333333333)	(43.0, 0.0)	(44.0, 6.333333333333331)	(45.0, 11.333333333333336)	(46.0, 20.66666666666666)	(47.0, 44.66666666666671)	(48.0, 161.66666666666688)	(49.0, 1445.333333333284)	(50.0, 5918.999999999087)	(51.0, 3163.333333333654)	(52.0, 1521.9999999999332)	(53.0, 652.3333333333376)	(54.0, 322.33333333333246)	(55.0, 635.666666666669)	(56.0, 335.3333333333317)	(57.0, 291.0000000000009)	(58.0, 841.3333333333591)	(59.0, 652.0000000000042)	(60.0, 359.999999999997)	(61.0, 349.66666666666424)	(62.0, 61.000000000000156)	(63.0, 101.6666666666663)	(64.0, 112.66666666666615)	(65.0, 53.333333333333435)	(66.0, 28.999999999999964)	(67.0, 23.66666666666665)	(68.0, 19.666666666666664)	(69.0, 8.666666666666664)	(70.0, 6.666666666666664)	(71.0, 1.9999999999999998)	(72.0, 0.6666666666666666)	(73.0, 0.0)	(74.0, 0.0)	(75.0, 0.0)	(76.0, 0.0)	(77.0, 0.0)	(78.0, 0.0)	(79.0, 0.0)	(80.0, 0.0)	(81.0, 0.0)	(82.0, 0.0)	(83.0, 0.0)	(84.0, 0.0)	(85.0, 0.0)	(86.0, 0.0)	(87.0, 0.0)	(88.0, 0.0)	(89.0, 0.0)	(90.0, 0.0)	(91.0, 0.0)	(92.0, 0.0)	(93.0, 0.0)	(94.0, 0.0)	(95.0, 0.0)	(96.0, 0.0)	(97.0, 0.0)	(98.0, 0.0)	(99.0, 0.0)	(100.0, 0.0)
SRR37700654_2	(0.0, 0.0)	(1.0, 0.0)	(2.0, 0.0)	(3.0, 0.0)	(4.0, 0.0)	(5.0, 0.0)	(6.0, 0.0)	(7.0, 0.0)	(8.0, 0.0)	(9.0, 0.0)	(10.0, 0.0)	(11.0, 0.0)	(12.0, 0.0)	(13.0, 0.0)	(14.0, 0.0)	(15.0, 0.0)	(16.0, 0.0)	(17.0, 0.0)	(18.0, 0.0)	(19.0, 0.0)	(20.0, 0.0)	(21.0, 0.0)	(22.0, 0.0)	(23.0, 0.0)	(24.0, 0.0)	(25.0, 0.0)	(26.0, 0.0)	(27.0, 0.0)	(28.0, 0.0)	(29.0, 0.0)	(30.0, 0.0)	(31.0, 0.6666666666666666)	(32.0, 1.3333333333333333)	(33.0, 0.0)	(34.0, 1.0)	(35.0, 1.3333333333333333)	(36.0, 2.333333333333333)	(37.0, 11.333333333333336)	(38.0, 20.999999999999993)	(39.0, 5.333333333333332)	(40.0, 3.666666666666667)	(41.0, 1.0)	(42.0, 1.3333333333333333)	(43.0, 1.6666666666666665)	(44.0, 14.666666666666675)	(45.0, 10.0)	(46.0, 15.000000000000009)	(47.0, 25.666666666666643)	(48.0, 205.3333333333348)	(49.0, 3230.3333333336845)	(50.0, 5950.666666665725)	(51.0, 2496.3333333333508)	(52.0, 781.6666666666856)	(53.0, 1502.9999999999375)	(54.0, 575.9999999999956)	(55.0, 254.33333333333618)	(56.0, 581.9999999999962)	(57.0, 219.66666666666853)	(58.0, 238.0000000000024)	(59.0, 217.0000000000018)	(60.0, 364.6666666666634)	(61.0, 725.3333333333459)	(62.0, 155.00000000000003)	(63.0, 376.6666666666627)	(64.0, 93.66666666666642)	(65.0, 95.99999999999972)	(66.0, 98.33333333333302)	(67.0, 70.33333333333341)	(68.0, 29.66666666666663)	(69.0, 24.99999999999998)	(70.0, 9.666666666666666)	(71.0, 12.666666666666671)	(72.0, 8.33333333333333)	(73.0, 1.6666666666666665)	(74.0, 0.6666666666666666)	(75.0, 2.333333333333333)	(76.0, 4.0)	(77.0, 0.6666666666666666)	(78.0, 0.0)	(79.0, 0.0)	(80.0, 0.0)	(81.0, 0.0)	(82.0, 0.3333333333333333)	(83.0, 0.3333333333333333)	(84.0, 0.0)	(85.0, 0.0)	(86.0, 0.0)	(87.0, 0.0)	(88.0, 0.0)	(89.0, 0.0)	(90.0, 0.0)	(91.0, 0.3333333333333333)	(92.0, 0.3333333333333333)	(93.0, 0.3333333333333333)	(94.0, 0.0)	(95.0, 0.0)	(96.0, 0.0)	(97.0, 0.0)	(98.0, 0.0)	(99.0, 0.0)	(100.0, 0.0)
SRR37700655_1	(0.0, 0.0)	(1.0, 0.0)	(2.0, 0.0)	(3.0, 0.0)	(4.0, 0.0)	(5.0, 0.0)	(6.0, 0.0)	(7.0, 0.0)	(8.0, 0.0)	(9.0, 0.0)	(10.0, 0.0)	(11.0, 0.0)	(12.0, 0.0)	(13.0, 0.0)	(14.0, 0.0)	(15.0, 0.0)	(16.0, 0.0)	(17.0, 0.0)	(18.0, 0.0)	(19.0, 0.0)	(20.0, 0.0)	(21.0, 0.0)	(22.0, 0.0)	(23.0, 0.0)	(24.0, 0.0)	(25.0, 0.0)	(26.0, 0.0)	(27.0, 0.0)	(28.0, 0.0)	(29.0, 0.0)	(30.0, 0.0)	(31.0, 0.0)	(32.0, 0.3333333333333333)	(33.0, 0.6666666666666666)	(34.0, 1.3333333333333333)	(35.0, 0.3333333333333333)	(36.0, 0.3333333333333333)	(37.0, 0.6666666666666666)	(38.0, 0.3333333333333333)	(39.0, 0.6666666666666666)	(40.0, 1.0)	(41.0, 1.0)	(42.0, 2.333333333333333)	(43.0, 19.999999999999996)	(44.0, 127.99999999999926)	(45.0, 37.33333333333332)	(46.0, 30.666666666666625)	(47.0, 46.00000000000005)	(48.0, 155.00000000000003)	(49.0, 1553.6666666665926)	(50.0, 8236.333333330433)	(51.0, 5123.666666666477)	(52.0, 4470.666666667071)	(53.0, 814.6666666666894)	(54.0, 208.33333333333488)	(55.0, 222.00000000000193)	(56.0, 117.33333333333275)	(57.0, 46.66666666666672)	(58.0, 63.333333333333506)	(59.0, 98.33333333333302)	(60.0, 416.66666666666043)	(61.0, 431.9999999999929)	(62.0, 51.66666666666676)	(63.0, 46.333333333333385)	(64.0, 230.66666666666885)	(65.0, 196.66666666666788)	(66.0, 4.0)	(67.0, 1.6666666666666665)	(68.0, 1.6666666666666665)	(69.0, 0.6666666666666666)	(70.0, 4.0)	(71.0, 0.0)	(72.0, 0.0)	(73.0, 0.0)	(74.0, 0.0)	(75.0, 0.0)	(76.0, 0.0)	(77.0, 0.0)	(78.0, 0.0)	(79.0, 0.0)	(80.0, 0.0)	(81.0, 0.0)	(82.0, 0.0)	(83.0, 0.0)	(84.0, 0.0)	(85.0, 0.0)	(86.0, 0.0)	(87.0, 0.0)	(88.0, 0.0)	(89.0, 0.0)	(90.0, 0.0)	(91.0, 0.0)	(92.0, 0.0)	(93.0, 0.0)	(94.0, 0.0)	(95.0, 0.0)	(96.0, 0.0)	(97.0, 0.0)	(98.0, 0.0)	(99.0, 0.0)	(100.0, 0.0)
SRR37700655_2	(0.0, 0.0)	(1.0, 0.0)	(2.0, 0.0)	(3.0, 0.0)	(4.0, 0.0)	(5.0, 0.0)	(6.0, 0.0)	(7.0, 0.0)	(8.0, 0.0)	(9.0, 0.0)	(10.0, 0.0)	(11.0, 0.0)	(12.0, 0.0)	(13.0, 0.0)	(14.0, 0.0)	(15.0, 0.0)	(16.0, 0.0)	(17.0, 0.0)	(18.0, 0.0)	(19.0, 0.0)	(20.0, 0.0)	(21.0, 0.0)	(22.0, 0.0)	(23.0, 0.0)	(24.0, 0.0)	(25.0, 0.0)	(26.0, 0.0)	(27.0, 0.0)	(28.0, 0.0)	(29.0, 0.3333333333333333)	(30.0, 0.3333333333333333)	(31.0, 0.0)	(32.0, 0.0)	(33.0, 0.3333333333333333)	(34.0, 0.6666666666666666)	(35.0, 0.3333333333333333)	(36.0, 0.6666666666666666)	(37.0, 0.3333333333333333)	(38.0, 0.6666666666666666)	(39.0, 1.6666666666666665)	(40.0, 1.3333333333333333)	(41.0, 1.3333333333333333)	(42.0, 3.3333333333333335)	(43.0, 5.666666666666665)	(44.0, 120.99999999999936)	(45.0, 143.33333333333303)	(46.0, 22.999999999999986)	(47.0, 25.999999999999975)	(48.0, 244.00000000000256)	(49.0, 4063.3333333340634)	(50.0, 7422.666666664386)	(51.0, 4717.666666666846)	(52.0, 2900.666666666868)	(53.0, 3778.0000000006003)	(54.0, 364.6666666666634)	(55.0, 184.66666666666754)	(56.0, 220.00000000000188)	(57.0, 70.66666666666674)	(58.0, 68.66666666666677)	(59.0, 20.999999999999993)	(60.0, 38.666666666666664)	(61.0, 111.33333333333283)	(62.0, 115.6666666666661)	(63.0, 445.6666666666588)	(64.0, 96.33333333333304)	(65.0, 43.333333333333364)	(66.0, 189.66666666666768)	(67.0, 164.66666666666697)	(68.0, 9.333333333333332)	(69.0, 0.6666666666666666)	(70.0, 1.3333333333333333)	(71.0, 0.6666666666666666)	(72.0, 1.3333333333333333)	(73.0, 1.0)	(74.0, 1.3333333333333333)	(75.0, 1.3333333333333333)	(76.0, 2.6666666666666665)	(77.0, 1.3333333333333333)	(78.0, 0.0)	(79.0, 0.0)	(80.0, 0.0)	(81.0, 0.0)	(82.0, 0.0)	(83.0, 0.0)	(84.0, 0.0)	(85.0, 0.0)	(86.0, 0.0)	(87.0, 0.0)	(88.0, 0.0)	(89.0, 0.0)	(90.0, 0.0)	(91.0, 0.3333333333333333)	(92.0, 0.3333333333333333)	(93.0, 0.0)	(94.0, 0.0)	(95.0, 0.0)	(96.0, 0.0)	(97.0, 0.0)	(98.0, 0.0)	(99.0, 0.0)	(100.0, 0.0)
SRR37700656_1	(0.0, 0.0)	(1.0, 0.0)	(2.0, 0.0)	(3.0, 0.0)	(4.0, 0.0)	(5.0, 0.0)	(6.0, 0.0)	(7.0, 0.0)	(8.0, 0.0)	(9.0, 0.0)	(10.0, 0.0)	(11.0, 0.0)	(12.0, 0.0)	(13.0, 0.0)	(14.0, 0.0)	(15.0, 0.0)	(16.0, 0.0)	(17.0, 0.0)	(18.0, 0.0)	(19.0, 0.0)	(20.0, 0.0)	(21.0, 0.0)	(22.0, 0.0)	(23.0, 0.0)	(24.0, 0.0)	(25.0, 0.0)	(26.0, 0.0)	(27.0, 0.0)	(28.0, 0.0)	(29.0, 0.3333333333333333)	(30.0, 0.0)	(31.0, 0.0)	(32.0, 1.0)	(33.0, 1.0)	(34.0, 0.6666666666666666)	(35.0, 5.999999999999998)	(36.0, 5.999999999999998)	(37.0, 0.6666666666666666)	(38.0, 0.0)	(39.0, 0.3333333333333333)	(40.0, 0.6666666666666666)	(41.0, 1.0)	(42.0, 1.3333333333333333)	(43.0, 2.333333333333333)	(44.0, 4.333333333333333)	(45.0, 8.999999999999998)	(46.0, 22.999999999999986)	(47.0, 49.33333333333341)	(48.0, 181.66666666666745)	(49.0, 1458.9999999999475)	(50.0, 6777.33333333164)	(51.0, 3480.3333333337982)	(52.0, 1837.666666666528)	(53.0, 1098.3333333333628)	(54.0, 292.6666666666675)	(55.0, 98.99999999999967)	(56.0, 130.666666666666)	(57.0, 153.66666666666666)	(58.0, 137.99999999999955)	(59.0, 41.33333333333335)	(60.0, 18.333333333333336)	(61.0, 12.333333333333337)	(62.0, 12.666666666666671)	(63.0, 33.66666666666663)	(64.0, 20.66666666666666)	(65.0, 7.33333333333333)	(66.0, 7.33333333333333)	(67.0, 6.666666666666664)	(68.0, 6.999999999999997)	(69.0, 2.333333333333333)	(70.0, 1.3333333333333333)	(71.0, 0.0)	(72.0, 0.0)	(73.0, 0.0)	(74.0, 0.0)	(75.0, 0.0)	(76.0, 0.0)	(77.0, 0.0)	(78.0, 0.0)	(79.0, 0.0)	(80.0, 0.0)	(81.0, 0.0)	(82.0, 0.0)	(83.0, 0.0)	(84.0, 0.0)	(85.0, 0.0)	(86.0, 0.0)	(87.0, 0.0)	(88.0, 0.0)	(89.0, 0.0)	(90.0, 0.0)	(91.0, 0.0)	(92.0, 0.0)	(93.0, 0.0)	(94.0, 0.0)	(95.0, 0.0)	(96.0, 0.0)	(97.0, 0.0)	(98.0, 0.0)	(99.0, 0.0)	(100.0, 0.0)
SRR37700656_2	(0.0, 0.0)	(1.0, 0.0)	(2.0, 0.0)	(3.0, 0.0)	(4.0, 0.0)	(5.0, 0.0)	(6.0, 0.0)	(7.0, 0.0)	(8.0, 0.0)	(9.0, 0.0)	(10.0, 0.0)	(11.0, 0.0)	(12.0, 0.0)	(13.0, 0.0)	(14.0, 0.0)	(15.0, 0.0)	(16.0, 0.0)	(17.0, 0.0)	(18.0, 0.0)	(19.0, 0.0)	(20.0, 0.0)	(21.0, 0.0)	(22.0, 0.0)	(23.0, 0.0)	(24.0, 0.0)	(25.0, 0.0)	(26.0, 0.0)	(27.0, 0.0)	(28.0, 0.0)	(29.0, 0.0)	(30.0, 0.0)	(31.0, 1.3333333333333333)	(32.0, 3.0)	(33.0, 0.6666666666666666)	(34.0, 0.6666666666666666)	(35.0, 0.3333333333333333)	(36.0, 0.6666666666666666)	(37.0, 1.3333333333333333)	(38.0, 3.0)	(39.0, 2.6666666666666665)	(40.0, 1.9999999999999998)	(41.0, 1.9999999999999998)	(42.0, 1.6666666666666665)	(43.0, 3.666666666666667)	(44.0, 6.999999999999997)	(45.0, 5.666666666666665)	(46.0, 7.33333333333333)	(47.0, 21.666666666666657)	(48.0, 108.6666666666662)	(49.0, 2458.666666666667)	(50.0, 6052.333333332299)	(51.0, 4221.333333333964)	(52.0, 590.9999999999973)	(53.0, 1596.999999999916)	(54.0, 1107.3333333333608)	(55.0, 136.33333333333283)	(56.0, 61.66666666666683)	(57.0, 82.33333333333324)	(58.0, 95.33333333333306)	(59.0, 116.66666666666609)	(60.0, 116.99999999999942)	(61.0, 48.3333333333334)	(62.0, 14.000000000000007)	(63.0, 13.000000000000005)	(64.0, 24.333333333333314)	(65.0, 31.33333333333329)	(66.0, 18.000000000000004)	(67.0, 16.333333333333343)	(68.0, 7.33333333333333)	(69.0, 6.999999999999997)	(70.0, 4.333333333333333)	(71.0, 4.666666666666666)	(72.0, 1.6666666666666665)	(73.0, 0.0)	(74.0, 0.0)	(75.0, 0.0)	(76.0, 0.0)	(77.0, 0.3333333333333333)	(78.0, 0.0)	(79.0, 0.0)	(80.0, 0.0)	(81.0, 0.0)	(82.0, 0.0)	(83.0, 0.0)	(84.0, 0.0)	(85.0, 0.0)	(86.0, 0.0)	(87.0, 0.0)	(88.0, 0.0)	(89.0, 0.0)	(90.0, 0.0)	(91.0, 0.3333333333333333)	(92.0, 0.3333333333333333)	(93.0, 0.0)	(94.0, 0.0)	(95.0, 0.0)	(96.0, 0.0)	(97.0, 0.0)	(98.0, 0.0)	(99.0, 0.0)	(100.0, 0.0)
SRR37700657_1	(0.0, 0.0)	(1.0, 0.0)	(2.0, 0.0)	(3.0, 0.0)	(4.0, 0.0)	(5.0, 0.0)	(6.0, 0.0)	(7.0, 0.0)	(8.0, 0.0)	(9.0, 0.0)	(10.0, 0.0)	(11.0, 0.0)	(12.0, 0.0)	(13.0, 0.0)	(14.0, 0.0)	(15.0, 0.0)	(16.0, 0.0)	(17.0, 0.0)	(18.0, 0.0)	(19.0, 0.0)	(20.0, 0.0)	(21.0, 0.3333333333333333)	(22.0, 0.0)	(23.0, 0.0)	(24.0, 0.0)	(25.0, 0.0)	(26.0, 0.0)	(27.0, 0.0)	(28.0, 0.0)	(29.0, 0.0)	(30.0, 0.0)	(31.0, 0.0)	(32.0, 0.0)	(33.0, 0.0)	(34.0, 0.0)	(35.0, 0.0)	(36.0, 0.0)	(37.0, 0.3333333333333333)	(38.0, 0.0)	(39.0, 0.0)	(40.0, 0.6666666666666666)	(41.0, 1.3333333333333333)	(42.0, 1.0)	(43.0, 2.6666666666666665)	(44.0, 4.0)	(45.0, 12.333333333333337)	(46.0, 43.00000000000003)	(47.0, 123.33333333333266)	(48.0, 661.3333333333386)	(49.0, 5036.333333333223)	(50.0, 9367.666666665824)	(51.0, 3434.666666667111)	(52.0, 1398.3333333332946)	(53.0, 931.6666666667027)	(54.0, 216.3333333333351)	(55.0, 206.00000000000148)	(56.0, 101.33333333333297)	(57.0, 110.33333333333285)	(58.0, 127.99999999999926)	(59.0, 80.33333333333327)	(60.0, 49.00000000000007)	(61.0, 34.99999999999997)	(62.0, 16.666666666666675)	(63.0, 50.00000000000008)	(64.0, 30.333333333333293)	(65.0, 12.333333333333337)	(66.0, 3.3333333333333335)	(67.0, 1.6666666666666665)	(68.0, 2.333333333333333)	(69.0, 2.6666666666666665)	(70.0, 2.6666666666666665)	(71.0, 1.3333333333333333)	(72.0, 0.0)	(73.0, 0.3333333333333333)	(74.0, 0.0)	(75.0, 0.0)	(76.0, 0.0)	(77.0, 0.0)	(78.0, 0.0)	(79.0, 0.0)	(80.0, 0.0)	(81.0, 0.0)	(82.0, 0.0)	(83.0, 0.0)	(84.0, 0.0)	(85.0, 0.0)	(86.0, 0.0)	(87.0, 0.0)	(88.0, 0.0)	(89.0, 0.0)	(90.0, 0.0)	(91.0, 0.0)	(92.0, 0.0)	(93.0, 0.0)	(94.0, 0.0)	(95.0, 0.0)	(96.0, 0.0)	(97.0, 0.0)	(98.0, 0.0)	(99.0, 0.0)	(100.0, 0.0)
SRR37700657_2	(0.0, 0.0)	(1.0, 0.0)	(2.0, 0.0)	(3.0, 0.0)	(4.0, 0.0)	(5.0, 0.0)	(6.0, 0.0)	(7.0, 0.0)	(8.0, 0.0)	(9.0, 0.0)	(10.0, 0.0)	(11.0, 0.0)	(12.0, 0.0)	(13.0, 0.0)	(14.0, 0.0)	(15.0, 0.0)	(16.0, 0.0)	(17.0, 0.0)	(18.0, 0.0)	(19.0, 0.0)	(20.0, 0.3333333333333333)	(21.0, 0.0)	(22.0, 0.0)	(23.0, 0.0)	(24.0, 0.0)	(25.0, 0.0)	(26.0, 0.0)	(27.0, 0.0)	(28.0, 0.0)	(29.0, 0.0)	(30.0, 0.0)	(31.0, 0.0)	(32.0, 0.0)	(33.0, 0.0)	(34.0, 0.0)	(35.0, 0.6666666666666666)	(36.0, 1.9999999999999998)	(37.0, 1.3333333333333333)	(38.0, 1.0)	(39.0, 1.0)	(40.0, 0.6666666666666666)	(41.0, 1.0)	(42.0, 1.0)	(43.0, 2.333333333333333)	(44.0, 3.3333333333333335)	(45.0, 5.666666666666665)	(46.0, 7.9999999999999964)	(47.0, 58.666666666666806)	(48.0, 455.6666666666582)	(49.0, 6233.666666665467)	(50.0, 8990.666666665138)	(51.0, 5679.333333332638)	(52.0, 1562.9999999999238)	(53.0, 1431.9999999999536)	(54.0, 253.6666666666695)	(55.0, 116.99999999999942)	(56.0, 225.6666666666687)	(57.0, 103.66666666666627)	(58.0, 72.00000000000006)	(59.0, 38.33333333333333)	(60.0, 75.66666666666667)	(61.0, 109.99999999999952)	(62.0, 19.0)	(63.0, 39.333333333333336)	(64.0, 29.66666666666663)	(65.0, 37.33333333333332)	(66.0, 22.33333333333332)	(67.0, 12.666666666666671)	(68.0, 3.0)	(69.0, 1.9999999999999998)	(70.0, 1.0)	(71.0, 2.333333333333333)	(72.0, 1.3333333333333333)	(73.0, 0.0)	(74.0, 0.0)	(75.0, 1.0)	(76.0, 1.3333333333333333)	(77.0, 0.0)	(78.0, 0.0)	(79.0, 0.0)	(80.0, 0.0)	(81.0, 0.0)	(82.0, 0.0)	(83.0, 0.0)	(84.0, 0.0)	(85.0, 0.0)	(86.0, 0.0)	(87.0, 0.0)	(88.0, 0.0)	(89.0, 0.0)	(90.0, 0.0)	(91.0, 0.0)	(92.0, 0.0)	(93.0, 0.0)	(94.0, 0.0)	(95.0, 0.0)	(96.0, 0.0)	(97.0, 0.0)	(98.0, 0.0)	(99.0, 0.0)	(100.0, 0.0)
SRR37700658_1	(0.0, 0.0)	(1.0, 0.0)	(2.0, 0.0)	(3.0, 0.0)	(4.0, 0.0)	(5.0, 0.0)	(6.0, 0.0)	(7.0, 0.0)	(8.0, 0.0)	(9.0, 0.0)	(10.0, 0.0)	(11.0, 0.0)	(12.0, 0.0)	(13.0, 0.0)	(14.0, 0.0)	(15.0, 0.0)	(16.0, 0.0)	(17.0, 0.0)	(18.0, 0.0)	(19.0, 0.0)	(20.0, 0.0)	(21.0, 0.0)	(22.0, 0.0)	(23.0, 0.0)	(24.0, 0.0)	(25.0, 0.0)	(26.0, 0.0)	(27.0, 0.0)	(28.0, 0.0)	(29.0, 0.0)	(30.0, 0.0)	(31.0, 0.0)	(32.0, 0.0)	(33.0, 0.0)	(34.0, 0.0)	(35.0, 1.9999999999999998)	(36.0, 1.9999999999999998)	(37.0, 1.9999999999999998)	(38.0, 1.9999999999999998)	(39.0, 0.3333333333333333)	(40.0, 0.3333333333333333)	(41.0, 0.3333333333333333)	(42.0, 0.6666666666666666)	(43.0, 1.0)	(44.0, 3.3333333333333335)	(45.0, 1.6666666666666665)	(46.0, 7.33333333333333)	(47.0, 21.666666666666657)	(48.0, 104.33333333333293)	(49.0, 2519.333333333361)	(50.0, 12528.000000004906)	(51.0, 3371.3333333337487)	(52.0, 1922.999999999842)	(53.0, 1402.9999999999602)	(54.0, 354.99999999999727)	(55.0, 108.6666666666662)	(56.0, 95.33333333333306)	(57.0, 98.33333333333302)	(58.0, 116.33333333333276)	(59.0, 74.66666666666669)	(60.0, 29.99999999999996)	(61.0, 19.999999999999996)	(62.0, 9.666666666666666)	(63.0, 27.333333333333304)	(64.0, 19.666666666666664)	(65.0, 4.333333333333333)	(66.0, 5.333333333333332)	(67.0, 2.6666666666666665)	(68.0, 3.0)	(69.0, 1.6666666666666665)	(70.0, 0.3333333333333333)	(71.0, 0.3333333333333333)	(72.0, 0.0)	(73.0, 0.0)	(74.0, 0.0)	(75.0, 0.0)	(76.0, 0.0)	(77.0, 0.0)	(78.0, 0.0)	(79.0, 0.0)	(80.0, 0.0)	(81.0, 0.0)	(82.0, 0.0)	(83.0, 0.0)	(84.0, 0.0)	(85.0, 0.0)	(86.0, 0.0)	(87.0, 0.0)	(88.0, 0.0)	(89.0, 0.0)	(90.0, 0.0)	(91.0, 0.0)	(92.0, 0.0)	(93.0, 0.0)	(94.0, 0.0)	(95.0, 0.0)	(96.0, 0.0)	(97.0, 0.0)	(98.0, 0.0)	(99.0, 0.0)	(100.0, 0.0)
SRR37700658_2	(0.0, 0.0)	(1.0, 0.0)	(2.0, 0.0)	(3.0, 0.0)	(4.0, 0.0)	(5.0, 0.0)	(6.0, 0.0)	(7.0, 0.0)	(8.0, 0.0)	(9.0, 0.0)	(10.0, 0.0)	(11.0, 0.0)	(12.0, 0.0)	(13.0, 0.0)	(14.0, 0.0)	(15.0, 0.0)	(16.0, 0.0)	(17.0, 0.0)	(18.0, 0.0)	(19.0, 0.0)	(20.0, 0.0)	(21.0, 0.0)	(22.0, 0.0)	(23.0, 0.0)	(24.0, 0.3333333333333333)	(25.0, 0.3333333333333333)	(26.0, 0.0)	(27.0, 0.0)	(28.0, 0.0)	(29.0, 0.0)	(30.0, 0.0)	(31.0, 0.0)	(32.0, 0.0)	(33.0, 0.0)	(34.0, 0.3333333333333333)	(35.0, 0.6666666666666666)	(36.0, 0.3333333333333333)	(37.0, 2.333333333333333)	(38.0, 2.6666666666666665)	(39.0, 2.333333333333333)	(40.0, 1.6666666666666665)	(41.0, 0.6666666666666666)	(42.0, 1.6666666666666665)	(43.0, 5.666666666666665)	(44.0, 6.999999999999997)	(45.0, 5.666666666666665)	(46.0, 5.999999999999998)	(47.0, 19.999999999999996)	(48.0, 136.99999999999952)	(49.0, 3369.0000000004143)	(50.0, 11466.333333336308)	(51.0, 7570.999999997584)	(52.0, 959.6666666667059)	(53.0, 1999.6666666664912)	(54.0, 1387.333333333297)	(55.0, 166.66666666666703)	(56.0, 98.33333333333302)	(57.0, 76.0)	(58.0, 57.333333333333464)	(59.0, 56.66666666666679)	(60.0, 63.66666666666684)	(61.0, 76.33333333333333)	(62.0, 14.666666666666675)	(63.0, 20.66666666666666)	(64.0, 14.666666666666675)	(65.0, 21.99999999999999)	(66.0, 17.000000000000007)	(67.0, 9.333333333333332)	(68.0, 5.666666666666665)	(69.0, 2.333333333333333)	(70.0, 0.6666666666666666)	(71.0, 2.6666666666666665)	(72.0, 1.0)	(73.0, 0.3333333333333333)	(74.0, 0.3333333333333333)	(75.0, 0.3333333333333333)	(76.0, 0.0)	(77.0, 0.0)	(78.0, 0.0)	(79.0, 0.0)	(80.0, 0.0)	(81.0, 0.0)	(82.0, 0.0)	(83.0, 0.0)	(84.0, 0.0)	(85.0, 0.0)	(86.0, 0.0)	(87.0, 0.0)	(88.0, 0.0)	(89.0, 0.0)	(90.0, 0.0)	(91.0, 0.0)	(92.0, 0.0)	(93.0, 0.0)	(94.0, 0.0)	(95.0, 0.0)	(96.0, 0.0)	(97.0, 0.0)	(98.0, 0.0)	(99.0, 0.0)	(100.0, 0.0)
SRR37700659_1	(0.0, 0.0)	(1.0, 0.0)	(2.0, 0.0)	(3.0, 0.0)	(4.0, 0.0)	(5.0, 0.0)	(6.0, 0.0)	(7.0, 0.0)	(8.0, 0.0)	(9.0, 0.0)	(10.0, 0.0)	(11.0, 0.0)	(12.0, 0.0)	(13.0, 0.0)	(14.0, 0.0)	(15.0, 0.0)	(16.0, 0.0)	(17.0, 0.0)	(18.0, 0.0)	(19.0, 0.0)	(20.0, 0.0)	(21.0, 0.0)	(22.0, 0.0)	(23.0, 0.0)	(24.0, 0.3333333333333333)	(25.0, 0.0)	(26.0, 0.0)	(27.0, 0.0)	(28.0, 0.0)	(29.0, 0.0)	(30.0, 0.0)	(31.0, 0.0)	(32.0, 0.0)	(33.0, 0.0)	(34.0, 0.0)	(35.0, 1.0)	(36.0, 1.0)	(37.0, 1.3333333333333333)	(38.0, 0.0)	(39.0, 0.0)	(40.0, 0.0)	(41.0, 0.0)	(42.0, 0.6666666666666666)	(43.0, 3.3333333333333335)	(44.0, 3.3333333333333335)	(45.0, 6.666666666666664)	(46.0, 10.666666666666668)	(47.0, 23.999999999999982)	(48.0, 118.66666666666606)	(49.0, 1741.3333333332166)	(50.0, 7617.666666664209)	(51.0, 4935.999999999981)	(52.0, 2355.3333333332866)	(53.0, 816.0000000000229)	(54.0, 466.6666666666576)	(55.0, 1349.666666666639)	(56.0, 263.3333333333358)	(57.0, 168.33333333333374)	(58.0, 450.3333333333252)	(59.0, 362.3333333333302)	(60.0, 265.0000000000024)	(61.0, 231.66666666666887)	(62.0, 28.3333333333333)	(63.0, 32.333333333333286)	(64.0, 152.66666666666663)	(65.0, 130.33333333333266)	(66.0, 8.999999999999998)	(67.0, 4.333333333333333)	(68.0, 3.3333333333333335)	(69.0, 1.9999999999999998)	(70.0, 1.9999999999999998)	(71.0, 0.3333333333333333)	(72.0, 0.0)	(73.0, 0.0)	(74.0, 0.0)	(75.0, 0.0)	(76.0, 0.0)	(77.0, 0.0)	(78.0, 0.0)	(79.0, 0.0)	(80.0, 0.0)	(81.0, 0.0)	(82.0, 0.0)	(83.0, 0.0)	(84.0, 0.0)	(85.0, 0.0)	(86.0, 0.0)	(87.0, 0.0)	(88.0, 0.0)	(89.0, 0.0)	(90.0, 0.0)	(91.0, 0.0)	(92.0, 0.0)	(93.0, 0.0)	(94.0, 0.0)	(95.0, 0.0)	(96.0, 0.0)	(97.0, 0.0)	(98.0, 0.0)	(99.0, 0.0)	(100.0, 0.0)
SRR37700659_2	(0.0, 0.0)	(1.0, 0.0)	(2.0, 0.0)	(3.0, 0.0)	(4.0, 0.0)	(5.0, 0.0)	(6.0, 0.0)	(7.0, 0.0)	(8.0, 0.0)	(9.0, 0.0)	(10.0, 0.0)	(11.0, 0.0)	(12.0, 0.0)	(13.0, 0.0)	(14.0, 0.0)	(15.0, 0.0)	(16.0, 0.0)	(17.0, 0.0)	(18.0, 0.0)	(19.0, 0.0)	(20.0, 0.0)	(21.0, 0.0)	(22.0, 0.0)	(23.0, 0.0)	(24.0, 0.0)	(25.0, 0.0)	(26.0, 0.0)	(27.0, 0.0)	(28.0, 0.0)	(29.0, 0.0)	(30.0, 0.0)	(31.0, 0.0)	(32.0, 0.0)	(33.0, 0.0)	(34.0, 0.3333333333333333)	(35.0, 0.3333333333333333)	(36.0, 0.6666666666666666)	(37.0, 3.3333333333333335)	(38.0, 3.3333333333333335)	(39.0, 0.6666666666666666)	(40.0, 1.0)	(41.0, 1.3333333333333333)	(42.0, 0.6666666666666666)	(43.0, 3.666666666666667)	(44.0, 10.333333333333334)	(45.0, 6.333333333333331)	(46.0, 7.9999999999999964)	(47.0, 21.666666666666657)	(48.0, 220.33333333333522)	(49.0, 3009.333333333584)	(50.0, 7872.666666663977)	(51.0, 4323.6666666672045)	(52.0, 1574.999999999921)	(53.0, 1930.3333333331736)	(54.0, 533.333333333324)	(55.0, 544.3333333333253)	(56.0, 1228.0)	(57.0, 135.9999999999995)	(58.0, 73.33333333333337)	(59.0, 54.66666666666678)	(60.0, 197.33333333333456)	(61.0, 452.9999999999917)	(62.0, 129.33333333333263)	(63.0, 256.6666666666695)	(64.0, 50.66666666666675)	(65.0, 37.66666666666666)	(66.0, 135.3333333333328)	(67.0, 118.99999999999939)	(68.0, 10.0)	(69.0, 4.333333333333333)	(70.0, 2.333333333333333)	(71.0, 1.9999999999999998)	(72.0, 1.3333333333333333)	(73.0, 0.3333333333333333)	(74.0, 0.3333333333333333)	(75.0, 0.3333333333333333)	(76.0, 1.3333333333333333)	(77.0, 0.0)	(78.0, 0.0)	(79.0, 0.0)	(80.0, 0.0)	(81.0, 0.0)	(82.0, 0.0)	(83.0, 0.0)	(84.0, 0.0)	(85.0, 0.0)	(86.0, 0.0)	(87.0, 0.0)	(88.0, 0.0)	(89.0, 0.0)	(90.0, 0.0)	(91.0, 0.3333333333333333)	(92.0, 0.0)	(93.0, 0.0)	(94.0, 0.0)	(95.0, 0.0)	(96.0, 0.0)	(97.0, 0.0)	(98.0, 0.0)	(99.0, 0.0)	(100.0, 0.0)
SRR37700660_1	(0.0, 0.0)	(1.0, 0.0)	(2.0, 0.0)	(3.0, 0.0)	(4.0, 0.0)	(5.0, 0.0)	(6.0, 0.0)	(7.0, 0.0)	(8.0, 0.0)	(9.0, 0.0)	(10.0, 0.0)	(11.0, 0.0)	(12.0, 0.0)	(13.0, 0.0)	(14.0, 0.0)	(15.0, 0.0)	(16.0, 0.0)	(17.0, 0.0)	(18.0, 0.0)	(19.0, 0.0)	(20.0, 0.0)	(21.0, 0.0)	(22.0, 0.0)	(23.0, 0.0)	(24.0, 0.0)	(25.0, 0.0)	(26.0, 0.0)	(27.0, 0.0)	(28.0, 0.0)	(29.0, 0.0)	(30.0, 0.0)	(31.0, 0.0)	(32.0, 0.0)	(33.0, 0.0)	(34.0, 0.0)	(35.0, 0.6666666666666666)	(36.0, 0.6666666666666666)	(37.0, 0.3333333333333333)	(38.0, 0.0)	(39.0, 0.0)	(40.0, 0.0)	(41.0, 0.0)	(42.0, 1.0)	(43.0, 0.3333333333333333)	(44.0, 2.6666666666666665)	(45.0, 11.000000000000002)	(46.0, 19.999999999999996)	(47.0, 58.666666666666806)	(48.0, 213.00000000000168)	(49.0, 1007.6666666667113)	(50.0, 2226.333333333228)	(51.0, 1272.9999999999898)	(52.0, 4047.6666666673896)	(53.0, 3321.6666666670594)	(54.0, 1353.9999999999714)	(55.0, 2252.999999999907)	(56.0, 797.6666666666874)	(57.0, 498.33333333332246)	(58.0, 364.9999999999967)	(59.0, 266.33333333333564)	(60.0, 1501.3333333332712)	(61.0, 1484.333333333275)	(62.0, 130.666666666666)	(63.0, 198.66666666666794)	(64.0, 137.6666666666662)	(65.0, 77.66666666666664)	(66.0, 37.99999999999999)	(67.0, 33.66666666666663)	(68.0, 25.666666666666643)	(69.0, 23.999999999999982)	(70.0, 35.99999999999998)	(71.0, 5.999999999999998)	(72.0, 1.9999999999999998)	(73.0, 0.3333333333333333)	(74.0, 0.0)	(75.0, 0.3333333333333333)	(76.0, 0.3333333333333333)	(77.0, 0.0)	(78.0, 0.0)	(79.0, 0.0)	(80.0, 0.0)	(81.0, 0.0)	(82.0, 0.0)	(83.0, 0.0)	(84.0, 0.0)	(85.0, 0.0)	(86.0, 0.0)	(87.0, 0.0)	(88.0, 0.0)	(89.0, 0.0)	(90.0, 0.0)	(91.0, 0.0)	(92.0, 0.0)	(93.0, 0.0)	(94.0, 0.0)	(95.0, 0.0)	(96.0, 0.0)	(97.0, 0.0)	(98.0, 0.0)	(99.0, 0.0)	(100.0, 0.0)
SRR37700660_2	(0.0, 0.0)	(1.0, 0.0)	(2.0, 0.0)	(3.0, 0.0)	(4.0, 0.0)	(5.0, 0.0)	(6.0, 0.0)	(7.0, 0.0)	(8.0, 0.0)	(9.0, 0.0)	(10.0, 0.0)	(11.0, 0.0)	(12.0, 0.0)	(13.0, 0.0)	(14.0, 0.0)	(15.0, 0.0)	(16.0, 0.0)	(17.0, 0.0)	(18.0, 0.0)	(19.0, 0.0)	(20.0, 0.0)	(21.0, 0.0)	(22.0, 0.0)	(23.0, 0.0)	(24.0, 0.0)	(25.0, 0.0)	(26.0, 0.0)	(27.0, 0.0)	(28.0, 0.0)	(29.0, 0.0)	(30.0, 0.0)	(31.0, 0.0)	(32.0, 0.0)	(33.0, 0.0)	(34.0, 0.0)	(35.0, 0.0)	(36.0, 0.0)	(37.0, 0.3333333333333333)	(38.0, 1.0)	(39.0, 0.6666666666666666)	(40.0, 0.0)	(41.0, 0.0)	(42.0, 0.6666666666666666)	(43.0, 0.6666666666666666)	(44.0, 0.6666666666666666)	(45.0, 1.3333333333333333)	(46.0, 13.33333333333334)	(47.0, 29.66666666666663)	(48.0, 93.33333333333309)	(49.0, 796.0000000000206)	(50.0, 2160.999999999865)	(51.0, 1772.999999999876)	(52.0, 3523.0000000004843)	(53.0, 5228.333333333048)	(54.0, 2519.0000000000277)	(55.0, 1596.6666666665828)	(56.0, 2261.999999999911)	(57.0, 575.9999999999956)	(58.0, 366.33333333332996)	(59.0, 249.66666666666939)	(60.0, 275.33333333333513)	(61.0, 309.99999999999983)	(62.0, 298.66666666666714)	(63.0, 1547.9999999999272)	(64.0, 274.3333333333352)	(65.0, 155.00000000000003)	(66.0, 129.66666666666598)	(67.0, 75.66666666666667)	(68.0, 30.999999999999957)	(69.0, 32.333333333333286)	(70.0, 15.333333333333343)	(71.0, 18.333333333333336)	(72.0, 12.333333333333337)	(73.0, 6.999999999999997)	(74.0, 7.33333333333333)	(75.0, 10.0)	(76.0, 19.333333333333332)	(77.0, 8.33333333333333)	(78.0, 0.3333333333333333)	(79.0, 0.3333333333333333)	(80.0, 0.3333333333333333)	(81.0, 0.0)	(82.0, 0.3333333333333333)	(83.0, 0.0)	(84.0, 0.3333333333333333)	(85.0, 0.0)	(86.0, 0.0)	(87.0, 0.0)	(88.0, 0.0)	(89.0, 0.0)	(90.0, 0.0)	(91.0, 0.0)	(92.0, 0.0)	(93.0, 0.3333333333333333)	(94.0, 0.3333333333333333)	(95.0, 0.3333333333333333)	(96.0, 0.0)	(97.0, 0.0)	(98.0, 0.0)	(99.0, 0.0)	(100.0, 0.0)
SRR37700661_1	(0.0, 0.0)	(1.0, 0.0)	(2.0, 0.0)	(3.0, 0.0)	(4.0, 0.0)	(5.0, 0.0)	(6.0, 0.0)	(7.0, 0.0)	(8.0, 0.0)	(9.0, 0.0)	(10.0, 0.0)	(11.0, 0.0)	(12.0, 0.0)	(13.0, 0.0)	(14.0, 0.0)	(15.0, 0.0)	(16.0, 0.0)	(17.0, 0.0)	(18.0, 0.0)	(19.0, 0.0)	(20.0, 0.0)	(21.0, 0.0)	(22.0, 0.0)	(23.0, 0.0)	(24.0, 0.0)	(25.0, 0.0)	(26.0, 0.0)	(27.0, 0.0)	(28.0, 0.0)	(29.0, 0.0)	(30.0, 0.0)	(31.0, 0.0)	(32.0, 0.0)	(33.0, 0.0)	(34.0, 0.0)	(35.0, 1.6666666666666665)	(36.0, 4.666666666666666)	(37.0, 8.999999999999998)	(38.0, 1.6666666666666665)	(39.0, 0.0)	(40.0, 0.0)	(41.0, 0.0)	(42.0, 0.0)	(43.0, 1.6666666666666665)	(44.0, 4.999999999999999)	(45.0, 51.000000000000085)	(46.0, 163.3333333333336)	(47.0, 136.99999999999952)	(48.0, 182.66666666666748)	(49.0, 954.3333333333719)	(50.0, 3030.666666666927)	(51.0, 2074.333333333159)	(52.0, 6114.333333332243)	(53.0, 1746.3333333332155)	(54.0, 837.3333333333586)	(55.0, 1401.6666666666272)	(56.0, 561.6666666666606)	(57.0, 492.3333333333228)	(58.0, 500.999999999989)	(59.0, 397.9999999999948)	(60.0, 2494.0000000000164)	(61.0, 2451.666666666664)	(62.0, 129.66666666666598)	(63.0, 151.6666666666666)	(64.0, 297.00000000000057)	(65.0, 239.00000000000242)	(66.0, 21.333333333333325)	(67.0, 14.333333333333341)	(68.0, 10.333333333333334)	(69.0, 29.333333333333297)	(70.0, 48.3333333333334)	(71.0, 5.999999999999998)	(72.0, 0.3333333333333333)	(73.0, 0.6666666666666666)	(74.0, 0.0)	(75.0, 0.0)	(76.0, 0.0)	(77.0, 0.0)	(78.0, 0.0)	(79.0, 0.0)	(80.0, 0.0)	(81.0, 0.0)	(82.0, 0.0)	(83.0, 0.0)	(84.0, 0.0)	(85.0, 0.0)	(86.0, 0.0)	(87.0, 0.0)	(88.0, 0.0)	(89.0, 0.0)	(90.0, 0.0)	(91.0, 0.0)	(92.0, 0.0)	(93.0, 0.0)	(94.0, 0.0)	(95.0, 0.0)	(96.0, 0.0)	(97.0, 0.0)	(98.0, 0.0)	(99.0, 0.0)	(100.0, 0.0)
SRR37700661_2	(0.0, 0.0)	(1.0, 0.0)	(2.0, 0.0)	(3.0, 0.0)	(4.0, 0.0)	(5.0, 0.0)	(6.0, 0.0)	(7.0, 0.0)	(8.0, 0.0)	(9.0, 0.0)	(10.0, 0.0)	(11.0, 0.0)	(12.0, 0.0)	(13.0, 0.0)	(14.0, 0.0)	(15.0, 0.0)	(16.0, 0.0)	(17.0, 0.0)	(18.0, 0.0)	(19.0, 0.0)	(20.0, 0.0)	(21.0, 0.0)	(22.0, 0.0)	(23.0, 0.0)	(24.0, 0.0)	(25.0, 0.0)	(26.0, 0.0)	(27.0, 0.0)	(28.0, 0.0)	(29.0, 0.0)	(30.0, 0.3333333333333333)	(31.0, 0.3333333333333333)	(32.0, 0.3333333333333333)	(33.0, 0.3333333333333333)	(34.0, 0.0)	(35.0, 0.3333333333333333)	(36.0, 1.3333333333333333)	(37.0, 10.333333333333334)	(38.0, 8.33333333333333)	(39.0, 1.3333333333333333)	(40.0, 0.3333333333333333)	(41.0, 1.3333333333333333)	(42.0, 1.3333333333333333)	(43.0, 5.333333333333332)	(44.0, 122.99999999999933)	(45.0, 103.33333333333294)	(46.0, 19.999999999999996)	(47.0, 35.66666666666664)	(48.0, 84.66666666666654)	(49.0, 747.6666666666817)	(50.0, 2188.3333333332107)	(51.0, 2770.3333333334754)	(52.0, 6302.333333332072)	(53.0, 5639.999999999341)	(54.0, 1409.6666666666254)	(55.0, 716.0000000000115)	(56.0, 1414.333333333291)	(57.0, 728.3333333333462)	(58.0, 496.33333333332257)	(59.0, 187.66666666666762)	(60.0, 207.6666666666682)	(61.0, 444.66666666665884)	(62.0, 403.33333333332786)	(63.0, 2563.0000000000477)	(64.0, 406.3333333333277)	(65.0, 132.33333333333272)	(66.0, 268.33333333333553)	(67.0, 223.66666666666865)	(68.0, 19.333333333333332)	(69.0, 14.333333333333341)	(70.0, 9.333333333333332)	(71.0, 8.33333333333333)	(72.0, 15.333333333333343)	(73.0, 5.666666666666665)	(74.0, 5.333333333333332)	(75.0, 17.000000000000007)	(76.0, 32.333333333333286)	(77.0, 12.333333333333337)	(78.0, 0.3333333333333333)	(79.0, 0.3333333333333333)	(80.0, 0.3333333333333333)	(81.0, 0.3333333333333333)	(82.0, 0.0)	(83.0, 0.0)	(84.0, 0.0)	(85.0, 0.0)	(86.0, 0.0)	(87.0, 0.0)	(88.0, 0.0)	(89.0, 0.0)	(90.0, 0.0)	(91.0, 0.3333333333333333)	(92.0, 0.0)	(93.0, 0.0)	(94.0, 0.0)	(95.0, 0.0)	(96.0, 0.0)	(97.0, 0.3333333333333333)	(98.0, 0.0)	(99.0, 0.0)	(100.0, 0.0)
SRR37700662_1	(0.0, 0.0)	(1.0, 0.0)	(2.0, 0.0)	(3.0, 0.0)	(4.0, 0.0)	(5.0, 0.0)	(6.0, 0.0)	(7.0, 0.0)	(8.0, 0.0)	(9.0, 0.0)	(10.0, 0.0)	(11.0, 0.0)	(12.0, 0.0)	(13.0, 0.0)	(14.0, 0.0)	(15.0, 0.0)	(16.0, 0.0)	(17.0, 0.0)	(18.0, 0.0)	(19.0, 0.0)	(20.0, 0.0)	(21.0, 0.0)	(22.0, 0.0)	(23.0, 0.0)	(24.0, 0.0)	(25.0, 0.0)	(26.0, 0.0)	(27.0, 0.0)	(28.0, 0.0)	(29.0, 0.0)	(30.0, 0.0)	(31.0, 0.0)	(32.0, 0.0)	(33.0, 0.0)	(34.0, 0.0)	(35.0, 0.0)	(36.0, 0.3333333333333333)	(37.0, 0.3333333333333333)	(38.0, 0.0)	(39.0, 0.0)	(40.0, 0.0)	(41.0, 1.0)	(42.0, 1.6666666666666665)	(43.0, 1.9999999999999998)	(44.0, 4.0)	(45.0, 16.00000000000001)	(46.0, 77.99999999999997)	(47.0, 136.33333333333283)	(48.0, 354.33333333333064)	(49.0, 1139.0000000000202)	(50.0, 4408.000000000461)	(51.0, 4146.6666666673655)	(52.0, 3777.0000000006)	(53.0, 2528.666666666699)	(54.0, 1774.333333333209)	(55.0, 1796.6666666665374)	(56.0, 821.6666666666902)	(57.0, 293.3333333333341)	(58.0, 104.33333333333293)	(59.0, 29.66666666666663)	(60.0, 15.666666666666677)	(61.0, 10.666666666666668)	(62.0, 18.333333333333336)	(63.0, 32.99999999999996)	(64.0, 37.33333333333332)	(65.0, 21.99999999999999)	(66.0, 14.666666666666675)	(67.0, 14.000000000000007)	(68.0, 19.666666666666664)	(69.0, 33.33333333333329)	(70.0, 3.666666666666667)	(71.0, 1.3333333333333333)	(72.0, 0.3333333333333333)	(73.0, 0.0)	(74.0, 0.0)	(75.0, 0.0)	(76.0, 0.0)	(77.0, 0.0)	(78.0, 0.0)	(79.0, 0.0)	(80.0, 0.0)	(81.0, 0.0)	(82.0, 0.0)	(83.0, 0.0)	(84.0, 0.0)	(85.0, 0.0)	(86.0, 0.0)	(87.0, 0.0)	(88.0, 0.0)	(89.0, 0.0)	(90.0, 0.0)	(91.0, 0.0)	(92.0, 0.0)	(93.0, 0.0)	(94.0, 0.0)	(95.0, 0.0)	(96.0, 0.0)	(97.0, 0.0)	(98.0, 0.0)	(99.0, 0.0)	(100.0, 0.0)
SRR37700662_2	(0.0, 0.0)	(1.0, 0.0)	(2.0, 0.0)	(3.0, 0.0)	(4.0, 0.0)	(5.0, 0.0)	(6.0, 0.0)	(7.0, 0.0)	(8.0, 0.0)	(9.0, 0.0)	(10.0, 0.0)	(11.0, 0.0)	(12.0, 0.0)	(13.0, 0.0)	(14.0, 0.0)	(15.0, 0.0)	(16.0, 0.0)	(17.0, 0.0)	(18.0, 0.0)	(19.0, 0.0)	(20.0, 0.0)	(21.0, 0.0)	(22.0, 0.0)	(23.0, 0.0)	(24.0, 0.0)	(25.0, 0.0)	(26.0, 0.0)	(27.0, 0.0)	(28.0, 0.0)	(29.0, 0.0)	(30.0, 0.0)	(31.0, 0.0)	(32.0, 0.0)	(33.0, 0.6666666666666666)	(34.0, 0.3333333333333333)	(35.0, 0.3333333333333333)	(36.0, 0.3333333333333333)	(37.0, 1.0)	(38.0, 1.3333333333333333)	(39.0, 0.6666666666666666)	(40.0, 0.6666666666666666)	(41.0, 1.3333333333333333)	(42.0, 2.6666666666666665)	(43.0, 2.6666666666666665)	(44.0, 21.333333333333325)	(45.0, 19.333333333333332)	(46.0, 37.66666666666666)	(47.0, 80.99999999999993)	(48.0, 301.33333333333366)	(49.0, 1070.3333333333692)	(50.0, 2357.666666666621)	(51.0, 3511.000000000479)	(52.0, 3466.6666666671254)	(53.0, 4029.0000000007144)	(54.0, 2988.666666666908)	(55.0, 1425.3333333332885)	(56.0, 1865.999999999855)	(57.0, 413.6666666666606)	(58.0, 287.33333333333445)	(59.0, 428.33333333332644)	(60.0, 126.99999999999928)	(61.0, 48.000000000000064)	(62.0, 7.666666666666663)	(63.0, 12.666666666666671)	(64.0, 15.333333333333343)	(65.0, 33.33333333333329)	(66.0, 46.00000000000005)	(67.0, 23.333333333333318)	(68.0, 14.000000000000007)	(69.0, 11.000000000000002)	(70.0, 6.666666666666664)	(71.0, 13.000000000000005)	(72.0, 27.666666666666636)	(73.0, 6.333333333333331)	(74.0, 1.3333333333333333)	(75.0, 0.0)	(76.0, 0.0)	(77.0, 0.0)	(78.0, 0.0)	(79.0, 0.0)	(80.0, 0.0)	(81.0, 0.0)	(82.0, 0.0)	(83.0, 0.0)	(84.0, 0.0)	(85.0, 0.0)	(86.0, 0.0)	(87.0, 0.0)	(88.0, 0.0)	(89.0, 0.0)	(90.0, 0.0)	(91.0, 0.0)	(92.0, 0.0)	(93.0, 0.0)	(94.0, 0.0)	(95.0, 0.0)	(96.0, 0.0)	(97.0, 0.0)	(98.0, 0.0)	(99.0, 0.0)	(100.0, 0.0)
SRR37700663_1	(0.0, 0.0)	(1.0, 0.0)	(2.0, 0.0)	(3.0, 0.0)	(4.0, 0.0)	(5.0, 0.0)	(6.0, 0.0)	(7.0, 0.0)	(8.0, 0.0)	(9.0, 0.0)	(10.0, 0.0)	(11.0, 0.0)	(12.0, 0.0)	(13.0, 0.0)	(14.0, 0.0)	(15.0, 0.0)	(16.0, 0.0)	(17.0, 0.0)	(18.0, 0.0)	(19.0, 0.0)	(20.0, 0.0)	(21.0, 0.0)	(22.0, 0.0)	(23.0, 0.0)	(24.0, 0.0)	(25.0, 0.0)	(26.0, 0.0)	(27.0, 0.0)	(28.0, 0.0)	(29.0, 0.0)	(30.0, 0.0)	(31.0, 0.0)	(32.0, 0.0)	(33.0, 0.0)	(34.0, 0.0)	(35.0, 3.666666666666667)	(36.0, 4.0)	(37.0, 0.3333333333333333)	(38.0, 0.6666666666666666)	(39.0, 0.6666666666666666)	(40.0, 0.0)	(41.0, 0.6666666666666666)	(42.0, 0.6666666666666666)	(43.0, 1.6666666666666665)	(44.0, 1.3333333333333333)	(45.0, 4.333333333333333)	(46.0, 19.999999999999996)	(47.0, 36.333333333333314)	(48.0, 105.66666666666625)	(49.0, 1460.6666666666138)	(50.0, 4087.6666666674078)	(51.0, 1500.999999999938)	(52.0, 4420.333333333783)	(53.0, 2746.666666666798)	(54.0, 692.0000000000088)	(55.0, 1295.333333333318)	(56.0, 379.3333333333292)	(57.0, 374.3333333333295)	(58.0, 685.000000000008)	(59.0, 523.3333333333229)	(60.0, 419.33333333332695)	(61.0, 354.99999999999727)	(62.0, 45.666666666666714)	(63.0, 84.33333333333321)	(64.0, 88.33333333333316)	(65.0, 41.666666666666686)	(66.0, 10.333333333333334)	(67.0, 7.666666666666663)	(68.0, 7.666666666666663)	(69.0, 9.666666666666666)	(70.0, 1.6666666666666665)	(71.0, 0.3333333333333333)	(72.0, 0.0)	(73.0, 0.0)	(74.0, 0.0)	(75.0, 0.0)	(76.0, 0.0)	(77.0, 0.0)	(78.0, 0.0)	(79.0, 0.0)	(80.0, 0.0)	(81.0, 0.0)	(82.0, 0.0)	(83.0, 0.0)	(84.0, 0.0)	(85.0, 0.0)	(86.0, 0.0)	(87.0, 0.0)	(88.0, 0.0)	(89.0, 0.0)	(90.0, 0.0)	(91.0, 0.0)	(92.0, 0.0)	(93.0, 0.0)	(94.0, 0.0)	(95.0, 0.0)	(96.0, 0.0)	(97.0, 0.0)	(98.0, 0.0)	(99.0, 0.0)	(100.0, 0.0)
SRR37700663_2	(0.0, 0.0)	(1.0, 0.0)	(2.0, 0.0)	(3.0, 0.0)	(4.0, 0.0)	(5.0, 0.0)	(6.0, 0.0)	(7.0, 0.0)	(8.0, 0.0)	(9.0, 0.0)	(10.0, 0.0)	(11.0, 0.0)	(12.0, 0.0)	(13.0, 0.0)	(14.0, 0.0)	(15.0, 0.0)	(16.0, 0.0)	(17.0, 0.0)	(18.0, 0.0)	(19.0, 0.0)	(20.0, 0.0)	(21.0, 0.0)	(22.0, 0.0)	(23.0, 0.0)	(24.0, 0.0)	(25.0, 0.0)	(26.0, 0.0)	(27.0, 0.0)	(28.0, 0.0)	(29.0, 0.0)	(30.0, 0.0)	(31.0, 0.0)	(32.0, 1.0)	(33.0, 0.0)	(34.0, 0.0)	(35.0, 0.3333333333333333)	(36.0, 0.3333333333333333)	(37.0, 1.9999999999999998)	(38.0, 2.333333333333333)	(39.0, 1.6666666666666665)	(40.0, 1.0)	(41.0, 1.0)	(42.0, 1.9999999999999998)	(43.0, 3.3333333333333335)	(44.0, 6.999999999999997)	(45.0, 5.666666666666665)	(46.0, 7.9999999999999964)	(47.0, 24.333333333333314)	(48.0, 63.00000000000017)	(49.0, 426.66666666665986)	(50.0, 3025.3333333335913)	(51.0, 3879.000000000646)	(52.0, 4552.666666666996)	(53.0, 5631.333333332682)	(54.0, 2259.333333333243)	(55.0, 622.6666666666675)	(56.0, 1279.9999999999882)	(57.0, 400.99999999999466)	(58.0, 252.66666666666947)	(59.0, 207.33333333333485)	(60.0, 324.33333333333235)	(61.0, 581.3333333333295)	(62.0, 140.33333333333294)	(63.0, 352.33333333333076)	(64.0, 85.66666666666653)	(65.0, 75.00000000000001)	(66.0, 87.33333333333317)	(67.0, 51.66666666666676)	(68.0, 12.000000000000004)	(69.0, 8.999999999999998)	(70.0, 4.666666666666666)	(71.0, 4.0)	(72.0, 7.9999999999999964)	(73.0, 2.6666666666666665)	(74.0, 1.3333333333333333)	(75.0, 1.0)	(76.0, 0.6666666666666666)	(77.0, 0.3333333333333333)	(78.0, 0.3333333333333333)	(79.0, 0.0)	(80.0, 0.0)	(81.0, 0.0)	(82.0, 0.0)	(83.0, 0.0)	(84.0, 0.0)	(85.0, 0.0)	(86.0, 0.0)	(87.0, 0.0)	(88.0, 0.3333333333333333)	(89.0, 0.3333333333333333)	(90.0, 0.0)	(91.0, 0.0)	(92.0, 0.0)	(93.0, 0.0)	(94.0, 0.0)	(95.0, 0.0)	(96.0, 0.0)	(97.0, 0.0)	(98.0, 0.0)	(99.0, 0.0)	(100.0, 0.0)
SRR37700664_1	(0.0, 0.0)	(1.0, 0.0)	(2.0, 0.0)	(3.0, 0.0)	(4.0, 0.0)	(5.0, 0.0)	(6.0, 0.0)	(7.0, 0.0)	(8.0, 0.0)	(9.0, 0.0)	(10.0, 0.0)	(11.0, 0.0)	(12.0, 0.0)	(13.0, 0.0)	(14.0, 0.0)	(15.0, 0.0)	(16.0, 0.0)	(17.0, 0.0)	(18.0, 0.0)	(19.0, 0.0)	(20.0, 0.0)	(21.0, 0.0)	(22.0, 0.0)	(23.0, 0.0)	(24.0, 0.0)	(25.0, 0.0)	(26.0, 0.0)	(27.0, 0.0)	(28.0, 0.0)	(29.0, 0.0)	(30.0, 0.0)	(31.0, 0.0)	(32.0, 0.0)	(33.0, 0.0)	(34.0, 0.0)	(35.0, 0.0)	(36.0, 0.3333333333333333)	(37.0, 0.3333333333333333)	(38.0, 0.0)	(39.0, 0.0)	(40.0, 0.3333333333333333)	(41.0, 0.0)	(42.0, 0.0)	(43.0, 1.0)	(44.0, 1.3333333333333333)	(45.0, 0.6666666666666666)	(46.0, 4.0)	(47.0, 12.333333333333337)	(48.0, 71.00000000000007)	(49.0, 1264.333333333325)	(50.0, 3008.666666666917)	(51.0, 1113.3333333333594)	(52.0, 2811.0000000001605)	(53.0, 6054.999999998963)	(54.0, 483.3333333333233)	(55.0, 540.9999999999916)	(56.0, 174.00000000000057)	(57.0, 372.66666666666293)	(58.0, 940.000000000037)	(59.0, 350.33333333333087)	(60.0, 720.6666666666787)	(61.0, 693.3333333333422)	(62.0, 36.333333333333314)	(63.0, 28.666666666666632)	(64.0, 20.999999999999993)	(65.0, 11.333333333333336)	(66.0, 4.333333333333333)	(67.0, 3.0)	(68.0, 3.3333333333333335)	(69.0, 5.999999999999998)	(70.0, 4.666666666666666)	(71.0, 1.0)	(72.0, 0.3333333333333333)	(73.0, 0.0)	(74.0, 0.0)	(75.0, 0.0)	(76.0, 0.0)	(77.0, 0.0)	(78.0, 0.0)	(79.0, 0.0)	(80.0, 0.0)	(81.0, 0.0)	(82.0, 0.0)	(83.0, 0.0)	(84.0, 0.0)	(85.0, 0.0)	(86.0, 0.0)	(87.0, 0.0)	(88.0, 0.0)	(89.0, 0.0)	(90.0, 0.0)	(91.0, 0.0)	(92.0, 0.0)	(93.0, 0.0)	(94.0, 0.0)	(95.0, 0.0)	(96.0, 0.0)	(97.0, 0.0)	(98.0, 0.0)	(99.0, 0.0)	(100.0, 0.0)
SRR37700664_2	(0.0, 0.0)	(1.0, 0.0)	(2.0, 0.0)	(3.0, 0.0)	(4.0, 0.0)	(5.0, 0.0)	(6.0, 0.0)	(7.0, 0.0)	(8.0, 0.0)	(9.0, 0.0)	(10.0, 0.0)	(11.0, 0.0)	(12.0, 0.0)	(13.0, 0.0)	(14.0, 0.0)	(15.0, 0.0)	(16.0, 0.0)	(17.0, 0.0)	(18.0, 0.0)	(19.0, 0.0)	(20.0, 0.0)	(21.0, 0.0)	(22.0, 0.0)	(23.0, 0.0)	(24.0, 0.0)	(25.0, 0.0)	(26.0, 0.0)	(27.0, 0.0)	(28.0, 0.0)	(29.0, 0.0)	(30.0, 0.0)	(31.0, 0.0)	(32.0, 0.0)	(33.0, 0.0)	(34.0, 0.0)	(35.0, 0.6666666666666666)	(36.0, 1.0)	(37.0, 0.0)	(38.0, 0.0)	(39.0, 0.3333333333333333)	(40.0, 1.0)	(41.0, 1.0)	(42.0, 1.0)	(43.0, 1.0)	(44.0, 0.6666666666666666)	(45.0, 1.6666666666666665)	(46.0, 2.6666666666666665)	(47.0, 5.999999999999998)	(48.0, 31.33333333333329)	(49.0, 685.000000000008)	(50.0, 2483.6666666666783)	(51.0, 2340.33333333328)	(52.0, 2713.666666666783)	(53.0, 7122.999999997992)	(54.0, 5519.333333332784)	(55.0, 277.333333333335)	(56.0, 523.3333333333229)	(57.0, 133.99999999999943)	(58.0, 258.3333333333361)	(59.0, 271.00000000000205)	(60.0, 653.6666666666711)	(61.0, 836.0000000000251)	(62.0, 196.66666666666788)	(63.0, 698.6666666666762)	(64.0, 89.33333333333314)	(65.0, 18.333333333333336)	(66.0, 17.000000000000007)	(67.0, 7.9999999999999964)	(68.0, 3.0)	(69.0, 4.333333333333333)	(70.0, 0.0)	(71.0, 2.6666666666666665)	(72.0, 3.3333333333333335)	(73.0, 2.333333333333333)	(74.0, 0.0)	(75.0, 1.3333333333333333)	(76.0, 3.0)	(77.0, 1.0)	(78.0, 0.0)	(79.0, 0.0)	(80.0, 0.0)	(81.0, 0.0)	(82.0, 0.0)	(83.0, 0.0)	(84.0, 0.0)	(85.0, 0.0)	(86.0, 0.0)	(87.0, 0.0)	(88.0, 0.0)	(89.0, 0.0)	(90.0, 0.0)	(91.0, 0.0)	(92.0, 0.0)	(93.0, 0.0)	(94.0, 0.0)	(95.0, 0.0)	(96.0, 0.0)	(97.0, 0.0)	(98.0, 0.0)	(99.0, 0.0)	(100.0, 0.0)
SRR37700665_1	(0.0, 0.0)	(1.0, 0.0)	(2.0, 0.0)	(3.0, 0.0)	(4.0, 0.0)	(5.0, 0.0)	(6.0, 0.0)	(7.0, 0.0)	(8.0, 0.0)	(9.0, 0.0)	(10.0, 0.0)	(11.0, 0.0)	(12.0, 0.0)	(13.0, 0.0)	(14.0, 0.0)	(15.0, 0.0)	(16.0, 0.0)	(17.0, 0.0)	(18.0, 0.0)	(19.0, 0.0)	(20.0, 0.0)	(21.0, 0.0)	(22.0, 0.0)	(23.0, 0.0)	(24.0, 0.0)	(25.0, 0.0)	(26.0, 0.0)	(27.0, 0.0)	(28.0, 0.0)	(29.0, 0.0)	(30.0, 0.0)	(31.0, 0.0)	(32.0, 0.0)	(33.0, 0.0)	(34.0, 0.0)	(35.0, 0.6666666666666666)	(36.0, 0.6666666666666666)	(37.0, 0.0)	(38.0, 0.3333333333333333)	(39.0, 0.3333333333333333)	(40.0, 0.3333333333333333)	(41.0, 0.0)	(42.0, 0.3333333333333333)	(43.0, 0.6666666666666666)	(44.0, 1.9999999999999998)	(45.0, 9.666666666666666)	(46.0, 30.999999999999957)	(47.0, 69.33333333333343)	(48.0, 508.9999999999885)	(49.0, 2518.3333333333608)	(50.0, 1743.6666666665494)	(51.0, 1587.3333333332516)	(52.0, 4919.999999999995)	(53.0, 1757.6666666665462)	(54.0, 937.33333333337)	(55.0, 1912.9999999998442)	(56.0, 604.3333333333321)	(57.0, 289.33333333333434)	(58.0, 236.33333333333567)	(59.0, 189.000000000001)	(60.0, 553.3333333333263)	(61.0, 539.9999999999915)	(62.0, 93.33333333333309)	(63.0, 182.66666666666748)	(64.0, 147.6666666666665)	(65.0, 91.66666666666644)	(66.0, 18.000000000000004)	(67.0, 13.000000000000005)	(68.0, 13.666666666666673)	(69.0, 25.33333333333331)	(70.0, 24.666666666666647)	(71.0, 3.0)	(72.0, 0.3333333333333333)	(73.0, 0.3333333333333333)	(74.0, 0.0)	(75.0, 0.0)	(76.0, 0.0)	(77.0, 0.0)	(78.0, 0.0)	(79.0, 0.0)	(80.0, 0.0)	(81.0, 0.0)	(82.0, 0.0)	(83.0, 0.0)	(84.0, 0.0)	(85.0, 0.0)	(86.0, 0.0)	(87.0, 0.0)	(88.0, 0.0)	(89.0, 0.0)	(90.0, 0.0)	(91.0, 0.0)	(92.0, 0.0)	(93.0, 0.0)	(94.0, 0.0)	(95.0, 0.0)	(96.0, 0.0)	(97.0, 0.0)	(98.0, 0.0)	(99.0, 0.0)	(100.0, 0.0)
SRR37700665_2	(0.0, 0.0)	(1.0, 0.0)	(2.0, 0.0)	(3.0, 0.0)	(4.0, 0.0)	(5.0, 0.0)	(6.0, 0.0)	(7.0, 0.0)	(8.0, 0.0)	(9.0, 0.0)	(10.0, 0.0)	(11.0, 0.0)	(12.0, 0.0)	(13.0, 0.0)	(14.0, 0.0)	(15.0, 0.0)	(16.0, 0.0)	(17.0, 0.0)	(18.0, 0.0)	(19.0, 0.0)	(20.0, 0.0)	(21.0, 0.0)	(22.0, 0.0)	(23.0, 0.0)	(24.0, 0.0)	(25.0, 0.0)	(26.0, 0.0)	(27.0, 0.0)	(28.0, 0.0)	(29.0, 0.0)	(30.0, 0.0)	(31.0, 0.0)	(32.0, 0.0)	(33.0, 0.0)	(34.0, 0.0)	(35.0, 0.0)	(36.0, 0.0)	(37.0, 0.0)	(38.0, 0.0)	(39.0, 0.6666666666666666)	(40.0, 0.6666666666666666)	(41.0, 0.3333333333333333)	(42.0, 0.6666666666666666)	(43.0, 1.6666666666666665)	(44.0, 0.6666666666666666)	(45.0, 3.3333333333333335)	(46.0, 11.66666666666667)	(47.0, 39.66666666666667)	(48.0, 285.6666666666679)	(49.0, 2447.9999999999955)	(50.0, 1433.9999999999532)	(51.0, 1575.9999999999209)	(52.0, 4678.666666666882)	(53.0, 4865.3333333333785)	(54.0, 1185.6666666666763)	(55.0, 1034.3333333333774)	(56.0, 1844.3333333331932)	(57.0, 525.6666666666565)	(58.0, 226.66666666666873)	(59.0, 157.00000000000009)	(60.0, 144.33333333333306)	(61.0, 209.3333333333349)	(62.0, 140.99999999999963)	(63.0, 566.9999999999945)	(64.0, 192.00000000000108)	(65.0, 90.33333333333313)	(66.0, 128.3333333333326)	(67.0, 95.33333333333306)	(68.0, 13.666666666666673)	(69.0, 14.666666666666675)	(70.0, 5.333333333333332)	(71.0, 7.666666666666663)	(72.0, 14.000000000000007)	(73.0, 5.666666666666665)	(74.0, 3.666666666666667)	(75.0, 9.333333333333332)	(76.0, 16.00000000000001)	(77.0, 5.333333333333332)	(78.0, 0.3333333333333333)	(79.0, 0.0)	(80.0, 0.0)	(81.0, 0.0)	(82.0, 0.0)	(83.0, 0.0)	(84.0, 0.0)	(85.0, 0.0)	(86.0, 0.0)	(87.0, 0.0)	(88.0, 0.0)	(89.0, 0.0)	(90.0, 0.0)	(91.0, 0.0)	(92.0, 0.0)	(93.0, 0.0)	(94.0, 0.0)	(95.0, 0.0)	(96.0, 0.0)	(97.0, 0.0)	(98.0, 0.0)	(99.0, 0.0)	(100.0, 0.0)
SRR37700666_1	(0.0, 0.0)	(1.0, 0.0)	(2.0, 0.0)	(3.0, 0.0)	(4.0, 0.0)	(5.0, 0.0)	(6.0, 0.0)	(7.0, 0.0)	(8.0, 0.0)	(9.0, 0.0)	(10.0, 0.0)	(11.0, 0.0)	(12.0, 0.0)	(13.0, 0.0)	(14.0, 0.0)	(15.0, 0.0)	(16.0, 0.0)	(17.0, 0.0)	(18.0, 0.0)	(19.0, 0.0)	(20.0, 0.0)	(21.0, 0.0)	(22.0, 0.0)	(23.0, 0.0)	(24.0, 0.0)	(25.0, 0.0)	(26.0, 0.0)	(27.0, 0.0)	(28.0, 0.0)	(29.0, 0.0)	(30.0, 0.0)	(31.0, 0.0)	(32.0, 0.0)	(33.0, 0.0)	(34.0, 0.0)	(35.0, 0.0)	(36.0, 1.0)	(37.0, 0.3333333333333333)	(38.0, 0.0)	(39.0, 0.0)	(40.0, 0.0)	(41.0, 0.0)	(42.0, 0.0)	(43.0, 1.0)	(44.0, 2.333333333333333)	(45.0, 4.333333333333333)	(46.0, 4.666666666666666)	(47.0, 18.666666666666668)	(48.0, 74.66666666666669)	(49.0, 491.9999999999895)	(50.0, 1607.9999999999136)	(51.0, 1010.6666666667116)	(52.0, 1332.9999999999761)	(53.0, 1847.3333333331925)	(54.0, 1214.6666666666697)	(55.0, 2920.666666666877)	(56.0, 858.333333333361)	(57.0, 1002.6666666667107)	(58.0, 528.6666666666569)	(59.0, 306.33333333333337)	(60.0, 2898.3333333335336)	(61.0, 2893.000000000198)	(62.0, 183.6666666666675)	(63.0, 156.3333333333334)	(64.0, 275.66666666666845)	(65.0, 213.33333333333502)	(66.0, 23.333333333333318)	(67.0, 17.33333333333334)	(68.0, 13.000000000000005)	(69.0, 13.000000000000005)	(70.0, 17.66666666666667)	(71.0, 3.666666666666667)	(72.0, 0.0)	(73.0, 0.0)	(74.0, 0.0)	(75.0, 0.0)	(76.0, 0.0)	(77.0, 0.0)	(78.0, 0.0)	(79.0, 0.0)	(80.0, 0.0)	(81.0, 0.0)	(82.0, 0.0)	(83.0, 0.0)	(84.0, 0.0)	(85.0, 0.0)	(86.0, 0.0)	(87.0, 0.0)	(88.0, 0.0)	(89.0, 0.0)	(90.0, 0.0)	(91.0, 0.0)	(92.0, 0.0)	(93.0, 0.0)	(94.0, 0.0)	(95.0, 0.0)	(96.0, 0.0)	(97.0, 0.0)	(98.0, 0.0)	(99.0, 0.0)	(100.0, 0.0)
SRR37700666_2	(0.0, 0.0)	(1.0, 0.0)	(2.0, 0.0)	(3.0, 0.0)	(4.0, 0.0)	(5.0, 0.0)	(6.0, 0.0)	(7.0, 0.0)	(8.0, 0.0)	(9.0, 0.0)	(10.0, 0.0)	(11.0, 0.0)	(12.0, 0.0)	(13.0, 0.0)	(14.0, 0.0)	(15.0, 0.0)	(16.0, 0.0)	(17.0, 0.0)	(18.0, 0.0)	(19.0, 0.0)	(20.0, 0.0)	(21.0, 0.0)	(22.0, 0.0)	(23.0, 0.0)	(24.0, 0.0)	(25.0, 0.0)	(26.0, 0.0)	(27.0, 0.0)	(28.0, 0.0)	(29.0, 0.0)	(30.0, 0.0)	(31.0, 0.0)	(32.0, 0.0)	(33.0, 0.0)	(34.0, 0.0)	(35.0, 0.0)	(36.0, 0.3333333333333333)	(37.0, 0.3333333333333333)	(38.0, 0.3333333333333333)	(39.0, 0.3333333333333333)	(40.0, 0.3333333333333333)	(41.0, 0.3333333333333333)	(42.0, 1.6666666666666665)	(43.0, 1.3333333333333333)	(44.0, 1.9999999999999998)	(45.0, 3.0)	(46.0, 6.333333333333331)	(47.0, 13.33333333333334)	(48.0, 73.33333333333337)	(49.0, 759.0000000000164)	(50.0, 1536.6666666665965)	(51.0, 937.6666666667033)	(52.0, 1002.6666666667107)	(53.0, 1723.9999999998872)	(54.0, 1268.6666666666574)	(55.0, 1374.6666666666333)	(56.0, 2893.000000000198)	(57.0, 1085.666666666699)	(58.0, 1047.3333333333744)	(59.0, 232.00000000000222)	(60.0, 213.00000000000168)	(61.0, 316.3333333333328)	(62.0, 476.3333333333237)	(63.0, 3036.000000000263)	(64.0, 411.6666666666607)	(65.0, 132.66666666666606)	(66.0, 242.6666666666692)	(67.0, 200.666666666668)	(68.0, 23.999999999999982)	(69.0, 13.000000000000005)	(70.0, 7.666666666666663)	(71.0, 9.666666666666666)	(72.0, 9.666666666666666)	(73.0, 3.0)	(74.0, 2.333333333333333)	(75.0, 6.333333333333331)	(76.0, 11.66666666666667)	(77.0, 4.666666666666666)	(78.0, 0.3333333333333333)	(79.0, 0.0)	(80.0, 0.3333333333333333)	(81.0, 0.0)	(82.0, 0.0)	(83.0, 0.0)	(84.0, 0.0)	(85.0, 0.0)	(86.0, 0.0)	(87.0, 0.0)	(88.0, 0.0)	(89.0, 0.0)	(90.0, 0.0)	(91.0, 0.0)	(92.0, 0.0)	(93.0, 0.0)	(94.0, 0.0)	(95.0, 0.0)	(96.0, 0.0)	(97.0, 0.0)	(98.0, 0.0)	(99.0, 0.0)	(100.0, 0.0)
SRR37700667_1	(0.0, 0.0)	(1.0, 0.0)	(2.0, 0.0)	(3.0, 0.0)	(4.0, 0.0)	(5.0, 0.0)	(6.0, 0.0)	(7.0, 0.0)	(8.0, 0.0)	(9.0, 0.0)	(10.0, 0.0)	(11.0, 0.0)	(12.0, 0.0)	(13.0, 0.0)	(14.0, 0.0)	(15.0, 0.0)	(16.0, 0.0)	(17.0, 0.0)	(18.0, 0.0)	(19.0, 0.0)	(20.0, 0.0)	(21.0, 0.0)	(22.0, 0.0)	(23.0, 0.0)	(24.0, 0.0)	(25.0, 0.0)	(26.0, 0.0)	(27.0, 0.0)	(28.0, 0.0)	(29.0, 0.0)	(30.0, 0.0)	(31.0, 0.0)	(32.0, 0.0)	(33.0, 0.0)	(34.0, 0.3333333333333333)	(35.0, 0.0)	(36.0, 0.0)	(37.0, 0.6666666666666666)	(38.0, 0.0)	(39.0, 0.0)	(40.0, 0.0)	(41.0, 0.0)	(42.0, 0.0)	(43.0, 0.3333333333333333)	(44.0, 1.6666666666666665)	(45.0, 2.6666666666666665)	(46.0, 5.999999999999998)	(47.0, 16.333333333333343)	(48.0, 105.33333333333292)	(49.0, 768.3333333333508)	(50.0, 2118.999999999846)	(51.0, 1399.6666666666276)	(52.0, 5140.666666666461)	(53.0, 4633.6666666669225)	(54.0, 795.0000000000205)	(55.0, 1896.999999999848)	(56.0, 293.0000000000008)	(57.0, 150.33333333333323)	(58.0, 375.33333333332945)	(59.0, 442.66666666665895)	(60.0, 1029.3333333333785)	(61.0, 935.6666666667031)	(62.0, 78.99999999999996)	(63.0, 104.66666666666626)	(64.0, 100.33333333333299)	(65.0, 50.00000000000008)	(66.0, 16.333333333333343)	(67.0, 15.333333333333343)	(68.0, 14.000000000000007)	(69.0, 12.333333333333337)	(70.0, 8.33333333333333)	(71.0, 0.3333333333333333)	(72.0, 0.0)	(73.0, 0.3333333333333333)	(74.0, 0.3333333333333333)	(75.0, 0.0)	(76.0, 0.0)	(77.0, 0.0)	(78.0, 0.0)	(79.0, 0.0)	(80.0, 0.0)	(81.0, 0.0)	(82.0, 0.0)	(83.0, 0.0)	(84.0, 0.0)	(85.0, 0.0)	(86.0, 0.0)	(87.0, 0.0)	(88.0, 0.0)	(89.0, 0.0)	(90.0, 0.0)	(91.0, 0.0)	(92.0, 0.0)	(93.0, 0.0)	(94.0, 0.0)	(95.0, 0.0)	(96.0, 0.0)	(97.0, 0.0)	(98.0, 0.0)	(99.0, 0.0)	(100.0, 0.0)
SRR37700667_2	(0.0, 0.0)	(1.0, 0.0)	(2.0, 0.0)	(3.0, 0.0)	(4.0, 0.0)	(5.0, 0.0)	(6.0, 0.0)	(7.0, 0.0)	(8.0, 0.0)	(9.0, 0.0)	(10.0, 0.0)	(11.0, 0.0)	(12.0, 0.0)	(13.0, 0.0)	(14.0, 0.0)	(15.0, 0.0)	(16.0, 0.0)	(17.0, 0.0)	(18.0, 0.0)	(19.0, 0.0)	(20.0, 0.0)	(21.0, 0.0)	(22.0, 0.0)	(23.0, 0.0)	(24.0, 0.0)	(25.0, 0.0)	(26.0, 0.0)	(27.0, 0.0)	(28.0, 0.0)	(29.0, 0.0)	(30.0, 0.0)	(31.0, 0.0)	(32.0, 0.0)	(33.0, 0.0)	(34.0, 0.0)	(35.0, 0.0)	(36.0, 0.0)	(37.0, 0.0)	(38.0, 0.0)	(39.0, 0.3333333333333333)	(40.0, 1.3333333333333333)	(41.0, 1.0)	(42.0, 0.6666666666666666)	(43.0, 1.0)	(44.0, 1.6666666666666665)	(45.0, 1.3333333333333333)	(46.0, 1.6666666666666665)	(47.0, 11.66666666666667)	(48.0, 53.66666666666677)	(49.0, 177.00000000000065)	(50.0, 1311.6666666666476)	(51.0, 2182.6666666665415)	(52.0, 4837.333333333404)	(53.0, 7480.666666664333)	(54.0, 3979.333333334025)	(55.0, 762.6666666666835)	(56.0, 1793.666666666538)	(57.0, 251.00000000000276)	(58.0, 126.33333333333262)	(59.0, 78.99999999999996)	(60.0, 128.66666666666595)	(61.0, 448.9999999999919)	(62.0, 258.6666666666694)	(63.0, 996.6666666667101)	(64.0, 183.33333333333417)	(65.0, 93.33333333333309)	(66.0, 77.99999999999997)	(67.0, 50.333333333333414)	(68.0, 13.33333333333334)	(69.0, 15.333333333333343)	(70.0, 8.666666666666664)	(71.0, 10.666666666666668)	(72.0, 7.666666666666663)	(73.0, 3.0)	(74.0, 0.6666666666666666)	(75.0, 1.9999999999999998)	(76.0, 4.333333333333333)	(77.0, 1.0)	(78.0, 0.0)	(79.0, 0.0)	(80.0, 0.0)	(81.0, 0.0)	(82.0, 0.0)	(83.0, 0.0)	(84.0, 0.0)	(85.0, 0.0)	(86.0, 0.0)	(87.0, 0.0)	(88.0, 0.0)	(89.0, 0.0)	(90.0, 0.0)	(91.0, 0.0)	(92.0, 0.0)	(93.0, 0.0)	(94.0, 0.0)	(95.0, 0.0)	(96.0, 0.0)	(97.0, 0.0)	(98.0, 0.0)	(99.0, 0.0)	(100.0, 0.0)
SRR37700668_1	(0.0, 0.0)	(1.0, 0.0)	(2.0, 0.0)	(3.0, 0.0)	(4.0, 0.0)	(5.0, 0.0)	(6.0, 0.0)	(7.0, 0.0)	(8.0, 0.0)	(9.0, 0.0)	(10.0, 0.0)	(11.0, 0.0)	(12.0, 0.0)	(13.0, 0.0)	(14.0, 0.0)	(15.0, 0.0)	(16.0, 0.0)	(17.0, 0.0)	(18.0, 0.0)	(19.0, 0.0)	(20.0, 0.0)	(21.0, 0.0)	(22.0, 0.0)	(23.0, 0.0)	(24.0, 0.0)	(25.0, 0.0)	(26.0, 0.0)	(27.0, 0.0)	(28.0, 0.0)	(29.0, 0.0)	(30.0, 0.0)	(31.0, 0.0)	(32.0, 0.0)	(33.0, 0.3333333333333333)	(34.0, 0.3333333333333333)	(35.0, 0.0)	(36.0, 2.333333333333333)	(37.0, 3.0)	(38.0, 0.6666666666666666)	(39.0, 0.3333333333333333)	(40.0, 1.3333333333333333)	(41.0, 0.6666666666666666)	(42.0, 0.0)	(43.0, 1.0)	(44.0, 1.9999999999999998)	(45.0, 20.999999999999993)	(46.0, 66.33333333333347)	(47.0, 156.3333333333334)	(48.0, 112.99999999999947)	(49.0, 683.3333333333411)	(50.0, 1075.6666666667013)	(51.0, 2052.333333333149)	(52.0, 2292.999999999925)	(53.0, 1472.9999999999443)	(54.0, 1232.6666666666656)	(55.0, 1409.6666666666254)	(56.0, 723.3333333333456)	(57.0, 240.3333333333358)	(58.0, 84.66666666666654)	(59.0, 32.333333333333286)	(60.0, 28.3333333333333)	(61.0, 29.66666666666663)	(62.0, 20.66666666666666)	(63.0, 31.999999999999954)	(64.0, 14.000000000000007)	(65.0, 7.33333333333333)	(66.0, 6.999999999999997)	(67.0, 4.0)	(68.0, 14.333333333333341)	(69.0, 19.999999999999996)	(70.0, 1.6666666666666665)	(71.0, 0.0)	(72.0, 0.0)	(73.0, 0.0)	(74.0, 0.0)	(75.0, 0.0)	(76.0, 0.0)	(77.0, 0.0)	(78.0, 0.0)	(79.0, 0.0)	(80.0, 0.0)	(81.0, 0.0)	(82.0, 0.0)	(83.0, 0.0)	(84.0, 0.0)	(85.0, 0.0)	(86.0, 0.0)	(87.0, 0.0)	(88.0, 0.0)	(89.0, 0.0)	(90.0, 0.0)	(91.0, 0.0)	(92.0, 0.0)	(93.0, 0.0)	(94.0, 0.0)	(95.0, 0.0)	(96.0, 0.0)	(97.0, 0.0)	(98.0, 0.0)	(99.0, 0.0)	(100.0, 0.0)
SRR37700668_2	(0.0, 0.0)	(1.0, 0.0)	(2.0, 0.0)	(3.0, 0.0)	(4.0, 0.0)	(5.0, 0.0)	(6.0, 0.0)	(7.0, 0.0)	(8.0, 0.0)	(9.0, 0.0)	(10.0, 0.0)	(11.0, 0.0)	(12.0, 0.0)	(13.0, 0.0)	(14.0, 0.0)	(15.0, 0.0)	(16.0, 0.0)	(17.0, 0.0)	(18.0, 0.0)	(19.0, 0.0)	(20.0, 0.0)	(21.0, 0.0)	(22.0, 0.0)	(23.0, 0.0)	(24.0, 0.0)	(25.0, 0.0)	(26.0, 0.0)	(27.0, 0.0)	(28.0, 0.0)	(29.0, 0.0)	(30.0, 0.3333333333333333)	(31.0, 0.3333333333333333)	(32.0, 0.3333333333333333)	(33.0, 0.3333333333333333)	(34.0, 0.0)	(35.0, 1.0)	(36.0, 1.3333333333333333)	(37.0, 5.666666666666665)	(38.0, 6.666666666666664)	(39.0, 2.6666666666666665)	(40.0, 2.6666666666666665)	(41.0, 1.0)	(42.0, 1.6666666666666665)	(43.0, 2.6666666666666665)	(44.0, 23.333333333333318)	(45.0, 29.99999999999996)	(46.0, 30.333333333333293)	(47.0, 52.33333333333343)	(48.0, 162.33333333333357)	(49.0, 639.6666666666695)	(50.0, 590.9999999999973)	(51.0, 871.6666666666958)	(52.0, 1662.999999999901)	(53.0, 2570.666666666718)	(54.0, 1920.9999999998424)	(55.0, 1207.6666666666713)	(56.0, 1672.6666666665656)	(57.0, 619.6666666666672)	(58.0, 350.6666666666642)	(59.0, 111.66666666666616)	(60.0, 64.00000000000017)	(61.0, 29.99999999999996)	(62.0, 13.000000000000005)	(63.0, 24.333333333333314)	(64.0, 18.000000000000004)	(65.0, 33.999999999999964)	(66.0, 20.999999999999993)	(67.0, 3.3333333333333335)	(68.0, 2.6666666666666665)	(69.0, 6.666666666666664)	(70.0, 3.0)	(71.0, 5.333333333333332)	(72.0, 11.333333333333336)	(73.0, 6.333333333333331)	(74.0, 1.6666666666666665)	(75.0, 0.3333333333333333)	(76.0, 0.3333333333333333)	(77.0, 0.0)	(78.0, 0.0)	(79.0, 0.3333333333333333)	(80.0, 0.3333333333333333)	(81.0, 0.0)	(82.0, 0.0)	(83.0, 0.0)	(84.0, 0.0)	(85.0, 0.0)	(86.0, 0.0)	(87.0, 0.0)	(88.0, 0.0)	(89.0, 0.0)	(90.0, 0.0)	(91.0, 0.0)	(92.0, 0.0)	(93.0, 0.0)	(94.0, 0.3333333333333333)	(95.0, 0.0)	(96.0, 0.0)	(97.0, 0.0)	(98.0, 0.0)	(99.0, 0.0)	(100.0, 0.0)
SRR37700669_1	(0.0, 0.0)	(1.0, 0.0)	(2.0, 0.0)	(3.0, 0.0)	(4.0, 0.0)	(5.0, 0.0)	(6.0, 0.0)	(7.0, 0.0)	(8.0, 0.0)	(9.0, 0.0)	(10.0, 0.0)	(11.0, 0.0)	(12.0, 0.0)	(13.0, 0.0)	(14.0, 0.0)	(15.0, 0.0)	(16.0, 0.0)	(17.0, 0.0)	(18.0, 0.0)	(19.0, 0.0)	(20.0, 0.0)	(21.0, 0.0)	(22.0, 0.0)	(23.0, 0.0)	(24.0, 0.0)	(25.0, 0.0)	(26.0, 0.0)	(27.0, 0.0)	(28.0, 0.0)	(29.0, 0.0)	(30.0, 0.0)	(31.0, 0.0)	(32.0, 0.0)	(33.0, 0.0)	(34.0, 0.0)	(35.0, 0.0)	(36.0, 0.3333333333333333)	(37.0, 0.6666666666666666)	(38.0, 0.0)	(39.0, 0.0)	(40.0, 0.3333333333333333)	(41.0, 0.6666666666666666)	(42.0, 1.3333333333333333)	(43.0, 2.333333333333333)	(44.0, 4.333333333333333)	(45.0, 6.333333333333331)	(46.0, 28.999999999999964)	(47.0, 83.99999999999989)	(48.0, 248.00000000000267)	(49.0, 702.3333333333433)	(50.0, 1415.3333333332907)	(51.0, 635.0000000000023)	(52.0, 1662.999999999901)	(53.0, 1639.3333333332398)	(54.0, 903.3333333333661)	(55.0, 1295.9999999999845)	(56.0, 521.3333333333227)	(57.0, 953.0000000000384)	(58.0, 616.0000000000001)	(59.0, 458.99999999999136)	(60.0, 815.6666666666895)	(61.0, 804.0000000000215)	(62.0, 59.33333333333348)	(63.0, 69.66666666666676)	(64.0, 227.33333333333542)	(65.0, 200.666666666668)	(66.0, 14.000000000000007)	(67.0, 8.33333333333333)	(68.0, 7.9999999999999964)	(69.0, 10.666666666666668)	(70.0, 32.66666666666662)	(71.0, 4.333333333333333)	(72.0, 1.0)	(73.0, 0.0)	(74.0, 0.0)	(75.0, 0.0)	(76.0, 0.0)	(77.0, 0.0)	(78.0, 0.0)	(79.0, 0.0)	(80.0, 0.0)	(81.0, 0.0)	(82.0, 0.0)	(83.0, 0.0)	(84.0, 0.0)	(85.0, 0.0)	(86.0, 0.0)	(87.0, 0.0)	(88.0, 0.0)	(89.0, 0.0)	(90.0, 0.0)	(91.0, 0.0)	(92.0, 0.0)	(93.0, 0.0)	(94.0, 0.0)	(95.0, 0.0)	(96.0, 0.0)	(97.0, 0.0)	(98.0, 0.0)	(99.0, 0.0)	(100.0, 0.0)
SRR37700669_2	(0.0, 0.0)	(1.0, 0.0)	(2.0, 0.0)	(3.0, 0.0)	(4.0, 0.0)	(5.0, 0.0)	(6.0, 0.0)	(7.0, 0.0)	(8.0, 0.0)	(9.0, 0.0)	(10.0, 0.0)	(11.0, 0.0)	(12.0, 0.0)	(13.0, 0.0)	(14.0, 0.0)	(15.0, 0.0)	(16.0, 0.0)	(17.0, 0.3333333333333333)	(18.0, 0.0)	(19.0, 0.0)	(20.0, 0.0)	(21.0, 0.0)	(22.0, 0.0)	(23.0, 0.0)	(24.0, 0.0)	(25.0, 0.3333333333333333)	(26.0, 0.0)	(27.0, 0.0)	(28.0, 0.0)	(29.0, 0.0)	(30.0, 0.0)	(31.0, 0.0)	(32.0, 0.0)	(33.0, 0.0)	(34.0, 0.0)	(35.0, 0.0)	(36.0, 0.0)	(37.0, 1.0)	(38.0, 0.6666666666666666)	(39.0, 0.3333333333333333)	(40.0, 1.3333333333333333)	(41.0, 0.6666666666666666)	(42.0, 0.0)	(43.0, 1.0)	(44.0, 9.333333333333332)	(45.0, 10.666666666666668)	(46.0, 4.0)	(47.0, 7.666666666666663)	(48.0, 27.333333333333304)	(49.0, 346.3333333333311)	(50.0, 1318.666666666646)	(51.0, 1409.6666666666254)	(52.0, 1527.3333333332653)	(53.0, 1892.6666666665155)	(54.0, 906.3333333333665)	(55.0, 1047.6666666667077)	(56.0, 1432.3333333332869)	(57.0, 1015.6666666667122)	(58.0, 891.0000000000314)	(59.0, 126.66666666666595)	(60.0, 105.66666666666625)	(61.0, 485.3333333333232)	(62.0, 181.00000000000077)	(63.0, 854.0000000000272)	(64.0, 164.33333333333363)	(65.0, 86.99999999999984)	(66.0, 194.66666666666782)	(67.0, 170.3333333333338)	(68.0, 12.666666666666671)	(69.0, 5.333333333333332)	(70.0, 3.666666666666667)	(71.0, 4.0)	(72.0, 4.666666666666666)	(73.0, 3.3333333333333335)	(74.0, 5.999999999999998)	(75.0, 10.0)	(76.0, 18.666666666666668)	(77.0, 10.0)	(78.0, 0.3333333333333333)	(79.0, 0.0)	(80.0, 0.0)	(81.0, 0.0)	(82.0, 0.0)	(83.0, 0.0)	(84.0, 0.0)	(85.0, 0.0)	(86.0, 0.0)	(87.0, 0.0)	(88.0, 0.0)	(89.0, 0.0)	(90.0, 0.0)	(91.0, 0.0)	(92.0, 0.0)	(93.0, 0.0)	(94.0, 0.0)	(95.0, 0.0)	(96.0, 0.0)	(97.0, 0.0)	(98.0, 0.0)	(99.0, 0.3333333333333333)	(100.0, 0.5)
SRR37700670_1	(0.0, 0.0)	(1.0, 0.0)	(2.0, 0.0)	(3.0, 0.0)	(4.0, 0.0)	(5.0, 0.0)	(6.0, 0.0)	(7.0, 0.0)	(8.0, 0.0)	(9.0, 0.0)	(10.0, 0.0)	(11.0, 0.0)	(12.0, 0.3333333333333333)	(13.0, 0.3333333333333333)	(14.0, 0.0)	(15.0, 0.0)	(16.0, 0.0)	(17.0, 0.0)	(18.0, 0.0)	(19.0, 0.0)	(20.0, 0.3333333333333333)	(21.0, 0.6666666666666666)	(22.0, 0.0)	(23.0, 0.0)	(24.0, 0.0)	(25.0, 0.0)	(26.0, 0.0)	(27.0, 0.0)	(28.0, 0.3333333333333333)	(29.0, 0.3333333333333333)	(30.0, 0.0)	(31.0, 0.3333333333333333)	(32.0, 0.3333333333333333)	(33.0, 0.0)	(34.0, 0.0)	(35.0, 0.6666666666666666)	(36.0, 2.333333333333333)	(37.0, 19.666666666666664)	(38.0, 16.333333333333343)	(39.0, 1.6666666666666665)	(40.0, 2.333333333333333)	(41.0, 4.0)	(42.0, 8.33333333333333)	(43.0, 7.666666666666663)	(44.0, 30.666666666666625)	(45.0, 3469.0000000004597)	(46.0, 3621.666666667196)	(47.0, 181.00000000000077)	(48.0, 117.33333333333275)	(49.0, 274.6666666666685)	(50.0, 550.9999999999927)	(51.0, 452.9999999999917)	(52.0, 1435.9999999999527)	(53.0, 445.6666666666588)	(54.0, 468.6666666666575)	(55.0, 290.3333333333343)	(56.0, 84.66666666666654)	(57.0, 56.33333333333346)	(58.0, 60.333333333333485)	(59.0, 34.3333333333333)	(60.0, 16.666666666666675)	(61.0, 8.999999999999998)	(62.0, 12.666666666666671)	(63.0, 3.666666666666667)	(64.0, 6.666666666666664)	(65.0, 14.666666666666675)	(66.0, 1.6666666666666665)	(67.0, 0.6666666666666666)	(68.0, 1.0)	(69.0, 6.333333333333331)	(70.0, 0.6666666666666666)	(71.0, 0.3333333333333333)	(72.0, 0.3333333333333333)	(73.0, 0.0)	(74.0, 0.0)	(75.0, 0.0)	(76.0, 0.0)	(77.0, 0.0)	(78.0, 0.0)	(79.0, 0.0)	(80.0, 0.0)	(81.0, 0.0)	(82.0, 0.0)	(83.0, 0.0)	(84.0, 0.0)	(85.0, 0.0)	(86.0, 0.0)	(87.0, 0.0)	(88.0, 0.0)	(89.0, 0.0)	(90.0, 0.0)	(91.0, 0.0)	(92.0, 0.0)	(93.0, 0.0)	(94.0, 0.0)	(95.0, 0.0)	(96.0, 0.0)	(97.0, 0.0)	(98.0, 0.0)	(99.0, 0.0)	(100.0, 0.0)
SRR37700670_2	(0.0, 0.0)	(1.0, 0.0)	(2.0, 0.0)	(3.0, 0.0)	(4.0, 0.0)	(5.0, 0.0)	(6.0, 0.0)	(7.0, 0.0)	(8.0, 0.0)	(9.0, 0.0)	(10.0, 0.0)	(11.0, 0.0)	(12.0, 0.0)	(13.0, 0.0)	(14.0, 0.0)	(15.0, 0.0)	(16.0, 0.0)	(17.0, 0.0)	(18.0, 0.0)	(19.0, 0.0)	(20.0, 0.0)	(21.0, 0.0)	(22.0, 0.0)	(23.0, 0.0)	(24.0, 0.0)	(25.0, 0.0)	(26.0, 0.0)	(27.0, 0.0)	(28.0, 0.0)	(29.0, 0.0)	(30.0, 0.0)	(31.0, 0.3333333333333333)	(32.0, 3.3333333333333335)	(33.0, 3.666666666666667)	(34.0, 4.0)	(35.0, 7.666666666666663)	(36.0, 10.333333333333334)	(37.0, 25.33333333333331)	(38.0, 43.00000000000003)	(39.0, 22.999999999999986)	(40.0, 11.66666666666667)	(41.0, 8.999999999999998)	(42.0, 20.66666666666666)	(43.0, 225.33333333333536)	(44.0, 3665.000000000549)	(45.0, 463.9999999999911)	(46.0, 41.666666666666686)	(47.0, 22.999999999999986)	(48.0, 41.33333333333335)	(49.0, 301.66666666666697)	(50.0, 479.33333333332354)	(51.0, 441.9999999999923)	(52.0, 1295.9999999999845)	(53.0, 1344.3333333333069)	(54.0, 304.6666666666668)	(55.0, 299.00000000000045)	(56.0, 396.66666666666157)	(57.0, 224.66666666666868)	(58.0, 58.000000000000135)	(59.0, 16.333333333333343)	(60.0, 26.99999999999997)	(61.0, 41.33333333333335)	(62.0, 9.666666666666666)	(63.0, 17.000000000000007)	(64.0, 12.000000000000004)	(65.0, 8.999999999999998)	(66.0, 12.333333333333337)	(67.0, 10.666666666666668)	(68.0, 1.6666666666666665)	(69.0, 1.0)	(70.0, 0.3333333333333333)	(71.0, 1.0)	(72.0, 5.666666666666665)	(73.0, 0.0)	(74.0, 0.0)	(75.0, 0.0)	(76.0, 0.0)	(77.0, 0.0)	(78.0, 0.0)	(79.0, 0.0)	(80.0, 0.0)	(81.0, 0.0)	(82.0, 0.0)	(83.0, 0.0)	(84.0, 0.3333333333333333)	(85.0, 0.3333333333333333)	(86.0, 0.0)	(87.0, 0.0)	(88.0, 0.0)	(89.0, 0.0)	(90.0, 0.0)	(91.0, 0.0)	(92.0, 0.0)	(93.0, 0.0)	(94.0, 0.0)	(95.0, 0.0)	(96.0, 0.0)	(97.0, 0.0)	(98.0, 0.0)	(99.0, 0.0)	(100.0, 0.0)
SRR37700671_1	(0.0, 0.0)	(1.0, 0.0)	(2.0, 0.0)	(3.0, 0.0)	(4.0, 0.0)	(5.0, 0.0)	(6.0, 0.0)	(7.0, 0.0)	(8.0, 0.0)	(9.0, 0.0)	(10.0, 0.0)	(11.0, 0.0)	(12.0, 0.0)	(13.0, 0.0)	(14.0, 0.0)	(15.0, 0.0)	(16.0, 0.0)	(17.0, 0.0)	(18.0, 0.0)	(19.0, 0.0)	(20.0, 0.0)	(21.0, 0.0)	(22.0, 0.0)	(23.0, 0.0)	(24.0, 0.0)	(25.0, 0.0)	(26.0, 0.0)	(27.0, 0.0)	(28.0, 0.0)	(29.0, 0.0)	(30.0, 0.0)	(31.0, 0.0)	(32.0, 0.0)	(33.0, 0.0)	(34.0, 0.3333333333333333)	(35.0, 0.6666666666666666)	(36.0, 1.0)	(37.0, 0.3333333333333333)	(38.0, 0.0)	(39.0, 0.3333333333333333)	(40.0, 0.3333333333333333)	(41.0, 0.0)	(42.0, 0.3333333333333333)	(43.0, 0.6666666666666666)	(44.0, 1.6666666666666665)	(45.0, 6.333333333333331)	(46.0, 23.333333333333318)	(47.0, 37.99999999999999)	(48.0, 233.66666666666893)	(49.0, 1106.6666666666943)	(50.0, 2161.9999999998654)	(51.0, 943.666666666704)	(52.0, 1412.6666666666247)	(53.0, 3185.0000000003306)	(54.0, 765.000000000017)	(55.0, 1384.666666666631)	(56.0, 422.6666666666601)	(57.0, 465.66666666665765)	(58.0, 1217.0000000000025)	(59.0, 1189.6666666666754)	(60.0, 2124.9999999998486)	(61.0, 2034.9999999998165)	(62.0, 105.33333333333292)	(63.0, 117.66666666666607)	(64.0, 105.33333333333292)	(65.0, 54.66666666666678)	(66.0, 18.000000000000004)	(67.0, 24.333333333333314)	(68.0, 24.333333333333314)	(69.0, 23.999999999999982)	(70.0, 31.66666666666662)	(71.0, 4.666666666666666)	(72.0, 1.3333333333333333)	(73.0, 0.3333333333333333)	(74.0, 0.3333333333333333)	(75.0, 0.0)	(76.0, 0.0)	(77.0, 0.0)	(78.0, 0.0)	(79.0, 0.0)	(80.0, 0.0)	(81.0, 0.0)	(82.0, 0.0)	(83.0, 0.0)	(84.0, 0.0)	(85.0, 0.0)	(86.0, 0.0)	(87.0, 0.0)	(88.0, 0.0)	(89.0, 0.0)	(90.0, 0.0)	(91.0, 0.0)	(92.0, 0.0)	(93.0, 0.0)	(94.0, 0.0)	(95.0, 0.0)	(96.0, 0.0)	(97.0, 0.0)	(98.0, 0.0)	(99.0, 0.0)	(100.0, 0.0)
SRR37700671_2	(0.0, 0.0)	(1.0, 0.0)	(2.0, 0.0)	(3.0, 0.0)	(4.0, 0.0)	(5.0, 0.0)	(6.0, 0.0)	(7.0, 0.0)	(8.0, 0.0)	(9.0, 0.0)	(10.0, 0.0)	(11.0, 0.0)	(12.0, 0.0)	(13.0, 0.0)	(14.0, 0.0)	(15.0, 0.0)	(16.0, 0.0)	(17.0, 0.0)	(18.0, 0.0)	(19.0, 0.0)	(20.0, 0.0)	(21.0, 0.0)	(22.0, 0.0)	(23.0, 0.0)	(24.0, 0.0)	(25.0, 0.0)	(26.0, 0.0)	(27.0, 0.0)	(28.0, 0.0)	(29.0, 0.0)	(30.0, 0.0)	(31.0, 0.0)	(32.0, 0.0)	(33.0, 0.0)	(34.0, 0.0)	(35.0, 0.3333333333333333)	(36.0, 0.3333333333333333)	(37.0, 0.3333333333333333)	(38.0, 1.0)	(39.0, 0.3333333333333333)	(40.0, 0.6666666666666666)	(41.0, 1.6666666666666665)	(42.0, 1.6666666666666665)	(43.0, 1.6666666666666665)	(44.0, 3.3333333333333335)	(45.0, 5.333333333333332)	(46.0, 12.000000000000004)	(47.0, 46.00000000000005)	(48.0, 172.0000000000005)	(49.0, 965.3333333333732)	(50.0, 1916.9999999998433)	(51.0, 1721.6666666665544)	(52.0, 1213.66666666667)	(53.0, 3300.66666666705)	(54.0, 2716.0000000001173)	(55.0, 741.0000000000143)	(56.0, 1319.6666666666458)	(57.0, 405.9999999999944)	(58.0, 335.99999999999835)	(59.0, 236.33333333333567)	(60.0, 309.3333333333332)	(61.0, 1224.6666666666674)	(62.0, 536.3333333333244)	(63.0, 2153.6666666665283)	(64.0, 300.0000000000004)	(65.0, 108.6666666666662)	(66.0, 95.66666666666639)	(67.0, 75.66666666666667)	(68.0, 25.666666666666643)	(69.0, 23.333333333333318)	(70.0, 14.666666666666675)	(71.0, 10.666666666666668)	(72.0, 11.000000000000002)	(73.0, 3.0)	(74.0, 4.0)	(75.0, 10.0)	(76.0, 19.999999999999996)	(77.0, 5.666666666666665)	(78.0, 0.6666666666666666)	(79.0, 0.0)	(80.0, 0.0)	(81.0, 0.0)	(82.0, 0.3333333333333333)	(83.0, 0.0)	(84.0, 0.0)	(85.0, 0.0)	(86.0, 0.3333333333333333)	(87.0, 0.0)	(88.0, 0.0)	(89.0, 0.0)	(90.0, 0.0)	(91.0, 0.0)	(92.0, 0.0)	(93.0, 0.0)	(94.0, 0.0)	(95.0, 0.0)	(96.0, 0.0)	(97.0, 0.0)	(98.0, 0.0)	(99.0, 0.0)	(100.0, 0.0)
SRR37700672_1	(0.0, 0.0)	(1.0, 0.0)	(2.0, 0.0)	(3.0, 0.0)	(4.0, 0.0)	(5.0, 0.0)	(6.0, 0.0)	(7.0, 0.0)	(8.0, 0.0)	(9.0, 0.0)	(10.0, 0.0)	(11.0, 0.0)	(12.0, 0.0)	(13.0, 0.0)	(14.0, 0.0)	(15.0, 0.0)	(16.0, 0.0)	(17.0, 0.0)	(18.0, 0.0)	(19.0, 0.0)	(20.0, 0.0)	(21.0, 0.0)	(22.0, 0.0)	(23.0, 0.0)	(24.0, 0.0)	(25.0, 0.0)	(26.0, 0.0)	(27.0, 0.0)	(28.0, 0.0)	(29.0, 0.0)	(30.0, 0.0)	(31.0, 0.0)	(32.0, 0.0)	(33.0, 0.0)	(34.0, 0.0)	(35.0, 0.0)	(36.0, 0.0)	(37.0, 0.0)	(38.0, 0.0)	(39.0, 0.0)	(40.0, 0.3333333333333333)	(41.0, 1.3333333333333333)	(42.0, 1.6666666666666665)	(43.0, 1.0)	(44.0, 4.666666666666666)	(45.0, 14.000000000000007)	(46.0, 36.999999999999986)	(47.0, 108.99999999999953)	(48.0, 374.99999999999613)	(49.0, 865.3333333333618)	(50.0, 1412.6666666666247)	(51.0, 944.6666666667041)	(52.0, 3511.000000000479)	(53.0, 984.3333333333753)	(54.0, 456.33333333332484)	(55.0, 738.3333333333474)	(56.0, 457.9999999999914)	(57.0, 434.9999999999927)	(58.0, 302.0000000000003)	(59.0, 261.33333333333593)	(60.0, 1670.9999999998993)	(61.0, 1645.999999999905)	(62.0, 90.99999999999979)	(63.0, 128.9999999999993)	(64.0, 228.6666666666688)	(65.0, 171.00000000000048)	(66.0, 13.666666666666673)	(67.0, 9.333333333333332)	(68.0, 7.666666666666663)	(69.0, 11.000000000000002)	(70.0, 26.333333333333307)	(71.0, 2.333333333333333)	(72.0, 0.3333333333333333)	(73.0, 0.0)	(74.0, 0.0)	(75.0, 0.3333333333333333)	(76.0, 0.0)	(77.0, 0.0)	(78.0, 0.0)	(79.0, 0.0)	(80.0, 0.0)	(81.0, 0.0)	(82.0, 0.0)	(83.0, 0.0)	(84.0, 0.0)	(85.0, 0.0)	(86.0, 0.0)	(87.0, 0.0)	(88.0, 0.0)	(89.0, 0.0)	(90.0, 0.0)	(91.0, 0.0)	(92.0, 0.0)	(93.0, 0.0)	(94.0, 0.0)	(95.0, 0.0)	(96.0, 0.0)	(97.0, 0.0)	(98.0, 0.0)	(99.0, 0.0)	(100.0, 0.0)
SRR37700672_2	(0.0, 0.0)	(1.0, 0.0)	(2.0, 0.0)	(3.0, 0.0)	(4.0, 0.0)	(5.0, 0.0)	(6.0, 0.0)	(7.0, 0.0)	(8.0, 0.0)	(9.0, 0.0)	(10.0, 0.0)	(11.0, 0.0)	(12.0, 0.0)	(13.0, 0.0)	(14.0, 0.0)	(15.0, 0.0)	(16.0, 0.0)	(17.0, 0.0)	(18.0, 0.0)	(19.0, 0.0)	(20.0, 0.0)	(21.0, 0.0)	(22.0, 0.0)	(23.0, 0.0)	(24.0, 0.0)	(25.0, 0.0)	(26.0, 0.0)	(27.0, 0.0)	(28.0, 0.0)	(29.0, 0.0)	(30.0, 0.0)	(31.0, 0.0)	(32.0, 0.0)	(33.0, 0.0)	(34.0, 0.6666666666666666)	(35.0, 0.6666666666666666)	(36.0, 0.0)	(37.0, 0.3333333333333333)	(38.0, 0.3333333333333333)	(39.0, 0.0)	(40.0, 0.6666666666666666)	(41.0, 0.6666666666666666)	(42.0, 0.0)	(43.0, 0.6666666666666666)	(44.0, 1.9999999999999998)	(45.0, 1.6666666666666665)	(46.0, 6.666666666666664)	(47.0, 14.000000000000007)	(48.0, 61.66666666666683)	(49.0, 436.6666666666593)	(50.0, 1533.9999999999304)	(51.0, 1685.3333333332293)	(52.0, 3354.0000000004075)	(53.0, 3413.0000000004343)	(54.0, 605.999999999999)	(55.0, 461.9999999999912)	(56.0, 702.6666666666766)	(57.0, 495.3333333333226)	(58.0, 419.66666666666026)	(59.0, 121.99999999999935)	(60.0, 127.66666666666593)	(61.0, 300.3333333333337)	(62.0, 325.6666666666656)	(63.0, 1688.9999999998952)	(64.0, 292.33333333333417)	(65.0, 98.66666666666634)	(66.0, 193.33333333333445)	(67.0, 155.33333333333337)	(68.0, 10.333333333333334)	(69.0, 4.333333333333333)	(70.0, 5.666666666666665)	(71.0, 8.666666666666664)	(72.0, 5.333333333333332)	(73.0, 3.3333333333333335)	(74.0, 4.0)	(75.0, 9.333333333333332)	(76.0, 17.33333333333334)	(77.0, 6.666666666666664)	(78.0, 0.0)	(79.0, 0.3333333333333333)	(80.0, 0.3333333333333333)	(81.0, 0.0)	(82.0, 0.0)	(83.0, 0.0)	(84.0, 0.0)	(85.0, 0.0)	(86.0, 0.0)	(87.0, 0.0)	(88.0, 0.0)	(89.0, 0.0)	(90.0, 0.0)	(91.0, 0.0)	(92.0, 0.0)	(93.0, 0.0)	(94.0, 0.0)	(95.0, 0.0)	(96.0, 0.0)	(97.0, 0.0)	(98.0, 0.0)	(99.0, 0.0)	(100.0, 0.0)
SRR37700673_1	(0.0, 0.0)	(1.0, 0.0)	(2.0, 0.0)	(3.0, 0.0)	(4.0, 0.0)	(5.0, 0.0)	(6.0, 0.0)	(7.0, 0.0)	(8.0, 0.0)	(9.0, 0.0)	(10.0, 0.0)	(11.0, 0.0)	(12.0, 0.0)	(13.0, 0.0)	(14.0, 0.0)	(15.0, 0.0)	(16.0, 0.0)	(17.0, 0.0)	(18.0, 0.0)	(19.0, 0.0)	(20.0, 0.0)	(21.0, 0.0)	(22.0, 0.0)	(23.0, 0.0)	(24.0, 0.0)	(25.0, 0.0)	(26.0, 0.0)	(27.0, 0.0)	(28.0, 0.0)	(29.0, 0.0)	(30.0, 0.0)	(31.0, 0.0)	(32.0, 0.0)	(33.0, 0.0)	(34.0, 0.0)	(35.0, 2.333333333333333)	(36.0, 1.9999999999999998)	(37.0, 0.0)	(38.0, 0.0)	(39.0, 0.0)	(40.0, 0.0)	(41.0, 1.0)	(42.0, 0.6666666666666666)	(43.0, 0.6666666666666666)	(44.0, 1.9999999999999998)	(45.0, 5.333333333333332)	(46.0, 21.666666666666657)	(47.0, 59.33333333333348)	(48.0, 233.00000000000225)	(49.0, 1884.6666666665174)	(50.0, 3774.6666666672654)	(51.0, 1198.6666666666733)	(52.0, 4038.6666666673855)	(53.0, 3785.6666666672704)	(54.0, 1396.6666666666283)	(55.0, 3482.0000000004657)	(56.0, 893.0000000000316)	(57.0, 694.3333333333424)	(58.0, 1093.333333333364)	(59.0, 825.3333333333572)	(60.0, 362.6666666666635)	(61.0, 314.66666666666623)	(62.0, 70.00000000000009)	(63.0, 179.0000000000007)	(64.0, 166.00000000000034)	(65.0, 86.33333333333319)	(66.0, 39.66666666666667)	(67.0, 39.333333333333336)	(68.0, 32.333333333333286)	(69.0, 14.666666666666675)	(70.0, 19.333333333333332)	(71.0, 4.333333333333333)	(72.0, 1.9999999999999998)	(73.0, 0.6666666666666666)	(74.0, 0.0)	(75.0, 0.0)	(76.0, 0.0)	(77.0, 0.0)	(78.0, 0.0)	(79.0, 0.0)	(80.0, 0.0)	(81.0, 0.0)	(82.0, 0.0)	(83.0, 0.0)	(84.0, 0.0)	(85.0, 0.0)	(86.0, 0.0)	(87.0, 0.0)	(88.0, 0.0)	(89.0, 0.0)	(90.0, 0.0)	(91.0, 0.0)	(92.0, 0.0)	(93.0, 0.0)	(94.0, 0.0)	(95.0, 0.0)	(96.0, 0.0)	(97.0, 0.0)	(98.0, 0.0)	(99.0, 0.0)	(100.0, 0.0)
SRR37700673_2	(0.0, 0.0)	(1.0, 0.0)	(2.0, 0.0)	(3.0, 0.0)	(4.0, 0.0)	(5.0, 0.0)	(6.0, 0.0)	(7.0, 0.0)	(8.0, 0.0)	(9.0, 0.0)	(10.0, 0.0)	(11.0, 0.0)	(12.0, 0.0)	(13.0, 0.0)	(14.0, 0.0)	(15.0, 0.0)	(16.0, 0.0)	(17.0, 0.0)	(18.0, 0.0)	(19.0, 0.0)	(20.0, 0.0)	(21.0, 0.0)	(22.0, 0.3333333333333333)	(23.0, 0.3333333333333333)	(24.0, 0.0)	(25.0, 0.0)	(26.0, 0.0)	(27.0, 0.0)	(28.0, 0.0)	(29.0, 0.0)	(30.0, 0.0)	(31.0, 0.3333333333333333)	(32.0, 0.3333333333333333)	(33.0, 0.0)	(34.0, 0.6666666666666666)	(35.0, 0.3333333333333333)	(36.0, 0.0)	(37.0, 0.3333333333333333)	(38.0, 3.0)	(39.0, 0.0)	(40.0, 1.0)	(41.0, 0.3333333333333333)	(42.0, 1.3333333333333333)	(43.0, 1.3333333333333333)	(44.0, 5.999999999999998)	(45.0, 8.999999999999998)	(46.0, 14.666666666666675)	(47.0, 38.33333333333333)	(48.0, 183.33333333333417)	(49.0, 726.333333333346)	(50.0, 3623.00000000053)	(51.0, 3432.3333333337764)	(52.0, 3552.6666666671645)	(53.0, 6106.33333333225)	(54.0, 3297.6666666670485)	(55.0, 1404.3333333332932)	(56.0, 3407.0000000004316)	(57.0, 750.6666666666821)	(58.0, 513.6666666666551)	(59.0, 383.6666666666623)	(60.0, 413.6666666666606)	(61.0, 928.6666666667023)	(62.0, 154.66666666666669)	(63.0, 332.6666666666652)	(64.0, 104.66666666666626)	(65.0, 124.9999999999993)	(66.0, 169.6666666666671)	(67.0, 107.33333333333289)	(68.0, 51.66666666666676)	(69.0, 43.333333333333364)	(70.0, 18.666666666666668)	(71.0, 27.333333333333304)	(72.0, 7.33333333333333)	(73.0, 3.666666666666667)	(74.0, 1.9999999999999998)	(75.0, 4.0)	(76.0, 10.0)	(77.0, 3.0)	(78.0, 0.0)	(79.0, 0.0)	(80.0, 0.0)	(81.0, 0.0)	(82.0, 0.0)	(83.0, 0.0)	(84.0, 0.0)	(85.0, 0.0)	(86.0, 0.0)	(87.0, 0.0)	(88.0, 0.0)	(89.0, 0.0)	(90.0, 0.0)	(91.0, 0.0)	(92.0, 0.0)	(93.0, 0.0)	(94.0, 0.0)	(95.0, 0.0)	(96.0, 0.0)	(97.0, 0.0)	(98.0, 0.0)	(99.0, 0.0)	(100.0, 0.0)
SRR37700674_1	(0.0, 0.0)	(1.0, 0.0)	(2.0, 0.0)	(3.0, 0.0)	(4.0, 0.0)	(5.0, 0.0)	(6.0, 0.0)	(7.0, 0.0)	(8.0, 0.0)	(9.0, 0.0)	(10.0, 0.0)	(11.0, 0.0)	(12.0, 0.0)	(13.0, 0.0)	(14.0, 0.0)	(15.0, 0.0)	(16.0, 0.0)	(17.0, 0.0)	(18.0, 0.0)	(19.0, 0.0)	(20.0, 0.0)	(21.0, 0.0)	(22.0, 0.0)	(23.0, 0.0)	(24.0, 0.0)	(25.0, 0.0)	(26.0, 0.0)	(27.0, 0.0)	(28.0, 0.0)	(29.0, 0.0)	(30.0, 0.0)	(31.0, 0.0)	(32.0, 0.0)	(33.0, 0.0)	(34.0, 0.0)	(35.0, 0.3333333333333333)	(36.0, 0.3333333333333333)	(37.0, 0.0)	(38.0, 0.0)	(39.0, 0.0)	(40.0, 0.3333333333333333)	(41.0, 0.6666666666666666)	(42.0, 1.0)	(43.0, 1.3333333333333333)	(44.0, 1.9999999999999998)	(45.0, 11.66666666666667)	(46.0, 27.999999999999968)	(47.0, 77.99999999999997)	(48.0, 401.6666666666613)	(49.0, 1819.9999999998654)	(50.0, 7071.333333331372)	(51.0, 2569.333333333384)	(52.0, 2249.3333333332384)	(53.0, 3072.000000000279)	(54.0, 944.3333333333708)	(55.0, 451.99999999999176)	(56.0, 420.9999999999935)	(57.0, 448.6666666666586)	(58.0, 252.33333333333613)	(59.0, 99.66666666666633)	(60.0, 61.33333333333349)	(61.0, 31.999999999999954)	(62.0, 54.66666666666678)	(63.0, 135.66666666666615)	(64.0, 76.0)	(65.0, 17.000000000000007)	(66.0, 20.999999999999993)	(67.0, 26.99999999999997)	(68.0, 26.66666666666664)	(69.0, 15.333333333333343)	(70.0, 3.0)	(71.0, 0.3333333333333333)	(72.0, 0.0)	(73.0, 0.0)	(74.0, 0.0)	(75.0, 0.3333333333333333)	(76.0, 0.0)	(77.0, 0.0)	(78.0, 0.0)	(79.0, 0.0)	(80.0, 0.0)	(81.0, 0.0)	(82.0, 0.0)	(83.0, 0.0)	(84.0, 0.0)	(85.0, 0.0)	(86.0, 0.0)	(87.0, 0.0)	(88.0, 0.0)	(89.0, 0.0)	(90.0, 0.0)	(91.0, 0.0)	(92.0, 0.0)	(93.0, 0.0)	(94.0, 0.0)	(95.0, 0.0)	(96.0, 0.0)	(97.0, 0.0)	(98.0, 0.0)	(99.0, 0.0)	(100.0, 0.0)
SRR37700674_2	(0.0, 0.0)	(1.0, 0.0)	(2.0, 0.0)	(3.0, 0.0)	(4.0, 0.0)	(5.0, 0.0)	(6.0, 0.0)	(7.0, 0.0)	(8.0, 0.0)	(9.0, 0.0)	(10.0, 0.0)	(11.0, 0.0)	(12.0, 0.0)	(13.0, 0.0)	(14.0, 0.0)	(15.0, 0.0)	(16.0, 0.0)	(17.0, 0.0)	(18.0, 0.0)	(19.0, 0.0)	(20.0, 0.0)	(21.0, 0.0)	(22.0, 0.0)	(23.0, 0.0)	(24.0, 0.0)	(25.0, 0.0)	(26.0, 0.0)	(27.0, 0.0)	(28.0, 0.0)	(29.0, 0.0)	(30.0, 0.0)	(31.0, 0.0)	(32.0, 0.0)	(33.0, 0.0)	(34.0, 0.0)	(35.0, 0.0)	(36.0, 0.3333333333333333)	(37.0, 1.0)	(38.0, 1.3333333333333333)	(39.0, 1.0)	(40.0, 0.6666666666666666)	(41.0, 1.6666666666666665)	(42.0, 2.333333333333333)	(43.0, 1.9999999999999998)	(44.0, 2.6666666666666665)	(45.0, 2.333333333333333)	(46.0, 15.333333333333343)	(47.0, 46.66666666666672)	(48.0, 244.66666666666924)	(49.0, 1395.9999999999618)	(50.0, 4079.000000000737)	(51.0, 6189.333333332174)	(52.0, 1542.3333333332619)	(53.0, 2174.3333333332043)	(54.0, 3165.0000000003215)	(55.0, 499.3333333333224)	(56.0, 349.3333333333309)	(57.0, 334.9999999999984)	(58.0, 297.00000000000057)	(59.0, 235.666666666669)	(60.0, 225.6666666666687)	(61.0, 143.66666666666637)	(62.0, 25.999999999999975)	(63.0, 32.99999999999996)	(64.0, 49.33333333333341)	(65.0, 110.33333333333285)	(66.0, 82.33333333333324)	(67.0, 34.666666666666636)	(68.0, 26.333333333333307)	(69.0, 25.33333333333331)	(70.0, 15.000000000000009)	(71.0, 14.000000000000007)	(72.0, 9.666666666666666)	(73.0, 2.333333333333333)	(74.0, 0.3333333333333333)	(75.0, 0.6666666666666666)	(76.0, 1.0)	(77.0, 0.3333333333333333)	(78.0, 0.0)	(79.0, 0.0)	(80.0, 0.0)	(81.0, 0.0)	(82.0, 0.0)	(83.0, 0.0)	(84.0, 0.0)	(85.0, 0.0)	(86.0, 0.0)	(87.0, 0.0)	(88.0, 0.0)	(89.0, 0.0)	(90.0, 0.0)	(91.0, 0.0)	(92.0, 0.0)	(93.0, 0.0)	(94.0, 0.0)	(95.0, 0.0)	(96.0, 0.0)	(97.0, 0.0)	(98.0, 0.0)	(99.0, 0.0)	(100.0, 0.0)
SRR37700675_1	(0.0, 0.0)	(1.0, 0.0)	(2.0, 0.0)	(3.0, 0.0)	(4.0, 0.0)	(5.0, 0.0)	(6.0, 0.0)	(7.0, 0.0)	(8.0, 0.0)	(9.0, 0.0)	(10.0, 0.0)	(11.0, 0.0)	(12.0, 0.0)	(13.0, 0.0)	(14.0, 0.0)	(15.0, 0.0)	(16.0, 0.0)	(17.0, 0.0)	(18.0, 0.0)	(19.0, 0.0)	(20.0, 0.0)	(21.0, 0.0)	(22.0, 0.0)	(23.0, 0.0)	(24.0, 0.0)	(25.0, 0.0)	(26.0, 0.0)	(27.0, 0.0)	(28.0, 0.0)	(29.0, 0.0)	(30.0, 0.0)	(31.0, 0.0)	(32.0, 0.0)	(33.0, 0.0)	(34.0, 0.0)	(35.0, 0.3333333333333333)	(36.0, 0.3333333333333333)	(37.0, 0.0)	(38.0, 0.0)	(39.0, 0.3333333333333333)	(40.0, 0.3333333333333333)	(41.0, 0.0)	(42.0, 1.3333333333333333)	(43.0, 0.6666666666666666)	(44.0, 0.6666666666666666)	(45.0, 4.333333333333333)	(46.0, 12.333333333333337)	(47.0, 37.33333333333332)	(48.0, 172.0000000000005)	(49.0, 1555.6666666665922)	(50.0, 2627.3333333334103)	(51.0, 923.3333333333684)	(52.0, 3300.000000000383)	(53.0, 2323.6666666666056)	(54.0, 1132.333333333355)	(55.0, 3459.3333333337887)	(56.0, 890.666666666698)	(57.0, 833.3333333333582)	(58.0, 2267.3333333332466)	(59.0, 1937.6666666665053)	(60.0, 523.6666666666563)	(61.0, 403.6666666666612)	(62.0, 105.99999999999957)	(63.0, 389.33333333332865)	(64.0, 270.3333333333354)	(65.0, 104.33333333333293)	(66.0, 46.00000000000005)	(67.0, 40.33333333333334)	(68.0, 34.3333333333333)	(69.0, 21.99999999999999)	(70.0, 27.999999999999968)	(71.0, 4.0)	(72.0, 1.6666666666666665)	(73.0, 1.0)	(74.0, 0.3333333333333333)	(75.0, 0.3333333333333333)	(76.0, 0.3333333333333333)	(77.0, 0.0)	(78.0, 0.0)	(79.0, 0.0)	(80.0, 0.0)	(81.0, 0.0)	(82.0, 0.0)	(83.0, 0.0)	(84.0, 0.0)	(85.0, 0.0)	(86.0, 0.0)	(87.0, 0.0)	(88.0, 0.0)	(89.0, 0.0)	(90.0, 0.0)	(91.0, 0.0)	(92.0, 0.0)	(93.0, 0.0)	(94.0, 0.0)	(95.0, 0.0)	(96.0, 0.0)	(97.0, 0.0)	(98.0, 0.0)	(99.0, 0.0)	(100.0, 0.0)
SRR37700675_2	(0.0, 0.0)	(1.0, 0.0)	(2.0, 0.0)	(3.0, 0.0)	(4.0, 0.0)	(5.0, 0.0)	(6.0, 0.0)	(7.0, 0.0)	(8.0, 0.0)	(9.0, 0.0)	(10.0, 0.0)	(11.0, 0.0)	(12.0, 0.0)	(13.0, 0.0)	(14.0, 0.0)	(15.0, 0.0)	(16.0, 0.0)	(17.0, 0.0)	(18.0, 0.0)	(19.0, 0.0)	(20.0, 0.0)	(21.0, 0.0)	(22.0, 0.0)	(23.0, 0.0)	(24.0, 0.0)	(25.0, 0.0)	(26.0, 0.0)	(27.0, 0.0)	(28.0, 0.3333333333333333)	(29.0, 0.0)	(30.0, 0.0)	(31.0, 0.0)	(32.0, 0.0)	(33.0, 0.3333333333333333)	(34.0, 0.3333333333333333)	(35.0, 0.0)	(36.0, 0.3333333333333333)	(37.0, 0.3333333333333333)	(38.0, 0.6666666666666666)	(39.0, 0.6666666666666666)	(40.0, 0.3333333333333333)	(41.0, 0.6666666666666666)	(42.0, 1.6666666666666665)	(43.0, 2.6666666666666665)	(44.0, 4.333333333333333)	(45.0, 1.9999999999999998)	(46.0, 11.333333333333336)	(47.0, 26.99999999999997)	(48.0, 127.99999999999926)	(49.0, 548.6666666666591)	(50.0, 2534.0000000000346)	(51.0, 2433.333333333322)	(52.0, 2907.000000000204)	(53.0, 4176.000000000672)	(54.0, 1903.3333333331798)	(55.0, 1260.6666666666592)	(56.0, 3304.333333333718)	(57.0, 806.0000000000217)	(58.0, 558.6666666666603)	(59.0, 424.66666666666)	(60.0, 681.0000000000075)	(61.0, 2087.6666666664983)	(62.0, 308.6666666666666)	(63.0, 451.33333333332513)	(64.0, 180.66666666666742)	(65.0, 332.6666666666652)	(66.0, 231.0000000000022)	(67.0, 140.33333333333294)	(68.0, 39.333333333333336)	(69.0, 40.33333333333334)	(70.0, 25.33333333333331)	(71.0, 25.666666666666643)	(72.0, 13.33333333333334)	(73.0, 4.999999999999999)	(74.0, 4.666666666666666)	(75.0, 9.666666666666666)	(76.0, 13.000000000000005)	(77.0, 4.666666666666666)	(78.0, 0.0)	(79.0, 0.0)	(80.0, 0.0)	(81.0, 0.0)	(82.0, 0.0)	(83.0, 0.0)	(84.0, 0.0)	(85.0, 0.3333333333333333)	(86.0, 0.3333333333333333)	(87.0, 0.0)	(88.0, 0.0)	(89.0, 0.0)	(90.0, 0.0)	(91.0, 0.0)	(92.0, 0.0)	(93.0, 0.0)	(94.0, 0.0)	(95.0, 0.0)	(96.0, 0.0)	(97.0, 0.0)	(98.0, 0.0)	(99.0, 0.0)	(100.0, 0.0)
SRR37700676_1	(0.0, 0.0)	(1.0, 0.0)	(2.0, 0.0)	(3.0, 0.0)	(4.0, 0.0)	(5.0, 0.0)	(6.0, 0.0)	(7.0, 0.0)	(8.0, 0.0)	(9.0, 0.0)	(10.0, 0.0)	(11.0, 0.0)	(12.0, 0.0)	(13.0, 0.0)	(14.0, 0.0)	(15.0, 0.0)	(16.0, 0.0)	(17.0, 0.0)	(18.0, 0.0)	(19.0, 0.0)	(20.0, 0.0)	(21.0, 0.0)	(22.0, 0.0)	(23.0, 0.0)	(24.0, 0.0)	(25.0, 0.0)	(26.0, 0.0)	(27.0, 0.0)	(28.0, 0.0)	(29.0, 0.0)	(30.0, 0.0)	(31.0, 0.0)	(32.0, 0.0)	(33.0, 0.0)	(34.0, 0.0)	(35.0, 0.0)	(36.0, 0.6666666666666666)	(37.0, 3.3333333333333335)	(38.0, 0.0)	(39.0, 0.6666666666666666)	(40.0, 0.6666666666666666)	(41.0, 0.0)	(42.0, 0.0)	(43.0, 0.3333333333333333)	(44.0, 0.3333333333333333)	(45.0, 2.6666666666666665)	(46.0, 31.33333333333329)	(47.0, 43.6666666666667)	(48.0, 86.66666666666652)	(49.0, 1679.3333333332307)	(50.0, 4683.333333333544)	(51.0, 890.3333333333646)	(52.0, 1789.9999999998722)	(53.0, 4962.33333333329)	(54.0, 563.6666666666608)	(55.0, 126.33333333333262)	(56.0, 110.66666666666617)	(57.0, 141.99999999999966)	(58.0, 1393.9999999999623)	(59.0, 1315.3333333333135)	(60.0, 375.33333333332945)	(61.0, 332.3333333333319)	(62.0, 34.3333333333333)	(63.0, 61.000000000000156)	(64.0, 43.333333333333364)	(65.0, 12.666666666666671)	(66.0, 16.00000000000001)	(67.0, 17.66666666666667)	(68.0, 9.333333333333332)	(69.0, 2.6666666666666665)	(70.0, 1.3333333333333333)	(71.0, 0.0)	(72.0, 0.0)	(73.0, 0.0)	(74.0, 0.0)	(75.0, 0.0)	(76.0, 0.0)	(77.0, 0.0)	(78.0, 0.0)	(79.0, 0.0)	(80.0, 0.0)	(81.0, 0.0)	(82.0, 0.0)	(83.0, 0.0)	(84.0, 0.0)	(85.0, 0.0)	(86.0, 0.0)	(87.0, 0.0)	(88.0, 0.0)	(89.0, 0.0)	(90.0, 0.0)	(91.0, 0.0)	(92.0, 0.0)	(93.0, 0.0)	(94.0, 0.0)	(95.0, 0.0)	(96.0, 0.0)	(97.0, 0.0)	(98.0, 0.0)	(99.0, 0.0)	(100.0, 0.0)
SRR37700676_2	(0.0, 0.0)	(1.0, 0.0)	(2.0, 0.0)	(3.0, 0.0)	(4.0, 0.0)	(5.0, 0.0)	(6.0, 0.0)	(7.0, 0.0)	(8.0, 0.0)	(9.0, 0.0)	(10.0, 0.0)	(11.0, 0.0)	(12.0, 0.0)	(13.0, 0.0)	(14.0, 0.0)	(15.0, 0.0)	(16.0, 0.0)	(17.0, 0.0)	(18.0, 0.0)	(19.0, 0.0)	(20.0, 0.0)	(21.0, 0.0)	(22.0, 0.0)	(23.0, 0.0)	(24.0, 0.0)	(25.0, 0.0)	(26.0, 0.0)	(27.0, 0.0)	(28.0, 0.3333333333333333)	(29.0, 0.3333333333333333)	(30.0, 0.0)	(31.0, 0.0)	(32.0, 0.0)	(33.0, 0.0)	(34.0, 0.0)	(35.0, 0.0)	(36.0, 0.0)	(37.0, 2.6666666666666665)	(38.0, 4.999999999999999)	(39.0, 1.6666666666666665)	(40.0, 0.6666666666666666)	(41.0, 1.9999999999999998)	(42.0, 0.3333333333333333)	(43.0, 0.6666666666666666)	(44.0, 23.333333333333318)	(45.0, 25.999999999999975)	(46.0, 3.0)	(47.0, 6.999999999999997)	(48.0, 35.66666666666664)	(49.0, 242.0000000000025)	(50.0, 4089.333333334075)	(51.0, 4296.000000000563)	(52.0, 1209.6666666666708)	(53.0, 4954.999999999964)	(54.0, 4801.000000000104)	(55.0, 270.3333333333354)	(56.0, 112.66666666666615)	(57.0, 86.99999999999984)	(58.0, 55.666666666666785)	(59.0, 67.00000000000013)	(60.0, 203.66666666666808)	(61.0, 1409.9999999999586)	(62.0, 189.66666666666768)	(63.0, 353.3333333333307)	(64.0, 61.000000000000156)	(65.0, 37.99999999999999)	(66.0, 45.00000000000004)	(67.0, 28.666666666666632)	(68.0, 10.0)	(69.0, 19.666666666666664)	(70.0, 7.666666666666663)	(71.0, 2.333333333333333)	(72.0, 2.333333333333333)	(73.0, 0.0)	(74.0, 0.0)	(75.0, 0.0)	(76.0, 0.0)	(77.0, 0.0)	(78.0, 0.0)	(79.0, 0.0)	(80.0, 0.0)	(81.0, 0.0)	(82.0, 0.0)	(83.0, 0.0)	(84.0, 0.0)	(85.0, 0.0)	(86.0, 0.0)	(87.0, 0.0)	(88.0, 0.0)	(89.0, 0.0)	(90.0, 0.0)	(91.0, 0.0)	(92.0, 0.0)	(93.0, 0.3333333333333333)	(94.0, 0.3333333333333333)	(95.0, 0.0)	(96.0, 0.0)	(97.0, 0.0)	(98.0, 0.0)	(99.0, 0.3333333333333333)	(100.0, 1.5)
SRR37700677_1	(0.0, 0.0)	(1.0, 0.0)	(2.0, 0.0)	(3.0, 0.0)	(4.0, 0.0)	(5.0, 0.0)	(6.0, 0.0)	(7.0, 0.0)	(8.0, 0.0)	(9.0, 0.0)	(10.0, 0.0)	(11.0, 0.0)	(12.0, 0.0)	(13.0, 0.0)	(14.0, 0.0)	(15.0, 0.0)	(16.0, 0.0)	(17.0, 0.0)	(18.0, 0.0)	(19.0, 0.0)	(20.0, 0.0)	(21.0, 0.0)	(22.0, 0.0)	(23.0, 0.0)	(24.0, 0.0)	(25.0, 0.0)	(26.0, 0.0)	(27.0, 0.0)	(28.0, 0.0)	(29.0, 0.0)	(30.0, 0.0)	(31.0, 0.0)	(32.0, 0.0)	(33.0, 0.0)	(34.0, 0.0)	(35.0, 0.6666666666666666)	(36.0, 0.6666666666666666)	(37.0, 0.0)	(38.0, 0.0)	(39.0, 0.0)	(40.0, 0.6666666666666666)	(41.0, 1.6666666666666665)	(42.0, 0.0)	(43.0, 1.0)	(44.0, 2.333333333333333)	(45.0, 2.333333333333333)	(46.0, 8.666666666666664)	(47.0, 29.99999999999996)	(48.0, 133.33333333333275)	(49.0, 949.000000000038)	(50.0, 1535.3333333332635)	(51.0, 693.6666666666756)	(52.0, 1991.9999999998263)	(53.0, 1383.9999999999645)	(54.0, 628.0000000000015)	(55.0, 1352.333333333305)	(56.0, 369.9999999999964)	(57.0, 477.9999999999903)	(58.0, 1141.6666666666863)	(59.0, 1012.6666666667119)	(60.0, 1355.6666666666376)	(61.0, 1265.9999999999914)	(62.0, 107.33333333333289)	(63.0, 128.3333333333326)	(64.0, 384.33333333332894)	(65.0, 294.00000000000074)	(66.0, 30.666666666666625)	(67.0, 23.999999999999982)	(68.0, 18.000000000000004)	(69.0, 10.0)	(70.0, 6.666666666666664)	(71.0, 1.6666666666666665)	(72.0, 1.3333333333333333)	(73.0, 0.0)	(74.0, 0.0)	(75.0, 0.3333333333333333)	(76.0, 0.0)	(77.0, 0.0)	(78.0, 0.0)	(79.0, 0.0)	(80.0, 0.0)	(81.0, 0.0)	(82.0, 0.0)	(83.0, 0.0)	(84.0, 0.0)	(85.0, 0.0)	(86.0, 0.0)	(87.0, 0.0)	(88.0, 0.0)	(89.0, 0.0)	(90.0, 0.0)	(91.0, 0.0)	(92.0, 0.0)	(93.0, 0.0)	(94.0, 0.0)	(95.0, 0.0)	(96.0, 0.0)	(97.0, 0.0)	(98.0, 0.0)	(99.0, 0.0)	(100.0, 0.0)
SRR37700677_2	(0.0, 0.0)	(1.0, 0.0)	(2.0, 0.0)	(3.0, 0.0)	(4.0, 0.0)	(5.0, 0.0)	(6.0, 0.0)	(7.0, 0.0)	(8.0, 0.0)	(9.0, 0.0)	(10.0, 0.0)	(11.0, 0.0)	(12.0, 0.0)	(13.0, 0.0)	(14.0, 0.0)	(15.0, 0.0)	(16.0, 0.0)	(17.0, 0.0)	(18.0, 0.0)	(19.0, 0.0)	(20.0, 0.0)	(21.0, 0.0)	(22.0, 0.0)	(23.0, 0.0)	(24.0, 0.0)	(25.0, 0.0)	(26.0, 0.0)	(27.0, 0.0)	(28.0, 0.0)	(29.0, 0.0)	(30.0, 0.0)	(31.0, 0.0)	(32.0, 0.0)	(33.0, 0.0)	(34.0, 0.3333333333333333)	(35.0, 0.0)	(36.0, 0.6666666666666666)	(37.0, 0.6666666666666666)	(38.0, 1.6666666666666665)	(39.0, 1.6666666666666665)	(40.0, 1.3333333333333333)	(41.0, 1.3333333333333333)	(42.0, 3.0)	(43.0, 1.3333333333333333)	(44.0, 3.0)	(45.0, 4.999999999999999)	(46.0, 7.33333333333333)	(47.0, 19.999999999999996)	(48.0, 121.99999999999935)	(49.0, 595.9999999999978)	(50.0, 1408.3333333332923)	(51.0, 1360.9999999999698)	(52.0, 1822.6666666665315)	(53.0, 2339.666666666613)	(54.0, 742.6666666666812)	(55.0, 622.0000000000008)	(56.0, 1282.333333333321)	(57.0, 440.9999999999924)	(58.0, 417.33333333332706)	(59.0, 172.33333333333385)	(60.0, 295.0000000000007)	(61.0, 1076.3333333333678)	(62.0, 345.66666666666447)	(63.0, 1364.6666666666356)	(64.0, 221.0000000000019)	(65.0, 144.6666666666664)	(66.0, 346.9999999999977)	(67.0, 298.0000000000005)	(68.0, 38.666666666666664)	(69.0, 26.99999999999997)	(70.0, 16.00000000000001)	(71.0, 8.33333333333333)	(72.0, 4.666666666666666)	(73.0, 1.6666666666666665)	(74.0, 1.9999999999999998)	(75.0, 2.6666666666666665)	(76.0, 3.666666666666667)	(77.0, 1.0)	(78.0, 0.0)	(79.0, 0.0)	(80.0, 0.0)	(81.0, 0.0)	(82.0, 0.0)	(83.0, 0.0)	(84.0, 0.0)	(85.0, 0.0)	(86.0, 0.0)	(87.0, 0.0)	(88.0, 0.0)	(89.0, 0.0)	(90.0, 0.0)	(91.0, 0.0)	(92.0, 0.0)	(93.0, 0.0)	(94.0, 0.0)	(95.0, 0.0)	(96.0, 0.0)	(97.0, 0.0)	(98.0, 0.0)	(99.0, 0.0)	(100.0, 0.0)
SRR37700678_1	(0.0, 0.0)	(1.0, 0.0)	(2.0, 0.0)	(3.0, 0.0)	(4.0, 0.0)	(5.0, 0.0)	(6.0, 0.0)	(7.0, 0.0)	(8.0, 0.0)	(9.0, 0.0)	(10.0, 0.0)	(11.0, 0.0)	(12.0, 0.0)	(13.0, 0.0)	(14.0, 0.0)	(15.0, 0.0)	(16.0, 0.0)	(17.0, 0.0)	(18.0, 0.0)	(19.0, 0.0)	(20.0, 0.0)	(21.0, 0.0)	(22.0, 0.0)	(23.0, 0.0)	(24.0, 0.0)	(25.0, 0.0)	(26.0, 0.0)	(27.0, 0.0)	(28.0, 0.0)	(29.0, 0.0)	(30.0, 0.0)	(31.0, 0.0)	(32.0, 0.0)	(33.0, 0.3333333333333333)	(34.0, 0.3333333333333333)	(35.0, 0.0)	(36.0, 0.3333333333333333)	(37.0, 0.3333333333333333)	(38.0, 0.0)	(39.0, 0.0)	(40.0, 0.6666666666666666)	(41.0, 5.333333333333332)	(42.0, 4.666666666666666)	(43.0, 1.9999999999999998)	(44.0, 3.666666666666667)	(45.0, 16.00000000000001)	(46.0, 91.99999999999977)	(47.0, 140.99999999999963)	(48.0, 348.6666666666643)	(49.0, 882.3333333333637)	(50.0, 1168.0000000000136)	(51.0, 843.0000000000259)	(52.0, 3388.3333333337564)	(53.0, 2156.999999999863)	(54.0, 648.3333333333371)	(55.0, 870.3333333333624)	(56.0, 545.3333333333254)	(57.0, 458.99999999999136)	(58.0, 367.3333333333299)	(59.0, 274.0000000000019)	(60.0, 1921.9999999998422)	(61.0, 1903.3333333331798)	(62.0, 105.99999999999957)	(63.0, 159.66666666666683)	(64.0, 126.33333333333262)	(65.0, 58.33333333333347)	(66.0, 17.33333333333334)	(67.0, 15.333333333333343)	(68.0, 17.66666666666667)	(69.0, 39.333333333333336)	(70.0, 59.33333333333348)	(71.0, 10.666666666666668)	(72.0, 2.333333333333333)	(73.0, 0.6666666666666666)	(74.0, 0.3333333333333333)	(75.0, 0.3333333333333333)	(76.0, 0.0)	(77.0, 0.0)	(78.0, 0.0)	(79.0, 0.0)	(80.0, 0.0)	(81.0, 0.0)	(82.0, 0.0)	(83.0, 0.0)	(84.0, 0.0)	(85.0, 0.0)	(86.0, 0.0)	(87.0, 0.0)	(88.0, 0.0)	(89.0, 0.0)	(90.0, 0.0)	(91.0, 0.0)	(92.0, 0.0)	(93.0, 0.0)	(94.0, 0.0)	(95.0, 0.0)	(96.0, 0.0)	(97.0, 0.0)	(98.0, 0.0)	(99.0, 0.0)	(100.0, 0.0)
SRR37700678_2	(0.0, 0.0)	(1.0, 0.0)	(2.0, 0.0)	(3.0, 0.0)	(4.0, 0.0)	(5.0, 0.0)	(6.0, 0.0)	(7.0, 0.0)	(8.0, 0.0)	(9.0, 0.0)	(10.0, 0.0)	(11.0, 0.0)	(12.0, 0.0)	(13.0, 0.0)	(14.0, 0.0)	(15.0, 0.0)	(16.0, 0.0)	(17.0, 0.0)	(18.0, 0.0)	(19.0, 0.0)	(20.0, 0.0)	(21.0, 0.0)	(22.0, 0.0)	(23.0, 0.0)	(24.0, 0.0)	(25.0, 0.0)	(26.0, 0.0)	(27.0, 0.0)	(28.0, 0.0)	(29.0, 0.0)	(30.0, 0.3333333333333333)	(31.0, 0.3333333333333333)	(32.0, 0.0)	(33.0, 0.0)	(34.0, 0.0)	(35.0, 0.0)	(36.0, 0.0)	(37.0, 1.0)	(38.0, 0.3333333333333333)	(39.0, 0.6666666666666666)	(40.0, 1.0)	(41.0, 0.3333333333333333)	(42.0, 1.0)	(43.0, 5.666666666666665)	(44.0, 2.333333333333333)	(45.0, 13.33333333333334)	(46.0, 20.999999999999993)	(47.0, 127.99999999999926)	(48.0, 158.6666666666668)	(49.0, 461.6666666666579)	(50.0, 1202.6666666666724)	(51.0, 1263.6666666666586)	(52.0, 2964.666666666897)	(53.0, 4206.000000000645)	(54.0, 1833.666666666529)	(55.0, 690.3333333333419)	(56.0, 887.6666666666977)	(57.0, 505.6666666666554)	(58.0, 316.3333333333328)	(59.0, 233.66666666666893)	(60.0, 250.33333333333607)	(61.0, 313.333333333333)	(62.0, 343.33333333333127)	(63.0, 1932.6666666665064)	(64.0, 337.6666666666649)	(65.0, 110.66666666666617)	(66.0, 109.66666666666619)	(67.0, 70.33333333333341)	(68.0, 11.333333333333336)	(69.0, 13.33333333333334)	(70.0, 12.000000000000004)	(71.0, 12.666666666666671)	(72.0, 25.666666666666643)	(73.0, 11.66666666666667)	(74.0, 10.333333333333334)	(75.0, 17.000000000000007)	(76.0, 34.666666666666636)	(77.0, 15.666666666666677)	(78.0, 0.0)	(79.0, 0.0)	(80.0, 0.0)	(81.0, 0.0)	(82.0, 0.0)	(83.0, 0.3333333333333333)	(84.0, 0.3333333333333333)	(85.0, 0.0)	(86.0, 0.0)	(87.0, 0.0)	(88.0, 0.0)	(89.0, 0.0)	(90.0, 0.0)	(91.0, 0.0)	(92.0, 0.0)	(93.0, 0.0)	(94.0, 0.0)	(95.0, 0.0)	(96.0, 0.0)	(97.0, 0.0)	(98.0, 0.0)	(99.0, 0.0)	(100.0, 0.5)
SRR37700679_1	(0.0, 0.0)	(1.0, 0.0)	(2.0, 0.0)	(3.0, 0.0)	(4.0, 0.0)	(5.0, 0.0)	(6.0, 0.0)	(7.0, 0.0)	(8.0, 0.0)	(9.0, 0.0)	(10.0, 0.0)	(11.0, 0.0)	(12.0, 0.0)	(13.0, 0.0)	(14.0, 0.0)	(15.0, 0.0)	(16.0, 0.0)	(17.0, 0.0)	(18.0, 0.0)	(19.0, 0.0)	(20.0, 0.0)	(21.0, 0.0)	(22.0, 0.0)	(23.0, 0.0)	(24.0, 0.0)	(25.0, 0.0)	(26.0, 0.0)	(27.0, 0.0)	(28.0, 0.0)	(29.0, 0.0)	(30.0, 0.0)	(31.0, 0.0)	(32.0, 0.0)	(33.0, 0.0)	(34.0, 0.0)	(35.0, 0.0)	(36.0, 0.0)	(37.0, 0.0)	(38.0, 0.0)	(39.0, 0.0)	(40.0, 0.0)	(41.0, 0.0)	(42.0, 0.0)	(43.0, 1.3333333333333333)	(44.0, 1.9999999999999998)	(45.0, 5.333333333333332)	(46.0, 15.666666666666677)	(47.0, 23.999999999999982)	(48.0, 61.000000000000156)	(49.0, 724.6666666666791)	(50.0, 2095.3333333331684)	(51.0, 1409.333333333292)	(52.0, 2321.6666666666047)	(53.0, 963.0000000000396)	(54.0, 664.6666666666723)	(55.0, 995.0000000000432)	(56.0, 297.6666666666672)	(57.0, 208.00000000000153)	(58.0, 257.33333333333616)	(59.0, 187.00000000000094)	(60.0, 484.33333333332325)	(61.0, 455.3333333333249)	(62.0, 48.3333333333334)	(63.0, 54.00000000000011)	(64.0, 122.666666666666)	(65.0, 100.99999999999964)	(66.0, 7.666666666666663)	(67.0, 5.333333333333332)	(68.0, 12.000000000000004)	(69.0, 17.33333333333334)	(70.0, 25.999999999999975)	(71.0, 3.3333333333333335)	(72.0, 1.3333333333333333)	(73.0, 0.3333333333333333)	(74.0, 0.0)	(75.0, 0.0)	(76.0, 0.0)	(77.0, 0.0)	(78.0, 0.0)	(79.0, 0.0)	(80.0, 0.0)	(81.0, 0.0)	(82.0, 0.0)	(83.0, 0.0)	(84.0, 0.0)	(85.0, 0.0)	(86.0, 0.0)	(87.0, 0.0)	(88.0, 0.0)	(89.0, 0.0)	(90.0, 0.0)	(91.0, 0.0)	(92.0, 0.0)	(93.0, 0.0)	(94.0, 0.0)	(95.0, 0.0)	(96.0, 0.0)	(97.0, 0.0)	(98.0, 0.0)	(99.0, 0.0)	(100.0, 0.0)
SRR37700679_2	(0.0, 0.0)	(1.0, 0.0)	(2.0, 0.0)	(3.0, 0.0)	(4.0, 0.0)	(5.0, 0.0)	(6.0, 0.0)	(7.0, 0.0)	(8.0, 0.0)	(9.0, 0.0)	(10.0, 0.0)	(11.0, 0.0)	(12.0, 0.0)	(13.0, 0.0)	(14.0, 0.0)	(15.0, 0.0)	(16.0, 0.0)	(17.0, 0.0)	(18.0, 0.0)	(19.0, 0.0)	(20.0, 0.0)	(21.0, 0.0)	(22.0, 0.0)	(23.0, 0.0)	(24.0, 0.0)	(25.0, 0.0)	(26.0, 0.0)	(27.0, 0.0)	(28.0, 0.0)	(29.0, 0.0)	(30.0, 0.0)	(31.0, 0.0)	(32.0, 0.0)	(33.0, 0.0)	(34.0, 0.0)	(35.0, 0.0)	(36.0, 0.3333333333333333)	(37.0, 0.6666666666666666)	(38.0, 0.0)	(39.0, 0.0)	(40.0, 0.6666666666666666)	(41.0, 0.3333333333333333)	(42.0, 1.9999999999999998)	(43.0, 3.0)	(44.0, 5.666666666666665)	(45.0, 1.9999999999999998)	(46.0, 6.666666666666664)	(47.0, 18.333333333333336)	(48.0, 56.33333333333346)	(49.0, 825.3333333333572)	(50.0, 1904.3333333331796)	(51.0, 1478.6666666666097)	(52.0, 2014.3333333331545)	(53.0, 2032.3333333331504)	(54.0, 864.0000000000283)	(55.0, 481.3333333333234)	(56.0, 1069.3333333333694)	(57.0, 409.66666666666083)	(58.0, 214.33333333333505)	(59.0, 144.33333333333306)	(60.0, 151.99999999999994)	(61.0, 199.66666666666796)	(62.0, 81.99999999999991)	(63.0, 477.33333333332365)	(64.0, 90.99999999999979)	(65.0, 57.6666666666668)	(66.0, 102.33333333333296)	(67.0, 87.99999999999983)	(68.0, 8.33333333333333)	(69.0, 7.666666666666663)	(70.0, 6.333333333333331)	(71.0, 5.666666666666665)	(72.0, 11.333333333333336)	(73.0, 7.33333333333333)	(74.0, 3.666666666666667)	(75.0, 6.999999999999997)	(76.0, 14.000000000000007)	(77.0, 5.333333333333332)	(78.0, 0.6666666666666666)	(79.0, 0.0)	(80.0, 0.0)	(81.0, 0.0)	(82.0, 0.0)	(83.0, 0.0)	(84.0, 0.3333333333333333)	(85.0, 0.3333333333333333)	(86.0, 0.0)	(87.0, 0.0)	(88.0, 0.0)	(89.0, 0.0)	(90.0, 0.0)	(91.0, 0.0)	(92.0, 0.0)	(93.0, 0.0)	(94.0, 0.0)	(95.0, 0.0)	(96.0, 0.0)	(97.0, 0.0)	(98.0, 0.0)	(99.0, 0.0)	(100.0, 0.0)
SRR37700680_1	(0.0, 0.0)	(1.0, 0.0)	(2.0, 0.0)	(3.0, 0.0)	(4.0, 0.0)	(5.0, 0.0)	(6.0, 0.0)	(7.0, 0.0)	(8.0, 0.0)	(9.0, 0.0)	(10.0, 0.0)	(11.0, 0.0)	(12.0, 0.0)	(13.0, 0.0)	(14.0, 0.0)	(15.0, 0.0)	(16.0, 0.0)	(17.0, 0.0)	(18.0, 0.0)	(19.0, 0.0)	(20.0, 0.0)	(21.0, 0.0)	(22.0, 0.0)	(23.0, 0.0)	(24.0, 0.0)	(25.0, 0.0)	(26.0, 0.0)	(27.0, 0.0)	(28.0, 0.0)	(29.0, 0.0)	(30.0, 0.0)	(31.0, 0.0)	(32.0, 0.0)	(33.0, 0.0)	(34.0, 0.0)	(35.0, 0.0)	(36.0, 0.0)	(37.0, 0.0)	(38.0, 0.3333333333333333)	(39.0, 0.0)	(40.0, 0.3333333333333333)	(41.0, 0.6666666666666666)	(42.0, 1.3333333333333333)	(43.0, 1.0)	(44.0, 1.3333333333333333)	(45.0, 9.333333333333332)	(46.0, 50.00000000000008)	(47.0, 72.00000000000006)	(48.0, 103.66666666666627)	(49.0, 477.9999999999903)	(50.0, 1106.0000000000277)	(51.0, 905.3333333333663)	(52.0, 1558.9999999999247)	(53.0, 1616.9999999999116)	(54.0, 1083.6666666666995)	(55.0, 824.6666666666905)	(56.0, 296.33333333333394)	(57.0, 107.99999999999955)	(58.0, 196.0000000000012)	(59.0, 109.66666666666619)	(60.0, 67.66666666666679)	(61.0, 67.00000000000013)	(62.0, 18.666666666666668)	(63.0, 19.999999999999996)	(64.0, 25.999999999999975)	(65.0, 15.666666666666677)	(66.0, 8.33333333333333)	(67.0, 7.33333333333333)	(68.0, 35.66666666666664)	(69.0, 68.00000000000011)	(70.0, 7.33333333333333)	(71.0, 0.6666666666666666)	(72.0, 0.6666666666666666)	(73.0, 0.3333333333333333)	(74.0, 0.0)	(75.0, 0.0)	(76.0, 0.0)	(77.0, 0.0)	(78.0, 0.0)	(79.0, 0.0)	(80.0, 0.0)	(81.0, 0.0)	(82.0, 0.0)	(83.0, 0.0)	(84.0, 0.0)	(85.0, 0.0)	(86.0, 0.0)	(87.0, 0.0)	(88.0, 0.0)	(89.0, 0.0)	(90.0, 0.0)	(91.0, 0.0)	(92.0, 0.0)	(93.0, 0.0)	(94.0, 0.0)	(95.0, 0.0)	(96.0, 0.0)	(97.0, 0.0)	(98.0, 0.0)	(99.0, 0.0)	(100.0, 0.0)
SRR37700680_2	(0.0, 0.0)	(1.0, 0.0)	(2.0, 0.0)	(3.0, 0.0)	(4.0, 0.0)	(5.0, 0.0)	(6.0, 0.0)	(7.0, 0.0)	(8.0, 0.0)	(9.0, 0.0)	(10.0, 0.0)	(11.0, 0.0)	(12.0, 0.0)	(13.0, 0.0)	(14.0, 0.0)	(15.0, 0.0)	(16.0, 0.0)	(17.0, 0.0)	(18.0, 0.0)	(19.0, 0.0)	(20.0, 0.0)	(21.0, 0.0)	(22.0, 0.0)	(23.0, 0.0)	(24.0, 0.0)	(25.0, 0.0)	(26.0, 0.0)	(27.0, 0.0)	(28.0, 0.0)	(29.0, 0.0)	(30.0, 0.0)	(31.0, 0.0)	(32.0, 0.0)	(33.0, 0.0)	(34.0, 0.0)	(35.0, 0.0)	(36.0, 0.0)	(37.0, 0.3333333333333333)	(38.0, 1.0)	(39.0, 1.3333333333333333)	(40.0, 1.9999999999999998)	(41.0, 0.6666666666666666)	(42.0, 0.6666666666666666)	(43.0, 1.3333333333333333)	(44.0, 24.666666666666647)	(45.0, 27.333333333333304)	(46.0, 23.66666666666665)	(47.0, 39.333333333333336)	(48.0, 105.66666666666625)	(49.0, 321.66666666666583)	(50.0, 881.666666666697)	(51.0, 1086.6666666666988)	(52.0, 1370.6666666666342)	(53.0, 1578.9999999999202)	(54.0, 1824.3333333331977)	(55.0, 1145.0000000000189)	(56.0, 835.6666666666918)	(57.0, 206.00000000000148)	(58.0, 95.99999999999972)	(59.0, 72.00000000000006)	(60.0, 101.6666666666663)	(61.0, 122.666666666666)	(62.0, 27.999999999999968)	(63.0, 69.33333333333343)	(64.0, 20.999999999999993)	(65.0, 24.99999999999998)	(66.0, 28.666666666666632)	(67.0, 12.666666666666671)	(68.0, 6.666666666666664)	(69.0, 8.999999999999998)	(70.0, 4.666666666666666)	(71.0, 14.666666666666675)	(72.0, 57.333333333333464)	(73.0, 12.333333333333337)	(74.0, 2.6666666666666665)	(75.0, 0.0)	(76.0, 0.3333333333333333)	(77.0, 0.0)	(78.0, 0.0)	(79.0, 0.0)	(80.0, 0.0)	(81.0, 0.0)	(82.0, 0.0)	(83.0, 0.0)	(84.0, 0.0)	(85.0, 0.0)	(86.0, 0.0)	(87.0, 0.0)	(88.0, 0.0)	(89.0, 0.0)	(90.0, 0.0)	(91.0, 0.0)	(92.0, 0.0)	(93.0, 0.0)	(94.0, 0.0)	(95.0, 0.0)	(96.0, 0.0)	(97.0, 0.0)	(98.0, 0.0)	(99.0, 0.0)	(100.0, 0.0)
SRR37700681_1	(0.0, 0.0)	(1.0, 0.0)	(2.0, 0.0)	(3.0, 0.0)	(4.0, 0.0)	(5.0, 0.0)	(6.0, 0.0)	(7.0, 0.0)	(8.0, 0.0)	(9.0, 0.0)	(10.0, 0.0)	(11.0, 0.0)	(12.0, 0.0)	(13.0, 0.0)	(14.0, 0.0)	(15.0, 0.0)	(16.0, 0.0)	(17.0, 0.0)	(18.0, 0.0)	(19.0, 0.0)	(20.0, 0.0)	(21.0, 0.0)	(22.0, 0.0)	(23.0, 0.0)	(24.0, 0.0)	(25.0, 0.0)	(26.0, 0.0)	(27.0, 0.0)	(28.0, 0.0)	(29.0, 0.0)	(30.0, 0.0)	(31.0, 0.0)	(32.0, 0.0)	(33.0, 0.0)	(34.0, 0.0)	(35.0, 0.3333333333333333)	(36.0, 0.3333333333333333)	(37.0, 0.0)	(38.0, 0.0)	(39.0, 0.0)	(40.0, 0.0)	(41.0, 0.0)	(42.0, 0.3333333333333333)	(43.0, 0.3333333333333333)	(44.0, 1.6666666666666665)	(45.0, 6.666666666666664)	(46.0, 27.999999999999968)	(47.0, 51.000000000000085)	(48.0, 44.66666666666671)	(49.0, 595.9999999999978)	(50.0, 1328.6666666666438)	(51.0, 582.666666666663)	(52.0, 1959.9999999998336)	(53.0, 4451.333333333755)	(54.0, 446.6666666666587)	(55.0, 700.6666666666764)	(56.0, 180.00000000000074)	(57.0, 163.3333333333336)	(58.0, 873.0000000000293)	(59.0, 337.3333333333316)	(60.0, 568.9999999999948)	(61.0, 572.3333333333285)	(62.0, 34.3333333333333)	(63.0, 26.66666666666664)	(64.0, 31.66666666666662)	(65.0, 22.33333333333332)	(66.0, 7.33333333333333)	(67.0, 9.333333333333332)	(68.0, 8.999999999999998)	(69.0, 10.0)	(70.0, 5.333333333333332)	(71.0, 0.6666666666666666)	(72.0, 0.0)	(73.0, 0.0)	(74.0, 0.0)	(75.0, 0.0)	(76.0, 0.0)	(77.0, 0.0)	(78.0, 0.0)	(79.0, 0.0)	(80.0, 0.0)	(81.0, 0.0)	(82.0, 0.0)	(83.0, 0.0)	(84.0, 0.0)	(85.0, 0.0)	(86.0, 0.0)	(87.0, 0.0)	(88.0, 0.0)	(89.0, 0.0)	(90.0, 0.0)	(91.0, 0.0)	(92.0, 0.0)	(93.0, 0.0)	(94.0, 0.0)	(95.0, 0.0)	(96.0, 0.0)	(97.0, 0.0)	(98.0, 0.0)	(99.0, 0.0)	(100.0, 0.0)
SRR37700681_2	(0.0, 0.0)	(1.0, 0.0)	(2.0, 0.0)	(3.0, 0.0)	(4.0, 0.0)	(5.0, 0.0)	(6.0, 0.0)	(7.0, 0.0)	(8.0, 0.0)	(9.0, 0.0)	(10.0, 0.0)	(11.0, 0.0)	(12.0, 0.0)	(13.0, 0.0)	(14.0, 0.0)	(15.0, 0.0)	(16.0, 0.0)	(17.0, 0.0)	(18.0, 0.0)	(19.0, 0.0)	(20.0, 0.0)	(21.0, 0.0)	(22.0, 0.0)	(23.0, 0.0)	(24.0, 0.0)	(25.0, 0.0)	(26.0, 0.0)	(27.0, 0.3333333333333333)	(28.0, 0.3333333333333333)	(29.0, 0.0)	(30.0, 0.0)	(31.0, 0.0)	(32.0, 0.3333333333333333)	(33.0, 0.3333333333333333)	(34.0, 0.0)	(35.0, 0.0)	(36.0, 0.6666666666666666)	(37.0, 0.6666666666666666)	(38.0, 1.3333333333333333)	(39.0, 0.6666666666666666)	(40.0, 1.3333333333333333)	(41.0, 1.6666666666666665)	(42.0, 2.333333333333333)	(43.0, 1.9999999999999998)	(44.0, 16.666666666666675)	(45.0, 21.99999999999999)	(46.0, 10.333333333333334)	(47.0, 16.333333333333343)	(48.0, 42.33333333333336)	(49.0, 263.66666666666913)	(50.0, 922.0000000000349)	(51.0, 1152.0000000000173)	(52.0, 1885.9999999998504)	(53.0, 5092.666666666505)	(54.0, 4001.6666666673686)	(55.0, 393.66666666666174)	(56.0, 724.6666666666791)	(57.0, 150.66666666666657)	(58.0, 96.9999999999997)	(59.0, 101.6666666666663)	(60.0, 552.999999999993)	(61.0, 802.0000000000213)	(62.0, 150.66666666666657)	(63.0, 586.9999999999968)	(64.0, 85.3333333333332)	(65.0, 23.66666666666665)	(66.0, 33.33333333333329)	(67.0, 22.33333333333332)	(68.0, 6.333333333333331)	(69.0, 4.999999999999999)	(70.0, 1.9999999999999998)	(71.0, 3.0)	(72.0, 8.666666666666664)	(73.0, 1.6666666666666665)	(74.0, 1.3333333333333333)	(75.0, 2.333333333333333)	(76.0, 3.666666666666667)	(77.0, 1.3333333333333333)	(78.0, 0.0)	(79.0, 0.0)	(80.0, 0.3333333333333333)	(81.0, 0.0)	(82.0, 0.0)	(83.0, 0.0)	(84.0, 0.0)	(85.0, 0.0)	(86.0, 0.0)	(87.0, 0.0)	(88.0, 0.0)	(89.0, 0.0)	(90.0, 0.0)	(91.0, 0.0)	(92.0, 0.0)	(93.0, 0.0)	(94.0, 0.0)	(95.0, 0.0)	(96.0, 0.0)	(97.0, 0.0)	(98.0, 0.0)	(99.0, 0.0)	(100.0, 0.0)
SRR37700682_1	(0.0, 0.0)	(1.0, 0.0)	(2.0, 0.0)	(3.0, 0.0)	(4.0, 0.0)	(5.0, 0.0)	(6.0, 0.0)	(7.0, 0.0)	(8.0, 0.0)	(9.0, 0.0)	(10.0, 0.0)	(11.0, 0.0)	(12.0, 0.0)	(13.0, 0.0)	(14.0, 0.0)	(15.0, 0.0)	(16.0, 0.0)	(17.0, 0.0)	(18.0, 0.0)	(19.0, 0.0)	(20.0, 0.0)	(21.0, 0.0)	(22.0, 0.0)	(23.0, 0.0)	(24.0, 0.0)	(25.0, 0.0)	(26.0, 0.0)	(27.0, 0.0)	(28.0, 0.0)	(29.0, 0.0)	(30.0, 0.0)	(31.0, 0.0)	(32.0, 0.0)	(33.0, 0.0)	(34.0, 0.0)	(35.0, 0.0)	(36.0, 0.0)	(37.0, 0.0)	(38.0, 0.0)	(39.0, 0.0)	(40.0, 0.0)	(41.0, 0.0)	(42.0, 0.6666666666666666)	(43.0, 5.333333333333332)	(44.0, 6.333333333333331)	(45.0, 37.66666666666666)	(46.0, 66.6666666666668)	(47.0, 241.33333333333582)	(48.0, 346.6666666666644)	(49.0, 1055.0000000000393)	(50.0, 3138.3333333336427)	(51.0, 4236.666666667284)	(52.0, 4715.000000000182)	(53.0, 6087.999999998933)	(54.0, 4181.000000000668)	(55.0, 4811.333333333428)	(56.0, 2365.999999999958)	(57.0, 617.0000000000002)	(58.0, 218.33333333333516)	(59.0, 46.333333333333385)	(60.0, 20.999999999999993)	(61.0, 44.66666666666671)	(62.0, 52.00000000000009)	(63.0, 58.666666666666806)	(64.0, 87.33333333333317)	(65.0, 68.66666666666677)	(66.0, 49.33333333333341)	(67.0, 35.66666666666664)	(68.0, 86.99999999999984)	(69.0, 248.66666666666936)	(70.0, 33.66666666666663)	(71.0, 5.666666666666665)	(72.0, 1.9999999999999998)	(73.0, 1.0)	(74.0, 0.3333333333333333)	(75.0, 0.0)	(76.0, 0.0)	(77.0, 0.0)	(78.0, 0.0)	(79.0, 0.0)	(80.0, 0.0)	(81.0, 0.0)	(82.0, 0.0)	(83.0, 0.0)	(84.0, 0.0)	(85.0, 0.0)	(86.0, 0.0)	(87.0, 0.0)	(88.0, 0.0)	(89.0, 0.0)	(90.0, 0.0)	(91.0, 0.0)	(92.0, 0.0)	(93.0, 0.0)	(94.0, 0.0)	(95.0, 0.0)	(96.0, 0.0)	(97.0, 0.0)	(98.0, 0.0)	(99.0, 0.0)	(100.0, 0.0)
SRR37700682_2	(0.0, 0.0)	(1.0, 0.0)	(2.0, 0.0)	(3.0, 0.0)	(4.0, 0.0)	(5.0, 0.0)	(6.0, 0.0)	(7.0, 0.0)	(8.0, 0.0)	(9.0, 0.0)	(10.0, 0.0)	(11.0, 0.0)	(12.0, 0.0)	(13.0, 0.0)	(14.0, 0.0)	(15.0, 0.0)	(16.0, 0.0)	(17.0, 0.0)	(18.0, 0.0)	(19.0, 0.0)	(20.0, 0.0)	(21.0, 0.0)	(22.0, 0.0)	(23.0, 0.0)	(24.0, 0.0)	(25.0, 0.0)	(26.0, 0.0)	(27.0, 0.3333333333333333)	(28.0, 0.3333333333333333)	(29.0, 0.0)	(30.0, 0.0)	(31.0, 0.0)	(32.0, 0.0)	(33.0, 0.0)	(34.0, 0.6666666666666666)	(35.0, 0.6666666666666666)	(36.0, 0.3333333333333333)	(37.0, 0.0)	(38.0, 0.0)	(39.0, 0.3333333333333333)	(40.0, 1.0)	(41.0, 0.3333333333333333)	(42.0, 0.6666666666666666)	(43.0, 4.999999999999999)	(44.0, 14.000000000000007)	(45.0, 9.666666666666666)	(46.0, 59.33333333333348)	(47.0, 127.66666666666593)	(48.0, 281.0000000000015)	(49.0, 863.3333333333616)	(50.0, 2001.999999999824)	(51.0, 2529.0000000000323)	(52.0, 3219.000000000346)	(53.0, 5990.999999999021)	(54.0, 6092.666666665596)	(55.0, 4837.000000000071)	(56.0, 4324.3333333338705)	(57.0, 2103.333333333172)	(58.0, 1241.9999999999968)	(59.0, 130.666666666666)	(60.0, 200.666666666668)	(61.0, 57.6666666666668)	(62.0, 24.666666666666647)	(63.0, 47.66666666666673)	(64.0, 24.99999999999998)	(65.0, 79.99999999999994)	(66.0, 122.33333333333267)	(67.0, 43.333333333333364)	(68.0, 18.666666666666668)	(69.0, 23.66666666666665)	(70.0, 19.666666666666664)	(71.0, 54.33333333333344)	(72.0, 220.00000000000188)	(73.0, 41.33333333333335)	(74.0, 9.333333333333332)	(75.0, 1.6666666666666665)	(76.0, 3.0)	(77.0, 1.6666666666666665)	(78.0, 0.6666666666666666)	(79.0, 0.3333333333333333)	(80.0, 0.3333333333333333)	(81.0, 0.0)	(82.0, 0.0)	(83.0, 0.0)	(84.0, 0.0)	(85.0, 0.0)	(86.0, 0.0)	(87.0, 0.0)	(88.0, 0.0)	(89.0, 0.0)	(90.0, 0.0)	(91.0, 0.3333333333333333)	(92.0, 0.3333333333333333)	(93.0, 0.3333333333333333)	(94.0, 0.3333333333333333)	(95.0, 0.0)	(96.0, 0.0)	(97.0, 0.0)	(98.0, 0.0)	(99.0, 0.0)	(100.0, 0.0)
SRR37700683_1	(0.0, 0.0)	(1.0, 0.0)	(2.0, 0.0)	(3.0, 0.0)	(4.0, 0.0)	(5.0, 0.0)	(6.0, 0.0)	(7.0, 0.0)	(8.0, 0.0)	(9.0, 0.0)	(10.0, 0.0)	(11.0, 0.0)	(12.0, 0.0)	(13.0, 0.0)	(14.0, 0.0)	(15.0, 0.0)	(16.0, 0.0)	(17.0, 0.0)	(18.0, 0.0)	(19.0, 0.0)	(20.0, 0.0)	(21.0, 0.0)	(22.0, 0.0)	(23.0, 0.0)	(24.0, 0.0)	(25.0, 0.0)	(26.0, 0.0)	(27.0, 0.0)	(28.0, 0.0)	(29.0, 0.0)	(30.0, 0.0)	(31.0, 0.0)	(32.0, 0.0)	(33.0, 0.0)	(34.0, 0.0)	(35.0, 0.0)	(36.0, 0.0)	(37.0, 0.0)	(38.0, 0.0)	(39.0, 0.0)	(40.0, 0.3333333333333333)	(41.0, 0.3333333333333333)	(42.0, 0.6666666666666666)	(43.0, 0.6666666666666666)	(44.0, 3.666666666666667)	(45.0, 29.333333333333297)	(46.0, 253.33333333333616)	(47.0, 346.3333333333311)	(48.0, 800.3333333333544)	(49.0, 3911.3333333339942)	(50.0, 6223.333333332143)	(51.0, 7811.333333330699)	(52.0, 12724.000000005262)	(53.0, 13213.000000006152)	(54.0, 6885.333333331541)	(55.0, 4938.333333333312)	(56.0, 2444.6666666666606)	(57.0, 1270.666666666657)	(58.0, 444.3333333333255)	(59.0, 49.00000000000007)	(60.0, 27.333333333333304)	(61.0, 135.66666666666615)	(62.0, 186.0000000000009)	(63.0, 146.33333333333312)	(64.0, 224.33333333333533)	(65.0, 149.66666666666654)	(66.0, 89.33333333333314)	(67.0, 86.33333333333319)	(68.0, 216.00000000000176)	(69.0, 416.99999999999375)	(70.0, 39.0)	(71.0, 8.999999999999998)	(72.0, 1.9999999999999998)	(73.0, 1.6666666666666665)	(74.0, 0.3333333333333333)	(75.0, 0.0)	(76.0, 0.3333333333333333)	(77.0, 0.0)	(78.0, 0.0)	(79.0, 0.0)	(80.0, 0.0)	(81.0, 0.0)	(82.0, 0.0)	(83.0, 0.0)	(84.0, 0.0)	(85.0, 0.0)	(86.0, 0.0)	(87.0, 0.0)	(88.0, 0.0)	(89.0, 0.0)	(90.0, 0.0)	(91.0, 0.0)	(92.0, 0.0)	(93.0, 0.0)	(94.0, 0.0)	(95.0, 0.0)	(96.0, 0.0)	(97.0, 0.0)	(98.0, 0.0)	(99.0, 0.0)	(100.0, 0.0)
SRR37700683_2	(0.0, 0.0)	(1.0, 0.0)	(2.0, 0.0)	(3.0, 0.0)	(4.0, 0.0)	(5.0, 0.0)	(6.0, 0.0)	(7.0, 0.0)	(8.0, 0.0)	(9.0, 0.0)	(10.0, 0.0)	(11.0, 0.0)	(12.0, 0.0)	(13.0, 0.0)	(14.0, 0.0)	(15.0, 0.0)	(16.0, 0.0)	(17.0, 0.0)	(18.0, 0.0)	(19.0, 0.0)	(20.0, 0.0)	(21.0, 0.0)	(22.0, 0.0)	(23.0, 0.0)	(24.0, 0.0)	(25.0, 0.0)	(26.0, 0.0)	(27.0, 0.0)	(28.0, 0.0)	(29.0, 0.0)	(30.0, 0.0)	(31.0, 0.0)	(32.0, 0.0)	(33.0, 0.0)	(34.0, 0.3333333333333333)	(35.0, 0.3333333333333333)	(36.0, 0.0)	(37.0, 0.3333333333333333)	(38.0, 0.3333333333333333)	(39.0, 0.6666666666666666)	(40.0, 1.3333333333333333)	(41.0, 1.6666666666666665)	(42.0, 1.6666666666666665)	(43.0, 4.666666666666666)	(44.0, 27.999999999999968)	(45.0, 34.666666666666636)	(46.0, 95.99999999999972)	(47.0, 294.00000000000074)	(48.0, 566.9999999999945)	(49.0, 3496.000000000472)	(50.0, 4299.00000000056)	(51.0, 5396.666666666229)	(52.0, 5932.666666665741)	(53.0, 14065.000000007702)	(54.0, 15347.000000010034)	(55.0, 7023.333333331416)	(56.0, 4716.333333333514)	(57.0, 2517.000000000027)	(58.0, 1672.6666666665656)	(59.0, 711.0000000000109)	(60.0, 406.9999999999943)	(61.0, 62.00000000000016)	(62.0, 58.666666666666806)	(63.0, 149.3333333333332)	(64.0, 60.333333333333485)	(65.0, 201.33333333333468)	(66.0, 303.0000000000002)	(67.0, 109.99999999999952)	(68.0, 45.33333333333338)	(69.0, 56.33333333333346)	(70.0, 34.3333333333333)	(71.0, 97.33333333333303)	(72.0, 356.99999999999716)	(73.0, 78.99999999999996)	(74.0, 19.0)	(75.0, 3.3333333333333335)	(76.0, 0.6666666666666666)	(77.0, 0.0)	(78.0, 0.0)	(79.0, 0.0)	(80.0, 0.0)	(81.0, 0.0)	(82.0, 0.3333333333333333)	(83.0, 0.0)	(84.0, 0.0)	(85.0, 0.0)	(86.0, 0.0)	(87.0, 0.0)	(88.0, 0.0)	(89.0, 0.0)	(90.0, 0.0)	(91.0, 0.0)	(92.0, 0.0)	(93.0, 0.0)	(94.0, 0.0)	(95.0, 0.0)	(96.0, 0.0)	(97.0, 0.0)	(98.0, 0.0)	(99.0, 0.0)	(100.0, 0.0)
SRR37700684_1	(0.0, 0.0)	(1.0, 0.0)	(2.0, 0.0)	(3.0, 0.0)	(4.0, 0.0)	(5.0, 0.0)	(6.0, 0.0)	(7.0, 0.0)	(8.0, 0.0)	(9.0, 0.0)	(10.0, 0.0)	(11.0, 0.0)	(12.0, 0.0)	(13.0, 0.0)	(14.0, 0.0)	(15.0, 0.0)	(16.0, 0.0)	(17.0, 0.0)	(18.0, 0.0)	(19.0, 0.0)	(20.0, 0.0)	(21.0, 0.0)	(22.0, 0.0)	(23.0, 0.0)	(24.0, 0.0)	(25.0, 0.0)	(26.0, 0.0)	(27.0, 0.0)	(28.0, 0.0)	(29.0, 0.0)	(30.0, 0.0)	(31.0, 0.0)	(32.0, 0.0)	(33.0, 0.0)	(34.0, 0.0)	(35.0, 0.0)	(36.0, 0.0)	(37.0, 0.3333333333333333)	(38.0, 0.3333333333333333)	(39.0, 0.3333333333333333)	(40.0, 0.6666666666666666)	(41.0, 0.3333333333333333)	(42.0, 1.0)	(43.0, 1.3333333333333333)	(44.0, 2.333333333333333)	(45.0, 6.999999999999997)	(46.0, 22.999999999999986)	(47.0, 49.00000000000007)	(48.0, 293.0000000000008)	(49.0, 1718.3333333332218)	(50.0, 1689.6666666665617)	(51.0, 1307.3333333333153)	(52.0, 3963.6666666673514)	(53.0, 1653.9999999999031)	(54.0, 923.000000000035)	(55.0, 1998.3333333331582)	(56.0, 528.6666666666569)	(57.0, 282.33333333333474)	(58.0, 200.33333333333465)	(59.0, 145.3333333333331)	(60.0, 455.6666666666582)	(61.0, 449.66666666665856)	(62.0, 73.6666666666667)	(63.0, 101.6666666666663)	(64.0, 113.99999999999946)	(65.0, 84.99999999999987)	(66.0, 18.333333333333336)	(67.0, 12.333333333333337)	(68.0, 16.00000000000001)	(69.0, 22.999999999999986)	(70.0, 22.999999999999986)	(71.0, 4.0)	(72.0, 1.3333333333333333)	(73.0, 0.3333333333333333)	(74.0, 1.6666666666666665)	(75.0, 1.3333333333333333)	(76.0, 0.0)	(77.0, 0.0)	(78.0, 0.0)	(79.0, 0.0)	(80.0, 0.0)	(81.0, 0.0)	(82.0, 0.0)	(83.0, 0.0)	(84.0, 0.0)	(85.0, 0.0)	(86.0, 0.0)	(87.0, 0.0)	(88.0, 0.0)	(89.0, 0.0)	(90.0, 0.0)	(91.0, 0.0)	(92.0, 0.0)	(93.0, 0.0)	(94.0, 0.0)	(95.0, 0.0)	(96.0, 0.0)	(97.0, 0.0)	(98.0, 0.0)	(99.0, 0.0)	(100.0, 0.0)
SRR37700684_2	(0.0, 0.0)	(1.0, 0.0)	(2.0, 0.0)	(3.0, 0.0)	(4.0, 0.0)	(5.0, 0.0)	(6.0, 0.0)	(7.0, 0.0)	(8.0, 0.0)	(9.0, 0.0)	(10.0, 0.0)	(11.0, 0.0)	(12.0, 0.0)	(13.0, 0.0)	(14.0, 0.0)	(15.0, 0.0)	(16.0, 0.0)	(17.0, 0.0)	(18.0, 0.0)	(19.0, 0.0)	(20.0, 0.0)	(21.0, 0.0)	(22.0, 0.0)	(23.0, 0.0)	(24.0, 0.0)	(25.0, 0.0)	(26.0, 0.0)	(27.0, 0.0)	(28.0, 0.0)	(29.0, 0.3333333333333333)	(30.0, 0.3333333333333333)	(31.0, 0.0)	(32.0, 0.0)	(33.0, 0.0)	(34.0, 0.0)	(35.0, 0.3333333333333333)	(36.0, 0.6666666666666666)	(37.0, 0.6666666666666666)	(38.0, 1.3333333333333333)	(39.0, 1.3333333333333333)	(40.0, 0.6666666666666666)	(41.0, 0.3333333333333333)	(42.0, 1.0)	(43.0, 0.3333333333333333)	(44.0, 1.0)	(45.0, 4.0)	(46.0, 10.0)	(47.0, 36.66666666666665)	(48.0, 198.66666666666794)	(49.0, 1607.333333333247)	(50.0, 1364.6666666666356)	(51.0, 1520.6666666666001)	(52.0, 3838.0000000006276)	(53.0, 4089.6666666674087)	(54.0, 1173.666666666679)	(55.0, 963.0000000000396)	(56.0, 1913.3333333331775)	(57.0, 499.99999999998903)	(58.0, 219.3333333333352)	(59.0, 126.99999999999928)	(60.0, 99.333333333333)	(61.0, 152.66666666666663)	(62.0, 93.99999999999974)	(63.0, 469.6666666666574)	(64.0, 126.66666666666595)	(65.0, 82.66666666666657)	(66.0, 104.66666666666626)	(67.0, 80.99999999999993)	(68.0, 14.333333333333341)	(69.0, 17.66666666666667)	(70.0, 11.000000000000002)	(71.0, 10.666666666666668)	(72.0, 16.666666666666675)	(73.0, 7.9999999999999964)	(74.0, 5.666666666666665)	(75.0, 6.666666666666664)	(76.0, 13.666666666666673)	(77.0, 5.666666666666665)	(78.0, 0.0)	(79.0, 0.0)	(80.0, 0.0)	(81.0, 0.0)	(82.0, 0.0)	(83.0, 0.0)	(84.0, 0.0)	(85.0, 0.0)	(86.0, 0.0)	(87.0, 0.0)	(88.0, 0.0)	(89.0, 0.0)	(90.0, 0.0)	(91.0, 0.0)	(92.0, 0.0)	(93.0, 0.0)	(94.0, 0.0)	(95.0, 0.0)	(96.0, 0.0)	(97.0, 0.0)	(98.0, 0.0)	(99.0, 0.0)	(100.0, 0.0)
SRR37700685_1	(0.0, 0.0)	(1.0, 0.0)	(2.0, 0.0)	(3.0, 0.0)	(4.0, 0.0)	(5.0, 0.0)	(6.0, 0.0)	(7.0, 0.0)	(8.0, 0.0)	(9.0, 0.0)	(10.0, 0.0)	(11.0, 0.0)	(12.0, 0.0)	(13.0, 0.0)	(14.0, 0.0)	(15.0, 0.0)	(16.0, 0.0)	(17.0, 0.0)	(18.0, 0.0)	(19.0, 0.0)	(20.0, 0.0)	(21.0, 0.0)	(22.0, 0.0)	(23.0, 0.0)	(24.0, 0.0)	(25.0, 0.0)	(26.0, 0.0)	(27.0, 0.0)	(28.0, 0.0)	(29.0, 0.0)	(30.0, 0.0)	(31.0, 0.0)	(32.0, 0.3333333333333333)	(33.0, 0.3333333333333333)	(34.0, 0.3333333333333333)	(35.0, 0.0)	(36.0, 0.3333333333333333)	(37.0, 0.0)	(38.0, 0.3333333333333333)	(39.0, 1.0)	(40.0, 0.6666666666666666)	(41.0, 0.3333333333333333)	(42.0, 0.6666666666666666)	(43.0, 0.6666666666666666)	(44.0, 1.0)	(45.0, 11.333333333333336)	(46.0, 21.666666666666657)	(47.0, 59.33333333333348)	(48.0, 114.99999999999945)	(49.0, 291.3333333333342)	(50.0, 835.6666666666918)	(51.0, 1861.9999999998558)	(52.0, 3009.333333333584)	(53.0, 3545.6666666671613)	(54.0, 2407.9999999999773)	(55.0, 1358.3333333333037)	(56.0, 668.000000000006)	(57.0, 288.6666666666677)	(58.0, 213.33333333333502)	(59.0, 31.33333333333329)	(60.0, 3.666666666666667)	(61.0, 16.666666666666675)	(62.0, 24.333333333333314)	(63.0, 19.666666666666664)	(64.0, 38.666666666666664)	(65.0, 31.66666666666662)	(66.0, 12.000000000000004)	(67.0, 21.666666666666657)	(68.0, 160.3333333333335)	(69.0, 177.00000000000065)	(70.0, 10.666666666666668)	(71.0, 1.3333333333333333)	(72.0, 0.0)	(73.0, 0.3333333333333333)	(74.0, 0.3333333333333333)	(75.0, 0.3333333333333333)	(76.0, 0.0)	(77.0, 0.0)	(78.0, 0.0)	(79.0, 0.0)	(80.0, 0.0)	(81.0, 0.0)	(82.0, 0.0)	(83.0, 0.0)	(84.0, 0.0)	(85.0, 0.0)	(86.0, 0.0)	(87.0, 0.0)	(88.0, 0.0)	(89.0, 0.0)	(90.0, 0.0)	(91.0, 0.0)	(92.0, 0.0)	(93.0, 0.0)	(94.0, 0.0)	(95.0, 0.0)	(96.0, 0.0)	(97.0, 0.0)	(98.0, 0.0)	(99.0, 0.0)	(100.0, 0.0)
SRR37700685_2	(0.0, 0.0)	(1.0, 0.0)	(2.0, 0.0)	(3.0, 0.0)	(4.0, 0.0)	(5.0, 0.0)	(6.0, 0.0)	(7.0, 0.0)	(8.0, 0.0)	(9.0, 0.0)	(10.0, 0.0)	(11.0, 0.0)	(12.0, 0.0)	(13.0, 0.0)	(14.0, 0.0)	(15.0, 0.0)	(16.0, 0.0)	(17.0, 0.0)	(18.0, 0.0)	(19.0, 0.0)	(20.0, 0.0)	(21.0, 0.0)	(22.0, 0.0)	(23.0, 0.0)	(24.0, 0.0)	(25.0, 0.0)	(26.0, 0.0)	(27.0, 0.0)	(28.0, 0.0)	(29.0, 0.0)	(30.0, 0.0)	(31.0, 0.0)	(32.0, 0.0)	(33.0, 0.0)	(34.0, 0.0)	(35.0, 0.3333333333333333)	(36.0, 0.3333333333333333)	(37.0, 0.6666666666666666)	(38.0, 0.6666666666666666)	(39.0, 0.6666666666666666)	(40.0, 0.3333333333333333)	(41.0, 0.3333333333333333)	(42.0, 0.6666666666666666)	(43.0, 0.6666666666666666)	(44.0, 5.333333333333332)	(45.0, 6.666666666666664)	(46.0, 11.000000000000002)	(47.0, 26.99999999999997)	(48.0, 95.99999999999972)	(49.0, 202.00000000000136)	(50.0, 408.3333333333276)	(51.0, 1074.000000000035)	(52.0, 2204.333333333218)	(53.0, 2633.6666666667466)	(54.0, 3784.66666666727)	(55.0, 2686.333333333437)	(56.0, 1306.3333333333155)	(57.0, 574.9999999999955)	(58.0, 395.99999999999494)	(59.0, 124.33333333333265)	(60.0, 195.66666666666785)	(61.0, 39.0)	(62.0, 15.666666666666677)	(63.0, 25.666666666666643)	(64.0, 12.000000000000004)	(65.0, 29.66666666666663)	(66.0, 42.66666666666669)	(67.0, 26.66666666666664)	(68.0, 14.333333333333341)	(69.0, 13.33333333333334)	(70.0, 18.666666666666668)	(71.0, 51.33333333333342)	(72.0, 130.99999999999935)	(73.0, 55.666666666666785)	(74.0, 10.666666666666668)	(75.0, 0.6666666666666666)	(76.0, 1.3333333333333333)	(77.0, 0.6666666666666666)	(78.0, 0.0)	(79.0, 0.0)	(80.0, 0.0)	(81.0, 0.0)	(82.0, 0.0)	(83.0, 0.0)	(84.0, 0.0)	(85.0, 0.0)	(86.0, 0.0)	(87.0, 0.0)	(88.0, 0.0)	(89.0, 0.0)	(90.0, 0.0)	(91.0, 0.0)	(92.0, 0.0)	(93.0, 0.0)	(94.0, 0.0)	(95.0, 0.0)	(96.0, 0.0)	(97.0, 0.0)	(98.0, 0.0)	(99.0, 0.0)	(100.0, 0.0)
SRR37700686_1	(0.0, 0.0)	(1.0, 0.0)	(2.0, 0.0)	(3.0, 0.0)	(4.0, 0.0)	(5.0, 0.0)	(6.0, 0.0)	(7.0, 0.0)	(8.0, 0.0)	(9.0, 0.0)	(10.0, 0.0)	(11.0, 0.0)	(12.0, 0.0)	(13.0, 0.0)	(14.0, 0.0)	(15.0, 0.0)	(16.0, 0.0)	(17.0, 0.0)	(18.0, 0.0)	(19.0, 0.0)	(20.0, 0.0)	(21.0, 0.0)	(22.0, 0.0)	(23.0, 0.0)	(24.0, 0.0)	(25.0, 0.0)	(26.0, 0.0)	(27.0, 0.0)	(28.0, 0.0)	(29.0, 0.0)	(30.0, 0.0)	(31.0, 0.0)	(32.0, 0.0)	(33.0, 0.0)	(34.0, 0.0)	(35.0, 0.3333333333333333)	(36.0, 0.0)	(37.0, 0.0)	(38.0, 0.0)	(39.0, 0.0)	(40.0, 0.3333333333333333)	(41.0, 0.0)	(42.0, 0.0)	(43.0, 0.0)	(44.0, 0.0)	(45.0, 2.6666666666666665)	(46.0, 11.333333333333336)	(47.0, 31.33333333333329)	(48.0, 38.33333333333333)	(49.0, 146.66666666666646)	(50.0, 432.3333333333262)	(51.0, 1050.3333333333737)	(52.0, 3200.333333333671)	(53.0, 3336.0000000003993)	(54.0, 1369.9999999999677)	(55.0, 785.3333333333527)	(56.0, 290.6666666666676)	(57.0, 154.0)	(58.0, 71.3333333333334)	(59.0, 11.000000000000002)	(60.0, 5.999999999999998)	(61.0, 76.0)	(62.0, 78.99999999999996)	(63.0, 19.666666666666664)	(64.0, 100.66666666666632)	(65.0, 87.33333333333317)	(66.0, 13.666666666666673)	(67.0, 18.000000000000004)	(68.0, 93.33333333333309)	(69.0, 93.66666666666642)	(70.0, 3.0)	(71.0, 0.3333333333333333)	(72.0, 0.0)	(73.0, 0.0)	(74.0, 0.0)	(75.0, 0.0)	(76.0, 0.0)	(77.0, 0.0)	(78.0, 0.0)	(79.0, 0.0)	(80.0, 0.0)	(81.0, 0.0)	(82.0, 0.0)	(83.0, 0.0)	(84.0, 0.0)	(85.0, 0.0)	(86.0, 0.0)	(87.0, 0.0)	(88.0, 0.0)	(89.0, 0.0)	(90.0, 0.0)	(91.0, 0.0)	(92.0, 0.0)	(93.0, 0.0)	(94.0, 0.0)	(95.0, 0.0)	(96.0, 0.0)	(97.0, 0.0)	(98.0, 0.0)	(99.0, 0.0)	(100.0, 0.0)
SRR37700686_2	(0.0, 0.0)	(1.0, 0.0)	(2.0, 0.0)	(3.0, 0.0)	(4.0, 0.0)	(5.0, 0.0)	(6.0, 0.0)	(7.0, 0.0)	(8.0, 0.0)	(9.0, 0.0)	(10.0, 0.0)	(11.0, 0.0)	(12.0, 0.0)	(13.0, 0.0)	(14.0, 0.0)	(15.0, 0.0)	(16.0, 0.0)	(17.0, 0.0)	(18.0, 0.0)	(19.0, 0.0)	(20.0, 0.0)	(21.0, 0.0)	(22.0, 0.0)	(23.0, 0.0)	(24.0, 0.0)	(25.0, 0.0)	(26.0, 0.0)	(27.0, 0.0)	(28.0, 0.0)	(29.0, 0.0)	(30.0, 0.0)	(31.0, 0.0)	(32.0, 0.0)	(33.0, 0.0)	(34.0, 0.6666666666666666)	(35.0, 1.0)	(36.0, 0.3333333333333333)	(37.0, 0.0)	(38.0, 0.0)	(39.0, 0.0)	(40.0, 0.0)	(41.0, 0.6666666666666666)	(42.0, 1.3333333333333333)	(43.0, 1.3333333333333333)	(44.0, 1.6666666666666665)	(45.0, 3.666666666666667)	(46.0, 7.666666666666663)	(47.0, 16.666666666666675)	(48.0, 46.66666666666672)	(49.0, 96.33333333333304)	(50.0, 174.00000000000057)	(51.0, 539.9999999999915)	(52.0, 1103.0000000000284)	(53.0, 3078.000000000282)	(54.0, 3293.0000000003797)	(55.0, 1598.6666666665824)	(56.0, 695.0000000000091)	(57.0, 300.0000000000004)	(58.0, 210.0000000000016)	(59.0, 47.00000000000006)	(60.0, 64.66666666666683)	(61.0, 56.66666666666679)	(62.0, 20.66666666666666)	(63.0, 74.00000000000003)	(64.0, 25.33333333333331)	(65.0, 29.66666666666663)	(66.0, 99.99999999999966)	(67.0, 76.66666666666666)	(68.0, 11.000000000000002)	(69.0, 9.666666666666666)	(70.0, 9.666666666666666)	(71.0, 27.333333333333304)	(72.0, 58.000000000000135)	(73.0, 29.66666666666663)	(74.0, 6.333333333333331)	(75.0, 0.6666666666666666)	(76.0, 0.3333333333333333)	(77.0, 0.0)	(78.0, 0.0)	(79.0, 0.0)	(80.0, 0.0)	(81.0, 0.0)	(82.0, 0.0)	(83.0, 0.0)	(84.0, 0.0)	(85.0, 0.0)	(86.0, 0.0)	(87.0, 0.0)	(88.0, 0.0)	(89.0, 0.0)	(90.0, 0.0)	(91.0, 0.0)	(92.0, 0.0)	(93.0, 0.0)	(94.0, 0.0)	(95.0, 0.0)	(96.0, 0.0)	(97.0, 0.0)	(98.0, 0.0)	(99.0, 0.0)	(100.0, 0.0)
SRR37700687_1	(0.0, 0.0)	(1.0, 0.0)	(2.0, 0.0)	(3.0, 0.0)	(4.0, 0.0)	(5.0, 0.0)	(6.0, 0.0)	(7.0, 0.0)	(8.0, 0.0)	(9.0, 0.0)	(10.0, 0.0)	(11.0, 0.0)	(12.0, 0.0)	(13.0, 0.0)	(14.0, 0.0)	(15.0, 0.0)	(16.0, 0.0)	(17.0, 0.0)	(18.0, 0.0)	(19.0, 0.0)	(20.0, 0.0)	(21.0, 0.0)	(22.0, 0.0)	(23.0, 0.0)	(24.0, 0.0)	(25.0, 0.0)	(26.0, 0.0)	(27.0, 0.0)	(28.0, 0.0)	(29.0, 0.0)	(30.0, 0.0)	(31.0, 0.0)	(32.0, 0.0)	(33.0, 0.0)	(34.0, 0.0)	(35.0, 0.0)	(36.0, 0.0)	(37.0, 0.0)	(38.0, 0.0)	(39.0, 0.0)	(40.0, 0.6666666666666666)	(41.0, 0.0)	(42.0, 0.3333333333333333)	(43.0, 1.0)	(44.0, 2.6666666666666665)	(45.0, 12.333333333333337)	(46.0, 180.00000000000074)	(47.0, 151.33333333333326)	(48.0, 277.333333333335)	(49.0, 1251.6666666666613)	(50.0, 1623.3333333332434)	(51.0, 4061.3333333340624)	(52.0, 5203.333333333071)	(53.0, 3074.00000000028)	(54.0, 2139.3333333331884)	(55.0, 2979.000000000237)	(56.0, 2623.3333333334085)	(57.0, 444.66666666665884)	(58.0, 141.99999999999966)	(59.0, 42.00000000000002)	(60.0, 18.000000000000004)	(61.0, 15.333333333333343)	(62.0, 19.666666666666664)	(63.0, 24.666666666666647)	(64.0, 35.99999999999998)	(65.0, 21.99999999999999)	(66.0, 11.000000000000002)	(67.0, 20.66666666666666)	(68.0, 66.33333333333347)	(69.0, 125.33333333333263)	(70.0, 12.000000000000004)	(71.0, 1.3333333333333333)	(72.0, 0.6666666666666666)	(73.0, 0.0)	(74.0, 0.0)	(75.0, 0.0)	(76.0, 0.0)	(77.0, 0.0)	(78.0, 0.0)	(79.0, 0.0)	(80.0, 0.0)	(81.0, 0.0)	(82.0, 0.0)	(83.0, 0.0)	(84.0, 0.0)	(85.0, 0.0)	(86.0, 0.0)	(87.0, 0.0)	(88.0, 0.0)	(89.0, 0.0)	(90.0, 0.0)	(91.0, 0.0)	(92.0, 0.0)	(93.0, 0.0)	(94.0, 0.0)	(95.0, 0.0)	(96.0, 0.0)	(97.0, 0.0)	(98.0, 0.0)	(99.0, 0.0)	(100.0, 0.0)
SRR37700687_2	(0.0, 0.0)	(1.0, 0.0)	(2.0, 0.0)	(3.0, 0.0)	(4.0, 0.0)	(5.0, 0.0)	(6.0, 0.0)	(7.0, 0.0)	(8.0, 0.0)	(9.0, 0.0)	(10.0, 0.0)	(11.0, 0.0)	(12.0, 0.0)	(13.0, 0.0)	(14.0, 0.0)	(15.0, 0.0)	(16.0, 0.0)	(17.0, 0.0)	(18.0, 0.0)	(19.0, 0.0)	(20.0, 0.0)	(21.0, 0.0)	(22.0, 0.0)	(23.0, 0.0)	(24.0, 0.0)	(25.0, 0.0)	(26.0, 0.0)	(27.0, 0.0)	(28.0, 0.0)	(29.0, 0.0)	(30.0, 0.0)	(31.0, 0.0)	(32.0, 0.6666666666666666)	(33.0, 0.3333333333333333)	(34.0, 0.0)	(35.0, 0.0)	(36.0, 0.0)	(37.0, 0.3333333333333333)	(38.0, 0.0)	(39.0, 0.6666666666666666)	(40.0, 0.6666666666666666)	(41.0, 0.3333333333333333)	(42.0, 1.6666666666666665)	(43.0, 3.0)	(44.0, 6.333333333333331)	(45.0, 7.9999999999999964)	(46.0, 31.33333333333329)	(47.0, 172.6666666666672)	(48.0, 288.6666666666677)	(49.0, 1132.6666666666883)	(50.0, 876.333333333363)	(51.0, 1266.9999999999911)	(52.0, 2483.0000000000114)	(53.0, 5033.999999999892)	(54.0, 5105.33333333316)	(55.0, 2569.6666666667174)	(56.0, 3666.333333333883)	(57.0, 1754.3333333332137)	(58.0, 527.9999999999901)	(59.0, 179.6666666666674)	(60.0, 98.66666666666634)	(61.0, 23.333333333333318)	(62.0, 13.33333333333334)	(63.0, 19.333333333333332)	(64.0, 12.666666666666671)	(65.0, 29.66666666666663)	(66.0, 36.333333333333314)	(67.0, 26.99999999999997)	(68.0, 13.666666666666673)	(69.0, 11.66666666666667)	(70.0, 13.33333333333334)	(71.0, 34.99999999999997)	(72.0, 98.99999999999967)	(73.0, 21.333333333333325)	(74.0, 1.9999999999999998)	(75.0, 0.6666666666666666)	(76.0, 1.0)	(77.0, 0.6666666666666666)	(78.0, 0.3333333333333333)	(79.0, 0.0)	(80.0, 0.0)	(81.0, 0.0)	(82.0, 0.0)	(83.0, 0.0)	(84.0, 0.0)	(85.0, 0.0)	(86.0, 0.3333333333333333)	(87.0, 0.0)	(88.0, 0.0)	(89.0, 0.0)	(90.0, 0.0)	(91.0, 0.0)	(92.0, 0.0)	(93.0, 0.0)	(94.0, 0.0)	(95.0, 0.0)	(96.0, 0.0)	(97.0, 0.0)	(98.0, 0.0)	(99.0, 0.0)	(100.0, 0.0)
SRR37700688_1	(0.0, 0.0)	(1.0, 0.0)	(2.0, 0.0)	(3.0, 0.0)	(4.0, 0.0)	(5.0, 0.0)	(6.0, 0.0)	(7.0, 0.0)	(8.0, 0.0)	(9.0, 0.0)	(10.0, 0.0)	(11.0, 0.0)	(12.0, 0.0)	(13.0, 0.0)	(14.0, 0.0)	(15.0, 0.0)	(16.0, 0.0)	(17.0, 0.0)	(18.0, 0.0)	(19.0, 0.0)	(20.0, 0.0)	(21.0, 0.0)	(22.0, 0.0)	(23.0, 0.0)	(24.0, 0.0)	(25.0, 0.0)	(26.0, 0.0)	(27.0, 0.0)	(28.0, 0.3333333333333333)	(29.0, 0.0)	(30.0, 0.0)	(31.0, 0.0)	(32.0, 0.0)	(33.0, 0.0)	(34.0, 0.0)	(35.0, 0.3333333333333333)	(36.0, 0.6666666666666666)	(37.0, 0.0)	(38.0, 0.0)	(39.0, 0.0)	(40.0, 0.3333333333333333)	(41.0, 0.3333333333333333)	(42.0, 0.3333333333333333)	(43.0, 0.0)	(44.0, 0.3333333333333333)	(45.0, 9.333333333333332)	(46.0, 41.33333333333335)	(47.0, 88.33333333333316)	(48.0, 219.66666666666853)	(49.0, 811.3333333333557)	(50.0, 1558.6666666665915)	(51.0, 2317.666666666603)	(52.0, 3068.6666666669444)	(53.0, 2705.6666666667793)	(54.0, 1802.666666666536)	(55.0, 3637.666666667203)	(56.0, 1036.333333333377)	(57.0, 330.333333333332)	(58.0, 188.00000000000097)	(59.0, 32.99999999999996)	(60.0, 14.000000000000007)	(61.0, 15.666666666666677)	(62.0, 29.99999999999996)	(63.0, 23.999999999999982)	(64.0, 18.333333333333336)	(65.0, 11.66666666666667)	(66.0, 12.333333333333337)	(67.0, 19.999999999999996)	(68.0, 59.33333333333348)	(69.0, 81.99999999999991)	(70.0, 5.333333333333332)	(71.0, 2.333333333333333)	(72.0, 0.6666666666666666)	(73.0, 0.0)	(74.0, 0.0)	(75.0, 0.0)	(76.0, 0.0)	(77.0, 0.0)	(78.0, 0.0)	(79.0, 0.0)	(80.0, 0.0)	(81.0, 0.0)	(82.0, 0.0)	(83.0, 0.0)	(84.0, 0.0)	(85.0, 0.0)	(86.0, 0.0)	(87.0, 0.0)	(88.0, 0.0)	(89.0, 0.0)	(90.0, 0.0)	(91.0, 0.0)	(92.0, 0.0)	(93.0, 0.0)	(94.0, 0.0)	(95.0, 0.0)	(96.0, 0.0)	(97.0, 0.0)	(98.0, 0.0)	(99.0, 0.0)	(100.0, 0.0)
SRR37700688_2	(0.0, 0.0)	(1.0, 0.0)	(2.0, 0.0)	(3.0, 0.0)	(4.0, 0.0)	(5.0, 0.0)	(6.0, 0.0)	(7.0, 0.0)	(8.0, 0.0)	(9.0, 0.0)	(10.0, 0.0)	(11.0, 0.0)	(12.0, 0.0)	(13.0, 0.0)	(14.0, 0.0)	(15.0, 0.0)	(16.0, 0.0)	(17.0, 0.0)	(18.0, 0.0)	(19.0, 0.0)	(20.0, 0.0)	(21.0, 0.0)	(22.0, 0.0)	(23.0, 0.0)	(24.0, 0.0)	(25.0, 0.0)	(26.0, 0.0)	(27.0, 0.0)	(28.0, 0.0)	(29.0, 0.0)	(30.0, 0.0)	(31.0, 0.0)	(32.0, 0.0)	(33.0, 0.0)	(34.0, 0.0)	(35.0, 0.0)	(36.0, 0.3333333333333333)	(37.0, 0.0)	(38.0, 1.0)	(39.0, 1.3333333333333333)	(40.0, 1.6666666666666665)	(41.0, 1.0)	(42.0, 1.6666666666666665)	(43.0, 2.333333333333333)	(44.0, 10.0)	(45.0, 11.66666666666667)	(46.0, 22.999999999999986)	(47.0, 46.66666666666672)	(48.0, 124.33333333333265)	(49.0, 571.6666666666617)	(50.0, 706.0000000000103)	(51.0, 1183.6666666666767)	(52.0, 1978.666666666496)	(53.0, 2904.000000000203)	(54.0, 3416.0000000004356)	(55.0, 2831.333333333503)	(56.0, 3424.6666666671063)	(57.0, 871.6666666666958)	(58.0, 372.3333333333296)	(59.0, 115.99999999999943)	(60.0, 170.66666666666714)	(61.0, 36.999999999999986)	(62.0, 21.333333333333325)	(63.0, 17.66666666666667)	(64.0, 11.333333333333336)	(65.0, 30.333333333333293)	(66.0, 25.666666666666643)	(67.0, 10.333333333333334)	(68.0, 12.000000000000004)	(69.0, 16.666666666666675)	(70.0, 9.666666666666666)	(71.0, 21.99999999999999)	(72.0, 65.33333333333348)	(73.0, 21.99999999999999)	(74.0, 3.666666666666667)	(75.0, 0.3333333333333333)	(76.0, 0.0)	(77.0, 0.0)	(78.0, 0.0)	(79.0, 0.0)	(80.0, 0.0)	(81.0, 0.0)	(82.0, 0.0)	(83.0, 0.0)	(84.0, 0.0)	(85.0, 0.0)	(86.0, 0.0)	(87.0, 0.0)	(88.0, 0.0)	(89.0, 0.0)	(90.0, 0.0)	(91.0, 0.0)	(92.0, 0.0)	(93.0, 0.0)	(94.0, 0.0)	(95.0, 0.0)	(96.0, 0.0)	(97.0, 0.0)	(98.0, 0.0)	(99.0, 0.0)	(100.0, 0.0)
SRR37700689_1	(0.0, 0.0)	(1.0, 0.0)	(2.0, 0.0)	(3.0, 0.0)	(4.0, 0.0)	(5.0, 0.0)	(6.0, 0.0)	(7.0, 0.0)	(8.0, 0.0)	(9.0, 0.0)	(10.0, 0.0)	(11.0, 0.0)	(12.0, 0.0)	(13.0, 0.0)	(14.0, 0.0)	(15.0, 0.0)	(16.0, 0.0)	(17.0, 0.0)	(18.0, 0.0)	(19.0, 0.0)	(20.0, 0.0)	(21.0, 0.0)	(22.0, 0.0)	(23.0, 0.0)	(24.0, 0.0)	(25.0, 0.0)	(26.0, 0.0)	(27.0, 0.0)	(28.0, 0.0)	(29.0, 0.0)	(30.0, 0.0)	(31.0, 0.0)	(32.0, 0.0)	(33.0, 0.0)	(34.0, 0.0)	(35.0, 0.0)	(36.0, 0.0)	(37.0, 0.0)	(38.0, 0.0)	(39.0, 0.0)	(40.0, 0.0)	(41.0, 0.0)	(42.0, 0.0)	(43.0, 0.0)	(44.0, 0.6666666666666666)	(45.0, 3.3333333333333335)	(46.0, 46.333333333333385)	(47.0, 68.00000000000011)	(48.0, 117.9999999999994)	(49.0, 737.6666666666806)	(50.0, 1272.9999999999898)	(51.0, 1151.0000000000175)	(52.0, 2749.6666666667993)	(53.0, 3413.6666666671013)	(54.0, 1791.6666666665385)	(55.0, 2210.666666666554)	(56.0, 631.6666666666686)	(57.0, 166.00000000000034)	(58.0, 67.33333333333346)	(59.0, 19.333333333333332)	(60.0, 11.66666666666667)	(61.0, 35.66666666666664)	(62.0, 52.00000000000009)	(63.0, 44.66666666666671)	(64.0, 56.33333333333346)	(65.0, 38.666666666666664)	(66.0, 41.666666666666686)	(67.0, 36.999999999999986)	(68.0, 149.66666666666654)	(69.0, 257.66666666666947)	(70.0, 18.333333333333336)	(71.0, 3.3333333333333335)	(72.0, 1.6666666666666665)	(73.0, 1.0)	(74.0, 0.0)	(75.0, 0.0)	(76.0, 0.0)	(77.0, 0.0)	(78.0, 0.0)	(79.0, 0.0)	(80.0, 0.0)	(81.0, 0.0)	(82.0, 0.0)	(83.0, 0.0)	(84.0, 0.0)	(85.0, 0.0)	(86.0, 0.0)	(87.0, 0.0)	(88.0, 0.0)	(89.0, 0.0)	(90.0, 0.0)	(91.0, 0.0)	(92.0, 0.0)	(93.0, 0.0)	(94.0, 0.0)	(95.0, 0.0)	(96.0, 0.0)	(97.0, 0.0)	(98.0, 0.0)	(99.0, 0.0)	(100.0, 0.0)
SRR37700689_2	(0.0, 0.0)	(1.0, 0.0)	(2.0, 0.0)	(3.0, 0.0)	(4.0, 0.0)	(5.0, 0.0)	(6.0, 0.0)	(7.0, 0.0)	(8.0, 0.0)	(9.0, 0.0)	(10.0, 0.0)	(11.0, 0.0)	(12.0, 0.0)	(13.0, 0.0)	(14.0, 0.0)	(15.0, 0.0)	(16.0, 0.0)	(17.0, 0.0)	(18.0, 0.0)	(19.0, 0.0)	(20.0, 0.0)	(21.0, 0.0)	(22.0, 0.0)	(23.0, 0.0)	(24.0, 0.0)	(25.0, 0.0)	(26.0, 0.0)	(27.0, 0.0)	(28.0, 0.0)	(29.0, 0.0)	(30.0, 0.0)	(31.0, 0.0)	(32.0, 0.0)	(33.0, 0.0)	(34.0, 0.0)	(35.0, 0.3333333333333333)	(36.0, 0.6666666666666666)	(37.0, 0.0)	(38.0, 0.3333333333333333)	(39.0, 0.3333333333333333)	(40.0, 0.0)	(41.0, 0.0)	(42.0, 0.3333333333333333)	(43.0, 1.0)	(44.0, 3.0)	(45.0, 2.6666666666666665)	(46.0, 13.33333333333334)	(47.0, 60.66666666666682)	(48.0, 100.66666666666632)	(49.0, 658.6666666666716)	(50.0, 952.666666666705)	(51.0, 1180.3333333333442)	(52.0, 1124.6666666666902)	(53.0, 3182.666666666996)	(54.0, 3476.66666666713)	(55.0, 1855.9999999998572)	(56.0, 2133.9999999998527)	(57.0, 553.9999999999931)	(58.0, 204.6666666666681)	(59.0, 52.666666666666764)	(60.0, 49.33333333333341)	(61.0, 19.999999999999996)	(62.0, 13.000000000000005)	(63.0, 37.33333333333332)	(64.0, 15.666666666666677)	(65.0, 77.33333333333331)	(66.0, 101.6666666666663)	(67.0, 24.666666666666647)	(68.0, 17.33333333333334)	(69.0, 11.66666666666667)	(70.0, 12.333333333333337)	(71.0, 67.33333333333346)	(72.0, 221.0000000000019)	(73.0, 57.00000000000013)	(74.0, 13.000000000000005)	(75.0, 1.9999999999999998)	(76.0, 0.6666666666666666)	(77.0, 0.0)	(78.0, 0.0)	(79.0, 0.0)	(80.0, 0.0)	(81.0, 0.0)	(82.0, 0.0)	(83.0, 0.0)	(84.0, 0.0)	(85.0, 0.0)	(86.0, 0.0)	(87.0, 0.0)	(88.0, 0.0)	(89.0, 0.0)	(90.0, 0.0)	(91.0, 0.0)	(92.0, 0.0)	(93.0, 0.0)	(94.0, 0.0)	(95.0, 0.0)	(96.0, 0.0)	(97.0, 0.0)	(98.0, 0.0)	(99.0, 0.0)	(100.0, 0.0)
SRR37700690_1	(0.0, 0.0)	(1.0, 0.0)	(2.0, 0.0)	(3.0, 0.0)	(4.0, 0.0)	(5.0, 0.0)	(6.0, 0.0)	(7.0, 0.0)	(8.0, 0.0)	(9.0, 0.0)	(10.0, 0.0)	(11.0, 0.0)	(12.0, 0.0)	(13.0, 0.0)	(14.0, 0.0)	(15.0, 0.0)	(16.0, 0.0)	(17.0, 0.0)	(18.0, 0.0)	(19.0, 0.0)	(20.0, 0.0)	(21.0, 0.0)	(22.0, 0.0)	(23.0, 0.0)	(24.0, 0.0)	(25.0, 0.0)	(26.0, 0.0)	(27.0, 0.0)	(28.0, 0.0)	(29.0, 0.0)	(30.0, 0.0)	(31.0, 0.0)	(32.0, 0.0)	(33.0, 0.0)	(34.0, 0.0)	(35.0, 0.0)	(36.0, 0.0)	(37.0, 0.0)	(38.0, 0.0)	(39.0, 0.0)	(40.0, 0.0)	(41.0, 0.0)	(42.0, 0.0)	(43.0, 0.3333333333333333)	(44.0, 0.6666666666666666)	(45.0, 1.6666666666666665)	(46.0, 4.333333333333333)	(47.0, 74.66666666666669)	(48.0, 149.3333333333332)	(49.0, 450.9999999999918)	(50.0, 880.0000000000301)	(51.0, 1541.333333333262)	(52.0, 3175.3333333336595)	(53.0, 3185.6666666669976)	(54.0, 1541.333333333262)	(55.0, 1870.6666666665205)	(56.0, 414.33333333332723)	(57.0, 86.99999999999984)	(58.0, 73.00000000000004)	(59.0, 45.00000000000004)	(60.0, 16.333333333333343)	(61.0, 6.333333333333331)	(62.0, 15.000000000000009)	(63.0, 10.333333333333334)	(64.0, 8.33333333333333)	(65.0, 5.666666666666665)	(66.0, 5.999999999999998)	(67.0, 13.666666666666673)	(68.0, 97.99999999999969)	(69.0, 90.33333333333313)	(70.0, 3.3333333333333335)	(71.0, 0.3333333333333333)	(72.0, 0.3333333333333333)	(73.0, 0.0)	(74.0, 0.0)	(75.0, 0.0)	(76.0, 0.0)	(77.0, 0.0)	(78.0, 0.0)	(79.0, 0.0)	(80.0, 0.0)	(81.0, 0.0)	(82.0, 0.0)	(83.0, 0.0)	(84.0, 0.0)	(85.0, 0.0)	(86.0, 0.0)	(87.0, 0.0)	(88.0, 0.0)	(89.0, 0.0)	(90.0, 0.0)	(91.0, 0.0)	(92.0, 0.0)	(93.0, 0.0)	(94.0, 0.0)	(95.0, 0.0)	(96.0, 0.0)	(97.0, 0.0)	(98.0, 0.0)	(99.0, 0.0)	(100.0, 0.0)
SRR37700690_2	(0.0, 0.0)	(1.0, 0.0)	(2.0, 0.0)	(3.0, 0.0)	(4.0, 0.0)	(5.0, 0.0)	(6.0, 0.0)	(7.0, 0.0)	(8.0, 0.0)	(9.0, 0.0)	(10.0, 0.0)	(11.0, 0.0)	(12.0, 0.0)	(13.0, 0.0)	(14.0, 0.0)	(15.0, 0.0)	(16.0, 0.0)	(17.0, 0.0)	(18.0, 0.0)	(19.0, 0.0)	(20.0, 0.0)	(21.0, 0.0)	(22.0, 0.0)	(23.0, 0.0)	(24.0, 0.0)	(25.0, 0.0)	(26.0, 0.0)	(27.0, 0.0)	(28.0, 0.0)	(29.0, 0.0)	(30.0, 0.0)	(31.0, 0.0)	(32.0, 0.0)	(33.0, 0.0)	(34.0, 0.0)	(35.0, 0.0)	(36.0, 0.6666666666666666)	(37.0, 0.0)	(38.0, 0.0)	(39.0, 0.0)	(40.0, 0.6666666666666666)	(41.0, 0.3333333333333333)	(42.0, 0.0)	(43.0, 0.6666666666666666)	(44.0, 1.3333333333333333)	(45.0, 1.6666666666666665)	(46.0, 2.6666666666666665)	(47.0, 8.999999999999998)	(48.0, 96.33333333333304)	(49.0, 313.333333333333)	(50.0, 368.33333333332985)	(51.0, 820.3333333333567)	(52.0, 1634.9999999999075)	(53.0, 2768.666666666808)	(54.0, 3584.3333333338455)	(55.0, 2473.666666666674)	(56.0, 1445.9999999999504)	(57.0, 637.0000000000025)	(58.0, 377.66666666666265)	(59.0, 62.3333333333335)	(60.0, 62.00000000000016)	(61.0, 40.00000000000001)	(62.0, 15.333333333333343)	(63.0, 6.666666666666664)	(64.0, 5.333333333333332)	(65.0, 20.66666666666666)	(66.0, 19.0)	(67.0, 6.666666666666664)	(68.0, 8.33333333333333)	(69.0, 7.33333333333333)	(70.0, 6.666666666666664)	(71.0, 32.99999999999996)	(72.0, 72.66666666666671)	(73.0, 23.999999999999982)	(74.0, 6.666666666666664)	(75.0, 1.3333333333333333)	(76.0, 0.3333333333333333)	(77.0, 0.3333333333333333)	(78.0, 0.0)	(79.0, 0.0)	(80.0, 0.0)	(81.0, 0.0)	(82.0, 0.0)	(83.0, 0.0)	(84.0, 0.0)	(85.0, 0.0)	(86.0, 0.0)	(87.0, 0.0)	(88.0, 0.0)	(89.0, 0.0)	(90.0, 0.0)	(91.0, 0.0)	(92.0, 0.0)	(93.0, 0.0)	(94.0, 0.0)	(95.0, 0.0)	(96.0, 0.0)	(97.0, 0.0)	(98.0, 0.0)	(99.0, 0.0)	(100.0, 0.0)
SRR37700691_1	(0.0, 0.0)	(1.0, 0.0)	(2.0, 0.0)	(3.0, 0.0)	(4.0, 0.0)	(5.0, 0.0)	(6.0, 0.0)	(7.0, 0.0)	(8.0, 0.0)	(9.0, 0.0)	(10.0, 0.0)	(11.0, 0.0)	(12.0, 0.0)	(13.0, 0.0)	(14.0, 0.0)	(15.0, 0.0)	(16.0, 0.0)	(17.0, 0.0)	(18.0, 0.0)	(19.0, 0.0)	(20.0, 0.0)	(21.0, 0.0)	(22.0, 0.0)	(23.0, 0.0)	(24.0, 0.0)	(25.0, 0.0)	(26.0, 0.0)	(27.0, 0.0)	(28.0, 0.0)	(29.0, 0.0)	(30.0, 0.0)	(31.0, 0.0)	(32.0, 0.0)	(33.0, 0.0)	(34.0, 0.0)	(35.0, 0.0)	(36.0, 0.0)	(37.0, 0.0)	(38.0, 0.0)	(39.0, 0.0)	(40.0, 0.0)	(41.0, 0.3333333333333333)	(42.0, 0.6666666666666666)	(43.0, 3.3333333333333335)	(44.0, 12.333333333333337)	(45.0, 54.33333333333344)	(46.0, 146.9999999999998)	(47.0, 425.99999999999324)	(48.0, 498.6666666666558)	(49.0, 1684.6666666665628)	(50.0, 2995.000000000244)	(51.0, 4138.000000000707)	(52.0, 6000.666666665679)	(53.0, 4548.000000000334)	(54.0, 3219.000000000346)	(55.0, 3159.3333333336523)	(56.0, 2196.666666666548)	(57.0, 646.0000000000035)	(58.0, 175.66666666666728)	(59.0, 54.33333333333344)	(60.0, 30.333333333333293)	(61.0, 36.66666666666665)	(62.0, 51.33333333333342)	(63.0, 51.000000000000085)	(64.0, 47.66666666666673)	(65.0, 20.66666666666666)	(66.0, 24.99999999999998)	(67.0, 34.666666666666636)	(68.0, 81.33333333333326)	(69.0, 152.66666666666663)	(70.0, 12.333333333333337)	(71.0, 1.3333333333333333)	(72.0, 0.0)	(73.0, 0.3333333333333333)	(74.0, 0.3333333333333333)	(75.0, 0.0)	(76.0, 0.0)	(77.0, 0.0)	(78.0, 0.0)	(79.0, 0.0)	(80.0, 0.0)	(81.0, 0.0)	(82.0, 0.0)	(83.0, 0.0)	(84.0, 0.0)	(85.0, 0.0)	(86.0, 0.0)	(87.0, 0.0)	(88.0, 0.0)	(89.0, 0.0)	(90.0, 0.0)	(91.0, 0.0)	(92.0, 0.0)	(93.0, 0.0)	(94.0, 0.0)	(95.0, 0.0)	(96.0, 0.0)	(97.0, 0.0)	(98.0, 0.0)	(99.0, 0.0)	(100.0, 0.0)
SRR37700691_2	(0.0, 0.0)	(1.0, 0.0)	(2.0, 0.0)	(3.0, 0.0)	(4.0, 0.0)	(5.0, 0.0)	(6.0, 0.0)	(7.0, 0.0)	(8.0, 0.0)	(9.0, 0.0)	(10.0, 0.0)	(11.0, 0.0)	(12.0, 0.0)	(13.0, 0.0)	(14.0, 0.0)	(15.0, 0.0)	(16.0, 0.0)	(17.0, 0.0)	(18.0, 0.0)	(19.0, 0.0)	(20.0, 0.0)	(21.0, 0.0)	(22.0, 0.0)	(23.0, 0.0)	(24.0, 0.0)	(25.0, 0.0)	(26.0, 0.0)	(27.0, 0.0)	(28.0, 0.0)	(29.0, 0.0)	(30.0, 0.0)	(31.0, 0.0)	(32.0, 0.0)	(33.0, 0.0)	(34.0, 0.0)	(35.0, 0.0)	(36.0, 0.0)	(37.0, 0.0)	(38.0, 0.3333333333333333)	(39.0, 1.0)	(40.0, 1.3333333333333333)	(41.0, 0.6666666666666666)	(42.0, 1.6666666666666665)	(43.0, 4.999999999999999)	(44.0, 51.66666666666676)	(45.0, 59.66666666666681)	(46.0, 79.66666666666661)	(47.0, 156.3333333333334)	(48.0, 494.9999999999893)	(49.0, 1527.6666666665985)	(50.0, 1863.3333333331889)	(51.0, 2532.0000000000337)	(52.0, 4539.000000000342)	(53.0, 5288.99999999966)	(54.0, 5307.3333333329765)	(55.0, 3488.333333333802)	(56.0, 2912.33333333354)	(57.0, 1459.9999999999472)	(58.0, 1000.6666666667105)	(59.0, 268.0000000000022)	(60.0, 178.66666666666737)	(61.0, 57.6666666666668)	(62.0, 40.66666666666668)	(63.0, 34.3333333333333)	(64.0, 22.666666666666654)	(65.0, 59.00000000000014)	(66.0, 71.3333333333334)	(67.0, 26.66666666666664)	(68.0, 24.99999999999998)	(69.0, 26.333333333333307)	(70.0, 14.666666666666675)	(71.0, 33.33333333333329)	(72.0, 117.66666666666607)	(73.0, 20.66666666666666)	(74.0, 3.3333333333333335)	(75.0, 1.0)	(76.0, 0.3333333333333333)	(77.0, 0.3333333333333333)	(78.0, 0.0)	(79.0, 0.0)	(80.0, 0.0)	(81.0, 0.0)	(82.0, 0.0)	(83.0, 0.0)	(84.0, 0.0)	(85.0, 0.0)	(86.0, 0.0)	(87.0, 0.0)	(88.0, 0.0)	(89.0, 0.0)	(90.0, 0.0)	(91.0, 0.0)	(92.0, 0.0)	(93.0, 0.0)	(94.0, 0.0)	(95.0, 0.0)	(96.0, 0.0)	(97.0, 0.0)	(98.0, 0.0)	(99.0, 0.0)	(100.0, 0.0)
SRR37700693_1	(0.0, 0.0)	(1.0, 0.0)	(2.0, 0.0)	(3.0, 0.0)	(4.0, 0.0)	(5.0, 0.0)	(6.0, 0.0)	(7.0, 0.0)	(8.0, 0.0)	(9.0, 0.0)	(10.0, 0.0)	(11.0, 0.0)	(12.0, 0.0)	(13.0, 0.0)	(14.0, 0.0)	(15.0, 0.0)	(16.0, 0.0)	(17.0, 0.0)	(18.0, 0.0)	(19.0, 0.0)	(20.0, 0.0)	(21.0, 0.0)	(22.0, 0.0)	(23.0, 0.0)	(24.0, 0.0)	(25.0, 0.0)	(26.0, 0.0)	(27.0, 0.0)	(28.0, 0.0)	(29.0, 0.0)	(30.0, 0.0)	(31.0, 0.0)	(32.0, 0.0)	(33.0, 0.0)	(34.0, 0.0)	(35.0, 0.0)	(36.0, 0.0)	(37.0, 0.0)	(38.0, 0.0)	(39.0, 0.0)	(40.0, 0.0)	(41.0, 0.0)	(42.0, 0.0)	(43.0, 0.0)	(44.0, 2.333333333333333)	(45.0, 17.66666666666667)	(46.0, 128.66666666666595)	(47.0, 129.99999999999932)	(48.0, 217.33333333333513)	(49.0, 732.66666666668)	(50.0, 2070.6666666664905)	(51.0, 2879.333333333525)	(52.0, 2828.666666666835)	(53.0, 1875.3333333331861)	(54.0, 1297.3333333333176)	(55.0, 2192.9999999998795)	(56.0, 850.6666666666935)	(57.0, 129.66666666666598)	(58.0, 67.33333333333346)	(59.0, 20.999999999999993)	(60.0, 8.33333333333333)	(61.0, 17.000000000000007)	(62.0, 20.999999999999993)	(63.0, 22.999999999999986)	(64.0, 20.999999999999993)	(65.0, 7.666666666666663)	(66.0, 12.000000000000004)	(67.0, 11.333333333333336)	(68.0, 46.66666666666672)	(69.0, 67.00000000000013)	(70.0, 4.999999999999999)	(71.0, 0.3333333333333333)	(72.0, 0.3333333333333333)	(73.0, 0.3333333333333333)	(74.0, 0.3333333333333333)	(75.0, 0.0)	(76.0, 0.0)	(77.0, 0.0)	(78.0, 0.0)	(79.0, 0.0)	(80.0, 0.0)	(81.0, 0.0)	(82.0, 0.0)	(83.0, 0.0)	(84.0, 0.0)	(85.0, 0.0)	(86.0, 0.0)	(87.0, 0.0)	(88.0, 0.0)	(89.0, 0.0)	(90.0, 0.0)	(91.0, 0.0)	(92.0, 0.0)	(93.0, 0.0)	(94.0, 0.0)	(95.0, 0.0)	(96.0, 0.0)	(97.0, 0.0)	(98.0, 0.0)	(99.0, 0.0)	(100.0, 0.0)
SRR37700693_2	(0.0, 0.0)	(1.0, 0.0)	(2.0, 0.0)	(3.0, 0.0)	(4.0, 0.0)	(5.0, 0.0)	(6.0, 0.0)	(7.0, 0.0)	(8.0, 0.0)	(9.0, 0.0)	(10.0, 0.0)	(11.0, 0.0)	(12.0, 0.0)	(13.0, 0.0)	(14.0, 0.0)	(15.0, 0.0)	(16.0, 0.0)	(17.0, 0.0)	(18.0, 0.0)	(19.0, 0.0)	(20.0, 0.0)	(21.0, 0.0)	(22.0, 0.0)	(23.0, 0.0)	(24.0, 0.0)	(25.0, 0.0)	(26.0, 0.0)	(27.0, 0.0)	(28.0, 0.0)	(29.0, 0.0)	(30.0, 0.0)	(31.0, 0.0)	(32.0, 0.0)	(33.0, 0.0)	(34.0, 0.0)	(35.0, 0.0)	(36.0, 0.0)	(37.0, 0.0)	(38.0, 0.6666666666666666)	(39.0, 0.3333333333333333)	(40.0, 0.3333333333333333)	(41.0, 0.6666666666666666)	(42.0, 0.6666666666666666)	(43.0, 1.3333333333333333)	(44.0, 5.666666666666665)	(45.0, 5.666666666666665)	(46.0, 30.333333333333293)	(47.0, 126.33333333333262)	(48.0, 222.33333333333528)	(49.0, 703.3333333333434)	(50.0, 1224.6666666666674)	(51.0, 1606.9999999999138)	(52.0, 2173.6666666665374)	(53.0, 2990.3333333335754)	(54.0, 2454.666666666665)	(55.0, 1562.3333333332573)	(56.0, 2210.666666666554)	(57.0, 699.6666666666763)	(58.0, 448.3333333333253)	(59.0, 63.333333333333506)	(60.0, 50.66666666666675)	(61.0, 24.666666666666647)	(62.0, 13.33333333333334)	(63.0, 10.333333333333334)	(64.0, 7.9999999999999964)	(65.0, 22.999999999999986)	(66.0, 36.999999999999986)	(67.0, 7.9999999999999964)	(68.0, 4.666666666666666)	(69.0, 5.999999999999998)	(70.0, 5.333333333333332)	(71.0, 17.66666666666667)	(72.0, 56.33333333333346)	(73.0, 16.333333333333343)	(74.0, 2.333333333333333)	(75.0, 0.0)	(76.0, 0.0)	(77.0, 0.0)	(78.0, 0.0)	(79.0, 0.0)	(80.0, 0.0)	(81.0, 0.0)	(82.0, 0.0)	(83.0, 0.0)	(84.0, 0.0)	(85.0, 0.0)	(86.0, 0.0)	(87.0, 0.0)	(88.0, 0.0)	(89.0, 0.0)	(90.0, 0.0)	(91.0, 0.0)	(92.0, 0.0)	(93.0, 0.0)	(94.0, 0.0)	(95.0, 0.0)	(96.0, 0.0)	(97.0, 0.0)	(98.0, 0.0)	(99.0, 0.0)	(100.0, 0.0)
SRR37700696_1	(0.0, 0.0)	(1.0, 0.0)	(2.0, 0.0)	(3.0, 0.0)	(4.0, 0.0)	(5.0, 0.0)	(6.0, 0.0)	(7.0, 0.0)	(8.0, 0.0)	(9.0, 0.0)	(10.0, 0.0)	(11.0, 0.0)	(12.0, 0.0)	(13.0, 0.0)	(14.0, 0.0)	(15.0, 0.0)	(16.0, 0.0)	(17.0, 0.0)	(18.0, 0.0)	(19.0, 0.0)	(20.0, 0.0)	(21.0, 0.0)	(22.0, 0.0)	(23.0, 0.0)	(24.0, 0.0)	(25.0, 0.0)	(26.0, 0.0)	(27.0, 0.0)	(28.0, 0.0)	(29.0, 0.0)	(30.0, 0.0)	(31.0, 0.3333333333333333)	(32.0, 0.3333333333333333)	(33.0, 0.0)	(34.0, 0.3333333333333333)	(35.0, 0.3333333333333333)	(36.0, 2.6666666666666665)	(37.0, 15.000000000000009)	(38.0, 4.333333333333333)	(39.0, 0.0)	(40.0, 7.33333333333333)	(41.0, 7.9999999999999964)	(42.0, 0.3333333333333333)	(43.0, 8.999999999999998)	(44.0, 19.0)	(45.0, 22.666666666666654)	(46.0, 283.666666666668)	(47.0, 289.000000000001)	(48.0, 107.33333333333289)	(49.0, 1099.6666666666958)	(50.0, 4687.666666666873)	(51.0, 1569.9999999999222)	(52.0, 1356.3333333333042)	(53.0, 3447.6666666671167)	(54.0, 714.3333333333446)	(55.0, 549.3333333333259)	(56.0, 211.6666666666683)	(57.0, 176.00000000000063)	(58.0, 1097.0000000000298)	(59.0, 1019.6666666667127)	(60.0, 215.00000000000173)	(61.0, 163.3333333333336)	(62.0, 21.99999999999999)	(63.0, 49.33333333333341)	(64.0, 32.99999999999996)	(65.0, 17.66666666666667)	(66.0, 10.333333333333334)	(67.0, 5.333333333333332)	(68.0, 11.000000000000002)	(69.0, 5.999999999999998)	(70.0, 1.3333333333333333)	(71.0, 0.3333333333333333)	(72.0, 0.0)	(73.0, 0.0)	(74.0, 0.0)	(75.0, 0.0)	(76.0, 0.0)	(77.0, 0.0)	(78.0, 0.0)	(79.0, 0.0)	(80.0, 0.0)	(81.0, 0.0)	(82.0, 0.0)	(83.0, 0.0)	(84.0, 0.0)	(85.0, 0.0)	(86.0, 0.0)	(87.0, 0.0)	(88.0, 0.0)	(89.0, 0.0)	(90.0, 0.0)	(91.0, 0.0)	(92.0, 0.0)	(93.0, 0.0)	(94.0, 0.0)	(95.0, 0.0)	(96.0, 0.0)	(97.0, 0.0)	(98.0, 0.0)	(99.0, 0.0)	(100.0, 0.0)
SRR37700696_2	(0.0, 0.0)	(1.0, 0.0)	(2.0, 0.0)	(3.0, 0.0)	(4.0, 0.0)	(5.0, 0.0)	(6.0, 0.0)	(7.0, 0.0)	(8.0, 0.0)	(9.0, 0.0)	(10.0, 0.0)	(11.0, 0.0)	(12.0, 0.0)	(13.0, 0.0)	(14.0, 0.0)	(15.0, 0.0)	(16.0, 0.0)	(17.0, 0.0)	(18.0, 0.0)	(19.0, 0.0)	(20.0, 0.0)	(21.0, 0.0)	(22.0, 0.0)	(23.0, 0.0)	(24.0, 0.0)	(25.0, 0.0)	(26.0, 0.0)	(27.0, 0.3333333333333333)	(28.0, 0.0)	(29.0, 0.0)	(30.0, 0.0)	(31.0, 0.0)	(32.0, 1.0)	(33.0, 1.6666666666666665)	(34.0, 1.6666666666666665)	(35.0, 2.333333333333333)	(36.0, 1.9999999999999998)	(37.0, 8.999999999999998)	(38.0, 17.66666666666667)	(39.0, 4.0)	(40.0, 10.333333333333334)	(41.0, 8.33333333333333)	(42.0, 4.0)	(43.0, 11.66666666666667)	(44.0, 230.00000000000216)	(45.0, 264.00000000000244)	(46.0, 46.66666666666672)	(47.0, 34.3333333333333)	(48.0, 72.00000000000006)	(49.0, 321.99999999999915)	(50.0, 2899.6666666668675)	(51.0, 4504.66666666704)	(52.0, 1811.666666666534)	(53.0, 3300.3333333337164)	(54.0, 3146.3333333336464)	(55.0, 363.33333333333013)	(56.0, 654.6666666666712)	(57.0, 295.6666666666673)	(58.0, 147.6666666666665)	(59.0, 108.99999999999953)	(60.0, 213.66666666666836)	(61.0, 1046.0000000000414)	(62.0, 157.66666666666677)	(63.0, 180.66666666666742)	(64.0, 38.33333333333333)	(65.0, 45.00000000000004)	(66.0, 28.999999999999964)	(67.0, 22.666666666666654)	(68.0, 10.333333333333334)	(69.0, 14.000000000000007)	(70.0, 4.999999999999999)	(71.0, 5.999999999999998)	(72.0, 3.0)	(73.0, 1.3333333333333333)	(74.0, 1.0)	(75.0, 0.0)	(76.0, 0.0)	(77.0, 0.0)	(78.0, 0.0)	(79.0, 0.0)	(80.0, 0.0)	(81.0, 0.0)	(82.0, 0.0)	(83.0, 0.0)	(84.0, 0.0)	(85.0, 0.0)	(86.0, 0.0)	(87.0, 0.0)	(88.0, 0.0)	(89.0, 0.0)	(90.0, 0.0)	(91.0, 0.0)	(92.0, 0.0)	(93.0, 0.0)	(94.0, 0.0)	(95.0, 0.0)	(96.0, 0.0)	(97.0, 0.0)	(98.0, 0.0)	(99.0, 0.0)	(100.0, 0.0)
SRR37700697_1	(0.0, 0.0)	(1.0, 0.0)	(2.0, 0.0)	(3.0, 0.0)	(4.0, 0.0)	(5.0, 0.0)	(6.0, 0.0)	(7.0, 0.0)	(8.0, 0.0)	(9.0, 0.0)	(10.0, 0.0)	(11.0, 0.0)	(12.0, 0.0)	(13.0, 0.0)	(14.0, 0.0)	(15.0, 0.0)	(16.0, 0.0)	(17.0, 0.0)	(18.0, 0.0)	(19.0, 0.0)	(20.0, 0.0)	(21.0, 0.0)	(22.0, 0.0)	(23.0, 0.0)	(24.0, 0.0)	(25.0, 0.0)	(26.0, 0.0)	(27.0, 0.0)	(28.0, 0.0)	(29.0, 0.0)	(30.0, 0.3333333333333333)	(31.0, 0.3333333333333333)	(32.0, 0.3333333333333333)	(33.0, 0.0)	(34.0, 0.3333333333333333)	(35.0, 4.333333333333333)	(36.0, 4.0)	(37.0, 0.3333333333333333)	(38.0, 1.0)	(39.0, 1.9999999999999998)	(40.0, 1.0)	(41.0, 1.9999999999999998)	(42.0, 1.3333333333333333)	(43.0, 1.9999999999999998)	(44.0, 3.0)	(45.0, 4.999999999999999)	(46.0, 15.000000000000009)	(47.0, 69.66666666666676)	(48.0, 207.33333333333485)	(49.0, 1348.333333333306)	(50.0, 2512.0000000000246)	(51.0, 1155.3333333333499)	(52.0, 2743.0000000001296)	(53.0, 1821.3333333331984)	(54.0, 834.0000000000249)	(55.0, 1826.6666666665305)	(56.0, 511.66666666665503)	(57.0, 574.3333333333287)	(58.0, 970.6666666667071)	(59.0, 892.3333333333649)	(60.0, 1416.999999999957)	(61.0, 1298.3333333333173)	(62.0, 125.66666666666596)	(63.0, 137.99999999999955)	(64.0, 561.999999999994)	(65.0, 465.99999999999096)	(66.0, 33.33333333333329)	(67.0, 30.666666666666625)	(68.0, 19.333333333333332)	(69.0, 20.33333333333333)	(70.0, 23.999999999999982)	(71.0, 4.999999999999999)	(72.0, 0.6666666666666666)	(73.0, 0.6666666666666666)	(74.0, 0.6666666666666666)	(75.0, 0.0)	(76.0, 0.0)	(77.0, 0.0)	(78.0, 0.0)	(79.0, 0.0)	(80.0, 0.0)	(81.0, 0.0)	(82.0, 0.0)	(83.0, 0.0)	(84.0, 0.0)	(85.0, 0.0)	(86.0, 0.0)	(87.0, 0.0)	(88.0, 0.0)	(89.0, 0.0)	(90.0, 0.0)	(91.0, 0.0)	(92.0, 0.0)	(93.0, 0.0)	(94.0, 0.0)	(95.0, 0.0)	(96.0, 0.0)	(97.0, 0.0)	(98.0, 0.0)	(99.0, 0.0)	(100.0, 0.0)
SRR37700697_2	(0.0, 0.0)	(1.0, 0.0)	(2.0, 0.0)	(3.0, 0.0)	(4.0, 0.0)	(5.0, 0.0)	(6.0, 0.0)	(7.0, 0.0)	(8.0, 0.0)	(9.0, 0.0)	(10.0, 0.0)	(11.0, 0.0)	(12.0, 0.0)	(13.0, 0.0)	(14.0, 0.0)	(15.0, 0.0)	(16.0, 0.0)	(17.0, 0.0)	(18.0, 0.0)	(19.0, 0.0)	(20.0, 0.0)	(21.0, 0.0)	(22.0, 0.0)	(23.0, 0.0)	(24.0, 0.0)	(25.0, 0.0)	(26.0, 0.0)	(27.0, 0.0)	(28.0, 0.0)	(29.0, 0.3333333333333333)	(30.0, 0.0)	(31.0, 0.0)	(32.0, 0.0)	(33.0, 0.0)	(34.0, 0.3333333333333333)	(35.0, 0.6666666666666666)	(36.0, 1.0)	(37.0, 1.3333333333333333)	(38.0, 5.666666666666665)	(39.0, 1.3333333333333333)	(40.0, 1.3333333333333333)	(41.0, 1.0)	(42.0, 0.3333333333333333)	(43.0, 2.333333333333333)	(44.0, 2.6666666666666665)	(45.0, 3.3333333333333335)	(46.0, 11.000000000000002)	(47.0, 29.333333333333297)	(48.0, 181.66666666666745)	(49.0, 881.666666666697)	(50.0, 2318.999999999937)	(51.0, 2109.6666666665083)	(52.0, 2436.9999999999905)	(53.0, 3101.333333333626)	(54.0, 1132.6666666666883)	(55.0, 939.6666666667036)	(56.0, 1750.999999999881)	(57.0, 571.9999999999951)	(58.0, 454.6666666666583)	(59.0, 220.33333333333522)	(60.0, 336.9999999999983)	(61.0, 937.0000000000366)	(62.0, 402.66666666666123)	(63.0, 1425.3333333332885)	(64.0, 236.66666666666902)	(65.0, 161.33333333333354)	(66.0, 503.6666666666555)	(67.0, 419.33333333332695)	(68.0, 34.666666666666636)	(69.0, 25.666666666666643)	(70.0, 16.333333333333343)	(71.0, 14.000000000000007)	(72.0, 16.00000000000001)	(73.0, 4.0)	(74.0, 2.6666666666666665)	(75.0, 7.9999999999999964)	(76.0, 14.000000000000007)	(77.0, 4.0)	(78.0, 0.3333333333333333)	(79.0, 0.0)	(80.0, 0.0)	(81.0, 0.3333333333333333)	(82.0, 0.0)	(83.0, 0.0)	(84.0, 0.0)	(85.0, 0.0)	(86.0, 0.0)	(87.0, 0.0)	(88.0, 0.0)	(89.0, 0.0)	(90.0, 0.0)	(91.0, 0.0)	(92.0, 0.0)	(93.0, 0.0)	(94.0, 0.0)	(95.0, 0.0)	(96.0, 0.0)	(97.0, 0.0)	(98.0, 0.0)	(99.0, 0.0)	(100.0, 0.0)
