Sample	0	1	2	3	4	5	6	7	8	9	10	11	12	13	14	15	16	17	18	19	20	21	22	23	24	25	26	27	28	29	30	31	32	33	34	35	36	37	38	39	40	41	42	43	44	45	46	47	48	49	50	51	52	53	54	55	56	57	58	59	60	61	62	63	64	65	66	67	68	69	70	71	72	73	74	75	76	77	78	79	80	81	82	83	84	85	86	87	88	89	90	91	92	93	94	95	96	97	98	99	100
SRR37700586_1	(0.0, 0.0)	(1.0, 0.0)	(2.0, 0.0)	(3.0, 0.0)	(4.0, 0.0)	(5.0, 0.0)	(6.0, 0.0)	(7.0, 0.0)	(8.0, 0.0)	(9.0, 0.0)	(10.0, 0.0)	(11.0, 0.0)	(12.0, 0.0)	(13.0, 0.0)	(14.0, 0.0)	(15.0, 0.0)	(16.0, 0.0)	(17.0, 0.0)	(18.0, 0.0)	(19.0, 0.0)	(20.0, 0.0)	(21.0, 0.0)	(22.0, 0.0)	(23.0, 0.0)	(24.0, 0.0)	(25.0, 0.0)	(26.0, 0.0)	(27.0, 0.0)	(28.0, 0.0)	(29.0, 0.0)	(30.0, 0.0)	(31.0, 0.0)	(32.0, 0.0)	(33.0, 0.0)	(34.0, 0.0)	(35.0, 0.0)	(36.0, 0.0)	(37.0, 0.0)	(38.0, 0.0)	(39.0, 0.0)	(40.0, 0.0)	(41.0, 0.0015253435836420997)	(42.0, 0.0015253435836420997)	(43.0, 0.006101374334568399)	(44.0, 0.004576030750926299)	(45.0, 0.03965893317469458)	(46.0, 0.3874372702450927)	(47.0, 0.6269162128769008)	(48.0, 0.7809759148247571)	(49.0, 2.635793712533528)	(50.0, 11.597187266431042)	(51.0, 16.337955124392845)	(52.0, 19.06221876477844)	(53.0, 13.329977577449256)	(54.0, 10.009304595858895)	(55.0, 14.963620555530689)	(56.0, 5.51106636769893)	(57.0, 2.3932640827344063)	(58.0, 0.45912841867627047)	(59.0, 0.07474183559846292)	(60.0, 0.04270962034197878)	(61.0, 0.024405497338273588)	(62.0, 0.07169114843117873)	(63.0, 0.14490764044599924)	(64.0, 0.17999054286976776)	(65.0, 0.09304595860216805)	(66.0, 0.12202748669136784)	(67.0, 0.11135008160587317)	(68.0, 0.3172714653975572)	(69.0, 0.608612089873195)	(70.0, 0.03965893317469458)	(71.0, 0.010677405085494696)	(72.0, 0.004576030750926299)	(73.0, 0.0030506871672841994)	(74.0, 0.0015253435836420997)	(75.0, 0.0015253435836420997)	(76.0, 0.0)	(77.0, 0.0)	(78.0, 0.0)	(79.0, 0.0)	(80.0, 0.0)	(81.0, 0.0)	(82.0, 0.0)	(83.0, 0.0)	(84.0, 0.0)	(85.0, 0.0)	(86.0, 0.0)	(87.0, 0.0)	(88.0, 0.0)	(89.0, 0.0)	(90.0, 0.0)	(91.0, 0.0)	(92.0, 0.0)	(93.0, 0.0)	(94.0, 0.0)	(95.0, 0.0)	(96.0, 0.0)	(97.0, 0.0)	(98.0, 0.0)	(99.0, 0.0)	(100.0, 0.0)
SRR37700586_2	(0.0, 0.0)	(1.0, 0.0)	(2.0, 0.0)	(3.0, 0.0)	(4.0, 0.0)	(5.0, 0.0)	(6.0, 0.0)	(7.0, 0.0)	(8.0, 0.0)	(9.0, 0.0)	(10.0, 0.0)	(11.0, 0.0)	(12.0, 0.0)	(13.0, 0.0)	(14.0, 0.0)	(15.0, 0.0)	(16.0, 0.0)	(17.0, 0.0)	(18.0, 0.0)	(19.0, 0.0)	(20.0, 0.0)	(21.0, 0.0)	(22.0, 0.0)	(23.0, 0.0)	(24.0, 0.0)	(25.0, 0.0)	(26.0, 0.0)	(27.0, 0.0)	(28.0, 0.0)	(29.0, 0.0)	(30.0, 0.0)	(31.0, 0.0)	(32.0, 0.0)	(33.0, 0.0)	(34.0, 0.0)	(35.0, 0.0)	(36.0, 0.0)	(37.0, 0.0014487504527344395)	(38.0, 0.002897500905468879)	(39.0, 0.0014487504527344395)	(40.0, 0.004346251358203319)	(41.0, 0.002897500905468879)	(42.0, 0.002897500905468879)	(43.0, 0.007243752263672197)	(44.0, 0.028975009054688784)	(45.0, 0.028975009054688784)	(46.0, 0.19992756247735288)	(47.0, 0.4404201376312681)	(48.0, 0.6693227091633112)	(49.0, 1.708076783773883)	(50.0, 5.237232886635022)	(51.0, 8.099963781237623)	(52.0, 13.04454907642197)	(53.0, 20.31727634914873)	(54.0, 16.433176385369364)	(55.0, 9.9789931184345)	(56.0, 14.01666063020722)	(57.0, 3.4364360738861772)	(58.0, 2.943860919956412)	(59.0, 1.3328504165156845)	(60.0, 0.3955088735965011)	(61.0, 0.08257877580586305)	(62.0, 0.0507062658457054)	(63.0, 0.0507062658457054)	(64.0, 0.04201376312929875)	(65.0, 0.16226005070625718)	(66.0, 0.26946758420860645)	(67.0, 0.11445128576602062)	(68.0, 0.0405650126765643)	(69.0, 0.028975009054688784)	(70.0, 0.03911626222382986)	(71.0, 0.13618254255703713)	(72.0, 0.4882289025715039)	(73.0, 0.10865628395508287)	(74.0, 0.03621876131836098)	(75.0, 0.011590003621875516)	(76.0, 0.0014487504527344395)	(77.0, 0.0)	(78.0, 0.0)	(79.0, 0.0)	(80.0, 0.0)	(81.0, 0.0)	(82.0, 0.0)	(83.0, 0.0)	(84.0, 0.0)	(85.0, 0.0)	(86.0, 0.0)	(87.0, 0.0)	(88.0, 0.0)	(89.0, 0.0)	(90.0, 0.0)	(91.0, 0.0)	(92.0, 0.0014487504527344395)	(93.0, 0.0)	(94.0, 0.0)	(95.0, 0.0)	(96.0, 0.0)	(97.0, 0.0)	(98.0, 0.0)	(99.0, 0.0)	(100.0, 0.0)
SRR37700587_1	(0.0, 0.0)	(1.0, 0.0)	(2.0, 0.0)	(3.0, 0.0)	(4.0, 0.0)	(5.0, 0.0)	(6.0, 0.0)	(7.0, 0.0)	(8.0, 0.0)	(9.0, 0.0)	(10.0, 0.0)	(11.0, 0.0)	(12.0, 0.0)	(13.0, 0.0)	(14.0, 0.0)	(15.0, 0.0)	(16.0, 0.0)	(17.0, 0.0)	(18.0, 0.0)	(19.0, 0.0)	(20.0, 0.0)	(21.0, 0.0)	(22.0, 0.0)	(23.0, 0.0)	(24.0, 0.0)	(25.0, 0.0)	(26.0, 0.0)	(27.0, 0.0)	(28.0, 0.0)	(29.0, 0.0)	(30.0, 0.0)	(31.0, 0.0)	(32.0, 0.0011086228686724914)	(33.0, 0.0011086228686724914)	(34.0, 0.0)	(35.0, 0.0)	(36.0, 0.0)	(37.0, 0.0011086228686724914)	(38.0, 0.002217245737344983)	(39.0, 0.0011086228686724914)	(40.0, 0.0)	(41.0, 0.0011086228686724914)	(42.0, 0.005543114343362457)	(43.0, 0.005543114343362457)	(44.0, 0.0133034744240699)	(45.0, 0.3237178776523665)	(46.0, 0.7671670251213714)	(47.0, 0.8957672778873804)	(48.0, 1.414602780426077)	(49.0, 4.840247444623926)	(50.0, 9.197135318507454)	(51.0, 13.802354714974834)	(52.0, 14.159331278687052)	(53.0, 20.977361921016673)	(54.0, 13.65823374204754)	(55.0, 10.28358572980699)	(56.0, 3.6495864836699408)	(57.0, 1.0387796279461237)	(58.0, 0.6485443781734115)	(59.0, 0.27715571716812254)	(60.0, 0.11529677834193901)	(61.0, 0.8946586550187079)	(62.0, 0.8381188887164128)	(63.0, 0.23281080242122354)	(64.0, 0.6230460521939434)	(65.0, 0.5265958626194339)	(66.0, 0.11529677834193901)	(67.0, 0.07871222367574685)	(68.0, 0.177379658987599)	(69.0, 0.3791490210859903)	(70.0, 0.03991042327220971)	(71.0, 0.012194851555397408)	(72.0, 0.0011086228686724914)	(73.0, 0.0)	(74.0, 0.0)	(75.0, 0.0)	(76.0, 0.0)	(77.0, 0.0)	(78.0, 0.0)	(79.0, 0.0)	(80.0, 0.0)	(81.0, 0.0)	(82.0, 0.0)	(83.0, 0.0)	(84.0, 0.0)	(85.0, 0.0)	(86.0, 0.0)	(87.0, 0.0)	(88.0, 0.0)	(89.0, 0.0)	(90.0, 0.0)	(91.0, 0.0)	(92.0, 0.0)	(93.0, 0.0)	(94.0, 0.0)	(95.0, 0.0)	(96.0, 0.0)	(97.0, 0.0)	(98.0, 0.0)	(99.0, 0.0)	(100.0, 0.0)
SRR37700587_2	(0.0, 0.0)	(1.0, 0.0)	(2.0, 0.0)	(3.0, 0.0)	(4.0, 0.0)	(5.0, 0.0)	(6.0, 0.0)	(7.0, 0.0)	(8.0, 0.0)	(9.0, 0.0)	(10.0, 0.0)	(11.0, 0.0)	(12.0, 0.0)	(13.0, 0.0)	(14.0, 0.0)	(15.0, 0.0)	(16.0, 0.0)	(17.0, 0.0)	(18.0, 0.0)	(19.0, 0.0)	(20.0, 0.0)	(21.0, 0.0010960465600578966)	(22.0, 0.0010960465600578966)	(23.0, 0.0)	(24.0, 0.0)	(25.0, 0.0)	(26.0, 0.0)	(27.0, 0.0)	(28.0, 0.0)	(29.0, 0.0)	(30.0, 0.0)	(31.0, 0.0)	(32.0, 0.0)	(33.0, 0.0)	(34.0, 0.002192093120115793)	(35.0, 0.0010960465600578966)	(36.0, 0.0010960465600578966)	(37.0, 0.0)	(38.0, 0.0)	(39.0, 0.004384186240231586)	(40.0, 0.006576279360347379)	(41.0, 0.004384186240231586)	(42.0, 0.007672325920405275)	(43.0, 0.010960465600578966)	(44.0, 0.19180814801013235)	(45.0, 0.20167256705065348)	(46.0, 0.2411302432127374)	(47.0, 0.7705207317207088)	(48.0, 1.3053914530289379)	(49.0, 4.589146946962288)	(50.0, 6.0918267808013224)	(51.0, 6.823985882919892)	(52.0, 10.261187895263019)	(53.0, 19.718973661998383)	(54.0, 17.0687330797808)	(55.0, 14.468910639325832)	(56.0, 8.622598287975718)	(57.0, 3.2037440950493665)	(58.0, 1.4270526211953576)	(59.0, 0.828611199403779)	(60.0, 0.5228142091476171)	(61.0, 0.3649835044992779)	(62.0, 0.27181954689435806)	(63.0, 0.856012363405226)	(64.0, 0.18632791520984282)	(65.0, 0.31456536273661545)	(66.0, 0.585288863070919)	(67.0, 0.373751876979741)	(68.0, 0.08439558512445795)	(69.0, 0.04713000208248958)	(70.0, 0.027401164001447403)	(71.0, 0.07672325920405271)	(72.0, 0.28935629185528416)	(73.0, 0.07562721264399482)	(74.0, 0.02520907088133161)	(75.0, 0.014248605280752655)	(76.0, 0.014248605280752655)	(77.0, 0.00986441904052107)	(78.0, 0.0010960465600578966)	(79.0, 0.0)	(80.0, 0.0)	(81.0, 0.0)	(82.0, 0.0)	(83.0, 0.0)	(84.0, 0.0)	(85.0, 0.0)	(86.0, 0.0010960465600578966)	(87.0, 0.002192093120115793)	(88.0, 0.0)	(89.0, 0.0)	(90.0, 0.0)	(91.0, 0.0)	(92.0, 0.0)	(93.0, 0.0)	(94.0, 0.0)	(95.0, 0.0)	(96.0, 0.0)	(97.0, 0.0)	(98.0, 0.0)	(99.0, 0.0)	(100.0, 0.0)
SRR37700588_1	(0.0, 0.0)	(1.0, 0.0)	(2.0, 0.0)	(3.0, 0.0)	(4.0, 0.0)	(5.0, 0.0)	(6.0, 0.0)	(7.0, 0.0)	(8.0, 0.0)	(9.0, 0.0)	(10.0, 0.0)	(11.0, 0.0)	(12.0, 0.0)	(13.0, 0.0)	(14.0, 0.0)	(15.0, 0.0)	(16.0, 0.0)	(17.0, 0.0)	(18.0, 0.0)	(19.0, 0.0)	(20.0, 0.0)	(21.0, 0.0)	(22.0, 0.0)	(23.0, 0.0)	(24.0, 0.0)	(25.0, 0.0)	(26.0, 0.0)	(27.0, 0.0)	(28.0, 0.0)	(29.0, 0.0)	(30.0, 0.0)	(31.0, 0.0)	(32.0, 0.0)	(33.0, 0.0)	(34.0, 0.0)	(35.0, 0.0)	(36.0, 0.0)	(37.0, 0.0)	(38.0, 0.0)	(39.0, 0.0)	(40.0, 0.0)	(41.0, 0.00363854676442218)	(42.0, 0.00363854676442218)	(43.0, 0.025469827350955262)	(44.0, 0.04730110793748833)	(45.0, 0.427529244819606)	(46.0, 1.957538159259117)	(47.0, 1.7355868066293765)	(48.0, 1.6136954900212404)	(49.0, 7.671875852783947)	(50.0, 15.904087907290481)	(51.0, 16.98291702294215)	(52.0, 15.96958174905011)	(53.0, 13.429876107482276)	(54.0, 7.024214528716946)	(55.0, 9.318318263684608)	(56.0, 3.436607418996758)	(57.0, 1.8993214110283652)	(58.0, 0.9332872450742917)	(59.0, 0.1309876835191984)	(60.0, 0.04912038131969942)	(61.0, 0.04548183455527724)	(62.0, 0.14008405043025382)	(63.0, 0.16555387778120897)	(64.0, 0.16191533101678682)	(65.0, 0.07640948205286582)	(66.0, 0.10006003602160997)	(67.0, 0.07822875543507692)	(68.0, 0.2656139138028195)	(69.0, 0.371131769971063)	(70.0, 0.02001200720432199)	(71.0, 0.00363854676442218)	(72.0, 0.00545782014663327)	(73.0, 0.00181927338221109)	(74.0, 0.0)	(75.0, 0.0)	(76.0, 0.0)	(77.0, 0.0)	(78.0, 0.0)	(79.0, 0.0)	(80.0, 0.0)	(81.0, 0.0)	(82.0, 0.0)	(83.0, 0.0)	(84.0, 0.0)	(85.0, 0.0)	(86.0, 0.0)	(87.0, 0.0)	(88.0, 0.0)	(89.0, 0.0)	(90.0, 0.0)	(91.0, 0.0)	(92.0, 0.0)	(93.0, 0.0)	(94.0, 0.0)	(95.0, 0.0)	(96.0, 0.0)	(97.0, 0.0)	(98.0, 0.0)	(99.0, 0.0)	(100.0, 0.0)
SRR37700588_2	(0.0, 0.0)	(1.0, 0.0)	(2.0, 0.0)	(3.0, 0.0)	(4.0, 0.0)	(5.0, 0.0)	(6.0, 0.0)	(7.0, 0.0)	(8.0, 0.0)	(9.0, 0.0)	(10.0, 0.0)	(11.0, 0.0)	(12.0, 0.0)	(13.0, 0.0)	(14.0, 0.0)	(15.0, 0.0)	(16.0, 0.0)	(17.0, 0.0)	(18.0, 0.0)	(19.0, 0.0)	(20.0, 0.0)	(21.0, 0.0)	(22.0, 0.0)	(23.0, 0.0)	(24.0, 0.0)	(25.0, 0.0)	(26.0, 0.0)	(27.0, 0.0)	(28.0, 0.0)	(29.0, 0.0)	(30.0, 0.0)	(31.0, 0.0)	(32.0, 0.0)	(33.0, 0.0)	(34.0, 0.0)	(35.0, 0.0)	(36.0, 0.0)	(37.0, 0.0016859994604801437)	(38.0, 0.0050579983814404315)	(39.0, 0.0033719989209602874)	(40.0, 0.0050579983814404315)	(41.0, 0.0033719989209602874)	(42.0, 0.0050579983814404315)	(43.0, 0.018545994065281585)	(44.0, 0.14499595360129222)	(45.0, 0.18545994065281576)	(46.0, 0.7957917453466283)	(47.0, 2.1412193148097494)	(48.0, 2.021513353115666)	(49.0, 4.751146479633232)	(50.0, 10.451510655515511)	(51.0, 12.825397895872634)	(52.0, 10.556042622065329)	(53.0, 17.792352306449395)	(54.0, 15.659562988941044)	(55.0, 7.630833558132808)	(56.0, 7.7437955219849535)	(57.0, 2.6824251416238605)	(58.0, 1.7062314540058972)	(59.0, 0.6727137847315745)	(60.0, 0.8227677367143116)	(61.0, 0.1264499595360107)	(62.0, 0.08767197194496752)	(63.0, 0.03709198813056316)	(64.0, 0.03877798759104329)	(65.0, 0.1888319395737761)	(66.0, 0.22929592662529982)	(67.0, 0.057323981656324914)	(68.0, 0.04383598597248373)	(69.0, 0.04046398705152344)	(70.0, 0.050579983814404324)	(71.0, 0.08092797410304696)	(72.0, 0.2765039115187442)	(73.0, 0.09272997032640792)	(74.0, 0.01685999460480144)	(75.0, 0.0050579983814404315)	(76.0, 0.0)	(77.0, 0.0)	(78.0, 0.0)	(79.0, 0.0)	(80.0, 0.0)	(81.0, 0.0)	(82.0, 0.0)	(83.0, 0.0)	(84.0, 0.0)	(85.0, 0.0016859994604801437)	(86.0, 0.0)	(87.0, 0.0)	(88.0, 0.0)	(89.0, 0.0)	(90.0, 0.0)	(91.0, 0.0)	(92.0, 0.0)	(93.0, 0.0)	(94.0, 0.0)	(95.0, 0.0)	(96.0, 0.0)	(97.0, 0.0)	(98.0, 0.0)	(99.0, 0.0)	(100.0, 0.0)
SRR37700589_1	(0.0, 0.0)	(1.0, 0.0)	(2.0, 0.0)	(3.0, 0.0)	(4.0, 0.0)	(5.0, 0.0)	(6.0, 0.0)	(7.0, 0.0)	(8.0, 0.0)	(9.0, 0.0)	(10.0, 0.0)	(11.0, 0.0)	(12.0, 0.0)	(13.0, 0.0)	(14.0, 0.0)	(15.0, 0.0)	(16.0, 0.0)	(17.0, 0.0)	(18.0, 0.0)	(19.0, 0.0)	(20.0, 0.0)	(21.0, 0.0)	(22.0, 0.0)	(23.0, 0.0)	(24.0, 0.0)	(25.0, 0.0)	(26.0, 0.0)	(27.0, 0.0)	(28.0, 0.0)	(29.0, 0.0)	(30.0, 0.0)	(31.0, 0.0)	(32.0, 0.0)	(33.0, 0.0)	(34.0, 0.0)	(35.0, 0.0)	(36.0, 0.0)	(37.0, 0.0)	(38.0, 0.0010963349522545823)	(39.0, 0.0)	(40.0, 0.0)	(41.0, 0.0021926699045091646)	(42.0, 0.005481674761272911)	(43.0, 0.014252354379309568)	(44.0, 0.018637694188327895)	(45.0, 0.20391830111935283)	(46.0, 0.4100292721432115)	(47.0, 2.0896144189972414)	(48.0, 0.7564711170556688)	(49.0, 2.8537598807187723)	(50.0, 10.503985177552254)	(51.0, 13.638406806049302)	(52.0, 16.57987348294567)	(53.0, 19.674827053157543)	(54.0, 11.276901318892085)	(55.0, 11.249492945085708)	(56.0, 4.473046605198597)	(57.0, 2.2398123074561362)	(58.0, 0.8485632530450559)	(59.0, 0.5964062140264953)	(60.0, 0.5865391994562038)	(61.0, 0.3902952430026293)	(62.0, 0.2894324273952092)	(63.0, 0.1326565292228045)	(64.0, 0.38919890805037477)	(65.0, 0.3047811167267731)	(66.0, 0.05700941751723831)	(67.0, 0.07455077675331157)	(68.0, 0.11511516998673106)	(69.0, 0.20501463607160741)	(70.0, 0.014252354379309568)	(71.0, 0.0032890048567637466)	(72.0, 0.0010963349522545823)	(73.0, 0.0)	(74.0, 0.0)	(75.0, 0.0)	(76.0, 0.0)	(77.0, 0.0)	(78.0, 0.0)	(79.0, 0.0)	(80.0, 0.0)	(81.0, 0.0)	(82.0, 0.0)	(83.0, 0.0)	(84.0, 0.0)	(85.0, 0.0)	(86.0, 0.0)	(87.0, 0.0)	(88.0, 0.0)	(89.0, 0.0)	(90.0, 0.0)	(91.0, 0.0)	(92.0, 0.0)	(93.0, 0.0)	(94.0, 0.0)	(95.0, 0.0)	(96.0, 0.0)	(97.0, 0.0)	(98.0, 0.0)	(99.0, 0.0)	(100.0, 0.0)
SRR37700589_2	(0.0, 0.0)	(1.0, 0.0)	(2.0, 0.0)	(3.0, 0.0)	(4.0, 0.0)	(5.0, 0.0)	(6.0, 0.0)	(7.0, 0.0)	(8.0, 0.0)	(9.0, 0.0)	(10.0, 0.0)	(11.0, 0.0)	(12.0, 0.0)	(13.0, 0.0)	(14.0, 0.0)	(15.0, 0.0)	(16.0, 0.0)	(17.0, 0.0)	(18.0, 0.0)	(19.0, 0.0)	(20.0, 0.0)	(21.0, 0.0)	(22.0, 0.0)	(23.0, 0.0)	(24.0, 0.0)	(25.0, 0.0)	(26.0, 0.001036183528826628)	(27.0, 0.001036183528826628)	(28.0, 0.0)	(29.0, 0.0)	(30.0, 0.0)	(31.0, 0.0)	(32.0, 0.001036183528826628)	(33.0, 0.002072367057653256)	(34.0, 0.0)	(35.0, 0.0)	(36.0, 0.001036183528826628)	(37.0, 0.001036183528826628)	(38.0, 0.001036183528826628)	(39.0, 0.004144734115306512)	(40.0, 0.008289468230613025)	(41.0, 0.00518091764413314)	(42.0, 0.006217101172959768)	(43.0, 0.013470385874746166)	(44.0, 0.043519708210718405)	(45.0, 0.08289468230613016)	(46.0, 0.23417747751481802)	(47.0, 0.5263812326439286)	(48.0, 1.9552783188958522)	(49.0, 2.175985410535949)	(50.0, 5.57466738508686)	(51.0, 8.599287105732623)	(52.0, 14.754217266962835)	(53.0, 17.803705392296827)	(54.0, 14.765615285779917)	(55.0, 14.971815808016228)	(56.0, 8.898744145563654)	(57.0, 3.2163136734779907)	(58.0, 2.2847846810627574)	(59.0, 0.7491606913416599)	(60.0, 0.6289634019977676)	(61.0, 0.5699009408546482)	(62.0, 0.4797529738467288)	(63.0, 0.3740622539064108)	(64.0, 0.09947361876735615)	(65.0, 0.18236830107348698)	(66.0, 0.3916773738964633)	(67.0, 0.25179259750487043)	(68.0, 0.024868404691839065)	(69.0, 0.04662825879719829)	(70.0, 0.01554275293239942)	(71.0, 0.04662825879719829)	(72.0, 0.16993409872756737)	(73.0, 0.029013138807145584)	(74.0, 0.0031085505864798845)	(75.0, 0.0)	(76.0, 0.0)	(77.0, 0.0)	(78.0, 0.0)	(79.0, 0.0)	(80.0, 0.0)	(81.0, 0.0)	(82.0, 0.0)	(83.0, 0.001036183528826628)	(84.0, 0.002072367057653256)	(85.0, 0.001036183528826628)	(86.0, 0.0)	(87.0, 0.0)	(88.0, 0.0)	(89.0, 0.0)	(90.0, 0.0)	(91.0, 0.0)	(92.0, 0.0)	(93.0, 0.0)	(94.0, 0.0)	(95.0, 0.0)	(96.0, 0.0)	(97.0, 0.0)	(98.0, 0.0)	(99.0, 0.0)	(100.0, 0.0)
SRR37700590_1	(0.0, 0.0)	(1.0, 0.0)	(2.0, 0.0)	(3.0, 0.0)	(4.0, 0.0)	(5.0, 0.0)	(6.0, 0.0)	(7.0, 0.0)	(8.0, 0.0)	(9.0, 0.0)	(10.0, 0.0)	(11.0, 0.0)	(12.0, 0.0)	(13.0, 0.0)	(14.0, 0.0)	(15.0, 0.0)	(16.0, 0.0)	(17.0, 0.0)	(18.0, 0.0)	(19.0, 0.0)	(20.0, 0.0)	(21.0, 0.0)	(22.0, 0.0)	(23.0, 0.0)	(24.0, 0.0)	(25.0, 0.0)	(26.0, 0.0)	(27.0, 0.0)	(28.0, 0.0)	(29.0, 0.0)	(30.0, 0.0)	(31.0, 0.0)	(32.0, 0.0)	(33.0, 0.0)	(34.0, 0.0)	(35.0, 0.0)	(36.0, 0.0)	(37.0, 0.0)	(38.0, 0.0)	(39.0, 0.0)	(40.0, 0.0)	(41.0, 0.0)	(42.0, 0.0)	(43.0, 0.0032520325203250133)	(44.0, 0.0032520325203250133)	(45.0, 0.10894308943088789)	(46.0, 0.20325203252031343)	(47.0, 0.6048780487804492)	(48.0, 0.7999999999999547)	(49.0, 1.7138211382112696)	(50.0, 8.541463414633068)	(51.0, 17.104065040651733)	(52.0, 16.673170731708474)	(53.0, 15.421138211382774)	(54.0, 10.873170731706175)	(55.0, 14.964227642276901)	(56.0, 7.773983739836539)	(57.0, 1.965853658536444)	(58.0, 0.46016260162598815)	(59.0, 0.1414634146341379)	(60.0, 0.08780487804877539)	(61.0, 0.1577235772357629)	(62.0, 0.17073170731706305)	(63.0, 0.18536585365852573)	(64.0, 0.295934959349577)	(65.0, 0.23902439024388883)	(66.0, 0.1430894308943004)	(67.0, 0.1317073170731629)	(68.0, 0.3300813008129894)	(69.0, 0.7398373983739402)	(70.0, 0.1252032520325129)	(71.0, 0.024390243902437596)	(72.0, 0.011382113821137546)	(73.0, 0.0016260162601625066)	(74.0, 0.0)	(75.0, 0.0)	(76.0, 0.0)	(77.0, 0.0)	(78.0, 0.0)	(79.0, 0.0)	(80.0, 0.0)	(81.0, 0.0)	(82.0, 0.0)	(83.0, 0.0)	(84.0, 0.0)	(85.0, 0.0)	(86.0, 0.0)	(87.0, 0.0)	(88.0, 0.0)	(89.0, 0.0)	(90.0, 0.0)	(91.0, 0.0)	(92.0, 0.0)	(93.0, 0.0)	(94.0, 0.0)	(95.0, 0.0)	(96.0, 0.0)	(97.0, 0.0)	(98.0, 0.0)	(99.0, 0.0)	(100.0, 0.0)
SRR37700590_2	(0.0, 0.0)	(1.0, 0.0)	(2.0, 0.0)	(3.0, 0.0)	(4.0, 0.0)	(5.0, 0.0)	(6.0, 0.0)	(7.0, 0.0)	(8.0, 0.0)	(9.0, 0.0)	(10.0, 0.0)	(11.0, 0.0)	(12.0, 0.0)	(13.0, 0.0)	(14.0, 0.0)	(15.0, 0.0)	(16.0, 0.0)	(17.0, 0.0)	(18.0, 0.0)	(19.0, 0.0)	(20.0, 0.0)	(21.0, 0.0)	(22.0, 0.0)	(23.0, 0.0)	(24.0, 0.0)	(25.0, 0.0)	(26.0, 0.0)	(27.0, 0.0)	(28.0, 0.0)	(29.0, 0.0)	(30.0, 0.0)	(31.0, 0.0)	(32.0, 0.0)	(33.0, 0.0)	(34.0, 0.0)	(35.0, 0.0)	(36.0, 0.001541901164135278)	(37.0, 0.003083802328270556)	(38.0, 0.003083802328270556)	(39.0, 0.001541901164135278)	(40.0, 0.004625703492405834)	(41.0, 0.0)	(42.0, 0.003083802328270556)	(43.0, 0.003083802328270556)	(44.0, 0.027754220954434996)	(45.0, 0.04317323259578778)	(46.0, 0.1726929303831511)	(47.0, 0.36697247706419595)	(48.0, 0.604425256341026)	(49.0, 1.6374990363116528)	(50.0, 3.6358029450310756)	(51.0, 5.36581605119084)	(52.0, 10.497263125432577)	(53.0, 19.82576516845405)	(54.0, 16.985583224116777)	(55.0, 12.444684295736318)	(56.0, 13.769177395729123)	(57.0, 6.563873255723678)	(58.0, 4.81844113792294)	(59.0, 0.46411225040471715)	(60.0, 0.28987741885743307)	(61.0, 0.15110631408525704)	(62.0, 0.08788836635571085)	(63.0, 0.15264821524939234)	(64.0, 0.06938555238608755)	(65.0, 0.24824608742578025)	(66.0, 0.3577210700793844)	(67.0, 0.14648061059285122)	(68.0, 0.05705034307300531)	(69.0, 0.08172076169916975)	(70.0, 0.06167604656541115)	(71.0, 0.1742348315472864)	(72.0, 0.6167604656541086)	(73.0, 0.16035772107006876)	(74.0, 0.026212319790299723)	(75.0, 0.023128517462029166)	(76.0, 0.03854752910338194)	(77.0, 0.013877110477217503)	(78.0, 0.0)	(79.0, 0.0)	(80.0, 0.0)	(81.0, 0.0)	(82.0, 0.0)	(83.0, 0.0)	(84.0, 0.0)	(85.0, 0.0)	(86.0, 0.0)	(87.0, 0.0)	(88.0, 0.0)	(89.0, 0.0)	(90.0, 0.0)	(91.0, 0.0)	(92.0, 0.0)	(93.0, 0.0)	(94.0, 0.0)	(95.0, 0.0)	(96.0, 0.0)	(97.0, 0.0)	(98.0, 0.0)	(99.0, 0.0)	(100.0, 0.0)
SRR37700591_1	(0.0, 0.0)	(1.0, 0.0)	(2.0, 0.0)	(3.0, 0.0)	(4.0, 0.0)	(5.0, 0.0)	(6.0, 0.0)	(7.0, 0.0)	(8.0, 0.0)	(9.0, 0.0)	(10.0, 0.0)	(11.0, 0.0)	(12.0, 0.0)	(13.0, 0.0)	(14.0, 0.0)	(15.0, 0.0)	(16.0, 0.0)	(17.0, 0.0)	(18.0, 0.0)	(19.0, 0.0)	(20.0, 0.0)	(21.0, 0.0)	(22.0, 0.0)	(23.0, 0.0)	(24.0, 0.0)	(25.0, 0.0)	(26.0, 0.0)	(27.0, 0.0)	(28.0, 0.0)	(29.0, 0.0)	(30.0, 0.0)	(31.0, 0.0)	(32.0, 0.0)	(33.0, 0.0)	(34.0, 0.0)	(35.0, 0.0)	(36.0, 0.0)	(37.0, 0.0)	(38.0, 0.0)	(39.0, 0.0)	(40.0, 0.0)	(41.0, 0.00145220081032808)	(42.0, 0.0)	(43.0, 0.00145220081032808)	(44.0, 0.00145220081032808)	(45.0, 0.052279229171810895)	(46.0, 0.45163445201203123)	(47.0, 0.5416709022523709)	(48.0, 1.166117250693458)	(49.0, 5.435587633057985)	(50.0, 7.298761272708488)	(51.0, 11.192111645198734)	(52.0, 22.37260568391353)	(53.0, 22.342109466896666)	(54.0, 11.360566939196866)	(55.0, 6.883431840954751)	(56.0, 3.5390133747696293)	(57.0, 2.555873426177407)	(58.0, 1.0208971696606501)	(59.0, 0.08858424943001286)	(60.0, 0.03340061863754583)	(61.0, 0.22073452316986852)	(62.0, 0.3441715920477548)	(63.0, 0.27156155153135175)	(64.0, 0.4240426366157981)	(65.0, 0.31222317422053747)	(66.0, 0.18878610534265056)	(67.0, 0.180072900480682)	(68.0, 0.5532885087349954)	(69.0, 1.0673675955911501)	(70.0, 0.0871320486196848)	(71.0, 0.01016540567229656)	(72.0, 0.00145220081032808)	(73.0, 0.0)	(74.0, 0.0)	(75.0, 0.0)	(76.0, 0.0)	(77.0, 0.0)	(78.0, 0.0)	(79.0, 0.0)	(80.0, 0.0)	(81.0, 0.0)	(82.0, 0.0)	(83.0, 0.0)	(84.0, 0.0)	(85.0, 0.0)	(86.0, 0.0)	(87.0, 0.0)	(88.0, 0.0)	(89.0, 0.0)	(90.0, 0.0)	(91.0, 0.0)	(92.0, 0.0)	(93.0, 0.0)	(94.0, 0.0)	(95.0, 0.0)	(96.0, 0.0)	(97.0, 0.0)	(98.0, 0.0)	(99.0, 0.0)	(100.0, 0.0)
SRR37700591_2	(0.0, 0.0)	(1.0, 0.0)	(2.0, 0.0)	(3.0, 0.0)	(4.0, 0.0)	(5.0, 0.0)	(6.0, 0.0)	(7.0, 0.0)	(8.0, 0.0)	(9.0, 0.0)	(10.0, 0.0)	(11.0, 0.0)	(12.0, 0.0)	(13.0, 0.0)	(14.0, 0.0)	(15.0, 0.0)	(16.0, 0.0)	(17.0, 0.0)	(18.0, 0.0)	(19.0, 0.0)	(20.0, 0.0)	(21.0, 0.0)	(22.0, 0.0)	(23.0, 0.0)	(24.0, 0.0)	(25.0, 0.0)	(26.0, 0.0)	(27.0, 0.0)	(28.0, 0.0)	(29.0, 0.0)	(30.0, 0.0)	(31.0, 0.0)	(32.0, 0.0)	(33.0, 0.0)	(34.0, 0.0013601186023421948)	(35.0, 0.0)	(36.0, 0.0)	(37.0, 0.0)	(38.0, 0.0013601186023421948)	(39.0, 0.0013601186023421948)	(40.0, 0.004080355807026584)	(41.0, 0.004080355807026584)	(42.0, 0.004080355807026584)	(43.0, 0.0027202372046843896)	(44.0, 0.07480652312882072)	(45.0, 0.08024699753818948)	(46.0, 0.1183303184037708)	(47.0, 0.4107558179073414)	(48.0, 0.9003985147505407)	(49.0, 4.6148824177471575)	(50.0, 4.6203228921565245)	(51.0, 7.094378629816414)	(52.0, 8.655794785305103)	(53.0, 20.480665914068382)	(54.0, 24.358364049342455)	(55.0, 10.471553119432759)	(56.0, 6.316390789276856)	(57.0, 3.5363083660898234)	(58.0, 2.675353290807116)	(59.0, 1.4104429906288471)	(60.0, 0.9112794635692786)	(61.0, 0.13601186023421932)	(62.0, 0.09248806495926919)	(63.0, 0.22986004379583141)	(64.0, 0.10608925098269109)	(65.0, 0.3373094133808639)	(66.0, 0.5195653060947154)	(67.0, 0.2176189763747516)	(68.0, 0.09248806495926919)	(69.0, 0.10744936958503327)	(70.0, 0.06936604871945197)	(71.0, 0.2244195693864626)	(72.0, 0.8527943636685625)	(73.0, 0.20537790895367175)	(74.0, 0.04488391387729244)	(75.0, 0.006800593011710974)	(76.0, 0.0027202372046843896)	(77.0, 0.0)	(78.0, 0.0)	(79.0, 0.0)	(80.0, 0.0)	(81.0, 0.0)	(82.0, 0.0)	(83.0, 0.0)	(84.0, 0.0013601186023421948)	(85.0, 0.0013601186023421948)	(86.0, 0.0)	(87.0, 0.0)	(88.0, 0.0)	(89.0, 0.0013601186023421948)	(90.0, 0.0013601186023421948)	(91.0, 0.0)	(92.0, 0.0)	(93.0, 0.0)	(94.0, 0.0)	(95.0, 0.0)	(96.0, 0.0)	(97.0, 0.0)	(98.0, 0.0)	(99.0, 0.0)	(100.0, 0.0)
SRR37700592_1	(0.0, 0.0)	(1.0, 0.0)	(2.0, 0.0)	(3.0, 0.0)	(4.0, 0.0)	(5.0, 0.0)	(6.0, 0.0)	(7.0, 0.0)	(8.0, 0.0)	(9.0, 0.0)	(10.0, 0.0)	(11.0, 0.0)	(12.0, 0.0)	(13.0, 0.0)	(14.0, 0.0)	(15.0, 0.0)	(16.0, 0.0)	(17.0, 0.0)	(18.0, 0.0)	(19.0, 0.0)	(20.0, 0.0)	(21.0, 0.0)	(22.0, 0.0)	(23.0, 0.0)	(24.0, 0.0)	(25.0, 0.0)	(26.0, 0.0)	(27.0, 0.0)	(28.0, 0.0)	(29.0, 0.0)	(30.0, 0.0)	(31.0, 0.0)	(32.0, 0.0)	(33.0, 0.0)	(34.0, 0.0)	(35.0, 0.0)	(36.0, 0.0)	(37.0, 0.0)	(38.0, 0.0)	(39.0, 0.0)	(40.0, 0.0)	(41.0, 0.0)	(42.0, 0.0)	(43.0, 0.004882049679737833)	(44.0, 0.017575378847056195)	(45.0, 0.16013122949540126)	(46.0, 0.31147476956727255)	(47.0, 0.49406342758947)	(48.0, 0.951023277612927)	(49.0, 3.3344399312610005)	(50.0, 7.670676456804299)	(51.0, 14.686181846587088)	(52.0, 19.755702234022245)	(53.0, 18.467817528508576)	(54.0, 12.810498359633518)	(55.0, 10.563779097018253)	(56.0, 5.4825417903451585)	(57.0, 1.8512732385565924)	(58.0, 1.2156303702547027)	(59.0, 0.16208404936729642)	(60.0, 0.03515075769411241)	(61.0, 0.06834869551632963)	(62.0, 0.1220512419934459)	(63.0, 0.13279175128886922)	(64.0, 0.2069989064208844)	(65.0, 0.17868301827840516)	(66.0, 0.12888611154507892)	(67.0, 0.12498047180128861)	(68.0, 0.3788470551476538)	(69.0, 0.6073269801593909)	(70.0, 0.05174972660522106)	(71.0, 0.013669739103265932)	(72.0, 0.006834869551632966)	(73.0, 0.0)	(74.0, 0.0009764099359475668)	(75.0, 0.0009764099359475668)	(76.0, 0.0009764099359475668)	(77.0, 0.0009764099359475668)	(78.0, 0.0)	(79.0, 0.0)	(80.0, 0.0)	(81.0, 0.0)	(82.0, 0.0)	(83.0, 0.0)	(84.0, 0.0)	(85.0, 0.0)	(86.0, 0.0)	(87.0, 0.0)	(88.0, 0.0)	(89.0, 0.0)	(90.0, 0.0)	(91.0, 0.0)	(92.0, 0.0)	(93.0, 0.0)	(94.0, 0.0)	(95.0, 0.0)	(96.0, 0.0)	(97.0, 0.0)	(98.0, 0.0)	(99.0, 0.0)	(100.0, 0.0)
SRR37700592_2	(0.0, 0.0)	(1.0, 0.0)	(2.0, 0.0)	(3.0, 0.0)	(4.0, 0.0)	(5.0, 0.0)	(6.0, 0.0)	(7.0, 0.0)	(8.0, 0.0)	(9.0, 0.0)	(10.0, 0.0)	(11.0, 0.0)	(12.0, 0.0)	(13.0, 0.0)	(14.0, 0.0)	(15.0, 0.0)	(16.0, 0.0)	(17.0, 0.0)	(18.0, 0.0)	(19.0, 0.0)	(20.0, 0.0)	(21.0, 0.0)	(22.0, 0.0)	(23.0, 0.0)	(24.0, 0.0)	(25.0, 0.0)	(26.0, 0.0)	(27.0, 0.0)	(28.0, 0.0)	(29.0, 0.0)	(30.0, 0.0)	(31.0, 0.0)	(32.0, 0.0)	(33.0, 0.0)	(34.0, 0.0)	(35.0, 0.0)	(36.0, 0.0)	(37.0, 0.0008960091751339929)	(38.0, 0.0035840367005359718)	(39.0, 0.002688027525401979)	(40.0, 0.0035840367005359718)	(41.0, 0.0)	(42.0, 0.008064082576205937)	(43.0, 0.012544128451875901)	(44.0, 0.04569646793183366)	(45.0, 0.05465655968317355)	(46.0, 0.20070605523001445)	(47.0, 0.4435245416913274)	(48.0, 0.7858000465925141)	(49.0, 2.7821084887911662)	(50.0, 7.440460190313057)	(51.0, 9.17782198089866)	(52.0, 12.889091984302784)	(53.0, 15.604895794131446)	(54.0, 18.739135888747303)	(55.0, 13.620235471211457)	(56.0, 8.8767628980535)	(57.0, 3.06435137895831)	(58.0, 2.589466516137346)	(59.0, 0.6666308262996979)	(60.0, 1.0313065605792142)	(61.0, 0.19084995430354068)	(62.0, 0.06988871566045139)	(63.0, 0.08422486246259522)	(64.0, 0.06630467895991542)	(65.0, 0.17292977080086108)	(66.0, 0.3028511011952882)	(67.0, 0.10931311936634718)	(68.0, 0.05376055050803957)	(69.0, 0.055552568858307554)	(70.0, 0.056448578033441534)	(71.0, 0.15859362399871715)	(72.0, 0.4641327527194098)	(73.0, 0.12185724781822317)	(74.0, 0.022400229378349814)	(75.0, 0.013440137627009893)	(76.0, 0.008960091751339931)	(77.0, 0.0008960091751339929)	(78.0, 0.0)	(79.0, 0.0)	(80.0, 0.0)	(81.0, 0.0)	(82.0, 0.0)	(83.0, 0.0)	(84.0, 0.0)	(85.0, 0.0)	(86.0, 0.0008960091751339929)	(87.0, 0.0008960091751339929)	(88.0, 0.0017920183502679859)	(89.0, 0.0)	(90.0, 0.0)	(91.0, 0.0)	(92.0, 0.0)	(93.0, 0.0)	(94.0, 0.0)	(95.0, 0.0)	(96.0, 0.0)	(97.0, 0.0)	(98.0, 0.0)	(99.0, 0.0)	(100.0, 0.0)
SRR37700593_1	(0.0, 0.0)	(1.0, 0.0)	(2.0, 0.0)	(3.0, 0.0)	(4.0, 0.0)	(5.0, 0.0)	(6.0, 0.0)	(7.0, 0.0)	(8.0, 0.0)	(9.0, 0.0)	(10.0, 0.0)	(11.0, 0.0)	(12.0, 0.0)	(13.0, 0.0)	(14.0, 0.0)	(15.0, 0.0)	(16.0, 0.0)	(17.0, 0.0)	(18.0, 0.0)	(19.0, 0.0)	(20.0, 0.0)	(21.0, 0.0)	(22.0, 0.0)	(23.0, 0.0)	(24.0, 0.0)	(25.0, 0.0)	(26.0, 0.0)	(27.0, 0.0)	(28.0, 0.0)	(29.0, 0.0)	(30.0, 0.0)	(31.0, 0.0)	(32.0, 0.0)	(33.0, 0.0)	(34.0, 0.0)	(35.0, 0.0)	(36.0, 0.0013538211602246112)	(37.0, 0.0013538211602246112)	(38.0, 0.0013538211602246112)	(39.0, 0.0)	(40.0, 0.0)	(41.0, 0.0013538211602246112)	(42.0, 0.0013538211602246112)	(43.0, 0.0)	(44.0, 0.013538211602246114)	(45.0, 0.1259053679008887)	(46.0, 0.3019021187300885)	(47.0, 0.7716780613280327)	(48.0, 1.1642861977931704)	(49.0, 4.521762675150308)	(50.0, 11.603601164285882)	(51.0, 14.79184999661629)	(52.0, 17.24768158126402)	(53.0, 15.030122520815931)	(54.0, 8.289446964054545)	(55.0, 14.43985649495773)	(56.0, 5.18919650714089)	(57.0, 2.7428416706150904)	(58.0, 0.805523590333649)	(59.0, 0.12455154674066407)	(60.0, 0.07310634265212904)	(61.0, 0.32897854193458026)	(62.0, 0.34793203817772456)	(63.0, 0.20036553171324278)	(64.0, 0.3113788668516606)	(65.0, 0.2396263453597568)	(66.0, 0.17735057198942425)	(67.0, 0.18276585663032272)	(68.0, 0.3411629323766016)	(69.0, 0.5523590333716394)	(70.0, 0.06362959453055678)	(71.0, 0.006769105801123057)	(72.0, 0.0013538211602246112)	(73.0, 0.0013538211602246112)	(74.0, 0.0013538211602246112)	(75.0, 0.0)	(76.0, 0.0)	(77.0, 0.0)	(78.0, 0.0)	(79.0, 0.0)	(80.0, 0.0)	(81.0, 0.0)	(82.0, 0.0)	(83.0, 0.0)	(84.0, 0.0)	(85.0, 0.0)	(86.0, 0.0)	(87.0, 0.0)	(88.0, 0.0)	(89.0, 0.0)	(90.0, 0.0)	(91.0, 0.0)	(92.0, 0.0)	(93.0, 0.0)	(94.0, 0.0)	(95.0, 0.0)	(96.0, 0.0)	(97.0, 0.0)	(98.0, 0.0)	(99.0, 0.0)	(100.0, 0.0)
SRR37700593_2	(0.0, 0.0)	(1.0, 0.0)	(2.0, 0.0)	(3.0, 0.0)	(4.0, 0.0)	(5.0, 0.0)	(6.0, 0.0)	(7.0, 0.0)	(8.0, 0.0)	(9.0, 0.0)	(10.0, 0.0)	(11.0, 0.0)	(12.0, 0.0)	(13.0, 0.0)	(14.0, 0.0)	(15.0, 0.0)	(16.0, 0.0)	(17.0, 0.0)	(18.0, 0.0)	(19.0, 0.0)	(20.0, 0.0)	(21.0, 0.0)	(22.0, 0.0)	(23.0, 0.0)	(24.0, 0.0)	(25.0, 0.0)	(26.0, 0.0)	(27.0, 0.0)	(28.0, 0.0)	(29.0, 0.0)	(30.0, 0.0)	(31.0, 0.0)	(32.0, 0.0)	(33.0, 0.0)	(34.0, 0.0012336236460980287)	(35.0, 0.0)	(36.0, 0.0012336236460980287)	(37.0, 0.003700870938294086)	(38.0, 0.0024672472921960574)	(39.0, 0.0012336236460980287)	(40.0, 0.004934494584392115)	(41.0, 0.004934494584392115)	(42.0, 0.004934494584392115)	(43.0, 0.006168118230490142)	(44.0, 0.017270731045372398)	(45.0, 0.04194320396733298)	(46.0, 0.22328587994374371)	(47.0, 0.3256766425698789)	(48.0, 0.8882090251905896)	(49.0, 3.452912585428516)	(50.0, 7.922331055241005)	(51.0, 9.17692630332327)	(52.0, 8.435518492018018)	(53.0, 18.688164614738582)	(54.0, 17.363252818830503)	(55.0, 9.33483013002389)	(56.0, 13.02706570279697)	(57.0, 4.5582393723322125)	(58.0, 2.9101181811453216)	(59.0, 0.5353926624065434)	(60.0, 0.5501961461597202)	(61.0, 0.3010041696479187)	(62.0, 0.12212874096370467)	(63.0, 0.2997705460018207)	(64.0, 0.10485800991833231)	(65.0, 0.23438849275862608)	(66.0, 0.42560015790381783)	(67.0, 0.19121166514519478)	(68.0, 0.054279440428313286)	(69.0, 0.07648466605807774)	(70.0, 0.05181219313611723)	(71.0, 0.1295304828402929)	(72.0, 0.39846043768966155)	(73.0, 0.08512003158076392)	(74.0, 0.025906096568058593)	(75.0, 0.004934494584392115)	(76.0, 0.008635365522686199)	(77.0, 0.003700870938294086)	(78.0, 0.0)	(79.0, 0.0)	(80.0, 0.0)	(81.0, 0.0)	(82.0, 0.0)	(83.0, 0.0)	(84.0, 0.0)	(85.0, 0.0)	(86.0, 0.0)	(87.0, 0.0)	(88.0, 0.0)	(89.0, 0.0)	(90.0, 0.0)	(91.0, 0.0)	(92.0, 0.0)	(93.0, 0.0)	(94.0, 0.0)	(95.0, 0.0)	(96.0, 0.0)	(97.0, 0.0)	(98.0, 0.0)	(99.0, 0.0)	(100.0, 0.0)
SRR37700594_1	(0.0, 0.0)	(1.0, 0.0)	(2.0, 0.0)	(3.0, 0.0)	(4.0, 0.0)	(5.0, 0.0)	(6.0, 0.0)	(7.0, 0.0)	(8.0, 0.0)	(9.0, 0.0)	(10.0, 0.0)	(11.0, 0.0)	(12.0, 0.0)	(13.0, 0.0)	(14.0, 0.0)	(15.0, 0.0)	(16.0, 0.0)	(17.0, 0.0)	(18.0, 0.0)	(19.0, 0.0)	(20.0, 0.0)	(21.0, 0.0)	(22.0, 0.0)	(23.0, 0.0)	(24.0, 0.0)	(25.0, 0.0)	(26.0, 0.0)	(27.0, 0.0)	(28.0, 0.0)	(29.0, 0.0)	(30.0, 0.0)	(31.0, 0.0)	(32.0, 0.0)	(33.0, 0.0)	(34.0, 0.0)	(35.0, 0.0)	(36.0, 0.0)	(37.0, 0.0)	(38.0, 0.0)	(39.0, 0.0)	(40.0, 0.0)	(41.0, 0.0)	(42.0, 0.0014011685745911704)	(43.0, 0.004203505723773511)	(44.0, 0.011209348596729363)	(45.0, 0.15693088035421104)	(46.0, 2.0695259846711145)	(47.0, 1.1475570625901768)	(48.0, 1.8425366755873578)	(49.0, 8.748896579746548)	(50.0, 11.234569631072414)	(51.0, 16.312404545393125)	(52.0, 21.30897168238193)	(53.0, 14.956073365188255)	(54.0, 7.046476761618567)	(55.0, 8.41822079614301)	(56.0, 3.3193683532065665)	(57.0, 1.0284577337499299)	(58.0, 0.4679903039134488)	(59.0, 0.11629699169106703)	(60.0, 0.05884908013282919)	(61.0, 0.08126777732628788)	(62.0, 0.12050049741484051)	(63.0, 0.15132620605584632)	(64.0, 0.15833204892880223)	(65.0, 0.09387829449760837)	(66.0, 0.07145959730414972)	(67.0, 0.08687245162465254)	(68.0, 0.2788325463436435)	(69.0, 0.6459387128865296)	(70.0, 0.05604674298364684)	(71.0, 0.0014011685745911704)	(72.0, 0.0028023371491823408)	(73.0, 0.0014011685745911704)	(74.0, 0.0)	(75.0, 0.0)	(76.0, 0.0)	(77.0, 0.0)	(78.0, 0.0)	(79.0, 0.0)	(80.0, 0.0)	(81.0, 0.0)	(82.0, 0.0)	(83.0, 0.0)	(84.0, 0.0)	(85.0, 0.0)	(86.0, 0.0)	(87.0, 0.0)	(88.0, 0.0)	(89.0, 0.0)	(90.0, 0.0)	(91.0, 0.0)	(92.0, 0.0)	(93.0, 0.0)	(94.0, 0.0)	(95.0, 0.0)	(96.0, 0.0)	(97.0, 0.0)	(98.0, 0.0)	(99.0, 0.0)	(100.0, 0.0)
SRR37700594_2	(0.0, 0.0)	(1.0, 0.0)	(2.0, 0.0)	(3.0, 0.0)	(4.0, 0.0)	(5.0, 0.0)	(6.0, 0.0)	(7.0, 0.0)	(8.0, 0.0)	(9.0, 0.0)	(10.0, 0.0)	(11.0, 0.0)	(12.0, 0.0)	(13.0, 0.0)	(14.0, 0.0)	(15.0, 0.0)	(16.0, 0.0)	(17.0, 0.0)	(18.0, 0.0)	(19.0, 0.0)	(20.0, 0.0)	(21.0, 0.0)	(22.0, 0.0)	(23.0, 0.0)	(24.0, 0.0)	(25.0, 0.0)	(26.0, 0.0)	(27.0, 0.0)	(28.0, 0.0)	(29.0, 0.0)	(30.0, 0.0)	(31.0, 0.0)	(32.0, 0.0)	(33.0, 0.0)	(34.0, 0.0)	(35.0, 0.0)	(36.0, 0.0026260504201682413)	(37.0, 0.0013130252100841207)	(38.0, 0.0)	(39.0, 0.0013130252100841207)	(40.0, 0.0026260504201682413)	(41.0, 0.003939075630252362)	(42.0, 0.010504201680672965)	(43.0, 0.007878151260504722)	(44.0, 0.12867647058824364)	(45.0, 0.1746323529411882)	(46.0, 0.23240546218488992)	(47.0, 1.8146008403362204)	(48.0, 2.542016806722871)	(49.0, 7.738970588235147)	(50.0, 8.023897058823337)	(51.0, 8.180147058823389)	(52.0, 7.732405462184729)	(53.0, 20.53965336134483)	(54.0, 21.318277310924003)	(55.0, 7.1756827731091875)	(56.0, 7.413340336134359)	(57.0, 2.9831932773111856)	(58.0, 1.3918067226891575)	(59.0, 0.4766281512605333)	(60.0, 0.39128151260506666)	(61.0, 0.11554621848740249)	(62.0, 0.08272058823529957)	(63.0, 0.12998949579832778)	(64.0, 0.059086134453785466)	(65.0, 0.13130252100841192)	(66.0, 0.16806722689076756)	(67.0, 0.07221638655462664)	(68.0, 0.04726890756302836)	(69.0, 0.049894957983196604)	(70.0, 0.049894957983196604)	(71.0, 0.1444327731092532)	(72.0, 0.54227941176474)	(73.0, 0.09322478991597251)	(74.0, 0.01838235294117769)	(75.0, 0.0026260504201682413)	(76.0, 0.0026260504201682413)	(77.0, 0.0013130252100841207)	(78.0, 0.0)	(79.0, 0.0)	(80.0, 0.0)	(81.0, 0.0)	(82.0, 0.0)	(83.0, 0.0)	(84.0, 0.0)	(85.0, 0.0)	(86.0, 0.0)	(87.0, 0.0)	(88.0, 0.0)	(89.0, 0.0)	(90.0, 0.0)	(91.0, 0.0)	(92.0, 0.0)	(93.0, 0.0)	(94.0, 0.0)	(95.0, 0.0)	(96.0, 0.0)	(97.0, 0.0013130252100841207)	(98.0, 0.0)	(99.0, 0.0)	(100.0, 0.0)
SRR37700595_1	(0.0, 0.0)	(1.0, 0.0)	(2.0, 0.0)	(3.0, 0.0)	(4.0, 0.0)	(5.0, 0.0)	(6.0, 0.0)	(7.0, 0.0)	(8.0, 0.0)	(9.0, 0.0)	(10.0, 0.0)	(11.0, 0.0)	(12.0, 0.0)	(13.0, 0.0)	(14.0, 0.0)	(15.0, 0.0)	(16.0, 0.0)	(17.0, 0.0)	(18.0, 0.0)	(19.0, 0.0)	(20.0, 0.0)	(21.0, 0.0)	(22.0, 0.0)	(23.0, 0.0)	(24.0, 0.0)	(25.0, 0.0)	(26.0, 0.0)	(27.0, 0.0012848020762400451)	(28.0, 0.0012848020762400451)	(29.0, 0.0)	(30.0, 0.0)	(31.0, 0.0)	(32.0, 0.0)	(33.0, 0.0)	(34.0, 0.0)	(35.0, 0.0)	(36.0, 0.0)	(37.0, 0.0)	(38.0, 0.0)	(39.0, 0.0)	(40.0, 0.0)	(41.0, 0.0012848020762400451)	(42.0, 0.0012848020762400451)	(43.0, 0.006424010381200226)	(44.0, 0.028265645677280984)	(45.0, 0.14518263461512507)	(46.0, 0.49721840350489477)	(47.0, 0.7875836727351532)	(48.0, 1.575167345470273)	(49.0, 6.282682152813468)	(50.0, 14.11869001580397)	(51.0, 17.03262112471602)	(52.0, 16.622769262395817)	(53.0, 11.906260840517605)	(54.0, 8.17905001734354)	(55.0, 14.807343928668946)	(56.0, 4.612439453701789)	(57.0, 1.3798774298817973)	(58.0, 0.6000025696041013)	(59.0, 0.12334099931904416)	(60.0, 0.12205619724280413)	(61.0, 0.12334099931904416)	(62.0, 0.1297650097002444)	(63.0, 0.08222733287936286)	(64.0, 0.07194891626944254)	(65.0, 0.04496807266840159)	(66.0, 0.06295530173576225)	(67.0, 0.07965772872688277)	(68.0, 0.17087867613992613)	(69.0, 0.3623141854996918)	(70.0, 0.03340485398224116)	(71.0, 0.0051392083049601805)	(72.0, 0.0)	(73.0, 0.0012848020762400451)	(74.0, 0.0)	(75.0, 0.0)	(76.0, 0.0)	(77.0, 0.0)	(78.0, 0.0)	(79.0, 0.0)	(80.0, 0.0)	(81.0, 0.0)	(82.0, 0.0)	(83.0, 0.0)	(84.0, 0.0)	(85.0, 0.0)	(86.0, 0.0)	(87.0, 0.0)	(88.0, 0.0)	(89.0, 0.0)	(90.0, 0.0)	(91.0, 0.0)	(92.0, 0.0)	(93.0, 0.0)	(94.0, 0.0)	(95.0, 0.0)	(96.0, 0.0)	(97.0, 0.0)	(98.0, 0.0)	(99.0, 0.0)	(100.0, 0.0)
SRR37700595_2	(0.0, 0.0)	(1.0, 0.0)	(2.0, 0.0)	(3.0, 0.0)	(4.0, 0.0)	(5.0, 0.0)	(6.0, 0.0)	(7.0, 0.0)	(8.0, 0.0)	(9.0, 0.0)	(10.0, 0.0)	(11.0, 0.0)	(12.0, 0.0)	(13.0, 0.0)	(14.0, 0.0)	(15.0, 0.0)	(16.0, 0.0)	(17.0, 0.0)	(18.0, 0.0)	(19.0, 0.0)	(20.0, 0.0)	(21.0, 0.0)	(22.0, 0.0)	(23.0, 0.0)	(24.0, 0.0)	(25.0, 0.0)	(26.0, 0.0011966446085176297)	(27.0, 0.0)	(28.0, 0.0)	(29.0, 0.0)	(30.0, 0.0011966446085176297)	(31.0, 0.0)	(32.0, 0.0)	(33.0, 0.0011966446085176297)	(34.0, 0.0011966446085176297)	(35.0, 0.0)	(36.0, 0.0023932892170352594)	(37.0, 0.0023932892170352594)	(38.0, 0.0011966446085176297)	(39.0, 0.004786578434070519)	(40.0, 0.0023932892170352594)	(41.0, 0.005983223042588148)	(42.0, 0.005983223042588148)	(43.0, 0.014359735302211556)	(44.0, 0.14000741919656268)	(45.0, 0.1783000466691271)	(46.0, 0.23214905405242073)	(47.0, 0.4750679095814968)	(48.0, 0.7993585984897836)	(49.0, 4.840427441453714)	(50.0, 8.092907487404396)	(51.0, 9.38887359842958)	(52.0, 11.93652996996477)	(53.0, 17.255615254824576)	(54.0, 15.04182272906897)	(55.0, 10.523292687304808)	(56.0, 14.05937750547601)	(57.0, 3.515741859824945)	(58.0, 1.372551365969706)	(59.0, 0.4499383728026263)	(60.0, 0.4547249512366967)	(61.0, 0.11966446085176281)	(62.0, 0.08615841181326928)	(63.0, 0.1148778824176923)	(64.0, 0.06940538729402251)	(65.0, 0.10530472554955128)	(66.0, 0.10291143633251604)	(67.0, 0.03709598286404652)	(68.0, 0.031112759821458363)	(69.0, 0.06222551964291677)	(70.0, 0.031112759821458363)	(71.0, 0.07897854416216352)	(72.0, 0.30155444134644227)	(73.0, 0.05265236277477574)	(74.0, 0.004786578434070519)	(75.0, 0.0)	(76.0, 0.0)	(77.0, 0.0)	(78.0, 0.0)	(79.0, 0.0)	(80.0, 0.0)	(81.0, 0.0)	(82.0, 0.0)	(83.0, 0.0)	(84.0, 0.0)	(85.0, 0.0)	(86.0, 0.0011966446085176297)	(87.0, 0.0)	(88.0, 0.0)	(89.0, 0.0)	(90.0, 0.0)	(91.0, 0.0)	(92.0, 0.0)	(93.0, 0.0)	(94.0, 0.0)	(95.0, 0.0)	(96.0, 0.0)	(97.0, 0.0)	(98.0, 0.0)	(99.0, 0.0)	(100.0, 0.0)
SRR37700597_1	(0.0, 0.0)	(1.0, 0.0)	(2.0, 0.0)	(3.0, 0.0)	(4.0, 0.0)	(5.0, 0.0)	(6.0, 0.0)	(7.0, 0.0)	(8.0, 0.0)	(9.0, 0.0)	(10.0, 0.0)	(11.0, 0.0)	(12.0, 0.0)	(13.0, 0.0)	(14.0, 0.0)	(15.0, 0.0)	(16.0, 0.0)	(17.0, 0.0)	(18.0, 0.0)	(19.0, 0.0)	(20.0, 0.0)	(21.0, 0.0)	(22.0, 0.0)	(23.0, 0.0)	(24.0, 0.0)	(25.0, 0.0)	(26.0, 0.0)	(27.0, 0.0)	(28.0, 0.0)	(29.0, 0.0)	(30.0, 0.0)	(31.0, 0.0)	(32.0, 0.0)	(33.0, 0.0)	(34.0, 0.0)	(35.0, 0.0)	(36.0, 0.0)	(37.0, 0.0)	(38.0, 0.0)	(39.0, 0.0)	(40.0, 0.0012167374402277493)	(41.0, 0.0)	(42.0, 0.0)	(43.0, 0.004866949760910997)	(44.0, 0.007300424641366495)	(45.0, 0.03041843600569372)	(46.0, 0.3127015221385311)	(47.0, 0.41369072967743276)	(48.0, 1.0305766118729087)	(49.0, 4.875466922992501)	(50.0, 10.349568666577861)	(51.0, 10.113521603173572)	(52.0, 17.780184214048248)	(53.0, 19.41669607115308)	(54.0, 9.916410137856586)	(55.0, 16.009831238518483)	(56.0, 4.843831749546588)	(57.0, 1.5148381130835256)	(58.0, 0.52928078649907)	(59.0, 0.13627459330550787)	(60.0, 0.07300424641366494)	(61.0, 0.1447917553871022)	(62.0, 0.1849440909146182)	(63.0, 0.25916507476851086)	(64.0, 0.2944504605351151)	(65.0, 0.15574239234915202)	(66.0, 0.1849440909146182)	(67.0, 0.18737756579507373)	(68.0, 0.36380449462809583)	(69.0, 0.782362174066449)	(70.0, 0.0717875089734372)	(71.0, 0.008517162081594244)	(72.0, 0.0024334748804554986)	(73.0, 0.0)	(74.0, 0.0)	(75.0, 0.0)	(76.0, 0.0)	(77.0, 0.0)	(78.0, 0.0)	(79.0, 0.0)	(80.0, 0.0)	(81.0, 0.0)	(82.0, 0.0)	(83.0, 0.0)	(84.0, 0.0)	(85.0, 0.0)	(86.0, 0.0)	(87.0, 0.0)	(88.0, 0.0)	(89.0, 0.0)	(90.0, 0.0)	(91.0, 0.0)	(92.0, 0.0)	(93.0, 0.0)	(94.0, 0.0)	(95.0, 0.0)	(96.0, 0.0)	(97.0, 0.0)	(98.0, 0.0)	(99.0, 0.0)	(100.0, 0.0)
SRR37700597_2	(0.0, 0.0)	(1.0, 0.0)	(2.0, 0.0)	(3.0, 0.0)	(4.0, 0.0)	(5.0, 0.0)	(6.0, 0.0)	(7.0, 0.0)	(8.0, 0.0)	(9.0, 0.0)	(10.0, 0.0)	(11.0, 0.0)	(12.0, 0.0)	(13.0, 0.0)	(14.0, 0.0)	(15.0, 0.0)	(16.0, 0.0)	(17.0, 0.0)	(18.0, 0.0)	(19.0, 0.0)	(20.0, 0.0)	(21.0, 0.0)	(22.0, 0.0)	(23.0, 0.0)	(24.0, 0.0)	(25.0, 0.0)	(26.0, 0.0)	(27.0, 0.0)	(28.0, 0.0)	(29.0, 0.0)	(30.0, 0.0)	(31.0, 0.0)	(32.0, 0.0)	(33.0, 0.0011434125146499686)	(34.0, 0.0011434125146499686)	(35.0, 0.0011434125146499686)	(36.0, 0.003430237543949906)	(37.0, 0.002286825029299937)	(38.0, 0.002286825029299937)	(39.0, 0.0011434125146499686)	(40.0, 0.0011434125146499686)	(41.0, 0.0011434125146499686)	(42.0, 0.003430237543949906)	(43.0, 0.00800388760254978)	(44.0, 0.01715118771974953)	(45.0, 0.014864362690449592)	(46.0, 0.053740388188548566)	(47.0, 0.34988422948288916)	(48.0, 0.6597490209530357)	(49.0, 3.9802189634965934)	(50.0, 7.897550238687091)	(51.0, 8.585884572506686)	(52.0, 7.844953263013169)	(53.0, 18.134522482347347)	(54.0, 18.72452333990619)	(55.0, 11.165423205558188)	(56.0, 14.433296172428761)	(57.0, 3.5148500700341625)	(58.0, 1.3618043049480952)	(59.0, 0.3990509676128371)	(60.0, 0.35560129205613894)	(61.0, 0.16122116456564578)	(62.0, 0.1006203012891971)	(63.0, 0.16693822713889567)	(64.0, 0.10519395134779698)	(65.0, 0.257267815796243)	(66.0, 0.4505045307720855)	(67.0, 0.13720950175799626)	(68.0, 0.08118228854014772)	(69.0, 0.0594574507617984)	(70.0, 0.05145356315924862)	(71.0, 0.17494211474144553)	(72.0, 0.5922876825886856)	(73.0, 0.11548466397964671)	(74.0, 0.0217248377783494)	(75.0, 0.002286825029299937)	(76.0, 0.0)	(77.0, 0.0)	(78.0, 0.0)	(79.0, 0.0)	(80.0, 0.0)	(81.0, 0.0)	(82.0, 0.0)	(83.0, 0.0)	(84.0, 0.0)	(85.0, 0.0)	(86.0, 0.0)	(87.0, 0.0)	(88.0, 0.0)	(89.0, 0.0)	(90.0, 0.0)	(91.0, 0.0)	(92.0, 0.0)	(93.0, 0.0)	(94.0, 0.0)	(95.0, 0.0)	(96.0, 0.0)	(97.0, 0.0)	(98.0, 0.0)	(99.0, 0.0011434125146499686)	(100.0, 0.001715118771974953)
SRR37700598_1	(0.0, 0.0)	(1.0, 0.0)	(2.0, 0.0)	(3.0, 0.0)	(4.0, 0.0)	(5.0, 0.0)	(6.0, 0.0)	(7.0, 0.0)	(8.0, 0.0)	(9.0, 0.0)	(10.0, 0.0)	(11.0, 0.0)	(12.0, 0.0)	(13.0, 0.0)	(14.0, 0.0)	(15.0, 0.0)	(16.0, 0.0)	(17.0, 0.0)	(18.0, 0.0)	(19.0, 0.0)	(20.0, 0.0)	(21.0, 0.0)	(22.0, 0.0)	(23.0, 0.0)	(24.0, 0.0)	(25.0, 0.0)	(26.0, 0.0)	(27.0, 0.0)	(28.0, 0.0)	(29.0, 0.0)	(30.0, 0.0)	(31.0, 0.0)	(32.0, 0.0)	(33.0, 0.0)	(34.0, 0.0)	(35.0, 0.0)	(36.0, 0.0)	(37.0, 0.0)	(38.0, 0.0)	(39.0, 0.0)	(40.0, 0.0)	(41.0, 0.0017718558418086785)	(42.0, 0.005315567525426035)	(43.0, 0.0017718558418086785)	(44.0, 0.012402990892660748)	(45.0, 0.08150536872319926)	(46.0, 0.2161664127006588)	(47.0, 0.7920195612884786)	(48.0, 2.184698252950069)	(49.0, 8.359615861652928)	(50.0, 10.78351465324665)	(51.0, 15.647258939013614)	(52.0, 15.948474432121227)	(53.0, 12.801658457067584)	(54.0, 9.289840178602272)	(55.0, 15.925440306177702)	(56.0, 4.890322123392137)	(57.0, 1.0666572167688315)	(58.0, 0.5687657252205834)	(59.0, 0.16123888160458955)	(60.0, 0.04252454020340827)	(61.0, 0.03720897267798223)	(62.0, 0.08859279209043397)	(63.0, 0.1435203231865028)	(64.0, 0.1559233140791635)	(65.0, 0.08682093624862529)	(66.0, 0.08682093624862529)	(67.0, 0.08504908040681662)	(68.0, 0.2516035295368326)	(69.0, 0.2693220879549196)	(70.0, 0.014174846734469428)	(71.0, 0.0)	(72.0, 0.0)	(73.0, 0.0)	(74.0, 0.0)	(75.0, 0.0)	(76.0, 0.0)	(77.0, 0.0)	(78.0, 0.0)	(79.0, 0.0)	(80.0, 0.0)	(81.0, 0.0)	(82.0, 0.0)	(83.0, 0.0)	(84.0, 0.0)	(85.0, 0.0)	(86.0, 0.0)	(87.0, 0.0)	(88.0, 0.0)	(89.0, 0.0)	(90.0, 0.0)	(91.0, 0.0)	(92.0, 0.0)	(93.0, 0.0)	(94.0, 0.0)	(95.0, 0.0)	(96.0, 0.0)	(97.0, 0.0)	(98.0, 0.0)	(99.0, 0.0)	(100.0, 0.0)
SRR37700598_2	(0.0, 0.0)	(1.0, 0.0)	(2.0, 0.0)	(3.0, 0.0)	(4.0, 0.0)	(5.0, 0.0)	(6.0, 0.0)	(7.0, 0.0)	(8.0, 0.0)	(9.0, 0.0)	(10.0, 0.0)	(11.0, 0.0)	(12.0, 0.0)	(13.0, 0.0)	(14.0, 0.0)	(15.0, 0.0)	(16.0, 0.0)	(17.0, 0.0)	(18.0, 0.0)	(19.0, 0.0)	(20.0, 0.0)	(21.0, 0.0)	(22.0, 0.0)	(23.0, 0.0)	(24.0, 0.0)	(25.0, 0.0)	(26.0, 0.0)	(27.0, 0.0)	(28.0, 0.0)	(29.0, 0.0)	(30.0, 0.0)	(31.0, 0.0)	(32.0, 0.0)	(33.0, 0.0016527832870553377)	(34.0, 0.0)	(35.0, 0.0016527832870553377)	(36.0, 0.004958349861166013)	(37.0, 0.0033055665741106755)	(38.0, 0.0033055665741106755)	(39.0, 0.0033055665741106755)	(40.0, 0.0016527832870553377)	(41.0, 0.0016527832870553377)	(42.0, 0.004958349861166013)	(43.0, 0.004958349861166013)	(44.0, 0.01652783287055338)	(45.0, 0.02148618273171939)	(46.0, 0.11900039666798423)	(47.0, 0.2925426418087955)	(48.0, 1.2247124157080185)	(49.0, 6.865661774427696)	(50.0, 5.735158006082103)	(51.0, 7.457358191193372)	(52.0, 11.860372867908955)	(53.0, 16.57906915245409)	(54.0, 15.263453655957443)	(55.0, 12.833862223984994)	(56.0, 13.564392436863784)	(57.0, 4.305500462779298)	(58.0, 1.8362422319184624)	(59.0, 0.3404733571334001)	(60.0, 0.44625148750494015)	(61.0, 0.14048657939970355)	(62.0, 0.06776411476926888)	(63.0, 0.0561946317598815)	(64.0, 0.04627793203754946)	(65.0, 0.16858389527964426)	(66.0, 0.1751950284278657)	(67.0, 0.05123628189871547)	(68.0, 0.04131958217638343)	(69.0, 0.06941689805632423)	(70.0, 0.028097315879940733)	(71.0, 0.05950019833399218)	(72.0, 0.19998677773369594)	(73.0, 0.08263916435276693)	(74.0, 0.01487504958349804)	(75.0, 0.0016527832870553377)	(76.0, 0.0016527832870553377)	(77.0, 0.0016527832870553377)	(78.0, 0.0)	(79.0, 0.0)	(80.0, 0.0)	(81.0, 0.0)	(82.0, 0.0)	(83.0, 0.0)	(84.0, 0.0)	(85.0, 0.0)	(86.0, 0.0)	(87.0, 0.0)	(88.0, 0.0)	(89.0, 0.0)	(90.0, 0.0)	(91.0, 0.0)	(92.0, 0.0)	(93.0, 0.0)	(94.0, 0.0)	(95.0, 0.0)	(96.0, 0.0)	(97.0, 0.0)	(98.0, 0.0)	(99.0, 0.0)	(100.0, 0.0)
SRR37700599_1	(0.0, 0.0)	(1.0, 0.0)	(2.0, 0.0)	(3.0, 0.0)	(4.0, 0.0)	(5.0, 0.0)	(6.0, 0.0)	(7.0, 0.0)	(8.0, 0.0)	(9.0, 0.0)	(10.0, 0.0)	(11.0, 0.0)	(12.0, 0.0)	(13.0, 0.0)	(14.0, 0.0)	(15.0, 0.0)	(16.0, 0.0)	(17.0, 0.0)	(18.0, 0.0)	(19.0, 0.0)	(20.0, 0.0)	(21.0, 0.0)	(22.0, 0.0)	(23.0, 0.0)	(24.0, 0.0)	(25.0, 0.0)	(26.0, 0.0)	(27.0, 0.0)	(28.0, 0.0)	(29.0, 0.0)	(30.0, 0.0)	(31.0, 0.0)	(32.0, 0.0)	(33.0, 0.0)	(34.0, 0.0)	(35.0, 0.0)	(36.0, 0.0)	(37.0, 0.0)	(38.0, 0.0)	(39.0, 0.0)	(40.0, 0.001384389622615343)	(41.0, 0.001384389622615343)	(42.0, 0.001384389622615343)	(43.0, 0.005537558490461372)	(44.0, 0.0387629094332296)	(45.0, 0.22288672924107067)	(46.0, 0.24226818395768562)	(47.0, 1.421768142425949)	(48.0, 1.2099565301658135)	(49.0, 4.1254810753939015)	(50.0, 9.663039565854845)	(51.0, 15.906636763852882)	(52.0, 21.579865437326905)	(53.0, 13.850818174268165)	(54.0, 9.3210953290687)	(55.0, 12.2504637705241)	(56.0, 6.3598859262945995)	(57.0, 1.4300744801616405)	(58.0, 0.30456571697537566)	(59.0, 0.11351994905445802)	(60.0, 0.08306337735692057)	(61.0, 0.05675997452722909)	(62.0, 0.109366780186612)	(63.0, 0.15920480660076444)	(64.0, 0.17997065093999473)	(65.0, 0.09413849433784327)	(66.0, 0.0913697150926126)	(67.0, 0.13013262452584207)	(68.0, 0.3211783924467595)	(69.0, 0.6437411745161347)	(70.0, 0.06229753301769047)	(71.0, 0.008306337735692058)	(72.0, 0.001384389622615343)	(73.0, 0.004153168867846029)	(74.0, 0.001384389622615343)	(75.0, 0.001384389622615343)	(76.0, 0.001384389622615343)	(77.0, 0.0)	(78.0, 0.0)	(79.0, 0.0)	(80.0, 0.0)	(81.0, 0.0)	(82.0, 0.0)	(83.0, 0.0)	(84.0, 0.0)	(85.0, 0.0)	(86.0, 0.0)	(87.0, 0.0)	(88.0, 0.0)	(89.0, 0.0)	(90.0, 0.0)	(91.0, 0.0)	(92.0, 0.0)	(93.0, 0.0)	(94.0, 0.0)	(95.0, 0.0)	(96.0, 0.0)	(97.0, 0.0)	(98.0, 0.0)	(99.0, 0.0)	(100.0, 0.0)
SRR37700599_2	(0.0, 0.0)	(1.0, 0.0)	(2.0, 0.0)	(3.0, 0.0)	(4.0, 0.0)	(5.0, 0.0)	(6.0, 0.0)	(7.0, 0.0)	(8.0, 0.0)	(9.0, 0.0)	(10.0, 0.0)	(11.0, 0.0)	(12.0, 0.0)	(13.0, 0.0)	(14.0, 0.0)	(15.0, 0.0)	(16.0, 0.0)	(17.0, 0.0)	(18.0, 0.0)	(19.0, 0.0)	(20.0, 0.0)	(21.0, 0.0)	(22.0, 0.0)	(23.0, 0.0)	(24.0, 0.0)	(25.0, 0.0)	(26.0, 0.0)	(27.0, 0.0)	(28.0, 0.0)	(29.0, 0.0)	(30.0, 0.0)	(31.0, 0.0)	(32.0, 0.0)	(33.0, 0.0)	(34.0, 0.0)	(35.0, 0.0)	(36.0, 0.0)	(37.0, 0.002679492504119577)	(38.0, 0.002679492504119577)	(39.0, 0.0)	(40.0, 0.0)	(41.0, 0.005358985008239154)	(42.0, 0.004019238756179365)	(43.0, 0.0227756862850164)	(44.0, 0.044211626317973034)	(45.0, 0.030814163797375126)	(46.0, 0.24651331037900173)	(47.0, 0.3563725030479031)	(48.0, 1.654586621293815)	(49.0, 3.8812448922173677)	(50.0, 6.002063209227611)	(51.0, 7.616457442959288)	(52.0, 14.62333034123475)	(53.0, 18.162939939176002)	(54.0, 17.383207620477915)	(55.0, 10.153936844361262)	(56.0, 9.80694256507762)	(57.0, 3.6628662531315976)	(58.0, 3.010409828378406)	(59.0, 1.058399539127243)	(60.0, 0.34699427928348464)	(61.0, 0.10316046140860363)	(62.0, 0.12861564019773952)	(63.0, 0.09512198389624492)	(64.0, 0.038852641309733864)	(65.0, 0.17684650527189225)	(66.0, 0.2947441754531537)	(67.0, 0.07368604386328838)	(68.0, 0.05358985008239157)	(69.0, 0.07368604386328838)	(70.0, 0.032153910049434915)	(71.0, 0.15541056523893546)	(72.0, 0.5399177395800926)	(73.0, 0.1138784314250819)	(74.0, 0.0227756862850164)	(75.0, 0.006698731260298942)	(76.0, 0.0013397462520597886)	(77.0, 0.0013397462520597886)	(78.0, 0.002679492504119577)	(79.0, 0.0013397462520597886)	(80.0, 0.0)	(81.0, 0.0)	(82.0, 0.0013397462520597886)	(83.0, 0.0013397462520597886)	(84.0, 0.0)	(85.0, 0.0)	(86.0, 0.0)	(87.0, 0.0)	(88.0, 0.0)	(89.0, 0.0013397462520597886)	(90.0, 0.0013397462520597886)	(91.0, 0.0)	(92.0, 0.0)	(93.0, 0.0)	(94.0, 0.0)	(95.0, 0.0)	(96.0, 0.0)	(97.0, 0.0)	(98.0, 0.0)	(99.0, 0.0)	(100.0, 0.0)
SRR37700600_1	(0.0, 0.0)	(1.0, 0.0)	(2.0, 0.0)	(3.0, 0.0)	(4.0, 0.0)	(5.0, 0.0)	(6.0, 0.0)	(7.0, 0.0)	(8.0, 0.0)	(9.0, 0.0)	(10.0, 0.0)	(11.0, 0.0)	(12.0, 0.0)	(13.0, 0.0)	(14.0, 0.0)	(15.0, 0.0)	(16.0, 0.0)	(17.0, 0.0)	(18.0, 0.0)	(19.0, 0.0)	(20.0, 0.0)	(21.0, 0.0)	(22.0, 0.0)	(23.0, 0.0)	(24.0, 0.0)	(25.0, 0.0)	(26.0, 0.0)	(27.0, 0.0)	(28.0, 0.0)	(29.0, 0.0)	(30.0, 0.0)	(31.0, 0.0)	(32.0, 0.0)	(33.0, 0.0)	(34.0, 0.0)	(35.0, 0.0)	(36.0, 0.0)	(37.0, 0.0)	(38.0, 0.0)	(39.0, 0.0)	(40.0, 0.0)	(41.0, 0.0020298798311139793)	(42.0, 0.0)	(43.0, 0.014209158817797852)	(44.0, 0.034507957128937644)	(45.0, 0.1400617083468645)	(46.0, 0.5480675544007731)	(47.0, 1.6624715816823608)	(48.0, 1.297093212081843)	(49.0, 3.873010717765487)	(50.0, 10.405164014289593)	(51.0, 14.765345891522994)	(52.0, 17.99691458265792)	(53.0, 18.49017538161884)	(54.0, 10.569584280609787)	(55.0, 10.85985709645902)	(56.0, 4.924488470282648)	(57.0, 1.613754465735628)	(58.0, 0.4486034426761897)	(59.0, 0.09743423189347107)	(60.0, 0.06698603442676133)	(61.0, 0.0811951932445592)	(62.0, 0.11570315037349682)	(63.0, 0.19892822344916972)	(64.0, 0.2577947385514755)	(65.0, 0.1542708671646623)	(66.0, 0.10961351088015489)	(67.0, 0.1542708671646623)	(68.0, 0.3674082494316312)	(69.0, 0.6759499837609522)	(70.0, 0.06901591425787532)	(71.0, 0.006089639493341938)	(72.0, 0.0)	(73.0, 0.0)	(74.0, 0.0)	(75.0, 0.0)	(76.0, 0.0)	(77.0, 0.0)	(78.0, 0.0)	(79.0, 0.0)	(80.0, 0.0)	(81.0, 0.0)	(82.0, 0.0)	(83.0, 0.0)	(84.0, 0.0)	(85.0, 0.0)	(86.0, 0.0)	(87.0, 0.0)	(88.0, 0.0)	(89.0, 0.0)	(90.0, 0.0)	(91.0, 0.0)	(92.0, 0.0)	(93.0, 0.0)	(94.0, 0.0)	(95.0, 0.0)	(96.0, 0.0)	(97.0, 0.0)	(98.0, 0.0)	(99.0, 0.0)	(100.0, 0.0)
SRR37700600_2	(0.0, 0.0)	(1.0, 0.0)	(2.0, 0.0)	(3.0, 0.0)	(4.0, 0.0)	(5.0, 0.0)	(6.0, 0.0)	(7.0, 0.0)	(8.0, 0.0)	(9.0, 0.0)	(10.0, 0.0)	(11.0, 0.0)	(12.0, 0.0)	(13.0, 0.0)	(14.0, 0.0)	(15.0, 0.0)	(16.0, 0.0)	(17.0, 0.0)	(18.0, 0.0)	(19.0, 0.0)	(20.0, 0.0)	(21.0, 0.0)	(22.0, 0.0)	(23.0, 0.0)	(24.0, 0.0)	(25.0, 0.0)	(26.0, 0.0)	(27.0, 0.0)	(28.0, 0.0)	(29.0, 0.0)	(30.0, 0.0)	(31.0, 0.0)	(32.0, 0.0)	(33.0, 0.0)	(34.0, 0.0)	(35.0, 0.0)	(36.0, 0.001896309781165785)	(37.0, 0.001896309781165785)	(38.0, 0.00379261956233157)	(39.0, 0.00379261956233157)	(40.0, 0.00379261956233157)	(41.0, 0.005688929343497354)	(42.0, 0.00758523912466314)	(43.0, 0.01896309781165785)	(44.0, 0.05309667387264197)	(45.0, 0.051200364091476186)	(46.0, 0.2408313422080548)	(47.0, 0.5878560321613912)	(48.0, 1.8128721507944867)	(49.0, 3.519550953843699)	(50.0, 6.403838130996988)	(51.0, 7.625061630067476)	(52.0, 10.583304888685428)	(53.0, 21.031971782912926)	(54.0, 18.758296355294117)	(55.0, 10.372814502976073)	(56.0, 8.772329047672516)	(57.0, 4.7957674365684175)	(58.0, 2.5713960632607575)	(59.0, 0.40391398338831264)	(60.0, 0.3128911138923552)	(61.0, 0.11567489665111284)	(62.0, 0.09102286949595774)	(63.0, 0.10429703796411818)	(64.0, 0.045511434747978814)	(65.0, 0.18583835855424666)	(66.0, 0.29013539651836556)	(67.0, 0.13084537490043907)	(68.0, 0.07774870102779721)	(69.0, 0.10050441840178663)	(70.0, 0.05499298365380776)	(71.0, 0.15360109227442842)	(72.0, 0.5404482876322472)	(73.0, 0.13463799446277064)	(74.0, 0.01896309781165785)	(75.0, 0.00758523912466314)	(76.0, 0.00379261956233157)	(77.0, 0.0)	(78.0, 0.0)	(79.0, 0.0)	(80.0, 0.0)	(81.0, 0.0)	(82.0, 0.0)	(83.0, 0.0)	(84.0, 0.0)	(85.0, 0.0)	(86.0, 0.0)	(87.0, 0.0)	(88.0, 0.0)	(89.0, 0.0)	(90.0, 0.0)	(91.0, 0.0)	(92.0, 0.0)	(93.0, 0.0)	(94.0, 0.0)	(95.0, 0.0)	(96.0, 0.0)	(97.0, 0.0)	(98.0, 0.0)	(99.0, 0.0)	(100.0, 0.0)
SRR37700601_1	(0.0, 0.0)	(1.0, 0.0)	(2.0, 0.0)	(3.0, 0.0)	(4.0, 0.0)	(5.0, 0.0)	(6.0, 0.0)	(7.0, 0.0)	(8.0, 0.0)	(9.0, 0.0)	(10.0, 0.0)	(11.0, 0.0)	(12.0, 0.0)	(13.0, 0.0)	(14.0, 0.0)	(15.0, 0.0)	(16.0, 0.0)	(17.0, 0.0)	(18.0, 0.0)	(19.0, 0.0)	(20.0, 0.0)	(21.0, 0.0)	(22.0, 0.0)	(23.0, 0.0)	(24.0, 0.0)	(25.0, 0.0)	(26.0, 0.0)	(27.0, 0.0)	(28.0, 0.0)	(29.0, 0.0)	(30.0, 0.0)	(31.0, 0.0)	(32.0, 0.0)	(33.0, 0.0)	(34.0, 0.0)	(35.0, 0.0)	(36.0, 0.0)	(37.0, 0.0)	(38.0, 0.0)	(39.0, 0.0)	(40.0, 0.0)	(41.0, 0.0)	(42.0, 0.0)	(43.0, 0.0)	(44.0, 0.008029763657289843)	(45.0, 0.04550199405797577)	(46.0, 0.2997778432054874)	(47.0, 0.6316747410401341)	(48.0, 1.3061748882524833)	(49.0, 3.1958459356013167)	(50.0, 8.511549476727541)	(51.0, 15.259227536735237)	(52.0, 21.69909798988381)	(53.0, 17.285404566258155)	(54.0, 10.500254275849207)	(55.0, 12.622788469259005)	(56.0, 4.922245121918673)	(57.0, 0.8083295415005082)	(58.0, 0.5888493348679221)	(59.0, 0.32119054629159377)	(60.0, 0.15256550948850703)	(61.0, 0.11241669120205787)	(62.0, 0.08297422445866172)	(63.0, 0.17130162468884993)	(64.0, 0.22750997028987865)	(65.0, 0.07226787291560859)	(66.0, 0.11776986697358442)	(67.0, 0.0883274002301883)	(68.0, 0.3747223040068598)	(69.0, 0.5460239286957103)	(70.0, 0.034795642514922655)	(71.0, 0.010706351543053124)	(72.0, 0.002676587885763281)	(73.0, 0.0)	(74.0, 0.0)	(75.0, 0.0)	(76.0, 0.0)	(77.0, 0.0)	(78.0, 0.0)	(79.0, 0.0)	(80.0, 0.0)	(81.0, 0.0)	(82.0, 0.0)	(83.0, 0.0)	(84.0, 0.0)	(85.0, 0.0)	(86.0, 0.0)	(87.0, 0.0)	(88.0, 0.0)	(89.0, 0.0)	(90.0, 0.0)	(91.0, 0.0)	(92.0, 0.0)	(93.0, 0.0)	(94.0, 0.0)	(95.0, 0.0)	(96.0, 0.0)	(97.0, 0.0)	(98.0, 0.0)	(99.0, 0.0)	(100.0, 0.0)
SRR37700601_2	(0.0, 0.0)	(1.0, 0.0)	(2.0, 0.0)	(3.0, 0.0)	(4.0, 0.0)	(5.0, 0.0)	(6.0, 0.0)	(7.0, 0.0)	(8.0, 0.0)	(9.0, 0.0)	(10.0, 0.0)	(11.0, 0.0)	(12.0, 0.0)	(13.0, 0.0)	(14.0, 0.0)	(15.0, 0.0)	(16.0, 0.0)	(17.0, 0.0)	(18.0, 0.0)	(19.0, 0.0)	(20.0, 0.0)	(21.0, 0.0)	(22.0, 0.0)	(23.0, 0.0)	(24.0, 0.0)	(25.0, 0.0)	(26.0, 0.0)	(27.0, 0.0)	(28.0, 0.0)	(29.0, 0.0)	(30.0, 0.0)	(31.0, 0.0)	(32.0, 0.0)	(33.0, 0.0)	(34.0, 0.0)	(35.0, 0.0)	(36.0, 0.002561672259651103)	(37.0, 0.0)	(38.0, 0.0)	(39.0, 0.0)	(40.0, 0.002561672259651103)	(41.0, 0.007685016778953311)	(42.0, 0.007685016778953311)	(43.0, 0.002561672259651103)	(44.0, 0.005123344519302206)	(45.0, 0.025616722596511037)	(46.0, 0.074288495529882)	(47.0, 0.3714424776494105)	(48.0, 0.9657504418884605)	(49.0, 3.040704972205821)	(50.0, 5.015754284396894)	(51.0, 7.029228680482889)	(52.0, 11.215001152752127)	(53.0, 20.398596203602423)	(54.0, 19.722314727054226)	(55.0, 11.87591259574196)	(56.0, 11.266234597945136)	(57.0, 3.852755078515174)	(58.0, 2.2440248994543732)	(59.0, 0.4611010067371997)	(60.0, 0.34582575505289925)	(61.0, 0.3022773266388302)	(62.0, 0.09990521812639308)	(63.0, 0.13833030202115962)	(64.0, 0.06660347875092866)	(65.0, 0.20749545303173916)	(66.0, 0.2689755872633656)	(67.0, 0.10246689038604419)	(68.0, 0.05635678971232425)	(69.0, 0.05635678971232425)	(70.0, 0.038425083894766544)	(71.0, 0.12552194072290415)	(72.0, 0.41242923380382845)	(73.0, 0.14601531880011287)	(74.0, 0.033301739375464344)	(75.0, 0.002561672259651103)	(76.0, 0.005123344519302206)	(77.0, 0.005123344519302206)	(78.0, 0.0)	(79.0, 0.0)	(80.0, 0.0)	(81.0, 0.0)	(82.0, 0.0)	(83.0, 0.0)	(84.0, 0.0)	(85.0, 0.0)	(86.0, 0.0)	(87.0, 0.0)	(88.0, 0.0)	(89.0, 0.0)	(90.0, 0.0)	(91.0, 0.0)	(92.0, 0.0)	(93.0, 0.0)	(94.0, 0.0)	(95.0, 0.0)	(96.0, 0.0)	(97.0, 0.0)	(98.0, 0.0)	(99.0, 0.0)	(100.0, 0.0)
SRR37700602_1	(0.0, 0.0)	(1.0, 0.0)	(2.0, 0.0)	(3.0, 0.0)	(4.0, 0.0)	(5.0, 0.0)	(6.0, 0.0)	(7.0, 0.0)	(8.0, 0.0)	(9.0, 0.0)	(10.0, 0.0)	(11.0, 0.0)	(12.0, 0.0)	(13.0, 0.0)	(14.0, 0.0)	(15.0, 0.0)	(16.0, 0.0)	(17.0, 0.0)	(18.0, 0.0)	(19.0, 0.0)	(20.0, 0.0)	(21.0, 0.0)	(22.0, 0.0)	(23.0, 0.0)	(24.0, 0.0)	(25.0, 0.0)	(26.0, 0.0)	(27.0, 0.0)	(28.0, 0.0)	(29.0, 0.0)	(30.0, 0.0)	(31.0, 0.0)	(32.0, 0.0)	(33.0, 0.0)	(34.0, 0.0)	(35.0, 0.0)	(36.0, 0.0)	(37.0, 0.0)	(38.0, 0.0)	(39.0, 0.0)	(40.0, 0.0)	(41.0, 0.0)	(42.0, 0.0)	(43.0, 0.0)	(44.0, 0.005393597799412247)	(45.0, 0.12135595048677564)	(46.0, 0.30204147676708576)	(47.0, 0.8225236644103647)	(48.0, 0.5096949920444588)	(49.0, 2.0333863703784396)	(50.0, 6.93886356894408)	(51.0, 12.653380437420514)	(52.0, 19.678541571155492)	(53.0, 16.50171246730028)	(54.0, 10.576845284647272)	(55.0, 14.241794989347062)	(56.0, 7.386532186295347)	(57.0, 1.674712116717515)	(58.0, 0.6175669480327023)	(59.0, 0.13214314608560015)	(60.0, 0.10247835818883275)	(61.0, 0.2184407108761958)	(62.0, 0.2750734877700244)	(63.0, 0.3236158679647349)	(64.0, 1.4562714058413129)	(65.0, 1.2890698740595283)	(66.0, 0.15641433618295517)	(67.0, 0.19956311857825298)	(68.0, 0.5474501766403441)	(69.0, 1.108384347779213)	(70.0, 0.11326555378765725)	(71.0, 0.005393597799412247)	(72.0, 0.0026967988997061237)	(73.0, 0.0)	(74.0, 0.0026967988997061237)	(75.0, 0.0026967988997061237)	(76.0, 0.0)	(77.0, 0.0)	(78.0, 0.0)	(79.0, 0.0)	(80.0, 0.0)	(81.0, 0.0)	(82.0, 0.0)	(83.0, 0.0)	(84.0, 0.0)	(85.0, 0.0)	(86.0, 0.0)	(87.0, 0.0)	(88.0, 0.0)	(89.0, 0.0)	(90.0, 0.0)	(91.0, 0.0)	(92.0, 0.0)	(93.0, 0.0)	(94.0, 0.0)	(95.0, 0.0)	(96.0, 0.0)	(97.0, 0.0)	(98.0, 0.0)	(99.0, 0.0)	(100.0, 0.0)
SRR37700602_2	(0.0, 0.0)	(1.0, 0.0)	(2.0, 0.0)	(3.0, 0.0)	(4.0, 0.0)	(5.0, 0.0)	(6.0, 0.0)	(7.0, 0.0)	(8.0, 0.0)	(9.0, 0.0)	(10.0, 0.0)	(11.0, 0.0)	(12.0, 0.0)	(13.0, 0.0)	(14.0, 0.0)	(15.0, 0.0)	(16.0, 0.0)	(17.0, 0.0)	(18.0, 0.0)	(19.0, 0.0)	(20.0, 0.0)	(21.0, 0.0)	(22.0, 0.0)	(23.0, 0.0)	(24.0, 0.0)	(25.0, 0.0)	(26.0, 0.0)	(27.0, 0.0)	(28.0, 0.0)	(29.0, 0.0)	(30.0, 0.0)	(31.0, 0.0)	(32.0, 0.0)	(33.0, 0.0)	(34.0, 0.0)	(35.0, 0.0)	(36.0, 0.0025544089097783414)	(37.0, 0.0)	(38.0, 0.0)	(39.0, 0.0)	(40.0, 0.007663226729335025)	(41.0, 0.0025544089097783414)	(42.0, 0.0025544089097783414)	(43.0, 0.0025544089097783414)	(44.0, 0.007663226729335025)	(45.0, 0.007663226729335025)	(46.0, 0.05619699601512349)	(47.0, 0.2963114335342876)	(48.0, 0.8736078471441887)	(49.0, 1.2261162766936053)	(50.0, 3.849494227035876)	(51.0, 6.873914376213763)	(52.0, 12.04659241851406)	(53.0, 17.09665883314565)	(54.0, 19.155512414427932)	(55.0, 12.044038009604282)	(56.0, 13.318688055583387)	(57.0, 5.264636763053225)	(58.0, 1.8545008684990951)	(59.0, 0.31930111372229286)	(60.0, 0.46234801266988096)	(61.0, 0.1328292633084738)	(62.0, 0.17369980586492711)	(63.0, 0.29886584244406594)	(64.0, 0.19668948605293213)	(65.0, 0.3933789721058653)	(66.0, 1.223561867783827)	(67.0, 1.044753244099338)	(68.0, 0.15837335240625713)	(69.0, 0.12005721875958213)	(70.0, 0.11494840094002544)	(71.0, 0.22734239297027212)	(72.0, 0.8812710738735235)	(73.0, 0.21712475733115877)	(74.0, 0.0306529069173401)	(75.0, 0.007663226729335025)	(76.0, 0.007663226729335025)	(77.0, 0.0)	(78.0, 0.0)	(79.0, 0.0)	(80.0, 0.0)	(81.0, 0.0)	(82.0, 0.0)	(83.0, 0.0)	(84.0, 0.0)	(85.0, 0.0)	(86.0, 0.0)	(87.0, 0.0)	(88.0, 0.0)	(89.0, 0.0)	(90.0, 0.0)	(91.0, 0.0)	(92.0, 0.0)	(93.0, 0.0)	(94.0, 0.0)	(95.0, 0.0)	(96.0, 0.0)	(97.0, 0.0)	(98.0, 0.0)	(99.0, 0.0)	(100.0, 0.0)
SRR37700603_1	(0.0, 0.0)	(1.0, 0.0)	(2.0, 0.0)	(3.0, 0.0)	(4.0, 0.0)	(5.0, 0.0)	(6.0, 0.0)	(7.0, 0.0)	(8.0, 0.0)	(9.0, 0.0)	(10.0, 0.0)	(11.0, 0.0)	(12.0, 0.0)	(13.0, 0.0)	(14.0, 0.0)	(15.0, 0.0)	(16.0, 0.0)	(17.0, 0.0)	(18.0, 0.0)	(19.0, 0.0)	(20.0, 0.0)	(21.0, 0.0)	(22.0, 0.0)	(23.0, 0.0)	(24.0, 0.0)	(25.0, 0.0)	(26.0, 0.0)	(27.0, 0.0)	(28.0, 0.0)	(29.0, 0.0)	(30.0, 0.0)	(31.0, 0.0)	(32.0, 0.0)	(33.0, 0.0)	(34.0, 0.0)	(35.0, 0.0)	(36.0, 0.0)	(37.0, 0.0)	(38.0, 0.0)	(39.0, 0.0)	(40.0, 0.0)	(41.0, 0.0019177294083804481)	(42.0, 0.0019177294083804481)	(43.0, 0.005753188225141344)	(44.0, 0.0)	(45.0, 0.028765941125706716)	(46.0, 0.44874868156102465)	(47.0, 0.7862690574359809)	(48.0, 1.1410489979863738)	(49.0, 3.530539840828404)	(50.0, 13.312877552976692)	(51.0, 13.013711765269209)	(52.0, 19.154281330906194)	(53.0, 15.855786748490324)	(54.0, 10.357656534662052)	(55.0, 14.306261386518218)	(56.0, 4.079010451625274)	(57.0, 1.6626713970658544)	(58.0, 0.36436858759228613)	(59.0, 0.026848211717326268)	(60.0, 0.0076709176335217925)	(61.0, 0.01917729408380448)	(62.0, 0.10547511746092465)	(63.0, 0.13807651740339216)	(64.0, 0.176431105571001)	(65.0, 0.12848787036148995)	(66.0, 0.14191197622015303)	(67.0, 0.10355738805254422)	(68.0, 0.3509444817336229)	(69.0, 0.6501102694409688)	(70.0, 0.06520279988493526)	(71.0, 0.011506376450282687)	(72.0, 0.005753188225141344)	(73.0, 0.009588647041902239)	(74.0, 0.0)	(75.0, 0.0019177294083804481)	(76.0, 0.0038354588167608963)	(77.0, 0.0)	(78.0, 0.0)	(79.0, 0.0019177294083804481)	(80.0, 0.0)	(81.0, 0.0)	(82.0, 0.0)	(83.0, 0.0)	(84.0, 0.0)	(85.0, 0.0)	(86.0, 0.0)	(87.0, 0.0)	(88.0, 0.0)	(89.0, 0.0)	(90.0, 0.0)	(91.0, 0.0)	(92.0, 0.0)	(93.0, 0.0)	(94.0, 0.0)	(95.0, 0.0)	(96.0, 0.0)	(97.0, 0.0)	(98.0, 0.0)	(99.0, 0.0)	(100.0, 0.0)
SRR37700603_2	(0.0, 0.0)	(1.0, 0.0)	(2.0, 0.0)	(3.0, 0.0)	(4.0, 0.0)	(5.0, 0.0)	(6.0, 0.0)	(7.0, 0.0)	(8.0, 0.0)	(9.0, 0.0)	(10.0, 0.0)	(11.0, 0.0)	(12.0, 0.0)	(13.0, 0.0)	(14.0, 0.0)	(15.0, 0.0)	(16.0, 0.0)	(17.0, 0.0)	(18.0, 0.0)	(19.0, 0.0)	(20.0, 0.0)	(21.0, 0.0)	(22.0, 0.0)	(23.0, 0.0)	(24.0, 0.0)	(25.0, 0.0)	(26.0, 0.0)	(27.0, 0.0)	(28.0, 0.0)	(29.0, 0.0)	(30.0, 0.0)	(31.0, 0.0)	(32.0, 0.0)	(33.0, 0.0)	(34.0, 0.0)	(35.0, 0.0)	(36.0, 0.0)	(37.0, 0.003593890386343149)	(38.0, 0.003593890386343149)	(39.0, 0.0)	(40.0, 0.007187780772686298)	(41.0, 0.0017969451931715745)	(42.0, 0.008984725965857872)	(43.0, 0.003593890386343149)	(44.0, 0.05390835579514723)	(45.0, 0.05390835579514723)	(46.0, 0.23539982030547643)	(47.0, 0.560646900269529)	(48.0, 0.9290206648697067)	(49.0, 1.9532794249774845)	(50.0, 7.419586702605249)	(51.0, 10.711590296494824)	(52.0, 10.612758310870412)	(53.0, 18.84636118598602)	(54.0, 18.379155435761195)	(55.0, 9.556154537285765)	(56.0, 12.774483378256507)	(57.0, 3.105121293800457)	(58.0, 2.0089847259658002)	(59.0, 0.7044025157232536)	(60.0, 0.3000898472596536)	(61.0, 0.05031446540880408)	(62.0, 0.03953279424977462)	(63.0, 0.04312668463611777)	(64.0, 0.044923629829289345)	(65.0, 0.1994609164420447)	(66.0, 0.26954177897573656)	(67.0, 0.13477088948786797)	(68.0, 0.071877807726863)	(69.0, 0.05750224618149039)	(70.0, 0.05929919137466197)	(71.0, 0.17430368373764246)	(72.0, 0.49775381850852485)	(73.0, 0.10242587601077974)	(74.0, 0.02156334231805889)	(75.0, 0.0)	(76.0, 0.0)	(77.0, 0.0)	(78.0, 0.0)	(79.0, 0.0)	(80.0, 0.0)	(81.0, 0.0)	(82.0, 0.0)	(83.0, 0.0)	(84.0, 0.0)	(85.0, 0.0)	(86.0, 0.0)	(87.0, 0.0)	(88.0, 0.0)	(89.0, 0.0)	(90.0, 0.0)	(91.0, 0.0)	(92.0, 0.0)	(93.0, 0.0)	(94.0, 0.0)	(95.0, 0.0)	(96.0, 0.0)	(97.0, 0.0)	(98.0, 0.0)	(99.0, 0.0)	(100.0, 0.0)
SRR37700604_1	(0.0, 0.0)	(1.0, 0.0)	(2.0, 0.0)	(3.0, 0.0)	(4.0, 0.0)	(5.0, 0.0)	(6.0, 0.0)	(7.0, 0.0)	(8.0, 0.0)	(9.0, 0.0)	(10.0, 0.0)	(11.0, 0.0)	(12.0, 0.0)	(13.0, 0.0)	(14.0, 0.0)	(15.0, 0.0)	(16.0, 0.0)	(17.0, 0.0)	(18.0, 0.0)	(19.0, 0.0)	(20.0, 0.0)	(21.0, 0.0)	(22.0, 0.0)	(23.0, 0.0)	(24.0, 0.0)	(25.0, 0.0)	(26.0, 0.0)	(27.0, 0.0)	(28.0, 0.0)	(29.0, 0.0)	(30.0, 0.0)	(31.0, 0.0)	(32.0, 0.0)	(33.0, 0.0)	(34.0, 0.0)	(35.0, 0.0)	(36.0, 0.0)	(37.0, 0.0)	(38.0, 0.0)	(39.0, 0.0)	(40.0, 0.0)	(41.0, 0.0)	(42.0, 0.0)	(43.0, 0.0)	(44.0, 0.009049978506301085)	(45.0, 0.1809995701260215)	(46.0, 0.44571144143532937)	(47.0, 0.5090612909794361)	(48.0, 1.1697097219394186)	(49.0, 5.642661598678893)	(50.0, 7.574832009774181)	(51.0, 12.172221090974086)	(52.0, 13.20618113531875)	(53.0, 21.87379804973208)	(54.0, 15.475463245774304)	(55.0, 10.889386637706199)	(56.0, 4.074752822462052)	(57.0, 0.9502477431616111)	(58.0, 0.5543111835109409)	(59.0, 0.3167492477205383)	(60.0, 0.1266996990882152)	(61.0, 1.0520600013575012)	(62.0, 0.9864476571868165)	(63.0, 0.1990995271386236)	(64.0, 0.6380234846942248)	(65.0, 0.5656236566438171)	(66.0, 0.11538722595533887)	(67.0, 0.1131247313287636)	(68.0, 0.3054367745876619)	(69.0, 0.6923233557320304)	(70.0, 0.13122468834136572)	(71.0, 0.02262494626575271)	(72.0, 0.006787483879725813)	(73.0, 0.0)	(74.0, 0.0)	(75.0, 0.0)	(76.0, 0.0)	(77.0, 0.0)	(78.0, 0.0)	(79.0, 0.0)	(80.0, 0.0)	(81.0, 0.0)	(82.0, 0.0)	(83.0, 0.0)	(84.0, 0.0)	(85.0, 0.0)	(86.0, 0.0)	(87.0, 0.0)	(88.0, 0.0)	(89.0, 0.0)	(90.0, 0.0)	(91.0, 0.0)	(92.0, 0.0)	(93.0, 0.0)	(94.0, 0.0)	(95.0, 0.0)	(96.0, 0.0)	(97.0, 0.0)	(98.0, 0.0)	(99.0, 0.0)	(100.0, 0.0)
SRR37700604_2	(0.0, 0.0)	(1.0, 0.0)	(2.0, 0.0)	(3.0, 0.0)	(4.0, 0.0)	(5.0, 0.0)	(6.0, 0.0)	(7.0, 0.0)	(8.0, 0.0)	(9.0, 0.0)	(10.0, 0.0)	(11.0, 0.0)	(12.0, 0.0)	(13.0, 0.0)	(14.0, 0.0)	(15.0, 0.0)	(16.0, 0.0)	(17.0, 0.0)	(18.0, 0.0)	(19.0, 0.0)	(20.0, 0.0)	(21.0, 0.0)	(22.0, 0.0)	(23.0, 0.0)	(24.0, 0.0)	(25.0, 0.0)	(26.0, 0.0)	(27.0, 0.0)	(28.0, 0.0)	(29.0, 0.0)	(30.0, 0.0)	(31.0, 0.0)	(32.0, 0.0)	(33.0, 0.0)	(34.0, 0.0023026088558336403)	(35.0, 0.0023026088558336403)	(36.0, 0.0023026088558336403)	(37.0, 0.0023026088558336403)	(38.0, 0.0)	(39.0, 0.0)	(40.0, 0.004605217711667281)	(41.0, 0.006907826567500922)	(42.0, 0.009210435423334561)	(43.0, 0.004605217711667281)	(44.0, 0.10822261622418117)	(45.0, 0.122038269359183)	(46.0, 0.10822261622418117)	(47.0, 0.38914089663588614)	(48.0, 0.8611757120817768)	(49.0, 5.64829952336008)	(50.0, 5.321329065831666)	(51.0, 5.39501254921835)	(52.0, 8.42294319463947)	(53.0, 17.677128186235176)	(54.0, 17.81067949987359)	(55.0, 17.136015105114026)	(56.0, 9.827534596697673)	(57.0, 3.371019364940379)	(58.0, 1.703930553316912)	(59.0, 1.0200557231343015)	(60.0, 0.4674295977342298)	(61.0, 0.43289046489672567)	(62.0, 0.29012871583503885)	(63.0, 1.0292661585576364)	(64.0, 0.20723479702502737)	(65.0, 0.3246678486725437)	(66.0, 0.7045983098850915)	(67.0, 0.43289046489672567)	(68.0, 0.05986783025167464)	(69.0, 0.04374956826083916)	(70.0, 0.057565221395841)	(71.0, 0.14276174906168568)	(72.0, 0.5641391696792414)	(73.0, 0.14045914020585207)	(74.0, 0.0345391328375046)	(75.0, 0.029933915125837325)	(76.0, 0.05986783025167464)	(77.0, 0.01381565313500184)	(78.0, 0.0)	(79.0, 0.0)	(80.0, 0.0)	(81.0, 0.0)	(82.0, 0.0)	(83.0, 0.0)	(84.0, 0.0)	(85.0, 0.0)	(86.0, 0.0)	(87.0, 0.0)	(88.0, 0.0)	(89.0, 0.0)	(90.0, 0.0)	(91.0, 0.0023026088558336403)	(92.0, 0.0023026088558336403)	(93.0, 0.0)	(94.0, 0.0)	(95.0, 0.0023026088558336403)	(96.0, 0.0)	(97.0, 0.0)	(98.0, 0.0)	(99.0, 0.0)	(100.0, 0.0)
SRR37700605_1	(0.0, 0.0)	(1.0, 0.0)	(2.0, 0.0)	(3.0, 0.0)	(4.0, 0.0)	(5.0, 0.0)	(6.0, 0.0)	(7.0, 0.0)	(8.0, 0.0)	(9.0, 0.0)	(10.0, 0.0)	(11.0, 0.0)	(12.0, 0.0)	(13.0, 0.0)	(14.0, 0.0)	(15.0, 0.0)	(16.0, 0.0)	(17.0, 0.0)	(18.0, 0.0)	(19.0, 0.0)	(20.0, 0.0)	(21.0, 0.0)	(22.0, 0.0)	(23.0, 0.0)	(24.0, 0.0)	(25.0, 0.0)	(26.0, 0.0)	(27.0, 0.0)	(28.0, 0.0)	(29.0, 0.0)	(30.0, 0.0)	(31.0, 0.0)	(32.0, 0.0)	(33.0, 0.0)	(34.0, 0.0)	(35.0, 0.0)	(36.0, 0.0)	(37.0, 0.0024576666912433606)	(38.0, 0.0024576666912433606)	(39.0, 0.0)	(40.0, 0.0)	(41.0, 0.0)	(42.0, 0.0)	(43.0, 0.0024576666912433606)	(44.0, 0.009830666764973442)	(45.0, 0.1425446680921149)	(46.0, 1.1747646784143275)	(47.0, 0.9584900095849056)	(48.0, 1.1919683452530316)	(49.0, 5.623141389564933)	(50.0, 13.893189805597617)	(51.0, 20.91474354248227)	(52.0, 17.584605175846)	(53.0, 11.91231045245592)	(54.0, 6.780702401140687)	(55.0, 12.116296787829071)	(56.0, 4.094472707611389)	(57.0, 1.4647693479810522)	(58.0, 0.38339600383396494)	(59.0, 0.0811030008110309)	(60.0, 0.061441667281083995)	(61.0, 0.034407333677407045)	(62.0, 0.10076433434097784)	(63.0, 0.11551033448843802)	(64.0, 0.1228833345621681)	(65.0, 0.0958490009584911)	(66.0, 0.08601833419351763)	(67.0, 0.0958490009584911)	(68.0, 0.351446336847801)	(69.0, 0.5308560053085662)	(70.0, 0.061441667281083995)	(71.0, 0.009830666764973442)	(72.0, 0.0)	(73.0, 0.0)	(74.0, 0.0)	(75.0, 0.0)	(76.0, 0.0)	(77.0, 0.0)	(78.0, 0.0)	(79.0, 0.0)	(80.0, 0.0)	(81.0, 0.0)	(82.0, 0.0)	(83.0, 0.0)	(84.0, 0.0)	(85.0, 0.0)	(86.0, 0.0)	(87.0, 0.0)	(88.0, 0.0)	(89.0, 0.0)	(90.0, 0.0)	(91.0, 0.0)	(92.0, 0.0)	(93.0, 0.0)	(94.0, 0.0)	(95.0, 0.0)	(96.0, 0.0)	(97.0, 0.0)	(98.0, 0.0)	(99.0, 0.0)	(100.0, 0.0)
SRR37700605_2	(0.0, 0.0)	(1.0, 0.0)	(2.0, 0.0)	(3.0, 0.0)	(4.0, 0.0)	(5.0, 0.0)	(6.0, 0.0)	(7.0, 0.0)	(8.0, 0.0)	(9.0, 0.0)	(10.0, 0.0)	(11.0, 0.0)	(12.0, 0.0)	(13.0, 0.0)	(14.0, 0.0)	(15.0, 0.0)	(16.0, 0.0)	(17.0, 0.0)	(18.0, 0.0)	(19.0, 0.0)	(20.0, 0.0)	(21.0, 0.0)	(22.0, 0.0)	(23.0, 0.0)	(24.0, 0.0)	(25.0, 0.0)	(26.0, 0.0)	(27.0, 0.0)	(28.0, 0.0)	(29.0, 0.0)	(30.0, 0.0)	(31.0, 0.0)	(32.0, 0.0)	(33.0, 0.0)	(34.0, 0.00225265813660118)	(35.0, 0.00225265813660118)	(36.0, 0.0)	(37.0, 0.00450531627320236)	(38.0, 0.00450531627320236)	(39.0, 0.00450531627320236)	(40.0, 0.00450531627320236)	(41.0, 0.00225265813660118)	(42.0, 0.00450531627320236)	(43.0, 0.00450531627320236)	(44.0, 0.020273923229410618)	(45.0, 0.04505316273202358)	(46.0, 0.29960353216795715)	(47.0, 1.2434672914038571)	(48.0, 1.4484591818345702)	(49.0, 4.070553252838322)	(50.0, 8.88898900702812)	(51.0, 10.082897819426476)	(52.0, 11.837718507838396)	(53.0, 21.44305280230883)	(54.0, 16.08172643719558)	(55.0, 7.442782483330493)	(56.0, 10.022076049738256)	(57.0, 2.556766985042312)	(58.0, 1.7638313209587415)	(59.0, 0.9799062894215116)	(60.0, 0.3041088484411596)	(61.0, 0.0810956929176425)	(62.0, 0.06307442782483304)	(63.0, 0.04280050459542241)	(64.0, 0.05631645341502947)	(65.0, 0.14642277887907662)	(66.0, 0.2049918904307071)	(67.0, 0.058569111551630665)	(68.0, 0.03378987204901769)	(69.0, 0.03829518832222005)	(70.0, 0.02703189763921416)	(71.0, 0.1081275905568567)	(72.0, 0.43926833663723114)	(73.0, 0.09911695801045196)	(74.0, 0.02477923950261298)	(75.0, 0.00225265813660118)	(76.0, 0.00225265813660118)	(77.0, 0.00225265813660118)	(78.0, 0.0)	(79.0, 0.00225265813660118)	(80.0, 0.00225265813660118)	(81.0, 0.0)	(82.0, 0.0)	(83.0, 0.0)	(84.0, 0.0)	(85.0, 0.0)	(86.0, 0.0)	(87.0, 0.0)	(88.0, 0.0)	(89.0, 0.0)	(90.0, 0.0)	(91.0, 0.0)	(92.0, 0.0)	(93.0, 0.0)	(94.0, 0.0)	(95.0, 0.0)	(96.0, 0.0)	(97.0, 0.0)	(98.0, 0.0)	(99.0, 0.0)	(100.0, 0.0)
SRR37700606_1	(0.0, 0.0)	(1.0, 0.0)	(2.0, 0.0)	(3.0, 0.0)	(4.0, 0.0)	(5.0, 0.0)	(6.0, 0.0)	(7.0, 0.0)	(8.0, 0.0)	(9.0, 0.0)	(10.0, 0.0)	(11.0, 0.0)	(12.0, 0.0)	(13.0, 0.0)	(14.0, 0.0)	(15.0, 0.0)	(16.0, 0.0)	(17.0, 0.0)	(18.0, 0.0)	(19.0, 0.0)	(20.0, 0.0)	(21.0, 0.0)	(22.0, 0.0)	(23.0, 0.0)	(24.0, 0.0)	(25.0, 0.0)	(26.0, 0.0)	(27.0, 0.0)	(28.0, 0.0)	(29.0, 0.0)	(30.0, 0.0)	(31.0, 0.0)	(32.0, 0.0)	(33.0, 0.0)	(34.0, 0.0)	(35.0, 0.0)	(36.0, 0.0)	(37.0, 0.0)	(38.0, 0.0)	(39.0, 0.0)	(40.0, 0.0)	(41.0, 0.0)	(42.0, 0.0)	(43.0, 0.0)	(44.0, 0.004176062807984494)	(45.0, 0.07238508867173125)	(46.0, 0.23385951724713222)	(47.0, 0.9549263620924632)	(48.0, 0.36610150616664)	(49.0, 1.9933739803445583)	(50.0, 8.721011164006917)	(51.0, 10.004454466994735)	(52.0, 15.52103343634476)	(53.0, 22.571619477154332)	(54.0, 14.982321334114514)	(55.0, 13.34252067151186)	(56.0, 4.5978451515910495)	(57.0, 2.1590244717279368)	(58.0, 0.741947158885248)	(59.0, 0.5261839138060433)	(60.0, 0.4412706367103598)	(61.0, 0.4009020295665103)	(62.0, 0.343829171190723)	(63.0, 0.19349091010328182)	(64.0, 0.4830312647902042)	(65.0, 0.41899830173444286)	(66.0, 0.08630529803167954)	(67.0, 0.09326540271165365)	(68.0, 0.16565049138338495)	(69.0, 0.5011275369581367)	(70.0, 0.07099306773573644)	(71.0, 0.006960104679974157)	(72.0, 0.0)	(73.0, 0.0)	(74.0, 0.0013920209359948314)	(75.0, 0.0)	(76.0, 0.0)	(77.0, 0.0)	(78.0, 0.0)	(79.0, 0.0)	(80.0, 0.0)	(81.0, 0.0)	(82.0, 0.0)	(83.0, 0.0)	(84.0, 0.0)	(85.0, 0.0)	(86.0, 0.0)	(87.0, 0.0)	(88.0, 0.0)	(89.0, 0.0)	(90.0, 0.0)	(91.0, 0.0)	(92.0, 0.0)	(93.0, 0.0)	(94.0, 0.0)	(95.0, 0.0)	(96.0, 0.0)	(97.0, 0.0)	(98.0, 0.0)	(99.0, 0.0)	(100.0, 0.0)
SRR37700606_2	(0.0, 0.0)	(1.0, 0.0)	(2.0, 0.0)	(3.0, 0.0)	(4.0, 0.0)	(5.0, 0.0)	(6.0, 0.0)	(7.0, 0.0)	(8.0, 0.0)	(9.0, 0.0)	(10.0, 0.0)	(11.0, 0.0)	(12.0, 0.0)	(13.0, 0.0)	(14.0, 0.0)	(15.0, 0.0)	(16.0, 0.0)	(17.0, 0.0)	(18.0, 0.0)	(19.0, 0.0)	(20.0, 0.0)	(21.0, 0.0)	(22.0, 0.0)	(23.0, 0.0)	(24.0, 0.0)	(25.0, 0.0)	(26.0, 0.0)	(27.0, 0.0)	(28.0, 0.0013623421386045897)	(29.0, 0.0013623421386045897)	(30.0, 0.0)	(31.0, 0.0)	(32.0, 0.0013623421386045897)	(33.0, 0.0013623421386045897)	(34.0, 0.0)	(35.0, 0.0027246842772091794)	(36.0, 0.0027246842772091794)	(37.0, 0.0013623421386045897)	(38.0, 0.0013623421386045897)	(39.0, 0.0)	(40.0, 0.004087026415813769)	(41.0, 0.0027246842772091794)	(42.0, 0.008174052831627539)	(43.0, 0.010898737108836718)	(44.0, 0.04631963271255607)	(45.0, 0.05176900126697444)	(46.0, 0.08310287045487996)	(47.0, 0.2220617685925486)	(48.0, 0.877348337261363)	(49.0, 1.3691538492976063)	(50.0, 6.227265915561306)	(51.0, 7.766712532184142)	(52.0, 11.690257891366732)	(53.0, 15.98844733866617)	(54.0, 15.14107052845373)	(55.0, 18.394343555440713)	(56.0, 11.826492105227254)	(57.0, 3.46716074274879)	(58.0, 2.456302875904069)	(59.0, 0.6253150416195066)	(60.0, 0.397803904472539)	(61.0, 0.521777039085555)	(62.0, 0.4591093007097447)	(63.0, 0.3991662466111436)	(64.0, 0.13350952958324963)	(65.0, 0.31606337615626473)	(66.0, 0.47273272209579037)	(67.0, 0.24522158494882676)	(68.0, 0.057218369821392806)	(69.0, 0.07765350190046162)	(70.0, 0.057218369821392806)	(71.0, 0.10762502894976249)	(72.0, 0.4127896679971893)	(73.0, 0.05040665912836984)	(74.0, 0.005449368554418359)	(75.0, 0.005449368554418359)	(76.0, 0.004087026415813769)	(77.0, 0.0013623421386045897)	(78.0, 0.0)	(79.0, 0.0013623421386045897)	(80.0, 0.0013623421386045897)	(81.0, 0.0)	(82.0, 0.0)	(83.0, 0.0)	(84.0, 0.0)	(85.0, 0.0)	(86.0, 0.0)	(87.0, 0.0)	(88.0, 0.0)	(89.0, 0.0)	(90.0, 0.0)	(91.0, 0.0)	(92.0, 0.0)	(93.0, 0.0)	(94.0, 0.0)	(95.0, 0.0)	(96.0, 0.0)	(97.0, 0.0)	(98.0, 0.0)	(99.0, 0.0)	(100.0, 0.0)
SRR37700607_1	(0.0, 0.0)	(1.0, 0.0)	(2.0, 0.0)	(3.0, 0.0)	(4.0, 0.004909421179242944)	(5.0, 0.0)	(6.0, 0.0)	(7.0, 0.0)	(8.0, 0.0)	(9.0, 0.0)	(10.0, 0.0)	(11.0, 0.0)	(12.0, 0.0)	(13.0, 0.0)	(14.0, 0.0)	(15.0, 0.009818842358485888)	(16.0, 0.009818842358485888)	(17.0, 0.0)	(18.0, 0.004909421179242944)	(19.0, 0.0)	(20.0, 0.0)	(21.0, 0.014728263537728834)	(22.0, 0.004909421179242944)	(23.0, 0.004909421179242944)	(24.0, 0.0)	(25.0, 0.0)	(26.0, 0.0)	(27.0, 0.0)	(28.0, 0.004909421179242944)	(29.0, 0.004909421179242944)	(30.0, 0.0)	(31.0, 0.0)	(32.0, 0.0)	(33.0, 0.004909421179242944)	(34.0, 0.009818842358485888)	(35.0, 0.0540036329716724)	(36.0, 0.5547645932544526)	(37.0, 1.4335509843389356)	(38.0, 0.27983700721684784)	(39.0, 0.0441847906131865)	(40.0, 0.06873189650940122)	(41.0, 0.16692032009426014)	(42.0, 0.18164858363198902)	(43.0, 0.11782610830183061)	(44.0, 0.2061956895282038)	(45.0, 1.2371741371692204)	(46.0, 7.403407138298197)	(47.0, 6.5491678531099735)	(48.0, 1.3059060336786206)	(49.0, 7.496686140703808)	(50.0, 9.327900240561625)	(51.0, 14.060582257352364)	(52.0, 11.316215818155245)	(53.0, 9.990672099759498)	(54.0, 9.907211939712358)	(55.0, 7.6488781972603475)	(56.0, 3.6378810938190607)	(57.0, 2.9112867592910847)	(58.0, 1.7870293092444225)	(59.0, 0.8542392851882744)	(60.0, 0.24056163778290443)	(61.0, 0.25528990132063323)	(62.0, 0.2651087436791191)	(63.0, 0.18655800481123197)	(64.0, 0.13746379301880243)	(65.0, 0.049094211792429454)	(66.0, 0.009818842358485888)	(67.0, 0.004909421179242944)	(68.0, 0.12273552948107358)	(69.0, 0.10800726594334474)	(70.0, 0.0)	(71.0, 0.0)	(72.0, 0.0)	(73.0, 0.0)	(74.0, 0.0)	(75.0, 0.0)	(76.0, 0.0)	(77.0, 0.0)	(78.0, 0.0)	(79.0, 0.0)	(80.0, 0.0)	(81.0, 0.0)	(82.0, 0.0)	(83.0, 0.0)	(84.0, 0.0)	(85.0, 0.0)	(86.0, 0.0)	(87.0, 0.0)	(88.0, 0.0)	(89.0, 0.0)	(90.0, 0.0)	(91.0, 0.0)	(92.0, 0.0)	(93.0, 0.0)	(94.0, 0.0)	(95.0, 0.0)	(96.0, 0.0)	(97.0, 0.0)	(98.0, 0.0)	(99.0, 0.0)	(100.0, 0.0)
SRR37700607_2	(0.0, 0.0)	(1.0, 0.0)	(2.0, 0.0)	(3.0, 0.0)	(4.0, 0.0)	(5.0, 0.0)	(6.0, 0.0)	(7.0, 0.0)	(8.0, 0.0)	(9.0, 0.0)	(10.0, 0.0)	(11.0, 0.0)	(12.0, 0.0)	(13.0, 0.0)	(14.0, 0.0)	(15.0, 0.0)	(16.0, 0.0)	(17.0, 0.0)	(18.0, 0.0)	(19.0, 0.0)	(20.0, 0.0)	(21.0, 0.0)	(22.0, 0.0)	(23.0, 0.0)	(24.0, 0.0)	(25.0, 0.0)	(26.0, 0.0)	(27.0, 0.0)	(28.0, 0.0046466242274986885)	(29.0, 0.0)	(30.0, 0.0046466242274986885)	(31.0, 0.013939872682496064)	(32.0, 0.051112866502485574)	(33.0, 0.09293248454997373)	(34.0, 0.11151898145996847)	(35.0, 0.23233121137493457)	(36.0, 0.3159704474699106)	(37.0, 0.6087077738023287)	(38.0, 1.9980484178244318)	(39.0, 1.3986338924771005)	(40.0, 0.43213605315737746)	(41.0, 0.2880907021049186)	(42.0, 0.18586496909994762)	(43.0, 0.12545885414246455)	(44.0, 5.673528181775819)	(45.0, 6.272942707123116)	(46.0, 0.5994145253473312)	(47.0, 0.6272942707123235)	(48.0, 1.0315505785047092)	(49.0, 6.184656846800646)	(50.0, 4.107615817108851)	(51.0, 6.221829840620633)	(52.0, 10.729055341294716)	(53.0, 14.288369499559112)	(54.0, 9.493053296779925)	(55.0, 6.928116723200393)	(56.0, 10.868454068119693)	(57.0, 3.50355466753405)	(58.0, 2.6811021792667584)	(59.0, 1.5798522373495465)	(60.0, 1.328934529064621)	(61.0, 0.7759862459922826)	(62.0, 0.24162445982993186)	(63.0, 0.3113238232424119)	(64.0, 0.14404535105245936)	(65.0, 0.2090980902374411)	(66.0, 0.09293248454997373)	(67.0, 0.027879745364992128)	(68.0, 0.0)	(69.0, 0.0046466242274986885)	(70.0, 0.023233121137493443)	(71.0, 0.06505273918498163)	(72.0, 0.08363923609497637)	(73.0, 0.027879745364992128)	(74.0, 0.0)	(75.0, 0.0)	(76.0, 0.0)	(77.0, 0.0)	(78.0, 0.0)	(79.0, 0.0)	(80.0, 0.0)	(81.0, 0.0)	(82.0, 0.0)	(83.0, 0.0)	(84.0, 0.0046466242274986885)	(85.0, 0.0046466242274986885)	(86.0, 0.0)	(87.0, 0.0)	(88.0, 0.0)	(89.0, 0.0)	(90.0, 0.0)	(91.0, 0.0)	(92.0, 0.0)	(93.0, 0.0)	(94.0, 0.0)	(95.0, 0.0)	(96.0, 0.0)	(97.0, 0.0)	(98.0, 0.0)	(99.0, 0.0)	(100.0, 0.0)
SRR37700608_1	(0.0, 0.0)	(1.0, 0.0)	(2.0, 0.0)	(3.0, 0.0)	(4.0, 0.0)	(5.0, 0.0)	(6.0, 0.0)	(7.0, 0.0)	(8.0, 0.0)	(9.0, 0.0)	(10.0, 0.0)	(11.0, 0.0)	(12.0, 0.0)	(13.0, 0.0)	(14.0, 0.0)	(15.0, 0.0)	(16.0, 0.0)	(17.0, 0.0)	(18.0, 0.0)	(19.0, 0.0)	(20.0, 0.0)	(21.0, 0.0)	(22.0, 0.0)	(23.0, 0.0)	(24.0, 0.0)	(25.0, 0.0)	(26.0, 0.0)	(27.0, 0.0)	(28.0, 0.0)	(29.0, 0.0)	(30.0, 0.0)	(31.0, 0.0)	(32.0, 0.0)	(33.0, 0.0)	(34.0, 0.0)	(35.0, 0.0)	(36.0, 0.0)	(37.0, 0.0)	(38.0, 0.0)	(39.0, 0.0)	(40.0, 0.0)	(41.0, 0.0)	(42.0, 0.0)	(43.0, 0.0)	(44.0, 0.0)	(45.0, 0.0)	(46.0, 0.0)	(47.0, 0.0)	(48.0, 0.0)	(49.0, 11.864406779661017)	(50.0, 23.728813559322035)	(51.0, 8.47457627118644)	(52.0, 25.423728813559322)	(53.0, 15.254237288135593)	(54.0, 5.084745762711865)	(55.0, 3.389830508474576)	(56.0, 1.694915254237288)	(57.0, 0.0)	(58.0, 0.0)	(59.0, 0.0)	(60.0, 0.0)	(61.0, 0.0)	(62.0, 0.0)	(63.0, 0.0)	(64.0, 1.694915254237288)	(65.0, 3.389830508474576)	(66.0, 0.0)	(67.0, 0.0)	(68.0, 0.0)	(69.0, 0.0)	(70.0, 0.0)	(71.0, 0.0)	(72.0, 0.0)	(73.0, 0.0)	(74.0, 0.0)	(75.0, 0.0)	(76.0, 0.0)	(77.0, 0.0)	(78.0, 0.0)	(79.0, 0.0)	(80.0, 0.0)	(81.0, 0.0)	(82.0, 0.0)	(83.0, 0.0)	(84.0, 0.0)	(85.0, 0.0)	(86.0, 0.0)	(87.0, 0.0)	(88.0, 0.0)	(89.0, 0.0)	(90.0, 0.0)	(91.0, 0.0)	(92.0, 0.0)	(93.0, 0.0)	(94.0, 0.0)	(95.0, 0.0)	(96.0, 0.0)	(97.0, 0.0)	(98.0, 0.0)	(99.0, 0.0)	(100.0, 0.0)
SRR37700608_2	(0.0, 0.0)	(1.0, 0.0)	(2.0, 0.0)	(3.0, 0.0)	(4.0, 0.0)	(5.0, 0.0)	(6.0, 0.0)	(7.0, 0.0)	(8.0, 0.0)	(9.0, 0.0)	(10.0, 0.0)	(11.0, 0.0)	(12.0, 0.0)	(13.0, 0.0)	(14.0, 0.0)	(15.0, 0.0)	(16.0, 0.0)	(17.0, 0.0)	(18.0, 0.0)	(19.0, 0.0)	(20.0, 0.0)	(21.0, 0.0)	(22.0, 0.0)	(23.0, 0.0)	(24.0, 0.0)	(25.0, 0.0)	(26.0, 0.0)	(27.0, 0.0)	(28.0, 0.0)	(29.0, 0.0)	(30.0, 0.0)	(31.0, 0.0)	(32.0, 0.0)	(33.0, 0.0)	(34.0, 0.0)	(35.0, 0.0)	(36.0, 0.0)	(37.0, 0.0)	(38.0, 0.0)	(39.0, 0.0)	(40.0, 0.0)	(41.0, 0.0)	(42.0, 0.0)	(43.0, 0.0)	(44.0, 0.0)	(45.0, 0.0)	(46.0, 0.0)	(47.0, 0.0)	(48.0, 3.5087719298245625)	(49.0, 5.263157894736844)	(50.0, 14.03508771929825)	(51.0, 19.298245614035096)	(52.0, 10.526315789473687)	(53.0, 15.789473684210531)	(54.0, 12.280701754385968)	(55.0, 5.263157894736844)	(56.0, 5.263157894736844)	(57.0, 1.7543859649122813)	(58.0, 1.7543859649122813)	(59.0, 0.0)	(60.0, 0.0)	(61.0, 0.0)	(62.0, 0.0)	(63.0, 1.7543859649122813)	(64.0, 0.0)	(65.0, 0.0)	(66.0, 1.7543859649122813)	(67.0, 1.7543859649122813)	(68.0, 0.0)	(69.0, 0.0)	(70.0, 0.0)	(71.0, 0.0)	(72.0, 0.0)	(73.0, 0.0)	(74.0, 0.0)	(75.0, 0.0)	(76.0, 0.0)	(77.0, 0.0)	(78.0, 0.0)	(79.0, 0.0)	(80.0, 0.0)	(81.0, 0.0)	(82.0, 0.0)	(83.0, 0.0)	(84.0, 0.0)	(85.0, 0.0)	(86.0, 0.0)	(87.0, 0.0)	(88.0, 0.0)	(89.0, 0.0)	(90.0, 0.0)	(91.0, 0.0)	(92.0, 0.0)	(93.0, 0.0)	(94.0, 0.0)	(95.0, 0.0)	(96.0, 0.0)	(97.0, 0.0)	(98.0, 0.0)	(99.0, 0.0)	(100.0, 0.0)
SRR37700609_1	(0.0, 0.0)	(1.0, 0.0)	(2.0, 0.0)	(3.0, 0.0)	(4.0, 0.0)	(5.0, 0.0)	(6.0, 0.0)	(7.0, 0.0)	(8.0, 0.0)	(9.0, 0.0)	(10.0, 0.0)	(11.0, 0.0)	(12.0, 0.0)	(13.0, 0.0)	(14.0, 0.0)	(15.0, 0.0)	(16.0, 0.0)	(17.0, 0.0)	(18.0, 0.0)	(19.0, 0.0)	(20.0, 0.0)	(21.0, 0.0)	(22.0, 0.0)	(23.0, 0.0)	(24.0, 0.0)	(25.0, 0.0)	(26.0, 0.0)	(27.0, 0.0)	(28.0, 0.0)	(29.0, 0.006169031462060783)	(30.0, 0.01850709438618235)	(31.0, 0.012338062924121566)	(32.0, 0.012338062924121566)	(33.0, 0.012338062924121566)	(34.0, 0.012338062924121566)	(35.0, 0.037014188772364696)	(36.0, 0.04318322023442549)	(37.0, 0.006169031462060783)	(38.0, 0.006169031462060783)	(39.0, 0.04318322023442549)	(40.0, 0.037014188772364696)	(41.0, 0.030845157310303916)	(42.0, 0.01850709438618235)	(43.0, 0.012338062924121566)	(44.0, 0.037014188772364696)	(45.0, 0.024676125848243132)	(46.0, 0.0740283775447294)	(47.0, 0.09870450339297251)	(48.0, 0.09253547193091174)	(49.0, 0.6600863664405034)	(50.0, 1.523750771129012)	(51.0, 3.3374460209748977)	(52.0, 32.54780999383046)	(53.0, 37.51388032078827)	(54.0, 13.676742751389018)	(55.0, 5.675508945095921)	(56.0, 1.0302282541641532)	(57.0, 0.3084515731030394)	(58.0, 0.17273288093770195)	(59.0, 0.024676125848243132)	(60.0, 0.01850709438618235)	(61.0, 0.12338062924121564)	(62.0, 0.1357186921653372)	(63.0, 0.055521283158547055)	(64.0, 0.27143738433067466)	(65.0, 0.25909932140655306)	(66.0, 0.049352251696486264)	(67.0, 0.08019740900679018)	(68.0, 0.9500308451573622)	(69.0, 0.9315237507711799)	(70.0, 0.01850709438618235)	(71.0, 0.0)	(72.0, 0.0)	(73.0, 0.0)	(74.0, 0.0)	(75.0, 0.0)	(76.0, 0.0)	(77.0, 0.0)	(78.0, 0.0)	(79.0, 0.0)	(80.0, 0.0)	(81.0, 0.0)	(82.0, 0.0)	(83.0, 0.0)	(84.0, 0.0)	(85.0, 0.0)	(86.0, 0.0)	(87.0, 0.0)	(88.0, 0.0)	(89.0, 0.0)	(90.0, 0.0)	(91.0, 0.0)	(92.0, 0.0)	(93.0, 0.0)	(94.0, 0.0)	(95.0, 0.0)	(96.0, 0.0)	(97.0, 0.0)	(98.0, 0.0)	(99.0, 0.0)	(100.0, 0.0)
SRR37700609_2	(0.0, 0.0)	(1.0, 0.0)	(2.0, 0.0)	(3.0, 0.0)	(4.0, 0.0)	(5.0, 0.0)	(6.0, 0.0)	(7.0, 0.0)	(8.0, 0.0)	(9.0, 0.0)	(10.0, 0.0)	(11.0, 0.0)	(12.0, 0.0)	(13.0, 0.0)	(14.0, 0.0)	(15.0, 0.0)	(16.0, 0.0)	(17.0, 0.0)	(18.0, 0.0)	(19.0, 0.0)	(20.0, 0.0)	(21.0, 0.0)	(22.0, 0.0)	(23.0, 0.0)	(24.0, 0.0)	(25.0, 0.0)	(26.0, 0.0)	(27.0, 0.0)	(28.0, 0.0)	(29.0, 0.0)	(30.0, 0.0059932276527526855)	(31.0, 0.017979682958258057)	(32.0, 0.0059932276527526855)	(33.0, 0.0059932276527526855)	(34.0, 0.017979682958258057)	(35.0, 0.023972910611010742)	(36.0, 0.029966138263763424)	(37.0, 0.03595936591651611)	(38.0, 0.011986455305505371)	(39.0, 0.017979682958258057)	(40.0, 0.029966138263763424)	(41.0, 0.029966138263763424)	(42.0, 0.023972910611010742)	(43.0, 0.017979682958258057)	(44.0, 0.05993227652752686)	(45.0, 0.05393904887477417)	(46.0, 0.041952593569268795)	(47.0, 0.11986455305505368)	(48.0, 0.13784423601331172)	(49.0, 0.6113092205807733)	(50.0, 0.7970992778161079)	(51.0, 3.158430973000677)	(52.0, 6.131071888765963)	(53.0, 30.421623565370737)	(54.0, 36.05525755895698)	(55.0, 12.36402864762894)	(56.0, 5.124209643103569)	(57.0, 1.6960834257290054)	(58.0, 0.3595936591651611)	(59.0, 0.08989841479129028)	(60.0, 0.13784423601331172)	(61.0, 0.07791195948578492)	(62.0, 0.017979682958258057)	(63.0, 0.11986455305505368)	(64.0, 0.041952593569268795)	(65.0, 0.08390518713853759)	(66.0, 0.3236342932486451)	(67.0, 0.23972910611010753)	(68.0, 0.06592550418027955)	(69.0, 0.05393904887477417)	(70.0, 0.07791195948578492)	(71.0, 0.25770878906836564)	(72.0, 0.5573701717059991)	(73.0, 0.3416139762069031)	(74.0, 0.07191873183303223)	(75.0, 0.011986455305505371)	(76.0, 0.0059932276527526855)	(77.0, 0.0)	(78.0, 0.0059932276527526855)	(79.0, 0.0)	(80.0, 0.0)	(81.0, 0.0)	(82.0, 0.0)	(83.0, 0.0)	(84.0, 0.0)	(85.0, 0.0)	(86.0, 0.0)	(87.0, 0.0)	(88.0, 0.0)	(89.0, 0.0)	(90.0, 0.0)	(91.0, 0.0)	(92.0, 0.0)	(93.0, 0.0)	(94.0, 0.0)	(95.0, 0.0)	(96.0, 0.0)	(97.0, 0.0)	(98.0, 0.0)	(99.0, 0.0)	(100.0, 0.008989841479129028)
SRR37700610_1	(0.0, 0.0)	(1.0, 0.0)	(2.0, 0.0)	(3.0, 0.0)	(4.0, 0.0)	(5.0, 0.0)	(6.0, 0.0)	(7.0, 0.0)	(8.0, 0.0)	(9.0, 0.0)	(10.0, 0.0)	(11.0, 0.0)	(12.0, 0.0)	(13.0, 0.0)	(14.0, 0.0)	(15.0, 0.0)	(16.0, 0.0)	(17.0, 0.0)	(18.0, 0.0)	(19.0, 0.0)	(20.0, 0.0)	(21.0, 0.0)	(22.0, 0.0)	(23.0, 0.0)	(24.0, 0.0)	(25.0, 0.0)	(26.0, 0.0)	(27.0, 0.0)	(28.0, 0.0)	(29.0, 0.0)	(30.0, 0.0)	(31.0, 0.004248088360238004)	(32.0, 0.0)	(33.0, 0.0)	(34.0, 0.0)	(35.0, 0.004248088360238004)	(36.0, 0.0)	(37.0, 0.004248088360238004)	(38.0, 0.004248088360238004)	(39.0, 0.004248088360238004)	(40.0, 0.004248088360238004)	(41.0, 0.008496176720476008)	(42.0, 0.012744265080714013)	(43.0, 0.008496176720476008)	(44.0, 0.012744265080714013)	(45.0, 0.08071367884452205)	(46.0, 0.13169073916737814)	(47.0, 0.34834324553951596)	(48.0, 0.5989804587935593)	(49.0, 1.257434154630445)	(50.0, 2.9694137638063935)	(51.0, 11.418861512320163)	(52.0, 25.40356839422105)	(53.0, 28.398470688189725)	(54.0, 11.50807136788517)	(55.0, 8.33474936278702)	(56.0, 3.530161427357803)	(57.0, 1.0535259133390238)	(58.0, 0.6074766355140353)	(59.0, 0.31435853865761204)	(60.0, 0.12744265080714012)	(61.0, 0.1529311809685682)	(62.0, 0.1231945624469021)	(63.0, 0.18691588785047228)	(64.0, 0.3695836873407059)	(65.0, 0.30586236193713606)	(66.0, 0.09770603228547405)	(67.0, 0.11894647408666409)	(68.0, 1.1129991503823549)	(69.0, 1.2914188615123487)	(70.0, 0.059473237043332045)	(71.0, 0.016992353440952016)	(72.0, 0.004248088360238004)	(73.0, 0.004248088360238004)	(74.0, 0.0)	(75.0, 0.0)	(76.0, 0.004248088360238004)	(77.0, 0.0)	(78.0, 0.0)	(79.0, 0.0)	(80.0, 0.0)	(81.0, 0.0)	(82.0, 0.0)	(83.0, 0.0)	(84.0, 0.0)	(85.0, 0.0)	(86.0, 0.0)	(87.0, 0.0)	(88.0, 0.0)	(89.0, 0.0)	(90.0, 0.0)	(91.0, 0.0)	(92.0, 0.0)	(93.0, 0.0)	(94.0, 0.0)	(95.0, 0.0)	(96.0, 0.0)	(97.0, 0.0)	(98.0, 0.0)	(99.0, 0.0)	(100.0, 0.0)
SRR37700610_2	(0.0, 0.0)	(1.0, 0.0)	(2.0, 0.0)	(3.0, 0.0)	(4.0, 0.0)	(5.0, 0.0)	(6.0, 0.0)	(7.0, 0.0)	(8.0, 0.0)	(9.0, 0.0)	(10.0, 0.0)	(11.0, 0.0)	(12.0, 0.0)	(13.0, 0.0)	(14.0, 0.0)	(15.0, 0.0)	(16.0, 0.0)	(17.0, 0.0)	(18.0, 0.0)	(19.0, 0.0)	(20.0, 0.0)	(21.0, 0.0)	(22.0, 0.0)	(23.0, 0.0)	(24.0, 0.0)	(25.0, 0.003963849690819772)	(26.0, 0.003963849690819772)	(27.0, 0.0)	(28.0, 0.0)	(29.0, 0.0)	(30.0, 0.0)	(31.0, 0.0)	(32.0, 0.0)	(33.0, 0.0)	(34.0, 0.0)	(35.0, 0.0)	(36.0, 0.007927699381639544)	(37.0, 0.007927699381639544)	(38.0, 0.0)	(39.0, 0.01585539876327909)	(40.0, 0.01189154907245932)	(41.0, 0.027746947835738407)	(42.0, 0.01981924845409886)	(43.0, 0.01981924845409886)	(44.0, 0.03171079752655818)	(45.0, 0.03171079752655818)	(46.0, 0.07927699381639543)	(47.0, 0.22197558268590728)	(48.0, 0.46377041382591344)	(49.0, 1.2961788488980601)	(50.0, 2.857935627081085)	(51.0, 5.811003646741664)	(52.0, 12.149199302363153)	(53.0, 21.388932931661948)	(54.0, 27.897574123988957)	(55.0, 11.669573489773907)	(56.0, 6.58791818614238)	(57.0, 2.318852069129581)	(58.0, 2.4655145076899165)	(59.0, 0.550975107023949)	(60.0, 0.37656572062787785)	(61.0, 0.49548121135247186)	(62.0, 0.12684319010623274)	(63.0, 0.18630093546852944)	(64.0, 0.10702394165213384)	(65.0, 0.21404788330426777)	(66.0, 0.4201680672268956)	(67.0, 0.24575868083082583)	(68.0, 0.05945774536229658)	(69.0, 0.11891549072459318)	(70.0, 0.10702394165213384)	(71.0, 0.309180275883942)	(72.0, 0.8482638338354321)	(73.0, 0.34089107341050007)	(74.0, 0.0832408435072152)	(75.0, 0.01189154907245932)	(76.0, 0.003963849690819772)	(77.0, 0.0)	(78.0, 0.0)	(79.0, 0.0)	(80.0, 0.003963849690819772)	(81.0, 0.0)	(82.0, 0.0)	(83.0, 0.0)	(84.0, 0.0)	(85.0, 0.0)	(86.0, 0.0)	(87.0, 0.0)	(88.0, 0.0)	(89.0, 0.0)	(90.0, 0.0)	(91.0, 0.0)	(92.0, 0.0)	(93.0, 0.0)	(94.0, 0.0)	(95.0, 0.0)	(96.0, 0.0)	(97.0, 0.0)	(98.0, 0.0)	(99.0, 0.0)	(100.0, 0.0)
SRR37700611_1	(0.0, 0.0)	(1.0, 0.0)	(2.0, 0.0)	(3.0, 0.0)	(4.0, 0.0)	(5.0, 0.0)	(6.0, 0.0)	(7.0, 0.0)	(8.0, 0.0)	(9.0, 0.0)	(10.0, 0.0)	(11.0, 0.0)	(12.0, 0.0)	(13.0, 0.0)	(14.0, 0.0)	(15.0, 0.0)	(16.0, 0.0)	(17.0, 0.0)	(18.0, 0.0)	(19.0, 0.0)	(20.0, 0.0)	(21.0, 0.0)	(22.0, 0.0)	(23.0, 0.0)	(24.0, 0.0)	(25.0, 0.0)	(26.0, 0.0)	(27.0, 0.0)	(28.0, 0.0)	(29.0, 0.0)	(30.0, 0.0)	(31.0, 0.0)	(32.0, 0.0)	(33.0, 0.0)	(34.0, 0.002113628677713831)	(35.0, 0.0)	(36.0, 0.0)	(37.0, 0.0)	(38.0, 0.0)	(39.0, 0.0)	(40.0, 0.0)	(41.0, 0.0)	(42.0, 0.0)	(43.0, 0.002113628677713831)	(44.0, 0.002113628677713831)	(45.0, 0.010568143388569155)	(46.0, 0.07186337504227026)	(47.0, 0.1500676361176819)	(48.0, 0.689042948934706)	(49.0, 7.1250422725734746)	(50.0, 16.651166723030045)	(51.0, 8.754649983090468)	(52.0, 19.751859993237645)	(53.0, 19.077612445046626)	(54.0, 5.195299289820745)	(55.0, 10.891528576258665)	(56.0, 2.5088772404462856)	(57.0, 0.6171795738924368)	(58.0, 3.128170443016403)	(59.0, 1.0610415962123456)	(60.0, 1.0420189381129206)	(61.0, 0.9321102468717982)	(62.0, 0.23461278322623513)	(63.0, 0.1944538383496722)	(64.0, 0.32549881636793054)	(65.0, 0.23249915454852133)	(66.0, 0.09299966181940862)	(67.0, 0.10779506256340543)	(68.0, 0.3677713899222074)	(69.0, 0.667906662157568)	(70.0, 0.09088603314169479)	(71.0, 0.019022658099424477)	(72.0, 0.002113628677713831)	(73.0, 0.0)	(74.0, 0.0)	(75.0, 0.0)	(76.0, 0.0)	(77.0, 0.0)	(78.0, 0.0)	(79.0, 0.0)	(80.0, 0.0)	(81.0, 0.0)	(82.0, 0.0)	(83.0, 0.0)	(84.0, 0.0)	(85.0, 0.0)	(86.0, 0.0)	(87.0, 0.0)	(88.0, 0.0)	(89.0, 0.0)	(90.0, 0.0)	(91.0, 0.0)	(92.0, 0.0)	(93.0, 0.0)	(94.0, 0.0)	(95.0, 0.0)	(96.0, 0.0)	(97.0, 0.0)	(98.0, 0.0)	(99.0, 0.0)	(100.0, 0.0)
SRR37700611_2	(0.0, 0.0)	(1.0, 0.0)	(2.0, 0.0)	(3.0, 0.0)	(4.0, 0.0)	(5.0, 0.0)	(6.0, 0.0)	(7.0, 0.0)	(8.0, 0.0)	(9.0, 0.0)	(10.0, 0.0)	(11.0, 0.0)	(12.0, 0.0)	(13.0, 0.0)	(14.0, 0.0)	(15.0, 0.0)	(16.0, 0.0)	(17.0, 0.0)	(18.0, 0.0)	(19.0, 0.0)	(20.0, 0.0)	(21.0, 0.0)	(22.0, 0.0)	(23.0, 0.0)	(24.0, 0.0)	(25.0, 0.0)	(26.0, 0.0)	(27.0, 0.0)	(28.0, 0.0)	(29.0, 0.0)	(30.0, 0.0)	(31.0, 0.0)	(32.0, 0.0)	(33.0, 0.0)	(34.0, 0.0)	(35.0, 0.0)	(36.0, 0.0017468164270616265)	(37.0, 0.0017468164270616265)	(38.0, 0.0)	(39.0, 0.0)	(40.0, 0.0)	(41.0, 0.0017468164270616265)	(42.0, 0.0017468164270616265)	(43.0, 0.012227714989431385)	(44.0, 0.017468164270616267)	(45.0, 0.026202246405924393)	(46.0, 0.029695879260047645)	(47.0, 0.09432808706132785)	(48.0, 0.43670410676540605)	(49.0, 4.253497999895178)	(50.0, 11.443394413680062)	(51.0, 11.350813143045754)	(52.0, 13.819064754484955)	(53.0, 21.056125211804563)	(54.0, 13.936101455098138)	(55.0, 5.044805841354185)	(56.0, 8.529704613341446)	(57.0, 1.8341572484146953)	(58.0, 0.42447639177597485)	(59.0, 0.32316103900640175)	(60.0, 1.8883085576536025)	(61.0, 2.3092913165754307)	(62.0, 0.45766590389014533)	(63.0, 0.9048509092179253)	(64.0, 0.22009886980976506)	(65.0, 0.1729348262791008)	(66.0, 0.28647789403810736)	(67.0, 0.17468164270616246)	(68.0, 0.06812584065540346)	(69.0, 0.04716404353066391)	(70.0, 0.0524044928118488)	(71.0, 0.12926441560256027)	(72.0, 0.4122486767865437)	(73.0, 0.1310112320296219)	(74.0, 0.03493632854123252)	(75.0, 0.022708613551801142)	(76.0, 0.029695879260047645)	(77.0, 0.017468164270616267)	(78.0, 0.0)	(79.0, 0.0)	(80.0, 0.0)	(81.0, 0.0)	(82.0, 0.0)	(83.0, 0.0)	(84.0, 0.0017468164270616265)	(85.0, 0.0)	(86.0, 0.0)	(87.0, 0.0)	(88.0, 0.0)	(89.0, 0.0)	(90.0, 0.0)	(91.0, 0.0)	(92.0, 0.0)	(93.0, 0.0)	(94.0, 0.0)	(95.0, 0.0)	(96.0, 0.0)	(97.0, 0.0)	(98.0, 0.0)	(99.0, 0.0)	(100.0, 0.0)
SRR37700612_1	(0.0, 0.0)	(1.0, 0.0)	(2.0, 0.0)	(3.0, 0.0)	(4.0, 0.0)	(5.0, 0.0)	(6.0, 0.0)	(7.0, 0.0)	(8.0, 0.0)	(9.0, 0.0)	(10.0, 0.0)	(11.0, 0.0)	(12.0, 0.0)	(13.0, 0.0)	(14.0, 0.0)	(15.0, 0.0)	(16.0, 0.0)	(17.0, 0.0)	(18.0, 0.0)	(19.0, 0.0)	(20.0, 0.0)	(21.0, 0.0)	(22.0, 0.0)	(23.0, 0.0)	(24.0, 0.0)	(25.0, 0.0)	(26.0, 0.0)	(27.0, 0.0)	(28.0, 0.0)	(29.0, 0.0)	(30.0, 0.0)	(31.0, 0.0)	(32.0, 0.0)	(33.0, 0.0)	(34.0, 0.0)	(35.0, 0.0)	(36.0, 0.0)	(37.0, 0.0)	(38.0, 0.0)	(39.0, 0.0)	(40.0, 0.0)	(41.0, 0.0021042221216872295)	(42.0, 0.0021042221216872295)	(43.0, 0.0010521110608436148)	(44.0, 0.021042221216872287)	(45.0, 0.20937010110787974)	(46.0, 0.6123286374109873)	(47.0, 1.2172924973960482)	(48.0, 1.823308468441971)	(49.0, 5.328942523172578)	(50.0, 14.646438078004747)	(51.0, 19.979589045416184)	(52.0, 17.896409144947718)	(53.0, 14.21086409881589)	(54.0, 10.100266184099766)	(55.0, 8.627310698918036)	(56.0, 2.9732658579441726)	(57.0, 0.8048649615453743)	(58.0, 0.5470977516386814)	(59.0, 0.12940966048376465)	(60.0, 0.1325659936662955)	(61.0, 0.10941955032773582)	(62.0, 0.04734499773796269)	(63.0, 0.07996044062411466)	(64.0, 0.11152377244942308)	(65.0, 0.07785621850242742)	(66.0, 0.038928109251213754)	(67.0, 0.032615442886152056)	(68.0, 0.06207455258977326)	(69.0, 0.1557124370048552)	(70.0, 0.016833776973497833)	(71.0, 0.0010521110608436148)	(72.0, 0.0010521110608436148)	(73.0, 0.0)	(74.0, 0.0)	(75.0, 0.0)	(76.0, 0.0)	(77.0, 0.0)	(78.0, 0.0)	(79.0, 0.0)	(80.0, 0.0)	(81.0, 0.0)	(82.0, 0.0)	(83.0, 0.0)	(84.0, 0.0)	(85.0, 0.0)	(86.0, 0.0)	(87.0, 0.0)	(88.0, 0.0)	(89.0, 0.0)	(90.0, 0.0)	(91.0, 0.0)	(92.0, 0.0)	(93.0, 0.0)	(94.0, 0.0)	(95.0, 0.0)	(96.0, 0.0)	(97.0, 0.0)	(98.0, 0.0)	(99.0, 0.0)	(100.0, 0.0)
SRR37700612_2	(0.0, 0.0)	(1.0, 0.0)	(2.0, 0.0)	(3.0, 0.0)	(4.0, 0.0)	(5.0, 0.0)	(6.0, 0.0)	(7.0, 0.0)	(8.0, 0.0)	(9.0, 0.0)	(10.0, 0.0)	(11.0, 0.0)	(12.0, 0.0)	(13.0, 0.0)	(14.0, 0.0)	(15.0, 0.0)	(16.0, 0.0)	(17.0, 0.0)	(18.0, 0.0)	(19.0, 0.0)	(20.0, 0.0)	(21.0, 0.0)	(22.0, 0.0)	(23.0, 0.0)	(24.0, 0.0)	(25.0, 0.0)	(26.0, 0.0)	(27.0, 0.0)	(28.0, 0.0)	(29.0, 0.0)	(30.0, 0.0)	(31.0, 0.0)	(32.0, 0.0)	(33.0, 0.0)	(34.0, 0.0)	(35.0, 0.0)	(36.0, 0.0009997600575861964)	(37.0, 0.0009997600575861964)	(38.0, 0.0019995201151723927)	(39.0, 0.0029992801727585896)	(40.0, 0.0029992801727585896)	(41.0, 0.0029992801727585896)	(42.0, 0.006998320403103375)	(43.0, 0.006998320403103375)	(44.0, 0.0289930416699997)	(45.0, 0.1769575301927572)	(46.0, 0.32192273854275394)	(47.0, 0.7588178837079316)	(48.0, 1.0397504598896374)	(49.0, 4.668879468927313)	(50.0, 10.99736063344981)	(51.0, 11.157322242663675)	(52.0, 10.399504119012992)	(53.0, 19.928217227860937)	(54.0, 17.55378709109588)	(55.0, 8.237023114453066)	(56.0, 8.566943933456661)	(57.0, 3.0312724946014824)	(58.0, 1.3406782372230657)	(59.0, 0.42289850435896)	(60.0, 0.471886747180685)	(61.0, 0.12896904742861942)	(62.0, 0.051987522994482234)	(63.0, 0.12497000719827463)	(64.0, 0.041989922418620276)	(65.0, 0.08098056466448184)	(66.0, 0.14096616811965387)	(67.0, 0.05998560345517178)	(68.0, 0.01599616092137914)	(69.0, 0.007998080460689571)	(70.0, 0.008997840518275768)	(71.0, 0.03999040230344787)	(72.0, 0.13396784771655046)	(73.0, 0.02299448132448251)	(74.0, 0.0039990402303447855)	(75.0, 0.0029992801727585896)	(76.0, 0.0019995201151723927)	(77.0, 0.0)	(78.0, 0.0)	(79.0, 0.0)	(80.0, 0.0)	(81.0, 0.0)	(82.0, 0.0)	(83.0, 0.0)	(84.0, 0.0)	(85.0, 0.0)	(86.0, 0.0)	(87.0, 0.0)	(88.0, 0.0)	(89.0, 0.0)	(90.0, 0.0)	(91.0, 0.0)	(92.0, 0.0009997600575861964)	(93.0, 0.0009997600575861964)	(94.0, 0.0)	(95.0, 0.0)	(96.0, 0.0)	(97.0, 0.0)	(98.0, 0.0)	(99.0, 0.0)	(100.0, 0.0)
SRR37700613_1	(0.0, 0.0)	(1.0, 0.0)	(2.0, 0.0)	(3.0, 0.0)	(4.0, 0.0)	(5.0, 0.0)	(6.0, 0.0)	(7.0, 0.0)	(8.0, 0.0)	(9.0, 0.0)	(10.0, 0.0)	(11.0, 0.0)	(12.0, 0.0)	(13.0, 0.0)	(14.0, 0.0)	(15.0, 0.0)	(16.0, 0.0)	(17.0, 0.0)	(18.0, 0.0)	(19.0, 0.0)	(20.0, 0.0)	(21.0, 0.0)	(22.0, 0.0)	(23.0, 0.0)	(24.0, 0.0)	(25.0, 0.0)	(26.0, 0.0)	(27.0, 0.0)	(28.0, 0.0)	(29.0, 0.0)	(30.0, 0.0)	(31.0, 0.0)	(32.0, 0.0)	(33.0, 0.0)	(34.0, 0.0)	(35.0, 0.005787483602129956)	(36.0, 0.005787483602129956)	(37.0, 0.0)	(38.0, 0.0)	(39.0, 0.0009645806003549926)	(40.0, 0.0019291612007099853)	(41.0, 0.0028937418010649783)	(42.0, 0.008681225403194935)	(43.0, 0.016397870206034875)	(44.0, 0.14179334825218415)	(45.0, 0.29901998611004665)	(46.0, 2.7442318080100643)	(47.0, 2.9574041206885417)	(48.0, 1.5713017979782595)	(49.0, 5.710317154101067)	(50.0, 14.964503433906684)	(51.0, 13.423103634540807)	(52.0, 17.923836715793108)	(53.0, 15.002122077320495)	(54.0, 8.64071301798072)	(55.0, 8.613704761170768)	(56.0, 3.1792576587701413)	(57.0, 1.1507446562234915)	(58.0, 0.6944980322556019)	(59.0, 0.25754302029478254)	(60.0, 0.7687707384829361)	(61.0, 0.8237518327031675)	(62.0, 0.16301412145999414)	(63.0, 0.10996218844046916)	(64.0, 0.17748283046531912)	(65.0, 0.13793502585076414)	(66.0, 0.0443707076163297)	(67.0, 0.037618643413844736)	(68.0, 0.10706844663940415)	(69.0, 0.27972837410294704)	(70.0, 0.025079095609229808)	(71.0, 0.005787483602129956)	(72.0, 0.0028937418010649783)	(73.0, 0.0)	(74.0, 0.0)	(75.0, 0.0)	(76.0, 0.0)	(77.0, 0.0)	(78.0, 0.0)	(79.0, 0.0)	(80.0, 0.0)	(81.0, 0.0)	(82.0, 0.0)	(83.0, 0.0)	(84.0, 0.0)	(85.0, 0.0)	(86.0, 0.0)	(87.0, 0.0)	(88.0, 0.0)	(89.0, 0.0)	(90.0, 0.0)	(91.0, 0.0)	(92.0, 0.0)	(93.0, 0.0)	(94.0, 0.0)	(95.0, 0.0)	(96.0, 0.0)	(97.0, 0.0)	(98.0, 0.0)	(99.0, 0.0)	(100.0, 0.0)
SRR37700613_2	(0.0, 0.0)	(1.0, 0.0)	(2.0, 0.0)	(3.0, 0.0)	(4.0, 0.0)	(5.0, 0.0)	(6.0, 0.0)	(7.0, 0.0)	(8.0, 0.0)	(9.0, 0.0)	(10.0, 0.0)	(11.0, 0.0)	(12.0, 0.0)	(13.0, 0.0)	(14.0, 0.0)	(15.0, 0.0)	(16.0, 0.0)	(17.0, 0.0)	(18.0, 0.0)	(19.0, 0.0)	(20.0, 0.0)	(21.0, 0.0)	(22.0, 0.0)	(23.0, 0.0)	(24.0, 0.0)	(25.0, 0.0)	(26.0, 0.0)	(27.0, 0.0)	(28.0, 0.0)	(29.0, 0.0)	(30.0, 0.0)	(31.0, 0.0)	(32.0, 0.0)	(33.0, 0.0008990784445942892)	(34.0, 0.0008990784445942892)	(35.0, 0.0008990784445942892)	(36.0, 0.0017981568891885784)	(37.0, 0.004495392222971446)	(38.0, 0.009889862890537183)	(39.0, 0.008990784445942894)	(40.0, 0.008091706001348602)	(41.0, 0.014385255113508626)	(42.0, 0.028770510227017262)	(43.0, 0.053944706675657345)	(44.0, 1.9438075972128859)	(45.0, 2.150595639469596)	(46.0, 0.39559451562148673)	(47.0, 0.743537873679482)	(48.0, 1.227242076871182)	(49.0, 5.42054394245849)	(50.0, 12.28680602382644)	(51.0, 10.839289728030666)	(52.0, 9.543717689369705)	(53.0, 17.17959091930411)	(54.0, 14.95706900426905)	(55.0, 8.289503259160101)	(56.0, 8.165430433806034)	(57.0, 2.60193301865598)	(58.0, 0.8631153068105157)	(59.0, 0.42975949651607065)	(60.0, 0.5097774780849648)	(61.0, 0.31377837716340545)	(62.0, 0.24994380759721177)	(63.0, 0.819060463025398)	(64.0, 0.1348617666891436)	(65.0, 0.10609125646212614)	(66.0, 0.1807147673634525)	(67.0, 0.10249494268374897)	(68.0, 0.02697235333782868)	(69.0, 0.021577882670262935)	(70.0, 0.020678804225668646)	(71.0, 0.062036412677005916)	(72.0, 0.2373567093728919)	(73.0, 0.03776129467296017)	(74.0, 0.004495392222971446)	(75.0, 0.0)	(76.0, 0.0)	(77.0, 0.0)	(78.0, 0.0)	(79.0, 0.0)	(80.0, 0.0)	(81.0, 0.0)	(82.0, 0.0)	(83.0, 0.0)	(84.0, 0.0)	(85.0, 0.0)	(86.0, 0.0)	(87.0, 0.0)	(88.0, 0.0)	(89.0, 0.0)	(90.0, 0.0008990784445942892)	(91.0, 0.0008990784445942892)	(92.0, 0.0)	(93.0, 0.0)	(94.0, 0.0)	(95.0, 0.0)	(96.0, 0.0)	(97.0, 0.0)	(98.0, 0.0)	(99.0, 0.0)	(100.0, 0.0)
SRR37700614_1	(0.0, 0.0)	(1.0, 0.0)	(2.0, 0.0)	(3.0, 0.0)	(4.0, 0.0)	(5.0, 0.0)	(6.0, 0.0)	(7.0, 0.0)	(8.0, 0.0)	(9.0, 0.0)	(10.0, 0.0)	(11.0, 0.0)	(12.0, 0.0)	(13.0, 0.0)	(14.0, 0.0)	(15.0, 0.0)	(16.0, 0.0)	(17.0, 0.0)	(18.0, 0.0)	(19.0, 0.0)	(20.0, 0.0)	(21.0, 0.0)	(22.0, 0.0)	(23.0, 0.0)	(24.0, 0.0)	(25.0, 0.0)	(26.0, 0.0)	(27.0, 0.0)	(28.0, 0.0)	(29.0, 0.0)	(30.0, 0.0)	(31.0, 0.0)	(32.0, 0.0)	(33.0, 0.0)	(34.0, 0.001327721497138808)	(35.0, 0.0)	(36.0, 0.0)	(37.0, 0.0)	(38.0, 0.0)	(39.0, 0.0)	(40.0, 0.001327721497138808)	(41.0, 0.0)	(42.0, 0.003983164491416424)	(43.0, 0.002655442994277616)	(44.0, 0.00663860748569404)	(45.0, 0.02257126545135973)	(46.0, 0.2376621479878472)	(47.0, 0.4527530305243314)	(48.0, 1.055538590225362)	(49.0, 7.4232908905025)	(50.0, 23.130236201651943)	(51.0, 10.609822483636586)	(52.0, 17.24311908334382)	(53.0, 21.616633694915077)	(54.0, 6.515129386459762)	(55.0, 5.253793964178181)	(56.0, 2.5027550221066592)	(57.0, 0.2668720209249009)	(58.0, 0.4474421445357762)	(59.0, 0.40893822111875133)	(60.0, 0.35848480422747736)	(61.0, 0.4686856884899969)	(62.0, 0.23500670499356957)	(63.0, 0.21243543954220967)	(64.0, 0.28811556487912154)	(65.0, 0.19517506007940508)	(66.0, 0.15534341516524053)	(67.0, 0.12878898522246418)	(68.0, 0.23898986948498604)	(69.0, 0.4700134099871357)	(70.0, 0.034520758925609)	(71.0, 0.003983164491416424)	(72.0, 0.001327721497138808)	(73.0, 0.0)	(74.0, 0.002655442994277616)	(75.0, 0.002655442994277616)	(76.0, 0.0)	(77.0, 0.0)	(78.0, 0.001327721497138808)	(79.0, 0.0)	(80.0, 0.0)	(81.0, 0.0)	(82.0, 0.0)	(83.0, 0.0)	(84.0, 0.0)	(85.0, 0.0)	(86.0, 0.0)	(87.0, 0.0)	(88.0, 0.0)	(89.0, 0.0)	(90.0, 0.0)	(91.0, 0.0)	(92.0, 0.0)	(93.0, 0.0)	(94.0, 0.0)	(95.0, 0.0)	(96.0, 0.0)	(97.0, 0.0)	(98.0, 0.0)	(99.0, 0.0)	(100.0, 0.0)
SRR37700614_2	(0.0, 0.0)	(1.0, 0.0)	(2.0, 0.0)	(3.0, 0.0)	(4.0, 0.0)	(5.0, 0.0)	(6.0, 0.0)	(7.0, 0.0)	(8.0, 0.0)	(9.0, 0.0)	(10.0, 0.0)	(11.0, 0.0)	(12.0, 0.0)	(13.0, 0.0)	(14.0, 0.0)	(15.0, 0.0)	(16.0, 0.0)	(17.0, 0.0)	(18.0, 0.0)	(19.0, 0.0)	(20.0, 0.0)	(21.0, 0.0)	(22.0, 0.0)	(23.0, 0.0)	(24.0, 0.0)	(25.0, 0.0)	(26.0, 0.0)	(27.0, 0.0)	(28.0, 0.0)	(29.0, 0.0)	(30.0, 0.0011731030922997466)	(31.0, 0.0011731030922997466)	(32.0, 0.0)	(33.0, 0.0)	(34.0, 0.0)	(35.0, 0.0)	(36.0, 0.0)	(37.0, 0.0011731030922997466)	(38.0, 0.0023462061845994932)	(39.0, 0.0035193092768992405)	(40.0, 0.0046924123691989865)	(41.0, 0.0035193092768992405)	(42.0, 0.0011731030922997466)	(43.0, 0.005865515461498733)	(44.0, 0.016423443292196454)	(45.0, 0.01994275256909569)	(46.0, 0.05982825770728711)	(47.0, 0.31673783492093094)	(48.0, 0.541973628642483)	(49.0, 4.441368307446814)	(50.0, 17.075688611515318)	(51.0, 18.654685373749338)	(52.0, 9.90216320210273)	(53.0, 17.581296044296046)	(54.0, 15.583501478111394)	(55.0, 6.52479939937069)	(56.0, 3.891182957158358)	(57.0, 2.298108957815219)	(58.0, 0.3707005771667185)	(59.0, 0.07859790718408298)	(60.0, 0.14898409272206792)	(61.0, 0.3777391957205169)	(62.0, 0.13607995870677062)	(63.0, 0.41762470085870773)	(64.0, 0.11613720613767478)	(65.0, 0.23579372155224954)	(66.0, 0.411759185397209)	(67.0, 0.13725306179907035)	(68.0, 0.04105860823049115)	(69.0, 0.028154474215193907)	(70.0, 0.03636619586129215)	(71.0, 0.09971376284547837)	(72.0, 0.35193092768992285)	(73.0, 0.06569377316878582)	(74.0, 0.011731030922997468)	(75.0, 0.0011731030922997466)	(76.0, 0.0011731030922997466)	(77.0, 0.0)	(78.0, 0.0)	(79.0, 0.0)	(80.0, 0.0)	(81.0, 0.0)	(82.0, 0.0)	(83.0, 0.0)	(84.0, 0.0)	(85.0, 0.0)	(86.0, 0.0)	(87.0, 0.0)	(88.0, 0.0)	(89.0, 0.0)	(90.0, 0.0)	(91.0, 0.0)	(92.0, 0.0)	(93.0, 0.0)	(94.0, 0.0)	(95.0, 0.0)	(96.0, 0.0)	(97.0, 0.0)	(98.0, 0.0)	(99.0, 0.0)	(100.0, 0.0)
SRR37700615_1	(0.0, 0.0)	(1.0, 0.0)	(2.0, 0.0)	(3.0, 0.0)	(4.0, 0.0)	(5.0, 0.0)	(6.0, 0.0)	(7.0, 0.0)	(8.0, 0.0)	(9.0, 0.0)	(10.0, 0.0)	(11.0, 0.0)	(12.0, 0.0)	(13.0, 0.0)	(14.0, 0.0)	(15.0, 0.0)	(16.0, 0.0)	(17.0, 0.0)	(18.0, 0.0)	(19.0, 0.0)	(20.0, 0.0)	(21.0, 0.0)	(22.0, 0.0)	(23.0, 0.0)	(24.0, 0.0)	(25.0, 0.0)	(26.0, 0.0)	(27.0, 0.0)	(28.0, 0.0)	(29.0, 0.0)	(30.0, 0.0)	(31.0, 0.0)	(32.0, 0.0)	(33.0, 0.0)	(34.0, 0.0)	(35.0, 0.002429071123202313)	(36.0, 0.0012145355616011565)	(37.0, 0.0)	(38.0, 0.0)	(39.0, 0.0)	(40.0, 0.0)	(41.0, 0.0)	(42.0, 0.0)	(43.0, 0.002429071123202313)	(44.0, 0.008501748931208095)	(45.0, 0.027934317916826594)	(46.0, 0.12874076952972252)	(47.0, 0.49553050913327)	(48.0, 1.599543334628696)	(49.0, 8.113097551495343)	(50.0, 16.19947532063778)	(51.0, 12.807277497085948)	(52.0, 17.49052662261864)	(53.0, 15.479255732608951)	(54.0, 7.146327244460599)	(55.0, 13.71210649047922)	(56.0, 3.801496307811773)	(57.0, 0.392294986397172)	(58.0, 0.6121259230469844)	(59.0, 0.3558589195491378)	(60.0, 0.13602798289932952)	(61.0, 0.14210066070733532)	(62.0, 0.07894481150407515)	(63.0, 0.14452973183053766)	(64.0, 0.15424601632334697)	(65.0, 0.09109016712008666)	(66.0, 0.11416634279050858)	(67.0, 0.1032355227360982)	(68.0, 0.235619898950625)	(69.0, 0.375291488534756)	(70.0, 0.03765060240963586)	(71.0, 0.008501748931208095)	(72.0, 0.0012145355616011565)	(73.0, 0.0012145355616011565)	(74.0, 0.0)	(75.0, 0.0)	(76.0, 0.0)	(77.0, 0.0)	(78.0, 0.0)	(79.0, 0.0)	(80.0, 0.0)	(81.0, 0.0)	(82.0, 0.0)	(83.0, 0.0)	(84.0, 0.0)	(85.0, 0.0)	(86.0, 0.0)	(87.0, 0.0)	(88.0, 0.0)	(89.0, 0.0)	(90.0, 0.0)	(91.0, 0.0)	(92.0, 0.0)	(93.0, 0.0)	(94.0, 0.0)	(95.0, 0.0)	(96.0, 0.0)	(97.0, 0.0)	(98.0, 0.0)	(99.0, 0.0)	(100.0, 0.0)
SRR37700615_2	(0.0, 0.0)	(1.0, 0.0)	(2.0, 0.0)	(3.0, 0.0)	(4.0, 0.0)	(5.0, 0.0)	(6.0, 0.0)	(7.0, 0.0)	(8.0, 0.0)	(9.0, 0.0)	(10.0, 0.0)	(11.0, 0.0)	(12.0, 0.0)	(13.0, 0.0)	(14.0, 0.0)	(15.0, 0.0)	(16.0, 0.0)	(17.0, 0.0)	(18.0, 0.0)	(19.0, 0.0)	(20.0, 0.0)	(21.0, 0.0)	(22.0, 0.0)	(23.0, 0.0)	(24.0, 0.0)	(25.0, 0.0)	(26.0, 0.0)	(27.0, 0.0)	(28.0, 0.0)	(29.0, 0.0)	(30.0, 0.0)	(31.0, 0.0)	(32.0, 0.0)	(33.0, 0.0010974298193630085)	(34.0, 0.0010974298193630085)	(35.0, 0.0010974298193630085)	(36.0, 0.0010974298193630085)	(37.0, 0.0)	(38.0, 0.0010974298193630085)	(39.0, 0.002194859638726017)	(40.0, 0.002194859638726017)	(41.0, 0.002194859638726017)	(42.0, 0.0)	(43.0, 0.002194859638726017)	(44.0, 0.009876868374267076)	(45.0, 0.013169157832356101)	(46.0, 0.05267663132942444)	(47.0, 0.20631680604024616)	(48.0, 0.7802726015671068)	(49.0, 6.453984767673305)	(50.0, 11.270604244859543)	(51.0, 12.928820701917804)	(52.0, 9.085621474506798)	(53.0, 16.566800553103626)	(54.0, 16.965167577532036)	(55.0, 8.787120563639924)	(56.0, 10.33449660894247)	(57.0, 3.5688417725686117)	(58.0, 0.7934417593994633)	(59.0, 0.16022475362699945)	(60.0, 0.2886240424924707)	(61.0, 0.4104387524417629)	(62.0, 0.07901494699413655)	(63.0, 0.17778363073680772)	(64.0, 0.055968920787513456)	(65.0, 0.13937358705910216)	(66.0, 0.22168082351132812)	(67.0, 0.05816378042623946)	(68.0, 0.04279976295515735)	(69.0, 0.030728034942164233)	(70.0, 0.028533175303438213)	(71.0, 0.0888918153684036)	(72.0, 0.2952086214086486)	(73.0, 0.07462522771668453)	(74.0, 0.01426658765171911)	(75.0, 0.0010974298193630085)	(76.0, 0.0010974298193630085)	(77.0, 0.0)	(78.0, 0.0)	(79.0, 0.0)	(80.0, 0.0)	(81.0, 0.0)	(82.0, 0.0)	(83.0, 0.0)	(84.0, 0.0)	(85.0, 0.0)	(86.0, 0.0)	(87.0, 0.0)	(88.0, 0.0)	(89.0, 0.0)	(90.0, 0.0)	(91.0, 0.0)	(92.0, 0.0)	(93.0, 0.0)	(94.0, 0.0)	(95.0, 0.0)	(96.0, 0.0)	(97.0, 0.0)	(98.0, 0.0)	(99.0, 0.0)	(100.0, 0.0)
SRR37700616_1	(0.0, 0.0)	(1.0, 0.0)	(2.0, 0.0)	(3.0, 0.0)	(4.0, 0.0)	(5.0, 0.0)	(6.0, 0.0)	(7.0, 0.0)	(8.0, 0.0)	(9.0, 0.0)	(10.0, 0.0)	(11.0, 0.0)	(12.0, 0.0)	(13.0, 0.0)	(14.0, 0.0)	(15.0, 0.0)	(16.0, 0.0)	(17.0, 0.0)	(18.0, 0.0)	(19.0, 0.0)	(20.0, 0.0)	(21.0, 0.0)	(22.0, 0.0)	(23.0, 0.0)	(24.0, 0.0)	(25.0, 0.0)	(26.0, 0.0)	(27.0, 0.0)	(28.0, 0.0)	(29.0, 0.0)	(30.0, 0.0)	(31.0, 0.0)	(32.0, 0.0)	(33.0, 0.0)	(34.0, 0.0)	(35.0, 0.0)	(36.0, 0.0014180374361882572)	(37.0, 0.007090187180941286)	(38.0, 0.004254112308564773)	(39.0, 0.0)	(40.0, 0.0)	(41.0, 0.0)	(42.0, 0.0028360748723765144)	(43.0, 0.024106636415200368)	(44.0, 0.04254112308564772)	(45.0, 0.16874645490640267)	(46.0, 0.31338627339760505)	(47.0, 1.0521837776516982)	(48.0, 1.2677254679523042)	(49.0, 6.086216676119804)	(50.0, 24.201644923421995)	(51.0, 16.525808281340712)	(52.0, 16.148610323314465)	(53.0, 16.288996029497167)	(54.0, 7.941009642653624)	(55.0, 5.463698241633301)	(56.0, 2.088769143505259)	(57.0, 0.480714690867817)	(58.0, 0.2566647759500752)	(59.0, 0.12762336925694298)	(60.0, 0.11344299489506046)	(61.0, 0.12762336925694298)	(62.0, 0.1035167328417427)	(63.0, 0.11911514463981349)	(64.0, 0.23539421440725122)	(65.0, 0.23823028927962778)	(66.0, 0.1035167328417427)	(67.0, 0.0737379466817894)	(68.0, 0.10918888258649573)	(69.0, 0.25099262620532214)	(70.0, 0.026942711287576884)	(71.0, 0.0028360748723765144)	(72.0, 0.0014180374361882572)	(73.0, 0.0)	(74.0, 0.0)	(75.0, 0.0)	(76.0, 0.0)	(77.0, 0.0)	(78.0, 0.0)	(79.0, 0.0)	(80.0, 0.0)	(81.0, 0.0)	(82.0, 0.0)	(83.0, 0.0)	(84.0, 0.0)	(85.0, 0.0)	(86.0, 0.0)	(87.0, 0.0)	(88.0, 0.0)	(89.0, 0.0)	(90.0, 0.0)	(91.0, 0.0)	(92.0, 0.0)	(93.0, 0.0)	(94.0, 0.0)	(95.0, 0.0)	(96.0, 0.0)	(97.0, 0.0)	(98.0, 0.0)	(99.0, 0.0)	(100.0, 0.0)
SRR37700616_2	(0.0, 0.0)	(1.0, 0.0)	(2.0, 0.0)	(3.0, 0.0)	(4.0, 0.0)	(5.0, 0.0)	(6.0, 0.0)	(7.0, 0.0)	(8.0, 0.0)	(9.0, 0.0)	(10.0, 0.0)	(11.0, 0.0)	(12.0, 0.0)	(13.0, 0.0)	(14.0, 0.0)	(15.0, 0.0)	(16.0, 0.0)	(17.0, 0.0)	(18.0, 0.0)	(19.0, 0.0)	(20.0, 0.0)	(21.0, 0.0)	(22.0, 0.0)	(23.0, 0.0)	(24.0, 0.0)	(25.0, 0.0)	(26.0, 0.0)	(27.0, 0.0)	(28.0, 0.0)	(29.0, 0.0)	(30.0, 0.0)	(31.0, 0.0)	(32.0, 0.0)	(33.0, 0.0)	(34.0, 0.0025867197806460785)	(35.0, 0.0025867197806460785)	(36.0, 0.0025867197806460785)	(37.0, 0.009053519232261274)	(38.0, 0.006466799451615196)	(39.0, 0.011640239012907354)	(40.0, 0.009053519232261274)	(41.0, 0.006466799451615196)	(42.0, 0.01681367857419951)	(43.0, 0.02457383791613774)	(44.0, 0.03492071703872205)	(45.0, 0.046560956051629424)	(46.0, 0.2534985385033163)	(47.0, 0.4242220440259551)	(48.0, 1.1834242996455813)	(49.0, 4.141338368814513)	(50.0, 19.130086137768018)	(51.0, 20.54502185778014)	(52.0, 10.500788949533193)	(53.0, 14.523138208439676)	(54.0, 14.188157996845854)	(55.0, 6.5482811247051425)	(56.0, 3.8826663907499337)	(57.0, 2.0034144701103442)	(58.0, 0.798003052329321)	(59.0, 0.188830543987164)	(60.0, 0.16037662640005695)	(61.0, 0.1202824698000425)	(62.0, 0.0685480741871211)	(63.0, 0.1513231071677956)	(64.0, 0.05949455495485984)	(65.0, 0.15390982694844169)	(66.0, 0.3116997335678522)	(67.0, 0.12416254947101159)	(68.0, 0.02845391758710685)	(69.0, 0.019400398354845586)	(70.0, 0.019400398354845586)	(71.0, 0.036214076929045096)	(72.0, 0.1965907033291023)	(73.0, 0.05044103572259855)	(74.0, 0.005173439561292157)	(75.0, 0.0012933598903230393)	(76.0, 0.0012933598903230393)	(77.0, 0.0038800796709691173)	(78.0, 0.0012933598903230393)	(79.0, 0.0012933598903230393)	(80.0, 0.0)	(81.0, 0.0)	(82.0, 0.0)	(83.0, 0.0)	(84.0, 0.0)	(85.0, 0.0)	(86.0, 0.0)	(87.0, 0.0)	(88.0, 0.0012933598903230393)	(89.0, 0.0)	(90.0, 0.0)	(91.0, 0.0)	(92.0, 0.0)	(93.0, 0.0)	(94.0, 0.0)	(95.0, 0.0)	(96.0, 0.0)	(97.0, 0.0)	(98.0, 0.0)	(99.0, 0.0)	(100.0, 0.0)
SRR37700617_1	(0.0, 0.0)	(1.0, 0.0)	(2.0, 0.0)	(3.0, 0.0)	(4.0, 0.0)	(5.0, 0.0)	(6.0, 0.0)	(7.0, 0.0)	(8.0, 0.0)	(9.0, 0.0)	(10.0, 0.0)	(11.0, 0.0)	(12.0, 0.0)	(13.0, 0.0)	(14.0, 0.0)	(15.0, 0.0)	(16.0, 0.0)	(17.0, 0.0)	(18.0, 0.0)	(19.0, 0.0)	(20.0, 0.0)	(21.0, 0.0)	(22.0, 0.0)	(23.0, 0.0)	(24.0, 0.0)	(25.0, 0.0)	(26.0, 0.0)	(27.0, 0.0)	(28.0, 0.0)	(29.0, 0.0)	(30.0, 0.0)	(31.0, 0.0)	(32.0, 0.0)	(33.0, 0.0)	(34.0, 0.0)	(35.0, 0.0)	(36.0, 0.0)	(37.0, 0.0)	(38.0, 0.0)	(39.0, 0.0)	(40.0, 0.0012525677639159713)	(41.0, 0.0)	(42.0, 0.0037577032917479143)	(43.0, 0.013778245403075687)	(44.0, 0.03882960068139511)	(45.0, 0.19414800340697588)	(46.0, 0.9118693321308367)	(47.0, 1.1749085625531799)	(48.0, 1.8437797484842706)	(49.0, 4.107169697880585)	(50.0, 14.05005260784764)	(51.0, 14.751490555640903)	(52.0, 18.074552833307823)	(53.0, 18.750939425821837)	(54.0, 9.319104163534865)	(55.0, 8.719124204618842)	(56.0, 5.209429330126389)	(57.0, 1.7936770379276348)	(58.0, 0.3544766771882189)	(59.0, 0.052607846084470826)	(60.0, 0.050102710556638876)	(61.0, 0.052607846084470826)	(62.0, 0.02630392304223539)	(63.0, 0.04383987173705901)	(64.0, 0.11648880204418517)	(65.0, 0.10271055664110955)	(66.0, 0.04759757502880693)	(67.0, 0.030061626333983297)	(68.0, 0.05135527832055485)	(69.0, 0.1002054211132776)	(70.0, 0.012525677639159714)	(71.0, 0.0012525677639159713)	(72.0, 0.0)	(73.0, 0.0)	(74.0, 0.0)	(75.0, 0.0)	(76.0, 0.0)	(77.0, 0.0)	(78.0, 0.0)	(79.0, 0.0)	(80.0, 0.0)	(81.0, 0.0)	(82.0, 0.0)	(83.0, 0.0)	(84.0, 0.0)	(85.0, 0.0)	(86.0, 0.0)	(87.0, 0.0)	(88.0, 0.0)	(89.0, 0.0)	(90.0, 0.0)	(91.0, 0.0)	(92.0, 0.0)	(93.0, 0.0)	(94.0, 0.0)	(95.0, 0.0)	(96.0, 0.0)	(97.0, 0.0)	(98.0, 0.0)	(99.0, 0.0)	(100.0, 0.0)
SRR37700617_2	(0.0, 0.0)	(1.0, 0.0)	(2.0, 0.0)	(3.0, 0.0)	(4.0, 0.0)	(5.0, 0.0)	(6.0, 0.0)	(7.0, 0.0)	(8.0, 0.0)	(9.0, 0.0)	(10.0, 0.0)	(11.0, 0.0)	(12.0, 0.0)	(13.0, 0.0)	(14.0, 0.0)	(15.0, 0.0)	(16.0, 0.0)	(17.0, 0.0)	(18.0, 0.0011932747037695778)	(19.0, 0.0)	(20.0, 0.0)	(21.0, 0.0)	(22.0, 0.0)	(23.0, 0.0)	(24.0, 0.0)	(25.0, 0.0)	(26.0, 0.0)	(27.0, 0.0)	(28.0, 0.0)	(29.0, 0.0)	(30.0, 0.0)	(31.0, 0.0)	(32.0, 0.0)	(33.0, 0.0011932747037695778)	(34.0, 0.0023865494075391556)	(35.0, 0.0011932747037695778)	(36.0, 0.0)	(37.0, 0.0)	(38.0, 0.0011932747037695778)	(39.0, 0.007159648222617466)	(40.0, 0.003579824111308733)	(41.0, 0.008352922926387044)	(42.0, 0.0107394723339262)	(43.0, 0.025058768779161123)	(44.0, 0.06801665811486594)	(45.0, 0.10978127274680102)	(46.0, 0.2720666324594638)	(47.0, 0.9343340930515889)	(48.0, 1.61330739949644)	(49.0, 5.312458981181952)	(50.0, 10.642817082921702)	(51.0, 9.281290645919995)	(52.0, 9.235946207176731)	(53.0, 20.061334319771902)	(54.0, 17.56858346359952)	(55.0, 8.406620288056498)	(56.0, 6.301683710606707)	(57.0, 5.474744340894578)	(58.0, 3.376967411668039)	(59.0, 0.4033268498741155)	(60.0, 0.22433564430868122)	(61.0, 0.11813419567318806)	(62.0, 0.025058768779161123)	(63.0, 0.06801665811486594)	(64.0, 0.025058768779161123)	(65.0, 0.054890636373400616)	(66.0, 0.14796606326742773)	(67.0, 0.06563010870732679)	(68.0, 0.013126021741465356)	(69.0, 0.003579824111308733)	(70.0, 0.007159648222617466)	(71.0, 0.017899120556543663)	(72.0, 0.08233595456010083)	(73.0, 0.013126021741465356)	(74.0, 0.0)	(75.0, 0.0)	(76.0, 0.0023865494075391556)	(77.0, 0.0011932747037695778)	(78.0, 0.0)	(79.0, 0.0011932747037695778)	(80.0, 0.0011932747037695778)	(81.0, 0.0)	(82.0, 0.0011932747037695778)	(83.0, 0.0011932747037695778)	(84.0, 0.0)	(85.0, 0.0)	(86.0, 0.0)	(87.0, 0.0)	(88.0, 0.0)	(89.0, 0.0)	(90.0, 0.0)	(91.0, 0.0)	(92.0, 0.0)	(93.0, 0.0)	(94.0, 0.0)	(95.0, 0.0)	(96.0, 0.0)	(97.0, 0.0)	(98.0, 0.0)	(99.0, 0.0)	(100.0, 0.0)
SRR37700618_1	(0.0, 0.0)	(1.0, 0.0)	(2.0, 0.0)	(3.0, 0.0)	(4.0, 0.0)	(5.0, 0.0)	(6.0, 0.0)	(7.0, 0.0)	(8.0, 0.0)	(9.0, 0.0)	(10.0, 0.0)	(11.0, 0.0)	(12.0, 0.0)	(13.0, 0.0)	(14.0, 0.0)	(15.0, 0.0)	(16.0, 0.0)	(17.0, 0.0)	(18.0, 0.0)	(19.0, 0.0)	(20.0, 0.0)	(21.0, 0.0)	(22.0, 0.0)	(23.0, 0.0)	(24.0, 0.0020074274816822267)	(25.0, 0.0020074274816822267)	(26.0, 0.0)	(27.0, 0.0)	(28.0, 0.0)	(29.0, 0.0020074274816822267)	(30.0, 0.0020074274816822267)	(31.0, 0.0)	(32.0, 0.0)	(33.0, 0.0)	(34.0, 0.0)	(35.0, 0.0)	(36.0, 0.008029709926728907)	(37.0, 0.014051992371775585)	(38.0, 0.0020074274816822267)	(39.0, 0.0)	(40.0, 0.00602228244504668)	(41.0, 0.030111412225233395)	(42.0, 0.014051992371775585)	(43.0, 0.040148549633644524)	(44.0, 0.08431195423065357)	(45.0, 0.16460905349794241)	(46.0, 0.48780487804878064)	(47.0, 1.0619291378099018)	(48.0, 1.2807387333132707)	(49.0, 3.8883870320184943)	(50.0, 8.381009736023074)	(51.0, 9.396768041754049)	(52.0, 19.018367961459333)	(53.0, 14.961357020977708)	(54.0, 13.26708822643714)	(55.0, 10.818026698784742)	(56.0, 4.374184482585648)	(57.0, 3.063334337047009)	(58.0, 1.8287664358125097)	(59.0, 1.1462410920405577)	(60.0, 2.280437619190985)	(61.0, 2.3225935963063096)	(62.0, 0.28906955736224105)	(63.0, 0.20275017564990466)	(64.0, 0.5580648399076577)	(65.0, 0.4898123055304629)	(66.0, 0.05420054200542012)	(67.0, 0.052193114523737885)	(68.0, 0.1124159389742047)	(69.0, 0.19070561075981127)	(70.0, 0.08832680919401803)	(71.0, 0.010037137408411133)	(72.0, 0.004014854963364453)	(73.0, 0.0)	(74.0, 0.0)	(75.0, 0.0)	(76.0, 0.0)	(77.0, 0.0)	(78.0, 0.0)	(79.0, 0.0)	(80.0, 0.0)	(81.0, 0.0)	(82.0, 0.0)	(83.0, 0.0)	(84.0, 0.0)	(85.0, 0.0)	(86.0, 0.0)	(87.0, 0.0)	(88.0, 0.0)	(89.0, 0.0)	(90.0, 0.0)	(91.0, 0.0)	(92.0, 0.0)	(93.0, 0.0)	(94.0, 0.0)	(95.0, 0.0)	(96.0, 0.0)	(97.0, 0.0)	(98.0, 0.0)	(99.0, 0.0)	(100.0, 0.0)
SRR37700618_2	(0.0, 0.0)	(1.0, 0.0)	(2.0, 0.0)	(3.0, 0.0)	(4.0, 0.0)	(5.0, 0.0)	(6.0, 0.0)	(7.0, 0.0)	(8.0, 0.0)	(9.0, 0.0)	(10.0, 0.0)	(11.0, 0.0)	(12.0, 0.0)	(13.0, 0.0)	(14.0, 0.0)	(15.0, 0.0)	(16.0, 0.0)	(17.0, 0.0)	(18.0, 0.0)	(19.0, 0.0)	(20.0, 0.0)	(21.0, 0.0)	(22.0, 0.0)	(23.0, 0.0)	(24.0, 0.0)	(25.0, 0.0)	(26.0, 0.0)	(27.0, 0.0)	(28.0, 0.0)	(29.0, 0.0)	(30.0, 0.0)	(31.0, 0.0)	(32.0, 0.0)	(33.0, 0.0)	(34.0, 0.0019685039370079416)	(35.0, 0.0019685039370079416)	(36.0, 0.01181102362204765)	(37.0, 0.009842519685039708)	(38.0, 0.01968503937007942)	(39.0, 0.009842519685039708)	(40.0, 0.01181102362204765)	(41.0, 0.02755905511811118)	(42.0, 0.01181102362204765)	(43.0, 0.03149606299212706)	(44.0, 0.19488188976378598)	(45.0, 0.21456692913386557)	(46.0, 0.19094488188977007)	(47.0, 0.3543307086614304)	(48.0, 1.055118110236261)	(49.0, 3.2401574803150277)	(50.0, 6.525590551181493)	(51.0, 7.724409448819055)	(52.0, 13.574803149606337)	(53.0, 14.238188976378316)	(54.0, 11.708661417322224)	(55.0, 12.32086614173171)	(56.0, 11.722440944881276)	(57.0, 5.631889763779949)	(58.0, 3.2972440944882644)	(59.0, 1.1082677165354768)	(60.0, 0.7539370078740374)	(61.0, 1.0570866141732689)	(62.0, 0.5196850393700957)	(63.0, 2.3917322834646164)	(64.0, 0.4173228346456841)	(65.0, 0.2125984251968576)	(66.0, 0.5314960629921431)	(67.0, 0.42125984251969995)	(68.0, 0.05511811023622236)	(69.0, 0.03740157480315088)	(70.0, 0.025590551181103243)	(71.0, 0.06889763779527798)	(72.0, 0.1417322834645717)	(73.0, 0.033464566929135006)	(74.0, 0.01968503937007942)	(75.0, 0.025590551181103243)	(76.0, 0.035433070866142946)	(77.0, 0.01181102362204765)	(78.0, 0.0)	(79.0, 0.0)	(80.0, 0.0)	(81.0, 0.0)	(82.0, 0.0)	(83.0, 0.0)	(84.0, 0.0)	(85.0, 0.0)	(86.0, 0.0)	(87.0, 0.0)	(88.0, 0.0)	(89.0, 0.0)	(90.0, 0.0)	(91.0, 0.0)	(92.0, 0.0)	(93.0, 0.0)	(94.0, 0.0)	(95.0, 0.0)	(96.0, 0.0)	(97.0, 0.0)	(98.0, 0.0)	(99.0, 0.0)	(100.0, 0.0)
SRR37700619_1	(0.0, 0.0)	(1.0, 0.0)	(2.0, 0.0)	(3.0, 0.0)	(4.0, 0.0)	(5.0, 0.0)	(6.0, 0.0)	(7.0, 0.0)	(8.0, 0.0)	(9.0, 0.0)	(10.0, 0.0)	(11.0, 0.0)	(12.0, 0.0)	(13.0, 0.0)	(14.0, 0.0)	(15.0, 0.0)	(16.0, 0.0)	(17.0, 0.0)	(18.0, 0.0)	(19.0, 0.0)	(20.0, 0.0)	(21.0, 0.0009996900960703079)	(22.0, 0.0)	(23.0, 0.0)	(24.0, 0.0)	(25.0, 0.0)	(26.0, 0.0)	(27.0, 0.0)	(28.0, 0.0)	(29.0, 0.0)	(30.0, 0.0)	(31.0, 0.0)	(32.0, 0.0)	(33.0, 0.0)	(34.0, 0.0019993801921406157)	(35.0, 0.0049984504803515396)	(36.0, 0.006997830672492154)	(37.0, 0.0039987603842812315)	(38.0, 0.0)	(39.0, 0.0)	(40.0, 0.0)	(41.0, 0.0009996900960703079)	(42.0, 0.0049984504803515396)	(43.0, 0.013995661344984308)	(44.0, 0.06098109586028877)	(45.0, 0.14295568373805423)	(46.0, 0.7567654027252315)	(47.0, 0.7737601343584267)	(48.0, 1.252611690376077)	(49.0, 4.583579090482157)	(50.0, 15.82309484059985)	(51.0, 17.276644240284757)	(52.0, 21.774249982500983)	(53.0, 14.797412802032648)	(54.0, 8.043506512982002)	(55.0, 8.437384410833884)	(56.0, 3.1570213233901523)	(57.0, 0.6398016614850022)	(58.0, 0.6537973228299868)	(59.0, 0.3918785176595587)	(60.0, 0.2439243834411549)	(61.0, 0.2319281022883114)	(62.0, 0.09696993931881973)	(63.0, 0.13995661344984328)	(64.0, 0.1749457668123043)	(65.0, 0.1089662204716635)	(66.0, 0.0669792364367106)	(67.0, 0.05198388499565603)	(68.0, 0.09397086903060882)	(69.0, 0.16494886585160115)	(70.0, 0.01699473163319523)	(71.0, 0.0039987603842812315)	(72.0, 0.0)	(73.0, 0.0)	(74.0, 0.0)	(75.0, 0.0)	(76.0, 0.0)	(77.0, 0.0)	(78.0, 0.0)	(79.0, 0.0)	(80.0, 0.0)	(81.0, 0.0)	(82.0, 0.0)	(83.0, 0.0)	(84.0, 0.0)	(85.0, 0.0)	(86.0, 0.0)	(87.0, 0.0)	(88.0, 0.0)	(89.0, 0.0)	(90.0, 0.0)	(91.0, 0.0)	(92.0, 0.0)	(93.0, 0.0)	(94.0, 0.0)	(95.0, 0.0)	(96.0, 0.0)	(97.0, 0.0)	(98.0, 0.0)	(99.0, 0.0)	(100.0, 0.0)
SRR37700619_2	(0.0, 0.0)	(1.0, 0.0)	(2.0, 0.0)	(3.0, 0.0)	(4.0, 0.0)	(5.0, 0.0)	(6.0, 0.0)	(7.0, 0.0)	(8.0, 0.0)	(9.0, 0.0)	(10.0, 0.0)	(11.0, 0.0)	(12.0, 0.0)	(13.0, 0.0)	(14.0, 0.0009174901140440377)	(15.0, 0.0)	(16.0, 0.0)	(17.0, 0.0)	(18.0, 0.0)	(19.0, 0.0)	(20.0, 0.0)	(21.0, 0.0)	(22.0, 0.0)	(23.0, 0.0)	(24.0, 0.0)	(25.0, 0.0)	(26.0, 0.0)	(27.0, 0.0)	(28.0, 0.0)	(29.0, 0.0)	(30.0, 0.0)	(31.0, 0.0)	(32.0, 0.0)	(33.0, 0.0)	(34.0, 0.0)	(35.0, 0.0027524703421321134)	(36.0, 0.0018349802280880755)	(37.0, 0.003669960456176151)	(38.0, 0.006422430798308263)	(39.0, 0.010092391254484415)	(40.0, 0.009174901140440377)	(41.0, 0.006422430798308263)	(42.0, 0.01192737148257249)	(43.0, 0.02660721330727709)	(44.0, 0.05871936729881839)	(45.0, 0.054131916728598226)	(46.0, 0.1715706513262355)	(47.0, 0.896387841421022)	(48.0, 1.208334480195977)	(49.0, 6.160946115805439)	(50.0, 13.809143706476556)	(51.0, 10.98052168488096)	(52.0, 10.614443129377223)	(53.0, 18.652574018510627)	(54.0, 15.271622948261424)	(55.0, 8.281265769362173)	(56.0, 7.878487609296658)	(57.0, 2.44602864404149)	(58.0, 1.2321892231611207)	(59.0, 0.31194663877497136)	(60.0, 0.32570899048563173)	(61.0, 0.42938537337260985)	(62.0, 0.13762351710660586)	(63.0, 0.24588735056380157)	(64.0, 0.07798665969374312)	(65.0, 0.13028359619425353)	(66.0, 0.20368280531777644)	(67.0, 0.07339920912352293)	(68.0, 0.027524703421321132)	(69.0, 0.02018478250896882)	(70.0, 0.009174901140440377)	(71.0, 0.03761709467580556)	(72.0, 0.11927371482572499)	(73.0, 0.030277173763453253)	(74.0, 0.01192737148257249)	(75.0, 0.005504940684264226)	(76.0, 0.0027524703421321134)	(77.0, 0.0009174901140440377)	(78.0, 0.0)	(79.0, 0.0)	(80.0, 0.0)	(81.0, 0.0)	(82.0, 0.0009174901140440377)	(83.0, 0.0009174901140440377)	(84.0, 0.0)	(85.0, 0.0)	(86.0, 0.0)	(87.0, 0.0)	(88.0, 0.0)	(89.0, 0.0)	(90.0, 0.0)	(91.0, 0.0)	(92.0, 0.0)	(93.0, 0.0)	(94.0, 0.0)	(95.0, 0.0)	(96.0, 0.0009174901140440377)	(97.0, 0.0)	(98.0, 0.0)	(99.0, 0.0)	(100.0, 0.0)
SRR37700620_1	(0.0, 0.0)	(1.0, 0.0)	(2.0, 0.0)	(3.0, 0.0)	(4.0, 0.0)	(5.0, 0.0)	(6.0, 0.0)	(7.0, 0.0)	(8.0, 0.0)	(9.0, 0.0)	(10.0, 0.0)	(11.0, 0.0)	(12.0, 0.0)	(13.0, 0.0)	(14.0, 0.0)	(15.0, 0.0)	(16.0, 0.0)	(17.0, 0.0)	(18.0, 0.0)	(19.0, 0.0)	(20.0, 0.0)	(21.0, 0.000690293098449682)	(22.0, 0.000690293098449682)	(23.0, 0.0)	(24.0, 0.0)	(25.0, 0.0)	(26.0, 0.0)	(27.0, 0.0)	(28.0, 0.0)	(29.0, 0.0)	(30.0, 0.0)	(31.0, 0.0)	(32.0, 0.0)	(33.0, 0.0)	(34.0, 0.0)	(35.0, 0.000690293098449682)	(36.0, 0.000690293098449682)	(37.0, 0.0)	(38.0, 0.0)	(39.0, 0.0)	(40.0, 0.000690293098449682)	(41.0, 0.0)	(42.0, 0.0)	(43.0, 0.011734982673644591)	(44.0, 0.06419725815582034)	(45.0, 0.10906630955504995)	(46.0, 0.6716551847915386)	(47.0, 1.3301948007125437)	(48.0, 0.6074579266357217)	(49.0, 4.28672014137216)	(50.0, 15.70416798972524)	(51.0, 12.389380530972883)	(52.0, 18.636533071941383)	(53.0, 18.755953777973396)	(54.0, 9.305150967102508)	(55.0, 8.032250493561838)	(56.0, 3.6157552496791907)	(57.0, 1.0713348887938834)	(58.0, 0.38311266963957535)	(59.0, 0.08283517181396186)	(60.0, 0.21606173981474963)	(61.0, 0.3161542390899543)	(62.0, 0.1974238261566085)	(63.0, 0.2823298772659189)	(64.0, 1.1555506468047543)	(65.0, 0.9864288376845757)	(66.0, 0.17188298151397063)	(67.0, 0.13805861968993668)	(68.0, 0.39415735921477063)	(69.0, 0.9477724241713957)	(70.0, 0.11182748194884871)	(71.0, 0.015876741264342683)	(72.0, 0.004141758590698092)	(73.0, 0.000690293098449682)	(74.0, 0.000690293098449682)	(75.0, 0.0)	(76.0, 0.0)	(77.0, 0.0)	(78.0, 0.0)	(79.0, 0.0)	(80.0, 0.0)	(81.0, 0.0)	(82.0, 0.0)	(83.0, 0.0)	(84.0, 0.0)	(85.0, 0.0)	(86.0, 0.0)	(87.0, 0.0)	(88.0, 0.0)	(89.0, 0.0)	(90.0, 0.0)	(91.0, 0.0)	(92.0, 0.0)	(93.0, 0.0)	(94.0, 0.0)	(95.0, 0.0)	(96.0, 0.0)	(97.0, 0.0)	(98.0, 0.0)	(99.0, 0.0)	(100.0, 0.0)
SRR37700620_2	(0.0, 0.0)	(1.0, 0.0)	(2.0, 0.0)	(3.0, 0.0)	(4.0, 0.0)	(5.0, 0.0)	(6.0, 0.0)	(7.0, 0.0)	(8.0, 0.0)	(9.0, 0.0)	(10.0, 0.0)	(11.0, 0.0)	(12.0, 0.0)	(13.0, 0.0)	(14.0, 0.0)	(15.0, 0.0)	(16.0, 0.0)	(17.0, 0.0)	(18.0, 0.0)	(19.0, 0.0006219640380394151)	(20.0, 0.0006219640380394151)	(21.0, 0.0)	(22.0, 0.0)	(23.0, 0.0)	(24.0, 0.0)	(25.0, 0.0)	(26.0, 0.0)	(27.0, 0.0)	(28.0, 0.0)	(29.0, 0.0)	(30.0, 0.0)	(31.0, 0.0)	(32.0, 0.0)	(33.0, 0.0006219640380394151)	(34.0, 0.0006219640380394151)	(35.0, 0.0)	(36.0, 0.0)	(37.0, 0.001865892114118245)	(38.0, 0.00373178422823649)	(39.0, 0.0031098201901970757)	(40.0, 0.001865892114118245)	(41.0, 0.00373178422823649)	(42.0, 0.004353748266275905)	(43.0, 0.010573388646670054)	(44.0, 0.31782362343814197)	(45.0, 0.3918373439648345)	(46.0, 0.1480274410533807)	(47.0, 0.4782903452523156)	(48.0, 0.9410315895536141)	(49.0, 3.586244643334973)	(50.0, 12.150689447135303)	(51.0, 13.635317605934036)	(52.0, 12.554966071860555)	(53.0, 17.838550575007545)	(54.0, 14.873026041631347)	(55.0, 8.40584397410339)	(56.0, 5.6760438111481974)	(57.0, 2.954329180687071)	(58.0, 1.3739185600290935)	(59.0, 0.19032099564006033)	(60.0, 0.2705543565471451)	(61.0, 0.11257549088513441)	(62.0, 0.11817316722748919)	(63.0, 0.3240432638185363)	(64.0, 0.13185637606435613)	(65.0, 0.3402143288075616)	(66.0, 1.0393019075638503)	(67.0, 0.765637730826509)	(68.0, 0.09018478551571531)	(69.0, 0.05597676342354728)	(70.0, 0.06903800822237505)	(71.0, 0.17041814642279932)	(72.0, 0.7121488235551223)	(73.0, 0.19094295967809974)	(74.0, 0.0323421299780496)	(75.0, 0.011817316722748883)	(76.0, 0.010573388646670054)	(77.0, 0.0049757123043153205)	(78.0, 0.0012439280760788301)	(79.0, 0.0)	(80.0, 0.0)	(81.0, 0.0)	(82.0, 0.0)	(83.0, 0.0)	(84.0, 0.0)	(85.0, 0.0)	(86.0, 0.0)	(87.0, 0.0)	(88.0, 0.0)	(89.0, 0.0)	(90.0, 0.0)	(91.0, 0.0)	(92.0, 0.0)	(93.0, 0.0)	(94.0, 0.0)	(95.0, 0.0)	(96.0, 0.0)	(97.0, 0.0)	(98.0, 0.0)	(99.0, 0.0)	(100.0, 0.0)
SRR37700621_1	(0.0, 0.0)	(1.0, 0.0)	(2.0, 0.0)	(3.0, 0.0)	(4.0, 0.0)	(5.0, 0.0)	(6.0, 0.0)	(7.0, 0.0)	(8.0, 0.0)	(9.0, 0.0)	(10.0, 0.0)	(11.0, 0.0)	(12.0, 0.0)	(13.0, 0.0)	(14.0, 0.0)	(15.0, 0.0)	(16.0, 0.0)	(17.0, 0.0)	(18.0, 0.0)	(19.0, 0.0)	(20.0, 0.0)	(21.0, 0.0)	(22.0, 0.0)	(23.0, 0.0)	(24.0, 0.0)	(25.0, 0.0)	(26.0, 0.0)	(27.0, 0.0)	(28.0, 0.0)	(29.0, 0.0)	(30.0, 0.0)	(31.0, 0.0)	(32.0, 0.0)	(33.0, 0.0)	(34.0, 0.0)	(35.0, 0.0)	(36.0, 0.0)	(37.0, 0.0)	(38.0, 0.0)	(39.0, 0.0)	(40.0, 0.0)	(41.0, 0.001492225505118215)	(42.0, 0.00298445101023643)	(43.0, 0.00298445101023643)	(44.0, 0.00895335303070929)	(45.0, 0.06864237323543794)	(46.0, 0.501387769719718)	(47.0, 0.7490972035693457)	(48.0, 1.0221744710059868)	(49.0, 4.433401975706408)	(50.0, 17.31578476139464)	(51.0, 10.593308860834021)	(52.0, 17.69033336317948)	(53.0, 19.791386874384898)	(54.0, 11.98555525710995)	(55.0, 7.556629957918173)	(56.0, 2.64870027158482)	(57.0, 1.6877070462886834)	(58.0, 0.2671083654161611)	(59.0, 0.022383382576773223)	(60.0, 0.025367833587009652)	(61.0, 0.04775121616378289)	(62.0, 0.17757483510906763)	(63.0, 0.31635180708506194)	(64.0, 0.3999164353716808)	(65.0, 0.20891157071655037)	(66.0, 0.23129495329332372)	(67.0, 0.21786492374725971)	(68.0, 0.670009251798078)	(69.0, 1.2594383263197801)	(70.0, 0.0775957262661472)	(71.0, 0.01193780404094572)	(72.0, 0.00596890202047286)	(73.0, 0.0)	(74.0, 0.0)	(75.0, 0.0)	(76.0, 0.0)	(77.0, 0.0)	(78.0, 0.0)	(79.0, 0.0)	(80.0, 0.0)	(81.0, 0.0)	(82.0, 0.0)	(83.0, 0.0)	(84.0, 0.0)	(85.0, 0.0)	(86.0, 0.0)	(87.0, 0.0)	(88.0, 0.0)	(89.0, 0.0)	(90.0, 0.0)	(91.0, 0.0)	(92.0, 0.0)	(93.0, 0.0)	(94.0, 0.0)	(95.0, 0.0)	(96.0, 0.0)	(97.0, 0.0)	(98.0, 0.0)	(99.0, 0.0)	(100.0, 0.0)
SRR37700621_2	(0.0, 0.0)	(1.0, 0.0)	(2.0, 0.0)	(3.0, 0.0)	(4.0, 0.0)	(5.0, 0.0)	(6.0, 0.0)	(7.0, 0.0)	(8.0, 0.0)	(9.0, 0.0)	(10.0, 0.0)	(11.0, 0.0)	(12.0, 0.0)	(13.0, 0.0)	(14.0, 0.0)	(15.0, 0.0)	(16.0, 0.0)	(17.0, 0.0)	(18.0, 0.0)	(19.0, 0.0)	(20.0, 0.0)	(21.0, 0.0)	(22.0, 0.0)	(23.0, 0.0)	(24.0, 0.0)	(25.0, 0.0)	(26.0, 0.0)	(27.0, 0.0)	(28.0, 0.0)	(29.0, 0.0)	(30.0, 0.0)	(31.0, 0.0)	(32.0, 0.0)	(33.0, 0.0)	(34.0, 0.0013715351593037834)	(35.0, 0.004114605477911351)	(36.0, 0.0027430703186075668)	(37.0, 0.0)	(38.0, 0.0)	(39.0, 0.0054861406372151336)	(40.0, 0.0054861406372151336)	(41.0, 0.0013715351593037834)	(42.0, 0.0027430703186075668)	(43.0, 0.0054861406372151336)	(44.0, 0.015086886752341619)	(45.0, 0.03291684382329079)	(46.0, 0.3195676921177814)	(47.0, 0.6391353842355632)	(48.0, 0.5348987121284727)	(49.0, 2.316522884064066)	(50.0, 10.824155477225782)	(51.0, 14.801607439208563)	(52.0, 7.303424723292134)	(53.0, 18.037058880006043)	(54.0, 20.968029515435564)	(55.0, 8.452771186788462)	(56.0, 7.596933247383078)	(57.0, 2.3412105169315365)	(58.0, 1.6609290779168593)	(59.0, 0.7035975367228429)	(60.0, 0.19887259809904886)	(61.0, 0.06446215248727787)	(62.0, 0.046632195416328646)	(63.0, 0.06857675796518921)	(64.0, 0.10286513694778368)	(65.0, 0.351113000781768)	(66.0, 0.5321556418098651)	(67.0, 0.24550479351537782)	(68.0, 0.09326439083265722)	(69.0, 0.094635925991961)	(70.0, 0.09189285567335344)	(71.0, 0.2797931724979723)	(72.0, 0.9449877247603156)	(73.0, 0.24139018803746645)	(74.0, 0.05486140637215137)	(75.0, 0.0068576757965189165)	(76.0, 0.0013715351593037834)	(77.0, 0.0)	(78.0, 0.0013715351593037834)	(79.0, 0.0013715351593037834)	(80.0, 0.0)	(81.0, 0.0)	(82.0, 0.0013715351593037834)	(83.0, 0.0)	(84.0, 0.0)	(85.0, 0.0)	(86.0, 0.0)	(87.0, 0.0)	(88.0, 0.0)	(89.0, 0.0)	(90.0, 0.0)	(91.0, 0.0)	(92.0, 0.0)	(93.0, 0.0)	(94.0, 0.0)	(95.0, 0.0)	(96.0, 0.0)	(97.0, 0.0)	(98.0, 0.0)	(99.0, 0.0)	(100.0, 0.0)
SRR37700622_1	(0.0, 0.0)	(1.0, 0.0)	(2.0, 0.0)	(3.0, 0.0)	(4.0, 0.0)	(5.0, 0.0)	(6.0, 0.0)	(7.0, 0.0)	(8.0, 0.0)	(9.0, 0.0)	(10.0, 0.0)	(11.0, 0.0)	(12.0, 0.0)	(13.0, 0.0)	(14.0, 0.0)	(15.0, 0.0)	(16.0, 0.0)	(17.0, 0.0)	(18.0, 0.0)	(19.0, 0.0)	(20.0, 0.0)	(21.0, 0.0)	(22.0, 0.0)	(23.0, 0.0)	(24.0, 0.0)	(25.0, 0.0)	(26.0, 0.0)	(27.0, 0.0)	(28.0, 0.0)	(29.0, 0.0)	(30.0, 0.0)	(31.0, 0.0)	(32.0, 0.0)	(33.0, 0.0)	(34.0, 0.0)	(35.0, 0.0)	(36.0, 0.0)	(37.0, 0.0)	(38.0, 0.0)	(39.0, 0.0)	(40.0, 0.0)	(41.0, 0.0)	(42.0, 0.0)	(43.0, 0.002476320188200455)	(44.0, 0.011143440846902048)	(45.0, 0.13991209063332566)	(46.0, 0.7812790193772494)	(47.0, 0.8147093419179565)	(48.0, 1.3458800222869356)	(49.0, 8.77360242679405)	(50.0, 10.471119915806232)	(51.0, 6.423574568191556)	(52.0, 10.259394539714998)	(53.0, 25.104934067969985)	(54.0, 17.575682535753348)	(55.0, 9.374110072432932)	(56.0, 3.0805423141214567)	(57.0, 0.5745062836625057)	(58.0, 0.4024020305825722)	(59.0, 0.27115706060795)	(60.0, 0.13248313006872425)	(61.0, 1.0388163189500965)	(62.0, 0.9360490311397823)	(63.0, 0.18943849439733512)	(64.0, 0.6190800470501151)	(65.0, 0.609174766297313)	(66.0, 0.11886336903362167)	(67.0, 0.09038568686931653)	(68.0, 0.19686745496193653)	(69.0, 0.5398378010276983)	(70.0, 0.10152912771621855)	(71.0, 0.013619761035102505)	(72.0, 0.00495264037640091)	(73.0, 0.0012381600941002275)	(74.0, 0.0012381600941002275)	(75.0, 0.0)	(76.0, 0.0)	(77.0, 0.0)	(78.0, 0.0)	(79.0, 0.0)	(80.0, 0.0)	(81.0, 0.0)	(82.0, 0.0)	(83.0, 0.0)	(84.0, 0.0)	(85.0, 0.0)	(86.0, 0.0)	(87.0, 0.0)	(88.0, 0.0)	(89.0, 0.0)	(90.0, 0.0)	(91.0, 0.0)	(92.0, 0.0)	(93.0, 0.0)	(94.0, 0.0)	(95.0, 0.0)	(96.0, 0.0)	(97.0, 0.0)	(98.0, 0.0)	(99.0, 0.0)	(100.0, 0.0)
SRR37700622_2	(0.0, 0.0)	(1.0, 0.0)	(2.0, 0.0)	(3.0, 0.0)	(4.0, 0.0)	(5.0, 0.0)	(6.0, 0.0)	(7.0, 0.0)	(8.0, 0.0)	(9.0, 0.0)	(10.0, 0.0)	(11.0, 0.0)	(12.0, 0.0)	(13.0, 0.0)	(14.0, 0.0)	(15.0, 0.0)	(16.0, 0.0)	(17.0, 0.0)	(18.0, 0.0)	(19.0, 0.0)	(20.0, 0.0)	(21.0, 0.0)	(22.0, 0.0)	(23.0, 0.0)	(24.0, 0.0)	(25.0, 0.0)	(26.0, 0.0)	(27.0, 0.0)	(28.0, 0.0)	(29.0, 0.0)	(30.0, 0.0)	(31.0, 0.0)	(32.0, 0.0)	(33.0, 0.0)	(34.0, 0.0)	(35.0, 0.0)	(36.0, 0.0024957572127382844)	(37.0, 0.0012478786063691422)	(38.0, 0.0037436358191074268)	(39.0, 0.0024957572127382844)	(40.0, 0.0012478786063691422)	(41.0, 0.004991514425476569)	(42.0, 0.0024957572127382844)	(43.0, 0.0024957572127382844)	(44.0, 0.4979035639412855)	(45.0, 0.5503144654087909)	(46.0, 0.10357392432863868)	(47.0, 0.29200359389037917)	(48.0, 0.8173604871717949)	(49.0, 8.166117600079195)	(50.0, 9.51757013077759)	(51.0, 9.059598682239907)	(52.0, 6.186982130377845)	(53.0, 13.544474393532644)	(54.0, 15.443745632427191)	(55.0, 19.515573525006)	(56.0, 7.196515922930252)	(57.0, 3.1808425676350436)	(58.0, 1.2478786063691365)	(59.0, 0.2545672356993054)	(60.0, 0.24583208545472154)	(61.0, 0.37436358191074137)	(62.0, 0.2395926924228759)	(63.0, 0.9845762204252625)	(64.0, 0.18343815513626416)	(65.0, 0.310721772985916)	(66.0, 0.7200259558749991)	(67.0, 0.4529799341119962)	(68.0, 0.051163022861134846)	(69.0, 0.037436358191074263)	(70.0, 0.038684236797443414)	(71.0, 0.09983028850953128)	(72.0, 0.4454926624737815)	(73.0, 0.10357392432863868)	(74.0, 0.033692722371966834)	(75.0, 0.023709693521013694)	(76.0, 0.04492362982928913)	(77.0, 0.012478786063691422)	(78.0, 0.0)	(79.0, 0.0)	(80.0, 0.0)	(81.0, 0.0)	(82.0, 0.0)	(83.0, 0.0)	(84.0, 0.0012478786063691422)	(85.0, 0.0)	(86.0, 0.0)	(87.0, 0.0)	(88.0, 0.0)	(89.0, 0.0)	(90.0, 0.0)	(91.0, 0.0)	(92.0, 0.0)	(93.0, 0.0)	(94.0, 0.0)	(95.0, 0.0)	(96.0, 0.0)	(97.0, 0.0)	(98.0, 0.0)	(99.0, 0.0)	(100.0, 0.0)
SRR37700623_1	(0.0, 0.0)	(1.0, 0.0)	(2.0, 0.0)	(3.0, 0.0)	(4.0, 0.0)	(5.0, 0.0)	(6.0, 0.0)	(7.0, 0.0)	(8.0, 0.0)	(9.0, 0.0)	(10.0, 0.0)	(11.0, 0.0)	(12.0, 0.0)	(13.0, 0.0)	(14.0, 0.0)	(15.0, 0.0)	(16.0, 0.0)	(17.0, 0.0)	(18.0, 0.0)	(19.0, 0.0)	(20.0, 0.0)	(21.0, 0.0)	(22.0, 0.0)	(23.0, 0.0)	(24.0, 0.0)	(25.0, 0.0)	(26.0, 0.0)	(27.0, 0.0)	(28.0, 0.0)	(29.0, 0.0)	(30.0, 0.0)	(31.0, 0.0)	(32.0, 0.0)	(33.0, 0.0)	(34.0, 0.0)	(35.0, 0.0)	(36.0, 0.0)	(37.0, 0.0)	(38.0, 0.0)	(39.0, 0.0)	(40.0, 0.0)	(41.0, 0.0)	(42.0, 0.0013109939956474914)	(43.0, 0.002621987991294983)	(44.0, 0.010487951965179931)	(45.0, 0.1324103935603965)	(46.0, 1.3018170376779536)	(47.0, 0.8075723013188605)	(48.0, 1.1733396261045068)	(49.0, 6.513018170376355)	(50.0, 16.21044075618407)	(51.0, 21.062429534071022)	(52.0, 19.512834631217096)	(53.0, 11.523637221742295)	(54.0, 6.682136395814843)	(55.0, 7.647027976611177)	(56.0, 4.002464668711971)	(57.0, 1.7777078580979662)	(58.0, 0.22155798526442655)	(59.0, 0.07997063373449696)	(60.0, 0.03277484989118727)	(61.0, 0.02359789192165484)	(62.0, 0.0485067778389572)	(63.0, 0.12192244159521654)	(64.0, 0.11143448963003663)	(65.0, 0.08128162773014444)	(66.0, 0.07865963973884949)	(67.0, 0.07079367576496455)	(68.0, 0.2910406670337432)	(69.0, 0.4273840425810804)	(70.0, 0.04064081386507224)	(71.0, 0.007865963973884949)	(72.0, 0.0013109939956474914)	(73.0, 0.0)	(74.0, 0.0)	(75.0, 0.0)	(76.0, 0.0)	(77.0, 0.0)	(78.0, 0.0)	(79.0, 0.0)	(80.0, 0.0)	(81.0, 0.0)	(82.0, 0.0)	(83.0, 0.0)	(84.0, 0.0)	(85.0, 0.0)	(86.0, 0.0)	(87.0, 0.0)	(88.0, 0.0)	(89.0, 0.0)	(90.0, 0.0)	(91.0, 0.0)	(92.0, 0.0)	(93.0, 0.0)	(94.0, 0.0)	(95.0, 0.0)	(96.0, 0.0)	(97.0, 0.0)	(98.0, 0.0)	(99.0, 0.0)	(100.0, 0.0)
SRR37700623_2	(0.0, 0.0)	(1.0, 0.0)	(2.0, 0.0)	(3.0, 0.0)	(4.0, 0.0)	(5.0, 0.0)	(6.0, 0.0)	(7.0, 0.0)	(8.0, 0.0)	(9.0, 0.0)	(10.0, 0.0)	(11.0, 0.0)	(12.0, 0.0)	(13.0, 0.0)	(14.0, 0.0)	(15.0, 0.0)	(16.0, 0.0)	(17.0, 0.0)	(18.0, 0.0)	(19.0, 0.0)	(20.0, 0.0)	(21.0, 0.0)	(22.0, 0.0)	(23.0, 0.0)	(24.0, 0.0)	(25.0, 0.0)	(26.0, 0.0)	(27.0, 0.0)	(28.0, 0.0)	(29.0, 0.0)	(30.0, 0.0)	(31.0, 0.0)	(32.0, 0.0)	(33.0, 0.0)	(34.0, 0.0)	(35.0, 0.0)	(36.0, 0.0012032970338727946)	(37.0, 0.0024065940677455893)	(38.0, 0.0036098911016183843)	(39.0, 0.0036098911016183843)	(40.0, 0.0048131881354911785)	(41.0, 0.0048131881354911785)	(42.0, 0.007219782203236767)	(43.0, 0.008423079237109561)	(44.0, 0.0216593466097103)	(45.0, 0.037302208050056636)	(46.0, 0.1829011491486651)	(47.0, 1.1864508753985712)	(48.0, 1.5534564707297527)	(49.0, 4.3607484507550245)	(50.0, 11.238794296372978)	(51.0, 12.178569279828059)	(52.0, 11.949942843392124)	(53.0, 21.819385115211677)	(54.0, 15.503278984419126)	(55.0, 6.555562240538502)	(56.0, 6.280007219781695)	(57.0, 2.2188797304614334)	(58.0, 2.2020335719872124)	(59.0, 1.2851212321761347)	(60.0, 0.214186872029358)	(61.0, 0.07580771313398604)	(62.0, 0.04572528728716622)	(63.0, 0.03248901991456545)	(64.0, 0.038505505083929435)	(65.0, 0.12634618855664334)	(66.0, 0.1829011491486651)	(67.0, 0.04813188135491181)	(68.0, 0.042115396185547826)	(69.0, 0.038505505083929435)	(70.0, 0.037302208050056636)	(71.0, 0.10709343601467858)	(72.0, 0.2948077732988344)	(73.0, 0.0806209012694772)	(74.0, 0.0216593466097103)	(75.0, 0.0024065940677455893)	(76.0, 0.0)	(77.0, 0.0)	(78.0, 0.0)	(79.0, 0.0)	(80.0, 0.0)	(81.0, 0.0)	(82.0, 0.0)	(83.0, 0.0)	(84.0, 0.0)	(85.0, 0.0)	(86.0, 0.0)	(87.0, 0.0)	(88.0, 0.0)	(89.0, 0.0)	(90.0, 0.0)	(91.0, 0.0)	(92.0, 0.0)	(93.0, 0.0012032970338727946)	(94.0, 0.0)	(95.0, 0.0)	(96.0, 0.0)	(97.0, 0.0)	(98.0, 0.0)	(99.0, 0.0)	(100.0, 0.0)
SRR37700624_1	(0.0, 0.0)	(1.0, 0.0)	(2.0, 0.0)	(3.0, 0.0)	(4.0, 0.0)	(5.0, 0.0)	(6.0, 0.0)	(7.0, 0.0)	(8.0, 0.0)	(9.0, 0.0)	(10.0, 0.0)	(11.0, 0.0)	(12.0, 0.0)	(13.0, 0.0)	(14.0, 0.0)	(15.0, 0.0)	(16.0, 0.0)	(17.0, 0.0)	(18.0, 0.0)	(19.0, 0.0)	(20.0, 0.0)	(21.0, 0.0)	(22.0, 0.0)	(23.0, 0.0)	(24.0, 0.0)	(25.0, 0.0)	(26.0, 0.0)	(27.0, 0.0)	(28.0, 0.0)	(29.0, 0.0)	(30.0, 0.0)	(31.0, 0.0)	(32.0, 0.0)	(33.0, 0.0)	(34.0, 0.0)	(35.0, 0.0)	(36.0, 0.001188269404439324)	(37.0, 0.001188269404439324)	(38.0, 0.0)	(39.0, 0.0)	(40.0, 0.001188269404439324)	(41.0, 0.001188269404439324)	(42.0, 0.001188269404439324)	(43.0, 0.002376538808878648)	(44.0, 0.0035648082133179723)	(45.0, 0.0344598127287404)	(46.0, 0.5751223917486336)	(47.0, 0.9375445601026356)	(48.0, 0.4943200722467573)	(49.0, 3.2760587480393397)	(50.0, 15.268073577642923)	(51.0, 11.826845382385986)	(52.0, 14.416084414660451)	(53.0, 22.044773991154226)	(54.0, 14.313893245878623)	(55.0, 5.866486049716604)	(56.0, 2.368220923047593)	(57.0, 1.4924663719757685)	(58.0, 0.9731926422358133)	(59.0, 0.5050144968867115)	(60.0, 0.4586719901135765)	(61.0, 0.7771281905033244)	(62.0, 0.5323446931888167)	(63.0, 0.31607966158085954)	(64.0, 0.9327914824848786)	(65.0, 0.8080231950187478)	(66.0, 0.1675459860259449)	(67.0, 0.1307096344883256)	(68.0, 0.3041969675364665)	(69.0, 0.9268501354626822)	(70.0, 0.20200579875468555)	(71.0, 0.02733019630210444)	(72.0, 0.0071296164266359445)	(73.0, 0.001188269404439324)	(74.0, 0.001188269404439324)	(75.0, 0.001188269404439324)	(76.0, 0.001188269404439324)	(77.0, 0.0)	(78.0, 0.0)	(79.0, 0.0)	(80.0, 0.0)	(81.0, 0.0)	(82.0, 0.0)	(83.0, 0.0)	(84.0, 0.0)	(85.0, 0.0)	(86.0, 0.0)	(87.0, 0.0)	(88.0, 0.0)	(89.0, 0.0)	(90.0, 0.0)	(91.0, 0.0)	(92.0, 0.0)	(93.0, 0.0)	(94.0, 0.0)	(95.0, 0.0)	(96.0, 0.0)	(97.0, 0.0)	(98.0, 0.0)	(99.0, 0.0)	(100.0, 0.0)
SRR37700624_2	(0.0, 0.0)	(1.0, 0.0)	(2.0, 0.0)	(3.0, 0.0)	(4.0, 0.0)	(5.0, 0.0)	(6.0, 0.0)	(7.0, 0.0)	(8.0, 0.0)	(9.0, 0.0)	(10.0, 0.0)	(11.0, 0.0)	(12.0, 0.0)	(13.0, 0.0)	(14.0, 0.0)	(15.0, 0.0)	(16.0, 0.0)	(17.0, 0.0)	(18.0, 0.0)	(19.0, 0.0)	(20.0, 0.0)	(21.0, 0.0)	(22.0, 0.0)	(23.0, 0.0)	(24.0, 0.0)	(25.0, 0.0)	(26.0, 0.0)	(27.0, 0.0)	(28.0, 0.0)	(29.0, 0.0)	(30.0, 0.0)	(31.0, 0.0)	(32.0, 0.0)	(33.0, 0.0)	(34.0, 0.0)	(35.0, 0.0)	(36.0, 0.0)	(37.0, 0.0)	(38.0, 0.0022978733182437605)	(39.0, 0.0022978733182437605)	(40.0, 0.004595746636487521)	(41.0, 0.008042556613853162)	(42.0, 0.009191493272975042)	(43.0, 0.011489366591218804)	(44.0, 0.4388938037845558)	(45.0, 0.541149166446406)	(46.0, 0.062042579592581554)	(47.0, 0.11144685593482222)	(48.0, 0.47106403023996923)	(49.0, 2.4564265772026186)	(50.0, 13.614899410596621)	(51.0, 14.034261291176298)	(52.0, 10.77357905258692)	(53.0, 16.031113204728424)	(54.0, 10.891919528476526)	(55.0, 15.771453519767114)	(56.0, 4.521065753644534)	(57.0, 2.310511621494123)	(58.0, 1.5246389466547086)	(59.0, 0.33434056780446614)	(60.0, 0.44463848708016523)	(61.0, 0.7353194618380092)	(62.0, 0.30217034134905396)	(63.0, 0.804255661385324)	(64.0, 0.23553201511998584)	(65.0, 0.5354044831507964)	(66.0, 0.9283408205704866)	(67.0, 0.6123832393119646)	(68.0, 0.0838723761158972)	(69.0, 0.06548938956994718)	(70.0, 0.058595769615215926)	(71.0, 0.19876604202808573)	(72.0, 0.8122982179991775)	(73.0, 0.10225536266184722)	(74.0, 0.01953192320507196)	(75.0, 0.03446809977365641)	(76.0, 0.06893619954731281)	(77.0, 0.026425543159803236)	(78.0, 0.0011489366591218803)	(79.0, 0.0)	(80.0, 0.0011489366591218803)	(81.0, 0.0)	(82.0, 0.0011489366591218803)	(83.0, 0.0011489366591218803)	(84.0, 0.0)	(85.0, 0.0)	(86.0, 0.0)	(87.0, 0.0)	(88.0, 0.0)	(89.0, 0.0)	(90.0, 0.0)	(91.0, 0.0)	(92.0, 0.0)	(93.0, 0.0)	(94.0, 0.0)	(95.0, 0.0)	(96.0, 0.0)	(97.0, 0.0)	(98.0, 0.0)	(99.0, 0.0)	(100.0, 0.0)
SRR37700625_1	(0.0, 0.0)	(1.0, 0.0)	(2.0, 0.0)	(3.0, 0.0)	(4.0, 0.0)	(5.0, 0.0)	(6.0, 0.0)	(7.0, 0.0)	(8.0, 0.0)	(9.0, 0.0)	(10.0, 0.0)	(11.0, 0.0)	(12.0, 0.0)	(13.0, 0.0)	(14.0, 0.0)	(15.0, 0.0)	(16.0, 0.0)	(17.0, 0.0)	(18.0, 0.0)	(19.0, 0.0)	(20.0, 0.0)	(21.0, 0.0)	(22.0, 0.0)	(23.0, 0.0)	(24.0, 0.0)	(25.0, 0.0)	(26.0, 0.0)	(27.0, 0.0)	(28.0, 0.0)	(29.0, 0.0)	(30.0, 0.0)	(31.0, 0.0)	(32.0, 0.0)	(33.0, 0.0)	(34.0, 0.0)	(35.0, 0.004693293283897238)	(36.0, 0.014079879851691714)	(37.0, 0.07978598582625303)	(38.0, 0.09855915896184197)	(39.0, 0.004693293283897238)	(40.0, 0.009386586567794475)	(41.0, 0.0)	(42.0, 0.004693293283897238)	(43.0, 0.01877317313558895)	(44.0, 0.09855915896184197)	(45.0, 11.179424602243508)	(46.0, 11.07147885671386)	(47.0, 2.9802412352747694)	(48.0, 3.1257333270755883)	(49.0, 3.346318111418764)	(50.0, 7.542122307222734)	(51.0, 10.273618998451237)	(52.0, 11.029239217158779)	(53.0, 12.50293330830268)	(54.0, 9.269254235697115)	(55.0, 9.011123105082737)	(56.0, 3.810954146524587)	(57.0, 1.1263903881353363)	(58.0, 0.5960482470549495)	(59.0, 0.19242502463978686)	(60.0, 0.11263903881353367)	(61.0, 0.26751771718214257)	(62.0, 0.3050640634533204)	(63.0, 0.19711831792368412)	(64.0, 0.5491153142159768)	(65.0, 0.38954334256347034)	(66.0, 0.12202562538132816)	(67.0, 0.0891725723940475)	(68.0, 0.13141221194912267)	(69.0, 0.3848500492795731)	(70.0, 0.056319519406766855)	(71.0, 0.004693293283897238)	(72.0, 0.0)	(73.0, 0.0)	(74.0, 0.0)	(75.0, 0.0)	(76.0, 0.0)	(77.0, 0.0)	(78.0, 0.0)	(79.0, 0.0)	(80.0, 0.0)	(81.0, 0.0)	(82.0, 0.0)	(83.0, 0.0)	(84.0, 0.0)	(85.0, 0.0)	(86.0, 0.0)	(87.0, 0.0)	(88.0, 0.0)	(89.0, 0.0)	(90.0, 0.0)	(91.0, 0.0)	(92.0, 0.0)	(93.0, 0.0)	(94.0, 0.0)	(95.0, 0.0)	(96.0, 0.0)	(97.0, 0.0)	(98.0, 0.0)	(99.0, 0.0)	(100.0, 0.0)
SRR37700625_2	(0.0, 0.0)	(1.0, 0.0)	(2.0, 0.0)	(3.0, 0.0)	(4.0, 0.0)	(5.0, 0.0)	(6.0, 0.0)	(7.0, 0.0)	(8.0, 0.0)	(9.0, 0.0)	(10.0, 0.0)	(11.0, 0.0)	(12.0, 0.0)	(13.0, 0.0)	(14.0, 0.0)	(15.0, 0.0)	(16.0, 0.0)	(17.0, 0.0)	(18.0, 0.0)	(19.0, 0.0)	(20.0, 0.0)	(21.0, 0.0)	(22.0, 0.0)	(23.0, 0.0)	(24.0, 0.0)	(25.0, 0.0)	(26.0, 0.0)	(27.0, 0.0)	(28.0, 0.0)	(29.0, 0.0)	(30.0, 0.0)	(31.0, 0.004878048780487739)	(32.0, 0.0)	(33.0, 0.0)	(34.0, 0.0)	(35.0, 0.004878048780487739)	(36.0, 0.014634146341463216)	(37.0, 0.058536585365852864)	(38.0, 0.11707317073170569)	(39.0, 0.019512195121950956)	(40.0, 0.024390243902438692)	(41.0, 0.03902439024390191)	(42.0, 0.07804878048780381)	(43.0, 0.9317073170731607)	(44.0, 11.54146341463428)	(45.0, 1.3658536585365633)	(46.0, 0.42926829268292044)	(47.0, 2.848780487804856)	(48.0, 1.0341463414634018)	(49.0, 3.7024390243902348)	(50.0, 5.892682926829109)	(51.0, 6.9121951219509885)	(52.0, 8.595121951219351)	(53.0, 13.897560975610123)	(54.0, 12.8243902439027)	(55.0, 10.209756097560975)	(56.0, 10.019512195121932)	(57.0, 3.424390243902426)	(58.0, 2.3365853658536295)	(59.0, 0.47317073170730994)	(60.0, 0.536585365853651)	(61.0, 0.22439024390243614)	(62.0, 0.04390243902438965)	(63.0, 0.27317073170731343)	(64.0, 0.13658536585365666)	(65.0, 0.263414634146338)	(66.0, 0.5170731707317)	(67.0, 0.3902439024390187)	(68.0, 0.12682926829268118)	(69.0, 0.09268292682926701)	(70.0, 0.019512195121950956)	(71.0, 0.11219512195121795)	(72.0, 0.3365853658536538)	(73.0, 0.058536585365852864)	(74.0, 0.009756097560975478)	(75.0, 0.009756097560975478)	(76.0, 0.024390243902438692)	(77.0, 0.014634146341463216)	(78.0, 0.0)	(79.0, 0.0)	(80.0, 0.0)	(81.0, 0.0)	(82.0, 0.0)	(83.0, 0.0)	(84.0, 0.004878048780487739)	(85.0, 0.004878048780487739)	(86.0, 0.0)	(87.0, 0.0)	(88.0, 0.0)	(89.0, 0.0)	(90.0, 0.0)	(91.0, 0.0)	(92.0, 0.0)	(93.0, 0.0)	(94.0, 0.0)	(95.0, 0.0)	(96.0, 0.0)	(97.0, 0.0)	(98.0, 0.0)	(99.0, 0.0)	(100.0, 0.0)
SRR37700626_1	(0.0, 0.0)	(1.0, 0.0)	(2.0, 0.0)	(3.0, 0.0)	(4.0, 0.0)	(5.0, 0.0)	(6.0, 0.0)	(7.0, 0.0)	(8.0, 0.0)	(9.0, 0.0)	(10.0, 0.0)	(11.0, 0.0)	(12.0, 0.0)	(13.0, 0.0)	(14.0, 0.0)	(15.0, 0.0)	(16.0, 0.0)	(17.0, 0.0)	(18.0, 0.0)	(19.0, 0.0)	(20.0, 0.0)	(21.0, 0.0)	(22.0, 0.0)	(23.0, 0.0)	(24.0, 0.0)	(25.0, 0.0)	(26.0, 0.0)	(27.0, 0.0)	(28.0, 0.0)	(29.0, 0.0)	(30.0, 0.0)	(31.0, 0.0)	(32.0, 0.0)	(33.0, 0.0)	(34.0, 0.0)	(35.0, 0.0)	(36.0, 0.0)	(37.0, 0.057002793136864245)	(38.0, 0.017100837941059273)	(39.0, 0.005700279313686425)	(40.0, 0.005700279313686425)	(41.0, 0.0)	(42.0, 0.01140055862737285)	(43.0, 0.005700279313686425)	(44.0, 0.017100837941059273)	(45.0, 1.9437952459670615)	(46.0, 1.9950977597902386)	(47.0, 0.15960782078321986)	(48.0, 0.4674229037222863)	(49.0, 4.856637975260856)	(50.0, 27.589351878240798)	(51.0, 7.416063387105915)	(52.0, 18.383400786639314)	(53.0, 12.472211138346118)	(54.0, 10.11229550247967)	(55.0, 6.7947329419141305)	(56.0, 1.8924927321438845)	(57.0, 0.9462463660719486)	(58.0, 0.6270307245055065)	(59.0, 0.4104201105854222)	(60.0, 1.3281650800889364)	(61.0, 1.3110642421478773)	(62.0, 0.14250698284216057)	(63.0, 0.07980391039160993)	(64.0, 0.5073248589180911)	(65.0, 0.38191871401699024)	(66.0, 0.01140055862737285)	(67.0, 0.0)	(68.0, 0.017100837941059273)	(69.0, 0.0228011172547457)	(70.0, 0.005700279313686425)	(71.0, 0.0)	(72.0, 0.005700279313686425)	(73.0, 0.0)	(74.0, 0.0)	(75.0, 0.0)	(76.0, 0.0)	(77.0, 0.0)	(78.0, 0.0)	(79.0, 0.0)	(80.0, 0.0)	(81.0, 0.0)	(82.0, 0.0)	(83.0, 0.0)	(84.0, 0.0)	(85.0, 0.0)	(86.0, 0.0)	(87.0, 0.0)	(88.0, 0.0)	(89.0, 0.0)	(90.0, 0.0)	(91.0, 0.0)	(92.0, 0.0)	(93.0, 0.0)	(94.0, 0.0)	(95.0, 0.0)	(96.0, 0.0)	(97.0, 0.0)	(98.0, 0.0)	(99.0, 0.0)	(100.0, 0.0)
SRR37700626_2	(0.0, 0.0)	(1.0, 0.0)	(2.0, 0.0)	(3.0, 0.0)	(4.0, 0.0)	(5.0, 0.0)	(6.0, 0.0)	(7.0, 0.0)	(8.0, 0.0)	(9.0, 0.0)	(10.0, 0.0)	(11.0, 0.0)	(12.0, 0.0)	(13.0, 0.0)	(14.0, 0.0)	(15.0, 0.0)	(16.0, 0.0)	(17.0, 0.0)	(18.0, 0.0)	(19.0, 0.0)	(20.0, 0.0)	(21.0, 0.0)	(22.0, 0.0)	(23.0, 0.0)	(24.0, 0.0)	(25.0, 0.0)	(26.0, 0.0)	(27.0, 0.0)	(28.0, 0.0)	(29.0, 0.0)	(30.0, 0.0048959608323134104)	(31.0, 0.0048959608323134104)	(32.0, 0.0)	(33.0, 0.0)	(34.0, 0.009791921664626821)	(35.0, 0.0048959608323134104)	(36.0, 0.009791921664626821)	(37.0, 0.044063647490820694)	(38.0, 0.044063647490820694)	(39.0, 0.019583843329253642)	(40.0, 0.0)	(41.0, 0.009791921664626821)	(42.0, 0.02447980416156705)	(43.0, 0.2203182374541036)	(44.0, 1.7233782129743118)	(45.0, 0.3427172582619385)	(46.0, 0.044063647490820694)	(47.0, 0.09791921664626818)	(48.0, 0.2545899632802974)	(49.0, 2.722154222766269)	(50.0, 20.323133414932446)	(51.0, 22.516523867808356)	(52.0, 11.309669522644237)	(53.0, 11.823745410037203)	(54.0, 7.5593635250917375)	(55.0, 6.97674418604647)	(56.0, 6.687882496939995)	(57.0, 2.2423500611995415)	(58.0, 1.6695226438188648)	(59.0, 0.24479804161567065)	(60.0, 0.25948592411261084)	(61.0, 0.3965728274173858)	(62.0, 0.23990208078335726)	(63.0, 1.1554467564259643)	(64.0, 0.18115055079559625)	(65.0, 0.07343941248470114)	(66.0, 0.39167686658507245)	(67.0, 0.29375764993880454)	(68.0, 0.014687882496940231)	(69.0, 0.009791921664626821)	(70.0, 0.014687882496940231)	(71.0, 0.0)	(72.0, 0.0048959608323134104)	(73.0, 0.0048959608323134104)	(74.0, 0.009791921664626821)	(75.0, 0.0048959608323134104)	(76.0, 0.0)	(77.0, 0.0048959608323134104)	(78.0, 0.0048959608323134104)	(79.0, 0.0)	(80.0, 0.0)	(81.0, 0.0)	(82.0, 0.0)	(83.0, 0.0)	(84.0, 0.0)	(85.0, 0.0)	(86.0, 0.0)	(87.0, 0.0)	(88.0, 0.0)	(89.0, 0.0)	(90.0, 0.0)	(91.0, 0.0)	(92.0, 0.0)	(93.0, 0.0)	(94.0, 0.0)	(95.0, 0.0)	(96.0, 0.0)	(97.0, 0.0)	(98.0, 0.0)	(99.0, 0.0)	(100.0, 0.0)
SRR37700627_1	(0.0, 0.0)	(1.0, 0.0)	(2.0, 0.0)	(3.0, 0.0)	(4.0, 0.0)	(5.0, 0.0)	(6.0, 0.0)	(7.0, 0.0)	(8.0, 0.0)	(9.0, 0.0)	(10.0, 0.0)	(11.0, 0.0)	(12.0, 0.0)	(13.0, 0.0)	(14.0, 0.0)	(15.0, 0.0)	(16.0, 0.0)	(17.0, 0.0)	(18.0, 0.0)	(19.0, 0.0)	(20.0, 0.0)	(21.0, 0.0)	(22.0, 0.0)	(23.0, 0.0)	(24.0, 0.0)	(25.0, 0.0)	(26.0, 0.0)	(27.0, 0.0)	(28.0, 0.0)	(29.0, 0.0)	(30.0, 0.0)	(31.0, 0.0)	(32.0, 0.0)	(33.0, 0.0)	(34.0, 0.0)	(35.0, 0.0)	(36.0, 0.00523779593547037)	(37.0, 0.04190236748376296)	(38.0, 0.00523779593547037)	(39.0, 0.0)	(40.0, 0.0)	(41.0, 0.0)	(42.0, 0.0)	(43.0, 0.00523779593547037)	(44.0, 0.01047559187094074)	(45.0, 0.20427404148334452)	(46.0, 0.24617640896710757)	(47.0, 0.17284726587052227)	(48.0, 1.0004190236748434)	(49.0, 7.699560025141282)	(50.0, 18.25371883511448)	(51.0, 11.245547873455065)	(52.0, 23.742928975486176)	(53.0, 17.714225853761153)	(54.0, 3.247433479991653)	(55.0, 2.30986800754243)	(56.0, 0.6861512675466191)	(57.0, 0.4137858789021589)	(58.0, 3.1007751937984787)	(59.0, 2.5717578043159564)	(60.0, 3.126964173475831)	(61.0, 2.859836580766835)	(62.0, 0.19379844961240378)	(63.0, 0.29855436832181115)	(64.0, 0.39283469516027747)	(65.0, 0.22522522522522603)	(66.0, 0.04190236748376296)	(67.0, 0.02618897967735185)	(68.0, 0.02618897967735185)	(69.0, 0.099518122773937)	(70.0, 0.02095118374188148)	(71.0, 0.01047559187094074)	(72.0, 0.0)	(73.0, 0.0)	(74.0, 0.0)	(75.0, 0.0)	(76.0, 0.0)	(77.0, 0.0)	(78.0, 0.0)	(79.0, 0.0)	(80.0, 0.0)	(81.0, 0.0)	(82.0, 0.0)	(83.0, 0.0)	(84.0, 0.0)	(85.0, 0.0)	(86.0, 0.0)	(87.0, 0.0)	(88.0, 0.0)	(89.0, 0.0)	(90.0, 0.0)	(91.0, 0.0)	(92.0, 0.0)	(93.0, 0.0)	(94.0, 0.0)	(95.0, 0.0)	(96.0, 0.0)	(97.0, 0.0)	(98.0, 0.0)	(99.0, 0.0)	(100.0, 0.0)
SRR37700627_2	(0.0, 0.0)	(1.0, 0.0)	(2.0, 0.0)	(3.0, 0.0)	(4.0, 0.0)	(5.0, 0.0)	(6.0, 0.0)	(7.0, 0.0)	(8.0, 0.0)	(9.0, 0.0)	(10.0, 0.0)	(11.0, 0.0)	(12.0, 0.0)	(13.0, 0.0)	(14.0, 0.0)	(15.0, 0.0)	(16.0, 0.0)	(17.0, 0.0)	(18.0, 0.0)	(19.0, 0.0)	(20.0, 0.0)	(21.0, 0.0)	(22.0, 0.0)	(23.0, 0.0)	(24.0, 0.0)	(25.0, 0.0)	(26.0, 0.0)	(27.0, 0.0)	(28.0, 0.0)	(29.0, 0.0)	(30.0, 0.0)	(31.0, 0.0)	(32.0, 0.0)	(33.0, 0.004235314048536756)	(34.0, 0.004235314048536756)	(35.0, 0.0)	(36.0, 0.0)	(37.0, 0.004235314048536756)	(38.0, 0.046588454533904325)	(39.0, 0.004235314048536756)	(40.0, 0.004235314048536756)	(41.0, 0.008470628097073512)	(42.0, 0.004235314048536756)	(43.0, 0.016941256194147023)	(44.0, 0.17364787599000708)	(45.0, 0.03811782643683081)	(46.0, 0.03811782643683081)	(47.0, 0.03811782643683081)	(48.0, 0.6141205370378305)	(49.0, 4.320020329507468)	(50.0, 13.00664944305697)	(51.0, 14.298420227860387)	(52.0, 17.43255262377687)	(53.0, 25.7422387870041)	(54.0, 11.774173054932634)	(55.0, 1.8550675532590963)	(56.0, 1.5458896277159078)	(57.0, 0.45741391724196945)	(58.0, 0.2625894710092788)	(59.0, 0.2287069586209849)	(60.0, 0.9487103468722338)	(61.0, 2.5793062555589024)	(62.0, 0.7623565287366181)	(63.0, 2.4649527762484067)	(64.0, 0.45741391724196945)	(65.0, 0.21176570242683793)	(66.0, 0.3007072974461095)	(67.0, 0.17788319003854386)	(68.0, 0.021176570242683778)	(69.0, 0.021176570242683778)	(70.0, 0.012705942145610268)	(71.0, 0.025411884291220536)	(72.0, 0.06352971072805133)	(73.0, 0.008470628097073512)	(74.0, 0.0)	(75.0, 0.004235314048536756)	(76.0, 0.008470628097073512)	(77.0, 0.0)	(78.0, 0.0)	(79.0, 0.004235314048536756)	(80.0, 0.004235314048536756)	(81.0, 0.0)	(82.0, 0.0)	(83.0, 0.0)	(84.0, 0.0)	(85.0, 0.0)	(86.0, 0.0)	(87.0, 0.0)	(88.0, 0.0)	(89.0, 0.0)	(90.0, 0.0)	(91.0, 0.0)	(92.0, 0.0)	(93.0, 0.0)	(94.0, 0.0)	(95.0, 0.0)	(96.0, 0.0)	(97.0, 0.0)	(98.0, 0.0)	(99.0, 0.0)	(100.0, 0.0)
SRR37700628_1	(0.0, 0.0)	(1.0, 0.0)	(2.0, 0.0)	(3.0, 0.0)	(4.0, 0.0)	(5.0, 0.0)	(6.0, 0.0)	(7.0, 0.0)	(8.0, 0.0)	(9.0, 0.0)	(10.0, 0.0)	(11.0, 0.0)	(12.0, 0.0)	(13.0, 0.0)	(14.0, 0.0)	(15.0, 0.0)	(16.0, 0.0)	(17.0, 0.0)	(18.0, 0.0)	(19.0, 0.0)	(20.0, 0.0)	(21.0, 0.0)	(22.0, 0.0)	(23.0, 0.0)	(24.0, 0.0)	(25.0, 0.0)	(26.0, 0.0)	(27.0, 0.0)	(28.0, 0.0)	(29.0, 0.0)	(30.0, 0.0)	(31.0, 0.0)	(32.0, 0.0)	(33.0, 0.0050528017785861174)	(34.0, 0.0050528017785861174)	(35.0, 0.0)	(36.0, 0.010105603557172235)	(37.0, 0.05052801778586117)	(38.0, 0.010105603557172235)	(39.0, 0.0)	(40.0, 0.0)	(41.0, 0.0)	(42.0, 0.0)	(43.0, 0.0)	(44.0, 0.06568642312161953)	(45.0, 1.717952604719272)	(46.0, 1.7735334242837182)	(47.0, 0.6366530241018511)	(48.0, 1.0964579859531882)	(49.0, 5.401445101308517)	(50.0, 15.466626244252804)	(51.0, 12.576423626901217)	(52.0, 14.370168258299493)	(53.0, 16.75509069779199)	(54.0, 8.534182204031863)	(55.0, 11.40922641604769)	(56.0, 4.400990349148523)	(57.0, 1.399626092668351)	(58.0, 0.7680258703450911)	(59.0, 0.21727047647920314)	(60.0, 0.18190086402910027)	(61.0, 0.4143297458440612)	(62.0, 0.3183265120509253)	(63.0, 0.3638017280582002)	(64.0, 0.5861250063159896)	(65.0, 0.3183265120509253)	(66.0, 0.14147844980041127)	(67.0, 0.17179526047192803)	(68.0, 0.30822090849375305)	(69.0, 0.4749633671870944)	(70.0, 0.045475216007275054)	(71.0, 0.0)	(72.0, 0.0)	(73.0, 0.0050528017785861174)	(74.0, 0.0)	(75.0, 0.0)	(76.0, 0.0)	(77.0, 0.0)	(78.0, 0.0)	(79.0, 0.0)	(80.0, 0.0)	(81.0, 0.0)	(82.0, 0.0)	(83.0, 0.0)	(84.0, 0.0)	(85.0, 0.0)	(86.0, 0.0)	(87.0, 0.0)	(88.0, 0.0)	(89.0, 0.0)	(90.0, 0.0)	(91.0, 0.0)	(92.0, 0.0)	(93.0, 0.0)	(94.0, 0.0)	(95.0, 0.0)	(96.0, 0.0)	(97.0, 0.0)	(98.0, 0.0)	(99.0, 0.0)	(100.0, 0.0)
SRR37700628_2	(0.0, 0.0)	(1.0, 0.0)	(2.0, 0.0)	(3.0, 0.0)	(4.0, 0.0)	(5.0, 0.0)	(6.0, 0.0)	(7.0, 0.0)	(8.0, 0.0)	(9.0, 0.0)	(10.0, 0.0)	(11.0, 0.0)	(12.0, 0.0)	(13.0, 0.0)	(14.0, 0.0)	(15.0, 0.0)	(16.0, 0.0)	(17.0, 0.0)	(18.0, 0.0)	(19.0, 0.0)	(20.0, 0.0)	(21.0, 0.0)	(22.0, 0.0)	(23.0, 0.0)	(24.0, 0.0)	(25.0, 0.0)	(26.0, 0.0)	(27.0, 0.0)	(28.0, 0.0)	(29.0, 0.0)	(30.0, 0.0)	(31.0, 0.004465481825488918)	(32.0, 0.0)	(33.0, 0.0)	(34.0, 0.004465481825488918)	(35.0, 0.013396445476466755)	(36.0, 0.008930963650977836)	(37.0, 0.017861927301955672)	(38.0, 0.05358578190586702)	(39.0, 0.040189336429400264)	(40.0, 0.008930963650977836)	(41.0, 0.004465481825488918)	(42.0, 0.013396445476466755)	(43.0, 0.08484415468428942)	(44.0, 1.4378851478074257)	(45.0, 0.18755023667053466)	(46.0, 0.20094668214700145)	(47.0, 0.27685987318031285)	(48.0, 0.8529070286683857)	(49.0, 3.710815396981314)	(50.0, 10.480485844422747)	(51.0, 12.815932839153716)	(52.0, 9.100651960346513)	(53.0, 17.598463874251564)	(54.0, 15.513083861748717)	(55.0, 8.783602750736765)	(56.0, 10.359917835134532)	(57.0, 3.308922032687324)	(58.0, 1.245869429311405)	(59.0, 0.2991872823077574)	(60.0, 0.5715816736625818)	(61.0, 0.5090649281057366)	(62.0, 0.15182638206662327)	(63.0, 0.3751004733410687)	(64.0, 0.15182638206662327)	(65.0, 0.34384210056264636)	(66.0, 0.5135304099312256)	(67.0, 0.23667053675091276)	(68.0, 0.035723854603911344)	(69.0, 0.09377511833526725)	(70.0, 0.044654818254889185)	(71.0, 0.07144770920782267)	(72.0, 0.317049209609713)	(73.0, 0.1250334911136897)	(74.0, 0.017861927301955672)	(75.0, 0.0)	(76.0, 0.004465481825488918)	(77.0, 0.004465481825488918)	(78.0, 0.0)	(79.0, 0.0)	(80.0, 0.0)	(81.0, 0.0)	(82.0, 0.0)	(83.0, 0.0)	(84.0, 0.0)	(85.0, 0.0)	(86.0, 0.0)	(87.0, 0.0)	(88.0, 0.0)	(89.0, 0.0)	(90.0, 0.0)	(91.0, 0.0)	(92.0, 0.004465481825488918)	(93.0, 0.0)	(94.0, 0.0)	(95.0, 0.0)	(96.0, 0.0)	(97.0, 0.0)	(98.0, 0.0)	(99.0, 0.0)	(100.0, 0.0)
SRR37700629_1	(0.0, 0.0)	(1.0, 0.0)	(2.0, 0.0)	(3.0, 0.0)	(4.0, 0.0)	(5.0, 0.0)	(6.0, 0.0)	(7.0, 0.0)	(8.0, 0.0)	(9.0, 0.0)	(10.0, 0.0)	(11.0, 0.0)	(12.0, 0.0)	(13.0, 0.0)	(14.0, 0.0)	(15.0, 0.0)	(16.0, 0.0)	(17.0, 0.0)	(18.0, 0.0)	(19.0, 0.0)	(20.0, 0.002349624060150392)	(21.0, 0.002349624060150392)	(22.0, 0.0)	(23.0, 0.0)	(24.0, 0.0)	(25.0, 0.0)	(26.0, 0.0)	(27.0, 0.002349624060150392)	(28.0, 0.0)	(29.0, 0.002349624060150392)	(30.0, 0.004699248120300784)	(31.0, 0.004699248120300784)	(32.0, 0.0)	(33.0, 0.0)	(34.0, 0.007048872180451176)	(35.0, 0.02584586466165431)	(36.0, 0.014097744360902352)	(37.0, 0.030545112781955094)	(38.0, 0.03759398496240626)	(39.0, 0.030545112781955094)	(40.0, 0.030545112781955094)	(41.0, 0.04934210526315821)	(42.0, 0.03289473684210548)	(43.0, 0.08223684210526373)	(44.0, 0.12218045112782042)	(45.0, 17.539943609022774)	(46.0, 18.157894736842607)	(47.0, 0.841165413533836)	(48.0, 1.0761278195488793)	(49.0, 2.483552631578946)	(50.0, 8.937969924812027)	(51.0, 7.544642857143162)	(52.0, 10.340695488721492)	(53.0, 10.791823308270265)	(54.0, 12.02772556390909)	(55.0, 7.286184210526677)	(56.0, 0.8129699248120317)	(57.0, 0.40883458646616916)	(58.0, 0.526315789473688)	(59.0, 0.1409774436090235)	(60.0, 0.14567669172932426)	(61.0, 0.20911654135338464)	(62.0, 0.12453007518797082)	(63.0, 0.014097744360902352)	(64.0, 0.02584586466165431)	(65.0, 0.021146616541353528)	(66.0, 0.009398496240601567)	(67.0, 0.014097744360902352)	(68.0, 0.009398496240601567)	(69.0, 0.02349624060150392)	(70.0, 0.004699248120300784)	(71.0, 0.0)	(72.0, 0.0)	(73.0, 0.0)	(74.0, 0.0)	(75.0, 0.0)	(76.0, 0.0)	(77.0, 0.0)	(78.0, 0.0)	(79.0, 0.0)	(80.0, 0.0)	(81.0, 0.0)	(82.0, 0.0)	(83.0, 0.0)	(84.0, 0.0)	(85.0, 0.0)	(86.0, 0.0)	(87.0, 0.0)	(88.0, 0.0)	(89.0, 0.0)	(90.0, 0.0)	(91.0, 0.0)	(92.0, 0.0)	(93.0, 0.0)	(94.0, 0.0)	(95.0, 0.0)	(96.0, 0.0)	(97.0, 0.0)	(98.0, 0.0)	(99.0, 0.0)	(100.0, 0.0)
SRR37700629_2	(0.0, 0.0)	(1.0, 0.0)	(2.0, 0.0)	(3.0, 0.0)	(4.0, 0.0)	(5.0, 0.0)	(6.0, 0.0)	(7.0, 0.0)	(8.0, 0.0)	(9.0, 0.0)	(10.0, 0.0)	(11.0, 0.0)	(12.0, 0.0)	(13.0, 0.0)	(14.0, 0.0)	(15.0, 0.0)	(16.0, 0.0)	(17.0, 0.0)	(18.0, 0.0)	(19.0, 0.0)	(20.0, 0.0)	(21.0, 0.0)	(22.0, 0.005258867765769985)	(23.0, 0.0026294338828849926)	(24.0, 0.0)	(25.0, 0.0)	(26.0, 0.0)	(27.0, 0.0)	(28.0, 0.0)	(29.0, 0.0)	(30.0, 0.0026294338828849926)	(31.0, 0.0026294338828849926)	(32.0, 0.0026294338828849926)	(33.0, 0.007888301648654977)	(34.0, 0.02103547106307994)	(35.0, 0.015776603297309955)	(36.0, 0.02892377271173492)	(37.0, 0.07888301648654977)	(38.0, 0.05521811154058482)	(39.0, 0.039441508243274886)	(40.0, 0.05521811154058482)	(41.0, 0.08151245036943477)	(42.0, 0.18143093791906437)	(43.0, 1.4409297678209823)	(44.0, 20.052062790881255)	(45.0, 2.597880676290363)	(46.0, 0.5022218716310349)	(47.0, 0.26557282217138395)	(48.0, 1.1280271357576592)	(49.0, 4.1334700638951265)	(50.0, 10.041807998737706)	(51.0, 8.422076726880919)	(52.0, 6.989035260708554)	(53.0, 8.937445767926262)	(54.0, 5.9977386868607985)	(55.0, 8.879598222502803)	(56.0, 11.509032105387199)	(57.0, 5.937261707554437)	(58.0, 0.8887486524151235)	(59.0, 0.5285162104598845)	(60.0, 0.36023244195524434)	(61.0, 0.241907917225419)	(62.0, 0.10254792143251476)	(63.0, 0.24979621887407394)	(64.0, 0.06573584707212479)	(65.0, 0.03681207436038989)	(66.0, 0.03681207436038989)	(67.0, 0.018406037180194946)	(68.0, 0.0026294338828849926)	(69.0, 0.007888301648654977)	(70.0, 0.0)	(71.0, 0.007888301648654977)	(72.0, 0.026294338828849923)	(73.0, 0.005258867765769985)	(74.0, 0.0026294338828849926)	(75.0, 0.0)	(76.0, 0.0)	(77.0, 0.0026294338828849926)	(78.0, 0.0)	(79.0, 0.0)	(80.0, 0.0)	(81.0, 0.0)	(82.0, 0.0)	(83.0, 0.0)	(84.0, 0.0)	(85.0, 0.0)	(86.0, 0.0)	(87.0, 0.0)	(88.0, 0.0)	(89.0, 0.0)	(90.0, 0.0)	(91.0, 0.0)	(92.0, 0.0)	(93.0, 0.0)	(94.0, 0.0)	(95.0, 0.0)	(96.0, 0.0)	(97.0, 0.0)	(98.0, 0.0)	(99.0, 0.0)	(100.0, 0.0)
SRR37700630_1	(0.0, 0.0)	(1.0, 0.0)	(2.0, 0.0)	(3.0, 0.0)	(4.0, 0.0)	(5.0, 0.0)	(6.0, 0.0)	(7.0, 0.0)	(8.0, 0.0)	(9.0, 0.0)	(10.0, 0.0)	(11.0, 0.0)	(12.0, 0.0)	(13.0, 0.0)	(14.0, 0.0)	(15.0, 0.0)	(16.0, 0.0)	(17.0, 0.0)	(18.0, 0.0)	(19.0, 0.0)	(20.0, 0.0)	(21.0, 0.0)	(22.0, 0.0)	(23.0, 0.0)	(24.0, 0.0)	(25.0, 0.0)	(26.0, 0.0)	(27.0, 0.0)	(28.0, 0.0)	(29.0, 0.0)	(30.0, 0.0)	(31.0, 0.0)	(32.0, 0.0)	(33.0, 0.0)	(34.0, 0.0)	(35.0, 0.004416180886769151)	(36.0, 0.0)	(37.0, 0.18106341635753528)	(38.0, 0.13248542660307455)	(39.0, 0.008832361773538301)	(40.0, 0.008832361773538301)	(41.0, 0.04857798975446067)	(42.0, 0.088323617735383)	(43.0, 0.9141494435612155)	(44.0, 11.74704115880635)	(45.0, 2.186009538950734)	(46.0, 1.3690160748984317)	(47.0, 1.0907966790319792)	(48.0, 3.5947712418301156)	(49.0, 21.4891361950175)	(50.0, 16.167638226461886)	(51.0, 8.258258258258326)	(52.0, 10.35594417947391)	(53.0, 6.297473944532683)	(54.0, 4.42501324854267)	(55.0, 4.508920685391279)	(56.0, 4.283695460166064)	(57.0, 0.5166931637519907)	(58.0, 0.33562974739445517)	(59.0, 0.15456633103692033)	(60.0, 0.2561384914326108)	(61.0, 0.29146793852676384)	(62.0, 0.15898251192368948)	(63.0, 0.12365306482953622)	(64.0, 0.26497085320614905)	(65.0, 0.19431195901784276)	(66.0, 0.030913266207384056)	(67.0, 0.08390743684861385)	(68.0, 0.11482070305599791)	(69.0, 0.27821939586645644)	(70.0, 0.022080904433845756)	(71.0, 0.008832361773538301)	(72.0, 0.004416180886769151)	(73.0, 0.0)	(74.0, 0.0)	(75.0, 0.0)	(76.0, 0.0)	(77.0, 0.0)	(78.0, 0.0)	(79.0, 0.0)	(80.0, 0.0)	(81.0, 0.0)	(82.0, 0.0)	(83.0, 0.0)	(84.0, 0.0)	(85.0, 0.0)	(86.0, 0.0)	(87.0, 0.0)	(88.0, 0.0)	(89.0, 0.0)	(90.0, 0.0)	(91.0, 0.0)	(92.0, 0.0)	(93.0, 0.0)	(94.0, 0.0)	(95.0, 0.0)	(96.0, 0.0)	(97.0, 0.0)	(98.0, 0.0)	(99.0, 0.0)	(100.0, 0.0)
SRR37700630_2	(0.0, 0.0)	(1.0, 0.0)	(2.0, 0.0)	(3.0, 0.0)	(4.0, 0.0)	(5.0, 0.0)	(6.0, 0.0)	(7.0, 0.0)	(8.0, 0.0)	(9.0, 0.0)	(10.0, 0.0)	(11.0, 0.0)	(12.0, 0.0)	(13.0, 0.0)	(14.0, 0.0)	(15.0, 0.0)	(16.0, 0.0)	(17.0, 0.0)	(18.0, 0.0)	(19.0, 0.0)	(20.0, 0.0)	(21.0, 0.0)	(22.0, 0.0)	(23.0, 0.0)	(24.0, 0.0)	(25.0, 0.0)	(26.0, 0.0)	(27.0, 0.0)	(28.0, 0.0)	(29.0, 0.0)	(30.0, 0.0)	(31.0, 0.0074035685200266035)	(32.0, 0.0)	(33.0, 0.0)	(34.0, 0.0074035685200266035)	(35.0, 0.011105352780039907)	(36.0, 0.0074035685200266035)	(37.0, 0.044421411120159626)	(38.0, 0.19619456578070507)	(39.0, 0.09624639076034583)	(40.0, 0.025912489820093112)	(41.0, 0.029614274080106414)	(42.0, 0.018508921300066507)	(43.0, 0.17768564448063862)	(44.0, 10.02072999185637)	(45.0, 9.731990819575302)	(46.0, 0.418301621381503)	(47.0, 0.6181979714222228)	(48.0, 2.5172132968090684)	(49.0, 18.26460353890458)	(50.0, 11.357074109721326)	(51.0, 10.727770785518992)	(52.0, 6.474420670763224)	(53.0, 8.802842970311858)	(54.0, 6.641000962463842)	(55.0, 3.2723772858517663)	(56.0, 5.400903235359294)	(57.0, 2.587547197749323)	(58.0, 0.5774783445620761)	(59.0, 0.27393203524098414)	(60.0, 0.23321240838083795)	(61.0, 0.15177315466054545)	(62.0, 0.10364995928037245)	(63.0, 0.22210705560079808)	(64.0, 0.08514103798030591)	(65.0, 0.1369660176204922)	(66.0, 0.23321240838083795)	(67.0, 0.15177315466054545)	(68.0, 0.018508921300066507)	(69.0, 0.029614274080106414)	(70.0, 0.029614274080106414)	(71.0, 0.051824979640186224)	(72.0, 0.19619456578070507)	(73.0, 0.040719626860146324)	(74.0, 0.0)	(75.0, 0.0)	(76.0, 0.0037017842600133018)	(77.0, 0.0)	(78.0, 0.0)	(79.0, 0.0)	(80.0, 0.0)	(81.0, 0.0)	(82.0, 0.0)	(83.0, 0.0037017842600133018)	(84.0, 0.0)	(85.0, 0.0)	(86.0, 0.0)	(87.0, 0.0)	(88.0, 0.0)	(89.0, 0.0)	(90.0, 0.0)	(91.0, 0.0)	(92.0, 0.0)	(93.0, 0.0)	(94.0, 0.0)	(95.0, 0.0)	(96.0, 0.0)	(97.0, 0.0)	(98.0, 0.0)	(99.0, 0.0)	(100.0, 0.0)
SRR37700631_1	(0.0, 0.0)	(1.0, 0.0)	(2.0, 0.0)	(3.0, 0.0)	(4.0, 0.0)	(5.0, 0.0)	(6.0, 0.0)	(7.0, 0.0)	(8.0, 0.0)	(9.0, 0.0)	(10.0, 0.0)	(11.0, 0.0)	(12.0, 0.0)	(13.0, 0.0)	(14.0, 0.0)	(15.0, 0.006752650415288053)	(16.0, 0.0)	(17.0, 0.0)	(18.0, 0.0)	(19.0, 0.0)	(20.0, 0.0)	(21.0, 0.0)	(22.0, 0.0)	(23.0, 0.0)	(24.0, 0.0)	(25.0, 0.0)	(26.0, 0.0)	(27.0, 0.0)	(28.0, 0.0)	(29.0, 0.0)	(30.0, 0.0)	(31.0, 0.006752650415288053)	(32.0, 0.006752650415288053)	(33.0, 0.0)	(34.0, 0.0)	(35.0, 0.013505300830576106)	(36.0, 0.13505300830576103)	(37.0, 0.31062191910325065)	(38.0, 0.05402120332230442)	(39.0, 0.02701060166115221)	(40.0, 0.02025795124586416)	(41.0, 0.08103180498345663)	(42.0, 0.05402120332230442)	(43.0, 0.08103180498345663)	(44.0, 0.14180565872104908)	(45.0, 7.279357147680461)	(46.0, 7.974880140455092)	(47.0, 3.8557633871294996)	(48.0, 1.4653251401175085)	(49.0, 5.584441893443256)	(50.0, 12.148018097103172)	(51.0, 9.649537443446434)	(52.0, 10.365318387466926)	(53.0, 8.76494023904375)	(54.0, 6.705381862381008)	(55.0, 12.431629414545304)	(56.0, 3.322304004321728)	(57.0, 1.2897562293200218)	(58.0, 0.9453710581403285)	(59.0, 0.38490107367141907)	(60.0, 2.525491255317718)	(61.0, 2.5389965561482937)	(62.0, 0.2701060166115223)	(63.0, 0.22959011411979388)	(64.0, 0.41866432574785917)	(65.0, 0.27685866702681033)	(66.0, 0.033763252076440264)	(67.0, 0.06752650415288053)	(68.0, 0.10804240664460882)	(69.0, 0.32412721993382676)	(70.0, 0.08778445539874469)	(71.0, 0.006752650415288053)	(72.0, 0.006752650415288053)	(73.0, 0.0)	(74.0, 0.0)	(75.0, 0.0)	(76.0, 0.0)	(77.0, 0.0)	(78.0, 0.0)	(79.0, 0.0)	(80.0, 0.0)	(81.0, 0.0)	(82.0, 0.0)	(83.0, 0.0)	(84.0, 0.0)	(85.0, 0.0)	(86.0, 0.0)	(87.0, 0.0)	(88.0, 0.0)	(89.0, 0.0)	(90.0, 0.0)	(91.0, 0.0)	(92.0, 0.0)	(93.0, 0.0)	(94.0, 0.0)	(95.0, 0.0)	(96.0, 0.0)	(97.0, 0.0)	(98.0, 0.0)	(99.0, 0.0)	(100.0, 0.0)
SRR37700631_2	(0.0, 0.0)	(1.0, 0.0)	(2.0, 0.0)	(3.0, 0.0)	(4.0, 0.0)	(5.0, 0.0)	(6.0, 0.0)	(7.0, 0.0)	(8.0, 0.0)	(9.0, 0.0)	(10.0, 0.0)	(11.0, 0.0)	(12.0, 0.0)	(13.0, 0.0)	(14.0, 0.0)	(15.0, 0.0)	(16.0, 0.0)	(17.0, 0.0)	(18.0, 0.0)	(19.0, 0.0)	(20.0, 0.0)	(21.0, 0.0)	(22.0, 0.0)	(23.0, 0.0)	(24.0, 0.0)	(25.0, 0.0)	(26.0, 0.0)	(27.0, 0.0)	(28.0, 0.0)	(29.0, 0.0)	(30.0, 0.0)	(31.0, 0.032716089772950624)	(32.0, 0.032716089772950624)	(33.0, 0.01308643590918025)	(34.0, 0.019629653863770375)	(35.0, 0.052345743636721)	(36.0, 0.06543217954590125)	(37.0, 0.1504940129555728)	(38.0, 0.45148203886671834)	(39.0, 0.2879015900019657)	(40.0, 0.08506183340967162)	(41.0, 0.05888896159131113)	(42.0, 0.0785186154550815)	(43.0, 0.4711116927304887)	(44.0, 7.040502519138917)	(45.0, 3.7950664136622945)	(46.0, 2.9902506052476863)	(47.0, 0.5888896159131105)	(48.0, 0.9683962572793399)	(49.0, 5.286920107308863)	(50.0, 9.56618464961056)	(51.0, 8.185565661192124)	(52.0, 7.164823660276122)	(53.0, 10.887914676437834)	(54.0, 10.161617483478247)	(55.0, 8.83334423869651)	(56.0, 12.536805600994732)	(57.0, 2.5976575279722676)	(58.0, 1.0861741804619631)	(59.0, 0.4645684747758986)	(60.0, 0.6543217954590117)	(61.0, 0.37296342341163713)	(62.0, 0.5038277825034392)	(63.0, 2.5322253484263646)	(64.0, 0.5300006543217997)	(65.0, 0.30753124386573605)	(66.0, 0.3991362952299975)	(67.0, 0.23555584636524457)	(68.0, 0.07197539750049138)	(69.0, 0.0785186154550815)	(70.0, 0.0261728718183605)	(71.0, 0.05888896159131113)	(72.0, 0.19629653863770377)	(73.0, 0.0261728718183605)	(74.0, 0.0261728718183605)	(75.0, 0.01308643590918025)	(76.0, 0.006543217954590125)	(77.0, 0.0)	(78.0, 0.0)	(79.0, 0.0)	(80.0, 0.0)	(81.0, 0.0)	(82.0, 0.0)	(83.0, 0.0)	(84.0, 0.0)	(85.0, 0.0)	(86.0, 0.0)	(87.0, 0.0)	(88.0, 0.0)	(89.0, 0.0)	(90.0, 0.0)	(91.0, 0.0)	(92.0, 0.0)	(93.0, 0.0)	(94.0, 0.0)	(95.0, 0.0)	(96.0, 0.0)	(97.0, 0.0)	(98.0, 0.0)	(99.0, 0.006543217954590125)	(100.0, 0.0)
SRR37700632_1	(0.0, 0.0)	(1.0, 0.0)	(2.0, 0.0)	(3.0, 0.0)	(4.0, 0.0)	(5.0, 0.0)	(6.0, 0.0)	(7.0, 0.0)	(8.0, 0.0)	(9.0, 0.0)	(10.0, 0.0)	(11.0, 0.0)	(12.0, 0.0)	(13.0, 0.0)	(14.0, 0.0)	(15.0, 0.0)	(16.0, 0.0)	(17.0, 0.0)	(18.0, 0.0)	(19.0, 0.0)	(20.0, 0.0)	(21.0, 0.0)	(22.0, 0.0)	(23.0, 0.0)	(24.0, 0.0)	(25.0, 0.0)	(26.0, 0.0)	(27.0, 0.0)	(28.0, 0.0)	(29.0, 0.0)	(30.0, 0.0)	(31.0, 0.0)	(32.0, 0.0)	(33.0, 0.0)	(34.0, 0.007141836880445917)	(35.0, 0.028567347521783668)	(36.0, 0.1856877588915938)	(37.0, 0.4927867447507679)	(38.0, 0.057134695043567336)	(39.0, 0.0)	(40.0, 0.007141836880445917)	(41.0, 0.007141836880445917)	(42.0, 0.007141836880445917)	(43.0, 0.014283673760891834)	(44.0, 0.049992858163121406)	(45.0, 2.0782745322097553)	(46.0, 2.406799028710263)	(47.0, 0.5856306241965645)	(48.0, 0.8213112412512803)	(49.0, 8.59877160405677)	(50.0, 41.25124982145222)	(51.0, 8.113126696186475)	(52.0, 14.226539065848387)	(53.0, 10.598485930581512)	(54.0, 2.392515354949371)	(55.0, 1.8283102413941519)	(56.0, 0.6570489930010235)	(57.0, 0.22139694329382345)	(58.0, 0.6284816454792399)	(59.0, 0.5927724610770104)	(60.0, 1.5997714612198857)	(61.0, 1.6497643193830065)	(62.0, 0.1856877588915938)	(63.0, 0.24996429081560714)	(64.0, 0.164262248250256)	(65.0, 0.057134695043567336)	(66.0, 0.014283673760891834)	(67.0, 0.028567347521783668)	(68.0, 0.057134695043567336)	(69.0, 0.10712755320668874)	(70.0, 0.021425510641337752)	(71.0, 0.007141836880445917)	(72.0, 0.0)	(73.0, 0.0)	(74.0, 0.0)	(75.0, 0.0)	(76.0, 0.0)	(77.0, 0.0)	(78.0, 0.0)	(79.0, 0.0)	(80.0, 0.0)	(81.0, 0.0)	(82.0, 0.0)	(83.0, 0.0)	(84.0, 0.0)	(85.0, 0.0)	(86.0, 0.0)	(87.0, 0.0)	(88.0, 0.0)	(89.0, 0.0)	(90.0, 0.0)	(91.0, 0.0)	(92.0, 0.0)	(93.0, 0.0)	(94.0, 0.0)	(95.0, 0.0)	(96.0, 0.0)	(97.0, 0.0)	(98.0, 0.0)	(99.0, 0.0)	(100.0, 0.0)
SRR37700632_2	(0.0, 0.0)	(1.0, 0.0)	(2.0, 0.0)	(3.0, 0.0)	(4.0, 0.0)	(5.0, 0.0)	(6.0, 0.0)	(7.0, 0.0)	(8.0, 0.0)	(9.0, 0.0)	(10.0, 0.0)	(11.0, 0.0)	(12.0, 0.0)	(13.0, 0.0)	(14.0, 0.0)	(15.0, 0.0)	(16.0, 0.0)	(17.0, 0.0)	(18.0, 0.0)	(19.0, 0.0)	(20.0, 0.0)	(21.0, 0.0)	(22.0, 0.0)	(23.0, 0.0)	(24.0, 0.0)	(25.0, 0.0)	(26.0, 0.0)	(27.0, 0.0)	(28.0, 0.0)	(29.0, 0.0)	(30.0, 0.0)	(31.0, 0.0)	(32.0, 0.0)	(33.0, 0.016018795386587327)	(34.0, 0.01067919692439155)	(35.0, 0.0427167876975662)	(36.0, 0.06941478000854506)	(37.0, 0.22960273387441846)	(38.0, 0.3630926954293125)	(39.0, 0.08009397693293661)	(40.0, 0.02669799231097887)	(41.0, 0.01067919692439155)	(42.0, 0.016018795386587327)	(43.0, 0.0213583938487831)	(44.0, 0.3417343015805295)	(45.0, 1.8528406663819248)	(46.0, 0.16552755232806904)	(47.0, 0.16552755232806904)	(48.0, 0.40580948312687853)	(49.0, 2.4935924818454276)	(50.0, 25.73152498932006)	(51.0, 27.6537804357101)	(52.0, 12.697565143101878)	(53.0, 14.390217855618129)	(54.0, 7.0108927808629335)	(55.0, 1.4630499786416389)	(56.0, 1.1800512601452668)	(57.0, 0.4698846646732276)	(58.0, 0.19756514310124373)	(59.0, 0.08543357539513238)	(60.0, 0.17086715079026482)	(61.0, 0.44852627082444463)	(62.0, 0.29367791542076765)	(63.0, 1.2014096539940495)	(64.0, 0.2456215292610058)	(65.0, 0.13348996155489432)	(66.0, 0.12815036309269853)	(67.0, 0.0427167876975662)	(68.0, 0.0)	(69.0, 0.01067919692439155)	(70.0, 0.01067919692439155)	(71.0, 0.005339598462195775)	(72.0, 0.05339598462195774)	(73.0, 0.02669799231097887)	(74.0, 0.01067919692439155)	(75.0, 0.01067919692439155)	(76.0, 0.01067919692439155)	(77.0, 0.005339598462195775)	(78.0, 0.0)	(79.0, 0.0)	(80.0, 0.0)	(81.0, 0.0)	(82.0, 0.0)	(83.0, 0.0)	(84.0, 0.0)	(85.0, 0.0)	(86.0, 0.0)	(87.0, 0.0)	(88.0, 0.0)	(89.0, 0.0)	(90.0, 0.0)	(91.0, 0.0)	(92.0, 0.0)	(93.0, 0.0)	(94.0, 0.0)	(95.0, 0.0)	(96.0, 0.0)	(97.0, 0.0)	(98.0, 0.0)	(99.0, 0.0)	(100.0, 0.0)
SRR37700633_1	(0.0, 0.0)	(1.0, 0.0)	(2.0, 0.0)	(3.0, 0.0)	(4.0, 0.0)	(5.0, 0.0)	(6.0, 0.0)	(7.0, 0.0)	(8.0, 0.0)	(9.0, 0.0)	(10.0, 0.0)	(11.0, 0.0)	(12.0, 0.0)	(13.0, 0.0)	(14.0, 0.0)	(15.0, 0.0)	(16.0, 0.0)	(17.0, 0.0)	(18.0, 0.0)	(19.0, 0.0)	(20.0, 0.0)	(21.0, 0.0)	(22.0, 0.0)	(23.0, 0.0)	(24.0, 0.0)	(25.0, 0.0)	(26.0, 0.0)	(27.0, 0.0)	(28.0, 0.0)	(29.0, 0.0)	(30.0, 0.006188118811881261)	(31.0, 0.0)	(32.0, 0.0)	(33.0, 0.0)	(34.0, 0.0)	(35.0, 0.006188118811881261)	(36.0, 0.006188118811881261)	(37.0, 0.22896039603960677)	(38.0, 0.1732673267326753)	(39.0, 0.006188118811881261)	(40.0, 0.012376237623762523)	(41.0, 0.012376237623762523)	(42.0, 0.0)	(43.0, 0.018564356435643786)	(44.0, 0.06806930693069389)	(45.0, 3.329207920792132)	(46.0, 3.2920792079208434)	(47.0, 0.23514851485148805)	(48.0, 1.1819306930693243)	(49.0, 9.214108910891)	(50.0, 27.592821782177456)	(51.0, 9.238861386138524)	(52.0, 14.610148514852023)	(53.0, 7.945544554455412)	(54.0, 1.9492574257425899)	(55.0, 5.742574257425809)	(56.0, 0.8353960396039712)	(57.0, 0.5878712871287191)	(58.0, 3.2363861386139106)	(59.0, 2.6670792079208185)	(60.0, 3.4405940594059983)	(61.0, 3.452970297029761)	(62.0, 0.19801980198020042)	(63.0, 0.2475247524752506)	(64.0, 0.2475247524752506)	(65.0, 0.09282178217821892)	(66.0, 0.04950495049505009)	(67.0, 0.018564356435643786)	(68.0, 0.012376237623762523)	(69.0, 0.03712871287128757)	(70.0, 0.006188118811881261)	(71.0, 0.0)	(72.0, 0.0)	(73.0, 0.0)	(74.0, 0.0)	(75.0, 0.0)	(76.0, 0.0)	(77.0, 0.0)	(78.0, 0.0)	(79.0, 0.0)	(80.0, 0.0)	(81.0, 0.0)	(82.0, 0.0)	(83.0, 0.0)	(84.0, 0.0)	(85.0, 0.0)	(86.0, 0.0)	(87.0, 0.0)	(88.0, 0.0)	(89.0, 0.0)	(90.0, 0.0)	(91.0, 0.0)	(92.0, 0.0)	(93.0, 0.0)	(94.0, 0.0)	(95.0, 0.0)	(96.0, 0.0)	(97.0, 0.0)	(98.0, 0.0)	(99.0, 0.0)	(100.0, 0.0)
SRR37700633_2	(0.0, 0.0)	(1.0, 0.0)	(2.0, 0.0)	(3.0, 0.0)	(4.0, 0.0)	(5.0, 0.0)	(6.0, 0.0)	(7.0, 0.0)	(8.0, 0.0)	(9.0, 0.0)	(10.0, 0.0)	(11.0, 0.0)	(12.0, 0.0)	(13.0, 0.0)	(14.0, 0.0)	(15.0, 0.0)	(16.0, 0.0)	(17.0, 0.0)	(18.0, 0.0)	(19.0, 0.0)	(20.0, 0.0)	(21.0, 0.0)	(22.0, 0.0)	(23.0, 0.0)	(24.0, 0.0)	(25.0, 0.0)	(26.0, 0.0)	(27.0, 0.0)	(28.0, 0.0)	(29.0, 0.0)	(30.0, 0.0)	(31.0, 0.005435373410153317)	(32.0, 0.005435373410153317)	(33.0, 0.010870746820306634)	(34.0, 0.016306120230459954)	(35.0, 0.043482987281226536)	(36.0, 0.043482987281226536)	(37.0, 0.08153060115229975)	(38.0, 0.2554625502772061)	(39.0, 0.12501358843352625)	(40.0, 0.04891836069137985)	(41.0, 0.038047613871073215)	(42.0, 0.038047613871073215)	(43.0, 0.1956734427655195)	(44.0, 2.902489401021883)	(45.0, 0.3424285248396589)	(46.0, 0.08696597456245306)	(47.0, 0.09783672138275969)	(48.0, 0.6957277964996251)	(49.0, 9.327100771823012)	(50.0, 22.562235025545842)	(51.0, 21.393629742363146)	(52.0, 8.995542993803623)	(53.0, 12.343733014458449)	(54.0, 4.3972170888140685)	(55.0, 1.3316664854875615)	(56.0, 4.5548429177085055)	(57.0, 0.7663876508316186)	(58.0, 0.42395912599195834)	(59.0, 0.2500271768670527)	(60.0, 0.8859658658549926)	(61.0, 2.842700293510194)	(62.0, 0.7772583976519254)	(63.0, 3.043809109685873)	(64.0, 0.42395912599195834)	(65.0, 0.11414284161321964)	(66.0, 0.23915643004674608)	(67.0, 0.16849657571475285)	(68.0, 0.016306120230459954)	(69.0, 0.04891836069137985)	(70.0, 0.005435373410153317)	(71.0, 0.005435373410153317)	(72.0, 0.03261224046091991)	(73.0, 0.0)	(74.0, 0.0)	(75.0, 0.0)	(76.0, 0.005435373410153317)	(77.0, 0.005435373410153317)	(78.0, 0.005435373410153317)	(79.0, 0.0)	(80.0, 0.0)	(81.0, 0.0)	(82.0, 0.0)	(83.0, 0.0)	(84.0, 0.0)	(85.0, 0.0)	(86.0, 0.0)	(87.0, 0.0)	(88.0, 0.0)	(89.0, 0.0)	(90.0, 0.0)	(91.0, 0.0)	(92.0, 0.0)	(93.0, 0.0)	(94.0, 0.0)	(95.0, 0.0)	(96.0, 0.0)	(97.0, 0.0)	(98.0, 0.0)	(99.0, 0.0)	(100.0, 0.0)
SRR37700634_1	(0.0, 0.0)	(1.0, 0.0)	(2.0, 0.0)	(3.0, 0.0)	(4.0, 0.0)	(5.0, 0.0)	(6.0, 0.0)	(7.0, 0.0)	(8.0, 0.0)	(9.0, 0.0)	(10.0, 0.0)	(11.0, 0.0)	(12.0, 0.0)	(13.0, 0.0)	(14.0, 0.0)	(15.0, 0.0)	(16.0, 0.0)	(17.0, 0.0)	(18.0, 0.0)	(19.0, 0.0)	(20.0, 0.0)	(21.0, 0.0)	(22.0, 0.0)	(23.0, 0.0)	(24.0, 0.0)	(25.0, 0.0)	(26.0, 0.0)	(27.0, 0.0)	(28.0, 0.0)	(29.0, 0.0)	(30.0, 0.0)	(31.0, 0.0)	(32.0, 0.0)	(33.0, 0.0)	(34.0, 0.0)	(35.0, 0.0)	(36.0, 0.02015722636565228)	(37.0, 0.35611099912652366)	(38.0, 0.39642545185782807)	(39.0, 0.0268763018208697)	(40.0, 0.006719075455217425)	(41.0, 0.01343815091043485)	(42.0, 0.01343815091043485)	(43.0, 0.0537526036417394)	(44.0, 0.1679768863804356)	(45.0, 0.3897063764026107)	(46.0, 0.5173688100517413)	(47.0, 0.510649734596524)	(48.0, 1.283343411946532)	(49.0, 11.496338103876914)	(50.0, 48.00779412752781)	(51.0, 9.144661694550749)	(52.0, 7.63958879258213)	(53.0, 4.555533158637457)	(54.0, 5.422293892360506)	(55.0, 3.493919236713073)	(56.0, 1.0212994691930504)	(57.0, 1.0347376201034855)	(58.0, 0.8062890546260912)	(59.0, 0.4636162064100021)	(60.0, 0.9137942619095708)	(61.0, 0.9608277900960931)	(62.0, 0.11422428273869623)	(63.0, 0.08062890546260912)	(64.0, 0.4501780554995673)	(65.0, 0.4837734327756543)	(66.0, 0.04031445273130455)	(67.0, 0.02015722636565228)	(68.0, 0.01343815091043485)	(69.0, 0.0268763018208697)	(70.0, 0.04031445273130455)	(71.0, 0.01343815091043485)	(72.0, 0.0)	(73.0, 0.0)	(74.0, 0.0)	(75.0, 0.0)	(76.0, 0.0)	(77.0, 0.0)	(78.0, 0.0)	(79.0, 0.0)	(80.0, 0.0)	(81.0, 0.0)	(82.0, 0.0)	(83.0, 0.0)	(84.0, 0.0)	(85.0, 0.0)	(86.0, 0.0)	(87.0, 0.0)	(88.0, 0.0)	(89.0, 0.0)	(90.0, 0.0)	(91.0, 0.0)	(92.0, 0.0)	(93.0, 0.0)	(94.0, 0.0)	(95.0, 0.0)	(96.0, 0.0)	(97.0, 0.0)	(98.0, 0.0)	(99.0, 0.0)	(100.0, 0.0)
SRR37700634_2	(0.0, 0.0)	(1.0, 0.0)	(2.0, 0.0)	(3.0, 0.0)	(4.0, 0.0)	(5.0, 0.0)	(6.0, 0.0)	(7.0, 0.0)	(8.0, 0.0)	(9.0, 0.0)	(10.0, 0.0)	(11.0, 0.0)	(12.0, 0.0)	(13.0, 0.0)	(14.0, 0.0)	(15.0, 0.0)	(16.0, 0.0)	(17.0, 0.0)	(18.0, 0.0)	(19.0, 0.0)	(20.0, 0.0)	(21.0, 0.0)	(22.0, 0.0)	(23.0, 0.0)	(24.0, 0.0)	(25.0, 0.0)	(26.0, 0.0)	(27.0, 0.0)	(28.0, 0.0051848395292168285)	(29.0, 0.0051848395292168285)	(30.0, 0.0051848395292168285)	(31.0, 0.0051848395292168285)	(32.0, 0.015554518587650487)	(33.0, 0.020739358116867314)	(34.0, 0.025924197646084144)	(35.0, 0.036293876704517794)	(36.0, 0.04666355576295146)	(37.0, 0.3110903717530097)	(38.0, 0.466635557629514)	(39.0, 0.08814227199668608)	(40.0, 0.03110903717530097)	(41.0, 0.020739358116867314)	(42.0, 0.036293876704517794)	(43.0, 0.015554518587650487)	(44.0, 0.34738424845752736)	(45.0, 0.32664489034066013)	(46.0, 0.15554518587650487)	(47.0, 0.19183906258102273)	(48.0, 0.5858868668015016)	(49.0, 4.75968268782105)	(50.0, 32.120080883495476)	(51.0, 33.86218696531312)	(52.0, 7.88614092393862)	(53.0, 5.6307357287294275)	(54.0, 2.1154145279204584)	(55.0, 2.0687509721575053)	(56.0, 4.370819723129809)	(57.0, 0.9488256338466821)	(58.0, 0.7258775340903568)	(59.0, 0.4407113599834299)	(60.0, 0.1348058277596375)	(61.0, 0.3214600508114433)	(62.0, 0.1348058277596375)	(63.0, 0.7466168922072244)	(64.0, 0.13999066728885434)	(65.0, 0.1348058277596375)	(66.0, 0.33701456939909374)	(67.0, 0.3162752112822265)	(68.0, 0.0051848395292168285)	(69.0, 0.0)	(70.0, 0.0)	(71.0, 0.0051848395292168285)	(72.0, 0.010369679058433657)	(73.0, 0.0)	(74.0, 0.0051848395292168285)	(75.0, 0.015554518587650487)	(76.0, 0.020739358116867314)	(77.0, 0.0)	(78.0, 0.0)	(79.0, 0.0)	(80.0, 0.0)	(81.0, 0.0)	(82.0, 0.0)	(83.0, 0.0)	(84.0, 0.0)	(85.0, 0.0)	(86.0, 0.0)	(87.0, 0.0)	(88.0, 0.0)	(89.0, 0.0)	(90.0, 0.0)	(91.0, 0.0)	(92.0, 0.0)	(93.0, 0.0)	(94.0, 0.0)	(95.0, 0.0)	(96.0, 0.0)	(97.0, 0.0)	(98.0, 0.0)	(99.0, 0.0)	(100.0, 0.0)
SRR37700635_1	(0.0, 0.0)	(1.0, 0.0)	(2.0, 0.0)	(3.0, 0.0)	(4.0, 0.0)	(5.0, 0.0)	(6.0, 0.0)	(7.0, 0.0)	(8.0, 0.0)	(9.0, 0.0)	(10.0, 0.0)	(11.0, 0.0)	(12.0, 0.0)	(13.0, 0.004012841091492743)	(14.0, 0.004012841091492743)	(15.0, 0.0)	(16.0, 0.004012841091492743)	(17.0, 0.004012841091492743)	(18.0, 0.0)	(19.0, 0.0)	(20.0, 0.0)	(21.0, 0.0)	(22.0, 0.0)	(23.0, 0.0)	(24.0, 0.0)	(25.0, 0.0)	(26.0, 0.0)	(27.0, 0.0)	(28.0, 0.0)	(29.0, 0.0)	(30.0, 0.0)	(31.0, 0.004012841091492743)	(32.0, 0.0)	(33.0, 0.0)	(34.0, 0.004012841091492743)	(35.0, 0.012038523274478229)	(36.0, 0.15650080256821705)	(37.0, 0.4895666131621148)	(38.0, 0.09229534510433306)	(39.0, 0.012038523274478229)	(40.0, 0.024077046548956454)	(41.0, 0.048154093097912916)	(42.0, 0.056179775280898396)	(43.0, 0.052166934189405656)	(44.0, 0.12439807383627503)	(45.0, 4.325842696629141)	(46.0, 4.494382022471827)	(47.0, 0.5537720706259991)	(48.0, 1.693418940609933)	(49.0, 8.920545746388541)	(50.0, 35.89085072231396)	(51.0, 23.503210272871012)	(52.0, 6.316211878009454)	(53.0, 2.821027287319426)	(54.0, 1.4446227929373798)	(55.0, 1.573033707865147)	(56.0, 0.5577849117174919)	(57.0, 0.5256821829855497)	(58.0, 1.151685393258414)	(59.0, 0.5537720706259991)	(60.0, 1.7375601926163542)	(61.0, 1.7656500802568045)	(62.0, 0.14847512038523153)	(63.0, 0.10032102728731855)	(64.0, 0.27287319422150635)	(65.0, 0.2688603531300136)	(66.0, 0.028089887640449198)	(67.0, 0.03210272873194194)	(68.0, 0.03210272873194194)	(69.0, 0.07223113964686935)	(70.0, 0.10834670947030405)	(71.0, 0.01605136436597097)	(72.0, 0.0)	(73.0, 0.0)	(74.0, 0.0)	(75.0, 0.0)	(76.0, 0.0)	(77.0, 0.0)	(78.0, 0.0)	(79.0, 0.0)	(80.0, 0.0)	(81.0, 0.0)	(82.0, 0.0)	(83.0, 0.0)	(84.0, 0.0)	(85.0, 0.0)	(86.0, 0.0)	(87.0, 0.0)	(88.0, 0.0)	(89.0, 0.0)	(90.0, 0.0)	(91.0, 0.0)	(92.0, 0.0)	(93.0, 0.0)	(94.0, 0.0)	(95.0, 0.0)	(96.0, 0.0)	(97.0, 0.0)	(98.0, 0.0)	(99.0, 0.0)	(100.0, 0.0)
SRR37700635_2	(0.0, 0.0)	(1.0, 0.0)	(2.0, 0.0)	(3.0, 0.0)	(4.0, 0.0)	(5.0, 0.0)	(6.0, 0.0)	(7.0, 0.0)	(8.0, 0.0)	(9.0, 0.0)	(10.0, 0.0)	(11.0, 0.0)	(12.0, 0.0)	(13.0, 0.0)	(14.0, 0.0)	(15.0, 0.0)	(16.0, 0.0)	(17.0, 0.0)	(18.0, 0.0)	(19.0, 0.0)	(20.0, 0.0)	(21.0, 0.0)	(22.0, 0.0)	(23.0, 0.0)	(24.0, 0.0)	(25.0, 0.0)	(26.0, 0.0)	(27.0, 0.0)	(28.0, 0.0)	(29.0, 0.0036969943435984608)	(30.0, 0.0073939886871969215)	(31.0, 0.011090983030795382)	(32.0, 0.02218196606159076)	(33.0, 0.03696994343598461)	(34.0, 0.06284890384117382)	(35.0, 0.07763688121556765)	(36.0, 0.12939480202594617)	(37.0, 0.41406336648302744)	(38.0, 0.743095863063292)	(39.0, 0.18484971717992313)	(40.0, 0.05915190949757536)	(41.0, 0.04436393212318153)	(42.0, 0.03696994343598461)	(43.0, 0.2070316832415138)	(44.0, 4.144330659173832)	(45.0, 0.48060926466780024)	(46.0, 0.05915190949757536)	(47.0, 0.07763688121556765)	(48.0, 0.547155162852573)	(49.0, 7.12041110577067)	(50.0, 33.42082886613289)	(51.0, 32.951310584495666)	(52.0, 4.883729527893483)	(53.0, 4.543606048282443)	(54.0, 1.5749195903729405)	(55.0, 0.9907944840843854)	(56.0, 1.3789788901622182)	(57.0, 0.6543679988169291)	(58.0, 0.46582128729340627)	(59.0, 0.08872786424636302)	(60.0, 0.6210950497245428)	(61.0, 0.9575215349919998)	(62.0, 0.23291064364670297)	(63.0, 1.7449813301784745)	(64.0, 0.2218196606159076)	(65.0, 0.08872786424636302)	(66.0, 0.266183592739089)	(67.0, 0.1996376945543169)	(68.0, 0.02218196606159076)	(69.0, 0.02218196606159076)	(70.0, 0.0073939886871969215)	(71.0, 0.0073939886871969215)	(72.0, 0.04436393212318153)	(73.0, 0.014787977374393843)	(74.0, 0.014787977374393843)	(75.0, 0.04066693777958307)	(76.0, 0.05915190949757536)	(77.0, 0.0073939886871969215)	(78.0, 0.0)	(79.0, 0.0)	(80.0, 0.0)	(81.0, 0.0036969943435984608)	(82.0, 0.0)	(83.0, 0.0)	(84.0, 0.0)	(85.0, 0.0)	(86.0, 0.0)	(87.0, 0.0)	(88.0, 0.0)	(89.0, 0.0)	(90.0, 0.0)	(91.0, 0.0)	(92.0, 0.0)	(93.0, 0.0)	(94.0, 0.0)	(95.0, 0.0)	(96.0, 0.0)	(97.0, 0.0)	(98.0, 0.0)	(99.0, 0.0)	(100.0, 0.0)
SRR37700636_1	(0.0, 0.0)	(1.0, 0.0)	(2.0, 0.0)	(3.0, 0.0)	(4.0, 0.0)	(5.0, 0.0)	(6.0, 0.0)	(7.0, 0.0)	(8.0, 0.0)	(9.0, 0.0)	(10.0, 0.0)	(11.0, 0.0)	(12.0, 0.0)	(13.0, 0.0)	(14.0, 0.0)	(15.0, 0.0)	(16.0, 0.0)	(17.0, 0.0)	(18.0, 0.0)	(19.0, 0.0)	(20.0, 0.0)	(21.0, 0.0)	(22.0, 0.0)	(23.0, 0.0)	(24.0, 0.0)	(25.0, 0.006744907594766378)	(26.0, 0.006744907594766378)	(27.0, 0.006744907594766378)	(28.0, 0.006744907594766378)	(29.0, 0.0)	(30.0, 0.006744907594766378)	(31.0, 0.0)	(32.0, 0.0)	(33.0, 0.0)	(34.0, 0.0)	(35.0, 0.0)	(36.0, 0.10117361392149567)	(37.0, 0.2967759341697208)	(38.0, 0.053959260758131025)	(39.0, 0.006744907594766378)	(40.0, 0.0)	(41.0, 0.020234722784299136)	(42.0, 0.053959260758131025)	(43.0, 0.1483879670848603)	(44.0, 1.1263995683259875)	(45.0, 38.47295292054433)	(46.0, 39.079994604073164)	(47.0, 0.5868069607446742)	(48.0, 0.4451639012545808)	(49.0, 1.3085120733846807)	(50.0, 2.0369620936194393)	(51.0, 2.084176446782803)	(52.0, 2.4281667341158837)	(53.0, 2.7923917442332713)	(54.0, 4.451639012545848)	(55.0, 2.2527991366519604)	(56.0, 0.8633481721300971)	(57.0, 0.24956158100635611)	(58.0, 0.1686226898691594)	(59.0, 0.161877782274393)	(60.0, 0.1416430594900939)	(61.0, 0.1416430594900939)	(62.0, 0.08093889113719654)	(63.0, 0.1753675974639258)	(64.0, 0.06070416835289741)	(65.0, 0.020234722784299136)	(66.0, 0.020234722784299136)	(67.0, 0.013489815189532756)	(68.0, 0.026979630379065513)	(69.0, 0.08093889113719654)	(70.0, 0.013489815189532756)	(71.0, 0.0)	(72.0, 0.0)	(73.0, 0.0)	(74.0, 0.0)	(75.0, 0.0)	(76.0, 0.0)	(77.0, 0.0)	(78.0, 0.0)	(79.0, 0.0)	(80.0, 0.0)	(81.0, 0.0)	(82.0, 0.0)	(83.0, 0.0)	(84.0, 0.0)	(85.0, 0.0)	(86.0, 0.0)	(87.0, 0.0)	(88.0, 0.0)	(89.0, 0.0)	(90.0, 0.0)	(91.0, 0.0)	(92.0, 0.0)	(93.0, 0.0)	(94.0, 0.0)	(95.0, 0.0)	(96.0, 0.0)	(97.0, 0.0)	(98.0, 0.0)	(99.0, 0.0)	(100.0, 0.0)
SRR37700636_2	(0.0, 0.0)	(1.0, 0.0)	(2.0, 0.0)	(3.0, 0.0)	(4.0, 0.0)	(5.0, 0.0)	(6.0, 0.0)	(7.0, 0.0)	(8.0, 0.0)	(9.0, 0.0)	(10.0, 0.0)	(11.0, 0.0)	(12.0, 0.0)	(13.0, 0.0)	(14.0, 0.0)	(15.0, 0.0)	(16.0, 0.0)	(17.0, 0.0)	(18.0, 0.0)	(19.0, 0.0)	(20.0, 0.0)	(21.0, 0.0)	(22.0, 0.0)	(23.0, 0.0)	(24.0, 0.0)	(25.0, 0.0)	(26.0, 0.0)	(27.0, 0.0)	(28.0, 0.0)	(29.0, 0.0)	(30.0, 0.0)	(31.0, 0.009682416731216602)	(32.0, 0.009682416731216602)	(33.0, 0.019364833462433204)	(34.0, 0.0677769171185162)	(35.0, 0.08714175058094942)	(36.0, 0.20333075135554857)	(37.0, 0.33888458559258117)	(38.0, 0.7455460883036776)	(39.0, 0.3776142525174476)	(40.0, 0.21301316808676518)	(41.0, 0.1258714175058158)	(42.0, 0.21301316808676518)	(43.0, 2.76917118512794)	(44.0, 58.220371804800294)	(45.0, 5.954686289698252)	(46.0, 0.3582494190550144)	(47.0, 0.6293570875290788)	(48.0, 0.46475600309839715)	(49.0, 1.6266460108443928)	(50.0, 2.430286599535364)	(51.0, 2.6723470178157753)	(52.0, 2.3818745158792813)	(53.0, 3.989155693261226)	(54.0, 3.534082106894041)	(55.0, 2.3625096824168486)	(56.0, 7.126258714175495)	(57.0, 1.316808675445459)	(58.0, 0.33888458559258117)	(59.0, 0.17428350116189878)	(60.0, 0.1355538342370324)	(61.0, 0.21301316808676518)	(62.0, 0.145236250968249)	(63.0, 0.21301316808676518)	(64.0, 0.10650658404338263)	(65.0, 0.22269558481798174)	(66.0, 0.048412083656083)	(67.0, 0.009682416731216602)	(68.0, 0.0)	(69.0, 0.0)	(70.0, 0.0)	(71.0, 0.009682416731216602)	(72.0, 0.09682416731216602)	(73.0, 0.019364833462433204)	(74.0, 0.009682416731216602)	(75.0, 0.009682416731216602)	(76.0, 0.0)	(77.0, 0.0)	(78.0, 0.0)	(79.0, 0.0)	(80.0, 0.0)	(81.0, 0.0)	(82.0, 0.0)	(83.0, 0.0)	(84.0, 0.0)	(85.0, 0.0)	(86.0, 0.0)	(87.0, 0.0)	(88.0, 0.0)	(89.0, 0.0)	(90.0, 0.0)	(91.0, 0.0)	(92.0, 0.0)	(93.0, 0.0)	(94.0, 0.0)	(95.0, 0.0)	(96.0, 0.0)	(97.0, 0.0)	(98.0, 0.0)	(99.0, 0.0)	(100.0, 0.0)
SRR37700637_1	(0.0, 0.0)	(1.0, 0.0)	(2.0, 0.0)	(3.0, 0.0)	(4.0, 0.0)	(5.0, 0.0)	(6.0, 0.0)	(7.0, 0.0)	(8.0, 0.0)	(9.0, 0.0)	(10.0, 0.0)	(11.0, 0.0)	(12.0, 0.0)	(13.0, 0.005256518082421807)	(14.0, 0.0)	(15.0, 0.0)	(16.0, 0.0)	(17.0, 0.0)	(18.0, 0.0)	(19.0, 0.010513036164843614)	(20.0, 0.005256518082421807)	(21.0, 0.005256518082421807)	(22.0, 0.0)	(23.0, 0.0)	(24.0, 0.0)	(25.0, 0.0)	(26.0, 0.0)	(27.0, 0.0)	(28.0, 0.0)	(29.0, 0.0)	(30.0, 0.0)	(31.0, 0.0)	(32.0, 0.0)	(33.0, 0.005256518082421807)	(34.0, 0.010513036164843614)	(35.0, 0.015769554247265425)	(36.0, 0.0683347350714835)	(37.0, 0.18397813288476333)	(38.0, 0.04205214465937446)	(39.0, 0.015769554247265425)	(40.0, 0.057821698906639886)	(41.0, 0.18923465096718514)	(42.0, 0.530908326324602)	(43.0, 4.736122792262055)	(44.0, 55.31433978133221)	(45.0, 11.948065601345025)	(46.0, 7.1015559293517345)	(47.0, 0.6991169049621011)	(48.0, 0.5046257359124928)	(49.0, 2.8648023549198975)	(50.0, 8.15811606391847)	(51.0, 3.4850714886456884)	(52.0, 1.477081581160524)	(53.0, 0.7201429772917884)	(54.0, 0.6307821698906171)	(55.0, 0.5098822539949146)	(56.0, 0.16820857863749786)	(57.0, 0.08410428931874891)	(58.0, 0.057821698906639886)	(59.0, 0.04205214465937446)	(60.0, 0.12089991589570154)	(61.0, 0.09987384356601432)	(62.0, 0.015769554247265425)	(63.0, 0.010513036164843614)	(64.0, 0.03153910849453084)	(65.0, 0.015769554247265425)	(66.0, 0.0)	(67.0, 0.010513036164843614)	(68.0, 0.010513036164843614)	(69.0, 0.02102607232968723)	(70.0, 0.015769554247265425)	(71.0, 0.0)	(72.0, 0.0)	(73.0, 0.0)	(74.0, 0.0)	(75.0, 0.0)	(76.0, 0.0)	(77.0, 0.0)	(78.0, 0.0)	(79.0, 0.0)	(80.0, 0.0)	(81.0, 0.0)	(82.0, 0.0)	(83.0, 0.0)	(84.0, 0.0)	(85.0, 0.0)	(86.0, 0.0)	(87.0, 0.0)	(88.0, 0.0)	(89.0, 0.0)	(90.0, 0.0)	(91.0, 0.0)	(92.0, 0.0)	(93.0, 0.0)	(94.0, 0.0)	(95.0, 0.0)	(96.0, 0.0)	(97.0, 0.0)	(98.0, 0.0)	(99.0, 0.0)	(100.0, 0.0)
SRR37700637_2	(0.0, 0.0)	(1.0, 0.0)	(2.0, 0.0)	(3.0, 0.0)	(4.0, 0.0)	(5.0, 0.0)	(6.0, 0.0)	(7.0, 0.0)	(8.0, 0.0)	(9.0, 0.0)	(10.0, 0.0)	(11.0, 0.0)	(12.0, 0.0)	(13.0, 0.0)	(14.0, 0.0)	(15.0, 0.0)	(16.0, 0.0)	(17.0, 0.0)	(18.0, 0.0)	(19.0, 0.0)	(20.0, 0.0)	(21.0, 0.0)	(22.0, 0.0)	(23.0, 0.0)	(24.0, 0.0)	(25.0, 0.0)	(26.0, 0.0)	(27.0, 0.0)	(28.0, 0.0)	(29.0, 0.0)	(30.0, 0.0)	(31.0, 0.0036644801934840854)	(32.0, 0.014657920773936342)	(33.0, 0.0256513613543886)	(34.0, 0.02198688116090451)	(35.0, 0.04030928212832494)	(36.0, 0.029315841547872683)	(37.0, 0.13192128696542713)	(38.0, 0.1942174502546566)	(39.0, 0.0732896038696817)	(40.0, 0.029315841547872683)	(41.0, 0.04030928212832494)	(42.0, 0.06962512367619761)	(43.0, 0.5643299497965502)	(44.0, 42.793799699514324)	(45.0, 39.770603539888576)	(46.0, 0.6266261130857801)	(47.0, 0.3004873758656947)	(48.0, 0.18688848986768847)	(49.0, 1.6563450474548058)	(50.0, 5.478397889258589)	(51.0, 4.738172890174845)	(52.0, 0.6486129942466847)	(53.0, 0.7585474000512069)	(54.0, 0.5973102715379072)	(55.0, 0.3261387372200832)	(56.0, 0.4250797024441539)	(57.0, 0.15390816812633168)	(58.0, 0.0732896038696817)	(59.0, 0.029315841547872683)	(60.0, 0.010993440580452258)	(61.0, 0.014657920773936342)	(62.0, 0.014657920773936342)	(63.0, 0.06962512367619761)	(64.0, 0.010993440580452258)	(65.0, 0.010993440580452258)	(66.0, 0.010993440580452258)	(67.0, 0.014657920773936342)	(68.0, 0.0)	(69.0, 0.0)	(70.0, 0.0)	(71.0, 0.007328960386968171)	(72.0, 0.02198688116090451)	(73.0, 0.007328960386968171)	(74.0, 0.0)	(75.0, 0.0)	(76.0, 0.0)	(77.0, 0.0)	(78.0, 0.0036644801934840854)	(79.0, 0.0)	(80.0, 0.0)	(81.0, 0.0)	(82.0, 0.0)	(83.0, 0.0)	(84.0, 0.0)	(85.0, 0.0)	(86.0, 0.0)	(87.0, 0.0)	(88.0, 0.0)	(89.0, 0.0)	(90.0, 0.0)	(91.0, 0.0)	(92.0, 0.0)	(93.0, 0.0)	(94.0, 0.0)	(95.0, 0.0)	(96.0, 0.0)	(97.0, 0.0)	(98.0, 0.0)	(99.0, 0.0)	(100.0, 0.0)
SRR37700638_1	(0.0, 0.0)	(1.0, 0.0)	(2.0, 0.0)	(3.0, 0.0)	(4.0, 0.0)	(5.0, 0.0)	(6.0, 0.0)	(7.0, 0.0)	(8.0, 0.0)	(9.0, 0.0)	(10.0, 0.0)	(11.0, 0.0)	(12.0, 0.0)	(13.0, 0.0)	(14.0, 0.0)	(15.0, 0.0)	(16.0, 0.0)	(17.0, 0.0)	(18.0, 0.0)	(19.0, 0.0)	(20.0, 0.0)	(21.0, 0.0)	(22.0, 0.0)	(23.0, 0.0)	(24.0, 0.0)	(25.0, 0.0)	(26.0, 0.0)	(27.0, 0.0)	(28.0, 0.0)	(29.0, 0.0)	(30.0, 0.0)	(31.0, 0.0)	(32.0, 0.0)	(33.0, 0.0)	(34.0, 0.0)	(35.0, 0.0)	(36.0, 0.003463203463203537)	(37.0, 0.05541125541125658)	(38.0, 0.02077922077922122)	(39.0, 0.003463203463203537)	(40.0, 0.003463203463203537)	(41.0, 0.003463203463203537)	(42.0, 0.013852813852814148)	(43.0, 0.013852813852814148)	(44.0, 0.017316017316017684)	(45.0, 0.554112554112567)	(46.0, 0.9558441558441738)	(47.0, 0.8796536796536972)	(48.0, 1.1359307359307553)	(49.0, 4.900432900432908)	(50.0, 17.8839826839819)	(51.0, 12.280519480519851)	(52.0, 14.9852813852812)	(53.0, 14.753246753246616)	(54.0, 10.780952380953062)	(55.0, 14.93679653679636)	(56.0, 2.9922077922078674)	(57.0, 0.9246753246753425)	(58.0, 0.3220779220779285)	(59.0, 0.08311688311688485)	(60.0, 0.024242424242424756)	(61.0, 0.04155844155844245)	(62.0, 0.07965367965368132)	(63.0, 0.17316017316017696)	(64.0, 0.18701298701299104)	(65.0, 0.07619047619047778)	(66.0, 0.0865800865800884)	(67.0, 0.0865800865800884)	(68.0, 0.2770562770562827)	(69.0, 0.4398268398268495)	(70.0, 0.024242424242424756)	(71.0, 0.0)	(72.0, 0.0)	(73.0, 0.0)	(74.0, 0.0)	(75.0, 0.0)	(76.0, 0.0)	(77.0, 0.0)	(78.0, 0.0)	(79.0, 0.0)	(80.0, 0.0)	(81.0, 0.0)	(82.0, 0.0)	(83.0, 0.0)	(84.0, 0.0)	(85.0, 0.0)	(86.0, 0.0)	(87.0, 0.0)	(88.0, 0.0)	(89.0, 0.0)	(90.0, 0.0)	(91.0, 0.0)	(92.0, 0.0)	(93.0, 0.0)	(94.0, 0.0)	(95.0, 0.0)	(96.0, 0.0)	(97.0, 0.0)	(98.0, 0.0)	(99.0, 0.0)	(100.0, 0.0)
SRR37700638_2	(0.0, 0.0)	(1.0, 0.0)	(2.0, 0.0)	(3.0, 0.0)	(4.0, 0.0)	(5.0, 0.0)	(6.0, 0.0)	(7.0, 0.0)	(8.0, 0.0)	(9.0, 0.0)	(10.0, 0.0)	(11.0, 0.0)	(12.0, 0.0)	(13.0, 0.0)	(14.0, 0.0)	(15.0, 0.0)	(16.0, 0.0)	(17.0, 0.0)	(18.0, 0.0)	(19.0, 0.0)	(20.0, 0.0)	(21.0, 0.0)	(22.0, 0.0)	(23.0, 0.0)	(24.0, 0.0)	(25.0, 0.0)	(26.0, 0.0)	(27.0, 0.0)	(28.0, 0.0)	(29.0, 0.0)	(30.0, 0.0)	(31.0, 0.0)	(32.0, 0.0)	(33.0, 0.0)	(34.0, 0.006404713869408013)	(35.0, 0.0032023569347040064)	(36.0, 0.006404713869408013)	(37.0, 0.054440067889968094)	(38.0, 0.0672494956287841)	(39.0, 0.02561885547763205)	(40.0, 0.009607070804112019)	(41.0, 0.01601178467352003)	(42.0, 0.0)	(43.0, 0.012809427738816026)	(44.0, 0.512377109552642)	(45.0, 0.08326128030230415)	(46.0, 0.27220033944984023)	(47.0, 0.5668171774426105)	(48.0, 0.7653633073942571)	(49.0, 3.144714509879323)	(50.0, 10.12585262753445)	(51.0, 14.381784993755106)	(52.0, 8.697601434656399)	(53.0, 16.89883754443188)	(54.0, 16.1334742370378)	(55.0, 9.286835110642002)	(56.0, 13.27376949434777)	(57.0, 2.334518205399245)	(58.0, 1.0535754315176136)	(59.0, 0.6436737438755065)	(60.0, 0.26259326864572824)	(61.0, 0.07365420949819211)	(62.0, 0.04803535402056009)	(63.0, 0.05123771095526409)	(64.0, 0.07365420949819211)	(65.0, 0.1697249175393124)	(66.0, 0.2401767701028003)	(67.0, 0.08005892336760012)	(68.0, 0.028821212412336056)	(69.0, 0.044832997085856086)	(70.0, 0.05123771095526409)	(71.0, 0.10567777884523223)	(72.0, 0.3042239087968802)	(73.0, 0.06404713869408012)	(74.0, 0.02561885547763205)	(75.0, 0.0)	(76.0, 0.0)	(77.0, 0.0)	(78.0, 0.0)	(79.0, 0.0)	(80.0, 0.0)	(81.0, 0.0)	(82.0, 0.0)	(83.0, 0.0)	(84.0, 0.0)	(85.0, 0.0)	(86.0, 0.0)	(87.0, 0.0)	(88.0, 0.0)	(89.0, 0.0)	(90.0, 0.0)	(91.0, 0.0)	(92.0, 0.0)	(93.0, 0.0)	(94.0, 0.0)	(95.0, 0.0)	(96.0, 0.0)	(97.0, 0.0)	(98.0, 0.0)	(99.0, 0.0)	(100.0, 0.0)
SRR37700639_1	(0.0, 0.0)	(1.0, 0.0)	(2.0, 0.0)	(3.0, 0.0)	(4.0, 0.0)	(5.0, 0.0)	(6.0, 0.0)	(7.0, 0.0)	(8.0, 0.0)	(9.0, 0.0)	(10.0, 0.0)	(11.0, 0.0)	(12.0, 0.0)	(13.0, 0.0)	(14.0, 0.0)	(15.0, 0.0)	(16.0, 0.0)	(17.0, 0.0)	(18.0, 0.0)	(19.0, 0.0)	(20.0, 0.0)	(21.0, 0.0)	(22.0, 0.0)	(23.0, 0.0)	(24.0, 0.0)	(25.0, 0.0)	(26.0, 0.0)	(27.0, 0.0)	(28.0, 0.0)	(29.0, 0.0)	(30.0, 0.0)	(31.0, 0.0)	(32.0, 0.0)	(33.0, 0.0)	(34.0, 0.0)	(35.0, 0.0)	(36.0, 0.049558925562495505)	(37.0, 0.16519641854165182)	(38.0, 0.02973535533749731)	(39.0, 0.006607856741666069)	(40.0, 0.0033039283708330347)	(41.0, 0.0033039283708330347)	(42.0, 0.019823570224998206)	(43.0, 0.03303928370833035)	(44.0, 0.2378828426999783)	(45.0, 18.981068490434236)	(46.0, 19.10661776852586)	(47.0, 0.6508738890541094)	(48.0, 2.296230217728981)	(49.0, 18.1484785409845)	(50.0, 8.349026993095334)	(51.0, 2.7290448343081044)	(52.0, 2.6365348399247845)	(53.0, 3.3534872963955125)	(54.0, 10.982257904649277)	(55.0, 9.931608682724539)	(56.0, 0.5847953216374485)	(57.0, 0.26101034129580947)	(58.0, 0.191627845508316)	(59.0, 0.22797105758747926)	(60.0, 0.1751082036541509)	(61.0, 0.14867677668748666)	(62.0, 0.08259820927082584)	(63.0, 0.11233356460832321)	(64.0, 0.18832391713748298)	(65.0, 0.15858856179998576)	(66.0, 0.07599035252915977)	(67.0, 0.02973535533749731)	(68.0, 0.013215713483332139)	(69.0, 0.036343212079163384)	(70.0, 0.0)	(71.0, 0.0)	(72.0, 0.0)	(73.0, 0.0)	(74.0, 0.0)	(75.0, 0.0)	(76.0, 0.0)	(77.0, 0.0)	(78.0, 0.0)	(79.0, 0.0)	(80.0, 0.0)	(81.0, 0.0)	(82.0, 0.0)	(83.0, 0.0)	(84.0, 0.0)	(85.0, 0.0)	(86.0, 0.0)	(87.0, 0.0)	(88.0, 0.0)	(89.0, 0.0)	(90.0, 0.0)	(91.0, 0.0)	(92.0, 0.0)	(93.0, 0.0)	(94.0, 0.0)	(95.0, 0.0)	(96.0, 0.0)	(97.0, 0.0)	(98.0, 0.0)	(99.0, 0.0)	(100.0, 0.0)
SRR37700639_2	(0.0, 0.0)	(1.0, 0.0)	(2.0, 0.0)	(3.0, 0.0)	(4.0, 0.0)	(5.0, 0.0)	(6.0, 0.0)	(7.0, 0.0)	(8.0, 0.0)	(9.0, 0.0)	(10.0, 0.0)	(11.0, 0.0)	(12.0, 0.0)	(13.0, 0.0)	(14.0, 0.0)	(15.0, 0.0)	(16.0, 0.0)	(17.0, 0.0)	(18.0, 0.0)	(19.0, 0.0)	(20.0, 0.0)	(21.0, 0.0)	(22.0, 0.0)	(23.0, 0.0)	(24.0, 0.0)	(25.0, 0.0)	(26.0, 0.0)	(27.0, 0.0)	(28.0, 0.0)	(29.0, 0.0)	(30.0, 0.003405414609228753)	(31.0, 0.003405414609228753)	(32.0, 0.006810829218457506)	(33.0, 0.020432487655372516)	(34.0, 0.02383790226460127)	(35.0, 0.03405414609228753)	(36.0, 0.037459560701516285)	(37.0, 0.1328111697599214)	(38.0, 0.19410863272603893)	(39.0, 0.03405414609228753)	(40.0, 0.03064873148305878)	(41.0, 0.03405414609228753)	(42.0, 0.03405414609228753)	(43.0, 0.4597309722458821)	(44.0, 19.475566150177663)	(45.0, 13.7714966797208)	(46.0, 0.3235143878767311)	(47.0, 0.2520006810829275)	(48.0, 1.120381406436255)	(49.0, 18.426698450535444)	(50.0, 8.019751404733912)	(51.0, 6.596288098076131)	(52.0, 2.1692491060787327)	(53.0, 3.0750893921335676)	(54.0, 11.29235484420283)	(55.0, 11.132300357569115)	(56.0, 1.280435893070004)	(57.0, 0.4733526306827972)	(58.0, 0.22816277881832636)	(59.0, 0.09194619444917632)	(60.0, 0.17708155967989522)	(61.0, 0.19410863272603893)	(62.0, 0.051081219138431284)	(63.0, 0.15664907202452275)	(64.0, 0.07832453601226129)	(65.0, 0.12259492593223514)	(66.0, 0.19070321811681018)	(67.0, 0.12259492593223514)	(68.0, 0.06129746296611754)	(69.0, 0.020432487655372516)	(70.0, 0.003405414609228753)	(71.0, 0.003405414609228753)	(72.0, 0.03405414609228753)	(73.0, 0.006810829218457506)	(74.0, 0.0)	(75.0, 0.0)	(76.0, 0.0)	(77.0, 0.0)	(78.0, 0.0)	(79.0, 0.0)	(80.0, 0.0)	(81.0, 0.0)	(82.0, 0.0)	(83.0, 0.0)	(84.0, 0.0)	(85.0, 0.0)	(86.0, 0.0)	(87.0, 0.0)	(88.0, 0.0)	(89.0, 0.0)	(90.0, 0.0)	(91.0, 0.0)	(92.0, 0.0)	(93.0, 0.0)	(94.0, 0.0)	(95.0, 0.0)	(96.0, 0.0)	(97.0, 0.0)	(98.0, 0.0)	(99.0, 0.0)	(100.0, 0.0)
SRR37700640_1	(0.0, 0.0)	(1.0, 0.0)	(2.0, 0.0)	(3.0, 0.0)	(4.0, 0.0)	(5.0, 0.0)	(6.0, 0.0)	(7.0, 0.0)	(8.0, 0.0)	(9.0, 0.0)	(10.0, 0.0)	(11.0, 0.0)	(12.0, 0.0)	(13.0, 0.0)	(14.0, 0.0)	(15.0, 0.0)	(16.0, 0.0)	(17.0, 0.0)	(18.0, 0.0)	(19.0, 0.0)	(20.0, 0.0)	(21.0, 0.0)	(22.0, 0.0)	(23.0, 0.0)	(24.0, 0.0)	(25.0, 0.0)	(26.0, 0.0)	(27.0, 0.0)	(28.0, 0.0)	(29.0, 0.0)	(30.0, 0.0)	(31.0, 0.0)	(32.0, 0.0025356255388204424)	(33.0, 0.0025356255388204424)	(34.0, 0.0)	(35.0, 0.027891880927024854)	(36.0, 0.031695319235255516)	(37.0, 0.0025356255388204424)	(38.0, 0.0)	(39.0, 0.0)	(40.0, 0.0012678127694102212)	(41.0, 0.005071251077640885)	(42.0, 0.005071251077640885)	(43.0, 0.008874689385871548)	(44.0, 0.01014250215528177)	(45.0, 0.031695319235255516)	(46.0, 0.06212282570110088)	(47.0, 0.21806379633855852)	(48.0, 0.9369136365941635)	(49.0, 5.625285257872934)	(50.0, 16.582991023887615)	(51.0, 6.382169481210664)	(52.0, 7.310208428418735)	(53.0, 18.122115725950223)	(54.0, 5.176479537501819)	(55.0, 8.072163902834298)	(56.0, 2.5445002282063376)	(57.0, 2.2326182869313875)	(58.0, 5.034484507327906)	(59.0, 4.703585374511913)	(60.0, 7.282316547491717)	(61.0, 6.809422384501812)	(62.0, 0.43105634159947315)	(63.0, 0.7429382828743941)	(64.0, 0.6326385719357017)	(65.0, 0.3499163243572202)	(66.0, 0.1318525280186629)	(67.0, 0.11537096201632997)	(68.0, 0.09255033216694608)	(69.0, 0.07987220447284392)	(70.0, 0.16735128556214934)	(71.0, 0.021552817079973755)	(72.0, 0.006339063847051105)	(73.0, 0.0025356255388204424)	(74.0, 0.0012678127694102212)	(75.0, 0.0)	(76.0, 0.0)	(77.0, 0.0)	(78.0, 0.0)	(79.0, 0.0)	(80.0, 0.0)	(81.0, 0.0)	(82.0, 0.0)	(83.0, 0.0)	(84.0, 0.0)	(85.0, 0.0)	(86.0, 0.0)	(87.0, 0.0)	(88.0, 0.0)	(89.0, 0.0)	(90.0, 0.0)	(91.0, 0.0)	(92.0, 0.0)	(93.0, 0.0)	(94.0, 0.0)	(95.0, 0.0)	(96.0, 0.0)	(97.0, 0.0)	(98.0, 0.0)	(99.0, 0.0)	(100.0, 0.0)
SRR37700640_2	(0.0, 0.0)	(1.0, 0.0)	(2.0, 0.0)	(3.0, 0.0)	(4.0, 0.0)	(5.0, 0.0)	(6.0, 0.0)	(7.0, 0.0)	(8.0, 0.0)	(9.0, 0.0)	(10.0, 0.0)	(11.0, 0.0)	(12.0, 0.0)	(13.0, 0.0)	(14.0, 0.0)	(15.0, 0.0)	(16.0, 0.0)	(17.0, 0.0)	(18.0, 0.0)	(19.0, 0.0)	(20.0, 0.0)	(21.0, 0.0)	(22.0, 0.0)	(23.0, 0.0)	(24.0, 0.0)	(25.0, 0.0)	(26.0, 0.0)	(27.0, 0.0)	(28.0, 0.0)	(29.0, 0.0)	(30.0, 0.0)	(31.0, 0.0)	(32.0, 0.0)	(33.0, 0.0011551345731777222)	(34.0, 0.004620538292710889)	(35.0, 0.0023102691463554445)	(36.0, 0.003465403719533167)	(37.0, 0.004620538292710889)	(38.0, 0.03234376804897622)	(39.0, 0.008085942012244055)	(40.0, 0.0023102691463554445)	(41.0, 0.004620538292710889)	(42.0, 0.004620538292710889)	(43.0, 0.004620538292710889)	(44.0, 0.031188633475798495)	(45.0, 0.020792422317198994)	(46.0, 0.033498902622153943)	(47.0, 0.20445881945245736)	(48.0, 0.7335104539678594)	(49.0, 5.993993300218806)	(50.0, 14.103038003929353)	(51.0, 10.252974471526253)	(52.0, 5.319394709483169)	(53.0, 16.140695391013125)	(54.0, 13.76804897770766)	(55.0, 4.241654152708599)	(56.0, 7.219591082360174)	(57.0, 1.8285780293403002)	(58.0, 1.6241192098878456)	(59.0, 1.2683377613491273)	(60.0, 1.4300566015939995)	(61.0, 4.397597320087557)	(62.0, 1.6275846136073788)	(63.0, 6.709021601015654)	(64.0, 0.9345038697007847)	(65.0, 0.4840013861614642)	(66.0, 0.5371375765276409)	(67.0, 0.3638673905509811)	(68.0, 0.16056370567170358)	(69.0, 0.12590966847637167)	(70.0, 0.06468753609795246)	(71.0, 0.041584844634398016)	(72.0, 0.0265680951830876)	(73.0, 0.011551345731777223)	(74.0, 0.018482153170843552)	(75.0, 0.06237726695159702)	(76.0, 0.10396211158599487)	(77.0, 0.040429710061220286)	(78.0, 0.003465403719533167)	(79.0, 0.0)	(80.0, 0.0)	(81.0, 0.0)	(82.0, 0.0)	(83.0, 0.0)	(84.0, 0.0)	(85.0, 0.0)	(86.0, 0.0)	(87.0, 0.0)	(88.0, 0.0)	(89.0, 0.0)	(90.0, 0.0)	(91.0, 0.0)	(92.0, 0.0)	(93.0, 0.0)	(94.0, 0.0)	(95.0, 0.0)	(96.0, 0.0)	(97.0, 0.0)	(98.0, 0.0)	(99.0, 0.0)	(100.0, 0.0)
SRR37700641_1	(0.0, 0.0)	(1.0, 0.0)	(2.0, 0.0)	(3.0, 0.0)	(4.0, 0.0)	(5.0, 0.0)	(6.0, 0.0)	(7.0, 0.0)	(8.0, 0.0)	(9.0, 0.0)	(10.0, 0.0)	(11.0, 0.0)	(12.0, 0.0)	(13.0, 0.0)	(14.0, 0.0)	(15.0, 0.0)	(16.0, 0.0)	(17.0, 0.0)	(18.0, 0.0)	(19.0, 0.0)	(20.0, 0.0)	(21.0, 0.0)	(22.0, 0.0)	(23.0, 0.0)	(24.0, 0.0)	(25.0, 0.0)	(26.0, 0.0)	(27.0, 0.0)	(28.0, 0.003497481813094932)	(29.0, 0.003497481813094932)	(30.0, 0.0)	(31.0, 0.0)	(32.0, 0.0)	(33.0, 0.0)	(34.0, 0.0)	(35.0, 0.0)	(36.0, 0.0)	(37.0, 0.01748740906547466)	(38.0, 0.003497481813094932)	(39.0, 0.0)	(40.0, 0.0)	(41.0, 0.0)	(42.0, 0.006994963626189864)	(43.0, 0.02098489087856959)	(44.0, 0.07344711807499354)	(45.0, 0.05945719082261383)	(46.0, 0.09443200895356314)	(47.0, 0.12241186345832264)	(48.0, 0.5281197537773356)	(49.0, 11.741046446559947)	(50.0, 63.13654168997919)	(51.0, 6.599748181310153)	(52.0, 7.054420817012547)	(53.0, 5.382624510352978)	(54.0, 1.2835758254058331)	(55.0, 0.8778679350868268)	(56.0, 0.6435366536094692)	(57.0, 0.654029099048754)	(58.0, 0.6015668718523296)	(59.0, 0.31127588136544854)	(60.0, 0.1468942361499872)	(61.0, 0.1189143816452277)	(62.0, 0.048964745383329046)	(63.0, 0.1538891997761771)	(64.0, 0.1189143816452277)	(65.0, 0.02098489087856959)	(66.0, 0.03147733631785439)	(67.0, 0.052462227196423974)	(68.0, 0.0559597090095189)	(69.0, 0.024482372691664523)	(70.0, 0.006994963626189864)	(71.0, 0.0)	(72.0, 0.0)	(73.0, 0.0)	(74.0, 0.0)	(75.0, 0.0)	(76.0, 0.0)	(77.0, 0.0)	(78.0, 0.0)	(79.0, 0.0)	(80.0, 0.0)	(81.0, 0.0)	(82.0, 0.0)	(83.0, 0.0)	(84.0, 0.0)	(85.0, 0.0)	(86.0, 0.0)	(87.0, 0.0)	(88.0, 0.0)	(89.0, 0.0)	(90.0, 0.0)	(91.0, 0.0)	(92.0, 0.0)	(93.0, 0.0)	(94.0, 0.0)	(95.0, 0.0)	(96.0, 0.0)	(97.0, 0.0)	(98.0, 0.0)	(99.0, 0.0)	(100.0, 0.0)
SRR37700641_2	(0.0, 0.0)	(1.0, 0.0)	(2.0, 0.0)	(3.0, 0.0)	(4.0, 0.0)	(5.0, 0.0)	(6.0, 0.0)	(7.0, 0.0)	(8.0, 0.0)	(9.0, 0.0)	(10.0, 0.0)	(11.0, 0.0)	(12.0, 0.0)	(13.0, 0.0)	(14.0, 0.0)	(15.0, 0.0)	(16.0, 0.0)	(17.0, 0.0)	(18.0, 0.0)	(19.0, 0.0)	(20.0, 0.0)	(21.0, 0.0)	(22.0, 0.0)	(23.0, 0.0)	(24.0, 0.0)	(25.0, 0.0)	(26.0, 0.0)	(27.0, 0.0)	(28.0, 0.0)	(29.0, 0.0)	(30.0, 0.0)	(31.0, 0.0)	(32.0, 0.0)	(33.0, 0.0)	(34.0, 0.0)	(35.0, 0.0025317096635359268)	(36.0, 0.0025317096635359268)	(37.0, 0.012658548317679635)	(38.0, 0.017721967644751487)	(39.0, 0.0)	(40.0, 0.0)	(41.0, 0.0025317096635359268)	(42.0, 0.0025317096635359268)	(43.0, 0.010126838654143707)	(44.0, 0.07341958024254187)	(45.0, 0.05569761259779037)	(46.0, 0.022785386971823342)	(47.0, 0.06835616091547002)	(48.0, 0.23291728904530495)	(49.0, 3.040583305906608)	(50.0, 42.04410238233685)	(51.0, 38.73009443277134)	(52.0, 3.1013443378314665)	(53.0, 5.709005291273633)	(54.0, 3.974784171751326)	(55.0, 0.5088736423707223)	(56.0, 0.5746980936226554)	(57.0, 0.3595027722221021)	(58.0, 0.22279045039116127)	(59.0, 0.20760019240994576)	(60.0, 0.2531709663535924)	(61.0, 0.2683612243348081)	(62.0, 0.037975644953038894)	(63.0, 0.0835464188966856)	(64.0, 0.05822932226132629)	(65.0, 0.05569761259779037)	(66.0, 0.07848299956961374)	(67.0, 0.04557077394364667)	(68.0, 0.020253677308287414)	(69.0, 0.03544393528950297)	(70.0, 0.03544393528950297)	(71.0, 0.027848806298895197)	(72.0, 0.010126838654143707)	(73.0, 0.0050634193270718535)	(74.0, 0.0)	(75.0, 0.0)	(76.0, 0.0)	(77.0, 0.0)	(78.0, 0.0)	(79.0, 0.0)	(80.0, 0.0025317096635359268)	(81.0, 0.0)	(82.0, 0.0)	(83.0, 0.0)	(84.0, 0.0)	(85.0, 0.0)	(86.0, 0.0)	(87.0, 0.0)	(88.0, 0.0025317096635359268)	(89.0, 0.0025317096635359268)	(90.0, 0.0)	(91.0, 0.0)	(92.0, 0.0)	(93.0, 0.0)	(94.0, 0.0)	(95.0, 0.0)	(96.0, 0.0)	(97.0, 0.0)	(98.0, 0.0)	(99.0, 0.0)	(100.0, 0.0)
SRR37700642_1	(0.0, 0.0)	(1.0, 0.0)	(2.0, 0.0)	(3.0, 0.0)	(4.0, 0.0)	(5.0, 0.0)	(6.0, 0.0)	(7.0, 0.0)	(8.0, 0.0)	(9.0, 0.0)	(10.0, 0.0)	(11.0, 0.0)	(12.0, 0.0)	(13.0, 0.0)	(14.0, 0.0)	(15.0, 0.0)	(16.0, 0.0)	(17.0, 0.0)	(18.0, 0.0)	(19.0, 0.0)	(20.0, 0.0)	(21.0, 0.0)	(22.0, 0.0)	(23.0, 0.0)	(24.0, 0.0)	(25.0, 0.0)	(26.0, 0.0)	(27.0, 0.0)	(28.0, 0.0)	(29.0, 0.0)	(30.0, 0.003525595825694251)	(31.0, 0.003525595825694251)	(32.0, 0.003525595825694251)	(33.0, 0.0)	(34.0, 0.0)	(35.0, 0.0)	(36.0, 0.010576787477082754)	(37.0, 0.06698632068819076)	(38.0, 0.031730362431248264)	(39.0, 0.010576787477082754)	(40.0, 0.003525595825694251)	(41.0, 0.007051191651388502)	(42.0, 0.010576787477082754)	(43.0, 0.021153574954165505)	(44.0, 0.19038217458748963)	(45.0, 9.64603017909983)	(46.0, 9.596671837540105)	(47.0, 0.27499647440415137)	(48.0, 0.8531941898180082)	(49.0, 8.52489070652893)	(50.0, 41.34818784374916)	(51.0, 10.037371315751937)	(52.0, 5.098011563953783)	(53.0, 2.1929206035818405)	(54.0, 1.5653645466082458)	(55.0, 3.5608517839511764)	(56.0, 0.7403751233957937)	(57.0, 1.2797912847270065)	(58.0, 1.6323508672964386)	(59.0, 0.8355662106895373)	(60.0, 0.7474263150471822)	(61.0, 0.5993512903680241)	(62.0, 0.07051191651388501)	(63.0, 0.1516006205048529)	(64.0, 0.4160203074319217)	(65.0, 0.31025243266109376)	(66.0, 0.03525595825694252)	(67.0, 0.045832745734025265)	(68.0, 0.045832745734025265)	(69.0, 0.014102383302777004)	(70.0, 0.010576787477082754)	(71.0, 0.003525595825694251)	(72.0, 0.0)	(73.0, 0.0)	(74.0, 0.0)	(75.0, 0.0)	(76.0, 0.0)	(77.0, 0.0)	(78.0, 0.0)	(79.0, 0.0)	(80.0, 0.0)	(81.0, 0.0)	(82.0, 0.0)	(83.0, 0.0)	(84.0, 0.0)	(85.0, 0.0)	(86.0, 0.0)	(87.0, 0.0)	(88.0, 0.0)	(89.0, 0.0)	(90.0, 0.0)	(91.0, 0.0)	(92.0, 0.0)	(93.0, 0.0)	(94.0, 0.0)	(95.0, 0.0)	(96.0, 0.0)	(97.0, 0.0)	(98.0, 0.0)	(99.0, 0.0)	(100.0, 0.0)
SRR37700642_2	(0.0, 0.0)	(1.0, 0.0)	(2.0, 0.0)	(3.0, 0.0)	(4.0, 0.0)	(5.0, 0.0)	(6.0, 0.0)	(7.0, 0.0)	(8.0, 0.0)	(9.0, 0.0)	(10.0, 0.0)	(11.0, 0.0)	(12.0, 0.0)	(13.0, 0.0)	(14.0, 0.0)	(15.0, 0.0)	(16.0, 0.0)	(17.0, 0.0)	(18.0, 0.0)	(19.0, 0.0)	(20.0, 0.0)	(21.0, 0.0)	(22.0, 0.0)	(23.0, 0.0)	(24.0, 0.0)	(25.0, 0.0)	(26.0, 0.0)	(27.0, 0.0)	(28.0, 0.0)	(29.0, 0.0)	(30.0, 0.0)	(31.0, 0.0)	(32.0, 0.0)	(33.0, 0.003116235587410158)	(34.0, 0.009348706762230475)	(35.0, 0.006232471174820316)	(36.0, 0.012464942349640632)	(37.0, 0.018697413524460946)	(38.0, 0.07478965409784377)	(39.0, 0.028046120286691425)	(40.0, 0.015581177937050791)	(41.0, 0.015581177937050791)	(42.0, 0.018697413524460946)	(43.0, 0.44250545341224307)	(44.0, 8.856341539420024)	(45.0, 0.8289186662511004)	(46.0, 0.09348706762230474)	(47.0, 0.13711436584604705)	(48.0, 0.4954814583982161)	(49.0, 7.7376129635396484)	(50.0, 34.210034278593824)	(51.0, 28.354627609847476)	(52.0, 3.948270489248609)	(53.0, 3.9389217824863794)	(54.0, 1.1498909317543422)	(55.0, 1.221564350264776)	(56.0, 3.0819569959486346)	(57.0, 0.4612028669367041)	(58.0, 0.33966967902770706)	(59.0, 0.3926456840136801)	(60.0, 0.981614210034196)	(61.0, 1.324400124649314)	(62.0, 0.22436896229353123)	(63.0, 0.6232471174820329)	(64.0, 0.10906824555935557)	(65.0, 0.08725459644748443)	(66.0, 0.3521346213773478)	(67.0, 0.2648800249298631)	(68.0, 0.031162355874101582)	(69.0, 0.024929884699281264)	(70.0, 0.015581177937050791)	(71.0, 0.04985976939856252)	(72.0, 0.006232471174820316)	(73.0, 0.003116235587410158)	(74.0, 0.003116235587410158)	(75.0, 0.0)	(76.0, 0.0)	(77.0, 0.0)	(78.0, 0.003116235587410158)	(79.0, 0.003116235587410158)	(80.0, 0.0)	(81.0, 0.0)	(82.0, 0.0)	(83.0, 0.0)	(84.0, 0.0)	(85.0, 0.0)	(86.0, 0.0)	(87.0, 0.0)	(88.0, 0.0)	(89.0, 0.0)	(90.0, 0.0)	(91.0, 0.0)	(92.0, 0.0)	(93.0, 0.0)	(94.0, 0.0)	(95.0, 0.0)	(96.0, 0.0)	(97.0, 0.0)	(98.0, 0.0)	(99.0, 0.0)	(100.0, 0.0)
SRR37700643_1	(0.0, 0.0)	(1.0, 0.0)	(2.0, 0.0)	(3.0, 0.0)	(4.0, 0.0)	(5.0, 0.0)	(6.0, 0.0)	(7.0, 0.0)	(8.0, 0.0)	(9.0, 0.0)	(10.0, 0.0)	(11.0, 0.0)	(12.0, 0.0)	(13.0, 0.0)	(14.0, 0.0)	(15.0, 0.0)	(16.0, 0.0)	(17.0, 0.0)	(18.0, 0.0)	(19.0, 0.0)	(20.0, 0.0)	(21.0, 0.0)	(22.0, 0.0)	(23.0, 0.0)	(24.0, 0.0)	(25.0, 0.0)	(26.0, 0.0)	(27.0, 0.0)	(28.0, 0.0)	(29.0, 0.0)	(30.0, 0.0)	(31.0, 0.0)	(32.0, 0.0)	(33.0, 0.0)	(34.0, 0.001064883342029704)	(35.0, 0.0)	(36.0, 0.0)	(37.0, 0.002129766684059408)	(38.0, 0.001064883342029704)	(39.0, 0.0)	(40.0, 0.0)	(41.0, 0.0)	(42.0, 0.002129766684059408)	(43.0, 0.007454183394207928)	(44.0, 0.01277860010435645)	(45.0, 0.02236255018262378)	(46.0, 0.07880136731019804)	(47.0, 0.20658736835376312)	(48.0, 0.9807575580093576)	(49.0, 8.815104305322329)	(50.0, 43.09156931859526)	(51.0, 27.692291309475703)	(52.0, 11.296282492252669)	(53.0, 3.6216682462430927)	(54.0, 1.2586921102790944)	(55.0, 0.9509408244325276)	(56.0, 0.35886568626400867)	(57.0, 0.3279840693451477)	(58.0, 0.23320945190450537)	(59.0, 0.12778600104356452)	(60.0, 0.3141405858987617)	(61.0, 0.29284291905816795)	(62.0, 0.03514115028698024)	(63.0, 0.08199601733628714)	(64.0, 0.061763233837722836)	(65.0, 0.05217928375945553)	(66.0, 0.00532441671014852)	(67.0, 0.004259533368118816)	(68.0, 0.013843483446386154)	(69.0, 0.024492316866683187)	(70.0, 0.021297666840594077)	(71.0, 0.0031946500260891125)	(72.0, 0.0)	(73.0, 0.0)	(74.0, 0.0)	(75.0, 0.0)	(76.0, 0.0)	(77.0, 0.0)	(78.0, 0.0)	(79.0, 0.0)	(80.0, 0.0)	(81.0, 0.0)	(82.0, 0.0)	(83.0, 0.0)	(84.0, 0.0)	(85.0, 0.0)	(86.0, 0.0)	(87.0, 0.0)	(88.0, 0.0)	(89.0, 0.0)	(90.0, 0.0)	(91.0, 0.0)	(92.0, 0.0)	(93.0, 0.0)	(94.0, 0.0)	(95.0, 0.0)	(96.0, 0.0)	(97.0, 0.0)	(98.0, 0.0)	(99.0, 0.0)	(100.0, 0.0)
SRR37700643_2	(0.0, 0.0)	(1.0, 0.0)	(2.0, 0.0)	(3.0, 0.0)	(4.0, 0.0)	(5.0, 0.0)	(6.0, 0.0)	(7.0, 0.0)	(8.0, 0.0)	(9.0, 0.0)	(10.0, 0.0)	(11.0, 0.0)	(12.0, 0.0009636417950718081)	(13.0, 0.0009636417950718081)	(14.0, 0.0)	(15.0, 0.0)	(16.0, 0.0)	(17.0, 0.0)	(18.0, 0.0)	(19.0, 0.0)	(20.0, 0.0)	(21.0, 0.0)	(22.0, 0.0)	(23.0, 0.0)	(24.0, 0.0)	(25.0, 0.0)	(26.0, 0.0009636417950718081)	(27.0, 0.0)	(28.0, 0.0009636417950718081)	(29.0, 0.0009636417950718081)	(30.0, 0.0)	(31.0, 0.0)	(32.0, 0.0)	(33.0, 0.0009636417950718081)	(34.0, 0.0009636417950718081)	(35.0, 0.0019272835901436162)	(36.0, 0.002890925385215424)	(37.0, 0.002890925385215424)	(38.0, 0.0019272835901436162)	(39.0, 0.0019272835901436162)	(40.0, 0.0019272835901436162)	(41.0, 0.0038545671802872323)	(42.0, 0.0067454925655026565)	(43.0, 0.011563701540861697)	(44.0, 0.01445462692607712)	(45.0, 0.01445462692607712)	(46.0, 0.040472955393015965)	(47.0, 0.12141886617904789)	(48.0, 0.842222928892763)	(49.0, 18.85846992955106)	(50.0, 40.521137482791545)	(51.0, 19.857766471039614)	(52.0, 5.747159665807764)	(53.0, 9.579563084809969)	(54.0, 1.3057346323222763)	(55.0, 0.4615844198393965)	(56.0, 1.0378422132923288)	(57.0, 0.28234704595603893)	(58.0, 0.22452853825173122)	(59.0, 0.11274609002340157)	(60.0, 0.1406917020804842)	(61.0, 0.1802010156784286)	(62.0, 0.05492758231909307)	(63.0, 0.2813834041609671)	(64.0, 0.08287319437617541)	(65.0, 0.04143659718808777)	(66.0, 0.04818208975359043)	(67.0, 0.030836537442297862)	(68.0, 0.009636417950718082)	(69.0, 0.005781850770430848)	(70.0, 0.0038545671802872323)	(71.0, 0.0067454925655026565)	(72.0, 0.016381910516220732)	(73.0, 0.0038545671802872323)	(74.0, 0.0038545671802872323)	(75.0, 0.005781850770430848)	(76.0, 0.010600059745789892)	(77.0, 0.00481820897535904)	(78.0, 0.0)	(79.0, 0.0009636417950718081)	(80.0, 0.0009636417950718081)	(81.0, 0.0009636417950718081)	(82.0, 0.0)	(83.0, 0.0)	(84.0, 0.0)	(85.0, 0.0)	(86.0, 0.0)	(87.0, 0.0)	(88.0, 0.0)	(89.0, 0.0)	(90.0, 0.0)	(91.0, 0.0)	(92.0, 0.0)	(93.0, 0.0)	(94.0, 0.0)	(95.0, 0.0)	(96.0, 0.0)	(97.0, 0.0009636417950718081)	(98.0, 0.0)	(99.0, 0.0)	(100.0, 0.0)
SRR37700644_1	(0.0, 0.0)	(1.0, 0.0)	(2.0, 0.0)	(3.0, 0.0)	(4.0, 0.0)	(5.0, 0.0)	(6.0, 0.0)	(7.0, 0.0)	(8.0, 0.0)	(9.0, 0.0)	(10.0, 0.0)	(11.0, 0.0)	(12.0, 0.0)	(13.0, 0.0)	(14.0, 0.0)	(15.0, 0.0)	(16.0, 0.0)	(17.0, 0.0)	(18.0, 0.0)	(19.0, 0.0)	(20.0, 0.0)	(21.0, 0.0)	(22.0, 0.0)	(23.0, 0.0)	(24.0, 0.0)	(25.0, 0.0)	(26.0, 0.0)	(27.0, 0.0)	(28.0, 0.0)	(29.0, 0.0017827854239463045)	(30.0, 0.0017827854239463045)	(31.0, 0.0)	(32.0, 0.0)	(33.0, 0.0)	(34.0, 0.0)	(35.0, 0.0)	(36.0, 0.0)	(37.0, 0.0)	(38.0, 0.0)	(39.0, 0.0)	(40.0, 0.0)	(41.0, 0.0)	(42.0, 0.0017827854239463045)	(43.0, 0.0017827854239463045)	(44.0, 0.007131141695785218)	(45.0, 0.02317621051130196)	(46.0, 0.07131141695785222)	(47.0, 0.1551023318833283)	(48.0, 0.6239748983812035)	(49.0, 5.5266348142337804)	(50.0, 24.565000356557697)	(51.0, 15.224987520502387)	(52.0, 15.845396848035984)	(53.0, 7.280895671396545)	(54.0, 5.5159381016901055)	(55.0, 13.00363688226428)	(56.0, 2.214219496541278)	(57.0, 1.03044997504097)	(58.0, 1.1427654567495904)	(59.0, 0.7380731655137677)	(60.0, 2.3265349782498888)	(61.0, 2.360407901304866)	(62.0, 0.2763317407116777)	(63.0, 0.2068031091777713)	(64.0, 0.8289952221350319)	(65.0, 0.7113313841545723)	(66.0, 0.037438493902872384)	(67.0, 0.030307352207087166)	(68.0, 0.0445696355986576)	(69.0, 0.04813520644655021)	(70.0, 0.12301219425229495)	(71.0, 0.021393425087355655)	(72.0, 0.007131141695785218)	(73.0, 0.0017827854239463045)	(74.0, 0.0)	(75.0, 0.0)	(76.0, 0.0)	(77.0, 0.0)	(78.0, 0.0)	(79.0, 0.0)	(80.0, 0.0)	(81.0, 0.0)	(82.0, 0.0)	(83.0, 0.0)	(84.0, 0.0)	(85.0, 0.0)	(86.0, 0.0)	(87.0, 0.0)	(88.0, 0.0)	(89.0, 0.0)	(90.0, 0.0)	(91.0, 0.0)	(92.0, 0.0)	(93.0, 0.0)	(94.0, 0.0)	(95.0, 0.0)	(96.0, 0.0)	(97.0, 0.0)	(98.0, 0.0)	(99.0, 0.0)	(100.0, 0.0)
SRR37700644_2	(0.0, 0.0)	(1.0, 0.0)	(2.0, 0.0)	(3.0, 0.0)	(4.0, 0.0)	(5.0, 0.0)	(6.0, 0.0)	(7.0, 0.0)	(8.0, 0.0)	(9.0, 0.0)	(10.0, 0.0)	(11.0, 0.0)	(12.0, 0.0)	(13.0, 0.0)	(14.0, 0.0)	(15.0, 0.0)	(16.0, 0.0)	(17.0, 0.0)	(18.0, 0.0)	(19.0, 0.0)	(20.0, 0.0)	(21.0, 0.0)	(22.0, 0.0)	(23.0, 0.0)	(24.0, 0.0)	(25.0, 0.0)	(26.0, 0.0)	(27.0, 0.0)	(28.0, 0.0)	(29.0, 0.0)	(30.0, 0.0)	(31.0, 0.0)	(32.0, 0.0)	(33.0, 0.0)	(34.0, 0.0)	(35.0, 0.0)	(36.0, 0.0)	(37.0, 0.0)	(38.0, 0.0)	(39.0, 0.001603514904671013)	(40.0, 0.003207029809342026)	(41.0, 0.001603514904671013)	(42.0, 0.004810544714013039)	(43.0, 0.003207029809342026)	(44.0, 0.03367381299809126)	(45.0, 0.05131247694947243)	(46.0, 0.036880842807433284)	(47.0, 0.07536520051953766)	(48.0, 0.4169138752144626)	(49.0, 8.630117216938773)	(50.0, 22.292064204737652)	(51.0, 15.180475602522007)	(52.0, 10.4709523275011)	(53.0, 12.137004313455039)	(54.0, 5.562593204303822)	(55.0, 4.4705995542229555)	(56.0, 11.340057405833184)	(57.0, 1.7782980292801362)	(58.0, 0.9460737937559036)	(59.0, 0.2453377804146654)	(60.0, 0.535573978160116)	(61.0, 0.9797476067539957)	(62.0, 0.39767169635841076)	(63.0, 2.214454083350627)	(64.0, 0.367204913169662)	(65.0, 0.2453377804146654)	(66.0, 0.7279957667206395)	(67.0, 0.5836794253002456)	(68.0, 0.02244920866539418)	(69.0, 0.01122460433269709)	(70.0, 0.012828119237368103)	(71.0, 0.009621089428026077)	(72.0, 0.028863268284078227)	(73.0, 0.01603514904671013)	(74.0, 0.01603514904671013)	(75.0, 0.03367381299809126)	(76.0, 0.07376168561486665)	(77.0, 0.036880842807433284)	(78.0, 0.001603514904671013)	(79.0, 0.0)	(80.0, 0.001603514904671013)	(81.0, 0.001603514904671013)	(82.0, 0.0)	(83.0, 0.0)	(84.0, 0.0)	(85.0, 0.0)	(86.0, 0.0)	(87.0, 0.0)	(88.0, 0.0)	(89.0, 0.0)	(90.0, 0.0)	(91.0, 0.0)	(92.0, 0.0)	(93.0, 0.0)	(94.0, 0.0)	(95.0, 0.0)	(96.0, 0.0)	(97.0, 0.0)	(98.0, 0.0)	(99.0, 0.0)	(100.0, 0.0)
SRR37700645_1	(0.0, 0.0)	(1.0, 0.0)	(2.0, 0.0)	(3.0, 0.0)	(4.0, 0.0)	(5.0, 0.0)	(6.0, 0.0)	(7.0, 0.0)	(8.0, 0.0)	(9.0, 0.0)	(10.0, 0.0)	(11.0, 0.0)	(12.0, 0.0)	(13.0, 0.0)	(14.0, 0.0)	(15.0, 0.0)	(16.0, 0.0)	(17.0, 0.0)	(18.0, 0.0)	(19.0, 0.0)	(20.0, 0.0)	(21.0, 0.0)	(22.0, 0.0)	(23.0, 0.0)	(24.0, 0.0)	(25.0, 0.0)	(26.0, 0.0)	(27.0, 0.0)	(28.0, 0.0)	(29.0, 0.0)	(30.0, 0.0)	(31.0, 0.0)	(32.0, 0.0)	(33.0, 0.0)	(34.0, 0.0)	(35.0, 0.0015837569883277878)	(36.0, 0.0015837569883277878)	(37.0, 0.0)	(38.0, 0.0)	(39.0, 0.0015837569883277878)	(40.0, 0.0031675139766555757)	(41.0, 0.004751270964983363)	(42.0, 0.004751270964983363)	(43.0, 0.009502541929966727)	(44.0, 0.012670055906622303)	(45.0, 0.03167513976655575)	(46.0, 0.07602033543973387)	(47.0, 0.20588840848261258)	(48.0, 1.0801222660395613)	(49.0, 8.957729525981259)	(50.0, 31.14616493244719)	(51.0, 19.3946880790656)	(52.0, 11.946278962956626)	(53.0, 7.5339319934749005)	(54.0, 2.4389857620247386)	(55.0, 6.5646727166185155)	(56.0, 0.9945993886698583)	(57.0, 0.4181118449185352)	(58.0, 2.822254953200107)	(59.0, 2.1554932611140796)	(60.0, 1.8434931344135232)	(61.0, 1.7959804247636924)	(62.0, 0.11403050315960064)	(63.0, 0.11086298918294508)	(64.0, 0.163126969797762)	(65.0, 0.12511680207789513)	(66.0, 0.01742132687160567)	(67.0, 0.007918784941638939)	(68.0, 0.0015837569883277878)	(69.0, 0.007918784941638939)	(70.0, 0.0031675139766555757)	(71.0, 0.0)	(72.0, 0.0)	(73.0, 0.0015837569883277878)	(74.0, 0.0015837569883277878)	(75.0, 0.0)	(76.0, 0.0)	(77.0, 0.0)	(78.0, 0.0)	(79.0, 0.0)	(80.0, 0.0)	(81.0, 0.0)	(82.0, 0.0)	(83.0, 0.0)	(84.0, 0.0)	(85.0, 0.0)	(86.0, 0.0)	(87.0, 0.0)	(88.0, 0.0)	(89.0, 0.0)	(90.0, 0.0)	(91.0, 0.0)	(92.0, 0.0)	(93.0, 0.0)	(94.0, 0.0)	(95.0, 0.0)	(96.0, 0.0)	(97.0, 0.0)	(98.0, 0.0)	(99.0, 0.0)	(100.0, 0.0)
SRR37700645_2	(0.0, 0.0)	(1.0, 0.0)	(2.0, 0.0)	(3.0, 0.0)	(4.0, 0.0)	(5.0, 0.0)	(6.0, 0.0)	(7.0, 0.0)	(8.0, 0.0)	(9.0, 0.0)	(10.0, 0.0)	(11.0, 0.0)	(12.0, 0.0)	(13.0, 0.0)	(14.0, 0.0)	(15.0, 0.0)	(16.0, 0.0)	(17.0, 0.0)	(18.0, 0.0)	(19.0, 0.0)	(20.0, 0.0)	(21.0, 0.0)	(22.0, 0.0)	(23.0, 0.0)	(24.0, 0.0)	(25.0, 0.0)	(26.0, 0.0)	(27.0, 0.0)	(28.0, 0.0)	(29.0, 0.0)	(30.0, 0.0)	(31.0, 0.0)	(32.0, 0.0)	(33.0, 0.0)	(34.0, 0.0)	(35.0, 0.0027859033291546607)	(36.0, 0.0013929516645773304)	(37.0, 0.0027859033291546607)	(38.0, 0.004178854993731991)	(39.0, 0.0)	(40.0, 0.004178854993731991)	(41.0, 0.0055718066583093214)	(42.0, 0.004178854993731991)	(43.0, 0.0027859033291546607)	(44.0, 0.016715419974927963)	(45.0, 0.016715419974927963)	(46.0, 0.016715419974927963)	(47.0, 0.06686167989971191)	(48.0, 0.5571806658309297)	(49.0, 7.7865998049866745)	(50.0, 26.28778381389815)	(51.0, 22.450201977991096)	(52.0, 10.128151553141704)	(53.0, 12.961415238893284)	(54.0, 5.222175790500391)	(55.0, 1.8442680039003536)	(56.0, 5.321075358685359)	(57.0, 0.6588661373450777)	(58.0, 0.18665552305336244)	(59.0, 0.20476389469286788)	(60.0, 1.0112829084831525)	(61.0, 2.4098063797187637)	(62.0, 0.5502159075080428)	(63.0, 1.6548265775178472)	(64.0, 0.24237358963645605)	(65.0, 0.08636300320379446)	(66.0, 0.14208106978688756)	(67.0, 0.11282908483076365)	(68.0, 0.012536564981195975)	(69.0, 0.008357709987463982)	(70.0, 0.0)	(71.0, 0.0013929516645773304)	(72.0, 0.0027859033291546607)	(73.0, 0.0)	(74.0, 0.0013929516645773304)	(75.0, 0.0013929516645773304)	(76.0, 0.0027859033291546607)	(77.0, 0.0013929516645773304)	(78.0, 0.0)	(79.0, 0.0)	(80.0, 0.0)	(81.0, 0.0)	(82.0, 0.0)	(83.0, 0.0)	(84.0, 0.0)	(85.0, 0.0013929516645773304)	(86.0, 0.0013929516645773304)	(87.0, 0.0)	(88.0, 0.0013929516645773304)	(89.0, 0.0)	(90.0, 0.0)	(91.0, 0.0)	(92.0, 0.0)	(93.0, 0.0)	(94.0, 0.0)	(95.0, 0.0)	(96.0, 0.0)	(97.0, 0.0)	(98.0, 0.0)	(99.0, 0.0)	(100.0, 0.0)
SRR37700646_1	(0.0, 0.0)	(1.0, 0.0)	(2.0, 0.0)	(3.0, 0.0)	(4.0, 0.0)	(5.0, 0.0)	(6.0, 0.0)	(7.0, 0.0)	(8.0, 0.0)	(9.0, 0.0)	(10.0, 0.0)	(11.0, 0.0)	(12.0, 0.0)	(13.0, 0.0)	(14.0, 0.0)	(15.0, 0.0015876796062554237)	(16.0, 0.0015876796062554237)	(17.0, 0.0)	(18.0, 0.0015876796062554237)	(19.0, 0.0)	(20.0, 0.0015876796062554237)	(21.0, 0.0)	(22.0, 0.0)	(23.0, 0.0)	(24.0, 0.0)	(25.0, 0.0)	(26.0, 0.0)	(27.0, 0.0)	(28.0, 0.0)	(29.0, 0.0)	(30.0, 0.0)	(31.0, 0.0)	(32.0, 0.0)	(33.0, 0.0015876796062554237)	(34.0, 0.004763038818766272)	(35.0, 0.007938398031277117)	(36.0, 0.02222751448757593)	(37.0, 0.3302373581011286)	(38.0, 0.2953084067635096)	(39.0, 0.007938398031277117)	(40.0, 0.011113757243787966)	(41.0, 0.004763038818766272)	(42.0, 0.020639834881320505)	(43.0, 0.02222751448757593)	(44.0, 0.04286734936889643)	(45.0, 0.5223465904580321)	(46.0, 0.8748114630467426)	(47.0, 1.717869333968354)	(48.0, 0.8382948321028667)	(49.0, 3.7834405017067723)	(50.0, 10.307216003809575)	(51.0, 22.630785107565522)	(52.0, 18.182106850840057)	(53.0, 11.826625386996707)	(54.0, 7.176311820274214)	(55.0, 10.397713741366175)	(56.0, 6.160196872270974)	(57.0, 2.4180360403269563)	(58.0, 0.6763515122648089)	(59.0, 0.15241724220052047)	(60.0, 0.052393427006428996)	(61.0, 0.17146939747558568)	(62.0, 0.1778201159006074)	(63.0, 0.09843613558783623)	(64.0, 0.17464475668809654)	(65.0, 0.15082956259426505)	(66.0, 0.10002381519409168)	(67.0, 0.09208541716281457)	(68.0, 0.17623243629435195)	(69.0, 0.31594824164483)	(70.0, 0.033341271731363885)	(71.0, 0.009526077637532541)	(72.0, 0.004763038818766272)	(73.0, 0.0)	(74.0, 0.0)	(75.0, 0.0)	(76.0, 0.0)	(77.0, 0.0)	(78.0, 0.0)	(79.0, 0.0)	(80.0, 0.0)	(81.0, 0.0)	(82.0, 0.0)	(83.0, 0.0)	(84.0, 0.0)	(85.0, 0.0)	(86.0, 0.0)	(87.0, 0.0)	(88.0, 0.0)	(89.0, 0.0)	(90.0, 0.0)	(91.0, 0.0)	(92.0, 0.0)	(93.0, 0.0)	(94.0, 0.0)	(95.0, 0.0)	(96.0, 0.0)	(97.0, 0.0)	(98.0, 0.0)	(99.0, 0.0)	(100.0, 0.0)
SRR37700646_2	(0.0, 0.0)	(1.0, 0.0)	(2.0, 0.0)	(3.0, 0.0)	(4.0, 0.0)	(5.0, 0.0)	(6.0, 0.0)	(7.0, 0.0)	(8.0, 0.0)	(9.0, 0.0)	(10.0, 0.0)	(11.0, 0.0)	(12.0, 0.0)	(13.0, 0.0)	(14.0, 0.0)	(15.0, 0.0)	(16.0, 0.0)	(17.0, 0.0)	(18.0, 0.0)	(19.0, 0.0)	(20.0, 0.0)	(21.0, 0.0)	(22.0, 0.0)	(23.0, 0.0)	(24.0, 0.0)	(25.0, 0.0)	(26.0, 0.0)	(27.0, 0.0)	(28.0, 0.0)	(29.0, 0.0)	(30.0, 0.0)	(31.0, 0.0014208581983517904)	(32.0, 0.0056834327934071616)	(33.0, 0.015629440181869698)	(34.0, 0.026996305768684014)	(35.0, 0.04404660414890551)	(36.0, 0.05825518613242344)	(37.0, 0.24296675191815675)	(38.0, 0.48167092924125476)	(39.0, 0.11082693947143955)	(40.0, 0.04830917874396089)	(41.0, 0.03410059676044296)	(42.0, 0.025575447570332224)	(43.0, 0.04120488775220192)	(44.0, 0.3523728331912437)	(45.0, 0.27564649048024803)	(46.0, 0.25717533390167474)	(47.0, 0.42625745950553573)	(48.0, 1.652458084683113)	(49.0, 3.076157999431678)	(50.0, 4.067917021881342)	(51.0, 6.456379653310258)	(52.0, 15.814151747657856)	(53.0, 24.390451832903707)	(54.0, 13.951406649617812)	(55.0, 7.340153452684872)	(56.0, 11.649616368286864)	(57.0, 4.180164819551145)	(58.0, 2.3543620346688865)	(59.0, 0.6678033532253419)	(60.0, 0.44757033248081235)	(61.0, 0.22591645353793513)	(62.0, 0.10088093208297706)	(63.0, 0.1491901108269379)	(64.0, 0.045467462347257306)	(65.0, 0.10798522307473599)	(66.0, 0.25859619210002655)	(67.0, 0.11793123046319849)	(68.0, 0.03125888036373938)	(69.0, 0.04404660414890551)	(70.0, 0.01847115657857328)	(71.0, 0.0667803353225342)	(72.0, 0.24722932651321217)	(73.0, 0.05825518613242344)	(74.0, 0.012787723785166115)	(75.0, 0.0056834327934071616)	(76.0, 0.008525149190110742)	(77.0, 0.0014208581983517904)	(78.0, 0.0)	(79.0, 0.0)	(80.0, 0.0)	(81.0, 0.0)	(82.0, 0.0)	(83.0, 0.0)	(84.0, 0.0)	(85.0, 0.0014208581983517904)	(86.0, 0.0014208581983517904)	(87.0, 0.0)	(88.0, 0.0)	(89.0, 0.0)	(90.0, 0.0)	(91.0, 0.0)	(92.0, 0.0)	(93.0, 0.0)	(94.0, 0.0)	(95.0, 0.0)	(96.0, 0.0)	(97.0, 0.0)	(98.0, 0.0)	(99.0, 0.0)	(100.0, 0.0)
SRR37700647_1	(0.0, 0.0)	(1.0, 0.0)	(2.0, 0.0)	(3.0, 0.0)	(4.0, 0.0)	(5.0, 0.0)	(6.0, 0.0)	(7.0, 0.0)	(8.0, 0.0)	(9.0, 0.0)	(10.0, 0.0)	(11.0, 0.0)	(12.0, 0.0)	(13.0, 0.0)	(14.0, 0.0)	(15.0, 0.0)	(16.0, 0.0)	(17.0, 0.0)	(18.0, 0.0)	(19.0, 0.0)	(20.0, 0.0)	(21.0, 0.0)	(22.0, 0.0)	(23.0, 0.0)	(24.0, 0.0)	(25.0, 0.0)	(26.0, 0.0)	(27.0, 0.0)	(28.0, 0.0)	(29.0, 0.0)	(30.0, 0.0)	(31.0, 0.0)	(32.0, 0.0)	(33.0, 0.0)	(34.0, 0.0)	(35.0, 0.0)	(36.0, 0.0)	(37.0, 0.0)	(38.0, 0.0)	(39.0, 0.0)	(40.0, 0.0)	(41.0, 0.0)	(42.0, 0.004069948854310181)	(43.0, 0.031202941216378045)	(44.0, 0.23198708469568086)	(45.0, 0.11395856792068494)	(46.0, 0.26861662438447254)	(47.0, 0.8438360624603171)	(48.0, 5.282793612894551)	(49.0, 35.61205247520608)	(50.0, 31.646565641487275)	(51.0, 6.138839521917597)	(52.0, 9.123468681744923)	(53.0, 2.348360488936957)	(54.0, 1.4475451425163097)	(55.0, 2.962922765937864)	(56.0, 0.5874292846387683)	(57.0, 0.07868567784999683)	(58.0, 0.23198708469568086)	(59.0, 0.22927378545947405)	(60.0, 1.050046804412038)	(61.0, 1.1165226356991007)	(62.0, 0.08546892594051378)	(63.0, 0.10581867021206462)	(64.0, 0.14651815875516644)	(65.0, 0.14109156028275283)	(66.0, 0.012209846562930544)	(67.0, 0.006783248090516968)	(68.0, 0.00813989770862036)	(69.0, 0.024419693125861078)	(70.0, 0.08953887479482393)	(71.0, 0.014923145799137331)	(72.0, 0.005426598472413575)	(73.0, 0.005426598472413575)	(74.0, 0.004069948854310181)	(75.0, 0.0)	(76.0, 0.0)	(77.0, 0.0)	(78.0, 0.0)	(79.0, 0.0)	(80.0, 0.0)	(81.0, 0.0)	(82.0, 0.0)	(83.0, 0.0)	(84.0, 0.0)	(85.0, 0.0)	(86.0, 0.0)	(87.0, 0.0)	(88.0, 0.0)	(89.0, 0.0)	(90.0, 0.0)	(91.0, 0.0)	(92.0, 0.0)	(93.0, 0.0)	(94.0, 0.0)	(95.0, 0.0)	(96.0, 0.0)	(97.0, 0.0)	(98.0, 0.0)	(99.0, 0.0)	(100.0, 0.0)
SRR37700647_2	(0.0, 0.0)	(1.0, 0.0)	(2.0, 0.0)	(3.0, 0.0)	(4.0, 0.0)	(5.0, 0.0)	(6.0, 0.0)	(7.0, 0.0)	(8.0, 0.0)	(9.0, 0.0)	(10.0, 0.0)	(11.0, 0.0)	(12.0, 0.0)	(13.0, 0.0)	(14.0, 0.0)	(15.0, 0.0)	(16.0, 0.0)	(17.0, 0.0)	(18.0, 0.0)	(19.0, 0.0)	(20.0, 0.0)	(21.0, 0.0)	(22.0, 0.0)	(23.0, 0.0)	(24.0, 0.0)	(25.0, 0.0)	(26.0, 0.0)	(27.0, 0.0)	(28.0, 0.0)	(29.0, 0.0)	(30.0, 0.0)	(31.0, 0.0)	(32.0, 0.0)	(33.0, 0.0)	(34.0, 0.0)	(35.0, 0.0)	(36.0, 0.0022694777931598583)	(37.0, 0.004538955586319717)	(38.0, 0.003404216689739788)	(39.0, 0.004538955586319717)	(40.0, 0.006808433379479575)	(41.0, 0.004538955586319717)	(42.0, 0.006808433379479575)	(43.0, 0.018155822345278863)	(44.0, 0.1770192678664693)	(45.0, 0.1860971790391088)	(46.0, 0.05106325034609684)	(47.0, 0.1497855343485508)	(48.0, 2.744933390826923)	(49.0, 34.79676826362596)	(50.0, 22.649388375730005)	(51.0, 16.249460999025025)	(52.0, 8.690965208905826)	(53.0, 6.954814697137756)	(54.0, 0.9066563783673715)	(55.0, 1.08481038513041)	(56.0, 2.666636406962899)	(57.0, 0.4731861198738291)	(58.0, 0.11574336745115267)	(59.0, 0.013616866758959153)	(60.0, 0.05333272813925671)	(61.0, 0.21560039035018716)	(62.0, 0.22354356262624658)	(63.0, 0.9463722397476667)	(64.0, 0.18269296234936896)	(65.0, 0.039715861380297535)	(66.0, 0.11233915076141285)	(67.0, 0.09758754510587381)	(68.0, 0.004538955586319717)	(69.0, 0.004538955586319717)	(70.0, 0.010212650069219365)	(71.0, 0.009077911172639433)	(72.0, 0.010212650069219365)	(73.0, 0.004538955586319717)	(74.0, 0.010212650069219365)	(75.0, 0.03631164469055774)	(76.0, 0.05106325034609684)	(77.0, 0.020425300138438723)	(78.0, 0.0022694777931598583)	(79.0, 0.0)	(80.0, 0.0)	(81.0, 0.0)	(82.0, 0.0)	(83.0, 0.0)	(84.0, 0.0)	(85.0, 0.0)	(86.0, 0.0)	(87.0, 0.0)	(88.0, 0.0)	(89.0, 0.0)	(90.0, 0.0)	(91.0, 0.0)	(92.0, 0.0)	(93.0, 0.0)	(94.0, 0.0)	(95.0, 0.0011347388965799292)	(96.0, 0.0011347388965799292)	(97.0, 0.0)	(98.0, 0.0)	(99.0, 0.0011347388965799292)	(100.0, 0.0)
SRR37700649_1	(0.0, 0.0)	(1.0, 0.0)	(2.0, 0.0)	(3.0, 0.0)	(4.0, 0.0)	(5.0, 0.0)	(6.0, 0.0)	(7.0, 0.0)	(8.0, 0.0)	(9.0, 0.0)	(10.0, 0.0)	(11.0, 0.0)	(12.0, 0.0)	(13.0, 0.0)	(14.0, 0.0)	(15.0, 0.0)	(16.0, 0.0)	(17.0, 0.0)	(18.0, 0.0)	(19.0, 0.0)	(20.0, 0.0)	(21.0, 0.0)	(22.0, 0.0)	(23.0, 0.0)	(24.0, 0.0)	(25.0, 0.0015441392195921946)	(26.0, 0.0015441392195921946)	(27.0, 0.0)	(28.0, 0.0)	(29.0, 0.0)	(30.0, 0.0)	(31.0, 0.0)	(32.0, 0.0)	(33.0, 0.0)	(34.0, 0.0)	(35.0, 0.0)	(36.0, 0.0)	(37.0, 0.004632417658776584)	(38.0, 0.0015441392195921946)	(39.0, 0.0)	(40.0, 0.0015441392195921946)	(41.0, 0.0015441392195921946)	(42.0, 0.0)	(43.0, 0.0015441392195921946)	(44.0, 0.01080897453714536)	(45.0, 0.04632417658776584)	(46.0, 0.09419249239512384)	(47.0, 0.16831117493554912)	(48.0, 0.9867049613194201)	(49.0, 10.546470869814307)	(50.0, 34.757029693789804)	(51.0, 11.222803847995996)	(52.0, 15.279257577866534)	(53.0, 9.48719136517358)	(54.0, 1.3372245641668452)	(55.0, 1.3140624758729635)	(56.0, 0.5682432328099245)	(57.0, 0.2161794907429075)	(58.0, 1.5364185234942271)	(59.0, 1.8745850125848986)	(60.0, 4.799184694492743)	(61.0, 4.535136887942467)	(62.0, 0.2841216164049645)	(63.0, 0.5234631954417516)	(64.0, 0.17139945337473353)	(65.0, 0.0988249100539004)	(66.0, 0.015441392195921947)	(67.0, 0.009264835317553167)	(68.0, 0.01389725297632975)	(69.0, 0.030882784391843877)	(70.0, 0.054044872685726816)	(71.0, 0.0015441392195921946)	(72.0, 0.0015441392195921946)	(73.0, 0.0)	(74.0, 0.0015441392195921946)	(75.0, 0.0)	(76.0, 0.0)	(77.0, 0.0)	(78.0, 0.0)	(79.0, 0.0)	(80.0, 0.0)	(81.0, 0.0)	(82.0, 0.0)	(83.0, 0.0)	(84.0, 0.0)	(85.0, 0.0)	(86.0, 0.0)	(87.0, 0.0)	(88.0, 0.0)	(89.0, 0.0)	(90.0, 0.0)	(91.0, 0.0)	(92.0, 0.0)	(93.0, 0.0)	(94.0, 0.0)	(95.0, 0.0)	(96.0, 0.0)	(97.0, 0.0)	(98.0, 0.0)	(99.0, 0.0)	(100.0, 0.0)
SRR37700649_2	(0.0, 0.0)	(1.0, 0.0)	(2.0, 0.0)	(3.0, 0.0)	(4.0, 0.0)	(5.0, 0.0)	(6.0, 0.0)	(7.0, 0.0)	(8.0, 0.0)	(9.0, 0.0)	(10.0, 0.0)	(11.0, 0.0)	(12.0, 0.0)	(13.0, 0.0)	(14.0, 0.0)	(15.0, 0.0)	(16.0, 0.0)	(17.0, 0.0)	(18.0, 0.0)	(19.0, 0.0)	(20.0, 0.0)	(21.0, 0.0)	(22.0, 0.0)	(23.0, 0.0)	(24.0, 0.0)	(25.0, 0.0)	(26.0, 0.0)	(27.0, 0.0)	(28.0, 0.0)	(29.0, 0.0)	(30.0, 0.0)	(31.0, 0.0)	(32.0, 0.0)	(33.0, 0.0)	(34.0, 0.0)	(35.0, 0.002530364372469746)	(36.0, 0.003795546558704619)	(37.0, 0.007591093117409237)	(38.0, 0.005060728744939492)	(39.0, 0.005060728744939492)	(40.0, 0.005060728744939492)	(41.0, 0.002530364372469746)	(42.0, 0.001265182186234873)	(43.0, 0.003795546558704619)	(44.0, 0.025303643724697452)	(45.0, 0.04681174089069032)	(46.0, 0.025303643724697452)	(47.0, 0.059463562753039066)	(48.0, 0.5440283400809942)	(49.0, 3.2793522267208983)	(50.0, 20.484564777327165)	(51.0, 26.528340080965656)	(52.0, 16.705465587047037)	(53.0, 15.621204453444737)	(54.0, 6.272773279352134)	(55.0, 0.8388157894737279)	(56.0, 0.8932186234818291)	(57.0, 0.2985829959514299)	(58.0, 0.16573886639676846)	(59.0, 0.1353744939271313)	(60.0, 0.393471659919044)	(61.0, 1.5447874493927582)	(62.0, 1.1032388663968127)	(63.0, 3.8461538461541855)	(64.0, 0.7641700404858683)	(65.0, 0.14549595141701036)	(66.0, 0.08603238866397131)	(67.0, 0.04934210526316007)	(68.0, 0.006325910931174364)	(69.0, 0.002530364372469746)	(70.0, 0.005060728744939492)	(71.0, 0.006325910931174364)	(72.0, 0.006325910931174364)	(73.0, 0.003795546558704619)	(74.0, 0.003795546558704619)	(75.0, 0.020242914979757963)	(76.0, 0.03415991902834156)	(77.0, 0.012651821862348731)	(78.0, 0.001265182186234873)	(79.0, 0.0)	(80.0, 0.001265182186234873)	(81.0, 0.0)	(82.0, 0.0)	(83.0, 0.0)	(84.0, 0.0)	(85.0, 0.0)	(86.0, 0.0)	(87.0, 0.0)	(88.0, 0.0)	(89.0, 0.0)	(90.0, 0.0)	(91.0, 0.0)	(92.0, 0.0)	(93.0, 0.001265182186234873)	(94.0, 0.001265182186234873)	(95.0, 0.0)	(96.0, 0.0)	(97.0, 0.0)	(98.0, 0.0)	(99.0, 0.0)	(100.0, 0.0)
SRR37700650_1	(0.0, 0.0)	(1.0, 0.0)	(2.0, 0.0)	(3.0, 0.0)	(4.0, 0.0)	(5.0, 0.0)	(6.0, 0.0)	(7.0, 0.0)	(8.0, 0.0)	(9.0, 0.0)	(10.0, 0.0)	(11.0, 0.0)	(12.0, 0.0)	(13.0, 0.0)	(14.0, 0.0)	(15.0, 0.0)	(16.0, 0.0)	(17.0, 0.0)	(18.0, 0.0)	(19.0, 0.0)	(20.0, 0.0)	(21.0, 0.0)	(22.0, 0.0)	(23.0, 0.0)	(24.0, 0.0)	(25.0, 0.0)	(26.0, 0.0)	(27.0, 0.0)	(28.0, 0.0)	(29.0, 0.0)	(30.0, 0.0)	(31.0, 0.0)	(32.0, 0.0)	(33.0, 0.0)	(34.0, 0.0)	(35.0, 0.0)	(36.0, 0.0)	(37.0, 0.0014167316001984594)	(38.0, 0.0014167316001984594)	(39.0, 0.0)	(40.0, 0.0)	(41.0, 0.0)	(42.0, 0.0)	(43.0, 0.0056669264007938374)	(44.0, 0.007083658000992295)	(45.0, 0.01700077920238151)	(46.0, 0.04108521640575531)	(47.0, 0.1204221860168689)	(48.0, 0.8245377913155081)	(49.0, 9.200255011688228)	(50.0, 34.08797903236312)	(51.0, 16.778352341153234)	(52.0, 15.418290004962094)	(53.0, 8.602394276404276)	(54.0, 1.8006658638522137)	(55.0, 3.448324714883145)	(56.0, 0.7367004321032011)	(57.0, 0.37543387405259093)	(58.0, 2.469363179145898)	(59.0, 2.2681872919176937)	(60.0, 1.6986611886379301)	(61.0, 1.5909895870228534)	(62.0, 0.1360062336190519)	(63.0, 0.13175603881845654)	(64.0, 0.09775448041369361)	(65.0, 0.05525253240773993)	(66.0, 0.021250974002976885)	(67.0, 0.01700077920238151)	(68.0, 0.01841751080257997)	(69.0, 0.012750584401786133)	(70.0, 0.011333852801587675)	(71.0, 0.0028334632003969187)	(72.0, 0.0014167316001984594)	(73.0, 0.0)	(74.0, 0.0)	(75.0, 0.0)	(76.0, 0.0)	(77.0, 0.0)	(78.0, 0.0)	(79.0, 0.0)	(80.0, 0.0)	(81.0, 0.0)	(82.0, 0.0)	(83.0, 0.0)	(84.0, 0.0)	(85.0, 0.0)	(86.0, 0.0)	(87.0, 0.0)	(88.0, 0.0)	(89.0, 0.0)	(90.0, 0.0)	(91.0, 0.0)	(92.0, 0.0)	(93.0, 0.0)	(94.0, 0.0)	(95.0, 0.0)	(96.0, 0.0)	(97.0, 0.0)	(98.0, 0.0)	(99.0, 0.0)	(100.0, 0.0)
SRR37700650_2	(0.0, 0.0)	(1.0, 0.0)	(2.0, 0.0)	(3.0, 0.0)	(4.0, 0.0)	(5.0, 0.0)	(6.0, 0.0)	(7.0, 0.0)	(8.0, 0.0)	(9.0, 0.0)	(10.0, 0.0)	(11.0, 0.0)	(12.0, 0.0)	(13.0, 0.0)	(14.0, 0.0)	(15.0, 0.0)	(16.0, 0.0)	(17.0, 0.0)	(18.0, 0.0)	(19.0, 0.0)	(20.0, 0.0)	(21.0, 0.0)	(22.0, 0.0)	(23.0, 0.0)	(24.0, 0.0)	(25.0, 0.0)	(26.0, 0.0)	(27.0, 0.0)	(28.0, 0.0)	(29.0, 0.0)	(30.0, 0.0)	(31.0, 0.0)	(32.0, 0.0)	(33.0, 0.0012572764876724466)	(34.0, 0.002514552975344893)	(35.0, 0.0012572764876724466)	(36.0, 0.0)	(37.0, 0.0)	(38.0, 0.0012572764876724466)	(39.0, 0.006286382438362232)	(40.0, 0.007543658926034679)	(41.0, 0.0012572764876724466)	(42.0, 0.005029105950689786)	(43.0, 0.007543658926034679)	(44.0, 0.011315488389052018)	(45.0, 0.016344594339741805)	(46.0, 0.0326891886794836)	(47.0, 0.11441216037819248)	(48.0, 0.8675207764939963)	(49.0, 16.435118246856135)	(50.0, 28.961363893525327)	(51.0, 15.616631253382115)	(52.0, 8.46649986798589)	(53.0, 13.793580346256467)	(54.0, 5.3258232017803255)	(55.0, 1.0586268026202055)	(56.0, 2.6365087946491563)	(57.0, 0.46267774746345786)	(58.0, 0.2464261915838001)	(59.0, 0.26151350943586926)	(60.0, 0.8096860580610621)	(61.0, 2.1914329180130596)	(62.0, 0.5858908432553602)	(63.0, 1.5301054854973464)	(64.0, 0.24139708563311038)	(65.0, 0.10938305442750272)	(66.0, 0.07669386574801923)	(67.0, 0.050291059506897884)	(68.0, 0.01760187082741425)	(69.0, 0.010058211901379573)	(70.0, 0.0037718294630173393)	(71.0, 0.010058211901379573)	(72.0, 0.006286382438362232)	(73.0, 0.006286382438362232)	(74.0, 0.0012572764876724466)	(75.0, 0.0037718294630173393)	(76.0, 0.0037718294630173393)	(77.0, 0.0012572764876724466)	(78.0, 0.0)	(79.0, 0.0)	(80.0, 0.0)	(81.0, 0.0)	(82.0, 0.0)	(83.0, 0.0)	(84.0, 0.0)	(85.0, 0.0)	(86.0, 0.0)	(87.0, 0.0)	(88.0, 0.0)	(89.0, 0.0)	(90.0, 0.0)	(91.0, 0.0)	(92.0, 0.0)	(93.0, 0.0)	(94.0, 0.0)	(95.0, 0.0)	(96.0, 0.0)	(97.0, 0.0)	(98.0, 0.0)	(99.0, 0.0)	(100.0, 0.0)
SRR37700651_1	(0.0, 0.0)	(1.0, 0.0)	(2.0, 0.0)	(3.0, 0.0)	(4.0, 0.0)	(5.0, 0.0)	(6.0, 0.0)	(7.0, 0.0)	(8.0, 0.0)	(9.0, 0.0)	(10.0, 0.0)	(11.0, 0.0)	(12.0, 0.0)	(13.0, 0.0)	(14.0, 0.0)	(15.0, 0.0)	(16.0, 0.0)	(17.0, 0.0)	(18.0, 0.0)	(19.0, 0.0)	(20.0, 0.0)	(21.0, 0.0)	(22.0, 0.0)	(23.0, 0.0)	(24.0, 0.0)	(25.0, 0.0)	(26.0, 0.0)	(27.0, 0.0)	(28.0, 0.0)	(29.0, 0.0)	(30.0, 0.0)	(31.0, 0.0)	(32.0, 0.0)	(33.0, 0.0)	(34.0, 0.0)	(35.0, 0.0)	(36.0, 0.0012371950314248048)	(37.0, 0.0024743900628496096)	(38.0, 0.0)	(39.0, 0.0)	(40.0, 0.0012371950314248048)	(41.0, 0.0024743900628496096)	(42.0, 0.004948780125699219)	(43.0, 0.02103231553422168)	(44.0, 0.032167070817044924)	(45.0, 0.1162963329539315)	(46.0, 0.8412926213688751)	(47.0, 1.3312218538130793)	(48.0, 2.0958083832335985)	(49.0, 5.71955263027661)	(50.0, 10.272430345920679)	(51.0, 7.398426287919688)	(52.0, 21.032315534219148)	(53.0, 8.326322561488574)	(54.0, 5.937298955807326)	(55.0, 5.383035581729139)	(56.0, 3.3243430494385695)	(57.0, 3.064532092839331)	(58.0, 2.405107141089835)	(59.0, 1.788984015440231)	(60.0, 8.745731677141775)	(61.0, 8.404265848468373)	(62.0, 0.5208591082298415)	(63.0, 0.8202603058346528)	(64.0, 1.1431682090365196)	(65.0, 0.8425298164003)	(66.0, 0.1113475528282323)	(67.0, 0.0890780422625859)	(68.0, 0.07175731182263868)	(69.0, 0.06309694660266509)	(70.0, 0.06804572672836429)	(71.0, 0.011134755282823245)	(72.0, 0.004948780125699219)	(73.0, 0.0012371950314248048)	(74.0, 0.0)	(75.0, 0.0)	(76.0, 0.0)	(77.0, 0.0)	(78.0, 0.0)	(79.0, 0.0)	(80.0, 0.0)	(81.0, 0.0)	(82.0, 0.0)	(83.0, 0.0)	(84.0, 0.0)	(85.0, 0.0)	(86.0, 0.0)	(87.0, 0.0)	(88.0, 0.0)	(89.0, 0.0)	(90.0, 0.0)	(91.0, 0.0)	(92.0, 0.0)	(93.0, 0.0)	(94.0, 0.0)	(95.0, 0.0)	(96.0, 0.0)	(97.0, 0.0)	(98.0, 0.0)	(99.0, 0.0)	(100.0, 0.0)
SRR37700651_2	(0.0, 0.0)	(1.0, 0.0)	(2.0, 0.0)	(3.0, 0.0)	(4.0, 0.0)	(5.0, 0.0)	(6.0, 0.0)	(7.0, 0.0)	(8.0, 0.0)	(9.0, 0.0)	(10.0, 0.0)	(11.0, 0.0)	(12.0, 0.0)	(13.0, 0.0)	(14.0, 0.0)	(15.0, 0.0)	(16.0, 0.0)	(17.0, 0.0)	(18.0, 0.0)	(19.0, 0.0)	(20.0, 0.0)	(21.0, 0.0)	(22.0, 0.0)	(23.0, 0.0)	(24.0, 0.0)	(25.0, 0.0)	(26.0, 0.0)	(27.0, 0.0)	(28.0, 0.0)	(29.0, 0.0)	(30.0, 0.0)	(31.0, 0.0)	(32.0, 0.0011265447745220788)	(33.0, 0.0011265447745220788)	(34.0, 0.0011265447745220788)	(35.0, 0.0011265447745220788)	(36.0, 0.0022530895490441576)	(37.0, 0.0022530895490441576)	(38.0, 0.004506179098088315)	(39.0, 0.0033796343235662366)	(40.0, 0.0022530895490441576)	(41.0, 0.0033796343235662366)	(42.0, 0.01013890297069871)	(43.0, 0.01126544774522079)	(44.0, 0.49342661124066983)	(45.0, 0.5621458424865186)	(46.0, 0.08449085808915585)	(47.0, 0.141944641589782)	(48.0, 0.48779388736805923)	(49.0, 3.238816226751109)	(50.0, 9.787421001048495)	(51.0, 10.122004799081704)	(52.0, 17.444545833473633)	(53.0, 18.246645712932626)	(54.0, 4.660515732197725)	(55.0, 4.229049083555866)	(56.0, 6.04841889440861)	(57.0, 4.481395113048754)	(58.0, 2.515574481507852)	(59.0, 1.1975170953169607)	(60.0, 1.2482116101704515)	(61.0, 1.6977029752047352)	(62.0, 1.2482116101704515)	(63.0, 8.1021100183627)	(64.0, 1.2583505131411497)	(65.0, 0.6139669021145356)	(66.0, 0.9406648867259414)	(67.0, 0.7401399168610121)	(68.0, 0.09350321628533244)	(69.0, 0.06759268647132471)	(70.0, 0.03492288801018445)	(71.0, 0.029290164137574043)	(72.0, 0.03492288801018445)	(73.0, 0.01126544774522079)	(74.0, 0.01013890297069871)	(75.0, 0.025910529814007804)	(76.0, 0.04506179098088317)	(77.0, 0.01013890297069871)	(78.0, 0.0)	(79.0, 0.0)	(80.0, 0.0011265447745220788)	(81.0, 0.0011265447745220788)	(82.0, 0.0)	(83.0, 0.0)	(84.0, 0.0)	(85.0, 0.0)	(86.0, 0.0)	(87.0, 0.0)	(88.0, 0.0)	(89.0, 0.0)	(90.0, 0.0)	(91.0, 0.0)	(92.0, 0.0)	(93.0, 0.0)	(94.0, 0.0)	(95.0, 0.0)	(96.0, 0.0)	(97.0, 0.0)	(98.0, 0.0)	(99.0, 0.0)	(100.0, 0.0)
SRR37700652_1	(0.0, 0.0)	(1.0, 0.0)	(2.0, 0.0)	(3.0, 0.0)	(4.0, 0.0)	(5.0, 0.0)	(6.0, 0.0)	(7.0, 0.0)	(8.0, 0.0)	(9.0, 0.0)	(10.0, 0.0)	(11.0, 0.0)	(12.0, 0.0)	(13.0, 0.0)	(14.0, 0.0)	(15.0, 0.0)	(16.0, 0.0)	(17.0, 0.0)	(18.0, 0.0)	(19.0, 0.0)	(20.0, 0.0)	(21.0, 0.0)	(22.0, 0.0)	(23.0, 0.0)	(24.0, 0.0)	(25.0, 0.0)	(26.0, 0.0)	(27.0, 0.0)	(28.0, 0.0)	(29.0, 0.0)	(30.0, 0.0)	(31.0, 0.0)	(32.0, 0.0)	(33.0, 0.0)	(34.0, 0.0)	(35.0, 0.0)	(36.0, 0.0)	(37.0, 0.0)	(38.0, 0.0)	(39.0, 0.0)	(40.0, 0.0)	(41.0, 0.0)	(42.0, 0.006111068673134501)	(43.0, 0.00916660300970175)	(44.0, 0.00916660300970175)	(45.0, 0.03819417920709062)	(46.0, 0.10388816744328645)	(47.0, 0.2352761439156787)	(48.0, 0.8616606829119691)	(49.0, 9.354518371399791)	(50.0, 41.50790619509135)	(51.0, 19.477503628450712)	(52.0, 9.5852112138107)	(53.0, 4.386219540142466)	(54.0, 4.401497211825305)	(55.0, 4.592468107860779)	(56.0, 0.8692995187533874)	(57.0, 0.8876327247727914)	(58.0, 0.5255519058895646)	(59.0, 0.37430295622948784)	(60.0, 0.8081888320220406)	(61.0, 0.8631884500802527)	(62.0, 0.11611030478955542)	(63.0, 0.08861049576045026)	(64.0, 0.42777480711941396)	(65.0, 0.38041402490262227)	(66.0, 0.02138874035597075)	(67.0, 0.007638835841418125)	(68.0, 0.004583301504850876)	(69.0, 0.01680543885111988)	(70.0, 0.035138644870523365)	(71.0, 0.0030555343365672506)	(72.0, 0.0015277671682836253)	(73.0, 0.0)	(74.0, 0.0)	(75.0, 0.0)	(76.0, 0.0)	(77.0, 0.0)	(78.0, 0.0)	(79.0, 0.0)	(80.0, 0.0)	(81.0, 0.0)	(82.0, 0.0)	(83.0, 0.0)	(84.0, 0.0)	(85.0, 0.0)	(86.0, 0.0)	(87.0, 0.0)	(88.0, 0.0)	(89.0, 0.0)	(90.0, 0.0)	(91.0, 0.0)	(92.0, 0.0)	(93.0, 0.0)	(94.0, 0.0)	(95.0, 0.0)	(96.0, 0.0)	(97.0, 0.0)	(98.0, 0.0)	(99.0, 0.0)	(100.0, 0.0)
SRR37700652_2	(0.0, 0.0)	(1.0, 0.0)	(2.0, 0.0)	(3.0, 0.0)	(4.0, 0.0)	(5.0, 0.0)	(6.0, 0.0)	(7.0, 0.0)	(8.0, 0.0)	(9.0, 0.0)	(10.0, 0.0)	(11.0, 0.0)	(12.0, 0.0)	(13.0, 0.0)	(14.0, 0.0)	(15.0, 0.0)	(16.0, 0.0)	(17.0, 0.0)	(18.0, 0.0)	(19.0, 0.0)	(20.0, 0.0)	(21.0, 0.0)	(22.0, 0.0)	(23.0, 0.0)	(24.0, 0.0)	(25.0, 0.0)	(26.0, 0.0)	(27.0, 0.0)	(28.0, 0.0)	(29.0, 0.0)	(30.0, 0.0)	(31.0, 0.0)	(32.0, 0.0)	(33.0, 0.0)	(34.0, 0.0013313629162175907)	(35.0, 0.0013313629162175907)	(36.0, 0.005325451664870363)	(37.0, 0.006656814581087954)	(38.0, 0.003994088748652773)	(39.0, 0.006656814581087954)	(40.0, 0.005325451664870363)	(41.0, 0.006656814581087954)	(42.0, 0.003994088748652773)	(43.0, 0.009319540413523135)	(44.0, 0.05724860539735644)	(45.0, 0.06789950872709716)	(46.0, 0.02130180665948145)	(47.0, 0.06656814581087958)	(48.0, 0.521894263157293)	(49.0, 8.251787354715917)	(50.0, 33.46513826203481)	(51.0, 26.98140086005901)	(52.0, 8.495426768383846)	(53.0, 8.109331522680616)	(54.0, 2.0582870684723504)	(55.0, 1.839943550212676)	(56.0, 5.421309794837913)	(57.0, 1.2834338512337544)	(58.0, 0.758876862244031)	(59.0, 0.15443809828124053)	(60.0, 0.11582857371093026)	(61.0, 0.35547389863009604)	(62.0, 0.17573990494072214)	(63.0, 0.7681964026575543)	(64.0, 0.16908309035963415)	(65.0, 0.07855041205683785)	(66.0, 0.3328407290543973)	(67.0, 0.3062134707300459)	(68.0, 0.015976354994611093)	(69.0, 0.003994088748652773)	(70.0, 0.006656814581087954)	(71.0, 0.007988177497305545)	(72.0, 0.010650903329740726)	(73.0, 0.0026627258324351815)	(74.0, 0.006656814581087954)	(75.0, 0.013313629162175909)	(76.0, 0.01997044374326386)	(77.0, 0.005325451664870363)	(78.0, 0.0)	(79.0, 0.0)	(80.0, 0.0)	(81.0, 0.0)	(82.0, 0.0)	(83.0, 0.0)	(84.0, 0.0)	(85.0, 0.0)	(86.0, 0.0)	(87.0, 0.0)	(88.0, 0.0)	(89.0, 0.0)	(90.0, 0.0)	(91.0, 0.0)	(92.0, 0.0)	(93.0, 0.0)	(94.0, 0.0)	(95.0, 0.0)	(96.0, 0.0)	(97.0, 0.0)	(98.0, 0.0)	(99.0, 0.0)	(100.0, 0.0)
SRR37700653_1	(0.0, 0.0)	(1.0, 0.0)	(2.0, 0.0)	(3.0, 0.0)	(4.0, 0.0)	(5.0, 0.0)	(6.0, 0.0)	(7.0, 0.0)	(8.0, 0.0)	(9.0, 0.0)	(10.0, 0.0)	(11.0, 0.0)	(12.0, 0.0)	(13.0, 0.0)	(14.0, 0.0)	(15.0, 0.0)	(16.0, 0.0)	(17.0, 0.0)	(18.0, 0.0)	(19.0, 0.0)	(20.0, 0.0)	(21.0, 0.0)	(22.0, 0.0)	(23.0, 0.0)	(24.0, 0.0)	(25.0, 0.0)	(26.0, 0.0)	(27.0, 0.0)	(28.0, 0.0)	(29.0, 0.002139037433155213)	(30.0, 0.002139037433155213)	(31.0, 0.0)	(32.0, 0.0)	(33.0, 0.0)	(34.0, 0.0)	(35.0, 0.0)	(36.0, 0.0)	(37.0, 0.006417112299465639)	(38.0, 0.0)	(39.0, 0.002139037433155213)	(40.0, 0.0)	(41.0, 0.002139037433155213)	(42.0, 0.004278074866310426)	(43.0, 0.004278074866310426)	(44.0, 0.010695187165776063)	(45.0, 0.06844919786096682)	(46.0, 0.18823529411765852)	(47.0, 0.43636363636366415)	(48.0, 1.7689839572193726)	(49.0, 11.264171122994583)	(50.0, 40.7914438502615)	(51.0, 21.805347593586983)	(52.0, 6.650267379679836)	(53.0, 3.2641711229947816)	(54.0, 1.8417112299466458)	(55.0, 3.548663101604453)	(56.0, 0.7229946524064587)	(57.0, 0.5860962566845269)	(58.0, 1.6898395721926343)	(59.0, 0.7443850267380104)	(60.0, 1.7176470588236503)	(61.0, 1.732620320855736)	(62.0, 0.1475935828877096)	(63.0, 0.08556149732620856)	(64.0, 0.3850267379679393)	(65.0, 0.35935828877007653)	(66.0, 0.01497326203208649)	(67.0, 0.010695187165776063)	(68.0, 0.012834224598931276)	(69.0, 0.02780748663101777)	(70.0, 0.0791443850267429)	(71.0, 0.017112299465241704)	(72.0, 0.004278074866310426)	(73.0, 0.0)	(74.0, 0.0)	(75.0, 0.0)	(76.0, 0.0)	(77.0, 0.0)	(78.0, 0.0)	(79.0, 0.0)	(80.0, 0.0)	(81.0, 0.0)	(82.0, 0.0)	(83.0, 0.0)	(84.0, 0.0)	(85.0, 0.0)	(86.0, 0.0)	(87.0, 0.0)	(88.0, 0.0)	(89.0, 0.0)	(90.0, 0.0)	(91.0, 0.0)	(92.0, 0.0)	(93.0, 0.0)	(94.0, 0.0)	(95.0, 0.0)	(96.0, 0.0)	(97.0, 0.0)	(98.0, 0.0)	(99.0, 0.0)	(100.0, 0.0)
SRR37700653_2	(0.0, 0.0)	(1.0, 0.0)	(2.0, 0.0)	(3.0, 0.0)	(4.0, 0.0)	(5.0, 0.0)	(6.0, 0.0)	(7.0, 0.0)	(8.0, 0.0)	(9.0, 0.0)	(10.0, 0.0)	(11.0, 0.0)	(12.0, 0.0)	(13.0, 0.0)	(14.0, 0.0)	(15.0, 0.0)	(16.0, 0.0)	(17.0, 0.0)	(18.0, 0.0)	(19.0, 0.0)	(20.0, 0.0)	(21.0, 0.0018895019272921548)	(22.0, 0.0)	(23.0, 0.0)	(24.0, 0.0)	(25.0, 0.0)	(26.0, 0.0)	(27.0, 0.0)	(28.0, 0.0)	(29.0, 0.0)	(30.0, 0.0)	(31.0, 0.0)	(32.0, 0.0)	(33.0, 0.0)	(34.0, 0.0037790038545843095)	(35.0, 0.0037790038545843095)	(36.0, 0.0018895019272921548)	(37.0, 0.007558007709168619)	(38.0, 0.007558007709168619)	(39.0, 0.007558007709168619)	(40.0, 0.0037790038545843095)	(41.0, 0.007558007709168619)	(42.0, 0.007558007709168619)	(43.0, 0.007558007709168619)	(44.0, 0.026453026982090164)	(45.0, 0.01889501927292155)	(46.0, 0.035900536618550936)	(47.0, 0.06802206938251759)	(48.0, 0.7293477439347678)	(49.0, 9.32658151311354)	(50.0, 33.891996069833894)	(51.0, 32.50132265134813)	(52.0, 6.363842491120114)	(53.0, 4.449777038773135)	(54.0, 1.3358778625955667)	(55.0, 1.6022976343437554)	(56.0, 3.0893356511226284)	(57.0, 0.5989721109516107)	(58.0, 0.41191142014969007)	(59.0, 0.11337011563752927)	(60.0, 0.9560879752098328)	(61.0, 1.3585518857230732)	(62.0, 0.4005744085859373)	(63.0, 1.5815131131435427)	(64.0, 0.24563525054798033)	(65.0, 0.058574559746056805)	(66.0, 0.32877333534883574)	(67.0, 0.2834252890938237)	(68.0, 0.020784521200213704)	(69.0, 0.009447509636460773)	(70.0, 0.011337011563752929)	(71.0, 0.007558007709168619)	(72.0, 0.01889501927292155)	(73.0, 0.007558007709168619)	(74.0, 0.013226513491045082)	(75.0, 0.028342528909382318)	(76.0, 0.03779003854584309)	(77.0, 0.007558007709168619)	(78.0, 0.0)	(79.0, 0.0)	(80.0, 0.0)	(81.0, 0.0)	(82.0, 0.0)	(83.0, 0.0)	(84.0, 0.0)	(85.0, 0.0)	(86.0, 0.0)	(87.0, 0.0)	(88.0, 0.0)	(89.0, 0.0)	(90.0, 0.0)	(91.0, 0.0)	(92.0, 0.0)	(93.0, 0.0)	(94.0, 0.0)	(95.0, 0.0)	(96.0, 0.0)	(97.0, 0.0)	(98.0, 0.0)	(99.0, 0.0)	(100.0, 0.0)
SRR37700654_1	(0.0, 0.0)	(1.0, 0.0)	(2.0, 0.0)	(3.0, 0.0)	(4.0, 0.0)	(5.0, 0.0)	(6.0, 0.0)	(7.0, 0.0)	(8.0, 0.0)	(9.0, 0.0)	(10.0, 0.0)	(11.0, 0.0)	(12.0, 0.0)	(13.0, 0.0)	(14.0, 0.0)	(15.0, 0.0)	(16.0, 0.0)	(17.0, 0.0)	(18.0, 0.0)	(19.0, 0.0)	(20.0, 0.0)	(21.0, 0.0)	(22.0, 0.0)	(23.0, 0.0)	(24.0, 0.0)	(25.0, 0.0)	(26.0, 0.0)	(27.0, 0.0)	(28.0, 0.005810800340900513)	(29.0, 0.0019369334469668375)	(30.0, 0.0019369334469668375)	(31.0, 0.0019369334469668375)	(32.0, 0.0019369334469668375)	(33.0, 0.0019369334469668375)	(34.0, 0.011621600681801025)	(35.0, 0.10846827303014292)	(36.0, 0.10846827303014292)	(37.0, 0.050360269621137765)	(38.0, 0.01936933446966838)	(39.0, 0.003873866893933675)	(40.0, 0.003873866893933675)	(41.0, 0.003873866893933675)	(42.0, 0.0019369334469668375)	(43.0, 0.0)	(44.0, 0.036801735492369904)	(45.0, 0.0658557371968725)	(46.0, 0.1200898737119439)	(47.0, 0.2595490818935565)	(48.0, 0.9394127217789175)	(49.0, 8.39854342604792)	(50.0, 34.39412721778483)	(51.0, 18.381498411717153)	(52.0, 8.844038118850191)	(53.0, 3.790578755714126)	(54.0, 1.8730146432169268)	(55.0, 3.6937320833657727)	(56.0, 1.9485550476486293)	(57.0, 1.6909428992020545)	(58.0, 4.888820020144448)	(59.0, 3.788641822267159)	(60.0, 2.0918881227241672)	(61.0, 2.031843185868199)	(62.0, 0.35445882079493224)	(63.0, 0.5907647013248833)	(64.0, 0.6546835050747881)	(65.0, 0.3099093515146946)	(66.0, 0.16851320988611468)	(67.0, 0.13752227473464537)	(68.0, 0.11427907337104341)	(69.0, 0.050360269621137765)	(70.0, 0.03873866893933674)	(71.0, 0.011621600681801025)	(72.0, 0.003873866893933675)	(73.0, 0.0)	(74.0, 0.0)	(75.0, 0.0)	(76.0, 0.0)	(77.0, 0.0)	(78.0, 0.0)	(79.0, 0.0)	(80.0, 0.0)	(81.0, 0.0)	(82.0, 0.0)	(83.0, 0.0)	(84.0, 0.0)	(85.0, 0.0)	(86.0, 0.0)	(87.0, 0.0)	(88.0, 0.0)	(89.0, 0.0)	(90.0, 0.0)	(91.0, 0.0)	(92.0, 0.0)	(93.0, 0.0)	(94.0, 0.0)	(95.0, 0.0)	(96.0, 0.0)	(97.0, 0.0)	(98.0, 0.0)	(99.0, 0.0)	(100.0, 0.0)
SRR37700654_2	(0.0, 0.0)	(1.0, 0.0)	(2.0, 0.0)	(3.0, 0.0)	(4.0, 0.0)	(5.0, 0.0)	(6.0, 0.0)	(7.0, 0.0)	(8.0, 0.0)	(9.0, 0.0)	(10.0, 0.0)	(11.0, 0.0)	(12.0, 0.0)	(13.0, 0.0)	(14.0, 0.0)	(15.0, 0.0)	(16.0, 0.0)	(17.0, 0.0)	(18.0, 0.0)	(19.0, 0.0)	(20.0, 0.0)	(21.0, 0.0)	(22.0, 0.0)	(23.0, 0.0)	(24.0, 0.0)	(25.0, 0.0)	(26.0, 0.0)	(27.0, 0.0)	(28.0, 0.0)	(29.0, 0.0)	(30.0, 0.0)	(31.0, 0.0036137612026598473)	(32.0, 0.007227522405319695)	(33.0, 0.0)	(34.0, 0.005420641803989771)	(35.0, 0.007227522405319695)	(36.0, 0.012648164209309464)	(37.0, 0.061433940445217425)	(38.0, 0.11383347788378516)	(39.0, 0.02891008962127877)	(40.0, 0.01987568661462916)	(41.0, 0.005420641803989771)	(42.0, 0.007227522405319695)	(43.0, 0.009034403006649616)	(44.0, 0.07950274645851668)	(45.0, 0.05420641803989771)	(46.0, 0.08130962705984661)	(47.0, 0.139129806302404)	(48.0, 1.1130384504192408)	(49.0, 17.510479907490193)	(50.0, 32.256432494936696)	(51.0, 13.531728823359893)	(52.0, 4.237135010118774)	(53.0, 8.147224631396286)	(54.0, 3.122289679098084)	(55.0, 1.378649898814747)	(56.0, 3.1548135299220266)	(57.0, 1.1907343162764297)	(58.0, 1.2901127493495785)	(59.0, 1.17627927146579)	(60.0, 1.9767273778549186)	(61.0, 3.931772188493982)	(62.0, 0.8401994796184146)	(63.0, 2.0417750795027922)	(64.0, 0.5077334489737071)	(65.0, 0.5203816131830165)	(66.0, 0.5330297773923257)	(67.0, 0.38125180688061433)	(68.0, 0.160812373518363)	(69.0, 0.13551604509974416)	(70.0, 0.05239953743856778)	(71.0, 0.06866146285053712)	(72.0, 0.045172015033248074)	(73.0, 0.009034403006649616)	(74.0, 0.0036137612026598473)	(75.0, 0.012648164209309464)	(76.0, 0.021682567215959084)	(77.0, 0.0036137612026598473)	(78.0, 0.0)	(79.0, 0.0)	(80.0, 0.0)	(81.0, 0.0)	(82.0, 0.0018068806013299236)	(83.0, 0.0018068806013299236)	(84.0, 0.0)	(85.0, 0.0)	(86.0, 0.0)	(87.0, 0.0)	(88.0, 0.0)	(89.0, 0.0)	(90.0, 0.0)	(91.0, 0.0018068806013299236)	(92.0, 0.0018068806013299236)	(93.0, 0.0018068806013299236)	(94.0, 0.0)	(95.0, 0.0)	(96.0, 0.0)	(97.0, 0.0)	(98.0, 0.0)	(99.0, 0.0)	(100.0, 0.0)
SRR37700655_1	(0.0, 0.0)	(1.0, 0.0)	(2.0, 0.0)	(3.0, 0.0)	(4.0, 0.0)	(5.0, 0.0)	(6.0, 0.0)	(7.0, 0.0)	(8.0, 0.0)	(9.0, 0.0)	(10.0, 0.0)	(11.0, 0.0)	(12.0, 0.0)	(13.0, 0.0)	(14.0, 0.0)	(15.0, 0.0)	(16.0, 0.0)	(17.0, 0.0)	(18.0, 0.0)	(19.0, 0.0)	(20.0, 0.0)	(21.0, 0.0)	(22.0, 0.0)	(23.0, 0.0)	(24.0, 0.0)	(25.0, 0.0)	(26.0, 0.0)	(27.0, 0.0)	(28.0, 0.0)	(29.0, 0.0)	(30.0, 0.0)	(31.0, 0.0)	(32.0, 0.0014641074069195478)	(33.0, 0.0029282148138390957)	(34.0, 0.005856429627678191)	(35.0, 0.0014641074069195478)	(36.0, 0.0014641074069195478)	(37.0, 0.0029282148138390957)	(38.0, 0.0014641074069195478)	(39.0, 0.0029282148138390957)	(40.0, 0.004392322220758644)	(41.0, 0.004392322220758644)	(42.0, 0.010248751848436835)	(43.0, 0.08784644441517286)	(44.0, 0.5622172442571032)	(45.0, 0.1639800295749893)	(46.0, 0.13469788143659825)	(47.0, 0.20204682215489786)	(48.0, 0.68080994421759)	(49.0, 6.824204623651688)	(50.0, 36.17662991756237)	(51.0, 22.50479495175954)	(52.0, 19.636608541606755)	(53.0, 3.5782785025114747)	(54.0, 0.9150671293247243)	(55.0, 0.9750955330084274)	(56.0, 0.5153658072356783)	(57.0, 0.20497503696873695)	(58.0, 0.2781804073147149)	(59.0, 0.4319116850412653)	(60.0, 1.8301342586494078)	(61.0, 1.897483199367703)	(62.0, 0.22693664807253033)	(63.0, 0.20351092956181738)	(64.0, 1.0131623255883369)	(65.0, 0.8638233700825386)	(66.0, 0.017569288883034575)	(67.0, 0.00732053703459774)	(68.0, 0.00732053703459774)	(69.0, 0.0029282148138390957)	(70.0, 0.017569288883034575)	(71.0, 0.0)	(72.0, 0.0)	(73.0, 0.0)	(74.0, 0.0)	(75.0, 0.0)	(76.0, 0.0)	(77.0, 0.0)	(78.0, 0.0)	(79.0, 0.0)	(80.0, 0.0)	(81.0, 0.0)	(82.0, 0.0)	(83.0, 0.0)	(84.0, 0.0)	(85.0, 0.0)	(86.0, 0.0)	(87.0, 0.0)	(88.0, 0.0)	(89.0, 0.0)	(90.0, 0.0)	(91.0, 0.0)	(92.0, 0.0)	(93.0, 0.0)	(94.0, 0.0)	(95.0, 0.0)	(96.0, 0.0)	(97.0, 0.0)	(98.0, 0.0)	(99.0, 0.0)	(100.0, 0.0)
SRR37700655_2	(0.0, 0.0)	(1.0, 0.0)	(2.0, 0.0)	(3.0, 0.0)	(4.0, 0.0)	(5.0, 0.0)	(6.0, 0.0)	(7.0, 0.0)	(8.0, 0.0)	(9.0, 0.0)	(10.0, 0.0)	(11.0, 0.0)	(12.0, 0.0)	(13.0, 0.0)	(14.0, 0.0)	(15.0, 0.0)	(16.0, 0.0)	(17.0, 0.0)	(18.0, 0.0)	(19.0, 0.0)	(20.0, 0.0)	(21.0, 0.0)	(22.0, 0.0)	(23.0, 0.0)	(24.0, 0.0)	(25.0, 0.0)	(26.0, 0.0)	(27.0, 0.0)	(28.0, 0.0)	(29.0, 0.0013014055179594252)	(30.0, 0.0013014055179594252)	(31.0, 0.0)	(32.0, 0.0)	(33.0, 0.0013014055179594252)	(34.0, 0.0026028110359188504)	(35.0, 0.0013014055179594252)	(36.0, 0.0026028110359188504)	(37.0, 0.0013014055179594252)	(38.0, 0.0026028110359188504)	(39.0, 0.006507027589797127)	(40.0, 0.005205622071837701)	(41.0, 0.005205622071837701)	(42.0, 0.013014055179594254)	(43.0, 0.022123893805310227)	(44.0, 0.47241020301926895)	(45.0, 0.5596043727225518)	(46.0, 0.0897969807392003)	(47.0, 0.10150963040083509)	(48.0, 0.9526288391463094)	(49.0, 15.864133263928245)	(50.0, 28.97969807391158)	(51.0, 18.418792295680447)	(52.0, 11.324830817283706)	(53.0, 14.750130140554472)	(54.0, 1.4237376366475987)	(55.0, 0.720978656949525)	(56.0, 0.8589276418532281)	(57.0, 0.2758979698073985)	(58.0, 0.26808953669964203)	(59.0, 0.08198854763144378)	(60.0, 0.15096304008329334)	(61.0, 0.4346694429984461)	(62.0, 0.45158771473191844)	(63.0, 1.739979177511721)	(64.0, 0.3761061946902728)	(65.0, 0.16918271733472542)	(66.0, 0.740499739718917)	(67.0, 0.6428943258719573)	(68.0, 0.036439354502863903)	(69.0, 0.0026028110359188504)	(70.0, 0.005205622071837701)	(71.0, 0.0026028110359188504)	(72.0, 0.005205622071837701)	(73.0, 0.0039042165538782764)	(74.0, 0.005205622071837701)	(75.0, 0.005205622071837701)	(76.0, 0.010411244143675401)	(77.0, 0.005205622071837701)	(78.0, 0.0)	(79.0, 0.0)	(80.0, 0.0)	(81.0, 0.0)	(82.0, 0.0)	(83.0, 0.0)	(84.0, 0.0)	(85.0, 0.0)	(86.0, 0.0)	(87.0, 0.0)	(88.0, 0.0)	(89.0, 0.0)	(90.0, 0.0)	(91.0, 0.0013014055179594252)	(92.0, 0.0013014055179594252)	(93.0, 0.0)	(94.0, 0.0)	(95.0, 0.0)	(96.0, 0.0)	(97.0, 0.0)	(98.0, 0.0)	(99.0, 0.0)	(100.0, 0.0)
SRR37700656_1	(0.0, 0.0)	(1.0, 0.0)	(2.0, 0.0)	(3.0, 0.0)	(4.0, 0.0)	(5.0, 0.0)	(6.0, 0.0)	(7.0, 0.0)	(8.0, 0.0)	(9.0, 0.0)	(10.0, 0.0)	(11.0, 0.0)	(12.0, 0.0)	(13.0, 0.0)	(14.0, 0.0)	(15.0, 0.0)	(16.0, 0.0)	(17.0, 0.0)	(18.0, 0.0)	(19.0, 0.0)	(20.0, 0.0)	(21.0, 0.0)	(22.0, 0.0)	(23.0, 0.0)	(24.0, 0.0)	(25.0, 0.0)	(26.0, 0.0)	(27.0, 0.0)	(28.0, 0.0)	(29.0, 0.00209296971472841)	(30.0, 0.0)	(31.0, 0.0)	(32.0, 0.0062789091441852315)	(33.0, 0.0062789091441852315)	(34.0, 0.00418593942945682)	(35.0, 0.03767345486511138)	(36.0, 0.03767345486511138)	(37.0, 0.00418593942945682)	(38.0, 0.0)	(39.0, 0.00209296971472841)	(40.0, 0.00418593942945682)	(41.0, 0.0062789091441852315)	(42.0, 0.00837187885891364)	(43.0, 0.014650788003098872)	(44.0, 0.027208606291469338)	(45.0, 0.05651018229766707)	(46.0, 0.14441491031626022)	(47.0, 0.3097595177798052)	(48.0, 1.1406684945269887)	(49.0, 9.160928441365924)	(50.0, 42.55426023984741)	(51.0, 21.852696791482252)	(52.0, 11.538542037296857)	(53.0, 6.896335210030298)	(54.0, 1.8376274095315492)	(55.0, 0.6216120052743359)	(56.0, 0.8204441281735327)	(57.0, 0.9648590384897971)	(58.0, 0.866489461897559)	(59.0, 0.259528244626323)	(60.0, 0.1151133343100626)	(61.0, 0.0774398794449512)	(62.0, 0.07953284915967962)	(63.0, 0.2113899411875692)	(64.0, 0.1297641223131614)	(65.0, 0.04604533372402501)	(66.0, 0.04604533372402501)	(67.0, 0.04185939429456819)	(68.0, 0.043952364009296606)	(69.0, 0.014650788003098872)	(70.0, 0.00837187885891364)	(71.0, 0.0)	(72.0, 0.0)	(73.0, 0.0)	(74.0, 0.0)	(75.0, 0.0)	(76.0, 0.0)	(77.0, 0.0)	(78.0, 0.0)	(79.0, 0.0)	(80.0, 0.0)	(81.0, 0.0)	(82.0, 0.0)	(83.0, 0.0)	(84.0, 0.0)	(85.0, 0.0)	(86.0, 0.0)	(87.0, 0.0)	(88.0, 0.0)	(89.0, 0.0)	(90.0, 0.0)	(91.0, 0.0)	(92.0, 0.0)	(93.0, 0.0)	(94.0, 0.0)	(95.0, 0.0)	(96.0, 0.0)	(97.0, 0.0)	(98.0, 0.0)	(99.0, 0.0)	(100.0, 0.0)
SRR37700656_2	(0.0, 0.0)	(1.0, 0.0)	(2.0, 0.0)	(3.0, 0.0)	(4.0, 0.0)	(5.0, 0.0)	(6.0, 0.0)	(7.0, 0.0)	(8.0, 0.0)	(9.0, 0.0)	(10.0, 0.0)	(11.0, 0.0)	(12.0, 0.0)	(13.0, 0.0)	(14.0, 0.0)	(15.0, 0.0)	(16.0, 0.0)	(17.0, 0.0)	(18.0, 0.0)	(19.0, 0.0)	(20.0, 0.0)	(21.0, 0.0)	(22.0, 0.0)	(23.0, 0.0)	(24.0, 0.0)	(25.0, 0.0)	(26.0, 0.0)	(27.0, 0.0)	(28.0, 0.0)	(29.0, 0.0)	(30.0, 0.0)	(31.0, 0.007842368395255584)	(32.0, 0.017645328889325067)	(33.0, 0.003921184197627792)	(34.0, 0.003921184197627792)	(35.0, 0.001960592098813896)	(36.0, 0.003921184197627792)	(37.0, 0.007842368395255584)	(38.0, 0.017645328889325067)	(39.0, 0.015684736790511168)	(40.0, 0.011763552592883376)	(41.0, 0.011763552592883376)	(42.0, 0.009802960494069481)	(43.0, 0.02156651308695286)	(44.0, 0.0411724340750918)	(45.0, 0.03333006567983623)	(46.0, 0.0431330261739057)	(47.0, 0.1274384864229032)	(48.0, 0.6391530242133274)	(49.0, 14.4613273208513)	(50.0, 35.59847073815783)	(51.0, 24.82893833938289)	(52.0, 3.476129791197022)	(53.0, 9.393196745416883)	(54.0, 6.513086952259925)	(55.0, 0.8018821684148806)	(56.0, 0.36270953828057173)	(57.0, 0.4842662484070318)	(58.0, 0.5607293402607727)	(59.0, 0.6862072345848602)	(60.0, 0.6881678266836742)	(61.0, 0.28428585432801534)	(62.0, 0.08234486815018369)	(63.0, 0.07646309185374198)	(64.0, 0.1431232232134143)	(65.0, 0.184295657288506)	(66.0, 0.1058719733359504)	(67.0, 0.09606901284188098)	(68.0, 0.0431330261739057)	(69.0, 0.0411724340750918)	(70.0, 0.025487697284580647)	(71.0, 0.027448289383394543)	(72.0, 0.009802960494069481)	(73.0, 0.0)	(74.0, 0.0)	(75.0, 0.0)	(76.0, 0.0)	(77.0, 0.001960592098813896)	(78.0, 0.0)	(79.0, 0.0)	(80.0, 0.0)	(81.0, 0.0)	(82.0, 0.0)	(83.0, 0.0)	(84.0, 0.0)	(85.0, 0.0)	(86.0, 0.0)	(87.0, 0.0)	(88.0, 0.0)	(89.0, 0.0)	(90.0, 0.0)	(91.0, 0.001960592098813896)	(92.0, 0.001960592098813896)	(93.0, 0.0)	(94.0, 0.0)	(95.0, 0.0)	(96.0, 0.0)	(97.0, 0.0)	(98.0, 0.0)	(99.0, 0.0)	(100.0, 0.0)
SRR37700657_1	(0.0, 0.0)	(1.0, 0.0)	(2.0, 0.0)	(3.0, 0.0)	(4.0, 0.0)	(5.0, 0.0)	(6.0, 0.0)	(7.0, 0.0)	(8.0, 0.0)	(9.0, 0.0)	(10.0, 0.0)	(11.0, 0.0)	(12.0, 0.0)	(13.0, 0.0)	(14.0, 0.0)	(15.0, 0.0)	(16.0, 0.0)	(17.0, 0.0)	(18.0, 0.0)	(19.0, 0.0)	(20.0, 0.0)	(21.0, 0.0015104143066443474)	(22.0, 0.0)	(23.0, 0.0)	(24.0, 0.0)	(25.0, 0.0)	(26.0, 0.0)	(27.0, 0.0)	(28.0, 0.0)	(29.0, 0.0)	(30.0, 0.0)	(31.0, 0.0)	(32.0, 0.0)	(33.0, 0.0)	(34.0, 0.0)	(35.0, 0.0)	(36.0, 0.0)	(37.0, 0.0015104143066443474)	(38.0, 0.0)	(39.0, 0.0)	(40.0, 0.0030208286132886947)	(41.0, 0.006041657226577389)	(42.0, 0.0045312429199330425)	(43.0, 0.012083314453154779)	(44.0, 0.01812497167973217)	(45.0, 0.055885329345840874)	(46.0, 0.19484344555712094)	(47.0, 0.5588532934584054)	(48.0, 2.996661984382409)	(49.0, 22.820849759088947)	(50.0, 42.447173259622275)	(51.0, 15.56330901566537)	(52.0, 6.336188016372862)	(53.0, 4.221607987071114)	(54.0, 0.9802588850121896)	(55.0, 0.9334360415062134)	(56.0, 0.45916594921987997)	(57.0, 0.4999471354992768)	(58.0, 0.579999093751426)	(59.0, 0.36400984790128743)	(60.0, 0.2220309030767194)	(61.0, 0.15859350219765636)	(62.0, 0.07552071533221741)	(63.0, 0.22656214599665248)	(64.0, 0.13744770190463543)	(65.0, 0.055885329345840874)	(66.0, 0.015104143066443476)	(67.0, 0.007552071533221736)	(68.0, 0.01057290014651043)	(69.0, 0.012083314453154779)	(70.0, 0.012083314453154779)	(71.0, 0.006041657226577389)	(72.0, 0.0)	(73.0, 0.0015104143066443474)	(74.0, 0.0)	(75.0, 0.0)	(76.0, 0.0)	(77.0, 0.0)	(78.0, 0.0)	(79.0, 0.0)	(80.0, 0.0)	(81.0, 0.0)	(82.0, 0.0)	(83.0, 0.0)	(84.0, 0.0)	(85.0, 0.0)	(86.0, 0.0)	(87.0, 0.0)	(88.0, 0.0)	(89.0, 0.0)	(90.0, 0.0)	(91.0, 0.0)	(92.0, 0.0)	(93.0, 0.0)	(94.0, 0.0)	(95.0, 0.0)	(96.0, 0.0)	(97.0, 0.0)	(98.0, 0.0)	(99.0, 0.0)	(100.0, 0.0)
SRR37700657_2	(0.0, 0.0)	(1.0, 0.0)	(2.0, 0.0)	(3.0, 0.0)	(4.0, 0.0)	(5.0, 0.0)	(6.0, 0.0)	(7.0, 0.0)	(8.0, 0.0)	(9.0, 0.0)	(10.0, 0.0)	(11.0, 0.0)	(12.0, 0.0)	(13.0, 0.0)	(14.0, 0.0)	(15.0, 0.0)	(16.0, 0.0)	(17.0, 0.0)	(18.0, 0.0)	(19.0, 0.0)	(20.0, 0.0013015918468288522)	(21.0, 0.0)	(22.0, 0.0)	(23.0, 0.0)	(24.0, 0.0)	(25.0, 0.0)	(26.0, 0.0)	(27.0, 0.0)	(28.0, 0.0)	(29.0, 0.0)	(30.0, 0.0)	(31.0, 0.0)	(32.0, 0.0)	(33.0, 0.0)	(34.0, 0.0)	(35.0, 0.0026031836936577044)	(36.0, 0.0078095510809731115)	(37.0, 0.005206367387315409)	(38.0, 0.0039047755404865566)	(39.0, 0.0039047755404865566)	(40.0, 0.0026031836936577044)	(41.0, 0.0039047755404865566)	(42.0, 0.0039047755404865566)	(43.0, 0.009111142927801965)	(44.0, 0.013015918468288522)	(45.0, 0.022127061396090483)	(46.0, 0.031238204323892443)	(47.0, 0.22908016504187856)	(48.0, 1.7792760546150082)	(49.0, 24.34106912754168)	(50.0, 35.10653529266183)	(51.0, 22.17652188626727)	(52.0, 6.10316416978019)	(53.0, 5.591638573976568)	(54.0, 0.9905113954367675)	(55.0, 0.4568587382369249)	(56.0, 0.8811776803031409)	(57.0, 0.4047950643637715)	(58.0, 0.2811438389150323)	(59.0, 0.14968306238531798)	(60.0, 0.2954613492301495)	(61.0, 0.42952530945351935)	(62.0, 0.07419073526924458)	(63.0, 0.15358783792580458)	(64.0, 0.1158416743677677)	(65.0, 0.1457782868448314)	(66.0, 0.08720665373753306)	(67.0, 0.04946049017949641)	(68.0, 0.011714326621459669)	(69.0, 0.0078095510809731115)	(70.0, 0.0039047755404865566)	(71.0, 0.009111142927801965)	(72.0, 0.005206367387315409)	(73.0, 0.0)	(74.0, 0.0)	(75.0, 0.0039047755404865566)	(76.0, 0.005206367387315409)	(77.0, 0.0)	(78.0, 0.0)	(79.0, 0.0)	(80.0, 0.0)	(81.0, 0.0)	(82.0, 0.0)	(83.0, 0.0)	(84.0, 0.0)	(85.0, 0.0)	(86.0, 0.0)	(87.0, 0.0)	(88.0, 0.0)	(89.0, 0.0)	(90.0, 0.0)	(91.0, 0.0)	(92.0, 0.0)	(93.0, 0.0)	(94.0, 0.0)	(95.0, 0.0)	(96.0, 0.0)	(97.0, 0.0)	(98.0, 0.0)	(99.0, 0.0)	(100.0, 0.0)
SRR37700658_1	(0.0, 0.0)	(1.0, 0.0)	(2.0, 0.0)	(3.0, 0.0)	(4.0, 0.0)	(5.0, 0.0)	(6.0, 0.0)	(7.0, 0.0)	(8.0, 0.0)	(9.0, 0.0)	(10.0, 0.0)	(11.0, 0.0)	(12.0, 0.0)	(13.0, 0.0)	(14.0, 0.0)	(15.0, 0.0)	(16.0, 0.0)	(17.0, 0.0)	(18.0, 0.0)	(19.0, 0.0)	(20.0, 0.0)	(21.0, 0.0)	(22.0, 0.0)	(23.0, 0.0)	(24.0, 0.0)	(25.0, 0.0)	(26.0, 0.0)	(27.0, 0.0)	(28.0, 0.0)	(29.0, 0.0)	(30.0, 0.0)	(31.0, 0.0)	(32.0, 0.0)	(33.0, 0.0)	(34.0, 0.0)	(35.0, 0.008746483184884107)	(36.0, 0.008746483184884107)	(37.0, 0.008746483184884107)	(38.0, 0.008746483184884107)	(39.0, 0.0014577471974806847)	(40.0, 0.0014577471974806847)	(41.0, 0.0014577471974806847)	(42.0, 0.0029154943949613694)	(43.0, 0.0043732415924420545)	(44.0, 0.014577471974806848)	(45.0, 0.007288735987403423)	(46.0, 0.03207043834457505)	(47.0, 0.09475356783624447)	(48.0, 0.4562748728114525)	(49.0, 11.017653318559137)	(50.0, 54.78797067013551)	(51.0, 14.743655155321461)	(52.0, 8.40974358226538)	(53.0, 6.135657954196028)	(54.0, 1.5525007653169174)	(55.0, 0.4752255863787012)	(56.0, 0.41691569847947463)	(57.0, 0.43003542325680055)	(58.0, 0.5087537719207564)	(59.0, 0.32653537223567347)	(60.0, 0.13119724777326144)	(61.0, 0.08746483184884107)	(62.0, 0.04227466872693986)	(63.0, 0.119535270193416)	(64.0, 0.0860070846513604)	(65.0, 0.0189507135672489)	(66.0, 0.02332395515969095)	(67.0, 0.011661977579845478)	(68.0, 0.013119724777326163)	(69.0, 0.007288735987403423)	(70.0, 0.0014577471974806847)	(71.0, 0.0014577471974806847)	(72.0, 0.0)	(73.0, 0.0)	(74.0, 0.0)	(75.0, 0.0)	(76.0, 0.0)	(77.0, 0.0)	(78.0, 0.0)	(79.0, 0.0)	(80.0, 0.0)	(81.0, 0.0)	(82.0, 0.0)	(83.0, 0.0)	(84.0, 0.0)	(85.0, 0.0)	(86.0, 0.0)	(87.0, 0.0)	(88.0, 0.0)	(89.0, 0.0)	(90.0, 0.0)	(91.0, 0.0)	(92.0, 0.0)	(93.0, 0.0)	(94.0, 0.0)	(95.0, 0.0)	(96.0, 0.0)	(97.0, 0.0)	(98.0, 0.0)	(99.0, 0.0)	(100.0, 0.0)
SRR37700658_2	(0.0, 0.0)	(1.0, 0.0)	(2.0, 0.0)	(3.0, 0.0)	(4.0, 0.0)	(5.0, 0.0)	(6.0, 0.0)	(7.0, 0.0)	(8.0, 0.0)	(9.0, 0.0)	(10.0, 0.0)	(11.0, 0.0)	(12.0, 0.0)	(13.0, 0.0)	(14.0, 0.0)	(15.0, 0.0)	(16.0, 0.0)	(17.0, 0.0)	(18.0, 0.0)	(19.0, 0.0)	(20.0, 0.0)	(21.0, 0.0)	(22.0, 0.0)	(23.0, 0.0)	(24.0, 0.001205356604751481)	(25.0, 0.001205356604751481)	(26.0, 0.0)	(27.0, 0.0)	(28.0, 0.0)	(29.0, 0.0)	(30.0, 0.0)	(31.0, 0.0)	(32.0, 0.0)	(33.0, 0.0)	(34.0, 0.001205356604751481)	(35.0, 0.002410713209502962)	(36.0, 0.001205356604751481)	(37.0, 0.008437496233260365)	(38.0, 0.009642852838011848)	(39.0, 0.008437496233260365)	(40.0, 0.006026783023757404)	(41.0, 0.002410713209502962)	(42.0, 0.006026783023757404)	(43.0, 0.02049106228077517)	(44.0, 0.02531248869978109)	(45.0, 0.02049106228077517)	(46.0, 0.021696418885526647)	(47.0, 0.07232139628508884)	(48.0, 0.4954015645528569)	(49.0, 12.182539204224716)	(50.0, 41.463061846856945)	(51.0, 27.377264563711652)	(52.0, 3.470221665079655)	(53.0, 7.2309342719035)	(54.0, 5.016694188975532)	(55.0, 0.6026783023757418)	(56.0, 0.3555801984016857)	(57.0, 0.27482130588333764)	(58.0, 0.2073213360172552)	(59.0, 0.20491062280775219)	(60.0, 0.23022311150753347)	(61.0, 0.2760266624880891)	(62.0, 0.05303569060906519)	(63.0, 0.0747321094945918)	(64.0, 0.05303569060906519)	(65.0, 0.0795535359135977)	(66.0, 0.06147318684232555)	(67.0, 0.03374998493304146)	(68.0, 0.02049106228077517)	(69.0, 0.008437496233260365)	(70.0, 0.002410713209502962)	(71.0, 0.009642852838011848)	(72.0, 0.0036160698142544425)	(73.0, 0.001205356604751481)	(74.0, 0.001205356604751481)	(75.0, 0.001205356604751481)	(76.0, 0.0)	(77.0, 0.0)	(78.0, 0.0)	(79.0, 0.0)	(80.0, 0.0)	(81.0, 0.0)	(82.0, 0.0)	(83.0, 0.0)	(84.0, 0.0)	(85.0, 0.0)	(86.0, 0.0)	(87.0, 0.0)	(88.0, 0.0)	(89.0, 0.0)	(90.0, 0.0)	(91.0, 0.0)	(92.0, 0.0)	(93.0, 0.0)	(94.0, 0.0)	(95.0, 0.0)	(96.0, 0.0)	(97.0, 0.0)	(98.0, 0.0)	(99.0, 0.0)	(100.0, 0.0)
SRR37700659_1	(0.0, 0.0)	(1.0, 0.0)	(2.0, 0.0)	(3.0, 0.0)	(4.0, 0.0)	(5.0, 0.0)	(6.0, 0.0)	(7.0, 0.0)	(8.0, 0.0)	(9.0, 0.0)	(10.0, 0.0)	(11.0, 0.0)	(12.0, 0.0)	(13.0, 0.0)	(14.0, 0.0)	(15.0, 0.0)	(16.0, 0.0)	(17.0, 0.0)	(18.0, 0.0)	(19.0, 0.0)	(20.0, 0.0)	(21.0, 0.0)	(22.0, 0.0)	(23.0, 0.0)	(24.0, 0.0015461207829557556)	(25.0, 0.0)	(26.0, 0.0)	(27.0, 0.0)	(28.0, 0.0)	(29.0, 0.0)	(30.0, 0.0)	(31.0, 0.0)	(32.0, 0.0)	(33.0, 0.0)	(34.0, 0.0)	(35.0, 0.004638362348867268)	(36.0, 0.004638362348867268)	(37.0, 0.006184483131823022)	(38.0, 0.0)	(39.0, 0.0)	(40.0, 0.0)	(41.0, 0.0)	(42.0, 0.003092241565911511)	(43.0, 0.015461207829557557)	(44.0, 0.015461207829557557)	(45.0, 0.030922415659115104)	(46.0, 0.04947586505458419)	(47.0, 0.11132069637281433)	(48.0, 0.5504189987322463)	(49.0, 8.076934970160327)	(50.0, 35.33349825287649)	(51.0, 22.894956554008743)	(52.0, 10.924889452365154)	(53.0, 3.7849036766757966)	(54.0, 2.164569096138016)	(55.0, 6.260243050187728)	(56.0, 1.2214354185350587)	(57.0, 0.7807909953926585)	(58.0, 2.0888091777731885)	(59.0, 1.680633291072892)	(60.0, 1.2291660224498369)	(61.0, 1.0745539441542604)	(62.0, 0.1314202665512391)	(63.0, 0.14997371594670808)	(64.0, 0.708123318593736)	(65.0, 0.6045332261356974)	(66.0, 0.0417452611398054)	(67.0, 0.020099570178424824)	(68.0, 0.015461207829557557)	(69.0, 0.009276724697734533)	(70.0, 0.009276724697734533)	(71.0, 0.0015461207829557556)	(72.0, 0.0)	(73.0, 0.0)	(74.0, 0.0)	(75.0, 0.0)	(76.0, 0.0)	(77.0, 0.0)	(78.0, 0.0)	(79.0, 0.0)	(80.0, 0.0)	(81.0, 0.0)	(82.0, 0.0)	(83.0, 0.0)	(84.0, 0.0)	(85.0, 0.0)	(86.0, 0.0)	(87.0, 0.0)	(88.0, 0.0)	(89.0, 0.0)	(90.0, 0.0)	(91.0, 0.0)	(92.0, 0.0)	(93.0, 0.0)	(94.0, 0.0)	(95.0, 0.0)	(96.0, 0.0)	(97.0, 0.0)	(98.0, 0.0)	(99.0, 0.0)	(100.0, 0.0)
SRR37700659_2	(0.0, 0.0)	(1.0, 0.0)	(2.0, 0.0)	(3.0, 0.0)	(4.0, 0.0)	(5.0, 0.0)	(6.0, 0.0)	(7.0, 0.0)	(8.0, 0.0)	(9.0, 0.0)	(10.0, 0.0)	(11.0, 0.0)	(12.0, 0.0)	(13.0, 0.0)	(14.0, 0.0)	(15.0, 0.0)	(16.0, 0.0)	(17.0, 0.0)	(18.0, 0.0)	(19.0, 0.0)	(20.0, 0.0)	(21.0, 0.0)	(22.0, 0.0)	(23.0, 0.0)	(24.0, 0.0)	(25.0, 0.0)	(26.0, 0.0)	(27.0, 0.0)	(28.0, 0.0)	(29.0, 0.0)	(30.0, 0.0)	(31.0, 0.0)	(32.0, 0.0)	(33.0, 0.0)	(34.0, 0.0014515262798834344)	(35.0, 0.0014515262798834344)	(36.0, 0.002903052559766869)	(37.0, 0.014515262798834343)	(38.0, 0.014515262798834343)	(39.0, 0.002903052559766869)	(40.0, 0.004354578839650304)	(41.0, 0.005806105119533738)	(42.0, 0.002903052559766869)	(43.0, 0.01596678907871778)	(44.0, 0.044997314676386464)	(45.0, 0.027578999317785242)	(46.0, 0.03483663071720241)	(47.0, 0.09434920819242319)	(48.0, 0.9594588710029583)	(49.0, 13.104379254788737)	(50.0, 34.28214767827524)	(51.0, 18.827747376370368)	(52.0, 6.858461672448884)	(53.0, 8.405788686804273)	(54.0, 2.3224420478134546)	(55.0, 2.3703424150496133)	(56.0, 5.347422815090573)	(57.0, 0.592222722192439)	(58.0, 0.3193357815743557)	(59.0, 0.23805030990088372)	(60.0, 0.8593035576909985)	(61.0, 1.9726242143615513)	(62.0, 0.5631921965947695)	(63.0, 1.1176752355102568)	(64.0, 0.22063199454228238)	(65.0, 0.16402246962682804)	(66.0, 0.5893196696326721)	(67.0, 0.5181948819183834)	(68.0, 0.043545788396503034)	(69.0, 0.018869841638484645)	(70.0, 0.01016068395918404)	(71.0, 0.008709157679300606)	(72.0, 0.005806105119533738)	(73.0, 0.0014515262798834344)	(74.0, 0.0014515262798834344)	(75.0, 0.0014515262798834344)	(76.0, 0.005806105119533738)	(77.0, 0.0)	(78.0, 0.0)	(79.0, 0.0)	(80.0, 0.0)	(81.0, 0.0)	(82.0, 0.0)	(83.0, 0.0)	(84.0, 0.0)	(85.0, 0.0)	(86.0, 0.0)	(87.0, 0.0)	(88.0, 0.0)	(89.0, 0.0)	(90.0, 0.0)	(91.0, 0.0014515262798834344)	(92.0, 0.0)	(93.0, 0.0)	(94.0, 0.0)	(95.0, 0.0)	(96.0, 0.0)	(97.0, 0.0)	(98.0, 0.0)	(99.0, 0.0)	(100.0, 0.0)
SRR37700660_1	(0.0, 0.0)	(1.0, 0.0)	(2.0, 0.0)	(3.0, 0.0)	(4.0, 0.0)	(5.0, 0.0)	(6.0, 0.0)	(7.0, 0.0)	(8.0, 0.0)	(9.0, 0.0)	(10.0, 0.0)	(11.0, 0.0)	(12.0, 0.0)	(13.0, 0.0)	(14.0, 0.0)	(15.0, 0.0)	(16.0, 0.0)	(17.0, 0.0)	(18.0, 0.0)	(19.0, 0.0)	(20.0, 0.0)	(21.0, 0.0)	(22.0, 0.0)	(23.0, 0.0)	(24.0, 0.0)	(25.0, 0.0)	(26.0, 0.0)	(27.0, 0.0)	(28.0, 0.0)	(29.0, 0.0)	(30.0, 0.0)	(31.0, 0.0)	(32.0, 0.0)	(33.0, 0.0)	(34.0, 0.0)	(35.0, 0.0031129858203494706)	(36.0, 0.0031129858203494706)	(37.0, 0.0015564929101747353)	(38.0, 0.0)	(39.0, 0.0)	(40.0, 0.0)	(41.0, 0.0)	(42.0, 0.004669478730524207)	(43.0, 0.0015564929101747353)	(44.0, 0.012451943281397882)	(45.0, 0.05136426603576628)	(46.0, 0.0933895746104841)	(47.0, 0.27394275219075404)	(48.0, 0.9945989696016637)	(49.0, 4.705278067458433)	(50.0, 10.395816147056564)	(51.0, 5.944246423957267)	(52.0, 18.900493408255187)	(53.0, 15.510451849893073)	(54.0, 6.322474201129641)	(55.0, 10.520335579870602)	(56.0, 3.7246875340482384)	(57.0, 2.3269569007111786)	(58.0, 1.70435973664132)	(59.0, 1.2436378352296245)	(60.0, 7.010444067426717)	(61.0, 6.931062929007823)	(62.0, 0.6101452207884932)	(63.0, 0.9276697744641482)	(64.0, 0.6428315719021636)	(65.0, 0.36266284807071325)	(66.0, 0.1774401917599198)	(67.0, 0.15720578392764809)	(68.0, 0.11984995408345452)	(69.0, 0.11206748953258086)	(70.0, 0.1681012342988713)	(71.0, 0.028016872383145226)	(72.0, 0.009338957461048411)	(73.0, 0.0015564929101747353)	(74.0, 0.0)	(75.0, 0.0015564929101747353)	(76.0, 0.0015564929101747353)	(77.0, 0.0)	(78.0, 0.0)	(79.0, 0.0)	(80.0, 0.0)	(81.0, 0.0)	(82.0, 0.0)	(83.0, 0.0)	(84.0, 0.0)	(85.0, 0.0)	(86.0, 0.0)	(87.0, 0.0)	(88.0, 0.0)	(89.0, 0.0)	(90.0, 0.0)	(91.0, 0.0)	(92.0, 0.0)	(93.0, 0.0)	(94.0, 0.0)	(95.0, 0.0)	(96.0, 0.0)	(97.0, 0.0)	(98.0, 0.0)	(99.0, 0.0)	(100.0, 0.0)
SRR37700660_2	(0.0, 0.0)	(1.0, 0.0)	(2.0, 0.0)	(3.0, 0.0)	(4.0, 0.0)	(5.0, 0.0)	(6.0, 0.0)	(7.0, 0.0)	(8.0, 0.0)	(9.0, 0.0)	(10.0, 0.0)	(11.0, 0.0)	(12.0, 0.0)	(13.0, 0.0)	(14.0, 0.0)	(15.0, 0.0)	(16.0, 0.0)	(17.0, 0.0)	(18.0, 0.0)	(19.0, 0.0)	(20.0, 0.0)	(21.0, 0.0)	(22.0, 0.0)	(23.0, 0.0)	(24.0, 0.0)	(25.0, 0.0)	(26.0, 0.0)	(27.0, 0.0)	(28.0, 0.0)	(29.0, 0.0)	(30.0, 0.0)	(31.0, 0.0)	(32.0, 0.0)	(33.0, 0.0)	(34.0, 0.0)	(35.0, 0.0)	(36.0, 0.0)	(37.0, 0.0013648150675583614)	(38.0, 0.0040944452026750846)	(39.0, 0.0027296301351167227)	(40.0, 0.0)	(41.0, 0.0)	(42.0, 0.0027296301351167227)	(43.0, 0.0027296301351167227)	(44.0, 0.0027296301351167227)	(45.0, 0.0054592602702334455)	(46.0, 0.05459260270233448)	(47.0, 0.12146854101269401)	(48.0, 0.38214821891634015)	(49.0, 3.2591783813294515)	(50.0, 8.848096082980303)	(51.0, 7.259451344342417)	(52.0, 14.424730449026304)	(53.0, 21.40712433465173)	(54.0, 10.31390746553865)	(55.0, 6.537464173604207)	(56.0, 9.261635048450675)	(57.0, 2.35840043674083)	(58.0, 1.4999317592466253)	(59.0, 1.0222464856012237)	(60.0, 1.1273372458032138)	(61.0, 1.2692780128292753)	(62.0, 1.2228743005322937)	(63.0, 6.338201173740732)	(64.0, 1.123242800600539)	(65.0, 0.6346390064146381)	(66.0, 0.5309130612801997)	(67.0, 0.30981302033574804)	(68.0, 0.12692780128292744)	(69.0, 0.13238706155316085)	(70.0, 0.06278149310768466)	(71.0, 0.07506482871570988)	(72.0, 0.05049815749965939)	(73.0, 0.02866111641872558)	(74.0, 0.03002593148628394)	(75.0, 0.04094445202675084)	(76.0, 0.07915927391838495)	(77.0, 0.03412037668895902)	(78.0, 0.0013648150675583614)	(79.0, 0.0013648150675583614)	(80.0, 0.0013648150675583614)	(81.0, 0.0)	(82.0, 0.0013648150675583614)	(83.0, 0.0)	(84.0, 0.0013648150675583614)	(85.0, 0.0)	(86.0, 0.0)	(87.0, 0.0)	(88.0, 0.0)	(89.0, 0.0)	(90.0, 0.0)	(91.0, 0.0)	(92.0, 0.0)	(93.0, 0.0013648150675583614)	(94.0, 0.0013648150675583614)	(95.0, 0.0013648150675583614)	(96.0, 0.0)	(97.0, 0.0)	(98.0, 0.0)	(99.0, 0.0)	(100.0, 0.0)
SRR37700661_1	(0.0, 0.0)	(1.0, 0.0)	(2.0, 0.0)	(3.0, 0.0)	(4.0, 0.0)	(5.0, 0.0)	(6.0, 0.0)	(7.0, 0.0)	(8.0, 0.0)	(9.0, 0.0)	(10.0, 0.0)	(11.0, 0.0)	(12.0, 0.0)	(13.0, 0.0)	(14.0, 0.0)	(15.0, 0.0)	(16.0, 0.0)	(17.0, 0.0)	(18.0, 0.0)	(19.0, 0.0)	(20.0, 0.0)	(21.0, 0.0)	(22.0, 0.0)	(23.0, 0.0)	(24.0, 0.0)	(25.0, 0.0)	(26.0, 0.0)	(27.0, 0.0)	(28.0, 0.0)	(29.0, 0.0)	(30.0, 0.0)	(31.0, 0.0)	(32.0, 0.0)	(33.0, 0.0)	(34.0, 0.0)	(35.0, 0.0067851811643373965)	(36.0, 0.018998507260144713)	(37.0, 0.03663997828742194)	(38.0, 0.0067851811643373965)	(39.0, 0.0)	(40.0, 0.0)	(41.0, 0.0)	(42.0, 0.0)	(43.0, 0.0067851811643373965)	(44.0, 0.02035554349301219)	(45.0, 0.2076265436287247)	(46.0, 0.6649477541050661)	(47.0, 0.5577418917085322)	(48.0, 0.7436558556113821)	(49.0, 3.885194734699751)	(50.0, 12.338173429232183)	(51.0, 8.444836477133615)	(52.0, 24.892115619483736)	(53.0, 7.109512823992245)	(54.0, 3.4088750169632114)	(55.0, 5.706337359207591)	(56.0, 2.286606052381678)	(57.0, 2.004342515945224)	(58.0, 2.039625457999777)	(59.0, 1.6203012620437496)	(60.0, 10.153345094314549)	(61.0, 9.981001492740301)	(62.0, 0.5278870945854467)	(63.0, 0.6174514859547029)	(64.0, 1.2091192834849265)	(65.0, 0.9729949789659926)	(66.0, 0.08685031890351866)	(67.0, 0.05835255801330165)	(68.0, 0.04206812321889186)	(69.0, 0.11941918849233805)	(70.0, 0.1967702537657848)	(71.0, 0.024426652191614624)	(72.0, 0.0013570362328674795)	(73.0, 0.002714072465734959)	(74.0, 0.0)	(75.0, 0.0)	(76.0, 0.0)	(77.0, 0.0)	(78.0, 0.0)	(79.0, 0.0)	(80.0, 0.0)	(81.0, 0.0)	(82.0, 0.0)	(83.0, 0.0)	(84.0, 0.0)	(85.0, 0.0)	(86.0, 0.0)	(87.0, 0.0)	(88.0, 0.0)	(89.0, 0.0)	(90.0, 0.0)	(91.0, 0.0)	(92.0, 0.0)	(93.0, 0.0)	(94.0, 0.0)	(95.0, 0.0)	(96.0, 0.0)	(97.0, 0.0)	(98.0, 0.0)	(99.0, 0.0)	(100.0, 0.0)
SRR37700661_2	(0.0, 0.0)	(1.0, 0.0)	(2.0, 0.0)	(3.0, 0.0)	(4.0, 0.0)	(5.0, 0.0)	(6.0, 0.0)	(7.0, 0.0)	(8.0, 0.0)	(9.0, 0.0)	(10.0, 0.0)	(11.0, 0.0)	(12.0, 0.0)	(13.0, 0.0)	(14.0, 0.0)	(15.0, 0.0)	(16.0, 0.0)	(17.0, 0.0)	(18.0, 0.0)	(19.0, 0.0)	(20.0, 0.0)	(21.0, 0.0)	(22.0, 0.0)	(23.0, 0.0)	(24.0, 0.0)	(25.0, 0.0)	(26.0, 0.0)	(27.0, 0.0)	(28.0, 0.0)	(29.0, 0.0)	(30.0, 0.0011994866197268404)	(31.0, 0.0011994866197268404)	(32.0, 0.0011994866197268404)	(33.0, 0.0011994866197268404)	(34.0, 0.0)	(35.0, 0.0011994866197268404)	(36.0, 0.004797946478907362)	(37.0, 0.03718408521153206)	(38.0, 0.029987165493171004)	(39.0, 0.004797946478907362)	(40.0, 0.0011994866197268404)	(41.0, 0.004797946478907362)	(42.0, 0.004797946478907362)	(43.0, 0.019191785915629443)	(44.0, 0.4426105626792018)	(45.0, 0.37184085211531914)	(46.0, 0.07196919718361043)	(47.0, 0.12834506831077186)	(48.0, 0.3046696014106171)	(49.0, 2.690448488047358)	(50.0, 7.874629658506267)	(51.0, 9.968933296550283)	(52.0, 22.678693519170835)	(53.0, 20.29531360577577)	(54.0, 5.07262891482466)	(55.0, 2.5764972591732946)	(56.0, 5.089421727500832)	(57.0, 2.620878264103193)	(58.0, 1.7860355767732268)	(59.0, 0.6753109669062147)	(60.0, 0.7472801640898271)	(61.0, 1.600115150715577)	(62.0, 1.4513788098694576)	(63.0, 9.22285261907985)	(64.0, 1.4621741894469984)	(65.0, 0.4761961880315535)	(66.0, 0.9655867288801147)	(67.0, 0.8048555218367173)	(68.0, 0.06957022394415674)	(69.0, 0.05157792464825417)	(70.0, 0.03358562535235153)	(71.0, 0.029987165493171004)	(72.0, 0.0551763845074347)	(73.0, 0.020391272535356286)	(74.0, 0.019191785915629443)	(75.0, 0.061173817606068895)	(76.0, 0.11635020211350337)	(77.0, 0.044381004929893116)	(78.0, 0.0011994866197268404)	(79.0, 0.0011994866197268404)	(80.0, 0.0011994866197268404)	(81.0, 0.0011994866197268404)	(82.0, 0.0)	(83.0, 0.0)	(84.0, 0.0)	(85.0, 0.0)	(86.0, 0.0)	(87.0, 0.0)	(88.0, 0.0)	(89.0, 0.0)	(90.0, 0.0)	(91.0, 0.0011994866197268404)	(92.0, 0.0)	(93.0, 0.0)	(94.0, 0.0)	(95.0, 0.0)	(96.0, 0.0)	(97.0, 0.0011994866197268404)	(98.0, 0.0)	(99.0, 0.0)	(100.0, 0.0)
SRR37700662_1	(0.0, 0.0)	(1.0, 0.0)	(2.0, 0.0)	(3.0, 0.0)	(4.0, 0.0)	(5.0, 0.0)	(6.0, 0.0)	(7.0, 0.0)	(8.0, 0.0)	(9.0, 0.0)	(10.0, 0.0)	(11.0, 0.0)	(12.0, 0.0)	(13.0, 0.0)	(14.0, 0.0)	(15.0, 0.0)	(16.0, 0.0)	(17.0, 0.0)	(18.0, 0.0)	(19.0, 0.0)	(20.0, 0.0)	(21.0, 0.0)	(22.0, 0.0)	(23.0, 0.0)	(24.0, 0.0)	(25.0, 0.0)	(26.0, 0.0)	(27.0, 0.0)	(28.0, 0.0)	(29.0, 0.0)	(30.0, 0.0)	(31.0, 0.0)	(32.0, 0.0)	(33.0, 0.0)	(34.0, 0.0)	(35.0, 0.0)	(36.0, 0.0015405472023661678)	(37.0, 0.0015405472023661678)	(38.0, 0.0)	(39.0, 0.0)	(40.0, 0.0)	(41.0, 0.004621641607098504)	(42.0, 0.00770273601183084)	(43.0, 0.009243283214197007)	(44.0, 0.018486566428394018)	(45.0, 0.07394626571357613)	(46.0, 0.36048804535368323)	(47.0, 0.6300838057677605)	(48.0, 1.6376016761152241)	(49.0, 5.2640497904852905)	(50.0, 20.372196204092337)	(51.0, 19.16440719743836)	(52.0, 17.455940350013822)	(53.0, 11.6865910771499)	(54.0, 8.20033275819454)	(55.0, 8.303549420753049)	(56.0, 3.797448853832713)	(57.0, 1.3556815380822316)	(58.0, 0.48219127434060877)	(59.0, 0.13710870101058878)	(60.0, 0.07240571851120996)	(61.0, 0.049297510475717385)	(62.0, 0.08473009613013927)	(63.0, 0.15251417303425047)	(64.0, 0.17254128666501078)	(65.0, 0.10167611535616705)	(66.0, 0.06778407690411144)	(67.0, 0.0647029824993791)	(68.0, 0.09089228493960391)	(69.0, 0.15405472023661662)	(70.0, 0.016946019226027852)	(71.0, 0.006162188809464671)	(72.0, 0.0015405472023661678)	(73.0, 0.0)	(74.0, 0.0)	(75.0, 0.0)	(76.0, 0.0)	(77.0, 0.0)	(78.0, 0.0)	(79.0, 0.0)	(80.0, 0.0)	(81.0, 0.0)	(82.0, 0.0)	(83.0, 0.0)	(84.0, 0.0)	(85.0, 0.0)	(86.0, 0.0)	(87.0, 0.0)	(88.0, 0.0)	(89.0, 0.0)	(90.0, 0.0)	(91.0, 0.0)	(92.0, 0.0)	(93.0, 0.0)	(94.0, 0.0)	(95.0, 0.0)	(96.0, 0.0)	(97.0, 0.0)	(98.0, 0.0)	(99.0, 0.0)	(100.0, 0.0)
SRR37700662_2	(0.0, 0.0)	(1.0, 0.0)	(2.0, 0.0)	(3.0, 0.0)	(4.0, 0.0)	(5.0, 0.0)	(6.0, 0.0)	(7.0, 0.0)	(8.0, 0.0)	(9.0, 0.0)	(10.0, 0.0)	(11.0, 0.0)	(12.0, 0.0)	(13.0, 0.0)	(14.0, 0.0)	(15.0, 0.0)	(16.0, 0.0)	(17.0, 0.0)	(18.0, 0.0)	(19.0, 0.0)	(20.0, 0.0)	(21.0, 0.0)	(22.0, 0.0)	(23.0, 0.0)	(24.0, 0.0)	(25.0, 0.0)	(26.0, 0.0)	(27.0, 0.0)	(28.0, 0.0)	(29.0, 0.0)	(30.0, 0.0)	(31.0, 0.0)	(32.0, 0.0)	(33.0, 0.002935564362248425)	(34.0, 0.0014677821811242126)	(35.0, 0.0014677821811242126)	(36.0, 0.0014677821811242126)	(37.0, 0.0044033465433726375)	(38.0, 0.00587112872449685)	(39.0, 0.002935564362248425)	(40.0, 0.002935564362248425)	(41.0, 0.00587112872449685)	(42.0, 0.0117422574489937)	(43.0, 0.0117422574489937)	(44.0, 0.09393805959194956)	(45.0, 0.08513136650520432)	(46.0, 0.16585938646703596)	(47.0, 0.3566710700131833)	(48.0, 1.3268750917362895)	(49.0, 4.7130485835900044)	(50.0, 10.381623367091354)	(51.0, 15.460149713783439)	(52.0, 15.264934683693829)	(53.0, 17.741083223251504)	(54.0, 13.160135035960751)	(55.0, 6.276236606486934)	(56.0, 8.216644649932704)	(57.0, 1.821517686775121)	(58.0, 1.2652282401290762)	(59.0, 1.8861001027445825)	(60.0, 0.5592250110083218)	(61.0, 0.21136063408188688)	(62.0, 0.03375899016585687)	(63.0, 0.0557757228827201)	(64.0, 0.06751798033171383)	(65.0, 0.1467782181124211)	(66.0, 0.20255394099514154)	(67.0, 0.10274475267869482)	(68.0, 0.06164685160721696)	(69.0, 0.04843681197709902)	(70.0, 0.02935564362248424)	(71.0, 0.05724350506384431)	(72.0, 0.12182592103330951)	(73.0, 0.02788786144136003)	(74.0, 0.00587112872449685)	(75.0, 0.0)	(76.0, 0.0)	(77.0, 0.0)	(78.0, 0.0)	(79.0, 0.0)	(80.0, 0.0)	(81.0, 0.0)	(82.0, 0.0)	(83.0, 0.0)	(84.0, 0.0)	(85.0, 0.0)	(86.0, 0.0)	(87.0, 0.0)	(88.0, 0.0)	(89.0, 0.0)	(90.0, 0.0)	(91.0, 0.0)	(92.0, 0.0)	(93.0, 0.0)	(94.0, 0.0)	(95.0, 0.0)	(96.0, 0.0)	(97.0, 0.0)	(98.0, 0.0)	(99.0, 0.0)	(100.0, 0.0)
SRR37700663_1	(0.0, 0.0)	(1.0, 0.0)	(2.0, 0.0)	(3.0, 0.0)	(4.0, 0.0)	(5.0, 0.0)	(6.0, 0.0)	(7.0, 0.0)	(8.0, 0.0)	(9.0, 0.0)	(10.0, 0.0)	(11.0, 0.0)	(12.0, 0.0)	(13.0, 0.0)	(14.0, 0.0)	(15.0, 0.0)	(16.0, 0.0)	(17.0, 0.0)	(18.0, 0.0)	(19.0, 0.0)	(20.0, 0.0)	(21.0, 0.0)	(22.0, 0.0)	(23.0, 0.0)	(24.0, 0.0)	(25.0, 0.0)	(26.0, 0.0)	(27.0, 0.0)	(28.0, 0.0)	(29.0, 0.0)	(30.0, 0.0)	(31.0, 0.0)	(32.0, 0.0)	(33.0, 0.0)	(34.0, 0.0)	(35.0, 0.018883471812125477)	(36.0, 0.020600151067773246)	(37.0, 0.0017166792556477703)	(38.0, 0.0034333585112955407)	(39.0, 0.0034333585112955407)	(40.0, 0.0)	(41.0, 0.0034333585112955407)	(42.0, 0.0034333585112955407)	(43.0, 0.00858339627823885)	(44.0, 0.006866717022591081)	(45.0, 0.022316830323421015)	(46.0, 0.1030007553388662)	(47.0, 0.18711803886560688)	(48.0, 0.5441873240403411)	(49.0, 7.522488498248257)	(50.0, 21.051637712012425)	(51.0, 7.73020668818159)	(52.0, 22.7648836091474)	(53.0, 14.145437066538303)	(54.0, 3.5638261347248164)	(55.0, 6.671015587447157)	(56.0, 1.9535809929271415)	(57.0, 1.9278308040924266)	(58.0, 3.527775870356209)	(59.0, 2.695186431366946)	(60.0, 2.159582503604862)	(61.0, 1.8282634072648611)	(62.0, 0.2351850580237448)	(63.0, 0.43431985167888526)	(64.0, 0.4549200027466583)	(65.0, 0.21458490695597138)	(66.0, 0.05321705692508088)	(67.0, 0.0394836228798987)	(68.0, 0.0394836228798987)	(69.0, 0.049783698413785334)	(70.0, 0.00858339627823885)	(71.0, 0.0017166792556477703)	(72.0, 0.0)	(73.0, 0.0)	(74.0, 0.0)	(75.0, 0.0)	(76.0, 0.0)	(77.0, 0.0)	(78.0, 0.0)	(79.0, 0.0)	(80.0, 0.0)	(81.0, 0.0)	(82.0, 0.0)	(83.0, 0.0)	(84.0, 0.0)	(85.0, 0.0)	(86.0, 0.0)	(87.0, 0.0)	(88.0, 0.0)	(89.0, 0.0)	(90.0, 0.0)	(91.0, 0.0)	(92.0, 0.0)	(93.0, 0.0)	(94.0, 0.0)	(95.0, 0.0)	(96.0, 0.0)	(97.0, 0.0)	(98.0, 0.0)	(99.0, 0.0)	(100.0, 0.0)
SRR37700663_2	(0.0, 0.0)	(1.0, 0.0)	(2.0, 0.0)	(3.0, 0.0)	(4.0, 0.0)	(5.0, 0.0)	(6.0, 0.0)	(7.0, 0.0)	(8.0, 0.0)	(9.0, 0.0)	(10.0, 0.0)	(11.0, 0.0)	(12.0, 0.0)	(13.0, 0.0)	(14.0, 0.0)	(15.0, 0.0)	(16.0, 0.0)	(17.0, 0.0)	(18.0, 0.0)	(19.0, 0.0)	(20.0, 0.0)	(21.0, 0.0)	(22.0, 0.0)	(23.0, 0.0)	(24.0, 0.0)	(25.0, 0.0)	(26.0, 0.0)	(27.0, 0.0)	(28.0, 0.0)	(29.0, 0.0)	(30.0, 0.0)	(31.0, 0.0)	(32.0, 0.004097744874404042)	(33.0, 0.0)	(34.0, 0.0)	(35.0, 0.0013659149581346805)	(36.0, 0.0013659149581346805)	(37.0, 0.008195489748808082)	(38.0, 0.009561404706942764)	(39.0, 0.006829574790673403)	(40.0, 0.004097744874404042)	(41.0, 0.004097744874404042)	(42.0, 0.008195489748808082)	(43.0, 0.013659149581346806)	(44.0, 0.02868421412082828)	(45.0, 0.023220554288289567)	(46.0, 0.03278195899523232)	(47.0, 0.09971179194383162)	(48.0, 0.25815792708745533)	(49.0, 1.7483711464123635)	(50.0, 12.397044160031419)	(51.0, 15.895152367815927)	(52.0, 18.655666498204816)	(53.0, 23.075767302724625)	(54.0, 9.258171586236495)	(55.0, 2.551529141795587)	(56.0, 5.245113439237125)	(57.0, 1.643195694635999)	(58.0, 1.0353635382660993)	(59.0, 0.8495991039597776)	(60.0, 1.3290352542650403)	(61.0, 2.3821556869868674)	(62.0, 0.5750501973746989)	(63.0, 1.443772110748347)	(64.0, 0.35104014424061236)	(65.0, 0.3073308655803032)	(66.0, 0.35786971903128567)	(67.0, 0.21171681851087587)	(68.0, 0.04917293849284851)	(69.0, 0.03687970386963637)	(70.0, 0.019122809413885528)	(71.0, 0.016390979497616167)	(72.0, 0.03278195899523232)	(73.0, 0.010927319665077444)	(74.0, 0.005463659832538722)	(75.0, 0.004097744874404042)	(76.0, 0.002731829916269361)	(77.0, 0.0013659149581346805)	(78.0, 0.0013659149581346805)	(79.0, 0.0)	(80.0, 0.0)	(81.0, 0.0)	(82.0, 0.0)	(83.0, 0.0)	(84.0, 0.0)	(85.0, 0.0)	(86.0, 0.0)	(87.0, 0.0)	(88.0, 0.0013659149581346805)	(89.0, 0.0013659149581346805)	(90.0, 0.0)	(91.0, 0.0)	(92.0, 0.0)	(93.0, 0.0)	(94.0, 0.0)	(95.0, 0.0)	(96.0, 0.0)	(97.0, 0.0)	(98.0, 0.0)	(99.0, 0.0)	(100.0, 0.0)
SRR37700664_1	(0.0, 0.0)	(1.0, 0.0)	(2.0, 0.0)	(3.0, 0.0)	(4.0, 0.0)	(5.0, 0.0)	(6.0, 0.0)	(7.0, 0.0)	(8.0, 0.0)	(9.0, 0.0)	(10.0, 0.0)	(11.0, 0.0)	(12.0, 0.0)	(13.0, 0.0)	(14.0, 0.0)	(15.0, 0.0)	(16.0, 0.0)	(17.0, 0.0)	(18.0, 0.0)	(19.0, 0.0)	(20.0, 0.0)	(21.0, 0.0)	(22.0, 0.0)	(23.0, 0.0)	(24.0, 0.0)	(25.0, 0.0)	(26.0, 0.0)	(27.0, 0.0)	(28.0, 0.0)	(29.0, 0.0)	(30.0, 0.0)	(31.0, 0.0)	(32.0, 0.0)	(33.0, 0.0)	(34.0, 0.0)	(35.0, 0.0)	(36.0, 0.0017788213529715759)	(37.0, 0.0017788213529715759)	(38.0, 0.0)	(39.0, 0.0)	(40.0, 0.0017788213529715759)	(41.0, 0.0)	(42.0, 0.0)	(43.0, 0.005336464058914728)	(44.0, 0.0071152854118863035)	(45.0, 0.0035576427059431518)	(46.0, 0.021345856235658912)	(47.0, 0.06581639005994834)	(48.0, 0.37888894818294605)	(49.0, 6.747069391821143)	(50.0, 16.05564153192278)	(51.0, 5.941263318925203)	(52.0, 15.000800469610157)	(53.0, 32.31228987672314)	(54.0, 2.5792909618087316)	(55.0, 2.887027055872823)	(56.0, 0.9285447462511656)	(57.0, 1.988722272622202)	(58.0, 5.016276215380041)	(59.0, 1.8695412419731134)	(60.0, 3.845811765124611)	(61.0, 3.699948414180926)	(62.0, 0.19389152747390168)	(63.0, 0.15297863635555534)	(64.0, 0.11206574523720925)	(65.0, 0.0604799260010336)	(66.0, 0.023124677588630484)	(67.0, 0.016009392176744186)	(68.0, 0.017788213529715758)	(69.0, 0.03201878435348836)	(70.0, 0.02490349894160206)	(71.0, 0.005336464058914728)	(72.0, 0.0017788213529715759)	(73.0, 0.0)	(74.0, 0.0)	(75.0, 0.0)	(76.0, 0.0)	(77.0, 0.0)	(78.0, 0.0)	(79.0, 0.0)	(80.0, 0.0)	(81.0, 0.0)	(82.0, 0.0)	(83.0, 0.0)	(84.0, 0.0)	(85.0, 0.0)	(86.0, 0.0)	(87.0, 0.0)	(88.0, 0.0)	(89.0, 0.0)	(90.0, 0.0)	(91.0, 0.0)	(92.0, 0.0)	(93.0, 0.0)	(94.0, 0.0)	(95.0, 0.0)	(96.0, 0.0)	(97.0, 0.0)	(98.0, 0.0)	(99.0, 0.0)	(100.0, 0.0)
SRR37700664_2	(0.0, 0.0)	(1.0, 0.0)	(2.0, 0.0)	(3.0, 0.0)	(4.0, 0.0)	(5.0, 0.0)	(6.0, 0.0)	(7.0, 0.0)	(8.0, 0.0)	(9.0, 0.0)	(10.0, 0.0)	(11.0, 0.0)	(12.0, 0.0)	(13.0, 0.0)	(14.0, 0.0)	(15.0, 0.0)	(16.0, 0.0)	(17.0, 0.0)	(18.0, 0.0)	(19.0, 0.0)	(20.0, 0.0)	(21.0, 0.0)	(22.0, 0.0)	(23.0, 0.0)	(24.0, 0.0)	(25.0, 0.0)	(26.0, 0.0)	(27.0, 0.0)	(28.0, 0.0)	(29.0, 0.0)	(30.0, 0.0)	(31.0, 0.0)	(32.0, 0.0)	(33.0, 0.0)	(34.0, 0.0)	(35.0, 0.002675656873762771)	(36.0, 0.004013485310644157)	(37.0, 0.0)	(38.0, 0.0)	(39.0, 0.0013378284368813856)	(40.0, 0.004013485310644157)	(41.0, 0.004013485310644157)	(42.0, 0.004013485310644157)	(43.0, 0.004013485310644157)	(44.0, 0.002675656873762771)	(45.0, 0.006689142184406928)	(46.0, 0.010702627495051084)	(47.0, 0.024080911863864934)	(48.0, 0.12575587306685007)	(49.0, 2.7492374377912796)	(50.0, 9.96815968320325)	(51.0, 9.392893455343994)	(52.0, 10.891261304651827)	(53.0, 28.58805586771027)	(54.0, 22.15176325787978)	(55.0, 1.1130732594853194)	(56.0, 2.1003906459037336)	(57.0, 0.5378070316263147)	(58.0, 1.0368170385830848)	(59.0, 1.0876545191845748)	(60.0, 2.6234815647244147)	(61.0, 3.355273719698616)	(62.0, 0.7893187777600223)	(63.0, 2.8040884037034224)	(64.0, 0.35853802108421057)	(65.0, 0.07358056402847621)	(66.0, 0.0682292502809507)	(67.0, 0.03210788248515324)	(68.0, 0.01204045593193247)	(69.0, 0.017391769679458012)	(70.0, 0.0)	(71.0, 0.010702627495051084)	(72.0, 0.013378284368813857)	(73.0, 0.009364799058169698)	(74.0, 0.0)	(75.0, 0.005351313747525542)	(76.0, 0.01204045593193247)	(77.0, 0.004013485310644157)	(78.0, 0.0)	(79.0, 0.0)	(80.0, 0.0)	(81.0, 0.0)	(82.0, 0.0)	(83.0, 0.0)	(84.0, 0.0)	(85.0, 0.0)	(86.0, 0.0)	(87.0, 0.0)	(88.0, 0.0)	(89.0, 0.0)	(90.0, 0.0)	(91.0, 0.0)	(92.0, 0.0)	(93.0, 0.0)	(94.0, 0.0)	(95.0, 0.0)	(96.0, 0.0)	(97.0, 0.0)	(98.0, 0.0)	(99.0, 0.0)	(100.0, 0.0)
SRR37700665_1	(0.0, 0.0)	(1.0, 0.0)	(2.0, 0.0)	(3.0, 0.0)	(4.0, 0.0)	(5.0, 0.0)	(6.0, 0.0)	(7.0, 0.0)	(8.0, 0.0)	(9.0, 0.0)	(10.0, 0.0)	(11.0, 0.0)	(12.0, 0.0)	(13.0, 0.0)	(14.0, 0.0)	(15.0, 0.0)	(16.0, 0.0)	(17.0, 0.0)	(18.0, 0.0)	(19.0, 0.0)	(20.0, 0.0)	(21.0, 0.0)	(22.0, 0.0)	(23.0, 0.0)	(24.0, 0.0)	(25.0, 0.0)	(26.0, 0.0)	(27.0, 0.0)	(28.0, 0.0)	(29.0, 0.0)	(30.0, 0.0)	(31.0, 0.0)	(32.0, 0.0)	(33.0, 0.0)	(34.0, 0.0)	(35.0, 0.0035036700944239894)	(36.0, 0.0035036700944239894)	(37.0, 0.0)	(38.0, 0.0017518350472119947)	(39.0, 0.0017518350472119947)	(40.0, 0.0017518350472119947)	(41.0, 0.0)	(42.0, 0.0017518350472119947)	(43.0, 0.0035036700944239894)	(44.0, 0.01051101028327197)	(45.0, 0.05080321636914785)	(46.0, 0.16292065939071532)	(47.0, 0.36438168982009544)	(48.0, 2.675052117092656)	(49.0, 13.235113781686767)	(50.0, 9.163849131965328)	(51.0, 8.34223849482309)	(52.0, 25.857085296849018)	(53.0, 9.237426203948216)	(54.0, 4.926160152760322)	(55.0, 10.053781335948822)	(56.0, 3.1760769405953404)	(57.0, 1.5205928209800168)	(58.0, 1.2420510484733167)	(59.0, 0.9932904717692063)	(60.0, 2.9080461783718747)	(61.0, 2.837972776483387)	(62.0, 0.4905138132193573)	(63.0, 0.9600056058721775)	(64.0, 0.7760629259149128)	(65.0, 0.4817546379832975)	(66.0, 0.09459909254944775)	(67.0, 0.06832156684126783)	(68.0, 0.07182523693569183)	(69.0, 0.1331394635881115)	(70.0, 0.12963579349368753)	(71.0, 0.015766515424907954)	(72.0, 0.0017518350472119947)	(73.0, 0.0017518350472119947)	(74.0, 0.0)	(75.0, 0.0)	(76.0, 0.0)	(77.0, 0.0)	(78.0, 0.0)	(79.0, 0.0)	(80.0, 0.0)	(81.0, 0.0)	(82.0, 0.0)	(83.0, 0.0)	(84.0, 0.0)	(85.0, 0.0)	(86.0, 0.0)	(87.0, 0.0)	(88.0, 0.0)	(89.0, 0.0)	(90.0, 0.0)	(91.0, 0.0)	(92.0, 0.0)	(93.0, 0.0)	(94.0, 0.0)	(95.0, 0.0)	(96.0, 0.0)	(97.0, 0.0)	(98.0, 0.0)	(99.0, 0.0)	(100.0, 0.0)
SRR37700665_2	(0.0, 0.0)	(1.0, 0.0)	(2.0, 0.0)	(3.0, 0.0)	(4.0, 0.0)	(5.0, 0.0)	(6.0, 0.0)	(7.0, 0.0)	(8.0, 0.0)	(9.0, 0.0)	(10.0, 0.0)	(11.0, 0.0)	(12.0, 0.0)	(13.0, 0.0)	(14.0, 0.0)	(15.0, 0.0)	(16.0, 0.0)	(17.0, 0.0)	(18.0, 0.0)	(19.0, 0.0)	(20.0, 0.0)	(21.0, 0.0)	(22.0, 0.0)	(23.0, 0.0)	(24.0, 0.0)	(25.0, 0.0)	(26.0, 0.0)	(27.0, 0.0)	(28.0, 0.0)	(29.0, 0.0)	(30.0, 0.0)	(31.0, 0.0)	(32.0, 0.0)	(33.0, 0.0)	(34.0, 0.0)	(35.0, 0.0)	(36.0, 0.0)	(37.0, 0.0)	(38.0, 0.0)	(39.0, 0.003032508491023771)	(40.0, 0.003032508491023771)	(41.0, 0.0015162542455118854)	(42.0, 0.003032508491023771)	(43.0, 0.007581271227559426)	(44.0, 0.003032508491023771)	(45.0, 0.015162542455118853)	(46.0, 0.053068898592916)	(47.0, 0.18043425521591439)	(48.0, 1.2994298884036912)	(49.0, 11.135371179039266)	(50.0, 6.5229257641919185)	(51.0, 7.168850072779834)	(52.0, 21.282144590005803)	(53.0, 22.131246967491684)	(54.0, 5.3933163512858195)	(55.0, 4.70493692382358)	(56.0, 8.389434740416625)	(57.0, 2.391132945172197)	(58.0, 1.0310528869480915)	(59.0, 0.7141557496360984)	(60.0, 0.6565380883066452)	(61.0, 0.9522076661814711)	(62.0, 0.6413755458515259)	(63.0, 2.5791484716156923)	(64.0, 0.873362445414851)	(65.0, 0.41090490053372003)	(66.0, 0.5837578845220726)	(67.0, 0.433648714216398)	(68.0, 0.06216642406598733)	(69.0, 0.066715186802523)	(70.0, 0.02426006792819016)	(71.0, 0.03487384764677335)	(72.0, 0.06368267831149922)	(73.0, 0.025776322173702043)	(74.0, 0.01667879670063074)	(75.0, 0.04245511887433279)	(76.0, 0.07278020378457055)	(77.0, 0.02426006792819016)	(78.0, 0.0015162542455118854)	(79.0, 0.0)	(80.0, 0.0)	(81.0, 0.0)	(82.0, 0.0)	(83.0, 0.0)	(84.0, 0.0)	(85.0, 0.0)	(86.0, 0.0)	(87.0, 0.0)	(88.0, 0.0)	(89.0, 0.0)	(90.0, 0.0)	(91.0, 0.0)	(92.0, 0.0)	(93.0, 0.0)	(94.0, 0.0)	(95.0, 0.0)	(96.0, 0.0)	(97.0, 0.0)	(98.0, 0.0)	(99.0, 0.0)	(100.0, 0.0)
SRR37700666_1	(0.0, 0.0)	(1.0, 0.0)	(2.0, 0.0)	(3.0, 0.0)	(4.0, 0.0)	(5.0, 0.0)	(6.0, 0.0)	(7.0, 0.0)	(8.0, 0.0)	(9.0, 0.0)	(10.0, 0.0)	(11.0, 0.0)	(12.0, 0.0)	(13.0, 0.0)	(14.0, 0.0)	(15.0, 0.0)	(16.0, 0.0)	(17.0, 0.0)	(18.0, 0.0)	(19.0, 0.0)	(20.0, 0.0)	(21.0, 0.0)	(22.0, 0.0)	(23.0, 0.0)	(24.0, 0.0)	(25.0, 0.0)	(26.0, 0.0)	(27.0, 0.0)	(28.0, 0.0)	(29.0, 0.0)	(30.0, 0.0)	(31.0, 0.0)	(32.0, 0.0)	(33.0, 0.0)	(34.0, 0.0)	(35.0, 0.0)	(36.0, 0.005015632053232458)	(37.0, 0.0016718773510774859)	(38.0, 0.0)	(39.0, 0.0)	(40.0, 0.0)	(41.0, 0.0)	(42.0, 0.0)	(43.0, 0.005015632053232458)	(44.0, 0.011703141457542402)	(45.0, 0.02173440556400732)	(46.0, 0.023406282915084804)	(47.0, 0.09362513166033923)	(48.0, 0.37450052664135697)	(49.0, 2.4676909701903167)	(50.0, 8.06513634159736)	(51.0, 5.069132128467164)	(52.0, 6.685837526958747)	(53.0, 9.265544279670722)	(54.0, 6.092321067326375)	(55.0, 14.648989350141989)	(56.0, 4.305084179024665)	(57.0, 5.029007072041299)	(58.0, 2.6515974788088434)	(59.0, 1.5364552856402098)	(60.0, 14.536973567619746)	(61.0, 14.510223530002495)	(62.0, 0.9212044204436991)	(63.0, 0.7841104776553414)	(64.0, 1.38264256934109)	(65.0, 1.0700015046895996)	(66.0, 0.11703141457542394)	(67.0, 0.0869376222560293)	(68.0, 0.06520321669202198)	(69.0, 0.06520321669202198)	(70.0, 0.08860949960710679)	(71.0, 0.018390650861852348)	(72.0, 0.0)	(73.0, 0.0)	(74.0, 0.0)	(75.0, 0.0)	(76.0, 0.0)	(77.0, 0.0)	(78.0, 0.0)	(79.0, 0.0)	(80.0, 0.0)	(81.0, 0.0)	(82.0, 0.0)	(83.0, 0.0)	(84.0, 0.0)	(85.0, 0.0)	(86.0, 0.0)	(87.0, 0.0)	(88.0, 0.0)	(89.0, 0.0)	(90.0, 0.0)	(91.0, 0.0)	(92.0, 0.0)	(93.0, 0.0)	(94.0, 0.0)	(95.0, 0.0)	(96.0, 0.0)	(97.0, 0.0)	(98.0, 0.0)	(99.0, 0.0)	(100.0, 0.0)
SRR37700666_2	(0.0, 0.0)	(1.0, 0.0)	(2.0, 0.0)	(3.0, 0.0)	(4.0, 0.0)	(5.0, 0.0)	(6.0, 0.0)	(7.0, 0.0)	(8.0, 0.0)	(9.0, 0.0)	(10.0, 0.0)	(11.0, 0.0)	(12.0, 0.0)	(13.0, 0.0)	(14.0, 0.0)	(15.0, 0.0)	(16.0, 0.0)	(17.0, 0.0)	(18.0, 0.0)	(19.0, 0.0)	(20.0, 0.0)	(21.0, 0.0)	(22.0, 0.0)	(23.0, 0.0)	(24.0, 0.0)	(25.0, 0.0)	(26.0, 0.0)	(27.0, 0.0)	(28.0, 0.0)	(29.0, 0.0)	(30.0, 0.0)	(31.0, 0.0)	(32.0, 0.0)	(33.0, 0.0)	(34.0, 0.0)	(35.0, 0.0)	(36.0, 0.001746450339684555)	(37.0, 0.001746450339684555)	(38.0, 0.001746450339684555)	(39.0, 0.001746450339684555)	(40.0, 0.001746450339684555)	(41.0, 0.001746450339684555)	(42.0, 0.008732251698422776)	(43.0, 0.00698580135873822)	(44.0, 0.010478702038107331)	(45.0, 0.015718053057160997)	(46.0, 0.033182556454006536)	(47.0, 0.06985801358738224)	(48.0, 0.38421907473060235)	(49.0, 3.976667423461818)	(50.0, 8.051136065945432)	(51.0, 4.912764805532846)	(52.0, 5.253322621771373)	(53.0, 9.032641156847928)	(54.0, 6.646989992839369)	(55.0, 7.202361200858931)	(56.0, 15.157442498123292)	(57.0, 5.688188756352766)	(58.0, 5.4873469672890876)	(59.0, 1.215529436420462)	(60.0, 1.1159817670584395)	(61.0, 1.65738137236064)	(62.0, 2.495677535409179)	(63.0, 15.906669693848304)	(64.0, 2.1568661695103946)	(65.0, 0.6950872351944498)	(66.0, 1.2714158472903694)	(67.0, 1.0513631044901093)	(68.0, 0.12574442445728787)	(69.0, 0.06811156324769768)	(70.0, 0.04016835781274475)	(71.0, 0.050647059850852105)	(72.0, 0.050647059850852105)	(73.0, 0.015718053057160997)	(74.0, 0.012225152377791886)	(75.0, 0.033182556454006536)	(76.0, 0.06112576188895944)	(77.0, 0.02445030475558377)	(78.0, 0.001746450339684555)	(79.0, 0.0)	(80.0, 0.001746450339684555)	(81.0, 0.0)	(82.0, 0.0)	(83.0, 0.0)	(84.0, 0.0)	(85.0, 0.0)	(86.0, 0.0)	(87.0, 0.0)	(88.0, 0.0)	(89.0, 0.0)	(90.0, 0.0)	(91.0, 0.0)	(92.0, 0.0)	(93.0, 0.0)	(94.0, 0.0)	(95.0, 0.0)	(96.0, 0.0)	(97.0, 0.0)	(98.0, 0.0)	(99.0, 0.0)	(100.0, 0.0)
SRR37700667_1	(0.0, 0.0)	(1.0, 0.0)	(2.0, 0.0)	(3.0, 0.0)	(4.0, 0.0)	(5.0, 0.0)	(6.0, 0.0)	(7.0, 0.0)	(8.0, 0.0)	(9.0, 0.0)	(10.0, 0.0)	(11.0, 0.0)	(12.0, 0.0)	(13.0, 0.0)	(14.0, 0.0)	(15.0, 0.0)	(16.0, 0.0)	(17.0, 0.0)	(18.0, 0.0)	(19.0, 0.0)	(20.0, 0.0)	(21.0, 0.0)	(22.0, 0.0)	(23.0, 0.0)	(24.0, 0.0)	(25.0, 0.0)	(26.0, 0.0)	(27.0, 0.0)	(28.0, 0.0)	(29.0, 0.0)	(30.0, 0.0)	(31.0, 0.0)	(32.0, 0.0)	(33.0, 0.0)	(34.0, 0.00162488016508784)	(35.0, 0.0)	(36.0, 0.0)	(37.0, 0.00324976033017568)	(38.0, 0.0)	(39.0, 0.0)	(40.0, 0.0)	(41.0, 0.0)	(42.0, 0.0)	(43.0, 0.00162488016508784)	(44.0, 0.0081244008254392)	(45.0, 0.01299904132070272)	(46.0, 0.029247842971581114)	(47.0, 0.07961912808930421)	(48.0, 0.5134621321677554)	(49.0, 3.7453487805275563)	(50.0, 10.329363209462649)	(51.0, 6.82287181320365)	(52.0, 25.05890190598367)	(53.0, 22.587459174887314)	(54.0, 3.8753391937345985)	(55.0, 9.247193019514157)	(56.0, 1.4282696651122153)	(57.0, 0.7328209544546155)	(58.0, 1.8296150658888892)	(59.0, 2.157840859236614)	(60.0, 5.017629949791471)	(61.0, 4.561038623401744)	(62.0, 0.3850965991258179)	(63.0, 0.5102123718375798)	(64.0, 0.4890889296914382)	(65.0, 0.24373202476317637)	(66.0, 0.07961912808930421)	(67.0, 0.07474448759404069)	(68.0, 0.06824496693368932)	(69.0, 0.06012056610825011)	(70.0, 0.04062200412719599)	(71.0, 0.00162488016508784)	(72.0, 0.0)	(73.0, 0.00162488016508784)	(74.0, 0.00162488016508784)	(75.0, 0.0)	(76.0, 0.0)	(77.0, 0.0)	(78.0, 0.0)	(79.0, 0.0)	(80.0, 0.0)	(81.0, 0.0)	(82.0, 0.0)	(83.0, 0.0)	(84.0, 0.0)	(85.0, 0.0)	(86.0, 0.0)	(87.0, 0.0)	(88.0, 0.0)	(89.0, 0.0)	(90.0, 0.0)	(91.0, 0.0)	(92.0, 0.0)	(93.0, 0.0)	(94.0, 0.0)	(95.0, 0.0)	(96.0, 0.0)	(97.0, 0.0)	(98.0, 0.0)	(99.0, 0.0)	(100.0, 0.0)
SRR37700667_2	(0.0, 0.0)	(1.0, 0.0)	(2.0, 0.0)	(3.0, 0.0)	(4.0, 0.0)	(5.0, 0.0)	(6.0, 0.0)	(7.0, 0.0)	(8.0, 0.0)	(9.0, 0.0)	(10.0, 0.0)	(11.0, 0.0)	(12.0, 0.0)	(13.0, 0.0)	(14.0, 0.0)	(15.0, 0.0)	(16.0, 0.0)	(17.0, 0.0)	(18.0, 0.0)	(19.0, 0.0)	(20.0, 0.0)	(21.0, 0.0)	(22.0, 0.0)	(23.0, 0.0)	(24.0, 0.0)	(25.0, 0.0)	(26.0, 0.0)	(27.0, 0.0)	(28.0, 0.0)	(29.0, 0.0)	(30.0, 0.0)	(31.0, 0.0)	(32.0, 0.0)	(33.0, 0.0)	(34.0, 0.0)	(35.0, 0.0)	(36.0, 0.0)	(37.0, 0.0)	(38.0, 0.0)	(39.0, 0.0013143886121371573)	(40.0, 0.005257554448548629)	(41.0, 0.0039431658364114715)	(42.0, 0.0026287772242743145)	(43.0, 0.0039431658364114715)	(44.0, 0.006571943060685786)	(45.0, 0.005257554448548629)	(46.0, 0.006571943060685786)	(47.0, 0.04600360142480052)	(48.0, 0.21161656655408276)	(49.0, 0.697940353044833)	(50.0, 5.172119188759639)	(51.0, 8.606616632273612)	(52.0, 19.074407539334707)	(53.0, 29.497509233572885)	(54.0, 15.691171251696112)	(55.0, 3.007321144569882)	(56.0, 7.072725121909536)	(57.0, 0.9897346249392903)	(58.0, 0.49815328399997977)	(59.0, 0.3115101010765061)	(60.0, 0.5073540042849399)	(61.0, 1.7704814605487191)	(62.0, 1.0199655630184448)	(63.0, 3.930021950290272)	(64.0, 0.7229137366754398)	(65.0, 0.3680288113984031)	(66.0, 0.3075669352400947)	(67.0, 0.19847268043271105)	(68.0, 0.05257554448548632)	(69.0, 0.06046187615830927)	(70.0, 0.03417410391556608)	(71.0, 0.04206043558838904)	(72.0, 0.030230938079154605)	(73.0, 0.011829497509234415)	(74.0, 0.0026287772242743145)	(75.0, 0.007886331672822943)	(76.0, 0.017087051957783043)	(77.0, 0.0039431658364114715)	(78.0, 0.0)	(79.0, 0.0)	(80.0, 0.0)	(81.0, 0.0)	(82.0, 0.0)	(83.0, 0.0)	(84.0, 0.0)	(85.0, 0.0)	(86.0, 0.0)	(87.0, 0.0)	(88.0, 0.0)	(89.0, 0.0)	(90.0, 0.0)	(91.0, 0.0)	(92.0, 0.0)	(93.0, 0.0)	(94.0, 0.0)	(95.0, 0.0)	(96.0, 0.0)	(97.0, 0.0)	(98.0, 0.0)	(99.0, 0.0)	(100.0, 0.0)
SRR37700668_1	(0.0, 0.0)	(1.0, 0.0)	(2.0, 0.0)	(3.0, 0.0)	(4.0, 0.0)	(5.0, 0.0)	(6.0, 0.0)	(7.0, 0.0)	(8.0, 0.0)	(9.0, 0.0)	(10.0, 0.0)	(11.0, 0.0)	(12.0, 0.0)	(13.0, 0.0)	(14.0, 0.0)	(15.0, 0.0)	(16.0, 0.0)	(17.0, 0.0)	(18.0, 0.0)	(19.0, 0.0)	(20.0, 0.0)	(21.0, 0.0)	(22.0, 0.0)	(23.0, 0.0)	(24.0, 0.0)	(25.0, 0.0)	(26.0, 0.0)	(27.0, 0.0)	(28.0, 0.0)	(29.0, 0.0)	(30.0, 0.0)	(31.0, 0.0)	(32.0, 0.0)	(33.0, 0.002813414359666963)	(34.0, 0.002813414359666963)	(35.0, 0.0)	(36.0, 0.019693900517668738)	(37.0, 0.025320729237002664)	(38.0, 0.005626828719333926)	(39.0, 0.002813414359666963)	(40.0, 0.011253657438667852)	(41.0, 0.005626828719333926)	(42.0, 0.0)	(43.0, 0.00844024307900089)	(44.0, 0.01688048615800178)	(45.0, 0.1772451046590186)	(46.0, 0.5598694575737269)	(47.0, 1.3194913346838062)	(48.0, 0.953747467927096)	(49.0, 5.76749943731734)	(50.0, 9.078888138645581)	(51.0, 17.322192212467936)	(52.0, 19.353477380148405)	(53.0, 12.43247805536784)	(54.0, 10.40400630204842)	(55.0, 11.897929327031239)	(56.0, 6.105109160477413)	(57.0, 2.028471753319901)	(58.0, 0.7146072473554076)	(59.0, 0.272901192887695)	(60.0, 0.23914022057169157)	(61.0, 0.2503938780103594)	(62.0, 0.17443169029935165)	(63.0, 0.27008777852802807)	(64.0, 0.11816340310601252)	(65.0, 0.06189511591267316)	(66.0, 0.059081701553006204)	(67.0, 0.03376097231600356)	(68.0, 0.12097681746567948)	(69.0, 0.16880486158001776)	(70.0, 0.014067071798334814)	(71.0, 0.0)	(72.0, 0.0)	(73.0, 0.0)	(74.0, 0.0)	(75.0, 0.0)	(76.0, 0.0)	(77.0, 0.0)	(78.0, 0.0)	(79.0, 0.0)	(80.0, 0.0)	(81.0, 0.0)	(82.0, 0.0)	(83.0, 0.0)	(84.0, 0.0)	(85.0, 0.0)	(86.0, 0.0)	(87.0, 0.0)	(88.0, 0.0)	(89.0, 0.0)	(90.0, 0.0)	(91.0, 0.0)	(92.0, 0.0)	(93.0, 0.0)	(94.0, 0.0)	(95.0, 0.0)	(96.0, 0.0)	(97.0, 0.0)	(98.0, 0.0)	(99.0, 0.0)	(100.0, 0.0)
SRR37700668_2	(0.0, 0.0)	(1.0, 0.0)	(2.0, 0.0)	(3.0, 0.0)	(4.0, 0.0)	(5.0, 0.0)	(6.0, 0.0)	(7.0, 0.0)	(8.0, 0.0)	(9.0, 0.0)	(10.0, 0.0)	(11.0, 0.0)	(12.0, 0.0)	(13.0, 0.0)	(14.0, 0.0)	(15.0, 0.0)	(16.0, 0.0)	(17.0, 0.0)	(18.0, 0.0)	(19.0, 0.0)	(20.0, 0.0)	(21.0, 0.0)	(22.0, 0.0)	(23.0, 0.0)	(24.0, 0.0)	(25.0, 0.0)	(26.0, 0.0)	(27.0, 0.0)	(28.0, 0.0)	(29.0, 0.0)	(30.0, 0.002606066923798658)	(31.0, 0.002606066923798658)	(32.0, 0.002606066923798658)	(33.0, 0.002606066923798658)	(34.0, 0.0)	(35.0, 0.007818200771395974)	(36.0, 0.010424267695194632)	(37.0, 0.044303137704577174)	(38.0, 0.05212133847597314)	(39.0, 0.020848535390389264)	(40.0, 0.020848535390389264)	(41.0, 0.007818200771395974)	(42.0, 0.013030334618993288)	(43.0, 0.020848535390389264)	(44.0, 0.18242468466590595)	(45.0, 0.23454602314187892)	(46.0, 0.23715209006567758)	(47.0, 0.40915250703639006)	(48.0, 1.2691545918899483)	(49.0, 5.001042426769646)	(50.0, 4.620556655894999)	(51.0, 6.8148650057337194)	(52.0, 13.00166788283073)	(53.0, 20.097988116335653)	(54.0, 15.018763681850436)	(55.0, 9.441780464922575)	(56.0, 13.077243823620876)	(57.0, 4.844678411341709)	(58.0, 2.741582403836169)	(59.0, 0.8730324194725464)	(60.0, 0.5003648493693437)	(61.0, 0.23454602314187892)	(62.0, 0.1016366100281477)	(63.0, 0.1902428854373019)	(64.0, 0.14072761388512756)	(65.0, 0.26581882622746283)	(66.0, 0.16418221619931542)	(67.0, 0.026060669237986583)	(68.0, 0.020848535390389264)	(69.0, 0.05212133847597314)	(70.0, 0.023454602314187924)	(71.0, 0.04169707078077852)	(72.0, 0.08860627540915439)	(73.0, 0.049515271552174486)	(74.0, 0.013030334618993288)	(75.0, 0.002606066923798658)	(76.0, 0.002606066923798658)	(77.0, 0.0)	(78.0, 0.0)	(79.0, 0.002606066923798658)	(80.0, 0.002606066923798658)	(81.0, 0.0)	(82.0, 0.0)	(83.0, 0.0)	(84.0, 0.0)	(85.0, 0.0)	(86.0, 0.0)	(87.0, 0.0)	(88.0, 0.0)	(89.0, 0.0)	(90.0, 0.0)	(91.0, 0.0)	(92.0, 0.0)	(93.0, 0.0)	(94.0, 0.002606066923798658)	(95.0, 0.0)	(96.0, 0.0)	(97.0, 0.0)	(98.0, 0.0)	(99.0, 0.0)	(100.0, 0.0)
SRR37700669_1	(0.0, 0.0)	(1.0, 0.0)	(2.0, 0.0)	(3.0, 0.0)	(4.0, 0.0)	(5.0, 0.0)	(6.0, 0.0)	(7.0, 0.0)	(8.0, 0.0)	(9.0, 0.0)	(10.0, 0.0)	(11.0, 0.0)	(12.0, 0.0)	(13.0, 0.0)	(14.0, 0.0)	(15.0, 0.0)	(16.0, 0.0)	(17.0, 0.0)	(18.0, 0.0)	(19.0, 0.0)	(20.0, 0.0)	(21.0, 0.0)	(22.0, 0.0)	(23.0, 0.0)	(24.0, 0.0)	(25.0, 0.0)	(26.0, 0.0)	(27.0, 0.0)	(28.0, 0.0)	(29.0, 0.0)	(30.0, 0.0)	(31.0, 0.0)	(32.0, 0.0)	(33.0, 0.0)	(34.0, 0.0)	(35.0, 0.0)	(36.0, 0.0024807740014884893)	(37.0, 0.0049615480029769786)	(38.0, 0.0)	(39.0, 0.0)	(40.0, 0.0024807740014884893)	(41.0, 0.0049615480029769786)	(42.0, 0.009923096005953957)	(43.0, 0.017365418010419423)	(44.0, 0.03225006201935036)	(45.0, 0.04713470602828128)	(46.0, 0.2158273381294983)	(47.0, 0.6251550483750984)	(48.0, 1.8456958571074558)	(49.0, 5.2269908211363205)	(50.0, 10.533366410319807)	(51.0, 4.7258744728355895)	(52.0, 12.376581493425338)	(53.0, 12.200446539319694)	(54.0, 6.7228975440340495)	(55.0, 9.645249317787131)	(56.0, 3.8799305383279177)	(57.0, 7.092532870255877)	(58.0, 4.584470354750729)	(59.0, 3.416025800049585)	(60.0, 6.070453981642503)	(61.0, 5.983626891590396)	(62.0, 0.4415777722649522)	(63.0, 0.518481766311095)	(64.0, 1.6918878690151653)	(65.0, 1.4934259488960804)	(66.0, 0.1041925080625166)	(67.0, 0.06201935003721221)	(68.0, 0.05953857603572372)	(69.0, 0.07938476804763167)	(70.0, 0.2431158521458716)	(71.0, 0.03225006201935036)	(72.0, 0.007442322004465468)	(73.0, 0.0)	(74.0, 0.0)	(75.0, 0.0)	(76.0, 0.0)	(77.0, 0.0)	(78.0, 0.0)	(79.0, 0.0)	(80.0, 0.0)	(81.0, 0.0)	(82.0, 0.0)	(83.0, 0.0)	(84.0, 0.0)	(85.0, 0.0)	(86.0, 0.0)	(87.0, 0.0)	(88.0, 0.0)	(89.0, 0.0)	(90.0, 0.0)	(91.0, 0.0)	(92.0, 0.0)	(93.0, 0.0)	(94.0, 0.0)	(95.0, 0.0)	(96.0, 0.0)	(97.0, 0.0)	(98.0, 0.0)	(99.0, 0.0)	(100.0, 0.0)
SRR37700669_2	(0.0, 0.0)	(1.0, 0.0)	(2.0, 0.0)	(3.0, 0.0)	(4.0, 0.0)	(5.0, 0.0)	(6.0, 0.0)	(7.0, 0.0)	(8.0, 0.0)	(9.0, 0.0)	(10.0, 0.0)	(11.0, 0.0)	(12.0, 0.0)	(13.0, 0.0)	(14.0, 0.0)	(15.0, 0.0)	(16.0, 0.0)	(17.0, 0.0023308664996212606)	(18.0, 0.0)	(19.0, 0.0)	(20.0, 0.0)	(21.0, 0.0)	(22.0, 0.0)	(23.0, 0.0)	(24.0, 0.0)	(25.0, 0.0023308664996212606)	(26.0, 0.0)	(27.0, 0.0)	(28.0, 0.0)	(29.0, 0.0)	(30.0, 0.0)	(31.0, 0.0)	(32.0, 0.0)	(33.0, 0.0)	(34.0, 0.0)	(35.0, 0.0)	(36.0, 0.0)	(37.0, 0.006992599498863782)	(38.0, 0.004661732999242521)	(39.0, 0.0023308664996212606)	(40.0, 0.009323465998485042)	(41.0, 0.004661732999242521)	(42.0, 0.0)	(43.0, 0.006992599498863782)	(44.0, 0.06526426198939528)	(45.0, 0.07458772798788034)	(46.0, 0.02797039799545513)	(47.0, 0.05360992949128896)	(48.0, 0.19113105296894314)	(49.0, 2.421770293106474)	(50.0, 9.220907872501561)	(51.0, 9.857234426898023)	(52.0, 10.68003030126414)	(53.0, 13.23465998484846)	(54.0, 6.337626012470439)	(55.0, 7.3259134083099084)	(56.0, 10.015733348872232)	(57.0, 7.102150224346299)	(58.0, 6.2304061534878485)	(59.0, 0.8857292698560739)	(60.0, 0.7388846803799367)	(61.0, 3.3937416234484847)	(62.0, 1.2656605092943498)	(63.0, 5.971679972029859)	(64.0, 1.1491171843132835)	(65.0, 0.6083561564011478)	(66.0, 1.3612260357788242)	(67.0, 1.1910727813064674)	(68.0, 0.08857292698560794)	(69.0, 0.03729386399394016)	(70.0, 0.025639531495833867)	(71.0, 0.02797039799545513)	(72.0, 0.03263213099469764)	(73.0, 0.023308664996212605)	(74.0, 0.04195559699318267)	(75.0, 0.06992599498863782)	(76.0, 0.13052852397879058)	(77.0, 0.06992599498863782)	(78.0, 0.0023308664996212606)	(79.0, 0.0)	(80.0, 0.0)	(81.0, 0.0)	(82.0, 0.0)	(83.0, 0.0)	(84.0, 0.0)	(85.0, 0.0)	(86.0, 0.0)	(87.0, 0.0)	(88.0, 0.0)	(89.0, 0.0)	(90.0, 0.0)	(91.0, 0.0)	(92.0, 0.0)	(93.0, 0.0)	(94.0, 0.0)	(95.0, 0.0)	(96.0, 0.0)	(97.0, 0.0)	(98.0, 0.0)	(99.0, 0.0023308664996212606)	(100.0, 0.003496299749431891)
SRR37700670_1	(0.0, 0.0)	(1.0, 0.0)	(2.0, 0.0)	(3.0, 0.0)	(4.0, 0.0)	(5.0, 0.0)	(6.0, 0.0)	(7.0, 0.0)	(8.0, 0.0)	(9.0, 0.0)	(10.0, 0.0)	(11.0, 0.0)	(12.0, 0.002845354958030793)	(13.0, 0.002845354958030793)	(14.0, 0.0)	(15.0, 0.0)	(16.0, 0.0)	(17.0, 0.0)	(18.0, 0.0)	(19.0, 0.0)	(20.0, 0.002845354958030793)	(21.0, 0.005690709916061586)	(22.0, 0.0)	(23.0, 0.0)	(24.0, 0.0)	(25.0, 0.0)	(26.0, 0.0)	(27.0, 0.0)	(28.0, 0.002845354958030793)	(29.0, 0.002845354958030793)	(30.0, 0.0)	(31.0, 0.002845354958030793)	(32.0, 0.002845354958030793)	(33.0, 0.0)	(34.0, 0.0)	(35.0, 0.005690709916061586)	(36.0, 0.01991748470621555)	(37.0, 0.1678759425238168)	(38.0, 0.13942239294350897)	(39.0, 0.014226774790153964)	(40.0, 0.01991748470621555)	(41.0, 0.034144259496369525)	(42.0, 0.07113387395076981)	(43.0, 0.06544316403470822)	(44.0, 0.26177265613883266)	(45.0, 29.61160904823039)	(46.0, 30.91478161900909)	(47.0, 1.5450277422107275)	(48.0, 1.0015649452268343)	(49.0, 2.3445724854173897)	(50.0, 4.70337174562484)	(51.0, 3.866837387963778)	(52.0, 12.257789159196255)	(53.0, 3.804239578887104)	(54.0, 4.000569070991218)	(55.0, 2.4783041684448293)	(56.0, 0.7227201593398205)	(57.0, 0.4808649879072051)	(58.0, 0.5150092474035749)	(59.0, 0.29307156067717144)	(60.0, 0.14226774790153973)	(61.0, 0.07682458386683141)	(62.0, 0.10812348840517019)	(63.0, 0.03129890453833873)	(64.0, 0.05690709916061585)	(65.0, 0.12519561815335498)	(66.0, 0.014226774790153964)	(67.0, 0.005690709916061586)	(68.0, 0.008536064874092381)	(69.0, 0.054061744202585055)	(70.0, 0.005690709916061586)	(71.0, 0.002845354958030793)	(72.0, 0.002845354958030793)	(73.0, 0.0)	(74.0, 0.0)	(75.0, 0.0)	(76.0, 0.0)	(77.0, 0.0)	(78.0, 0.0)	(79.0, 0.0)	(80.0, 0.0)	(81.0, 0.0)	(82.0, 0.0)	(83.0, 0.0)	(84.0, 0.0)	(85.0, 0.0)	(86.0, 0.0)	(87.0, 0.0)	(88.0, 0.0)	(89.0, 0.0)	(90.0, 0.0)	(91.0, 0.0)	(92.0, 0.0)	(93.0, 0.0)	(94.0, 0.0)	(95.0, 0.0)	(96.0, 0.0)	(97.0, 0.0)	(98.0, 0.0)	(99.0, 0.0)	(100.0, 0.0)
SRR37700670_2	(0.0, 0.0)	(1.0, 0.0)	(2.0, 0.0)	(3.0, 0.0)	(4.0, 0.0)	(5.0, 0.0)	(6.0, 0.0)	(7.0, 0.0)	(8.0, 0.0)	(9.0, 0.0)	(10.0, 0.0)	(11.0, 0.0)	(12.0, 0.0)	(13.0, 0.0)	(14.0, 0.0)	(15.0, 0.0)	(16.0, 0.0)	(17.0, 0.0)	(18.0, 0.0)	(19.0, 0.0)	(20.0, 0.0)	(21.0, 0.0)	(22.0, 0.0)	(23.0, 0.0)	(24.0, 0.0)	(25.0, 0.0)	(26.0, 0.0)	(27.0, 0.0)	(28.0, 0.0)	(29.0, 0.0)	(30.0, 0.0)	(31.0, 0.003355366909371377)	(32.0, 0.033553669093713774)	(33.0, 0.03690903600308515)	(34.0, 0.04026440291245653)	(35.0, 0.07717343891554165)	(36.0, 0.1040163741905127)	(37.0, 0.25500788511222444)	(38.0, 0.4328423313089079)	(39.0, 0.23152031674662488)	(40.0, 0.11743784182799823)	(41.0, 0.09059490655302717)	(42.0, 0.20803274838102534)	(43.0, 2.2682280307350715)	(44.0, 36.892259168543816)	(45.0, 4.670670737844867)	(46.0, 0.41942086367142234)	(47.0, 0.23152031674662488)	(48.0, 0.41606549676205096)	(49.0, 3.0366070529810996)	(50.0, 4.825017615675942)	(51.0, 4.4492165218263695)	(52.0, 13.04566654363576)	(53.0, 13.5321947454945)	(54.0, 3.06680535516544)	(55.0, 3.0097641177061303)	(56.0, 3.992886622151888)	(57.0, 2.261517296916329)	(58.0, 0.5838338422306211)	(59.0, 0.1644129785591976)	(60.0, 0.2717847196590813)	(61.0, 0.41606549676205096)	(62.0, 0.09730564037176993)	(63.0, 0.17112371237794033)	(64.0, 0.12079320873736962)	(65.0, 0.09059490655302717)	(66.0, 0.124148575646741)	(67.0, 0.1073717410998841)	(68.0, 0.016776834546856884)	(69.0, 0.010066100728114133)	(70.0, 0.003355366909371377)	(71.0, 0.010066100728114133)	(72.0, 0.0570412374593134)	(73.0, 0.0)	(74.0, 0.0)	(75.0, 0.0)	(76.0, 0.0)	(77.0, 0.0)	(78.0, 0.0)	(79.0, 0.0)	(80.0, 0.0)	(81.0, 0.0)	(82.0, 0.0)	(83.0, 0.0)	(84.0, 0.003355366909371377)	(85.0, 0.003355366909371377)	(86.0, 0.0)	(87.0, 0.0)	(88.0, 0.0)	(89.0, 0.0)	(90.0, 0.0)	(91.0, 0.0)	(92.0, 0.0)	(93.0, 0.0)	(94.0, 0.0)	(95.0, 0.0)	(96.0, 0.0)	(97.0, 0.0)	(98.0, 0.0)	(99.0, 0.0)	(100.0, 0.0)
SRR37700671_1	(0.0, 0.0)	(1.0, 0.0)	(2.0, 0.0)	(3.0, 0.0)	(4.0, 0.0)	(5.0, 0.0)	(6.0, 0.0)	(7.0, 0.0)	(8.0, 0.0)	(9.0, 0.0)	(10.0, 0.0)	(11.0, 0.0)	(12.0, 0.0)	(13.0, 0.0)	(14.0, 0.0)	(15.0, 0.0)	(16.0, 0.0)	(17.0, 0.0)	(18.0, 0.0)	(19.0, 0.0)	(20.0, 0.0)	(21.0, 0.0)	(22.0, 0.0)	(23.0, 0.0)	(24.0, 0.0)	(25.0, 0.0)	(26.0, 0.0)	(27.0, 0.0)	(28.0, 0.0)	(29.0, 0.0)	(30.0, 0.0)	(31.0, 0.0)	(32.0, 0.0)	(33.0, 0.0)	(34.0, 0.0017330722171193)	(35.0, 0.0034661444342386)	(36.0, 0.0051992166513579)	(37.0, 0.0017330722171193)	(38.0, 0.0)	(39.0, 0.0017330722171193)	(40.0, 0.0017330722171193)	(41.0, 0.0)	(42.0, 0.0017330722171193)	(43.0, 0.0034661444342386)	(44.0, 0.0086653610855965)	(45.0, 0.03292837212526669)	(46.0, 0.12131505519835094)	(47.0, 0.19757023275160016)	(48.0, 1.214883624200641)	(49.0, 5.75379976083622)	(50.0, 11.24070640023508)	(51.0, 4.906327446664933)	(52.0, 7.344760056151375)	(53.0, 16.55950503457663)	(54.0, 3.9774007382888823)	(55.0, 7.199181989913388)	(56.0, 2.197535571307238)	(57.0, 2.4211018873156154)	(58.0, 6.327446664702577)	(59.0, 6.185334742898827)	(60.0, 11.04833538413475)	(61.0, 10.580405885512373)	(62.0, 0.5476508206096966)	(63.0, 0.6117744926431098)	(64.0, 0.5476508206096966)	(65.0, 0.28422384360756575)	(66.0, 0.09358589972444221)	(67.0, 0.12651427184970881)	(68.0, 0.12651427184970881)	(69.0, 0.12478119963258952)	(70.0, 0.16464186062633326)	(71.0, 0.0242630110396702)	(72.0, 0.0069322888684772)	(73.0, 0.0017330722171193)	(74.0, 0.0017330722171193)	(75.0, 0.0)	(76.0, 0.0)	(77.0, 0.0)	(78.0, 0.0)	(79.0, 0.0)	(80.0, 0.0)	(81.0, 0.0)	(82.0, 0.0)	(83.0, 0.0)	(84.0, 0.0)	(85.0, 0.0)	(86.0, 0.0)	(87.0, 0.0)	(88.0, 0.0)	(89.0, 0.0)	(90.0, 0.0)	(91.0, 0.0)	(92.0, 0.0)	(93.0, 0.0)	(94.0, 0.0)	(95.0, 0.0)	(96.0, 0.0)	(97.0, 0.0)	(98.0, 0.0)	(99.0, 0.0)	(100.0, 0.0)
SRR37700671_2	(0.0, 0.0)	(1.0, 0.0)	(2.0, 0.0)	(3.0, 0.0)	(4.0, 0.0)	(5.0, 0.0)	(6.0, 0.0)	(7.0, 0.0)	(8.0, 0.0)	(9.0, 0.0)	(10.0, 0.0)	(11.0, 0.0)	(12.0, 0.0)	(13.0, 0.0)	(14.0, 0.0)	(15.0, 0.0)	(16.0, 0.0)	(17.0, 0.0)	(18.0, 0.0)	(19.0, 0.0)	(20.0, 0.0)	(21.0, 0.0)	(22.0, 0.0)	(23.0, 0.0)	(24.0, 0.0)	(25.0, 0.0)	(26.0, 0.0)	(27.0, 0.0)	(28.0, 0.0)	(29.0, 0.0)	(30.0, 0.0)	(31.0, 0.0)	(32.0, 0.0)	(33.0, 0.0)	(34.0, 0.0)	(35.0, 0.0016622340425531813)	(36.0, 0.0016622340425531813)	(37.0, 0.0016622340425531813)	(38.0, 0.0049867021276595435)	(39.0, 0.0016622340425531813)	(40.0, 0.0033244680851063626)	(41.0, 0.008311170212765905)	(42.0, 0.008311170212765905)	(43.0, 0.008311170212765905)	(44.0, 0.016622340425531814)	(45.0, 0.026595744680850898)	(46.0, 0.05984042553191454)	(47.0, 0.22938829787233928)	(48.0, 0.8577127659574441)	(49.0, 4.813829787234212)	(50.0, 9.559507978722564)	(51.0, 8.585438829786622)	(52.0, 6.052194148936149)	(53.0, 16.459441489363513)	(54.0, 13.543882978723905)	(55.0, 3.695146276595793)	(56.0, 6.58078457446794)	(57.0, 2.024601063829747)	(58.0, 1.6755319148935985)	(59.0, 1.1785239361702173)	(60.0, 1.5425531914893515)	(61.0, 6.107047872340392)	(62.0, 2.6745345744680242)	(63.0, 10.739694148935415)	(64.0, 1.496010638297865)	(65.0, 0.5418882978723348)	(66.0, 0.4770611702127617)	(67.0, 0.3773271276595722)	(68.0, 0.12799202127659484)	(69.0, 0.11635638297872261)	(70.0, 0.07313829787234002)	(71.0, 0.0531914893617018)	(72.0, 0.054853723404255)	(73.0, 0.01496010638297863)	(74.0, 0.019946808510638174)	(75.0, 0.04986702127659544)	(76.0, 0.09973404255319085)	(77.0, 0.028257978723404072)	(78.0, 0.0033244680851063626)	(79.0, 0.0)	(80.0, 0.0)	(81.0, 0.0)	(82.0, 0.0016622340425531813)	(83.0, 0.0)	(84.0, 0.0)	(85.0, 0.0)	(86.0, 0.0016622340425531813)	(87.0, 0.0)	(88.0, 0.0)	(89.0, 0.0)	(90.0, 0.0)	(91.0, 0.0)	(92.0, 0.0)	(93.0, 0.0)	(94.0, 0.0)	(95.0, 0.0)	(96.0, 0.0)	(97.0, 0.0)	(98.0, 0.0)	(99.0, 0.0)	(100.0, 0.0)
SRR37700672_1	(0.0, 0.0)	(1.0, 0.0)	(2.0, 0.0)	(3.0, 0.0)	(4.0, 0.0)	(5.0, 0.0)	(6.0, 0.0)	(7.0, 0.0)	(8.0, 0.0)	(9.0, 0.0)	(10.0, 0.0)	(11.0, 0.0)	(12.0, 0.0)	(13.0, 0.0)	(14.0, 0.0)	(15.0, 0.0)	(16.0, 0.0)	(17.0, 0.0)	(18.0, 0.0)	(19.0, 0.0)	(20.0, 0.0)	(21.0, 0.0)	(22.0, 0.0)	(23.0, 0.0)	(24.0, 0.0)	(25.0, 0.0)	(26.0, 0.0)	(27.0, 0.0)	(28.0, 0.0)	(29.0, 0.0)	(30.0, 0.0)	(31.0, 0.0)	(32.0, 0.0)	(33.0, 0.0)	(34.0, 0.0)	(35.0, 0.0)	(36.0, 0.0)	(37.0, 0.0)	(38.0, 0.0)	(39.0, 0.0)	(40.0, 0.0022340377999195233)	(41.0, 0.008936151199678093)	(42.0, 0.011170188999597616)	(43.0, 0.00670211339975857)	(44.0, 0.031276529198873325)	(45.0, 0.09382958759662004)	(46.0, 0.247978195791067)	(47.0, 0.730530360573681)	(48.0, 2.513292524909438)	(49.0, 5.7995621285912735)	(50.0, 9.46785219605866)	(51.0, 6.331263124972181)	(52.0, 23.53112014655555)	(53.0, 6.597113623162635)	(54.0, 3.058397748089771)	(55.0, 4.9483937268218385)	(56.0, 3.0695679370893676)	(57.0, 2.9154193288949295)	(58.0, 2.0240382467270903)	(59.0, 1.751485635136924)	(60.0, 11.199231490995896)	(61.0, 11.03167865600197)	(62.0, 0.6098923193780286)	(63.0, 0.8645726285688509)	(64.0, 1.5325499307448074)	(65.0, 1.1460613913587188)	(66.0, 0.09159554979670051)	(67.0, 0.06255305839774665)	(68.0, 0.05138286939814901)	(69.0, 0.07372324739734429)	(70.0, 0.1764889861936422)	(71.0, 0.015638264599436662)	(72.0, 0.0022340377999195233)	(73.0, 0.0)	(74.0, 0.0)	(75.0, 0.0022340377999195233)	(76.0, 0.0)	(77.0, 0.0)	(78.0, 0.0)	(79.0, 0.0)	(80.0, 0.0)	(81.0, 0.0)	(82.0, 0.0)	(83.0, 0.0)	(84.0, 0.0)	(85.0, 0.0)	(86.0, 0.0)	(87.0, 0.0)	(88.0, 0.0)	(89.0, 0.0)	(90.0, 0.0)	(91.0, 0.0)	(92.0, 0.0)	(93.0, 0.0)	(94.0, 0.0)	(95.0, 0.0)	(96.0, 0.0)	(97.0, 0.0)	(98.0, 0.0)	(99.0, 0.0)	(100.0, 0.0)
SRR37700672_2	(0.0, 0.0)	(1.0, 0.0)	(2.0, 0.0)	(3.0, 0.0)	(4.0, 0.0)	(5.0, 0.0)	(6.0, 0.0)	(7.0, 0.0)	(8.0, 0.0)	(9.0, 0.0)	(10.0, 0.0)	(11.0, 0.0)	(12.0, 0.0)	(13.0, 0.0)	(14.0, 0.0)	(15.0, 0.0)	(16.0, 0.0)	(17.0, 0.0)	(18.0, 0.0)	(19.0, 0.0)	(20.0, 0.0)	(21.0, 0.0)	(22.0, 0.0)	(23.0, 0.0)	(24.0, 0.0)	(25.0, 0.0)	(26.0, 0.0)	(27.0, 0.0)	(28.0, 0.0)	(29.0, 0.0)	(30.0, 0.0)	(31.0, 0.0)	(32.0, 0.0)	(33.0, 0.0)	(34.0, 0.004021232105517001)	(35.0, 0.004021232105517001)	(36.0, 0.0)	(37.0, 0.0020106160527585005)	(38.0, 0.0020106160527585005)	(39.0, 0.0)	(40.0, 0.004021232105517001)	(41.0, 0.004021232105517001)	(42.0, 0.0)	(43.0, 0.004021232105517001)	(44.0, 0.012063696316551003)	(45.0, 0.010053080263792502)	(46.0, 0.040212321055169996)	(47.0, 0.08444587421585707)	(48.0, 0.3719639697603236)	(49.0, 2.6339070291135913)	(50.0, 9.2528550747942)	(51.0, 10.165674762746352)	(52.0, 20.23081872285849)	(53.0, 20.586697764196906)	(54.0, 3.655299983914948)	(55.0, 2.786713849123229)	(56.0, 4.23837863921498)	(57.0, 2.9877754543990673)	(58.0, 2.5313656104229136)	(59.0, 0.7358854753096074)	(60.0, 0.7700659482065013)	(61.0, 1.8115650635354115)	(62.0, 1.9643718835450488)	(63.0, 10.18779153932669)	(64.0, 1.76331027826921)	(65.0, 0.5951423516165143)	(66.0, 1.166157310599937)	(67.0, 0.9369470805854615)	(68.0, 0.06232909763551353)	(69.0, 0.026138008685860508)	(70.0, 0.0341804728968945)	(71.0, 0.052276017371721)	(72.0, 0.03216985684413601)	(73.0, 0.02010616052758501)	(74.0, 0.024127392633102006)	(75.0, 0.05629724947723801)	(76.0, 0.10455203474344207)	(77.0, 0.040212321055169996)	(78.0, 0.0)	(79.0, 0.0020106160527585005)	(80.0, 0.0020106160527585005)	(81.0, 0.0)	(82.0, 0.0)	(83.0, 0.0)	(84.0, 0.0)	(85.0, 0.0)	(86.0, 0.0)	(87.0, 0.0)	(88.0, 0.0)	(89.0, 0.0)	(90.0, 0.0)	(91.0, 0.0)	(92.0, 0.0)	(93.0, 0.0)	(94.0, 0.0)	(95.0, 0.0)	(96.0, 0.0)	(97.0, 0.0)	(98.0, 0.0)	(99.0, 0.0)	(100.0, 0.0)
SRR37700673_1	(0.0, 0.0)	(1.0, 0.0)	(2.0, 0.0)	(3.0, 0.0)	(4.0, 0.0)	(5.0, 0.0)	(6.0, 0.0)	(7.0, 0.0)	(8.0, 0.0)	(9.0, 0.0)	(10.0, 0.0)	(11.0, 0.0)	(12.0, 0.0)	(13.0, 0.0)	(14.0, 0.0)	(15.0, 0.0)	(16.0, 0.0)	(17.0, 0.0)	(18.0, 0.0)	(19.0, 0.0)	(20.0, 0.0)	(21.0, 0.0)	(22.0, 0.0)	(23.0, 0.0)	(24.0, 0.0)	(25.0, 0.0)	(26.0, 0.0)	(27.0, 0.0)	(28.0, 0.0)	(29.0, 0.0)	(30.0, 0.0)	(31.0, 0.0)	(32.0, 0.0)	(33.0, 0.0)	(34.0, 0.0)	(35.0, 0.009436760225402878)	(36.0, 0.008088651621773897)	(37.0, 0.0)	(38.0, 0.0)	(39.0, 0.0)	(40.0, 0.0)	(41.0, 0.004044325810886948)	(42.0, 0.0026962172072579654)	(43.0, 0.0026962172072579654)	(44.0, 0.008088651621773897)	(45.0, 0.02156973765806372)	(46.0, 0.08762705923588385)	(47.0, 0.2399633314459595)	(48.0, 0.9423279139366681)	(49.0, 7.6222060449176645)	(50.0, 15.265981827497022)	(51.0, 4.847798538649849)	(52.0, 16.333683841571663)	(53.0, 15.310469411416799)	(54.0, 5.648575049205283)	(55.0, 14.082342473510238)	(56.0, 3.6115829491221727)	(57.0, 2.808110221359208)	(58.0, 4.421796219903188)	(59.0, 3.3379169025854583)	(60.0, 1.4667421607483204)	(61.0, 1.272614521825758)	(62.0, 0.28310280676208677)	(63.0, 0.7239343201487667)	(64.0, 0.6713580846072348)	(65.0, 0.34916012833990595)	(66.0, 0.16042492383184898)	(67.0, 0.15907681522821998)	(68.0, 0.13076653455201115)	(69.0, 0.05931677855967528)	(70.0, 0.078190299010481)	(71.0, 0.017525411847176774)	(72.0, 0.008088651621773897)	(73.0, 0.0026962172072579654)	(74.0, 0.0)	(75.0, 0.0)	(76.0, 0.0)	(77.0, 0.0)	(78.0, 0.0)	(79.0, 0.0)	(80.0, 0.0)	(81.0, 0.0)	(82.0, 0.0)	(83.0, 0.0)	(84.0, 0.0)	(85.0, 0.0)	(86.0, 0.0)	(87.0, 0.0)	(88.0, 0.0)	(89.0, 0.0)	(90.0, 0.0)	(91.0, 0.0)	(92.0, 0.0)	(93.0, 0.0)	(94.0, 0.0)	(95.0, 0.0)	(96.0, 0.0)	(97.0, 0.0)	(98.0, 0.0)	(99.0, 0.0)	(100.0, 0.0)
SRR37700673_2	(0.0, 0.0)	(1.0, 0.0)	(2.0, 0.0)	(3.0, 0.0)	(4.0, 0.0)	(5.0, 0.0)	(6.0, 0.0)	(7.0, 0.0)	(8.0, 0.0)	(9.0, 0.0)	(10.0, 0.0)	(11.0, 0.0)	(12.0, 0.0)	(13.0, 0.0)	(14.0, 0.0)	(15.0, 0.0)	(16.0, 0.0)	(17.0, 0.0)	(18.0, 0.0)	(19.0, 0.0)	(20.0, 0.0)	(21.0, 0.0)	(22.0, 0.0011123717991501033)	(23.0, 0.0011123717991501033)	(24.0, 0.0)	(25.0, 0.0)	(26.0, 0.0)	(27.0, 0.0)	(28.0, 0.0)	(29.0, 0.0)	(30.0, 0.0)	(31.0, 0.0011123717991501033)	(32.0, 0.0011123717991501033)	(33.0, 0.0)	(34.0, 0.0022247435983002066)	(35.0, 0.0011123717991501033)	(36.0, 0.0)	(37.0, 0.0011123717991501033)	(38.0, 0.01001134619235093)	(39.0, 0.0)	(40.0, 0.00333711539745031)	(41.0, 0.0011123717991501033)	(42.0, 0.004449487196600413)	(43.0, 0.004449487196600413)	(44.0, 0.020022692384701855)	(45.0, 0.030034038577052783)	(46.0, 0.048944359162604575)	(47.0, 0.12792275690226187)	(48.0, 0.6118044895325596)	(49.0, 2.4238581503481176)	(50.0, 12.090369084964243)	(51.0, 11.454092415850093)	(52.0, 11.855658635343463)	(53.0, 20.377538988627126)	(54.0, 11.004694208993246)	(55.0, 4.686422389819252)	(56.0, 11.369552159114647)	(57.0, 2.5050612916860846)	(58.0, 1.714164942490271)	(59.0, 1.2803399408217544)	(60.0, 1.380453402745258)	(61.0, 3.099067832432307)	(62.0, 0.516140514805648)	(63.0, 1.1101470555517983)	(64.0, 0.3492847449331311)	(65.0, 0.41713942468128645)	(66.0, 0.5661972457674042)	(67.0, 0.3581837193263318)	(68.0, 0.17241762886826634)	(69.0, 0.14460833388951355)	(70.0, 0.062292820752405796)	(71.0, 0.09121448753030838)	(72.0, 0.024472179581302263)	(73.0, 0.012236089790651139)	(74.0, 0.00667423079490062)	(75.0, 0.01334846158980124)	(76.0, 0.0333711539745031)	(77.0, 0.01001134619235093)	(78.0, 0.0)	(79.0, 0.0)	(80.0, 0.0)	(81.0, 0.0)	(82.0, 0.0)	(83.0, 0.0)	(84.0, 0.0)	(85.0, 0.0)	(86.0, 0.0)	(87.0, 0.0)	(88.0, 0.0)	(89.0, 0.0)	(90.0, 0.0)	(91.0, 0.0)	(92.0, 0.0)	(93.0, 0.0)	(94.0, 0.0)	(95.0, 0.0)	(96.0, 0.0)	(97.0, 0.0)	(98.0, 0.0)	(99.0, 0.0)	(100.0, 0.0)
SRR37700674_1	(0.0, 0.0)	(1.0, 0.0)	(2.0, 0.0)	(3.0, 0.0)	(4.0, 0.0)	(5.0, 0.0)	(6.0, 0.0)	(7.0, 0.0)	(8.0, 0.0)	(9.0, 0.0)	(10.0, 0.0)	(11.0, 0.0)	(12.0, 0.0)	(13.0, 0.0)	(14.0, 0.0)	(15.0, 0.0)	(16.0, 0.0)	(17.0, 0.0)	(18.0, 0.0)	(19.0, 0.0)	(20.0, 0.0)	(21.0, 0.0)	(22.0, 0.0)	(23.0, 0.0)	(24.0, 0.0)	(25.0, 0.0)	(26.0, 0.0)	(27.0, 0.0)	(28.0, 0.0)	(29.0, 0.0)	(30.0, 0.0)	(31.0, 0.0)	(32.0, 0.0)	(33.0, 0.0)	(34.0, 0.0)	(35.0, 0.0016343340905749437)	(36.0, 0.0016343340905749437)	(37.0, 0.0)	(38.0, 0.0)	(39.0, 0.0)	(40.0, 0.0016343340905749437)	(41.0, 0.0032686681811498874)	(42.0, 0.00490300227172483)	(43.0, 0.006537336362299775)	(44.0, 0.00980600454344966)	(45.0, 0.057201693170123045)	(46.0, 0.1372840636082951)	(47.0, 0.38243417719453665)	(48.0, 1.9693725791427807)	(49.0, 8.923464134538532)	(50.0, 34.67076339744723)	(51.0, 12.597447170151913)	(52.0, 11.028486443199254)	(53.0, 15.06202297874005)	(54.0, 4.630068478598999)	(55.0, 2.2161570268195834)	(56.0, 2.064163956396122)	(57.0, 2.1998136859138344)	(58.0, 1.237190906565246)	(59.0, 0.48866589308190644)	(60.0, 0.3007174726657904)	(61.0, 0.15689607269519437)	(62.0, 0.2680307908542913)	(63.0, 0.6651739748639995)	(64.0, 0.37262817265108716)	(65.0, 0.08335103861932217)	(66.0, 0.1029630477062214)	(67.0, 0.1323810613365703)	(68.0, 0.13074672724599534)	(69.0, 0.07517936816644745)	(70.0, 0.01470900681517449)	(71.0, 0.0016343340905749437)	(72.0, 0.0)	(73.0, 0.0)	(74.0, 0.0)	(75.0, 0.0016343340905749437)	(76.0, 0.0)	(77.0, 0.0)	(78.0, 0.0)	(79.0, 0.0)	(80.0, 0.0)	(81.0, 0.0)	(82.0, 0.0)	(83.0, 0.0)	(84.0, 0.0)	(85.0, 0.0)	(86.0, 0.0)	(87.0, 0.0)	(88.0, 0.0)	(89.0, 0.0)	(90.0, 0.0)	(91.0, 0.0)	(92.0, 0.0)	(93.0, 0.0)	(94.0, 0.0)	(95.0, 0.0)	(96.0, 0.0)	(97.0, 0.0)	(98.0, 0.0)	(99.0, 0.0)	(100.0, 0.0)
SRR37700674_2	(0.0, 0.0)	(1.0, 0.0)	(2.0, 0.0)	(3.0, 0.0)	(4.0, 0.0)	(5.0, 0.0)	(6.0, 0.0)	(7.0, 0.0)	(8.0, 0.0)	(9.0, 0.0)	(10.0, 0.0)	(11.0, 0.0)	(12.0, 0.0)	(13.0, 0.0)	(14.0, 0.0)	(15.0, 0.0)	(16.0, 0.0)	(17.0, 0.0)	(18.0, 0.0)	(19.0, 0.0)	(20.0, 0.0)	(21.0, 0.0)	(22.0, 0.0)	(23.0, 0.0)	(24.0, 0.0)	(25.0, 0.0)	(26.0, 0.0)	(27.0, 0.0)	(28.0, 0.0)	(29.0, 0.0)	(30.0, 0.0)	(31.0, 0.0)	(32.0, 0.0)	(33.0, 0.0)	(34.0, 0.0)	(35.0, 0.0)	(36.0, 0.001558773556965405)	(37.0, 0.004676320670896216)	(38.0, 0.00623509422786162)	(39.0, 0.004676320670896216)	(40.0, 0.00311754711393081)	(41.0, 0.007793867784827026)	(42.0, 0.010911414898757835)	(43.0, 0.00935264134179243)	(44.0, 0.01247018845572324)	(45.0, 0.010911414898757835)	(46.0, 0.07170358362040868)	(47.0, 0.21822829797515697)	(48.0, 1.1441397908126194)	(49.0, 6.528143656570938)	(50.0, 19.07471201658911)	(51.0, 28.943307405728223)	(52.0, 7.212445248078596)	(53.0, 10.167879912084734)	(54.0, 14.800554923388026)	(55.0, 2.3350427883341256)	(56.0, 1.6335946876997334)	(57.0, 1.5665674247502248)	(58.0, 1.3888672392561787)	(59.0, 1.1020529047745524)	(60.0, 1.0552896980655888)	(61.0, 0.6718314030520882)	(62.0, 0.12158433744330148)	(63.0, 0.15431858213957492)	(64.0, 0.2306984864308803)	(65.0, 0.5159540473555468)	(66.0, 0.38501706857045465)	(67.0, 0.162112449924402)	(68.0, 0.1231431110002669)	(69.0, 0.11846679032937069)	(70.0, 0.07014481006344328)	(71.0, 0.06546848939254706)	(72.0, 0.04520443315199675)	(73.0, 0.010911414898757835)	(74.0, 0.001558773556965405)	(75.0, 0.00311754711393081)	(76.0, 0.004676320670896216)	(77.0, 0.001558773556965405)	(78.0, 0.0)	(79.0, 0.0)	(80.0, 0.0)	(81.0, 0.0)	(82.0, 0.0)	(83.0, 0.0)	(84.0, 0.0)	(85.0, 0.0)	(86.0, 0.0)	(87.0, 0.0)	(88.0, 0.0)	(89.0, 0.0)	(90.0, 0.0)	(91.0, 0.0)	(92.0, 0.0)	(93.0, 0.0)	(94.0, 0.0)	(95.0, 0.0)	(96.0, 0.0)	(97.0, 0.0)	(98.0, 0.0)	(99.0, 0.0)	(100.0, 0.0)
SRR37700675_1	(0.0, 0.0)	(1.0, 0.0)	(2.0, 0.0)	(3.0, 0.0)	(4.0, 0.0)	(5.0, 0.0)	(6.0, 0.0)	(7.0, 0.0)	(8.0, 0.0)	(9.0, 0.0)	(10.0, 0.0)	(11.0, 0.0)	(12.0, 0.0)	(13.0, 0.0)	(14.0, 0.0)	(15.0, 0.0)	(16.0, 0.0)	(17.0, 0.0)	(18.0, 0.0)	(19.0, 0.0)	(20.0, 0.0)	(21.0, 0.0)	(22.0, 0.0)	(23.0, 0.0)	(24.0, 0.0)	(25.0, 0.0)	(26.0, 0.0)	(27.0, 0.0)	(28.0, 0.0)	(29.0, 0.0)	(30.0, 0.0)	(31.0, 0.0)	(32.0, 0.0)	(33.0, 0.0)	(34.0, 0.0)	(35.0, 0.001421080305248012)	(36.0, 0.001421080305248012)	(37.0, 0.0)	(38.0, 0.0)	(39.0, 0.001421080305248012)	(40.0, 0.001421080305248012)	(41.0, 0.0)	(42.0, 0.005684321220992048)	(43.0, 0.002842160610496024)	(44.0, 0.002842160610496024)	(45.0, 0.018474043968224153)	(46.0, 0.052579971294176464)	(47.0, 0.1591609941877773)	(48.0, 0.7332774375079764)	(49.0, 6.632181784592155)	(50.0, 11.200954965965158)	(51.0, 3.9363924455371424)	(52.0, 14.06869502195695)	(53.0, 9.90635080788363)	(54.0, 4.827409796927589)	(55.0, 14.747971407865808)	(56.0, 3.7971265756228214)	(57.0, 3.5527007631201353)	(58.0, 9.666188236296607)	(59.0, 8.260739814406005)	(60.0, 2.2325171595445825)	(61.0, 1.720928249655319)	(62.0, 0.451903537068866)	(63.0, 1.659821796529658)	(64.0, 1.1524961275561467)	(65.0, 0.44479813554262604)	(66.0, 0.19610908212422587)	(67.0, 0.1719507169350095)	(68.0, 0.1463712714405451)	(69.0, 0.09379130014636874)	(70.0, 0.11937074564083287)	(71.0, 0.017052963662976144)	(72.0, 0.00710540152624006)	(73.0, 0.004263240915744036)	(74.0, 0.001421080305248012)	(75.0, 0.001421080305248012)	(76.0, 0.001421080305248012)	(77.0, 0.0)	(78.0, 0.0)	(79.0, 0.0)	(80.0, 0.0)	(81.0, 0.0)	(82.0, 0.0)	(83.0, 0.0)	(84.0, 0.0)	(85.0, 0.0)	(86.0, 0.0)	(87.0, 0.0)	(88.0, 0.0)	(89.0, 0.0)	(90.0, 0.0)	(91.0, 0.0)	(92.0, 0.0)	(93.0, 0.0)	(94.0, 0.0)	(95.0, 0.0)	(96.0, 0.0)	(97.0, 0.0)	(98.0, 0.0)	(99.0, 0.0)	(100.0, 0.0)
SRR37700675_2	(0.0, 0.0)	(1.0, 0.0)	(2.0, 0.0)	(3.0, 0.0)	(4.0, 0.0)	(5.0, 0.0)	(6.0, 0.0)	(7.0, 0.0)	(8.0, 0.0)	(9.0, 0.0)	(10.0, 0.0)	(11.0, 0.0)	(12.0, 0.0)	(13.0, 0.0)	(14.0, 0.0)	(15.0, 0.0)	(16.0, 0.0)	(17.0, 0.0)	(18.0, 0.0)	(19.0, 0.0)	(20.0, 0.0)	(21.0, 0.0)	(22.0, 0.0)	(23.0, 0.0)	(24.0, 0.0)	(25.0, 0.0)	(26.0, 0.0)	(27.0, 0.0)	(28.0, 0.0013004239382038059)	(29.0, 0.0)	(30.0, 0.0)	(31.0, 0.0)	(32.0, 0.0)	(33.0, 0.0013004239382038059)	(34.0, 0.0013004239382038059)	(35.0, 0.0)	(36.0, 0.0013004239382038059)	(37.0, 0.0013004239382038059)	(38.0, 0.0026008478764076117)	(39.0, 0.0026008478764076117)	(40.0, 0.0013004239382038059)	(41.0, 0.0026008478764076117)	(42.0, 0.00650211969101903)	(43.0, 0.010403391505630447)	(44.0, 0.016905511196649476)	(45.0, 0.007802543629222835)	(46.0, 0.04421441389892941)	(47.0, 0.10533433899450818)	(48.0, 0.49936279227025865)	(49.0, 2.1404978022834356)	(50.0, 9.885822778225469)	(51.0, 9.49309474888774)	(52.0, 11.340997165076189)	(53.0, 16.291711097819906)	(54.0, 7.425420687143133)	(55.0, 4.9182033342867655)	(56.0, 12.89110249941583)	(57.0, 3.1444250825768876)	(58.0, 2.179510520429554)	(59.0, 1.6567400972716226)	(60.0, 2.656766105750405)	(61.0, 8.14455512496978)	(62.0, 1.2041925667767241)	(63.0, 1.7607740123279214)	(64.0, 0.7048297745064659)	(65.0, 1.2978230903273928)	(66.0, 0.9011937891752462)	(67.0, 0.5474784779838008)	(68.0, 0.15345002470804914)	(69.0, 0.15735129652266056)	(70.0, 0.09883221930348918)	(71.0, 0.10013264324169298)	(72.0, 0.05201695752815226)	(73.0, 0.019506359073057086)	(74.0, 0.018205935134853284)	(75.0, 0.03771229420791037)	(76.0, 0.05071653358994845)	(77.0, 0.018205935134853284)	(78.0, 0.0)	(79.0, 0.0)	(80.0, 0.0)	(81.0, 0.0)	(82.0, 0.0)	(83.0, 0.0)	(84.0, 0.0)	(85.0, 0.0013004239382038059)	(86.0, 0.0013004239382038059)	(87.0, 0.0)	(88.0, 0.0)	(89.0, 0.0)	(90.0, 0.0)	(91.0, 0.0)	(92.0, 0.0)	(93.0, 0.0)	(94.0, 0.0)	(95.0, 0.0)	(96.0, 0.0)	(97.0, 0.0)	(98.0, 0.0)	(99.0, 0.0)	(100.0, 0.0)
SRR37700676_1	(0.0, 0.0)	(1.0, 0.0)	(2.0, 0.0)	(3.0, 0.0)	(4.0, 0.0)	(5.0, 0.0)	(6.0, 0.0)	(7.0, 0.0)	(8.0, 0.0)	(9.0, 0.0)	(10.0, 0.0)	(11.0, 0.0)	(12.0, 0.0)	(13.0, 0.0)	(14.0, 0.0)	(15.0, 0.0)	(16.0, 0.0)	(17.0, 0.0)	(18.0, 0.0)	(19.0, 0.0)	(20.0, 0.0)	(21.0, 0.0)	(22.0, 0.0)	(23.0, 0.0)	(24.0, 0.0)	(25.0, 0.0)	(26.0, 0.0)	(27.0, 0.0)	(28.0, 0.0)	(29.0, 0.0)	(30.0, 0.0)	(31.0, 0.0)	(32.0, 0.0)	(33.0, 0.0)	(34.0, 0.0)	(35.0, 0.0)	(36.0, 0.0035586555399370317)	(37.0, 0.01779327769968516)	(38.0, 0.0)	(39.0, 0.0035586555399370317)	(40.0, 0.0035586555399370317)	(41.0, 0.0)	(42.0, 0.0)	(43.0, 0.0017793277699685158)	(44.0, 0.0017793277699685158)	(45.0, 0.014234622159748127)	(46.0, 0.16725681037704027)	(47.0, 0.23309193786587573)	(48.0, 0.46262522019181335)	(49.0, 8.964253305100835)	(50.0, 24.99955516805877)	(51.0, 4.752584473586073)	(52.0, 9.554990124730248)	(53.0, 26.488852511521067)	(54.0, 3.008843259016729)	(55.0, 0.6743652248180637)	(56.0, 0.5907368196295446)	(57.0, 0.7579936300065859)	(58.0, 7.441148734008133)	(59.0, 7.021227380295657)	(60.0, 2.003523068984528)	(61.0, 1.7739897866586025)	(62.0, 0.18327076030675696)	(63.0, 0.3256169819042392)	(64.0, 0.23131261009590723)	(65.0, 0.06761445525880362)	(66.0, 0.08540773295848882)	(67.0, 0.09430437180833136)	(68.0, 0.04982117755911844)	(69.0, 0.014234622159748127)	(70.0, 0.007117311079874063)	(71.0, 0.0)	(72.0, 0.0)	(73.0, 0.0)	(74.0, 0.0)	(75.0, 0.0)	(76.0, 0.0)	(77.0, 0.0)	(78.0, 0.0)	(79.0, 0.0)	(80.0, 0.0)	(81.0, 0.0)	(82.0, 0.0)	(83.0, 0.0)	(84.0, 0.0)	(85.0, 0.0)	(86.0, 0.0)	(87.0, 0.0)	(88.0, 0.0)	(89.0, 0.0)	(90.0, 0.0)	(91.0, 0.0)	(92.0, 0.0)	(93.0, 0.0)	(94.0, 0.0)	(95.0, 0.0)	(96.0, 0.0)	(97.0, 0.0)	(98.0, 0.0)	(99.0, 0.0)	(100.0, 0.0)
SRR37700676_2	(0.0, 0.0)	(1.0, 0.0)	(2.0, 0.0)	(3.0, 0.0)	(4.0, 0.0)	(5.0, 0.0)	(6.0, 0.0)	(7.0, 0.0)	(8.0, 0.0)	(9.0, 0.0)	(10.0, 0.0)	(11.0, 0.0)	(12.0, 0.0)	(13.0, 0.0)	(14.0, 0.0)	(15.0, 0.0)	(16.0, 0.0)	(17.0, 0.0)	(18.0, 0.0)	(19.0, 0.0)	(20.0, 0.0)	(21.0, 0.0)	(22.0, 0.0)	(23.0, 0.0)	(24.0, 0.0)	(25.0, 0.0)	(26.0, 0.0)	(27.0, 0.0)	(28.0, 0.001470490923394688)	(29.0, 0.001470490923394688)	(30.0, 0.0)	(31.0, 0.0)	(32.0, 0.0)	(33.0, 0.0)	(34.0, 0.0)	(35.0, 0.0)	(36.0, 0.0)	(37.0, 0.011763927387157504)	(38.0, 0.02205736385092032)	(39.0, 0.007352454616973441)	(40.0, 0.002940981846789376)	(41.0, 0.008822945540368127)	(42.0, 0.001470490923394688)	(43.0, 0.002940981846789376)	(44.0, 0.10293436463762812)	(45.0, 0.11469829202478557)	(46.0, 0.013234418310552193)	(47.0, 0.030880309391288437)	(48.0, 0.15734252880323152)	(49.0, 1.0675764103845546)	(50.0, 18.039982648209307)	(51.0, 18.951687020713226)	(52.0, 5.336411560999342)	(53.0, 21.85884757626188)	(54.0, 21.179480769654152)	(55.0, 1.1925681388731013)	(56.0, 0.49702593210740226)	(57.0, 0.38379813100601295)	(58.0, 0.24557198420691342)	(59.0, 0.2955686756023329)	(60.0, 0.8984699541941606)	(61.0, 6.220176605959348)	(62.0, 0.8367093354115821)	(63.0, 1.558720378798358)	(64.0, 0.26909983898122863)	(65.0, 0.16763596526699442)	(66.0, 0.19851627465828312)	(67.0, 0.12646221941194302)	(68.0, 0.04411472770184065)	(69.0, 0.0867589644802866)	(70.0, 0.03382129123807781)	(71.0, 0.010293436463762816)	(72.0, 0.010293436463762816)	(73.0, 0.0)	(74.0, 0.0)	(75.0, 0.0)	(76.0, 0.0)	(77.0, 0.0)	(78.0, 0.0)	(79.0, 0.0)	(80.0, 0.0)	(81.0, 0.0)	(82.0, 0.0)	(83.0, 0.0)	(84.0, 0.0)	(85.0, 0.0)	(86.0, 0.0)	(87.0, 0.0)	(88.0, 0.0)	(89.0, 0.0)	(90.0, 0.0)	(91.0, 0.0)	(92.0, 0.0)	(93.0, 0.001470490923394688)	(94.0, 0.001470490923394688)	(95.0, 0.0)	(96.0, 0.0)	(97.0, 0.0)	(98.0, 0.0)	(99.0, 0.001470490923394688)	(100.0, 0.006617209155276096)
SRR37700677_1	(0.0, 0.0)	(1.0, 0.0)	(2.0, 0.0)	(3.0, 0.0)	(4.0, 0.0)	(5.0, 0.0)	(6.0, 0.0)	(7.0, 0.0)	(8.0, 0.0)	(9.0, 0.0)	(10.0, 0.0)	(11.0, 0.0)	(12.0, 0.0)	(13.0, 0.0)	(14.0, 0.0)	(15.0, 0.0)	(16.0, 0.0)	(17.0, 0.0)	(18.0, 0.0)	(19.0, 0.0)	(20.0, 0.0)	(21.0, 0.0)	(22.0, 0.0)	(23.0, 0.0)	(24.0, 0.0)	(25.0, 0.0)	(26.0, 0.0)	(27.0, 0.0)	(28.0, 0.0)	(29.0, 0.0)	(30.0, 0.0)	(31.0, 0.0)	(32.0, 0.0)	(33.0, 0.0)	(34.0, 0.0)	(35.0, 0.004344143009187934)	(36.0, 0.004344143009187934)	(37.0, 0.0)	(38.0, 0.0)	(39.0, 0.0)	(40.0, 0.004344143009187934)	(41.0, 0.010860357522969835)	(42.0, 0.0)	(43.0, 0.006516214513781901)	(44.0, 0.015204500532157769)	(45.0, 0.015204500532157769)	(46.0, 0.05647385911944314)	(47.0, 0.19548643541345678)	(48.0, 0.868828601837583)	(49.0, 6.1838875735792715)	(50.0, 10.004561350159358)	(51.0, 4.520080801060105)	(52.0, 12.980299311452418)	(53.0, 9.018440887073922)	(54.0, 4.092182714655044)	(55.0, 8.81209409413754)	(56.0, 2.41099937009928)	(57.0, 3.114750537587686)	(58.0, 7.439344903234465)	(59.0, 6.598753230956767)	(60.0, 8.833814809183476)	(61.0, 8.24952757444783)	(62.0, 0.6994070244792545)	(63.0, 0.8362475292686726)	(64.0, 2.5043984447968155)	(65.0, 1.915767067051884)	(66.0, 0.1998305784226447)	(67.0, 0.1563891483307655)	(68.0, 0.11729186124807425)	(69.0, 0.06516214513781901)	(70.0, 0.04344143009187933)	(71.0, 0.010860357522969835)	(72.0, 0.008688286018375868)	(73.0, 0.0)	(74.0, 0.0)	(75.0, 0.002172071504593967)	(76.0, 0.0)	(77.0, 0.0)	(78.0, 0.0)	(79.0, 0.0)	(80.0, 0.0)	(81.0, 0.0)	(82.0, 0.0)	(83.0, 0.0)	(84.0, 0.0)	(85.0, 0.0)	(86.0, 0.0)	(87.0, 0.0)	(88.0, 0.0)	(89.0, 0.0)	(90.0, 0.0)	(91.0, 0.0)	(92.0, 0.0)	(93.0, 0.0)	(94.0, 0.0)	(95.0, 0.0)	(96.0, 0.0)	(97.0, 0.0)	(98.0, 0.0)	(99.0, 0.0)	(100.0, 0.0)
SRR37700677_2	(0.0, 0.0)	(1.0, 0.0)	(2.0, 0.0)	(3.0, 0.0)	(4.0, 0.0)	(5.0, 0.0)	(6.0, 0.0)	(7.0, 0.0)	(8.0, 0.0)	(9.0, 0.0)	(10.0, 0.0)	(11.0, 0.0)	(12.0, 0.0)	(13.0, 0.0)	(14.0, 0.0)	(15.0, 0.0)	(16.0, 0.0)	(17.0, 0.0)	(18.0, 0.0)	(19.0, 0.0)	(20.0, 0.0)	(21.0, 0.0)	(22.0, 0.0)	(23.0, 0.0)	(24.0, 0.0)	(25.0, 0.0)	(26.0, 0.0)	(27.0, 0.0)	(28.0, 0.0)	(29.0, 0.0)	(30.0, 0.0)	(31.0, 0.0)	(32.0, 0.0)	(33.0, 0.0)	(34.0, 0.002140502590008172)	(35.0, 0.0)	(36.0, 0.004281005180016344)	(37.0, 0.004281005180016344)	(38.0, 0.01070251295004086)	(39.0, 0.01070251295004086)	(40.0, 0.008562010360032688)	(41.0, 0.008562010360032688)	(42.0, 0.01926452331007355)	(43.0, 0.008562010360032688)	(44.0, 0.01926452331007355)	(45.0, 0.032107538850122574)	(46.0, 0.04709105698017976)	(47.0, 0.1284301554004903)	(48.0, 0.7834239479429868)	(49.0, 3.827218630934598)	(50.0, 9.043623442784265)	(51.0, 8.739672075003172)	(52.0, 11.704268162163817)	(53.0, 15.024187679267015)	(54.0, 4.7690397705383)	(55.0, 3.994177832955254)	(56.0, 8.234513463761358)	(57.0, 2.8318849265807624)	(58.0, 2.679909242690191)	(59.0, 1.1066398390342282)	(60.0, 1.8943447921572365)	(61.0, 6.911682863136609)	(62.0, 2.2197011858384603)	(63.0, 8.763217603493256)	(64.0, 1.4191532171754304)	(65.0, 0.928978124063545)	(66.0, 2.2282631961984922)	(67.0, 1.913609315467309)	(68.0, 0.24829830044094794)	(69.0, 0.17338070979066175)	(70.0, 0.10274412432039232)	(71.0, 0.05351256475020428)	(72.0, 0.0299670362601144)	(73.0, 0.01070251295004086)	(74.0, 0.01284301554004903)	(75.0, 0.017124020720065376)	(76.0, 0.023545528490089892)	(77.0, 0.006421507770024515)	(78.0, 0.0)	(79.0, 0.0)	(80.0, 0.0)	(81.0, 0.0)	(82.0, 0.0)	(83.0, 0.0)	(84.0, 0.0)	(85.0, 0.0)	(86.0, 0.0)	(87.0, 0.0)	(88.0, 0.0)	(89.0, 0.0)	(90.0, 0.0)	(91.0, 0.0)	(92.0, 0.0)	(93.0, 0.0)	(94.0, 0.0)	(95.0, 0.0)	(96.0, 0.0)	(97.0, 0.0)	(98.0, 0.0)	(99.0, 0.0)	(100.0, 0.0)
SRR37700678_1	(0.0, 0.0)	(1.0, 0.0)	(2.0, 0.0)	(3.0, 0.0)	(4.0, 0.0)	(5.0, 0.0)	(6.0, 0.0)	(7.0, 0.0)	(8.0, 0.0)	(9.0, 0.0)	(10.0, 0.0)	(11.0, 0.0)	(12.0, 0.0)	(13.0, 0.0)	(14.0, 0.0)	(15.0, 0.0)	(16.0, 0.0)	(17.0, 0.0)	(18.0, 0.0)	(19.0, 0.0)	(20.0, 0.0)	(21.0, 0.0)	(22.0, 0.0)	(23.0, 0.0)	(24.0, 0.0)	(25.0, 0.0)	(26.0, 0.0)	(27.0, 0.0)	(28.0, 0.0)	(29.0, 0.0)	(30.0, 0.0)	(31.0, 0.0)	(32.0, 0.0)	(33.0, 0.0020011206275514226)	(34.0, 0.0020011206275514226)	(35.0, 0.0)	(36.0, 0.0020011206275514226)	(37.0, 0.0020011206275514226)	(38.0, 0.0)	(39.0, 0.0)	(40.0, 0.004002241255102845)	(41.0, 0.032017930040822755)	(42.0, 0.028015688785719917)	(43.0, 0.012006723765308536)	(44.0, 0.022012326903065652)	(45.0, 0.09605379012246835)	(46.0, 0.5523092932041913)	(47.0, 0.8464740254542497)	(48.0, 2.0931721764187743)	(49.0, 5.296966301128799)	(50.0, 7.011926678940268)	(51.0, 5.060834067077704)	(52.0, 20.341391179062754)	(53.0, 12.949251580884436)	(54.0, 3.89217962058754)	(55.0, 5.224925958536939)	(56.0, 3.27383334667408)	(57.0, 2.7555431041382574)	(58.0, 2.2052349315616473)	(59.0, 1.6449211558472807)	(60.0, 11.538461538460556)	(61.0, 11.426398783317703)	(62.0, 0.6363563595613498)	(63.0, 0.9585367805971325)	(64.0, 0.758424717841985)	(65.0, 0.35019610982149985)	(66.0, 0.10405827263267403)	(67.0, 0.09205154886736551)	(68.0, 0.10605939326022544)	(69.0, 0.2361322340510679)	(70.0, 0.3561994717041541)	(71.0, 0.06403586008164554)	(72.0, 0.014007844392859958)	(73.0, 0.004002241255102845)	(74.0, 0.0020011206275514226)	(75.0, 0.0020011206275514226)	(76.0, 0.0)	(77.0, 0.0)	(78.0, 0.0)	(79.0, 0.0)	(80.0, 0.0)	(81.0, 0.0)	(82.0, 0.0)	(83.0, 0.0)	(84.0, 0.0)	(85.0, 0.0)	(86.0, 0.0)	(87.0, 0.0)	(88.0, 0.0)	(89.0, 0.0)	(90.0, 0.0)	(91.0, 0.0)	(92.0, 0.0)	(93.0, 0.0)	(94.0, 0.0)	(95.0, 0.0)	(96.0, 0.0)	(97.0, 0.0)	(98.0, 0.0)	(99.0, 0.0)	(100.0, 0.0)
SRR37700678_2	(0.0, 0.0)	(1.0, 0.0)	(2.0, 0.0)	(3.0, 0.0)	(4.0, 0.0)	(5.0, 0.0)	(6.0, 0.0)	(7.0, 0.0)	(8.0, 0.0)	(9.0, 0.0)	(10.0, 0.0)	(11.0, 0.0)	(12.0, 0.0)	(13.0, 0.0)	(14.0, 0.0)	(15.0, 0.0)	(16.0, 0.0)	(17.0, 0.0)	(18.0, 0.0)	(19.0, 0.0)	(20.0, 0.0)	(21.0, 0.0)	(22.0, 0.0)	(23.0, 0.0)	(24.0, 0.0)	(25.0, 0.0)	(26.0, 0.0)	(27.0, 0.0)	(28.0, 0.0)	(29.0, 0.0)	(30.0, 0.0017985449771134576)	(31.0, 0.0017985449771134576)	(32.0, 0.0)	(33.0, 0.0)	(34.0, 0.0)	(35.0, 0.0)	(36.0, 0.0)	(37.0, 0.005395634931340373)	(38.0, 0.0017985449771134576)	(39.0, 0.0035970899542269153)	(40.0, 0.005395634931340373)	(41.0, 0.0017985449771134576)	(42.0, 0.005395634931340373)	(43.0, 0.03057526461092877)	(44.0, 0.0125898148397942)	(45.0, 0.07194179908453834)	(46.0, 0.1133083335581478)	(47.0, 0.6906412712115637)	(48.0, 0.8561074091060066)	(49.0, 2.490984793302091)	(50.0, 6.489150277425386)	(51.0, 6.818284008237074)	(52.0, 15.996259026448334)	(53.0, 22.694040521221087)	(54.0, 9.893795919100388)	(55.0, 3.7247866476020173)	(56.0, 4.789525274053305)	(57.0, 2.7283927302810542)	(58.0, 1.7068191832806685)	(59.0, 1.260780028956546)	(60.0, 1.3507072778122216)	(61.0, 1.6906322784866483)	(62.0, 1.8525013264268502)	(63.0, 10.427963777302962)	(64.0, 1.8219260618159234)	(65.0, 0.5971169324016653)	(66.0, 0.591721297470325)	(67.0, 0.37949299017094)	(68.0, 0.061150529221857576)	(69.0, 0.07194179908453834)	(70.0, 0.0647476191760845)	(71.0, 0.06834470913031142)	(72.0, 0.1384879632377361)	(73.0, 0.06294907419897104)	(74.0, 0.055754894290517186)	(75.0, 0.09172579383278638)	(76.0, 0.18704867761979943)	(77.0, 0.08453161392433256)	(78.0, 0.0)	(79.0, 0.0)	(80.0, 0.0)	(81.0, 0.0)	(82.0, 0.0)	(83.0, 0.0017985449771134576)	(84.0, 0.0017985449771134576)	(85.0, 0.0)	(86.0, 0.0)	(87.0, 0.0)	(88.0, 0.0)	(89.0, 0.0)	(90.0, 0.0)	(91.0, 0.0)	(92.0, 0.0)	(93.0, 0.0)	(94.0, 0.0)	(95.0, 0.0)	(96.0, 0.0)	(97.0, 0.0)	(98.0, 0.0)	(99.0, 0.0)	(100.0, 0.0026978174656701864)
SRR37700679_1	(0.0, 0.0)	(1.0, 0.0)	(2.0, 0.0)	(3.0, 0.0)	(4.0, 0.0)	(5.0, 0.0)	(6.0, 0.0)	(7.0, 0.0)	(8.0, 0.0)	(9.0, 0.0)	(10.0, 0.0)	(11.0, 0.0)	(12.0, 0.0)	(13.0, 0.0)	(14.0, 0.0)	(15.0, 0.0)	(16.0, 0.0)	(17.0, 0.0)	(18.0, 0.0)	(19.0, 0.0)	(20.0, 0.0)	(21.0, 0.0)	(22.0, 0.0)	(23.0, 0.0)	(24.0, 0.0)	(25.0, 0.0)	(26.0, 0.0)	(27.0, 0.0)	(28.0, 0.0)	(29.0, 0.0)	(30.0, 0.0)	(31.0, 0.0)	(32.0, 0.0)	(33.0, 0.0)	(34.0, 0.0)	(35.0, 0.0)	(36.0, 0.0)	(37.0, 0.0)	(38.0, 0.0)	(39.0, 0.0)	(40.0, 0.0)	(41.0, 0.0)	(42.0, 0.0)	(43.0, 0.011522064754004092)	(44.0, 0.01728309713100614)	(45.0, 0.04608825901601636)	(46.0, 0.1353842608595482)	(47.0, 0.2073971655720735)	(48.0, 0.5271344624956886)	(49.0, 6.262242193801332)	(50.0, 18.10692476091601)	(51.0, 12.17882244498197)	(52.0, 20.06279525290909)	(53.0, 8.321811268579799)	(54.0, 5.743749279871089)	(55.0, 8.598340822675928)	(56.0, 2.5723009563314183)	(57.0, 1.7974421016246518)	(58.0, 2.223758497522814)	(59.0, 1.6159695817490822)	(60.0, 4.1853900218919)	(61.0, 3.934785113492325)	(62.0, 0.4176748473326489)	(63.0, 0.4666436225371667)	(64.0, 1.060029957368371)	(65.0, 0.872796405115807)	(66.0, 0.0662518723355235)	(67.0, 0.04608825901601636)	(68.0, 0.10369858278603686)	(69.0, 0.14978684180205326)	(70.0, 0.22468026270307961)	(71.0, 0.028805161885010235)	(72.0, 0.011522064754004092)	(73.0, 0.002880516188501023)	(74.0, 0.0)	(75.0, 0.0)	(76.0, 0.0)	(77.0, 0.0)	(78.0, 0.0)	(79.0, 0.0)	(80.0, 0.0)	(81.0, 0.0)	(82.0, 0.0)	(83.0, 0.0)	(84.0, 0.0)	(85.0, 0.0)	(86.0, 0.0)	(87.0, 0.0)	(88.0, 0.0)	(89.0, 0.0)	(90.0, 0.0)	(91.0, 0.0)	(92.0, 0.0)	(93.0, 0.0)	(94.0, 0.0)	(95.0, 0.0)	(96.0, 0.0)	(97.0, 0.0)	(98.0, 0.0)	(99.0, 0.0)	(100.0, 0.0)
SRR37700679_2	(0.0, 0.0)	(1.0, 0.0)	(2.0, 0.0)	(3.0, 0.0)	(4.0, 0.0)	(5.0, 0.0)	(6.0, 0.0)	(7.0, 0.0)	(8.0, 0.0)	(9.0, 0.0)	(10.0, 0.0)	(11.0, 0.0)	(12.0, 0.0)	(13.0, 0.0)	(14.0, 0.0)	(15.0, 0.0)	(16.0, 0.0)	(17.0, 0.0)	(18.0, 0.0)	(19.0, 0.0)	(20.0, 0.0)	(21.0, 0.0)	(22.0, 0.0)	(23.0, 0.0)	(24.0, 0.0)	(25.0, 0.0)	(26.0, 0.0)	(27.0, 0.0)	(28.0, 0.0)	(29.0, 0.0)	(30.0, 0.0)	(31.0, 0.0)	(32.0, 0.0)	(33.0, 0.0)	(34.0, 0.0)	(35.0, 0.0)	(36.0, 0.0025916135385892275)	(37.0, 0.005183227077178455)	(38.0, 0.0)	(39.0, 0.0)	(40.0, 0.005183227077178455)	(41.0, 0.0025916135385892275)	(42.0, 0.015549681231535363)	(43.0, 0.023324521847303048)	(44.0, 0.044057430156016854)	(45.0, 0.015549681231535363)	(46.0, 0.05183227077178454)	(47.0, 0.1425387446224075)	(48.0, 0.43798268802158036)	(49.0, 6.416835121547113)	(50.0, 14.805888145959061)	(51.0, 11.49639765718137)	(52.0, 15.66112061369331)	(53.0, 15.801067744777097)	(54.0, 6.717462292023497)	(55.0, 3.742289949722767)	(56.0, 8.313896231794523)	(57.0, 3.185093038926115)	(58.0, 1.6664075053128866)	(59.0, 1.1221686622091334)	(60.0, 1.1817757735966872)	(61.0, 1.5523765096149573)	(62.0, 0.6375369304929492)	(63.0, 3.711190587259698)	(64.0, 0.7075104960348575)	(65.0, 0.4483491421759374)	(66.0, 0.79562535634689)	(67.0, 0.6841859741875548)	(68.0, 0.06479033846473066)	(69.0, 0.05960711138755221)	(70.0, 0.049240657233195304)	(71.0, 0.044057430156016854)	(72.0, 0.08811486031203375)	(73.0, 0.05701549784896298)	(74.0, 0.0285077489244815)	(75.0, 0.05442388431037376)	(76.0, 0.1088477686207476)	(77.0, 0.04146581661742763)	(78.0, 0.005183227077178455)	(79.0, 0.0)	(80.0, 0.0)	(81.0, 0.0)	(82.0, 0.0)	(83.0, 0.0)	(84.0, 0.0025916135385892275)	(85.0, 0.0025916135385892275)	(86.0, 0.0)	(87.0, 0.0)	(88.0, 0.0)	(89.0, 0.0)	(90.0, 0.0)	(91.0, 0.0)	(92.0, 0.0)	(93.0, 0.0)	(94.0, 0.0)	(95.0, 0.0)	(96.0, 0.0)	(97.0, 0.0)	(98.0, 0.0)	(99.0, 0.0)	(100.0, 0.0)
SRR37700680_1	(0.0, 0.0)	(1.0, 0.0)	(2.0, 0.0)	(3.0, 0.0)	(4.0, 0.0)	(5.0, 0.0)	(6.0, 0.0)	(7.0, 0.0)	(8.0, 0.0)	(9.0, 0.0)	(10.0, 0.0)	(11.0, 0.0)	(12.0, 0.0)	(13.0, 0.0)	(14.0, 0.0)	(15.0, 0.0)	(16.0, 0.0)	(17.0, 0.0)	(18.0, 0.0)	(19.0, 0.0)	(20.0, 0.0)	(21.0, 0.0)	(22.0, 0.0)	(23.0, 0.0)	(24.0, 0.0)	(25.0, 0.0)	(26.0, 0.0)	(27.0, 0.0)	(28.0, 0.0)	(29.0, 0.0)	(30.0, 0.0)	(31.0, 0.0)	(32.0, 0.0)	(33.0, 0.0)	(34.0, 0.0)	(35.0, 0.0)	(36.0, 0.0)	(37.0, 0.0)	(38.0, 0.003759257170783077)	(39.0, 0.0)	(40.0, 0.003759257170783077)	(41.0, 0.007518514341566154)	(42.0, 0.015037028683132309)	(43.0, 0.011277771512349231)	(44.0, 0.015037028683132309)	(45.0, 0.10525920078192615)	(46.0, 0.5638885756174624)	(47.0, 0.8119995488891453)	(48.0, 1.1691289801135325)	(49.0, 5.390774782902823)	(50.0, 12.473215292658562)	(51.0, 10.21014247584721)	(52.0, 17.582045787751603)	(53.0, 18.23615653546771)	(54.0, 12.221345062216155)	(55.0, 9.300402240517602)	(56.0, 3.341979624826162)	(57.0, 1.2179993233337119)	(58.0, 2.210443216420463)	(59.0, 1.2367956091876269)	(60.0, 0.763129205668966)	(61.0, 0.7556106913274)	(62.0, 0.21051840156385235)	(63.0, 0.2255554302469846)	(64.0, 0.29322205932107975)	(65.0, 0.17668508702680474)	(66.0, 0.0939814292695769)	(67.0, 0.08270365775722767)	(68.0, 0.40224051727378896)	(69.0, 0.766888462839749)	(70.0, 0.08270365775722767)	(71.0, 0.007518514341566154)	(72.0, 0.007518514341566154)	(73.0, 0.003759257170783077)	(74.0, 0.0)	(75.0, 0.0)	(76.0, 0.0)	(77.0, 0.0)	(78.0, 0.0)	(79.0, 0.0)	(80.0, 0.0)	(81.0, 0.0)	(82.0, 0.0)	(83.0, 0.0)	(84.0, 0.0)	(85.0, 0.0)	(86.0, 0.0)	(87.0, 0.0)	(88.0, 0.0)	(89.0, 0.0)	(90.0, 0.0)	(91.0, 0.0)	(92.0, 0.0)	(93.0, 0.0)	(94.0, 0.0)	(95.0, 0.0)	(96.0, 0.0)	(97.0, 0.0)	(98.0, 0.0)	(99.0, 0.0)	(100.0, 0.0)
SRR37700680_2	(0.0, 0.0)	(1.0, 0.0)	(2.0, 0.0)	(3.0, 0.0)	(4.0, 0.0)	(5.0, 0.0)	(6.0, 0.0)	(7.0, 0.0)	(8.0, 0.0)	(9.0, 0.0)	(10.0, 0.0)	(11.0, 0.0)	(12.0, 0.0)	(13.0, 0.0)	(14.0, 0.0)	(15.0, 0.0)	(16.0, 0.0)	(17.0, 0.0)	(18.0, 0.0)	(19.0, 0.0)	(20.0, 0.0)	(21.0, 0.0)	(22.0, 0.0)	(23.0, 0.0)	(24.0, 0.0)	(25.0, 0.0)	(26.0, 0.0)	(27.0, 0.0)	(28.0, 0.0)	(29.0, 0.0)	(30.0, 0.0)	(31.0, 0.0)	(32.0, 0.0)	(33.0, 0.0)	(34.0, 0.0)	(35.0, 0.0)	(36.0, 0.0)	(37.0, 0.003279763857002342)	(38.0, 0.009839291571007028)	(39.0, 0.013119055428009369)	(40.0, 0.019678583142014056)	(41.0, 0.006559527714004684)	(42.0, 0.006559527714004684)	(43.0, 0.013119055428009369)	(44.0, 0.24270252541817314)	(45.0, 0.26894063627419185)	(46.0, 0.23286323384716615)	(47.0, 0.3870121351262764)	(48.0, 1.0396851426697384)	(49.0, 3.164972122007252)	(50.0, 8.674975401771494)	(51.0, 10.692030173827954)	(52.0, 13.486388979993313)	(53.0, 15.536241390619313)	(54.0, 17.950147589372488)	(55.0, 11.265988848803232)	(56.0, 8.22236798950512)	(57.0, 2.0268940636274624)	(58.0, 0.9445719908166719)	(59.0, 0.7084289931125065)	(60.0, 1.000327976385711)	(61.0, 1.2069530993768556)	(62.0, 0.2755001639881965)	(63.0, 0.6821908822564883)	(64.0, 0.20662512299114752)	(65.0, 0.2459822892751755)	(66.0, 0.28205969170220113)	(67.0, 0.12463102656608907)	(68.0, 0.06559527714004683)	(69.0, 0.08855362413906323)	(70.0, 0.04591669399803279)	(71.0, 0.14430960970810316)	(72.0, 0.5641193834044043)	(73.0, 0.12135126270908672)	(74.0, 0.026238110856018737)	(75.0, 0.0)	(76.0, 0.003279763857002342)	(77.0, 0.0)	(78.0, 0.0)	(79.0, 0.0)	(80.0, 0.0)	(81.0, 0.0)	(82.0, 0.0)	(83.0, 0.0)	(84.0, 0.0)	(85.0, 0.0)	(86.0, 0.0)	(87.0, 0.0)	(88.0, 0.0)	(89.0, 0.0)	(90.0, 0.0)	(91.0, 0.0)	(92.0, 0.0)	(93.0, 0.0)	(94.0, 0.0)	(95.0, 0.0)	(96.0, 0.0)	(97.0, 0.0)	(98.0, 0.0)	(99.0, 0.0)	(100.0, 0.0)
SRR37700681_1	(0.0, 0.0)	(1.0, 0.0)	(2.0, 0.0)	(3.0, 0.0)	(4.0, 0.0)	(5.0, 0.0)	(6.0, 0.0)	(7.0, 0.0)	(8.0, 0.0)	(9.0, 0.0)	(10.0, 0.0)	(11.0, 0.0)	(12.0, 0.0)	(13.0, 0.0)	(14.0, 0.0)	(15.0, 0.0)	(16.0, 0.0)	(17.0, 0.0)	(18.0, 0.0)	(19.0, 0.0)	(20.0, 0.0)	(21.0, 0.0)	(22.0, 0.0)	(23.0, 0.0)	(24.0, 0.0)	(25.0, 0.0)	(26.0, 0.0)	(27.0, 0.0)	(28.0, 0.0)	(29.0, 0.0)	(30.0, 0.0)	(31.0, 0.0)	(32.0, 0.0)	(33.0, 0.0)	(34.0, 0.0)	(35.0, 0.002554082701197816)	(36.0, 0.002554082701197816)	(37.0, 0.0)	(38.0, 0.0)	(39.0, 0.0)	(40.0, 0.0)	(41.0, 0.0)	(42.0, 0.002554082701197816)	(43.0, 0.002554082701197816)	(44.0, 0.012770413505989082)	(45.0, 0.05108165402395631)	(46.0, 0.21454294690061632)	(47.0, 0.39077465328326655)	(48.0, 0.3422470819605077)	(49.0, 4.566699869741679)	(50.0, 10.18057364697432)	(51.0, 4.464536561693755)	(52.0, 15.018006283041885)	(53.0, 34.10722039179887)	(54.0, 3.4224708196050133)	(55.0, 5.368681837917885)	(56.0, 1.3792046586468265)	(57.0, 1.251500523586932)	(58.0, 6.689142594437306)	(59.0, 2.5847316936121767)	(60.0, 4.359819170944633)	(61.0, 4.385359997956614)	(62.0, 0.2630705182233748)	(63.0, 0.2043266160958251)	(64.0, 0.2426378566137922)	(65.0, 0.17112354098025362)	(66.0, 0.056189819426351935)	(67.0, 0.07151431563353886)	(68.0, 0.06896023293234103)	(69.0, 0.07662248103593448)	(70.0, 0.040865323219165056)	(71.0, 0.005108165402395632)	(72.0, 0.0)	(73.0, 0.0)	(74.0, 0.0)	(75.0, 0.0)	(76.0, 0.0)	(77.0, 0.0)	(78.0, 0.0)	(79.0, 0.0)	(80.0, 0.0)	(81.0, 0.0)	(82.0, 0.0)	(83.0, 0.0)	(84.0, 0.0)	(85.0, 0.0)	(86.0, 0.0)	(87.0, 0.0)	(88.0, 0.0)	(89.0, 0.0)	(90.0, 0.0)	(91.0, 0.0)	(92.0, 0.0)	(93.0, 0.0)	(94.0, 0.0)	(95.0, 0.0)	(96.0, 0.0)	(97.0, 0.0)	(98.0, 0.0)	(99.0, 0.0)	(100.0, 0.0)
SRR37700681_2	(0.0, 0.0)	(1.0, 0.0)	(2.0, 0.0)	(3.0, 0.0)	(4.0, 0.0)	(5.0, 0.0)	(6.0, 0.0)	(7.0, 0.0)	(8.0, 0.0)	(9.0, 0.0)	(10.0, 0.0)	(11.0, 0.0)	(12.0, 0.0)	(13.0, 0.0)	(14.0, 0.0)	(15.0, 0.0)	(16.0, 0.0)	(17.0, 0.0)	(18.0, 0.0)	(19.0, 0.0)	(20.0, 0.0)	(21.0, 0.0)	(22.0, 0.0)	(23.0, 0.0)	(24.0, 0.0)	(25.0, 0.0)	(26.0, 0.0)	(27.0, 0.0019381723035177309)	(28.0, 0.0019381723035177309)	(29.0, 0.0)	(30.0, 0.0)	(31.0, 0.0)	(32.0, 0.0019381723035177309)	(33.0, 0.0019381723035177309)	(34.0, 0.0)	(35.0, 0.0)	(36.0, 0.0038763446070354617)	(37.0, 0.0038763446070354617)	(38.0, 0.007752689214070923)	(39.0, 0.0038763446070354617)	(40.0, 0.007752689214070923)	(41.0, 0.009690861517588654)	(42.0, 0.013567206124624117)	(43.0, 0.011629033821106386)	(44.0, 0.09690861517588661)	(45.0, 0.1279193720321702)	(46.0, 0.060083341409049675)	(47.0, 0.09497044287236889)	(48.0, 0.246147882546752)	(49.0, 1.5330942920825397)	(50.0, 5.360984591530247)	(51.0, 6.69832348095738)	(52.0, 10.966178893302454)	(53.0, 29.61139645314296)	(54.0, 23.267758503734445)	(55.0, 2.288981490454412)	(56.0, 4.213586587847621)	(57.0, 0.8760538811900139)	(58.0, 0.564008140323658)	(59.0, 0.5911425525729059)	(60.0, 3.215427851535875)	(61.0, 4.663242562263785)	(62.0, 0.8760538811900139)	(63.0, 3.4131214264947065)	(64.0, 0.49617210970053843)	(65.0, 0.13761023354975882)	(66.0, 0.1938172303517729)	(67.0, 0.1298575443356879)	(68.0, 0.03682527376683688)	(69.0, 0.029072584552765963)	(70.0, 0.011629033821106386)	(71.0, 0.017443550731659582)	(72.0, 0.050392479891461006)	(73.0, 0.009690861517588654)	(74.0, 0.007752689214070923)	(75.0, 0.013567206124624117)	(76.0, 0.021319895338695043)	(77.0, 0.007752689214070923)	(78.0, 0.0)	(79.0, 0.0)	(80.0, 0.0019381723035177309)	(81.0, 0.0)	(82.0, 0.0)	(83.0, 0.0)	(84.0, 0.0)	(85.0, 0.0)	(86.0, 0.0)	(87.0, 0.0)	(88.0, 0.0)	(89.0, 0.0)	(90.0, 0.0)	(91.0, 0.0)	(92.0, 0.0)	(93.0, 0.0)	(94.0, 0.0)	(95.0, 0.0)	(96.0, 0.0)	(97.0, 0.0)	(98.0, 0.0)	(99.0, 0.0)	(100.0, 0.0)
SRR37700682_1	(0.0, 0.0)	(1.0, 0.0)	(2.0, 0.0)	(3.0, 0.0)	(4.0, 0.0)	(5.0, 0.0)	(6.0, 0.0)	(7.0, 0.0)	(8.0, 0.0)	(9.0, 0.0)	(10.0, 0.0)	(11.0, 0.0)	(12.0, 0.0)	(13.0, 0.0)	(14.0, 0.0)	(15.0, 0.0)	(16.0, 0.0)	(17.0, 0.0)	(18.0, 0.0)	(19.0, 0.0)	(20.0, 0.0)	(21.0, 0.0)	(22.0, 0.0)	(23.0, 0.0)	(24.0, 0.0)	(25.0, 0.0)	(26.0, 0.0)	(27.0, 0.0)	(28.0, 0.0)	(29.0, 0.0)	(30.0, 0.0)	(31.0, 0.0)	(32.0, 0.0)	(33.0, 0.0)	(34.0, 0.0)	(35.0, 0.0)	(36.0, 0.0)	(37.0, 0.0)	(38.0, 0.0)	(39.0, 0.0)	(40.0, 0.0)	(41.0, 0.0)	(42.0, 0.002021835826930804)	(43.0, 0.016174686615446427)	(44.0, 0.019207440355842632)	(45.0, 0.11423372422159041)	(46.0, 0.20218358269308082)	(47.0, 0.7319045693489585)	(48.0, 1.0513546300040113)	(49.0, 3.1995551961181166)	(50.0, 9.517792155277698)	(51.0, 12.848766680147131)	(52.0, 14.299433885968662)	(53.0, 18.463404771528865)	(54.0, 12.679943388598561)	(55.0, 14.591589162959897)	(56.0, 7.175495349777296)	(57.0, 1.8712090578244598)	(58.0, 0.6621512333198439)	(59.0, 0.14051758997169103)	(60.0, 0.06368782854832031)	(61.0, 0.135463000404364)	(62.0, 0.157703194500603)	(63.0, 0.17792155276991117)	(64.0, 0.2648604933279348)	(65.0, 0.2082490901738731)	(66.0, 0.1496158511928797)	(67.0, 0.10816821674079795)	(68.0, 0.26384957541446946)	(69.0, 0.754144763445198)	(70.0, 0.10210270926000549)	(71.0, 0.017185604528911828)	(72.0, 0.0060655074807924115)	(73.0, 0.0030327537403962057)	(74.0, 0.001010917913465402)	(75.0, 0.0)	(76.0, 0.0)	(77.0, 0.0)	(78.0, 0.0)	(79.0, 0.0)	(80.0, 0.0)	(81.0, 0.0)	(82.0, 0.0)	(83.0, 0.0)	(84.0, 0.0)	(85.0, 0.0)	(86.0, 0.0)	(87.0, 0.0)	(88.0, 0.0)	(89.0, 0.0)	(90.0, 0.0)	(91.0, 0.0)	(92.0, 0.0)	(93.0, 0.0)	(94.0, 0.0)	(95.0, 0.0)	(96.0, 0.0)	(97.0, 0.0)	(98.0, 0.0)	(99.0, 0.0)	(100.0, 0.0)
SRR37700682_2	(0.0, 0.0)	(1.0, 0.0)	(2.0, 0.0)	(3.0, 0.0)	(4.0, 0.0)	(5.0, 0.0)	(6.0, 0.0)	(7.0, 0.0)	(8.0, 0.0)	(9.0, 0.0)	(10.0, 0.0)	(11.0, 0.0)	(12.0, 0.0)	(13.0, 0.0)	(14.0, 0.0)	(15.0, 0.0)	(16.0, 0.0)	(17.0, 0.0)	(18.0, 0.0)	(19.0, 0.0)	(20.0, 0.0)	(21.0, 0.0)	(22.0, 0.0)	(23.0, 0.0)	(24.0, 0.0)	(25.0, 0.0)	(26.0, 0.0)	(27.0, 0.0009569469564302425)	(28.0, 0.0009569469564302425)	(29.0, 0.0)	(30.0, 0.0)	(31.0, 0.0)	(32.0, 0.0)	(33.0, 0.0)	(34.0, 0.001913893912860485)	(35.0, 0.001913893912860485)	(36.0, 0.0009569469564302425)	(37.0, 0.0)	(38.0, 0.0)	(39.0, 0.0009569469564302425)	(40.0, 0.002870840869290728)	(41.0, 0.0009569469564302425)	(42.0, 0.001913893912860485)	(43.0, 0.014354204346453635)	(44.0, 0.040191772170070215)	(45.0, 0.027751461736477034)	(46.0, 0.1703365582445836)	(47.0, 0.36651068431278083)	(48.0, 0.8067062842706987)	(49.0, 2.4784926171544095)	(50.0, 5.7474234203195325)	(51.0, 7.260356558436344)	(52.0, 9.241236758247846)	(53.0, 17.19920764791794)	(54.0, 17.4910764696289)	(55.0, 13.886257284759454)	(56.0, 12.41447286577108)	(57.0, 6.038335295074368)	(58.0, 3.565584359659075)	(59.0, 0.3751232069206532)	(60.0, 0.5760820677710099)	(61.0, 0.16555182346243236)	(62.0, 0.0708140747758379)	(63.0, 0.13684341476952488)	(64.0, 0.07177102173226814)	(65.0, 0.22966726954325808)	(66.0, 0.35119953300989715)	(67.0, 0.12440310433593164)	(68.0, 0.05358902956009359)	(69.0, 0.06794323390654718)	(70.0, 0.05645987042938431)	(71.0, 0.15598235389812987)	(72.0, 0.6315849912439655)	(73.0, 0.11866142259735013)	(74.0, 0.02679451478004679)	(75.0, 0.004784734782151213)	(76.0, 0.008612522607872184)	(77.0, 0.004784734782151213)	(78.0, 0.001913893912860485)	(79.0, 0.0009569469564302425)	(80.0, 0.0009569469564302425)	(81.0, 0.0)	(82.0, 0.0)	(83.0, 0.0)	(84.0, 0.0)	(85.0, 0.0)	(86.0, 0.0)	(87.0, 0.0)	(88.0, 0.0)	(89.0, 0.0)	(90.0, 0.0)	(91.0, 0.0009569469564302425)	(92.0, 0.0009569469564302425)	(93.0, 0.0009569469564302425)	(94.0, 0.0009569469564302425)	(95.0, 0.0)	(96.0, 0.0)	(97.0, 0.0)	(98.0, 0.0)	(99.0, 0.0)	(100.0, 0.0)
SRR37700683_1	(0.0, 0.0)	(1.0, 0.0)	(2.0, 0.0)	(3.0, 0.0)	(4.0, 0.0)	(5.0, 0.0)	(6.0, 0.0)	(7.0, 0.0)	(8.0, 0.0)	(9.0, 0.0)	(10.0, 0.0)	(11.0, 0.0)	(12.0, 0.0)	(13.0, 0.0)	(14.0, 0.0)	(15.0, 0.0)	(16.0, 0.0)	(17.0, 0.0)	(18.0, 0.0)	(19.0, 0.0)	(20.0, 0.0)	(21.0, 0.0)	(22.0, 0.0)	(23.0, 0.0)	(24.0, 0.0)	(25.0, 0.0)	(26.0, 0.0)	(27.0, 0.0)	(28.0, 0.0)	(29.0, 0.0)	(30.0, 0.0)	(31.0, 0.0)	(32.0, 0.0)	(33.0, 0.0)	(34.0, 0.0)	(35.0, 0.0)	(36.0, 0.0)	(37.0, 0.0)	(38.0, 0.0)	(39.0, 0.0)	(40.0, 0.0005284239228077795)	(41.0, 0.0005284239228077795)	(42.0, 0.001056847845615559)	(43.0, 0.001056847845615559)	(44.0, 0.005812663150885575)	(45.0, 0.04650130520708454)	(46.0, 0.40160218133391695)	(47.0, 0.5490324557972793)	(48.0, 1.268745838661512)	(49.0, 6.2005263102275325)	(50.0, 9.865674638819357)	(51.0, 12.38308620707333)	(52.0, 20.170997981426904)	(53.0, 20.946195876187325)	(54.0, 10.915124549514653)	(55.0, 7.828600416397219)	(56.0, 3.8754610498722455)	(57.0, 2.01435199374324)	(58.0, 0.7043890891027577)	(59.0, 0.0776783166527437)	(60.0, 0.043330761670237875)	(61.0, 0.21506853658276545)	(62.0, 0.2948605489267424)	(63.0, 0.23197810211261485)	(64.0, 0.3556293000496388)	(65.0, 0.2372623413406928)	(66.0, 0.1416176113124846)	(67.0, 0.13686179600721465)	(68.0, 0.3424187019794439)	(69.0, 0.6610583274325222)	(70.0, 0.061825598968510205)	(71.0, 0.014267445915810043)	(72.0, 0.0031705435368466765)	(73.0, 0.002642119614038897)	(74.0, 0.0005284239228077795)	(75.0, 0.0)	(76.0, 0.0005284239228077795)	(77.0, 0.0)	(78.0, 0.0)	(79.0, 0.0)	(80.0, 0.0)	(81.0, 0.0)	(82.0, 0.0)	(83.0, 0.0)	(84.0, 0.0)	(85.0, 0.0)	(86.0, 0.0)	(87.0, 0.0)	(88.0, 0.0)	(89.0, 0.0)	(90.0, 0.0)	(91.0, 0.0)	(92.0, 0.0)	(93.0, 0.0)	(94.0, 0.0)	(95.0, 0.0)	(96.0, 0.0)	(97.0, 0.0)	(98.0, 0.0)	(99.0, 0.0)	(100.0, 0.0)
SRR37700683_2	(0.0, 0.0)	(1.0, 0.0)	(2.0, 0.0)	(3.0, 0.0)	(4.0, 0.0)	(5.0, 0.0)	(6.0, 0.0)	(7.0, 0.0)	(8.0, 0.0)	(9.0, 0.0)	(10.0, 0.0)	(11.0, 0.0)	(12.0, 0.0)	(13.0, 0.0)	(14.0, 0.0)	(15.0, 0.0)	(16.0, 0.0)	(17.0, 0.0)	(18.0, 0.0)	(19.0, 0.0)	(20.0, 0.0)	(21.0, 0.0)	(22.0, 0.0)	(23.0, 0.0)	(24.0, 0.0)	(25.0, 0.0)	(26.0, 0.0)	(27.0, 0.0)	(28.0, 0.0)	(29.0, 0.0)	(30.0, 0.0)	(31.0, 0.0)	(32.0, 0.0)	(33.0, 0.0)	(34.0, 0.0004883861767175429)	(35.0, 0.0004883861767175429)	(36.0, 0.0)	(37.0, 0.0004883861767175429)	(38.0, 0.0004883861767175429)	(39.0, 0.0009767723534350858)	(40.0, 0.0019535447068701715)	(41.0, 0.002441930883587714)	(42.0, 0.002441930883587714)	(43.0, 0.006837406474045599)	(44.0, 0.04102443884427355)	(45.0, 0.05079216237862442)	(46.0, 0.14065521889465193)	(47.0, 0.4307566078648739)	(48.0, 0.8307448865965325)	(49.0, 5.122194221414281)	(50.0, 6.298716521126971)	(51.0, 7.9069722010563765)	(52.0, 8.692297173217472)	(53.0, 20.607454726608005)	(54.0, 22.485787962267093)	(55.0, 10.29029674343582)	(56.0, 6.910176014376779)	(57.0, 3.6878040203942057)	(58.0, 2.450721834768482)	(59.0, 1.0417277149385349)	(60.0, 0.5963195217721116)	(61.0, 0.09083982886946322)	(62.0, 0.08595596710228776)	(63.0, 0.218797007169459)	(64.0, 0.08839789798587548)	(65.0, 0.29498525073739784)	(66.0, 0.44394303463624674)	(67.0, 0.16116743831678843)	(68.0, 0.0664205200335859)	(69.0, 0.08253726386526491)	(70.0, 0.05030377620190686)	(71.0, 0.14260876360152205)	(72.0, 0.5230615952644843)	(73.0, 0.1157475238820576)	(74.0, 0.027838012072899945)	(75.0, 0.004883861767175429)	(76.0, 0.0009767723534350858)	(77.0, 0.0)	(78.0, 0.0)	(79.0, 0.0)	(80.0, 0.0)	(81.0, 0.0)	(82.0, 0.0004883861767175429)	(83.0, 0.0)	(84.0, 0.0)	(85.0, 0.0)	(86.0, 0.0)	(87.0, 0.0)	(88.0, 0.0)	(89.0, 0.0)	(90.0, 0.0)	(91.0, 0.0)	(92.0, 0.0)	(93.0, 0.0)	(94.0, 0.0)	(95.0, 0.0)	(96.0, 0.0)	(97.0, 0.0)	(98.0, 0.0)	(99.0, 0.0)	(100.0, 0.0)
SRR37700684_1	(0.0, 0.0)	(1.0, 0.0)	(2.0, 0.0)	(3.0, 0.0)	(4.0, 0.0)	(5.0, 0.0)	(6.0, 0.0)	(7.0, 0.0)	(8.0, 0.0)	(9.0, 0.0)	(10.0, 0.0)	(11.0, 0.0)	(12.0, 0.0)	(13.0, 0.0)	(14.0, 0.0)	(15.0, 0.0)	(16.0, 0.0)	(17.0, 0.0)	(18.0, 0.0)	(19.0, 0.0)	(20.0, 0.0)	(21.0, 0.0)	(22.0, 0.0)	(23.0, 0.0)	(24.0, 0.0)	(25.0, 0.0)	(26.0, 0.0)	(27.0, 0.0)	(28.0, 0.0)	(29.0, 0.0)	(30.0, 0.0)	(31.0, 0.0)	(32.0, 0.0)	(33.0, 0.0)	(34.0, 0.0)	(35.0, 0.0)	(36.0, 0.0)	(37.0, 0.0020613456464379704)	(38.0, 0.0020613456464379704)	(39.0, 0.0020613456464379704)	(40.0, 0.004122691292875941)	(41.0, 0.0020613456464379704)	(42.0, 0.00618403693931391)	(43.0, 0.008245382585751882)	(44.0, 0.01442941952506579)	(45.0, 0.04328825857519736)	(46.0, 0.14223284960421984)	(47.0, 0.30301781002638206)	(48.0, 1.8119228232189806)	(49.0, 10.626236807387048)	(50.0, 10.448961081793422)	(51.0, 8.084597625329607)	(52.0, 24.51146108179814)	(53.0, 10.228397097624608)	(54.0, 5.707866094986956)	(55.0, 12.357767150394547)	(56.0, 3.2692941952505596)	(57.0, 1.7459597625329695)	(58.0, 1.2388687335092283)	(59.0, 0.8987467018469536)	(60.0, 2.817859498680653)	(61.0, 2.7807552770447717)	(62.0, 0.45555738786279165)	(63.0, 0.6287104221635786)	(64.0, 0.7049802110817824)	(65.0, 0.5256431398416815)	(66.0, 0.11337401055408838)	(67.0, 0.07626978891820493)	(68.0, 0.09894459102902263)	(69.0, 0.14223284960421984)	(70.0, 0.14223284960421984)	(71.0, 0.02473614775725564)	(72.0, 0.008245382585751882)	(73.0, 0.0020613456464379704)	(74.0, 0.01030672823218985)	(75.0, 0.008245382585751882)	(76.0, 0.0)	(77.0, 0.0)	(78.0, 0.0)	(79.0, 0.0)	(80.0, 0.0)	(81.0, 0.0)	(82.0, 0.0)	(83.0, 0.0)	(84.0, 0.0)	(85.0, 0.0)	(86.0, 0.0)	(87.0, 0.0)	(88.0, 0.0)	(89.0, 0.0)	(90.0, 0.0)	(91.0, 0.0)	(92.0, 0.0)	(93.0, 0.0)	(94.0, 0.0)	(95.0, 0.0)	(96.0, 0.0)	(97.0, 0.0)	(98.0, 0.0)	(99.0, 0.0)	(100.0, 0.0)
SRR37700684_2	(0.0, 0.0)	(1.0, 0.0)	(2.0, 0.0)	(3.0, 0.0)	(4.0, 0.0)	(5.0, 0.0)	(6.0, 0.0)	(7.0, 0.0)	(8.0, 0.0)	(9.0, 0.0)	(10.0, 0.0)	(11.0, 0.0)	(12.0, 0.0)	(13.0, 0.0)	(14.0, 0.0)	(15.0, 0.0)	(16.0, 0.0)	(17.0, 0.0)	(18.0, 0.0)	(19.0, 0.0)	(20.0, 0.0)	(21.0, 0.0)	(22.0, 0.0)	(23.0, 0.0)	(24.0, 0.0)	(25.0, 0.0)	(26.0, 0.0)	(27.0, 0.0)	(28.0, 0.0)	(29.0, 0.0017641351327510686)	(30.0, 0.0017641351327510686)	(31.0, 0.0)	(32.0, 0.0)	(33.0, 0.0)	(34.0, 0.0)	(35.0, 0.0017641351327510686)	(36.0, 0.0035282702655021372)	(37.0, 0.0035282702655021372)	(38.0, 0.0070565405310042744)	(39.0, 0.0070565405310042744)	(40.0, 0.0035282702655021372)	(41.0, 0.0017641351327510686)	(42.0, 0.005292405398253206)	(43.0, 0.0017641351327510686)	(44.0, 0.005292405398253206)	(45.0, 0.021169621593012822)	(46.0, 0.052924053982532054)	(47.0, 0.19405486460261745)	(48.0, 1.0514245391196437)	(49.0, 8.506659610125196)	(50.0, 7.22236923348271)	(51.0, 8.047984475610022)	(52.0, 20.312251918499125)	(53.0, 21.644173943726784)	(54.0, 6.211519802416578)	(55.0, 5.096586398518046)	(56.0, 10.126135661990308)	(57.0, 2.646202699126545)	(58.0, 1.160800917350213)	(59.0, 0.6721354855781533)	(60.0, 0.5257122695598168)	(61.0, 0.8079738907999892)	(62.0, 0.49748610743579996)	(63.0, 2.4856664020462067)	(64.0, 0.6703713504454022)	(65.0, 0.4375055129222645)	(66.0, 0.5539384316838334)	(67.0, 0.4286848372585093)	(68.0, 0.07585781070829599)	(69.0, 0.09349916203580666)	(70.0, 0.058216459380785276)	(71.0, 0.056452324248034196)	(72.0, 0.08820675663755348)	(73.0, 0.042339243186025624)	(74.0, 0.029990297256768154)	(75.0, 0.035282702655021356)	(76.0, 0.07232954044279384)	(77.0, 0.029990297256768154)	(78.0, 0.0)	(79.0, 0.0)	(80.0, 0.0)	(81.0, 0.0)	(82.0, 0.0)	(83.0, 0.0)	(84.0, 0.0)	(85.0, 0.0)	(86.0, 0.0)	(87.0, 0.0)	(88.0, 0.0)	(89.0, 0.0)	(90.0, 0.0)	(91.0, 0.0)	(92.0, 0.0)	(93.0, 0.0)	(94.0, 0.0)	(95.0, 0.0)	(96.0, 0.0)	(97.0, 0.0)	(98.0, 0.0)	(99.0, 0.0)	(100.0, 0.0)
SRR37700685_1	(0.0, 0.0)	(1.0, 0.0)	(2.0, 0.0)	(3.0, 0.0)	(4.0, 0.0)	(5.0, 0.0)	(6.0, 0.0)	(7.0, 0.0)	(8.0, 0.0)	(9.0, 0.0)	(10.0, 0.0)	(11.0, 0.0)	(12.0, 0.0)	(13.0, 0.0)	(14.0, 0.0)	(15.0, 0.0)	(16.0, 0.0)	(17.0, 0.0)	(18.0, 0.0)	(19.0, 0.0)	(20.0, 0.0)	(21.0, 0.0)	(22.0, 0.0)	(23.0, 0.0)	(24.0, 0.0)	(25.0, 0.0)	(26.0, 0.0)	(27.0, 0.0)	(28.0, 0.0)	(29.0, 0.0)	(30.0, 0.0)	(31.0, 0.0)	(32.0, 0.002186700487634125)	(33.0, 0.002186700487634125)	(34.0, 0.002186700487634125)	(35.0, 0.0)	(36.0, 0.002186700487634125)	(37.0, 0.0)	(38.0, 0.002186700487634125)	(39.0, 0.006560101462902377)	(40.0, 0.00437340097526825)	(41.0, 0.002186700487634125)	(42.0, 0.00437340097526825)	(43.0, 0.00437340097526825)	(44.0, 0.006560101462902377)	(45.0, 0.07434781657956027)	(46.0, 0.1421355316962181)	(47.0, 0.3892326867988753)	(48.0, 0.7544116682337696)	(49.0, 1.9111762261922314)	(50.0, 5.482058122498916)	(51.0, 12.214908923923279)	(52.0, 19.741532002362526)	(53.0, 23.259933086967436)	(54.0, 15.796724322668773)	(55.0, 8.910804487108866)	(56.0, 4.382147777218827)	(57.0, 1.8936826222911591)	(58.0, 1.3994883120858512)	(59.0, 0.20554984583760746)	(60.0, 0.02405370536397538)	(61.0, 0.10933502438170632)	(62.0, 0.15962913559729103)	(63.0, 0.12901532877041338)	(64.0, 0.25365725656555854)	(65.0, 0.20773654632524163)	(66.0, 0.07872121755482854)	(67.0, 0.1421355316962181)	(68.0, 1.0518029345520155)	(69.0, 1.161137958933725)	(70.0, 0.06997441560429202)	(71.0, 0.0087468019505365)	(72.0, 0.0)	(73.0, 0.002186700487634125)	(74.0, 0.002186700487634125)	(75.0, 0.002186700487634125)	(76.0, 0.0)	(77.0, 0.0)	(78.0, 0.0)	(79.0, 0.0)	(80.0, 0.0)	(81.0, 0.0)	(82.0, 0.0)	(83.0, 0.0)	(84.0, 0.0)	(85.0, 0.0)	(86.0, 0.0)	(87.0, 0.0)	(88.0, 0.0)	(89.0, 0.0)	(90.0, 0.0)	(91.0, 0.0)	(92.0, 0.0)	(93.0, 0.0)	(94.0, 0.0)	(95.0, 0.0)	(96.0, 0.0)	(97.0, 0.0)	(98.0, 0.0)	(99.0, 0.0)	(100.0, 0.0)
SRR37700685_2	(0.0, 0.0)	(1.0, 0.0)	(2.0, 0.0)	(3.0, 0.0)	(4.0, 0.0)	(5.0, 0.0)	(6.0, 0.0)	(7.0, 0.0)	(8.0, 0.0)	(9.0, 0.0)	(10.0, 0.0)	(11.0, 0.0)	(12.0, 0.0)	(13.0, 0.0)	(14.0, 0.0)	(15.0, 0.0)	(16.0, 0.0)	(17.0, 0.0)	(18.0, 0.0)	(19.0, 0.0)	(20.0, 0.0)	(21.0, 0.0)	(22.0, 0.0)	(23.0, 0.0)	(24.0, 0.0)	(25.0, 0.0)	(26.0, 0.0)	(27.0, 0.0)	(28.0, 0.0)	(29.0, 0.0)	(30.0, 0.0)	(31.0, 0.0)	(32.0, 0.0)	(33.0, 0.0)	(34.0, 0.0)	(35.0, 0.0020537676367294957)	(36.0, 0.0020537676367294957)	(37.0, 0.004107535273458991)	(38.0, 0.004107535273458991)	(39.0, 0.004107535273458991)	(40.0, 0.0020537676367294957)	(41.0, 0.0020537676367294957)	(42.0, 0.004107535273458991)	(43.0, 0.004107535273458991)	(44.0, 0.032860282187671924)	(45.0, 0.0410753527345899)	(46.0, 0.06777433201207338)	(47.0, 0.16635517857508897)	(48.0, 0.591485079378093)	(49.0, 1.2445831878580826)	(50.0, 2.515865354993597)	(51.0, 6.617239325542651)	(52.0, 13.581565381691444)	(53.0, 16.226818097800237)	(54.0, 23.31847774743041)	(55.0, 16.551313384403645)	(56.0, 8.048715368342783)	(57.0, 3.542749173358352)	(58.0, 2.4398759524346096)	(59.0, 0.7660553285000976)	(60.0, 1.2055616027602212)	(61.0, 0.24029081349735099)	(62.0, 0.09652707892628636)	(63.0, 0.15814010802817102)	(64.0, 0.07393563492226186)	(65.0, 0.1827853196689249)	(66.0, 0.2628822575013756)	(67.0, 0.16430141093835948)	(68.0, 0.08831200837936837)	(69.0, 0.08215070546917985)	(70.0, 0.11501098765685178)	(71.0, 0.3162802160563429)	(72.0, 0.8071306812346878)	(73.0, 0.3429791953338265)	(74.0, 0.06572056437534388)	(75.0, 0.004107535273458991)	(76.0, 0.008215070546917983)	(77.0, 0.004107535273458991)	(78.0, 0.0)	(79.0, 0.0)	(80.0, 0.0)	(81.0, 0.0)	(82.0, 0.0)	(83.0, 0.0)	(84.0, 0.0)	(85.0, 0.0)	(86.0, 0.0)	(87.0, 0.0)	(88.0, 0.0)	(89.0, 0.0)	(90.0, 0.0)	(91.0, 0.0)	(92.0, 0.0)	(93.0, 0.0)	(94.0, 0.0)	(95.0, 0.0)	(96.0, 0.0)	(97.0, 0.0)	(98.0, 0.0)	(99.0, 0.0)	(100.0, 0.0)
SRR37700686_1	(0.0, 0.0)	(1.0, 0.0)	(2.0, 0.0)	(3.0, 0.0)	(4.0, 0.0)	(5.0, 0.0)	(6.0, 0.0)	(7.0, 0.0)	(8.0, 0.0)	(9.0, 0.0)	(10.0, 0.0)	(11.0, 0.0)	(12.0, 0.0)	(13.0, 0.0)	(14.0, 0.0)	(15.0, 0.0)	(16.0, 0.0)	(17.0, 0.0)	(18.0, 0.0)	(19.0, 0.0)	(20.0, 0.0)	(21.0, 0.0)	(22.0, 0.0)	(23.0, 0.0)	(24.0, 0.0)	(25.0, 0.0)	(26.0, 0.0)	(27.0, 0.0)	(28.0, 0.0)	(29.0, 0.0)	(30.0, 0.0)	(31.0, 0.0)	(32.0, 0.0)	(33.0, 0.0)	(34.0, 0.0)	(35.0, 0.002892765194248992)	(36.0, 0.0)	(37.0, 0.0)	(38.0, 0.0)	(39.0, 0.0)	(40.0, 0.002892765194248992)	(41.0, 0.0)	(42.0, 0.0)	(43.0, 0.0)	(44.0, 0.0)	(45.0, 0.023142121553991937)	(46.0, 0.09835401660446576)	(47.0, 0.2719199282594049)	(48.0, 0.33266799733863406)	(49.0, 1.2728166854695548)	(50.0, 3.751916456940881)	(51.0, 9.115103127078926)	(52.0, 27.773438629987506)	(53.0, 28.95079406404738)	(54.0, 11.88926494836308)	(55.0, 6.8153547976507936)	(56.0, 2.5224912493851295)	(57.0, 1.3364575197430344)	(58.0, 0.6190517515692849)	(59.0, 0.09546125141021676)	(60.0, 0.05206977349648185)	(61.0, 0.6595504642887703)	(62.0, 0.6855853510370108)	(63.0, 0.1706731464606905)	(64.0, 0.8736150886631926)	(65.0, 0.7579044808932346)	(66.0, 0.11860337296420874)	(67.0, 0.15620932048944564)	(68.0, 0.8099742543897157)	(69.0, 0.8128670195839648)	(70.0, 0.026034886748240928)	(71.0, 0.002892765194248992)	(72.0, 0.0)	(73.0, 0.0)	(74.0, 0.0)	(75.0, 0.0)	(76.0, 0.0)	(77.0, 0.0)	(78.0, 0.0)	(79.0, 0.0)	(80.0, 0.0)	(81.0, 0.0)	(82.0, 0.0)	(83.0, 0.0)	(84.0, 0.0)	(85.0, 0.0)	(86.0, 0.0)	(87.0, 0.0)	(88.0, 0.0)	(89.0, 0.0)	(90.0, 0.0)	(91.0, 0.0)	(92.0, 0.0)	(93.0, 0.0)	(94.0, 0.0)	(95.0, 0.0)	(96.0, 0.0)	(97.0, 0.0)	(98.0, 0.0)	(99.0, 0.0)	(100.0, 0.0)
SRR37700686_2	(0.0, 0.0)	(1.0, 0.0)	(2.0, 0.0)	(3.0, 0.0)	(4.0, 0.0)	(5.0, 0.0)	(6.0, 0.0)	(7.0, 0.0)	(8.0, 0.0)	(9.0, 0.0)	(10.0, 0.0)	(11.0, 0.0)	(12.0, 0.0)	(13.0, 0.0)	(14.0, 0.0)	(15.0, 0.0)	(16.0, 0.0)	(17.0, 0.0)	(18.0, 0.0)	(19.0, 0.0)	(20.0, 0.0)	(21.0, 0.0)	(22.0, 0.0)	(23.0, 0.0)	(24.0, 0.0)	(25.0, 0.0)	(26.0, 0.0)	(27.0, 0.0)	(28.0, 0.0)	(29.0, 0.0)	(30.0, 0.0)	(31.0, 0.0)	(32.0, 0.0)	(33.0, 0.0)	(34.0, 0.005641589800005353)	(35.0, 0.008462384700008029)	(36.0, 0.0028207949000026763)	(37.0, 0.0)	(38.0, 0.0)	(39.0, 0.0)	(40.0, 0.0)	(41.0, 0.005641589800005353)	(42.0, 0.011283179600010705)	(43.0, 0.011283179600010705)	(44.0, 0.01410397450001338)	(45.0, 0.03102874390002944)	(46.0, 0.06487828270006152)	(47.0, 0.1410397450001339)	(48.0, 0.3949112860003752)	(49.0, 0.8152097261007709)	(50.0, 1.4724549378014018)	(51.0, 4.569687738004263)	(52.0, 9.334010324109096)	(53.0, 26.0472201066271)	(54.0, 27.86663281712965)	(55.0, 13.528532340412122)	(56.0, 5.881357366505656)	(57.0, 2.538715410002412)	(58.0, 1.7771007870016995)	(59.0, 0.3977320809003778)	(60.0, 0.5472342106005206)	(61.0, 0.47953513300045597)	(62.0, 0.17488928380016586)	(63.0, 0.6262164678005944)	(64.0, 0.21438041240020322)	(65.0, 0.25105074610023786)	(66.0, 0.8462384700007999)	(67.0, 0.6487828270006155)	(68.0, 0.09308623170008833)	(69.0, 0.0818030521000776)	(70.0, 0.0818030521000776)	(71.0, 0.2313051818002192)	(72.0, 0.49081831260046677)	(73.0, 0.25105074610023786)	(74.0, 0.05359510310005083)	(75.0, 0.005641589800005353)	(76.0, 0.0028207949000026763)	(77.0, 0.0)	(78.0, 0.0)	(79.0, 0.0)	(80.0, 0.0)	(81.0, 0.0)	(82.0, 0.0)	(83.0, 0.0)	(84.0, 0.0)	(85.0, 0.0)	(86.0, 0.0)	(87.0, 0.0)	(88.0, 0.0)	(89.0, 0.0)	(90.0, 0.0)	(91.0, 0.0)	(92.0, 0.0)	(93.0, 0.0)	(94.0, 0.0)	(95.0, 0.0)	(96.0, 0.0)	(97.0, 0.0)	(98.0, 0.0)	(99.0, 0.0)	(100.0, 0.0)
SRR37700687_1	(0.0, 0.0)	(1.0, 0.0)	(2.0, 0.0)	(3.0, 0.0)	(4.0, 0.0)	(5.0, 0.0)	(6.0, 0.0)	(7.0, 0.0)	(8.0, 0.0)	(9.0, 0.0)	(10.0, 0.0)	(11.0, 0.0)	(12.0, 0.0)	(13.0, 0.0)	(14.0, 0.0)	(15.0, 0.0)	(16.0, 0.0)	(17.0, 0.0)	(18.0, 0.0)	(19.0, 0.0)	(20.0, 0.0)	(21.0, 0.0)	(22.0, 0.0)	(23.0, 0.0)	(24.0, 0.0)	(25.0, 0.0)	(26.0, 0.0)	(27.0, 0.0)	(28.0, 0.0)	(29.0, 0.0)	(30.0, 0.0)	(31.0, 0.0)	(32.0, 0.0)	(33.0, 0.0)	(34.0, 0.0)	(35.0, 0.0)	(36.0, 0.0)	(37.0, 0.0)	(38.0, 0.0)	(39.0, 0.0)	(40.0, 0.0027119379508595944)	(41.0, 0.0)	(42.0, 0.0013559689754297972)	(43.0, 0.004067906926289392)	(44.0, 0.010847751803438378)	(45.0, 0.050170852090902524)	(46.0, 0.7322232467320936)	(47.0, 0.6156099148451277)	(48.0, 1.1281661875575983)	(49.0, 5.091663502738867)	(50.0, 6.603568910342747)	(51.0, 16.521125996639615)	(52.0, 21.16667570645807)	(53.0, 12.504745891414732)	(54.0, 8.70260888430785)	(55.0, 12.118294733417063)	(56.0, 10.671475836632812)	(57.0, 1.8088626132233179)	(58.0, 0.5776427835330923)	(59.0, 0.17085209090415454)	(60.0, 0.07322232467320908)	(61.0, 0.06237457286977072)	(62.0, 0.08000216955035803)	(63.0, 0.10034170418180492)	(64.0, 0.14644464934641802)	(65.0, 0.08949395237836659)	(66.0, 0.044746976189183316)	(67.0, 0.08407007647664741)	(68.0, 0.26983782611053025)	(69.0, 0.509844334761601)	(70.0, 0.04881488311547272)	(71.0, 0.005423875901719189)	(72.0, 0.0027119379508595944)	(73.0, 0.0)	(74.0, 0.0)	(75.0, 0.0)	(76.0, 0.0)	(77.0, 0.0)	(78.0, 0.0)	(79.0, 0.0)	(80.0, 0.0)	(81.0, 0.0)	(82.0, 0.0)	(83.0, 0.0)	(84.0, 0.0)	(85.0, 0.0)	(86.0, 0.0)	(87.0, 0.0)	(88.0, 0.0)	(89.0, 0.0)	(90.0, 0.0)	(91.0, 0.0)	(92.0, 0.0)	(93.0, 0.0)	(94.0, 0.0)	(95.0, 0.0)	(96.0, 0.0)	(97.0, 0.0)	(98.0, 0.0)	(99.0, 0.0)	(100.0, 0.0)
SRR37700687_2	(0.0, 0.0)	(1.0, 0.0)	(2.0, 0.0)	(3.0, 0.0)	(4.0, 0.0)	(5.0, 0.0)	(6.0, 0.0)	(7.0, 0.0)	(8.0, 0.0)	(9.0, 0.0)	(10.0, 0.0)	(11.0, 0.0)	(12.0, 0.0)	(13.0, 0.0)	(14.0, 0.0)	(15.0, 0.0)	(16.0, 0.0)	(17.0, 0.0)	(18.0, 0.0)	(19.0, 0.0)	(20.0, 0.0)	(21.0, 0.0)	(22.0, 0.0)	(23.0, 0.0)	(24.0, 0.0)	(25.0, 0.0)	(26.0, 0.0)	(27.0, 0.0)	(28.0, 0.0)	(29.0, 0.0)	(30.0, 0.0)	(31.0, 0.0)	(32.0, 0.002607188017363847)	(33.0, 0.0013035940086819236)	(34.0, 0.0)	(35.0, 0.0)	(36.0, 0.0)	(37.0, 0.0013035940086819236)	(38.0, 0.0)	(39.0, 0.002607188017363847)	(40.0, 0.002607188017363847)	(41.0, 0.0013035940086819236)	(42.0, 0.006517970043409618)	(43.0, 0.011732346078137314)	(44.0, 0.024768286164956542)	(45.0, 0.031286256208366156)	(46.0, 0.12253783681610066)	(47.0, 0.6752616964972386)	(48.0, 1.12891241151855)	(49.0, 4.429612441501261)	(50.0, 3.4271486488248937)	(51.0, 4.954960826999957)	(52.0, 9.710471770671694)	(53.0, 19.68687671911399)	(54.0, 19.965845836971667)	(55.0, 10.04940621292915)	(56.0, 14.338230501494628)	(57.0, 6.860815267692496)	(58.0, 2.0648929097521287)	(59.0, 0.7026371706795598)	(60.0, 0.3858638265698482)	(61.0, 0.0912515806077346)	(62.0, 0.052143760347276975)	(63.0, 0.07560845250355157)	(64.0, 0.04953657232991312)	(65.0, 0.11601986677269108)	(66.0, 0.14209174694632962)	(67.0, 0.1055911147032357)	(68.0, 0.0534473543559589)	(69.0, 0.04562579030386734)	(70.0, 0.052143760347276975)	(71.0, 0.13687737091160188)	(72.0, 0.38716742057853004)	(73.0, 0.08343001655564308)	(74.0, 0.00782156405209154)	(75.0, 0.002607188017363847)	(76.0, 0.003910782026045771)	(77.0, 0.002607188017363847)	(78.0, 0.0013035940086819236)	(79.0, 0.0)	(80.0, 0.0)	(81.0, 0.0)	(82.0, 0.0)	(83.0, 0.0)	(84.0, 0.0)	(85.0, 0.0)	(86.0, 0.0013035940086819236)	(87.0, 0.0)	(88.0, 0.0)	(89.0, 0.0)	(90.0, 0.0)	(91.0, 0.0)	(92.0, 0.0)	(93.0, 0.0)	(94.0, 0.0)	(95.0, 0.0)	(96.0, 0.0)	(97.0, 0.0)	(98.0, 0.0)	(99.0, 0.0)	(100.0, 0.0)
SRR37700688_1	(0.0, 0.0)	(1.0, 0.0)	(2.0, 0.0)	(3.0, 0.0)	(4.0, 0.0)	(5.0, 0.0)	(6.0, 0.0)	(7.0, 0.0)	(8.0, 0.0)	(9.0, 0.0)	(10.0, 0.0)	(11.0, 0.0)	(12.0, 0.0)	(13.0, 0.0)	(14.0, 0.0)	(15.0, 0.0)	(16.0, 0.0)	(17.0, 0.0)	(18.0, 0.0)	(19.0, 0.0)	(20.0, 0.0)	(21.0, 0.0)	(22.0, 0.0)	(23.0, 0.0)	(24.0, 0.0)	(25.0, 0.0)	(26.0, 0.0)	(27.0, 0.0)	(28.0, 0.0018368509028121457)	(29.0, 0.0)	(30.0, 0.0)	(31.0, 0.0)	(32.0, 0.0)	(33.0, 0.0)	(34.0, 0.0)	(35.0, 0.0018368509028121457)	(36.0, 0.0036737018056242914)	(37.0, 0.0)	(38.0, 0.0)	(39.0, 0.0)	(40.0, 0.0018368509028121457)	(41.0, 0.0018368509028121457)	(42.0, 0.0018368509028121457)	(43.0, 0.0)	(44.0, 0.0018368509028121457)	(45.0, 0.05143182527874007)	(46.0, 0.22776951194870618)	(47.0, 0.48676548924521773)	(48.0, 1.2104847449532143)	(49.0, 4.470895097444886)	(50.0, 8.58911482154918)	(51.0, 12.771624327252498)	(52.0, 16.910049411290146)	(53.0, 14.909718778126807)	(54.0, 9.933689682407365)	(55.0, 20.0455539023919)	(56.0, 5.7107694568432015)	(57.0, 1.8203192446868293)	(58.0, 1.0359839091860557)	(59.0, 0.1818482393784022)	(60.0, 0.07714773791811017)	(61.0, 0.0863319924321709)	(62.0, 0.1653165812530929)	(63.0, 0.13225326500247442)	(64.0, 0.10102679965466803)	(65.0, 0.06428978159842512)	(66.0, 0.06796348340404941)	(67.0, 0.11021105416872874)	(68.0, 0.32695946070056275)	(69.0, 0.4518653220917874)	(70.0, 0.029389614444994324)	(71.0, 0.012857956319685018)	(72.0, 0.0036737018056242914)	(73.0, 0.0)	(74.0, 0.0)	(75.0, 0.0)	(76.0, 0.0)	(77.0, 0.0)	(78.0, 0.0)	(79.0, 0.0)	(80.0, 0.0)	(81.0, 0.0)	(82.0, 0.0)	(83.0, 0.0)	(84.0, 0.0)	(85.0, 0.0)	(86.0, 0.0)	(87.0, 0.0)	(88.0, 0.0)	(89.0, 0.0)	(90.0, 0.0)	(91.0, 0.0)	(92.0, 0.0)	(93.0, 0.0)	(94.0, 0.0)	(95.0, 0.0)	(96.0, 0.0)	(97.0, 0.0)	(98.0, 0.0)	(99.0, 0.0)	(100.0, 0.0)
SRR37700688_2	(0.0, 0.0)	(1.0, 0.0)	(2.0, 0.0)	(3.0, 0.0)	(4.0, 0.0)	(5.0, 0.0)	(6.0, 0.0)	(7.0, 0.0)	(8.0, 0.0)	(9.0, 0.0)	(10.0, 0.0)	(11.0, 0.0)	(12.0, 0.0)	(13.0, 0.0)	(14.0, 0.0)	(15.0, 0.0)	(16.0, 0.0)	(17.0, 0.0)	(18.0, 0.0)	(19.0, 0.0)	(20.0, 0.0)	(21.0, 0.0)	(22.0, 0.0)	(23.0, 0.0)	(24.0, 0.0)	(25.0, 0.0)	(26.0, 0.0)	(27.0, 0.0)	(28.0, 0.0)	(29.0, 0.0)	(30.0, 0.0)	(31.0, 0.0)	(32.0, 0.0)	(33.0, 0.0)	(34.0, 0.0)	(35.0, 0.0)	(36.0, 0.001747304782373087)	(37.0, 0.0)	(38.0, 0.005241914347119261)	(39.0, 0.006989219129492348)	(40.0, 0.008736523911865435)	(41.0, 0.005241914347119261)	(42.0, 0.008736523911865435)	(43.0, 0.01223113347661161)	(44.0, 0.05241914347119261)	(45.0, 0.06115566738305806)	(46.0, 0.12056402998374294)	(47.0, 0.24462266953223247)	(48.0, 0.6517446838251579)	(49.0, 2.9966277017698184)	(50.0, 3.7007915290662523)	(51.0, 6.204679282206885)	(52.0, 10.37200118816575)	(53.0, 15.222519264035398)	(54.0, 17.90637940976168)	(55.0, 14.84160682147789)	(56.0, 17.951809334103398)	(57.0, 4.569202005905776)	(58.0, 1.9517394419107186)	(59.0, 0.6080620642658313)	(60.0, 0.8946200485750231)	(61.0, 0.19395083084341258)	(62.0, 0.11182750607187752)	(63.0, 0.09260715346577364)	(64.0, 0.059408362600684966)	(65.0, 0.1590047351959507)	(66.0, 0.1345424682427276)	(67.0, 0.0541664482535657)	(68.0, 0.06290297216543116)	(69.0, 0.08736523911865439)	(70.0, 0.05067183868881952)	(71.0, 0.11532211563662369)	(72.0, 0.34247173734512587)	(73.0, 0.11532211563662369)	(74.0, 0.019220352606103958)	(75.0, 0.001747304782373087)	(76.0, 0.0)	(77.0, 0.0)	(78.0, 0.0)	(79.0, 0.0)	(80.0, 0.0)	(81.0, 0.0)	(82.0, 0.0)	(83.0, 0.0)	(84.0, 0.0)	(85.0, 0.0)	(86.0, 0.0)	(87.0, 0.0)	(88.0, 0.0)	(89.0, 0.0)	(90.0, 0.0)	(91.0, 0.0)	(92.0, 0.0)	(93.0, 0.0)	(94.0, 0.0)	(95.0, 0.0)	(96.0, 0.0)	(97.0, 0.0)	(98.0, 0.0)	(99.0, 0.0)	(100.0, 0.0)
SRR37700689_1	(0.0, 0.0)	(1.0, 0.0)	(2.0, 0.0)	(3.0, 0.0)	(4.0, 0.0)	(5.0, 0.0)	(6.0, 0.0)	(7.0, 0.0)	(8.0, 0.0)	(9.0, 0.0)	(10.0, 0.0)	(11.0, 0.0)	(12.0, 0.0)	(13.0, 0.0)	(14.0, 0.0)	(15.0, 0.0)	(16.0, 0.0)	(17.0, 0.0)	(18.0, 0.0)	(19.0, 0.0)	(20.0, 0.0)	(21.0, 0.0)	(22.0, 0.0)	(23.0, 0.0)	(24.0, 0.0)	(25.0, 0.0)	(26.0, 0.0)	(27.0, 0.0)	(28.0, 0.0)	(29.0, 0.0)	(30.0, 0.0)	(31.0, 0.0)	(32.0, 0.0)	(33.0, 0.0)	(34.0, 0.0)	(35.0, 0.0)	(36.0, 0.0)	(37.0, 0.0)	(38.0, 0.0)	(39.0, 0.0)	(40.0, 0.0)	(41.0, 0.0)	(42.0, 0.0)	(43.0, 0.0)	(44.0, 0.004386734514827061)	(45.0, 0.02193367257413531)	(46.0, 0.30487804878048114)	(47.0, 0.44744692051236107)	(48.0, 0.7764520091243861)	(49.0, 4.853921740656236)	(50.0, 8.376469556062206)	(51.0, 7.5736971398490365)	(52.0, 18.09308650640509)	(53.0, 22.46227408317483)	(54.0, 11.789349008596885)	(55.0, 14.546411651165798)	(56.0, 4.156430952798654)	(57.0, 1.0922968941919404)	(58.0, 0.44306018599753405)	(59.0, 0.1272153009299848)	(60.0, 0.0767678540094736)	(61.0, 0.23469029654324763)	(62.0, 0.3421652921565114)	(63.0, 0.2939112124934134)	(64.0, 0.3706790665028875)	(65.0, 0.2544306018599696)	(66.0, 0.27417090717669146)	(67.0, 0.24346376557290184)	(68.0, 0.9848218985786744)	(69.0, 1.6954728899806777)	(70.0, 0.12063519915774422)	(71.0, 0.02193367257413531)	(72.0, 0.010966836287067653)	(73.0, 0.006580101772240593)	(74.0, 0.0)	(75.0, 0.0)	(76.0, 0.0)	(77.0, 0.0)	(78.0, 0.0)	(79.0, 0.0)	(80.0, 0.0)	(81.0, 0.0)	(82.0, 0.0)	(83.0, 0.0)	(84.0, 0.0)	(85.0, 0.0)	(86.0, 0.0)	(87.0, 0.0)	(88.0, 0.0)	(89.0, 0.0)	(90.0, 0.0)	(91.0, 0.0)	(92.0, 0.0)	(93.0, 0.0)	(94.0, 0.0)	(95.0, 0.0)	(96.0, 0.0)	(97.0, 0.0)	(98.0, 0.0)	(99.0, 0.0)	(100.0, 0.0)
SRR37700689_2	(0.0, 0.0)	(1.0, 0.0)	(2.0, 0.0)	(3.0, 0.0)	(4.0, 0.0)	(5.0, 0.0)	(6.0, 0.0)	(7.0, 0.0)	(8.0, 0.0)	(9.0, 0.0)	(10.0, 0.0)	(11.0, 0.0)	(12.0, 0.0)	(13.0, 0.0)	(14.0, 0.0)	(15.0, 0.0)	(16.0, 0.0)	(17.0, 0.0)	(18.0, 0.0)	(19.0, 0.0)	(20.0, 0.0)	(21.0, 0.0)	(22.0, 0.0)	(23.0, 0.0)	(24.0, 0.0)	(25.0, 0.0)	(26.0, 0.0)	(27.0, 0.0)	(28.0, 0.0)	(29.0, 0.0)	(30.0, 0.0)	(31.0, 0.0)	(32.0, 0.0)	(33.0, 0.0)	(34.0, 0.0)	(35.0, 0.002044780697270145)	(36.0, 0.00408956139454029)	(37.0, 0.0)	(38.0, 0.002044780697270145)	(39.0, 0.002044780697270145)	(40.0, 0.0)	(41.0, 0.0)	(42.0, 0.002044780697270145)	(43.0, 0.006134342091810437)	(44.0, 0.01840302627543131)	(45.0, 0.01635824557816116)	(46.0, 0.08179122789080587)	(47.0, 0.3721500869031674)	(48.0, 0.6175237705755817)	(49.0, 4.040486657805838)	(50.0, 5.843983232798312)	(51.0, 7.240568449033652)	(52.0, 6.899090072589615)	(53.0, 19.52356609753737)	(54.0, 21.32706267253046)	(55.0, 11.385338922399296)	(56.0, 13.090686023922569)	(57.0, 3.3984255188629393)	(58.0, 1.2554953481238782)	(59.0, 0.3230753501686836)	(60.0, 0.302627543195982)	(61.0, 0.1226868418362087)	(62.0, 0.07974644719353571)	(63.0, 0.22901543809425623)	(64.0, 0.0961046927716969)	(65.0, 0.47438912176667364)	(66.0, 0.6236581126673921)	(67.0, 0.15131377159799064)	(68.0, 0.10632859625804761)	(69.0, 0.07156732440445511)	(70.0, 0.07565688579899542)	(71.0, 0.4130457008485701)	(72.0, 1.3556896022901181)	(73.0, 0.34965749923319567)	(74.0, 0.07974644719353571)	(75.0, 0.01226868418362087)	(76.0, 0.00408956139454029)	(77.0, 0.0)	(78.0, 0.0)	(79.0, 0.0)	(80.0, 0.0)	(81.0, 0.0)	(82.0, 0.0)	(83.0, 0.0)	(84.0, 0.0)	(85.0, 0.0)	(86.0, 0.0)	(87.0, 0.0)	(88.0, 0.0)	(89.0, 0.0)	(90.0, 0.0)	(91.0, 0.0)	(92.0, 0.0)	(93.0, 0.0)	(94.0, 0.0)	(95.0, 0.0)	(96.0, 0.0)	(97.0, 0.0)	(98.0, 0.0)	(99.0, 0.0)	(100.0, 0.0)
SRR37700690_1	(0.0, 0.0)	(1.0, 0.0)	(2.0, 0.0)	(3.0, 0.0)	(4.0, 0.0)	(5.0, 0.0)	(6.0, 0.0)	(7.0, 0.0)	(8.0, 0.0)	(9.0, 0.0)	(10.0, 0.0)	(11.0, 0.0)	(12.0, 0.0)	(13.0, 0.0)	(14.0, 0.0)	(15.0, 0.0)	(16.0, 0.0)	(17.0, 0.0)	(18.0, 0.0)	(19.0, 0.0)	(20.0, 0.0)	(21.0, 0.0)	(22.0, 0.0)	(23.0, 0.0)	(24.0, 0.0)	(25.0, 0.0)	(26.0, 0.0)	(27.0, 0.0)	(28.0, 0.0)	(29.0, 0.0)	(30.0, 0.0)	(31.0, 0.0)	(32.0, 0.0)	(33.0, 0.0)	(34.0, 0.0)	(35.0, 0.0)	(36.0, 0.0)	(37.0, 0.0)	(38.0, 0.0)	(39.0, 0.0)	(40.0, 0.0)	(41.0, 0.0)	(42.0, 0.0)	(43.0, 0.002420779975307976)	(44.0, 0.004841559950615952)	(45.0, 0.01210389987653988)	(46.0, 0.03147013967900369)	(47.0, 0.5422547144689869)	(48.0, 1.0845094289379724)	(49.0, 3.275315306591632)	(50.0, 6.390859134813276)	(51.0, 11.193686605823565)	(52.0, 23.06035004478615)	(53.0, 23.135394224020732)	(54.0, 11.193686605823565)	(55.0, 13.585417221427301)	(56.0, 3.00902950930777)	(57.0, 0.6318235735553807)	(58.0, 0.5301508145924472)	(59.0, 0.3268052966665771)	(60.0, 0.1186182187900909)	(61.0, 0.045994819530851536)	(62.0, 0.108935098888859)	(63.0, 0.07504417923454727)	(64.0, 0.06051949938269939)	(65.0, 0.041153259580235586)	(66.0, 0.04357403955554356)	(67.0, 0.09925197898762708)	(68.0, 0.7117093127405427)	(69.0, 0.6560313733084601)	(70.0, 0.024207799753079764)	(71.0, 0.002420779975307976)	(72.0, 0.002420779975307976)	(73.0, 0.0)	(74.0, 0.0)	(75.0, 0.0)	(76.0, 0.0)	(77.0, 0.0)	(78.0, 0.0)	(79.0, 0.0)	(80.0, 0.0)	(81.0, 0.0)	(82.0, 0.0)	(83.0, 0.0)	(84.0, 0.0)	(85.0, 0.0)	(86.0, 0.0)	(87.0, 0.0)	(88.0, 0.0)	(89.0, 0.0)	(90.0, 0.0)	(91.0, 0.0)	(92.0, 0.0)	(93.0, 0.0)	(94.0, 0.0)	(95.0, 0.0)	(96.0, 0.0)	(97.0, 0.0)	(98.0, 0.0)	(99.0, 0.0)	(100.0, 0.0)
SRR37700690_2	(0.0, 0.0)	(1.0, 0.0)	(2.0, 0.0)	(3.0, 0.0)	(4.0, 0.0)	(5.0, 0.0)	(6.0, 0.0)	(7.0, 0.0)	(8.0, 0.0)	(9.0, 0.0)	(10.0, 0.0)	(11.0, 0.0)	(12.0, 0.0)	(13.0, 0.0)	(14.0, 0.0)	(15.0, 0.0)	(16.0, 0.0)	(17.0, 0.0)	(18.0, 0.0)	(19.0, 0.0)	(20.0, 0.0)	(21.0, 0.0)	(22.0, 0.0)	(23.0, 0.0)	(24.0, 0.0)	(25.0, 0.0)	(26.0, 0.0)	(27.0, 0.0)	(28.0, 0.0)	(29.0, 0.0)	(30.0, 0.0)	(31.0, 0.0)	(32.0, 0.0)	(33.0, 0.0)	(34.0, 0.0)	(35.0, 0.0)	(36.0, 0.004463389051306496)	(37.0, 0.0)	(38.0, 0.0)	(39.0, 0.0)	(40.0, 0.004463389051306496)	(41.0, 0.002231694525653248)	(42.0, 0.0)	(43.0, 0.004463389051306496)	(44.0, 0.008926778102612993)	(45.0, 0.01115847262826624)	(46.0, 0.017853556205225985)	(47.0, 0.060255752192637686)	(48.0, 0.6449597179137868)	(49.0, 2.097792854114051)	(50.0, 2.466022450846816)	(51.0, 5.492200227632801)	(52.0, 10.946461648328563)	(53.0, 18.536454730076827)	(54.0, 23.997411234352807)	(55.0, 16.561405074872802)	(56.0, 9.68109085228346)	(57.0, 4.264768238523374)	(58.0, 2.5285098975651032)	(59.0, 0.41732687629715853)	(60.0, 0.4150951817715053)	(61.0, 0.2678033430783898)	(62.0, 0.10265794818004947)	(63.0, 0.04463389051306495)	(64.0, 0.03570711241045196)	(65.0, 0.13836506059050135)	(66.0, 0.12720658796223513)	(67.0, 0.04463389051306495)	(68.0, 0.055792363141331194)	(69.0, 0.049097279564371446)	(70.0, 0.04463389051306495)	(71.0, 0.2209377580396713)	(72.0, 0.48650940659240843)	(73.0, 0.16068200584703377)	(74.0, 0.04463389051306495)	(75.0, 0.008926778102612993)	(76.0, 0.002231694525653248)	(77.0, 0.002231694525653248)	(78.0, 0.0)	(79.0, 0.0)	(80.0, 0.0)	(81.0, 0.0)	(82.0, 0.0)	(83.0, 0.0)	(84.0, 0.0)	(85.0, 0.0)	(86.0, 0.0)	(87.0, 0.0)	(88.0, 0.0)	(89.0, 0.0)	(90.0, 0.0)	(91.0, 0.0)	(92.0, 0.0)	(93.0, 0.0)	(94.0, 0.0)	(95.0, 0.0)	(96.0, 0.0)	(97.0, 0.0)	(98.0, 0.0)	(99.0, 0.0)	(100.0, 0.0)
SRR37700691_1	(0.0, 0.0)	(1.0, 0.0)	(2.0, 0.0)	(3.0, 0.0)	(4.0, 0.0)	(5.0, 0.0)	(6.0, 0.0)	(7.0, 0.0)	(8.0, 0.0)	(9.0, 0.0)	(10.0, 0.0)	(11.0, 0.0)	(12.0, 0.0)	(13.0, 0.0)	(14.0, 0.0)	(15.0, 0.0)	(16.0, 0.0)	(17.0, 0.0)	(18.0, 0.0)	(19.0, 0.0)	(20.0, 0.0)	(21.0, 0.0)	(22.0, 0.0)	(23.0, 0.0)	(24.0, 0.0)	(25.0, 0.0)	(26.0, 0.0)	(27.0, 0.0)	(28.0, 0.0)	(29.0, 0.0)	(30.0, 0.0)	(31.0, 0.0)	(32.0, 0.0)	(33.0, 0.0)	(34.0, 0.0)	(35.0, 0.0)	(36.0, 0.0)	(37.0, 0.0)	(38.0, 0.0)	(39.0, 0.0)	(40.0, 0.0)	(41.0, 0.0010926931608334805)	(42.0, 0.002185386321666961)	(43.0, 0.010926931608334805)	(44.0, 0.04042964695083879)	(45.0, 0.1781089852158577)	(46.0, 0.48187768392756425)	(47.0, 1.3964618595451659)	(48.0, 1.6346689686068512)	(49.0, 5.52247123485207)	(50.0, 9.817848050089623)	(51.0, 13.564692898589142)	(52.0, 19.67066228132108)	(53.0, 14.908705486413101)	(54.0, 10.552137854170056)	(55.0, 10.356545778380774)	(56.0, 7.200847929892247)	(57.0, 2.117639345695297)	(58.0, 0.5758492957592463)	(59.0, 0.1781089852158577)	(60.0, 0.0994350776358466)	(61.0, 0.1201962476916828)	(62.0, 0.1682747467683563)	(63.0, 0.16718205360752278)	(64.0, 0.15625512199918792)	(65.0, 0.06774697597167577)	(66.0, 0.08195198706251097)	(67.0, 0.11364008872668187)	(68.0, 0.266617131243369)	(69.0, 0.5004534676617339)	(70.0, 0.04042964695083879)	(71.0, 0.004370772643333922)	(72.0, 0.0)	(73.0, 0.0010926931608334805)	(74.0, 0.0010926931608334805)	(75.0, 0.0)	(76.0, 0.0)	(77.0, 0.0)	(78.0, 0.0)	(79.0, 0.0)	(80.0, 0.0)	(81.0, 0.0)	(82.0, 0.0)	(83.0, 0.0)	(84.0, 0.0)	(85.0, 0.0)	(86.0, 0.0)	(87.0, 0.0)	(88.0, 0.0)	(89.0, 0.0)	(90.0, 0.0)	(91.0, 0.0)	(92.0, 0.0)	(93.0, 0.0)	(94.0, 0.0)	(95.0, 0.0)	(96.0, 0.0)	(97.0, 0.0)	(98.0, 0.0)	(99.0, 0.0)	(100.0, 0.0)
SRR37700691_2	(0.0, 0.0)	(1.0, 0.0)	(2.0, 0.0)	(3.0, 0.0)	(4.0, 0.0)	(5.0, 0.0)	(6.0, 0.0)	(7.0, 0.0)	(8.0, 0.0)	(9.0, 0.0)	(10.0, 0.0)	(11.0, 0.0)	(12.0, 0.0)	(13.0, 0.0)	(14.0, 0.0)	(15.0, 0.0)	(16.0, 0.0)	(17.0, 0.0)	(18.0, 0.0)	(19.0, 0.0)	(20.0, 0.0)	(21.0, 0.0)	(22.0, 0.0)	(23.0, 0.0)	(24.0, 0.0)	(25.0, 0.0)	(26.0, 0.0)	(27.0, 0.0)	(28.0, 0.0)	(29.0, 0.0)	(30.0, 0.0)	(31.0, 0.0)	(32.0, 0.0)	(33.0, 0.0)	(34.0, 0.0)	(35.0, 0.0)	(36.0, 0.0)	(37.0, 0.0)	(38.0, 0.0010490867699667397)	(39.0, 0.0031472603099002195)	(40.0, 0.004196347079866959)	(41.0, 0.0020981735399334795)	(42.0, 0.005245433849833699)	(43.0, 0.015736301549501095)	(44.0, 0.16260844934484495)	(45.0, 0.1877865318240469)	(46.0, 0.2507317380220506)	(47.0, 0.49202169511440114)	(48.0, 1.557893853400575)	(49.0, 4.807964666757354)	(50.0, 5.864395044113621)	(51.0, 7.968863104667462)	(52.0, 14.285414546638172)	(53.0, 16.64585977906119)	(54.0, 16.70355955140931)	(55.0, 10.978693047703407)	(56.0, 9.165871109200056)	(57.0, 4.5950000524541545)	(58.0, 3.1493584834402912)	(59.0, 0.8434657630532657)	(60.0, 0.5623105087021747)	(61.0, 0.1814920112042464)	(62.0, 0.12798858593594228)	(63.0, 0.10805593730657409)	(64.0, 0.07133790035773827)	(65.0, 0.1856883582841134)	(66.0, 0.22450456877288255)	(67.0, 0.0839269415973391)	(68.0, 0.07868150774750542)	(69.0, 0.08287785482737237)	(70.0, 0.046159817878536576)	(71.0, 0.10490867699667386)	(72.0, 0.3703276297982573)	(73.0, 0.06504337973793785)	(74.0, 0.0104908676996674)	(75.0, 0.0031472603099002195)	(76.0, 0.0010490867699667397)	(77.0, 0.0010490867699667397)	(78.0, 0.0)	(79.0, 0.0)	(80.0, 0.0)	(81.0, 0.0)	(82.0, 0.0)	(83.0, 0.0)	(84.0, 0.0)	(85.0, 0.0)	(86.0, 0.0)	(87.0, 0.0)	(88.0, 0.0)	(89.0, 0.0)	(90.0, 0.0)	(91.0, 0.0)	(92.0, 0.0)	(93.0, 0.0)	(94.0, 0.0)	(95.0, 0.0)	(96.0, 0.0)	(97.0, 0.0)	(98.0, 0.0)	(99.0, 0.0)	(100.0, 0.0)
SRR37700693_1	(0.0, 0.0)	(1.0, 0.0)	(2.0, 0.0)	(3.0, 0.0)	(4.0, 0.0)	(5.0, 0.0)	(6.0, 0.0)	(7.0, 0.0)	(8.0, 0.0)	(9.0, 0.0)	(10.0, 0.0)	(11.0, 0.0)	(12.0, 0.0)	(13.0, 0.0)	(14.0, 0.0)	(15.0, 0.0)	(16.0, 0.0)	(17.0, 0.0)	(18.0, 0.0)	(19.0, 0.0)	(20.0, 0.0)	(21.0, 0.0)	(22.0, 0.0)	(23.0, 0.0)	(24.0, 0.0)	(25.0, 0.0)	(26.0, 0.0)	(27.0, 0.0)	(28.0, 0.0)	(29.0, 0.0)	(30.0, 0.0)	(31.0, 0.0)	(32.0, 0.0)	(33.0, 0.0)	(34.0, 0.0)	(35.0, 0.0)	(36.0, 0.0)	(37.0, 0.0)	(38.0, 0.0)	(39.0, 0.0)	(40.0, 0.0)	(41.0, 0.0)	(42.0, 0.0)	(43.0, 0.0)	(44.0, 0.014878105804586757)	(45.0, 0.1126485153775855)	(46.0, 0.8204212629386367)	(47.0, 0.828923037684115)	(48.0, 1.3857892835129497)	(49.0, 4.671725222640328)	(50.0, 13.203256179726441)	(51.0, 18.35958256286128)	(52.0, 18.03651512253297)	(53.0, 11.957746179514077)	(54.0, 8.272226827350138)	(55.0, 13.983294012624418)	(56.0, 5.424132287615229)	(57.0, 0.8267975939977456)	(58.0, 0.42933962464664727)	(59.0, 0.1339029522412808)	(60.0, 0.0531360921592384)	(61.0, 0.10839762800484644)	(62.0, 0.1339029522412808)	(63.0, 0.14665561435949795)	(64.0, 0.1339029522412808)	(65.0, 0.04888520478649933)	(66.0, 0.07651597270930335)	(67.0, 0.07226508533656427)	(68.0, 0.29756211609173555)	(69.0, 0.42721418096027775)	(70.0, 0.03188165529554305)	(71.0, 0.002125443686369537)	(72.0, 0.002125443686369537)	(73.0, 0.002125443686369537)	(74.0, 0.002125443686369537)	(75.0, 0.0)	(76.0, 0.0)	(77.0, 0.0)	(78.0, 0.0)	(79.0, 0.0)	(80.0, 0.0)	(81.0, 0.0)	(82.0, 0.0)	(83.0, 0.0)	(84.0, 0.0)	(85.0, 0.0)	(86.0, 0.0)	(87.0, 0.0)	(88.0, 0.0)	(89.0, 0.0)	(90.0, 0.0)	(91.0, 0.0)	(92.0, 0.0)	(93.0, 0.0)	(94.0, 0.0)	(95.0, 0.0)	(96.0, 0.0)	(97.0, 0.0)	(98.0, 0.0)	(99.0, 0.0)	(100.0, 0.0)
SRR37700693_2	(0.0, 0.0)	(1.0, 0.0)	(2.0, 0.0)	(3.0, 0.0)	(4.0, 0.0)	(5.0, 0.0)	(6.0, 0.0)	(7.0, 0.0)	(8.0, 0.0)	(9.0, 0.0)	(10.0, 0.0)	(11.0, 0.0)	(12.0, 0.0)	(13.0, 0.0)	(14.0, 0.0)	(15.0, 0.0)	(16.0, 0.0)	(17.0, 0.0)	(18.0, 0.0)	(19.0, 0.0)	(20.0, 0.0)	(21.0, 0.0)	(22.0, 0.0)	(23.0, 0.0)	(24.0, 0.0)	(25.0, 0.0)	(26.0, 0.0)	(27.0, 0.0)	(28.0, 0.0)	(29.0, 0.0)	(30.0, 0.0)	(31.0, 0.0)	(32.0, 0.0)	(33.0, 0.0)	(34.0, 0.0)	(35.0, 0.0)	(36.0, 0.0)	(37.0, 0.0)	(38.0, 0.003964478274659091)	(39.0, 0.0019822391373295455)	(40.0, 0.0019822391373295455)	(41.0, 0.003964478274659091)	(42.0, 0.003964478274659091)	(43.0, 0.007928956549318182)	(44.0, 0.03369806533460226)	(45.0, 0.03369806533460226)	(46.0, 0.1803837614969884)	(47.0, 0.7512686330478935)	(48.0, 1.3221535045988184)	(49.0, 4.182524579765401)	(50.0, 7.282746590548754)	(51.0, 9.556374881065226)	(52.0, 12.926181414525198)	(53.0, 17.78266730098479)	(54.0, 14.597209007294765)	(55.0, 9.290754836663128)	(56.0, 13.146209958768877)	(57.0, 4.160719949254773)	(58.0, 2.6661116397081908)	(59.0, 0.3766254360926147)	(60.0, 0.3013003488740914)	(61.0, 0.14668569616238625)	(62.0, 0.07928956549318186)	(63.0, 0.06144941325721591)	(64.0, 0.047573739295909065)	(65.0, 0.13677450047573855)	(66.0, 0.22002854424357948)	(67.0, 0.047573739295909065)	(68.0, 0.027751347922613634)	(69.0, 0.03568030447193181)	(70.0, 0.03171582619727272)	(71.0, 0.10505867427846594)	(72.0, 0.3349984142086939)	(73.0, 0.09712971772914777)	(74.0, 0.013875673961306817)	(75.0, 0.0)	(76.0, 0.0)	(77.0, 0.0)	(78.0, 0.0)	(79.0, 0.0)	(80.0, 0.0)	(81.0, 0.0)	(82.0, 0.0)	(83.0, 0.0)	(84.0, 0.0)	(85.0, 0.0)	(86.0, 0.0)	(87.0, 0.0)	(88.0, 0.0)	(89.0, 0.0)	(90.0, 0.0)	(91.0, 0.0)	(92.0, 0.0)	(93.0, 0.0)	(94.0, 0.0)	(95.0, 0.0)	(96.0, 0.0)	(97.0, 0.0)	(98.0, 0.0)	(99.0, 0.0)	(100.0, 0.0)
SRR37700696_1	(0.0, 0.0)	(1.0, 0.0)	(2.0, 0.0)	(3.0, 0.0)	(4.0, 0.0)	(5.0, 0.0)	(6.0, 0.0)	(7.0, 0.0)	(8.0, 0.0)	(9.0, 0.0)	(10.0, 0.0)	(11.0, 0.0)	(12.0, 0.0)	(13.0, 0.0)	(14.0, 0.0)	(15.0, 0.0)	(16.0, 0.0)	(17.0, 0.0)	(18.0, 0.0)	(19.0, 0.0)	(20.0, 0.0)	(21.0, 0.0)	(22.0, 0.0)	(23.0, 0.0)	(24.0, 0.0)	(25.0, 0.0)	(26.0, 0.0)	(27.0, 0.0)	(28.0, 0.0)	(29.0, 0.0)	(30.0, 0.0)	(31.0, 0.0019341985648245914)	(32.0, 0.0019341985648245914)	(33.0, 0.0)	(34.0, 0.0019341985648245914)	(35.0, 0.0019341985648245914)	(36.0, 0.015473588518596731)	(37.0, 0.08703893541710665)	(38.0, 0.025144581342719685)	(39.0, 0.0)	(40.0, 0.04255236842614099)	(41.0, 0.04642076555579017)	(42.0, 0.0019341985648245914)	(43.0, 0.05222336125026395)	(44.0, 0.11024931819500171)	(45.0, 0.13152550240807215)	(46.0, 1.6460029786657349)	(47.0, 1.6769501557029265)	(48.0, 0.6228119378735157)	(49.0, 6.380921065356496)	(50.0, 27.200634417129425)	(51.0, 9.110075240323374)	(52.0, 7.870253960271093)	(53.0, 20.005415755983357)	(54.0, 4.1449875244191645)	(55.0, 3.1875592348308834)	(56.0, 1.2282160886636249)	(57.0, 1.021256842227388)	(58.0, 6.365447476837903)	(59.0, 5.9167134097986915)	(60.0, 1.2475580743118715)	(61.0, 0.9477572967640513)	(62.0, 0.12765710527842297)	(63.0, 0.2862613875940399)	(64.0, 0.19148565791763428)	(65.0, 0.10251252393570337)	(66.0, 0.05996015550956233)	(67.0, 0.030947177037193456)	(68.0, 0.06382855263921153)	(69.0, 0.03481557416684263)	(70.0, 0.007736794259298366)	(71.0, 0.0019341985648245914)	(72.0, 0.0)	(73.0, 0.0)	(74.0, 0.0)	(75.0, 0.0)	(76.0, 0.0)	(77.0, 0.0)	(78.0, 0.0)	(79.0, 0.0)	(80.0, 0.0)	(81.0, 0.0)	(82.0, 0.0)	(83.0, 0.0)	(84.0, 0.0)	(85.0, 0.0)	(86.0, 0.0)	(87.0, 0.0)	(88.0, 0.0)	(89.0, 0.0)	(90.0, 0.0)	(91.0, 0.0)	(92.0, 0.0)	(93.0, 0.0)	(94.0, 0.0)	(95.0, 0.0)	(96.0, 0.0)	(97.0, 0.0)	(98.0, 0.0)	(99.0, 0.0)	(100.0, 0.0)
SRR37700696_2	(0.0, 0.0)	(1.0, 0.0)	(2.0, 0.0)	(3.0, 0.0)	(4.0, 0.0)	(5.0, 0.0)	(6.0, 0.0)	(7.0, 0.0)	(8.0, 0.0)	(9.0, 0.0)	(10.0, 0.0)	(11.0, 0.0)	(12.0, 0.0)	(13.0, 0.0)	(14.0, 0.0)	(15.0, 0.0)	(16.0, 0.0)	(17.0, 0.0)	(18.0, 0.0)	(19.0, 0.0)	(20.0, 0.0)	(21.0, 0.0)	(22.0, 0.0)	(23.0, 0.0)	(24.0, 0.0)	(25.0, 0.0)	(26.0, 0.0)	(27.0, 0.001662538030557351)	(28.0, 0.0)	(29.0, 0.0)	(30.0, 0.0)	(31.0, 0.0)	(32.0, 0.004987614091672052)	(33.0, 0.008312690152786753)	(34.0, 0.008312690152786753)	(35.0, 0.011637766213901455)	(36.0, 0.009975228183344105)	(37.0, 0.044888526825048465)	(38.0, 0.08811451561953962)	(39.0, 0.01995045636668821)	(40.0, 0.05153867894727788)	(41.0, 0.04156345076393376)	(42.0, 0.01995045636668821)	(43.0, 0.0581888310695073)	(44.0, 1.147151241084583)	(45.0, 1.316730120201434)	(46.0, 0.23275532427802942)	(47.0, 0.17124141714740698)	(48.0, 0.35910821460038805)	(49.0, 1.6060117375183967)	(50.0, 14.462418327819396)	(51.0, 22.4675389449539)	(52.0, 9.035894196078539)	(53.0, 16.460789040550242)	(54.0, 15.692696470432397)	(55.0, 1.8121664533074966)	(56.0, 3.2652246920146593)	(57.0, 1.4746712331043734)	(58.0, 0.7365043475369055)	(59.0, 0.5436499359922514)	(60.0, 1.0656868775872703)	(61.0, 5.217044339889173)	(62.0, 0.7863804884536274)	(63.0, 0.9010956125620879)	(64.0, 0.1911918735140953)	(65.0, 0.2244426341252426)	(66.0, 0.14464080865848936)	(67.0, 0.11305258607789978)	(68.0, 0.05153867894727788)	(69.0, 0.06982659728340877)	(70.0, 0.024938070458360256)	(71.0, 0.029925684550032305)	(72.0, 0.014962842275016158)	(73.0, 0.006650152122229404)	(74.0, 0.004987614091672052)	(75.0, 0.0)	(76.0, 0.0)	(77.0, 0.0)	(78.0, 0.0)	(79.0, 0.0)	(80.0, 0.0)	(81.0, 0.0)	(82.0, 0.0)	(83.0, 0.0)	(84.0, 0.0)	(85.0, 0.0)	(86.0, 0.0)	(87.0, 0.0)	(88.0, 0.0)	(89.0, 0.0)	(90.0, 0.0)	(91.0, 0.0)	(92.0, 0.0)	(93.0, 0.0)	(94.0, 0.0)	(95.0, 0.0)	(96.0, 0.0)	(97.0, 0.0)	(98.0, 0.0)	(99.0, 0.0)	(100.0, 0.0)
SRR37700697_1	(0.0, 0.0)	(1.0, 0.0)	(2.0, 0.0)	(3.0, 0.0)	(4.0, 0.0)	(5.0, 0.0)	(6.0, 0.0)	(7.0, 0.0)	(8.0, 0.0)	(9.0, 0.0)	(10.0, 0.0)	(11.0, 0.0)	(12.0, 0.0)	(13.0, 0.0)	(14.0, 0.0)	(15.0, 0.0)	(16.0, 0.0)	(17.0, 0.0)	(18.0, 0.0)	(19.0, 0.0)	(20.0, 0.0)	(21.0, 0.0)	(22.0, 0.0)	(23.0, 0.0)	(24.0, 0.0)	(25.0, 0.0)	(26.0, 0.0)	(27.0, 0.0)	(28.0, 0.0)	(29.0, 0.0)	(30.0, 0.0016962952910842821)	(31.0, 0.0016962952910842821)	(32.0, 0.0016962952910842821)	(33.0, 0.0)	(34.0, 0.0016962952910842821)	(35.0, 0.022051838784095668)	(36.0, 0.020355543493011385)	(37.0, 0.0016962952910842821)	(38.0, 0.005088885873252846)	(39.0, 0.010177771746505693)	(40.0, 0.005088885873252846)	(41.0, 0.010177771746505693)	(42.0, 0.0067851811643371285)	(43.0, 0.010177771746505693)	(44.0, 0.015266657619758539)	(45.0, 0.025444429366264225)	(46.0, 0.07633328809879275)	(47.0, 0.35452571583661546)	(48.0, 1.0550956710544313)	(49.0, 6.861514452435783)	(50.0, 12.783281313611274)	(51.0, 5.879359478898206)	(52.0, 13.958813950333218)	(53.0, 9.268557470483833)	(54.0, 4.244130818293001)	(55.0, 9.295698195141174)	(56.0, 2.603813271814314)	(57.0, 2.922716786538195)	(58.0, 4.939611887637636)	(59.0, 4.540982494232784)	(60.0, 7.210951282399066)	(61.0, 6.607070158773198)	(62.0, 0.6395033247387708)	(63.0, 0.7022662505088906)	(64.0, 2.8599538607680692)	(65.0, 2.3714208169357804)	(66.0, 0.16962952910842802)	(67.0, 0.15605916677975376)	(68.0, 0.09838512688288836)	(69.0, 0.10347401275614118)	(70.0, 0.12213326095806823)	(71.0, 0.025444429366264225)	(72.0, 0.0033925905821685642)	(73.0, 0.0033925905821685642)	(74.0, 0.0033925905821685642)	(75.0, 0.0)	(76.0, 0.0)	(77.0, 0.0)	(78.0, 0.0)	(79.0, 0.0)	(80.0, 0.0)	(81.0, 0.0)	(82.0, 0.0)	(83.0, 0.0)	(84.0, 0.0)	(85.0, 0.0)	(86.0, 0.0)	(87.0, 0.0)	(88.0, 0.0)	(89.0, 0.0)	(90.0, 0.0)	(91.0, 0.0)	(92.0, 0.0)	(93.0, 0.0)	(94.0, 0.0)	(95.0, 0.0)	(96.0, 0.0)	(97.0, 0.0)	(98.0, 0.0)	(99.0, 0.0)	(100.0, 0.0)
SRR37700697_2	(0.0, 0.0)	(1.0, 0.0)	(2.0, 0.0)	(3.0, 0.0)	(4.0, 0.0)	(5.0, 0.0)	(6.0, 0.0)	(7.0, 0.0)	(8.0, 0.0)	(9.0, 0.0)	(10.0, 0.0)	(11.0, 0.0)	(12.0, 0.0)	(13.0, 0.0)	(14.0, 0.0)	(15.0, 0.0)	(16.0, 0.0)	(17.0, 0.0)	(18.0, 0.0)	(19.0, 0.0)	(20.0, 0.0)	(21.0, 0.0)	(22.0, 0.0)	(23.0, 0.0)	(24.0, 0.0)	(25.0, 0.0)	(26.0, 0.0)	(27.0, 0.0)	(28.0, 0.0)	(29.0, 0.0016083117551506185)	(30.0, 0.0)	(31.0, 0.0)	(32.0, 0.0)	(33.0, 0.0)	(34.0, 0.0016083117551506185)	(35.0, 0.003216623510301237)	(36.0, 0.0048249352654518565)	(37.0, 0.006433247020602474)	(38.0, 0.027341299837560513)	(39.0, 0.006433247020602474)	(40.0, 0.006433247020602474)	(41.0, 0.0048249352654518565)	(42.0, 0.0016083117551506185)	(43.0, 0.01125818228605433)	(44.0, 0.012866494041204948)	(45.0, 0.01608311755150619)	(46.0, 0.05307428791997043)	(47.0, 0.14153143445325428)	(48.0, 0.8765299065570911)	(49.0, 4.253984592373533)	(50.0, 11.18902488058255)	(51.0, 10.179005098347503)	(52.0, 11.758367241906129)	(53.0, 14.963732569922769)	(54.0, 5.4650433440019075)	(55.0, 4.533830837769773)	(56.0, 8.448461649805628)	(57.0, 2.759862971838438)	(58.0, 2.1937372340254035)	(59.0, 1.0630940701545681)	(60.0, 1.6260031844572673)	(61.0, 4.520964343728566)	(62.0, 1.9428406002219214)	(63.0, 6.87714106502383)	(64.0, 1.1419013461569507)	(65.0, 0.7784228894929006)	(66.0, 2.4301590620325313)	(67.0, 2.0232561879794475)	(68.0, 0.16726442253566423)	(69.0, 0.12384000514659753)	(70.0, 0.07880727600238037)	(71.0, 0.06754909371632603)	(72.0, 0.07719896424722976)	(73.0, 0.019299741061807426)	(74.0, 0.012866494041204948)	(75.0, 0.03859948212361483)	(76.0, 0.06754909371632603)	(77.0, 0.019299741061807426)	(78.0, 0.0016083117551506185)	(79.0, 0.0)	(80.0, 0.0)	(81.0, 0.0016083117551506185)	(82.0, 0.0)	(83.0, 0.0)	(84.0, 0.0)	(85.0, 0.0)	(86.0, 0.0)	(87.0, 0.0)	(88.0, 0.0)	(89.0, 0.0)	(90.0, 0.0)	(91.0, 0.0)	(92.0, 0.0)	(93.0, 0.0)	(94.0, 0.0)	(95.0, 0.0)	(96.0, 0.0)	(97.0, 0.0)	(98.0, 0.0)	(99.0, 0.0)	(100.0, 0.0)
