Sample	0	1	2	3	4	5	6	7	8	9	10	11	12	13	14	15	16	17	18	19	20	21	22	23	24	25	26	27	28	29	30	31	32	33	34	35	36	37	38	39	40	41	42	43	44	45	46	47	48	49	50	51	52	53	54	55	56	57	58	59	60	61	62	63	64	65	66	67	68	69	70	71	72	73	74	75	76	77	78	79	80	81	82	83	84	85	86	87	88	89	90	91	92	93	94	95	96	97	98	99	100
SRR926448	(0.0, 0.0)	(1.0, 0.0)	(2.0, 0.0)	(3.0, 0.0)	(4.0, 0.0)	(5.0, 0.0)	(6.0, 0.0)	(7.0, 0.0)	(8.0, 0.0)	(9.0, 0.0)	(10.0, 0.0)	(11.0, 0.25)	(12.0, 0.25)	(13.0, 0.5)	(14.0, 0.5)	(15.0, 0.0)	(16.0, 0.0)	(17.0, 0.5)	(18.0, 0.5)	(19.0, 1.5)	(20.0, 3.5)	(21.0, 3.5)	(22.0, 2.75)	(23.0, 3.5)	(24.0, 10.366666666666667)	(25.0, 12.000000000000002)	(26.0, 14.183333333333335)	(27.0, 16.03333333333334)	(28.0, 21.516666666666666)	(29.0, 28.449999999999996)	(30.0, 33.849999999999994)	(31.0, 49.53333333333335)	(32.0, 70.30000000000001)	(33.0, 78.55000000000001)	(34.0, 102.98333333333333)	(35.0, 130.7333333333333)	(36.0, 158.98333333333358)	(37.0, 215.75000000000063)	(38.0, 262.86666666666684)	(39.0, 341.4333333333313)	(40.0, 431.74999999999477)	(41.0, 509.13333333332656)	(42.0, 578.9499999999948)	(43.0, 626.5833333333295)	(44.0, 667.5999999999974)	(45.0, 679.9261904761888)	(46.0, 723.6833333333338)	(47.0, 756.8785714285738)	(48.0, 798.1428571428604)	(49.0, 810.4166666666697)	(50.0, 810.5166666666697)	(51.0, 786.4333333333358)	(52.0, 757.5500000000009)	(53.0, 707.4833333333323)	(54.0, 691.1999999999988)	(55.0, 659.183333333331)	(56.0, 561.7166666666608)	(57.0, 483.6499999999938)	(58.0, 420.23333333332886)	(59.0, 367.49999999999653)	(60.0, 318.6333333333313)	(61.0, 274.0499999999995)	(62.0, 228.50000000000006)	(63.0, 195.15000000000043)	(64.0, 161.10000000000048)	(65.0, 123.20000000000017)	(66.0, 105.98333333333346)	(67.0, 88.06666666666672)	(68.0, 66.50000000000003)	(69.0, 57.65000000000001)	(70.0, 44.28333333333333)	(71.0, 31.183333333333323)	(72.0, 28.466666666666658)	(73.0, 22.033333333333328)	(74.0, 11.583333333333334)	(75.0, 3.983333333333334)	(76.0, 3.5333333333333337)	(77.0, 4.0)	(78.0, 3.0)	(79.0, 1.5)	(80.0, 0.0)	(81.0, 0.5)	(82.0, 0.5)	(83.0, 0.0)	(84.0, 0.0)	(85.0, 0.0)	(86.0, 0.0)	(87.0, 0.5)	(88.0, 1.0)	(89.0, 1.0)	(90.0, 0.5)	(91.0, 0.0)	(92.0, 0.0)	(93.0, 0.0)	(94.0, 0.0)	(95.0, 0.0)	(96.0, 0.0)	(97.0, 0.0)	(98.0, 0.0)	(99.0, 0.0)	(100.0, 0.0)
SRR926449	(0.0, 0.0)	(1.0, 0.0)	(2.0, 0.0)	(3.0, 0.0)	(4.0, 0.0)	(5.0, 0.0)	(6.0, 0.0)	(7.0, 0.0)	(8.0, 0.0)	(9.0, 0.0)	(10.0, 0.0)	(11.0, 0.0)	(12.0, 0.0)	(13.0, 0.0)	(14.0, 0.0)	(15.0, 0.0)	(16.0, 1.5)	(17.0, 2.0)	(18.0, 1.5)	(19.0, 1.5)	(20.0, 2.0)	(21.0, 4.0)	(22.0, 7.533333333333333)	(23.0, 11.916666666666668)	(24.0, 10.233333333333334)	(25.0, 9.95)	(26.0, 13.333333333333334)	(27.0, 15.666666666666668)	(28.0, 24.099999999999998)	(29.0, 35.466666666666654)	(30.0, 44.51666666666667)	(31.0, 46.55000000000003)	(32.0, 59.91666666666672)	(33.0, 83.54999999999998)	(34.0, 89.16666666666666)	(35.0, 113.19999999999999)	(36.0, 143.7500000000001)	(37.0, 173.31666666666712)	(38.0, 230.133333333334)	(39.0, 312.48333333333227)	(40.0, 413.78333333332824)	(41.0, 565.8833333333266)	(42.0, 689.2666666666655)	(43.0, 786.8666666666713)	(44.0, 866.1500000000087)	(45.0, 928.616666666678)	(46.0, 996.7166666666843)	(47.0, 1045.7000000000178)	(48.0, 1025.9261904762086)	(49.0, 1102.6000000000167)	(50.0, 1140.400000000017)	(51.0, 1120.4166666666829)	(52.0, 1090.550000000016)	(53.0, 1014.8500000000172)	(54.0, 985.7000000000168)	(55.0, 935.1833333333469)	(56.0, 827.266666666672)	(57.0, 733.5833333333337)	(58.0, 651.6499999999952)	(59.0, 568.1833333333276)	(60.0, 491.08333333332644)	(61.0, 410.6999999999954)	(62.0, 308.5333333333317)	(63.0, 248.85000000000002)	(64.0, 199.43333333333376)	(65.0, 166.33333333333368)	(66.0, 128.1000000000002)	(67.0, 93.83333333333344)	(68.0, 75.05000000000005)	(69.0, 64.85000000000005)	(70.0, 49.85000000000001)	(71.0, 44.48333333333334)	(72.0, 29.433333333333334)	(73.0, 15.35)	(74.0, 7.900000000000001)	(75.0, 4.866666666666666)	(76.0, 4.5)	(77.0, 4.083333333333333)	(78.0, 2.783333333333333)	(79.0, 1.1666666666666665)	(80.0, 0.7)	(81.0, 0.5)	(82.0, 0.0)	(83.0, 0.0)	(84.0, 0.0)	(85.0, 0.0)	(86.0, 0.0)	(87.0, 0.0)	(88.0, 0.0)	(89.0, 0.0)	(90.0, 0.0)	(91.0, 0.0)	(92.0, 0.0)	(93.0, 0.0)	(94.0, 0.0)	(95.0, 0.0)	(96.0, 0.0)	(97.0, 0.0)	(98.0, 0.0)	(99.0, 0.0)	(100.0, 0.0)
SRR926450	(0.0, 0.0)	(1.0, 0.0)	(2.0, 0.0)	(3.0, 0.0)	(4.0, 0.0)	(5.0, 0.0)	(6.0, 0.0)	(7.0, 0.0)	(8.0, 0.0)	(9.0, 0.0)	(10.0, 0.0)	(11.0, 0.0)	(12.0, 0.0)	(13.0, 0.0)	(14.0, 0.0)	(15.0, 0.5)	(16.0, 0.5)	(17.0, 0.5)	(18.0, 2.0)	(19.0, 2.5)	(20.0, 3.0)	(21.0, 3.5)	(22.0, 3.333333333333333)	(23.0, 2.3333333333333335)	(24.0, 3.75)	(25.0, 10.750000000000002)	(26.0, 15.366666666666667)	(27.0, 13.350000000000001)	(28.0, 15.91666666666667)	(29.0, 26.616666666666653)	(30.0, 31.049999999999983)	(31.0, 41.75000000000001)	(32.0, 48.716666666666676)	(33.0, 74.23333333333338)	(34.0, 109.54999999999995)	(35.0, 150.16666666666686)	(36.0, 193.33333333333394)	(37.0, 237.08333333333388)	(38.0, 249.9833333333336)	(39.0, 301.5666666666655)	(40.0, 355.3166666666636)	(41.0, 403.833333333329)	(42.0, 449.0333333333275)	(43.0, 487.1833333333264)	(44.0, 543.6666666666603)	(45.0, 578.2333333333278)	(46.0, 580.3999999999941)	(47.0, 615.7666666666605)	(48.0, 650.9666666666627)	(49.0, 688.3833333333317)	(50.0, 702.9999999999987)	(51.0, 698.633333333332)	(52.0, 650.0166666666629)	(53.0, 646.0999999999976)	(54.0, 622.6499999999958)	(55.0, 554.41666666666)	(56.0, 533.6999999999925)	(57.0, 536.2999999999927)	(58.0, 488.84999999999235)	(59.0, 442.1499999999941)	(60.0, 380.69999999999595)	(61.0, 327.61666666666406)	(62.0, 291.16666666666555)	(63.0, 254.1666666666669)	(64.0, 200.95000000000044)	(65.0, 149.05000000000038)	(66.0, 122.5666666666668)	(67.0, 87.5833333333334)	(68.0, 64.86666666666673)	(69.0, 43.36666666666667)	(70.0, 35.49999999999999)	(71.0, 29.29999999999998)	(72.0, 21.366666666666664)	(73.0, 12.83333333333333)	(74.0, 11.583333333333332)	(75.0, 9.083333333333334)	(76.0, 5.2)	(77.0, 2.0)	(78.0, 2.0)	(79.0, 2.0)	(80.0, 1.0)	(81.0, 1.5)	(82.0, 1.5)	(83.0, 0.5)	(84.0, 0.0)	(85.0, 0.0)	(86.0, 0.0)	(87.0, 0.0)	(88.0, 0.0)	(89.0, 0.0)	(90.0, 0.0)	(91.0, 0.0)	(92.0, 0.0)	(93.0, 0.0)	(94.0, 0.0)	(95.0, 0.0)	(96.0, 0.0)	(97.0, 0.0)	(98.0, 0.0)	(99.0, 0.0)	(100.0, 0.0)
SRR926451	(0.0, 0.0)	(1.0, 0.0)	(2.0, 0.0)	(3.0, 0.0)	(4.0, 0.0)	(5.0, 0.0)	(6.0, 0.0)	(7.0, 0.0)	(8.0, 0.0)	(9.0, 0.0)	(10.0, 0.0)	(11.0, 0.0)	(12.0, 0.5)	(13.0, 0.5)	(14.0, 0.5)	(15.0, 1.0)	(16.0, 1.5)	(17.0, 2.0)	(18.0, 2.5)	(19.0, 2.0)	(20.0, 3.25)	(21.0, 7.0)	(22.0, 9.5)	(23.0, 9.333333333333334)	(24.0, 9.0)	(25.0, 14.033333333333333)	(26.0, 22.6)	(27.0, 25.65)	(28.0, 35.29999999999999)	(29.0, 45.11666666666667)	(30.0, 62.116666666666696)	(31.0, 81.71666666666667)	(32.0, 107.79999999999997)	(33.0, 138.5000000000001)	(34.0, 204.65952380952436)	(35.0, 278.59999999999945)	(36.0, 340.66666666666356)	(37.0, 408.7499999999954)	(38.0, 497.09999999999246)	(39.0, 584.0499999999947)	(40.0, 651.0333333333303)	(41.0, 726.1999999999992)	(42.0, 786.7000000000035)	(43.0, 889.6166666666769)	(44.0, 970.1261904762072)	(45.0, 1063.3166666666864)	(46.0, 1089.883333333352)	(47.0, 1122.9000000000183)	(48.0, 1140.1333333333487)	(49.0, 1177.4666666666815)	(50.0, 1183.5000000000161)	(51.0, 1135.8500000000176)	(52.0, 1094.0333333333492)	(53.0, 1053.3500000000176)	(54.0, 910.2000000000094)	(55.0, 808.1000000000025)	(56.0, 733.3666666666661)	(57.0, 652.9499999999964)	(58.0, 542.7833333333261)	(59.0, 443.8333333333278)	(60.0, 354.2166666666641)	(61.0, 270.1333333333329)	(62.0, 229.23333333333352)	(63.0, 186.01666666666713)	(64.0, 144.30000000000024)	(65.0, 102.33333333333337)	(66.0, 69.38333333333337)	(67.0, 46.73333333333332)	(68.0, 37.89999999999999)	(69.0, 27.33333333333332)	(70.0, 17.83333333333333)	(71.0, 14.300000000000002)	(72.0, 8.0)	(73.0, 4.366666666666667)	(74.0, 2.6)	(75.0, 1.5)	(76.0, 1.25)	(77.0, 2.25)	(78.0, 1.5)	(79.0, 0.5)	(80.0, 0.0)	(81.0, 0.0)	(82.0, 0.5)	(83.0, 1.0)	(84.0, 0.5)	(85.0, 0.0)	(86.0, 0.0)	(87.0, 0.0)	(88.0, 0.0)	(89.0, 0.0)	(90.0, 0.0)	(91.0, 0.0)	(92.0, 0.0)	(93.0, 0.0)	(94.0, 0.0)	(95.0, 0.0)	(96.0, 0.0)	(97.0, 0.0)	(98.0, 0.0)	(99.0, 0.0)	(100.0, 0.0)
SRR926452	(0.0, 0.0)	(1.0, 0.0)	(2.0, 0.0)	(3.0, 0.0)	(4.0, 0.0)	(5.0, 0.0)	(6.0, 0.0)	(7.0, 0.0)	(8.0, 0.0)	(9.0, 0.0)	(10.0, 0.0)	(11.0, 0.0)	(12.0, 1.0)	(13.0, 2.5)	(14.0, 3.25)	(15.0, 4.666666666666667)	(16.0, 6.25)	(17.0, 7.666666666666666)	(18.0, 15.700000000000001)	(19.0, 22.01666666666666)	(20.0, 28.149999999999988)	(21.0, 38.78333333333334)	(22.0, 54.650000000000034)	(23.0, 69.26666666666675)	(24.0, 94.56666666666669)	(25.0, 131.61666666666673)	(26.0, 189.10000000000028)	(27.0, 232.2761904761905)	(28.0, 302.5999999999981)	(29.0, 355.1333333333299)	(30.0, 404.2166666666616)	(31.0, 455.84999999999366)	(32.0, 515.5499999999928)	(33.0, 583.0999999999947)	(34.0, 594.3166666666614)	(35.0, 633.4166666666626)	(36.0, 676.4833333333321)	(37.0, 690.5999999999987)	(38.0, 686.7833333333325)	(39.0, 702.3999999999993)	(40.0, 716.1833333333336)	(41.0, 731.1833333333329)	(42.0, 751.650000000002)	(43.0, 790.6000000000073)	(44.0, 797.300000000007)	(45.0, 853.6666666666766)	(46.0, 894.7166666666812)	(47.0, 946.0166666666867)	(48.0, 961.2000000000216)	(49.0, 1004.2761904762156)	(50.0, 1025.0261904762172)	(51.0, 991.5000000000246)	(52.0, 994.5166666666904)	(53.0, 965.6166666666878)	(54.0, 920.1833333333509)	(55.0, 866.4833333333486)	(56.0, 784.9500000000093)	(57.0, 714.9333333333345)	(58.0, 611.3999999999944)	(59.0, 632.8333333333317)	(60.0, 643.0166666666684)	(61.0, 471.283333333326)	(62.0, 317.48333333333005)	(63.0, 305.18333333333015)	(64.0, 266.5833333333314)	(65.0, 201.7499999999999)	(66.0, 134.63333333333364)	(67.0, 109.60000000000021)	(68.0, 85.68333333333342)	(69.0, 67.70000000000007)	(70.0, 46.816666666666684)	(71.0, 30.933333333333323)	(72.0, 27.38333333333333)	(73.0, 19.866666666666664)	(74.0, 10.716666666666667)	(75.0, 10.866666666666667)	(76.0, 9.4)	(77.0, 4.5)	(78.0, 3.8333333333333335)	(79.0, 4.333333333333334)	(80.0, 4.333333333333334)	(81.0, 3.5)	(82.0, 2.5)	(83.0, 2.0)	(84.0, 2.0)	(85.0, 1.0)	(86.0, 0.0)	(87.0, 0.0)	(88.0, 0.0)	(89.0, 0.0)	(90.0, 0.0)	(91.0, 0.0)	(92.0, 0.0)	(93.0, 0.0)	(94.0, 0.0)	(95.0, 0.0)	(96.0, 0.0)	(97.0, 0.0)	(98.0, 0.0)	(99.0, 0.0)	(100.0, 0.0)
SRR926453	(0.0, 0.0)	(1.0, 0.0)	(2.0, 0.0)	(3.0, 0.0)	(4.0, 0.0)	(5.0, 0.0)	(6.0, 0.0)	(7.0, 0.5)	(8.0, 1.5)	(9.0, 1.5)	(10.0, 1.0)	(11.0, 1.0)	(12.0, 1.0)	(13.0, 1.0)	(14.0, 0.5)	(15.0, 0.0)	(16.0, 1.0)	(17.0, 2.2333333333333334)	(18.0, 2.9000000000000004)	(19.0, 3.5)	(20.0, 5.2)	(21.0, 8.399999999999999)	(22.0, 14.15)	(23.0, 16.783333333333335)	(24.0, 20.48333333333333)	(25.0, 31.049999999999994)	(26.0, 38.36666666666665)	(27.0, 42.24999999999999)	(28.0, 60.683333333333366)	(29.0, 91.39999999999995)	(30.0, 118.24999999999994)	(31.0, 145.7333333333335)	(32.0, 183.60000000000045)	(33.0, 251.5166666666672)	(34.0, 322.90952380952234)	(35.0, 408.26666666666273)	(36.0, 465.64285714285137)	(37.0, 543.799999999994)	(38.0, 591.7833333333289)	(39.0, 661.033333333331)	(40.0, 726.4166666666658)	(41.0, 781.309523809527)	(42.0, 885.5333333333448)	(43.0, 948.5500000000128)	(44.0, 1031.8333333333512)	(45.0, 1117.0666666666846)	(46.0, 1182.4666666666858)	(47.0, 1223.0666666666846)	(48.0, 1247.2500000000161)	(49.0, 1182.4166666666843)	(50.0, 1220.9500000000203)	(51.0, 1180.233333333349)	(52.0, 1129.066666666686)	(53.0, 1069.5666666666884)	(54.0, 965.2333333333479)	(55.0, 859.3500000000079)	(56.0, 773.5166666666702)	(57.0, 666.166666666664)	(58.0, 580.5333333333277)	(59.0, 480.5833333333267)	(60.0, 410.4833333333283)	(61.0, 345.14999999999736)	(62.0, 265.24999999999926)	(63.0, 207.41666666666677)	(64.0, 158.6000000000004)	(65.0, 129.01666666666685)	(66.0, 95.15000000000003)	(67.0, 75.83333333333341)	(68.0, 51.86666666666666)	(69.0, 34.41666666666666)	(70.0, 24.216666666666654)	(71.0, 19.400000000000006)	(72.0, 20.933333333333334)	(73.0, 14.316666666666668)	(74.0, 6.733333333333333)	(75.0, 4.0)	(76.0, 3.75)	(77.0, 2.8333333333333335)	(78.0, 2.8333333333333335)	(79.0, 1.5)	(80.0, 1.0)	(81.0, 0.5)	(82.0, 0.5)	(83.0, 1.0)	(84.0, 0.5)	(85.0, 0.0)	(86.0, 0.0)	(87.0, 0.0)	(88.0, 0.0)	(89.0, 0.0)	(90.0, 0.0)	(91.0, 0.0)	(92.0, 0.0)	(93.0, 0.0)	(94.0, 0.0)	(95.0, 0.0)	(96.0, 0.0)	(97.0, 0.0)	(98.0, 0.0)	(99.0, 0.0)	(100.0, 0.0)
SRR926454	(0.0, 1.0)	(1.0, 1.5)	(2.0, 2.0)	(3.0, 2.0)	(4.0, 2.5)	(5.0, 1.5)	(6.0, 0.5)	(7.0, 1.0)	(8.0, 0.5)	(9.0, 0.0)	(10.0, 0.0)	(11.0, 0.5)	(12.0, 1.5)	(13.0, 2.5)	(14.0, 2.5)	(15.0, 5.25)	(16.0, 7.0)	(17.0, 9.25)	(18.0, 16.78333333333333)	(19.0, 22.916666666666664)	(20.0, 32.08333333333333)	(21.0, 38.16666666666667)	(22.0, 48.716666666666676)	(23.0, 64.6666666666667)	(24.0, 81.36666666666667)	(25.0, 111.06666666666659)	(26.0, 154.60000000000005)	(27.0, 209.28333333333399)	(28.0, 271.7666666666669)	(29.0, 374.0499999999981)	(30.0, 464.43333333332885)	(31.0, 553.9333333333284)	(32.0, 644.7333333333321)	(33.0, 729.0333333333349)	(34.0, 741.9666666666686)	(35.0, 793.6500000000048)	(36.0, 835.2333333333397)	(37.0, 833.9833333333398)	(38.0, 845.9000000000063)	(39.0, 824.6166666666701)	(40.0, 858.3333333333384)	(41.0, 851.9333333333386)	(42.0, 822.2000000000049)	(43.0, 783.9166666666699)	(44.0, 754.3000000000019)	(45.0, 737.7333333333354)	(46.0, 731.9500000000027)	(47.0, 708.0666666666676)	(48.0, 706.0000000000006)	(49.0, 651.9833333333324)	(50.0, 596.083333333331)	(51.0, 545.0166666666623)	(52.0, 498.96666666666175)	(53.0, 485.2666666666621)	(54.0, 454.83333333332934)	(55.0, 410.79999999999694)	(56.0, 344.21666666666516)	(57.0, 330.36666666666576)	(58.0, 321.666666666666)	(59.0, 278.73333333333335)	(60.0, 249.76666666666725)	(61.0, 221.2500000000003)	(62.0, 197.70000000000022)	(63.0, 166.9833333333336)	(64.0, 151.15000000000032)	(65.0, 142.58333333333343)	(66.0, 125.65000000000005)	(67.0, 95.23333333333332)	(68.0, 90.31666666666668)	(69.0, 89.3)	(70.0, 80.60000000000002)	(71.0, 71.81666666666668)	(72.0, 64.88333333333337)	(73.0, 48.20000000000002)	(74.0, 31.933333333333323)	(75.0, 23.81666666666666)	(76.0, 17.65)	(77.0, 13.633333333333331)	(78.0, 9.550000000000002)	(79.0, 8.2)	(80.0, 6.783333333333333)	(81.0, 6.533333333333333)	(82.0, 5.45)	(83.0, 4.166666666666666)	(84.0, 1.8333333333333333)	(85.0, 0.5)	(86.0, 0.5)	(87.0, 0.5)	(88.0, 0.5)	(89.0, 0.0)	(90.0, 0.0)	(91.0, 0.0)	(92.0, 0.0)	(93.0, 0.0)	(94.0, 0.0)	(95.0, 0.0)	(96.0, 0.0)	(97.0, 0.0)	(98.0, 0.0)	(99.0, 0.0)	(100.0, 0.0)
SRR926455	(0.0, 0.0)	(1.0, 0.0)	(2.0, 0.0)	(3.0, 0.0)	(4.0, 0.0)	(5.0, 0.0)	(6.0, 0.0)	(7.0, 0.0)	(8.0, 0.0)	(9.0, 0.0)	(10.0, 0.0)	(11.0, 0.0)	(12.0, 0.5)	(13.0, 1.0)	(14.0, 1.0)	(15.0, 1.7)	(16.0, 2.033333333333333)	(17.0, 1.6666666666666665)	(18.0, 3.25)	(19.0, 5.416666666666666)	(20.0, 5.5)	(21.0, 6.550000000000001)	(22.0, 9.4)	(23.0, 13.733333333333336)	(24.0, 16.26666666666667)	(25.0, 24.849999999999994)	(26.0, 41.51666666666667)	(27.0, 50.86666666666669)	(28.0, 56.31666666666668)	(29.0, 84.83333333333333)	(30.0, 119.16666666666661)	(31.0, 154.7833333333336)	(32.0, 208.85000000000068)	(33.0, 260.8500000000004)	(34.0, 306.8833333333327)	(35.0, 369.66666666666396)	(36.0, 434.06666666666223)	(37.0, 483.6166666666612)	(38.0, 552.2166666666609)	(39.0, 647.9666666666647)	(40.0, 712.4833333333329)	(41.0, 785.5500000000035)	(42.0, 836.33333333334)	(43.0, 898.2500000000099)	(44.0, 935.6500000000109)	(45.0, 988.5166666666807)	(46.0, 1046.6833333333477)	(47.0, 1127.4166666666779)	(48.0, 1187.0666666666787)	(49.0, 1178.6166666666757)	(50.0, 1166.8666666666782)	(51.0, 1127.3333333333446)	(52.0, 1080.9666666666812)	(53.0, 1001.783333333349)	(54.0, 916.5166666666781)	(55.0, 847.2500000000052)	(56.0, 749.9000000000018)	(57.0, 628.6166666666626)	(58.0, 527.6166666666601)	(59.0, 437.48333333332897)	(60.0, 373.9666666666638)	(61.0, 329.11666666666457)	(62.0, 249.15000000000038)	(63.0, 197.33333333333388)	(64.0, 163.13333333333367)	(65.0, 125.71666666666681)	(66.0, 76.05000000000004)	(67.0, 46.55000000000001)	(68.0, 37.083333333333314)	(69.0, 26.633333333333326)	(70.0, 21.050000000000004)	(71.0, 19.85)	(72.0, 15.150000000000002)	(73.0, 10.366666666666667)	(74.0, 9.833333333333334)	(75.0, 8.0)	(76.0, 6.0)	(77.0, 2.5)	(78.0, 0.5)	(79.0, 1.5)	(80.0, 1.5)	(81.0, 0.5)	(82.0, 0.0)	(83.0, 0.0)	(84.0, 0.0)	(85.0, 0.0)	(86.0, 0.0)	(87.0, 0.0)	(88.0, 0.0)	(89.0, 0.0)	(90.0, 0.0)	(91.0, 0.0)	(92.0, 0.0)	(93.0, 0.0)	(94.0, 0.0)	(95.0, 0.0)	(96.0, 0.0)	(97.0, 0.0)	(98.0, 0.0)	(99.0, 0.0)	(100.0, 0.0)
SRR926456	(0.0, 0.0)	(1.0, 0.0)	(2.0, 0.0)	(3.0, 0.0)	(4.0, 0.0)	(5.0, 0.0)	(6.0, 0.0)	(7.0, 0.5)	(8.0, 1.0)	(9.0, 1.0)	(10.0, 1.0)	(11.0, 0.5)	(12.0, 0.0)	(13.0, 0.5)	(14.0, 1.0)	(15.0, 0.5)	(16.0, 3.5)	(17.0, 6.0)	(18.0, 5.416666666666666)	(19.0, 5.583333333333334)	(20.0, 7.583333333333333)	(21.0, 13.233333333333336)	(22.0, 15.1)	(23.0, 18.51666666666667)	(24.0, 23.63333333333333)	(25.0, 29.583333333333325)	(26.0, 47.01666666666667)	(27.0, 66.80000000000003)	(28.0, 81.24999999999999)	(29.0, 121.58333333333326)	(30.0, 155.89285714285737)	(31.0, 191.43333333333382)	(32.0, 251.00000000000082)	(33.0, 279.7000000000003)	(34.0, 337.5499999999979)	(35.0, 415.38333333332923)	(36.0, 466.7666666666619)	(37.0, 501.566666666661)	(38.0, 518.1166666666605)	(39.0, 620.1333333333305)	(40.0, 696.5333333333319)	(41.0, 730.233333333335)	(42.0, 759.5333333333357)	(43.0, 826.8333333333378)	(44.0, 1103.5166666666864)	(45.0, 1327.0500000000327)	(46.0, 1171.3000000000188)	(47.0, 1014.7000000000154)	(48.0, 1091.8333333333471)	(49.0, 1074.0000000000127)	(50.0, 1072.9333333333464)	(51.0, 1064.900000000015)	(52.0, 1029.1833333333504)	(53.0, 989.4666666666801)	(54.0, 912.5166666666759)	(55.0, 839.0666666666726)	(56.0, 752.5500000000002)	(57.0, 658.349999999996)	(58.0, 584.2833333333272)	(59.0, 464.3666666666615)	(60.0, 406.38333333332986)	(61.0, 329.88333333333185)	(62.0, 247.28333333333353)	(63.0, 198.0333333333337)	(64.0, 152.91666666666686)	(65.0, 112.30000000000007)	(66.0, 81.28333333333342)	(67.0, 68.55000000000005)	(68.0, 47.81666666666668)	(69.0, 26.19999999999999)	(70.0, 20.099999999999998)	(71.0, 15.966666666666667)	(72.0, 13.716666666666665)	(73.0, 13.150000000000002)	(74.0, 7.116666666666666)	(75.0, 2.033333333333333)	(76.0, 2.45)	(77.0, 2.75)	(78.0, 1.95)	(79.0, 0.5)	(80.0, 0.5)	(81.0, 1.0)	(82.0, 1.0)	(83.0, 1.0)	(84.0, 1.0)	(85.0, 0.5)	(86.0, 0.0)	(87.0, 0.0)	(88.0, 0.0)	(89.0, 0.0)	(90.0, 0.0)	(91.0, 0.0)	(92.0, 0.0)	(93.0, 0.0)	(94.0, 0.0)	(95.0, 0.0)	(96.0, 0.0)	(97.0, 0.0)	(98.0, 0.0)	(99.0, 0.0)	(100.0, 0.0)
SRR926457	(0.0, 0.0)	(1.0, 0.0)	(2.0, 0.0)	(3.0, 0.0)	(4.0, 0.0)	(5.0, 0.0)	(6.0, 0.0)	(7.0, 0.0)	(8.0, 0.0)	(9.0, 0.0)	(10.0, 0.0)	(11.0, 0.0)	(12.0, 0.0)	(13.0, 0.5)	(14.0, 0.5)	(15.0, 0.5)	(16.0, 0.8333333333333333)	(17.0, 0.8333333333333333)	(18.0, 3.166666666666667)	(19.0, 4.033333333333333)	(20.0, 5.783333333333333)	(21.0, 9.45)	(22.0, 13.066666666666668)	(23.0, 13.550000000000002)	(24.0, 20.83333333333333)	(25.0, 27.29999999999999)	(26.0, 41.133333333333326)	(27.0, 55.08333333333334)	(28.0, 69.01666666666671)	(29.0, 90.83333333333333)	(30.0, 116.21666666666668)	(31.0, 186.21666666666707)	(32.0, 223.5833333333339)	(33.0, 259.2833333333341)	(34.0, 305.7833333333325)	(35.0, 354.2333333333312)	(36.0, 413.0666666666626)	(37.0, 459.0499999999949)	(38.0, 495.83333333332735)	(39.0, 524.2999999999935)	(40.0, 590.2833333333288)	(41.0, 644.549999999997)	(42.0, 703.2166666666665)	(43.0, 737.0166666666672)	(44.0, 749.3333333333345)	(45.0, 767.0166666666681)	(46.0, 811.4333333333378)	(47.0, 861.9000000000078)	(48.0, 886.1166666666763)	(49.0, 962.2333333333465)	(50.0, 1032.0500000000168)	(51.0, 1011.5500000000176)	(52.0, 977.9166666666823)	(53.0, 1015.3500000000191)	(54.0, 983.5833333333521)	(55.0, 940.9166666666804)	(56.0, 859.1333333333419)	(57.0, 762.2333333333352)	(58.0, 672.0666666666647)	(59.0, 617.3166666666621)	(60.0, 535.5166666666597)	(61.0, 473.5166666666607)	(62.0, 400.29999999999626)	(63.0, 344.91666666666373)	(64.0, 293.08333333333195)	(65.0, 236.68333333333348)	(66.0, 179.46666666666707)	(67.0, 136.5333333333336)	(68.0, 99.68333333333342)	(69.0, 84.4166666666667)	(70.0, 63.716666666666704)	(71.0, 47.70000000000001)	(72.0, 34.86666666666665)	(73.0, 26.399999999999984)	(74.0, 23.81666666666666)	(75.0, 15.733333333333329)	(76.0, 8.45)	(77.0, 8.333333333333332)	(78.0, 7.0)	(79.0, 4.5)	(80.0, 2.5)	(81.0, 2.0)	(82.0, 2.5)	(83.0, 4.0)	(84.0, 4.0)	(85.0, 3.0)	(86.0, 2.0)	(87.0, 0.5)	(88.0, 0.0)	(89.0, 0.0)	(90.0, 0.0)	(91.0, 0.0)	(92.0, 0.0)	(93.0, 0.0)	(94.0, 0.0)	(95.0, 0.0)	(96.0, 0.0)	(97.0, 0.0)	(98.0, 0.0)	(99.0, 0.0)	(100.0, 0.0)
SRR926458	(0.0, 1.0)	(1.0, 0.5)	(2.0, 0.0)	(3.0, 0.0)	(4.0, 0.0)	(5.0, 0.0)	(6.0, 0.0)	(7.0, 0.0)	(8.0, 0.0)	(9.0, 0.0)	(10.0, 0.5)	(11.0, 1.5)	(12.0, 3.0)	(13.0, 4.25)	(14.0, 4.583333333333333)	(15.0, 7.333333333333333)	(16.0, 9.833333333333332)	(17.0, 16.5)	(18.0, 30.36666666666666)	(19.0, 40.21666666666667)	(20.0, 52.76666666666668)	(21.0, 68.15000000000002)	(22.0, 91.28333333333332)	(23.0, 118.28571428571419)	(24.0, 164.00000000000017)	(25.0, 232.89285714285757)	(26.0, 329.7833333333319)	(27.0, 457.42619047618524)	(28.0, 583.5095238095184)	(29.0, 721.7000000000012)	(30.0, 839.6261904761974)	(31.0, 910.4333333333423)	(32.0, 938.1666666666767)	(33.0, 999.6333333333473)	(34.0, 1019.266666666682)	(35.0, 1023.2000000000164)	(36.0, 971.150000000014)	(37.0, 944.6333333333466)	(38.0, 922.2000000000124)	(39.0, 870.6666666666741)	(40.0, 846.8333333333394)	(41.0, 775.8833333333365)	(42.0, 712.1666666666679)	(43.0, 1014.0666666666848)	(44.0, 1052.233333333354)	(45.0, 644.7499999999982)	(46.0, 553.1666666666613)	(47.0, 507.79999999999364)	(48.0, 466.3499999999948)	(49.0, 450.3666666666617)	(50.0, 444.5666666666617)	(51.0, 393.4333333333294)	(52.0, 359.099999999997)	(53.0, 312.4666666666656)	(54.0, 300.88333333333236)	(55.0, 253.0500000000001)	(56.0, 235.30000000000027)	(57.0, 244.1333333333334)	(58.0, 222.79999999999998)	(59.0, 189.96666666666698)	(60.0, 176.90000000000038)	(61.0, 175.65000000000023)	(62.0, 146.00000000000014)	(63.0, 104.34999999999998)	(64.0, 96.88333333333331)	(65.0, 84.3)	(66.0, 58.91666666666673)	(67.0, 53.35000000000003)	(68.0, 47.2666666666667)	(69.0, 41.166666666666686)	(70.0, 38.26666666666668)	(71.0, 27.316666666666652)	(72.0, 16.46666666666667)	(73.0, 17.150000000000002)	(74.0, 13.183333333333334)	(75.0, 8.6)	(76.0, 8.533333333333333)	(77.0, 7.833333333333333)	(78.0, 5.483333333333333)	(79.0, 2.2)	(80.0, 0.6666666666666666)	(81.0, 0.7)	(82.0, 1.0)	(83.0, 0.95)	(84.0, 0.0)	(85.0, 0.0)	(86.0, 0.0)	(87.0, 0.0)	(88.0, 0.0)	(89.0, 0.0)	(90.0, 0.0)	(91.0, 0.0)	(92.0, 0.0)	(93.0, 0.0)	(94.0, 0.0)	(95.0, 0.0)	(96.0, 0.0)	(97.0, 0.0)	(98.0, 0.0)	(99.0, 0.0)	(100.0, 0.0)
SRR926459	(0.0, 0.0)	(1.0, 0.0)	(2.0, 0.0)	(3.0, 0.0)	(4.0, 0.0)	(5.0, 0.0)	(6.0, 0.0)	(7.0, 0.0)	(8.0, 0.0)	(9.0, 0.0)	(10.0, 0.0)	(11.0, 0.0)	(12.0, 0.0)	(13.0, 0.0)	(14.0, 0.0)	(15.0, 0.0)	(16.0, 0.0)	(17.0, 0.0)	(18.0, 0.5)	(19.0, 1.5)	(20.0, 1.5)	(21.0, 1.5)	(22.0, 2.5)	(23.0, 2.5)	(24.0, 2.0)	(25.0, 3.0)	(26.0, 6.5)	(27.0, 7.333333333333334)	(28.0, 8.833333333333332)	(29.0, 10.166666666666666)	(30.0, 15.783333333333337)	(31.0, 19.866666666666667)	(32.0, 19.816666666666666)	(33.0, 27.499999999999993)	(34.0, 29.86666666666665)	(35.0, 31.16666666666665)	(36.0, 41.60000000000001)	(37.0, 63.433333333333366)	(38.0, 81.83333333333333)	(39.0, 93.68333333333328)	(40.0, 124.14999999999992)	(41.0, 139.79999999999998)	(42.0, 185.3000000000006)	(43.0, 248.5000000000008)	(44.0, 310.8833333333323)	(45.0, 377.1333333333309)	(46.0, 420.06666666666285)	(47.0, 476.2666666666612)	(48.0, 519.3999999999937)	(49.0, 547.0666666666606)	(50.0, 560.3999999999938)	(51.0, 600.3833333333288)	(52.0, 626.9833333333295)	(53.0, 641.3999999999969)	(54.0, 578.8499999999938)	(55.0, 529.0833333333268)	(56.0, 458.13333333332804)	(57.0, 409.24999999999613)	(58.0, 345.2333333333319)	(59.0, 284.9999999999999)	(60.0, 224.55000000000058)	(61.0, 185.0166666666671)	(62.0, 149.85000000000014)	(63.0, 118.8500000000001)	(64.0, 87.38333333333335)	(65.0, 61.700000000000045)	(66.0, 53.83333333333335)	(67.0, 36.41666666666666)	(68.0, 23.48333333333333)	(69.0, 21.266666666666662)	(70.0, 14.6)	(71.0, 8.383333333333333)	(72.0, 4.633333333333333)	(73.0, 2.9)	(74.0, 2.75)	(75.0, 1.9)	(76.0, 1.5333333333333332)	(77.0, 0.8333333333333333)	(78.0, 0.3333333333333333)	(79.0, 0.0)	(80.0, 0.0)	(81.0, 0.0)	(82.0, 0.5)	(83.0, 0.5)	(84.0, 0.0)	(85.0, 0.0)	(86.0, 0.0)	(87.0, 0.0)	(88.0, 0.0)	(89.0, 0.0)	(90.0, 0.0)	(91.0, 0.0)	(92.0, 0.0)	(93.0, 0.0)	(94.0, 0.0)	(95.0, 0.0)	(96.0, 0.0)	(97.0, 0.0)	(98.0, 0.0)	(99.0, 0.0)	(100.0, 0.0)
SRR926460	(0.0, 0.0)	(1.0, 0.0)	(2.0, 0.0)	(3.0, 0.0)	(4.0, 0.0)	(5.0, 0.0)	(6.0, 0.0)	(7.0, 0.0)	(8.0, 0.0)	(9.0, 0.0)	(10.0, 0.0)	(11.0, 0.0)	(12.0, 0.3333333333333333)	(13.0, 0.5)	(14.0, 1.0)	(15.0, 1.5)	(16.0, 1.5)	(17.0, 3.5)	(18.0, 8.366666666666667)	(19.0, 12.533333333333333)	(20.0, 16.900000000000002)	(21.0, 26.25)	(22.0, 33.55)	(23.0, 42.44285714285714)	(24.0, 54.00000000000003)	(25.0, 71.18333333333335)	(26.0, 103.23333333333329)	(27.0, 150.23333333333338)	(28.0, 192.26666666666708)	(29.0, 249.50952380952455)	(30.0, 331.9499999999993)	(31.0, 423.1261904761877)	(32.0, 516.6261904761853)	(33.0, 636.5999999999981)	(34.0, 764.3833333333356)	(35.0, 841.7833333333374)	(36.0, 946.6166666666746)	(37.0, 1080.1500000000115)	(38.0, 1232.5333333333397)	(39.0, 1384.24285714286)	(40.0, 1455.183333333329)	(41.0, 1567.1333333333355)	(42.0, 1728.216666666673)	(43.0, 1894.1333333333353)	(44.0, 2031.3333333333414)	(45.0, 2107.783333333358)	(46.0, 2424.06666666676)	(47.0, 2491.33333333344)	(48.0, 2390.183333333412)	(49.0, 2473.083333333422)	(50.0, 2500.633333333433)	(51.0, 2462.850000000101)	(52.0, 2348.34090909099)	(53.0, 2223.107575757638)	(54.0, 2061.000000000033)	(55.0, 1897.0000000000236)	(56.0, 1708.600000000021)	(57.0, 1531.366666666682)	(58.0, 1279.9000000000146)	(59.0, 1125.2833333333472)	(60.0, 956.2833333333424)	(61.0, 822.9333333333366)	(62.0, 654.9166666666647)	(63.0, 513.5499999999942)	(64.0, 415.6333333333297)	(65.0, 323.49999999999824)	(66.0, 229.61666666666707)	(67.0, 170.18333333333365)	(68.0, 128.61666666666667)	(69.0, 84.66666666666669)	(70.0, 67.20000000000002)	(71.0, 46.533333333333346)	(72.0, 29.333333333333325)	(73.0, 24.299999999999997)	(74.0, 27.46666666666666)	(75.0, 35.9)	(76.0, 39.400000000000006)	(77.0, 24.4)	(78.0, 7.5)	(79.0, 1.5)	(80.0, 0.5)	(81.0, 1.0)	(82.0, 2.0)	(83.0, 1.0)	(84.0, 0.0)	(85.0, 0.0)	(86.0, 0.0)	(87.0, 0.0)	(88.0, 0.0)	(89.0, 0.0)	(90.0, 0.0)	(91.0, 0.0)	(92.0, 0.0)	(93.0, 0.0)	(94.0, 0.0)	(95.0, 0.0)	(96.0, 0.0)	(97.0, 0.0)	(98.0, 0.0)	(99.0, 0.0)	(100.0, 0.0)
SRR926461	(0.0, 0.0)	(1.0, 0.0)	(2.0, 0.0)	(3.0, 0.0)	(4.0, 0.0)	(5.0, 1.0)	(6.0, 2.0)	(7.0, 2.0)	(8.0, 1.0)	(9.0, 0.0)	(10.0, 0.5)	(11.0, 1.5)	(12.0, 2.5)	(13.0, 3.0)	(14.0, 3.5)	(15.0, 4.333333333333334)	(16.0, 8.283333333333333)	(17.0, 17.25)	(18.0, 24.75)	(19.0, 25.533333333333328)	(20.0, 26.916666666666657)	(21.0, 37.53333333333333)	(22.0, 62.816666666666706)	(23.0, 100.51666666666658)	(24.0, 129.29999999999987)	(25.0, 153.9666666666667)	(26.0, 199.6000000000004)	(27.0, 264.13333333333406)	(28.0, 323.5166666666662)	(29.0, 380.14999999999804)	(30.0, 464.0499999999961)	(31.0, 565.8999999999962)	(32.0, 670.6499999999994)	(33.0, 768.5166666666692)	(34.0, 835.616666666672)	(35.0, 856.8000000000043)	(36.0, 838.9666666666735)	(37.0, 811.0000000000057)	(38.0, 809.7666666666709)	(39.0, 813.5333333333386)	(40.0, 811.1666666666707)	(41.0, 764.1333333333349)	(42.0, 781.4500000000029)	(43.0, 751.2333333333348)	(44.0, 703.3833333333333)	(45.0, 662.7166666666652)	(46.0, 658.3333333333323)	(47.0, 624.0499999999982)	(48.0, 561.4499999999964)	(49.0, 542.3833333333283)	(50.0, 525.5999999999948)	(51.0, 491.98333333332886)	(52.0, 433.7333333333299)	(53.0, 395.9166666666639)	(54.0, 363.26666666666495)	(55.0, 331.7333333333323)	(56.0, 312.1666666666666)	(57.0, 287.2833333333336)	(58.0, 250.9500000000004)	(59.0, 238.86666666666702)	(60.0, 218.75000000000023)	(61.0, 193.46666666666695)	(62.0, 176.43333333333362)	(63.0, 159.63333333333344)	(64.0, 154.3000000000001)	(65.0, 139.63333333333344)	(66.0, 124.61666666666669)	(67.0, 110.6166666666666)	(68.0, 100.0)	(69.0, 82.73333333333336)	(70.0, 74.38333333333335)	(71.0, 64.56666666666668)	(72.0, 55.40000000000001)	(73.0, 43.06666666666668)	(74.0, 33.83333333333333)	(75.0, 21.699999999999992)	(76.0, 11.516666666666667)	(77.0, 8.25)	(78.0, 6.4)	(79.0, 4.8500000000000005)	(80.0, 4.8500000000000005)	(81.0, 4.5)	(82.0, 3.1666666666666665)	(83.0, 2.0)	(84.0, 3.0)	(85.0, 2.5)	(86.0, 0.5)	(87.0, 0.0)	(88.0, 1.0)	(89.0, 1.5)	(90.0, 0.5)	(91.0, 0.0)	(92.0, 0.0)	(93.0, 0.0)	(94.0, 0.0)	(95.0, 0.0)	(96.0, 0.0)	(97.0, 0.0)	(98.0, 0.0)	(99.0, 0.0)	(100.0, 0.0)
SRR926462	(0.0, 1.0)	(1.0, 0.5)	(2.0, 0.0)	(3.0, 0.5)	(4.0, 1.5)	(5.0, 2.0)	(6.0, 1.0)	(7.0, 0.0)	(8.0, 0.0)	(9.0, 0.0)	(10.0, 0.0)	(11.0, 0.0)	(12.0, 0.5)	(13.0, 0.5)	(14.0, 0.0)	(15.0, 0.5)	(16.0, 1.0)	(17.0, 0.5)	(18.0, 0.5)	(19.0, 0.5)	(20.0, 2.583333333333333)	(21.0, 4.416666666666666)	(22.0, 8.666666666666666)	(23.0, 14.033333333333333)	(24.0, 21.866666666666667)	(25.0, 27.783333333333328)	(26.0, 33.94999999999999)	(27.0, 52.33333333333336)	(28.0, 62.6166666666667)	(29.0, 77.48333333333333)	(30.0, 95.28333333333327)	(31.0, 141.7666666666668)	(32.0, 187.13333333333375)	(33.0, 239.15000000000057)	(34.0, 287.03333333333336)	(35.0, 345.24999999999864)	(36.0, 453.1999999999954)	(37.0, 540.5833333333281)	(38.0, 619.0666666666635)	(39.0, 695.4666666666648)	(40.0, 723.0333333333346)	(41.0, 793.9666666666709)	(42.0, 897.9333333333424)	(43.0, 987.1833333333457)	(44.0, 1077.050000000012)	(45.0, 1176.016666666679)	(46.0, 1257.7500000000102)	(47.0, 1376.4000000000108)	(48.0, 1472.2833333333426)	(49.0, 1512.8000000000075)	(50.0, 1587.6666666666758)	(51.0, 1612.7666666666832)	(52.0, 1614.716666666682)	(53.0, 1552.8333333333492)	(54.0, 1463.3000000000152)	(55.0, 1407.7500000000161)	(56.0, 1220.6333333333496)	(57.0, 1175.8500000000233)	(58.0, 1168.3333333333658)	(59.0, 917.6500000000158)	(60.0, 624.8166666666623)	(61.0, 472.9999999999943)	(62.0, 375.1666666666638)	(63.0, 292.81666666666626)	(64.0, 428.64999999999606)	(65.0, 572.483333333332)	(66.0, 338.8999999999982)	(67.0, 116.5833333333334)	(68.0, 83.76666666666672)	(69.0, 59.23333333333338)	(70.0, 42.800000000000004)	(71.0, 37.766666666666644)	(72.0, 25.66666666666665)	(73.0, 18.283333333333335)	(74.0, 14.783333333333333)	(75.0, 9.033333333333333)	(76.0, 5.833333333333333)	(77.0, 4.833333333333334)	(78.0, 3.5)	(79.0, 2.5)	(80.0, 1.0)	(81.0, 0.5)	(82.0, 1.0)	(83.0, 1.0)	(84.0, 0.5)	(85.0, 0.0)	(86.0, 0.0)	(87.0, 0.0)	(88.0, 0.0)	(89.0, 0.0)	(90.0, 0.0)	(91.0, 0.0)	(92.0, 0.0)	(93.0, 0.0)	(94.0, 0.0)	(95.0, 0.0)	(96.0, 0.0)	(97.0, 0.0)	(98.0, 0.0)	(99.0, 0.0)	(100.0, 0.0)
SRR926463	(0.0, 1.0)	(1.0, 0.5)	(2.0, 0.0)	(3.0, 0.0)	(4.0, 0.0)	(5.0, 0.0)	(6.0, 0.0)	(7.0, 0.0)	(8.0, 0.0)	(9.0, 0.0)	(10.0, 0.0)	(11.0, 0.0)	(12.0, 0.5)	(13.0, 1.0)	(14.0, 0.5)	(15.0, 0.5)	(16.0, 0.5)	(17.0, 0.0)	(18.0, 2.8333333333333335)	(19.0, 4.833333333333334)	(20.0, 3.5)	(21.0, 2.7)	(22.0, 5.916666666666667)	(23.0, 15.950000000000001)	(24.0, 25.449999999999996)	(25.0, 34.083333333333336)	(26.0, 35.600000000000016)	(27.0, 37.016666666666666)	(28.0, 50.133333333333354)	(29.0, 67.96666666666668)	(30.0, 91.81666666666666)	(31.0, 120.48333333333322)	(32.0, 156.51666666666677)	(33.0, 222.75000000000065)	(34.0, 285.80000000000047)	(35.0, 359.8333333333319)	(36.0, 436.8166666666634)	(37.0, 512.7833333333282)	(38.0, 578.5333333333294)	(39.0, 640.6166666666644)	(40.0, 701.6333333333337)	(41.0, 785.2000000000039)	(42.0, 826.0833333333384)	(43.0, 876.5833333333404)	(44.0, 949.2833333333413)	(45.0, 1037.4166666666802)	(46.0, 1076.2166666666785)	(47.0, 1103.483333333345)	(48.0, 1167.2833333333422)	(49.0, 1230.3666666666747)	(50.0, 1218.2500000000086)	(51.0, 1206.6500000000078)	(52.0, 1180.0166666666767)	(53.0, 1158.183333333342)	(54.0, 1101.0833333333437)	(55.0, 1033.4333333333477)	(56.0, 924.7000000000088)	(57.0, 784.8666666666693)	(58.0, 682.4499999999983)	(59.0, 609.53333333333)	(60.0, 498.09999999999474)	(61.0, 398.9166666666637)	(62.0, 338.96666666666545)	(63.0, 295.71666666666624)	(64.0, 247.93333333333382)	(65.0, 176.13333333333358)	(66.0, 135.41666666666674)	(67.0, 102.36666666666673)	(68.0, 79.35000000000007)	(69.0, 56.73333333333337)	(70.0, 39.09999999999999)	(71.0, 28.51666666666666)	(72.0, 16.8)	(73.0, 13.466666666666667)	(74.0, 12.55)	(75.0, 13.266666666666667)	(76.0, 11.333333333333334)	(77.0, 5.833333333333334)	(78.0, 2.333333333333333)	(79.0, 3.0)	(80.0, 2.333333333333333)	(81.0, 1.0)	(82.0, 0.5)	(83.0, 0.0)	(84.0, 0.0)	(85.0, 0.0)	(86.0, 0.0)	(87.0, 0.0)	(88.0, 0.0)	(89.0, 0.0)	(90.0, 0.0)	(91.0, 0.0)	(92.0, 0.0)	(93.0, 0.0)	(94.0, 0.0)	(95.0, 0.0)	(96.0, 0.0)	(97.0, 0.0)	(98.0, 0.0)	(99.0, 0.0)	(100.0, 0.0)
SRR926464	(0.0, 0.0)	(1.0, 0.0)	(2.0, 0.0)	(3.0, 0.5)	(4.0, 1.0)	(5.0, 0.5)	(6.0, 0.0)	(7.0, 0.0)	(8.0, 0.0)	(9.0, 0.0)	(10.0, 0.0)	(11.0, 0.5)	(12.0, 1.0)	(13.0, 1.0)	(14.0, 1.0)	(15.0, 1.5)	(16.0, 2.2)	(17.0, 4.5)	(18.0, 6.0)	(19.0, 6.25)	(20.0, 6.9)	(21.0, 8.483333333333334)	(22.0, 14.850000000000001)	(23.0, 22.499999999999996)	(24.0, 35.53333333333334)	(25.0, 46.95000000000001)	(26.0, 62.60000000000005)	(27.0, 78.20000000000002)	(28.0, 114.1166666666666)	(29.0, 158.73333333333338)	(30.0, 232.96666666666752)	(31.0, 330.01666666666574)	(32.0, 436.51666666666273)	(33.0, 549.4666666666615)	(34.0, 666.1499999999987)	(35.0, 775.0666666666685)	(36.0, 890.1833333333426)	(37.0, 975.8666666666796)	(38.0, 1053.6666666666802)	(39.0, 1194.1833333333389)	(40.0, 1253.016666666674)	(41.0, 1338.9666666666708)	(42.0, 1408.8500000000015)	(43.0, 1521.7833333333335)	(44.0, 1559.2500000000057)	(45.0, 1584.3833333333412)	(46.0, 1638.7999999999997)	(47.0, 1704.7500000000066)	(48.0, 1729.8166666666757)	(49.0, 1683.7833333333394)	(50.0, 1686.366666666677)	(51.0, 1603.1833333333411)	(52.0, 1547.3666666666763)	(53.0, 1455.116666666677)	(54.0, 1347.2500000000132)	(55.0, 1191.3833333333478)	(56.0, 1054.383333333348)	(57.0, 891.000000000006)	(58.0, 756.1666666666677)	(59.0, 656.5999999999971)	(60.0, 528.2999999999937)	(61.0, 418.9833333333295)	(62.0, 343.2999999999981)	(63.0, 272.31666666666644)	(64.0, 218.0333333333338)	(65.0, 164.0500000000004)	(66.0, 116.55000000000011)	(67.0, 81.40000000000005)	(68.0, 53.850000000000016)	(69.0, 35.54999999999999)	(70.0, 22.833333333333332)	(71.0, 20.15)	(72.0, 23.85)	(73.0, 24.216666666666665)	(74.0, 11.4)	(75.0, 5.033333333333333)	(76.0, 3.0)	(77.0, 2.5)	(78.0, 1.5)	(79.0, 0.5)	(80.0, 0.5)	(81.0, 1.0)	(82.0, 0.5)	(83.0, 0.0)	(84.0, 0.0)	(85.0, 0.0)	(86.0, 0.0)	(87.0, 0.0)	(88.0, 0.0)	(89.0, 0.0)	(90.0, 0.0)	(91.0, 0.0)	(92.0, 0.0)	(93.0, 0.0)	(94.0, 0.0)	(95.0, 0.0)	(96.0, 0.0)	(97.0, 0.0)	(98.0, 0.0)	(99.0, 0.0)	(100.0, 0.0)
SRR926465	(0.0, 0.0)	(1.0, 0.0)	(2.0, 0.0)	(3.0, 0.0)	(4.0, 0.0)	(5.0, 0.0)	(6.0, 0.0)	(7.0, 0.0)	(8.0, 0.0)	(9.0, 0.0)	(10.0, 0.0)	(11.0, 0.0)	(12.0, 0.0)	(13.0, 0.5)	(14.0, 0.5)	(15.0, 1.0)	(16.0, 3.0)	(17.0, 4.0)	(18.0, 4.083333333333333)	(19.0, 9.5)	(20.0, 18.683333333333334)	(21.0, 25.916666666666664)	(22.0, 38.6)	(23.0, 50.76666666666667)	(24.0, 62.4666666666667)	(25.0, 79.2)	(26.0, 120.59999999999992)	(27.0, 167.45000000000016)	(28.0, 203.8500000000006)	(29.0, 260.2333333333341)	(30.0, 330.5499999999992)	(31.0, 423.0666666666633)	(32.0, 494.9261904761852)	(33.0, 560.1333333333291)	(34.0, 683.3499999999996)	(35.0, 763.6833333333344)	(36.0, 843.3500000000046)	(37.0, 903.1666666666756)	(38.0, 964.1166666666775)	(39.0, 1049.9000000000128)	(40.0, 1138.2666666666757)	(41.0, 1235.1166666666718)	(42.0, 1301.9166666666713)	(43.0, 1358.5000000000002)	(44.0, 1439.3833333333337)	(45.0, 1448.8333333333348)	(46.0, 1418.900000000002)	(47.0, 1330.3833333333373)	(48.0, 1316.416666666672)	(49.0, 1259.433333333339)	(50.0, 1125.4166666666774)	(51.0, 1016.3166666666808)	(52.0, 891.1333333333394)	(53.0, 825.7500000000041)	(54.0, 785.6833333333357)	(55.0, 701.1999999999987)	(56.0, 590.0999999999952)	(57.0, 506.8833333333278)	(58.0, 445.83333333332934)	(59.0, 358.8833333333317)	(60.0, 283.16666666666623)	(61.0, 238.616666666667)	(62.0, 213.20000000000047)	(63.0, 164.00000000000037)	(64.0, 117.98333333333339)	(65.0, 96.8500000000001)	(66.0, 81.65000000000006)	(67.0, 56.30000000000002)	(68.0, 40.81666666666665)	(69.0, 27.649999999999988)	(70.0, 22.916666666666654)	(71.0, 16.999999999999996)	(72.0, 16.13333333333333)	(73.0, 11.700000000000001)	(74.0, 3.5333333333333337)	(75.0, 2.9)	(76.0, 2.833333333333333)	(77.0, 2.833333333333333)	(78.0, 3.0)	(79.0, 1.5)	(80.0, 1.0)	(81.0, 1.0)	(82.0, 0.5)	(83.0, 0.0)	(84.0, 0.0)	(85.0, 0.0)	(86.0, 0.0)	(87.0, 0.0)	(88.0, 0.0)	(89.0, 0.0)	(90.0, 0.0)	(91.0, 0.0)	(92.0, 0.0)	(93.0, 0.0)	(94.0, 0.0)	(95.0, 0.0)	(96.0, 0.0)	(97.0, 0.0)	(98.0, 0.0)	(99.0, 0.0)	(100.0, 0.0)
SRR926466	(0.0, 0.0)	(1.0, 0.0)	(2.0, 0.0)	(3.0, 0.0)	(4.0, 0.0)	(5.0, 0.0)	(6.0, 0.0)	(7.0, 0.5)	(8.0, 2.5)	(9.0, 3.5)	(10.0, 3.0)	(11.0, 3.0)	(12.0, 4.666666666666667)	(13.0, 5.916666666666667)	(14.0, 8.333333333333332)	(15.0, 8.616666666666667)	(16.0, 14.35)	(17.0, 20.3)	(18.0, 32.05)	(19.0, 47.85000000000001)	(20.0, 59.083333333333336)	(21.0, 66.98333333333335)	(22.0, 86.93333333333335)	(23.0, 121.0499999999999)	(24.0, 176.7500000000003)	(25.0, 222.1666666666674)	(26.0, 288.0666666666668)	(27.0, 408.3833333333309)	(28.0, 506.94285714285115)	(29.0, 568.699999999995)	(30.0, 643.1595238095216)	(31.0, 721.3833333333341)	(32.0, 752.0833333333353)	(33.0, 764.0500000000031)	(34.0, 782.8500000000033)	(35.0, 803.3333333333374)	(36.0, 775.0095238095257)	(37.0, 744.7666666666667)	(38.0, 699.4761904761899)	(39.0, 617.949999999996)	(40.0, 591.4166666666629)	(41.0, 528.4833333333285)	(42.0, 497.08333333332763)	(43.0, 458.61666666666184)	(44.0, 418.1499999999963)	(45.0, 362.4499999999973)	(46.0, 344.06666666666456)	(47.0, 317.4166666666653)	(48.0, 289.7833333333325)	(49.0, 259.41666666666674)	(50.0, 227.86666666666696)	(51.0, 222.21666666666707)	(52.0, 205.6666666666671)	(53.0, 180.61666666666702)	(54.0, 161.36666666666702)	(55.0, 155.65000000000032)	(56.0, 149.51666666666685)	(57.0, 120.76666666666671)	(58.0, 118.8000000000001)	(59.0, 106.26666666666675)	(60.0, 97.7833333333334)	(61.0, 96.45000000000007)	(62.0, 94.88333333333343)	(63.0, 90.86666666666667)	(64.0, 91.20000000000009)	(65.0, 83.56666666666672)	(66.0, 63.93333333333341)	(67.0, 54.55000000000005)	(68.0, 50.96666666666668)	(69.0, 43.33333333333335)	(70.0, 33.61666666666666)	(71.0, 29.46666666666665)	(72.0, 26.133333333333322)	(73.0, 20.3)	(74.0, 15.366666666666667)	(75.0, 11.733333333333334)	(76.0, 9.033333333333333)	(77.0, 5.916666666666667)	(78.0, 3.4166666666666665)	(79.0, 2.5)	(80.0, 1.8333333333333333)	(81.0, 1.4166666666666665)	(82.0, 0.8333333333333333)	(83.0, 1.3333333333333333)	(84.0, 0.5)	(85.0, 0.0)	(86.0, 0.5)	(87.0, 0.5)	(88.0, 0.0)	(89.0, 0.0)	(90.0, 0.0)	(91.0, 0.0)	(92.0, 0.0)	(93.0, 0.0)	(94.0, 0.5)	(95.0, 1.0)	(96.0, 1.0)	(97.0, 1.0)	(98.0, 0.5)	(99.0, 0.0)	(100.0, 0.0)
SRR926467	(0.0, 0.0)	(1.0, 0.0)	(2.0, 0.0)	(3.0, 0.0)	(4.0, 0.0)	(5.0, 0.0)	(6.0, 0.0)	(7.0, 0.0)	(8.0, 0.0)	(9.0, 0.5)	(10.0, 1.0)	(11.0, 0.5)	(12.0, 0.0)	(13.0, 0.5)	(14.0, 1.5)	(15.0, 1.0)	(16.0, 0.5)	(17.0, 1.0)	(18.0, 1.0)	(19.0, 0.5)	(20.0, 0.0)	(21.0, 0.8333333333333333)	(22.0, 1.5)	(23.0, 2.6666666666666665)	(24.0, 2.6666666666666665)	(25.0, 2.333333333333333)	(26.0, 6.0)	(27.0, 7.0)	(28.0, 5.583333333333333)	(29.0, 9.916666666666666)	(30.0, 14.783333333333337)	(31.0, 21.08333333333333)	(32.0, 21.43333333333333)	(33.0, 20.399999999999995)	(34.0, 30.333333333333318)	(35.0, 45.71666666666666)	(36.0, 47.90000000000001)	(37.0, 49.750000000000036)	(38.0, 66.4666666666667)	(39.0, 82.26666666666668)	(40.0, 111.23333333333335)	(41.0, 142.01666666666682)	(42.0, 169.91666666666717)	(43.0, 241.28333333333399)	(44.0, 283.0666666666661)	(45.0, 317.6833333333316)	(46.0, 332.0166666666646)	(47.0, 349.78333333333137)	(48.0, 338.2166666666648)	(49.0, 350.34999999999707)	(50.0, 342.4666666666637)	(51.0, 305.7999999999988)	(52.0, 314.8333333333319)	(53.0, 348.9833333333307)	(54.0, 319.0666666666644)	(55.0, 257.4666666666665)	(56.0, 212.3000000000003)	(57.0, 202.58333333333363)	(58.0, 185.73333333333383)	(59.0, 145.78333333333356)	(60.0, 105.31666666666672)	(61.0, 85.50000000000001)	(62.0, 72.2666666666667)	(63.0, 57.30000000000005)	(64.0, 47.050000000000004)	(65.0, 33.84999999999999)	(66.0, 26.766666666666648)	(67.0, 18.833333333333325)	(68.0, 12.633333333333335)	(69.0, 11.200000000000001)	(70.0, 8.433333333333334)	(71.0, 5.333333333333334)	(72.0, 5.966666666666667)	(73.0, 3.4)	(74.0, 1.5)	(75.0, 0.25)	(76.0, 1.25)	(77.0, 2.0)	(78.0, 3.5)	(79.0, 5.0)	(80.0, 4.0)	(81.0, 2.0)	(82.0, 0.5)	(83.0, 0.0)	(84.0, 0.0)	(85.0, 0.0)	(86.0, 0.0)	(87.0, 0.0)	(88.0, 0.0)	(89.0, 0.0)	(90.0, 0.0)	(91.0, 0.0)	(92.0, 0.0)	(93.0, 0.0)	(94.0, 0.0)	(95.0, 0.0)	(96.0, 0.0)	(97.0, 0.0)	(98.0, 0.0)	(99.0, 0.0)	(100.0, 0.0)
SRR926468	(0.0, 0.0)	(1.0, 0.0)	(2.0, 0.0)	(3.0, 0.0)	(4.0, 0.0)	(5.0, 0.0)	(6.0, 0.0)	(7.0, 0.0)	(8.0, 0.0)	(9.0, 0.0)	(10.0, 0.0)	(11.0, 0.0)	(12.0, 0.0)	(13.0, 0.0)	(14.0, 0.0)	(15.0, 1.0)	(16.0, 1.5)	(17.0, 1.0)	(18.0, 0.5)	(19.0, 0.5)	(20.0, 3.0)	(21.0, 3.5)	(22.0, 2.833333333333333)	(23.0, 3.1666666666666665)	(24.0, 4.916666666666667)	(25.0, 6.75)	(26.0, 9.616666666666667)	(27.0, 12.816666666666668)	(28.0, 15.933333333333335)	(29.0, 20.28333333333333)	(30.0, 17.400000000000002)	(31.0, 22.96666666666666)	(32.0, 35.39999999999999)	(33.0, 39.1)	(34.0, 44.93333333333335)	(35.0, 55.966666666666704)	(36.0, 66.53333333333339)	(37.0, 85.08333333333334)	(38.0, 95.13333333333338)	(39.0, 106.38333333333331)	(40.0, 160.80000000000027)	(41.0, 209.80000000000064)	(42.0, 258.75000000000057)	(43.0, 344.13333333333117)	(44.0, 600.08333333333)	(45.0, 834.683333333343)	(46.0, 702.216666666667)	(47.0, 527.3333333333267)	(48.0, 547.833333333327)	(49.0, 603.0333333333291)	(50.0, 624.9666666666631)	(51.0, 639.68333333333)	(52.0, 714.6000000000003)	(53.0, 727.2500000000002)	(54.0, 725.3833333333326)	(55.0, 629.8333333333303)	(56.0, 497.9666666666604)	(57.0, 417.69999999999635)	(58.0, 334.7499999999981)	(59.0, 253.24999999999994)	(60.0, 205.15000000000055)	(61.0, 168.4333333333337)	(62.0, 123.88333333333345)	(63.0, 100.76666666666675)	(64.0, 84.78333333333339)	(65.0, 60.55000000000002)	(66.0, 49.050000000000004)	(67.0, 27.799999999999997)	(68.0, 24.049999999999994)	(69.0, 15.366666666666667)	(70.0, 7.783333333333333)	(71.0, 7.933333333333334)	(72.0, 6.9)	(73.0, 6.083333333333334)	(74.0, 2.833333333333333)	(75.0, 2.75)	(76.0, 2.95)	(77.0, 1.0)	(78.0, 1.6666666666666665)	(79.0, 1.3333333333333333)	(80.0, 0.5)	(81.0, 0.0)	(82.0, 0.5)	(83.0, 0.5)	(84.0, 0.0)	(85.0, 0.0)	(86.0, 0.0)	(87.0, 0.0)	(88.0, 0.0)	(89.0, 0.0)	(90.0, 0.0)	(91.0, 0.0)	(92.0, 0.0)	(93.0, 0.0)	(94.0, 0.0)	(95.0, 0.0)	(96.0, 0.0)	(97.0, 0.0)	(98.0, 0.0)	(99.0, 0.0)	(100.0, 0.0)
SRR926469	(0.0, 0.0)	(1.0, 0.0)	(2.0, 0.0)	(3.0, 0.0)	(4.0, 0.0)	(5.0, 0.0)	(6.0, 0.0)	(7.0, 0.0)	(8.0, 0.0)	(9.0, 0.0)	(10.0, 0.0)	(11.0, 0.0)	(12.0, 0.0)	(13.0, 0.0)	(14.0, 0.0)	(15.0, 0.0)	(16.0, 0.5)	(17.0, 1.0)	(18.0, 1.0)	(19.0, 0.5)	(20.0, 1.0)	(21.0, 3.5)	(22.0, 5.666666666666667)	(23.0, 6.583333333333334)	(24.0, 5.916666666666667)	(25.0, 7.333333333333332)	(26.0, 11.866666666666667)	(27.0, 14.833333333333336)	(28.0, 19.7)	(29.0, 19.566666666666666)	(30.0, 24.566666666666666)	(31.0, 39.783333333333324)	(32.0, 51.11666666666669)	(33.0, 50.43333333333336)	(34.0, 55.55000000000005)	(35.0, 71.45000000000006)	(36.0, 91.86666666666665)	(37.0, 123.78333333333326)	(38.0, 157.5500000000003)	(39.0, 197.50000000000045)	(40.0, 253.58333333333366)	(41.0, 318.18333333333186)	(42.0, 396.9833333333291)	(43.0, 454.98333333332795)	(44.0, 537.5666666666602)	(45.0, 590.599999999995)	(46.0, 623.2833333333303)	(47.0, 664.0999999999971)	(48.0, 713.4166666666667)	(49.0, 743.749999999999)	(50.0, 783.883333333334)	(51.0, 786.0500000000031)	(52.0, 802.5833333333367)	(53.0, 782.283333333335)	(54.0, 713.7333333333328)	(55.0, 665.7499999999977)	(56.0, 610.8666666666617)	(57.0, 562.9166666666608)	(58.0, 507.2499999999927)	(59.0, 421.3166666666613)	(60.0, 337.9999999999977)	(61.0, 285.38333333333287)	(62.0, 246.58333333333363)	(63.0, 193.23333333333375)	(64.0, 140.56666666666692)	(65.0, 104.63333333333343)	(66.0, 78.05000000000008)	(67.0, 53.26666666666667)	(68.0, 47.000000000000014)	(69.0, 37.599999999999994)	(70.0, 26.24999999999999)	(71.0, 14.983333333333336)	(72.0, 8.566666666666666)	(73.0, 5.233333333333333)	(74.0, 3.9166666666666665)	(75.0, 6.416666666666666)	(76.0, 5.283333333333333)	(77.0, 3.25)	(78.0, 3.0)	(79.0, 2.0)	(80.0, 1.0)	(81.0, 0.5)	(82.0, 0.0)	(83.0, 0.0)	(84.0, 0.0)	(85.0, 0.0)	(86.0, 0.0)	(87.0, 0.0)	(88.0, 0.0)	(89.0, 0.0)	(90.0, 0.0)	(91.0, 0.0)	(92.0, 0.0)	(93.0, 0.0)	(94.0, 0.0)	(95.0, 0.0)	(96.0, 0.0)	(97.0, 0.0)	(98.0, 0.0)	(99.0, 0.0)	(100.0, 0.0)
SRR926470	(0.0, 0.0)	(1.0, 0.0)	(2.0, 0.0)	(3.0, 0.0)	(4.0, 0.0)	(5.0, 0.0)	(6.0, 0.0)	(7.0, 0.0)	(8.0, 0.0)	(9.0, 0.0)	(10.0, 0.0)	(11.0, 0.0)	(12.0, 0.0)	(13.0, 0.5)	(14.0, 1.5)	(15.0, 2.0)	(16.0, 1.0)	(17.0, 0.0)	(18.0, 0.0)	(19.0, 1.3333333333333333)	(20.0, 3.1666666666666665)	(21.0, 3.333333333333333)	(22.0, 3.5)	(23.0, 3.6666666666666665)	(24.0, 4.0)	(25.0, 5.8999999999999995)	(26.0, 13.166666666666666)	(27.0, 20.033333333333335)	(28.0, 26.5)	(29.0, 30.61666666666666)	(30.0, 34.883333333333326)	(31.0, 46.416666666666686)	(32.0, 54.25000000000003)	(33.0, 67.66666666666667)	(34.0, 91.08333333333331)	(35.0, 125.83333333333321)	(36.0, 175.60000000000028)	(37.0, 219.70000000000059)	(38.0, 266.466666666667)	(39.0, 296.7666666666663)	(40.0, 334.33333333333206)	(41.0, 378.0499999999977)	(42.0, 406.26666666666335)	(43.0, 439.84999999999565)	(44.0, 493.9499999999943)	(45.0, 524.8999999999942)	(46.0, 536.7333333333278)	(47.0, 553.7666666666615)	(48.0, 551.8166666666614)	(49.0, 553.7833333333278)	(50.0, 556.1666666666619)	(51.0, 532.4666666666608)	(52.0, 508.4666666666607)	(53.0, 471.0833333333286)	(54.0, 430.8499999999963)	(55.0, 393.1833333333306)	(56.0, 323.4999999999987)	(57.0, 272.2166666666671)	(58.0, 240.63333333333392)	(59.0, 197.50000000000045)	(60.0, 165.2000000000004)	(61.0, 125.71666666666674)	(62.0, 108.28333333333336)	(63.0, 98.46666666666665)	(64.0, 79.93333333333332)	(65.0, 66.86666666666669)	(66.0, 45.26666666666666)	(67.0, 34.91666666666666)	(68.0, 25.73333333333333)	(69.0, 18.733333333333334)	(70.0, 11.416666666666668)	(71.0, 7.9)	(72.0, 8.233333333333334)	(73.0, 7.0)	(74.0, 3.4)	(75.0, 0.5)	(76.0, 0.5)	(77.0, 0.5)	(78.0, 0.0)	(79.0, 0.0)	(80.0, 0.0)	(81.0, 0.0)	(82.0, 0.0)	(83.0, 0.0)	(84.0, 0.0)	(85.0, 0.0)	(86.0, 0.0)	(87.0, 0.0)	(88.0, 0.0)	(89.0, 0.0)	(90.0, 0.0)	(91.0, 0.0)	(92.0, 0.0)	(93.0, 0.0)	(94.0, 0.0)	(95.0, 0.0)	(96.0, 0.0)	(97.0, 0.0)	(98.0, 0.0)	(99.0, 0.0)	(100.0, 0.0)
SRR926471	(0.0, 0.0)	(1.0, 0.0)	(2.0, 0.0)	(3.0, 0.0)	(4.0, 0.0)	(5.0, 0.0)	(6.0, 0.0)	(7.0, 0.0)	(8.0, 0.0)	(9.0, 0.0)	(10.0, 0.0)	(11.0, 0.0)	(12.0, 0.5)	(13.0, 1.0)	(14.0, 1.0)	(15.0, 1.3333333333333333)	(16.0, 1.0)	(17.0, 4.0)	(18.0, 7.2)	(19.0, 10.783333333333335)	(20.0, 14.333333333333334)	(21.0, 19.5)	(22.0, 31.333333333333332)	(23.0, 41.900000000000006)	(24.0, 50.733333333333334)	(25.0, 74.60000000000002)	(26.0, 110.88333333333328)	(27.0, 141.75)	(28.0, 189.08333333333366)	(29.0, 290.86666666666696)	(30.0, 398.09285714285545)	(31.0, 546.4166666666628)	(32.0, 707.5500000000002)	(33.0, 871.4500000000074)	(34.0, 1043.0666666666816)	(35.0, 1181.966666666676)	(36.0, 1337.400000000002)	(37.0, 1435.166666666669)	(38.0, 1560.8095238095261)	(39.0, 1669.5500000000065)	(40.0, 1720.7666666666748)	(41.0, 1790.2333333333431)	(42.0, 1811.9666666666785)	(43.0, 1933.0333333333506)	(44.0, 2020.7666666666807)	(45.0, 2107.8166666666943)	(46.0, 2114.2500000000346)	(47.0, 2125.6833333333675)	(48.0, 2155.850000000049)	(49.0, 2129.4000000000447)	(50.0, 1997.150000000029)	(51.0, 1954.5833333333612)	(52.0, 1960.1666666667038)	(53.0, 1896.2333333333718)	(54.0, 1707.1000000000286)	(55.0, 1515.6166666666861)	(56.0, 1368.1000000000186)	(57.0, 1283.9666666666847)	(58.0, 1236.1333333333534)	(59.0, 1017.8000000000177)	(60.0, 845.7000000000073)	(61.0, 709.9000000000007)	(62.0, 615.749999999996)	(63.0, 531.1999999999939)	(64.0, 408.4999999999965)	(65.0, 312.4166666666655)	(66.0, 222.43333333333368)	(67.0, 170.7000000000003)	(68.0, 133.06666666666675)	(69.0, 114.58333333333333)	(70.0, 89.55)	(71.0, 55.86666666666669)	(72.0, 39.66666666666667)	(73.0, 27.96666666666667)	(74.0, 16.9)	(75.0, 10.5)	(76.0, 9.566666666666666)	(77.0, 6.333333333333333)	(78.0, 2.25)	(79.0, 1.0)	(80.0, 0.5)	(81.0, 0.5)	(82.0, 1.0)	(83.0, 1.0)	(84.0, 1.0)	(85.0, 0.5)	(86.0, 0.0)	(87.0, 0.0)	(88.0, 0.0)	(89.0, 0.0)	(90.0, 0.0)	(91.0, 0.0)	(92.0, 0.0)	(93.0, 0.0)	(94.0, 0.0)	(95.0, 0.0)	(96.0, 0.0)	(97.0, 0.0)	(98.0, 0.0)	(99.0, 0.0)	(100.0, 0.0)
SRR926472	(0.0, 0.0)	(1.0, 0.0)	(2.0, 0.0)	(3.0, 0.0)	(4.0, 0.0)	(5.0, 0.0)	(6.0, 0.0)	(7.0, 0.0)	(8.0, 0.0)	(9.0, 0.0)	(10.0, 0.0)	(11.0, 0.0)	(12.0, 0.5)	(13.0, 1.5)	(14.0, 1.5)	(15.0, 0.5)	(16.0, 1.6666666666666665)	(17.0, 3.1666666666666665)	(18.0, 4.5)	(19.0, 5.333333333333332)	(20.0, 6.416666666666666)	(21.0, 8.333333333333332)	(22.0, 15.500000000000002)	(23.0, 17.033333333333335)	(24.0, 23.28333333333333)	(25.0, 28.149999999999995)	(26.0, 46.300000000000004)	(27.0, 69.56666666666669)	(28.0, 104.4833333333332)	(29.0, 157.9000000000002)	(30.0, 212.63333333333378)	(31.0, 285.05)	(32.0, 348.7166666666653)	(33.0, 422.7333333333299)	(34.0, 495.71666666666147)	(35.0, 571.649999999995)	(36.0, 627.7666666666639)	(37.0, 656.1166666666655)	(38.0, 690.6666666666669)	(39.0, 731.9333333333335)	(40.0, 775.8500000000017)	(41.0, 802.8666666666701)	(42.0, 813.7166666666699)	(43.0, 845.2666666666731)	(44.0, 855.7000000000053)	(45.0, 898.8333333333396)	(46.0, 929.5833333333403)	(47.0, 912.3166666666739)	(48.0, 897.8500000000066)	(49.0, 901.3500000000078)	(50.0, 881.133333333339)	(51.0, 844.5000000000039)	(52.0, 770.4500000000031)	(53.0, 681.4166666666658)	(54.0, 634.2166666666644)	(55.0, 577.0666666666623)	(56.0, 510.6833333333271)	(57.0, 442.1499999999954)	(58.0, 387.2666666666632)	(59.0, 343.9999999999979)	(60.0, 308.76666666666574)	(61.0, 274.53333333333313)	(62.0, 253.99999999999994)	(63.0, 204.0666666666671)	(64.0, 156.0333333333336)	(65.0, 126.18333333333338)	(66.0, 98.9666666666667)	(67.0, 71.9833333333334)	(68.0, 47.14999999999999)	(69.0, 37.98333333333331)	(70.0, 34.383333333333326)	(71.0, 27.066666666666645)	(72.0, 17.433333333333334)	(73.0, 15.883333333333338)	(74.0, 11.233333333333334)	(75.0, 6.466666666666667)	(76.0, 6.9)	(77.0, 5.166666666666666)	(78.0, 2.0)	(79.0, 1.0)	(80.0, 0.25)	(81.0, 0.25)	(82.0, 0.5)	(83.0, 0.5)	(84.0, 0.0)	(85.0, 0.0)	(86.0, 0.0)	(87.0, 0.5)	(88.0, 1.0)	(89.0, 0.5)	(90.0, 0.0)	(91.0, 0.0)	(92.0, 0.0)	(93.0, 0.0)	(94.0, 0.0)	(95.0, 0.0)	(96.0, 0.0)	(97.0, 0.0)	(98.0, 0.0)	(99.0, 0.0)	(100.0, 0.0)
SRR926473	(0.0, 0.0)	(1.0, 0.0)	(2.0, 0.0)	(3.0, 0.0)	(4.0, 0.0)	(5.0, 0.0)	(6.0, 0.5)	(7.0, 1.5)	(8.0, 2.0)	(9.0, 2.0)	(10.0, 1.5)	(11.0, 2.0)	(12.0, 3.0)	(13.0, 5.5)	(14.0, 7.333333333333333)	(15.0, 7.916666666666667)	(16.0, 10.666666666666666)	(17.0, 20.333333333333336)	(18.0, 32.7)	(19.0, 45.900000000000006)	(20.0, 68.4)	(21.0, 88.60000000000001)	(22.0, 129.28333333333327)	(23.0, 180.7500000000002)	(24.0, 266.88333333333355)	(25.0, 364.5666666666643)	(26.0, 489.31666666666115)	(27.0, 619.58333333333)	(28.0, 728.8500000000014)	(29.0, 877.4333333333412)	(30.0, 979.8500000000129)	(31.0, 1059.3000000000156)	(32.0, 1169.7666666666782)	(33.0, 1258.3833333333407)	(34.0, 1309.2166666666724)	(35.0, 1325.5666666666725)	(36.0, 1322.116666666675)	(37.0, 1304.2500000000077)	(38.0, 1326.416666666676)	(39.0, 1326.4666666666758)	(40.0, 1321.3333333333433)	(41.0, 1305.3000000000086)	(42.0, 1253.133333333342)	(43.0, 1260.3000000000127)	(44.0, 1311.9500000000085)	(45.0, 1315.283333333343)	(46.0, 1291.2000000000114)	(47.0, 1254.4666666666783)	(48.0, 1199.8833333333446)	(49.0, 1105.300000000015)	(50.0, 1052.0166666666805)	(51.0, 971.766666666678)	(52.0, 867.9333333333417)	(53.0, 786.6000000000049)	(54.0, 734.1666666666684)	(55.0, 683.7500000000003)	(56.0, 639.4999999999991)	(57.0, 634.3999999999985)	(58.0, 573.5499999999977)	(59.0, 471.83333333332945)	(60.0, 422.03333333333023)	(61.0, 381.3999999999973)	(62.0, 359.56666666666433)	(63.0, 325.69999999999845)	(64.0, 259.8333333333335)	(65.0, 229.58333333333348)	(66.0, 215.7166666666669)	(67.0, 195.03333333333356)	(68.0, 174.70000000000027)	(69.0, 149.88333333333347)	(70.0, 125.51666666666672)	(71.0, 101.71666666666674)	(72.0, 83.50952380952387)	(73.0, 75.2166666666667)	(74.0, 64.73333333333338)	(75.0, 47.683333333333344)	(76.0, 31.483333333333324)	(77.0, 20.71666666666666)	(78.0, 14.983333333333333)	(79.0, 8.666666666666666)	(80.0, 7.299999999999999)	(81.0, 4.283333333333333)	(82.0, 1.833333333333333)	(83.0, 0.3333333333333333)	(84.0, 0.0)	(85.0, 0.75)	(86.0, 0.5)	(87.0, 0.0)	(88.0, 0.0)	(89.0, 0.0)	(90.0, 0.0)	(91.0, 0.0)	(92.0, 0.0)	(93.0, 0.0)	(94.0, 0.0)	(95.0, 0.0)	(96.0, 0.0)	(97.0, 0.0)	(98.0, 0.0)	(99.0, 0.0)	(100.0, 0.0)
SRR926474	(0.0, 0.0)	(1.0, 0.0)	(2.0, 0.0)	(3.0, 0.0)	(4.0, 0.0)	(5.0, 0.0)	(6.0, 0.0)	(7.0, 0.0)	(8.0, 0.0)	(9.0, 0.0)	(10.0, 0.0)	(11.0, 0.0)	(12.0, 0.0)	(13.0, 0.5)	(14.0, 1.0)	(15.0, 2.0)	(16.0, 2.5)	(17.0, 3.333333333333333)	(18.0, 7.483333333333333)	(19.0, 10.433333333333335)	(20.0, 10.366666666666667)	(21.0, 10.283333333333335)	(22.0, 20.3)	(23.0, 25.599999999999994)	(24.0, 33.19999999999999)	(25.0, 38.23333333333333)	(26.0, 53.316666666666684)	(27.0, 74.03333333333337)	(28.0, 94.29999999999991)	(29.0, 116.43333333333321)	(30.0, 153.88333333333344)	(31.0, 217.55000000000052)	(32.0, 289.9999999999999)	(33.0, 333.5833333333318)	(34.0, 412.73333333332954)	(35.0, 501.49999999999403)	(36.0, 551.6499999999945)	(37.0, 586.9166666666624)	(38.0, 647.099999999998)	(39.0, 709.7666666666673)	(40.0, 748.1333333333348)	(41.0, 807.7666666666714)	(42.0, 892.5166666666735)	(43.0, 979.1000000000118)	(44.0, 1034.783333333348)	(45.0, 1063.216666666681)	(46.0, 1110.9166666666792)	(47.0, 1194.3333333333458)	(48.0, 1275.5761904762016)	(49.0, 1315.3000000000118)	(50.0, 1305.7500000000127)	(51.0, 1342.376190476202)	(52.0, 1387.9595238095362)	(53.0, 1368.816666666681)	(54.0, 1345.0333333333517)	(55.0, 1244.7166666666847)	(56.0, 1158.4333333333482)	(57.0, 1074.1500000000153)	(58.0, 911.6333333333414)	(59.0, 782.3000000000009)	(60.0, 684.3333333333316)	(61.0, 551.4999999999937)	(62.0, 447.21666666666187)	(63.0, 372.56666666666393)	(64.0, 314.86666666666554)	(65.0, 247.58333333333334)	(66.0, 180.16666666666706)	(67.0, 128.41666666666674)	(68.0, 95.41666666666671)	(69.0, 72.06666666666673)	(70.0, 42.44999999999999)	(71.0, 29.56666666666666)	(72.0, 29.33333333333332)	(73.0, 25.64999999999999)	(74.0, 17.4)	(75.0, 12.066666666666666)	(76.0, 7.033333333333333)	(77.0, 4.533333333333333)	(78.0, 3.0)	(79.0, 2.5)	(80.0, 2.0)	(81.0, 1.5)	(82.0, 1.5)	(83.0, 1.5)	(84.0, 1.5)	(85.0, 1.0)	(86.0, 0.5)	(87.0, 1.0)	(88.0, 2.0)	(89.0, 2.0)	(90.0, 1.0)	(91.0, 0.0)	(92.0, 0.0)	(93.0, 0.0)	(94.0, 0.0)	(95.0, 0.0)	(96.0, 0.0)	(97.0, 0.0)	(98.0, 0.0)	(99.0, 0.0)	(100.0, 0.0)
SRR926475	(0.0, 0.0)	(1.0, 0.0)	(2.0, 0.0)	(3.0, 0.0)	(4.0, 0.0)	(5.0, 0.0)	(6.0, 0.0)	(7.0, 0.0)	(8.0, 0.0)	(9.0, 0.0)	(10.0, 0.0)	(11.0, 0.0)	(12.0, 0.0)	(13.0, 0.5)	(14.0, 1.0)	(15.0, 2.0)	(16.0, 5.583333333333334)	(17.0, 10.0)	(18.0, 15.200000000000003)	(19.0, 19.983333333333334)	(20.0, 27.616666666666664)	(21.0, 42.21666666666667)	(22.0, 52.11666666666667)	(23.0, 73.95000000000009)	(24.0, 90.8166666666667)	(25.0, 109.90000000000008)	(26.0, 132.2333333333334)	(27.0, 162.2833333333335)	(28.0, 209.2000000000004)	(29.0, 242.28333333333393)	(30.0, 283.24999999999994)	(31.0, 337.2166666666651)	(32.0, 378.43333333333044)	(33.0, 470.26666666666154)	(34.0, 514.3499999999943)	(35.0, 582.3999999999955)	(36.0, 676.1166666666657)	(37.0, 752.6166666666699)	(38.0, 810.2000000000037)	(39.0, 901.9666666666764)	(40.0, 967.5666666666791)	(41.0, 1013.2166666666822)	(42.0, 1027.1166666666807)	(43.0, 1077.0000000000136)	(44.0, 1121.6500000000135)	(45.0, 1127.8833333333475)	(46.0, 1120.6500000000133)	(47.0, 1105.36666666668)	(48.0, 1056.8500000000156)	(49.0, 1016.8000000000144)	(50.0, 954.383333333345)	(51.0, 888.6500000000077)	(52.0, 795.8500000000014)	(53.0, 730.5833333333328)	(54.0, 672.4999999999976)	(55.0, 603.3833333333292)	(56.0, 508.86666666665974)	(57.0, 457.39999999999446)	(58.0, 418.9499999999954)	(59.0, 339.61666666666446)	(60.0, 277.0999999999998)	(61.0, 290.41666666666544)	(62.0, 294.88333333333134)	(63.0, 220.03333333333342)	(64.0, 122.9833333333334)	(65.0, 87.53333333333335)	(66.0, 56.68333333333336)	(67.0, 37.9)	(68.0, 29.333333333333318)	(69.0, 34.54999999999999)	(70.0, 25.733333333333327)	(71.0, 17.133333333333333)	(72.0, 11.733333333333333)	(73.0, 10.283333333333333)	(74.0, 6.533333333333333)	(75.0, 2.5)	(76.0, 0.7)	(77.0, 0.0)	(78.0, 0.0)	(79.0, 0.0)	(80.0, 0.0)	(81.0, 0.0)	(82.0, 0.0)	(83.0, 0.0)	(84.0, 0.0)	(85.0, 0.0)	(86.0, 0.0)	(87.0, 0.0)	(88.0, 0.0)	(89.0, 0.0)	(90.0, 0.0)	(91.0, 0.0)	(92.0, 0.0)	(93.0, 0.0)	(94.0, 0.0)	(95.0, 0.0)	(96.0, 0.0)	(97.0, 0.0)	(98.0, 0.0)	(99.0, 0.0)	(100.0, 0.0)
SRR926476	(0.0, 0.0)	(1.0, 0.0)	(2.0, 0.0)	(3.0, 0.0)	(4.0, 0.0)	(5.0, 0.0)	(6.0, 0.0)	(7.0, 0.0)	(8.0, 0.0)	(9.0, 0.0)	(10.0, 0.0)	(11.0, 0.5)	(12.0, 1.8333333333333333)	(13.0, 1.0)	(14.0, 1.0)	(15.0, 2.0)	(16.0, 2.8666666666666663)	(17.0, 2.9833333333333334)	(18.0, 2.916666666666667)	(19.0, 7.066666666666666)	(20.0, 17.26666666666667)	(21.0, 26.383333333333333)	(22.0, 32.56666666666665)	(23.0, 45.933333333333344)	(24.0, 56.51666666666667)	(25.0, 64.70000000000002)	(26.0, 103.78333333333335)	(27.0, 138.70000000000002)	(28.0, 180.01666666666688)	(29.0, 232.83333333333394)	(30.0, 271.6833333333338)	(31.0, 315.3666666666655)	(32.0, 389.7833333333303)	(33.0, 443.31666666666234)	(34.0, 499.31666666666115)	(35.0, 575.916666666663)	(36.0, 644.9499999999983)	(37.0, 740.5500000000005)	(38.0, 797.1000000000029)	(39.0, 886.9333333333414)	(40.0, 955.9666666666776)	(41.0, 1032.9666666666803)	(42.0, 1094.8833333333464)	(43.0, 1228.2833333333408)	(44.0, 1274.3666666666697)	(45.0, 1317.9833333333374)	(46.0, 1389.6833333333395)	(47.0, 1496.9500000000055)	(48.0, 1555.3500000000015)	(49.0, 1526.6000000000022)	(50.0, 1534.150000000004)	(51.0, 1465.6666666666727)	(52.0, 1390.9500000000057)	(53.0, 1334.0333333333367)	(54.0, 1211.9833333333431)	(55.0, 1057.5000000000127)	(56.0, 957.566666666675)	(57.0, 836.1333333333379)	(58.0, 749.5666666666675)	(59.0, 610.0833333333295)	(60.0, 521.3666666666613)	(61.0, 462.0166666666623)	(62.0, 423.299999999996)	(63.0, 354.6333333333309)	(64.0, 278.68333333333294)	(65.0, 219.6500000000001)	(66.0, 174.41666666666694)	(67.0, 123.56666666666672)	(68.0, 79.98333333333335)	(69.0, 49.65000000000001)	(70.0, 36.09999999999998)	(71.0, 23.95)	(72.0, 17.616666666666667)	(73.0, 12.8)	(74.0, 9.666666666666666)	(75.0, 8.833333333333334)	(76.0, 6.0)	(77.0, 3.5)	(78.0, 2.0)	(79.0, 1.0)	(80.0, 0.5)	(81.0, 0.5)	(82.0, 2.5)	(83.0, 3.5)	(84.0, 3.0)	(85.0, 2.0)	(86.0, 0.5)	(87.0, 0.0)	(88.0, 0.0)	(89.0, 0.0)	(90.0, 0.0)	(91.0, 0.0)	(92.0, 0.0)	(93.0, 0.0)	(94.0, 0.0)	(95.0, 0.0)	(96.0, 0.0)	(97.0, 0.0)	(98.0, 0.0)	(99.0, 0.0)	(100.0, 0.0)
SRR926477	(0.0, 0.0)	(1.0, 0.0)	(2.0, 0.0)	(3.0, 0.0)	(4.0, 0.0)	(5.0, 0.0)	(6.0, 0.0)	(7.0, 0.0)	(8.0, 0.0)	(9.0, 0.0)	(10.0, 0.5)	(11.0, 1.8333333333333333)	(12.0, 1.8333333333333333)	(13.0, 2.5)	(14.0, 6.0)	(15.0, 7.666666666666666)	(16.0, 11.166666666666666)	(17.0, 17.5)	(18.0, 23.833333333333336)	(19.0, 31.199999999999992)	(20.0, 47.55000000000001)	(21.0, 63.35)	(22.0, 80.88333333333334)	(23.0, 104.01666666666662)	(24.0, 142.83333333333334)	(25.0, 171.28333333333364)	(26.0, 258.0833333333342)	(27.0, 331.03333333333256)	(28.0, 419.64999999999753)	(29.0, 516.0333333333285)	(30.0, 586.4499999999967)	(31.0, 623.1666666666637)	(32.0, 631.3999999999979)	(33.0, 647.3666666666658)	(34.0, 632.1166666666657)	(35.0, 606.1999999999978)	(36.0, 576.266666666663)	(37.0, 579.9999999999959)	(38.0, 558.7166666666626)	(39.0, 569.1166666666637)	(40.0, 568.68333333333)	(41.0, 568.7499999999961)	(42.0, 545.6333333333289)	(43.0, 578.7166666666633)	(44.0, 578.8333333333294)	(45.0, 588.8333333333293)	(46.0, 604.6499999999961)	(47.0, 619.5833333333313)	(48.0, 619.9333333333311)	(49.0, 628.7499999999976)	(50.0, 640.266666666665)	(51.0, 690.7833333333334)	(52.0, 673.7833333333322)	(53.0, 639.6333333333314)	(54.0, 607.6333333333303)	(55.0, 561.3166666666615)	(56.0, 471.6166666666619)	(57.0, 396.8333333333307)	(58.0, 354.5833333333319)	(59.0, 308.21666666666664)	(60.0, 247.51666666666733)	(61.0, 200.90000000000043)	(62.0, 160.03333333333345)	(63.0, 151.01666666666677)	(64.0, 133.78333333333325)	(65.0, 113.43333333333331)	(66.0, 85.80000000000004)	(67.0, 71.35000000000002)	(68.0, 74.2166666666667)	(69.0, 54.883333333333354)	(70.0, 43.73333333333335)	(71.0, 39.41666666666666)	(72.0, 28.633333333333326)	(73.0, 24.81666666666666)	(74.0, 21.08333333333333)	(75.0, 13.916666666666668)	(76.0, 9.616666666666667)	(77.0, 6.6499999999999995)	(78.0, 5.3999999999999995)	(79.0, 4.783333333333333)	(80.0, 2.033333333333333)	(81.0, 0.45)	(82.0, 0.75)	(83.0, 0.8333333333333333)	(84.0, 0.3333333333333333)	(85.0, 0.0)	(86.0, 0.0)	(87.0, 0.0)	(88.0, 0.0)	(89.0, 0.0)	(90.0, 0.5)	(91.0, 0.5)	(92.0, 0.0)	(93.0, 0.0)	(94.0, 0.0)	(95.0, 0.0)	(96.0, 0.0)	(97.0, 0.0)	(98.0, 0.0)	(99.0, 0.0)	(100.0, 0.0)
SRR926478	(0.0, 0.0)	(1.0, 0.0)	(2.0, 0.0)	(3.0, 0.0)	(4.0, 0.0)	(5.0, 0.0)	(6.0, 0.0)	(7.0, 0.0)	(8.0, 0.0)	(9.0, 0.0)	(10.0, 0.0)	(11.0, 0.5)	(12.0, 1.0)	(13.0, 1.5)	(14.0, 2.5)	(15.0, 3.0)	(16.0, 3.5)	(17.0, 3.25)	(18.0, 3.25)	(19.0, 7.333333333333333)	(20.0, 12.250000000000002)	(21.0, 13.533333333333333)	(22.0, 15.450000000000003)	(23.0, 21.68333333333333)	(24.0, 31.56666666666666)	(25.0, 49.716666666666676)	(26.0, 60.70000000000002)	(27.0, 77.60000000000001)	(28.0, 99.76666666666662)	(29.0, 151.45000000000002)	(30.0, 190.88333333333378)	(31.0, 229.7333333333342)	(32.0, 274.20000000000056)	(33.0, 317.5999999999995)	(34.0, 378.09999999999815)	(35.0, 444.0833333333302)	(36.0, 472.1333333333295)	(37.0, 512.9666666666614)	(38.0, 556.3499999999954)	(39.0, 559.8499999999952)	(40.0, 594.8999999999957)	(41.0, 688.6000000000006)	(42.0, 752.4666666666683)	(43.0, 766.2500000000026)	(44.0, 796.7166666666708)	(45.0, 854.9666666666718)	(46.0, 882.4333333333396)	(47.0, 887.4000000000076)	(48.0, 931.8000000000109)	(49.0, 926.3333333333421)	(50.0, 912.5000000000088)	(51.0, 882.6000000000079)	(52.0, 805.1333333333378)	(53.0, 741.9166666666682)	(54.0, 666.7999999999989)	(55.0, 566.2999999999961)	(56.0, 485.19999999999527)	(57.0, 401.29999999999757)	(58.0, 330.8999999999995)	(59.0, 277.6666666666669)	(60.0, 211.9666666666672)	(61.0, 172.6333333333336)	(62.0, 132.23333333333332)	(63.0, 91.70000000000002)	(64.0, 67.40000000000002)	(65.0, 49.83333333333334)	(66.0, 35.86666666666667)	(67.0, 27.66666666666666)	(68.0, 19.083333333333336)	(69.0, 10.500000000000002)	(70.0, 7.166666666666667)	(71.0, 4.783333333333333)	(72.0, 4.25)	(73.0, 5.0)	(74.0, 3.5)	(75.0, 1.0)	(76.0, 0.3333333333333333)	(77.0, 0.0)	(78.0, 0.0)	(79.0, 0.0)	(80.0, 0.0)	(81.0, 0.0)	(82.0, 0.0)	(83.0, 0.0)	(84.0, 0.0)	(85.0, 0.0)	(86.0, 0.0)	(87.0, 0.0)	(88.0, 0.0)	(89.0, 0.0)	(90.0, 0.0)	(91.0, 0.0)	(92.0, 0.0)	(93.0, 0.0)	(94.0, 0.0)	(95.0, 0.0)	(96.0, 0.0)	(97.0, 0.0)	(98.0, 0.0)	(99.0, 0.0)	(100.0, 0.0)
SRR926479	(0.0, 0.0)	(1.0, 0.0)	(2.0, 0.5)	(3.0, 1.0)	(4.0, 1.0)	(5.0, 0.5)	(6.0, 0.0)	(7.0, 0.5)	(8.0, 1.0)	(9.0, 1.0)	(10.0, 2.0)	(11.0, 3.0)	(12.0, 3.2)	(13.0, 3.033333333333333)	(14.0, 4.616666666666667)	(15.0, 8.816666666666666)	(16.0, 10.566666666666666)	(17.0, 13.033333333333333)	(18.0, 21.1)	(19.0, 27.849999999999998)	(20.0, 31.783333333333328)	(21.0, 43.86666666666667)	(22.0, 66.56666666666669)	(23.0, 95.14999999999998)	(24.0, 112.44999999999992)	(25.0, 161.3000000000002)	(26.0, 208.35000000000045)	(27.0, 259.80000000000047)	(28.0, 330.9333333333322)	(29.0, 429.51666666666335)	(30.0, 498.3666666666619)	(31.0, 542.6166666666621)	(32.0, 593.666666666663)	(33.0, 629.7333333333313)	(34.0, 690.8499999999992)	(35.0, 702.0333333333333)	(36.0, 698.4)	(37.0, 671.7666666666654)	(38.0, 677.8833333333305)	(39.0, 666.6333333333318)	(40.0, 675.3666666666662)	(41.0, 684.2333333333335)	(42.0, 657.2166666666649)	(43.0, 619.9833333333299)	(44.0, 577.3166666666626)	(45.0, 570.5333333333289)	(46.0, 583.7499999999958)	(47.0, 575.8666666666627)	(48.0, 534.1166666666624)	(49.0, 516.4095238095186)	(50.0, 472.29999999999586)	(51.0, 418.1999999999973)	(52.0, 395.133333333331)	(53.0, 366.0833333333313)	(54.0, 330.58333333333275)	(55.0, 283.9833333333338)	(56.0, 252.86666666666744)	(57.0, 228.1500000000007)	(58.0, 208.41666666666706)	(59.0, 196.5333333333338)	(60.0, 175.3833333333337)	(61.0, 165.31666666666692)	(62.0, 148.31666666666686)	(63.0, 127.45000000000003)	(64.0, 113.0333333333333)	(65.0, 115.3666666666666)	(66.0, 106.60000000000001)	(67.0, 88.33333333333337)	(68.0, 79.13333333333335)	(69.0, 58.2666666666667)	(70.0, 47.98333333333334)	(71.0, 38.63333333333332)	(72.0, 33.54999999999999)	(73.0, 35.01666666666666)	(74.0, 28.542857142857127)	(75.0, 21.133333333333333)	(76.0, 13.350000000000003)	(77.0, 8.083333333333334)	(78.0, 6.25)	(79.0, 4.283333333333334)	(80.0, 2.0666666666666664)	(81.0, 2.333333333333333)	(82.0, 3.95)	(83.0, 2.5)	(84.0, 1.0)	(85.0, 0.0)	(86.0, 0.0)	(87.0, 0.5)	(88.0, 0.5)	(89.0, 0.0)	(90.0, 0.0)	(91.0, 0.0)	(92.0, 0.0)	(93.0, 0.0)	(94.0, 0.0)	(95.0, 0.0)	(96.0, 0.0)	(97.0, 0.0)	(98.0, 0.0)	(99.0, 0.0)	(100.0, 0.0)
SRR926480	(0.0, 0.0)	(1.0, 0.0)	(2.0, 0.0)	(3.0, 0.0)	(4.0, 0.0)	(5.0, 0.0)	(6.0, 0.0)	(7.0, 0.0)	(8.0, 0.0)	(9.0, 0.5)	(10.0, 0.5)	(11.0, 0.5)	(12.0, 0.5)	(13.0, 0.0)	(14.0, 1.0)	(15.0, 1.5)	(16.0, 1.8333333333333333)	(17.0, 2.75)	(18.0, 4.45)	(19.0, 5.7)	(20.0, 8.0)	(21.0, 11.35)	(22.0, 18.749999999999996)	(23.0, 28.53333333333333)	(24.0, 33.25)	(25.0, 38.183333333333316)	(26.0, 46.50000000000002)	(27.0, 58.93333333333335)	(28.0, 72.50000000000003)	(29.0, 111.89999999999992)	(30.0, 153.4500000000001)	(31.0, 179.46666666666704)	(32.0, 215.91666666666734)	(33.0, 274.066666666667)	(34.0, 327.6499999999985)	(35.0, 402.23333333333005)	(36.0, 444.31666666666285)	(37.0, 475.7261904761852)	(38.0, 502.24999999999403)	(39.0, 552.5499999999952)	(40.0, 616.6833333333303)	(41.0, 652.8833333333323)	(42.0, 678.0999999999993)	(43.0, 737.292857142857)	(44.0, 820.800000000004)	(45.0, 830.4166666666708)	(46.0, 873.5000000000055)	(47.0, 898.6666666666732)	(48.0, 939.050000000009)	(49.0, 926.8666666666752)	(50.0, 979.3333333333445)	(51.0, 962.6666666666789)	(52.0, 921.1500000000088)	(53.0, 891.0666666666749)	(54.0, 858.4166666666736)	(55.0, 773.3000000000018)	(56.0, 740.9500000000004)	(57.0, 642.4499999999967)	(58.0, 544.9999999999944)	(59.0, 475.6666666666621)	(60.0, 374.04999999999785)	(61.0, 302.9999999999994)	(62.0, 264.666666666667)	(63.0, 204.80000000000047)	(64.0, 143.78333333333356)	(65.0, 108.71666666666673)	(66.0, 85.63333333333338)	(67.0, 59.183333333333366)	(68.0, 45.133333333333326)	(69.0, 33.0333333333333)	(70.0, 29.23333333333332)	(71.0, 25.98333333333333)	(72.0, 19.416666666666664)	(73.0, 11.750000000000002)	(74.0, 5.983333333333334)	(75.0, 3.5)	(76.0, 2.2)	(77.0, 1.6666666666666665)	(78.0, 1.6666666666666665)	(79.0, 0.5)	(80.0, 0.0)	(81.0, 0.0)	(82.0, 0.0)	(83.0, 0.0)	(84.0, 0.0)	(85.0, 0.0)	(86.0, 0.0)	(87.0, 0.0)	(88.0, 0.0)	(89.0, 0.0)	(90.0, 0.0)	(91.0, 0.0)	(92.0, 0.0)	(93.0, 0.0)	(94.0, 0.0)	(95.0, 0.0)	(96.0, 0.0)	(97.0, 0.0)	(98.0, 0.0)	(99.0, 0.0)	(100.0, 0.0)
SRR926481	(0.0, 0.0)	(1.0, 0.0)	(2.0, 0.0)	(3.0, 0.0)	(4.0, 0.0)	(5.0, 0.0)	(6.0, 0.0)	(7.0, 0.5)	(8.0, 1.0)	(9.0, 0.5)	(10.0, 0.0)	(11.0, 0.0)	(12.0, 0.0)	(13.0, 0.5)	(14.0, 0.5)	(15.0, 2.0)	(16.0, 3.833333333333333)	(17.0, 2.1666666666666665)	(18.0, 2.833333333333333)	(19.0, 7.333333333333333)	(20.0, 6.666666666666667)	(21.0, 6.933333333333334)	(22.0, 10.416666666666668)	(23.0, 15.116666666666669)	(24.0, 22.749999999999996)	(25.0, 30.383333333333326)	(26.0, 46.983333333333334)	(27.0, 62.43333333333338)	(28.0, 79.51666666666671)	(29.0, 103.14999999999992)	(30.0, 127.13333333333323)	(31.0, 155.05000000000018)	(32.0, 200.33333333333397)	(33.0, 226.4666666666674)	(34.0, 275.1000000000005)	(35.0, 315.9499999999996)	(36.0, 338.433333333332)	(37.0, 364.41666666666475)	(38.0, 436.6999999999963)	(39.0, 509.0666666666614)	(40.0, 562.3666666666618)	(41.0, 591.0666666666626)	(42.0, 638.6333333333309)	(43.0, 647.7333333333312)	(44.0, 657.8166666666652)	(45.0, 688.8499999999996)	(46.0, 702.6333333333331)	(47.0, 708.4999999999994)	(48.0, 681.7833333333333)	(49.0, 668.1833333333324)	(50.0, 686.4833333333324)	(51.0, 679.9499999999988)	(52.0, 628.9166666666632)	(53.0, 607.4166666666625)	(54.0, 559.5833333333281)	(55.0, 496.9333333333284)	(56.0, 445.43333333332913)	(57.0, 406.11666666666355)	(58.0, 351.3999999999982)	(59.0, 327.01666666666597)	(60.0, 289.6833333333337)	(61.0, 244.78333333333407)	(62.0, 203.2000000000007)	(63.0, 176.4833333333337)	(64.0, 140.6333333333334)	(65.0, 107.04999999999998)	(66.0, 85.46666666666671)	(67.0, 73.4166666666667)	(68.0, 48.86666666666666)	(69.0, 37.2)	(70.0, 31.34999999999999)	(71.0, 27.46666666666666)	(72.0, 15.916666666666668)	(73.0, 9.3)	(74.0, 6.300000000000001)	(75.0, 5.0)	(76.0, 3.8333333333333335)	(77.0, 1.5)	(78.0, 0.0)	(79.0, 1.0)	(80.0, 1.0)	(81.0, 0.0)	(82.0, 0.0)	(83.0, 0.0)	(84.0, 0.0)	(85.0, 0.0)	(86.0, 0.5)	(87.0, 1.0)	(88.0, 0.5)	(89.0, 0.0)	(90.0, 0.0)	(91.0, 0.0)	(92.0, 0.0)	(93.0, 0.0)	(94.0, 0.0)	(95.0, 0.0)	(96.0, 0.0)	(97.0, 0.0)	(98.0, 0.0)	(99.0, 0.0)	(100.0, 0.0)
SRR926482	(0.0, 0.0)	(1.0, 0.0)	(2.0, 0.0)	(3.0, 0.0)	(4.0, 0.0)	(5.0, 0.0)	(6.0, 0.0)	(7.0, 0.0)	(8.0, 0.0)	(9.0, 0.0)	(10.0, 0.0)	(11.0, 0.0)	(12.0, 0.5)	(13.0, 1.0)	(14.0, 1.75)	(15.0, 2.0)	(16.0, 3.6666666666666665)	(17.0, 4.5)	(18.0, 6.533333333333334)	(19.0, 6.7)	(20.0, 7.666666666666667)	(21.0, 9.700000000000001)	(22.0, 22.416666666666664)	(23.0, 29.333333333333325)	(24.0, 38.99999999999999)	(25.0, 59.11666666666668)	(26.0, 73.00000000000001)	(27.0, 98.79999999999991)	(28.0, 148.6166666666666)	(29.0, 204.00000000000045)	(30.0, 247.233333333334)	(31.0, 319.6666666666664)	(32.0, 396.04999999999774)	(33.0, 455.7166666666629)	(34.0, 545.583333333329)	(35.0, 662.799999999999)	(36.0, 750.5500000000015)	(37.0, 823.9500000000057)	(38.0, 930.7666666666754)	(39.0, 1061.3666666666788)	(40.0, 1132.066666666674)	(41.0, 1253.966666666667)	(42.0, 1351.4499999999978)	(43.0, 1452.349999999992)	(44.0, 1536.183333333323)	(45.0, 1599.7333333333222)	(46.0, 1707.3833333333198)	(47.0, 1730.4999999999893)	(48.0, 1737.4999999999893)	(49.0, 1671.4333333333207)	(50.0, 1626.6833333333236)	(51.0, 1523.2166666666606)	(52.0, 1415.699999999999)	(53.0, 1283.9500000000048)	(54.0, 1124.2833333333413)	(55.0, 975.0333333333424)	(56.0, 836.8500000000045)	(57.0, 713.8499999999991)	(58.0, 587.4666666666628)	(59.0, 499.81666666666104)	(60.0, 403.716666666664)	(61.0, 341.849999999999)	(62.0, 292.5333333333335)	(63.0, 235.05000000000055)	(64.0, 173.30000000000018)	(65.0, 115.35000000000002)	(66.0, 96.16666666666667)	(67.0, 76.25000000000001)	(68.0, 54.833333333333336)	(69.0, 40.21666666666665)	(70.0, 34.316666666666656)	(71.0, 24.283333333333324)	(72.0, 8.066666666666666)	(73.0, 4.7)	(74.0, 3.416666666666667)	(75.0, 2.0)	(76.0, 1.0)	(77.0, 3.5)	(78.0, 5.5)	(79.0, 4.5)	(80.0, 2.0)	(81.0, 0.0)	(82.0, 0.0)	(83.0, 0.0)	(84.0, 0.0)	(85.0, 0.0)	(86.0, 0.0)	(87.0, 0.0)	(88.0, 0.0)	(89.0, 0.0)	(90.0, 0.0)	(91.0, 0.0)	(92.0, 0.0)	(93.0, 0.0)	(94.0, 0.0)	(95.0, 0.0)	(96.0, 0.0)	(97.0, 0.0)	(98.0, 0.0)	(99.0, 0.0)	(100.0, 0.0)
SRR926483	(0.0, 0.0)	(1.0, 0.0)	(2.0, 0.0)	(3.0, 0.0)	(4.0, 0.0)	(5.0, 0.0)	(6.0, 0.0)	(7.0, 0.0)	(8.0, 0.5)	(9.0, 1.0)	(10.0, 1.5)	(11.0, 2.0)	(12.0, 1.0)	(13.0, 1.3333333333333333)	(14.0, 4.333333333333333)	(15.0, 6.499999999999999)	(16.0, 7.999999999999999)	(17.0, 11.950000000000001)	(18.0, 13.950000000000001)	(19.0, 16.666666666666668)	(20.0, 21.749999999999996)	(21.0, 31.216666666666654)	(22.0, 50.050000000000026)	(23.0, 66.38333333333337)	(24.0, 85.36666666666663)	(25.0, 108.04999999999988)	(26.0, 142.3833333333333)	(27.0, 176.61666666666696)	(28.0, 221.38333333333406)	(29.0, 273.7666666666671)	(30.0, 327.04999999999933)	(31.0, 378.66666666666487)	(32.0, 397.3833333333304)	(33.0, 412.0833333333301)	(34.0, 412.9499999999965)	(35.0, 382.36666666666446)	(36.0, 369.4999999999986)	(37.0, 378.21666666666454)	(38.0, 380.6833333333309)	(39.0, 384.71666666666454)	(40.0, 377.16666666666475)	(41.0, 386.59999999999775)	(42.0, 393.13333333333094)	(43.0, 377.9499999999978)	(44.0, 378.6833333333309)	(45.0, 400.8666666666639)	(46.0, 405.52619047618794)	(47.0, 398.8166666666639)	(48.0, 384.3499999999971)	(49.0, 396.733333333331)	(50.0, 410.36666666666355)	(51.0, 391.0833333333302)	(52.0, 351.0499999999979)	(53.0, 367.23333333333056)	(54.0, 394.1499999999956)	(55.0, 346.79999999999734)	(56.0, 275.3000000000004)	(57.0, 241.08333333333402)	(58.0, 205.1500000000006)	(59.0, 181.18333333333385)	(60.0, 145.36666666666682)	(61.0, 117.11666666666662)	(62.0, 108.73333333333335)	(63.0, 105.65000000000002)	(64.0, 86.61666666666669)	(65.0, 75.63333333333337)	(66.0, 61.08333333333339)	(67.0, 51.300000000000054)	(68.0, 48.91666666666669)	(69.0, 44.3)	(70.0, 37.41666666666666)	(71.0, 36.03333333333333)	(72.0, 28.233333333333324)	(73.0, 17.75)	(74.0, 15.783333333333337)	(75.0, 14.383333333333335)	(76.0, 11.15)	(77.0, 10.066666666666668)	(78.0, 8.016666666666667)	(79.0, 3.5833333333333335)	(80.0, 1.5833333333333333)	(81.0, 2.1666666666666665)	(82.0, 2.083333333333333)	(83.0, 1.0833333333333333)	(84.0, 0.0)	(85.0, 0.0)	(86.0, 0.0)	(87.0, 0.5)	(88.0, 0.5)	(89.0, 0.5)	(90.0, 0.5)	(91.0, 0.0)	(92.0, 0.0)	(93.0, 0.0)	(94.0, 0.0)	(95.0, 0.0)	(96.0, 0.0)	(97.0, 0.0)	(98.0, 0.0)	(99.0, 0.0)	(100.0, 0.0)
SRR926484	(0.0, 0.0)	(1.0, 0.0)	(2.0, 0.0)	(3.0, 0.0)	(4.0, 0.0)	(5.0, 0.0)	(6.0, 0.0)	(7.0, 0.0)	(8.0, 0.5)	(9.0, 1.0)	(10.0, 1.0)	(11.0, 0.5)	(12.0, 0.0)	(13.0, 0.0)	(14.0, 0.0)	(15.0, 1.8333333333333333)	(16.0, 2.833333333333333)	(17.0, 3.25)	(18.0, 5.066666666666667)	(19.0, 6.283333333333333)	(20.0, 10.150000000000002)	(21.0, 10.116666666666669)	(22.0, 17.9)	(23.0, 33.33333333333332)	(24.0, 37.28333333333333)	(25.0, 40.416666666666664)	(26.0, 50.73333333333334)	(27.0, 72.93333333333335)	(28.0, 105.11666666666659)	(29.0, 120.14999999999988)	(30.0, 147.35000000000002)	(31.0, 212.68333333333416)	(32.0, 274.9666666666672)	(33.0, 328.0333333333324)	(34.0, 356.0166666666648)	(35.0, 411.08333333332996)	(36.0, 505.9595238095186)	(37.0, 567.7333333333293)	(38.0, 616.8999999999974)	(39.0, 690.1928571428563)	(40.0, 766.9095238095266)	(41.0, 853.0333333333404)	(42.0, 936.3500000000095)	(43.0, 1017.250000000012)	(44.0, 1087.6333333333441)	(45.0, 1197.7666666666714)	(46.0, 1248.3000000000025)	(47.0, 1299.5000000000036)	(48.0, 1349.592857142854)	(49.0, 1333.9666666666672)	(50.0, 1304.2833333333358)	(51.0, 1274.133333333337)	(52.0, 1240.0000000000061)	(53.0, 1173.7500000000068)	(54.0, 1084.9000000000092)	(55.0, 1018.0166666666797)	(56.0, 898.1333333333397)	(57.0, 799.4500000000027)	(58.0, 664.4666666666634)	(59.0, 483.9499999999954)	(60.0, 382.4499999999973)	(61.0, 314.89999999999884)	(62.0, 271.28333333333376)	(63.0, 208.51666666666713)	(64.0, 174.51666666666705)	(65.0, 145.61666666666684)	(66.0, 112.83333333333337)	(67.0, 75.19999999999999)	(68.0, 53.83333333333335)	(69.0, 44.233333333333334)	(70.0, 39.66666666666666)	(71.0, 30.683333333333316)	(72.0, 21.749999999999993)	(73.0, 15.750000000000002)	(74.0, 11.133333333333333)	(75.0, 5.15)	(76.0, 3.5)	(77.0, 4.7)	(78.0, 2.2)	(79.0, 0.5)	(80.0, 1.0)	(81.0, 0.5)	(82.0, 0.5)	(83.0, 1.0)	(84.0, 0.5)	(85.0, 0.0)	(86.0, 0.0)	(87.0, 0.0)	(88.0, 0.0)	(89.0, 0.0)	(90.0, 0.0)	(91.0, 0.0)	(92.0, 0.0)	(93.0, 0.0)	(94.0, 0.0)	(95.0, 0.0)	(96.0, 0.0)	(97.0, 0.0)	(98.0, 0.0)	(99.0, 0.0)	(100.0, 0.0)
SRR926485	(0.0, 0.0)	(1.0, 0.0)	(2.0, 0.0)	(3.0, 0.0)	(4.0, 0.0)	(5.0, 0.0)	(6.0, 0.0)	(7.0, 0.0)	(8.0, 0.0)	(9.0, 0.0)	(10.0, 0.0)	(11.0, 0.0)	(12.0, 0.0)	(13.0, 0.0)	(14.0, 0.0)	(15.0, 0.0)	(16.0, 0.5)	(17.0, 1.0)	(18.0, 0.8333333333333333)	(19.0, 1.3333333333333333)	(20.0, 6.033333333333333)	(21.0, 7.0)	(22.0, 6.666666666666666)	(23.0, 10.083333333333332)	(24.0, 17.35)	(25.0, 26.766666666666666)	(26.0, 34.18333333333332)	(27.0, 53.23333333333334)	(28.0, 77.8666666666667)	(29.0, 91.41666666666666)	(30.0, 119.19999999999989)	(31.0, 163.78333333333347)	(32.0, 217.53333333333413)	(33.0, 286.1333333333337)	(34.0, 350.54999999999876)	(35.0, 397.04999999999717)	(36.0, 455.23333333332886)	(37.0, 540.083333333328)	(38.0, 613.4666666666637)	(39.0, 681.6833333333321)	(40.0, 766.4000000000021)	(41.0, 813.1000000000042)	(42.0, 914.7666666666756)	(43.0, 965.9500000000112)	(44.0, 1030.350000000013)	(45.0, 1115.033333333343)	(46.0, 1185.4500000000075)	(47.0, 1277.1595238095274)	(48.0, 1313.3166666666684)	(49.0, 1349.199999999999)	(50.0, 1368.3166666666646)	(51.0, 1281.1500000000046)	(52.0, 1235.9833333333397)	(53.0, 1181.3666666666747)	(54.0, 1124.8333333333426)	(55.0, 993.333333333345)	(56.0, 815.8333333333366)	(57.0, 714.8666666666666)	(58.0, 589.1166666666627)	(59.0, 440.8333333333291)	(60.0, 342.28333333333217)	(61.0, 275.6666666666669)	(62.0, 226.83333333333405)	(63.0, 158.41666666666697)	(64.0, 116.49999999999996)	(65.0, 93.64999999999993)	(66.0, 77.21666666666668)	(67.0, 53.20000000000001)	(68.0, 42.98333333333334)	(69.0, 32.966666666666654)	(70.0, 26.333333333333325)	(71.0, 16.550000000000004)	(72.0, 10.3)	(73.0, 7.383333333333334)	(74.0, 3.7333333333333334)	(75.0, 3.0)	(76.0, 2.0)	(77.0, 2.0)	(78.0, 3.5)	(79.0, 3.0)	(80.0, 1.3333333333333333)	(81.0, 0.0)	(82.0, 0.0)	(83.0, 0.0)	(84.0, 0.0)	(85.0, 0.0)	(86.0, 0.0)	(87.0, 0.0)	(88.0, 0.0)	(89.0, 0.0)	(90.0, 0.0)	(91.0, 0.0)	(92.0, 0.0)	(93.0, 0.0)	(94.0, 0.0)	(95.0, 0.0)	(96.0, 0.0)	(97.0, 0.0)	(98.0, 0.0)	(99.0, 0.0)	(100.0, 0.0)
SRR926486	(0.0, 0.0)	(1.0, 0.0)	(2.0, 0.0)	(3.0, 0.0)	(4.0, 0.0)	(5.0, 0.5)	(6.0, 2.0)	(7.0, 3.0)	(8.0, 2.5)	(9.0, 1.5)	(10.0, 1.0)	(11.0, 1.0)	(12.0, 4.0)	(13.0, 6.0)	(14.0, 6.0)	(15.0, 7.0)	(16.0, 9.0)	(17.0, 11.583333333333334)	(18.0, 14.166666666666668)	(19.0, 20.5)	(20.0, 30.316666666666663)	(21.0, 42.816666666666656)	(22.0, 44.73333333333333)	(23.0, 59.98333333333336)	(24.0, 99.08333333333329)	(25.0, 132.5999999999999)	(26.0, 205.00000000000057)	(27.0, 293.05000000000035)	(28.0, 361.13333333333225)	(29.0, 418.4166666666643)	(30.0, 500.79999999999535)	(31.0, 608.9833333333303)	(32.0, 723.250000000002)	(33.0, 785.1000000000033)	(34.0, 870.9833333333403)	(35.0, 941.4833333333455)	(36.0, 976.4333333333457)	(37.0, 1015.3166666666801)	(38.0, 1027.8166666666798)	(39.0, 1037.666666666681)	(40.0, 1028.6666666666813)	(41.0, 1006.7833333333464)	(42.0, 971.6500000000111)	(43.0, 988.1000000000121)	(44.0, 1010.9666666666789)	(45.0, 980.2500000000119)	(46.0, 991.3666666666807)	(47.0, 1019.033333333349)	(48.0, 960.2166666666785)	(49.0, 898.1500000000083)	(50.0, 858.416666666674)	(51.0, 788.4000000000053)	(52.0, 780.6333333333374)	(53.0, 740.6833333333356)	(54.0, 702.75)	(55.0, 633.8833333333316)	(56.0, 537.1833333333296)	(57.0, 471.06666666666325)	(58.0, 429.9999999999973)	(59.0, 381.7166666666652)	(60.0, 332.04999999999933)	(61.0, 280.66666666666686)	(62.0, 259.2000000000004)	(63.0, 241.6000000000005)	(64.0, 207.95000000000033)	(65.0, 170.80000000000032)	(66.0, 173.86666666666696)	(67.0, 168.60000000000025)	(68.0, 149.76666666666665)	(69.0, 119.8666666666666)	(70.0, 97.36666666666665)	(71.0, 87.71666666666663)	(72.0, 73.28333333333335)	(73.0, 47.66666666666668)	(74.0, 43.88333333333335)	(75.0, 34.01666666666665)	(76.0, 25.81666666666666)	(77.0, 16.083333333333332)	(78.0, 10.066666666666668)	(79.0, 6.016666666666667)	(80.0, 5.95)	(81.0, 4.666666666666666)	(82.0, 2.0)	(83.0, 2.8333333333333335)	(84.0, 1.5)	(85.0, 0.8333333333333333)	(86.0, 0.3333333333333333)	(87.0, 0.0)	(88.0, 0.0)	(89.0, 0.0)	(90.0, 0.0)	(91.0, 0.0)	(92.0, 0.0)	(93.0, 0.0)	(94.0, 0.0)	(95.0, 0.0)	(96.0, 0.0)	(97.0, 0.0)	(98.0, 0.0)	(99.0, 0.0)	(100.0, 0.0)
SRR926487	(0.0, 0.0)	(1.0, 0.0)	(2.0, 0.0)	(3.0, 0.0)	(4.0, 0.0)	(5.0, 0.0)	(6.0, 0.0)	(7.0, 0.0)	(8.0, 0.0)	(9.0, 0.0)	(10.0, 0.5)	(11.0, 1.0)	(12.0, 0.5)	(13.0, 0.0)	(14.0, 0.5)	(15.0, 1.0)	(16.0, 1.0)	(17.0, 1.5)	(18.0, 2.333333333333333)	(19.0, 3.5333333333333337)	(20.0, 5.75)	(21.0, 7.833333333333333)	(22.0, 9.733333333333333)	(23.0, 16.73333333333334)	(24.0, 29.116666666666656)	(25.0, 44.65000000000002)	(26.0, 59.200000000000024)	(27.0, 69.18333333333335)	(28.0, 90.01666666666661)	(29.0, 105.94999999999986)	(30.0, 122.73333333333316)	(31.0, 152.85000000000002)	(32.0, 203.21666666666715)	(33.0, 255.93333333333425)	(34.0, 297.3666666666668)	(35.0, 368.01666666666523)	(36.0, 420.5999999999972)	(37.0, 462.7333333333295)	(38.0, 521.3999999999953)	(39.0, 557.2595238095196)	(40.0, 651.4333333333326)	(41.0, 723.7333333333348)	(42.0, 788.7166666666708)	(43.0, 846.0333333333392)	(44.0, 923.2833333333429)	(45.0, 989.4666666666792)	(46.0, 1032.3500000000133)	(47.0, 1115.3666666666772)	(48.0, 1149.7333333333409)	(49.0, 1231.0833333333353)	(50.0, 1217.6500000000026)	(51.0, 1181.8666666666732)	(52.0, 1170.8333333333408)	(53.0, 1157.3333333333405)	(54.0, 1078.5166666666778)	(55.0, 998.6666666666777)	(56.0, 913.6833333333398)	(57.0, 750.3500000000014)	(58.0, 582.8999999999963)	(59.0, 499.4166666666622)	(60.0, 431.94999999999675)	(61.0, 343.8333333333323)	(62.0, 267.7333333333338)	(63.0, 219.95000000000059)	(64.0, 174.75000000000037)	(65.0, 136.0666666666667)	(66.0, 109.99999999999999)	(67.0, 90.06666666666668)	(68.0, 68.08333333333336)	(69.0, 47.28333333333333)	(70.0, 35.499999999999986)	(71.0, 26.16666666666666)	(72.0, 20.66666666666666)	(73.0, 12.450000000000001)	(74.0, 6.9)	(75.0, 4.0)	(76.0, 3.666666666666667)	(77.0, 2.5)	(78.0, 2.5)	(79.0, 2.0)	(80.0, 2.0)	(81.0, 2.0)	(82.0, 1.0)	(83.0, 0.0)	(84.0, 0.0)	(85.0, 0.0)	(86.0, 0.0)	(87.0, 1.0)	(88.0, 2.0)	(89.0, 2.0)	(90.0, 1.0)	(91.0, 0.0)	(92.0, 0.0)	(93.0, 0.0)	(94.0, 0.0)	(95.0, 0.0)	(96.0, 0.0)	(97.0, 0.0)	(98.0, 0.0)	(99.0, 0.0)	(100.0, 0.0)
SRR926488	(0.0, 1.0)	(1.0, 0.5)	(2.0, 0.0)	(3.0, 0.0)	(4.0, 0.0)	(5.0, 0.0)	(6.0, 0.0)	(7.0, 0.0)	(8.0, 0.0)	(9.0, 0.0)	(10.0, 0.0)	(11.0, 0.0)	(12.0, 0.0)	(13.0, 0.0)	(14.0, 0.0)	(15.0, 0.5)	(16.0, 1.0)	(17.0, 4.083333333333333)	(18.0, 6.333333333333333)	(19.0, 7.833333333333333)	(20.0, 9.4)	(21.0, 11.333333333333332)	(22.0, 14.166666666666668)	(23.0, 18.316666666666666)	(24.0, 29.06666666666666)	(25.0, 38.73333333333333)	(26.0, 47.36666666666668)	(27.0, 58.300000000000026)	(28.0, 73.93333333333337)	(29.0, 108.94999999999992)	(30.0, 148.68333333333337)	(31.0, 183.4666666666668)	(32.0, 210.08333333333397)	(33.0, 263.000000000001)	(34.0, 346.4499999999992)	(35.0, 437.23333333333017)	(36.0, 518.7666666666624)	(37.0, 583.849999999997)	(38.0, 626.333333333332)	(39.0, 704.9666666666686)	(40.0, 738.1666666666691)	(41.0, 804.483333333338)	(42.0, 870.8833333333416)	(43.0, 909.4000000000092)	(44.0, 953.866666666676)	(45.0, 1007.4333333333457)	(46.0, 1080.3000000000113)	(47.0, 1135.6500000000087)	(48.0, 1166.4666666666726)	(49.0, 1226.8833333333364)	(50.0, 1278.7166666666687)	(51.0, 1286.5000000000027)	(52.0, 1300.3499999999992)	(53.0, 1239.5333333333356)	(54.0, 1160.9166666666733)	(55.0, 1113.6666666666763)	(56.0, 1059.2000000000119)	(57.0, 950.6000000000114)	(58.0, 817.8666666666708)	(59.0, 705.1333333333323)	(60.0, 619.6166666666628)	(61.0, 522.0333333333278)	(62.0, 437.7499999999967)	(63.0, 351.83333333333223)	(64.0, 275.416666666667)	(65.0, 224.45000000000064)	(66.0, 183.80000000000044)	(67.0, 128.48333333333323)	(68.0, 95.96666666666671)	(69.0, 82.4)	(70.0, 59.150000000000034)	(71.0, 34.58333333333332)	(72.0, 27.48333333333332)	(73.0, 16.333333333333332)	(74.0, 13.216666666666669)	(75.0, 9.083333333333334)	(76.0, 3.6833333333333336)	(77.0, 2.8333333333333335)	(78.0, 3.0833333333333335)	(79.0, 3.8333333333333335)	(80.0, 3.75)	(81.0, 2.75)	(82.0, 1.5)	(83.0, 0.5)	(84.0, 0.0)	(85.0, 0.0)	(86.0, 0.0)	(87.0, 0.0)	(88.0, 0.0)	(89.0, 0.0)	(90.0, 0.0)	(91.0, 0.0)	(92.0, 0.0)	(93.0, 0.0)	(94.0, 0.0)	(95.0, 0.0)	(96.0, 0.0)	(97.0, 0.0)	(98.0, 0.0)	(99.0, 0.0)	(100.0, 0.0)
SRR926489	(0.0, 0.0)	(1.0, 0.0)	(2.0, 0.0)	(3.0, 0.0)	(4.0, 0.0)	(5.0, 0.0)	(6.0, 0.0)	(7.0, 0.0)	(8.0, 0.0)	(9.0, 0.0)	(10.0, 0.0)	(11.0, 0.0)	(12.0, 0.0)	(13.0, 0.0)	(14.0, 0.5)	(15.0, 1.0)	(16.0, 1.0)	(17.0, 2.1666666666666665)	(18.0, 2.6666666666666665)	(19.0, 6.833333333333333)	(20.0, 8.033333333333333)	(21.0, 8.983333333333333)	(22.0, 14.483333333333334)	(23.0, 16.633333333333333)	(24.0, 23.45)	(25.0, 33.06666666666666)	(26.0, 43.550000000000004)	(27.0, 53.150000000000006)	(28.0, 66.95000000000005)	(29.0, 81.76666666666667)	(30.0, 113.31666666666656)	(31.0, 162.53333333333345)	(32.0, 225.3166666666673)	(33.0, 284.70000000000056)	(34.0, 346.466666666666)	(35.0, 430.3999999999969)	(36.0, 500.699999999995)	(37.0, 550.0999999999955)	(38.0, 608.7333333333291)	(39.0, 680.4833333333329)	(40.0, 760.0833333333358)	(41.0, 821.1833333333384)	(42.0, 906.6833333333409)	(43.0, 946.2333333333446)	(44.0, 979.8000000000113)	(45.0, 1023.4833333333459)	(46.0, 1053.4500000000116)	(47.0, 1074.5833333333428)	(48.0, 1103.8500000000088)	(49.0, 1163.5000000000075)	(50.0, 1190.2333333333397)	(51.0, 1229.650000000004)	(52.0, 1256.7833333333344)	(53.0, 1219.2833333333367)	(54.0, 1197.6500000000078)	(55.0, 1146.7333333333434)	(56.0, 1078.6333333333448)	(57.0, 1019.083333333346)	(58.0, 884.2333333333399)	(59.0, 797.7833333333366)	(60.0, 720.0000000000005)	(61.0, 614.1499999999966)	(62.0, 527.666666666661)	(63.0, 454.41666666666254)	(64.0, 365.24999999999795)	(65.0, 313.9333333333324)	(66.0, 257.93333333333385)	(67.0, 212.55000000000072)	(68.0, 177.21666666666718)	(69.0, 115.66666666666671)	(70.0, 88.10000000000004)	(71.0, 63.800000000000026)	(72.0, 52.11666666666665)	(73.0, 37.23333333333332)	(74.0, 19.483333333333334)	(75.0, 13.816666666666668)	(76.0, 15.200000000000003)	(77.0, 9.833333333333332)	(78.0, 6.25)	(79.0, 4.75)	(80.0, 2.5)	(81.0, 2.3333333333333335)	(82.0, 1.0)	(83.0, 0.0)	(84.0, 0.0)	(85.0, 0.0)	(86.0, 0.0)	(87.0, 0.0)	(88.0, 0.0)	(89.0, 0.0)	(90.0, 0.0)	(91.0, 0.0)	(92.0, 0.0)	(93.0, 0.0)	(94.0, 0.0)	(95.0, 0.0)	(96.0, 0.0)	(97.0, 0.0)	(98.0, 0.0)	(99.0, 0.0)	(100.0, 0.0)
SRR926490	(0.0, 0.0)	(1.0, 0.5)	(2.0, 1.0)	(3.0, 1.0)	(4.0, 0.5)	(5.0, 0.5)	(6.0, 1.0)	(7.0, 2.0)	(8.0, 3.0)	(9.0, 2.0)	(10.0, 1.5)	(11.0, 2.0)	(12.0, 1.7)	(13.0, 1.7)	(14.0, 8.666666666666666)	(15.0, 12.25)	(16.0, 17.666666666666664)	(17.0, 26.9)	(18.0, 30.83333333333332)	(19.0, 40.749999999999986)	(20.0, 58.9166666666667)	(21.0, 92.41666666666666)	(22.0, 128.4999999999999)	(23.0, 158.81666666666678)	(24.0, 202.05000000000035)	(25.0, 269.0500000000005)	(26.0, 345.89999999999924)	(27.0, 429.84999999999695)	(28.0, 519.0999999999952)	(29.0, 581.5833333333288)	(30.0, 624.6999999999972)	(31.0, 701.3833333333348)	(32.0, 766.0833333333369)	(33.0, 778.7500000000034)	(34.0, 817.6833333333378)	(35.0, 826.1000000000057)	(36.0, 837.3166666666729)	(37.0, 864.316666666673)	(38.0, 908.5166666666753)	(39.0, 925.4833333333421)	(40.0, 952.9333333333442)	(41.0, 981.2833333333448)	(42.0, 1032.7000000000132)	(43.0, 1014.9000000000133)	(44.0, 981.2500000000111)	(45.0, 972.2833333333444)	(46.0, 917.2166666666759)	(47.0, 888.2833333333413)	(48.0, 811.0166666666702)	(49.0, 721.4333333333344)	(50.0, 650.1333333333323)	(51.0, 568.8833333333284)	(52.0, 518.2999999999952)	(53.0, 472.9499999999955)	(54.0, 423.2666666666631)	(55.0, 403.016666666664)	(56.0, 378.81666666666456)	(57.0, 341.6499999999985)	(58.0, 304.3999999999996)	(59.0, 276.4833333333333)	(60.0, 270.3500000000003)	(61.0, 258.2833333333338)	(62.0, 239.60000000000056)	(63.0, 222.683333333334)	(64.0, 192.36666666666724)	(65.0, 177.40000000000032)	(66.0, 166.1666666666669)	(67.0, 157.5166666666669)	(68.0, 122.41666666666664)	(69.0, 105.93333333333331)	(70.0, 83.80000000000007)	(71.0, 66.81666666666672)	(72.0, 52.23333333333335)	(73.0, 47.31666666666666)	(74.0, 38.74999999999999)	(75.0, 26.966666666666658)	(76.0, 14.666666666666666)	(77.0, 8.633333333333333)	(78.0, 8.683333333333334)	(79.0, 7.9)	(80.0, 6.083333333333333)	(81.0, 6.416666666666666)	(82.0, 5.916666666666666)	(83.0, 3.3333333333333335)	(84.0, 0.5)	(85.0, 0.8333333333333333)	(86.0, 1.3333333333333333)	(87.0, 1.5)	(88.0, 1.5)	(89.0, 0.5)	(90.0, 0.0)	(91.0, 0.0)	(92.0, 0.5)	(93.0, 1.0)	(94.0, 0.5)	(95.0, 0.0)	(96.0, 0.0)	(97.0, 0.0)	(98.0, 0.0)	(99.0, 0.0)	(100.0, 0.0)
SRR926491	(0.0, 0.0)	(1.0, 0.0)	(2.0, 0.0)	(3.0, 0.0)	(4.0, 0.0)	(5.0, 0.0)	(6.0, 0.0)	(7.0, 0.5)	(8.0, 1.0)	(9.0, 0.5)	(10.0, 0.0)	(11.0, 0.0)	(12.0, 0.0)	(13.0, 0.0)	(14.0, 1.0)	(15.0, 2.033333333333333)	(16.0, 3.3333333333333335)	(17.0, 4.333333333333333)	(18.0, 2.833333333333333)	(19.0, 5.133333333333334)	(20.0, 8.066666666666666)	(21.0, 9.65)	(22.0, 18.166666666666668)	(23.0, 24.53333333333333)	(24.0, 33.36666666666666)	(25.0, 51.283333333333346)	(26.0, 67.5666666666667)	(27.0, 86.54999999999997)	(28.0, 106.04999999999994)	(29.0, 154.1166666666668)	(30.0, 201.6000000000004)	(31.0, 260.6166666666676)	(32.0, 319.54999999999967)	(33.0, 363.2166666666653)	(34.0, 425.99999999999653)	(35.0, 510.01666666666114)	(36.0, 578.0166666666631)	(37.0, 658.9833333333326)	(38.0, 759.0333333333357)	(39.0, 814.1500000000044)	(40.0, 901.5833333333429)	(41.0, 969.3166666666795)	(42.0, 1025.1166666666807)	(43.0, 1080.4690476190615)	(44.0, 1092.816666666681)	(45.0, 1140.6000000000097)	(46.0, 1200.4023809523878)	(47.0, 1229.8500000000079)	(48.0, 1250.7166666666726)	(49.0, 1289.7833333333385)	(50.0, 1285.8333333333371)	(51.0, 1291.16666666667)	(52.0, 1272.7000000000057)	(53.0, 1268.4833333333386)	(54.0, 1196.333333333341)	(55.0, 1152.8833333333434)	(56.0, 1071.8000000000127)	(57.0, 1022.0500000000134)	(58.0, 916.6333333333432)	(59.0, 826.58333333334)	(60.0, 719.5166666666673)	(61.0, 604.7666666666628)	(62.0, 531.6499999999946)	(63.0, 434.4499999999956)	(64.0, 355.94999999999794)	(65.0, 275.13333333333355)	(66.0, 211.98333333333403)	(67.0, 165.5000000000003)	(68.0, 128.3)	(69.0, 94.91666666666669)	(70.0, 70.70000000000002)	(71.0, 47.366666666666674)	(72.0, 31.366666666666653)	(73.0, 22.916666666666664)	(74.0, 16.033333333333335)	(75.0, 13.35)	(76.0, 12.033333333333333)	(77.0, 9.533333333333333)	(78.0, 7.333333333333333)	(79.0, 5.033333333333333)	(80.0, 1.8333333333333333)	(81.0, 1.0)	(82.0, 1.0)	(83.0, 0.5)	(84.0, 0.5)	(85.0, 0.5)	(86.0, 0.0)	(87.0, 0.0)	(88.0, 0.0)	(89.0, 0.0)	(90.0, 0.0)	(91.0, 0.0)	(92.0, 0.0)	(93.0, 0.0)	(94.0, 0.0)	(95.0, 0.0)	(96.0, 0.0)	(97.0, 0.0)	(98.0, 0.0)	(99.0, 0.0)	(100.0, 0.0)
SRR926492	(0.0, 0.0)	(1.0, 0.0)	(2.0, 0.0)	(3.0, 0.0)	(4.0, 0.0)	(5.0, 0.0)	(6.0, 0.0)	(7.0, 0.0)	(8.0, 0.0)	(9.0, 0.0)	(10.0, 0.0)	(11.0, 0.0)	(12.0, 0.0)	(13.0, 0.0)	(14.0, 0.0)	(15.0, 0.0)	(16.0, 0.0)	(17.0, 0.0)	(18.0, 0.0)	(19.0, 0.0)	(20.0, 0.0)	(21.0, 0.0)	(22.0, 0.0)	(23.0, 0.0)	(24.0, 0.0)	(25.0, 0.0)	(26.0, 0.0)	(27.0, 0.0)	(28.0, 0.0)	(29.0, 0.0)	(30.0, 0.0)	(31.0, 0.0)	(32.0, 0.0)	(33.0, 0.0)	(34.0, 0.0)	(35.0, 0.0)	(36.0, 0.0)	(37.0, 0.0)	(38.0, 0.0)	(39.0, 0.0)	(40.0, 0.0)	(41.0, 0.0)	(42.0, 1.0)	(43.0, 3.5)	(44.0, 5.0)	(45.0, 6.7)	(46.0, 16.733333333333334)	(47.0, 32.133333333333326)	(48.0, 50.88333333333336)	(49.0, 81.53333333333332)	(50.0, 149.55000000000007)	(51.0, 180.08333333333368)	(52.0, 241.00000000000114)	(53.0, 352.53333333333154)	(54.0, 460.68333333332885)	(55.0, 606.1000000000003)	(56.0, 502.7499999999951)	(57.0, 248.51666666666736)	(58.0, 118.08333333333314)	(59.0, 113.79999999999997)	(60.0, 36.68333333333334)	(61.0, 23.116666666666667)	(62.0, 11.95)	(63.0, 6.9)	(64.0, 2.6)	(65.0, 0.0)	(66.0, 0.0)	(67.0, 0.0)	(68.0, 0.0)	(69.0, 0.0)	(70.0, 0.0)	(71.0, 0.0)	(72.0, 0.0)	(73.0, 0.0)	(74.0, 0.0)	(75.0, 0.0)	(76.0, 0.0)	(77.0, 0.0)	(78.0, 0.0)	(79.0, 0.0)	(80.0, 0.0)	(81.0, 0.0)	(82.0, 0.0)	(83.0, 0.0)	(84.0, 0.0)	(85.0, 0.0)	(86.0, 0.0)	(87.0, 0.0)	(88.0, 0.0)	(89.0, 0.0)	(90.0, 0.0)	(91.0, 0.0)	(92.0, 0.0)	(93.0, 0.0)	(94.0, 0.0)	(95.0, 0.0)	(96.0, 0.0)	(97.0, 0.0)	(98.0, 0.0)	(99.0, 0.0)	(100.0, 0.0)
SRR926493	(0.0, 0.0)	(1.0, 0.0)	(2.0, 0.0)	(3.0, 0.0)	(4.0, 0.0)	(5.0, 0.0)	(6.0, 0.0)	(7.0, 0.0)	(8.0, 0.0)	(9.0, 0.0)	(10.0, 0.0)	(11.0, 0.0)	(12.0, 0.0)	(13.0, 0.0)	(14.0, 0.0)	(15.0, 0.0)	(16.0, 0.0)	(17.0, 0.0)	(18.0, 0.0)	(19.0, 0.0)	(20.0, 0.0)	(21.0, 0.0)	(22.0, 0.0)	(23.0, 0.0)	(24.0, 0.0)	(25.0, 0.0)	(26.0, 0.0)	(27.0, 0.0)	(28.0, 0.0)	(29.0, 0.0)	(30.0, 0.0)	(31.0, 0.0)	(32.0, 0.0)	(33.0, 0.0)	(34.0, 0.0)	(35.0, 0.0)	(36.0, 0.0)	(37.0, 0.0)	(38.0, 0.5)	(39.0, 0.5)	(40.0, 0.0)	(41.0, 0.0)	(42.0, 2.0)	(43.0, 4.5)	(44.0, 5.0)	(45.0, 3.333333333333333)	(46.0, 10.4)	(47.0, 26.133333333333322)	(48.0, 48.266666666666694)	(49.0, 90.79999999999991)	(50.0, 143.86666666666667)	(51.0, 247.08333333333488)	(52.0, 289.35000000000036)	(53.0, 434.9499999999958)	(54.0, 557.0499999999962)	(55.0, 599.8666666666659)	(56.0, 523.4999999999964)	(57.0, 330.41666666666623)	(58.0, 158.9166666666669)	(59.0, 122.13333333333328)	(60.0, 49.833333333333336)	(61.0, 34.06666666666666)	(62.0, 18.03333333333333)	(63.0, 12.216666666666667)	(64.0, 4.35)	(65.0, 0.0)	(66.0, 0.0)	(67.0, 0.0)	(68.0, 0.0)	(69.0, 0.0)	(70.0, 0.0)	(71.0, 0.0)	(72.0, 0.0)	(73.0, 0.0)	(74.0, 0.0)	(75.0, 0.0)	(76.0, 0.0)	(77.0, 0.0)	(78.0, 0.0)	(79.0, 0.0)	(80.0, 0.0)	(81.0, 0.0)	(82.0, 0.0)	(83.0, 0.0)	(84.0, 0.0)	(85.0, 0.0)	(86.0, 0.0)	(87.0, 0.0)	(88.0, 0.0)	(89.0, 0.0)	(90.0, 0.0)	(91.0, 0.0)	(92.0, 0.0)	(93.0, 0.0)	(94.0, 0.0)	(95.0, 0.0)	(96.0, 0.0)	(97.0, 0.0)	(98.0, 0.0)	(99.0, 0.0)	(100.0, 0.0)
SRR926494	(0.0, 0.0)	(1.0, 0.0)	(2.0, 0.0)	(3.0, 0.0)	(4.0, 0.0)	(5.0, 0.0)	(6.0, 0.0)	(7.0, 0.0)	(8.0, 0.0)	(9.0, 0.0)	(10.0, 0.0)	(11.0, 0.0)	(12.0, 0.0)	(13.0, 0.0)	(14.0, 0.0)	(15.0, 0.0)	(16.0, 0.0)	(17.0, 0.0)	(18.0, 0.0)	(19.0, 0.0)	(20.0, 0.0)	(21.0, 0.0)	(22.0, 0.0)	(23.0, 0.0)	(24.0, 0.0)	(25.0, 0.0)	(26.0, 0.0)	(27.0, 0.0)	(28.0, 0.0)	(29.0, 0.0)	(30.0, 0.0)	(31.0, 0.0)	(32.0, 0.0)	(33.0, 0.0)	(34.0, 0.0)	(35.0, 0.0)	(36.0, 0.0)	(37.0, 0.0)	(38.0, 0.0)	(39.0, 0.0)	(40.0, 0.0)	(41.0, 0.0)	(42.0, 1.0)	(43.0, 1.0)	(44.0, 4.0)	(45.0, 6.5)	(46.0, 10.4)	(47.0, 16.933333333333337)	(48.0, 23.75)	(49.0, 39.94999999999999)	(50.0, 71.88333333333333)	(51.0, 130.64999999999984)	(52.0, 248.61666666666736)	(53.0, 380.48333333333056)	(54.0, 467.66666666665975)	(55.0, 550.3999999999952)	(56.0, 696.2166666666732)	(57.0, 686.4333333333366)	(58.0, 347.99999999999903)	(59.0, 194.30000000000013)	(60.0, 58.78333333333333)	(61.0, 41.650000000000006)	(62.0, 17.516666666666662)	(63.0, 3.35)	(64.0, 0.4)	(65.0, 0.25)	(66.0, 0.0)	(67.0, 0.4)	(68.0, 0.0)	(69.0, 0.0)	(70.0, 0.0)	(71.0, 0.0)	(72.0, 0.0)	(73.0, 0.0)	(74.0, 0.0)	(75.0, 0.0)	(76.0, 0.0)	(77.0, 0.0)	(78.0, 0.0)	(79.0, 0.0)	(80.0, 0.0)	(81.0, 0.0)	(82.0, 0.0)	(83.0, 0.0)	(84.0, 0.0)	(85.0, 0.0)	(86.0, 0.0)	(87.0, 0.0)	(88.0, 0.0)	(89.0, 0.0)	(90.0, 0.0)	(91.0, 0.0)	(92.0, 0.0)	(93.0, 0.0)	(94.0, 0.0)	(95.0, 0.0)	(96.0, 0.0)	(97.0, 0.0)	(98.0, 0.0)	(99.0, 0.0)	(100.0, 0.0)
SRR926495	(0.0, 0.0)	(1.0, 0.0)	(2.0, 0.0)	(3.0, 0.0)	(4.0, 0.0)	(5.0, 0.0)	(6.0, 0.0)	(7.0, 0.0)	(8.0, 0.0)	(9.0, 0.0)	(10.0, 0.0)	(11.0, 0.0)	(12.0, 0.0)	(13.0, 0.0)	(14.0, 0.0)	(15.0, 0.0)	(16.0, 0.0)	(17.0, 0.0)	(18.0, 0.0)	(19.0, 0.0)	(20.0, 0.0)	(21.0, 0.0)	(22.0, 0.0)	(23.0, 0.0)	(24.0, 0.0)	(25.0, 0.0)	(26.0, 0.0)	(27.0, 0.0)	(28.0, 0.0)	(29.0, 0.0)	(30.0, 0.0)	(31.0, 0.0)	(32.0, 0.0)	(33.0, 0.0)	(34.0, 0.0)	(35.0, 0.0)	(36.0, 0.0)	(37.0, 0.0)	(38.0, 0.0)	(39.0, 0.0)	(40.0, 0.0)	(41.0, 0.0)	(42.0, 1.0)	(43.0, 15.5)	(44.0, 25.5)	(45.0, 17.5)	(46.0, 26.199999999999996)	(47.0, 49.95000000000004)	(48.0, 95.74999999999986)	(49.0, 132.79999999999959)	(50.0, 210.1500000000009)	(51.0, 233.3000000000007)	(52.0, 289.85)	(53.0, 312.16666666666606)	(54.0, 371.64999999999804)	(55.0, 398.2833333333308)	(56.0, 388.3499999999985)	(57.0, 214.81666666666717)	(58.0, 92.44999999999996)	(59.0, 57.80000000000002)	(60.0, 24.16666666666666)	(61.0, 15.616666666666667)	(62.0, 9.75)	(63.0, 5.5)	(64.0, 2.0)	(65.0, 0.5)	(66.0, 0.0)	(67.0, 0.0)	(68.0, 0.0)	(69.0, 0.0)	(70.0, 0.0)	(71.0, 0.0)	(72.0, 0.0)	(73.0, 0.0)	(74.0, 0.0)	(75.0, 0.0)	(76.0, 0.0)	(77.0, 0.0)	(78.0, 0.0)	(79.0, 0.0)	(80.0, 0.0)	(81.0, 0.0)	(82.0, 0.0)	(83.0, 0.0)	(84.0, 0.0)	(85.0, 0.0)	(86.0, 0.0)	(87.0, 0.0)	(88.0, 0.0)	(89.0, 0.0)	(90.0, 0.0)	(91.0, 0.0)	(92.0, 0.0)	(93.0, 0.0)	(94.0, 0.0)	(95.0, 0.0)	(96.0, 0.0)	(97.0, 0.0)	(98.0, 0.0)	(99.0, 0.0)	(100.0, 0.0)
SRR926496	(0.0, 0.0)	(1.0, 0.0)	(2.0, 0.0)	(3.0, 0.0)	(4.0, 0.0)	(5.0, 0.0)	(6.0, 0.0)	(7.0, 0.0)	(8.0, 0.0)	(9.0, 0.0)	(10.0, 0.0)	(11.0, 0.0)	(12.0, 0.0)	(13.0, 0.0)	(14.0, 0.0)	(15.0, 0.0)	(16.0, 0.0)	(17.0, 0.0)	(18.0, 0.0)	(19.0, 0.0)	(20.0, 0.0)	(21.0, 0.0)	(22.0, 0.0)	(23.0, 0.0)	(24.0, 0.0)	(25.0, 0.0)	(26.0, 0.0)	(27.0, 0.0)	(28.0, 0.0)	(29.0, 0.0)	(30.0, 0.0)	(31.0, 0.0)	(32.0, 0.0)	(33.0, 0.0)	(34.0, 0.0)	(35.0, 0.0)	(36.0, 0.0)	(37.0, 0.0)	(38.0, 0.0)	(39.0, 0.0)	(40.0, 0.0)	(41.0, 0.0)	(42.0, 7.0)	(43.0, 18.0)	(44.0, 17.0)	(45.0, 10.5)	(46.0, 16.2)	(47.0, 45.78333333333336)	(48.0, 75.85)	(49.0, 111.0499999999998)	(50.0, 219.38333333333406)	(51.0, 256.0666666666675)	(52.0, 294.9166666666665)	(53.0, 325.14999999999924)	(54.0, 381.49999999999676)	(55.0, 418.8999999999958)	(56.0, 501.5666666666626)	(57.0, 360.14999999999856)	(58.0, 177.9833333333337)	(59.0, 134.44999999999996)	(60.0, 45.66666666666667)	(61.0, 22.616666666666664)	(62.0, 9.0)	(63.0, 3.9833333333333334)	(64.0, 2.2)	(65.0, 1.0666666666666667)	(66.0, 0.0)	(67.0, 0.0)	(68.0, 0.0)	(69.0, 0.0)	(70.0, 0.0)	(71.0, 0.0)	(72.0, 0.0)	(73.0, 0.0)	(74.0, 0.0)	(75.0, 0.0)	(76.0, 0.0)	(77.0, 0.0)	(78.0, 0.0)	(79.0, 0.0)	(80.0, 0.0)	(81.0, 0.0)	(82.0, 0.0)	(83.0, 0.0)	(84.0, 0.0)	(85.0, 0.0)	(86.0, 0.0)	(87.0, 0.0)	(88.0, 0.0)	(89.0, 0.0)	(90.0, 0.0)	(91.0, 0.0)	(92.0, 0.0)	(93.0, 0.0)	(94.0, 0.0)	(95.0, 0.0)	(96.0, 0.0)	(97.0, 0.0)	(98.0, 0.0)	(99.0, 0.0)	(100.0, 0.0)
SRR926497	(0.0, 0.0)	(1.0, 0.0)	(2.0, 0.0)	(3.0, 0.0)	(4.0, 0.0)	(5.0, 0.0)	(6.0, 0.0)	(7.0, 0.0)	(8.0, 0.0)	(9.0, 0.0)	(10.0, 0.0)	(11.0, 0.0)	(12.0, 0.0)	(13.0, 0.0)	(14.0, 0.0)	(15.0, 0.0)	(16.0, 0.0)	(17.0, 0.0)	(18.0, 0.0)	(19.0, 0.0)	(20.0, 0.0)	(21.0, 0.0)	(22.0, 0.0)	(23.0, 0.0)	(24.0, 0.0)	(25.0, 0.0)	(26.0, 0.0)	(27.0, 0.0)	(28.0, 0.0)	(29.0, 0.0)	(30.0, 0.0)	(31.0, 0.0)	(32.0, 0.0)	(33.0, 0.0)	(34.0, 0.0)	(35.0, 0.0)	(36.0, 0.0)	(37.0, 0.0)	(38.0, 0.0)	(39.0, 0.0)	(40.0, 0.0)	(41.0, 0.0)	(42.0, 3.5)	(43.0, 11.0)	(44.0, 14.5)	(45.0, 15.0)	(46.0, 21.53333333333333)	(47.0, 49.86666666666669)	(48.0, 76.36666666666665)	(49.0, 108.89999999999976)	(50.0, 195.40000000000052)	(51.0, 219.1833333333342)	(52.0, 318.09999999999934)	(53.0, 359.8166666666647)	(54.0, 445.3499999999959)	(55.0, 459.6833333333296)	(56.0, 571.6833333333328)	(57.0, 281.4666666666671)	(58.0, 178.81666666666698)	(59.0, 150.0666666666667)	(60.0, 53.316666666666684)	(61.0, 34.06666666666666)	(62.0, 17.333333333333336)	(63.0, 4.35)	(64.0, 0.5666666666666667)	(65.0, 0.8)	(66.0, 0.2)	(67.0, 0.0)	(68.0, 0.0)	(69.0, 0.0)	(70.0, 0.0)	(71.0, 0.0)	(72.0, 0.0)	(73.0, 0.0)	(74.0, 0.0)	(75.0, 0.0)	(76.0, 0.0)	(77.0, 0.0)	(78.0, 0.0)	(79.0, 0.0)	(80.0, 0.0)	(81.0, 0.0)	(82.0, 0.0)	(83.0, 0.0)	(84.0, 0.0)	(85.0, 0.0)	(86.0, 0.0)	(87.0, 0.0)	(88.0, 0.0)	(89.0, 0.0)	(90.0, 0.0)	(91.0, 0.0)	(92.0, 0.0)	(93.0, 0.0)	(94.0, 0.0)	(95.0, 0.0)	(96.0, 0.0)	(97.0, 0.0)	(98.0, 0.0)	(99.0, 0.0)	(100.0, 0.0)
SRR926498	(0.0, 0.0)	(1.0, 0.0)	(2.0, 0.0)	(3.0, 0.0)	(4.0, 0.0)	(5.0, 0.0)	(6.0, 0.0)	(7.0, 0.0)	(8.0, 0.0)	(9.0, 0.0)	(10.0, 0.0)	(11.0, 0.0)	(12.0, 0.0)	(13.0, 0.0)	(14.0, 0.0)	(15.0, 0.0)	(16.0, 0.0)	(17.0, 0.0)	(18.0, 0.0)	(19.0, 0.0)	(20.0, 0.0)	(21.0, 0.0)	(22.0, 0.0)	(23.0, 0.0)	(24.0, 0.0)	(25.0, 0.0)	(26.0, 0.0)	(27.0, 0.0)	(28.0, 0.0)	(29.0, 0.0)	(30.0, 0.0)	(31.0, 0.0)	(32.0, 0.0)	(33.0, 0.0)	(34.0, 0.0)	(35.0, 0.0)	(36.0, 0.0)	(37.0, 0.0)	(38.0, 0.0)	(39.0, 0.0)	(40.0, 0.0)	(41.0, 0.0)	(42.0, 0.0)	(43.0, 0.0)	(44.0, 0.0)	(45.0, 0.0)	(46.0, 1.0)	(47.0, 5.0)	(48.0, 47.4)	(49.0, 56.733333333333334)	(50.0, 360.38333333333094)	(51.0, 419.53333333333114)	(52.0, 87.88333333333361)	(53.0, 124.30000000000013)	(54.0, 123.09999999999988)	(55.0, 276.68333333333356)	(56.0, 577.1666666666622)	(57.0, 234.21666666666786)	(58.0, 463.16666666665935)	(59.0, 1029.8333333333342)	(60.0, 101.25)	(61.0, 37.0)	(62.0, 11.5)	(63.0, 2.0)	(64.0, 0.5)	(65.0, 0.0)	(66.0, 0.0)	(67.0, 0.0)	(68.0, 0.0)	(69.0, 0.0)	(70.0, 0.0)	(71.0, 0.0)	(72.0, 0.0)	(73.0, 0.0)	(74.0, 0.0)	(75.0, 0.0)	(76.0, 0.0)	(77.0, 0.0)	(78.0, 0.0)	(79.0, 0.0)	(80.0, 0.0)	(81.0, 0.0)	(82.0, 0.0)	(83.0, 0.0)	(84.0, 0.0)	(85.0, 0.0)	(86.0, 0.0)	(87.0, 0.0)	(88.0, 0.0)	(89.0, 0.0)	(90.0, 0.0)	(91.0, 0.0)	(92.0, 0.0)	(93.0, 0.0)	(94.0, 0.0)	(95.0, 0.0)	(96.0, 0.0)	(97.0, 0.0)	(98.0, 0.0)	(99.0, 0.0)	(100.0, 0.0)
SRR926499	(0.0, 0.0)	(1.0, 0.0)	(2.0, 0.0)	(3.0, 0.0)	(4.0, 0.0)	(5.0, 0.0)	(6.0, 0.0)	(7.0, 0.0)	(8.0, 0.0)	(9.0, 0.0)	(10.0, 0.0)	(11.0, 0.0)	(12.0, 0.0)	(13.0, 0.0)	(14.0, 0.0)	(15.0, 0.0)	(16.0, 0.0)	(17.0, 0.0)	(18.0, 0.0)	(19.0, 0.0)	(20.0, 0.0)	(21.0, 0.0)	(22.0, 0.0)	(23.0, 0.0)	(24.0, 0.0)	(25.0, 0.0)	(26.0, 0.0)	(27.0, 0.0)	(28.0, 0.0)	(29.0, 0.0)	(30.0, 0.0)	(31.0, 0.0)	(32.0, 0.0)	(33.0, 0.0)	(34.0, 0.0)	(35.0, 0.0)	(36.0, 0.0)	(37.0, 0.0)	(38.0, 0.0)	(39.0, 0.0)	(40.0, 0.0)	(41.0, 0.0)	(42.0, 1.0)	(43.0, 1.5)	(44.0, 2.0)	(45.0, 8.0)	(46.0, 27.5)	(47.0, 55.233333333333334)	(48.0, 83.36666666666667)	(49.0, 104.79999999999988)	(50.0, 193.58333333333388)	(51.0, 260.60000000000093)	(52.0, 359.01666666666523)	(53.0, 499.2166666666623)	(54.0, 670.5500000000019)	(55.0, 773.0000000000063)	(56.0, 892.800000000007)	(57.0, 536.9999999999984)	(58.0, 185.78333333333347)	(59.0, 155.86666666666673)	(60.0, 58.36666666666667)	(61.0, 35.64999999999999)	(62.0, 11.866666666666667)	(63.0, 3.0)	(64.0, 1.25)	(65.0, 0.25)	(66.0, 0.0)	(67.0, 0.0)	(68.0, 0.0)	(69.0, 0.0)	(70.0, 0.0)	(71.0, 0.0)	(72.0, 0.0)	(73.0, 0.0)	(74.0, 0.0)	(75.0, 0.0)	(76.0, 0.0)	(77.0, 0.0)	(78.0, 0.0)	(79.0, 0.0)	(80.0, 0.0)	(81.0, 0.0)	(82.0, 0.0)	(83.0, 0.0)	(84.0, 0.0)	(85.0, 0.0)	(86.0, 0.0)	(87.0, 0.0)	(88.0, 0.0)	(89.0, 0.0)	(90.0, 0.0)	(91.0, 0.0)	(92.0, 0.0)	(93.0, 0.0)	(94.0, 0.0)	(95.0, 0.0)	(96.0, 0.0)	(97.0, 0.0)	(98.0, 0.0)	(99.0, 0.0)	(100.0, 0.0)
SRR926500	(0.0, 0.0)	(1.0, 0.0)	(2.0, 0.0)	(3.0, 0.0)	(4.0, 0.0)	(5.0, 0.0)	(6.0, 0.0)	(7.0, 0.0)	(8.0, 0.0)	(9.0, 0.0)	(10.0, 0.0)	(11.0, 0.0)	(12.0, 0.0)	(13.0, 0.0)	(14.0, 0.0)	(15.0, 0.0)	(16.0, 0.0)	(17.0, 0.0)	(18.0, 0.0)	(19.0, 0.0)	(20.0, 0.0)	(21.0, 0.0)	(22.0, 0.0)	(23.0, 0.0)	(24.0, 0.0)	(25.0, 0.0)	(26.0, 0.0)	(27.0, 0.0)	(28.0, 0.0)	(29.0, 0.0)	(30.0, 0.0)	(31.0, 0.0)	(32.0, 0.0)	(33.0, 0.0)	(34.0, 0.0)	(35.0, 0.0)	(36.0, 0.0)	(37.0, 0.0)	(38.0, 0.0)	(39.0, 0.0)	(40.0, 0.0)	(41.0, 0.0)	(42.0, 0.0)	(43.0, 0.0)	(44.0, 0.5)	(45.0, 3.5)	(46.0, 9.4)	(47.0, 27.63333333333333)	(48.0, 48.466666666666676)	(49.0, 62.68333333333334)	(50.0, 125.8166666666665)	(51.0, 193.41666666666728)	(52.0, 279.55000000000035)	(53.0, 433.74999999999585)	(54.0, 516.4499999999944)	(55.0, 595.2166666666651)	(56.0, 826.7500000000068)	(57.0, 623.8333333333337)	(58.0, 274.2166666666665)	(59.0, 153.51666666666668)	(60.0, 46.99999999999999)	(61.0, 23.78333333333333)	(62.0, 10.5)	(63.0, 4.066666666666666)	(64.0, 1.0)	(65.0, 0.0)	(66.0, 0.0)	(67.0, 0.0)	(68.0, 0.0)	(69.0, 0.0)	(70.0, 0.0)	(71.0, 0.0)	(72.0, 0.0)	(73.0, 0.0)	(74.0, 0.0)	(75.0, 0.0)	(76.0, 0.0)	(77.0, 0.0)	(78.0, 0.0)	(79.0, 0.0)	(80.0, 0.0)	(81.0, 0.0)	(82.0, 0.0)	(83.0, 0.0)	(84.0, 0.0)	(85.0, 0.0)	(86.0, 0.0)	(87.0, 0.0)	(88.0, 0.0)	(89.0, 0.0)	(90.0, 0.0)	(91.0, 0.0)	(92.0, 0.0)	(93.0, 0.0)	(94.0, 0.0)	(95.0, 0.0)	(96.0, 0.0)	(97.0, 0.0)	(98.0, 0.0)	(99.0, 0.0)	(100.0, 0.0)
SRR926501	(0.0, 0.0)	(1.0, 0.0)	(2.0, 0.0)	(3.0, 0.0)	(4.0, 0.0)	(5.0, 0.0)	(6.0, 0.0)	(7.0, 0.0)	(8.0, 0.0)	(9.0, 0.0)	(10.0, 0.0)	(11.0, 0.0)	(12.0, 0.0)	(13.0, 0.0)	(14.0, 0.0)	(15.0, 0.0)	(16.0, 0.0)	(17.0, 0.0)	(18.0, 0.0)	(19.0, 0.0)	(20.0, 0.0)	(21.0, 0.0)	(22.0, 0.0)	(23.0, 0.0)	(24.0, 0.0)	(25.0, 0.0)	(26.0, 0.0)	(27.0, 0.0)	(28.0, 0.0)	(29.0, 0.0)	(30.0, 0.0)	(31.0, 0.0)	(32.0, 0.0)	(33.0, 0.0)	(34.0, 0.0)	(35.0, 0.0)	(36.0, 0.0)	(37.0, 0.0)	(38.0, 0.0)	(39.0, 0.0)	(40.0, 0.0)	(41.0, 0.0)	(42.0, 0.5)	(43.0, 1.0)	(44.0, 2.5)	(45.0, 5.0)	(46.0, 10.0)	(47.0, 16.400000000000006)	(48.0, 29.36666666666665)	(49.0, 38.449999999999996)	(50.0, 88.54999999999994)	(51.0, 161.3333333333335)	(52.0, 241.8666666666673)	(53.0, 448.06666666665996)	(54.0, 437.64999999999304)	(55.0, 440.8666666666618)	(56.0, 692.6666666666717)	(57.0, 866.8500000000067)	(58.0, 336.2333333333329)	(59.0, 223.8666666666667)	(60.0, 30.566666666666656)	(61.0, 16.483333333333334)	(62.0, 7.75)	(63.0, 2.7)	(64.0, 1.9)	(65.0, 0.7)	(66.0, 0.0)	(67.0, 0.0)	(68.0, 0.0)	(69.0, 0.0)	(70.0, 0.0)	(71.0, 0.0)	(72.0, 0.0)	(73.0, 0.0)	(74.0, 0.0)	(75.0, 0.0)	(76.0, 0.0)	(77.0, 0.0)	(78.0, 0.0)	(79.0, 0.0)	(80.0, 0.0)	(81.0, 0.0)	(82.0, 0.0)	(83.0, 0.0)	(84.0, 0.0)	(85.0, 0.0)	(86.0, 0.0)	(87.0, 0.0)	(88.0, 0.0)	(89.0, 0.0)	(90.0, 0.0)	(91.0, 0.0)	(92.0, 0.0)	(93.0, 0.0)	(94.0, 0.0)	(95.0, 0.0)	(96.0, 0.0)	(97.0, 0.0)	(98.0, 0.0)	(99.0, 0.0)	(100.0, 0.0)
SRR926502	(0.0, 0.0)	(1.0, 0.0)	(2.0, 0.0)	(3.0, 0.0)	(4.0, 0.0)	(5.0, 0.0)	(6.0, 0.0)	(7.0, 0.0)	(8.0, 0.0)	(9.0, 0.0)	(10.0, 0.0)	(11.0, 0.0)	(12.0, 0.0)	(13.0, 0.0)	(14.0, 0.0)	(15.0, 0.0)	(16.0, 0.0)	(17.0, 0.0)	(18.0, 0.0)	(19.0, 0.0)	(20.0, 0.0)	(21.0, 0.0)	(22.0, 0.0)	(23.0, 0.0)	(24.0, 0.0)	(25.0, 0.0)	(26.0, 0.0)	(27.0, 0.0)	(28.0, 0.0)	(29.0, 0.0)	(30.0, 0.0)	(31.0, 0.0)	(32.0, 0.0)	(33.0, 0.0)	(34.0, 0.0)	(35.0, 0.0)	(36.0, 0.0)	(37.0, 0.0)	(38.0, 0.0)	(39.0, 0.0)	(40.0, 0.0)	(41.0, 0.0)	(42.0, 0.0)	(43.0, 0.0)	(44.0, 0.0)	(45.0, 0.0)	(46.0, 0.0)	(47.0, 0.3333333333333333)	(48.0, 0.0)	(49.0, 3.0)	(50.0, 28.166666666666664)	(51.0, 67.28333333333337)	(52.0, 368.68333333332254)	(53.0, 267.66666666666254)	(54.0, 417.36666666666434)	(55.0, 426.9166666666662)	(56.0, 1465.2999999999718)	(57.0, 506.3666666666581)	(58.0, 313.3333333333332)	(59.0, 861.1666666666682)	(60.0, 95.0)	(61.0, 32.9)	(62.0, 17.0)	(63.0, 8.0)	(64.0, 2.5)	(65.0, 0.0)	(66.0, 0.0)	(67.0, 0.0)	(68.0, 0.0)	(69.0, 0.0)	(70.0, 0.0)	(71.0, 0.0)	(72.0, 0.0)	(73.0, 0.0)	(74.0, 0.0)	(75.0, 0.0)	(76.0, 0.0)	(77.0, 0.0)	(78.0, 0.0)	(79.0, 0.0)	(80.0, 0.0)	(81.0, 0.0)	(82.0, 0.0)	(83.0, 0.0)	(84.0, 0.0)	(85.0, 0.0)	(86.0, 0.0)	(87.0, 0.0)	(88.0, 0.0)	(89.0, 0.0)	(90.0, 0.0)	(91.0, 0.0)	(92.0, 0.0)	(93.0, 0.0)	(94.0, 0.0)	(95.0, 0.0)	(96.0, 0.0)	(97.0, 0.0)	(98.0, 0.0)	(99.0, 0.0)	(100.0, 0.0)
SRR926503	(0.0, 0.0)	(1.0, 0.0)	(2.0, 0.0)	(3.0, 0.0)	(4.0, 0.0)	(5.0, 0.0)	(6.0, 0.0)	(7.0, 0.0)	(8.0, 0.0)	(9.0, 0.0)	(10.0, 0.0)	(11.0, 0.0)	(12.0, 0.0)	(13.0, 0.0)	(14.0, 0.0)	(15.0, 0.0)	(16.0, 0.0)	(17.0, 0.0)	(18.0, 0.0)	(19.0, 0.0)	(20.0, 0.0)	(21.0, 0.0)	(22.0, 0.0)	(23.0, 0.0)	(24.0, 0.0)	(25.0, 0.0)	(26.0, 0.0)	(27.0, 0.0)	(28.0, 0.0)	(29.0, 0.0)	(30.0, 0.0)	(31.0, 0.0)	(32.0, 0.0)	(33.0, 0.0)	(34.0, 0.0)	(35.0, 0.0)	(36.0, 0.0)	(37.0, 0.0)	(38.0, 0.0)	(39.0, 0.0)	(40.0, 0.0)	(41.0, 0.0)	(42.0, 1.5)	(43.0, 10.0)	(44.0, 14.0)	(45.0, 7.5)	(46.0, 22.033333333333335)	(47.0, 30.433333333333326)	(48.0, 58.316666666666734)	(49.0, 87.88333333333333)	(50.0, 130.0)	(51.0, 191.53333333333384)	(52.0, 273.45000000000056)	(53.0, 345.5333333333323)	(54.0, 465.2499999999954)	(55.0, 487.9833333333287)	(56.0, 391.216666666665)	(57.0, 221.8500000000005)	(58.0, 117.13333333333318)	(59.0, 73.95)	(60.0, 30.766666666666666)	(61.0, 17.483333333333334)	(62.0, 11.2)	(63.0, 5.4)	(64.0, 1.65)	(65.0, 0.2)	(66.0, 0.0)	(67.0, 0.0)	(68.0, 0.0)	(69.0, 0.0)	(70.0, 0.0)	(71.0, 0.0)	(72.0, 0.0)	(73.0, 0.0)	(74.0, 0.0)	(75.0, 0.0)	(76.0, 0.0)	(77.0, 0.0)	(78.0, 0.0)	(79.0, 0.0)	(80.0, 0.0)	(81.0, 0.0)	(82.0, 0.0)	(83.0, 0.0)	(84.0, 0.0)	(85.0, 0.0)	(86.0, 0.0)	(87.0, 0.0)	(88.0, 0.0)	(89.0, 0.0)	(90.0, 0.0)	(91.0, 0.0)	(92.0, 0.0)	(93.0, 0.0)	(94.0, 0.0)	(95.0, 0.0)	(96.0, 0.0)	(97.0, 0.0)	(98.0, 0.0)	(99.0, 0.0)	(100.0, 0.0)
SRR926504	(0.0, 0.0)	(1.0, 0.0)	(2.0, 0.0)	(3.0, 0.0)	(4.0, 0.0)	(5.0, 0.0)	(6.0, 0.0)	(7.0, 0.0)	(8.0, 0.0)	(9.0, 0.0)	(10.0, 0.0)	(11.0, 0.0)	(12.0, 0.0)	(13.0, 0.0)	(14.0, 0.0)	(15.0, 0.0)	(16.0, 0.0)	(17.0, 0.0)	(18.0, 0.0)	(19.0, 0.0)	(20.0, 0.0)	(21.0, 0.0)	(22.0, 0.0)	(23.0, 0.0)	(24.0, 0.0)	(25.0, 0.0)	(26.0, 0.0)	(27.0, 0.0)	(28.0, 0.0)	(29.0, 0.0)	(30.0, 0.0)	(31.0, 0.0)	(32.0, 0.0)	(33.0, 0.0)	(34.0, 0.0)	(35.0, 0.0)	(36.0, 0.0)	(37.0, 0.0)	(38.0, 0.0)	(39.0, 0.0)	(40.0, 0.0)	(41.0, 0.5)	(42.0, 13.0)	(43.0, 29.5)	(44.0, 25.5)	(45.0, 13.0)	(46.0, 25.46666666666667)	(47.0, 68.61666666666672)	(48.0, 128.69999999999968)	(49.0, 190.70000000000047)	(50.0, 318.6833333333322)	(51.0, 465.6833333333294)	(52.0, 473.8333333333297)	(53.0, 580.4166666666632)	(54.0, 775.9000000000042)	(55.0, 934.5000000000118)	(56.0, 977.833333333345)	(57.0, 647.2166666666691)	(58.0, 317.0666666666664)	(59.0, 150.88333333333335)	(60.0, 75.65)	(61.0, 39.36666666666666)	(62.0, 19.683333333333334)	(63.0, 11.866666666666667)	(64.0, 5.6000000000000005)	(65.0, 1.5)	(66.0, 0.5)	(67.0, 0.0)	(68.0, 0.0)	(69.0, 0.0)	(70.0, 0.0)	(71.0, 0.0)	(72.0, 0.0)	(73.0, 0.0)	(74.0, 0.0)	(75.0, 0.0)	(76.0, 0.0)	(77.0, 0.0)	(78.0, 0.0)	(79.0, 0.0)	(80.0, 0.0)	(81.0, 0.0)	(82.0, 0.0)	(83.0, 0.0)	(84.0, 0.0)	(85.0, 0.0)	(86.0, 0.0)	(87.0, 0.0)	(88.0, 0.0)	(89.0, 0.0)	(90.0, 0.0)	(91.0, 0.0)	(92.0, 0.0)	(93.0, 0.0)	(94.0, 0.0)	(95.0, 0.0)	(96.0, 0.0)	(97.0, 0.0)	(98.0, 0.0)	(99.0, 0.0)	(100.0, 0.0)
SRR926505	(0.0, 0.0)	(1.0, 0.0)	(2.0, 0.0)	(3.0, 0.0)	(4.0, 0.0)	(5.0, 0.0)	(6.0, 0.0)	(7.0, 0.0)	(8.0, 0.0)	(9.0, 0.0)	(10.0, 0.0)	(11.0, 0.0)	(12.0, 0.0)	(13.0, 0.0)	(14.0, 0.0)	(15.0, 0.0)	(16.0, 0.0)	(17.0, 0.0)	(18.0, 0.0)	(19.0, 0.0)	(20.0, 0.0)	(21.0, 0.0)	(22.0, 0.0)	(23.0, 0.0)	(24.0, 0.0)	(25.0, 0.0)	(26.0, 0.0)	(27.0, 0.0)	(28.0, 0.0)	(29.0, 0.0)	(30.0, 0.0)	(31.0, 0.0)	(32.0, 0.0)	(33.0, 0.0)	(34.0, 0.0)	(35.0, 0.0)	(36.0, 0.0)	(37.0, 0.0)	(38.0, 0.0)	(39.0, 0.0)	(40.0, 0.0)	(41.0, 0.0)	(42.0, 3.5)	(43.0, 13.0)	(44.0, 11.5)	(45.0, 3.666666666666667)	(46.0, 10.833333333333334)	(47.0, 32.73333333333331)	(48.0, 58.30000000000006)	(49.0, 71.76666666666674)	(50.0, 137.88333333333338)	(51.0, 177.5666666666669)	(52.0, 258.9500000000007)	(53.0, 364.34999999999815)	(54.0, 541.2666666666613)	(55.0, 595.7666666666652)	(56.0, 607.1000000000007)	(57.0, 337.84999999999883)	(58.0, 176.166666666667)	(59.0, 171.01666666666674)	(60.0, 52.73333333333332)	(61.0, 33.533333333333324)	(62.0, 18.483333333333334)	(63.0, 11.083333333333334)	(64.0, 4.033333333333333)	(65.0, 0.0)	(66.0, 0.45)	(67.0, 0.2)	(68.0, 0.0)	(69.0, 0.0)	(70.0, 0.0)	(71.0, 0.0)	(72.0, 0.0)	(73.0, 0.0)	(74.0, 0.0)	(75.0, 0.0)	(76.0, 0.0)	(77.0, 0.0)	(78.0, 0.0)	(79.0, 0.0)	(80.0, 0.0)	(81.0, 0.0)	(82.0, 0.0)	(83.0, 0.0)	(84.0, 0.0)	(85.0, 0.0)	(86.0, 0.0)	(87.0, 0.0)	(88.0, 0.0)	(89.0, 0.0)	(90.0, 0.0)	(91.0, 0.0)	(92.0, 0.0)	(93.0, 0.0)	(94.0, 0.0)	(95.0, 0.0)	(96.0, 0.0)	(97.0, 0.0)	(98.0, 0.0)	(99.0, 0.0)	(100.0, 0.0)
SRR926506	(0.0, 0.0)	(1.0, 0.0)	(2.0, 0.0)	(3.0, 0.0)	(4.0, 0.0)	(5.0, 0.0)	(6.0, 0.0)	(7.0, 0.0)	(8.0, 0.0)	(9.0, 0.0)	(10.0, 0.0)	(11.0, 0.0)	(12.0, 0.0)	(13.0, 0.0)	(14.0, 0.0)	(15.0, 0.0)	(16.0, 0.0)	(17.0, 0.0)	(18.0, 0.0)	(19.0, 0.0)	(20.0, 0.0)	(21.0, 0.0)	(22.0, 0.0)	(23.0, 0.0)	(24.0, 0.0)	(25.0, 0.0)	(26.0, 0.0)	(27.0, 0.0)	(28.0, 0.0)	(29.0, 0.0)	(30.0, 0.0)	(31.0, 0.0)	(32.0, 0.0)	(33.0, 0.0)	(34.0, 0.0)	(35.0, 0.0)	(36.0, 0.0)	(37.0, 0.0)	(38.0, 0.0)	(39.0, 0.0)	(40.0, 0.0)	(41.0, 0.0)	(42.0, 0.0)	(43.0, 0.0)	(44.0, 0.0)	(45.0, 0.0)	(46.0, 0.25)	(47.0, 3.5)	(48.0, 17.0)	(49.0, 28.999999999999996)	(50.0, 112.99999999999982)	(51.0, 298.7666666666668)	(52.0, 293.46666666666687)	(53.0, 210.5666666666671)	(54.0, 850.8666666666654)	(55.0, 511.4833333333277)	(56.0, 762.3000000000046)	(57.0, 396.866666666664)	(58.0, 325.7499999999987)	(59.0, 521.5833333333331)	(60.0, 87.25)	(61.0, 42.5)	(62.0, 21.0)	(63.0, 8.0)	(64.0, 1.5)	(65.0, 0.0)	(66.0, 0.0)	(67.0, 0.0)	(68.0, 0.0)	(69.0, 0.0)	(70.0, 0.0)	(71.0, 0.0)	(72.0, 0.0)	(73.0, 0.0)	(74.0, 0.0)	(75.0, 0.0)	(76.0, 0.0)	(77.0, 0.0)	(78.0, 0.0)	(79.0, 0.0)	(80.0, 0.0)	(81.0, 0.0)	(82.0, 0.0)	(83.0, 0.0)	(84.0, 0.0)	(85.0, 0.0)	(86.0, 0.0)	(87.0, 0.0)	(88.0, 0.0)	(89.0, 0.0)	(90.0, 0.0)	(91.0, 0.0)	(92.0, 0.0)	(93.0, 0.0)	(94.0, 0.0)	(95.0, 0.0)	(96.0, 0.0)	(97.0, 0.0)	(98.0, 0.0)	(99.0, 0.0)	(100.0, 0.0)
SRR926507	(0.0, 0.0)	(1.0, 0.0)	(2.0, 0.0)	(3.0, 0.0)	(4.0, 0.0)	(5.0, 0.0)	(6.0, 0.0)	(7.0, 0.0)	(8.0, 0.0)	(9.0, 0.0)	(10.0, 0.0)	(11.0, 0.0)	(12.0, 0.0)	(13.0, 0.0)	(14.0, 0.0)	(15.0, 0.0)	(16.0, 0.0)	(17.0, 0.0)	(18.0, 0.0)	(19.0, 0.0)	(20.0, 0.0)	(21.0, 0.0)	(22.0, 0.0)	(23.0, 0.0)	(24.0, 0.0)	(25.0, 0.0)	(26.0, 0.0)	(27.0, 0.0)	(28.0, 0.0)	(29.0, 0.0)	(30.0, 0.0)	(31.0, 0.0)	(32.0, 0.0)	(33.0, 0.0)	(34.0, 0.0)	(35.0, 0.0)	(36.0, 0.0)	(37.0, 0.0)	(38.0, 0.0)	(39.0, 0.0)	(40.0, 0.0)	(41.0, 0.0)	(42.0, 0.5)	(43.0, 9.5)	(44.0, 13.5)	(45.0, 9.7)	(46.0, 20.433333333333334)	(47.0, 36.13333333333333)	(48.0, 127.03333333333305)	(49.0, 219.1666666666675)	(50.0, 277.66666666666697)	(51.0, 354.48333333333204)	(52.0, 499.98333333332823)	(53.0, 671.3999999999999)	(54.0, 797.5500000000046)	(55.0, 790.4666666666724)	(56.0, 663.3666666666684)	(57.0, 301.13333333333316)	(58.0, 138.31666666666663)	(59.0, 67.66666666666669)	(60.0, 49.86666666666666)	(61.0, 38.23333333333333)	(62.0, 22.749999999999996)	(63.0, 9.616666666666667)	(64.0, 5.466666666666667)	(65.0, 1.0)	(66.0, 0.5)	(67.0, 0.0)	(68.0, 0.0)	(69.0, 0.0)	(70.0, 0.0)	(71.0, 0.0)	(72.0, 0.0)	(73.0, 0.0)	(74.0, 0.0)	(75.0, 0.0)	(76.0, 0.0)	(77.0, 0.0)	(78.0, 0.0)	(79.0, 0.0)	(80.0, 0.0)	(81.0, 0.0)	(82.0, 0.0)	(83.0, 0.0)	(84.0, 0.0)	(85.0, 0.0)	(86.0, 0.0)	(87.0, 0.0)	(88.0, 0.0)	(89.0, 0.0)	(90.0, 0.0)	(91.0, 0.0)	(92.0, 0.0)	(93.0, 0.0)	(94.0, 0.0)	(95.0, 0.0)	(96.0, 0.0)	(97.0, 0.0)	(98.0, 0.0)	(99.0, 0.0)	(100.0, 0.0)
SRR926508	(0.0, 0.0)	(1.0, 0.0)	(2.0, 0.0)	(3.0, 0.0)	(4.0, 0.0)	(5.0, 0.0)	(6.0, 0.0)	(7.0, 0.0)	(8.0, 0.0)	(9.0, 0.0)	(10.0, 0.0)	(11.0, 0.0)	(12.0, 0.0)	(13.0, 0.0)	(14.0, 0.0)	(15.0, 0.0)	(16.0, 0.0)	(17.0, 0.0)	(18.0, 0.0)	(19.0, 0.0)	(20.0, 0.0)	(21.0, 0.0)	(22.0, 0.0)	(23.0, 0.0)	(24.0, 0.0)	(25.0, 0.0)	(26.0, 0.0)	(27.0, 0.0)	(28.0, 0.0)	(29.0, 0.0)	(30.0, 0.0)	(31.0, 0.0)	(32.0, 0.0)	(33.0, 0.0)	(34.0, 0.0)	(35.0, 0.0)	(36.0, 0.0)	(37.0, 0.0)	(38.0, 0.0)	(39.0, 0.0)	(40.0, 0.0)	(41.0, 0.0)	(42.0, 0.0)	(43.0, 1.0)	(44.0, 11.5)	(45.0, 14.5)	(46.0, 6.2)	(47.0, 17.566666666666666)	(48.0, 38.36666666666666)	(49.0, 140.1833333333331)	(50.0, 231.4333333333342)	(51.0, 279.9166666666673)	(52.0, 329.16666666666566)	(53.0, 621.5666666666659)	(54.0, 653.6999999999989)	(55.0, 755.0333333333388)	(56.0, 736.3000000000053)	(57.0, 487.68333333333027)	(58.0, 276.16666666666663)	(59.0, 141.45000000000007)	(60.0, 104.30000000000004)	(61.0, 44.78333333333334)	(62.0, 39.61666666666666)	(63.0, 43.199999999999996)	(64.0, 28.799999999999997)	(65.0, 11.5)	(66.0, 4.5)	(67.0, 0.0)	(68.0, 0.0)	(69.0, 0.0)	(70.0, 0.0)	(71.0, 0.0)	(72.0, 0.0)	(73.0, 0.0)	(74.0, 0.0)	(75.0, 0.0)	(76.0, 0.0)	(77.0, 0.0)	(78.0, 0.0)	(79.0, 0.0)	(80.0, 0.0)	(81.0, 0.0)	(82.0, 0.0)	(83.0, 0.0)	(84.0, 0.0)	(85.0, 0.0)	(86.0, 0.0)	(87.0, 0.0)	(88.0, 0.0)	(89.0, 0.0)	(90.0, 0.0)	(91.0, 0.0)	(92.0, 0.0)	(93.0, 0.0)	(94.0, 0.0)	(95.0, 0.0)	(96.0, 0.0)	(97.0, 0.0)	(98.0, 0.0)	(99.0, 0.0)	(100.0, 0.0)
SRR926509	(0.0, 0.0)	(1.0, 0.0)	(2.0, 0.0)	(3.0, 0.0)	(4.0, 0.0)	(5.0, 0.0)	(6.0, 0.0)	(7.0, 0.0)	(8.0, 0.0)	(9.0, 0.0)	(10.0, 0.0)	(11.0, 0.0)	(12.0, 0.0)	(13.0, 0.0)	(14.0, 0.0)	(15.0, 0.0)	(16.0, 0.0)	(17.0, 0.0)	(18.0, 0.0)	(19.0, 0.0)	(20.0, 0.0)	(21.0, 0.0)	(22.0, 0.0)	(23.0, 0.0)	(24.0, 0.0)	(25.0, 0.0)	(26.0, 0.0)	(27.0, 0.0)	(28.0, 0.0)	(29.0, 0.0)	(30.0, 0.0)	(31.0, 0.0)	(32.0, 0.0)	(33.0, 0.0)	(34.0, 0.0)	(35.0, 0.0)	(36.0, 0.0)	(37.0, 0.0)	(38.0, 0.0)	(39.0, 0.0)	(40.0, 0.0)	(41.0, 0.0)	(42.0, 0.0)	(43.0, 23.5)	(44.0, 27.0)	(45.0, 5.0)	(46.0, 7.4)	(47.0, 24.433333333333326)	(48.0, 175.30000000000015)	(49.0, 241.2833333333343)	(50.0, 292.66666666666447)	(51.0, 447.01666666666125)	(52.0, 417.84999999999803)	(53.0, 916.8666666666712)	(54.0, 548.5833333333302)	(55.0, 542.0666666666638)	(56.0, 431.63333333333105)	(57.0, 227.56666666666695)	(58.0, 116.68333333333328)	(59.0, 74.16666666666667)	(60.0, 47.65)	(61.0, 26.38333333333333)	(62.0, 14.416666666666668)	(63.0, 4.1)	(64.0, 1.2333333333333332)	(65.0, 0.3333333333333333)	(66.0, 0.0)	(67.0, 0.0)	(68.0, 0.0)	(69.0, 0.0)	(70.0, 0.0)	(71.0, 0.0)	(72.0, 0.0)	(73.0, 0.0)	(74.0, 0.0)	(75.0, 0.0)	(76.0, 0.0)	(77.0, 0.0)	(78.0, 0.0)	(79.0, 0.0)	(80.0, 0.0)	(81.0, 0.0)	(82.0, 0.0)	(83.0, 0.0)	(84.0, 0.0)	(85.0, 0.0)	(86.0, 0.0)	(87.0, 0.0)	(88.0, 0.0)	(89.0, 0.0)	(90.0, 0.0)	(91.0, 0.0)	(92.0, 0.0)	(93.0, 0.0)	(94.0, 0.0)	(95.0, 0.0)	(96.0, 0.0)	(97.0, 0.0)	(98.0, 0.0)	(99.0, 0.0)	(100.0, 0.0)
SRR926510	(0.0, 0.0)	(1.0, 0.0)	(2.0, 0.0)	(3.0, 0.0)	(4.0, 0.0)	(5.0, 0.0)	(6.0, 0.0)	(7.0, 0.0)	(8.0, 0.0)	(9.0, 0.0)	(10.0, 0.0)	(11.0, 0.0)	(12.0, 0.0)	(13.0, 0.0)	(14.0, 0.0)	(15.0, 0.0)	(16.0, 0.0)	(17.0, 0.0)	(18.0, 0.0)	(19.0, 0.0)	(20.0, 0.0)	(21.0, 0.0)	(22.0, 0.0)	(23.0, 0.0)	(24.0, 0.0)	(25.0, 0.0)	(26.0, 0.0)	(27.0, 0.0)	(28.0, 0.0)	(29.0, 0.0)	(30.0, 0.0)	(31.0, 0.0)	(32.0, 0.0)	(33.0, 0.0)	(34.0, 0.0)	(35.0, 0.0)	(36.0, 0.0)	(37.0, 0.0)	(38.0, 0.0)	(39.0, 0.0)	(40.0, 0.0)	(41.0, 0.0)	(42.0, 0.0)	(43.0, 0.0)	(44.0, 0.0)	(45.0, 0.0)	(46.0, 0.0)	(47.0, 0.0)	(48.0, 2.0)	(49.0, 6.533333333333334)	(50.0, 46.16666666666665)	(51.0, 99.13333333333311)	(52.0, 347.9666666666575)	(53.0, 276.48333333332965)	(54.0, 504.13333333332935)	(55.0, 464.28333333333154)	(56.0, 1472.0499999999715)	(57.0, 518.7499999999914)	(58.0, 196.08333333333422)	(59.0, 371.08333333333314)	(60.0, 87.75)	(61.0, 49.0)	(62.0, 31.5)	(63.0, 13.0)	(64.0, 2.5)	(65.0, 0.5)	(66.0, 0.0)	(67.0, 0.0)	(68.0, 0.0)	(69.0, 0.0)	(70.0, 0.0)	(71.0, 0.0)	(72.0, 0.0)	(73.0, 0.0)	(74.0, 0.0)	(75.0, 0.0)	(76.0, 0.0)	(77.0, 0.0)	(78.0, 0.0)	(79.0, 0.0)	(80.0, 0.0)	(81.0, 0.0)	(82.0, 0.0)	(83.0, 0.0)	(84.0, 0.0)	(85.0, 0.0)	(86.0, 0.0)	(87.0, 0.0)	(88.0, 0.0)	(89.0, 0.0)	(90.0, 0.0)	(91.0, 0.0)	(92.0, 0.0)	(93.0, 0.0)	(94.0, 0.0)	(95.0, 0.0)	(96.0, 0.0)	(97.0, 0.0)	(98.0, 0.0)	(99.0, 0.0)	(100.0, 0.0)
SRR926511	(0.0, 0.0)	(1.0, 0.0)	(2.0, 0.0)	(3.0, 0.0)	(4.0, 0.0)	(5.0, 0.0)	(6.0, 0.0)	(7.0, 0.0)	(8.0, 0.0)	(9.0, 0.0)	(10.0, 0.0)	(11.0, 0.0)	(12.0, 0.0)	(13.0, 0.0)	(14.0, 0.0)	(15.0, 0.0)	(16.0, 0.0)	(17.0, 0.0)	(18.0, 0.0)	(19.0, 0.0)	(20.0, 0.0)	(21.0, 0.0)	(22.0, 0.0)	(23.0, 0.0)	(24.0, 0.0)	(25.0, 0.0)	(26.0, 0.0)	(27.0, 0.0)	(28.0, 0.0)	(29.0, 0.0)	(30.0, 0.0)	(31.0, 0.0)	(32.0, 0.0)	(33.0, 0.0)	(34.0, 0.0)	(35.0, 0.0)	(36.0, 0.0)	(37.0, 0.0)	(38.0, 0.0)	(39.0, 0.0)	(40.0, 0.0)	(41.0, 0.5)	(42.0, 6.0)	(43.0, 29.5)	(44.0, 29.5)	(45.0, 9.0)	(46.0, 13.233333333333334)	(47.0, 37.199999999999996)	(48.0, 113.53333333333318)	(49.0, 170.86666666666696)	(50.0, 188.08333333333388)	(51.0, 274.7833333333337)	(52.0, 365.7499999999977)	(53.0, 461.7666666666615)	(54.0, 527.56666666666)	(55.0, 527.2499999999949)	(56.0, 464.116666666664)	(57.0, 209.93333333333385)	(58.0, 101.01666666666662)	(59.0, 62.699999999999996)	(60.0, 32.36666666666666)	(61.0, 19.516666666666666)	(62.0, 10.083333333333334)	(63.0, 3.283333333333333)	(64.0, 2.4)	(65.0, 0.5)	(66.0, 0.0)	(67.0, 0.0)	(68.0, 0.0)	(69.0, 0.0)	(70.0, 0.0)	(71.0, 0.0)	(72.0, 0.0)	(73.0, 0.0)	(74.0, 0.0)	(75.0, 0.0)	(76.0, 0.0)	(77.0, 0.0)	(78.0, 0.0)	(79.0, 0.0)	(80.0, 0.0)	(81.0, 0.0)	(82.0, 0.0)	(83.0, 0.0)	(84.0, 0.0)	(85.0, 0.0)	(86.0, 0.0)	(87.0, 0.0)	(88.0, 0.0)	(89.0, 0.0)	(90.0, 0.0)	(91.0, 0.0)	(92.0, 0.0)	(93.0, 0.0)	(94.0, 0.0)	(95.0, 0.0)	(96.0, 0.0)	(97.0, 0.0)	(98.0, 0.0)	(99.0, 0.0)	(100.0, 0.0)
SRR926512	(0.0, 0.0)	(1.0, 0.0)	(2.0, 0.0)	(3.0, 0.0)	(4.0, 0.0)	(5.0, 0.0)	(6.0, 0.0)	(7.0, 0.0)	(8.0, 0.0)	(9.0, 0.0)	(10.0, 0.0)	(11.0, 0.0)	(12.0, 0.0)	(13.0, 0.0)	(14.0, 0.0)	(15.0, 0.0)	(16.0, 0.0)	(17.0, 0.0)	(18.0, 0.0)	(19.0, 0.0)	(20.0, 0.0)	(21.0, 0.0)	(22.0, 0.0)	(23.0, 0.0)	(24.0, 0.0)	(25.0, 0.0)	(26.0, 0.0)	(27.0, 0.0)	(28.0, 0.0)	(29.0, 0.0)	(30.0, 0.0)	(31.0, 0.0)	(32.0, 0.0)	(33.0, 0.0)	(34.0, 0.0)	(35.0, 0.0)	(36.0, 0.0)	(37.0, 0.0)	(38.0, 0.0)	(39.0, 0.0)	(40.0, 0.0)	(41.0, 8.5)	(42.0, 22.5)	(43.0, 23.5)	(44.0, 15.5)	(45.0, 17.0)	(46.0, 32.29999999999999)	(47.0, 75.06666666666668)	(48.0, 152.18333333333322)	(49.0, 134.61666666666645)	(50.0, 278.966666666667)	(51.0, 409.9666666666641)	(52.0, 377.98333333333204)	(53.0, 467.9333333333281)	(54.0, 563.566666666663)	(55.0, 518.1999999999955)	(56.0, 434.61666666666343)	(57.0, 219.46666666666712)	(58.0, 156.23333333333346)	(59.0, 75.86666666666666)	(60.0, 21.633333333333322)	(61.0, 10.15)	(62.0, 8.983333333333334)	(63.0, 3.9000000000000004)	(64.0, 0.6000000000000001)	(65.0, 0.16666666666666666)	(66.0, 0.0)	(67.0, 0.0)	(68.0, 0.0)	(69.0, 0.0)	(70.0, 0.0)	(71.0, 0.0)	(72.0, 0.0)	(73.0, 0.0)	(74.0, 0.0)	(75.0, 0.0)	(76.0, 0.0)	(77.0, 0.0)	(78.0, 0.0)	(79.0, 0.0)	(80.0, 0.0)	(81.0, 0.0)	(82.0, 0.0)	(83.0, 0.0)	(84.0, 0.0)	(85.0, 0.0)	(86.0, 0.0)	(87.0, 0.0)	(88.0, 0.0)	(89.0, 0.0)	(90.0, 0.0)	(91.0, 0.0)	(92.0, 0.0)	(93.0, 0.0)	(94.0, 0.0)	(95.0, 0.0)	(96.0, 0.0)	(97.0, 0.0)	(98.0, 0.0)	(99.0, 0.0)	(100.0, 0.0)
SRR926513	(0.0, 0.0)	(1.0, 0.0)	(2.0, 0.0)	(3.0, 0.0)	(4.0, 0.0)	(5.0, 0.0)	(6.0, 0.0)	(7.0, 0.0)	(8.0, 0.0)	(9.0, 0.0)	(10.0, 0.0)	(11.0, 0.0)	(12.0, 0.0)	(13.0, 0.0)	(14.0, 0.0)	(15.0, 0.0)	(16.0, 0.0)	(17.0, 0.0)	(18.0, 0.0)	(19.0, 0.0)	(20.0, 0.0)	(21.0, 0.0)	(22.0, 0.0)	(23.0, 0.0)	(24.0, 0.0)	(25.0, 0.0)	(26.0, 0.0)	(27.0, 0.0)	(28.0, 0.0)	(29.0, 0.0)	(30.0, 0.0)	(31.0, 0.0)	(32.0, 0.0)	(33.0, 0.0)	(34.0, 0.0)	(35.0, 0.0)	(36.0, 0.0)	(37.0, 0.0)	(38.0, 0.0)	(39.0, 0.0)	(40.0, 0.5)	(41.0, 6.5)	(42.0, 26.0)	(43.0, 30.5)	(44.0, 16.0)	(45.0, 13.5)	(46.0, 24.366666666666667)	(47.0, 53.6666666666667)	(48.0, 103.96666666666644)	(49.0, 129.19999999999993)	(50.0, 212.03333333333407)	(51.0, 318.43333333333277)	(52.0, 388.8833333333308)	(53.0, 459.2999999999946)	(54.0, 562.5166666666634)	(55.0, 470.6999999999956)	(56.0, 422.13333333333037)	(57.0, 180.9166666666671)	(58.0, 135.5333333333333)	(59.0, 101.40000000000002)	(60.0, 34.766666666666644)	(61.0, 10.016666666666667)	(62.0, 6.883333333333334)	(63.0, 3.95)	(64.0, 1.5999999999999999)	(65.0, 0.0)	(66.0, 0.0)	(67.0, 0.0)	(68.0, 0.0)	(69.0, 0.0)	(70.0, 0.0)	(71.0, 0.0)	(72.0, 0.0)	(73.0, 0.0)	(74.0, 0.0)	(75.0, 0.0)	(76.0, 0.0)	(77.0, 0.0)	(78.0, 0.0)	(79.0, 0.0)	(80.0, 0.0)	(81.0, 0.0)	(82.0, 0.0)	(83.0, 0.0)	(84.0, 0.0)	(85.0, 0.0)	(86.0, 0.0)	(87.0, 0.0)	(88.0, 0.0)	(89.0, 0.0)	(90.0, 0.0)	(91.0, 0.0)	(92.0, 0.0)	(93.0, 0.0)	(94.0, 0.0)	(95.0, 0.0)	(96.0, 0.0)	(97.0, 0.0)	(98.0, 0.0)	(99.0, 0.0)	(100.0, 0.0)
SRR926514	(0.0, 0.0)	(1.0, 0.0)	(2.0, 0.0)	(3.0, 0.0)	(4.0, 0.0)	(5.0, 0.0)	(6.0, 0.0)	(7.0, 0.0)	(8.0, 0.0)	(9.0, 0.0)	(10.0, 0.0)	(11.0, 0.0)	(12.0, 0.0)	(13.0, 0.0)	(14.0, 0.0)	(15.0, 0.0)	(16.0, 0.0)	(17.0, 0.0)	(18.0, 0.0)	(19.0, 0.0)	(20.0, 0.0)	(21.0, 0.0)	(22.0, 0.0)	(23.0, 0.0)	(24.0, 0.0)	(25.0, 0.0)	(26.0, 0.0)	(27.0, 0.0)	(28.0, 0.0)	(29.0, 0.0)	(30.0, 0.0)	(31.0, 0.0)	(32.0, 0.0)	(33.0, 0.0)	(34.0, 0.0)	(35.0, 0.0)	(36.0, 0.0)	(37.0, 0.0)	(38.0, 0.0)	(39.0, 0.0)	(40.0, 0.0)	(41.0, 0.0)	(42.0, 0.5)	(43.0, 4.0)	(44.0, 6.5)	(45.0, 6.833333333333333)	(46.0, 8.366666666666667)	(47.0, 28.633333333333315)	(48.0, 57.416666666666735)	(49.0, 78.9)	(50.0, 136.7500000000001)	(51.0, 195.36666666666721)	(52.0, 227.31666666666766)	(53.0, 316.01666666666586)	(54.0, 542.2166666666618)	(55.0, 623.0499999999992)	(56.0, 770.5000000000051)	(57.0, 643.2166666666694)	(58.0, 273.40000000000015)	(59.0, 107.79999999999993)	(60.0, 61.5666666666667)	(61.0, 14.383333333333335)	(62.0, 11.366666666666667)	(63.0, 9.5)	(64.0, 6.2)	(65.0, 2.5)	(66.0, 1.2)	(67.0, 0.0)	(68.0, 0.0)	(69.0, 0.0)	(70.0, 0.0)	(71.0, 0.0)	(72.0, 0.0)	(73.0, 0.0)	(74.0, 0.0)	(75.0, 0.0)	(76.0, 0.0)	(77.0, 0.0)	(78.0, 0.0)	(79.0, 0.0)	(80.0, 0.0)	(81.0, 0.0)	(82.0, 0.0)	(83.0, 0.0)	(84.0, 0.0)	(85.0, 0.0)	(86.0, 0.0)	(87.0, 0.0)	(88.0, 0.0)	(89.0, 0.0)	(90.0, 0.0)	(91.0, 0.0)	(92.0, 0.0)	(93.0, 0.0)	(94.0, 0.0)	(95.0, 0.0)	(96.0, 0.0)	(97.0, 0.0)	(98.0, 0.0)	(99.0, 0.0)	(100.0, 0.0)
SRR926515	(0.0, 0.0)	(1.0, 0.0)	(2.0, 0.0)	(3.0, 0.0)	(4.0, 0.0)	(5.0, 0.0)	(6.0, 0.0)	(7.0, 0.0)	(8.0, 0.0)	(9.0, 0.0)	(10.0, 0.0)	(11.0, 0.0)	(12.0, 0.0)	(13.0, 0.0)	(14.0, 0.0)	(15.0, 0.0)	(16.0, 0.0)	(17.0, 0.0)	(18.0, 0.0)	(19.0, 0.0)	(20.0, 0.0)	(21.0, 0.0)	(22.0, 0.0)	(23.0, 0.0)	(24.0, 0.0)	(25.0, 0.0)	(26.0, 0.0)	(27.0, 0.0)	(28.0, 0.0)	(29.0, 0.0)	(30.0, 0.0)	(31.0, 0.0)	(32.0, 0.0)	(33.0, 0.0)	(34.0, 0.0)	(35.0, 0.0)	(36.0, 0.0)	(37.0, 0.0)	(38.0, 0.0)	(39.0, 0.0)	(40.0, 0.0)	(41.0, 2.0)	(42.0, 7.5)	(43.0, 7.5)	(44.0, 3.5)	(45.0, 10.0)	(46.0, 48.233333333333334)	(47.0, 69.63333333333337)	(48.0, 60.85000000000002)	(49.0, 79.08333333333334)	(50.0, 155.23333333333332)	(51.0, 271.78333333333404)	(52.0, 395.1166666666638)	(53.0, 489.26666666666125)	(54.0, 683.9833333333303)	(55.0, 473.43333333332714)	(56.0, 545.8666666666637)	(57.0, 591.1833333333336)	(58.0, 124.93333333333324)	(59.0, 31.73333333333333)	(60.0, 8.816666666666666)	(61.0, 4.666666666666666)	(62.0, 2.033333333333333)	(63.0, 2.283333333333333)	(64.0, 1.4)	(65.0, 0.0)	(66.0, 0.0)	(67.0, 0.25)	(68.0, 0.0)	(69.0, 0.0)	(70.0, 0.0)	(71.0, 0.0)	(72.0, 0.0)	(73.0, 0.0)	(74.0, 0.0)	(75.0, 0.0)	(76.0, 0.0)	(77.0, 0.0)	(78.0, 0.0)	(79.0, 0.0)	(80.0, 0.0)	(81.0, 0.0)	(82.0, 0.0)	(83.0, 0.0)	(84.0, 0.0)	(85.0, 0.0)	(86.0, 0.0)	(87.0, 0.0)	(88.0, 0.0)	(89.0, 0.0)	(90.0, 0.0)	(91.0, 0.0)	(92.0, 0.0)	(93.0, 0.0)	(94.0, 0.0)	(95.0, 0.0)	(96.0, 0.0)	(97.0, 0.0)	(98.0, 0.0)	(99.0, 0.0)	(100.0, 0.0)
SRR926516	(0.0, 0.0)	(1.0, 0.0)	(2.0, 0.0)	(3.0, 0.0)	(4.0, 0.0)	(5.0, 0.0)	(6.0, 0.0)	(7.0, 0.0)	(8.0, 0.0)	(9.0, 0.0)	(10.0, 0.0)	(11.0, 0.0)	(12.0, 0.0)	(13.0, 0.0)	(14.0, 0.0)	(15.0, 0.0)	(16.0, 0.0)	(17.0, 0.0)	(18.0, 0.0)	(19.0, 0.0)	(20.0, 0.0)	(21.0, 0.0)	(22.0, 0.0)	(23.0, 0.0)	(24.0, 0.0)	(25.0, 0.0)	(26.0, 0.0)	(27.0, 0.0)	(28.0, 0.0)	(29.0, 0.0)	(30.0, 0.0)	(31.0, 0.0)	(32.0, 0.0)	(33.0, 0.0)	(34.0, 0.0)	(35.0, 0.0)	(36.0, 0.0)	(37.0, 0.0)	(38.0, 0.0)	(39.0, 0.0)	(40.0, 0.0)	(41.0, 0.0)	(42.0, 1.5)	(43.0, 2.5)	(44.0, 3.0)	(45.0, 6.5)	(46.0, 15.066666666666666)	(47.0, 31.899999999999977)	(48.0, 57.050000000000054)	(49.0, 91.21666666666658)	(50.0, 158.10000000000036)	(51.0, 189.33333333333385)	(52.0, 242.70000000000095)	(53.0, 360.74999999999847)	(54.0, 427.64999999999617)	(55.0, 459.76666666666307)	(56.0, 498.14999999999645)	(57.0, 277.3333333333336)	(58.0, 200.31666666666723)	(59.0, 216.50000000000009)	(60.0, 58.75000000000002)	(61.0, 29.199999999999996)	(62.0, 12.016666666666667)	(63.0, 5.050000000000001)	(64.0, 2.1166666666666667)	(65.0, 0.5)	(66.0, 0.0)	(67.0, 0.0)	(68.0, 0.0)	(69.0, 0.0)	(70.0, 0.0)	(71.0, 0.0)	(72.0, 0.0)	(73.0, 0.0)	(74.0, 0.0)	(75.0, 0.0)	(76.0, 0.0)	(77.0, 0.0)	(78.0, 0.0)	(79.0, 0.0)	(80.0, 0.0)	(81.0, 0.0)	(82.0, 0.0)	(83.0, 0.0)	(84.0, 0.0)	(85.0, 0.0)	(86.0, 0.0)	(87.0, 0.0)	(88.0, 0.0)	(89.0, 0.0)	(90.0, 0.0)	(91.0, 0.0)	(92.0, 0.0)	(93.0, 0.0)	(94.0, 0.0)	(95.0, 0.0)	(96.0, 0.0)	(97.0, 0.0)	(98.0, 0.0)	(99.0, 0.0)	(100.0, 0.0)
SRR926517	(0.0, 0.0)	(1.0, 0.0)	(2.0, 0.0)	(3.0, 0.0)	(4.0, 0.0)	(5.0, 0.0)	(6.0, 0.0)	(7.0, 0.0)	(8.0, 0.0)	(9.0, 0.0)	(10.0, 0.0)	(11.0, 0.0)	(12.0, 0.0)	(13.0, 0.0)	(14.0, 0.0)	(15.0, 0.0)	(16.0, 0.0)	(17.0, 0.0)	(18.0, 0.0)	(19.0, 0.0)	(20.0, 0.0)	(21.0, 0.0)	(22.0, 0.0)	(23.0, 0.0)	(24.0, 0.0)	(25.0, 0.0)	(26.0, 0.0)	(27.0, 0.0)	(28.0, 0.0)	(29.0, 0.0)	(30.0, 0.0)	(31.0, 0.0)	(32.0, 0.0)	(33.0, 0.0)	(34.0, 0.0)	(35.0, 0.0)	(36.0, 0.0)	(37.0, 0.0)	(38.0, 0.0)	(39.0, 0.0)	(40.0, 0.0)	(41.0, 0.0)	(42.0, 0.0)	(43.0, 0.0)	(44.0, 0.0)	(45.0, 0.0)	(46.0, 0.0)	(47.0, 0.0)	(48.0, 0.4)	(49.0, 0.4)	(50.0, 0.2)	(51.0, 7.100000000000003)	(52.0, 274.1999999999935)	(53.0, 230.5999999999977)	(54.0, 140.59999999999994)	(55.0, 458.81666666666615)	(56.0, 1471.2166666666385)	(57.0, 496.94999999999106)	(58.0, 418.983333333328)	(59.0, 953.4500000000008)	(60.0, 120.83333333333333)	(61.0, 50.3)	(62.0, 28.75)	(63.0, 12.5)	(64.0, 3.0)	(65.0, 1.0)	(66.0, 0.5)	(67.0, 0.0)	(68.0, 0.0)	(69.0, 0.0)	(70.0, 0.0)	(71.0, 0.0)	(72.0, 0.0)	(73.0, 0.0)	(74.0, 0.0)	(75.0, 0.0)	(76.0, 0.0)	(77.0, 0.0)	(78.0, 0.0)	(79.0, 0.0)	(80.0, 0.0)	(81.0, 0.0)	(82.0, 0.0)	(83.0, 0.0)	(84.0, 0.0)	(85.0, 0.0)	(86.0, 0.0)	(87.0, 0.0)	(88.0, 0.0)	(89.0, 0.0)	(90.0, 0.0)	(91.0, 0.0)	(92.0, 0.0)	(93.0, 0.0)	(94.0, 0.0)	(95.0, 0.0)	(96.0, 0.0)	(97.0, 0.0)	(98.0, 0.0)	(99.0, 0.0)	(100.0, 0.0)
SRR926518	(0.0, 0.0)	(1.0, 0.0)	(2.0, 0.0)	(3.0, 0.0)	(4.0, 0.0)	(5.0, 0.0)	(6.0, 0.0)	(7.0, 0.0)	(8.0, 0.0)	(9.0, 0.0)	(10.0, 0.0)	(11.0, 0.0)	(12.0, 0.0)	(13.0, 0.0)	(14.0, 0.0)	(15.0, 0.0)	(16.0, 0.0)	(17.0, 0.0)	(18.0, 0.0)	(19.0, 0.0)	(20.0, 0.0)	(21.0, 0.0)	(22.0, 0.0)	(23.0, 0.0)	(24.0, 0.0)	(25.0, 0.0)	(26.0, 0.0)	(27.0, 0.0)	(28.0, 0.0)	(29.0, 0.0)	(30.0, 0.0)	(31.0, 0.0)	(32.0, 0.0)	(33.0, 0.0)	(34.0, 0.0)	(35.0, 0.0)	(36.0, 0.0)	(37.0, 0.0)	(38.0, 0.0)	(39.0, 0.0)	(40.0, 0.0)	(41.0, 0.0)	(42.0, 1.5)	(43.0, 21.5)	(44.0, 26.5)	(45.0, 16.5)	(46.0, 32.9)	(47.0, 106.09999999999987)	(48.0, 190.5166666666671)	(49.0, 226.4000000000005)	(50.0, 289.3000000000002)	(51.0, 377.299999999998)	(52.0, 476.3666666666611)	(53.0, 622.8499999999985)	(54.0, 732.7333333333355)	(55.0, 633.9333333333319)	(56.0, 489.2999999999967)	(57.0, 298.1666666666664)	(58.0, 193.45000000000027)	(59.0, 132.96666666666673)	(60.0, 73.18333333333335)	(61.0, 38.36666666666667)	(62.0, 16.0)	(63.0, 7.7)	(64.0, 2.2)	(65.0, 0.0)	(66.0, 0.0)	(67.0, 0.0)	(68.0, 0.0)	(69.0, 0.0)	(70.0, 0.0)	(71.0, 0.0)	(72.0, 0.0)	(73.0, 0.0)	(74.0, 0.0)	(75.0, 0.0)	(76.0, 0.0)	(77.0, 0.0)	(78.0, 0.0)	(79.0, 0.0)	(80.0, 0.0)	(81.0, 0.0)	(82.0, 0.0)	(83.0, 0.0)	(84.0, 0.0)	(85.0, 0.0)	(86.0, 0.0)	(87.0, 0.0)	(88.0, 0.0)	(89.0, 0.0)	(90.0, 0.0)	(91.0, 0.0)	(92.0, 0.0)	(93.0, 0.0)	(94.0, 0.0)	(95.0, 0.0)	(96.0, 0.0)	(97.0, 0.0)	(98.0, 0.0)	(99.0, 0.0)	(100.0, 0.0)
SRR926519	(0.0, 0.0)	(1.0, 0.0)	(2.0, 0.0)	(3.0, 0.0)	(4.0, 0.0)	(5.0, 0.0)	(6.0, 0.0)	(7.0, 0.0)	(8.0, 0.0)	(9.0, 0.0)	(10.0, 0.0)	(11.0, 0.0)	(12.0, 0.0)	(13.0, 0.0)	(14.0, 0.0)	(15.0, 0.0)	(16.0, 0.0)	(17.0, 0.0)	(18.0, 0.0)	(19.0, 0.0)	(20.0, 0.0)	(21.0, 0.0)	(22.0, 0.0)	(23.0, 0.0)	(24.0, 0.0)	(25.0, 0.0)	(26.0, 0.0)	(27.0, 0.0)	(28.0, 0.0)	(29.0, 0.0)	(30.0, 0.0)	(31.0, 0.0)	(32.0, 0.0)	(33.0, 0.0)	(34.0, 0.0)	(35.0, 0.0)	(36.0, 0.0)	(37.0, 0.0)	(38.0, 0.0)	(39.0, 0.0)	(40.0, 0.0)	(41.0, 0.0)	(42.0, 1.0)	(43.0, 14.0)	(44.0, 17.5)	(45.0, 10.333333333333332)	(46.0, 36.93333333333333)	(47.0, 98.23333333333329)	(48.0, 113.63333333333321)	(49.0, 141.44999999999996)	(50.0, 266.4333333333336)	(51.0, 363.3833333333315)	(52.0, 434.1166666666628)	(53.0, 644.7333333333327)	(54.0, 706.5666666666675)	(55.0, 640.6833333333332)	(56.0, 630.0833333333342)	(57.0, 415.08333333333104)	(58.0, 248.7500000000006)	(59.0, 240.16666666666674)	(60.0, 96.6500000000001)	(61.0, 52.69999999999999)	(62.0, 24.833333333333332)	(63.0, 11.133333333333333)	(64.0, 4.55)	(65.0, 0.75)	(66.0, 0.45)	(67.0, 0.2)	(68.0, 0.0)	(69.0, 0.0)	(70.0, 0.0)	(71.0, 0.0)	(72.0, 0.0)	(73.0, 0.0)	(74.0, 0.0)	(75.0, 0.0)	(76.0, 0.0)	(77.0, 0.0)	(78.0, 0.0)	(79.0, 0.0)	(80.0, 0.0)	(81.0, 0.0)	(82.0, 0.0)	(83.0, 0.0)	(84.0, 0.0)	(85.0, 0.0)	(86.0, 0.0)	(87.0, 0.0)	(88.0, 0.0)	(89.0, 0.0)	(90.0, 0.0)	(91.0, 0.0)	(92.0, 0.0)	(93.0, 0.0)	(94.0, 0.0)	(95.0, 0.0)	(96.0, 0.0)	(97.0, 0.0)	(98.0, 0.0)	(99.0, 0.0)	(100.0, 0.0)
SRR926520	(0.0, 0.0)	(1.0, 0.0)	(2.0, 0.0)	(3.0, 0.0)	(4.0, 0.0)	(5.0, 0.0)	(6.0, 0.0)	(7.0, 0.0)	(8.0, 0.0)	(9.0, 0.0)	(10.0, 0.0)	(11.0, 0.0)	(12.0, 0.0)	(13.0, 0.0)	(14.0, 0.0)	(15.0, 0.0)	(16.0, 0.0)	(17.0, 0.0)	(18.0, 0.0)	(19.0, 0.0)	(20.0, 0.0)	(21.0, 0.0)	(22.0, 0.0)	(23.0, 0.0)	(24.0, 0.0)	(25.0, 0.0)	(26.0, 0.0)	(27.0, 0.0)	(28.0, 0.0)	(29.0, 0.0)	(30.0, 0.0)	(31.0, 0.0)	(32.0, 0.0)	(33.0, 0.0)	(34.0, 0.0)	(35.0, 0.0)	(36.0, 0.0)	(37.0, 0.0)	(38.0, 0.0)	(39.0, 0.0)	(40.0, 0.0)	(41.0, 0.0)	(42.0, 0.0)	(43.0, 10.5)	(44.0, 14.0)	(45.0, 7.833333333333333)	(46.0, 16.5)	(47.0, 46.733333333333334)	(48.0, 68.1833333333334)	(49.0, 123.44999999999987)	(50.0, 204.10000000000036)	(51.0, 306.3833333333332)	(52.0, 416.23333333333005)	(53.0, 607.9333333333325)	(54.0, 684.3833333333333)	(55.0, 666.8999999999991)	(56.0, 670.5166666666661)	(57.0, 389.38333333333185)	(58.0, 333.79999999999916)	(59.0, 352.6833333333329)	(60.0, 116.3166666666667)	(61.0, 61.10000000000001)	(62.0, 25.666666666666668)	(63.0, 9.0)	(64.0, 4.533333333333333)	(65.0, 1.0)	(66.0, 0.0)	(67.0, 0.0)	(68.0, 0.0)	(69.0, 0.0)	(70.0, 0.0)	(71.0, 0.0)	(72.0, 0.0)	(73.0, 0.0)	(74.0, 0.0)	(75.0, 0.0)	(76.0, 0.0)	(77.0, 0.0)	(78.0, 0.0)	(79.0, 0.0)	(80.0, 0.0)	(81.0, 0.0)	(82.0, 0.0)	(83.0, 0.0)	(84.0, 0.0)	(85.0, 0.0)	(86.0, 0.0)	(87.0, 0.0)	(88.0, 0.0)	(89.0, 0.0)	(90.0, 0.0)	(91.0, 0.0)	(92.0, 0.0)	(93.0, 0.0)	(94.0, 0.0)	(95.0, 0.0)	(96.0, 0.0)	(97.0, 0.0)	(98.0, 0.0)	(99.0, 0.0)	(100.0, 0.0)
SRR926521	(0.0, 0.0)	(1.0, 0.0)	(2.0, 0.0)	(3.0, 0.0)	(4.0, 0.0)	(5.0, 0.0)	(6.0, 0.0)	(7.0, 0.0)	(8.0, 0.0)	(9.0, 0.0)	(10.0, 0.0)	(11.0, 0.0)	(12.0, 0.0)	(13.0, 0.0)	(14.0, 0.0)	(15.0, 0.0)	(16.0, 0.0)	(17.0, 0.0)	(18.0, 0.0)	(19.0, 0.0)	(20.0, 0.0)	(21.0, 0.0)	(22.0, 0.0)	(23.0, 0.0)	(24.0, 0.0)	(25.0, 0.0)	(26.0, 0.0)	(27.0, 0.0)	(28.0, 0.0)	(29.0, 0.0)	(30.0, 0.0)	(31.0, 0.0)	(32.0, 0.0)	(33.0, 0.0)	(34.0, 0.0)	(35.0, 0.0)	(36.0, 0.0)	(37.0, 0.0)	(38.0, 0.0)	(39.0, 0.0)	(40.0, 0.0)	(41.0, 0.0)	(42.0, 0.0)	(43.0, 0.0)	(44.0, 0.0)	(45.0, 0.0)	(46.0, 0.0)	(47.0, 0.0)	(48.0, 0.4)	(49.0, 3.6)	(50.0, 10.783333333333335)	(51.0, 21.566666666666663)	(52.0, 151.1000000000008)	(53.0, 201.70000000000113)	(54.0, 393.69999999999686)	(55.0, 846.4666666666678)	(56.0, 821.1333333333374)	(57.0, 322.04999999999905)	(58.0, 295.0833333333331)	(59.0, 456.1666666666665)	(60.0, 144.45)	(61.0, 86.25)	(62.0, 44.5)	(63.0, 18.0)	(64.0, 7.0)	(65.0, 2.5)	(66.0, 0.5)	(67.0, 0.0)	(68.0, 0.0)	(69.0, 0.0)	(70.0, 0.0)	(71.0, 0.0)	(72.0, 0.0)	(73.0, 0.0)	(74.0, 0.0)	(75.0, 0.0)	(76.0, 0.0)	(77.0, 0.0)	(78.0, 0.0)	(79.0, 0.0)	(80.0, 0.0)	(81.0, 0.0)	(82.0, 0.0)	(83.0, 0.0)	(84.0, 0.0)	(85.0, 0.0)	(86.0, 0.0)	(87.0, 0.0)	(88.0, 0.0)	(89.0, 0.0)	(90.0, 0.0)	(91.0, 0.0)	(92.0, 0.0)	(93.0, 0.0)	(94.0, 0.0)	(95.0, 0.0)	(96.0, 0.0)	(97.0, 0.0)	(98.0, 0.0)	(99.0, 0.0)	(100.0, 0.0)
SRR926522	(0.0, 0.0)	(1.0, 0.0)	(2.0, 0.0)	(3.0, 0.0)	(4.0, 0.0)	(5.0, 0.0)	(6.0, 0.0)	(7.0, 0.0)	(8.0, 0.0)	(9.0, 0.0)	(10.0, 0.0)	(11.0, 0.0)	(12.0, 0.0)	(13.0, 0.0)	(14.0, 0.0)	(15.0, 0.0)	(16.0, 0.0)	(17.0, 0.0)	(18.0, 0.0)	(19.0, 0.0)	(20.0, 0.0)	(21.0, 0.0)	(22.0, 0.0)	(23.0, 0.0)	(24.0, 0.0)	(25.0, 0.0)	(26.0, 0.0)	(27.0, 0.0)	(28.0, 0.0)	(29.0, 0.0)	(30.0, 0.0)	(31.0, 0.0)	(32.0, 0.0)	(33.0, 0.0)	(34.0, 0.0)	(35.0, 0.0)	(36.0, 0.0)	(37.0, 0.0)	(38.0, 0.0)	(39.0, 0.0)	(40.0, 0.5)	(41.0, 0.5)	(42.0, 4.5)	(43.0, 10.0)	(44.0, 17.833333333333332)	(45.0, 25.333333333333332)	(46.0, 44.2)	(47.0, 60.100000000000016)	(48.0, 72.11666666666669)	(49.0, 109.76666666666658)	(50.0, 205.2166666666673)	(51.0, 298.5999999999994)	(52.0, 435.51666666666387)	(53.0, 546.5999999999976)	(54.0, 572.233333333331)	(55.0, 642.7000000000014)	(56.0, 602.1166666666661)	(57.0, 253.8166666666671)	(58.0, 131.33333333333314)	(59.0, 119.85)	(60.0, 65.60000000000002)	(61.0, 38.53333333333334)	(62.0, 22.116666666666664)	(63.0, 11.95)	(64.0, 7.083333333333333)	(65.0, 1.5)	(66.0, 0.8)	(67.0, 0.0)	(68.0, 0.0)	(69.0, 0.0)	(70.0, 0.0)	(71.0, 0.0)	(72.0, 0.0)	(73.0, 0.0)	(74.0, 0.0)	(75.0, 0.0)	(76.0, 0.0)	(77.0, 0.0)	(78.0, 0.0)	(79.0, 0.0)	(80.0, 0.0)	(81.0, 0.0)	(82.0, 0.0)	(83.0, 0.0)	(84.0, 0.0)	(85.0, 0.0)	(86.0, 0.0)	(87.0, 0.0)	(88.0, 0.0)	(89.0, 0.0)	(90.0, 0.0)	(91.0, 0.0)	(92.0, 0.0)	(93.0, 0.0)	(94.0, 0.0)	(95.0, 0.0)	(96.0, 0.0)	(97.0, 0.0)	(98.0, 0.0)	(99.0, 0.0)	(100.0, 0.0)
SRR926523	(0.0, 0.0)	(1.0, 0.0)	(2.0, 0.0)	(3.0, 0.0)	(4.0, 0.0)	(5.0, 0.0)	(6.0, 0.0)	(7.0, 0.0)	(8.0, 0.0)	(9.0, 0.0)	(10.0, 0.0)	(11.0, 0.0)	(12.0, 0.0)	(13.0, 0.0)	(14.0, 0.0)	(15.0, 0.0)	(16.0, 0.0)	(17.0, 0.0)	(18.0, 0.0)	(19.0, 0.0)	(20.0, 0.0)	(21.0, 0.0)	(22.0, 0.0)	(23.0, 0.0)	(24.0, 0.0)	(25.0, 0.0)	(26.0, 0.0)	(27.0, 0.0)	(28.0, 0.0)	(29.0, 0.0)	(30.0, 0.0)	(31.0, 0.0)	(32.0, 0.0)	(33.0, 0.0)	(34.0, 0.0)	(35.0, 0.0)	(36.0, 0.0)	(37.0, 0.0)	(38.0, 0.0)	(39.0, 0.0)	(40.0, 0.0)	(41.0, 0.0)	(42.0, 7.5)	(43.0, 17.0)	(44.0, 25.833333333333332)	(45.0, 26.866666666666664)	(46.0, 35.53333333333333)	(47.0, 52.10000000000002)	(48.0, 83.56666666666663)	(49.0, 110.78333333333318)	(50.0, 213.70000000000064)	(51.0, 309.8833333333328)	(52.0, 410.64999999999725)	(53.0, 527.8166666666617)	(54.0, 614.1833333333317)	(55.0, 709.3833333333376)	(56.0, 814.7000000000078)	(57.0, 427.049999999998)	(58.0, 227.1833333333337)	(59.0, 204.35000000000014)	(60.0, 106.48333333333336)	(61.0, 68.83333333333336)	(62.0, 19.75)	(63.0, 9.483333333333333)	(64.0, 2.0666666666666664)	(65.0, 0.25)	(66.0, 0.25)	(67.0, 0.0)	(68.0, 0.0)	(69.0, 0.0)	(70.0, 0.0)	(71.0, 0.0)	(72.0, 0.0)	(73.0, 0.0)	(74.0, 0.0)	(75.0, 0.0)	(76.0, 0.0)	(77.0, 0.0)	(78.0, 0.0)	(79.0, 0.0)	(80.0, 0.0)	(81.0, 0.0)	(82.0, 0.0)	(83.0, 0.0)	(84.0, 0.0)	(85.0, 0.0)	(86.0, 0.0)	(87.0, 0.0)	(88.0, 0.0)	(89.0, 0.0)	(90.0, 0.0)	(91.0, 0.0)	(92.0, 0.0)	(93.0, 0.0)	(94.0, 0.0)	(95.0, 0.0)	(96.0, 0.0)	(97.0, 0.0)	(98.0, 0.0)	(99.0, 0.0)	(100.0, 0.0)
SRR926524	(0.0, 0.0)	(1.0, 0.0)	(2.0, 0.0)	(3.0, 0.0)	(4.0, 0.0)	(5.0, 0.0)	(6.0, 0.0)	(7.0, 0.0)	(8.0, 0.0)	(9.0, 0.0)	(10.0, 0.0)	(11.0, 0.0)	(12.0, 0.0)	(13.0, 0.0)	(14.0, 0.0)	(15.0, 0.0)	(16.0, 0.0)	(17.0, 0.0)	(18.0, 0.0)	(19.0, 0.0)	(20.0, 0.0)	(21.0, 0.0)	(22.0, 0.0)	(23.0, 0.0)	(24.0, 0.0)	(25.0, 0.0)	(26.0, 0.0)	(27.0, 0.0)	(28.0, 0.0)	(29.0, 0.0)	(30.0, 0.0)	(31.0, 0.0)	(32.0, 0.0)	(33.0, 0.0)	(34.0, 0.0)	(35.0, 0.0)	(36.0, 0.0)	(37.0, 0.0)	(38.0, 0.0)	(39.0, 0.0)	(40.0, 0.5)	(41.0, 0.5)	(42.0, 6.5)	(43.0, 11.0)	(44.0, 8.5)	(45.0, 10.833333333333334)	(46.0, 17.500000000000004)	(47.0, 26.13333333333332)	(48.0, 40.383333333333326)	(49.0, 75.65000000000002)	(50.0, 190.86666666666704)	(51.0, 328.3833333333321)	(52.0, 450.63333333333065)	(53.0, 625.649999999999)	(54.0, 672.1)	(55.0, 675.9833333333357)	(56.0, 738.5666666666715)	(57.0, 445.4999999999971)	(58.0, 282.71666666666664)	(59.0, 212.53333333333333)	(60.0, 111.50000000000003)	(61.0, 85.48333333333328)	(62.0, 10.816666666666666)	(63.0, 4.783333333333333)	(64.0, 0.7)	(65.0, 1.5)	(66.0, 1.3)	(67.0, 0.0)	(68.0, 0.0)	(69.0, 0.0)	(70.0, 0.0)	(71.0, 0.0)	(72.0, 0.0)	(73.0, 0.0)	(74.0, 0.0)	(75.0, 0.0)	(76.0, 0.0)	(77.0, 0.0)	(78.0, 0.0)	(79.0, 0.0)	(80.0, 0.0)	(81.0, 0.0)	(82.0, 0.0)	(83.0, 0.0)	(84.0, 0.0)	(85.0, 0.0)	(86.0, 0.0)	(87.0, 0.0)	(88.0, 0.0)	(89.0, 0.0)	(90.0, 0.0)	(91.0, 0.0)	(92.0, 0.0)	(93.0, 0.0)	(94.0, 0.0)	(95.0, 0.0)	(96.0, 0.0)	(97.0, 0.0)	(98.0, 0.0)	(99.0, 0.0)	(100.0, 0.0)
SRR926525	(0.0, 0.0)	(1.0, 0.0)	(2.0, 0.0)	(3.0, 0.0)	(4.0, 0.0)	(5.0, 0.0)	(6.0, 0.0)	(7.0, 0.0)	(8.0, 0.0)	(9.0, 0.0)	(10.0, 0.0)	(11.0, 0.0)	(12.0, 0.0)	(13.0, 0.0)	(14.0, 0.0)	(15.0, 0.0)	(16.0, 0.0)	(17.0, 0.0)	(18.0, 0.0)	(19.0, 0.0)	(20.0, 0.0)	(21.0, 0.0)	(22.0, 0.0)	(23.0, 0.0)	(24.0, 0.0)	(25.0, 0.0)	(26.0, 0.0)	(27.0, 0.0)	(28.0, 0.0)	(29.0, 0.0)	(30.0, 0.0)	(31.0, 0.0)	(32.0, 0.0)	(33.0, 0.0)	(34.0, 0.0)	(35.0, 0.0)	(36.0, 0.0)	(37.0, 0.0)	(38.0, 0.0)	(39.0, 0.0)	(40.0, 0.0)	(41.0, 0.0)	(42.0, 0.0)	(43.0, 0.0)	(44.0, 0.0)	(45.0, 0.0)	(46.0, 0.0)	(47.0, 0.0)	(48.0, 1.4)	(49.0, 9.466666666666665)	(50.0, 52.85)	(51.0, 133.24999999999983)	(52.0, 275.46666666666385)	(53.0, 231.28333333333222)	(54.0, 485.666666666662)	(55.0, 578.9833333333319)	(56.0, 1067.083333333341)	(57.0, 387.19999999999686)	(58.0, 378.31666666666325)	(59.0, 701.4166666666672)	(60.0, 177.16666666666669)	(61.0, 82.5)	(62.0, 37.5)	(63.0, 10.5)	(64.0, 2.0)	(65.0, 1.0)	(66.0, 0.5)	(67.0, 0.0)	(68.0, 0.0)	(69.0, 0.0)	(70.0, 0.0)	(71.0, 0.0)	(72.0, 0.0)	(73.0, 0.0)	(74.0, 0.0)	(75.0, 0.0)	(76.0, 0.0)	(77.0, 0.0)	(78.0, 0.0)	(79.0, 0.0)	(80.0, 0.0)	(81.0, 0.0)	(82.0, 0.0)	(83.0, 0.0)	(84.0, 0.0)	(85.0, 0.0)	(86.0, 0.0)	(87.0, 0.0)	(88.0, 0.0)	(89.0, 0.0)	(90.0, 0.0)	(91.0, 0.0)	(92.0, 0.0)	(93.0, 0.0)	(94.0, 0.0)	(95.0, 0.0)	(96.0, 0.0)	(97.0, 0.0)	(98.0, 0.0)	(99.0, 0.0)	(100.0, 0.0)
SRR926526	(0.0, 0.0)	(1.0, 0.0)	(2.0, 0.0)	(3.0, 0.0)	(4.0, 0.0)	(5.0, 0.0)	(6.0, 0.0)	(7.0, 0.0)	(8.0, 0.0)	(9.0, 0.0)	(10.0, 0.0)	(11.0, 0.0)	(12.0, 0.0)	(13.0, 0.0)	(14.0, 0.0)	(15.0, 0.0)	(16.0, 0.0)	(17.0, 0.0)	(18.0, 0.0)	(19.0, 0.0)	(20.0, 0.0)	(21.0, 0.0)	(22.0, 0.0)	(23.0, 0.0)	(24.0, 0.0)	(25.0, 0.0)	(26.0, 0.0)	(27.0, 0.0)	(28.0, 0.0)	(29.0, 0.0)	(30.0, 0.0)	(31.0, 0.0)	(32.0, 0.0)	(33.0, 0.0)	(34.0, 0.0)	(35.0, 0.0)	(36.0, 0.0)	(37.0, 0.0)	(38.0, 0.0)	(39.0, 0.0)	(40.0, 0.0)	(41.0, 0.5)	(42.0, 3.5)	(43.0, 15.5)	(44.0, 20.0)	(45.0, 12.166666666666666)	(46.0, 12.100000000000001)	(47.0, 32.23333333333331)	(48.0, 71.93333333333337)	(49.0, 101.61666666666663)	(50.0, 173.90000000000038)	(51.0, 228.71666666666718)	(52.0, 311.7499999999983)	(53.0, 395.66666666666305)	(54.0, 454.04999999999535)	(55.0, 635.3)	(56.0, 843.8333333333377)	(57.0, 337.8499999999989)	(58.0, 269.8333333333341)	(59.0, 385.44999999999993)	(60.0, 102.8)	(61.0, 51.28333333333334)	(62.0, 29.166666666666668)	(63.0, 12.766666666666666)	(64.0, 3.5500000000000003)	(65.0, 0.75)	(66.0, 0.0)	(67.0, 0.4)	(68.0, 0.4)	(69.0, 0.0)	(70.0, 0.0)	(71.0, 0.0)	(72.0, 0.0)	(73.0, 0.0)	(74.0, 0.0)	(75.0, 0.0)	(76.0, 0.0)	(77.0, 0.0)	(78.0, 0.0)	(79.0, 0.0)	(80.0, 0.0)	(81.0, 0.0)	(82.0, 0.0)	(83.0, 0.0)	(84.0, 0.0)	(85.0, 0.0)	(86.0, 0.0)	(87.0, 0.0)	(88.0, 0.0)	(89.0, 0.0)	(90.0, 0.0)	(91.0, 0.0)	(92.0, 0.0)	(93.0, 0.0)	(94.0, 0.0)	(95.0, 0.0)	(96.0, 0.0)	(97.0, 0.0)	(98.0, 0.0)	(99.0, 0.0)	(100.0, 0.0)
SRR926527	(0.0, 0.0)	(1.0, 0.0)	(2.0, 0.0)	(3.0, 0.0)	(4.0, 0.0)	(5.0, 0.0)	(6.0, 0.0)	(7.0, 0.0)	(8.0, 0.0)	(9.0, 0.0)	(10.0, 0.0)	(11.0, 0.0)	(12.0, 0.0)	(13.0, 0.0)	(14.0, 0.0)	(15.0, 0.0)	(16.0, 0.0)	(17.0, 0.0)	(18.0, 0.0)	(19.0, 0.0)	(20.0, 0.0)	(21.0, 0.0)	(22.0, 0.0)	(23.0, 0.0)	(24.0, 0.0)	(25.0, 0.0)	(26.0, 0.0)	(27.0, 0.0)	(28.0, 0.0)	(29.0, 0.0)	(30.0, 0.0)	(31.0, 0.0)	(32.0, 0.0)	(33.0, 0.0)	(34.0, 0.0)	(35.0, 0.0)	(36.0, 0.0)	(37.0, 0.0)	(38.0, 0.0)	(39.0, 0.0)	(40.0, 0.0)	(41.0, 0.0)	(42.0, 1.0)	(43.0, 19.5)	(44.0, 28.0)	(45.0, 22.5)	(46.0, 24.766666666666666)	(47.0, 50.30000000000004)	(48.0, 94.41666666666652)	(49.0, 130.18333333333317)	(50.0, 203.50000000000034)	(51.0, 274.43333333333345)	(52.0, 426.6166666666629)	(53.0, 548.2166666666634)	(54.0, 624.2499999999992)	(55.0, 695.4333333333348)	(56.0, 806.0666666666691)	(57.0, 350.5833333333319)	(58.0, 264.08333333333445)	(59.0, 341.4833333333331)	(60.0, 92.46666666666667)	(61.0, 45.03333333333333)	(62.0, 16.083333333333336)	(63.0, 8.95)	(64.0, 4.25)	(65.0, 0.5)	(66.0, 0.0)	(67.0, 0.0)	(68.0, 0.0)	(69.0, 0.0)	(70.0, 0.0)	(71.0, 0.0)	(72.0, 0.0)	(73.0, 0.0)	(74.0, 0.0)	(75.0, 0.0)	(76.0, 0.0)	(77.0, 0.0)	(78.0, 0.0)	(79.0, 0.0)	(80.0, 0.0)	(81.0, 0.0)	(82.0, 0.0)	(83.0, 0.0)	(84.0, 0.0)	(85.0, 0.0)	(86.0, 0.0)	(87.0, 0.0)	(88.0, 0.0)	(89.0, 0.0)	(90.0, 0.0)	(91.0, 0.0)	(92.0, 0.0)	(93.0, 0.0)	(94.0, 0.0)	(95.0, 0.0)	(96.0, 0.0)	(97.0, 0.0)	(98.0, 0.0)	(99.0, 0.0)	(100.0, 0.0)
SRR926528	(0.0, 0.0)	(1.0, 0.0)	(2.0, 0.0)	(3.0, 0.0)	(4.0, 0.0)	(5.0, 0.0)	(6.0, 0.0)	(7.0, 0.0)	(8.0, 0.0)	(9.0, 0.0)	(10.0, 0.0)	(11.0, 0.0)	(12.0, 0.0)	(13.0, 0.0)	(14.0, 0.0)	(15.0, 0.0)	(16.0, 0.0)	(17.0, 0.0)	(18.0, 0.0)	(19.0, 0.0)	(20.0, 0.0)	(21.0, 0.0)	(22.0, 0.0)	(23.0, 0.0)	(24.0, 0.0)	(25.0, 0.0)	(26.0, 0.0)	(27.0, 0.0)	(28.0, 0.0)	(29.0, 0.0)	(30.0, 0.0)	(31.0, 0.0)	(32.0, 0.0)	(33.0, 0.0)	(34.0, 0.0)	(35.0, 0.0)	(36.0, 0.0)	(37.0, 0.0)	(38.0, 0.0)	(39.0, 0.0)	(40.0, 0.0)	(41.0, 0.0)	(42.0, 0.0)	(43.0, 0.0)	(44.0, 0.0)	(45.0, 0.0)	(46.0, 0.0)	(47.0, 1.0)	(48.0, 4.0)	(49.0, 4.333333333333333)	(50.0, 8.483333333333333)	(51.0, 24.583333333333307)	(52.0, 512.0999999999805)	(53.0, 396.1666666666568)	(54.0, 257.9166666666671)	(55.0, 670.133333333333)	(56.0, 1628.0166666666332)	(57.0, 535.0833333333268)	(58.0, 379.8333333333301)	(59.0, 607.4166666666669)	(60.0, 180.75)	(61.0, 108.7)	(62.0, 60.0)	(63.0, 30.0)	(64.0, 9.0)	(65.0, 0.5)	(66.0, 0.0)	(67.0, 0.0)	(68.0, 0.0)	(69.0, 0.0)	(70.0, 0.0)	(71.0, 0.0)	(72.0, 0.0)	(73.0, 0.0)	(74.0, 0.0)	(75.0, 0.0)	(76.0, 0.0)	(77.0, 0.0)	(78.0, 0.0)	(79.0, 0.0)	(80.0, 0.0)	(81.0, 0.0)	(82.0, 0.0)	(83.0, 0.0)	(84.0, 0.0)	(85.0, 0.0)	(86.0, 0.0)	(87.0, 0.0)	(88.0, 0.0)	(89.0, 0.0)	(90.0, 0.0)	(91.0, 0.0)	(92.0, 0.0)	(93.0, 0.0)	(94.0, 0.0)	(95.0, 0.0)	(96.0, 0.0)	(97.0, 0.0)	(98.0, 0.0)	(99.0, 0.0)	(100.0, 0.0)
SRR926529	(0.0, 0.0)	(1.0, 0.0)	(2.0, 0.0)	(3.0, 0.0)	(4.0, 0.0)	(5.0, 0.0)	(6.0, 0.0)	(7.0, 0.0)	(8.0, 0.0)	(9.0, 0.0)	(10.0, 0.0)	(11.0, 0.0)	(12.0, 0.0)	(13.0, 0.0)	(14.0, 0.0)	(15.0, 0.0)	(16.0, 0.0)	(17.0, 0.0)	(18.0, 0.0)	(19.0, 0.0)	(20.0, 0.0)	(21.0, 0.0)	(22.0, 0.0)	(23.0, 0.0)	(24.0, 0.0)	(25.0, 0.0)	(26.0, 0.0)	(27.0, 0.0)	(28.0, 0.0)	(29.0, 0.0)	(30.0, 0.0)	(31.0, 0.0)	(32.0, 0.0)	(33.0, 0.0)	(34.0, 0.0)	(35.0, 0.0)	(36.0, 0.0)	(37.0, 0.0)	(38.0, 0.0)	(39.0, 0.0)	(40.0, 0.0)	(41.0, 0.0)	(42.0, 13.0)	(43.0, 37.5)	(44.0, 44.5)	(45.0, 30.5)	(46.0, 57.06666666666666)	(47.0, 111.46666666666661)	(48.0, 242.933333333334)	(49.0, 323.64999999999986)	(50.0, 409.9499999999975)	(51.0, 536.7666666666612)	(52.0, 605.3166666666651)	(53.0, 854.3333333333408)	(54.0, 1091.0000000000127)	(55.0, 1118.7500000000057)	(56.0, 802.8833333333383)	(57.0, 400.81666666666536)	(58.0, 175.08333333333346)	(59.0, 106.94999999999999)	(60.0, 53.366666666666674)	(61.0, 26.33333333333333)	(62.0, 20.150000000000002)	(63.0, 17.033333333333335)	(64.0, 7.016666666666667)	(65.0, 1.5)	(66.0, 0.5)	(67.0, 0.0)	(68.0, 0.0)	(69.0, 0.0)	(70.0, 0.0)	(71.0, 0.0)	(72.0, 0.0)	(73.0, 0.0)	(74.0, 0.0)	(75.0, 0.0)	(76.0, 0.0)	(77.0, 0.0)	(78.0, 0.0)	(79.0, 0.0)	(80.0, 0.0)	(81.0, 0.0)	(82.0, 0.0)	(83.0, 0.0)	(84.0, 0.0)	(85.0, 0.0)	(86.0, 0.0)	(87.0, 0.0)	(88.0, 0.0)	(89.0, 0.0)	(90.0, 0.0)	(91.0, 0.0)	(92.0, 0.0)	(93.0, 0.0)	(94.0, 0.0)	(95.0, 0.0)	(96.0, 0.0)	(97.0, 0.0)	(98.0, 0.0)	(99.0, 0.0)	(100.0, 0.0)
SRR926530	(0.0, 0.0)	(1.0, 0.0)	(2.0, 0.0)	(3.0, 0.0)	(4.0, 0.0)	(5.0, 0.0)	(6.0, 0.0)	(7.0, 0.0)	(8.0, 0.0)	(9.0, 0.0)	(10.0, 0.0)	(11.0, 0.0)	(12.0, 0.0)	(13.0, 0.0)	(14.0, 0.0)	(15.0, 0.0)	(16.0, 0.0)	(17.0, 0.0)	(18.0, 0.0)	(19.0, 0.0)	(20.0, 0.0)	(21.0, 0.0)	(22.0, 0.0)	(23.0, 0.0)	(24.0, 0.0)	(25.0, 0.0)	(26.0, 0.0)	(27.0, 0.0)	(28.0, 0.0)	(29.0, 0.0)	(30.0, 0.0)	(31.0, 0.0)	(32.0, 0.0)	(33.0, 0.0)	(34.0, 0.0)	(35.0, 0.0)	(36.0, 0.0)	(37.0, 0.0)	(38.0, 0.0)	(39.0, 0.0)	(40.0, 0.0)	(41.0, 1.5)	(42.0, 31.5)	(43.0, 50.5)	(44.0, 32.5)	(45.0, 25.5)	(46.0, 45.699999999999996)	(47.0, 92.96666666666658)	(48.0, 128.81666666666632)	(49.0, 130.28333333333325)	(50.0, 265.09999999999985)	(51.0, 418.78333333333)	(52.0, 327.9499999999988)	(53.0, 451.19999999999493)	(54.0, 505.18333333332555)	(55.0, 528.0166666666624)	(56.0, 470.3666666666633)	(57.0, 297.4666666666663)	(58.0, 172.43333333333348)	(59.0, 88.9833333333333)	(60.0, 58.983333333333334)	(61.0, 28.95)	(62.0, 13.200000000000001)	(63.0, 7.816666666666666)	(64.0, 3.45)	(65.0, 0.0)	(66.0, 0.0)	(67.0, 0.0)	(68.0, 0.0)	(69.0, 0.0)	(70.0, 0.0)	(71.0, 0.0)	(72.0, 0.0)	(73.0, 0.0)	(74.0, 0.0)	(75.0, 0.0)	(76.0, 0.0)	(77.0, 0.0)	(78.0, 0.0)	(79.0, 0.0)	(80.0, 0.0)	(81.0, 0.0)	(82.0, 0.0)	(83.0, 0.0)	(84.0, 0.0)	(85.0, 0.0)	(86.0, 0.0)	(87.0, 0.0)	(88.0, 0.0)	(89.0, 0.0)	(90.0, 0.0)	(91.0, 0.0)	(92.0, 0.0)	(93.0, 0.0)	(94.0, 0.0)	(95.0, 0.0)	(96.0, 0.0)	(97.0, 0.0)	(98.0, 0.0)	(99.0, 0.0)	(100.0, 0.0)
SRR926531	(0.0, 0.0)	(1.0, 0.0)	(2.0, 0.0)	(3.0, 0.0)	(4.0, 0.0)	(5.0, 0.0)	(6.0, 0.0)	(7.0, 0.0)	(8.0, 0.0)	(9.0, 0.0)	(10.0, 0.0)	(11.0, 0.0)	(12.0, 0.0)	(13.0, 0.0)	(14.0, 0.0)	(15.0, 0.0)	(16.0, 0.0)	(17.0, 0.0)	(18.0, 0.0)	(19.0, 0.0)	(20.0, 0.0)	(21.0, 0.0)	(22.0, 0.0)	(23.0, 0.0)	(24.0, 0.0)	(25.0, 0.0)	(26.0, 0.0)	(27.0, 0.0)	(28.0, 0.0)	(29.0, 0.0)	(30.0, 0.0)	(31.0, 0.0)	(32.0, 0.0)	(33.0, 0.0)	(34.0, 0.0)	(35.0, 0.0)	(36.0, 0.0)	(37.0, 0.0)	(38.0, 0.0)	(39.0, 0.0)	(40.0, 0.0)	(41.0, 0.5)	(42.0, 9.0)	(43.0, 20.0)	(44.0, 17.0)	(45.0, 9.5)	(46.0, 19.733333333333334)	(47.0, 45.933333333333344)	(48.0, 95.53333333333326)	(49.0, 136.8333333333333)	(50.0, 230.48333333333395)	(51.0, 332.51666666666534)	(52.0, 360.2166666666644)	(53.0, 566.4166666666641)	(54.0, 572.3666666666635)	(55.0, 577.4166666666642)	(56.0, 575.8999999999982)	(57.0, 328.74999999999926)	(58.0, 201.85000000000036)	(59.0, 133.31666666666666)	(60.0, 80.60000000000005)	(61.0, 38.75)	(62.0, 19.633333333333333)	(63.0, 7.95)	(64.0, 2.033333333333333)	(65.0, 0.0)	(66.0, 0.0)	(67.0, 0.0)	(68.0, 0.0)	(69.0, 0.0)	(70.0, 0.0)	(71.0, 0.0)	(72.0, 0.0)	(73.0, 0.0)	(74.0, 0.0)	(75.0, 0.0)	(76.0, 0.0)	(77.0, 0.0)	(78.0, 0.0)	(79.0, 0.0)	(80.0, 0.0)	(81.0, 0.0)	(82.0, 0.0)	(83.0, 0.0)	(84.0, 0.0)	(85.0, 0.0)	(86.0, 0.0)	(87.0, 0.0)	(88.0, 0.0)	(89.0, 0.0)	(90.0, 0.0)	(91.0, 0.0)	(92.0, 0.0)	(93.0, 0.0)	(94.0, 0.0)	(95.0, 0.0)	(96.0, 0.0)	(97.0, 0.0)	(98.0, 0.0)	(99.0, 0.0)	(100.0, 0.0)
SRR926532	(0.0, 0.0)	(1.0, 0.0)	(2.0, 0.0)	(3.0, 0.0)	(4.0, 0.0)	(5.0, 0.0)	(6.0, 0.0)	(7.0, 0.0)	(8.0, 0.0)	(9.0, 0.0)	(10.0, 0.0)	(11.0, 0.0)	(12.0, 0.0)	(13.0, 0.0)	(14.0, 0.0)	(15.0, 0.0)	(16.0, 0.0)	(17.0, 0.0)	(18.0, 0.0)	(19.0, 0.0)	(20.0, 0.0)	(21.0, 0.0)	(22.0, 0.0)	(23.0, 0.0)	(24.0, 0.0)	(25.0, 0.0)	(26.0, 0.0)	(27.0, 0.0)	(28.0, 0.0)	(29.0, 0.0)	(30.0, 0.0)	(31.0, 0.0)	(32.0, 0.0)	(33.0, 0.0)	(34.0, 0.0)	(35.0, 0.0)	(36.0, 0.0)	(37.0, 0.0)	(38.0, 0.0)	(39.0, 0.0)	(40.0, 0.0)	(41.0, 0.0)	(42.0, 0.0)	(43.0, 0.0)	(44.0, 0.0)	(45.0, 0.0)	(46.0, 0.0)	(47.0, 0.0)	(48.0, 0.5)	(49.0, 1.9)	(50.0, 33.9333333333333)	(51.0, 59.4500000000001)	(52.0, 559.2499999999862)	(53.0, 462.3333333333202)	(54.0, 300.18333333333305)	(55.0, 803.7833333333328)	(56.0, 2167.9666666666394)	(57.0, 649.4666666666707)	(58.0, 316.9499999999993)	(59.0, 518.6999999999999)	(60.0, 127.16666666666667)	(61.0, 78.75)	(62.0, 54.5)	(63.0, 29.5)	(64.0, 7.0)	(65.0, 0.5)	(66.0, 0.0)	(67.0, 0.0)	(68.0, 0.0)	(69.0, 0.0)	(70.0, 0.0)	(71.0, 0.0)	(72.0, 0.0)	(73.0, 0.0)	(74.0, 0.0)	(75.0, 0.0)	(76.0, 0.0)	(77.0, 0.0)	(78.0, 0.0)	(79.0, 0.0)	(80.0, 0.0)	(81.0, 0.0)	(82.0, 0.0)	(83.0, 0.0)	(84.0, 0.0)	(85.0, 0.0)	(86.0, 0.0)	(87.0, 0.0)	(88.0, 0.0)	(89.0, 0.0)	(90.0, 0.0)	(91.0, 0.0)	(92.0, 0.0)	(93.0, 0.0)	(94.0, 0.0)	(95.0, 0.0)	(96.0, 0.0)	(97.0, 0.0)	(98.0, 0.0)	(99.0, 0.0)	(100.0, 0.0)
SRR926533	(0.0, 0.0)	(1.0, 0.0)	(2.0, 0.0)	(3.0, 0.0)	(4.0, 0.0)	(5.0, 0.0)	(6.0, 0.0)	(7.0, 0.0)	(8.0, 0.0)	(9.0, 0.0)	(10.0, 0.0)	(11.0, 0.0)	(12.0, 0.0)	(13.0, 0.0)	(14.0, 0.0)	(15.0, 0.0)	(16.0, 0.0)	(17.0, 0.0)	(18.0, 0.0)	(19.0, 0.0)	(20.0, 0.0)	(21.0, 0.0)	(22.0, 0.0)	(23.0, 0.0)	(24.0, 0.0)	(25.0, 0.0)	(26.0, 0.0)	(27.0, 0.0)	(28.0, 0.0)	(29.0, 0.0)	(30.0, 0.0)	(31.0, 0.0)	(32.0, 0.0)	(33.0, 0.0)	(34.0, 0.0)	(35.0, 0.0)	(36.0, 0.0)	(37.0, 0.0)	(38.0, 0.0)	(39.0, 0.0)	(40.0, 0.0)	(41.0, 0.0)	(42.0, 10.0)	(43.0, 23.833333333333336)	(44.0, 24.833333333333336)	(45.0, 16.5)	(46.0, 33.7)	(47.0, 69.13333333333337)	(48.0, 83.79999999999995)	(49.0, 122.08333333333314)	(50.0, 197.13333333333375)	(51.0, 268.0000000000003)	(52.0, 368.2999999999977)	(53.0, 491.3999999999945)	(54.0, 605.149999999997)	(55.0, 657.3333333333345)	(56.0, 509.29999999999654)	(57.0, 292.6666666666665)	(58.0, 116.11666666666662)	(59.0, 84.03333333333335)	(60.0, 56.51666666666667)	(61.0, 32.93333333333334)	(62.0, 17.2)	(63.0, 5.9)	(64.0, 0.7)	(65.0, 0.0)	(66.0, 0.0)	(67.0, 0.0)	(68.0, 0.0)	(69.0, 0.0)	(70.0, 0.0)	(71.0, 0.0)	(72.0, 0.0)	(73.0, 0.0)	(74.0, 0.0)	(75.0, 0.0)	(76.0, 0.0)	(77.0, 0.0)	(78.0, 0.0)	(79.0, 0.0)	(80.0, 0.0)	(81.0, 0.0)	(82.0, 0.0)	(83.0, 0.0)	(84.0, 0.0)	(85.0, 0.0)	(86.0, 0.0)	(87.0, 0.0)	(88.0, 0.0)	(89.0, 0.0)	(90.0, 0.0)	(91.0, 0.0)	(92.0, 0.0)	(93.0, 0.0)	(94.0, 0.0)	(95.0, 0.0)	(96.0, 0.0)	(97.0, 0.0)	(98.0, 0.0)	(99.0, 0.0)	(100.0, 0.0)
SRR926534	(0.0, 0.0)	(1.0, 0.0)	(2.0, 0.0)	(3.0, 0.0)	(4.0, 0.0)	(5.0, 0.0)	(6.0, 0.0)	(7.0, 0.0)	(8.0, 0.0)	(9.0, 0.0)	(10.0, 0.0)	(11.0, 0.0)	(12.0, 0.0)	(13.0, 0.0)	(14.0, 0.0)	(15.0, 0.0)	(16.0, 0.0)	(17.0, 0.0)	(18.0, 0.0)	(19.0, 0.0)	(20.0, 0.0)	(21.0, 0.0)	(22.0, 0.0)	(23.0, 0.0)	(24.0, 0.0)	(25.0, 0.0)	(26.0, 0.0)	(27.0, 0.0)	(28.0, 0.0)	(29.0, 0.0)	(30.0, 0.0)	(31.0, 0.0)	(32.0, 0.0)	(33.0, 0.0)	(34.0, 0.0)	(35.0, 0.0)	(36.0, 0.0)	(37.0, 0.0)	(38.0, 0.0)	(39.0, 0.0)	(40.0, 0.0)	(41.0, 0.0)	(42.0, 2.0)	(43.0, 81.0)	(44.0, 114.5)	(45.0, 73.5)	(46.0, 47.43333333333333)	(47.0, 61.966666666666676)	(48.0, 203.63333333333404)	(49.0, 203.03333333333413)	(50.0, 257.1999999999997)	(51.0, 532.5499999999951)	(52.0, 359.86666666666514)	(53.0, 462.6833333333261)	(54.0, 542.7833333333265)	(55.0, 568.6833333333302)	(56.0, 695.0000000000033)	(57.0, 559.0999999999993)	(58.0, 235.3333333333337)	(59.0, 132.48333333333326)	(60.0, 99.7)	(61.0, 49.21666666666667)	(62.0, 38.65)	(63.0, 32.58333333333333)	(64.0, 18.933333333333334)	(65.0, 5.0)	(66.0, 0.5)	(67.0, 0.0)	(68.0, 0.0)	(69.0, 0.0)	(70.0, 0.0)	(71.0, 0.0)	(72.0, 0.0)	(73.0, 0.0)	(74.0, 0.0)	(75.0, 0.0)	(76.0, 0.0)	(77.0, 0.0)	(78.0, 0.0)	(79.0, 0.0)	(80.0, 0.0)	(81.0, 0.0)	(82.0, 0.0)	(83.0, 0.0)	(84.0, 0.0)	(85.0, 0.0)	(86.0, 0.0)	(87.0, 0.0)	(88.0, 0.0)	(89.0, 0.0)	(90.0, 0.0)	(91.0, 0.0)	(92.0, 0.0)	(93.0, 0.0)	(94.0, 0.0)	(95.0, 0.0)	(96.0, 0.0)	(97.0, 0.0)	(98.0, 0.0)	(99.0, 0.0)	(100.0, 0.0)
SRR926535	(0.0, 0.0)	(1.0, 0.0)	(2.0, 0.0)	(3.0, 0.0)	(4.0, 0.0)	(5.0, 0.0)	(6.0, 0.0)	(7.0, 0.0)	(8.0, 0.0)	(9.0, 0.0)	(10.0, 0.0)	(11.0, 0.0)	(12.0, 0.0)	(13.0, 0.0)	(14.0, 0.0)	(15.0, 0.0)	(16.0, 0.0)	(17.0, 0.0)	(18.0, 0.0)	(19.0, 0.0)	(20.0, 0.0)	(21.0, 0.0)	(22.0, 0.0)	(23.0, 0.0)	(24.0, 0.0)	(25.0, 0.0)	(26.0, 0.0)	(27.0, 0.0)	(28.0, 0.0)	(29.0, 0.0)	(30.0, 0.0)	(31.0, 0.0)	(32.0, 0.0)	(33.0, 0.0)	(34.0, 0.0)	(35.0, 0.0)	(36.0, 0.0)	(37.0, 0.0)	(38.0, 0.5)	(39.0, 1.0)	(40.0, 0.5)	(41.0, 0.0)	(42.0, 4.5)	(43.0, 8.5)	(44.0, 6.0)	(45.0, 3.7)	(46.0, 11.0)	(47.0, 17.61666666666667)	(48.0, 31.449999999999978)	(49.0, 72.35000000000007)	(50.0, 117.7666666666667)	(51.0, 196.9000000000005)	(52.0, 306.93333333333214)	(53.0, 367.3833333333308)	(54.0, 469.2666666666615)	(55.0, 644.3333333333321)	(56.0, 867.2500000000061)	(57.0, 473.6166666666631)	(58.0, 430.8666666666622)	(59.0, 545.5499999999994)	(60.0, 128.15000000000003)	(61.0, 63.56666666666667)	(62.0, 28.53333333333333)	(63.0, 8.600000000000001)	(64.0, 1.7)	(65.0, 0.2)	(66.0, 0.0)	(67.0, 0.0)	(68.0, 0.0)	(69.0, 0.0)	(70.0, 0.0)	(71.0, 0.0)	(72.0, 0.0)	(73.0, 0.0)	(74.0, 0.0)	(75.0, 0.0)	(76.0, 0.0)	(77.0, 0.0)	(78.0, 0.0)	(79.0, 0.0)	(80.0, 0.0)	(81.0, 0.0)	(82.0, 0.0)	(83.0, 0.0)	(84.0, 0.0)	(85.0, 0.0)	(86.0, 0.0)	(87.0, 0.0)	(88.0, 0.0)	(89.0, 0.0)	(90.0, 0.0)	(91.0, 0.0)	(92.0, 0.0)	(93.0, 0.0)	(94.0, 0.0)	(95.0, 0.0)	(96.0, 0.0)	(97.0, 0.0)	(98.0, 0.0)	(99.0, 0.0)	(100.0, 0.0)
SRR926536	(0.0, 0.0)	(1.0, 0.0)	(2.0, 0.0)	(3.0, 0.0)	(4.0, 0.0)	(5.0, 0.0)	(6.0, 0.0)	(7.0, 0.0)	(8.0, 0.0)	(9.0, 0.0)	(10.0, 0.0)	(11.0, 0.0)	(12.0, 0.0)	(13.0, 0.0)	(14.0, 0.0)	(15.0, 0.0)	(16.0, 0.0)	(17.0, 0.0)	(18.0, 0.0)	(19.0, 0.0)	(20.0, 0.0)	(21.0, 0.0)	(22.0, 0.0)	(23.0, 0.0)	(24.0, 0.0)	(25.0, 0.0)	(26.0, 0.0)	(27.0, 0.0)	(28.0, 0.0)	(29.0, 0.0)	(30.0, 0.0)	(31.0, 0.0)	(32.0, 0.0)	(33.0, 0.0)	(34.0, 0.0)	(35.0, 0.0)	(36.0, 0.0)	(37.0, 0.0)	(38.0, 0.0)	(39.0, 0.0)	(40.0, 0.0)	(41.0, 0.0)	(42.0, 0.0)	(43.0, 0.0)	(44.0, 0.0)	(45.0, 0.0)	(46.0, 0.0)	(47.0, 0.0)	(48.0, 3.5)	(49.0, 24.533333333333335)	(50.0, 144.9000000000001)	(51.0, 286.3666666666671)	(52.0, 312.0666666666659)	(53.0, 334.29999999999757)	(54.0, 1205.7000000000091)	(55.0, 1008.3833333333433)	(56.0, 597.5333333333326)	(57.0, 359.9499999999984)	(58.0, 150.50000000000003)	(59.0, 134.33333333333331)	(60.0, 92.0)	(61.0, 65.0)	(62.0, 30.5)	(63.0, 15.5)	(64.0, 8.0)	(65.0, 1.5)	(66.0, 0.0)	(67.0, 0.0)	(68.0, 0.0)	(69.0, 0.0)	(70.0, 0.0)	(71.0, 0.0)	(72.0, 0.0)	(73.0, 0.0)	(74.0, 0.0)	(75.0, 0.0)	(76.0, 0.0)	(77.0, 0.0)	(78.0, 0.0)	(79.0, 0.0)	(80.0, 0.0)	(81.0, 0.0)	(82.0, 0.0)	(83.0, 0.0)	(84.0, 0.0)	(85.0, 0.0)	(86.0, 0.0)	(87.0, 0.0)	(88.0, 0.0)	(89.0, 0.0)	(90.0, 0.0)	(91.0, 0.0)	(92.0, 0.0)	(93.0, 0.0)	(94.0, 0.0)	(95.0, 0.0)	(96.0, 0.0)	(97.0, 0.0)	(98.0, 0.0)	(99.0, 0.0)	(100.0, 0.0)
SRR926537	(0.0, 0.0)	(1.0, 0.0)	(2.0, 0.0)	(3.0, 0.0)	(4.0, 0.0)	(5.0, 0.0)	(6.0, 0.0)	(7.0, 0.0)	(8.0, 0.0)	(9.0, 0.0)	(10.0, 0.0)	(11.0, 0.0)	(12.0, 0.0)	(13.0, 0.0)	(14.0, 0.0)	(15.0, 0.0)	(16.0, 0.0)	(17.0, 0.0)	(18.0, 0.0)	(19.0, 0.0)	(20.0, 0.0)	(21.0, 0.0)	(22.0, 0.0)	(23.0, 0.0)	(24.0, 0.0)	(25.0, 0.0)	(26.0, 0.0)	(27.0, 0.0)	(28.0, 0.0)	(29.0, 0.0)	(30.0, 0.0)	(31.0, 0.0)	(32.0, 0.0)	(33.0, 0.0)	(34.0, 0.0)	(35.0, 0.0)	(36.0, 0.0)	(37.0, 0.0)	(38.0, 0.0)	(39.0, 0.0)	(40.0, 0.6666666666666666)	(41.0, 0.6666666666666666)	(42.0, 2.333333333333333)	(43.0, 4.0)	(44.0, 10.0)	(45.0, 11.5)	(46.0, 24.166666666666664)	(47.0, 45.750000000000014)	(48.0, 65.40000000000006)	(49.0, 96.83333333333326)	(50.0, 187.01666666666702)	(51.0, 233.316666666668)	(52.0, 265.61666666666804)	(53.0, 377.899999999998)	(54.0, 544.4833333333283)	(55.0, 684.8666666666708)	(56.0, 569.5333333333324)	(57.0, 286.65000000000015)	(58.0, 119.51666666666658)	(59.0, 87.81666666666665)	(60.0, 44.883333333333326)	(61.0, 26.566666666666666)	(62.0, 15.0)	(63.0, 9.2)	(64.0, 4.5)	(65.0, 0.5)	(66.0, 0.0)	(67.0, 0.0)	(68.0, 0.0)	(69.0, 0.0)	(70.0, 0.0)	(71.0, 0.0)	(72.0, 0.0)	(73.0, 0.0)	(74.0, 0.0)	(75.0, 0.0)	(76.0, 0.0)	(77.0, 0.0)	(78.0, 0.0)	(79.0, 0.0)	(80.0, 0.0)	(81.0, 0.0)	(82.0, 0.0)	(83.0, 0.0)	(84.0, 0.0)	(85.0, 0.0)	(86.0, 0.0)	(87.0, 0.0)	(88.0, 0.0)	(89.0, 0.0)	(90.0, 0.0)	(91.0, 0.0)	(92.0, 0.0)	(93.0, 0.0)	(94.0, 0.0)	(95.0, 0.0)	(96.0, 0.0)	(97.0, 0.0)	(98.0, 0.0)	(99.0, 0.0)	(100.0, 0.0)
SRR926538	(0.0, 0.0)	(1.0, 0.0)	(2.0, 0.0)	(3.0, 0.0)	(4.0, 0.0)	(5.0, 0.0)	(6.0, 0.0)	(7.0, 0.0)	(8.0, 0.0)	(9.0, 0.0)	(10.0, 0.0)	(11.0, 0.0)	(12.0, 0.0)	(13.0, 0.0)	(14.0, 0.0)	(15.0, 0.0)	(16.0, 0.0)	(17.0, 0.0)	(18.0, 0.0)	(19.0, 0.0)	(20.0, 0.0)	(21.0, 0.0)	(22.0, 0.0)	(23.0, 0.0)	(24.0, 0.0)	(25.0, 0.0)	(26.0, 0.0)	(27.0, 0.0)	(28.0, 0.0)	(29.0, 0.0)	(30.0, 0.0)	(31.0, 0.0)	(32.0, 0.0)	(33.0, 0.0)	(34.0, 0.0)	(35.0, 0.0)	(36.0, 0.0)	(37.0, 0.0)	(38.0, 0.0)	(39.0, 0.0)	(40.0, 0.0)	(41.0, 0.0)	(42.0, 1.0)	(43.0, 2.0)	(44.0, 3.5)	(45.0, 6.7)	(46.0, 20.383333333333333)	(47.0, 35.43333333333333)	(48.0, 64.83333333333337)	(49.0, 112.56666666666656)	(50.0, 187.60000000000036)	(51.0, 255.1500000000015)	(52.0, 305.566666666667)	(53.0, 463.91666666666225)	(54.0, 577.5999999999971)	(55.0, 649.2166666666686)	(56.0, 617.4500000000007)	(57.0, 403.5666666666647)	(58.0, 231.10000000000045)	(59.0, 131.5166666666666)	(60.0, 49.716666666666676)	(61.0, 35.75)	(62.0, 23.566666666666666)	(63.0, 13.0)	(64.0, 3.9)	(65.0, 0.7)	(66.0, 0.2)	(67.0, 0.0)	(68.0, 0.0)	(69.0, 0.0)	(70.0, 0.0)	(71.0, 0.0)	(72.0, 0.0)	(73.0, 0.0)	(74.0, 0.0)	(75.0, 0.0)	(76.0, 0.0)	(77.0, 0.0)	(78.0, 0.0)	(79.0, 0.0)	(80.0, 0.0)	(81.0, 0.0)	(82.0, 0.0)	(83.0, 0.0)	(84.0, 0.0)	(85.0, 0.0)	(86.0, 0.0)	(87.0, 0.0)	(88.0, 0.0)	(89.0, 0.0)	(90.0, 0.0)	(91.0, 0.0)	(92.0, 0.0)	(93.0, 0.0)	(94.0, 0.0)	(95.0, 0.0)	(96.0, 0.0)	(97.0, 0.0)	(98.0, 0.0)	(99.0, 0.0)	(100.0, 0.0)
SRR926539	(0.0, 0.0)	(1.0, 0.0)	(2.0, 0.0)	(3.0, 0.0)	(4.0, 0.0)	(5.0, 0.0)	(6.0, 0.0)	(7.0, 0.0)	(8.0, 0.0)	(9.0, 0.0)	(10.0, 0.0)	(11.0, 0.0)	(12.0, 0.0)	(13.0, 0.0)	(14.0, 0.0)	(15.0, 0.0)	(16.0, 0.0)	(17.0, 0.0)	(18.0, 0.0)	(19.0, 0.0)	(20.0, 0.0)	(21.0, 0.0)	(22.0, 0.0)	(23.0, 0.0)	(24.0, 0.0)	(25.0, 0.0)	(26.0, 0.0)	(27.0, 0.0)	(28.0, 0.0)	(29.0, 0.0)	(30.0, 0.0)	(31.0, 0.0)	(32.0, 0.25)	(33.0, 0.8333333333333333)	(34.0, 0.3333333333333333)	(35.0, 0.5833333333333333)	(36.0, 0.3333333333333333)	(37.0, 1.6666666666666665)	(38.0, 3.1166666666666667)	(39.0, 3.45)	(40.0, 1.6666666666666665)	(41.0, 6.516666666666665)	(42.0, 19.749999999999996)	(43.0, 20.916666666666668)	(44.0, 12.016666666666666)	(45.0, 13.783333333333335)	(46.0, 31.88333333333333)	(47.0, 50.41666666666667)	(48.0, 88.66666666666667)	(49.0, 157.76666666666702)	(50.0, 859.5666666667029)	(51.0, 385.58333333333064)	(52.0, 558.6833333333232)	(53.0, 631.9499999999955)	(54.0, 821.2833333333399)	(55.0, 2756.3166666667453)	(56.0, 1793.9166666666267)	(57.0, 777.55000000001)	(58.0, 744.1833333333374)	(59.0, 1142.4333333333354)	(60.0, 503.7499999999998)	(61.0, 217.58333333333334)	(62.0, 89.5)	(63.0, 37.73333333333333)	(64.0, 27.2)	(65.0, 12.250000000000002)	(66.0, 3.0833333333333335)	(67.0, 0.8333333333333333)	(68.0, 0.0)	(69.0, 3.0)	(70.0, 2.6666666666666665)	(71.0, 0.0)	(72.0, 0.0)	(73.0, 0.0)	(74.0, 0.0)	(75.0, 0.0)	(76.0, 0.0)	(77.0, 0.0)	(78.0, 0.0)	(79.0, 0.0)	(80.0, 0.0)	(81.0, 0.0)	(82.0, 0.0)	(83.0, 0.0)	(84.0, 0.0)	(85.0, 0.0)	(86.0, 0.0)	(87.0, 0.0)	(88.0, 0.0)	(89.0, 0.0)	(90.0, 0.0)	(91.0, 0.0)	(92.0, 0.0)	(93.0, 0.0)	(94.0, 0.0)	(95.0, 0.0)	(96.0, 0.0)	(97.0, 0.0)	(98.0, 0.0)	(99.0, 0.0)	(100.0, 0.0)
SRR926540	(0.0, 0.0)	(1.0, 0.0)	(2.0, 0.0)	(3.0, 0.0)	(4.0, 0.0)	(5.0, 0.0)	(6.0, 0.0)	(7.0, 0.0)	(8.0, 0.0)	(9.0, 0.0)	(10.0, 0.0)	(11.0, 0.0)	(12.0, 0.0)	(13.0, 0.0)	(14.0, 0.0)	(15.0, 0.0)	(16.0, 0.0)	(17.0, 0.0)	(18.0, 0.0)	(19.0, 0.0)	(20.0, 0.0)	(21.0, 0.0)	(22.0, 0.0)	(23.0, 0.0)	(24.0, 0.0)	(25.0, 0.0)	(26.0, 0.0)	(27.0, 0.0)	(28.0, 0.0)	(29.0, 0.0)	(30.0, 0.0)	(31.0, 0.0)	(32.0, 0.25)	(33.0, 0.75)	(34.0, 2.0)	(35.0, 2.25)	(36.0, 2.6666666666666665)	(37.0, 4.666666666666667)	(38.0, 4.75)	(39.0, 4.999999999999999)	(40.0, 3.5000000000000004)	(41.0, 4.999999999999999)	(42.0, 16.75)	(43.0, 29.833333333333336)	(44.0, 42.416666666666664)	(45.0, 37.4)	(46.0, 49.16666666666668)	(47.0, 94.99999999999989)	(48.0, 202.51666666666713)	(49.0, 319.6666666666668)	(50.0, 688.3000000000015)	(51.0, 772.2000000000011)	(52.0, 692.6833333333333)	(53.0, 803.0833333333385)	(54.0, 932.2000000000129)	(55.0, 1092.600000000008)	(56.0, 1412.5666666666507)	(57.0, 876.4500000000083)	(58.0, 531.4499999999966)	(59.0, 592.8833333333332)	(60.0, 213.1666666666668)	(61.0, 73.61666666666669)	(62.0, 32.86666666666667)	(63.0, 14.733333333333333)	(64.0, 8.833333333333334)	(65.0, 2.8333333333333335)	(66.0, 1.6333333333333333)	(67.0, 0.65)	(68.0, 0.2)	(69.0, 0.0)	(70.0, 0.0)	(71.0, 0.0)	(72.0, 0.0)	(73.0, 0.0)	(74.0, 0.0)	(75.0, 0.0)	(76.0, 0.0)	(77.0, 0.0)	(78.0, 0.0)	(79.0, 0.0)	(80.0, 0.0)	(81.0, 0.0)	(82.0, 0.0)	(83.0, 0.0)	(84.0, 0.0)	(85.0, 0.0)	(86.0, 0.0)	(87.0, 0.0)	(88.0, 0.0)	(89.0, 0.0)	(90.0, 0.0)	(91.0, 0.0)	(92.0, 0.0)	(93.0, 0.0)	(94.0, 0.0)	(95.0, 0.0)	(96.0, 0.0)	(97.0, 0.0)	(98.0, 0.0)	(99.0, 0.0)	(100.0, 0.0)
SRR926541	(0.0, 0.0)	(1.0, 0.0)	(2.0, 0.0)	(3.0, 0.0)	(4.0, 0.0)	(5.0, 0.0)	(6.0, 0.0)	(7.0, 0.0)	(8.0, 0.0)	(9.0, 0.0)	(10.0, 0.0)	(11.0, 0.0)	(12.0, 0.0)	(13.0, 0.0)	(14.0, 0.0)	(15.0, 0.0)	(16.0, 0.0)	(17.0, 0.0)	(18.0, 0.0)	(19.0, 0.0)	(20.0, 0.0)	(21.0, 0.0)	(22.0, 0.0)	(23.0, 0.0)	(24.0, 0.0)	(25.0, 0.0)	(26.0, 0.0)	(27.0, 0.0)	(28.0, 0.0)	(29.0, 0.0)	(30.0, 0.0)	(31.0, 0.0)	(32.0, 0.0)	(33.0, 0.0)	(34.0, 0.0)	(35.0, 0.0)	(36.0, 0.0)	(37.0, 0.0)	(38.0, 0.0)	(39.0, 0.0)	(40.0, 0.0)	(41.0, 0.0)	(42.0, 4.2)	(43.0, 16.0)	(44.0, 21.0)	(45.0, 19.733333333333334)	(46.0, 32.43333333333332)	(47.0, 56.96666666666673)	(48.0, 99.84999999999975)	(49.0, 154.70000000000007)	(50.0, 260.2666666666675)	(51.0, 272.9500000000008)	(52.0, 354.8333333333322)	(53.0, 401.7333333333306)	(54.0, 473.1999999999942)	(55.0, 542.8166666666627)	(56.0, 490.0999999999966)	(57.0, 290.6666666666666)	(58.0, 149.85000000000002)	(59.0, 97.74999999999997)	(60.0, 44.74999999999999)	(61.0, 30.116666666666664)	(62.0, 13.366666666666667)	(63.0, 5.45)	(64.0, 1.8333333333333333)	(65.0, 0.7333333333333334)	(66.0, 0.0)	(67.0, 0.0)	(68.0, 0.0)	(69.0, 0.0)	(70.0, 0.0)	(71.0, 0.0)	(72.0, 0.0)	(73.0, 0.0)	(74.0, 0.0)	(75.0, 0.0)	(76.0, 0.0)	(77.0, 0.0)	(78.0, 0.0)	(79.0, 0.0)	(80.0, 0.0)	(81.0, 0.0)	(82.0, 0.0)	(83.0, 0.0)	(84.0, 0.0)	(85.0, 0.0)	(86.0, 0.0)	(87.0, 0.0)	(88.0, 0.0)	(89.0, 0.0)	(90.0, 0.0)	(91.0, 0.0)	(92.0, 0.0)	(93.0, 0.0)	(94.0, 0.0)	(95.0, 0.0)	(96.0, 0.0)	(97.0, 0.0)	(98.0, 0.0)	(99.0, 0.0)	(100.0, 0.0)
SRR926542	(0.0, 0.0)	(1.0, 0.0)	(2.0, 0.0)	(3.0, 0.0)	(4.0, 0.0)	(5.0, 0.0)	(6.0, 0.0)	(7.0, 0.0)	(8.0, 0.0)	(9.0, 0.0)	(10.0, 0.0)	(11.0, 0.0)	(12.0, 0.0)	(13.0, 0.0)	(14.0, 0.0)	(15.0, 0.0)	(16.0, 0.0)	(17.0, 0.0)	(18.0, 0.0)	(19.0, 0.0)	(20.0, 0.0)	(21.0, 0.0)	(22.0, 0.0)	(23.0, 0.0)	(24.0, 0.0)	(25.0, 0.0)	(26.0, 0.0)	(27.0, 0.0)	(28.0, 0.0)	(29.0, 0.0)	(30.0, 0.0)	(31.0, 0.0)	(32.0, 0.0)	(33.0, 0.0)	(34.0, 0.0)	(35.0, 0.5)	(36.0, 1.5)	(37.0, 1.4999999999999998)	(38.0, 4.416666666666667)	(39.0, 3.366666666666667)	(40.0, 5.083333333333333)	(41.0, 18.366666666666667)	(42.0, 26.749999999999993)	(43.0, 13.483333333333336)	(44.0, 13.083333333333332)	(45.0, 14.0)	(46.0, 26.08333333333333)	(47.0, 53.01666666666668)	(48.0, 175.1333333333337)	(49.0, 233.73333333333375)	(50.0, 371.03333333333103)	(51.0, 466.6666666666621)	(52.0, 481.79999999999575)	(53.0, 485.4166666666626)	(54.0, 576.7499999999985)	(55.0, 758.2000000000048)	(56.0, 905.350000000008)	(57.0, 574.3000000000006)	(58.0, 419.4499999999976)	(59.0, 356.8666666666663)	(60.0, 87.75)	(61.0, 34.616666666666646)	(62.0, 10.333333333333332)	(63.0, 8.5)	(64.0, 4.033333333333333)	(65.0, 0.8666666666666667)	(66.0, 0.6666666666666666)	(67.0, 0.0)	(68.0, 0.0)	(69.0, 0.6666666666666666)	(70.0, 0.0)	(71.0, 0.0)	(72.0, 0.0)	(73.0, 0.0)	(74.0, 0.0)	(75.0, 0.0)	(76.0, 0.0)	(77.0, 0.0)	(78.0, 0.0)	(79.0, 0.0)	(80.0, 0.0)	(81.0, 0.0)	(82.0, 0.0)	(83.0, 0.0)	(84.0, 0.0)	(85.0, 0.0)	(86.0, 0.0)	(87.0, 0.0)	(88.0, 0.0)	(89.0, 0.0)	(90.0, 0.0)	(91.0, 0.0)	(92.0, 0.0)	(93.0, 0.0)	(94.0, 0.0)	(95.0, 0.0)	(96.0, 0.0)	(97.0, 0.0)	(98.0, 0.0)	(99.0, 0.0)	(100.0, 0.0)
SRR926543	(0.0, 0.0)	(1.0, 0.0)	(2.0, 0.0)	(3.0, 0.0)	(4.0, 0.0)	(5.0, 0.0)	(6.0, 0.0)	(7.0, 0.0)	(8.0, 0.0)	(9.0, 0.0)	(10.0, 0.0)	(11.0, 0.0)	(12.0, 0.0)	(13.0, 0.0)	(14.0, 0.0)	(15.0, 0.0)	(16.0, 0.0)	(17.0, 0.0)	(18.0, 0.0)	(19.0, 0.0)	(20.0, 0.0)	(21.0, 0.0)	(22.0, 0.0)	(23.0, 0.0)	(24.0, 0.0)	(25.0, 0.0)	(26.0, 0.0)	(27.0, 0.0)	(28.0, 0.0)	(29.0, 0.0)	(30.0, 0.0)	(31.0, 0.0)	(32.0, 0.0)	(33.0, 0.0)	(34.0, 0.0)	(35.0, 0.0)	(36.0, 0.0)	(37.0, 0.0)	(38.0, 0.0)	(39.0, 0.0)	(40.0, 0.0)	(41.0, 0.0)	(42.0, 0.0)	(43.0, 3.5)	(44.0, 7.0)	(45.0, 6.5)	(46.0, 19.166666666666668)	(47.0, 31.166666666666664)	(48.0, 56.73333333333336)	(49.0, 92.38333333333331)	(50.0, 161.06666666666683)	(51.0, 234.76666666666767)	(52.0, 278.35000000000036)	(53.0, 411.6666666666639)	(54.0, 521.7666666666612)	(55.0, 568.8333333333294)	(56.0, 687.7000000000016)	(57.0, 401.7999999999988)	(58.0, 126.7833333333333)	(59.0, 97.54999999999998)	(60.0, 43.183333333333344)	(61.0, 35.18333333333333)	(62.0, 12.983333333333334)	(63.0, 2.2)	(64.0, 0.5)	(65.0, 0.0)	(66.0, 0.0)	(67.0, 0.0)	(68.0, 0.0)	(69.0, 0.0)	(70.0, 0.0)	(71.0, 0.0)	(72.0, 0.0)	(73.0, 0.0)	(74.0, 0.0)	(75.0, 0.0)	(76.0, 0.0)	(77.0, 0.0)	(78.0, 0.0)	(79.0, 0.0)	(80.0, 0.0)	(81.0, 0.0)	(82.0, 0.0)	(83.0, 0.0)	(84.0, 0.0)	(85.0, 0.0)	(86.0, 0.0)	(87.0, 0.0)	(88.0, 0.0)	(89.0, 0.0)	(90.0, 0.0)	(91.0, 0.0)	(92.0, 0.0)	(93.0, 0.0)	(94.0, 0.0)	(95.0, 0.0)	(96.0, 0.0)	(97.0, 0.0)	(98.0, 0.0)	(99.0, 0.0)	(100.0, 0.0)
SRR926544	(0.0, 0.0)	(1.0, 0.0)	(2.0, 0.0)	(3.0, 0.0)	(4.0, 0.0)	(5.0, 0.0)	(6.0, 0.0)	(7.0, 0.0)	(8.0, 0.0)	(9.0, 0.0)	(10.0, 0.0)	(11.0, 0.0)	(12.0, 0.0)	(13.0, 0.0)	(14.0, 0.0)	(15.0, 0.0)	(16.0, 0.0)	(17.0, 0.0)	(18.0, 0.0)	(19.0, 0.0)	(20.0, 0.0)	(21.0, 0.0)	(22.0, 0.0)	(23.0, 0.0)	(24.0, 0.0)	(25.0, 0.0)	(26.0, 0.0)	(27.0, 0.0)	(28.0, 0.0)	(29.0, 0.0)	(30.0, 0.0)	(31.0, 0.0)	(32.0, 0.0)	(33.0, 0.0)	(34.0, 0.0)	(35.0, 0.0)	(36.0, 0.0)	(37.0, 0.0)	(38.0, 0.0)	(39.0, 0.0)	(40.0, 0.0)	(41.0, 0.5)	(42.0, 1.0)	(43.0, 4.0)	(44.0, 5.0)	(45.0, 7.75)	(46.0, 30.016666666666662)	(47.0, 60.083333333333336)	(48.0, 84.44999999999997)	(49.0, 104.01666666666658)	(50.0, 208.51666666666722)	(51.0, 265.83333333333434)	(52.0, 351.04999999999865)	(53.0, 479.0166666666626)	(54.0, 560.1499999999961)	(55.0, 657.7666666666667)	(56.0, 751.4833333333365)	(57.0, 458.0499999999982)	(58.0, 170.23333333333346)	(59.0, 114.13333333333334)	(60.0, 48.599999999999994)	(61.0, 34.05)	(62.0, 20.25)	(63.0, 8.5)	(64.0, 2.5)	(65.0, 0.5)	(66.0, 0.0)	(67.0, 0.0)	(68.0, 0.0)	(69.0, 0.0)	(70.0, 0.0)	(71.0, 0.0)	(72.0, 0.0)	(73.0, 0.0)	(74.0, 0.0)	(75.0, 0.0)	(76.0, 0.0)	(77.0, 0.0)	(78.0, 0.0)	(79.0, 0.0)	(80.0, 0.0)	(81.0, 0.0)	(82.0, 0.0)	(83.0, 0.0)	(84.0, 0.0)	(85.0, 0.0)	(86.0, 0.0)	(87.0, 0.0)	(88.0, 0.0)	(89.0, 0.0)	(90.0, 0.0)	(91.0, 0.0)	(92.0, 0.0)	(93.0, 0.0)	(94.0, 0.0)	(95.0, 0.0)	(96.0, 0.0)	(97.0, 0.0)	(98.0, 0.0)	(99.0, 0.0)	(100.0, 0.0)
SRR926545	(0.0, 0.0)	(1.0, 0.0)	(2.0, 0.0)	(3.0, 0.0)	(4.0, 0.0)	(5.0, 0.0)	(6.0, 0.0)	(7.0, 0.0)	(8.0, 0.0)	(9.0, 0.0)	(10.0, 0.0)	(11.0, 0.0)	(12.0, 0.0)	(13.0, 0.0)	(14.0, 0.0)	(15.0, 0.0)	(16.0, 0.0)	(17.0, 0.0)	(18.0, 0.0)	(19.0, 0.0)	(20.0, 0.0)	(21.0, 0.0)	(22.0, 0.0)	(23.0, 0.0)	(24.0, 0.0)	(25.0, 0.0)	(26.0, 0.0)	(27.0, 0.0)	(28.0, 0.0)	(29.0, 0.0)	(30.0, 0.0)	(31.0, 0.0)	(32.0, 0.3333333333333333)	(33.0, 1.25)	(34.0, 1.9999999999999998)	(35.0, 3.6666666666666665)	(36.0, 7.333333333333332)	(37.0, 9.833333333333332)	(38.0, 14.233333333333338)	(39.0, 21.833333333333325)	(40.0, 19.9)	(41.0, 34.86666666666665)	(42.0, 113.13333333333341)	(43.0, 111.0833333333333)	(44.0, 37.15)	(45.0, 42.83333333333332)	(46.0, 63.5333333333334)	(47.0, 175.5000000000003)	(48.0, 223.66666666666706)	(49.0, 343.09999999999883)	(50.0, 834.2000000000141)	(51.0, 1322.4833333333693)	(52.0, 1807.9999999999766)	(53.0, 2298.083333333387)	(54.0, 2425.816666666731)	(55.0, 2627.4500000000617)	(56.0, 3512.4833333334464)	(57.0, 2908.3166666667275)	(58.0, 1759.0999999999879)	(59.0, 1573.2166666666612)	(60.0, 864.516666666667)	(61.0, 353.11666666666645)	(62.0, 174.88333333333338)	(63.0, 84.83333333333333)	(64.0, 44.78333333333332)	(65.0, 9.916666666666666)	(66.0, 6.583333333333333)	(67.0, 3.25)	(68.0, 2.033333333333333)	(69.0, 4.166666666666667)	(70.0, 1.3333333333333333)	(71.0, 0.5)	(72.0, 0.0)	(73.0, 0.5)	(74.0, 0.5)	(75.0, 0.0)	(76.0, 0.0)	(77.0, 0.0)	(78.0, 0.0)	(79.0, 0.0)	(80.0, 0.0)	(81.0, 0.0)	(82.0, 0.0)	(83.0, 0.0)	(84.0, 0.0)	(85.0, 0.0)	(86.0, 0.0)	(87.0, 0.0)	(88.0, 0.0)	(89.0, 0.0)	(90.0, 0.0)	(91.0, 0.0)	(92.0, 0.0)	(93.0, 0.0)	(94.0, 0.0)	(95.0, 0.0)	(96.0, 0.0)	(97.0, 0.0)	(98.0, 0.0)	(99.0, 0.0)	(100.0, 0.0)
SRR926546	(0.0, 0.0)	(1.0, 0.0)	(2.0, 0.0)	(3.0, 0.0)	(4.0, 0.0)	(5.0, 0.0)	(6.0, 0.0)	(7.0, 0.0)	(8.0, 0.0)	(9.0, 0.0)	(10.0, 0.0)	(11.0, 0.0)	(12.0, 0.0)	(13.0, 0.0)	(14.0, 0.0)	(15.0, 0.0)	(16.0, 0.0)	(17.0, 0.0)	(18.0, 0.0)	(19.0, 0.0)	(20.0, 0.0)	(21.0, 0.0)	(22.0, 0.0)	(23.0, 0.0)	(24.0, 0.0)	(25.0, 0.0)	(26.0, 0.0)	(27.0, 0.0)	(28.0, 0.0)	(29.0, 0.0)	(30.0, 0.0)	(31.0, 0.0)	(32.0, 0.0)	(33.0, 0.0)	(34.0, 0.0)	(35.0, 0.0)	(36.0, 0.0)	(37.0, 0.0)	(38.0, 0.0)	(39.0, 0.3333333333333333)	(40.0, 0.3333333333333333)	(41.0, 0.0)	(42.0, 3.25)	(43.0, 8.0)	(44.0, 7.75)	(45.0, 5.5)	(46.0, 20.650000000000002)	(47.0, 37.349999999999994)	(48.0, 82.49999999999999)	(49.0, 132.8166666666665)	(50.0, 178.3333333333337)	(51.0, 223.35000000000076)	(52.0, 313.51666666666625)	(53.0, 411.64999999999657)	(54.0, 506.76666666665994)	(55.0, 559.3166666666642)	(56.0, 421.5999999999976)	(57.0, 255.7833333333338)	(58.0, 131.21666666666655)	(59.0, 83.39999999999996)	(60.0, 42.73333333333333)	(61.0, 16.8)	(62.0, 8.95)	(63.0, 5.5)	(64.0, 2.0)	(65.0, 0.0)	(66.0, 0.2)	(67.0, 0.0)	(68.0, 0.0)	(69.0, 0.0)	(70.0, 0.0)	(71.0, 0.0)	(72.0, 0.0)	(73.0, 0.0)	(74.0, 0.0)	(75.0, 0.0)	(76.0, 0.0)	(77.0, 0.0)	(78.0, 0.0)	(79.0, 0.0)	(80.0, 0.0)	(81.0, 0.0)	(82.0, 0.0)	(83.0, 0.0)	(84.0, 0.0)	(85.0, 0.0)	(86.0, 0.0)	(87.0, 0.0)	(88.0, 0.0)	(89.0, 0.0)	(90.0, 0.0)	(91.0, 0.0)	(92.0, 0.0)	(93.0, 0.0)	(94.0, 0.0)	(95.0, 0.0)	(96.0, 0.0)	(97.0, 0.0)	(98.0, 0.0)	(99.0, 0.0)	(100.0, 0.0)
SRR926547	(0.0, 0.0)	(1.0, 0.0)	(2.0, 0.0)	(3.0, 0.0)	(4.0, 0.0)	(5.0, 0.0)	(6.0, 0.0)	(7.0, 0.0)	(8.0, 0.0)	(9.0, 0.0)	(10.0, 0.0)	(11.0, 0.0)	(12.0, 0.0)	(13.0, 0.0)	(14.0, 0.0)	(15.0, 0.0)	(16.0, 0.0)	(17.0, 0.0)	(18.0, 0.0)	(19.0, 0.0)	(20.0, 0.0)	(21.0, 0.0)	(22.0, 0.0)	(23.0, 0.0)	(24.0, 0.0)	(25.0, 0.0)	(26.0, 0.0)	(27.0, 0.0)	(28.0, 0.0)	(29.0, 0.0)	(30.0, 0.0)	(31.0, 0.0)	(32.0, 0.0)	(33.0, 0.0)	(34.0, 0.0)	(35.0, 0.0)	(36.0, 0.0)	(37.0, 0.0)	(38.0, 0.0)	(39.0, 0.0)	(40.0, 0.0)	(41.0, 0.0)	(42.0, 5.5)	(43.0, 13.0)	(44.0, 16.5)	(45.0, 13.5)	(46.0, 27.749999999999996)	(47.0, 48.60000000000002)	(48.0, 78.28333333333332)	(49.0, 120.43333333333314)	(50.0, 204.26666666666725)	(51.0, 304.683333333333)	(52.0, 347.24999999999875)	(53.0, 501.1333333333282)	(54.0, 664.6000000000005)	(55.0, 657.2500000000027)	(56.0, 573.3999999999991)	(57.0, 359.88333333333225)	(58.0, 233.6333333333338)	(59.0, 137.56666666666672)	(60.0, 65.78333333333337)	(61.0, 39.183333333333344)	(62.0, 13.466666666666669)	(63.0, 8.183333333333335)	(64.0, 4.583333333333333)	(65.0, 0.25)	(66.0, 0.0)	(67.0, 0.0)	(68.0, 0.0)	(69.0, 0.0)	(70.0, 0.0)	(71.0, 0.0)	(72.0, 0.0)	(73.0, 0.0)	(74.0, 0.0)	(75.0, 0.0)	(76.0, 0.0)	(77.0, 0.0)	(78.0, 0.0)	(79.0, 0.0)	(80.0, 0.0)	(81.0, 0.0)	(82.0, 0.0)	(83.0, 0.0)	(84.0, 0.0)	(85.0, 0.0)	(86.0, 0.0)	(87.0, 0.0)	(88.0, 0.0)	(89.0, 0.0)	(90.0, 0.0)	(91.0, 0.0)	(92.0, 0.0)	(93.0, 0.0)	(94.0, 0.0)	(95.0, 0.0)	(96.0, 0.0)	(97.0, 0.0)	(98.0, 0.0)	(99.0, 0.0)	(100.0, 0.0)
SRR926548	(0.0, 0.0)	(1.0, 0.0)	(2.0, 0.0)	(3.0, 0.0)	(4.0, 0.0)	(5.0, 0.0)	(6.0, 0.0)	(7.0, 0.0)	(8.0, 0.0)	(9.0, 0.0)	(10.0, 0.0)	(11.0, 0.0)	(12.0, 0.0)	(13.0, 0.0)	(14.0, 0.0)	(15.0, 0.0)	(16.0, 0.0)	(17.0, 0.0)	(18.0, 0.0)	(19.0, 0.0)	(20.0, 0.0)	(21.0, 0.0)	(22.0, 0.0)	(23.0, 0.0)	(24.0, 0.0)	(25.0, 0.0)	(26.0, 0.0)	(27.0, 0.0)	(28.0, 0.0)	(29.0, 0.3333333333333333)	(30.0, 0.0)	(31.0, 0.0)	(32.0, 0.0)	(33.0, 2.6666666666666665)	(34.0, 3.5000000000000004)	(35.0, 1.4166666666666665)	(36.0, 2.583333333333333)	(37.0, 5.249999999999999)	(38.0, 7.499999999999999)	(39.0, 14.250000000000007)	(40.0, 14.283333333333337)	(41.0, 19.099999999999998)	(42.0, 55.58333333333339)	(43.0, 53.366666666666674)	(44.0, 36.66666666666666)	(45.0, 36.699999999999996)	(46.0, 52.866666666666696)	(47.0, 73.25000000000006)	(48.0, 114.58333333333312)	(49.0, 170.2833333333336)	(50.0, 370.6666666666653)	(51.0, 634.9166666666674)	(52.0, 866.7166666666806)	(53.0, 1083.9166666666904)	(54.0, 1837.9500000000517)	(55.0, 1524.9666666666874)	(56.0, 2201.6166666666513)	(57.0, 1399.983333333309)	(58.0, 816.8000000000089)	(59.0, 1234.6000000000008)	(60.0, 752.5499999999997)	(61.0, 288.3500000000006)	(62.0, 127.39999999999995)	(63.0, 62.08333333333334)	(64.0, 40.416666666666664)	(65.0, 16.083333333333336)	(66.0, 10.583333333333332)	(67.0, 6.0)	(68.0, 2.5)	(69.0, 3.8333333333333335)	(70.0, 0.6666666666666666)	(71.0, 0.5)	(72.0, 0.5)	(73.0, 0.0)	(74.0, 0.0)	(75.0, 0.0)	(76.0, 0.0)	(77.0, 0.0)	(78.0, 0.0)	(79.0, 0.0)	(80.0, 0.0)	(81.0, 0.0)	(82.0, 0.0)	(83.0, 0.0)	(84.0, 0.0)	(85.0, 0.0)	(86.0, 0.0)	(87.0, 0.0)	(88.0, 0.0)	(89.0, 0.0)	(90.0, 0.0)	(91.0, 0.0)	(92.0, 0.0)	(93.0, 0.0)	(94.0, 0.0)	(95.0, 0.0)	(96.0, 0.0)	(97.0, 0.0)	(98.0, 0.0)	(99.0, 0.0)	(100.0, 0.0)
SRR926549	(0.0, 0.0)	(1.0, 0.0)	(2.0, 0.0)	(3.0, 0.0)	(4.0, 0.0)	(5.0, 0.0)	(6.0, 0.0)	(7.0, 0.0)	(8.0, 0.0)	(9.0, 0.0)	(10.0, 0.0)	(11.0, 0.0)	(12.0, 0.0)	(13.0, 0.0)	(14.0, 0.0)	(15.0, 0.0)	(16.0, 0.0)	(17.0, 0.0)	(18.0, 0.0)	(19.0, 0.0)	(20.0, 0.0)	(21.0, 0.0)	(22.0, 0.0)	(23.0, 0.0)	(24.0, 0.0)	(25.0, 0.0)	(26.0, 0.0)	(27.0, 0.0)	(28.0, 0.0)	(29.0, 0.0)	(30.0, 0.0)	(31.0, 0.0)	(32.0, 0.0)	(33.0, 0.0)	(34.0, 0.0)	(35.0, 0.0)	(36.0, 0.0)	(37.0, 0.0)	(38.0, 0.0)	(39.0, 0.0)	(40.0, 0.3333333333333333)	(41.0, 1.5833333333333333)	(42.0, 6.1)	(43.0, 8.083333333333334)	(44.0, 7.083333333333334)	(45.0, 14.0)	(46.0, 25.43333333333333)	(47.0, 62.35000000000004)	(48.0, 109.03333333333323)	(49.0, 146.28333333333336)	(50.0, 265.68333333333356)	(51.0, 305.2833333333329)	(52.0, 367.7833333333307)	(53.0, 452.86666666666184)	(54.0, 569.5333333333308)	(55.0, 612.1333333333348)	(56.0, 427.7999999999984)	(57.0, 159.88333333333347)	(58.0, 80.94999999999997)	(59.0, 34.51666666666666)	(60.0, 17.31666666666667)	(61.0, 4.416666666666666)	(62.0, 0.5)	(63.0, 0.65)	(64.0, 0.4)	(65.0, 0.0)	(66.0, 0.0)	(67.0, 0.0)	(68.0, 0.0)	(69.0, 0.0)	(70.0, 0.0)	(71.0, 0.0)	(72.0, 0.0)	(73.0, 0.0)	(74.0, 0.0)	(75.0, 0.0)	(76.0, 0.0)	(77.0, 0.0)	(78.0, 0.0)	(79.0, 0.0)	(80.0, 0.0)	(81.0, 0.0)	(82.0, 0.0)	(83.0, 0.0)	(84.0, 0.0)	(85.0, 0.0)	(86.0, 0.0)	(87.0, 0.0)	(88.0, 0.0)	(89.0, 0.0)	(90.0, 0.0)	(91.0, 0.0)	(92.0, 0.0)	(93.0, 0.0)	(94.0, 0.0)	(95.0, 0.0)	(96.0, 0.0)	(97.0, 0.0)	(98.0, 0.0)	(99.0, 0.0)	(100.0, 0.0)
SRR926550	(0.0, 0.0)	(1.0, 0.0)	(2.0, 0.0)	(3.0, 0.0)	(4.0, 0.0)	(5.0, 0.0)	(6.0, 0.0)	(7.0, 0.0)	(8.0, 0.0)	(9.0, 0.0)	(10.0, 0.0)	(11.0, 0.0)	(12.0, 0.0)	(13.0, 0.0)	(14.0, 0.0)	(15.0, 0.0)	(16.0, 0.0)	(17.0, 0.0)	(18.0, 0.0)	(19.0, 0.0)	(20.0, 0.0)	(21.0, 0.0)	(22.0, 0.0)	(23.0, 0.0)	(24.0, 0.0)	(25.0, 0.0)	(26.0, 0.0)	(27.0, 0.0)	(28.0, 0.0)	(29.0, 0.0)	(30.0, 0.0)	(31.0, 0.0)	(32.0, 0.0)	(33.0, 0.0)	(34.0, 0.0)	(35.0, 0.0)	(36.0, 0.25)	(37.0, 0.3333333333333333)	(38.0, 0.3333333333333333)	(39.0, 0.0)	(40.0, 0.0)	(41.0, 0.0)	(42.0, 2.5)	(43.0, 17.25)	(44.0, 17.0)	(45.0, 5.833333333333333)	(46.0, 19.483333333333334)	(47.0, 36.46666666666667)	(48.0, 114.78333333333318)	(49.0, 194.0333333333338)	(50.0, 284.5166666666666)	(51.0, 441.36666666666315)	(52.0, 492.91666666666305)	(53.0, 853.6833333333419)	(54.0, 892.8000000000126)	(55.0, 959.9833333333476)	(56.0, 867.4000000000096)	(57.0, 476.2166666666638)	(58.0, 330.38333333333276)	(59.0, 171.6666666666668)	(60.0, 122.65000000000015)	(61.0, 52.70000000000002)	(62.0, 26.283333333333328)	(63.0, 11.85)	(64.0, 8.2)	(65.0, 2.5)	(66.0, 0.0)	(67.0, 0.0)	(68.0, 0.0)	(69.0, 0.0)	(70.0, 0.0)	(71.0, 0.0)	(72.0, 0.0)	(73.0, 0.0)	(74.0, 0.0)	(75.0, 0.0)	(76.0, 0.0)	(77.0, 0.0)	(78.0, 0.0)	(79.0, 0.0)	(80.0, 0.0)	(81.0, 0.0)	(82.0, 0.0)	(83.0, 0.0)	(84.0, 0.0)	(85.0, 0.0)	(86.0, 0.0)	(87.0, 0.0)	(88.0, 0.0)	(89.0, 0.0)	(90.0, 0.0)	(91.0, 0.0)	(92.0, 0.0)	(93.0, 0.0)	(94.0, 0.0)	(95.0, 0.0)	(96.0, 0.0)	(97.0, 0.0)	(98.0, 0.0)	(99.0, 0.0)	(100.0, 0.0)
SRR926551	(0.0, 0.0)	(1.0, 0.0)	(2.0, 0.0)	(3.0, 0.0)	(4.0, 0.0)	(5.0, 0.0)	(6.0, 0.0)	(7.0, 0.0)	(8.0, 0.0)	(9.0, 0.0)	(10.0, 0.0)	(11.0, 0.0)	(12.0, 0.0)	(13.0, 0.0)	(14.0, 0.0)	(15.0, 0.0)	(16.0, 0.0)	(17.0, 0.0)	(18.0, 0.0)	(19.0, 0.0)	(20.0, 0.0)	(21.0, 0.0)	(22.0, 0.0)	(23.0, 0.0)	(24.0, 0.0)	(25.0, 0.0)	(26.0, 0.0)	(27.0, 0.0)	(28.0, 0.0)	(29.0, 0.0)	(30.0, 0.0)	(31.0, 0.0)	(32.0, 0.0)	(33.0, 0.0)	(34.0, 0.5)	(35.0, 0.0)	(36.0, 0.0)	(37.0, 0.0)	(38.0, 0.3333333333333333)	(39.0, 0.65)	(40.0, 1.8666666666666665)	(41.0, 2.333333333333333)	(42.0, 4.533333333333333)	(43.0, 18.399999999999995)	(44.0, 14.149999999999999)	(45.0, 5.033333333333333)	(46.0, 9.350000000000003)	(47.0, 12.4)	(48.0, 26.63333333333331)	(49.0, 26.049999999999976)	(50.0, 45.56666666666669)	(51.0, 85.25000000000006)	(52.0, 170.5000000000007)	(53.0, 806.2333333333438)	(54.0, 448.94999999999135)	(55.0, 1401.9500000000335)	(56.0, 506.6666666666637)	(57.0, 1719.6833333333143)	(58.0, 1351.333333333316)	(59.0, 531.2166666666639)	(60.0, 470.2499999999973)	(61.0, 125.9999999999999)	(62.0, 87.41666666666667)	(63.0, 81.83333333333336)	(64.0, 53.41666666666668)	(65.0, 37.166666666666664)	(66.0, 31.5)	(67.0, 32.5)	(68.0, 27.5)	(69.0, 17.0)	(70.0, 7.833333333333333)	(71.0, 2.833333333333333)	(72.0, 0.5)	(73.0, 0.0)	(74.0, 0.0)	(75.0, 0.0)	(76.0, 0.0)	(77.0, 0.0)	(78.0, 0.0)	(79.0, 0.0)	(80.0, 0.0)	(81.0, 0.0)	(82.0, 0.0)	(83.0, 0.0)	(84.0, 0.0)	(85.0, 0.0)	(86.0, 0.0)	(87.0, 0.0)	(88.0, 0.0)	(89.0, 0.0)	(90.0, 0.0)	(91.0, 0.0)	(92.0, 0.0)	(93.0, 0.0)	(94.0, 0.0)	(95.0, 0.0)	(96.0, 0.0)	(97.0, 0.0)	(98.0, 0.0)	(99.0, 0.0)	(100.0, 0.0)
SRR926552	(0.0, 0.0)	(1.0, 0.0)	(2.0, 0.0)	(3.0, 0.0)	(4.0, 0.0)	(5.0, 0.0)	(6.0, 0.0)	(7.0, 0.0)	(8.0, 0.0)	(9.0, 0.0)	(10.0, 0.0)	(11.0, 0.0)	(12.0, 0.0)	(13.0, 0.0)	(14.0, 0.0)	(15.0, 0.0)	(16.0, 0.0)	(17.0, 0.0)	(18.0, 0.0)	(19.0, 0.0)	(20.0, 0.0)	(21.0, 0.0)	(22.0, 0.0)	(23.0, 0.0)	(24.0, 0.0)	(25.0, 0.0)	(26.0, 0.0)	(27.0, 0.0)	(28.0, 0.0)	(29.0, 0.0)	(30.0, 0.0)	(31.0, 0.0)	(32.0, 0.0)	(33.0, 0.0)	(34.0, 0.0)	(35.0, 0.0)	(36.0, 0.0)	(37.0, 0.0)	(38.0, 0.0)	(39.0, 0.0)	(40.0, 0.0)	(41.0, 0.0)	(42.0, 1.5)	(43.0, 10.5)	(44.0, 15.5)	(45.0, 9.0)	(46.0, 8.2)	(47.0, 22.416666666666664)	(48.0, 92.53333333333323)	(49.0, 150.98333333333326)	(50.0, 192.88333333333398)	(51.0, 275.36666666666684)	(52.0, 356.34999999999826)	(53.0, 408.8999999999967)	(54.0, 516.26666666666)	(55.0, 606.083333333332)	(56.0, 556.2833333333324)	(57.0, 259.90000000000043)	(58.0, 112.86666666666655)	(59.0, 74.66666666666667)	(60.0, 36.016666666666666)	(61.0, 18.683333333333334)	(62.0, 9.25)	(63.0, 4.05)	(64.0, 1.6)	(65.0, 0.0)	(66.0, 0.0)	(67.0, 0.0)	(68.0, 0.0)	(69.0, 0.0)	(70.0, 0.0)	(71.0, 0.0)	(72.0, 0.0)	(73.0, 0.0)	(74.0, 0.0)	(75.0, 0.0)	(76.0, 0.0)	(77.0, 0.0)	(78.0, 0.0)	(79.0, 0.0)	(80.0, 0.0)	(81.0, 0.0)	(82.0, 0.0)	(83.0, 0.0)	(84.0, 0.0)	(85.0, 0.0)	(86.0, 0.0)	(87.0, 0.0)	(88.0, 0.0)	(89.0, 0.0)	(90.0, 0.0)	(91.0, 0.0)	(92.0, 0.0)	(93.0, 0.0)	(94.0, 0.0)	(95.0, 0.0)	(96.0, 0.0)	(97.0, 0.0)	(98.0, 0.0)	(99.0, 0.0)	(100.0, 0.0)
SRR926553	(0.0, 0.0)	(1.0, 0.0)	(2.0, 0.0)	(3.0, 0.0)	(4.0, 0.0)	(5.0, 0.0)	(6.0, 0.0)	(7.0, 0.0)	(8.0, 0.0)	(9.0, 0.0)	(10.0, 0.0)	(11.0, 0.0)	(12.0, 0.0)	(13.0, 0.0)	(14.0, 0.0)	(15.0, 0.0)	(16.0, 0.0)	(17.0, 0.0)	(18.0, 0.0)	(19.0, 0.0)	(20.0, 0.0)	(21.0, 0.0)	(22.0, 0.0)	(23.0, 0.0)	(24.0, 0.0)	(25.0, 0.0)	(26.0, 0.0)	(27.0, 0.0)	(28.0, 0.0)	(29.0, 0.0)	(30.0, 0.0)	(31.0, 0.0)	(32.0, 0.0)	(33.0, 0.0)	(34.0, 0.0)	(35.0, 0.0)	(36.0, 0.0)	(37.0, 0.0)	(38.0, 0.0)	(39.0, 0.0)	(40.0, 0.0)	(41.0, 0.5)	(42.0, 4.0)	(43.0, 16.5)	(44.0, 17.7)	(45.0, 6.5)	(46.0, 15.266666666666667)	(47.0, 27.166666666666664)	(48.0, 89.31666666666658)	(49.0, 131.51666666666645)	(50.0, 159.33333333333374)	(51.0, 299.74999999999994)	(52.0, 346.5166666666664)	(53.0, 412.4833333333309)	(54.0, 504.3999999999938)	(55.0, 577.7333333333315)	(56.0, 513.7666666666632)	(57.0, 324.54999999999944)	(58.0, 185.53333333333353)	(59.0, 112.66666666666664)	(60.0, 50.65)	(61.0, 31.033333333333328)	(62.0, 20.0)	(63.0, 9.5)	(64.0, 3.066666666666667)	(65.0, 0.5)	(66.0, 0.0)	(67.0, 0.0)	(68.0, 0.0)	(69.0, 0.0)	(70.0, 0.0)	(71.0, 0.0)	(72.0, 0.0)	(73.0, 0.0)	(74.0, 0.0)	(75.0, 0.0)	(76.0, 0.0)	(77.0, 0.0)	(78.0, 0.0)	(79.0, 0.0)	(80.0, 0.0)	(81.0, 0.0)	(82.0, 0.0)	(83.0, 0.0)	(84.0, 0.0)	(85.0, 0.0)	(86.0, 0.0)	(87.0, 0.0)	(88.0, 0.0)	(89.0, 0.0)	(90.0, 0.0)	(91.0, 0.0)	(92.0, 0.0)	(93.0, 0.0)	(94.0, 0.0)	(95.0, 0.0)	(96.0, 0.0)	(97.0, 0.0)	(98.0, 0.0)	(99.0, 0.0)	(100.0, 0.0)
SRR926554	(0.0, 0.0)	(1.0, 0.0)	(2.0, 0.0)	(3.0, 0.0)	(4.0, 0.0)	(5.0, 0.0)	(6.0, 0.0)	(7.0, 0.0)	(8.0, 0.0)	(9.0, 0.0)	(10.0, 0.0)	(11.0, 0.0)	(12.0, 0.0)	(13.0, 0.0)	(14.0, 0.0)	(15.0, 0.0)	(16.0, 0.0)	(17.0, 0.0)	(18.0, 0.0)	(19.0, 0.0)	(20.0, 0.0)	(21.0, 0.0)	(22.0, 0.0)	(23.0, 0.0)	(24.0, 0.0)	(25.0, 0.0)	(26.0, 0.0)	(27.0, 0.0)	(28.0, 0.3333333333333333)	(29.0, 0.6666666666666666)	(30.0, 0.0)	(31.0, 0.0)	(32.0, 1.2833333333333332)	(33.0, 4.5)	(34.0, 2.6666666666666665)	(35.0, 8.083333333333332)	(36.0, 16.283333333333342)	(37.0, 14.816666666666674)	(38.0, 20.39999999999999)	(39.0, 22.233333333333327)	(40.0, 21.683333333333334)	(41.0, 95.21666666666667)	(42.0, 375.3666666666659)	(43.0, 218.46666666666687)	(44.0, 92.83333333333329)	(45.0, 74.19999999999999)	(46.0, 213.1333333333348)	(47.0, 259.016666666669)	(48.0, 438.6499999999943)	(49.0, 529.2499999999936)	(50.0, 754.8666666666774)	(51.0, 803.9333333333408)	(52.0, 1791.58333333331)	(53.0, 1835.2833333332535)	(54.0, 2189.799999999988)	(55.0, 2695.4500000000507)	(56.0, 3286.800000000182)	(57.0, 1218.7166666666637)	(58.0, 1403.0166666666707)	(59.0, 1213.5166666666696)	(60.0, 333.4500000000005)	(61.0, 161.91666666666663)	(62.0, 102.08333333333333)	(63.0, 66.91666666666666)	(64.0, 30.283333333333328)	(65.0, 19.166666666666668)	(66.0, 12.166666666666666)	(67.0, 7.5)	(68.0, 8.999999999999998)	(69.0, 9.333333333333332)	(70.0, 1.0)	(71.0, 0.75)	(72.0, 0.5)	(73.0, 0.0)	(74.0, 0.0)	(75.0, 0.0)	(76.0, 0.0)	(77.0, 0.0)	(78.0, 0.0)	(79.0, 0.0)	(80.0, 0.0)	(81.0, 0.0)	(82.0, 0.0)	(83.0, 0.0)	(84.0, 0.0)	(85.0, 0.0)	(86.0, 0.0)	(87.0, 0.0)	(88.0, 0.0)	(89.0, 0.0)	(90.0, 0.0)	(91.0, 0.0)	(92.0, 0.0)	(93.0, 0.0)	(94.0, 0.0)	(95.0, 0.0)	(96.0, 0.0)	(97.0, 0.0)	(98.0, 0.0)	(99.0, 0.0)	(100.0, 0.0)
SRR926555	(0.0, 0.0)	(1.0, 0.0)	(2.0, 0.0)	(3.0, 0.0)	(4.0, 0.0)	(5.0, 0.0)	(6.0, 0.0)	(7.0, 0.0)	(8.0, 0.0)	(9.0, 0.0)	(10.0, 0.0)	(11.0, 0.0)	(12.0, 0.0)	(13.0, 0.0)	(14.0, 0.0)	(15.0, 0.0)	(16.0, 0.0)	(17.0, 0.0)	(18.0, 0.0)	(19.0, 0.0)	(20.0, 0.0)	(21.0, 0.0)	(22.0, 0.0)	(23.0, 0.0)	(24.0, 0.0)	(25.0, 0.0)	(26.0, 0.0)	(27.0, 0.0)	(28.0, 0.0)	(29.0, 0.0)	(30.0, 0.0)	(31.0, 0.0)	(32.0, 0.0)	(33.0, 0.0)	(34.0, 0.0)	(35.0, 0.0)	(36.0, 0.0)	(37.0, 0.0)	(38.0, 0.0)	(39.0, 0.0)	(40.0, 1.0)	(41.0, 7.5)	(42.0, 9.0)	(43.0, 8.5)	(44.0, 11.833333333333334)	(45.0, 21.5)	(46.0, 37.66666666666665)	(47.0, 75.3166666666667)	(48.0, 85.46666666666663)	(49.0, 142.7166666666667)	(50.0, 271.733333333334)	(51.0, 337.8666666666657)	(52.0, 350.34999999999854)	(53.0, 460.61666666666196)	(54.0, 611.5999999999983)	(55.0, 607.0666666666666)	(56.0, 627.8833333333354)	(57.0, 239.9166666666671)	(58.0, 100.34999999999987)	(59.0, 51.750000000000014)	(60.0, 14.700000000000001)	(61.0, 3.1166666666666667)	(62.0, 1.4166666666666665)	(63.0, 0.0)	(64.0, 0.5)	(65.0, 0.0)	(66.0, 0.0)	(67.0, 0.0)	(68.0, 0.0)	(69.0, 0.0)	(70.0, 0.0)	(71.0, 0.0)	(72.0, 0.0)	(73.0, 0.0)	(74.0, 0.0)	(75.0, 0.0)	(76.0, 0.0)	(77.0, 0.0)	(78.0, 0.0)	(79.0, 0.0)	(80.0, 0.0)	(81.0, 0.0)	(82.0, 0.0)	(83.0, 0.0)	(84.0, 0.0)	(85.0, 0.0)	(86.0, 0.0)	(87.0, 0.0)	(88.0, 0.0)	(89.0, 0.0)	(90.0, 0.0)	(91.0, 0.0)	(92.0, 0.0)	(93.0, 0.0)	(94.0, 0.0)	(95.0, 0.0)	(96.0, 0.0)	(97.0, 0.0)	(98.0, 0.0)	(99.0, 0.0)	(100.0, 0.0)
SRR926556	(0.0, 0.0)	(1.0, 0.0)	(2.0, 0.0)	(3.0, 0.0)	(4.0, 0.0)	(5.0, 0.0)	(6.0, 0.0)	(7.0, 0.0)	(8.0, 0.0)	(9.0, 0.0)	(10.0, 0.0)	(11.0, 0.0)	(12.0, 0.0)	(13.0, 0.0)	(14.0, 0.0)	(15.0, 0.0)	(16.0, 0.0)	(17.0, 0.0)	(18.0, 0.0)	(19.0, 0.0)	(20.0, 0.0)	(21.0, 0.0)	(22.0, 0.0)	(23.0, 0.0)	(24.0, 0.0)	(25.0, 0.0)	(26.0, 0.0)	(27.0, 0.0)	(28.0, 0.0)	(29.0, 0.0)	(30.0, 0.0)	(31.0, 0.0)	(32.0, 0.0)	(33.0, 0.0)	(34.0, 0.0)	(35.0, 0.0)	(36.0, 0.0)	(37.0, 0.0)	(38.0, 0.0)	(39.0, 0.0)	(40.0, 0.0)	(41.0, 5.7)	(42.0, 12.5)	(43.0, 16.0)	(44.0, 13.833333333333334)	(45.0, 12.833333333333334)	(46.0, 34.9)	(47.0, 93.83333333333326)	(48.0, 116.34999999999978)	(49.0, 151.51666666666688)	(50.0, 215.16666666666723)	(51.0, 319.7833333333326)	(52.0, 400.3333333333314)	(53.0, 545.0333333333285)	(54.0, 789.4333333333375)	(55.0, 774.2333333333379)	(56.0, 719.3000000000046)	(57.0, 363.5833333333321)	(58.0, 203.60000000000025)	(59.0, 150.63333333333344)	(60.0, 87.68333333333337)	(61.0, 50.73333333333333)	(62.0, 27.933333333333334)	(63.0, 14.25)	(64.0, 6.0)	(65.0, 1.3666666666666667)	(66.0, 0.16666666666666666)	(67.0, 0.0)	(68.0, 0.0)	(69.0, 0.0)	(70.0, 0.0)	(71.0, 0.0)	(72.0, 0.0)	(73.0, 0.0)	(74.0, 0.0)	(75.0, 0.0)	(76.0, 0.0)	(77.0, 0.0)	(78.0, 0.0)	(79.0, 0.0)	(80.0, 0.0)	(81.0, 0.0)	(82.0, 0.0)	(83.0, 0.0)	(84.0, 0.0)	(85.0, 0.0)	(86.0, 0.0)	(87.0, 0.0)	(88.0, 0.0)	(89.0, 0.0)	(90.0, 0.0)	(91.0, 0.0)	(92.0, 0.0)	(93.0, 0.0)	(94.0, 0.0)	(95.0, 0.0)	(96.0, 0.0)	(97.0, 0.0)	(98.0, 0.0)	(99.0, 0.0)	(100.0, 0.0)
SRR926557	(0.0, 0.0)	(1.0, 0.0)	(2.0, 0.0)	(3.0, 0.0)	(4.0, 0.0)	(5.0, 0.0)	(6.0, 0.0)	(7.0, 0.0)	(8.0, 0.0)	(9.0, 0.0)	(10.0, 0.0)	(11.0, 0.0)	(12.0, 0.0)	(13.0, 0.0)	(14.0, 0.0)	(15.0, 0.0)	(16.0, 0.0)	(17.0, 0.0)	(18.0, 0.0)	(19.0, 0.0)	(20.0, 0.0)	(21.0, 0.0)	(22.0, 0.0)	(23.0, 0.0)	(24.0, 0.0)	(25.0, 0.0)	(26.0, 0.0)	(27.0, 0.0)	(28.0, 0.0)	(29.0, 0.0)	(30.0, 0.5)	(31.0, 0.5)	(32.0, 0.0)	(33.0, 0.0)	(34.0, 1.0833333333333333)	(35.0, 0.75)	(36.0, 0.75)	(37.0, 3.8333333333333335)	(38.0, 6.666666666666666)	(39.0, 11.65)	(40.0, 6.1499999999999995)	(41.0, 6.916666666666665)	(42.0, 52.68333333333336)	(43.0, 26.09999999999999)	(44.0, 31.51666666666666)	(45.0, 41.53333333333333)	(46.0, 46.96666666666668)	(47.0, 54.633333333333375)	(48.0, 85.03333333333327)	(49.0, 242.60000000000107)	(50.0, 265.96666666666675)	(51.0, 510.8499999999921)	(52.0, 780.2500000000044)	(53.0, 1103.5166666666992)	(54.0, 1308.6166666666866)	(55.0, 1654.4833333333404)	(56.0, 2679.5333333334006)	(57.0, 2702.016666666745)	(58.0, 1241.4333333333266)	(59.0, 1108.7666666666678)	(60.0, 872.5500000000029)	(61.0, 425.51666666666597)	(62.0, 180.4166666666669)	(63.0, 82.24999999999999)	(64.0, 52.01666666666667)	(65.0, 38.0)	(66.0, 19.0)	(67.0, 11.166666666666666)	(68.0, 6.033333333333333)	(69.0, 3.666666666666667)	(70.0, 1.6666666666666665)	(71.0, 0.0)	(72.0, 0.0)	(73.0, 0.0)	(74.0, 0.0)	(75.0, 0.0)	(76.0, 0.0)	(77.0, 0.0)	(78.0, 0.0)	(79.0, 0.0)	(80.0, 0.0)	(81.0, 0.0)	(82.0, 0.0)	(83.0, 0.0)	(84.0, 0.0)	(85.0, 0.0)	(86.0, 0.0)	(87.0, 0.0)	(88.0, 0.0)	(89.0, 0.0)	(90.0, 0.0)	(91.0, 0.0)	(92.0, 0.0)	(93.0, 0.0)	(94.0, 0.0)	(95.0, 0.0)	(96.0, 0.0)	(97.0, 0.0)	(98.0, 0.0)	(99.0, 0.0)	(100.0, 0.0)
SRR926558	(0.0, 0.0)	(1.0, 0.0)	(2.0, 0.0)	(3.0, 0.0)	(4.0, 0.0)	(5.0, 0.0)	(6.0, 0.0)	(7.0, 0.0)	(8.0, 0.0)	(9.0, 0.0)	(10.0, 0.0)	(11.0, 0.0)	(12.0, 0.0)	(13.0, 0.0)	(14.0, 0.0)	(15.0, 0.0)	(16.0, 0.0)	(17.0, 0.0)	(18.0, 0.0)	(19.0, 0.0)	(20.0, 0.0)	(21.0, 0.0)	(22.0, 0.0)	(23.0, 0.0)	(24.0, 0.0)	(25.0, 0.0)	(26.0, 0.0)	(27.0, 0.0)	(28.0, 0.0)	(29.0, 0.0)	(30.0, 0.0)	(31.0, 0.0)	(32.0, 0.0)	(33.0, 0.0)	(34.0, 0.0)	(35.0, 0.0)	(36.0, 0.0)	(37.0, 0.0)	(38.0, 0.0)	(39.0, 0.0)	(40.0, 0.0)	(41.0, 0.0)	(42.0, 2.5)	(43.0, 13.5)	(44.0, 20.0)	(45.0, 18.5)	(46.0, 37.1)	(47.0, 79.8)	(48.0, 162.88333333333347)	(49.0, 213.6666666666672)	(50.0, 280.4000000000006)	(51.0, 374.68333333333084)	(52.0, 461.73333333332874)	(53.0, 588.3499999999971)	(54.0, 699.266666666667)	(55.0, 643.2)	(56.0, 481.28333333333035)	(57.0, 291.59999999999974)	(58.0, 151.30000000000013)	(59.0, 101.00000000000001)	(60.0, 71.86666666666666)	(61.0, 47.95000000000001)	(62.0, 19.616666666666667)	(63.0, 5.75)	(64.0, 2.7)	(65.0, 0.0)	(66.0, 0.0)	(67.0, 0.0)	(68.0, 0.0)	(69.0, 0.3333333333333333)	(70.0, 0.0)	(71.0, 0.0)	(72.0, 0.0)	(73.0, 0.0)	(74.0, 0.0)	(75.0, 0.0)	(76.0, 0.0)	(77.0, 0.0)	(78.0, 0.0)	(79.0, 0.0)	(80.0, 0.0)	(81.0, 0.0)	(82.0, 0.0)	(83.0, 0.0)	(84.0, 0.0)	(85.0, 0.0)	(86.0, 0.0)	(87.0, 0.0)	(88.0, 0.0)	(89.0, 0.0)	(90.0, 0.0)	(91.0, 0.0)	(92.0, 0.0)	(93.0, 0.0)	(94.0, 0.0)	(95.0, 0.0)	(96.0, 0.0)	(97.0, 0.0)	(98.0, 0.0)	(99.0, 0.0)	(100.0, 0.0)
SRR926559	(0.0, 0.0)	(1.0, 0.0)	(2.0, 0.0)	(3.0, 0.0)	(4.0, 0.0)	(5.0, 0.0)	(6.0, 0.0)	(7.0, 0.0)	(8.0, 0.0)	(9.0, 0.0)	(10.0, 0.0)	(11.0, 0.0)	(12.0, 0.0)	(13.0, 0.0)	(14.0, 0.0)	(15.0, 0.0)	(16.0, 0.0)	(17.0, 0.0)	(18.0, 0.0)	(19.0, 0.0)	(20.0, 0.0)	(21.0, 0.0)	(22.0, 0.0)	(23.0, 0.0)	(24.0, 0.0)	(25.0, 0.0)	(26.0, 0.0)	(27.0, 0.0)	(28.0, 0.0)	(29.0, 0.0)	(30.0, 0.0)	(31.0, 0.0)	(32.0, 0.0)	(33.0, 0.0)	(34.0, 0.0)	(35.0, 0.0)	(36.0, 0.0)	(37.0, 0.0)	(38.0, 0.8333333333333333)	(39.0, 1.3333333333333333)	(40.0, 1.0)	(41.0, 0.5)	(42.0, 3.4)	(43.0, 18.4)	(44.0, 24.833333333333332)	(45.0, 18.166666666666664)	(46.0, 36.533333333333324)	(47.0, 99.63333333333325)	(48.0, 170.95000000000016)	(49.0, 222.61666666666724)	(50.0, 319.6833333333326)	(51.0, 459.1166666666627)	(52.0, 565.5833333333304)	(53.0, 782.7500000000052)	(54.0, 938.4666666666781)	(55.0, 821.3333333333386)	(56.0, 726.2666666666705)	(57.0, 458.2499999999972)	(58.0, 269.18333333333356)	(59.0, 236.60000000000016)	(60.0, 115.90000000000013)	(61.0, 63.80000000000002)	(62.0, 37.349999999999994)	(63.0, 20.066666666666666)	(64.0, 7.85)	(65.0, 1.0)	(66.0, 0.5)	(67.0, 0.0)	(68.0, 0.0)	(69.0, 0.0)	(70.0, 0.0)	(71.0, 0.0)	(72.0, 0.0)	(73.0, 0.0)	(74.0, 0.0)	(75.0, 0.0)	(76.0, 0.0)	(77.0, 0.0)	(78.0, 0.0)	(79.0, 0.0)	(80.0, 0.0)	(81.0, 0.0)	(82.0, 0.0)	(83.0, 0.0)	(84.0, 0.0)	(85.0, 0.0)	(86.0, 0.0)	(87.0, 0.0)	(88.0, 0.0)	(89.0, 0.0)	(90.0, 0.0)	(91.0, 0.0)	(92.0, 0.0)	(93.0, 0.0)	(94.0, 0.0)	(95.0, 0.0)	(96.0, 0.0)	(97.0, 0.0)	(98.0, 0.0)	(99.0, 0.0)	(100.0, 0.0)
SRR926560	(0.0, 0.0)	(1.0, 0.0)	(2.0, 0.0)	(3.0, 0.0)	(4.0, 0.0)	(5.0, 0.0)	(6.0, 0.0)	(7.0, 0.0)	(8.0, 0.0)	(9.0, 0.0)	(10.0, 0.0)	(11.0, 0.0)	(12.0, 0.0)	(13.0, 0.0)	(14.0, 0.0)	(15.0, 0.0)	(16.0, 0.0)	(17.0, 0.0)	(18.0, 0.0)	(19.0, 0.0)	(20.0, 0.0)	(21.0, 0.0)	(22.0, 0.0)	(23.0, 0.0)	(24.0, 0.0)	(25.0, 0.0)	(26.0, 0.0)	(27.0, 0.0)	(28.0, 0.0)	(29.0, 0.0)	(30.0, 0.0)	(31.0, 0.0)	(32.0, 0.0)	(33.0, 0.5)	(34.0, 0.0)	(35.0, 0.0)	(36.0, 0.5)	(37.0, 0.8333333333333333)	(38.0, 0.6666666666666666)	(39.0, 0.3333333333333333)	(40.0, 1.1666666666666665)	(41.0, 4.083333333333334)	(42.0, 33.49999999999999)	(43.0, 38.599999999999994)	(44.0, 8.25)	(45.0, 5.583333333333332)	(46.0, 7.833333333333331)	(47.0, 25.399999999999984)	(48.0, 22.61666666666666)	(49.0, 37.58333333333333)	(50.0, 55.21666666666668)	(51.0, 82.01666666666664)	(52.0, 287.6166666666646)	(53.0, 522.0333333333234)	(54.0, 429.7666666666623)	(55.0, 674.2499999999993)	(56.0, 754.2000000000039)	(57.0, 291.80000000000035)	(58.0, 187.70000000000044)	(59.0, 505.9166666666665)	(60.0, 303.6666666666667)	(61.0, 93.25)	(62.0, 50.416666666666664)	(63.0, 27.9)	(64.0, 15.066666666666666)	(65.0, 3.833333333333333)	(66.0, 1.0)	(67.0, 1.5)	(68.0, 0.5)	(69.0, 0.0)	(70.0, 0.0)	(71.0, 0.0)	(72.0, 0.0)	(73.0, 0.0)	(74.0, 0.0)	(75.0, 0.0)	(76.0, 0.0)	(77.0, 0.0)	(78.0, 0.0)	(79.0, 0.0)	(80.0, 0.0)	(81.0, 0.0)	(82.0, 0.0)	(83.0, 0.0)	(84.0, 0.0)	(85.0, 0.0)	(86.0, 0.0)	(87.0, 0.0)	(88.0, 0.0)	(89.0, 0.0)	(90.0, 0.0)	(91.0, 0.0)	(92.0, 0.0)	(93.0, 0.0)	(94.0, 0.0)	(95.0, 0.0)	(96.0, 0.0)	(97.0, 0.0)	(98.0, 0.0)	(99.0, 0.0)	(100.0, 0.0)
SRR926561	(0.0, 0.0)	(1.0, 0.0)	(2.0, 0.0)	(3.0, 0.0)	(4.0, 0.0)	(5.0, 0.0)	(6.0, 0.0)	(7.0, 0.0)	(8.0, 0.0)	(9.0, 0.0)	(10.0, 0.0)	(11.0, 0.0)	(12.0, 0.0)	(13.0, 0.0)	(14.0, 0.0)	(15.0, 0.0)	(16.0, 0.0)	(17.0, 0.0)	(18.0, 0.0)	(19.0, 0.0)	(20.0, 0.0)	(21.0, 0.0)	(22.0, 0.0)	(23.0, 0.0)	(24.0, 0.0)	(25.0, 0.0)	(26.0, 0.0)	(27.0, 0.0)	(28.0, 0.0)	(29.0, 0.0)	(30.0, 0.0)	(31.0, 0.0)	(32.0, 0.0)	(33.0, 0.0)	(34.0, 0.0)	(35.0, 0.0)	(36.0, 0.0)	(37.0, 0.0)	(38.0, 0.0)	(39.0, 0.0)	(40.0, 0.0)	(41.0, 2.0)	(42.0, 7.0)	(43.0, 12.5)	(44.0, 16.5)	(45.0, 28.833333333333336)	(46.0, 37.516666666666666)	(47.0, 35.23333333333332)	(48.0, 63.55000000000004)	(49.0, 110.24999999999997)	(50.0, 159.1666666666672)	(51.0, 167.48333333333375)	(52.0, 219.38333333333398)	(53.0, 255.4500000000006)	(54.0, 315.39999999999856)	(55.0, 320.96666666666573)	(56.0, 245.48333333333375)	(57.0, 73.98333333333332)	(58.0, 49.85)	(59.0, 27.233333333333327)	(60.0, 5.450000000000002)	(61.0, 2.2)	(62.0, 1.7)	(63.0, 0.3666666666666667)	(64.0, 0.25)	(65.0, 0.2)	(66.0, 0.2)	(67.0, 0.0)	(68.0, 0.0)	(69.0, 0.0)	(70.0, 0.0)	(71.0, 0.0)	(72.0, 0.0)	(73.0, 0.0)	(74.0, 0.0)	(75.0, 0.0)	(76.0, 0.0)	(77.0, 0.0)	(78.0, 0.0)	(79.0, 0.0)	(80.0, 0.0)	(81.0, 0.0)	(82.0, 0.0)	(83.0, 0.0)	(84.0, 0.0)	(85.0, 0.0)	(86.0, 0.0)	(87.0, 0.0)	(88.0, 0.0)	(89.0, 0.0)	(90.0, 0.0)	(91.0, 0.0)	(92.0, 0.0)	(93.0, 0.0)	(94.0, 0.0)	(95.0, 0.0)	(96.0, 0.0)	(97.0, 0.0)	(98.0, 0.0)	(99.0, 0.0)	(100.0, 0.0)
SRR926562	(0.0, 0.0)	(1.0, 0.0)	(2.0, 0.0)	(3.0, 0.0)	(4.0, 0.0)	(5.0, 0.0)	(6.0, 0.0)	(7.0, 0.0)	(8.0, 0.0)	(9.0, 0.0)	(10.0, 0.0)	(11.0, 0.0)	(12.0, 0.0)	(13.0, 0.0)	(14.0, 0.0)	(15.0, 0.0)	(16.0, 0.0)	(17.0, 0.0)	(18.0, 0.0)	(19.0, 0.0)	(20.0, 0.0)	(21.0, 0.0)	(22.0, 0.0)	(23.0, 0.0)	(24.0, 0.0)	(25.0, 0.0)	(26.0, 0.0)	(27.0, 0.0)	(28.0, 0.0)	(29.0, 0.0)	(30.0, 0.0)	(31.0, 0.0)	(32.0, 0.0)	(33.0, 0.0)	(34.0, 0.0)	(35.0, 0.0)	(36.0, 0.0)	(37.0, 0.0)	(38.0, 0.0)	(39.0, 0.0)	(40.0, 0.0)	(41.0, 0.0)	(42.0, 3.5)	(43.0, 15.5)	(44.0, 24.0)	(45.0, 20.0)	(46.0, 35.43333333333333)	(47.0, 60.216666666666676)	(48.0, 85.99999999999997)	(49.0, 125.06666666666649)	(50.0, 245.3333333333342)	(51.0, 374.8999999999975)	(52.0, 521.633333333329)	(53.0, 764.9666666666707)	(54.0, 861.5166666666762)	(55.0, 912.3666666666795)	(56.0, 927.700000000011)	(57.0, 533.7166666666641)	(58.0, 292.7666666666665)	(59.0, 214.43333333333348)	(60.0, 137.33333333333337)	(61.0, 98.28333333333332)	(62.0, 36.733333333333334)	(63.0, 16.583333333333336)	(64.0, 5.0)	(65.0, 0.0)	(66.0, 0.4)	(67.0, 0.0)	(68.0, 0.0)	(69.0, 0.0)	(70.0, 0.0)	(71.0, 0.0)	(72.0, 0.0)	(73.0, 0.0)	(74.0, 0.0)	(75.0, 0.0)	(76.0, 0.0)	(77.0, 0.0)	(78.0, 0.0)	(79.0, 0.0)	(80.0, 0.0)	(81.0, 0.0)	(82.0, 0.0)	(83.0, 0.0)	(84.0, 0.0)	(85.0, 0.0)	(86.0, 0.0)	(87.0, 0.0)	(88.0, 0.0)	(89.0, 0.0)	(90.0, 0.0)	(91.0, 0.0)	(92.0, 0.0)	(93.0, 0.0)	(94.0, 0.0)	(95.0, 0.0)	(96.0, 0.0)	(97.0, 0.0)	(98.0, 0.0)	(99.0, 0.0)	(100.0, 0.0)
SRR926563	(0.0, 0.0)	(1.0, 0.0)	(2.0, 0.0)	(3.0, 0.0)	(4.0, 0.0)	(5.0, 0.0)	(6.0, 0.0)	(7.0, 0.0)	(8.0, 0.0)	(9.0, 0.0)	(10.0, 0.0)	(11.0, 0.0)	(12.0, 0.0)	(13.0, 0.0)	(14.0, 0.0)	(15.0, 0.0)	(16.0, 0.0)	(17.0, 0.0)	(18.0, 0.0)	(19.0, 0.0)	(20.0, 0.0)	(21.0, 0.0)	(22.0, 0.0)	(23.0, 0.0)	(24.0, 0.0)	(25.0, 0.0)	(26.0, 0.0)	(27.0, 0.0)	(28.0, 0.0)	(29.0, 0.0)	(30.0, 0.0)	(31.0, 0.0)	(32.0, 0.0)	(33.0, 0.25)	(34.0, 0.0)	(35.0, 0.3333333333333333)	(36.0, 0.0)	(37.0, 0.0)	(38.0, 0.7833333333333333)	(39.0, 0.7333333333333334)	(40.0, 2.4166666666666665)	(41.0, 24.38333333333332)	(42.0, 70.30000000000001)	(43.0, 63.183333333333344)	(44.0, 26.61666666666666)	(45.0, 22.666666666666664)	(46.0, 32.48333333333332)	(47.0, 66.48333333333342)	(48.0, 81.10000000000001)	(49.0, 174.98333333333355)	(50.0, 328.3999999999985)	(51.0, 502.3833333333256)	(52.0, 769.8500000000064)	(53.0, 881.8166666666799)	(54.0, 993.9166666666813)	(55.0, 1094.916666666671)	(56.0, 1550.083333333322)	(57.0, 887.5333333333451)	(58.0, 732.5166666666715)	(59.0, 979.6833333333338)	(60.0, 496.1166666666664)	(61.0, 225.50000000000006)	(62.0, 105.24999999999999)	(63.0, 52.35)	(64.0, 21.03333333333333)	(65.0, 1.2)	(66.0, 0.0)	(67.0, 0.25)	(68.0, 0.0)	(69.0, 0.0)	(70.0, 0.0)	(71.0, 0.0)	(72.0, 0.0)	(73.0, 0.0)	(74.0, 0.0)	(75.0, 0.0)	(76.0, 0.0)	(77.0, 0.0)	(78.0, 0.0)	(79.0, 0.0)	(80.0, 0.0)	(81.0, 0.0)	(82.0, 0.0)	(83.0, 0.0)	(84.0, 0.0)	(85.0, 0.0)	(86.0, 0.0)	(87.0, 0.0)	(88.0, 0.0)	(89.0, 0.0)	(90.0, 0.0)	(91.0, 0.0)	(92.0, 0.0)	(93.0, 0.0)	(94.0, 0.0)	(95.0, 0.0)	(96.0, 0.0)	(97.0, 0.0)	(98.0, 0.0)	(99.0, 0.0)	(100.0, 0.0)
SRR926564	(0.0, 0.0)	(1.0, 0.0)	(2.0, 0.0)	(3.0, 0.0)	(4.0, 0.0)	(5.0, 0.0)	(6.0, 0.0)	(7.0, 0.0)	(8.0, 0.0)	(9.0, 0.0)	(10.0, 0.0)	(11.0, 0.0)	(12.0, 0.0)	(13.0, 0.0)	(14.0, 0.0)	(15.0, 0.0)	(16.0, 0.0)	(17.0, 0.0)	(18.0, 0.0)	(19.0, 0.0)	(20.0, 0.0)	(21.0, 0.0)	(22.0, 0.0)	(23.0, 0.0)	(24.0, 0.0)	(25.0, 0.0)	(26.0, 0.0)	(27.0, 0.0)	(28.0, 0.0)	(29.0, 0.0)	(30.0, 0.0)	(31.0, 0.0)	(32.0, 0.0)	(33.0, 0.0)	(34.0, 0.0)	(35.0, 0.0)	(36.0, 0.0)	(37.0, 0.5)	(38.0, 1.5)	(39.0, 1.25)	(40.0, 0.5)	(41.0, 1.0833333333333333)	(42.0, 9.583333333333332)	(43.0, 21.75)	(44.0, 22.25)	(45.0, 19.5)	(46.0, 36.43333333333333)	(47.0, 61.70000000000005)	(48.0, 82.93333333333331)	(49.0, 125.3999999999999)	(50.0, 261.83333333333366)	(51.0, 337.2999999999989)	(52.0, 415.19999999999686)	(53.0, 580.4166666666632)	(54.0, 744.9833333333368)	(55.0, 743.2666666666717)	(56.0, 828.933333333338)	(57.0, 455.81666666666405)	(58.0, 164.15000000000015)	(59.0, 129.08333333333334)	(60.0, 75.45)	(61.0, 45.599999999999994)	(62.0, 25.866666666666667)	(63.0, 9.95)	(64.0, 2.5)	(65.0, 0.0)	(66.0, 0.0)	(67.0, 0.0)	(68.0, 0.0)	(69.0, 0.0)	(70.0, 0.0)	(71.0, 0.0)	(72.0, 0.0)	(73.0, 0.0)	(74.0, 0.0)	(75.0, 0.0)	(76.0, 0.0)	(77.0, 0.0)	(78.0, 0.0)	(79.0, 0.0)	(80.0, 0.0)	(81.0, 0.0)	(82.0, 0.0)	(83.0, 0.0)	(84.0, 0.0)	(85.0, 0.0)	(86.0, 0.0)	(87.0, 0.0)	(88.0, 0.0)	(89.0, 0.0)	(90.0, 0.0)	(91.0, 0.0)	(92.0, 0.0)	(93.0, 0.0)	(94.0, 0.0)	(95.0, 0.0)	(96.0, 0.0)	(97.0, 0.0)	(98.0, 0.0)	(99.0, 0.0)	(100.0, 0.0)
SRR926565	(0.0, 0.0)	(1.0, 0.0)	(2.0, 0.0)	(3.0, 0.0)	(4.0, 0.0)	(5.0, 0.0)	(6.0, 0.0)	(7.0, 0.0)	(8.0, 0.0)	(9.0, 0.0)	(10.0, 0.0)	(11.0, 0.0)	(12.0, 0.0)	(13.0, 0.0)	(14.0, 0.0)	(15.0, 0.0)	(16.0, 0.0)	(17.0, 0.0)	(18.0, 0.0)	(19.0, 0.0)	(20.0, 0.0)	(21.0, 0.0)	(22.0, 0.0)	(23.0, 0.0)	(24.0, 0.0)	(25.0, 0.0)	(26.0, 0.0)	(27.0, 0.0)	(28.0, 0.0)	(29.0, 0.0)	(30.0, 0.0)	(31.0, 0.0)	(32.0, 0.0)	(33.0, 0.0)	(34.0, 0.0)	(35.0, 0.0)	(36.0, 0.0)	(37.0, 0.0)	(38.0, 0.0)	(39.0, 0.0)	(40.0, 0.0)	(41.0, 0.0)	(42.0, 5.0)	(43.0, 19.333333333333332)	(44.0, 25.5)	(45.0, 27.666666666666668)	(46.0, 36.43333333333334)	(47.0, 75.71666666666663)	(48.0, 108.38333333333306)	(49.0, 109.31666666666659)	(50.0, 252.4000000000003)	(51.0, 369.6333333333313)	(52.0, 444.69999999999624)	(53.0, 576.049999999997)	(54.0, 703.033333333336)	(55.0, 751.4000000000052)	(56.0, 793.9166666666702)	(57.0, 416.21666666666476)	(58.0, 195.21666666666704)	(59.0, 167.83333333333346)	(60.0, 92.78333333333343)	(61.0, 49.133333333333326)	(62.0, 27.716666666666665)	(63.0, 11.516666666666667)	(64.0, 5.800000000000001)	(65.0, 1.0)	(66.0, 0.5)	(67.0, 0.5)	(68.0, 0.0)	(69.0, 0.0)	(70.0, 0.0)	(71.0, 0.0)	(72.0, 0.0)	(73.0, 0.0)	(74.0, 0.0)	(75.0, 0.0)	(76.0, 0.0)	(77.0, 0.0)	(78.0, 0.0)	(79.0, 0.0)	(80.0, 0.0)	(81.0, 0.0)	(82.0, 0.0)	(83.0, 0.0)	(84.0, 0.0)	(85.0, 0.0)	(86.0, 0.0)	(87.0, 0.0)	(88.0, 0.0)	(89.0, 0.0)	(90.0, 0.0)	(91.0, 0.0)	(92.0, 0.0)	(93.0, 0.0)	(94.0, 0.0)	(95.0, 0.0)	(96.0, 0.0)	(97.0, 0.0)	(98.0, 0.0)	(99.0, 0.0)	(100.0, 0.0)
SRR926566	(0.0, 0.0)	(1.0, 0.0)	(2.0, 0.0)	(3.0, 0.0)	(4.0, 0.0)	(5.0, 0.0)	(6.0, 0.0)	(7.0, 0.0)	(8.0, 0.0)	(9.0, 0.0)	(10.0, 0.0)	(11.0, 0.0)	(12.0, 0.0)	(13.0, 0.0)	(14.0, 0.0)	(15.0, 0.0)	(16.0, 0.0)	(17.0, 0.0)	(18.0, 0.0)	(19.0, 0.0)	(20.0, 0.0)	(21.0, 0.0)	(22.0, 0.0)	(23.0, 0.0)	(24.0, 0.0)	(25.0, 0.0)	(26.0, 0.0)	(27.0, 0.0)	(28.0, 0.0)	(29.0, 0.0)	(30.0, 0.0)	(31.0, 0.0)	(32.0, 0.0)	(33.0, 0.0)	(34.0, 0.0)	(35.0, 0.0)	(36.0, 3.3333333333333335)	(37.0, 5.283333333333334)	(38.0, 6.583333333333333)	(39.0, 2.1666666666666665)	(40.0, 1.833333333333333)	(41.0, 12.15)	(42.0, 48.5)	(43.0, 39.41666666666666)	(44.0, 19.25)	(45.0, 22.349999999999998)	(46.0, 26.199999999999996)	(47.0, 35.69999999999998)	(48.0, 63.966666666666725)	(49.0, 101.26666666666657)	(50.0, 184.4666666666673)	(51.0, 277.1166666666658)	(52.0, 571.666666666658)	(53.0, 790.2166666666799)	(54.0, 872.2000000000126)	(55.0, 1254.7500000000064)	(56.0, 1617.4833333333333)	(57.0, 998.3333333333478)	(58.0, 872.0500000000073)	(59.0, 1049.900000000001)	(60.0, 523.5666666666666)	(61.0, 226.16666666666666)	(62.0, 104.5)	(63.0, 48.00000000000001)	(64.0, 21.616666666666667)	(65.0, 7.616666666666666)	(66.0, 4.0)	(67.0, 2.5)	(68.0, 1.5)	(69.0, 2.1666666666666665)	(70.0, 0.5)	(71.0, 0.0)	(72.0, 0.0)	(73.0, 0.0)	(74.0, 0.0)	(75.0, 0.0)	(76.0, 0.0)	(77.0, 0.0)	(78.0, 0.0)	(79.0, 0.0)	(80.0, 0.0)	(81.0, 0.0)	(82.0, 0.0)	(83.0, 0.0)	(84.0, 0.0)	(85.0, 0.0)	(86.0, 0.0)	(87.0, 0.0)	(88.0, 0.0)	(89.0, 0.0)	(90.0, 0.0)	(91.0, 0.0)	(92.0, 0.0)	(93.0, 0.0)	(94.0, 0.0)	(95.0, 0.0)	(96.0, 0.0)	(97.0, 0.0)	(98.0, 0.0)	(99.0, 0.0)	(100.0, 0.0)
SRR926567	(0.0, 0.0)	(1.0, 0.0)	(2.0, 0.0)	(3.0, 0.0)	(4.0, 0.0)	(5.0, 0.0)	(6.0, 0.0)	(7.0, 0.0)	(8.0, 0.0)	(9.0, 0.0)	(10.0, 0.0)	(11.0, 0.0)	(12.0, 0.0)	(13.0, 0.0)	(14.0, 0.0)	(15.0, 0.0)	(16.0, 0.0)	(17.0, 0.0)	(18.0, 0.0)	(19.0, 0.0)	(20.0, 0.0)	(21.0, 0.0)	(22.0, 0.0)	(23.0, 0.0)	(24.0, 0.0)	(25.0, 0.0)	(26.0, 0.0)	(27.0, 0.0)	(28.0, 0.0)	(29.0, 0.0)	(30.0, 0.0)	(31.0, 0.0)	(32.0, 0.0)	(33.0, 0.0)	(34.0, 0.0)	(35.0, 0.5)	(36.0, 1.0)	(37.0, 0.5)	(38.0, 0.0)	(39.0, 0.5)	(40.0, 0.5)	(41.0, 1.0)	(42.0, 11.95)	(43.0, 25.0)	(44.0, 27.833333333333336)	(45.0, 27.333333333333336)	(46.0, 48.633333333333326)	(47.0, 73.38333333333333)	(48.0, 200.55000000000044)	(49.0, 268.11666666666713)	(50.0, 318.8333333333324)	(51.0, 406.89999999999657)	(52.0, 488.0833333333277)	(53.0, 617.9666666666656)	(54.0, 805.51666666667)	(55.0, 903.9000000000075)	(56.0, 576.7499999999985)	(57.0, 312.1166666666664)	(58.0, 163.35000000000008)	(59.0, 100.46666666666664)	(60.0, 69.15000000000003)	(61.0, 47.7)	(62.0, 28.833333333333332)	(63.0, 13.25)	(64.0, 5.1)	(65.0, 0.16666666666666666)	(66.0, 0.0)	(67.0, 0.0)	(68.0, 0.0)	(69.0, 0.0)	(70.0, 0.0)	(71.0, 0.0)	(72.0, 0.0)	(73.0, 0.0)	(74.0, 0.0)	(75.0, 0.0)	(76.0, 0.0)	(77.0, 0.0)	(78.0, 0.0)	(79.0, 0.0)	(80.0, 0.0)	(81.0, 0.0)	(82.0, 0.0)	(83.0, 0.0)	(84.0, 0.0)	(85.0, 0.0)	(86.0, 0.0)	(87.0, 0.0)	(88.0, 0.0)	(89.0, 0.0)	(90.0, 0.0)	(91.0, 0.0)	(92.0, 0.0)	(93.0, 0.0)	(94.0, 0.0)	(95.0, 0.0)	(96.0, 0.0)	(97.0, 0.0)	(98.0, 0.0)	(99.0, 0.0)	(100.0, 0.0)
SRR926568	(0.0, 0.0)	(1.0, 0.0)	(2.0, 0.0)	(3.0, 0.0)	(4.0, 0.0)	(5.0, 0.0)	(6.0, 0.0)	(7.0, 0.0)	(8.0, 0.0)	(9.0, 0.0)	(10.0, 0.0)	(11.0, 0.0)	(12.0, 0.0)	(13.0, 0.0)	(14.0, 0.0)	(15.0, 0.0)	(16.0, 0.0)	(17.0, 0.0)	(18.0, 0.0)	(19.0, 0.0)	(20.0, 0.0)	(21.0, 0.0)	(22.0, 0.0)	(23.0, 0.0)	(24.0, 0.0)	(25.0, 0.0)	(26.0, 0.0)	(27.0, 0.0)	(28.0, 0.0)	(29.0, 0.0)	(30.0, 0.0)	(31.0, 0.0)	(32.0, 0.0)	(33.0, 0.0)	(34.0, 0.0)	(35.0, 0.0)	(36.0, 0.25)	(37.0, 0.0)	(38.0, 0.0)	(39.0, 0.0)	(40.0, 0.0)	(41.0, 0.3333333333333333)	(42.0, 6.033333333333333)	(43.0, 20.53333333333333)	(44.0, 24.333333333333332)	(45.0, 22.7)	(46.0, 44.983333333333334)	(47.0, 70.43333333333337)	(48.0, 111.7999999999998)	(49.0, 158.10000000000016)	(50.0, 313.2833333333317)	(51.0, 488.79999999999455)	(52.0, 410.23333333333045)	(53.0, 635.5999999999988)	(54.0, 707.2166666666689)	(55.0, 692.8999999999997)	(56.0, 509.9833333333293)	(57.0, 341.66666666666595)	(58.0, 188.56666666666692)	(59.0, 120.3333333333333)	(60.0, 76.83333333333336)	(61.0, 40.48333333333334)	(62.0, 23.900000000000002)	(63.0, 12.55)	(64.0, 2.7)	(65.0, 0.0)	(66.0, 0.0)	(67.0, 0.0)	(68.0, 0.0)	(69.0, 0.0)	(70.0, 0.0)	(71.0, 0.0)	(72.0, 0.0)	(73.0, 0.0)	(74.0, 0.0)	(75.0, 0.0)	(76.0, 0.0)	(77.0, 0.0)	(78.0, 0.0)	(79.0, 0.0)	(80.0, 0.0)	(81.0, 0.0)	(82.0, 0.0)	(83.0, 0.0)	(84.0, 0.0)	(85.0, 0.0)	(86.0, 0.0)	(87.0, 0.0)	(88.0, 0.0)	(89.0, 0.0)	(90.0, 0.0)	(91.0, 0.0)	(92.0, 0.0)	(93.0, 0.0)	(94.0, 0.0)	(95.0, 0.0)	(96.0, 0.0)	(97.0, 0.0)	(98.0, 0.0)	(99.0, 0.0)	(100.0, 0.0)
SRR926569	(0.0, 0.0)	(1.0, 0.0)	(2.0, 0.0)	(3.0, 0.0)	(4.0, 0.0)	(5.0, 0.0)	(6.0, 0.0)	(7.0, 0.0)	(8.0, 0.0)	(9.0, 0.0)	(10.0, 0.0)	(11.0, 0.0)	(12.0, 0.0)	(13.0, 0.0)	(14.0, 0.0)	(15.0, 0.0)	(16.0, 0.0)	(17.0, 0.0)	(18.0, 0.0)	(19.0, 0.0)	(20.0, 0.0)	(21.0, 0.0)	(22.0, 0.0)	(23.0, 0.0)	(24.0, 0.0)	(25.0, 0.0)	(26.0, 0.0)	(27.0, 0.0)	(28.0, 0.0)	(29.0, 0.0)	(30.0, 0.0)	(31.0, 0.0)	(32.0, 0.5)	(33.0, 1.25)	(34.0, 0.75)	(35.0, 0.3333333333333333)	(36.0, 1.4166666666666665)	(37.0, 1.6666666666666665)	(38.0, 1.75)	(39.0, 0.8333333333333333)	(40.0, 1.1666666666666665)	(41.0, 4.616666666666667)	(42.0, 12.31666666666667)	(43.0, 7.816666666666666)	(44.0, 11.033333333333337)	(45.0, 10.600000000000001)	(46.0, 9.516666666666666)	(47.0, 16.716666666666672)	(48.0, 32.68333333333331)	(49.0, 45.23333333333335)	(50.0, 152.5000000000002)	(51.0, 234.28333333333165)	(52.0, 686.6666666666682)	(53.0, 795.1833333333468)	(54.0, 678.1000000000015)	(55.0, 1030.6500000000028)	(56.0, 2039.5499999999472)	(57.0, 973.2000000000264)	(58.0, 564.0999999999991)	(59.0, 559.833333333333)	(60.0, 278.25)	(61.0, 135.99999999999994)	(62.0, 67.25)	(63.0, 40.28333333333333)	(64.0, 19.583333333333336)	(65.0, 6.083333333333333)	(66.0, 2.0)	(67.0, 1.0)	(68.0, 0.0)	(69.0, 0.3333333333333333)	(70.0, 0.8333333333333333)	(71.0, 1.0)	(72.0, 0.5)	(73.0, 0.0)	(74.0, 0.5)	(75.0, 1.0)	(76.0, 0.5)	(77.0, 0.0)	(78.0, 0.0)	(79.0, 0.0)	(80.0, 0.0)	(81.0, 0.0)	(82.0, 0.0)	(83.0, 0.0)	(84.0, 0.0)	(85.0, 0.0)	(86.0, 0.0)	(87.0, 0.0)	(88.0, 0.0)	(89.0, 0.0)	(90.0, 0.0)	(91.0, 0.0)	(92.0, 0.0)	(93.0, 0.0)	(94.0, 0.0)	(95.0, 0.0)	(96.0, 0.0)	(97.0, 0.0)	(98.0, 0.0)	(99.0, 0.0)	(100.0, 0.0)
SRR926570	(0.0, 0.0)	(1.0, 0.0)	(2.0, 0.0)	(3.0, 0.0)	(4.0, 0.0)	(5.0, 0.0)	(6.0, 0.0)	(7.0, 0.0)	(8.0, 0.0)	(9.0, 0.0)	(10.0, 0.0)	(11.0, 0.0)	(12.0, 0.0)	(13.0, 0.0)	(14.0, 0.0)	(15.0, 0.0)	(16.0, 0.0)	(17.0, 0.0)	(18.0, 0.0)	(19.0, 0.0)	(20.0, 0.0)	(21.0, 0.0)	(22.0, 0.0)	(23.0, 0.0)	(24.0, 0.0)	(25.0, 0.0)	(26.0, 0.0)	(27.0, 0.0)	(28.0, 0.0)	(29.0, 0.0)	(30.0, 0.0)	(31.0, 0.0)	(32.0, 0.0)	(33.0, 0.0)	(34.0, 0.0)	(35.0, 0.0)	(36.0, 0.0)	(37.0, 0.0)	(38.0, 0.0)	(39.0, 0.0)	(40.0, 0.0)	(41.0, 5.5)	(42.0, 23.5)	(43.0, 25.7)	(44.0, 15.75)	(45.0, 28.28333333333333)	(46.0, 41.95)	(47.0, 59.80000000000005)	(48.0, 104.13333333333323)	(49.0, 158.10000000000014)	(50.0, 240.5500000000003)	(51.0, 298.91666666666663)	(52.0, 392.11666666666486)	(53.0, 530.06666666666)	(54.0, 614.7666666666644)	(55.0, 728.283333333337)	(56.0, 528.9499999999982)	(57.0, 237.28333333333362)	(58.0, 79.59999999999998)	(59.0, 34.866666666666646)	(60.0, 13.349999999999998)	(61.0, 5.533333333333333)	(62.0, 1.7)	(63.0, 0.45)	(64.0, 0.3666666666666667)	(65.0, 0.0)	(66.0, 0.0)	(67.0, 0.0)	(68.0, 0.0)	(69.0, 0.0)	(70.0, 0.0)	(71.0, 0.0)	(72.0, 0.0)	(73.0, 0.0)	(74.0, 0.0)	(75.0, 0.0)	(76.0, 0.0)	(77.0, 0.0)	(78.0, 0.0)	(79.0, 0.0)	(80.0, 0.0)	(81.0, 0.0)	(82.0, 0.0)	(83.0, 0.0)	(84.0, 0.0)	(85.0, 0.0)	(86.0, 0.0)	(87.0, 0.0)	(88.0, 0.0)	(89.0, 0.0)	(90.0, 0.0)	(91.0, 0.0)	(92.0, 0.0)	(93.0, 0.0)	(94.0, 0.0)	(95.0, 0.0)	(96.0, 0.0)	(97.0, 0.0)	(98.0, 0.0)	(99.0, 0.0)	(100.0, 0.0)
SRR926571	(0.0, 0.0)	(1.0, 0.0)	(2.0, 0.0)	(3.0, 0.0)	(4.0, 0.0)	(5.0, 0.0)	(6.0, 0.0)	(7.0, 0.0)	(8.0, 0.0)	(9.0, 0.0)	(10.0, 0.0)	(11.0, 0.0)	(12.0, 0.0)	(13.0, 0.0)	(14.0, 0.0)	(15.0, 0.0)	(16.0, 0.0)	(17.0, 0.0)	(18.0, 0.0)	(19.0, 0.0)	(20.0, 0.0)	(21.0, 0.0)	(22.0, 0.0)	(23.0, 0.0)	(24.0, 0.0)	(25.0, 0.0)	(26.0, 0.0)	(27.0, 0.0)	(28.0, 0.0)	(29.0, 0.0)	(30.0, 0.0)	(31.0, 0.0)	(32.0, 0.0)	(33.0, 0.0)	(34.0, 0.0)	(35.0, 0.0)	(36.0, 0.0)	(37.0, 0.0)	(38.0, 0.0)	(39.0, 0.0)	(40.0, 0.0)	(41.0, 0.0)	(42.0, 7.5)	(43.0, 18.5)	(44.0, 17.5)	(45.0, 12.5)	(46.0, 41.1)	(47.0, 70.23333333333336)	(48.0, 80.95000000000003)	(49.0, 107.14999999999986)	(50.0, 193.28333333333381)	(51.0, 321.78333333333245)	(52.0, 512.1999999999964)	(53.0, 705.7333333333357)	(54.0, 873.5333333333432)	(55.0, 860.4833333333422)	(56.0, 721.1333333333348)	(57.0, 376.43333333333254)	(58.0, 164.75000000000017)	(59.0, 100.11666666666666)	(60.0, 50.3)	(61.0, 36.5)	(62.0, 21.5)	(63.0, 8.166666666666668)	(64.0, 3.7)	(65.0, 0.6666666666666666)	(66.0, 0.0)	(67.0, 0.0)	(68.0, 0.0)	(69.0, 0.0)	(70.0, 0.0)	(71.0, 0.0)	(72.0, 0.0)	(73.0, 0.0)	(74.0, 0.0)	(75.0, 0.0)	(76.0, 0.0)	(77.0, 0.0)	(78.0, 0.0)	(79.0, 0.0)	(80.0, 0.0)	(81.0, 0.0)	(82.0, 0.0)	(83.0, 0.0)	(84.0, 0.0)	(85.0, 0.0)	(86.0, 0.0)	(87.0, 0.0)	(88.0, 0.0)	(89.0, 0.0)	(90.0, 0.0)	(91.0, 0.0)	(92.0, 0.0)	(93.0, 0.0)	(94.0, 0.0)	(95.0, 0.0)	(96.0, 0.0)	(97.0, 0.0)	(98.0, 0.0)	(99.0, 0.0)	(100.0, 0.0)
SRR926572	(0.0, 0.0)	(1.0, 0.0)	(2.0, 0.0)	(3.0, 0.0)	(4.0, 0.0)	(5.0, 0.0)	(6.0, 0.0)	(7.0, 0.0)	(8.0, 0.0)	(9.0, 0.0)	(10.0, 0.0)	(11.0, 0.0)	(12.0, 0.0)	(13.0, 0.0)	(14.0, 0.0)	(15.0, 0.0)	(16.0, 0.0)	(17.0, 0.0)	(18.0, 0.0)	(19.0, 0.0)	(20.0, 0.0)	(21.0, 0.0)	(22.0, 0.0)	(23.0, 0.0)	(24.0, 0.0)	(25.0, 0.0)	(26.0, 0.0)	(27.0, 0.0)	(28.0, 0.0)	(29.0, 0.0)	(30.0, 0.0)	(31.0, 0.0)	(32.0, 0.0)	(33.0, 0.0)	(34.0, 0.25)	(35.0, 0.3333333333333333)	(36.0, 0.3333333333333333)	(37.0, 1.1666666666666665)	(38.0, 0.5833333333333333)	(39.0, 0.95)	(40.0, 0.7833333333333333)	(41.0, 1.7499999999999998)	(42.0, 4.3999999999999995)	(43.0, 12.616666666666667)	(44.0, 13.98333333333333)	(45.0, 6.533333333333333)	(46.0, 8.96666666666667)	(47.0, 16.133333333333333)	(48.0, 20.183333333333323)	(49.0, 21.433333333333316)	(50.0, 35.833333333333314)	(51.0, 60.20000000000011)	(52.0, 183.00000000000065)	(53.0, 1039.8333333333676)	(54.0, 892.2333333333503)	(55.0, 1893.3166666667676)	(56.0, 893.9166666666729)	(57.0, 1417.0999999999901)	(58.0, 1732.5499999999568)	(59.0, 873.0833333333367)	(60.0, 504.83333333333206)	(61.0, 298.65000000000003)	(62.0, 298.6166666666668)	(63.0, 234.4500000000001)	(64.0, 139.66666666666666)	(65.0, 116.08333333333333)	(66.0, 95.5)	(67.0, 71.03333333333333)	(68.0, 47.03333333333333)	(69.0, 27.5)	(70.0, 15.0)	(71.0, 6.0)	(72.0, 1.0)	(73.0, 0.5)	(74.0, 0.0)	(75.0, 0.0)	(76.0, 0.0)	(77.0, 0.0)	(78.0, 0.0)	(79.0, 0.0)	(80.0, 0.0)	(81.0, 0.0)	(82.0, 0.0)	(83.0, 0.0)	(84.0, 0.0)	(85.0, 0.0)	(86.0, 0.0)	(87.0, 0.0)	(88.0, 0.0)	(89.0, 0.0)	(90.0, 0.0)	(91.0, 0.0)	(92.0, 0.0)	(93.0, 0.0)	(94.0, 0.0)	(95.0, 0.0)	(96.0, 0.0)	(97.0, 0.0)	(98.0, 0.0)	(99.0, 0.0)	(100.0, 0.0)
