Sample	0	1	2	3	4	5	6	7	8	9	10	11	12	13	14	15	16	17	18	19	20	21	22	23	24	25	26	27	28	29	30	31	32	33	34	35	36	37	38	39	40	41	42	43	44	45	46	47	48	49	50	51	52	53	54	55	56	57	58	59	60	61	62	63	64	65	66	67	68	69	70	71	72	73	74	75	76	77	78	79	80	81	82	83	84	85	86	87	88	89	90	91	92	93	94	95	96	97	98	99	100
SRR5515450_1	(0.0, 0.0)	(1.0, 0.0)	(2.0, 0.0)	(3.0, 0.0)	(4.0, 0.0)	(5.0, 0.0)	(6.0, 0.0)	(7.0, 0.0)	(8.0, 0.0)	(9.0, 0.0)	(10.0, 0.0)	(11.0, 0.0)	(12.0, 0.0)	(13.0, 0.0)	(14.0, 0.0)	(15.0, 0.0)	(16.0, 0.0)	(17.0, 0.0)	(18.0, 0.0)	(19.0, 0.0)	(20.0, 0.0)	(21.0, 0.0)	(22.0, 0.0)	(23.0, 0.0)	(24.0, 0.0)	(25.0, 0.0)	(26.0, 0.0)	(27.0, 0.0)	(28.0, 0.0)	(29.0, 0.0)	(30.0, 0.0)	(31.0, 0.0)	(32.0, 0.0)	(33.0, 0.0)	(34.0, 0.0)	(35.0, 0.0)	(36.0, 0.0)	(37.0, 0.0)	(38.0, 0.0)	(39.0, 0.0)	(40.0, 0.0)	(41.0, 0.0)	(42.0, 0.0)	(43.0, 0.0)	(44.0, 0.0)	(45.0, 0.5)	(46.0, 1.5)	(47.0, 3.5)	(48.0, 53.75)	(49.0, 91.5)	(50.0, 98.75)	(51.0, 304.75)	(52.0, 541.75)	(53.0, 703.25)	(54.0, 1120.75)	(55.0, 1055.25)	(56.0, 830.0)	(57.0, 431.25)	(58.0, 321.75)	(59.0, 282.25)	(60.0, 240.75)	(61.0, 149.0)	(62.0, 183.75)	(63.0, 26.75)	(64.0, 13.75)	(65.0, 14.0)	(66.0, 4.0)	(67.0, 1.75)	(68.0, 2.25)	(69.0, 0.5)	(70.0, 0.0)	(71.0, 0.0)	(72.0, 0.0)	(73.0, 0.0)	(74.0, 0.0)	(75.0, 0.0)	(76.0, 0.0)	(77.0, 0.0)	(78.0, 0.0)	(79.0, 0.0)	(80.0, 0.0)	(81.0, 0.0)	(82.0, 0.0)	(83.0, 0.0)	(84.0, 0.0)	(85.0, 0.0)	(86.0, 0.0)	(87.0, 0.0)	(88.0, 0.0)	(89.0, 0.0)	(90.0, 0.0)	(91.0, 0.0)	(92.0, 0.0)	(93.0, 0.0)	(94.0, 0.0)	(95.0, 0.0)	(96.0, 0.0)	(97.0, 0.0)	(98.0, 0.0)	(99.0, 0.0)	(100.0, 0.0)
SRR5515450_2	(0.0, 0.0)	(1.0, 0.0)	(2.0, 0.0)	(3.0, 0.0)	(4.0, 0.0)	(5.0, 0.0)	(6.0, 0.0)	(7.0, 0.0)	(8.0, 0.0)	(9.0, 0.0)	(10.0, 0.0)	(11.0, 0.0)	(12.0, 0.0)	(13.0, 0.0)	(14.0, 0.0)	(15.0, 0.0)	(16.0, 0.0)	(17.0, 0.0)	(18.0, 0.0)	(19.0, 0.0)	(20.0, 0.0)	(21.0, 0.0)	(22.0, 0.0)	(23.0, 0.0)	(24.0, 0.0)	(25.0, 0.0)	(26.0, 0.0)	(27.0, 0.0)	(28.0, 0.0)	(29.0, 0.0)	(30.0, 0.0)	(31.0, 0.0)	(32.0, 0.0)	(33.0, 0.0)	(34.0, 0.0)	(35.0, 0.0)	(36.0, 0.0)	(37.0, 0.0)	(38.0, 0.25)	(39.0, 0.5)	(40.0, 0.25)	(41.0, 2.0)	(42.0, 6.75)	(43.0, 22.5)	(44.0, 40.0)	(45.0, 55.0)	(46.0, 75.5)	(47.0, 82.25)	(48.0, 90.5)	(49.0, 123.0)	(50.0, 195.75)	(51.0, 284.75)	(52.0, 454.5)	(53.0, 667.75)	(54.0, 648.75)	(55.0, 645.75)	(56.0, 706.25)	(57.0, 618.5)	(58.0, 397.5)	(59.0, 290.5)	(60.0, 202.25)	(61.0, 159.75)	(62.0, 150.0)	(63.0, 165.25)	(64.0, 158.25)	(65.0, 155.0)	(66.0, 107.25)	(67.0, 60.0)	(68.0, 23.75)	(69.0, 12.25)	(70.0, 7.0)	(71.0, 3.75)	(72.0, 2.75)	(73.0, 1.75)	(74.0, 1.75)	(75.0, 0.5)	(76.0, 0.5)	(77.0, 0.25)	(78.0, 1.0)	(79.0, 0.25)	(80.0, 0.0)	(81.0, 0.25)	(82.0, 0.0)	(83.0, 0.0)	(84.0, 0.0)	(85.0, 0.0)	(86.0, 0.25)	(87.0, 0.0)	(88.0, 0.0)	(89.0, 0.0)	(90.0, 0.0)	(91.0, 0.0)	(92.0, 0.0)	(93.0, 0.0)	(94.0, 0.0)	(95.0, 0.0)	(96.0, 0.25)	(97.0, 0.0)	(98.0, 0.0)	(99.0, 0.0)	(100.0, 0.0)
SRR5515451_1	(0.0, 0.0)	(1.0, 0.0)	(2.0, 0.0)	(3.0, 0.0)	(4.0, 0.0)	(5.0, 0.0)	(6.0, 0.0)	(7.0, 0.0)	(8.0, 0.0)	(9.0, 0.0)	(10.0, 0.0)	(11.0, 0.0)	(12.0, 0.0)	(13.0, 0.0)	(14.0, 0.0)	(15.0, 0.0)	(16.0, 0.0)	(17.0, 0.0)	(18.0, 0.0)	(19.0, 0.0)	(20.0, 0.0)	(21.0, 0.0)	(22.0, 0.0)	(23.0, 0.0)	(24.0, 0.0)	(25.0, 0.0)	(26.0, 0.0)	(27.0, 0.0)	(28.0, 0.0)	(29.0, 0.0)	(30.0, 0.0)	(31.0, 0.0)	(32.0, 0.0)	(33.0, 0.0)	(34.0, 0.0)	(35.0, 0.0)	(36.0, 0.5)	(37.0, 0.0)	(38.0, 0.0)	(39.0, 0.0)	(40.0, 0.0)	(41.0, 0.0)	(42.0, 0.25)	(43.0, 0.0)	(44.0, 0.0)	(45.0, 0.25)	(46.0, 3.0)	(47.0, 11.75)	(48.0, 18.75)	(49.0, 62.0)	(50.0, 76.25)	(51.0, 383.25)	(52.0, 480.0)	(53.0, 537.75)	(54.0, 1076.75)	(55.0, 842.5)	(56.0, 656.0)	(57.0, 442.5)	(58.0, 327.5)	(59.0, 274.5)	(60.0, 62.75)	(61.0, 26.75)	(62.0, 10.25)	(63.0, 2.75)	(64.0, 2.5)	(65.0, 5.75)	(66.0, 2.25)	(67.0, 1.75)	(68.0, 3.25)	(69.0, 0.25)	(70.0, 0.0)	(71.0, 0.0)	(72.0, 0.0)	(73.0, 0.0)	(74.0, 0.0)	(75.0, 0.0)	(76.0, 0.0)	(77.0, 0.0)	(78.0, 0.0)	(79.0, 0.0)	(80.0, 0.0)	(81.0, 0.0)	(82.0, 0.0)	(83.0, 0.0)	(84.0, 0.0)	(85.0, 0.0)	(86.0, 0.0)	(87.0, 0.0)	(88.0, 0.0)	(89.0, 0.0)	(90.0, 0.0)	(91.0, 0.0)	(92.0, 0.0)	(93.0, 0.0)	(94.0, 0.0)	(95.0, 0.0)	(96.0, 0.0)	(97.0, 0.0)	(98.0, 0.0)	(99.0, 0.0)	(100.0, 0.0)
SRR5515451_2	(0.0, 0.0)	(1.0, 0.0)	(2.0, 0.0)	(3.0, 0.0)	(4.0, 0.0)	(5.0, 0.0)	(6.0, 0.0)	(7.0, 0.0)	(8.0, 0.0)	(9.0, 0.0)	(10.0, 0.0)	(11.0, 0.0)	(12.0, 0.0)	(13.0, 0.0)	(14.0, 0.0)	(15.0, 0.0)	(16.0, 0.0)	(17.0, 0.0)	(18.0, 0.0)	(19.0, 0.0)	(20.0, 0.0)	(21.0, 0.0)	(22.0, 0.0)	(23.0, 0.0)	(24.0, 0.0)	(25.0, 0.0)	(26.0, 0.0)	(27.0, 0.0)	(28.0, 0.0)	(29.0, 0.0)	(30.0, 0.0)	(31.0, 0.0)	(32.0, 0.0)	(33.0, 0.0)	(34.0, 0.0)	(35.0, 0.0)	(36.0, 0.25)	(37.0, 0.25)	(38.0, 0.75)	(39.0, 0.0)	(40.0, 1.25)	(41.0, 3.25)	(42.0, 7.0)	(43.0, 9.75)	(44.0, 23.75)	(45.0, 56.25)	(46.0, 80.0)	(47.0, 73.25)	(48.0, 56.0)	(49.0, 84.25)	(50.0, 198.75)	(51.0, 324.5)	(52.0, 432.5)	(53.0, 567.0)	(54.0, 558.25)	(55.0, 525.0)	(56.0, 461.25)	(57.0, 367.5)	(58.0, 332.25)	(59.0, 302.5)	(60.0, 210.5)	(61.0, 114.5)	(62.0, 80.5)	(63.0, 129.5)	(64.0, 133.75)	(65.0, 88.25)	(66.0, 41.0)	(67.0, 17.25)	(68.0, 6.25)	(69.0, 3.25)	(70.0, 3.0)	(71.0, 1.75)	(72.0, 2.75)	(73.0, 1.0)	(74.0, 0.0)	(75.0, 0.0)	(76.0, 0.0)	(77.0, 0.5)	(78.0, 0.25)	(79.0, 0.25)	(80.0, 0.0)	(81.0, 0.0)	(82.0, 0.0)	(83.0, 0.0)	(84.0, 0.0)	(85.0, 0.0)	(86.0, 0.0)	(87.0, 0.0)	(88.0, 0.0)	(89.0, 0.0)	(90.0, 0.0)	(91.0, 0.0)	(92.0, 0.0)	(93.0, 0.0)	(94.0, 0.0)	(95.0, 0.0)	(96.0, 0.0)	(97.0, 0.0)	(98.0, 0.25)	(99.0, 0.25)	(100.0, 0.0)
SRR5515452_1	(0.0, 0.0)	(1.0, 0.0)	(2.0, 0.0)	(3.0, 0.0)	(4.0, 0.0)	(5.0, 0.0)	(6.0, 0.0)	(7.0, 0.0)	(8.0, 0.0)	(9.0, 0.0)	(10.0, 0.0)	(11.0, 0.0)	(12.0, 0.0)	(13.0, 0.0)	(14.0, 0.0)	(15.0, 0.0)	(16.0, 0.0)	(17.0, 0.0)	(18.0, 0.0)	(19.0, 0.0)	(20.0, 0.0)	(21.0, 0.0)	(22.0, 0.0)	(23.0, 0.0)	(24.0, 0.0)	(25.0, 0.0)	(26.0, 0.0)	(27.0, 0.0)	(28.0, 0.0)	(29.0, 0.0)	(30.0, 0.0)	(31.0, 0.0)	(32.0, 0.0)	(33.0, 0.0)	(34.0, 0.0)	(35.0, 0.0)	(36.0, 0.0)	(37.0, 0.0)	(38.0, 0.0)	(39.0, 0.0)	(40.0, 0.0)	(41.0, 0.0)	(42.0, 0.0)	(43.0, 0.0)	(44.0, 0.0)	(45.0, 0.0)	(46.0, 0.75)	(47.0, 3.25)	(48.0, 29.75)	(49.0, 93.5)	(50.0, 110.5)	(51.0, 616.25)	(52.0, 1017.25)	(53.0, 765.75)	(54.0, 1081.75)	(55.0, 805.25)	(56.0, 679.0)	(57.0, 468.5)	(58.0, 178.75)	(59.0, 225.25)	(60.0, 129.25)	(61.0, 19.75)	(62.0, 11.0)	(63.0, 2.5)	(64.0, 20.0)	(65.0, 23.75)	(66.0, 8.25)	(67.0, 1.5)	(68.0, 1.0)	(69.0, 0.5)	(70.0, 0.0)	(71.0, 0.0)	(72.0, 0.0)	(73.0, 0.0)	(74.0, 0.0)	(75.0, 0.0)	(76.0, 0.0)	(77.0, 0.0)	(78.0, 0.0)	(79.0, 0.0)	(80.0, 0.0)	(81.0, 0.0)	(82.0, 0.0)	(83.0, 0.0)	(84.0, 0.0)	(85.0, 0.0)	(86.0, 0.0)	(87.0, 0.0)	(88.0, 0.0)	(89.0, 0.0)	(90.0, 0.0)	(91.0, 0.0)	(92.0, 0.0)	(93.0, 0.0)	(94.0, 0.0)	(95.0, 0.0)	(96.0, 0.0)	(97.0, 0.0)	(98.0, 0.0)	(99.0, 0.0)	(100.0, 0.0)
SRR5515452_2	(0.0, 0.0)	(1.0, 0.0)	(2.0, 0.0)	(3.0, 0.0)	(4.0, 0.0)	(5.0, 0.0)	(6.0, 0.0)	(7.0, 0.0)	(8.0, 0.0)	(9.0, 0.0)	(10.0, 0.0)	(11.0, 0.0)	(12.0, 0.0)	(13.0, 0.0)	(14.0, 0.0)	(15.0, 0.0)	(16.0, 0.0)	(17.0, 0.0)	(18.0, 0.0)	(19.0, 0.0)	(20.0, 0.0)	(21.0, 0.0)	(22.0, 0.0)	(23.0, 0.0)	(24.0, 0.0)	(25.0, 0.0)	(26.0, 0.0)	(27.0, 0.0)	(28.0, 0.0)	(29.0, 0.0)	(30.0, 0.0)	(31.0, 0.0)	(32.0, 0.0)	(33.0, 0.0)	(34.0, 0.0)	(35.0, 0.0)	(36.0, 0.0)	(37.0, 0.0)	(38.0, 0.5)	(39.0, 0.75)	(40.0, 2.75)	(41.0, 2.5)	(42.0, 3.0)	(43.0, 10.25)	(44.0, 27.25)	(45.0, 42.75)	(46.0, 49.0)	(47.0, 80.5)	(48.0, 143.0)	(49.0, 251.5)	(50.0, 400.5)	(51.0, 563.5)	(52.0, 786.25)	(53.0, 769.5)	(54.0, 651.5)	(55.0, 552.75)	(56.0, 503.0)	(57.0, 373.0)	(58.0, 270.25)	(59.0, 200.0)	(60.0, 133.25)	(61.0, 119.5)	(62.0, 112.0)	(63.0, 77.0)	(64.0, 44.25)	(65.0, 22.75)	(66.0, 16.0)	(67.0, 15.75)	(68.0, 10.5)	(69.0, 8.25)	(70.0, 5.25)	(71.0, 2.25)	(72.0, 2.0)	(73.0, 0.75)	(74.0, 0.25)	(75.0, 0.75)	(76.0, 0.25)	(77.0, 0.0)	(78.0, 0.25)	(79.0, 0.25)	(80.0, 0.0)	(81.0, 0.25)	(82.0, 0.25)	(83.0, 0.0)	(84.0, 0.0)	(85.0, 0.0)	(86.0, 0.0)	(87.0, 0.0)	(88.0, 0.0)	(89.0, 0.0)	(90.0, 0.0)	(91.0, 0.0)	(92.0, 0.0)	(93.0, 0.0)	(94.0, 0.0)	(95.0, 0.0)	(96.0, 0.0)	(97.0, 0.0)	(98.0, 0.0)	(99.0, 0.0)	(100.0, 0.0)
SRR5515453_1	(0.0, 0.0)	(1.0, 0.0)	(2.0, 0.0)	(3.0, 0.0)	(4.0, 0.0)	(5.0, 0.0)	(6.0, 0.0)	(7.0, 0.0)	(8.0, 0.0)	(9.0, 0.0)	(10.0, 0.0)	(11.0, 0.0)	(12.0, 0.0)	(13.0, 0.0)	(14.0, 0.0)	(15.0, 0.0)	(16.0, 0.0)	(17.0, 0.0)	(18.0, 0.0)	(19.0, 0.0)	(20.0, 0.0)	(21.0, 0.0)	(22.0, 0.0)	(23.0, 0.0)	(24.0, 0.0)	(25.0, 0.0)	(26.0, 0.0)	(27.0, 0.0)	(28.0, 0.0)	(29.0, 0.0)	(30.0, 0.0)	(31.0, 0.0)	(32.0, 0.0)	(33.0, 0.0)	(34.0, 0.0)	(35.0, 0.0)	(36.0, 0.25)	(37.0, 0.25)	(38.0, 0.0)	(39.0, 0.0)	(40.0, 0.25)	(41.0, 0.0)	(42.0, 0.0)	(43.0, 0.0)	(44.0, 0.25)	(45.0, 0.25)	(46.0, 2.0)	(47.0, 8.0)	(48.0, 35.25)	(49.0, 64.0)	(50.0, 119.0)	(51.0, 712.5)	(52.0, 1168.5)	(53.0, 615.75)	(54.0, 752.0)	(55.0, 674.5)	(56.0, 485.5)	(57.0, 351.0)	(58.0, 298.75)	(59.0, 476.25)	(60.0, 189.25)	(61.0, 25.0)	(62.0, 7.0)	(63.0, 3.5)	(64.0, 9.25)	(65.0, 22.5)	(66.0, 20.25)	(67.0, 8.25)	(68.0, 2.25)	(69.0, 0.75)	(70.0, 0.0)	(71.0, 0.0)	(72.0, 0.0)	(73.0, 0.0)	(74.0, 0.0)	(75.0, 0.0)	(76.0, 0.0)	(77.0, 0.0)	(78.0, 0.0)	(79.0, 0.0)	(80.0, 0.0)	(81.0, 0.0)	(82.0, 0.0)	(83.0, 0.0)	(84.0, 0.0)	(85.0, 0.0)	(86.0, 0.0)	(87.0, 0.0)	(88.0, 0.0)	(89.0, 0.0)	(90.0, 0.0)	(91.0, 0.0)	(92.0, 0.0)	(93.0, 0.0)	(94.0, 0.0)	(95.0, 0.0)	(96.0, 0.0)	(97.0, 0.0)	(98.0, 0.0)	(99.0, 0.0)	(100.0, 0.0)
SRR5515453_2	(0.0, 0.0)	(1.0, 0.0)	(2.0, 0.0)	(3.0, 0.0)	(4.0, 0.0)	(5.0, 0.0)	(6.0, 0.0)	(7.0, 0.0)	(8.0, 0.0)	(9.0, 0.0)	(10.0, 0.0)	(11.0, 0.0)	(12.0, 0.0)	(13.0, 0.0)	(14.0, 0.0)	(15.0, 0.0)	(16.0, 0.0)	(17.0, 0.0)	(18.0, 0.0)	(19.0, 0.0)	(20.0, 0.0)	(21.0, 0.0)	(22.0, 0.0)	(23.0, 0.0)	(24.0, 0.0)	(25.0, 0.0)	(26.0, 0.0)	(27.0, 0.0)	(28.0, 0.0)	(29.0, 0.0)	(30.0, 0.0)	(31.0, 0.0)	(32.0, 0.0)	(33.0, 0.0)	(34.0, 0.0)	(35.0, 0.0)	(36.0, 0.0)	(37.0, 0.0)	(38.0, 0.0)	(39.0, 0.0)	(40.0, 1.0)	(41.0, 8.25)	(42.0, 10.25)	(43.0, 10.5)	(44.0, 17.25)	(45.0, 39.75)	(46.0, 61.5)	(47.0, 75.5)	(48.0, 142.0)	(49.0, 253.25)	(50.0, 403.0)	(51.0, 631.25)	(52.0, 890.75)	(53.0, 839.5)	(54.0, 578.5)	(55.0, 457.25)	(56.0, 485.25)	(57.0, 393.75)	(58.0, 230.25)	(59.0, 129.5)	(60.0, 94.75)	(61.0, 70.0)	(62.0, 50.75)	(63.0, 38.25)	(64.0, 28.0)	(65.0, 18.75)	(66.0, 10.5)	(67.0, 13.5)	(68.0, 16.0)	(69.0, 11.75)	(70.0, 8.75)	(71.0, 5.25)	(72.0, 1.75)	(73.0, 1.75)	(74.0, 1.0)	(75.0, 0.0)	(76.0, 0.0)	(77.0, 0.0)	(78.0, 0.0)	(79.0, 0.0)	(80.0, 0.0)	(81.0, 0.0)	(82.0, 0.0)	(83.0, 0.0)	(84.0, 0.0)	(85.0, 0.0)	(86.0, 0.0)	(87.0, 0.0)	(88.0, 0.0)	(89.0, 0.0)	(90.0, 0.0)	(91.0, 0.0)	(92.0, 0.0)	(93.0, 0.0)	(94.0, 0.0)	(95.0, 0.0)	(96.0, 0.0)	(97.0, 0.0)	(98.0, 0.0)	(99.0, 0.0)	(100.0, 0.0)
SRR5515454_1	(0.0, 0.0)	(1.0, 0.0)	(2.0, 0.0)	(3.0, 0.0)	(4.0, 0.0)	(5.0, 0.0)	(6.0, 0.0)	(7.0, 0.0)	(8.0, 0.0)	(9.0, 0.0)	(10.0, 0.0)	(11.0, 0.0)	(12.0, 0.0)	(13.0, 0.0)	(14.0, 0.0)	(15.0, 0.0)	(16.0, 0.0)	(17.0, 0.0)	(18.0, 0.0)	(19.0, 0.0)	(20.0, 0.0)	(21.0, 0.0)	(22.0, 0.0)	(23.0, 0.0)	(24.0, 0.0)	(25.0, 0.0)	(26.0, 0.0)	(27.0, 0.0)	(28.0, 0.0)	(29.0, 0.0)	(30.0, 0.0)	(31.0, 0.0)	(32.0, 0.0)	(33.0, 0.0)	(34.0, 0.0)	(35.0, 0.0)	(36.0, 0.25)	(37.0, 0.25)	(38.0, 0.0)	(39.0, 0.0)	(40.0, 0.25)	(41.0, 0.25)	(42.0, 0.0)	(43.0, 0.0)	(44.0, 0.5)	(45.0, 0.75)	(46.0, 0.75)	(47.0, 3.5)	(48.0, 10.25)	(49.0, 30.5)	(50.0, 132.0)	(51.0, 690.5)	(52.0, 1588.25)	(53.0, 894.5)	(54.0, 890.0)	(55.0, 753.75)	(56.0, 606.0)	(57.0, 563.0)	(58.0, 451.75)	(59.0, 292.25)	(60.0, 159.0)	(61.0, 36.75)	(62.0, 8.75)	(63.0, 1.75)	(64.0, 7.75)	(65.0, 10.75)	(66.0, 6.75)	(67.0, 5.25)	(68.0, 2.25)	(69.0, 0.25)	(70.0, 0.25)	(71.0, 0.25)	(72.0, 0.0)	(73.0, 0.0)	(74.0, 0.0)	(75.0, 0.0)	(76.0, 0.0)	(77.0, 0.0)	(78.0, 0.0)	(79.0, 0.0)	(80.0, 0.0)	(81.0, 0.0)	(82.0, 0.0)	(83.0, 0.0)	(84.0, 0.0)	(85.0, 0.0)	(86.0, 0.0)	(87.0, 0.0)	(88.0, 0.0)	(89.0, 0.0)	(90.0, 0.0)	(91.0, 0.0)	(92.0, 0.0)	(93.0, 0.0)	(94.0, 0.0)	(95.0, 0.0)	(96.0, 0.0)	(97.0, 0.0)	(98.0, 0.0)	(99.0, 0.0)	(100.0, 0.0)
SRR5515454_2	(0.0, 0.0)	(1.0, 0.0)	(2.0, 0.0)	(3.0, 0.0)	(4.0, 0.0)	(5.0, 0.0)	(6.0, 0.0)	(7.0, 0.0)	(8.0, 0.0)	(9.0, 0.0)	(10.0, 0.0)	(11.0, 0.0)	(12.0, 0.0)	(13.0, 0.0)	(14.0, 0.0)	(15.0, 0.0)	(16.0, 0.0)	(17.0, 0.0)	(18.0, 0.0)	(19.0, 0.0)	(20.0, 0.0)	(21.0, 0.0)	(22.0, 0.0)	(23.0, 0.0)	(24.0, 0.0)	(25.0, 0.0)	(26.0, 0.0)	(27.0, 0.0)	(28.0, 0.0)	(29.0, 0.0)	(30.0, 0.0)	(31.0, 0.0)	(32.0, 0.0)	(33.0, 0.25)	(34.0, 0.25)	(35.0, 0.0)	(36.0, 0.0)	(37.0, 0.0)	(38.0, 0.0)	(39.0, 0.25)	(40.0, 0.0)	(41.0, 0.25)	(42.0, 3.25)	(43.0, 8.75)	(44.0, 14.0)	(45.0, 26.0)	(46.0, 32.0)	(47.0, 42.75)	(48.0, 66.25)	(49.0, 152.0)	(50.0, 483.25)	(51.0, 918.25)	(52.0, 1114.25)	(53.0, 1079.25)	(54.0, 791.75)	(55.0, 609.5)	(56.0, 533.0)	(57.0, 394.75)	(58.0, 246.75)	(59.0, 141.25)	(60.0, 93.0)	(61.0, 100.25)	(62.0, 101.0)	(63.0, 67.25)	(64.0, 38.0)	(65.0, 26.0)	(66.0, 13.25)	(67.0, 9.5)	(68.0, 7.0)	(69.0, 7.75)	(70.0, 5.75)	(71.0, 2.5)	(72.0, 1.5)	(73.0, 2.25)	(74.0, 1.5)	(75.0, 0.25)	(76.0, 0.0)	(77.0, 0.0)	(78.0, 0.0)	(79.0, 0.0)	(80.0, 0.0)	(81.0, 0.5)	(82.0, 0.0)	(83.0, 0.0)	(84.0, 0.0)	(85.0, 0.0)	(86.0, 0.0)	(87.0, 0.0)	(88.0, 0.0)	(89.0, 0.0)	(90.0, 0.0)	(91.0, 0.0)	(92.0, 0.0)	(93.0, 0.0)	(94.0, 0.0)	(95.0, 0.0)	(96.0, 0.0)	(97.0, 0.0)	(98.0, 0.0)	(99.0, 0.0)	(100.0, 0.0)
SRR5515455_1	(0.0, 0.0)	(1.0, 0.0)	(2.0, 0.0)	(3.0, 0.0)	(4.0, 0.0)	(5.0, 0.0)	(6.0, 0.0)	(7.0, 0.0)	(8.0, 0.0)	(9.0, 0.0)	(10.0, 0.0)	(11.0, 0.0)	(12.0, 0.0)	(13.0, 0.0)	(14.0, 0.0)	(15.0, 0.0)	(16.0, 0.0)	(17.0, 0.0)	(18.0, 0.0)	(19.0, 0.0)	(20.0, 0.0)	(21.0, 0.0)	(22.0, 0.0)	(23.0, 0.0)	(24.0, 0.0)	(25.0, 0.0)	(26.0, 0.0)	(27.0, 0.0)	(28.0, 0.0)	(29.0, 0.0)	(30.0, 0.0)	(31.0, 0.0)	(32.0, 0.0)	(33.0, 0.0)	(34.0, 0.0)	(35.0, 0.0)	(36.0, 0.0)	(37.0, 0.0)	(38.0, 0.0)	(39.0, 0.0)	(40.0, 0.0)	(41.0, 0.25)	(42.0, 0.25)	(43.0, 0.0)	(44.0, 0.0)	(45.0, 0.0)	(46.0, 0.5)	(47.0, 4.0)	(48.0, 7.0)	(49.0, 31.5)	(50.0, 68.0)	(51.0, 335.0)	(52.0, 603.5)	(53.0, 621.0)	(54.0, 688.75)	(55.0, 508.25)	(56.0, 521.5)	(57.0, 353.25)	(58.0, 161.25)	(59.0, 146.5)	(60.0, 58.0)	(61.0, 11.75)	(62.0, 4.0)	(63.0, 0.75)	(64.0, 2.0)	(65.0, 3.25)	(66.0, 3.0)	(67.0, 2.25)	(68.0, 0.0)	(69.0, 0.0)	(70.0, 0.25)	(71.0, 0.25)	(72.0, 0.0)	(73.0, 0.0)	(74.0, 0.0)	(75.0, 0.0)	(76.0, 0.0)	(77.0, 0.0)	(78.0, 0.0)	(79.0, 0.0)	(80.0, 0.0)	(81.0, 0.0)	(82.0, 0.0)	(83.0, 0.0)	(84.0, 0.0)	(85.0, 0.0)	(86.0, 0.0)	(87.0, 0.0)	(88.0, 0.0)	(89.0, 0.0)	(90.0, 0.0)	(91.0, 0.0)	(92.0, 0.0)	(93.0, 0.0)	(94.0, 0.0)	(95.0, 0.0)	(96.0, 0.0)	(97.0, 0.0)	(98.0, 0.0)	(99.0, 0.0)	(100.0, 0.0)
SRR5515455_2	(0.0, 0.0)	(1.0, 0.0)	(2.0, 0.0)	(3.0, 0.0)	(4.0, 0.0)	(5.0, 0.0)	(6.0, 0.0)	(7.0, 0.0)	(8.0, 0.0)	(9.0, 0.0)	(10.0, 0.0)	(11.0, 0.0)	(12.0, 0.0)	(13.0, 0.0)	(14.0, 0.0)	(15.0, 0.0)	(16.0, 0.0)	(17.0, 0.0)	(18.0, 0.0)	(19.0, 0.0)	(20.0, 0.0)	(21.0, 0.0)	(22.0, 0.0)	(23.0, 0.0)	(24.0, 0.0)	(25.0, 0.0)	(26.0, 0.0)	(27.0, 0.0)	(28.0, 0.0)	(29.0, 0.0)	(30.0, 0.0)	(31.0, 0.0)	(32.0, 0.0)	(33.0, 0.0)	(34.0, 0.0)	(35.0, 0.0)	(36.0, 0.0)	(37.0, 0.0)	(38.0, 0.0)	(39.0, 0.0)	(40.0, 0.25)	(41.0, 1.0)	(42.0, 2.25)	(43.0, 5.25)	(44.0, 7.25)	(45.0, 15.0)	(46.0, 26.5)	(47.0, 38.75)	(48.0, 60.0)	(49.0, 138.0)	(50.0, 230.75)	(51.0, 310.5)	(52.0, 464.5)	(53.0, 507.5)	(54.0, 402.25)	(55.0, 313.5)	(56.0, 383.0)	(57.0, 346.5)	(58.0, 292.5)	(59.0, 231.0)	(60.0, 133.75)	(61.0, 89.5)	(62.0, 60.0)	(63.0, 44.25)	(64.0, 30.0)	(65.0, 19.0)	(66.0, 10.5)	(67.0, 4.75)	(68.0, 1.75)	(69.0, 1.75)	(70.0, 1.75)	(71.0, 1.25)	(72.0, 0.75)	(73.0, 0.25)	(74.0, 0.75)	(75.0, 0.0)	(76.0, 0.0)	(77.0, 0.25)	(78.0, 0.0)	(79.0, 0.0)	(80.0, 0.0)	(81.0, 0.0)	(82.0, 0.0)	(83.0, 0.0)	(84.0, 0.25)	(85.0, 0.0)	(86.0, 0.0)	(87.0, 0.0)	(88.0, 0.0)	(89.0, 0.0)	(90.0, 0.0)	(91.0, 0.25)	(92.0, 0.0)	(93.0, 0.0)	(94.0, 0.0)	(95.0, 0.0)	(96.0, 0.0)	(97.0, 0.0)	(98.0, 0.0)	(99.0, 0.0)	(100.0, 0.0)
SRR5515456_1	(0.0, 0.0)	(1.0, 0.0)	(2.0, 0.0)	(3.0, 0.0)	(4.0, 0.0)	(5.0, 0.0)	(6.0, 0.0)	(7.0, 0.0)	(8.0, 0.0)	(9.0, 0.0)	(10.0, 0.0)	(11.0, 0.0)	(12.0, 0.0)	(13.0, 0.0)	(14.0, 0.0)	(15.0, 0.0)	(16.0, 0.0)	(17.0, 0.0)	(18.0, 0.0)	(19.0, 0.0)	(20.0, 0.0)	(21.0, 0.0)	(22.0, 0.0)	(23.0, 0.0)	(24.0, 0.0)	(25.0, 0.0)	(26.0, 0.0)	(27.0, 0.0)	(28.0, 0.0)	(29.0, 0.0)	(30.0, 0.0)	(31.0, 0.0)	(32.0, 0.0)	(33.0, 0.0)	(34.0, 0.0)	(35.0, 0.0)	(36.0, 0.0)	(37.0, 0.0)	(38.0, 0.25)	(39.0, 0.0)	(40.0, 0.25)	(41.0, 1.25)	(42.0, 0.0)	(43.0, 0.0)	(44.0, 0.0)	(45.0, 0.0)	(46.0, 0.5)	(47.0, 6.5)	(48.0, 53.75)	(49.0, 44.25)	(50.0, 57.0)	(51.0, 512.5)	(52.0, 818.75)	(53.0, 431.0)	(54.0, 594.5)	(55.0, 460.75)	(56.0, 388.25)	(57.0, 325.5)	(58.0, 143.0)	(59.0, 162.75)	(60.0, 65.5)	(61.0, 11.0)	(62.0, 5.75)	(63.0, 1.5)	(64.0, 2.75)	(65.0, 7.0)	(66.0, 2.5)	(67.0, 2.75)	(68.0, 1.25)	(69.0, 0.5)	(70.0, 0.0)	(71.0, 0.0)	(72.0, 0.0)	(73.0, 0.0)	(74.0, 0.0)	(75.0, 0.0)	(76.0, 0.0)	(77.0, 0.0)	(78.0, 0.0)	(79.0, 0.0)	(80.0, 0.0)	(81.0, 0.0)	(82.0, 0.0)	(83.0, 0.0)	(84.0, 0.0)	(85.0, 0.0)	(86.0, 0.0)	(87.0, 0.0)	(88.0, 0.0)	(89.0, 0.0)	(90.0, 0.0)	(91.0, 0.0)	(92.0, 0.0)	(93.0, 0.0)	(94.0, 0.0)	(95.0, 0.0)	(96.0, 0.0)	(97.0, 0.0)	(98.0, 0.0)	(99.0, 0.0)	(100.0, 0.0)
SRR5515456_2	(0.0, 0.0)	(1.0, 0.0)	(2.0, 0.0)	(3.0, 0.0)	(4.0, 0.0)	(5.0, 0.0)	(6.0, 0.0)	(7.0, 0.0)	(8.0, 0.0)	(9.0, 0.0)	(10.0, 0.0)	(11.0, 0.0)	(12.0, 0.0)	(13.0, 0.0)	(14.0, 0.0)	(15.0, 0.0)	(16.0, 0.0)	(17.0, 0.0)	(18.0, 0.0)	(19.0, 0.0)	(20.0, 0.0)	(21.0, 0.0)	(22.0, 0.0)	(23.0, 0.0)	(24.0, 0.0)	(25.0, 0.0)	(26.0, 0.0)	(27.0, 0.0)	(28.0, 0.0)	(29.0, 0.0)	(30.0, 0.0)	(31.0, 0.0)	(32.0, 0.0)	(33.0, 0.0)	(34.0, 0.0)	(35.0, 0.0)	(36.0, 0.0)	(37.0, 0.0)	(38.0, 0.25)	(39.0, 1.5)	(40.0, 2.75)	(41.0, 6.0)	(42.0, 7.0)	(43.0, 11.5)	(44.0, 30.75)	(45.0, 53.25)	(46.0, 72.75)	(47.0, 71.75)	(48.0, 74.25)	(49.0, 143.5)	(50.0, 309.75)	(51.0, 548.75)	(52.0, 617.5)	(53.0, 511.25)	(54.0, 377.5)	(55.0, 283.5)	(56.0, 230.25)	(57.0, 175.5)	(58.0, 123.5)	(59.0, 82.25)	(60.0, 51.0)	(61.0, 48.5)	(62.0, 45.0)	(63.0, 28.5)	(64.0, 17.25)	(65.0, 9.75)	(66.0, 6.5)	(67.0, 2.5)	(68.0, 3.75)	(69.0, 4.75)	(70.0, 2.25)	(71.0, 2.5)	(72.0, 1.75)	(73.0, 0.5)	(74.0, 1.0)	(75.0, 0.5)	(76.0, 0.25)	(77.0, 0.25)	(78.0, 0.25)	(79.0, 0.0)	(80.0, 0.0)	(81.0, 0.0)	(82.0, 0.0)	(83.0, 0.0)	(84.0, 0.0)	(85.0, 0.0)	(86.0, 0.0)	(87.0, 0.0)	(88.0, 0.0)	(89.0, 0.0)	(90.0, 0.0)	(91.0, 0.0)	(92.0, 0.0)	(93.0, 0.0)	(94.0, 0.0)	(95.0, 0.0)	(96.0, 0.0)	(97.0, 0.0)	(98.0, 0.0)	(99.0, 0.0)	(100.0, 0.0)
SRR5515457_1	(0.0, 0.0)	(1.0, 0.0)	(2.0, 0.0)	(3.0, 0.0)	(4.0, 0.0)	(5.0, 0.0)	(6.0, 0.0)	(7.0, 0.0)	(8.0, 0.0)	(9.0, 0.0)	(10.0, 0.0)	(11.0, 0.0)	(12.0, 0.0)	(13.0, 0.0)	(14.0, 0.0)	(15.0, 0.0)	(16.0, 0.0)	(17.0, 0.0)	(18.0, 0.0)	(19.0, 0.0)	(20.0, 0.0)	(21.0, 0.0)	(22.0, 0.0)	(23.0, 0.0)	(24.0, 0.0)	(25.0, 0.0)	(26.0, 0.0)	(27.0, 0.0)	(28.0, 0.0)	(29.0, 0.0)	(30.0, 0.0)	(31.0, 0.0)	(32.0, 0.0)	(33.0, 0.0)	(34.0, 0.0)	(35.0, 0.0)	(36.0, 0.0)	(37.0, 0.25)	(38.0, 0.0)	(39.0, 0.0)	(40.0, 0.0)	(41.0, 0.0)	(42.0, 0.0)	(43.0, 0.0)	(44.0, 0.0)	(45.0, 0.25)	(46.0, 0.5)	(47.0, 6.5)	(48.0, 57.25)	(49.0, 60.0)	(50.0, 149.75)	(51.0, 424.25)	(52.0, 960.25)	(53.0, 823.0)	(54.0, 1296.25)	(55.0, 1164.75)	(56.0, 865.5)	(57.0, 644.5)	(58.0, 432.25)	(59.0, 208.25)	(60.0, 77.25)	(61.0, 39.0)	(62.0, 24.75)	(63.0, 5.25)	(64.0, 7.75)	(65.0, 14.75)	(66.0, 4.5)	(67.0, 2.5)	(68.0, 0.75)	(69.0, 0.25)	(70.0, 0.0)	(71.0, 0.0)	(72.0, 0.0)	(73.0, 0.0)	(74.0, 0.0)	(75.0, 0.0)	(76.0, 0.0)	(77.0, 0.0)	(78.0, 0.0)	(79.0, 0.0)	(80.0, 0.0)	(81.0, 0.0)	(82.0, 0.0)	(83.0, 0.0)	(84.0, 0.0)	(85.0, 0.0)	(86.0, 0.0)	(87.0, 0.0)	(88.0, 0.0)	(89.0, 0.0)	(90.0, 0.0)	(91.0, 0.0)	(92.0, 0.0)	(93.0, 0.0)	(94.0, 0.0)	(95.0, 0.0)	(96.0, 0.0)	(97.0, 0.0)	(98.0, 0.0)	(99.0, 0.0)	(100.0, 0.0)
SRR5515457_2	(0.0, 0.0)	(1.0, 0.0)	(2.0, 0.0)	(3.0, 0.0)	(4.0, 0.0)	(5.0, 0.0)	(6.0, 0.0)	(7.0, 0.0)	(8.0, 0.0)	(9.0, 0.0)	(10.0, 0.0)	(11.0, 0.0)	(12.0, 0.0)	(13.0, 0.0)	(14.0, 0.0)	(15.0, 0.0)	(16.0, 0.0)	(17.0, 0.0)	(18.0, 0.0)	(19.0, 0.0)	(20.0, 0.0)	(21.0, 0.0)	(22.0, 0.0)	(23.0, 0.0)	(24.0, 0.0)	(25.0, 0.0)	(26.0, 0.0)	(27.0, 0.0)	(28.0, 0.0)	(29.0, 0.0)	(30.0, 0.0)	(31.0, 0.0)	(32.0, 0.0)	(33.0, 0.0)	(34.0, 0.0)	(35.0, 0.0)	(36.0, 0.0)	(37.0, 0.0)	(38.0, 0.0)	(39.0, 0.0)	(40.0, 0.75)	(41.0, 3.25)	(42.0, 7.0)	(43.0, 10.25)	(44.0, 23.75)	(45.0, 48.25)	(46.0, 66.25)	(47.0, 76.75)	(48.0, 106.25)	(49.0, 177.0)	(50.0, 315.75)	(51.0, 497.25)	(52.0, 619.25)	(53.0, 774.5)	(54.0, 700.25)	(55.0, 676.5)	(56.0, 825.25)	(57.0, 718.25)	(58.0, 487.25)	(59.0, 365.75)	(60.0, 249.5)	(61.0, 180.75)	(62.0, 133.25)	(63.0, 106.25)	(64.0, 61.5)	(65.0, 27.0)	(66.0, 19.0)	(67.0, 12.25)	(68.0, 6.25)	(69.0, 4.0)	(70.0, 4.0)	(71.0, 4.5)	(72.0, 2.0)	(73.0, 0.5)	(74.0, 1.0)	(75.0, 0.25)	(76.0, 0.0)	(77.0, 0.0)	(78.0, 0.0)	(79.0, 0.0)	(80.0, 0.0)	(81.0, 0.0)	(82.0, 0.0)	(83.0, 0.0)	(84.0, 0.0)	(85.0, 0.0)	(86.0, 0.0)	(87.0, 0.0)	(88.0, 0.25)	(89.0, 0.0)	(90.0, 0.25)	(91.0, 0.0)	(92.0, 0.0)	(93.0, 0.0)	(94.0, 0.0)	(95.0, 0.0)	(96.0, 0.25)	(97.0, 0.0)	(98.0, 0.0)	(99.0, 0.0)	(100.0, 0.0)
SRR5515458_1	(0.0, 0.0)	(1.0, 0.0)	(2.0, 0.0)	(3.0, 0.0)	(4.0, 0.0)	(5.0, 0.0)	(6.0, 0.0)	(7.0, 0.0)	(8.0, 0.0)	(9.0, 0.0)	(10.0, 0.0)	(11.0, 0.0)	(12.0, 0.0)	(13.0, 0.0)	(14.0, 0.0)	(15.0, 0.0)	(16.0, 0.0)	(17.0, 0.0)	(18.0, 0.0)	(19.0, 0.0)	(20.0, 0.0)	(21.0, 0.0)	(22.0, 0.0)	(23.0, 0.0)	(24.0, 0.0)	(25.0, 0.0)	(26.0, 0.0)	(27.0, 0.0)	(28.0, 0.0)	(29.0, 0.0)	(30.0, 0.0)	(31.0, 0.0)	(32.0, 0.0)	(33.0, 0.0)	(34.0, 0.0)	(35.0, 0.25)	(36.0, 0.25)	(37.0, 0.0)	(38.0, 0.0)	(39.0, 0.0)	(40.0, 0.0)	(41.0, 0.0)	(42.0, 0.0)	(43.0, 0.25)	(44.0, 0.0)	(45.0, 0.5)	(46.0, 0.5)	(47.0, 3.25)	(48.0, 54.5)	(49.0, 74.0)	(50.0, 109.5)	(51.0, 425.0)	(52.0, 1131.0)	(53.0, 1145.0)	(54.0, 1217.5)	(55.0, 1089.5)	(56.0, 1002.75)	(57.0, 624.5)	(58.0, 282.75)	(59.0, 257.0)	(60.0, 100.75)	(61.0, 14.0)	(62.0, 3.5)	(63.0, 3.5)	(64.0, 19.75)	(65.0, 47.75)	(66.0, 12.5)	(67.0, 9.0)	(68.0, 1.0)	(69.0, 0.5)	(70.0, 0.25)	(71.0, 0.0)	(72.0, 0.0)	(73.0, 0.0)	(74.0, 0.0)	(75.0, 0.0)	(76.0, 0.0)	(77.0, 0.0)	(78.0, 0.0)	(79.0, 0.0)	(80.0, 0.0)	(81.0, 0.0)	(82.0, 0.0)	(83.0, 0.0)	(84.0, 0.0)	(85.0, 0.0)	(86.0, 0.0)	(87.0, 0.0)	(88.0, 0.0)	(89.0, 0.0)	(90.0, 0.0)	(91.0, 0.0)	(92.0, 0.0)	(93.0, 0.0)	(94.0, 0.0)	(95.0, 0.0)	(96.0, 0.0)	(97.0, 0.0)	(98.0, 0.0)	(99.0, 0.0)	(100.0, 0.0)
SRR5515458_2	(0.0, 0.0)	(1.0, 0.0)	(2.0, 0.0)	(3.0, 0.0)	(4.0, 0.0)	(5.0, 0.0)	(6.0, 0.0)	(7.0, 0.0)	(8.0, 0.0)	(9.0, 0.0)	(10.0, 0.0)	(11.0, 0.0)	(12.0, 0.0)	(13.0, 0.0)	(14.0, 0.0)	(15.0, 0.0)	(16.0, 0.0)	(17.0, 0.0)	(18.0, 0.0)	(19.0, 0.0)	(20.0, 0.0)	(21.0, 0.0)	(22.0, 0.0)	(23.0, 0.0)	(24.0, 0.0)	(25.0, 0.0)	(26.0, 0.0)	(27.0, 0.0)	(28.0, 0.0)	(29.0, 0.0)	(30.0, 0.0)	(31.0, 0.0)	(32.0, 0.0)	(33.0, 0.0)	(34.0, 0.0)	(35.0, 0.0)	(36.0, 0.25)	(37.0, 0.0)	(38.0, 0.25)	(39.0, 0.25)	(40.0, 3.0)	(41.0, 5.25)	(42.0, 8.75)	(43.0, 8.25)	(44.0, 8.5)	(45.0, 18.0)	(46.0, 35.75)	(47.0, 69.0)	(48.0, 122.75)	(49.0, 232.75)	(50.0, 538.25)	(51.0, 787.25)	(52.0, 816.75)	(53.0, 757.75)	(54.0, 659.75)	(55.0, 691.75)	(56.0, 753.0)	(57.0, 546.25)	(58.0, 397.0)	(59.0, 314.5)	(60.0, 217.5)	(61.0, 135.5)	(62.0, 102.25)	(63.0, 75.5)	(64.0, 42.75)	(65.0, 24.75)	(66.0, 18.25)	(67.0, 20.0)	(68.0, 21.5)	(69.0, 19.0)	(70.0, 14.5)	(71.0, 5.0)	(72.0, 3.0)	(73.0, 2.0)	(74.0, 0.75)	(75.0, 0.5)	(76.0, 0.75)	(77.0, 1.0)	(78.0, 0.25)	(79.0, 0.25)	(80.0, 0.0)	(81.0, 0.0)	(82.0, 0.0)	(83.0, 0.0)	(84.0, 0.0)	(85.0, 0.0)	(86.0, 0.25)	(87.0, 0.0)	(88.0, 0.0)	(89.0, 0.0)	(90.0, 0.0)	(91.0, 0.0)	(92.0, 0.0)	(93.0, 0.0)	(94.0, 0.0)	(95.0, 0.0)	(96.0, 0.0)	(97.0, 0.0)	(98.0, 0.0)	(99.0, 0.0)	(100.0, 0.0)
SRR5515459_1	(0.0, 0.0)	(1.0, 0.0)	(2.0, 0.0)	(3.0, 0.0)	(4.0, 0.0)	(5.0, 0.0)	(6.0, 0.0)	(7.0, 0.0)	(8.0, 0.0)	(9.0, 0.0)	(10.0, 0.0)	(11.0, 0.0)	(12.0, 0.0)	(13.0, 0.0)	(14.0, 0.0)	(15.0, 0.0)	(16.0, 0.0)	(17.0, 0.0)	(18.0, 0.0)	(19.0, 0.0)	(20.0, 0.0)	(21.0, 0.0)	(22.0, 0.0)	(23.0, 0.0)	(24.0, 0.0)	(25.0, 0.0)	(26.0, 0.0)	(27.0, 0.0)	(28.0, 0.0)	(29.0, 0.0)	(30.0, 0.0)	(31.0, 0.0)	(32.0, 0.0)	(33.0, 0.0)	(34.0, 0.0)	(35.0, 0.0)	(36.0, 0.25)	(37.0, 0.0)	(38.0, 0.0)	(39.0, 0.0)	(40.0, 0.0)	(41.0, 0.0)	(42.0, 0.0)	(43.0, 0.5)	(44.0, 0.25)	(45.0, 0.0)	(46.0, 0.25)	(47.0, 4.0)	(48.0, 11.75)	(49.0, 24.25)	(50.0, 72.5)	(51.0, 588.25)	(52.0, 1175.5)	(53.0, 547.25)	(54.0, 513.75)	(55.0, 364.5)	(56.0, 327.25)	(57.0, 371.25)	(58.0, 296.5)	(59.0, 93.25)	(60.0, 88.75)	(61.0, 45.25)	(62.0, 10.5)	(63.0, 2.25)	(64.0, 4.0)	(65.0, 6.5)	(66.0, 5.25)	(67.0, 3.75)	(68.0, 0.5)	(69.0, 0.25)	(70.0, 0.0)	(71.0, 0.0)	(72.0, 0.0)	(73.0, 0.0)	(74.0, 0.0)	(75.0, 0.0)	(76.0, 0.0)	(77.0, 0.0)	(78.0, 0.0)	(79.0, 0.0)	(80.0, 0.0)	(81.0, 0.0)	(82.0, 0.0)	(83.0, 0.0)	(84.0, 0.0)	(85.0, 0.0)	(86.0, 0.0)	(87.0, 0.0)	(88.0, 0.0)	(89.0, 0.0)	(90.0, 0.0)	(91.0, 0.0)	(92.0, 0.0)	(93.0, 0.0)	(94.0, 0.0)	(95.0, 0.0)	(96.0, 0.0)	(97.0, 0.0)	(98.0, 0.0)	(99.0, 0.0)	(100.0, 0.0)
SRR5515459_2	(0.0, 0.0)	(1.0, 0.0)	(2.0, 0.0)	(3.0, 0.0)	(4.0, 0.0)	(5.0, 0.0)	(6.0, 0.0)	(7.0, 0.0)	(8.0, 0.0)	(9.0, 0.0)	(10.0, 0.0)	(11.0, 0.0)	(12.0, 0.0)	(13.0, 0.0)	(14.0, 0.0)	(15.0, 0.0)	(16.0, 0.0)	(17.0, 0.0)	(18.0, 0.0)	(19.0, 0.0)	(20.0, 0.0)	(21.0, 0.0)	(22.0, 0.0)	(23.0, 0.0)	(24.0, 0.0)	(25.0, 0.0)	(26.0, 0.0)	(27.0, 0.0)	(28.0, 0.0)	(29.0, 0.0)	(30.0, 0.0)	(31.0, 0.0)	(32.0, 0.0)	(33.0, 0.0)	(34.0, 0.25)	(35.0, 0.0)	(36.0, 0.25)	(37.0, 0.0)	(38.0, 0.0)	(39.0, 0.25)	(40.0, 0.5)	(41.0, 2.25)	(42.0, 5.25)	(43.0, 11.0)	(44.0, 15.75)	(45.0, 28.5)	(46.0, 25.25)	(47.0, 36.25)	(48.0, 64.75)	(49.0, 153.5)	(50.0, 332.5)	(51.0, 548.0)	(52.0, 737.75)	(53.0, 788.5)	(54.0, 512.5)	(55.0, 324.25)	(56.0, 223.75)	(57.0, 169.5)	(58.0, 116.0)	(59.0, 73.75)	(60.0, 54.75)	(61.0, 49.25)	(62.0, 54.0)	(63.0, 43.75)	(64.0, 35.25)	(65.0, 21.0)	(66.0, 13.0)	(67.0, 8.5)	(68.0, 6.75)	(69.0, 4.75)	(70.0, 3.25)	(71.0, 1.5)	(72.0, 1.25)	(73.0, 0.5)	(74.0, 0.5)	(75.0, 0.25)	(76.0, 0.5)	(77.0, 0.0)	(78.0, 0.0)	(79.0, 0.25)	(80.0, 0.25)	(81.0, 0.0)	(82.0, 0.0)	(83.0, 0.0)	(84.0, 0.0)	(85.0, 0.25)	(86.0, 0.0)	(87.0, 0.0)	(88.0, 0.0)	(89.0, 0.0)	(90.0, 0.0)	(91.0, 0.0)	(92.0, 0.0)	(93.0, 0.0)	(94.0, 0.0)	(95.0, 0.0)	(96.0, 0.0)	(97.0, 0.0)	(98.0, 0.0)	(99.0, 0.0)	(100.0, 0.0)
SRR5515460_1	(0.0, 0.0)	(1.0, 0.0)	(2.0, 0.0)	(3.0, 0.0)	(4.0, 0.0)	(5.0, 0.0)	(6.0, 0.0)	(7.0, 0.0)	(8.0, 0.0)	(9.0, 0.0)	(10.0, 0.0)	(11.0, 0.0)	(12.0, 0.0)	(13.0, 0.0)	(14.0, 0.0)	(15.0, 0.0)	(16.0, 0.0)	(17.0, 0.0)	(18.0, 0.0)	(19.0, 0.0)	(20.0, 0.0)	(21.0, 0.0)	(22.0, 0.0)	(23.0, 0.0)	(24.0, 0.0)	(25.0, 0.0)	(26.0, 0.0)	(27.0, 0.0)	(28.0, 0.0)	(29.0, 0.0)	(30.0, 0.0)	(31.0, 0.0)	(32.0, 0.0)	(33.0, 0.0)	(34.0, 0.0)	(35.0, 0.0)	(36.0, 0.0)	(37.0, 0.0)	(38.0, 0.0)	(39.0, 0.0)	(40.0, 0.0)	(41.0, 2.5)	(42.0, 0.25)	(43.0, 0.0)	(44.0, 0.0)	(45.0, 0.0)	(46.0, 0.5)	(47.0, 5.25)	(48.0, 36.0)	(49.0, 108.0)	(50.0, 187.5)	(51.0, 360.5)	(52.0, 496.0)	(53.0, 749.0)	(54.0, 1547.75)	(55.0, 1203.5)	(56.0, 749.5)	(57.0, 303.5)	(58.0, 205.0)	(59.0, 179.75)	(60.0, 80.0)	(61.0, 48.0)	(62.0, 28.75)	(63.0, 12.5)	(64.0, 5.25)	(65.0, 4.0)	(66.0, 1.5)	(67.0, 2.25)	(68.0, 1.75)	(69.0, 0.25)	(70.0, 0.0)	(71.0, 0.0)	(72.0, 0.0)	(73.0, 0.0)	(74.0, 0.0)	(75.0, 0.0)	(76.0, 0.0)	(77.0, 0.0)	(78.0, 0.0)	(79.0, 0.0)	(80.0, 0.0)	(81.0, 0.0)	(82.0, 0.0)	(83.0, 0.0)	(84.0, 0.0)	(85.0, 0.0)	(86.0, 0.0)	(87.0, 0.0)	(88.0, 0.0)	(89.0, 0.0)	(90.0, 0.0)	(91.0, 0.0)	(92.0, 0.0)	(93.0, 0.0)	(94.0, 0.0)	(95.0, 0.0)	(96.0, 0.0)	(97.0, 0.0)	(98.0, 0.0)	(99.0, 0.0)	(100.0, 0.0)
SRR5515460_2	(0.0, 0.0)	(1.0, 0.0)	(2.0, 0.0)	(3.0, 0.0)	(4.0, 0.0)	(5.0, 0.0)	(6.0, 0.0)	(7.0, 0.0)	(8.0, 0.0)	(9.0, 0.0)	(10.0, 0.0)	(11.0, 0.0)	(12.0, 0.0)	(13.0, 0.0)	(14.0, 0.0)	(15.0, 0.0)	(16.0, 0.0)	(17.0, 0.0)	(18.0, 0.0)	(19.0, 0.0)	(20.0, 0.0)	(21.0, 0.0)	(22.0, 0.0)	(23.0, 0.0)	(24.0, 0.0)	(25.0, 0.0)	(26.0, 0.0)	(27.0, 0.0)	(28.0, 0.0)	(29.0, 0.0)	(30.0, 0.0)	(31.0, 0.0)	(32.0, 0.0)	(33.0, 0.0)	(34.0, 0.0)	(35.0, 0.0)	(36.0, 0.0)	(37.0, 0.0)	(38.0, 0.0)	(39.0, 1.25)	(40.0, 1.25)	(41.0, 3.5)	(42.0, 7.0)	(43.0, 13.0)	(44.0, 37.0)	(45.0, 45.25)	(46.0, 56.0)	(47.0, 64.5)	(48.0, 78.75)	(49.0, 114.75)	(50.0, 227.0)	(51.0, 408.0)	(52.0, 551.75)	(53.0, 732.0)	(54.0, 764.25)	(55.0, 738.25)	(56.0, 795.5)	(57.0, 608.75)	(58.0, 360.75)	(59.0, 196.75)	(60.0, 129.25)	(61.0, 104.0)	(62.0, 97.5)	(63.0, 82.25)	(64.0, 64.0)	(65.0, 39.75)	(66.0, 18.75)	(67.0, 7.25)	(68.0, 4.0)	(69.0, 4.25)	(70.0, 3.5)	(71.0, 2.25)	(72.0, 0.75)	(73.0, 0.25)	(74.0, 0.25)	(75.0, 0.0)	(76.0, 0.0)	(77.0, 0.0)	(78.0, 0.25)	(79.0, 0.0)	(80.0, 0.0)	(81.0, 0.0)	(82.0, 0.25)	(83.0, 0.25)	(84.0, 0.0)	(85.0, 0.0)	(86.0, 0.0)	(87.0, 0.0)	(88.0, 0.0)	(89.0, 0.0)	(90.0, 0.0)	(91.0, 0.0)	(92.0, 0.25)	(93.0, 0.25)	(94.0, 0.0)	(95.0, 0.0)	(96.0, 0.0)	(97.0, 0.0)	(98.0, 0.0)	(99.0, 0.25)	(100.0, 0.6666666666666666)
SRR5515461_1	(0.0, 0.0)	(1.0, 0.0)	(2.0, 0.0)	(3.0, 0.0)	(4.0, 0.0)	(5.0, 0.0)	(6.0, 0.0)	(7.0, 0.0)	(8.0, 0.0)	(9.0, 0.0)	(10.0, 0.0)	(11.0, 0.0)	(12.0, 0.0)	(13.0, 0.0)	(14.0, 0.0)	(15.0, 0.0)	(16.0, 0.0)	(17.0, 0.0)	(18.0, 0.0)	(19.0, 0.0)	(20.0, 0.0)	(21.0, 0.0)	(22.0, 0.0)	(23.0, 0.0)	(24.0, 0.0)	(25.0, 0.0)	(26.0, 0.0)	(27.0, 0.0)	(28.0, 0.0)	(29.0, 0.0)	(30.0, 0.0)	(31.0, 0.0)	(32.0, 0.0)	(33.0, 0.0)	(34.0, 0.25)	(35.0, 0.0)	(36.0, 0.0)	(37.0, 0.0)	(38.0, 0.0)	(39.0, 0.0)	(40.0, 0.0)	(41.0, 0.25)	(42.0, 0.25)	(43.0, 0.0)	(44.0, 0.0)	(45.0, 0.5)	(46.0, 0.5)	(47.0, 10.5)	(48.0, 27.75)	(49.0, 157.25)	(50.0, 135.0)	(51.0, 384.5)	(52.0, 515.75)	(53.0, 428.5)	(54.0, 776.75)	(55.0, 600.5)	(56.0, 525.5)	(57.0, 245.75)	(58.0, 184.0)	(59.0, 161.75)	(60.0, 46.75)	(61.0, 13.0)	(62.0, 10.25)	(63.0, 6.0)	(64.0, 2.5)	(65.0, 1.5)	(66.0, 1.25)	(67.0, 0.5)	(68.0, 1.0)	(69.0, 0.25)	(70.0, 0.0)	(71.0, 0.0)	(72.0, 0.0)	(73.0, 0.0)	(74.0, 0.0)	(75.0, 0.0)	(76.0, 0.0)	(77.0, 0.0)	(78.0, 0.0)	(79.0, 0.0)	(80.0, 0.0)	(81.0, 0.0)	(82.0, 0.0)	(83.0, 0.0)	(84.0, 0.0)	(85.0, 0.0)	(86.0, 0.0)	(87.0, 0.0)	(88.0, 0.0)	(89.0, 0.0)	(90.0, 0.0)	(91.0, 0.0)	(92.0, 0.0)	(93.0, 0.0)	(94.0, 0.0)	(95.0, 0.0)	(96.0, 0.0)	(97.0, 0.0)	(98.0, 0.0)	(99.0, 0.0)	(100.0, 0.0)
SRR5515461_2	(0.0, 0.0)	(1.0, 0.0)	(2.0, 0.0)	(3.0, 0.0)	(4.0, 0.0)	(5.0, 0.0)	(6.0, 0.0)	(7.0, 0.0)	(8.0, 0.0)	(9.0, 0.0)	(10.0, 0.0)	(11.0, 0.0)	(12.0, 0.0)	(13.0, 0.0)	(14.0, 0.0)	(15.0, 0.0)	(16.0, 0.0)	(17.0, 0.0)	(18.0, 0.0)	(19.0, 0.0)	(20.0, 0.0)	(21.0, 0.0)	(22.0, 0.0)	(23.0, 0.0)	(24.0, 0.0)	(25.0, 0.0)	(26.0, 0.0)	(27.0, 0.0)	(28.0, 0.0)	(29.0, 0.0)	(30.0, 0.0)	(31.0, 0.0)	(32.0, 0.0)	(33.0, 0.0)	(34.0, 0.5)	(35.0, 2.0)	(36.0, 2.5)	(37.0, 1.25)	(38.0, 0.5)	(39.0, 0.5)	(40.0, 1.75)	(41.0, 4.5)	(42.0, 6.0)	(43.0, 9.25)	(44.0, 18.0)	(45.0, 36.5)	(46.0, 57.5)	(47.0, 67.0)	(48.0, 129.5)	(49.0, 166.25)	(50.0, 189.0)	(51.0, 243.0)	(52.0, 335.5)	(53.0, 463.0)	(54.0, 430.25)	(55.0, 451.25)	(56.0, 479.25)	(57.0, 379.5)	(58.0, 258.0)	(59.0, 154.5)	(60.0, 106.75)	(61.0, 84.5)	(62.0, 65.0)	(63.0, 59.25)	(64.0, 58.0)	(65.0, 28.5)	(66.0, 17.75)	(67.0, 7.0)	(68.0, 3.75)	(69.0, 1.75)	(70.0, 1.5)	(71.0, 1.0)	(72.0, 0.5)	(73.0, 0.0)	(74.0, 0.0)	(75.0, 0.0)	(76.0, 0.25)	(77.0, 0.0)	(78.0, 0.0)	(79.0, 0.0)	(80.0, 0.0)	(81.0, 0.0)	(82.0, 0.0)	(83.0, 0.0)	(84.0, 0.0)	(85.0, 0.25)	(86.0, 0.0)	(87.0, 0.0)	(88.0, 0.0)	(89.0, 0.0)	(90.0, 0.0)	(91.0, 0.0)	(92.0, 0.0)	(93.0, 0.0)	(94.0, 0.0)	(95.0, 0.0)	(96.0, 0.0)	(97.0, 0.25)	(98.0, 0.25)	(99.0, 0.0)	(100.0, 0.0)
SRR5515462_1	(0.0, 0.0)	(1.0, 0.0)	(2.0, 0.0)	(3.0, 0.0)	(4.0, 0.0)	(5.0, 0.0)	(6.0, 0.0)	(7.0, 0.0)	(8.0, 0.0)	(9.0, 0.0)	(10.0, 0.0)	(11.0, 0.0)	(12.0, 0.0)	(13.0, 0.0)	(14.0, 0.0)	(15.0, 0.0)	(16.0, 0.0)	(17.0, 0.0)	(18.0, 0.0)	(19.0, 0.0)	(20.0, 0.0)	(21.0, 0.0)	(22.0, 0.0)	(23.0, 0.0)	(24.0, 0.0)	(25.0, 0.0)	(26.0, 0.0)	(27.0, 0.0)	(28.0, 0.0)	(29.0, 0.0)	(30.0, 0.0)	(31.0, 0.0)	(32.0, 0.0)	(33.0, 0.0)	(34.0, 0.0)	(35.0, 0.0)	(36.0, 0.25)	(37.0, 0.25)	(38.0, 0.0)	(39.0, 0.0)	(40.0, 0.25)	(41.0, 0.0)	(42.0, 0.0)	(43.0, 0.0)	(44.0, 0.25)	(45.0, 0.75)	(46.0, 0.5)	(47.0, 2.75)	(48.0, 15.75)	(49.0, 30.0)	(50.0, 82.0)	(51.0, 844.75)	(52.0, 1245.5)	(53.0, 645.25)	(54.0, 800.75)	(55.0, 583.5)	(56.0, 576.25)	(57.0, 405.0)	(58.0, 175.5)	(59.0, 203.5)	(60.0, 139.25)	(61.0, 25.5)	(62.0, 13.75)	(63.0, 3.0)	(64.0, 10.25)	(65.0, 11.25)	(66.0, 9.25)	(67.0, 7.75)	(68.0, 2.5)	(69.0, 0.25)	(70.0, 0.25)	(71.0, 0.0)	(72.0, 0.0)	(73.0, 0.0)	(74.0, 0.0)	(75.0, 0.0)	(76.0, 0.0)	(77.0, 0.0)	(78.0, 0.0)	(79.0, 0.0)	(80.0, 0.0)	(81.0, 0.0)	(82.0, 0.0)	(83.0, 0.0)	(84.0, 0.0)	(85.0, 0.0)	(86.0, 0.0)	(87.0, 0.0)	(88.0, 0.0)	(89.0, 0.0)	(90.0, 0.0)	(91.0, 0.0)	(92.0, 0.0)	(93.0, 0.0)	(94.0, 0.0)	(95.0, 0.0)	(96.0, 0.0)	(97.0, 0.0)	(98.0, 0.0)	(99.0, 0.0)	(100.0, 0.0)
SRR5515462_2	(0.0, 0.0)	(1.0, 0.0)	(2.0, 0.0)	(3.0, 0.0)	(4.0, 0.0)	(5.0, 0.0)	(6.0, 0.0)	(7.0, 0.0)	(8.0, 0.0)	(9.0, 0.0)	(10.0, 0.0)	(11.0, 0.0)	(12.0, 0.0)	(13.0, 0.0)	(14.0, 0.0)	(15.0, 0.0)	(16.0, 0.0)	(17.0, 0.0)	(18.0, 0.0)	(19.0, 0.0)	(20.0, 0.0)	(21.0, 0.0)	(22.0, 0.0)	(23.0, 0.0)	(24.0, 0.0)	(25.0, 0.0)	(26.0, 0.0)	(27.0, 0.0)	(28.0, 0.0)	(29.0, 0.0)	(30.0, 0.0)	(31.0, 0.0)	(32.0, 0.0)	(33.0, 0.0)	(34.0, 0.0)	(35.0, 0.25)	(36.0, 0.25)	(37.0, 0.0)	(38.0, 0.25)	(39.0, 0.25)	(40.0, 0.5)	(41.0, 1.75)	(42.0, 4.25)	(43.0, 7.75)	(44.0, 16.0)	(45.0, 28.75)	(46.0, 39.5)	(47.0, 47.75)	(48.0, 71.0)	(49.0, 152.0)	(50.0, 325.25)	(51.0, 612.0)	(52.0, 877.25)	(53.0, 801.0)	(54.0, 611.25)	(55.0, 502.25)	(56.0, 433.75)	(57.0, 302.25)	(58.0, 211.0)	(59.0, 145.5)	(60.0, 101.25)	(61.0, 94.25)	(62.0, 85.5)	(63.0, 59.75)	(64.0, 39.5)	(65.0, 22.25)	(66.0, 13.5)	(67.0, 10.0)	(68.0, 8.5)	(69.0, 6.0)	(70.0, 7.5)	(71.0, 4.5)	(72.0, 3.0)	(73.0, 2.0)	(74.0, 0.75)	(75.0, 0.25)	(76.0, 0.25)	(77.0, 0.0)	(78.0, 0.0)	(79.0, 0.0)	(80.0, 0.0)	(81.0, 0.0)	(82.0, 0.0)	(83.0, 0.25)	(84.0, 0.5)	(85.0, 0.0)	(86.0, 0.0)	(87.0, 0.0)	(88.0, 0.0)	(89.0, 0.0)	(90.0, 0.0)	(91.0, 0.0)	(92.0, 0.0)	(93.0, 0.25)	(94.0, 0.0)	(95.0, 0.0)	(96.0, 0.0)	(97.0, 0.0)	(98.0, 0.0)	(99.0, 0.0)	(100.0, 0.0)
SRR5515463_1	(0.0, 0.0)	(1.0, 0.0)	(2.0, 0.0)	(3.0, 0.0)	(4.0, 0.0)	(5.0, 0.0)	(6.0, 0.0)	(7.0, 0.0)	(8.0, 0.0)	(9.0, 0.0)	(10.0, 0.0)	(11.0, 0.0)	(12.0, 0.0)	(13.0, 0.0)	(14.0, 0.0)	(15.0, 0.0)	(16.0, 0.0)	(17.0, 0.0)	(18.0, 0.0)	(19.0, 0.0)	(20.0, 0.0)	(21.0, 0.0)	(22.0, 0.0)	(23.0, 0.0)	(24.0, 0.0)	(25.0, 0.0)	(26.0, 0.0)	(27.0, 0.0)	(28.0, 0.0)	(29.0, 0.0)	(30.0, 0.0)	(31.0, 0.0)	(32.0, 0.0)	(33.0, 0.0)	(34.0, 0.0)	(35.0, 0.0)	(36.0, 0.0)	(37.0, 0.0)	(38.0, 0.0)	(39.0, 0.0)	(40.0, 0.25)	(41.0, 0.25)	(42.0, 0.0)	(43.0, 0.0)	(44.0, 0.0)	(45.0, 0.25)	(46.0, 2.0)	(47.0, 9.5)	(48.0, 40.75)	(49.0, 60.0)	(50.0, 77.75)	(51.0, 607.25)	(52.0, 1249.25)	(53.0, 1056.0)	(54.0, 1072.25)	(55.0, 826.0)	(56.0, 718.5)	(57.0, 734.5)	(58.0, 471.25)	(59.0, 540.75)	(60.0, 183.75)	(61.0, 45.5)	(62.0, 25.5)	(63.0, 6.25)	(64.0, 14.75)	(65.0, 28.0)	(66.0, 20.0)	(67.0, 9.25)	(68.0, 3.25)	(69.0, 0.25)	(70.0, 0.0)	(71.0, 0.0)	(72.0, 0.0)	(73.0, 0.0)	(74.0, 0.0)	(75.0, 0.0)	(76.0, 0.0)	(77.0, 0.0)	(78.0, 0.0)	(79.0, 0.0)	(80.0, 0.0)	(81.0, 0.0)	(82.0, 0.0)	(83.0, 0.0)	(84.0, 0.0)	(85.0, 0.0)	(86.0, 0.0)	(87.0, 0.0)	(88.0, 0.0)	(89.0, 0.0)	(90.0, 0.0)	(91.0, 0.0)	(92.0, 0.0)	(93.0, 0.0)	(94.0, 0.0)	(95.0, 0.0)	(96.0, 0.0)	(97.0, 0.0)	(98.0, 0.0)	(99.0, 0.0)	(100.0, 0.0)
SRR5515463_2	(0.0, 0.0)	(1.0, 0.0)	(2.0, 0.0)	(3.0, 0.0)	(4.0, 0.0)	(5.0, 0.0)	(6.0, 0.0)	(7.0, 0.0)	(8.0, 0.0)	(9.0, 0.0)	(10.0, 0.0)	(11.0, 0.0)	(12.0, 0.0)	(13.0, 0.0)	(14.0, 0.0)	(15.0, 0.0)	(16.0, 0.0)	(17.0, 0.0)	(18.0, 0.0)	(19.0, 0.0)	(20.0, 0.0)	(21.0, 0.0)	(22.0, 0.0)	(23.0, 0.0)	(24.0, 0.0)	(25.0, 0.0)	(26.0, 0.0)	(27.0, 0.0)	(28.0, 0.0)	(29.0, 0.0)	(30.0, 0.0)	(31.0, 0.0)	(32.0, 0.25)	(33.0, 0.25)	(34.0, 0.0)	(35.0, 0.0)	(36.0, 0.0)	(37.0, 0.0)	(38.0, 0.0)	(39.0, 0.0)	(40.0, 1.5)	(41.0, 2.75)	(42.0, 7.0)	(43.0, 14.0)	(44.0, 14.25)	(45.0, 39.25)	(46.0, 64.25)	(47.0, 84.5)	(48.0, 116.0)	(49.0, 247.25)	(50.0, 564.0)	(51.0, 801.75)	(52.0, 932.25)	(53.0, 1045.5)	(54.0, 874.25)	(55.0, 678.0)	(56.0, 543.0)	(57.0, 399.25)	(58.0, 240.5)	(59.0, 165.0)	(60.0, 180.5)	(61.0, 282.5)	(62.0, 216.5)	(63.0, 101.75)	(64.0, 62.75)	(65.0, 33.0)	(66.0, 22.25)	(67.0, 15.5)	(68.0, 14.25)	(69.0, 13.25)	(70.0, 10.5)	(71.0, 7.5)	(72.0, 4.0)	(73.0, 1.5)	(74.0, 0.5)	(75.0, 0.0)	(76.0, 0.0)	(77.0, 0.0)	(78.0, 0.0)	(79.0, 0.0)	(80.0, 0.0)	(81.0, 0.0)	(82.0, 0.25)	(83.0, 0.0)	(84.0, 0.0)	(85.0, 0.0)	(86.0, 0.0)	(87.0, 0.0)	(88.0, 0.25)	(89.0, 0.0)	(90.0, 0.0)	(91.0, 0.0)	(92.0, 0.0)	(93.0, 0.0)	(94.0, 0.0)	(95.0, 0.0)	(96.0, 0.0)	(97.0, 0.0)	(98.0, 0.0)	(99.0, 0.0)	(100.0, 0.0)
SRR5515464_1	(0.0, 0.0)	(1.0, 0.0)	(2.0, 0.0)	(3.0, 0.0)	(4.0, 0.0)	(5.0, 0.0)	(6.0, 0.0)	(7.0, 0.0)	(8.0, 0.0)	(9.0, 0.0)	(10.0, 0.0)	(11.0, 0.0)	(12.0, 0.0)	(13.0, 0.0)	(14.0, 0.0)	(15.0, 0.0)	(16.0, 0.0)	(17.0, 0.0)	(18.0, 0.0)	(19.0, 0.0)	(20.0, 0.0)	(21.0, 0.0)	(22.0, 0.0)	(23.0, 0.0)	(24.0, 0.0)	(25.0, 0.0)	(26.0, 0.0)	(27.0, 0.0)	(28.0, 0.0)	(29.0, 0.0)	(30.0, 0.0)	(31.0, 0.0)	(32.0, 0.0)	(33.0, 0.0)	(34.0, 0.0)	(35.0, 0.0)	(36.0, 0.0)	(37.0, 0.0)	(38.0, 0.0)	(39.0, 0.25)	(40.0, 0.0)	(41.0, 0.0)	(42.0, 0.0)	(43.0, 0.0)	(44.0, 0.0)	(45.0, 0.0)	(46.0, 0.5)	(47.0, 4.0)	(48.0, 44.75)	(49.0, 87.25)	(50.0, 77.0)	(51.0, 764.25)	(52.0, 1149.5)	(53.0, 688.25)	(54.0, 735.5)	(55.0, 537.5)	(56.0, 444.25)	(57.0, 337.0)	(58.0, 142.5)	(59.0, 107.5)	(60.0, 59.75)	(61.0, 7.75)	(62.0, 2.5)	(63.0, 1.25)	(64.0, 10.75)	(65.0, 9.75)	(66.0, 3.75)	(67.0, 1.5)	(68.0, 0.0)	(69.0, 0.25)	(70.0, 0.0)	(71.0, 0.0)	(72.0, 0.0)	(73.0, 0.0)	(74.0, 0.0)	(75.0, 0.0)	(76.0, 0.0)	(77.0, 0.0)	(78.0, 0.0)	(79.0, 0.0)	(80.0, 0.0)	(81.0, 0.0)	(82.0, 0.0)	(83.0, 0.0)	(84.0, 0.0)	(85.0, 0.0)	(86.0, 0.0)	(87.0, 0.0)	(88.0, 0.0)	(89.0, 0.0)	(90.0, 0.0)	(91.0, 0.0)	(92.0, 0.0)	(93.0, 0.0)	(94.0, 0.0)	(95.0, 0.0)	(96.0, 0.0)	(97.0, 0.0)	(98.0, 0.0)	(99.0, 0.0)	(100.0, 0.0)
SRR5515464_2	(0.0, 0.0)	(1.0, 0.0)	(2.0, 0.0)	(3.0, 0.0)	(4.0, 0.0)	(5.0, 0.0)	(6.0, 0.0)	(7.0, 0.0)	(8.0, 0.0)	(9.0, 0.0)	(10.0, 0.0)	(11.0, 0.0)	(12.0, 0.0)	(13.0, 0.0)	(14.0, 0.0)	(15.0, 0.0)	(16.0, 0.0)	(17.0, 0.0)	(18.0, 0.0)	(19.0, 0.0)	(20.0, 0.0)	(21.0, 0.0)	(22.0, 0.0)	(23.0, 0.0)	(24.0, 0.0)	(25.0, 0.0)	(26.0, 0.0)	(27.0, 0.0)	(28.0, 0.0)	(29.0, 0.0)	(30.0, 0.0)	(31.0, 0.0)	(32.0, 0.0)	(33.0, 0.0)	(34.0, 0.0)	(35.0, 0.0)	(36.0, 0.0)	(37.0, 0.0)	(38.0, 0.25)	(39.0, 0.5)	(40.0, 1.0)	(41.0, 2.75)	(42.0, 6.25)	(43.0, 5.5)	(44.0, 26.75)	(45.0, 43.5)	(46.0, 42.25)	(47.0, 54.0)	(48.0, 79.25)	(49.0, 134.75)	(50.0, 284.25)	(51.0, 486.25)	(52.0, 738.5)	(53.0, 808.75)	(54.0, 572.75)	(55.0, 421.25)	(56.0, 366.0)	(57.0, 278.5)	(58.0, 202.25)	(59.0, 125.5)	(60.0, 72.25)	(61.0, 48.0)	(62.0, 42.5)	(63.0, 31.75)	(64.0, 18.75)	(65.0, 8.25)	(66.0, 8.75)	(67.0, 6.25)	(68.0, 4.5)	(69.0, 4.25)	(70.0, 2.25)	(71.0, 0.5)	(72.0, 0.5)	(73.0, 0.25)	(74.0, 0.25)	(75.0, 0.0)	(76.0, 0.25)	(77.0, 0.0)	(78.0, 0.0)	(79.0, 0.0)	(80.0, 0.0)	(81.0, 0.0)	(82.0, 0.0)	(83.0, 0.0)	(84.0, 0.25)	(85.0, 0.0)	(86.0, 0.25)	(87.0, 0.25)	(88.0, 0.0)	(89.0, 0.0)	(90.0, 0.0)	(91.0, 0.0)	(92.0, 0.0)	(93.0, 0.0)	(94.0, 0.0)	(95.0, 0.0)	(96.0, 0.0)	(97.0, 0.0)	(98.0, 0.0)	(99.0, 0.0)	(100.0, 0.0)
SRR5515465_1	(0.0, 0.0)	(1.0, 0.0)	(2.0, 0.0)	(3.0, 0.0)	(4.0, 0.0)	(5.0, 0.0)	(6.0, 0.0)	(7.0, 0.0)	(8.0, 0.0)	(9.0, 0.0)	(10.0, 0.0)	(11.0, 0.0)	(12.0, 0.0)	(13.0, 0.0)	(14.0, 0.0)	(15.0, 0.0)	(16.0, 0.0)	(17.0, 0.0)	(18.0, 0.0)	(19.0, 0.0)	(20.0, 0.0)	(21.0, 0.0)	(22.0, 0.0)	(23.0, 0.0)	(24.0, 0.0)	(25.0, 0.0)	(26.0, 0.0)	(27.0, 0.0)	(28.0, 0.0)	(29.0, 0.0)	(30.0, 0.0)	(31.0, 0.0)	(32.0, 0.0)	(33.0, 0.25)	(34.0, 0.25)	(35.0, 0.0)	(36.0, 0.0)	(37.0, 0.0)	(38.0, 0.25)	(39.0, 0.25)	(40.0, 0.5)	(41.0, 0.5)	(42.0, 0.5)	(43.0, 0.25)	(44.0, 0.0)	(45.0, 0.25)	(46.0, 0.75)	(47.0, 4.25)	(48.0, 32.25)	(49.0, 57.5)	(50.0, 103.25)	(51.0, 397.0)	(52.0, 773.75)	(53.0, 510.0)	(54.0, 609.25)	(55.0, 435.25)	(56.0, 282.25)	(57.0, 195.0)	(58.0, 142.75)	(59.0, 155.75)	(60.0, 70.5)	(61.0, 19.5)	(62.0, 12.5)	(63.0, 3.5)	(64.0, 0.5)	(65.0, 3.5)	(66.0, 3.0)	(67.0, 2.0)	(68.0, 0.5)	(69.0, 0.25)	(70.0, 0.0)	(71.0, 0.0)	(72.0, 0.0)	(73.0, 0.0)	(74.0, 0.0)	(75.0, 0.0)	(76.0, 0.0)	(77.0, 0.0)	(78.0, 0.0)	(79.0, 0.0)	(80.0, 0.0)	(81.0, 0.0)	(82.0, 0.0)	(83.0, 0.0)	(84.0, 0.0)	(85.0, 0.0)	(86.0, 0.0)	(87.0, 0.0)	(88.0, 0.0)	(89.0, 0.0)	(90.0, 0.0)	(91.0, 0.0)	(92.0, 0.0)	(93.0, 0.0)	(94.0, 0.0)	(95.0, 0.0)	(96.0, 0.0)	(97.0, 0.0)	(98.0, 0.0)	(99.0, 0.0)	(100.0, 0.0)
SRR5515465_2	(0.0, 0.0)	(1.0, 0.0)	(2.0, 0.0)	(3.0, 0.0)	(4.0, 0.0)	(5.0, 0.0)	(6.0, 0.0)	(7.0, 0.0)	(8.0, 0.0)	(9.0, 0.0)	(10.0, 0.0)	(11.0, 0.0)	(12.0, 0.0)	(13.0, 0.0)	(14.0, 0.0)	(15.0, 0.0)	(16.0, 0.0)	(17.0, 0.0)	(18.0, 0.0)	(19.0, 0.0)	(20.0, 0.0)	(21.0, 0.0)	(22.0, 0.0)	(23.0, 0.0)	(24.0, 0.0)	(25.0, 0.0)	(26.0, 0.0)	(27.0, 0.0)	(28.0, 0.0)	(29.0, 0.0)	(30.0, 0.0)	(31.0, 0.0)	(32.0, 0.0)	(33.0, 0.0)	(34.0, 0.25)	(35.0, 0.0)	(36.0, 0.0)	(37.0, 1.0)	(38.0, 1.0)	(39.0, 0.75)	(40.0, 2.5)	(41.0, 5.0)	(42.0, 6.0)	(43.0, 8.25)	(44.0, 26.25)	(45.0, 44.75)	(46.0, 57.0)	(47.0, 79.25)	(48.0, 96.0)	(49.0, 160.5)	(50.0, 274.5)	(51.0, 431.0)	(52.0, 514.25)	(53.0, 544.0)	(54.0, 442.25)	(55.0, 319.5)	(56.0, 254.0)	(57.0, 194.25)	(58.0, 110.75)	(59.0, 61.5)	(60.0, 40.25)	(61.0, 25.5)	(62.0, 23.25)	(63.0, 21.75)	(64.0, 17.25)	(65.0, 15.25)	(66.0, 11.75)	(67.0, 8.25)	(68.0, 2.5)	(69.0, 3.25)	(70.0, 2.25)	(71.0, 1.5)	(72.0, 1.0)	(73.0, 1.0)	(74.0, 0.5)	(75.0, 0.25)	(76.0, 0.25)	(77.0, 0.0)	(78.0, 0.0)	(79.0, 0.0)	(80.0, 0.0)	(81.0, 0.0)	(82.0, 0.0)	(83.0, 0.0)	(84.0, 0.25)	(85.0, 0.0)	(86.0, 0.0)	(87.0, 0.0)	(88.0, 0.0)	(89.0, 0.0)	(90.0, 0.0)	(91.0, 0.0)	(92.0, 0.0)	(93.0, 0.0)	(94.0, 0.0)	(95.0, 0.0)	(96.0, 0.0)	(97.0, 0.0)	(98.0, 0.0)	(99.0, 0.0)	(100.0, 0.0)
SRR5515466_1	(0.0, 0.0)	(1.0, 0.0)	(2.0, 0.0)	(3.0, 0.0)	(4.0, 0.0)	(5.0, 0.0)	(6.0, 0.0)	(7.0, 0.0)	(8.0, 0.0)	(9.0, 0.0)	(10.0, 0.0)	(11.0, 0.0)	(12.0, 0.0)	(13.0, 0.0)	(14.0, 0.0)	(15.0, 0.0)	(16.0, 0.0)	(17.0, 0.0)	(18.0, 0.0)	(19.0, 0.0)	(20.0, 0.0)	(21.0, 0.0)	(22.0, 0.0)	(23.0, 0.0)	(24.0, 0.0)	(25.0, 0.0)	(26.0, 0.0)	(27.0, 0.0)	(28.0, 0.0)	(29.0, 0.0)	(30.0, 0.0)	(31.0, 0.0)	(32.0, 0.0)	(33.0, 0.0)	(34.0, 0.0)	(35.0, 0.25)	(36.0, 0.0)	(37.0, 0.25)	(38.0, 0.25)	(39.0, 0.25)	(40.0, 0.75)	(41.0, 0.5)	(42.0, 0.5)	(43.0, 0.0)	(44.0, 0.0)	(45.0, 0.25)	(46.0, 0.5)	(47.0, 1.75)	(48.0, 31.0)	(49.0, 80.75)	(50.0, 128.0)	(51.0, 207.75)	(52.0, 352.75)	(53.0, 592.25)	(54.0, 885.5)	(55.0, 1405.75)	(56.0, 1198.0)	(57.0, 382.25)	(58.0, 305.0)	(59.0, 391.25)	(60.0, 246.25)	(61.0, 70.5)	(62.0, 57.0)	(63.0, 6.25)	(64.0, 9.5)	(65.0, 8.0)	(66.0, 1.0)	(67.0, 1.5)	(68.0, 1.0)	(69.0, 0.25)	(70.0, 0.0)	(71.0, 0.0)	(72.0, 0.0)	(73.0, 0.0)	(74.0, 0.0)	(75.0, 0.0)	(76.0, 0.0)	(77.0, 0.0)	(78.0, 0.0)	(79.0, 0.0)	(80.0, 0.0)	(81.0, 0.0)	(82.0, 0.0)	(83.0, 0.0)	(84.0, 0.0)	(85.0, 0.0)	(86.0, 0.0)	(87.0, 0.0)	(88.0, 0.0)	(89.0, 0.0)	(90.0, 0.0)	(91.0, 0.0)	(92.0, 0.0)	(93.0, 0.0)	(94.0, 0.0)	(95.0, 0.0)	(96.0, 0.0)	(97.0, 0.0)	(98.0, 0.0)	(99.0, 0.0)	(100.0, 0.0)
SRR5515466_2	(0.0, 0.0)	(1.0, 0.0)	(2.0, 0.0)	(3.0, 0.0)	(4.0, 0.0)	(5.0, 0.0)	(6.0, 0.0)	(7.0, 0.0)	(8.0, 0.0)	(9.0, 0.0)	(10.0, 0.0)	(11.0, 0.0)	(12.0, 0.0)	(13.0, 0.0)	(14.0, 0.0)	(15.0, 0.0)	(16.0, 0.0)	(17.0, 0.0)	(18.0, 0.0)	(19.0, 0.0)	(20.0, 0.0)	(21.0, 0.0)	(22.0, 0.0)	(23.0, 0.0)	(24.0, 0.0)	(25.0, 0.0)	(26.0, 0.0)	(27.0, 0.0)	(28.0, 0.0)	(29.0, 0.0)	(30.0, 0.0)	(31.0, 0.0)	(32.0, 0.0)	(33.0, 0.0)	(34.0, 0.0)	(35.0, 0.0)	(36.0, 0.25)	(37.0, 0.25)	(38.0, 0.5)	(39.0, 0.0)	(40.0, 1.0)	(41.0, 2.25)	(42.0, 2.0)	(43.0, 1.0)	(44.0, 2.75)	(45.0, 10.5)	(46.0, 18.25)	(47.0, 37.5)	(48.0, 75.25)	(49.0, 113.0)	(50.0, 153.0)	(51.0, 238.0)	(52.0, 445.5)	(53.0, 665.25)	(54.0, 781.0)	(55.0, 794.0)	(56.0, 617.75)	(57.0, 450.75)	(58.0, 337.0)	(59.0, 312.5)	(60.0, 295.75)	(61.0, 214.5)	(62.0, 172.25)	(63.0, 179.0)	(64.0, 191.25)	(65.0, 154.0)	(66.0, 96.25)	(67.0, 58.0)	(68.0, 24.75)	(69.0, 9.25)	(70.0, 4.25)	(71.0, 3.75)	(72.0, 2.25)	(73.0, 1.0)	(74.0, 0.0)	(75.0, 0.25)	(76.0, 0.0)	(77.0, 0.0)	(78.0, 0.0)	(79.0, 0.0)	(80.0, 0.0)	(81.0, 0.0)	(82.0, 0.0)	(83.0, 0.0)	(84.0, 0.0)	(85.0, 0.0)	(86.0, 0.0)	(87.0, 0.0)	(88.0, 0.0)	(89.0, 0.0)	(90.0, 0.0)	(91.0, 0.0)	(92.0, 0.0)	(93.0, 0.0)	(94.0, 0.0)	(95.0, 0.0)	(96.0, 0.25)	(97.0, 0.0)	(98.0, 0.0)	(99.0, 0.0)	(100.0, 0.0)
SRR5515467_1	(0.0, 0.0)	(1.0, 0.0)	(2.0, 0.0)	(3.0, 0.0)	(4.0, 0.0)	(5.0, 0.0)	(6.0, 0.0)	(7.0, 0.0)	(8.0, 0.0)	(9.0, 0.0)	(10.0, 0.0)	(11.0, 0.0)	(12.0, 0.0)	(13.0, 0.0)	(14.0, 0.0)	(15.0, 0.0)	(16.0, 0.0)	(17.0, 0.0)	(18.0, 0.0)	(19.0, 0.0)	(20.0, 0.0)	(21.0, 0.0)	(22.0, 0.0)	(23.0, 0.0)	(24.0, 0.0)	(25.0, 0.0)	(26.0, 0.0)	(27.0, 0.0)	(28.0, 0.0)	(29.0, 0.0)	(30.0, 0.0)	(31.0, 0.0)	(32.0, 0.0)	(33.0, 0.0)	(34.0, 0.0)	(35.0, 0.0)	(36.0, 0.0)	(37.0, 0.0)	(38.0, 0.0)	(39.0, 0.0)	(40.0, 0.0)	(41.0, 0.0)	(42.0, 0.0)	(43.0, 0.25)	(44.0, 0.25)	(45.0, 0.0)	(46.0, 0.25)	(47.0, 4.0)	(48.0, 13.0)	(49.0, 26.0)	(50.0, 71.25)	(51.0, 407.75)	(52.0, 610.75)	(53.0, 425.0)	(54.0, 324.0)	(55.0, 320.75)	(56.0, 252.5)	(57.0, 123.75)	(58.0, 112.0)	(59.0, 109.0)	(60.0, 38.75)	(61.0, 11.75)	(62.0, 2.75)	(63.0, 1.0)	(64.0, 6.25)	(65.0, 5.25)	(66.0, 1.75)	(67.0, 2.0)	(68.0, 1.25)	(69.0, 0.0)	(70.0, 0.0)	(71.0, 0.0)	(72.0, 0.0)	(73.0, 0.0)	(74.0, 0.0)	(75.0, 0.0)	(76.0, 0.0)	(77.0, 0.0)	(78.0, 0.0)	(79.0, 0.0)	(80.0, 0.0)	(81.0, 0.0)	(82.0, 0.0)	(83.0, 0.0)	(84.0, 0.0)	(85.0, 0.0)	(86.0, 0.0)	(87.0, 0.0)	(88.0, 0.0)	(89.0, 0.0)	(90.0, 0.0)	(91.0, 0.0)	(92.0, 0.0)	(93.0, 0.0)	(94.0, 0.0)	(95.0, 0.0)	(96.0, 0.0)	(97.0, 0.0)	(98.0, 0.0)	(99.0, 0.0)	(100.0, 0.0)
SRR5515467_2	(0.0, 0.0)	(1.0, 0.0)	(2.0, 0.0)	(3.0, 0.0)	(4.0, 0.0)	(5.0, 0.0)	(6.0, 0.0)	(7.0, 0.0)	(8.0, 0.0)	(9.0, 0.0)	(10.0, 0.0)	(11.0, 0.0)	(12.0, 0.0)	(13.0, 0.0)	(14.0, 0.0)	(15.0, 0.0)	(16.0, 0.0)	(17.0, 0.0)	(18.0, 0.0)	(19.0, 0.0)	(20.0, 0.0)	(21.0, 0.0)	(22.0, 0.0)	(23.0, 0.0)	(24.0, 0.0)	(25.0, 0.0)	(26.0, 0.0)	(27.0, 0.0)	(28.0, 0.0)	(29.0, 0.0)	(30.0, 0.0)	(31.0, 0.0)	(32.0, 0.0)	(33.0, 0.0)	(34.0, 0.0)	(35.0, 0.0)	(36.0, 0.0)	(37.0, 0.0)	(38.0, 0.0)	(39.0, 0.0)	(40.0, 0.0)	(41.0, 0.25)	(42.0, 1.75)	(43.0, 12.75)	(44.0, 9.0)	(45.0, 19.5)	(46.0, 32.5)	(47.0, 41.25)	(48.0, 59.0)	(49.0, 85.5)	(50.0, 114.0)	(51.0, 196.0)	(52.0, 338.25)	(53.0, 463.5)	(54.0, 300.25)	(55.0, 198.25)	(56.0, 218.25)	(57.0, 199.25)	(58.0, 133.25)	(59.0, 110.0)	(60.0, 78.5)	(61.0, 54.0)	(62.0, 39.75)	(63.0, 39.0)	(64.0, 28.75)	(65.0, 19.75)	(66.0, 11.5)	(67.0, 7.5)	(68.0, 4.0)	(69.0, 2.0)	(70.0, 1.75)	(71.0, 1.25)	(72.0, 1.0)	(73.0, 0.5)	(74.0, 0.25)	(75.0, 0.0)	(76.0, 0.0)	(77.0, 0.0)	(78.0, 0.0)	(79.0, 0.0)	(80.0, 0.25)	(81.0, 0.25)	(82.0, 0.0)	(83.0, 0.5)	(84.0, 0.75)	(85.0, 0.0)	(86.0, 0.0)	(87.0, 0.0)	(88.0, 0.0)	(89.0, 0.0)	(90.0, 0.0)	(91.0, 0.0)	(92.0, 0.0)	(93.0, 0.0)	(94.0, 0.0)	(95.0, 0.0)	(96.0, 0.25)	(97.0, 0.0)	(98.0, 0.0)	(99.0, 0.0)	(100.0, 0.0)
SRR5515468_1	(0.0, 0.0)	(1.0, 0.0)	(2.0, 0.0)	(3.0, 0.0)	(4.0, 0.0)	(5.0, 0.0)	(6.0, 0.0)	(7.0, 0.0)	(8.0, 0.0)	(9.0, 0.0)	(10.0, 0.0)	(11.0, 0.0)	(12.0, 0.0)	(13.0, 0.0)	(14.0, 0.0)	(15.0, 0.0)	(16.0, 0.0)	(17.0, 0.0)	(18.0, 0.0)	(19.0, 0.0)	(20.0, 0.0)	(21.0, 0.0)	(22.0, 0.0)	(23.0, 0.0)	(24.0, 0.0)	(25.0, 0.0)	(26.0, 0.0)	(27.0, 0.0)	(28.0, 0.0)	(29.0, 0.0)	(30.0, 0.0)	(31.0, 0.0)	(32.0, 0.0)	(33.0, 0.0)	(34.0, 0.0)	(35.0, 0.0)	(36.0, 0.25)	(37.0, 0.25)	(38.0, 0.0)	(39.0, 0.0)	(40.0, 0.0)	(41.0, 0.0)	(42.0, 0.0)	(43.0, 0.0)	(44.0, 0.0)	(45.0, 0.25)	(46.0, 0.0)	(47.0, 1.0)	(48.0, 8.5)	(49.0, 10.5)	(50.0, 37.25)	(51.0, 170.0)	(52.0, 217.5)	(53.0, 325.5)	(54.0, 433.5)	(55.0, 523.25)	(56.0, 263.0)	(57.0, 104.25)	(58.0, 36.75)	(59.0, 46.75)	(60.0, 22.5)	(61.0, 4.0)	(62.0, 1.25)	(63.0, 0.5)	(64.0, 5.25)	(65.0, 5.25)	(66.0, 4.0)	(67.0, 1.75)	(68.0, 1.5)	(69.0, 0.25)	(70.0, 0.0)	(71.0, 0.0)	(72.0, 0.0)	(73.0, 0.0)	(74.0, 0.0)	(75.0, 0.0)	(76.0, 0.0)	(77.0, 0.0)	(78.0, 0.0)	(79.0, 0.0)	(80.0, 0.0)	(81.0, 0.0)	(82.0, 0.0)	(83.0, 0.0)	(84.0, 0.0)	(85.0, 0.0)	(86.0, 0.0)	(87.0, 0.0)	(88.0, 0.0)	(89.0, 0.0)	(90.0, 0.0)	(91.0, 0.0)	(92.0, 0.0)	(93.0, 0.0)	(94.0, 0.0)	(95.0, 0.0)	(96.0, 0.0)	(97.0, 0.0)	(98.0, 0.0)	(99.0, 0.0)	(100.0, 0.0)
SRR5515468_2	(0.0, 0.0)	(1.0, 0.0)	(2.0, 0.0)	(3.0, 0.0)	(4.0, 0.0)	(5.0, 0.0)	(6.0, 0.0)	(7.0, 0.0)	(8.0, 0.0)	(9.0, 0.0)	(10.0, 0.0)	(11.0, 0.0)	(12.0, 0.0)	(13.0, 0.0)	(14.0, 0.0)	(15.0, 0.0)	(16.0, 0.0)	(17.0, 0.0)	(18.0, 0.0)	(19.0, 0.0)	(20.0, 0.0)	(21.0, 0.0)	(22.0, 0.0)	(23.0, 0.0)	(24.0, 0.0)	(25.0, 0.0)	(26.0, 0.0)	(27.0, 0.0)	(28.0, 0.0)	(29.0, 0.0)	(30.0, 0.0)	(31.0, 0.0)	(32.0, 0.0)	(33.0, 0.0)	(34.0, 0.0)	(35.0, 0.0)	(36.0, 0.0)	(37.0, 0.0)	(38.0, 0.0)	(39.0, 0.25)	(40.0, 0.0)	(41.0, 0.0)	(42.0, 1.75)	(43.0, 2.0)	(44.0, 2.0)	(45.0, 12.75)	(46.0, 23.75)	(47.0, 24.5)	(48.0, 23.0)	(49.0, 22.75)	(50.0, 63.25)	(51.0, 189.75)	(52.0, 259.0)	(53.0, 237.0)	(54.0, 200.75)	(55.0, 175.75)	(56.0, 259.0)	(57.0, 329.5)	(58.0, 210.75)	(59.0, 89.0)	(60.0, 36.25)	(61.0, 21.0)	(62.0, 18.5)	(63.0, 13.25)	(64.0, 10.5)	(65.0, 6.25)	(66.0, 4.5)	(67.0, 4.75)	(68.0, 2.75)	(69.0, 2.5)	(70.0, 1.25)	(71.0, 1.75)	(72.0, 1.0)	(73.0, 1.0)	(74.0, 0.25)	(75.0, 0.25)	(76.0, 0.5)	(77.0, 0.0)	(78.0, 0.0)	(79.0, 0.0)	(80.0, 0.0)	(81.0, 0.0)	(82.0, 0.0)	(83.0, 0.25)	(84.0, 0.0)	(85.0, 0.0)	(86.0, 0.0)	(87.0, 0.0)	(88.0, 0.0)	(89.0, 0.0)	(90.0, 0.0)	(91.0, 0.0)	(92.0, 0.0)	(93.0, 0.0)	(94.0, 0.0)	(95.0, 0.0)	(96.0, 0.0)	(97.0, 0.0)	(98.0, 0.0)	(99.0, 0.0)	(100.0, 0.0)
SRR5515469_1	(0.0, 0.0)	(1.0, 0.0)	(2.0, 0.0)	(3.0, 0.0)	(4.0, 0.0)	(5.0, 0.0)	(6.0, 0.0)	(7.0, 0.0)	(8.0, 0.0)	(9.0, 0.0)	(10.0, 0.0)	(11.0, 0.0)	(12.0, 0.0)	(13.0, 0.0)	(14.0, 0.0)	(15.0, 0.0)	(16.0, 0.0)	(17.0, 0.0)	(18.0, 0.0)	(19.0, 0.0)	(20.0, 0.0)	(21.0, 0.0)	(22.0, 0.0)	(23.0, 0.0)	(24.0, 0.0)	(25.0, 0.0)	(26.0, 0.0)	(27.0, 0.0)	(28.0, 0.0)	(29.0, 0.0)	(30.0, 0.0)	(31.0, 0.0)	(32.0, 0.0)	(33.0, 0.0)	(34.0, 0.0)	(35.0, 0.0)	(36.0, 0.0)	(37.0, 0.0)	(38.0, 0.5)	(39.0, 0.5)	(40.0, 0.25)	(41.0, 0.25)	(42.0, 0.0)	(43.0, 0.25)	(44.0, 0.25)	(45.0, 0.75)	(46.0, 1.25)	(47.0, 2.75)	(48.0, 8.25)	(49.0, 15.0)	(50.0, 69.5)	(51.0, 297.0)	(52.0, 368.5)	(53.0, 295.5)	(54.0, 374.0)	(55.0, 949.25)	(56.0, 712.25)	(57.0, 319.25)	(58.0, 102.5)	(59.0, 54.0)	(60.0, 37.0)	(61.0, 7.5)	(62.0, 2.5)	(63.0, 1.25)	(64.0, 1.0)	(65.0, 2.5)	(66.0, 2.25)	(67.0, 1.0)	(68.0, 0.0)	(69.0, 0.0)	(70.0, 0.0)	(71.0, 0.0)	(72.0, 0.0)	(73.0, 0.0)	(74.0, 0.0)	(75.0, 0.0)	(76.0, 0.0)	(77.0, 0.0)	(78.0, 0.0)	(79.0, 0.0)	(80.0, 0.0)	(81.0, 0.0)	(82.0, 0.0)	(83.0, 0.0)	(84.0, 0.0)	(85.0, 0.0)	(86.0, 0.0)	(87.0, 0.0)	(88.0, 0.0)	(89.0, 0.0)	(90.0, 0.0)	(91.0, 0.0)	(92.0, 0.0)	(93.0, 0.0)	(94.0, 0.0)	(95.0, 0.0)	(96.0, 0.0)	(97.0, 0.0)	(98.0, 0.0)	(99.0, 0.0)	(100.0, 0.0)
SRR5515469_2	(0.0, 0.0)	(1.0, 0.0)	(2.0, 0.0)	(3.0, 0.0)	(4.0, 0.0)	(5.0, 0.0)	(6.0, 0.0)	(7.0, 0.0)	(8.0, 0.0)	(9.0, 0.0)	(10.0, 0.0)	(11.0, 0.0)	(12.0, 0.0)	(13.0, 0.0)	(14.0, 0.0)	(15.0, 0.0)	(16.0, 0.0)	(17.0, 0.0)	(18.0, 0.0)	(19.0, 0.0)	(20.0, 0.0)	(21.0, 0.0)	(22.0, 0.0)	(23.0, 0.0)	(24.0, 0.0)	(25.0, 0.0)	(26.0, 0.0)	(27.0, 0.0)	(28.0, 0.0)	(29.0, 0.0)	(30.0, 0.0)	(31.0, 0.0)	(32.0, 0.0)	(33.0, 0.25)	(34.0, 0.0)	(35.0, 0.25)	(36.0, 0.0)	(37.0, 0.0)	(38.0, 0.0)	(39.0, 0.0)	(40.0, 0.0)	(41.0, 0.0)	(42.0, 0.5)	(43.0, 0.5)	(44.0, 1.75)	(45.0, 5.0)	(46.0, 20.25)	(47.0, 42.75)	(48.0, 33.5)	(49.0, 45.25)	(50.0, 85.75)	(51.0, 172.75)	(52.0, 227.75)	(53.0, 316.0)	(54.0, 347.25)	(55.0, 321.5)	(56.0, 429.75)	(57.0, 556.5)	(58.0, 395.75)	(59.0, 229.25)	(60.0, 151.5)	(61.0, 99.5)	(62.0, 63.75)	(63.0, 48.75)	(64.0, 32.75)	(65.0, 10.75)	(66.0, 5.5)	(67.0, 2.75)	(68.0, 1.0)	(69.0, 1.5)	(70.0, 1.0)	(71.0, 0.5)	(72.0, 0.0)	(73.0, 0.5)	(74.0, 0.0)	(75.0, 0.25)	(76.0, 0.0)	(77.0, 0.25)	(78.0, 0.0)	(79.0, 0.0)	(80.0, 0.0)	(81.0, 0.0)	(82.0, 0.0)	(83.0, 0.0)	(84.0, 0.0)	(85.0, 0.0)	(86.0, 0.0)	(87.0, 0.0)	(88.0, 0.0)	(89.0, 0.0)	(90.0, 0.0)	(91.0, 0.0)	(92.0, 0.0)	(93.0, 0.0)	(94.0, 0.0)	(95.0, 0.0)	(96.0, 0.0)	(97.0, 0.0)	(98.0, 0.0)	(99.0, 0.0)	(100.0, 0.0)
SRR5515470_1	(0.0, 0.0)	(1.0, 0.0)	(2.0, 0.0)	(3.0, 0.0)	(4.0, 0.0)	(5.0, 0.0)	(6.0, 0.0)	(7.0, 0.0)	(8.0, 0.0)	(9.0, 0.0)	(10.0, 0.0)	(11.0, 0.0)	(12.0, 0.0)	(13.0, 0.0)	(14.0, 0.0)	(15.0, 0.0)	(16.0, 0.0)	(17.0, 0.0)	(18.0, 0.0)	(19.0, 0.0)	(20.0, 0.0)	(21.0, 0.0)	(22.0, 0.0)	(23.0, 0.0)	(24.0, 0.0)	(25.0, 0.0)	(26.0, 0.0)	(27.0, 0.0)	(28.0, 0.0)	(29.0, 0.0)	(30.0, 0.0)	(31.0, 0.0)	(32.0, 0.0)	(33.0, 0.0)	(34.0, 0.0)	(35.0, 0.0)	(36.0, 0.0)	(37.0, 0.25)	(38.0, 0.0)	(39.0, 0.0)	(40.0, 0.5)	(41.0, 0.0)	(42.0, 0.25)	(43.0, 0.5)	(44.0, 0.75)	(45.0, 0.25)	(46.0, 2.75)	(47.0, 25.0)	(48.0, 20.0)	(49.0, 52.25)	(50.0, 85.75)	(51.0, 378.25)	(52.0, 544.25)	(53.0, 425.75)	(54.0, 580.75)	(55.0, 496.75)	(56.0, 470.25)	(57.0, 204.5)	(58.0, 187.75)	(59.0, 206.0)	(60.0, 55.5)	(61.0, 41.0)	(62.0, 9.25)	(63.0, 1.0)	(64.0, 1.75)	(65.0, 5.75)	(66.0, 1.25)	(67.0, 1.75)	(68.0, 0.25)	(69.0, 0.0)	(70.0, 0.0)	(71.0, 0.0)	(72.0, 0.0)	(73.0, 0.0)	(74.0, 0.0)	(75.0, 0.0)	(76.0, 0.0)	(77.0, 0.0)	(78.0, 0.0)	(79.0, 0.0)	(80.0, 0.0)	(81.0, 0.0)	(82.0, 0.0)	(83.0, 0.0)	(84.0, 0.0)	(85.0, 0.0)	(86.0, 0.0)	(87.0, 0.0)	(88.0, 0.0)	(89.0, 0.0)	(90.0, 0.0)	(91.0, 0.0)	(92.0, 0.0)	(93.0, 0.0)	(94.0, 0.0)	(95.0, 0.0)	(96.0, 0.0)	(97.0, 0.0)	(98.0, 0.0)	(99.0, 0.0)	(100.0, 0.0)
SRR5515470_2	(0.0, 0.0)	(1.0, 0.0)	(2.0, 0.0)	(3.0, 0.0)	(4.0, 0.0)	(5.0, 0.0)	(6.0, 0.0)	(7.0, 0.0)	(8.0, 0.0)	(9.0, 0.0)	(10.0, 0.0)	(11.0, 0.0)	(12.0, 0.0)	(13.0, 0.0)	(14.0, 0.0)	(15.0, 0.0)	(16.0, 0.0)	(17.0, 0.0)	(18.0, 0.0)	(19.0, 0.0)	(20.0, 0.0)	(21.0, 0.0)	(22.0, 0.0)	(23.0, 0.0)	(24.0, 0.0)	(25.0, 0.0)	(26.0, 0.0)	(27.0, 0.0)	(28.0, 0.0)	(29.0, 0.0)	(30.0, 0.0)	(31.0, 0.0)	(32.0, 0.0)	(33.0, 0.0)	(34.0, 0.0)	(35.0, 0.0)	(36.0, 0.0)	(37.0, 0.0)	(38.0, 0.25)	(39.0, 0.25)	(40.0, 0.25)	(41.0, 0.25)	(42.0, 1.0)	(43.0, 3.0)	(44.0, 9.5)	(45.0, 58.25)	(46.0, 81.25)	(47.0, 52.0)	(48.0, 45.75)	(49.0, 94.25)	(50.0, 207.25)	(51.0, 335.5)	(52.0, 393.5)	(53.0, 485.25)	(54.0, 391.5)	(55.0, 325.75)	(56.0, 310.75)	(57.0, 235.25)	(58.0, 170.5)	(59.0, 111.0)	(60.0, 79.25)	(61.0, 65.75)	(62.0, 81.75)	(63.0, 112.5)	(64.0, 98.5)	(65.0, 55.0)	(66.0, 24.0)	(67.0, 8.75)	(68.0, 2.25)	(69.0, 1.75)	(70.0, 2.75)	(71.0, 3.5)	(72.0, 2.5)	(73.0, 1.5)	(74.0, 0.25)	(75.0, 0.25)	(76.0, 0.0)	(77.0, 0.0)	(78.0, 0.0)	(79.0, 0.0)	(80.0, 0.0)	(81.0, 0.0)	(82.0, 0.0)	(83.0, 0.0)	(84.0, 0.0)	(85.0, 0.0)	(86.0, 0.0)	(87.0, 0.0)	(88.0, 0.0)	(89.0, 0.0)	(90.0, 0.0)	(91.0, 0.0)	(92.0, 0.0)	(93.0, 0.0)	(94.0, 0.0)	(95.0, 0.0)	(96.0, 0.0)	(97.0, 0.0)	(98.0, 0.0)	(99.0, 0.0)	(100.0, 0.0)
SRR5515471_1	(0.0, 0.0)	(1.0, 0.0)	(2.0, 0.0)	(3.0, 0.0)	(4.0, 0.0)	(5.0, 0.0)	(6.0, 0.0)	(7.0, 0.0)	(8.0, 0.0)	(9.0, 0.0)	(10.0, 0.0)	(11.0, 0.0)	(12.0, 0.0)	(13.0, 0.0)	(14.0, 0.0)	(15.0, 0.0)	(16.0, 0.0)	(17.0, 0.0)	(18.0, 0.0)	(19.0, 0.0)	(20.0, 0.0)	(21.0, 0.0)	(22.0, 0.0)	(23.0, 0.0)	(24.0, 0.0)	(25.0, 0.0)	(26.0, 0.0)	(27.0, 0.0)	(28.0, 0.0)	(29.0, 0.0)	(30.0, 0.0)	(31.0, 0.0)	(32.0, 0.0)	(33.0, 0.0)	(34.0, 0.0)	(35.0, 0.0)	(36.0, 0.0)	(37.0, 0.0)	(38.0, 0.0)	(39.0, 0.25)	(40.0, 0.0)	(41.0, 0.0)	(42.0, 0.0)	(43.0, 0.5)	(44.0, 0.5)	(45.0, 0.5)	(46.0, 1.75)	(47.0, 5.25)	(48.0, 17.0)	(49.0, 28.0)	(50.0, 89.0)	(51.0, 399.25)	(52.0, 601.0)	(53.0, 483.25)	(54.0, 503.75)	(55.0, 372.5)	(56.0, 262.25)	(57.0, 111.0)	(58.0, 93.5)	(59.0, 140.5)	(60.0, 93.0)	(61.0, 11.75)	(62.0, 7.0)	(63.0, 1.25)	(64.0, 3.5)	(65.0, 5.75)	(66.0, 6.75)	(67.0, 3.0)	(68.0, 0.25)	(69.0, 0.0)	(70.0, 0.0)	(71.0, 0.0)	(72.0, 0.0)	(73.0, 0.0)	(74.0, 0.0)	(75.0, 0.0)	(76.0, 0.0)	(77.0, 0.0)	(78.0, 0.0)	(79.0, 0.0)	(80.0, 0.0)	(81.0, 0.0)	(82.0, 0.0)	(83.0, 0.0)	(84.0, 0.0)	(85.0, 0.0)	(86.0, 0.0)	(87.0, 0.0)	(88.0, 0.0)	(89.0, 0.0)	(90.0, 0.0)	(91.0, 0.0)	(92.0, 0.0)	(93.0, 0.0)	(94.0, 0.0)	(95.0, 0.0)	(96.0, 0.0)	(97.0, 0.0)	(98.0, 0.0)	(99.0, 0.0)	(100.0, 0.0)
SRR5515471_2	(0.0, 0.0)	(1.0, 0.0)	(2.0, 0.0)	(3.0, 0.0)	(4.0, 0.0)	(5.0, 0.0)	(6.0, 0.0)	(7.0, 0.0)	(8.0, 0.0)	(9.0, 0.0)	(10.0, 0.0)	(11.0, 0.0)	(12.0, 0.0)	(13.0, 0.0)	(14.0, 0.0)	(15.0, 0.0)	(16.0, 0.0)	(17.0, 0.0)	(18.0, 0.0)	(19.0, 0.0)	(20.0, 0.0)	(21.0, 0.0)	(22.0, 0.0)	(23.0, 0.0)	(24.0, 0.0)	(25.0, 0.0)	(26.0, 0.0)	(27.0, 0.0)	(28.0, 0.0)	(29.0, 0.0)	(30.0, 0.0)	(31.0, 0.0)	(32.0, 0.0)	(33.0, 0.0)	(34.0, 0.0)	(35.0, 0.0)	(36.0, 0.0)	(37.0, 0.25)	(38.0, 0.5)	(39.0, 0.25)	(40.0, 0.0)	(41.0, 0.5)	(42.0, 12.0)	(43.0, 18.75)	(44.0, 10.0)	(45.0, 34.5)	(46.0, 46.25)	(47.0, 47.75)	(48.0, 45.75)	(49.0, 67.25)	(50.0, 104.75)	(51.0, 223.25)	(52.0, 336.0)	(53.0, 451.5)	(54.0, 370.75)	(55.0, 257.5)	(56.0, 320.5)	(57.0, 283.75)	(58.0, 171.75)	(59.0, 95.5)	(60.0, 57.25)	(61.0, 58.75)	(62.0, 67.0)	(63.0, 64.75)	(64.0, 48.25)	(65.0, 38.25)	(66.0, 19.75)	(67.0, 13.25)	(68.0, 7.75)	(69.0, 4.0)	(70.0, 4.5)	(71.0, 2.5)	(72.0, 0.5)	(73.0, 0.0)	(74.0, 0.0)	(75.0, 0.0)	(76.0, 0.0)	(77.0, 0.0)	(78.0, 0.0)	(79.0, 0.0)	(80.0, 0.0)	(81.0, 0.0)	(82.0, 0.0)	(83.0, 0.25)	(84.0, 0.0)	(85.0, 0.0)	(86.0, 0.0)	(87.0, 0.0)	(88.0, 0.0)	(89.0, 0.0)	(90.0, 0.0)	(91.0, 0.0)	(92.0, 0.0)	(93.0, 0.0)	(94.0, 0.0)	(95.0, 0.0)	(96.0, 0.0)	(97.0, 0.0)	(98.0, 0.0)	(99.0, 0.0)	(100.0, 0.0)
SRR5515472_1	(0.0, 0.0)	(1.0, 0.0)	(2.0, 0.0)	(3.0, 0.0)	(4.0, 0.0)	(5.0, 0.0)	(6.0, 0.0)	(7.0, 0.0)	(8.0, 0.0)	(9.0, 0.0)	(10.0, 0.0)	(11.0, 0.0)	(12.0, 0.0)	(13.0, 0.0)	(14.0, 0.0)	(15.0, 0.0)	(16.0, 0.0)	(17.0, 0.0)	(18.0, 0.0)	(19.0, 0.0)	(20.0, 0.0)	(21.0, 0.0)	(22.0, 0.0)	(23.0, 0.0)	(24.0, 0.0)	(25.0, 0.0)	(26.0, 0.0)	(27.0, 0.0)	(28.0, 0.0)	(29.0, 0.0)	(30.0, 0.0)	(31.0, 0.0)	(32.0, 0.0)	(33.0, 0.0)	(34.0, 0.0)	(35.0, 0.0)	(36.0, 0.0)	(37.0, 0.0)	(38.0, 0.0)	(39.0, 0.0)	(40.0, 0.0)	(41.0, 0.0)	(42.0, 0.25)	(43.0, 0.0)	(44.0, 0.25)	(45.0, 0.5)	(46.0, 1.25)	(47.0, 3.25)	(48.0, 10.0)	(49.0, 14.0)	(50.0, 46.0)	(51.0, 334.5)	(52.0, 539.25)	(53.0, 371.0)	(54.0, 428.0)	(55.0, 469.75)	(56.0, 594.0)	(57.0, 255.0)	(58.0, 49.5)	(59.0, 40.5)	(60.0, 30.75)	(61.0, 3.25)	(62.0, 1.0)	(63.0, 2.25)	(64.0, 5.25)	(65.0, 2.75)	(66.0, 2.75)	(67.0, 1.5)	(68.0, 0.0)	(69.0, 0.0)	(70.0, 0.0)	(71.0, 0.0)	(72.0, 0.0)	(73.0, 0.0)	(74.0, 0.0)	(75.0, 0.0)	(76.0, 0.0)	(77.0, 0.0)	(78.0, 0.0)	(79.0, 0.0)	(80.0, 0.0)	(81.0, 0.0)	(82.0, 0.0)	(83.0, 0.0)	(84.0, 0.0)	(85.0, 0.0)	(86.0, 0.0)	(87.0, 0.0)	(88.0, 0.0)	(89.0, 0.0)	(90.0, 0.0)	(91.0, 0.0)	(92.0, 0.0)	(93.0, 0.0)	(94.0, 0.0)	(95.0, 0.0)	(96.0, 0.0)	(97.0, 0.0)	(98.0, 0.0)	(99.0, 0.0)	(100.0, 0.0)
SRR5515472_2	(0.0, 0.0)	(1.0, 0.0)	(2.0, 0.0)	(3.0, 0.0)	(4.0, 0.0)	(5.0, 0.0)	(6.0, 0.0)	(7.0, 0.0)	(8.0, 0.0)	(9.0, 0.0)	(10.0, 0.0)	(11.0, 0.0)	(12.0, 0.0)	(13.0, 0.0)	(14.0, 0.0)	(15.0, 0.0)	(16.0, 0.0)	(17.0, 0.0)	(18.0, 0.0)	(19.0, 0.0)	(20.0, 0.0)	(21.0, 0.0)	(22.0, 0.0)	(23.0, 0.0)	(24.0, 0.0)	(25.0, 0.0)	(26.0, 0.0)	(27.0, 0.0)	(28.0, 0.0)	(29.0, 0.0)	(30.0, 0.0)	(31.0, 0.0)	(32.0, 0.0)	(33.0, 0.0)	(34.0, 0.0)	(35.0, 0.0)	(36.0, 0.25)	(37.0, 0.25)	(38.0, 0.0)	(39.0, 0.0)	(40.0, 0.0)	(41.0, 0.0)	(42.0, 0.75)	(43.0, 1.0)	(44.0, 2.5)	(45.0, 6.25)	(46.0, 23.75)	(47.0, 34.0)	(48.0, 41.0)	(49.0, 65.75)	(50.0, 139.75)	(51.0, 272.0)	(52.0, 341.75)	(53.0, 358.25)	(54.0, 301.0)	(55.0, 224.75)	(56.0, 231.75)	(57.0, 320.5)	(58.0, 300.5)	(59.0, 195.75)	(60.0, 121.0)	(61.0, 55.25)	(62.0, 38.0)	(63.0, 25.25)	(64.0, 18.0)	(65.0, 9.25)	(66.0, 3.5)	(67.0, 2.0)	(68.0, 1.5)	(69.0, 0.5)	(70.0, 1.25)	(71.0, 0.5)	(72.0, 0.75)	(73.0, 0.0)	(74.0, 0.25)	(75.0, 0.0)	(76.0, 0.0)	(77.0, 0.0)	(78.0, 0.0)	(79.0, 0.0)	(80.0, 0.0)	(81.0, 0.0)	(82.0, 0.0)	(83.0, 0.0)	(84.0, 0.0)	(85.0, 0.0)	(86.0, 0.0)	(87.0, 0.0)	(88.0, 0.0)	(89.0, 0.0)	(90.0, 0.0)	(91.0, 0.0)	(92.0, 0.0)	(93.0, 0.0)	(94.0, 0.0)	(95.0, 0.0)	(96.0, 0.0)	(97.0, 0.0)	(98.0, 0.0)	(99.0, 0.0)	(100.0, 0.0)
SRR5515473_1	(0.0, 0.0)	(1.0, 0.0)	(2.0, 0.0)	(3.0, 0.0)	(4.0, 0.0)	(5.0, 0.0)	(6.0, 0.0)	(7.0, 0.0)	(8.0, 0.0)	(9.0, 0.0)	(10.0, 0.0)	(11.0, 0.0)	(12.0, 0.0)	(13.0, 0.0)	(14.0, 0.0)	(15.0, 0.0)	(16.0, 0.0)	(17.0, 0.0)	(18.0, 0.0)	(19.0, 0.0)	(20.0, 0.0)	(21.0, 0.0)	(22.0, 0.0)	(23.0, 0.0)	(24.0, 0.0)	(25.0, 0.0)	(26.0, 0.0)	(27.0, 0.0)	(28.0, 0.0)	(29.0, 0.0)	(30.0, 0.0)	(31.0, 0.0)	(32.0, 0.0)	(33.0, 0.0)	(34.0, 0.0)	(35.0, 0.0)	(36.0, 0.0)	(37.0, 0.0)	(38.0, 0.0)	(39.0, 0.0)	(40.0, 0.0)	(41.0, 0.25)	(42.0, 0.0)	(43.0, 0.0)	(44.0, 0.0)	(45.0, 0.75)	(46.0, 0.5)	(47.0, 4.75)	(48.0, 20.75)	(49.0, 51.5)	(50.0, 169.75)	(51.0, 450.0)	(52.0, 663.25)	(53.0, 827.25)	(54.0, 962.0)	(55.0, 858.5)	(56.0, 1087.0)	(57.0, 687.0)	(58.0, 320.75)	(59.0, 143.25)	(60.0, 111.25)	(61.0, 22.75)	(62.0, 3.25)	(63.0, 3.75)	(64.0, 47.5)	(65.0, 38.0)	(66.0, 2.75)	(67.0, 1.5)	(68.0, 0.25)	(69.0, 0.25)	(70.0, 0.0)	(71.0, 0.0)	(72.0, 0.0)	(73.0, 0.0)	(74.0, 0.0)	(75.0, 0.0)	(76.0, 0.0)	(77.0, 0.0)	(78.0, 0.0)	(79.0, 0.0)	(80.0, 0.0)	(81.0, 0.0)	(82.0, 0.0)	(83.0, 0.0)	(84.0, 0.0)	(85.0, 0.0)	(86.0, 0.0)	(87.0, 0.0)	(88.0, 0.0)	(89.0, 0.0)	(90.0, 0.0)	(91.0, 0.0)	(92.0, 0.0)	(93.0, 0.0)	(94.0, 0.0)	(95.0, 0.0)	(96.0, 0.0)	(97.0, 0.0)	(98.0, 0.0)	(99.0, 0.0)	(100.0, 0.0)
SRR5515473_2	(0.0, 0.0)	(1.0, 0.0)	(2.0, 0.0)	(3.0, 0.0)	(4.0, 0.0)	(5.0, 0.0)	(6.0, 0.0)	(7.0, 0.0)	(8.0, 0.0)	(9.0, 0.0)	(10.0, 0.0)	(11.0, 0.0)	(12.0, 0.0)	(13.0, 0.0)	(14.0, 0.0)	(15.0, 0.0)	(16.0, 0.0)	(17.0, 0.0)	(18.0, 0.0)	(19.0, 0.0)	(20.0, 0.0)	(21.0, 0.0)	(22.0, 0.0)	(23.0, 0.0)	(24.0, 0.0)	(25.0, 0.0)	(26.0, 0.0)	(27.0, 0.0)	(28.0, 0.0)	(29.0, 0.0)	(30.0, 0.0)	(31.0, 0.0)	(32.0, 0.0)	(33.0, 0.0)	(34.0, 0.0)	(35.0, 0.5)	(36.0, 0.25)	(37.0, 0.25)	(38.0, 0.75)	(39.0, 1.5)	(40.0, 3.75)	(41.0, 4.5)	(42.0, 2.75)	(43.0, 3.0)	(44.0, 18.25)	(45.0, 40.5)	(46.0, 44.75)	(47.0, 54.25)	(48.0, 85.75)	(49.0, 166.0)	(50.0, 276.5)	(51.0, 359.25)	(52.0, 541.25)	(53.0, 739.25)	(54.0, 641.75)	(55.0, 560.75)	(56.0, 606.0)	(57.0, 584.0)	(58.0, 480.0)	(59.0, 350.5)	(60.0, 201.5)	(61.0, 113.5)	(62.0, 119.5)	(63.0, 123.75)	(64.0, 107.5)	(65.0, 68.5)	(66.0, 46.5)	(67.0, 31.5)	(68.0, 17.0)	(69.0, 7.0)	(70.0, 3.0)	(71.0, 2.5)	(72.0, 1.0)	(73.0, 1.0)	(74.0, 0.75)	(75.0, 0.0)	(76.0, 0.25)	(77.0, 0.25)	(78.0, 0.25)	(79.0, 0.25)	(80.0, 0.0)	(81.0, 0.0)	(82.0, 0.0)	(83.0, 0.25)	(84.0, 0.0)	(85.0, 0.0)	(86.0, 0.25)	(87.0, 0.0)	(88.0, 0.0)	(89.0, 0.0)	(90.0, 0.25)	(91.0, 0.5)	(92.0, 0.0)	(93.0, 0.0)	(94.0, 0.0)	(95.0, 0.0)	(96.0, 0.0)	(97.0, 0.0)	(98.0, 0.0)	(99.0, 0.0)	(100.0, 0.0)
SRR5515474_1	(0.0, 0.0)	(1.0, 0.0)	(2.0, 0.0)	(3.0, 0.0)	(4.0, 0.0)	(5.0, 0.0)	(6.0, 0.0)	(7.0, 0.0)	(8.0, 0.0)	(9.0, 0.0)	(10.0, 0.0)	(11.0, 0.0)	(12.0, 0.0)	(13.0, 0.0)	(14.0, 0.0)	(15.0, 0.0)	(16.0, 0.0)	(17.0, 0.0)	(18.0, 0.0)	(19.0, 0.0)	(20.0, 0.0)	(21.0, 0.0)	(22.0, 0.0)	(23.0, 0.0)	(24.0, 0.0)	(25.0, 0.0)	(26.0, 0.0)	(27.0, 0.0)	(28.0, 0.0)	(29.0, 0.0)	(30.0, 0.0)	(31.0, 0.0)	(32.0, 0.0)	(33.0, 0.0)	(34.0, 0.0)	(35.0, 0.0)	(36.0, 0.25)	(37.0, 0.5)	(38.0, 0.0)	(39.0, 0.0)	(40.0, 0.0)	(41.0, 0.0)	(42.0, 0.0)	(43.0, 0.0)	(44.0, 0.0)	(45.0, 0.25)	(46.0, 1.5)	(47.0, 5.75)	(48.0, 17.0)	(49.0, 28.5)	(50.0, 77.0)	(51.0, 425.0)	(52.0, 640.25)	(53.0, 484.25)	(54.0, 550.75)	(55.0, 424.0)	(56.0, 294.5)	(57.0, 198.25)	(58.0, 176.75)	(59.0, 121.25)	(60.0, 78.5)	(61.0, 38.75)	(62.0, 43.75)	(63.0, 13.0)	(64.0, 10.25)	(65.0, 6.5)	(66.0, 8.25)	(67.0, 5.0)	(68.0, 1.25)	(69.0, 0.5)	(70.0, 0.0)	(71.0, 0.0)	(72.0, 0.0)	(73.0, 0.0)	(74.0, 0.0)	(75.0, 0.0)	(76.0, 0.0)	(77.0, 0.0)	(78.0, 0.0)	(79.0, 0.0)	(80.0, 0.0)	(81.0, 0.0)	(82.0, 0.0)	(83.0, 0.0)	(84.0, 0.0)	(85.0, 0.0)	(86.0, 0.0)	(87.0, 0.0)	(88.0, 0.0)	(89.0, 0.0)	(90.0, 0.0)	(91.0, 0.0)	(92.0, 0.0)	(93.0, 0.0)	(94.0, 0.0)	(95.0, 0.0)	(96.0, 0.0)	(97.0, 0.0)	(98.0, 0.0)	(99.0, 0.0)	(100.0, 0.0)
SRR5515474_2	(0.0, 0.0)	(1.0, 0.0)	(2.0, 0.0)	(3.0, 0.0)	(4.0, 0.0)	(5.0, 0.0)	(6.0, 0.0)	(7.0, 0.0)	(8.0, 0.0)	(9.0, 0.0)	(10.0, 0.0)	(11.0, 0.0)	(12.0, 0.0)	(13.0, 0.0)	(14.0, 0.0)	(15.0, 0.0)	(16.0, 0.0)	(17.0, 0.0)	(18.0, 0.0)	(19.0, 0.0)	(20.0, 0.0)	(21.0, 0.0)	(22.0, 0.0)	(23.0, 0.0)	(24.0, 0.0)	(25.0, 0.0)	(26.0, 0.0)	(27.0, 0.0)	(28.0, 0.0)	(29.0, 0.0)	(30.0, 0.0)	(31.0, 0.0)	(32.0, 0.0)	(33.0, 0.0)	(34.0, 0.0)	(35.0, 0.0)	(36.0, 0.0)	(37.0, 0.0)	(38.0, 0.25)	(39.0, 0.0)	(40.0, 0.0)	(41.0, 0.0)	(42.0, 4.75)	(43.0, 10.0)	(44.0, 8.25)	(45.0, 22.0)	(46.0, 28.5)	(47.0, 29.25)	(48.0, 35.25)	(49.0, 49.75)	(50.0, 90.25)	(51.0, 232.0)	(52.0, 388.75)	(53.0, 669.75)	(54.0, 505.5)	(55.0, 332.5)	(56.0, 286.5)	(57.0, 206.25)	(58.0, 136.0)	(59.0, 120.0)	(60.0, 92.25)	(61.0, 77.25)	(62.0, 71.75)	(63.0, 74.0)	(64.0, 53.75)	(65.0, 26.0)	(66.0, 14.0)	(67.0, 6.25)	(68.0, 4.5)	(69.0, 4.25)	(70.0, 4.5)	(71.0, 1.5)	(72.0, 2.75)	(73.0, 1.0)	(74.0, 0.75)	(75.0, 0.25)	(76.0, 0.0)	(77.0, 0.0)	(78.0, 0.0)	(79.0, 0.0)	(80.0, 0.0)	(81.0, 0.0)	(82.0, 0.0)	(83.0, 0.0)	(84.0, 0.0)	(85.0, 0.0)	(86.0, 0.0)	(87.0, 0.0)	(88.0, 0.0)	(89.0, 0.0)	(90.0, 0.0)	(91.0, 0.0)	(92.0, 0.0)	(93.0, 0.0)	(94.0, 0.0)	(95.0, 0.0)	(96.0, 0.0)	(97.0, 0.0)	(98.0, 0.0)	(99.0, 0.0)	(100.0, 0.0)
SRR5515475_1	(0.0, 0.0)	(1.0, 0.0)	(2.0, 0.0)	(3.0, 0.0)	(4.0, 0.0)	(5.0, 0.0)	(6.0, 0.0)	(7.0, 0.0)	(8.0, 0.0)	(9.0, 0.0)	(10.0, 0.0)	(11.0, 0.0)	(12.0, 0.0)	(13.0, 0.0)	(14.0, 0.0)	(15.0, 0.0)	(16.0, 0.0)	(17.0, 0.0)	(18.0, 0.0)	(19.0, 0.0)	(20.0, 0.0)	(21.0, 0.0)	(22.0, 0.0)	(23.0, 0.0)	(24.0, 0.0)	(25.0, 0.0)	(26.0, 0.0)	(27.0, 0.0)	(28.0, 0.0)	(29.0, 0.0)	(30.0, 0.0)	(31.0, 0.0)	(32.0, 0.0)	(33.0, 0.0)	(34.0, 0.0)	(35.0, 0.0)	(36.0, 0.0)	(37.0, 0.0)	(38.0, 0.0)	(39.0, 0.0)	(40.0, 0.0)	(41.0, 0.25)	(42.0, 0.0)	(43.0, 0.0)	(44.0, 0.5)	(45.0, 0.5)	(46.0, 1.0)	(47.0, 3.0)	(48.0, 3.75)	(49.0, 7.25)	(50.0, 28.75)	(51.0, 207.0)	(52.0, 295.0)	(53.0, 264.25)	(54.0, 329.25)	(55.0, 437.5)	(56.0, 332.0)	(57.0, 151.5)	(58.0, 82.0)	(59.0, 53.25)	(60.0, 29.5)	(61.0, 5.5)	(62.0, 2.0)	(63.0, 1.25)	(64.0, 0.5)	(65.0, 1.25)	(66.0, 1.75)	(67.0, 0.5)	(68.0, 0.0)	(69.0, 0.0)	(70.0, 0.0)	(71.0, 0.0)	(72.0, 0.0)	(73.0, 0.0)	(74.0, 0.0)	(75.0, 0.0)	(76.0, 0.0)	(77.0, 0.0)	(78.0, 0.0)	(79.0, 0.0)	(80.0, 0.0)	(81.0, 0.0)	(82.0, 0.0)	(83.0, 0.0)	(84.0, 0.0)	(85.0, 0.0)	(86.0, 0.0)	(87.0, 0.0)	(88.0, 0.0)	(89.0, 0.0)	(90.0, 0.0)	(91.0, 0.0)	(92.0, 0.0)	(93.0, 0.0)	(94.0, 0.0)	(95.0, 0.0)	(96.0, 0.0)	(97.0, 0.0)	(98.0, 0.0)	(99.0, 0.0)	(100.0, 0.0)
SRR5515475_2	(0.0, 0.0)	(1.0, 0.0)	(2.0, 0.0)	(3.0, 0.0)	(4.0, 0.0)	(5.0, 0.0)	(6.0, 0.0)	(7.0, 0.0)	(8.0, 0.0)	(9.0, 0.0)	(10.0, 0.0)	(11.0, 0.0)	(12.0, 0.0)	(13.0, 0.0)	(14.0, 0.0)	(15.0, 0.0)	(16.0, 0.0)	(17.0, 0.0)	(18.0, 0.0)	(19.0, 0.0)	(20.0, 0.0)	(21.0, 0.0)	(22.0, 0.0)	(23.0, 0.0)	(24.0, 0.0)	(25.0, 0.0)	(26.0, 0.0)	(27.0, 0.0)	(28.0, 0.0)	(29.0, 0.0)	(30.0, 0.0)	(31.0, 0.0)	(32.0, 0.0)	(33.0, 0.0)	(34.0, 0.0)	(35.0, 0.0)	(36.0, 0.25)	(37.0, 0.25)	(38.0, 0.25)	(39.0, 0.25)	(40.0, 0.0)	(41.0, 0.25)	(42.0, 0.25)	(43.0, 1.5)	(44.0, 1.75)	(45.0, 5.5)	(46.0, 9.75)	(47.0, 11.0)	(48.0, 11.75)	(49.0, 11.5)	(50.0, 44.25)	(51.0, 150.75)	(52.0, 243.5)	(53.0, 293.25)	(54.0, 291.75)	(55.0, 203.5)	(56.0, 228.5)	(57.0, 242.0)	(58.0, 174.75)	(59.0, 112.5)	(60.0, 65.0)	(61.0, 43.5)	(62.0, 37.0)	(63.0, 30.5)	(64.0, 18.25)	(65.0, 7.25)	(66.0, 3.0)	(67.0, 1.75)	(68.0, 1.5)	(69.0, 0.5)	(70.0, 1.0)	(71.0, 1.25)	(72.0, 0.25)	(73.0, 0.0)	(74.0, 0.0)	(75.0, 0.0)	(76.0, 0.0)	(77.0, 0.0)	(78.0, 0.0)	(79.0, 0.25)	(80.0, 0.0)	(81.0, 0.0)	(82.0, 0.0)	(83.0, 0.0)	(84.0, 0.0)	(85.0, 0.0)	(86.0, 0.0)	(87.0, 0.0)	(88.0, 0.0)	(89.0, 0.0)	(90.0, 0.0)	(91.0, 0.0)	(92.0, 0.0)	(93.0, 0.0)	(94.0, 0.0)	(95.0, 0.0)	(96.0, 0.0)	(97.0, 0.25)	(98.0, 0.0)	(99.0, 0.0)	(100.0, 0.0)
SRR5515476_1	(0.0, 0.0)	(1.0, 0.0)	(2.0, 0.0)	(3.0, 0.0)	(4.0, 0.0)	(5.0, 0.0)	(6.0, 0.0)	(7.0, 0.0)	(8.0, 0.0)	(9.0, 0.0)	(10.0, 0.0)	(11.0, 0.0)	(12.0, 0.0)	(13.0, 0.0)	(14.0, 0.0)	(15.0, 0.0)	(16.0, 0.0)	(17.0, 0.0)	(18.0, 0.0)	(19.0, 0.0)	(20.0, 0.0)	(21.0, 0.0)	(22.0, 0.0)	(23.0, 0.0)	(24.0, 0.0)	(25.0, 0.25)	(26.0, 0.25)	(27.0, 0.0)	(28.0, 0.0)	(29.0, 0.0)	(30.0, 0.0)	(31.0, 0.0)	(32.0, 0.0)	(33.0, 0.0)	(34.0, 0.0)	(35.0, 0.0)	(36.0, 0.0)	(37.0, 0.0)	(38.0, 0.0)	(39.0, 0.25)	(40.0, 0.0)	(41.0, 0.0)	(42.0, 0.25)	(43.0, 0.0)	(44.0, 0.0)	(45.0, 0.0)	(46.0, 1.25)	(47.0, 5.75)	(48.0, 5.5)	(49.0, 11.25)	(50.0, 34.5)	(51.0, 281.75)	(52.0, 576.0)	(53.0, 599.25)	(54.0, 613.75)	(55.0, 561.0)	(56.0, 574.5)	(57.0, 360.0)	(58.0, 171.75)	(59.0, 319.5)	(60.0, 191.25)	(61.0, 55.25)	(62.0, 42.5)	(63.0, 8.0)	(64.0, 4.0)	(65.0, 7.75)	(66.0, 4.25)	(67.0, 1.0)	(68.0, 1.0)	(69.0, 0.0)	(70.0, 0.0)	(71.0, 0.0)	(72.0, 0.0)	(73.0, 0.0)	(74.0, 0.0)	(75.0, 0.0)	(76.0, 0.0)	(77.0, 0.0)	(78.0, 0.0)	(79.0, 0.0)	(80.0, 0.0)	(81.0, 0.0)	(82.0, 0.0)	(83.0, 0.0)	(84.0, 0.0)	(85.0, 0.0)	(86.0, 0.0)	(87.0, 0.0)	(88.0, 0.0)	(89.0, 0.0)	(90.0, 0.0)	(91.0, 0.0)	(92.0, 0.0)	(93.0, 0.0)	(94.0, 0.0)	(95.0, 0.0)	(96.0, 0.0)	(97.0, 0.0)	(98.0, 0.0)	(99.0, 0.0)	(100.0, 0.0)
SRR5515476_2	(0.0, 0.0)	(1.0, 0.0)	(2.0, 0.0)	(3.0, 0.0)	(4.0, 0.0)	(5.0, 0.0)	(6.0, 0.0)	(7.0, 0.0)	(8.0, 0.0)	(9.0, 0.0)	(10.0, 0.0)	(11.0, 0.0)	(12.0, 0.0)	(13.0, 0.0)	(14.0, 0.0)	(15.0, 0.0)	(16.0, 0.0)	(17.0, 0.0)	(18.0, 0.0)	(19.0, 0.0)	(20.0, 0.0)	(21.0, 0.0)	(22.0, 0.0)	(23.0, 0.0)	(24.0, 0.0)	(25.0, 0.0)	(26.0, 0.0)	(27.0, 0.0)	(28.0, 0.0)	(29.0, 0.0)	(30.0, 0.0)	(31.0, 0.0)	(32.0, 0.0)	(33.0, 0.0)	(34.0, 0.0)	(35.0, 0.0)	(36.0, 0.0)	(37.0, 0.0)	(38.0, 0.0)	(39.0, 0.0)	(40.0, 0.25)	(41.0, 0.25)	(42.0, 0.25)	(43.0, 1.0)	(44.0, 7.25)	(45.0, 8.5)	(46.0, 11.5)	(47.0, 30.75)	(48.0, 35.5)	(49.0, 36.5)	(50.0, 134.25)	(51.0, 348.75)	(52.0, 413.75)	(53.0, 439.75)	(54.0, 379.5)	(55.0, 308.0)	(56.0, 371.5)	(57.0, 400.25)	(58.0, 329.0)	(59.0, 228.0)	(60.0, 144.5)	(61.0, 118.25)	(62.0, 137.25)	(63.0, 169.25)	(64.0, 150.0)	(65.0, 84.0)	(66.0, 33.5)	(67.0, 15.25)	(68.0, 7.0)	(69.0, 5.5)	(70.0, 3.5)	(71.0, 1.5)	(72.0, 1.75)	(73.0, 1.25)	(74.0, 0.5)	(75.0, 0.25)	(76.0, 0.0)	(77.0, 0.0)	(78.0, 0.25)	(79.0, 0.0)	(80.0, 0.0)	(81.0, 0.0)	(82.0, 0.0)	(83.0, 0.0)	(84.0, 0.0)	(85.0, 0.0)	(86.0, 0.0)	(87.0, 0.0)	(88.0, 0.0)	(89.0, 0.0)	(90.0, 0.0)	(91.0, 0.0)	(92.0, 0.0)	(93.0, 0.0)	(94.0, 0.0)	(95.0, 0.0)	(96.0, 0.0)	(97.0, 0.0)	(98.0, 0.0)	(99.0, 0.0)	(100.0, 0.0)
SRR5515477_1	(0.0, 0.0)	(1.0, 0.0)	(2.0, 0.0)	(3.0, 0.0)	(4.0, 0.0)	(5.0, 0.0)	(6.0, 0.0)	(7.0, 0.0)	(8.0, 0.0)	(9.0, 0.0)	(10.0, 0.0)	(11.0, 0.0)	(12.0, 0.0)	(13.0, 0.0)	(14.0, 0.0)	(15.0, 0.0)	(16.0, 0.0)	(17.0, 0.0)	(18.0, 0.0)	(19.0, 0.0)	(20.0, 0.0)	(21.0, 0.0)	(22.0, 0.0)	(23.0, 0.0)	(24.0, 0.0)	(25.0, 0.0)	(26.0, 0.0)	(27.0, 0.0)	(28.0, 0.0)	(29.0, 0.0)	(30.0, 0.0)	(31.0, 0.0)	(32.0, 0.0)	(33.0, 0.0)	(34.0, 0.0)	(35.0, 0.0)	(36.0, 0.0)	(37.0, 0.0)	(38.0, 0.0)	(39.0, 0.0)	(40.0, 0.25)	(41.0, 0.25)	(42.0, 0.25)	(43.0, 0.5)	(44.0, 0.0)	(45.0, 0.5)	(46.0, 1.0)	(47.0, 3.0)	(48.0, 28.0)	(49.0, 37.75)	(50.0, 39.0)	(51.0, 241.0)	(52.0, 343.0)	(53.0, 375.5)	(54.0, 470.0)	(55.0, 420.0)	(56.0, 426.25)	(57.0, 301.0)	(58.0, 146.5)	(59.0, 129.25)	(60.0, 64.0)	(61.0, 14.0)	(62.0, 3.25)	(63.0, 1.25)	(64.0, 5.75)	(65.0, 5.5)	(66.0, 5.75)	(67.0, 2.25)	(68.0, 1.5)	(69.0, 0.5)	(70.0, 0.0)	(71.0, 0.0)	(72.0, 0.0)	(73.0, 0.0)	(74.0, 0.0)	(75.0, 0.0)	(76.0, 0.0)	(77.0, 0.0)	(78.0, 0.0)	(79.0, 0.0)	(80.0, 0.0)	(81.0, 0.0)	(82.0, 0.0)	(83.0, 0.0)	(84.0, 0.0)	(85.0, 0.0)	(86.0, 0.0)	(87.0, 0.0)	(88.0, 0.0)	(89.0, 0.0)	(90.0, 0.0)	(91.0, 0.0)	(92.0, 0.0)	(93.0, 0.0)	(94.0, 0.0)	(95.0, 0.0)	(96.0, 0.0)	(97.0, 0.0)	(98.0, 0.0)	(99.0, 0.0)	(100.0, 0.0)
SRR5515477_2	(0.0, 0.0)	(1.0, 0.0)	(2.0, 0.0)	(3.0, 0.0)	(4.0, 0.0)	(5.0, 0.0)	(6.0, 0.0)	(7.0, 0.0)	(8.0, 0.0)	(9.0, 0.0)	(10.0, 0.0)	(11.0, 0.0)	(12.0, 0.0)	(13.0, 0.0)	(14.0, 0.0)	(15.0, 0.0)	(16.0, 0.0)	(17.0, 0.0)	(18.0, 0.0)	(19.0, 0.0)	(20.0, 0.0)	(21.0, 0.0)	(22.0, 0.0)	(23.0, 0.0)	(24.0, 0.0)	(25.0, 0.0)	(26.0, 0.0)	(27.0, 0.0)	(28.0, 0.0)	(29.0, 0.0)	(30.0, 0.0)	(31.0, 0.0)	(32.0, 0.0)	(33.0, 0.0)	(34.0, 0.0)	(35.0, 0.0)	(36.0, 0.0)	(37.0, 0.25)	(38.0, 0.0)	(39.0, 0.0)	(40.0, 0.0)	(41.0, 0.25)	(42.0, 0.5)	(43.0, 0.5)	(44.0, 4.0)	(45.0, 18.0)	(46.0, 27.5)	(47.0, 15.5)	(48.0, 27.25)	(49.0, 62.25)	(50.0, 94.25)	(51.0, 135.25)	(52.0, 216.5)	(53.0, 333.75)	(54.0, 332.0)	(55.0, 256.75)	(56.0, 268.0)	(57.0, 310.0)	(58.0, 242.75)	(59.0, 167.0)	(60.0, 121.5)	(61.0, 92.25)	(62.0, 67.25)	(63.0, 78.75)	(64.0, 77.5)	(65.0, 51.75)	(66.0, 26.75)	(67.0, 13.5)	(68.0, 8.25)	(69.0, 5.5)	(70.0, 2.75)	(71.0, 3.25)	(72.0, 2.25)	(73.0, 0.25)	(74.0, 0.0)	(75.0, 0.0)	(76.0, 0.25)	(77.0, 0.0)	(78.0, 0.0)	(79.0, 0.0)	(80.0, 0.0)	(81.0, 0.0)	(82.0, 0.0)	(83.0, 0.0)	(84.0, 0.0)	(85.0, 0.0)	(86.0, 0.0)	(87.0, 0.0)	(88.0, 0.0)	(89.0, 0.0)	(90.0, 0.0)	(91.0, 0.0)	(92.0, 0.0)	(93.0, 0.0)	(94.0, 0.0)	(95.0, 0.0)	(96.0, 0.0)	(97.0, 0.0)	(98.0, 0.0)	(99.0, 0.0)	(100.0, 0.0)
SRR5515478_1	(0.0, 0.0)	(1.0, 0.0)	(2.0, 0.0)	(3.0, 0.0)	(4.0, 0.0)	(5.0, 0.0)	(6.0, 0.0)	(7.0, 0.0)	(8.0, 0.0)	(9.0, 0.0)	(10.0, 0.0)	(11.0, 0.0)	(12.0, 0.0)	(13.0, 0.0)	(14.0, 0.0)	(15.0, 0.0)	(16.0, 0.0)	(17.0, 0.0)	(18.0, 0.0)	(19.0, 0.0)	(20.0, 0.0)	(21.0, 0.0)	(22.0, 0.0)	(23.0, 0.0)	(24.0, 0.0)	(25.0, 0.0)	(26.0, 0.0)	(27.0, 0.0)	(28.0, 0.0)	(29.0, 0.0)	(30.0, 0.0)	(31.0, 0.0)	(32.0, 0.0)	(33.0, 0.0)	(34.0, 0.25)	(35.0, 0.0)	(36.0, 0.0)	(37.0, 0.0)	(38.0, 0.25)	(39.0, 0.5)	(40.0, 0.0)	(41.0, 0.25)	(42.0, 0.0)	(43.0, 0.0)	(44.0, 0.0)	(45.0, 0.25)	(46.0, 1.5)	(47.0, 7.25)	(48.0, 13.25)	(49.0, 25.75)	(50.0, 54.5)	(51.0, 205.75)	(52.0, 305.0)	(53.0, 302.0)	(54.0, 456.5)	(55.0, 398.75)	(56.0, 292.0)	(57.0, 154.5)	(58.0, 128.5)	(59.0, 112.0)	(60.0, 80.75)	(61.0, 28.75)	(62.0, 11.5)	(63.0, 2.75)	(64.0, 8.0)	(65.0, 10.0)	(66.0, 2.75)	(67.0, 1.0)	(68.0, 0.25)	(69.0, 0.0)	(70.0, 0.0)	(71.0, 0.0)	(72.0, 0.0)	(73.0, 0.0)	(74.0, 0.0)	(75.0, 0.0)	(76.0, 0.0)	(77.0, 0.0)	(78.0, 0.0)	(79.0, 0.0)	(80.0, 0.0)	(81.0, 0.0)	(82.0, 0.0)	(83.0, 0.0)	(84.0, 0.0)	(85.0, 0.0)	(86.0, 0.0)	(87.0, 0.0)	(88.0, 0.0)	(89.0, 0.0)	(90.0, 0.0)	(91.0, 0.0)	(92.0, 0.0)	(93.0, 0.0)	(94.0, 0.0)	(95.0, 0.0)	(96.0, 0.0)	(97.0, 0.0)	(98.0, 0.0)	(99.0, 0.0)	(100.0, 0.0)
SRR5515478_2	(0.0, 0.0)	(1.0, 0.0)	(2.0, 0.0)	(3.0, 0.0)	(4.0, 0.0)	(5.0, 0.0)	(6.0, 0.0)	(7.0, 0.0)	(8.0, 0.0)	(9.0, 0.0)	(10.0, 0.0)	(11.0, 0.0)	(12.0, 0.0)	(13.0, 0.0)	(14.0, 0.0)	(15.0, 0.0)	(16.0, 0.0)	(17.0, 0.0)	(18.0, 0.0)	(19.0, 0.0)	(20.0, 0.0)	(21.0, 0.0)	(22.0, 0.0)	(23.0, 0.0)	(24.0, 0.0)	(25.0, 0.0)	(26.0, 0.0)	(27.0, 0.0)	(28.0, 0.0)	(29.0, 0.0)	(30.0, 0.0)	(31.0, 0.0)	(32.0, 0.0)	(33.0, 0.0)	(34.0, 0.0)	(35.0, 0.25)	(36.0, 0.0)	(37.0, 0.0)	(38.0, 0.5)	(39.0, 0.5)	(40.0, 0.25)	(41.0, 0.25)	(42.0, 1.0)	(43.0, 0.25)	(44.0, 2.25)	(45.0, 12.25)	(46.0, 28.0)	(47.0, 32.25)	(48.0, 35.0)	(49.0, 41.75)	(50.0, 92.75)	(51.0, 164.0)	(52.0, 221.5)	(53.0, 274.25)	(54.0, 277.0)	(55.0, 243.0)	(56.0, 242.25)	(57.0, 230.5)	(58.0, 170.5)	(59.0, 118.25)	(60.0, 75.75)	(61.0, 71.5)	(62.0, 65.25)	(63.0, 75.25)	(64.0, 60.0)	(65.0, 36.0)	(66.0, 15.25)	(67.0, 9.0)	(68.0, 6.25)	(69.0, 4.5)	(70.0, 2.0)	(71.0, 2.25)	(72.0, 0.75)	(73.0, 0.75)	(74.0, 0.0)	(75.0, 0.25)	(76.0, 0.0)	(77.0, 0.0)	(78.0, 0.0)	(79.0, 0.25)	(80.0, 0.0)	(81.0, 0.0)	(82.0, 0.0)	(83.0, 0.0)	(84.0, 0.0)	(85.0, 0.0)	(86.0, 0.0)	(87.0, 0.0)	(88.0, 0.0)	(89.0, 0.0)	(90.0, 0.0)	(91.0, 0.0)	(92.0, 0.0)	(93.0, 0.0)	(94.0, 0.0)	(95.0, 0.0)	(96.0, 0.0)	(97.0, 0.0)	(98.0, 0.0)	(99.0, 0.0)	(100.0, 0.0)
SRR5515479_1	(0.0, 0.0)	(1.0, 0.0)	(2.0, 0.0)	(3.0, 0.0)	(4.0, 0.0)	(5.0, 0.0)	(6.0, 0.0)	(7.0, 0.0)	(8.0, 0.0)	(9.0, 0.0)	(10.0, 0.0)	(11.0, 0.0)	(12.0, 0.0)	(13.0, 0.0)	(14.0, 0.0)	(15.0, 0.0)	(16.0, 0.0)	(17.0, 0.0)	(18.0, 0.0)	(19.0, 0.0)	(20.0, 0.0)	(21.0, 0.0)	(22.0, 0.0)	(23.0, 0.0)	(24.0, 0.0)	(25.0, 0.0)	(26.0, 0.0)	(27.0, 0.0)	(28.0, 0.0)	(29.0, 0.0)	(30.0, 0.0)	(31.0, 0.0)	(32.0, 0.0)	(33.0, 0.0)	(34.0, 0.0)	(35.0, 0.0)	(36.0, 0.0)	(37.0, 0.0)	(38.0, 0.0)	(39.0, 0.25)	(40.0, 0.0)	(41.0, 0.0)	(42.0, 0.25)	(43.0, 0.25)	(44.0, 0.25)	(45.0, 0.75)	(46.0, 1.5)	(47.0, 3.5)	(48.0, 22.75)	(49.0, 32.0)	(50.0, 56.25)	(51.0, 404.25)	(52.0, 641.5)	(53.0, 432.0)	(54.0, 457.25)	(55.0, 422.25)	(56.0, 424.0)	(57.0, 257.0)	(58.0, 157.0)	(59.0, 145.75)	(60.0, 76.25)	(61.0, 15.0)	(62.0, 3.75)	(63.0, 2.25)	(64.0, 7.75)	(65.0, 10.25)	(66.0, 2.25)	(67.0, 0.25)	(68.0, 0.5)	(69.0, 0.25)	(70.0, 0.0)	(71.0, 0.0)	(72.0, 0.0)	(73.0, 0.0)	(74.0, 0.0)	(75.0, 0.0)	(76.0, 0.0)	(77.0, 0.0)	(78.0, 0.0)	(79.0, 0.0)	(80.0, 0.0)	(81.0, 0.0)	(82.0, 0.0)	(83.0, 0.0)	(84.0, 0.0)	(85.0, 0.0)	(86.0, 0.0)	(87.0, 0.0)	(88.0, 0.0)	(89.0, 0.0)	(90.0, 0.0)	(91.0, 0.0)	(92.0, 0.0)	(93.0, 0.0)	(94.0, 0.0)	(95.0, 0.0)	(96.0, 0.0)	(97.0, 0.0)	(98.0, 0.0)	(99.0, 0.0)	(100.0, 0.0)
SRR5515479_2	(0.0, 0.0)	(1.0, 0.0)	(2.0, 0.0)	(3.0, 0.0)	(4.0, 0.0)	(5.0, 0.0)	(6.0, 0.0)	(7.0, 0.0)	(8.0, 0.0)	(9.0, 0.0)	(10.0, 0.0)	(11.0, 0.0)	(12.0, 0.0)	(13.0, 0.0)	(14.0, 0.0)	(15.0, 0.0)	(16.0, 0.0)	(17.0, 0.0)	(18.0, 0.0)	(19.0, 0.0)	(20.0, 0.0)	(21.0, 0.0)	(22.0, 0.0)	(23.0, 0.0)	(24.0, 0.0)	(25.0, 0.0)	(26.0, 0.0)	(27.0, 0.0)	(28.0, 0.0)	(29.0, 0.0)	(30.0, 0.0)	(31.0, 0.0)	(32.0, 0.0)	(33.0, 0.0)	(34.0, 0.0)	(35.0, 0.0)	(36.0, 0.0)	(37.0, 0.0)	(38.0, 0.25)	(39.0, 0.25)	(40.0, 0.25)	(41.0, 0.25)	(42.0, 0.5)	(43.0, 0.75)	(44.0, 4.75)	(45.0, 11.0)	(46.0, 20.75)	(47.0, 30.25)	(48.0, 28.75)	(49.0, 42.0)	(50.0, 99.5)	(51.0, 202.5)	(52.0, 337.5)	(53.0, 555.0)	(54.0, 445.25)	(55.0, 302.25)	(56.0, 288.75)	(57.0, 301.75)	(58.0, 217.0)	(59.0, 152.75)	(60.0, 101.5)	(61.0, 72.75)	(62.0, 67.0)	(63.0, 69.75)	(64.0, 62.25)	(65.0, 33.75)	(66.0, 19.0)	(67.0, 10.5)	(68.0, 7.25)	(69.0, 4.5)	(70.0, 2.5)	(71.0, 1.5)	(72.0, 1.25)	(73.0, 0.5)	(74.0, 0.25)	(75.0, 0.0)	(76.0, 0.0)	(77.0, 0.0)	(78.0, 0.0)	(79.0, 0.0)	(80.0, 0.0)	(81.0, 0.0)	(82.0, 0.0)	(83.0, 0.0)	(84.0, 0.0)	(85.0, 0.0)	(86.0, 0.0)	(87.0, 0.0)	(88.0, 0.0)	(89.0, 0.25)	(90.0, 0.0)	(91.0, 0.25)	(92.0, 0.0)	(93.0, 0.0)	(94.0, 0.0)	(95.0, 0.0)	(96.0, 0.0)	(97.0, 0.0)	(98.0, 0.0)	(99.0, 0.0)	(100.0, 0.0)
SRR5515480_1	(0.0, 0.0)	(1.0, 0.0)	(2.0, 0.0)	(3.0, 0.0)	(4.0, 0.0)	(5.0, 0.0)	(6.0, 0.0)	(7.0, 0.0)	(8.0, 0.0)	(9.0, 0.0)	(10.0, 0.0)	(11.0, 0.0)	(12.0, 0.0)	(13.0, 0.0)	(14.0, 0.0)	(15.0, 0.0)	(16.0, 0.0)	(17.0, 0.0)	(18.0, 0.0)	(19.0, 0.0)	(20.0, 0.0)	(21.0, 0.0)	(22.0, 0.0)	(23.0, 0.0)	(24.0, 0.0)	(25.0, 0.0)	(26.0, 0.0)	(27.0, 0.0)	(28.0, 0.0)	(29.0, 0.0)	(30.0, 0.0)	(31.0, 0.0)	(32.0, 0.25)	(33.0, 0.0)	(34.0, 0.0)	(35.0, 0.0)	(36.0, 0.0)	(37.0, 0.0)	(38.0, 0.0)	(39.0, 0.0)	(40.0, 0.25)	(41.0, 0.25)	(42.0, 0.0)	(43.0, 0.25)	(44.0, 0.5)	(45.0, 0.5)	(46.0, 0.5)	(47.0, 2.75)	(48.0, 3.5)	(49.0, 15.75)	(50.0, 101.25)	(51.0, 554.75)	(52.0, 669.0)	(53.0, 299.75)	(54.0, 407.75)	(55.0, 465.25)	(56.0, 453.25)	(57.0, 135.75)	(58.0, 74.0)	(59.0, 35.25)	(60.0, 15.5)	(61.0, 2.75)	(62.0, 2.25)	(63.0, 1.0)	(64.0, 1.75)	(65.0, 2.25)	(66.0, 1.75)	(67.0, 0.5)	(68.0, 0.25)	(69.0, 0.75)	(70.0, 0.25)	(71.0, 0.0)	(72.0, 0.0)	(73.0, 0.0)	(74.0, 0.0)	(75.0, 0.0)	(76.0, 0.0)	(77.0, 0.0)	(78.0, 0.0)	(79.0, 0.0)	(80.0, 0.0)	(81.0, 0.0)	(82.0, 0.0)	(83.0, 0.0)	(84.0, 0.0)	(85.0, 0.0)	(86.0, 0.0)	(87.0, 0.0)	(88.0, 0.0)	(89.0, 0.0)	(90.0, 0.0)	(91.0, 0.0)	(92.0, 0.0)	(93.0, 0.0)	(94.0, 0.0)	(95.0, 0.0)	(96.0, 0.0)	(97.0, 0.0)	(98.0, 0.0)	(99.0, 0.0)	(100.0, 0.0)
SRR5515480_2	(0.0, 0.0)	(1.0, 0.0)	(2.0, 0.0)	(3.0, 0.0)	(4.0, 0.0)	(5.0, 0.0)	(6.0, 0.0)	(7.0, 0.0)	(8.0, 0.0)	(9.0, 0.0)	(10.0, 0.0)	(11.0, 0.0)	(12.0, 0.0)	(13.0, 0.0)	(14.0, 0.0)	(15.0, 0.0)	(16.0, 0.0)	(17.0, 0.0)	(18.0, 0.0)	(19.0, 0.0)	(20.0, 0.0)	(21.0, 0.0)	(22.0, 0.0)	(23.0, 0.0)	(24.0, 0.0)	(25.0, 0.0)	(26.0, 0.0)	(27.0, 0.0)	(28.0, 0.0)	(29.0, 0.0)	(30.0, 0.0)	(31.0, 0.0)	(32.0, 0.0)	(33.0, 0.0)	(34.0, 0.0)	(35.0, 0.0)	(36.0, 0.0)	(37.0, 0.0)	(38.0, 0.0)	(39.0, 0.25)	(40.0, 0.5)	(41.0, 0.25)	(42.0, 0.25)	(43.0, 0.25)	(44.0, 0.25)	(45.0, 1.75)	(46.0, 12.75)	(47.0, 32.75)	(48.0, 38.75)	(49.0, 39.75)	(50.0, 89.0)	(51.0, 276.25)	(52.0, 518.5)	(53.0, 477.75)	(54.0, 431.0)	(55.0, 426.25)	(56.0, 307.75)	(57.0, 206.75)	(58.0, 141.0)	(59.0, 102.25)	(60.0, 63.0)	(61.0, 32.25)	(62.0, 15.75)	(63.0, 11.0)	(64.0, 7.25)	(65.0, 4.75)	(66.0, 3.25)	(67.0, 2.5)	(68.0, 1.75)	(69.0, 1.5)	(70.0, 1.5)	(71.0, 0.5)	(72.0, 0.0)	(73.0, 0.25)	(74.0, 0.5)	(75.0, 0.0)	(76.0, 0.25)	(77.0, 0.0)	(78.0, 0.0)	(79.0, 0.0)	(80.0, 0.0)	(81.0, 0.0)	(82.0, 0.0)	(83.0, 0.0)	(84.0, 0.0)	(85.0, 0.0)	(86.0, 0.0)	(87.0, 0.0)	(88.0, 0.0)	(89.0, 0.0)	(90.0, 0.0)	(91.0, 0.0)	(92.0, 0.0)	(93.0, 0.0)	(94.0, 0.0)	(95.0, 0.0)	(96.0, 0.0)	(97.0, 0.0)	(98.0, 0.0)	(99.0, 0.0)	(100.0, 0.0)
SRR5515481_1	(0.0, 0.0)	(1.0, 0.0)	(2.0, 0.0)	(3.0, 0.0)	(4.0, 0.0)	(5.0, 0.0)	(6.0, 0.0)	(7.0, 0.0)	(8.0, 0.0)	(9.0, 0.0)	(10.0, 0.0)	(11.0, 0.0)	(12.0, 0.0)	(13.0, 0.0)	(14.0, 0.0)	(15.0, 0.0)	(16.0, 0.0)	(17.0, 0.0)	(18.0, 0.0)	(19.0, 0.0)	(20.0, 0.0)	(21.0, 0.0)	(22.0, 0.0)	(23.0, 0.0)	(24.0, 0.0)	(25.0, 0.0)	(26.0, 0.0)	(27.0, 0.0)	(28.0, 0.0)	(29.0, 0.0)	(30.0, 0.0)	(31.0, 0.0)	(32.0, 0.0)	(33.0, 0.0)	(34.0, 0.0)	(35.0, 0.0)	(36.0, 0.25)	(37.0, 0.25)	(38.0, 0.25)	(39.0, 0.0)	(40.0, 0.25)	(41.0, 0.25)	(42.0, 0.25)	(43.0, 0.25)	(44.0, 0.25)	(45.0, 1.0)	(46.0, 4.25)	(47.0, 19.25)	(48.0, 15.5)	(49.0, 31.25)	(50.0, 57.25)	(51.0, 405.0)	(52.0, 707.75)	(53.0, 535.75)	(54.0, 568.25)	(55.0, 572.5)	(56.0, 593.25)	(57.0, 300.75)	(58.0, 203.25)	(59.0, 283.5)	(60.0, 210.5)	(61.0, 49.25)	(62.0, 20.25)	(63.0, 4.0)	(64.0, 5.0)	(65.0, 6.0)	(66.0, 5.5)	(67.0, 2.0)	(68.0, 0.25)	(69.0, 0.0)	(70.0, 0.0)	(71.0, 0.0)	(72.0, 0.0)	(73.0, 0.0)	(74.0, 0.0)	(75.0, 0.0)	(76.0, 0.0)	(77.0, 0.0)	(78.0, 0.0)	(79.0, 0.0)	(80.0, 0.0)	(81.0, 0.0)	(82.0, 0.0)	(83.0, 0.0)	(84.0, 0.0)	(85.0, 0.0)	(86.0, 0.0)	(87.0, 0.0)	(88.0, 0.0)	(89.0, 0.0)	(90.0, 0.0)	(91.0, 0.0)	(92.0, 0.0)	(93.0, 0.0)	(94.0, 0.0)	(95.0, 0.0)	(96.0, 0.0)	(97.0, 0.0)	(98.0, 0.0)	(99.0, 0.0)	(100.0, 0.0)
SRR5515481_2	(0.0, 0.0)	(1.0, 0.0)	(2.0, 0.0)	(3.0, 0.0)	(4.0, 0.0)	(5.0, 0.0)	(6.0, 0.0)	(7.0, 0.0)	(8.0, 0.0)	(9.0, 0.0)	(10.0, 0.0)	(11.0, 0.0)	(12.0, 0.0)	(13.0, 0.0)	(14.0, 0.0)	(15.0, 0.0)	(16.0, 0.0)	(17.0, 0.0)	(18.0, 0.0)	(19.0, 0.0)	(20.0, 0.0)	(21.0, 0.0)	(22.0, 0.0)	(23.0, 0.0)	(24.0, 0.0)	(25.0, 0.0)	(26.0, 0.0)	(27.0, 0.0)	(28.0, 0.0)	(29.0, 0.0)	(30.0, 0.0)	(31.0, 0.0)	(32.0, 0.0)	(33.0, 0.0)	(34.0, 0.25)	(35.0, 0.25)	(36.0, 0.25)	(37.0, 0.25)	(38.0, 0.25)	(39.0, 0.25)	(40.0, 0.25)	(41.0, 0.0)	(42.0, 0.75)	(43.0, 1.5)	(44.0, 6.0)	(45.0, 14.75)	(46.0, 27.0)	(47.0, 50.25)	(48.0, 72.0)	(49.0, 62.75)	(50.0, 96.0)	(51.0, 259.25)	(52.0, 450.25)	(53.0, 568.0)	(54.0, 538.25)	(55.0, 400.0)	(56.0, 338.0)	(57.0, 333.75)	(58.0, 288.75)	(59.0, 190.75)	(60.0, 120.75)	(61.0, 116.5)	(62.0, 150.5)	(63.0, 161.75)	(64.0, 136.0)	(65.0, 85.75)	(66.0, 45.5)	(67.0, 20.75)	(68.0, 11.75)	(69.0, 6.25)	(70.0, 3.75)	(71.0, 1.0)	(72.0, 1.5)	(73.0, 1.75)	(74.0, 1.5)	(75.0, 0.0)	(76.0, 0.0)	(77.0, 0.0)	(78.0, 0.25)	(79.0, 0.5)	(80.0, 0.0)	(81.0, 0.0)	(82.0, 0.0)	(83.0, 0.0)	(84.0, 0.0)	(85.0, 0.0)	(86.0, 0.0)	(87.0, 0.0)	(88.0, 0.0)	(89.0, 0.0)	(90.0, 0.0)	(91.0, 0.0)	(92.0, 0.0)	(93.0, 0.0)	(94.0, 0.0)	(95.0, 0.0)	(96.0, 0.0)	(97.0, 0.0)	(98.0, 0.0)	(99.0, 0.0)	(100.0, 0.0)
SRR5515482_1	(0.0, 0.0)	(1.0, 0.0)	(2.0, 0.0)	(3.0, 0.0)	(4.0, 0.0)	(5.0, 0.0)	(6.0, 0.0)	(7.0, 0.0)	(8.0, 0.0)	(9.0, 0.0)	(10.0, 0.0)	(11.0, 0.0)	(12.0, 0.0)	(13.0, 0.0)	(14.0, 0.0)	(15.0, 0.0)	(16.0, 0.0)	(17.0, 0.0)	(18.0, 0.0)	(19.0, 0.0)	(20.0, 0.0)	(21.0, 0.0)	(22.0, 0.0)	(23.0, 0.0)	(24.0, 0.0)	(25.0, 0.0)	(26.0, 0.0)	(27.0, 0.0)	(28.0, 0.0)	(29.0, 0.0)	(30.0, 0.0)	(31.0, 0.0)	(32.0, 0.0)	(33.0, 0.0)	(34.0, 0.25)	(35.0, 0.0)	(36.0, 0.0)	(37.0, 0.0)	(38.0, 0.25)	(39.0, 0.0)	(40.0, 0.0)	(41.0, 0.0)	(42.0, 0.0)	(43.0, 0.25)	(44.0, 0.25)	(45.0, 0.5)	(46.0, 0.5)	(47.0, 8.25)	(48.0, 14.0)	(49.0, 28.5)	(50.0, 90.5)	(51.0, 202.75)	(52.0, 292.5)	(53.0, 354.5)	(54.0, 817.0)	(55.0, 562.0)	(56.0, 303.75)	(57.0, 199.75)	(58.0, 210.25)	(59.0, 300.75)	(60.0, 117.25)	(61.0, 40.75)	(62.0, 15.75)	(63.0, 4.0)	(64.0, 3.5)	(65.0, 5.5)	(66.0, 8.0)	(67.0, 4.75)	(68.0, 1.5)	(69.0, 0.25)	(70.0, 0.0)	(71.0, 0.0)	(72.0, 0.0)	(73.0, 0.0)	(74.0, 0.0)	(75.0, 0.0)	(76.0, 0.0)	(77.0, 0.0)	(78.0, 0.0)	(79.0, 0.0)	(80.0, 0.0)	(81.0, 0.0)	(82.0, 0.0)	(83.0, 0.0)	(84.0, 0.0)	(85.0, 0.0)	(86.0, 0.0)	(87.0, 0.0)	(88.0, 0.0)	(89.0, 0.0)	(90.0, 0.0)	(91.0, 0.0)	(92.0, 0.0)	(93.0, 0.0)	(94.0, 0.0)	(95.0, 0.0)	(96.0, 0.0)	(97.0, 0.0)	(98.0, 0.0)	(99.0, 0.0)	(100.0, 0.0)
SRR5515482_2	(0.0, 0.0)	(1.0, 0.0)	(2.0, 0.0)	(3.0, 0.0)	(4.0, 0.0)	(5.0, 0.0)	(6.0, 0.0)	(7.0, 0.0)	(8.0, 0.0)	(9.0, 0.0)	(10.0, 0.0)	(11.0, 0.0)	(12.0, 0.0)	(13.0, 0.0)	(14.0, 0.0)	(15.0, 0.0)	(16.0, 0.0)	(17.0, 0.0)	(18.0, 0.0)	(19.0, 0.0)	(20.0, 0.0)	(21.0, 0.0)	(22.0, 0.0)	(23.0, 0.0)	(24.0, 0.0)	(25.0, 0.0)	(26.0, 0.0)	(27.0, 0.0)	(28.0, 0.0)	(29.0, 0.0)	(30.0, 0.0)	(31.0, 0.0)	(32.0, 0.0)	(33.0, 0.0)	(34.0, 0.0)	(35.0, 0.0)	(36.0, 0.0)	(37.0, 0.25)	(38.0, 0.0)	(39.0, 0.25)	(40.0, 0.0)	(41.0, 0.0)	(42.0, 1.5)	(43.0, 3.75)	(44.0, 5.75)	(45.0, 9.5)	(46.0, 15.0)	(47.0, 28.0)	(48.0, 54.0)	(49.0, 91.75)	(50.0, 107.0)	(51.0, 171.25)	(52.0, 278.75)	(53.0, 307.5)	(54.0, 319.75)	(55.0, 288.5)	(56.0, 408.75)	(57.0, 419.0)	(58.0, 245.5)	(59.0, 128.0)	(60.0, 86.0)	(61.0, 62.0)	(62.0, 78.0)	(63.0, 129.5)	(64.0, 155.0)	(65.0, 116.0)	(66.0, 63.5)	(67.0, 28.0)	(68.0, 14.5)	(69.0, 8.25)	(70.0, 4.5)	(71.0, 4.0)	(72.0, 4.5)	(73.0, 2.0)	(74.0, 0.5)	(75.0, 0.0)	(76.0, 0.25)	(77.0, 0.0)	(78.0, 0.0)	(79.0, 0.25)	(80.0, 0.0)	(81.0, 0.0)	(82.0, 0.25)	(83.0, 0.0)	(84.0, 0.0)	(85.0, 0.0)	(86.0, 0.0)	(87.0, 0.0)	(88.0, 0.0)	(89.0, 0.0)	(90.0, 0.0)	(91.0, 0.0)	(92.0, 0.0)	(93.0, 0.0)	(94.0, 0.0)	(95.0, 0.0)	(96.0, 0.0)	(97.0, 0.0)	(98.0, 0.0)	(99.0, 0.0)	(100.0, 0.0)
SRR5515483_1	(0.0, 0.0)	(1.0, 0.0)	(2.0, 0.0)	(3.0, 0.0)	(4.0, 0.0)	(5.0, 0.0)	(6.0, 0.0)	(7.0, 0.0)	(8.0, 0.0)	(9.0, 0.0)	(10.0, 0.0)	(11.0, 0.0)	(12.0, 0.0)	(13.0, 0.0)	(14.0, 0.0)	(15.0, 0.0)	(16.0, 0.0)	(17.0, 0.0)	(18.0, 0.0)	(19.0, 0.0)	(20.0, 0.0)	(21.0, 0.0)	(22.0, 0.0)	(23.0, 0.0)	(24.0, 0.0)	(25.0, 0.0)	(26.0, 0.0)	(27.0, 0.0)	(28.0, 0.0)	(29.0, 0.0)	(30.0, 0.0)	(31.0, 0.0)	(32.0, 0.0)	(33.0, 0.0)	(34.0, 0.0)	(35.0, 0.0)	(36.0, 0.0)	(37.0, 0.0)	(38.0, 0.0)	(39.0, 0.25)	(40.0, 0.25)	(41.0, 0.0)	(42.0, 0.0)	(43.0, 0.0)	(44.0, 0.25)	(45.0, 0.5)	(46.0, 1.0)	(47.0, 3.75)	(48.0, 13.0)	(49.0, 16.75)	(50.0, 62.25)	(51.0, 359.5)	(52.0, 592.5)	(53.0, 555.5)	(54.0, 511.25)	(55.0, 525.75)	(56.0, 570.0)	(57.0, 173.0)	(58.0, 70.0)	(59.0, 60.25)	(60.0, 39.5)	(61.0, 8.5)	(62.0, 3.25)	(63.0, 1.0)	(64.0, 5.75)	(65.0, 6.75)	(66.0, 6.5)	(67.0, 2.0)	(68.0, 0.75)	(69.0, 0.25)	(70.0, 0.0)	(71.0, 0.0)	(72.0, 0.0)	(73.0, 0.0)	(74.0, 0.0)	(75.0, 0.0)	(76.0, 0.0)	(77.0, 0.0)	(78.0, 0.0)	(79.0, 0.0)	(80.0, 0.0)	(81.0, 0.0)	(82.0, 0.25)	(83.0, 0.25)	(84.0, 0.0)	(85.0, 0.0)	(86.0, 0.0)	(87.0, 0.0)	(88.0, 0.0)	(89.0, 0.0)	(90.0, 0.0)	(91.0, 0.0)	(92.0, 0.0)	(93.0, 0.0)	(94.0, 0.0)	(95.0, 0.0)	(96.0, 0.0)	(97.0, 0.0)	(98.0, 0.0)	(99.0, 0.0)	(100.0, 0.0)
SRR5515483_2	(0.0, 0.0)	(1.0, 0.0)	(2.0, 0.0)	(3.0, 0.0)	(4.0, 0.0)	(5.0, 0.0)	(6.0, 0.0)	(7.0, 0.0)	(8.0, 0.0)	(9.0, 0.0)	(10.0, 0.0)	(11.0, 0.0)	(12.0, 0.0)	(13.0, 0.0)	(14.0, 0.0)	(15.0, 0.0)	(16.0, 0.0)	(17.0, 0.0)	(18.0, 0.0)	(19.0, 0.0)	(20.0, 0.0)	(21.0, 0.0)	(22.0, 0.0)	(23.0, 0.0)	(24.0, 0.0)	(25.0, 0.0)	(26.0, 0.0)	(27.0, 0.0)	(28.0, 0.0)	(29.0, 0.0)	(30.0, 0.0)	(31.0, 0.0)	(32.0, 0.0)	(33.0, 0.0)	(34.0, 0.0)	(35.0, 0.0)	(36.0, 0.0)	(37.0, 0.0)	(38.0, 0.0)	(39.0, 0.0)	(40.0, 0.25)	(41.0, 1.0)	(42.0, 0.5)	(43.0, 1.75)	(44.0, 4.5)	(45.0, 11.5)	(46.0, 24.5)	(47.0, 38.5)	(48.0, 53.75)	(49.0, 92.5)	(50.0, 139.0)	(51.0, 269.75)	(52.0, 361.0)	(53.0, 446.5)	(54.0, 366.75)	(55.0, 258.25)	(56.0, 296.75)	(57.0, 344.0)	(58.0, 279.25)	(59.0, 209.5)	(60.0, 118.75)	(61.0, 57.5)	(62.0, 43.0)	(63.0, 35.0)	(64.0, 26.0)	(65.0, 11.75)	(66.0, 9.0)	(67.0, 7.5)	(68.0, 4.75)	(69.0, 4.25)	(70.0, 2.25)	(71.0, 1.25)	(72.0, 0.75)	(73.0, 0.75)	(74.0, 0.0)	(75.0, 0.0)	(76.0, 0.0)	(77.0, 0.0)	(78.0, 0.0)	(79.0, 0.0)	(80.0, 0.0)	(81.0, 0.0)	(82.0, 0.0)	(83.0, 0.0)	(84.0, 0.0)	(85.0, 0.0)	(86.0, 0.0)	(87.0, 0.0)	(88.0, 0.0)	(89.0, 0.0)	(90.0, 0.0)	(91.0, 0.0)	(92.0, 0.0)	(93.0, 0.0)	(94.0, 0.0)	(95.0, 0.0)	(96.0, 0.0)	(97.0, 0.0)	(98.0, 0.0)	(99.0, 0.0)	(100.0, 0.0)
SRR5515484_1	(0.0, 0.0)	(1.0, 0.0)	(2.0, 0.0)	(3.0, 0.0)	(4.0, 0.0)	(5.0, 0.0)	(6.0, 0.0)	(7.0, 0.0)	(8.0, 0.0)	(9.0, 0.0)	(10.0, 0.0)	(11.0, 0.0)	(12.0, 0.0)	(13.0, 0.0)	(14.0, 0.0)	(15.0, 0.0)	(16.0, 0.0)	(17.0, 0.0)	(18.0, 0.0)	(19.0, 0.0)	(20.0, 0.0)	(21.0, 0.0)	(22.0, 0.0)	(23.0, 0.0)	(24.0, 0.0)	(25.0, 0.0)	(26.0, 0.0)	(27.0, 0.0)	(28.0, 0.0)	(29.0, 0.0)	(30.0, 0.0)	(31.0, 0.0)	(32.0, 0.0)	(33.0, 0.0)	(34.0, 0.0)	(35.0, 0.0)	(36.0, 0.0)	(37.0, 0.0)	(38.0, 0.0)	(39.0, 0.0)	(40.0, 0.0)	(41.0, 0.0)	(42.0, 0.0)	(43.0, 0.0)	(44.0, 0.25)	(45.0, 0.5)	(46.0, 0.5)	(47.0, 3.75)	(48.0, 51.5)	(49.0, 74.5)	(50.0, 119.75)	(51.0, 578.0)	(52.0, 819.5)	(53.0, 777.0)	(54.0, 1055.75)	(55.0, 922.5)	(56.0, 634.25)	(57.0, 407.5)	(58.0, 309.75)	(59.0, 274.5)	(60.0, 143.5)	(61.0, 25.5)	(62.0, 14.75)	(63.0, 5.75)	(64.0, 7.75)	(65.0, 11.25)	(66.0, 4.25)	(67.0, 1.75)	(68.0, 0.25)	(69.0, 0.5)	(70.0, 0.25)	(71.0, 0.0)	(72.0, 0.0)	(73.0, 0.0)	(74.0, 0.0)	(75.0, 0.0)	(76.0, 0.0)	(77.0, 0.0)	(78.0, 0.0)	(79.0, 0.0)	(80.0, 0.0)	(81.0, 0.0)	(82.0, 0.0)	(83.0, 0.0)	(84.0, 0.0)	(85.0, 0.0)	(86.0, 0.0)	(87.0, 0.0)	(88.0, 0.0)	(89.0, 0.0)	(90.0, 0.0)	(91.0, 0.0)	(92.0, 0.0)	(93.0, 0.0)	(94.0, 0.0)	(95.0, 0.0)	(96.0, 0.0)	(97.0, 0.0)	(98.0, 0.0)	(99.0, 0.0)	(100.0, 0.0)
SRR5515484_2	(0.0, 0.0)	(1.0, 0.0)	(2.0, 0.0)	(3.0, 0.0)	(4.0, 0.0)	(5.0, 0.0)	(6.0, 0.0)	(7.0, 0.0)	(8.0, 0.0)	(9.0, 0.0)	(10.0, 0.0)	(11.0, 0.0)	(12.0, 0.0)	(13.0, 0.0)	(14.0, 0.0)	(15.0, 0.0)	(16.0, 0.0)	(17.0, 0.0)	(18.0, 0.0)	(19.0, 0.0)	(20.0, 0.0)	(21.0, 0.0)	(22.0, 0.0)	(23.0, 0.0)	(24.0, 0.0)	(25.0, 0.0)	(26.0, 0.0)	(27.0, 0.0)	(28.0, 0.0)	(29.0, 0.0)	(30.0, 0.0)	(31.0, 0.0)	(32.0, 0.0)	(33.0, 0.0)	(34.0, 0.0)	(35.0, 0.0)	(36.0, 0.0)	(37.0, 0.0)	(38.0, 0.0)	(39.0, 0.25)	(40.0, 2.0)	(41.0, 2.0)	(42.0, 3.25)	(43.0, 7.25)	(44.0, 18.5)	(45.0, 40.75)	(46.0, 48.75)	(47.0, 66.5)	(48.0, 101.0)	(49.0, 223.25)	(50.0, 397.25)	(51.0, 612.0)	(52.0, 762.25)	(53.0, 773.5)	(54.0, 677.25)	(55.0, 613.25)	(56.0, 535.75)	(57.0, 373.5)	(58.0, 247.5)	(59.0, 160.25)	(60.0, 114.25)	(61.0, 119.25)	(62.0, 113.75)	(63.0, 106.0)	(64.0, 72.5)	(65.0, 36.5)	(66.0, 14.75)	(67.0, 11.75)	(68.0, 5.75)	(69.0, 5.75)	(70.0, 5.75)	(71.0, 4.0)	(72.0, 2.25)	(73.0, 1.5)	(74.0, 0.5)	(75.0, 0.0)	(76.0, 0.5)	(77.0, 0.25)	(78.0, 0.0)	(79.0, 0.0)	(80.0, 0.0)	(81.0, 0.0)	(82.0, 0.0)	(83.0, 0.0)	(84.0, 0.0)	(85.0, 0.0)	(86.0, 0.0)	(87.0, 0.25)	(88.0, 0.0)	(89.0, 0.0)	(90.0, 0.0)	(91.0, 0.0)	(92.0, 0.0)	(93.0, 0.0)	(94.0, 0.0)	(95.0, 0.0)	(96.0, 0.0)	(97.0, 0.0)	(98.0, 0.0)	(99.0, 0.0)	(100.0, 0.0)
SRR5515485_1	(0.0, 0.0)	(1.0, 0.0)	(2.0, 0.0)	(3.0, 0.0)	(4.0, 0.0)	(5.0, 0.0)	(6.0, 0.0)	(7.0, 0.0)	(8.0, 0.0)	(9.0, 0.0)	(10.0, 0.0)	(11.0, 0.0)	(12.0, 0.0)	(13.0, 0.0)	(14.0, 0.0)	(15.0, 0.0)	(16.0, 0.0)	(17.0, 0.0)	(18.0, 0.0)	(19.0, 0.0)	(20.0, 0.0)	(21.0, 0.0)	(22.0, 0.0)	(23.0, 0.0)	(24.0, 0.0)	(25.0, 0.0)	(26.0, 0.0)	(27.0, 0.0)	(28.0, 0.0)	(29.0, 0.0)	(30.0, 0.0)	(31.0, 0.0)	(32.0, 0.0)	(33.0, 0.0)	(34.0, 0.0)	(35.0, 0.0)	(36.0, 0.0)	(37.0, 0.0)	(38.0, 0.0)	(39.0, 0.25)	(40.0, 0.5)	(41.0, 0.5)	(42.0, 1.0)	(43.0, 1.25)	(44.0, 0.25)	(45.0, 0.0)	(46.0, 1.0)	(47.0, 5.25)	(48.0, 13.75)	(49.0, 22.0)	(50.0, 46.25)	(51.0, 278.0)	(52.0, 515.0)	(53.0, 455.25)	(54.0, 409.25)	(55.0, 504.5)	(56.0, 489.25)	(57.0, 236.5)	(58.0, 87.75)	(59.0, 47.75)	(60.0, 24.75)	(61.0, 5.25)	(62.0, 2.0)	(63.0, 1.75)	(64.0, 2.25)	(65.0, 1.5)	(66.0, 0.25)	(67.0, 0.25)	(68.0, 1.0)	(69.0, 0.0)	(70.0, 0.0)	(71.0, 0.0)	(72.0, 0.0)	(73.0, 0.0)	(74.0, 0.0)	(75.0, 0.0)	(76.0, 0.0)	(77.0, 0.0)	(78.0, 0.0)	(79.0, 0.0)	(80.0, 0.0)	(81.0, 0.0)	(82.0, 0.0)	(83.0, 0.0)	(84.0, 0.0)	(85.0, 0.0)	(86.0, 0.0)	(87.0, 0.0)	(88.0, 0.0)	(89.0, 0.0)	(90.0, 0.0)	(91.0, 0.0)	(92.0, 0.0)	(93.0, 0.0)	(94.0, 0.0)	(95.0, 0.0)	(96.0, 0.0)	(97.0, 0.0)	(98.0, 0.0)	(99.0, 0.0)	(100.0, 0.0)
SRR5515485_2	(0.0, 0.0)	(1.0, 0.0)	(2.0, 0.0)	(3.0, 0.0)	(4.0, 0.0)	(5.0, 0.0)	(6.0, 0.0)	(7.0, 0.0)	(8.0, 0.0)	(9.0, 0.0)	(10.0, 0.0)	(11.0, 0.0)	(12.0, 0.0)	(13.0, 0.0)	(14.0, 0.0)	(15.0, 0.0)	(16.0, 0.0)	(17.0, 0.0)	(18.0, 0.0)	(19.0, 0.0)	(20.0, 0.0)	(21.0, 0.0)	(22.0, 0.0)	(23.0, 0.0)	(24.0, 0.0)	(25.0, 0.0)	(26.0, 0.0)	(27.0, 0.0)	(28.0, 0.0)	(29.0, 0.0)	(30.0, 0.0)	(31.0, 0.0)	(32.0, 0.0)	(33.0, 0.0)	(34.0, 0.0)	(35.0, 0.0)	(36.0, 0.0)	(37.0, 0.0)	(38.0, 0.0)	(39.0, 0.0)	(40.0, 0.0)	(41.0, 0.25)	(42.0, 0.75)	(43.0, 1.25)	(44.0, 4.75)	(45.0, 9.5)	(46.0, 15.5)	(47.0, 19.0)	(48.0, 22.5)	(49.0, 36.5)	(50.0, 86.5)	(51.0, 233.25)	(52.0, 335.25)	(53.0, 364.0)	(54.0, 344.75)	(55.0, 259.0)	(56.0, 332.75)	(57.0, 369.75)	(58.0, 256.5)	(59.0, 163.5)	(60.0, 99.75)	(61.0, 64.0)	(62.0, 40.25)	(63.0, 23.75)	(64.0, 15.25)	(65.0, 9.0)	(66.0, 2.5)	(67.0, 2.5)	(68.0, 1.0)	(69.0, 0.25)	(70.0, 0.25)	(71.0, 0.25)	(72.0, 0.5)	(73.0, 0.5)	(74.0, 0.25)	(75.0, 0.0)	(76.0, 0.0)	(77.0, 0.0)	(78.0, 0.0)	(79.0, 0.0)	(80.0, 0.0)	(81.0, 0.0)	(82.0, 0.0)	(83.0, 0.0)	(84.0, 0.0)	(85.0, 0.0)	(86.0, 0.0)	(87.0, 0.0)	(88.0, 0.0)	(89.0, 0.0)	(90.0, 0.0)	(91.0, 0.0)	(92.0, 0.0)	(93.0, 0.0)	(94.0, 0.0)	(95.0, 0.0)	(96.0, 0.0)	(97.0, 0.0)	(98.0, 0.0)	(99.0, 0.0)	(100.0, 0.0)
SRR5515486_1	(0.0, 0.0)	(1.0, 0.0)	(2.0, 0.0)	(3.0, 0.0)	(4.0, 0.0)	(5.0, 0.0)	(6.0, 0.0)	(7.0, 0.0)	(8.0, 0.0)	(9.0, 0.0)	(10.0, 0.0)	(11.0, 0.0)	(12.0, 0.0)	(13.0, 0.0)	(14.0, 0.0)	(15.0, 0.0)	(16.0, 0.0)	(17.0, 0.0)	(18.0, 0.0)	(19.0, 0.0)	(20.0, 0.0)	(21.0, 0.0)	(22.0, 0.0)	(23.0, 0.0)	(24.0, 0.0)	(25.0, 0.0)	(26.0, 0.0)	(27.0, 0.0)	(28.0, 0.0)	(29.0, 0.0)	(30.0, 0.0)	(31.0, 0.0)	(32.0, 0.0)	(33.0, 0.0)	(34.0, 0.0)	(35.0, 0.0)	(36.0, 0.0)	(37.0, 0.0)	(38.0, 0.0)	(39.0, 0.0)	(40.0, 0.0)	(41.0, 0.0)	(42.0, 0.0)	(43.0, 0.0)	(44.0, 0.5)	(45.0, 0.25)	(46.0, 2.0)	(47.0, 6.0)	(48.0, 8.75)	(49.0, 20.0)	(50.0, 81.0)	(51.0, 174.0)	(52.0, 313.75)	(53.0, 430.0)	(54.0, 629.25)	(55.0, 392.5)	(56.0, 397.5)	(57.0, 251.25)	(58.0, 247.0)	(59.0, 242.25)	(60.0, 104.5)	(61.0, 36.5)	(62.0, 14.25)	(63.0, 5.0)	(64.0, 15.0)	(65.0, 16.0)	(66.0, 4.5)	(67.0, 1.25)	(68.0, 0.0)	(69.0, 0.5)	(70.0, 0.0)	(71.0, 0.0)	(72.0, 0.0)	(73.0, 0.0)	(74.0, 0.0)	(75.0, 0.0)	(76.0, 0.0)	(77.0, 0.0)	(78.0, 0.0)	(79.0, 0.0)	(80.0, 0.0)	(81.0, 0.0)	(82.0, 0.0)	(83.0, 0.0)	(84.0, 0.0)	(85.0, 0.0)	(86.0, 0.0)	(87.0, 0.0)	(88.0, 0.0)	(89.0, 0.0)	(90.0, 0.0)	(91.0, 0.0)	(92.0, 0.0)	(93.0, 0.0)	(94.0, 0.0)	(95.0, 0.0)	(96.0, 0.0)	(97.0, 0.0)	(98.0, 0.0)	(99.0, 0.0)	(100.0, 0.0)
SRR5515486_2	(0.0, 0.0)	(1.0, 0.0)	(2.0, 0.0)	(3.0, 0.0)	(4.0, 0.0)	(5.0, 0.0)	(6.0, 0.0)	(7.0, 0.0)	(8.0, 0.0)	(9.0, 0.0)	(10.0, 0.0)	(11.0, 0.0)	(12.0, 0.0)	(13.0, 0.0)	(14.0, 0.0)	(15.0, 0.0)	(16.0, 0.0)	(17.0, 0.0)	(18.0, 0.0)	(19.0, 0.0)	(20.0, 0.0)	(21.0, 0.0)	(22.0, 0.0)	(23.0, 0.0)	(24.0, 0.0)	(25.0, 0.0)	(26.0, 0.0)	(27.0, 0.0)	(28.0, 0.0)	(29.0, 0.0)	(30.0, 0.0)	(31.0, 0.0)	(32.0, 0.0)	(33.0, 0.0)	(34.0, 0.0)	(35.0, 0.0)	(36.0, 0.0)	(37.0, 0.0)	(38.0, 0.0)	(39.0, 0.0)	(40.0, 0.0)	(41.0, 0.25)	(42.0, 0.5)	(43.0, 1.75)	(44.0, 5.25)	(45.0, 15.75)	(46.0, 27.25)	(47.0, 29.5)	(48.0, 47.25)	(49.0, 56.5)	(50.0, 97.5)	(51.0, 185.75)	(52.0, 219.25)	(53.0, 277.75)	(54.0, 312.25)	(55.0, 288.75)	(56.0, 303.25)	(57.0, 290.25)	(58.0, 226.25)	(59.0, 168.5)	(60.0, 140.25)	(61.0, 114.0)	(62.0, 117.25)	(63.0, 139.25)	(64.0, 135.25)	(65.0, 87.25)	(66.0, 42.25)	(67.0, 20.75)	(68.0, 11.75)	(69.0, 5.25)	(70.0, 4.75)	(71.0, 3.5)	(72.0, 3.0)	(73.0, 1.25)	(74.0, 0.25)	(75.0, 0.25)	(76.0, 0.25)	(77.0, 0.25)	(78.0, 0.0)	(79.0, 0.25)	(80.0, 0.0)	(81.0, 0.0)	(82.0, 0.0)	(83.0, 0.0)	(84.0, 0.0)	(85.0, 0.0)	(86.0, 0.0)	(87.0, 0.0)	(88.0, 0.0)	(89.0, 0.0)	(90.0, 0.5)	(91.0, 0.5)	(92.0, 0.0)	(93.0, 0.0)	(94.0, 0.0)	(95.0, 0.0)	(96.0, 0.0)	(97.0, 0.25)	(98.0, 0.5)	(99.0, 0.0)	(100.0, 0.0)
SRR5515487_1	(0.0, 0.0)	(1.0, 0.0)	(2.0, 0.0)	(3.0, 0.0)	(4.0, 0.0)	(5.0, 0.0)	(6.0, 0.0)	(7.0, 0.0)	(8.0, 0.0)	(9.0, 0.0)	(10.0, 0.0)	(11.0, 0.0)	(12.0, 0.0)	(13.0, 0.0)	(14.0, 0.0)	(15.0, 0.0)	(16.0, 0.0)	(17.0, 0.0)	(18.0, 0.0)	(19.0, 0.0)	(20.0, 0.0)	(21.0, 0.0)	(22.0, 0.0)	(23.0, 0.0)	(24.0, 0.0)	(25.0, 0.0)	(26.0, 0.0)	(27.0, 0.0)	(28.0, 0.0)	(29.0, 0.0)	(30.0, 0.0)	(31.0, 0.0)	(32.0, 0.0)	(33.0, 0.0)	(34.0, 0.0)	(35.0, 0.25)	(36.0, 0.25)	(37.0, 0.0)	(38.0, 0.0)	(39.0, 0.0)	(40.0, 0.0)	(41.0, 0.0)	(42.0, 0.0)	(43.0, 0.0)	(44.0, 0.0)	(45.0, 0.25)	(46.0, 0.75)	(47.0, 4.75)	(48.0, 20.25)	(49.0, 48.75)	(50.0, 102.0)	(51.0, 381.0)	(52.0, 641.5)	(53.0, 482.0)	(54.0, 545.0)	(55.0, 373.0)	(56.0, 371.75)	(57.0, 185.0)	(58.0, 129.5)	(59.0, 91.0)	(60.0, 33.75)	(61.0, 23.25)	(62.0, 6.75)	(63.0, 5.25)	(64.0, 11.75)	(65.0, 16.5)	(66.0, 3.0)	(67.0, 2.75)	(68.0, 0.5)	(69.0, 0.25)	(70.0, 0.0)	(71.0, 0.0)	(72.0, 0.0)	(73.0, 0.0)	(74.0, 0.0)	(75.0, 0.0)	(76.0, 0.0)	(77.0, 0.0)	(78.0, 0.0)	(79.0, 0.0)	(80.0, 0.0)	(81.0, 0.0)	(82.0, 0.0)	(83.0, 0.0)	(84.0, 0.0)	(85.0, 0.0)	(86.0, 0.0)	(87.0, 0.0)	(88.0, 0.0)	(89.0, 0.0)	(90.0, 0.0)	(91.0, 0.0)	(92.0, 0.0)	(93.0, 0.0)	(94.0, 0.0)	(95.0, 0.0)	(96.0, 0.0)	(97.0, 0.0)	(98.0, 0.0)	(99.0, 0.0)	(100.0, 0.0)
SRR5515487_2	(0.0, 0.0)	(1.0, 0.0)	(2.0, 0.0)	(3.0, 0.0)	(4.0, 0.0)	(5.0, 0.0)	(6.0, 0.0)	(7.0, 0.0)	(8.0, 0.0)	(9.0, 0.0)	(10.0, 0.0)	(11.0, 0.0)	(12.0, 0.0)	(13.0, 0.0)	(14.0, 0.0)	(15.0, 0.0)	(16.0, 0.0)	(17.0, 0.0)	(18.0, 0.0)	(19.0, 0.0)	(20.0, 0.25)	(21.0, 0.25)	(22.0, 0.0)	(23.0, 0.0)	(24.0, 0.0)	(25.0, 0.0)	(26.0, 0.0)	(27.0, 0.0)	(28.0, 0.0)	(29.0, 0.0)	(30.0, 0.0)	(31.0, 0.0)	(32.0, 0.0)	(33.0, 0.0)	(34.0, 0.0)	(35.0, 0.0)	(36.0, 0.0)	(37.0, 0.0)	(38.0, 0.0)	(39.0, 0.0)	(40.0, 0.0)	(41.0, 0.0)	(42.0, 0.0)	(43.0, 1.0)	(44.0, 3.0)	(45.0, 13.25)	(46.0, 24.5)	(47.0, 44.75)	(48.0, 65.75)	(49.0, 98.0)	(50.0, 186.25)	(51.0, 363.5)	(52.0, 426.75)	(53.0, 487.5)	(54.0, 367.5)	(55.0, 245.0)	(56.0, 244.0)	(57.0, 238.5)	(58.0, 186.5)	(59.0, 136.5)	(60.0, 89.75)	(61.0, 63.25)	(62.0, 53.0)	(63.0, 53.0)	(64.0, 40.5)	(65.0, 21.75)	(66.0, 13.75)	(67.0, 7.0)	(68.0, 8.25)	(69.0, 6.5)	(70.0, 7.0)	(71.0, 3.0)	(72.0, 1.25)	(73.0, 0.5)	(74.0, 0.25)	(75.0, 0.0)	(76.0, 0.0)	(77.0, 0.0)	(78.0, 0.0)	(79.0, 0.0)	(80.0, 0.0)	(81.0, 0.0)	(82.0, 0.0)	(83.0, 0.0)	(84.0, 0.25)	(85.0, 0.0)	(86.0, 0.0)	(87.0, 0.0)	(88.0, 0.0)	(89.0, 0.0)	(90.0, 0.0)	(91.0, 0.0)	(92.0, 0.0)	(93.0, 0.0)	(94.0, 0.0)	(95.0, 0.0)	(96.0, 0.0)	(97.0, 0.0)	(98.0, 0.0)	(99.0, 0.0)	(100.0, 0.0)
SRR5515488_1	(0.0, 0.0)	(1.0, 0.0)	(2.0, 0.0)	(3.0, 0.0)	(4.0, 0.0)	(5.0, 0.0)	(6.0, 0.0)	(7.0, 0.0)	(8.0, 0.0)	(9.0, 0.0)	(10.0, 0.0)	(11.0, 0.0)	(12.0, 0.0)	(13.0, 0.0)	(14.0, 0.0)	(15.0, 0.0)	(16.0, 0.0)	(17.0, 0.0)	(18.0, 0.0)	(19.0, 0.0)	(20.0, 0.0)	(21.0, 0.0)	(22.0, 0.0)	(23.0, 0.0)	(24.0, 0.0)	(25.0, 0.0)	(26.0, 0.0)	(27.0, 0.0)	(28.0, 0.0)	(29.0, 0.0)	(30.0, 0.0)	(31.0, 0.0)	(32.0, 0.0)	(33.0, 0.0)	(34.0, 0.0)	(35.0, 0.0)	(36.0, 0.0)	(37.0, 0.0)	(38.0, 0.25)	(39.0, 0.0)	(40.0, 0.0)	(41.0, 0.0)	(42.0, 0.0)	(43.0, 0.25)	(44.0, 0.25)	(45.0, 0.5)	(46.0, 0.75)	(47.0, 3.25)	(48.0, 11.25)	(49.0, 25.0)	(50.0, 67.25)	(51.0, 323.5)	(52.0, 559.5)	(53.0, 332.25)	(54.0, 440.25)	(55.0, 422.75)	(56.0, 378.0)	(57.0, 237.0)	(58.0, 113.0)	(59.0, 177.75)	(60.0, 111.5)	(61.0, 17.5)	(62.0, 5.25)	(63.0, 1.0)	(64.0, 2.25)	(65.0, 12.0)	(66.0, 8.25)	(67.0, 10.25)	(68.0, 2.75)	(69.0, 0.75)	(70.0, 0.0)	(71.0, 0.0)	(72.0, 0.0)	(73.0, 0.0)	(74.0, 0.0)	(75.0, 0.0)	(76.0, 0.0)	(77.0, 0.0)	(78.0, 0.0)	(79.0, 0.0)	(80.0, 0.0)	(81.0, 0.0)	(82.0, 0.0)	(83.0, 0.0)	(84.0, 0.0)	(85.0, 0.0)	(86.0, 0.0)	(87.0, 0.0)	(88.0, 0.0)	(89.0, 0.0)	(90.0, 0.0)	(91.0, 0.0)	(92.0, 0.0)	(93.0, 0.0)	(94.0, 0.0)	(95.0, 0.0)	(96.0, 0.0)	(97.0, 0.0)	(98.0, 0.0)	(99.0, 0.0)	(100.0, 0.0)
SRR5515488_2	(0.0, 0.0)	(1.0, 0.0)	(2.0, 0.0)	(3.0, 0.0)	(4.0, 0.0)	(5.0, 0.0)	(6.0, 0.0)	(7.0, 0.0)	(8.0, 0.0)	(9.0, 0.0)	(10.0, 0.0)	(11.0, 0.0)	(12.0, 0.0)	(13.0, 0.0)	(14.0, 0.0)	(15.0, 0.0)	(16.0, 0.0)	(17.0, 0.0)	(18.0, 0.0)	(19.0, 0.0)	(20.0, 0.0)	(21.0, 0.0)	(22.0, 0.0)	(23.0, 0.0)	(24.0, 0.0)	(25.0, 0.0)	(26.0, 0.0)	(27.0, 0.0)	(28.0, 0.0)	(29.0, 0.0)	(30.0, 0.0)	(31.0, 0.0)	(32.0, 0.0)	(33.0, 0.0)	(34.0, 0.0)	(35.0, 0.0)	(36.0, 0.0)	(37.0, 0.0)	(38.0, 0.25)	(39.0, 0.25)	(40.0, 0.0)	(41.0, 0.25)	(42.0, 0.75)	(43.0, 1.75)	(44.0, 11.0)	(45.0, 35.25)	(46.0, 38.75)	(47.0, 32.5)	(48.0, 39.25)	(49.0, 51.5)	(50.0, 121.0)	(51.0, 247.5)	(52.0, 329.75)	(53.0, 418.25)	(54.0, 325.25)	(55.0, 244.75)	(56.0, 253.75)	(57.0, 248.5)	(58.0, 194.75)	(59.0, 115.5)	(60.0, 95.0)	(61.0, 102.25)	(62.0, 98.25)	(63.0, 82.75)	(64.0, 62.75)	(65.0, 42.75)	(66.0, 22.25)	(67.0, 8.5)	(68.0, 7.0)	(69.0, 7.75)	(70.0, 9.0)	(71.0, 7.25)	(72.0, 2.25)	(73.0, 2.0)	(74.0, 0.75)	(75.0, 0.25)	(76.0, 0.0)	(77.0, 0.25)	(78.0, 0.0)	(79.0, 0.0)	(80.0, 0.0)	(81.0, 0.0)	(82.0, 0.0)	(83.0, 0.0)	(84.0, 0.0)	(85.0, 0.0)	(86.0, 0.0)	(87.0, 0.0)	(88.0, 0.0)	(89.0, 0.0)	(90.0, 0.0)	(91.0, 0.0)	(92.0, 0.0)	(93.0, 0.0)	(94.0, 0.0)	(95.0, 0.0)	(96.0, 0.0)	(97.0, 0.0)	(98.0, 0.0)	(99.0, 0.0)	(100.0, 0.0)
SRR5515489_1	(0.0, 0.0)	(1.0, 0.0)	(2.0, 0.0)	(3.0, 0.0)	(4.0, 0.0)	(5.0, 0.0)	(6.0, 0.0)	(7.0, 0.0)	(8.0, 0.0)	(9.0, 0.0)	(10.0, 0.0)	(11.0, 0.0)	(12.0, 0.0)	(13.0, 0.0)	(14.0, 0.0)	(15.0, 0.0)	(16.0, 0.0)	(17.0, 0.0)	(18.0, 0.0)	(19.0, 0.0)	(20.0, 0.0)	(21.0, 0.0)	(22.0, 0.0)	(23.0, 0.0)	(24.0, 0.0)	(25.0, 0.0)	(26.0, 0.0)	(27.0, 0.0)	(28.0, 0.0)	(29.0, 0.0)	(30.0, 0.0)	(31.0, 0.0)	(32.0, 0.0)	(33.0, 0.0)	(34.0, 0.0)	(35.0, 0.0)	(36.0, 0.0)	(37.0, 0.0)	(38.0, 0.0)	(39.0, 0.0)	(40.0, 0.0)	(41.0, 0.0)	(42.0, 0.0)	(43.0, 0.25)	(44.0, 0.5)	(45.0, 1.75)	(46.0, 2.0)	(47.0, 3.5)	(48.0, 15.25)	(49.0, 30.5)	(50.0, 63.5)	(51.0, 292.25)	(52.0, 508.25)	(53.0, 514.25)	(54.0, 573.5)	(55.0, 469.25)	(56.0, 477.5)	(57.0, 349.5)	(58.0, 158.75)	(59.0, 283.25)	(60.0, 199.75)	(61.0, 27.0)	(62.0, 29.25)	(63.0, 8.25)	(64.0, 29.75)	(65.0, 17.0)	(66.0, 4.0)	(67.0, 1.25)	(68.0, 1.0)	(69.0, 0.5)	(70.0, 0.0)	(71.0, 0.0)	(72.0, 0.0)	(73.0, 0.0)	(74.0, 0.0)	(75.0, 0.0)	(76.0, 0.0)	(77.0, 0.0)	(78.0, 0.0)	(79.0, 0.0)	(80.0, 0.0)	(81.0, 0.0)	(82.0, 0.0)	(83.0, 0.0)	(84.0, 0.0)	(85.0, 0.0)	(86.0, 0.0)	(87.0, 0.0)	(88.0, 0.0)	(89.0, 0.0)	(90.0, 0.0)	(91.0, 0.0)	(92.0, 0.0)	(93.0, 0.0)	(94.0, 0.0)	(95.0, 0.0)	(96.0, 0.0)	(97.0, 0.0)	(98.0, 0.0)	(99.0, 0.0)	(100.0, 0.0)
SRR5515489_2	(0.0, 0.0)	(1.0, 0.0)	(2.0, 0.0)	(3.0, 0.0)	(4.0, 0.0)	(5.0, 0.0)	(6.0, 0.0)	(7.0, 0.0)	(8.0, 0.0)	(9.0, 0.0)	(10.0, 0.0)	(11.0, 0.0)	(12.0, 0.0)	(13.0, 0.0)	(14.0, 0.0)	(15.0, 0.0)	(16.0, 0.0)	(17.0, 0.0)	(18.0, 0.0)	(19.0, 0.0)	(20.0, 0.0)	(21.0, 0.0)	(22.0, 0.0)	(23.0, 0.0)	(24.0, 0.0)	(25.0, 0.0)	(26.0, 0.0)	(27.0, 0.0)	(28.0, 0.0)	(29.0, 0.0)	(30.0, 0.0)	(31.0, 0.25)	(32.0, 0.25)	(33.0, 0.0)	(34.0, 0.0)	(35.0, 0.0)	(36.0, 0.0)	(37.0, 0.0)	(38.0, 0.0)	(39.0, 0.0)	(40.0, 0.0)	(41.0, 0.0)	(42.0, 0.25)	(43.0, 1.0)	(44.0, 4.75)	(45.0, 9.75)	(46.0, 22.25)	(47.0, 37.0)	(48.0, 47.0)	(49.0, 71.25)	(50.0, 148.0)	(51.0, 177.25)	(52.0, 216.25)	(53.0, 424.25)	(54.0, 515.25)	(55.0, 354.0)	(56.0, 308.5)	(57.0, 284.75)	(58.0, 241.5)	(59.0, 191.75)	(60.0, 160.5)	(61.0, 143.75)	(62.0, 144.25)	(63.0, 170.25)	(64.0, 151.25)	(65.0, 90.25)	(66.0, 51.25)	(67.0, 33.5)	(68.0, 19.5)	(69.0, 8.5)	(70.0, 1.75)	(71.0, 3.0)	(72.0, 3.0)	(73.0, 0.5)	(74.0, 0.0)	(75.0, 0.5)	(76.0, 0.0)	(77.0, 0.0)	(78.0, 0.0)	(79.0, 0.0)	(80.0, 0.0)	(81.0, 0.0)	(82.0, 0.0)	(83.0, 0.0)	(84.0, 0.0)	(85.0, 0.0)	(86.0, 0.0)	(87.0, 0.0)	(88.0, 0.0)	(89.0, 0.0)	(90.0, 0.0)	(91.0, 0.0)	(92.0, 0.0)	(93.0, 0.0)	(94.0, 0.0)	(95.0, 0.0)	(96.0, 0.0)	(97.0, 0.0)	(98.0, 0.0)	(99.0, 0.0)	(100.0, 0.0)
SRR5515490_1	(0.0, 0.0)	(1.0, 0.0)	(2.0, 0.0)	(3.0, 0.0)	(4.0, 0.0)	(5.0, 0.0)	(6.0, 0.0)	(7.0, 0.0)	(8.0, 0.0)	(9.0, 0.0)	(10.0, 0.0)	(11.0, 0.0)	(12.0, 0.0)	(13.0, 0.0)	(14.0, 0.0)	(15.0, 0.0)	(16.0, 0.0)	(17.0, 0.0)	(18.0, 0.0)	(19.0, 0.0)	(20.0, 0.0)	(21.0, 0.0)	(22.0, 0.0)	(23.0, 0.0)	(24.0, 0.0)	(25.0, 0.0)	(26.0, 0.0)	(27.0, 0.0)	(28.0, 0.0)	(29.0, 0.0)	(30.0, 0.0)	(31.0, 0.0)	(32.0, 0.0)	(33.0, 0.0)	(34.0, 0.0)	(35.0, 0.0)	(36.0, 0.0)	(37.0, 0.0)	(38.0, 0.0)	(39.0, 0.0)	(40.0, 0.0)	(41.0, 0.0)	(42.0, 0.0)	(43.0, 0.0)	(44.0, 0.25)	(45.0, 0.5)	(46.0, 1.0)	(47.0, 5.75)	(48.0, 8.25)	(49.0, 12.25)	(50.0, 53.75)	(51.0, 130.0)	(52.0, 225.0)	(53.0, 449.25)	(54.0, 759.5)	(55.0, 556.75)	(56.0, 410.75)	(57.0, 261.0)	(58.0, 163.25)	(59.0, 181.75)	(60.0, 62.25)	(61.0, 44.5)	(62.0, 14.75)	(63.0, 5.0)	(64.0, 20.5)	(65.0, 50.0)	(66.0, 7.5)	(67.0, 2.0)	(68.0, 0.75)	(69.0, 0.0)	(70.0, 0.0)	(71.0, 0.0)	(72.0, 0.0)	(73.0, 0.0)	(74.0, 0.0)	(75.0, 0.0)	(76.0, 0.0)	(77.0, 0.0)	(78.0, 0.0)	(79.0, 0.0)	(80.0, 0.0)	(81.0, 0.0)	(82.0, 0.0)	(83.0, 0.0)	(84.0, 0.0)	(85.0, 0.0)	(86.0, 0.0)	(87.0, 0.0)	(88.0, 0.0)	(89.0, 0.0)	(90.0, 0.0)	(91.0, 0.0)	(92.0, 0.0)	(93.0, 0.0)	(94.0, 0.0)	(95.0, 0.0)	(96.0, 0.0)	(97.0, 0.0)	(98.0, 0.0)	(99.0, 0.0)	(100.0, 0.0)
SRR5515490_2	(0.0, 0.0)	(1.0, 0.0)	(2.0, 0.0)	(3.0, 0.0)	(4.0, 0.0)	(5.0, 0.0)	(6.0, 0.0)	(7.0, 0.0)	(8.0, 0.0)	(9.0, 0.0)	(10.0, 0.0)	(11.0, 0.0)	(12.0, 0.0)	(13.0, 0.0)	(14.0, 0.0)	(15.0, 0.0)	(16.0, 0.0)	(17.0, 0.0)	(18.0, 0.0)	(19.0, 0.0)	(20.0, 0.0)	(21.0, 0.0)	(22.0, 0.0)	(23.0, 0.0)	(24.0, 0.0)	(25.0, 0.0)	(26.0, 0.0)	(27.0, 0.0)	(28.0, 0.0)	(29.0, 0.0)	(30.0, 0.0)	(31.0, 0.0)	(32.0, 0.0)	(33.0, 0.0)	(34.0, 0.0)	(35.0, 0.0)	(36.0, 0.0)	(37.0, 0.0)	(38.0, 0.0)	(39.0, 0.5)	(40.0, 0.75)	(41.0, 2.25)	(42.0, 15.0)	(43.0, 10.0)	(44.0, 11.0)	(45.0, 27.75)	(46.0, 26.0)	(47.0, 24.25)	(48.0, 33.75)	(49.0, 55.0)	(50.0, 94.75)	(51.0, 152.75)	(52.0, 210.0)	(53.0, 274.75)	(54.0, 270.0)	(55.0, 276.5)	(56.0, 403.5)	(57.0, 426.0)	(58.0, 303.5)	(59.0, 175.75)	(60.0, 116.0)	(61.0, 83.25)	(62.0, 72.25)	(63.0, 94.0)	(64.0, 86.5)	(65.0, 65.5)	(66.0, 41.25)	(67.0, 27.25)	(68.0, 29.75)	(69.0, 26.25)	(70.0, 16.0)	(71.0, 6.75)	(72.0, 2.5)	(73.0, 0.5)	(74.0, 0.0)	(75.0, 0.5)	(76.0, 0.25)	(77.0, 0.0)	(78.0, 0.0)	(79.0, 0.0)	(80.0, 0.0)	(81.0, 0.0)	(82.0, 0.0)	(83.0, 0.0)	(84.0, 0.0)	(85.0, 0.0)	(86.0, 0.0)	(87.0, 0.0)	(88.0, 0.0)	(89.0, 0.0)	(90.0, 0.0)	(91.0, 0.0)	(92.0, 0.0)	(93.0, 0.0)	(94.0, 0.0)	(95.0, 0.0)	(96.0, 0.0)	(97.0, 0.0)	(98.0, 0.0)	(99.0, 0.0)	(100.0, 0.0)
SRR5515491_1	(0.0, 0.0)	(1.0, 0.0)	(2.0, 0.0)	(3.0, 0.0)	(4.0, 0.0)	(5.0, 0.0)	(6.0, 0.0)	(7.0, 0.0)	(8.0, 0.0)	(9.0, 0.0)	(10.0, 0.0)	(11.0, 0.0)	(12.0, 0.0)	(13.0, 0.0)	(14.0, 0.0)	(15.0, 0.0)	(16.0, 0.0)	(17.0, 0.0)	(18.0, 0.0)	(19.0, 0.0)	(20.0, 0.0)	(21.0, 0.0)	(22.0, 0.0)	(23.0, 0.0)	(24.0, 0.0)	(25.0, 0.0)	(26.0, 0.0)	(27.0, 0.0)	(28.0, 0.0)	(29.0, 0.0)	(30.0, 0.0)	(31.0, 0.0)	(32.0, 0.0)	(33.0, 0.0)	(34.0, 0.0)	(35.0, 0.0)	(36.0, 0.0)	(37.0, 0.0)	(38.0, 0.25)	(39.0, 0.25)	(40.0, 0.5)	(41.0, 0.25)	(42.0, 0.0)	(43.0, 0.0)	(44.0, 0.0)	(45.0, 0.0)	(46.0, 0.5)	(47.0, 2.0)	(48.0, 4.0)	(49.0, 11.5)	(50.0, 49.0)	(51.0, 488.0)	(52.0, 502.25)	(53.0, 244.0)	(54.0, 301.25)	(55.0, 398.75)	(56.0, 393.75)	(57.0, 117.0)	(58.0, 50.25)	(59.0, 37.0)	(60.0, 16.5)	(61.0, 3.0)	(62.0, 1.0)	(63.0, 0.75)	(64.0, 0.0)	(65.0, 1.25)	(66.0, 2.25)	(67.0, 2.5)	(68.0, 0.5)	(69.0, 0.0)	(70.0, 0.0)	(71.0, 0.0)	(72.0, 0.0)	(73.0, 0.0)	(74.0, 0.0)	(75.0, 0.0)	(76.0, 0.0)	(77.0, 0.0)	(78.0, 0.0)	(79.0, 0.0)	(80.0, 0.0)	(81.0, 0.0)	(82.0, 0.0)	(83.0, 0.0)	(84.0, 0.0)	(85.0, 0.0)	(86.0, 0.0)	(87.0, 0.0)	(88.0, 0.0)	(89.0, 0.0)	(90.0, 0.0)	(91.0, 0.0)	(92.0, 0.0)	(93.0, 0.0)	(94.0, 0.0)	(95.0, 0.0)	(96.0, 0.0)	(97.0, 0.0)	(98.0, 0.0)	(99.0, 0.0)	(100.0, 0.0)
SRR5515491_2	(0.0, 0.0)	(1.0, 0.0)	(2.0, 0.0)	(3.0, 0.0)	(4.0, 0.0)	(5.0, 0.0)	(6.0, 0.0)	(7.0, 0.0)	(8.0, 0.0)	(9.0, 0.0)	(10.0, 0.0)	(11.0, 0.0)	(12.0, 0.0)	(13.0, 0.0)	(14.0, 0.0)	(15.0, 0.0)	(16.0, 0.0)	(17.0, 0.0)	(18.0, 0.0)	(19.0, 0.0)	(20.0, 0.0)	(21.0, 0.0)	(22.0, 0.0)	(23.0, 0.0)	(24.0, 0.0)	(25.0, 0.0)	(26.0, 0.0)	(27.0, 0.0)	(28.0, 0.0)	(29.0, 0.0)	(30.0, 0.0)	(31.0, 0.0)	(32.0, 0.0)	(33.0, 0.0)	(34.0, 0.0)	(35.0, 0.25)	(36.0, 0.0)	(37.0, 0.0)	(38.0, 0.0)	(39.0, 0.25)	(40.0, 0.0)	(41.0, 0.0)	(42.0, 0.25)	(43.0, 0.25)	(44.0, 0.5)	(45.0, 3.0)	(46.0, 5.0)	(47.0, 7.0)	(48.0, 10.25)	(49.0, 17.5)	(50.0, 48.25)	(51.0, 232.75)	(52.0, 463.75)	(53.0, 432.5)	(54.0, 276.75)	(55.0, 216.5)	(56.0, 203.5)	(57.0, 236.5)	(58.0, 196.0)	(59.0, 112.5)	(60.0, 49.5)	(61.0, 22.25)	(62.0, 12.0)	(63.0, 12.75)	(64.0, 10.0)	(65.0, 4.0)	(66.0, 2.0)	(67.0, 1.0)	(68.0, 0.75)	(69.0, 1.25)	(70.0, 2.0)	(71.0, 0.5)	(72.0, 0.75)	(73.0, 1.0)	(74.0, 0.25)	(75.0, 0.25)	(76.0, 0.0)	(77.0, 0.0)	(78.0, 0.25)	(79.0, 0.25)	(80.0, 0.25)	(81.0, 0.25)	(82.0, 0.0)	(83.0, 0.0)	(84.0, 0.0)	(85.0, 0.0)	(86.0, 0.0)	(87.0, 0.0)	(88.0, 0.0)	(89.0, 0.0)	(90.0, 0.0)	(91.0, 0.0)	(92.0, 0.0)	(93.0, 0.0)	(94.0, 0.0)	(95.0, 0.0)	(96.0, 0.0)	(97.0, 0.0)	(98.0, 0.0)	(99.0, 0.0)	(100.0, 0.0)
SRR5515492_1	(0.0, 0.0)	(1.0, 0.0)	(2.0, 0.0)	(3.0, 0.0)	(4.0, 0.0)	(5.0, 0.0)	(6.0, 0.0)	(7.0, 0.0)	(8.0, 0.0)	(9.0, 0.0)	(10.0, 0.0)	(11.0, 0.0)	(12.0, 0.0)	(13.0, 0.0)	(14.0, 0.0)	(15.0, 0.0)	(16.0, 0.0)	(17.0, 0.0)	(18.0, 0.0)	(19.0, 0.0)	(20.0, 0.0)	(21.0, 0.0)	(22.0, 0.0)	(23.0, 0.0)	(24.0, 0.0)	(25.0, 0.0)	(26.0, 0.0)	(27.0, 0.0)	(28.0, 0.0)	(29.0, 0.0)	(30.0, 0.0)	(31.0, 0.0)	(32.0, 0.0)	(33.0, 0.0)	(34.0, 0.0)	(35.0, 0.0)	(36.0, 0.0)	(37.0, 0.0)	(38.0, 0.0)	(39.0, 0.0)	(40.0, 0.0)	(41.0, 0.0)	(42.0, 0.0)	(43.0, 0.0)	(44.0, 0.25)	(45.0, 0.25)	(46.0, 0.25)	(47.0, 6.5)	(48.0, 28.75)	(49.0, 74.5)	(50.0, 128.75)	(51.0, 704.0)	(52.0, 1118.0)	(53.0, 633.5)	(54.0, 698.5)	(55.0, 557.75)	(56.0, 465.0)	(57.0, 334.75)	(58.0, 227.5)	(59.0, 231.5)	(60.0, 86.25)	(61.0, 18.0)	(62.0, 6.0)	(63.0, 2.5)	(64.0, 12.25)	(65.0, 13.75)	(66.0, 4.5)	(67.0, 1.5)	(68.0, 1.25)	(69.0, 0.25)	(70.0, 0.25)	(71.0, 0.0)	(72.0, 0.0)	(73.0, 0.0)	(74.0, 0.0)	(75.0, 0.0)	(76.0, 0.0)	(77.0, 0.0)	(78.0, 0.0)	(79.0, 0.0)	(80.0, 0.0)	(81.0, 0.0)	(82.0, 0.0)	(83.0, 0.0)	(84.0, 0.0)	(85.0, 0.0)	(86.0, 0.0)	(87.0, 0.0)	(88.0, 0.0)	(89.0, 0.0)	(90.0, 0.0)	(91.0, 0.0)	(92.0, 0.0)	(93.0, 0.0)	(94.0, 0.0)	(95.0, 0.0)	(96.0, 0.0)	(97.0, 0.0)	(98.0, 0.0)	(99.0, 0.0)	(100.0, 0.0)
SRR5515492_2	(0.0, 0.0)	(1.0, 0.0)	(2.0, 0.0)	(3.0, 0.0)	(4.0, 0.0)	(5.0, 0.0)	(6.0, 0.0)	(7.0, 0.0)	(8.0, 0.0)	(9.0, 0.0)	(10.0, 0.0)	(11.0, 0.0)	(12.0, 0.0)	(13.0, 0.0)	(14.0, 0.0)	(15.0, 0.0)	(16.0, 0.0)	(17.0, 0.0)	(18.0, 0.0)	(19.0, 0.0)	(20.0, 0.0)	(21.0, 0.0)	(22.0, 0.0)	(23.0, 0.0)	(24.0, 0.0)	(25.0, 0.0)	(26.0, 0.0)	(27.0, 0.0)	(28.0, 0.0)	(29.0, 0.0)	(30.0, 0.0)	(31.0, 0.0)	(32.0, 0.0)	(33.0, 0.0)	(34.0, 0.0)	(35.0, 0.0)	(36.0, 0.0)	(37.0, 0.0)	(38.0, 0.0)	(39.0, 1.25)	(40.0, 1.25)	(41.0, 6.25)	(42.0, 10.0)	(43.0, 8.75)	(44.0, 15.25)	(45.0, 25.75)	(46.0, 47.25)	(47.0, 53.75)	(48.0, 78.75)	(49.0, 142.25)	(50.0, 279.25)	(51.0, 543.0)	(52.0, 814.0)	(53.0, 801.75)	(54.0, 525.75)	(55.0, 421.75)	(56.0, 446.75)	(57.0, 361.0)	(58.0, 230.75)	(59.0, 149.5)	(60.0, 103.5)	(61.0, 69.75)	(62.0, 45.75)	(63.0, 36.0)	(64.0, 31.25)	(65.0, 18.5)	(66.0, 11.0)	(67.0, 9.5)	(68.0, 8.5)	(69.0, 7.5)	(70.0, 2.5)	(71.0, 1.0)	(72.0, 0.75)	(73.0, 0.5)	(74.0, 0.0)	(75.0, 0.0)	(76.0, 0.0)	(77.0, 0.0)	(78.0, 0.0)	(79.0, 0.25)	(80.0, 0.25)	(81.0, 0.0)	(82.0, 0.0)	(83.0, 0.0)	(84.0, 0.0)	(85.0, 0.0)	(86.0, 0.0)	(87.0, 0.25)	(88.0, 0.0)	(89.0, 0.25)	(90.0, 0.25)	(91.0, 0.0)	(92.0, 0.0)	(93.0, 0.0)	(94.0, 0.0)	(95.0, 0.0)	(96.0, 0.0)	(97.0, 0.0)	(98.0, 0.0)	(99.0, 0.0)	(100.0, 0.0)
SRR5515493_1	(0.0, 0.0)	(1.0, 0.0)	(2.0, 0.0)	(3.0, 0.0)	(4.0, 0.0)	(5.0, 0.0)	(6.0, 0.0)	(7.0, 0.0)	(8.0, 0.0)	(9.0, 0.0)	(10.0, 0.0)	(11.0, 0.0)	(12.0, 0.0)	(13.0, 0.0)	(14.0, 0.0)	(15.0, 0.0)	(16.0, 0.0)	(17.0, 0.0)	(18.0, 0.0)	(19.0, 0.0)	(20.0, 0.0)	(21.0, 0.0)	(22.0, 0.0)	(23.0, 0.0)	(24.0, 0.0)	(25.0, 0.0)	(26.0, 0.0)	(27.0, 0.0)	(28.0, 0.0)	(29.0, 0.0)	(30.0, 0.0)	(31.0, 0.0)	(32.0, 0.0)	(33.0, 0.0)	(34.0, 0.0)	(35.0, 0.0)	(36.0, 0.0)	(37.0, 0.0)	(38.0, 0.0)	(39.0, 0.0)	(40.0, 0.0)	(41.0, 0.0)	(42.0, 0.0)	(43.0, 0.0)	(44.0, 0.0)	(45.0, 0.5)	(46.0, 0.5)	(47.0, 4.0)	(48.0, 84.25)	(49.0, 170.5)	(50.0, 84.75)	(51.0, 480.5)	(52.0, 1039.25)	(53.0, 771.0)	(54.0, 1047.75)	(55.0, 652.5)	(56.0, 594.75)	(57.0, 334.75)	(58.0, 205.5)	(59.0, 162.5)	(60.0, 172.25)	(61.0, 32.0)	(62.0, 8.5)	(63.0, 2.25)	(64.0, 5.0)	(65.0, 6.5)	(66.0, 4.0)	(67.0, 2.0)	(68.0, 1.25)	(69.0, 0.25)	(70.0, 0.0)	(71.0, 0.0)	(72.0, 0.0)	(73.0, 0.0)	(74.0, 0.0)	(75.0, 0.0)	(76.0, 0.0)	(77.0, 0.0)	(78.0, 0.0)	(79.0, 0.0)	(80.0, 0.0)	(81.0, 0.0)	(82.0, 0.0)	(83.0, 0.0)	(84.0, 0.0)	(85.0, 0.0)	(86.0, 0.0)	(87.0, 0.0)	(88.0, 0.0)	(89.0, 0.0)	(90.0, 0.0)	(91.0, 0.0)	(92.0, 0.0)	(93.0, 0.0)	(94.0, 0.0)	(95.0, 0.0)	(96.0, 0.0)	(97.0, 0.0)	(98.0, 0.0)	(99.0, 0.0)	(100.0, 0.0)
SRR5515493_2	(0.0, 0.0)	(1.0, 0.0)	(2.0, 0.0)	(3.0, 0.0)	(4.0, 0.0)	(5.0, 0.0)	(6.0, 0.0)	(7.0, 0.0)	(8.0, 0.0)	(9.0, 0.0)	(10.0, 0.0)	(11.0, 0.0)	(12.0, 0.0)	(13.0, 0.0)	(14.0, 0.0)	(15.0, 0.0)	(16.0, 0.0)	(17.0, 0.0)	(18.0, 0.0)	(19.0, 0.0)	(20.0, 0.0)	(21.0, 0.0)	(22.0, 0.0)	(23.0, 0.0)	(24.0, 0.0)	(25.0, 0.0)	(26.0, 0.0)	(27.0, 0.0)	(28.0, 0.0)	(29.0, 0.0)	(30.0, 0.5)	(31.0, 0.25)	(32.0, 0.25)	(33.0, 0.75)	(34.0, 0.25)	(35.0, 0.0)	(36.0, 0.0)	(37.0, 0.0)	(38.0, 0.25)	(39.0, 0.0)	(40.0, 1.0)	(41.0, 3.5)	(42.0, 7.75)	(43.0, 12.0)	(44.0, 40.5)	(45.0, 71.25)	(46.0, 52.25)	(47.0, 55.5)	(48.0, 74.5)	(49.0, 152.75)	(50.0, 337.75)	(51.0, 600.75)	(52.0, 727.75)	(53.0, 681.5)	(54.0, 572.75)	(55.0, 463.0)	(56.0, 479.25)	(57.0, 413.25)	(58.0, 284.0)	(59.0, 180.5)	(60.0, 133.25)	(61.0, 128.75)	(62.0, 107.75)	(63.0, 70.75)	(64.0, 39.25)	(65.0, 24.5)	(66.0, 10.75)	(67.0, 6.5)	(68.0, 2.5)	(69.0, 2.25)	(70.0, 2.25)	(71.0, 1.25)	(72.0, 0.75)	(73.0, 0.75)	(74.0, 0.25)	(75.0, 0.25)	(76.0, 0.0)	(77.0, 0.0)	(78.0, 0.25)	(79.0, 0.25)	(80.0, 0.0)	(81.0, 0.0)	(82.0, 0.0)	(83.0, 0.0)	(84.0, 0.0)	(85.0, 0.25)	(86.0, 0.25)	(87.0, 0.0)	(88.0, 0.0)	(89.0, 0.0)	(90.0, 0.0)	(91.0, 0.0)	(92.0, 0.0)	(93.0, 0.0)	(94.0, 0.0)	(95.0, 0.0)	(96.0, 0.0)	(97.0, 0.0)	(98.0, 0.0)	(99.0, 0.0)	(100.0, 0.0)
SRR5515494_1	(0.0, 0.0)	(1.0, 0.0)	(2.0, 0.0)	(3.0, 0.0)	(4.0, 0.0)	(5.0, 0.0)	(6.0, 0.0)	(7.0, 0.0)	(8.0, 0.0)	(9.0, 0.0)	(10.0, 0.0)	(11.0, 0.0)	(12.0, 0.0)	(13.0, 0.0)	(14.0, 0.0)	(15.0, 0.0)	(16.0, 0.0)	(17.0, 0.0)	(18.0, 0.0)	(19.0, 0.0)	(20.0, 0.0)	(21.0, 0.0)	(22.0, 0.0)	(23.0, 0.0)	(24.0, 0.0)	(25.0, 0.0)	(26.0, 0.0)	(27.0, 0.0)	(28.0, 0.0)	(29.0, 0.0)	(30.0, 0.0)	(31.0, 0.0)	(32.0, 0.0)	(33.0, 0.0)	(34.0, 0.0)	(35.0, 0.0)	(36.0, 0.25)	(37.0, 0.25)	(38.0, 0.0)	(39.0, 0.0)	(40.0, 0.0)	(41.0, 0.0)	(42.0, 0.0)	(43.0, 0.0)	(44.0, 0.0)	(45.0, 0.0)	(46.0, 0.5)	(47.0, 4.25)	(48.0, 11.5)	(49.0, 22.5)	(50.0, 57.75)	(51.0, 819.75)	(52.0, 1296.5)	(53.0, 641.0)	(54.0, 653.75)	(55.0, 693.25)	(56.0, 653.75)	(57.0, 341.75)	(58.0, 214.5)	(59.0, 385.0)	(60.0, 115.25)	(61.0, 12.25)	(62.0, 4.5)	(63.0, 1.5)	(64.0, 3.0)	(65.0, 11.75)	(66.0, 18.25)	(67.0, 7.5)	(68.0, 1.25)	(69.0, 0.25)	(70.0, 0.0)	(71.0, 0.0)	(72.0, 0.0)	(73.0, 0.0)	(74.0, 0.0)	(75.0, 0.0)	(76.0, 0.0)	(77.0, 0.0)	(78.0, 0.0)	(79.0, 0.0)	(80.0, 0.0)	(81.0, 0.0)	(82.0, 0.0)	(83.0, 0.0)	(84.0, 0.0)	(85.0, 0.0)	(86.0, 0.0)	(87.0, 0.0)	(88.0, 0.0)	(89.0, 0.0)	(90.0, 0.0)	(91.0, 0.0)	(92.0, 0.0)	(93.0, 0.0)	(94.0, 0.0)	(95.0, 0.0)	(96.0, 0.0)	(97.0, 0.0)	(98.0, 0.0)	(99.0, 0.0)	(100.0, 0.0)
SRR5515494_2	(0.0, 0.0)	(1.0, 0.0)	(2.0, 0.0)	(3.0, 0.0)	(4.0, 0.0)	(5.0, 0.0)	(6.0, 0.0)	(7.0, 0.0)	(8.0, 0.0)	(9.0, 0.0)	(10.0, 0.0)	(11.0, 0.0)	(12.0, 0.0)	(13.0, 0.0)	(14.0, 0.0)	(15.0, 0.0)	(16.0, 0.0)	(17.0, 0.0)	(18.0, 0.0)	(19.0, 0.0)	(20.0, 0.0)	(21.0, 0.0)	(22.0, 0.0)	(23.0, 0.0)	(24.0, 0.0)	(25.0, 0.0)	(26.0, 0.0)	(27.0, 0.0)	(28.0, 0.0)	(29.0, 0.0)	(30.0, 0.0)	(31.0, 0.0)	(32.0, 0.0)	(33.0, 0.0)	(34.0, 0.0)	(35.0, 0.0)	(36.0, 0.0)	(37.0, 0.0)	(38.0, 0.25)	(39.0, 0.5)	(40.0, 0.25)	(41.0, 2.75)	(42.0, 3.75)	(43.0, 9.25)	(44.0, 11.75)	(45.0, 20.0)	(46.0, 31.0)	(47.0, 46.0)	(48.0, 89.0)	(49.0, 165.0)	(50.0, 368.5)	(51.0, 747.75)	(52.0, 961.0)	(53.0, 808.25)	(54.0, 518.5)	(55.0, 411.25)	(56.0, 419.75)	(57.0, 366.5)	(58.0, 275.5)	(59.0, 209.0)	(60.0, 149.25)	(61.0, 132.5)	(62.0, 87.0)	(63.0, 37.75)	(64.0, 18.25)	(65.0, 8.75)	(66.0, 5.5)	(67.0, 9.25)	(68.0, 9.0)	(69.0, 7.75)	(70.0, 8.25)	(71.0, 5.0)	(72.0, 3.25)	(73.0, 0.5)	(74.0, 0.25)	(75.0, 0.25)	(76.0, 0.25)	(77.0, 0.0)	(78.0, 0.0)	(79.0, 0.0)	(80.0, 0.0)	(81.0, 0.25)	(82.0, 0.0)	(83.0, 0.0)	(84.0, 0.25)	(85.0, 0.25)	(86.0, 0.0)	(87.0, 0.0)	(88.0, 0.0)	(89.0, 0.0)	(90.0, 0.0)	(91.0, 0.0)	(92.0, 0.0)	(93.0, 0.0)	(94.0, 0.0)	(95.0, 0.0)	(96.0, 0.0)	(97.0, 0.0)	(98.0, 0.0)	(99.0, 0.0)	(100.0, 0.0)
SRR5515495_1	(0.0, 0.0)	(1.0, 0.0)	(2.0, 0.0)	(3.0, 0.0)	(4.0, 0.0)	(5.0, 0.0)	(6.0, 0.0)	(7.0, 0.0)	(8.0, 0.0)	(9.0, 0.0)	(10.0, 0.0)	(11.0, 0.0)	(12.0, 0.0)	(13.0, 0.0)	(14.0, 0.0)	(15.0, 0.0)	(16.0, 0.0)	(17.0, 0.0)	(18.0, 0.0)	(19.0, 0.0)	(20.0, 0.0)	(21.0, 0.0)	(22.0, 0.0)	(23.0, 0.0)	(24.0, 0.0)	(25.0, 0.0)	(26.0, 0.0)	(27.0, 0.0)	(28.0, 0.0)	(29.0, 0.0)	(30.0, 0.0)	(31.0, 0.0)	(32.0, 0.0)	(33.0, 0.0)	(34.0, 0.0)	(35.0, 0.0)	(36.0, 0.0)	(37.0, 0.0)	(38.0, 0.0)	(39.0, 0.0)	(40.0, 0.25)	(41.0, 0.0)	(42.0, 0.0)	(43.0, 0.25)	(44.0, 0.25)	(45.0, 0.5)	(46.0, 0.25)	(47.0, 1.0)	(48.0, 10.25)	(49.0, 14.5)	(50.0, 60.5)	(51.0, 961.5)	(52.0, 1389.25)	(53.0, 822.5)	(54.0, 633.5)	(55.0, 526.75)	(56.0, 710.5)	(57.0, 709.5)	(58.0, 304.5)	(59.0, 319.5)	(60.0, 140.5)	(61.0, 16.25)	(62.0, 4.25)	(63.0, 2.0)	(64.0, 5.5)	(65.0, 15.75)	(66.0, 13.25)	(67.0, 8.5)	(68.0, 0.75)	(69.0, 0.25)	(70.0, 0.0)	(71.0, 0.0)	(72.0, 0.0)	(73.0, 0.0)	(74.0, 0.0)	(75.0, 0.0)	(76.0, 0.0)	(77.0, 0.0)	(78.0, 0.0)	(79.0, 0.0)	(80.0, 0.0)	(81.0, 0.0)	(82.0, 0.0)	(83.0, 0.0)	(84.0, 0.0)	(85.0, 0.0)	(86.0, 0.0)	(87.0, 0.0)	(88.0, 0.0)	(89.0, 0.0)	(90.0, 0.0)	(91.0, 0.0)	(92.0, 0.0)	(93.0, 0.0)	(94.0, 0.0)	(95.0, 0.0)	(96.0, 0.0)	(97.0, 0.0)	(98.0, 0.0)	(99.0, 0.0)	(100.0, 0.0)
SRR5515495_2	(0.0, 0.0)	(1.0, 0.0)	(2.0, 0.0)	(3.0, 0.0)	(4.0, 0.0)	(5.0, 0.0)	(6.0, 0.0)	(7.0, 0.0)	(8.0, 0.0)	(9.0, 0.0)	(10.0, 0.0)	(11.0, 0.0)	(12.0, 0.0)	(13.0, 0.0)	(14.0, 0.0)	(15.0, 0.0)	(16.0, 0.0)	(17.0, 0.0)	(18.0, 0.0)	(19.0, 0.0)	(20.0, 0.0)	(21.0, 0.0)	(22.0, 0.0)	(23.0, 0.0)	(24.0, 0.0)	(25.0, 0.0)	(26.0, 0.0)	(27.0, 0.0)	(28.0, 0.0)	(29.0, 0.0)	(30.0, 0.0)	(31.0, 0.0)	(32.0, 0.0)	(33.0, 0.0)	(34.0, 0.0)	(35.0, 0.0)	(36.0, 0.0)	(37.0, 0.0)	(38.0, 0.0)	(39.0, 0.0)	(40.0, 0.25)	(41.0, 0.5)	(42.0, 2.0)	(43.0, 3.5)	(44.0, 13.5)	(45.0, 25.5)	(46.0, 27.25)	(47.0, 41.75)	(48.0, 69.0)	(49.0, 123.5)	(50.0, 290.75)	(51.0, 758.0)	(52.0, 1242.75)	(53.0, 1162.25)	(54.0, 716.5)	(55.0, 478.25)	(56.0, 412.0)	(57.0, 324.25)	(58.0, 222.0)	(59.0, 143.25)	(60.0, 116.25)	(61.0, 161.25)	(62.0, 113.0)	(63.0, 52.5)	(64.0, 22.5)	(65.0, 11.0)	(66.0, 8.25)	(67.0, 13.0)	(68.0, 10.0)	(69.0, 7.25)	(70.0, 4.5)	(71.0, 3.25)	(72.0, 2.5)	(73.0, 0.75)	(74.0, 0.5)	(75.0, 0.25)	(76.0, 0.0)	(77.0, 0.25)	(78.0, 0.25)	(79.0, 0.0)	(80.0, 0.0)	(81.0, 0.0)	(82.0, 0.0)	(83.0, 0.0)	(84.0, 0.0)	(85.0, 0.0)	(86.0, 0.25)	(87.0, 0.0)	(88.0, 0.0)	(89.0, 0.0)	(90.0, 0.0)	(91.0, 0.0)	(92.0, 0.0)	(93.0, 0.25)	(94.0, 0.25)	(95.0, 0.25)	(96.0, 0.0)	(97.0, 0.0)	(98.0, 0.0)	(99.0, 0.0)	(100.0, 0.0)
SRR5515496_1	(0.0, 0.0)	(1.0, 0.0)	(2.0, 0.0)	(3.0, 0.0)	(4.0, 0.0)	(5.0, 0.0)	(6.0, 0.0)	(7.0, 0.0)	(8.0, 0.0)	(9.0, 0.0)	(10.0, 0.0)	(11.0, 0.0)	(12.0, 0.0)	(13.0, 0.0)	(14.0, 0.0)	(15.0, 0.0)	(16.0, 0.0)	(17.0, 0.0)	(18.0, 0.0)	(19.0, 0.0)	(20.0, 0.0)	(21.0, 0.0)	(22.0, 0.0)	(23.0, 0.0)	(24.0, 0.0)	(25.0, 0.0)	(26.0, 0.0)	(27.0, 0.0)	(28.0, 0.0)	(29.0, 0.0)	(30.0, 0.0)	(31.0, 0.0)	(32.0, 0.0)	(33.0, 0.0)	(34.0, 0.0)	(35.0, 0.0)	(36.0, 0.0)	(37.0, 0.0)	(38.0, 0.0)	(39.0, 0.0)	(40.0, 0.0)	(41.0, 0.25)	(42.0, 0.0)	(43.0, 0.25)	(44.0, 0.0)	(45.0, 0.25)	(46.0, 0.25)	(47.0, 3.75)	(48.0, 54.5)	(49.0, 149.5)	(50.0, 99.75)	(51.0, 501.0)	(52.0, 869.0)	(53.0, 669.25)	(54.0, 724.75)	(55.0, 672.25)	(56.0, 633.25)	(57.0, 567.0)	(58.0, 341.25)	(59.0, 204.5)	(60.0, 113.75)	(61.0, 17.75)	(62.0, 13.25)	(63.0, 2.75)	(64.0, 5.25)	(65.0, 6.25)	(66.0, 4.75)	(67.0, 0.75)	(68.0, 0.25)	(69.0, 0.25)	(70.0, 0.0)	(71.0, 0.0)	(72.0, 0.0)	(73.0, 0.0)	(74.0, 0.0)	(75.0, 0.0)	(76.0, 0.0)	(77.0, 0.0)	(78.0, 0.0)	(79.0, 0.0)	(80.0, 0.0)	(81.0, 0.0)	(82.0, 0.0)	(83.0, 0.0)	(84.0, 0.0)	(85.0, 0.0)	(86.0, 0.0)	(87.0, 0.0)	(88.0, 0.0)	(89.0, 0.0)	(90.0, 0.0)	(91.0, 0.0)	(92.0, 0.0)	(93.0, 0.0)	(94.0, 0.0)	(95.0, 0.0)	(96.0, 0.0)	(97.0, 0.0)	(98.0, 0.0)	(99.0, 0.0)	(100.0, 0.0)
SRR5515496_2	(0.0, 0.0)	(1.0, 0.0)	(2.0, 0.0)	(3.0, 0.0)	(4.0, 0.0)	(5.0, 0.0)	(6.0, 0.0)	(7.0, 0.0)	(8.0, 0.0)	(9.0, 0.0)	(10.0, 0.0)	(11.0, 0.0)	(12.0, 0.0)	(13.0, 0.0)	(14.0, 0.0)	(15.0, 0.0)	(16.0, 0.0)	(17.0, 0.0)	(18.0, 0.0)	(19.0, 0.0)	(20.0, 0.0)	(21.0, 0.0)	(22.0, 0.0)	(23.0, 0.0)	(24.0, 0.0)	(25.0, 0.0)	(26.0, 0.0)	(27.0, 0.0)	(28.0, 0.0)	(29.0, 0.0)	(30.0, 0.0)	(31.0, 0.0)	(32.0, 0.0)	(33.0, 0.0)	(34.0, 0.0)	(35.0, 0.0)	(36.0, 0.0)	(37.0, 0.0)	(38.0, 0.0)	(39.0, 1.0)	(40.0, 1.75)	(41.0, 2.25)	(42.0, 5.75)	(43.0, 15.5)	(44.0, 42.25)	(45.0, 63.5)	(46.0, 44.75)	(47.0, 43.25)	(48.0, 57.0)	(49.0, 118.5)	(50.0, 269.75)	(51.0, 470.75)	(52.0, 649.25)	(53.0, 690.5)	(54.0, 540.0)	(55.0, 465.25)	(56.0, 454.25)	(57.0, 422.5)	(58.0, 358.75)	(59.0, 249.5)	(60.0, 172.75)	(61.0, 129.25)	(62.0, 101.75)	(63.0, 75.5)	(64.0, 46.75)	(65.0, 24.0)	(66.0, 11.25)	(67.0, 6.75)	(68.0, 4.75)	(69.0, 2.25)	(70.0, 2.75)	(71.0, 1.5)	(72.0, 0.5)	(73.0, 0.75)	(74.0, 0.5)	(75.0, 0.25)	(76.0, 0.25)	(77.0, 0.0)	(78.0, 0.0)	(79.0, 0.25)	(80.0, 0.0)	(81.0, 0.0)	(82.0, 0.0)	(83.0, 0.0)	(84.0, 0.0)	(85.0, 0.0)	(86.0, 0.0)	(87.0, 0.0)	(88.0, 0.0)	(89.0, 0.0)	(90.0, 0.0)	(91.0, 0.0)	(92.0, 0.0)	(93.0, 0.0)	(94.0, 0.0)	(95.0, 0.0)	(96.0, 0.0)	(97.0, 0.0)	(98.0, 0.0)	(99.0, 0.0)	(100.0, 0.0)
