Sample	0	1	2	3	4	5	6	7	8	9	10	11	12	13	14	15	16	17	18	19	20	21	22	23	24	25	26	27	28	29	30	31	32	33	34	35	36	37	38	39	40	41	42	43	44	45	46	47	48	49	50	51	52	53	54	55	56	57	58	59	60	61	62	63	64	65	66	67	68	69	70	71	72	73	74	75	76	77	78	79	80	81	82	83	84	85	86	87	88	89	90	91	92	93	94	95	96	97	98	99	100
SRR1542197_1	(0.0, 0.0)	(1.0, 0.0)	(2.0, 0.0)	(3.0, 0.0)	(4.0, 0.0)	(5.0, 0.0)	(6.0, 0.0)	(7.0, 0.0)	(8.0, 0.0)	(9.0, 0.0)	(10.0, 0.0)	(11.0, 0.0)	(12.0, 0.0)	(13.0, 0.0)	(14.0, 0.0)	(15.0, 0.0)	(16.0, 0.0)	(17.0, 0.0)	(18.0, 0.0)	(19.0, 0.0)	(20.0, 0.0)	(21.0, 0.0)	(22.0, 0.0)	(23.0, 0.0)	(24.0, 0.0)	(25.0, 0.0)	(26.0, 0.0)	(27.0, 0.0)	(28.0, 0.0)	(29.0, 0.0)	(30.0, 0.0)	(31.0, 0.0)	(32.0, 0.0)	(33.0, 0.0)	(34.0, 0.0)	(35.0, 0.0)	(36.0, 0.0)	(37.0, 0.0)	(38.0, 0.0)	(39.0, 0.0)	(40.0, 0.0)	(41.0, 0.3333333333333333)	(42.0, 1.0)	(43.0, 0.6666666666666666)	(44.0, 3.0)	(45.0, 13.666666666666673)	(46.0, 20.999999999999993)	(47.0, 49.66666666666674)	(48.0, 112.99999999999947)	(49.0, 270.3333333333354)	(50.0, 968.0000000000401)	(51.0, 2502.666666666687)	(52.0, 2885.666666666861)	(53.0, 3293.6666666670467)	(54.0, 3794.333333333941)	(55.0, 2693.000000000107)	(56.0, 1807.3333333332016)	(57.0, 802.0000000000213)	(58.0, 355.6666666666639)	(59.0, 177.66666666666734)	(60.0, 91.33333333333312)	(61.0, 58.666666666666806)	(62.0, 47.66666666666673)	(63.0, 63.333333333333506)	(64.0, 121.99999999999935)	(65.0, 204.33333333333476)	(66.0, 120.99999999999936)	(67.0, 40.66666666666668)	(68.0, 10.333333333333334)	(69.0, 4.333333333333333)	(70.0, 1.6666666666666665)	(71.0, 0.0)	(72.0, 0.0)	(73.0, 0.0)	(74.0, 0.0)	(75.0, 0.0)	(76.0, 0.0)	(77.0, 0.0)	(78.0, 0.0)	(79.0, 0.0)	(80.0, 0.0)	(81.0, 0.0)	(82.0, 0.0)	(83.0, 0.0)	(84.0, 0.0)	(85.0, 0.0)	(86.0, 0.0)	(87.0, 0.0)	(88.0, 0.0)	(89.0, 0.0)	(90.0, 0.0)	(91.0, 0.0)	(92.0, 0.0)	(93.0, 0.0)	(94.0, 0.0)	(95.0, 0.0)	(96.0, 0.0)	(97.0, 0.0)	(98.0, 0.0)	(99.0, 0.0)	(100.0, 0.0)
SRR1542197_2	(0.0, 0.0)	(1.0, 0.0)	(2.0, 0.0)	(3.0, 0.0)	(4.0, 0.0)	(5.0, 0.0)	(6.0, 0.0)	(7.0, 0.0)	(8.0, 0.0)	(9.0, 0.0)	(10.0, 0.0)	(11.0, 0.0)	(12.0, 0.0)	(13.0, 0.0)	(14.0, 0.0)	(15.0, 0.0)	(16.0, 0.0)	(17.0, 0.0)	(18.0, 0.0)	(19.0, 0.0)	(20.0, 0.0)	(21.0, 0.0)	(22.0, 0.0)	(23.0, 0.0)	(24.0, 0.0)	(25.0, 0.0)	(26.0, 0.0)	(27.0, 0.0)	(28.0, 0.0)	(29.0, 0.0)	(30.0, 0.0)	(31.0, 0.0)	(32.0, 0.0)	(33.0, 0.0)	(34.0, 0.0)	(35.0, 0.6666666666666666)	(36.0, 1.0)	(37.0, 0.0)	(38.0, 0.3333333333333333)	(39.0, 0.6666666666666666)	(40.0, 0.3333333333333333)	(41.0, 0.3333333333333333)	(42.0, 1.6666666666666665)	(43.0, 4.0)	(44.0, 5.999999999999998)	(45.0, 8.999999999999998)	(46.0, 23.999999999999982)	(47.0, 57.333333333333464)	(48.0, 134.33333333333277)	(49.0, 512.666666666655)	(50.0, 676.0000000000069)	(51.0, 933.3333333333695)	(52.0, 1585.9999999999186)	(53.0, 2416.3333333333144)	(54.0, 3640.333333333871)	(55.0, 3397.666666667094)	(56.0, 2468.333333333338)	(57.0, 1685.3333333332293)	(58.0, 1124.6666666666902)	(59.0, 565.3333333333277)	(60.0, 288.3333333333344)	(61.0, 155.00000000000003)	(62.0, 72.66666666666671)	(63.0, 46.333333333333385)	(64.0, 29.99999999999996)	(65.0, 30.666666666666625)	(66.0, 32.66666666666662)	(67.0, 60.66666666666682)	(68.0, 145.66666666666643)	(69.0, 173.66666666666723)	(70.0, 90.33333333333313)	(71.0, 27.999999999999968)	(72.0, 12.333333333333337)	(73.0, 3.0)	(74.0, 1.3333333333333333)	(75.0, 1.0)	(76.0, 0.3333333333333333)	(77.0, 0.6666666666666666)	(78.0, 0.0)	(79.0, 0.0)	(80.0, 0.3333333333333333)	(81.0, 0.0)	(82.0, 0.3333333333333333)	(83.0, 0.3333333333333333)	(84.0, 0.0)	(85.0, 0.0)	(86.0, 0.0)	(87.0, 0.0)	(88.0, 0.0)	(89.0, 0.0)	(90.0, 0.0)	(91.0, 0.0)	(92.0, 0.0)	(93.0, 0.0)	(94.0, 0.0)	(95.0, 0.0)	(96.0, 0.0)	(97.0, 0.0)	(98.0, 0.0)	(99.0, 0.0)	(100.0, 0.5)
SRR1542199_1	(0.0, 0.0)	(1.0, 0.0)	(2.0, 0.0)	(3.0, 0.0)	(4.0, 0.0)	(5.0, 0.0)	(6.0, 0.0)	(7.0, 0.0)	(8.0, 0.0)	(9.0, 0.0)	(10.0, 0.0)	(11.0, 0.0)	(12.0, 0.0)	(13.0, 0.0)	(14.0, 0.0)	(15.0, 0.0)	(16.0, 0.0)	(17.0, 0.0)	(18.0, 0.0)	(19.0, 0.0)	(20.0, 0.0)	(21.0, 0.0)	(22.0, 0.0)	(23.0, 0.0)	(24.0, 0.0)	(25.0, 0.0)	(26.0, 0.0)	(27.0, 0.0)	(28.0, 0.0)	(29.0, 0.0)	(30.0, 0.0)	(31.0, 0.0)	(32.0, 0.0)	(33.0, 0.3333333333333333)	(34.0, 0.0)	(35.0, 0.0)	(36.0, 0.0)	(37.0, 0.0)	(38.0, 0.6666666666666666)	(39.0, 0.6666666666666666)	(40.0, 0.0)	(41.0, 0.0)	(42.0, 0.3333333333333333)	(43.0, 1.9999999999999998)	(44.0, 5.999999999999998)	(45.0, 26.66666666666664)	(46.0, 102.33333333333296)	(47.0, 183.6666666666675)	(48.0, 195.3333333333345)	(49.0, 365.66666666666333)	(50.0, 2130.3333333331843)	(51.0, 8240.999999997108)	(52.0, 8208.333333330382)	(53.0, 3664.0000000005484)	(54.0, 2910.333333333539)	(55.0, 2439.333333333325)	(56.0, 1838.6666666665278)	(57.0, 1219.000000000002)	(58.0, 648.3333333333371)	(59.0, 362.3333333333302)	(60.0, 177.66666666666734)	(61.0, 90.99999999999979)	(62.0, 44.66666666666671)	(63.0, 23.999999999999982)	(64.0, 13.000000000000005)	(65.0, 8.666666666666664)	(66.0, 4.333333333333333)	(67.0, 1.9999999999999998)	(68.0, 4.999999999999999)	(69.0, 6.333333333333331)	(70.0, 3.666666666666667)	(71.0, 3.666666666666667)	(72.0, 1.3333333333333333)	(73.0, 0.6666666666666666)	(74.0, 0.0)	(75.0, 0.6666666666666666)	(76.0, 0.0)	(77.0, 0.0)	(78.0, 0.0)	(79.0, 0.0)	(80.0, 0.0)	(81.0, 0.0)	(82.0, 0.0)	(83.0, 0.0)	(84.0, 0.0)	(85.0, 0.0)	(86.0, 0.0)	(87.0, 0.0)	(88.0, 0.0)	(89.0, 0.3333333333333333)	(90.0, 0.3333333333333333)	(91.0, 0.0)	(92.0, 0.0)	(93.0, 0.0)	(94.0, 0.0)	(95.0, 0.0)	(96.0, 0.0)	(97.0, 0.0)	(98.0, 0.0)	(99.0, 0.0)	(100.0, 0.0)
SRR1542199_2	(0.0, 0.0)	(1.0, 0.0)	(2.0, 0.0)	(3.0, 0.0)	(4.0, 0.0)	(5.0, 0.0)	(6.0, 0.0)	(7.0, 0.0)	(8.0, 0.0)	(9.0, 0.0)	(10.0, 0.0)	(11.0, 0.0)	(12.0, 0.0)	(13.0, 0.0)	(14.0, 0.0)	(15.0, 0.0)	(16.0, 0.0)	(17.0, 0.0)	(18.0, 0.0)	(19.0, 0.0)	(20.0, 0.0)	(21.0, 0.0)	(22.0, 0.0)	(23.0, 0.0)	(24.0, 0.0)	(25.0, 0.0)	(26.0, 0.0)	(27.0, 0.0)	(28.0, 0.0)	(29.0, 0.0)	(30.0, 0.0)	(31.0, 0.0)	(32.0, 0.0)	(33.0, 0.0)	(34.0, 0.0)	(35.0, 0.0)	(36.0, 0.0)	(37.0, 0.0)	(38.0, 0.3333333333333333)	(39.0, 0.3333333333333333)	(40.0, 0.3333333333333333)	(41.0, 1.0)	(42.0, 1.6666666666666665)	(43.0, 1.6666666666666665)	(44.0, 8.999999999999998)	(45.0, 18.666666666666668)	(46.0, 41.000000000000014)	(47.0, 138.3333333333329)	(48.0, 322.9999999999991)	(49.0, 975.6666666667077)	(50.0, 1610.999999999913)	(51.0, 1780.9999999998743)	(52.0, 3159.3333333336523)	(53.0, 6723.333333331689)	(54.0, 6876.3333333315495)	(55.0, 4002.000000000702)	(56.0, 2554.6666666667106)	(57.0, 1829.3333333331966)	(58.0, 1425.999999999955)	(59.0, 791.3333333333534)	(60.0, 416.66666666666043)	(61.0, 216.3333333333351)	(62.0, 91.33333333333312)	(63.0, 37.99999999999999)	(64.0, 17.33333333333334)	(65.0, 5.666666666666665)	(66.0, 4.333333333333333)	(67.0, 4.666666666666666)	(68.0, 4.666666666666666)	(69.0, 5.333333333333332)	(70.0, 4.0)	(71.0, 2.333333333333333)	(72.0, 4.0)	(73.0, 2.333333333333333)	(74.0, 1.0)	(75.0, 0.6666666666666666)	(76.0, 0.3333333333333333)	(77.0, 0.0)	(78.0, 0.0)	(79.0, 0.0)	(80.0, 0.0)	(81.0, 0.3333333333333333)	(82.0, 0.3333333333333333)	(83.0, 0.3333333333333333)	(84.0, 0.0)	(85.0, 0.0)	(86.0, 0.0)	(87.0, 0.3333333333333333)	(88.0, 0.3333333333333333)	(89.0, 0.0)	(90.0, 0.3333333333333333)	(91.0, 0.0)	(92.0, 0.0)	(93.0, 0.0)	(94.0, 0.0)	(95.0, 0.0)	(96.0, 0.0)	(97.0, 0.0)	(98.0, 0.0)	(99.0, 0.3333333333333333)	(100.0, 0.0)
SRR1542200_1	(0.0, 0.0)	(1.0, 0.0)	(2.0, 0.0)	(3.0, 0.0)	(4.0, 0.0)	(5.0, 0.0)	(6.0, 0.0)	(7.0, 0.0)	(8.0, 0.0)	(9.0, 0.0)	(10.0, 0.0)	(11.0, 0.0)	(12.0, 0.0)	(13.0, 0.0)	(14.0, 0.0)	(15.0, 0.0)	(16.0, 0.0)	(17.0, 0.0)	(18.0, 0.0)	(19.0, 0.0)	(20.0, 0.0)	(21.0, 0.0)	(22.0, 0.0)	(23.0, 0.0)	(24.0, 0.0)	(25.0, 0.0)	(26.0, 0.0)	(27.0, 0.0)	(28.0, 0.0)	(29.0, 0.0)	(30.0, 0.0)	(31.0, 0.0)	(32.0, 0.0)	(33.0, 0.0)	(34.0, 0.0)	(35.0, 0.0)	(36.0, 0.0)	(37.0, 0.0)	(38.0, 0.3333333333333333)	(39.0, 0.3333333333333333)	(40.0, 0.6666666666666666)	(41.0, 0.0)	(42.0, 0.0)	(43.0, 0.6666666666666666)	(44.0, 2.333333333333333)	(45.0, 38.666666666666664)	(46.0, 259.33333333333604)	(47.0, 218.33333333333516)	(48.0, 150.66666666666657)	(49.0, 437.3333333333259)	(50.0, 1891.999999999849)	(51.0, 5647.999999999333)	(52.0, 5133.333333333135)	(53.0, 2811.0000000001605)	(54.0, 2020.9999999998197)	(55.0, 1791.6666666665385)	(56.0, 2070.333333333157)	(57.0, 1536.3333333332632)	(58.0, 839.3333333333588)	(59.0, 451.66666666665844)	(60.0, 245.0000000000026)	(61.0, 141.66666666666632)	(62.0, 86.99999999999984)	(63.0, 49.33333333333341)	(64.0, 19.333333333333332)	(65.0, 7.9999999999999964)	(66.0, 5.999999999999998)	(67.0, 1.3333333333333333)	(68.0, 0.3333333333333333)	(69.0, 1.0)	(70.0, 0.3333333333333333)	(71.0, 0.0)	(72.0, 0.0)	(73.0, 0.0)	(74.0, 0.0)	(75.0, 0.0)	(76.0, 0.3333333333333333)	(77.0, 0.3333333333333333)	(78.0, 0.0)	(79.0, 0.0)	(80.0, 0.0)	(81.0, 0.0)	(82.0, 0.0)	(83.0, 0.0)	(84.0, 0.0)	(85.0, 0.0)	(86.0, 0.0)	(87.0, 0.0)	(88.0, 0.0)	(89.0, 0.0)	(90.0, 0.0)	(91.0, 0.0)	(92.0, 0.0)	(93.0, 0.0)	(94.0, 0.0)	(95.0, 0.0)	(96.0, 0.0)	(97.0, 0.0)	(98.0, 0.0)	(99.0, 0.0)	(100.0, 0.0)
SRR1542200_2	(0.0, 0.0)	(1.0, 0.0)	(2.0, 0.0)	(3.0, 0.0)	(4.0, 0.0)	(5.0, 0.0)	(6.0, 0.0)	(7.0, 0.0)	(8.0, 0.0)	(9.0, 0.0)	(10.0, 0.0)	(11.0, 0.0)	(12.0, 0.0)	(13.0, 0.0)	(14.0, 0.0)	(15.0, 0.0)	(16.0, 0.0)	(17.0, 0.0)	(18.0, 0.0)	(19.0, 0.0)	(20.0, 0.0)	(21.0, 0.0)	(22.0, 0.0)	(23.0, 0.0)	(24.0, 0.0)	(25.0, 0.0)	(26.0, 0.0)	(27.0, 0.0)	(28.0, 0.0)	(29.0, 0.0)	(30.0, 0.0)	(31.0, 0.0)	(32.0, 0.0)	(33.0, 0.0)	(34.0, 0.0)	(35.0, 0.0)	(36.0, 0.0)	(37.0, 0.0)	(38.0, 0.0)	(39.0, 0.6666666666666666)	(40.0, 1.0)	(41.0, 1.3333333333333333)	(42.0, 3.3333333333333335)	(43.0, 4.0)	(44.0, 5.999999999999998)	(45.0, 14.333333333333341)	(46.0, 45.00000000000004)	(47.0, 182.66666666666748)	(48.0, 557.9999999999935)	(49.0, 1964.9999999998324)	(50.0, 1789.3333333332057)	(51.0, 1591.3333333332507)	(52.0, 2621.3333333334076)	(53.0, 4105.33333333407)	(54.0, 3540.3333333338255)	(55.0, 2413.6666666666465)	(56.0, 2462.000000000002)	(57.0, 1734.9999999998847)	(58.0, 1237.9999999999977)	(59.0, 848.3333333333599)	(60.0, 448.9999999999919)	(61.0, 220.33333333333522)	(62.0, 106.66666666666623)	(63.0, 45.33333333333338)	(64.0, 20.33333333333333)	(65.0, 11.333333333333336)	(66.0, 5.999999999999998)	(67.0, 1.6666666666666665)	(68.0, 1.9999999999999998)	(69.0, 3.0)	(70.0, 1.0)	(71.0, 0.6666666666666666)	(72.0, 1.3333333333333333)	(73.0, 0.6666666666666666)	(74.0, 0.3333333333333333)	(75.0, 0.0)	(76.0, 0.0)	(77.0, 0.3333333333333333)	(78.0, 0.6666666666666666)	(79.0, 0.0)	(80.0, 0.0)	(81.0, 0.3333333333333333)	(82.0, 0.0)	(83.0, 0.0)	(84.0, 0.0)	(85.0, 0.0)	(86.0, 0.0)	(87.0, 0.0)	(88.0, 0.3333333333333333)	(89.0, 0.3333333333333333)	(90.0, 0.0)	(91.0, 0.0)	(92.0, 0.3333333333333333)	(93.0, 0.0)	(94.0, 0.0)	(95.0, 0.0)	(96.0, 0.0)	(97.0, 0.0)	(98.0, 0.0)	(99.0, 0.0)	(100.0, 0.0)
SRR1542201_1	(0.0, 0.0)	(1.0, 0.0)	(2.0, 0.0)	(3.0, 0.0)	(4.0, 0.0)	(5.0, 0.0)	(6.0, 0.0)	(7.0, 0.0)	(8.0, 0.0)	(9.0, 0.0)	(10.0, 0.0)	(11.0, 0.0)	(12.0, 0.0)	(13.0, 0.0)	(14.0, 0.0)	(15.0, 0.0)	(16.0, 0.0)	(17.0, 0.0)	(18.0, 0.0)	(19.0, 0.0)	(20.0, 0.0)	(21.0, 0.0)	(22.0, 0.0)	(23.0, 0.0)	(24.0, 0.0)	(25.0, 0.0)	(26.0, 0.0)	(27.0, 0.0)	(28.0, 0.0)	(29.0, 0.0)	(30.0, 0.0)	(31.0, 0.0)	(32.0, 0.3333333333333333)	(33.0, 0.6666666666666666)	(34.0, 0.3333333333333333)	(35.0, 0.6666666666666666)	(36.0, 1.3333333333333333)	(37.0, 0.6666666666666666)	(38.0, 0.3333333333333333)	(39.0, 0.0)	(40.0, 0.0)	(41.0, 0.3333333333333333)	(42.0, 1.0)	(43.0, 2.6666666666666665)	(44.0, 7.9999999999999964)	(45.0, 39.0)	(46.0, 111.99999999999949)	(47.0, 172.0000000000005)	(48.0, 164.00000000000028)	(49.0, 246.00000000000261)	(50.0, 842.6666666666925)	(51.0, 1896.3333333331814)	(52.0, 2662.6666666667597)	(53.0, 2624.333333333409)	(54.0, 2451.9999999999973)	(55.0, 3604.3333333338546)	(56.0, 4067.0000000007317)	(57.0, 2088.6666666664987)	(58.0, 885.3333333333641)	(59.0, 390.9999999999952)	(60.0, 193.6666666666678)	(61.0, 96.33333333333304)	(62.0, 55.000000000000114)	(63.0, 33.999999999999964)	(64.0, 22.666666666666654)	(65.0, 18.666666666666668)	(66.0, 6.999999999999997)	(67.0, 4.666666666666666)	(68.0, 3.3333333333333335)	(69.0, 4.0)	(70.0, 2.333333333333333)	(71.0, 3.3333333333333335)	(72.0, 1.6666666666666665)	(73.0, 0.3333333333333333)	(74.0, 0.0)	(75.0, 0.0)	(76.0, 0.0)	(77.0, 0.0)	(78.0, 0.0)	(79.0, 0.0)	(80.0, 0.0)	(81.0, 0.0)	(82.0, 0.0)	(83.0, 0.0)	(84.0, 0.0)	(85.0, 0.0)	(86.0, 0.0)	(87.0, 0.0)	(88.0, 0.0)	(89.0, 0.0)	(90.0, 0.0)	(91.0, 0.0)	(92.0, 0.0)	(93.0, 0.0)	(94.0, 0.0)	(95.0, 0.0)	(96.0, 0.0)	(97.0, 0.0)	(98.0, 0.0)	(99.0, 0.0)	(100.0, 0.0)
SRR1542201_2	(0.0, 0.0)	(1.0, 0.0)	(2.0, 0.0)	(3.0, 0.0)	(4.0, 0.0)	(5.0, 0.0)	(6.0, 0.0)	(7.0, 0.0)	(8.0, 0.0)	(9.0, 0.0)	(10.0, 0.0)	(11.0, 0.0)	(12.0, 0.0)	(13.0, 0.0)	(14.0, 0.0)	(15.0, 0.0)	(16.0, 0.0)	(17.0, 0.0)	(18.0, 0.0)	(19.0, 0.0)	(20.0, 0.0)	(21.0, 0.0)	(22.0, 0.0)	(23.0, 0.3333333333333333)	(24.0, 0.3333333333333333)	(25.0, 0.0)	(26.0, 0.0)	(27.0, 0.0)	(28.0, 0.0)	(29.0, 0.0)	(30.0, 0.0)	(31.0, 0.0)	(32.0, 0.3333333333333333)	(33.0, 0.3333333333333333)	(34.0, 0.3333333333333333)	(35.0, 0.0)	(36.0, 0.0)	(37.0, 0.0)	(38.0, 0.3333333333333333)	(39.0, 0.6666666666666666)	(40.0, 1.6666666666666665)	(41.0, 1.0)	(42.0, 4.333333333333333)	(43.0, 7.666666666666663)	(44.0, 24.333333333333314)	(45.0, 57.333333333333464)	(46.0, 90.99999999999979)	(47.0, 121.66666666666602)	(48.0, 169.6666666666671)	(49.0, 274.6666666666685)	(50.0, 462.99999999999113)	(51.0, 755.3333333333493)	(52.0, 1324.6666666666447)	(53.0, 2253.3333333332403)	(54.0, 3076.666666666948)	(55.0, 3557.3333333338333)	(56.0, 3470.00000000046)	(57.0, 2520.000000000028)	(58.0, 1787.6666666665394)	(59.0, 1084.333333333366)	(60.0, 674.6666666666734)	(61.0, 396.66666666666157)	(62.0, 187.33333333333428)	(63.0, 83.33333333333323)	(64.0, 37.66666666666666)	(65.0, 23.66666666666665)	(66.0, 14.666666666666675)	(67.0, 8.33333333333333)	(68.0, 11.000000000000002)	(69.0, 10.666666666666668)	(70.0, 5.999999999999998)	(71.0, 3.3333333333333335)	(72.0, 3.3333333333333335)	(73.0, 3.3333333333333335)	(74.0, 1.9999999999999998)	(75.0, 1.0)	(76.0, 0.6666666666666666)	(77.0, 0.3333333333333333)	(78.0, 0.3333333333333333)	(79.0, 0.3333333333333333)	(80.0, 0.3333333333333333)	(81.0, 0.3333333333333333)	(82.0, 0.0)	(83.0, 0.0)	(84.0, 0.0)	(85.0, 0.3333333333333333)	(86.0, 0.3333333333333333)	(87.0, 0.0)	(88.0, 0.0)	(89.0, 0.0)	(90.0, 0.3333333333333333)	(91.0, 0.6666666666666666)	(92.0, 0.3333333333333333)	(93.0, 0.0)	(94.0, 0.3333333333333333)	(95.0, 0.3333333333333333)	(96.0, 0.0)	(97.0, 0.0)	(98.0, 0.0)	(99.0, 0.0)	(100.0, 0.0)
SRR1542205_1	(0.0, 0.0)	(1.0, 0.0)	(2.0, 0.0)	(3.0, 0.0)	(4.0, 0.0)	(5.0, 0.0)	(6.0, 0.0)	(7.0, 0.0)	(8.0, 0.0)	(9.0, 0.0)	(10.0, 0.0)	(11.0, 0.0)	(12.0, 0.0)	(13.0, 0.0)	(14.0, 0.0)	(15.0, 0.0)	(16.0, 0.0)	(17.0, 0.0)	(18.0, 0.0)	(19.0, 0.0)	(20.0, 0.0)	(21.0, 0.0)	(22.0, 0.0)	(23.0, 0.0)	(24.0, 0.0)	(25.0, 0.0)	(26.0, 0.0)	(27.0, 0.0)	(28.0, 0.0)	(29.0, 0.0)	(30.0, 0.0)	(31.0, 0.0)	(32.0, 0.0)	(33.0, 0.0)	(34.0, 0.0)	(35.0, 0.0)	(36.0, 0.0)	(37.0, 0.0)	(38.0, 0.3333333333333333)	(39.0, 0.3333333333333333)	(40.0, 0.0)	(41.0, 0.3333333333333333)	(42.0, 0.3333333333333333)	(43.0, 3.0)	(44.0, 5.666666666666665)	(45.0, 27.333333333333304)	(46.0, 96.33333333333304)	(47.0, 114.99999999999945)	(48.0, 159.33333333333348)	(49.0, 518.9999999999891)	(50.0, 1871.333333333187)	(51.0, 4711.333333333519)	(52.0, 5099.999999999832)	(53.0, 4165.666666667348)	(54.0, 5131.66666666647)	(55.0, 4549.333333333666)	(56.0, 4095.0000000007444)	(57.0, 3104.0000000002938)	(58.0, 2054.9999999998167)	(59.0, 1367.666666666635)	(60.0, 836.6666666666919)	(61.0, 1048.6666666667074)	(62.0, 922.3333333333683)	(63.0, 189.33333333333434)	(64.0, 72.33333333333339)	(65.0, 40.00000000000001)	(66.0, 13.000000000000005)	(67.0, 4.999999999999999)	(68.0, 4.0)	(69.0, 4.666666666666666)	(70.0, 1.9999999999999998)	(71.0, 1.3333333333333333)	(72.0, 0.0)	(73.0, 0.0)	(74.0, 0.0)	(75.0, 0.0)	(76.0, 0.0)	(77.0, 0.3333333333333333)	(78.0, 0.0)	(79.0, 0.0)	(80.0, 0.0)	(81.0, 0.0)	(82.0, 0.0)	(83.0, 0.0)	(84.0, 0.0)	(85.0, 0.0)	(86.0, 0.0)	(87.0, 0.0)	(88.0, 0.0)	(89.0, 0.0)	(90.0, 0.0)	(91.0, 0.0)	(92.0, 0.0)	(93.0, 0.0)	(94.0, 0.0)	(95.0, 0.0)	(96.0, 0.0)	(97.0, 0.0)	(98.0, 0.0)	(99.0, 0.0)	(100.0, 0.0)
SRR1542205_2	(0.0, 0.0)	(1.0, 0.0)	(2.0, 0.0)	(3.0, 0.0)	(4.0, 0.0)	(5.0, 0.0)	(6.0, 0.0)	(7.0, 0.0)	(8.0, 0.0)	(9.0, 0.0)	(10.0, 0.0)	(11.0, 0.0)	(12.0, 0.0)	(13.0, 0.0)	(14.0, 0.0)	(15.0, 0.0)	(16.0, 0.0)	(17.0, 0.0)	(18.0, 0.0)	(19.0, 0.0)	(20.0, 0.0)	(21.0, 0.0)	(22.0, 0.0)	(23.0, 0.0)	(24.0, 0.0)	(25.0, 0.0)	(26.0, 0.0)	(27.0, 0.0)	(28.0, 0.0)	(29.0, 0.0)	(30.0, 0.0)	(31.0, 0.0)	(32.0, 0.0)	(33.0, 0.0)	(34.0, 0.0)	(35.0, 0.0)	(36.0, 0.0)	(37.0, 0.0)	(38.0, 1.0)	(39.0, 0.6666666666666666)	(40.0, 0.0)	(41.0, 0.6666666666666666)	(42.0, 2.6666666666666665)	(43.0, 3.3333333333333335)	(44.0, 7.33333333333333)	(45.0, 15.000000000000009)	(46.0, 27.999999999999968)	(47.0, 85.3333333333332)	(48.0, 232.6666666666689)	(49.0, 873.6666666666961)	(50.0, 1558.3333333332582)	(51.0, 1777.6666666665417)	(52.0, 2787.333333333483)	(53.0, 4420.00000000045)	(54.0, 5773.666666665886)	(55.0, 5617.333333332695)	(56.0, 4929.999999999986)	(57.0, 3391.6666666670912)	(58.0, 2561.3333333333803)	(59.0, 1884.9999999998506)	(60.0, 1466.6666666666124)	(61.0, 915.6666666667008)	(62.0, 426.66666666665986)	(63.0, 186.0000000000009)	(64.0, 94.6666666666664)	(65.0, 178.33333333333402)	(66.0, 618.6666666666671)	(67.0, 311.6666666666664)	(68.0, 84.33333333333321)	(69.0, 38.33333333333333)	(70.0, 16.666666666666675)	(71.0, 9.333333333333332)	(72.0, 6.333333333333331)	(73.0, 1.6666666666666665)	(74.0, 0.6666666666666666)	(75.0, 0.6666666666666666)	(76.0, 0.3333333333333333)	(77.0, 0.3333333333333333)	(78.0, 0.0)	(79.0, 0.0)	(80.0, 0.0)	(81.0, 0.0)	(82.0, 0.0)	(83.0, 0.0)	(84.0, 0.0)	(85.0, 0.0)	(86.0, 0.0)	(87.0, 0.0)	(88.0, 0.0)	(89.0, 0.0)	(90.0, 0.0)	(91.0, 0.0)	(92.0, 0.0)	(93.0, 0.0)	(94.0, 0.0)	(95.0, 0.0)	(96.0, 0.0)	(97.0, 0.3333333333333333)	(98.0, 0.3333333333333333)	(99.0, 0.0)	(100.0, 0.5)
SRR1542209_1	(0.0, 0.0)	(1.0, 0.0)	(2.0, 0.0)	(3.0, 0.0)	(4.0, 0.0)	(5.0, 0.0)	(6.0, 0.0)	(7.0, 0.0)	(8.0, 0.0)	(9.0, 0.0)	(10.0, 0.0)	(11.0, 0.0)	(12.0, 0.0)	(13.0, 0.0)	(14.0, 0.0)	(15.0, 0.0)	(16.0, 0.0)	(17.0, 0.0)	(18.0, 0.0)	(19.0, 0.0)	(20.0, 0.0)	(21.0, 0.0)	(22.0, 0.0)	(23.0, 0.0)	(24.0, 0.0)	(25.0, 0.0)	(26.0, 0.0)	(27.0, 0.0)	(28.0, 0.0)	(29.0, 0.0)	(30.0, 0.0)	(31.0, 0.0)	(32.0, 0.0)	(33.0, 0.0)	(34.0, 0.0)	(35.0, 0.0)	(36.0, 0.0)	(37.0, 0.0)	(38.0, 0.0)	(39.0, 0.0)	(40.0, 0.0)	(41.0, 1.0)	(42.0, 2.6666666666666665)	(43.0, 5.999999999999998)	(44.0, 9.666666666666666)	(45.0, 20.999999999999993)	(46.0, 60.333333333333485)	(47.0, 120.66666666666603)	(48.0, 180.00000000000074)	(49.0, 449.99999999999187)	(50.0, 1354.9999999999711)	(51.0, 3642.0000000005384)	(52.0, 3959.6666666673495)	(53.0, 2667.000000000095)	(54.0, 2618.6666666667397)	(55.0, 2530.6666666666997)	(56.0, 2255.999999999908)	(57.0, 1459.666666666614)	(58.0, 964.333333333373)	(59.0, 707.3333333333438)	(60.0, 547.666666666659)	(61.0, 1507.666666666603)	(62.0, 1528.333333333265)	(63.0, 227.66666666666876)	(64.0, 54.66666666666678)	(65.0, 25.666666666666643)	(66.0, 16.333333333333343)	(67.0, 7.666666666666663)	(68.0, 6.666666666666664)	(69.0, 5.666666666666665)	(70.0, 5.333333333333332)	(71.0, 1.6666666666666665)	(72.0, 1.0)	(73.0, 0.6666666666666666)	(74.0, 0.6666666666666666)	(75.0, 0.0)	(76.0, 0.0)	(77.0, 0.0)	(78.0, 0.0)	(79.0, 0.0)	(80.0, 0.0)	(81.0, 0.0)	(82.0, 0.0)	(83.0, 0.0)	(84.0, 0.0)	(85.0, 0.0)	(86.0, 0.0)	(87.0, 0.0)	(88.0, 0.0)	(89.0, 0.0)	(90.0, 0.0)	(91.0, 0.0)	(92.0, 0.0)	(93.0, 0.0)	(94.0, 0.0)	(95.0, 0.0)	(96.0, 0.0)	(97.0, 0.0)	(98.0, 0.0)	(99.0, 0.0)	(100.0, 0.0)
SRR1542209_2	(0.0, 0.0)	(1.0, 0.0)	(2.0, 0.0)	(3.0, 0.0)	(4.0, 0.0)	(5.0, 0.0)	(6.0, 0.0)	(7.0, 0.0)	(8.0, 0.0)	(9.0, 0.0)	(10.0, 0.0)	(11.0, 0.0)	(12.0, 0.0)	(13.0, 0.0)	(14.0, 0.0)	(15.0, 0.0)	(16.0, 0.0)	(17.0, 0.0)	(18.0, 0.0)	(19.0, 0.0)	(20.0, 0.0)	(21.0, 0.0)	(22.0, 0.0)	(23.0, 0.0)	(24.0, 0.0)	(25.0, 0.0)	(26.0, 0.0)	(27.0, 0.0)	(28.0, 0.0)	(29.0, 0.0)	(30.0, 0.0)	(31.0, 0.0)	(32.0, 0.0)	(33.0, 0.0)	(34.0, 0.0)	(35.0, 0.0)	(36.0, 0.0)	(37.0, 0.3333333333333333)	(38.0, 0.3333333333333333)	(39.0, 0.0)	(40.0, 0.0)	(41.0, 0.6666666666666666)	(42.0, 2.6666666666666665)	(43.0, 10.333333333333334)	(44.0, 22.999999999999986)	(45.0, 28.666666666666632)	(46.0, 44.000000000000036)	(47.0, 96.33333333333304)	(48.0, 220.33333333333522)	(49.0, 847.3333333333597)	(50.0, 1262.999999999992)	(51.0, 1287.3333333333198)	(52.0, 2220.6666666665587)	(53.0, 3371.666666667082)	(54.0, 3391.6666666670912)	(55.0, 2689.000000000105)	(56.0, 2798.0000000001546)	(57.0, 2062.666666666487)	(58.0, 1511.333333333269)	(59.0, 887.6666666666977)	(60.0, 622.6666666666675)	(61.0, 407.33333333332763)	(62.0, 197.33333333333456)	(63.0, 116.33333333333276)	(64.0, 123.66666666666599)	(65.0, 355.9999999999972)	(66.0, 1227.3333333333335)	(67.0, 583.3333333333297)	(68.0, 176.6666666666673)	(69.0, 70.66666666666674)	(70.0, 28.3333333333333)	(71.0, 13.33333333333334)	(72.0, 8.666666666666664)	(73.0, 4.999999999999999)	(74.0, 2.333333333333333)	(75.0, 1.3333333333333333)	(76.0, 0.0)	(77.0, 0.6666666666666666)	(78.0, 0.6666666666666666)	(79.0, 0.3333333333333333)	(80.0, 0.3333333333333333)	(81.0, 0.6666666666666666)	(82.0, 0.3333333333333333)	(83.0, 0.0)	(84.0, 0.0)	(85.0, 1.0)	(86.0, 1.0)	(87.0, 0.0)	(88.0, 0.0)	(89.0, 0.3333333333333333)	(90.0, 0.3333333333333333)	(91.0, 0.3333333333333333)	(92.0, 0.0)	(93.0, 0.0)	(94.0, 0.0)	(95.0, 0.0)	(96.0, 0.0)	(97.0, 0.0)	(98.0, 0.0)	(99.0, 0.0)	(100.0, 0.5)
SRR1542212_1	(0.0, 0.0)	(1.0, 0.0)	(2.0, 0.0)	(3.0, 0.0)	(4.0, 0.0)	(5.0, 0.0)	(6.0, 0.0)	(7.0, 0.0)	(8.0, 0.0)	(9.0, 0.0)	(10.0, 0.0)	(11.0, 0.0)	(12.0, 0.0)	(13.0, 0.0)	(14.0, 0.0)	(15.0, 0.0)	(16.0, 0.0)	(17.0, 0.0)	(18.0, 0.0)	(19.0, 0.0)	(20.0, 0.0)	(21.0, 0.0)	(22.0, 0.0)	(23.0, 0.0)	(24.0, 0.0)	(25.0, 0.0)	(26.0, 0.0)	(27.0, 0.0)	(28.0, 0.0)	(29.0, 0.0)	(30.0, 0.0)	(31.0, 0.0)	(32.0, 0.0)	(33.0, 0.0)	(34.0, 0.0)	(35.0, 0.0)	(36.0, 0.0)	(37.0, 0.0)	(38.0, 0.0)	(39.0, 0.0)	(40.0, 0.0)	(41.0, 0.0)	(42.0, 0.0)	(43.0, 0.0)	(44.0, 0.0)	(45.0, 0.3333333333333333)	(46.0, 1.3333333333333333)	(47.0, 3.0)	(48.0, 7.9999999999999964)	(49.0, 20.999999999999993)	(50.0, 72.00000000000006)	(51.0, 142.333333333333)	(52.0, 167.00000000000037)	(53.0, 204.6666666666681)	(54.0, 260.0000000000027)	(55.0, 200.33333333333465)	(56.0, 157.33333333333343)	(57.0, 94.33333333333307)	(58.0, 68.00000000000011)	(59.0, 47.66666666666673)	(60.0, 32.333333333333286)	(61.0, 62.666666666666835)	(62.0, 53.0000000000001)	(63.0, 11.000000000000002)	(64.0, 3.666666666666667)	(65.0, 2.333333333333333)	(66.0, 2.333333333333333)	(67.0, 0.6666666666666666)	(68.0, 0.0)	(69.0, 0.0)	(70.0, 0.0)	(71.0, 0.0)	(72.0, 0.0)	(73.0, 0.0)	(74.0, 0.0)	(75.0, 0.0)	(76.0, 0.0)	(77.0, 0.0)	(78.0, 0.0)	(79.0, 0.0)	(80.0, 0.0)	(81.0, 0.0)	(82.0, 0.0)	(83.0, 0.0)	(84.0, 0.0)	(85.0, 0.0)	(86.0, 0.0)	(87.0, 0.0)	(88.0, 0.0)	(89.0, 0.0)	(90.0, 0.0)	(91.0, 0.0)	(92.0, 0.0)	(93.0, 0.0)	(94.0, 0.0)	(95.0, 0.0)	(96.0, 0.0)	(97.0, 0.0)	(98.0, 0.0)	(99.0, 0.0)	(100.0, 0.0)
SRR1542212_2	(0.0, 0.0)	(1.0, 0.0)	(2.0, 0.0)	(3.0, 0.0)	(4.0, 0.0)	(5.0, 0.0)	(6.0, 0.0)	(7.0, 0.0)	(8.0, 0.0)	(9.0, 0.0)	(10.0, 0.0)	(11.0, 0.0)	(12.0, 0.0)	(13.0, 0.0)	(14.0, 0.0)	(15.0, 0.0)	(16.0, 0.0)	(17.0, 0.0)	(18.0, 0.0)	(19.0, 0.0)	(20.0, 0.0)	(21.0, 0.0)	(22.0, 0.0)	(23.0, 0.0)	(24.0, 0.0)	(25.0, 0.0)	(26.0, 0.0)	(27.0, 0.0)	(28.0, 0.0)	(29.0, 0.0)	(30.0, 0.0)	(31.0, 0.0)	(32.0, 0.0)	(33.0, 0.0)	(34.0, 0.0)	(35.0, 0.0)	(36.0, 0.0)	(37.0, 0.0)	(38.0, 0.0)	(39.0, 0.0)	(40.0, 0.0)	(41.0, 0.0)	(42.0, 0.0)	(43.0, 0.0)	(44.0, 0.3333333333333333)	(45.0, 1.0)	(46.0, 1.3333333333333333)	(47.0, 2.6666666666666665)	(48.0, 9.333333333333332)	(49.0, 43.00000000000003)	(50.0, 48.3333333333334)	(51.0, 57.333333333333464)	(52.0, 89.66666666666647)	(53.0, 146.33333333333312)	(54.0, 230.66666666666885)	(55.0, 249.0000000000027)	(56.0, 239.00000000000242)	(57.0, 160.66666666666686)	(58.0, 91.33333333333312)	(59.0, 51.000000000000085)	(60.0, 25.999999999999975)	(61.0, 22.999999999999986)	(62.0, 16.666666666666675)	(63.0, 5.666666666666665)	(64.0, 5.999999999999998)	(65.0, 13.666666666666673)	(66.0, 45.33333333333338)	(67.0, 18.000000000000004)	(68.0, 6.333333333333331)	(69.0, 3.666666666666667)	(70.0, 1.6666666666666665)	(71.0, 1.0)	(72.0, 0.6666666666666666)	(73.0, 0.0)	(74.0, 0.0)	(75.0, 0.0)	(76.0, 0.0)	(77.0, 0.0)	(78.0, 0.0)	(79.0, 0.0)	(80.0, 0.0)	(81.0, 0.0)	(82.0, 0.0)	(83.0, 0.0)	(84.0, 0.0)	(85.0, 0.0)	(86.0, 0.0)	(87.0, 0.0)	(88.0, 0.0)	(89.0, 0.0)	(90.0, 0.0)	(91.0, 0.0)	(92.0, 0.0)	(93.0, 0.0)	(94.0, 0.0)	(95.0, 0.0)	(96.0, 0.0)	(97.0, 0.0)	(98.0, 0.0)	(99.0, 0.0)	(100.0, 0.0)
SRR1542213_1	(0.0, 0.0)	(1.0, 0.0)	(2.0, 0.0)	(3.0, 0.0)	(4.0, 0.0)	(5.0, 0.0)	(6.0, 0.0)	(7.0, 0.0)	(8.0, 0.0)	(9.0, 0.0)	(10.0, 0.0)	(11.0, 0.0)	(12.0, 0.0)	(13.0, 0.0)	(14.0, 0.0)	(15.0, 0.0)	(16.0, 0.0)	(17.0, 0.0)	(18.0, 0.0)	(19.0, 0.0)	(20.0, 0.0)	(21.0, 0.0)	(22.0, 0.0)	(23.0, 0.0)	(24.0, 0.0)	(25.0, 0.0)	(26.0, 0.0)	(27.0, 0.0)	(28.0, 0.0)	(29.0, 0.0)	(30.0, 0.0)	(31.0, 0.0)	(32.0, 0.0)	(33.0, 0.0)	(34.0, 0.0)	(35.0, 0.0)	(36.0, 0.0)	(37.0, 0.0)	(38.0, 0.0)	(39.0, 0.0)	(40.0, 0.0)	(41.0, 0.0)	(42.0, 0.0)	(43.0, 0.0)	(44.0, 0.3333333333333333)	(45.0, 0.6666666666666666)	(46.0, 3.666666666666667)	(47.0, 5.666666666666665)	(48.0, 10.333333333333334)	(49.0, 28.3333333333333)	(50.0, 77.99999999999997)	(51.0, 122.99999999999933)	(52.0, 104.33333333333293)	(53.0, 97.66666666666636)	(54.0, 138.66666666666623)	(55.0, 147.33333333333314)	(56.0, 137.99999999999955)	(57.0, 112.99999999999947)	(58.0, 61.66666666666683)	(59.0, 46.333333333333385)	(60.0, 59.00000000000014)	(61.0, 295.6666666666673)	(62.0, 293.3333333333341)	(63.0, 32.99999999999996)	(64.0, 6.999999999999997)	(65.0, 1.6666666666666665)	(66.0, 0.6666666666666666)	(67.0, 1.0)	(68.0, 0.6666666666666666)	(69.0, 0.3333333333333333)	(70.0, 0.3333333333333333)	(71.0, 1.3333333333333333)	(72.0, 0.6666666666666666)	(73.0, 0.0)	(74.0, 0.0)	(75.0, 0.0)	(76.0, 0.0)	(77.0, 0.0)	(78.0, 0.0)	(79.0, 0.0)	(80.0, 0.0)	(81.0, 0.0)	(82.0, 0.0)	(83.0, 0.0)	(84.0, 0.0)	(85.0, 0.0)	(86.0, 0.0)	(87.0, 0.0)	(88.0, 0.0)	(89.0, 0.0)	(90.0, 0.0)	(91.0, 0.0)	(92.0, 0.0)	(93.0, 0.0)	(94.0, 0.0)	(95.0, 0.0)	(96.0, 0.0)	(97.0, 0.0)	(98.0, 0.0)	(99.0, 0.0)	(100.0, 0.0)
SRR1542213_2	(0.0, 0.0)	(1.0, 0.0)	(2.0, 0.0)	(3.0, 0.0)	(4.0, 0.0)	(5.0, 0.0)	(6.0, 0.0)	(7.0, 0.0)	(8.0, 0.0)	(9.0, 0.0)	(10.0, 0.0)	(11.0, 0.0)	(12.0, 0.0)	(13.0, 0.0)	(14.0, 0.0)	(15.0, 0.0)	(16.0, 0.0)	(17.0, 0.0)	(18.0, 0.0)	(19.0, 0.0)	(20.0, 0.0)	(21.0, 0.0)	(22.0, 0.0)	(23.0, 0.0)	(24.0, 0.0)	(25.0, 0.0)	(26.0, 0.0)	(27.0, 0.0)	(28.0, 0.0)	(29.0, 0.0)	(30.0, 0.0)	(31.0, 0.0)	(32.0, 0.0)	(33.0, 0.0)	(34.0, 0.0)	(35.0, 0.0)	(36.0, 0.0)	(37.0, 0.0)	(38.0, 0.0)	(39.0, 0.0)	(40.0, 0.0)	(41.0, 0.0)	(42.0, 0.0)	(43.0, 0.3333333333333333)	(44.0, 0.6666666666666666)	(45.0, 1.6666666666666665)	(46.0, 1.6666666666666665)	(47.0, 2.333333333333333)	(48.0, 7.9999999999999964)	(49.0, 25.666666666666643)	(50.0, 37.66666666666666)	(51.0, 55.000000000000114)	(52.0, 96.9999999999997)	(53.0, 124.33333333333265)	(54.0, 136.33333333333283)	(55.0, 124.66666666666598)	(56.0, 140.33333333333294)	(57.0, 111.99999999999949)	(58.0, 101.99999999999963)	(59.0, 66.6666666666668)	(60.0, 47.66666666666673)	(61.0, 31.33333333333329)	(62.0, 24.333333333333314)	(63.0, 19.666666666666664)	(64.0, 26.99999999999997)	(65.0, 82.9999999999999)	(66.0, 261.66666666666924)	(67.0, 114.66666666666612)	(68.0, 26.66666666666664)	(69.0, 11.333333333333336)	(70.0, 4.999999999999999)	(71.0, 1.9999999999999998)	(72.0, 1.9999999999999998)	(73.0, 0.6666666666666666)	(74.0, 0.3333333333333333)	(75.0, 0.3333333333333333)	(76.0, 0.0)	(77.0, 0.3333333333333333)	(78.0, 0.3333333333333333)	(79.0, 0.0)	(80.0, 0.0)	(81.0, 0.0)	(82.0, 0.0)	(83.0, 0.0)	(84.0, 0.0)	(85.0, 0.0)	(86.0, 0.0)	(87.0, 0.0)	(88.0, 0.0)	(89.0, 0.0)	(90.0, 0.0)	(91.0, 0.3333333333333333)	(92.0, 0.0)	(93.0, 0.0)	(94.0, 0.0)	(95.0, 0.0)	(96.0, 0.0)	(97.0, 0.0)	(98.0, 0.0)	(99.0, 0.0)	(100.0, 0.0)
SRR1542214_1	(0.0, 0.0)	(1.0, 0.0)	(2.0, 0.0)	(3.0, 0.0)	(4.0, 0.0)	(5.0, 0.0)	(6.0, 0.0)	(7.0, 0.0)	(8.0, 0.0)	(9.0, 0.0)	(10.0, 0.0)	(11.0, 0.0)	(12.0, 0.0)	(13.0, 0.0)	(14.0, 0.0)	(15.0, 0.0)	(16.0, 0.0)	(17.0, 0.0)	(18.0, 0.0)	(19.0, 0.0)	(20.0, 0.0)	(21.0, 0.0)	(22.0, 0.0)	(23.0, 0.0)	(24.0, 0.0)	(25.0, 0.0)	(26.0, 0.0)	(27.0, 0.0)	(28.0, 0.0)	(29.0, 0.3333333333333333)	(30.0, 0.3333333333333333)	(31.0, 0.0)	(32.0, 0.0)	(33.0, 0.0)	(34.0, 0.0)	(35.0, 0.0)	(36.0, 0.0)	(37.0, 0.0)	(38.0, 0.0)	(39.0, 0.0)	(40.0, 0.0)	(41.0, 0.0)	(42.0, 0.0)	(43.0, 1.0)	(44.0, 7.666666666666663)	(45.0, 30.666666666666625)	(46.0, 97.99999999999969)	(47.0, 213.66666666666836)	(48.0, 450.9999999999918)	(49.0, 723.666666666679)	(50.0, 1075.0000000000348)	(51.0, 1594.6666666665833)	(52.0, 1620.3333333332441)	(53.0, 1344.3333333333069)	(54.0, 1326.6666666666442)	(55.0, 1015.3333333333788)	(56.0, 692.6666666666755)	(57.0, 475.9999999999904)	(58.0, 406.3333333333277)	(59.0, 328.3333333333321)	(60.0, 260.6666666666693)	(61.0, 850.6666666666935)	(62.0, 870.6666666666957)	(63.0, 121.33333333333269)	(64.0, 33.66666666666663)	(65.0, 13.000000000000005)	(66.0, 7.9999999999999964)	(67.0, 8.33333333333333)	(68.0, 7.9999999999999964)	(69.0, 7.9999999999999964)	(70.0, 8.33333333333333)	(71.0, 6.333333333333331)	(72.0, 2.6666666666666665)	(73.0, 1.0)	(74.0, 0.6666666666666666)	(75.0, 0.3333333333333333)	(76.0, 0.0)	(77.0, 0.0)	(78.0, 0.0)	(79.0, 0.0)	(80.0, 0.0)	(81.0, 0.0)	(82.0, 0.3333333333333333)	(83.0, 0.3333333333333333)	(84.0, 0.0)	(85.0, 0.0)	(86.0, 0.0)	(87.0, 0.0)	(88.0, 0.0)	(89.0, 0.0)	(90.0, 0.0)	(91.0, 0.0)	(92.0, 0.0)	(93.0, 0.0)	(94.0, 0.0)	(95.0, 0.0)	(96.0, 0.0)	(97.0, 0.0)	(98.0, 0.0)	(99.0, 0.0)	(100.0, 0.0)
SRR1542214_2	(0.0, 0.0)	(1.0, 0.0)	(2.0, 0.0)	(3.0, 0.0)	(4.0, 0.0)	(5.0, 0.0)	(6.0, 0.0)	(7.0, 0.0)	(8.0, 0.0)	(9.0, 0.0)	(10.0, 0.0)	(11.0, 0.0)	(12.0, 0.0)	(13.0, 0.0)	(14.0, 0.0)	(15.0, 0.0)	(16.0, 0.0)	(17.0, 0.0)	(18.0, 0.0)	(19.0, 0.0)	(20.0, 0.0)	(21.0, 0.0)	(22.0, 0.3333333333333333)	(23.0, 0.0)	(24.0, 0.0)	(25.0, 0.0)	(26.0, 0.0)	(27.0, 0.0)	(28.0, 0.0)	(29.0, 0.0)	(30.0, 0.0)	(31.0, 0.0)	(32.0, 0.0)	(33.0, 0.0)	(34.0, 0.0)	(35.0, 0.0)	(36.0, 0.0)	(37.0, 0.0)	(38.0, 0.0)	(39.0, 0.0)	(40.0, 0.0)	(41.0, 0.0)	(42.0, 1.9999999999999998)	(43.0, 7.666666666666663)	(44.0, 53.333333333333435)	(45.0, 99.66666666666633)	(46.0, 89.9999999999998)	(47.0, 123.99999999999932)	(48.0, 268.33333333333553)	(49.0, 683.3333333333411)	(50.0, 924.3333333333685)	(51.0, 963.6666666667063)	(52.0, 1305.3333333333157)	(53.0, 1615.6666666665785)	(54.0, 1632.6666666665747)	(55.0, 1299.3333333333171)	(56.0, 888.6666666666978)	(57.0, 595.6666666666645)	(58.0, 392.9999999999951)	(59.0, 250.33333333333607)	(60.0, 274.3333333333352)	(61.0, 256.0000000000029)	(62.0, 147.99999999999983)	(63.0, 85.99999999999986)	(64.0, 84.99999999999987)	(65.0, 227.33333333333542)	(66.0, 759.3333333333497)	(67.0, 319.33333333333263)	(68.0, 77.99999999999997)	(69.0, 32.66666666666662)	(70.0, 15.333333333333343)	(71.0, 5.666666666666665)	(72.0, 7.666666666666663)	(73.0, 4.666666666666666)	(74.0, 2.333333333333333)	(75.0, 0.6666666666666666)	(76.0, 0.3333333333333333)	(77.0, 0.3333333333333333)	(78.0, 0.3333333333333333)	(79.0, 0.0)	(80.0, 0.0)	(81.0, 0.0)	(82.0, 0.0)	(83.0, 0.0)	(84.0, 0.0)	(85.0, 0.0)	(86.0, 0.0)	(87.0, 0.0)	(88.0, 0.0)	(89.0, 0.0)	(90.0, 0.0)	(91.0, 0.0)	(92.0, 0.0)	(93.0, 0.0)	(94.0, 0.0)	(95.0, 0.0)	(96.0, 0.0)	(97.0, 0.0)	(98.0, 0.0)	(99.0, 0.0)	(100.0, 0.0)
SRR1542215_1	(0.0, 0.0)	(1.0, 0.0)	(2.0, 0.0)	(3.0, 0.0)	(4.0, 0.0)	(5.0, 0.0)	(6.0, 0.0)	(7.0, 0.3333333333333333)	(8.0, 0.6666666666666666)	(9.0, 0.3333333333333333)	(10.0, 0.0)	(11.0, 0.0)	(12.0, 0.0)	(13.0, 0.0)	(14.0, 0.0)	(15.0, 0.3333333333333333)	(16.0, 0.3333333333333333)	(17.0, 0.0)	(18.0, 0.0)	(19.0, 0.0)	(20.0, 0.3333333333333333)	(21.0, 0.3333333333333333)	(22.0, 0.3333333333333333)	(23.0, 0.3333333333333333)	(24.0, 0.0)	(25.0, 0.0)	(26.0, 0.3333333333333333)	(27.0, 0.3333333333333333)	(28.0, 0.0)	(29.0, 0.0)	(30.0, 0.0)	(31.0, 0.0)	(32.0, 0.3333333333333333)	(33.0, 0.3333333333333333)	(34.0, 0.3333333333333333)	(35.0, 1.0)	(36.0, 0.3333333333333333)	(37.0, 0.0)	(38.0, 0.0)	(39.0, 0.3333333333333333)	(40.0, 1.0)	(41.0, 0.3333333333333333)	(42.0, 0.3333333333333333)	(43.0, 1.6666666666666665)	(44.0, 11.000000000000002)	(45.0, 77.66666666666664)	(46.0, 498.6666666666558)	(47.0, 1806.666666666535)	(48.0, 1222.3333333333346)	(49.0, 1164.666666666681)	(50.0, 2243.3333333332357)	(51.0, 3040.333333333598)	(52.0, 4140.333333334038)	(53.0, 4741.333333333491)	(54.0, 6872.999999998219)	(55.0, 6737.999999998342)	(56.0, 5080.999999999849)	(57.0, 3593.666666667183)	(58.0, 2484.666666666679)	(59.0, 1746.3333333332155)	(60.0, 1185.6666666666763)	(61.0, 1045.0000000000416)	(62.0, 793.3333333333536)	(63.0, 447.33333333332536)	(64.0, 283.00000000000136)	(65.0, 180.66666666666742)	(66.0, 134.99999999999946)	(67.0, 77.33333333333331)	(68.0, 57.00000000000013)	(69.0, 50.333333333333414)	(70.0, 38.33333333333333)	(71.0, 27.333333333333304)	(72.0, 13.000000000000005)	(73.0, 4.999999999999999)	(74.0, 4.333333333333333)	(75.0, 1.6666666666666665)	(76.0, 0.3333333333333333)	(77.0, 0.3333333333333333)	(78.0, 0.3333333333333333)	(79.0, 0.0)	(80.0, 0.0)	(81.0, 0.0)	(82.0, 0.0)	(83.0, 0.0)	(84.0, 0.0)	(85.0, 0.0)	(86.0, 0.0)	(87.0, 0.0)	(88.0, 0.0)	(89.0, 0.0)	(90.0, 0.0)	(91.0, 0.0)	(92.0, 0.0)	(93.0, 0.0)	(94.0, 0.0)	(95.0, 0.0)	(96.0, 0.0)	(97.0, 0.0)	(98.0, 0.0)	(99.0, 0.0)	(100.0, 0.0)
SRR1542215_2	(0.0, 0.0)	(1.0, 0.0)	(2.0, 0.0)	(3.0, 0.0)	(4.0, 0.0)	(5.0, 0.3333333333333333)	(6.0, 0.3333333333333333)	(7.0, 0.0)	(8.0, 0.0)	(9.0, 0.3333333333333333)	(10.0, 0.3333333333333333)	(11.0, 0.0)	(12.0, 0.0)	(13.0, 0.3333333333333333)	(14.0, 0.3333333333333333)	(15.0, 0.3333333333333333)	(16.0, 0.0)	(17.0, 0.6666666666666666)	(18.0, 0.6666666666666666)	(19.0, 1.0)	(20.0, 1.3333333333333333)	(21.0, 0.6666666666666666)	(22.0, 0.0)	(23.0, 0.0)	(24.0, 0.3333333333333333)	(25.0, 0.6666666666666666)	(26.0, 0.3333333333333333)	(27.0, 0.3333333333333333)	(28.0, 0.3333333333333333)	(29.0, 0.0)	(30.0, 0.3333333333333333)	(31.0, 0.0)	(32.0, 0.0)	(33.0, 0.3333333333333333)	(34.0, 0.3333333333333333)	(35.0, 0.6666666666666666)	(36.0, 0.6666666666666666)	(37.0, 0.6666666666666666)	(38.0, 0.3333333333333333)	(39.0, 0.6666666666666666)	(40.0, 1.3333333333333333)	(41.0, 1.6666666666666665)	(42.0, 1.9999999999999998)	(43.0, 2.333333333333333)	(44.0, 6.333333333333331)	(45.0, 18.666666666666668)	(46.0, 34.99999999999997)	(47.0, 64.00000000000017)	(48.0, 230.3333333333355)	(49.0, 750.0000000000153)	(50.0, 1209.6666666666708)	(51.0, 1579.99999999992)	(52.0, 1887.99999999985)	(53.0, 2493.000000000016)	(54.0, 3542.3333333338264)	(55.0, 4865.6666666667115)	(56.0, 5728.99999999926)	(57.0, 5498.333333332803)	(58.0, 4865.6666666667115)	(59.0, 4115.000000000728)	(60.0, 3295.333333333714)	(61.0, 2586.666666666725)	(62.0, 1946.33333333317)	(63.0, 1449.9999999999495)	(64.0, 1022.0000000000463)	(65.0, 754.6666666666825)	(66.0, 576.9999999999957)	(67.0, 448.6666666666586)	(68.0, 360.99999999999693)	(69.0, 242.0000000000025)	(70.0, 177.66666666666734)	(71.0, 136.66666666666617)	(72.0, 104.66666666666626)	(73.0, 73.00000000000004)	(74.0, 37.66666666666666)	(75.0, 25.666666666666643)	(76.0, 18.000000000000004)	(77.0, 11.66666666666667)	(78.0, 6.666666666666664)	(79.0, 3.3333333333333335)	(80.0, 0.6666666666666666)	(81.0, 0.6666666666666666)	(82.0, 0.0)	(83.0, 0.3333333333333333)	(84.0, 0.6666666666666666)	(85.0, 0.3333333333333333)	(86.0, 0.3333333333333333)	(87.0, 0.0)	(88.0, 0.0)	(89.0, 0.0)	(90.0, 0.3333333333333333)	(91.0, 0.3333333333333333)	(92.0, 0.3333333333333333)	(93.0, 0.3333333333333333)	(94.0, 0.3333333333333333)	(95.0, 0.3333333333333333)	(96.0, 0.6666666666666666)	(97.0, 0.3333333333333333)	(98.0, 0.0)	(99.0, 0.0)	(100.0, 0.5)
SRR1542216_1	(0.0, 0.0)	(1.0, 0.0)	(2.0, 0.0)	(3.0, 0.0)	(4.0, 0.0)	(5.0, 0.0)	(6.0, 0.0)	(7.0, 0.0)	(8.0, 0.0)	(9.0, 0.0)	(10.0, 0.0)	(11.0, 0.0)	(12.0, 0.0)	(13.0, 0.0)	(14.0, 0.0)	(15.0, 0.0)	(16.0, 0.0)	(17.0, 0.0)	(18.0, 0.0)	(19.0, 0.0)	(20.0, 0.0)	(21.0, 0.0)	(22.0, 0.0)	(23.0, 0.0)	(24.0, 0.0)	(25.0, 0.0)	(26.0, 0.0)	(27.0, 0.6666666666666666)	(28.0, 0.0)	(29.0, 0.0)	(30.0, 0.0)	(31.0, 0.0)	(32.0, 0.0)	(33.0, 0.6666666666666666)	(34.0, 1.9999999999999998)	(35.0, 2.6666666666666665)	(36.0, 4.0)	(37.0, 13.666666666666673)	(38.0, 18.666666666666668)	(39.0, 19.666666666666664)	(40.0, 22.33333333333332)	(41.0, 25.666666666666643)	(42.0, 32.66666666666662)	(43.0, 37.33333333333332)	(44.0, 40.66666666666668)	(45.0, 52.00000000000009)	(46.0, 87.6666666666665)	(47.0, 300.0000000000004)	(48.0, 373.9999999999962)	(49.0, 477.66666666665697)	(50.0, 1027.0000000000457)	(51.0, 1700.6666666665592)	(52.0, 2270.6666666665815)	(53.0, 2640.0000000000828)	(54.0, 2972.333333333567)	(55.0, 2549.0000000000414)	(56.0, 2011.9999999998217)	(57.0, 1214.6666666666697)	(58.0, 721.000000000012)	(59.0, 420.3333333333269)	(60.0, 253.33333333333616)	(61.0, 144.99999999999974)	(62.0, 89.66666666666647)	(63.0, 58.000000000000135)	(64.0, 30.999999999999957)	(65.0, 23.66666666666665)	(66.0, 19.0)	(67.0, 15.666666666666677)	(68.0, 10.0)	(69.0, 5.333333333333332)	(70.0, 3.0)	(71.0, 1.9999999999999998)	(72.0, 1.3333333333333333)	(73.0, 0.6666666666666666)	(74.0, 0.3333333333333333)	(75.0, 0.0)	(76.0, 0.0)	(77.0, 0.0)	(78.0, 0.0)	(79.0, 0.0)	(80.0, 0.0)	(81.0, 0.0)	(82.0, 0.0)	(83.0, 0.0)	(84.0, 0.0)	(85.0, 0.0)	(86.0, 0.0)	(87.0, 0.0)	(88.0, 0.0)	(89.0, 0.0)	(90.0, 0.0)	(91.0, 0.0)	(92.0, 0.0)	(93.0, 0.0)	(94.0, 0.0)	(95.0, 0.0)	(96.0, 0.0)	(97.0, 0.0)	(98.0, 0.0)	(99.0, 0.0)	(100.0, 0.0)
SRR1542216_2	(0.0, 0.0)	(1.0, 0.0)	(2.0, 0.0)	(3.0, 0.0)	(4.0, 0.0)	(5.0, 0.0)	(6.0, 0.0)	(7.0, 0.0)	(8.0, 0.0)	(9.0, 0.0)	(10.0, 0.0)	(11.0, 0.0)	(12.0, 0.0)	(13.0, 0.0)	(14.0, 0.0)	(15.0, 0.0)	(16.0, 0.0)	(17.0, 0.0)	(18.0, 0.0)	(19.0, 0.3333333333333333)	(20.0, 0.3333333333333333)	(21.0, 0.0)	(22.0, 0.0)	(23.0, 0.3333333333333333)	(24.0, 0.0)	(25.0, 0.3333333333333333)	(26.0, 0.3333333333333333)	(27.0, 0.3333333333333333)	(28.0, 0.0)	(29.0, 0.3333333333333333)	(30.0, 0.6666666666666666)	(31.0, 0.6666666666666666)	(32.0, 1.3333333333333333)	(33.0, 1.0)	(34.0, 0.0)	(35.0, 0.0)	(36.0, 0.6666666666666666)	(37.0, 2.333333333333333)	(38.0, 3.0)	(39.0, 5.666666666666665)	(40.0, 7.9999999999999964)	(41.0, 9.333333333333332)	(42.0, 12.666666666666671)	(43.0, 22.999999999999986)	(44.0, 33.66666666666663)	(45.0, 48.000000000000064)	(46.0, 68.66666666666677)	(47.0, 95.66666666666639)	(48.0, 178.33333333333402)	(49.0, 407.66666666666094)	(50.0, 696.0000000000092)	(51.0, 819.0000000000232)	(52.0, 961.3333333333727)	(53.0, 1358.3333333333037)	(54.0, 1936.3333333331723)	(55.0, 2290.999999999924)	(56.0, 2334.333333333277)	(57.0, 2151.333333333194)	(58.0, 1788.333333333206)	(59.0, 1379.6666666666322)	(60.0, 1015.0000000000455)	(61.0, 756.3333333333494)	(62.0, 506.6666666666553)	(63.0, 346.6666666666644)	(64.0, 209.66666666666825)	(65.0, 125.99999999999929)	(66.0, 72.33333333333339)	(67.0, 48.666666666666735)	(68.0, 32.333333333333286)	(69.0, 17.33333333333334)	(70.0, 16.333333333333343)	(71.0, 12.000000000000004)	(72.0, 8.666666666666664)	(73.0, 5.999999999999998)	(74.0, 3.666666666666667)	(75.0, 2.6666666666666665)	(76.0, 3.3333333333333335)	(77.0, 2.6666666666666665)	(78.0, 0.3333333333333333)	(79.0, 0.6666666666666666)	(80.0, 1.0)	(81.0, 0.3333333333333333)	(82.0, 1.0)	(83.0, 0.0)	(84.0, 0.0)	(85.0, 0.6666666666666666)	(86.0, 0.3333333333333333)	(87.0, 0.3333333333333333)	(88.0, 0.6666666666666666)	(89.0, 0.0)	(90.0, 0.0)	(91.0, 0.3333333333333333)	(92.0, 0.0)	(93.0, 0.0)	(94.0, 0.3333333333333333)	(95.0, 0.0)	(96.0, 0.0)	(97.0, 0.0)	(98.0, 0.0)	(99.0, 0.0)	(100.0, 1.0)
SRR1542217_1	(0.0, 0.0)	(1.0, 0.0)	(2.0, 0.0)	(3.0, 0.0)	(4.0, 0.0)	(5.0, 0.0)	(6.0, 0.0)	(7.0, 0.0)	(8.0, 0.0)	(9.0, 0.0)	(10.0, 0.0)	(11.0, 0.0)	(12.0, 0.0)	(13.0, 0.0)	(14.0, 0.0)	(15.0, 0.0)	(16.0, 0.0)	(17.0, 0.0)	(18.0, 0.0)	(19.0, 0.0)	(20.0, 0.0)	(21.0, 0.0)	(22.0, 0.0)	(23.0, 0.0)	(24.0, 0.0)	(25.0, 0.0)	(26.0, 0.0)	(27.0, 0.0)	(28.0, 0.0)	(29.0, 0.0)	(30.0, 0.0)	(31.0, 0.0)	(32.0, 0.0)	(33.0, 0.0)	(34.0, 0.0)	(35.0, 0.0)	(36.0, 0.0)	(37.0, 0.0)	(38.0, 0.6666666666666666)	(39.0, 0.3333333333333333)	(40.0, 0.0)	(41.0, 0.0)	(42.0, 0.6666666666666666)	(43.0, 0.3333333333333333)	(44.0, 3.666666666666667)	(45.0, 19.999999999999996)	(46.0, 45.33333333333338)	(47.0, 76.66666666666666)	(48.0, 108.99999999999953)	(49.0, 190.6666666666677)	(50.0, 601.6666666666652)	(51.0, 2057.6666666664846)	(52.0, 3148.000000000314)	(53.0, 1919.9999999998427)	(54.0, 1414.9999999999575)	(55.0, 1090.0000000000314)	(56.0, 816.0000000000229)	(57.0, 497.66666666665583)	(58.0, 283.3333333333347)	(59.0, 152.3333333333333)	(60.0, 89.66666666666647)	(61.0, 46.66666666666672)	(62.0, 31.999999999999954)	(63.0, 17.33333333333334)	(64.0, 9.333333333333332)	(65.0, 8.666666666666664)	(66.0, 2.333333333333333)	(67.0, 0.6666666666666666)	(68.0, 2.333333333333333)	(69.0, 1.6666666666666665)	(70.0, 2.333333333333333)	(71.0, 1.3333333333333333)	(72.0, 0.6666666666666666)	(73.0, 0.6666666666666666)	(74.0, 0.3333333333333333)	(75.0, 0.0)	(76.0, 0.0)	(77.0, 0.0)	(78.0, 0.0)	(79.0, 0.0)	(80.0, 0.0)	(81.0, 0.0)	(82.0, 0.0)	(83.0, 0.0)	(84.0, 0.0)	(85.0, 0.0)	(86.0, 0.0)	(87.0, 0.0)	(88.0, 0.0)	(89.0, 0.0)	(90.0, 0.0)	(91.0, 0.0)	(92.0, 0.0)	(93.0, 0.0)	(94.0, 0.0)	(95.0, 0.0)	(96.0, 0.0)	(97.0, 0.0)	(98.0, 0.0)	(99.0, 0.0)	(100.0, 0.0)
SRR1542217_2	(0.0, 0.0)	(1.0, 0.0)	(2.0, 0.0)	(3.0, 0.0)	(4.0, 0.0)	(5.0, 0.0)	(6.0, 0.0)	(7.0, 0.0)	(8.0, 0.0)	(9.0, 0.0)	(10.0, 0.0)	(11.0, 0.0)	(12.0, 0.0)	(13.0, 0.0)	(14.0, 0.0)	(15.0, 0.0)	(16.0, 0.0)	(17.0, 0.0)	(18.0, 0.0)	(19.0, 0.0)	(20.0, 0.0)	(21.0, 0.0)	(22.0, 0.0)	(23.0, 0.0)	(24.0, 0.0)	(25.0, 0.0)	(26.0, 0.0)	(27.0, 0.0)	(28.0, 0.0)	(29.0, 0.0)	(30.0, 0.0)	(31.0, 0.0)	(32.0, 0.0)	(33.0, 0.0)	(34.0, 0.3333333333333333)	(35.0, 0.0)	(36.0, 0.0)	(37.0, 0.0)	(38.0, 0.0)	(39.0, 0.0)	(40.0, 0.0)	(41.0, 0.3333333333333333)	(42.0, 1.3333333333333333)	(43.0, 1.3333333333333333)	(44.0, 5.333333333333332)	(45.0, 12.333333333333337)	(46.0, 37.99999999999999)	(47.0, 73.33333333333337)	(48.0, 105.33333333333292)	(49.0, 217.0000000000018)	(50.0, 347.66666666666436)	(51.0, 530.9999999999905)	(52.0, 1030.3333333333783)	(53.0, 1994.333333333159)	(54.0, 2282.3333333332534)	(55.0, 1837.3333333331948)	(56.0, 1429.999999999954)	(57.0, 969.0000000000402)	(58.0, 633.6666666666688)	(59.0, 363.99999999999676)	(60.0, 257.66666666666947)	(61.0, 165.666666666667)	(62.0, 84.99999999999987)	(63.0, 40.66666666666668)	(64.0, 17.33333333333334)	(65.0, 7.33333333333333)	(66.0, 3.666666666666667)	(67.0, 4.333333333333333)	(68.0, 4.666666666666666)	(69.0, 3.0)	(70.0, 2.6666666666666665)	(71.0, 0.6666666666666666)	(72.0, 1.6666666666666665)	(73.0, 1.3333333333333333)	(74.0, 0.6666666666666666)	(75.0, 0.0)	(76.0, 0.0)	(77.0, 0.3333333333333333)	(78.0, 0.3333333333333333)	(79.0, 0.0)	(80.0, 0.3333333333333333)	(81.0, 0.0)	(82.0, 0.0)	(83.0, 0.0)	(84.0, 0.0)	(85.0, 0.0)	(86.0, 0.0)	(87.0, 0.0)	(88.0, 0.0)	(89.0, 0.0)	(90.0, 0.0)	(91.0, 0.0)	(92.0, 0.0)	(93.0, 0.0)	(94.0, 0.0)	(95.0, 0.0)	(96.0, 0.0)	(97.0, 0.0)	(98.0, 0.0)	(99.0, 0.0)	(100.0, 0.0)
SRR1542218_1	(0.0, 0.0)	(1.0, 0.0)	(2.0, 0.0)	(3.0, 0.0)	(4.0, 0.0)	(5.0, 0.0)	(6.0, 0.0)	(7.0, 0.0)	(8.0, 0.0)	(9.0, 0.0)	(10.0, 0.0)	(11.0, 0.0)	(12.0, 0.0)	(13.0, 0.0)	(14.0, 0.0)	(15.0, 0.0)	(16.0, 0.0)	(17.0, 0.0)	(18.0, 0.0)	(19.0, 0.0)	(20.0, 0.0)	(21.0, 0.0)	(22.0, 0.0)	(23.0, 0.0)	(24.0, 0.0)	(25.0, 0.0)	(26.0, 0.0)	(27.0, 0.0)	(28.0, 0.0)	(29.0, 0.0)	(30.0, 0.0)	(31.0, 0.0)	(32.0, 0.0)	(33.0, 0.0)	(34.0, 0.0)	(35.0, 0.3333333333333333)	(36.0, 0.3333333333333333)	(37.0, 0.3333333333333333)	(38.0, 0.3333333333333333)	(39.0, 0.0)	(40.0, 0.3333333333333333)	(41.0, 0.0)	(42.0, 1.9999999999999998)	(43.0, 6.999999999999997)	(44.0, 19.666666666666664)	(45.0, 54.66666666666678)	(46.0, 186.33333333333425)	(47.0, 338.9999999999982)	(48.0, 378.6666666666626)	(49.0, 736.6666666666805)	(50.0, 2899.0000000002005)	(51.0, 8536.666666664312)	(52.0, 9813.333333333301)	(53.0, 7685.333333330814)	(54.0, 6593.333333331807)	(55.0, 5413.999999999546)	(56.0, 3772.0000000005975)	(57.0, 2110.6666666665087)	(58.0, 1351.9999999999718)	(59.0, 945.0000000000375)	(60.0, 567.6666666666613)	(61.0, 321.66666666666583)	(62.0, 183.6666666666675)	(63.0, 108.33333333333287)	(64.0, 66.00000000000014)	(65.0, 53.66666666666677)	(66.0, 37.66666666666666)	(67.0, 19.0)	(68.0, 14.000000000000007)	(69.0, 22.999999999999986)	(70.0, 17.000000000000007)	(71.0, 7.666666666666663)	(72.0, 3.0)	(73.0, 1.0)	(74.0, 0.3333333333333333)	(75.0, 0.0)	(76.0, 0.0)	(77.0, 0.0)	(78.0, 0.0)	(79.0, 0.0)	(80.0, 0.0)	(81.0, 0.0)	(82.0, 0.0)	(83.0, 0.0)	(84.0, 0.0)	(85.0, 0.0)	(86.0, 0.0)	(87.0, 0.0)	(88.0, 0.0)	(89.0, 0.0)	(90.0, 0.0)	(91.0, 0.0)	(92.0, 0.0)	(93.0, 0.0)	(94.0, 0.0)	(95.0, 0.0)	(96.0, 0.0)	(97.0, 0.0)	(98.0, 0.0)	(99.0, 0.0)	(100.0, 0.0)
SRR1542218_2	(0.0, 0.0)	(1.0, 0.0)	(2.0, 0.0)	(3.0, 0.0)	(4.0, 0.0)	(5.0, 0.0)	(6.0, 0.0)	(7.0, 0.0)	(8.0, 0.0)	(9.0, 0.0)	(10.0, 0.0)	(11.0, 0.0)	(12.0, 0.0)	(13.0, 0.0)	(14.0, 0.0)	(15.0, 0.0)	(16.0, 0.0)	(17.0, 0.0)	(18.0, 0.0)	(19.0, 0.0)	(20.0, 0.0)	(21.0, 0.0)	(22.0, 0.0)	(23.0, 0.0)	(24.0, 0.0)	(25.0, 0.0)	(26.0, 0.0)	(27.0, 0.0)	(28.0, 0.0)	(29.0, 0.0)	(30.0, 0.0)	(31.0, 0.0)	(32.0, 0.0)	(33.0, 0.0)	(34.0, 0.0)	(35.0, 0.0)	(36.0, 0.0)	(37.0, 0.0)	(38.0, 0.3333333333333333)	(39.0, 0.6666666666666666)	(40.0, 1.6666666666666665)	(41.0, 1.0)	(42.0, 3.666666666666667)	(43.0, 14.000000000000007)	(44.0, 23.66666666666665)	(45.0, 32.333333333333286)	(46.0, 99.99999999999966)	(47.0, 265.666666666669)	(48.0, 599.3333333333316)	(49.0, 1933.333333333173)	(50.0, 3152.0000000003156)	(51.0, 2952.333333333558)	(52.0, 4082.0000000007385)	(53.0, 7298.999999997832)	(54.0, 9118.333333332037)	(55.0, 6807.999999998278)	(56.0, 4614.333333333607)	(57.0, 3258.000000000364)	(58.0, 2863.3333333335177)	(59.0, 1818.6666666665324)	(60.0, 1375.666666666633)	(61.0, 841.3333333333591)	(62.0, 389.9999999999953)	(63.0, 172.0000000000005)	(64.0, 73.33333333333337)	(65.0, 33.999999999999964)	(66.0, 28.999999999999964)	(67.0, 29.99999999999996)	(68.0, 33.999999999999964)	(69.0, 37.66666666666666)	(70.0, 21.666666666666657)	(71.0, 12.666666666666671)	(72.0, 13.33333333333334)	(73.0, 9.666666666666666)	(74.0, 4.999999999999999)	(75.0, 1.9999999999999998)	(76.0, 0.6666666666666666)	(77.0, 0.0)	(78.0, 0.0)	(79.0, 0.0)	(80.0, 1.0)	(81.0, 0.0)	(82.0, 0.0)	(83.0, 0.0)	(84.0, 0.0)	(85.0, 0.0)	(86.0, 0.0)	(87.0, 0.0)	(88.0, 0.0)	(89.0, 0.0)	(90.0, 0.0)	(91.0, 0.3333333333333333)	(92.0, 0.0)	(93.0, 0.0)	(94.0, 0.0)	(95.0, 0.0)	(96.0, 0.0)	(97.0, 0.0)	(98.0, 0.0)	(99.0, 0.0)	(100.0, 0.0)
SRR1542219_1	(0.0, 0.0)	(1.0, 0.0)	(2.0, 0.0)	(3.0, 0.0)	(4.0, 0.0)	(5.0, 0.0)	(6.0, 0.0)	(7.0, 0.0)	(8.0, 0.0)	(9.0, 0.0)	(10.0, 0.0)	(11.0, 0.0)	(12.0, 0.0)	(13.0, 0.0)	(14.0, 0.0)	(15.0, 0.0)	(16.0, 0.0)	(17.0, 0.0)	(18.0, 0.0)	(19.0, 0.0)	(20.0, 0.0)	(21.0, 0.0)	(22.0, 0.0)	(23.0, 0.0)	(24.0, 0.0)	(25.0, 0.0)	(26.0, 0.0)	(27.0, 0.0)	(28.0, 0.6666666666666666)	(29.0, 0.3333333333333333)	(30.0, 0.0)	(31.0, 0.0)	(32.0, 0.0)	(33.0, 0.0)	(34.0, 0.0)	(35.0, 0.0)	(36.0, 0.0)	(37.0, 0.0)	(38.0, 0.6666666666666666)	(39.0, 0.6666666666666666)	(40.0, 0.3333333333333333)	(41.0, 0.6666666666666666)	(42.0, 0.6666666666666666)	(43.0, 0.3333333333333333)	(44.0, 3.3333333333333335)	(45.0, 8.999999999999998)	(46.0, 21.333333333333325)	(47.0, 49.33333333333341)	(48.0, 94.99999999999973)	(49.0, 524.333333333323)	(50.0, 3257.6666666670303)	(51.0, 5477.999999999488)	(52.0, 3904.0000000006576)	(53.0, 2258.9999999999095)	(54.0, 1748.6666666665483)	(55.0, 1860.3333333331896)	(56.0, 2554.6666666667106)	(57.0, 2922.666666666878)	(58.0, 1377.6666666666326)	(59.0, 594.333333333331)	(60.0, 306.33333333333337)	(61.0, 153.33333333333331)	(62.0, 93.99999999999974)	(63.0, 50.00000000000008)	(64.0, 26.66666666666664)	(65.0, 11.66666666666667)	(66.0, 6.666666666666664)	(67.0, 7.33333333333333)	(68.0, 8.33333333333333)	(69.0, 9.333333333333332)	(70.0, 5.666666666666665)	(71.0, 3.3333333333333335)	(72.0, 1.3333333333333333)	(73.0, 0.6666666666666666)	(74.0, 0.3333333333333333)	(75.0, 0.0)	(76.0, 0.0)	(77.0, 0.0)	(78.0, 0.0)	(79.0, 0.0)	(80.0, 0.0)	(81.0, 0.0)	(82.0, 0.0)	(83.0, 0.0)	(84.0, 0.0)	(85.0, 0.0)	(86.0, 0.0)	(87.0, 0.0)	(88.0, 0.0)	(89.0, 0.0)	(90.0, 0.0)	(91.0, 0.0)	(92.0, 0.0)	(93.0, 0.0)	(94.0, 0.0)	(95.0, 0.0)	(96.0, 0.0)	(97.0, 0.0)	(98.0, 0.0)	(99.0, 0.0)	(100.0, 0.0)
SRR1542219_2	(0.0, 0.0)	(1.0, 0.0)	(2.0, 0.0)	(3.0, 0.0)	(4.0, 0.0)	(5.0, 0.0)	(6.0, 0.0)	(7.0, 0.0)	(8.0, 0.0)	(9.0, 0.0)	(10.0, 0.0)	(11.0, 0.0)	(12.0, 0.0)	(13.0, 0.0)	(14.0, 0.0)	(15.0, 0.0)	(16.0, 0.0)	(17.0, 0.0)	(18.0, 0.0)	(19.0, 0.0)	(20.0, 0.0)	(21.0, 0.0)	(22.0, 0.0)	(23.0, 0.0)	(24.0, 0.0)	(25.0, 0.0)	(26.0, 0.0)	(27.0, 0.0)	(28.0, 0.0)	(29.0, 0.0)	(30.0, 0.0)	(31.0, 0.0)	(32.0, 0.0)	(33.0, 0.0)	(34.0, 0.0)	(35.0, 0.0)	(36.0, 0.0)	(37.0, 0.0)	(38.0, 0.0)	(39.0, 0.0)	(40.0, 0.0)	(41.0, 1.6666666666666665)	(42.0, 2.6666666666666665)	(43.0, 5.999999999999998)	(44.0, 13.666666666666673)	(45.0, 20.999999999999993)	(46.0, 40.00000000000001)	(47.0, 96.66666666666637)	(48.0, 300.666666666667)	(49.0, 1067.6666666667031)	(50.0, 1304.333333333316)	(51.0, 1763.3333333332116)	(52.0, 3104.6666666669607)	(53.0, 3803.6666666672786)	(54.0, 3124.66666666697)	(55.0, 2488.6666666666806)	(56.0, 2649.3333333334203)	(57.0, 2273.9999999999163)	(58.0, 2241.333333333235)	(59.0, 1606.6666666665806)	(60.0, 918.6666666667012)	(61.0, 495.99999999998926)	(62.0, 246.33333333333596)	(63.0, 116.99999999999942)	(64.0, 57.6666666666668)	(65.0, 28.3333333333333)	(66.0, 23.333333333333318)	(67.0, 14.333333333333341)	(68.0, 4.666666666666666)	(69.0, 4.0)	(70.0, 1.9999999999999998)	(71.0, 1.0)	(72.0, 3.0)	(73.0, 1.6666666666666665)	(74.0, 0.6666666666666666)	(75.0, 1.6666666666666665)	(76.0, 0.6666666666666666)	(77.0, 0.3333333333333333)	(78.0, 0.3333333333333333)	(79.0, 0.0)	(80.0, 0.0)	(81.0, 0.0)	(82.0, 0.0)	(83.0, 0.0)	(84.0, 0.0)	(85.0, 0.0)	(86.0, 0.3333333333333333)	(87.0, 0.6666666666666666)	(88.0, 0.0)	(89.0, 0.0)	(90.0, 0.0)	(91.0, 0.0)	(92.0, 0.0)	(93.0, 0.0)	(94.0, 0.0)	(95.0, 0.0)	(96.0, 0.0)	(97.0, 0.0)	(98.0, 0.0)	(99.0, 0.0)	(100.0, 0.5)
SRR1542220_1	(0.0, 0.0)	(1.0, 0.0)	(2.0, 0.0)	(3.0, 0.0)	(4.0, 0.0)	(5.0, 0.0)	(6.0, 0.0)	(7.0, 0.0)	(8.0, 0.0)	(9.0, 0.0)	(10.0, 0.0)	(11.0, 0.0)	(12.0, 0.0)	(13.0, 0.0)	(14.0, 0.0)	(15.0, 0.0)	(16.0, 0.0)	(17.0, 0.0)	(18.0, 0.0)	(19.0, 0.0)	(20.0, 0.0)	(21.0, 0.0)	(22.0, 0.0)	(23.0, 0.0)	(24.0, 0.0)	(25.0, 0.0)	(26.0, 0.0)	(27.0, 0.0)	(28.0, 0.3333333333333333)	(29.0, 0.3333333333333333)	(30.0, 0.0)	(31.0, 0.0)	(32.0, 0.0)	(33.0, 0.0)	(34.0, 0.0)	(35.0, 0.3333333333333333)	(36.0, 0.0)	(37.0, 0.0)	(38.0, 0.0)	(39.0, 0.0)	(40.0, 0.3333333333333333)	(41.0, 0.6666666666666666)	(42.0, 0.3333333333333333)	(43.0, 0.6666666666666666)	(44.0, 4.666666666666666)	(45.0, 11.66666666666667)	(46.0, 33.33333333333329)	(47.0, 51.000000000000085)	(48.0, 80.33333333333327)	(49.0, 180.33333333333408)	(50.0, 702.6666666666766)	(51.0, 3769.666666667263)	(52.0, 5752.666666665905)	(53.0, 4094.000000000744)	(54.0, 2902.666666666869)	(55.0, 1884.6666666665174)	(56.0, 1294.3333333333183)	(57.0, 939.3333333333702)	(58.0, 521.3333333333227)	(59.0, 284.3333333333346)	(60.0, 139.66666666666626)	(61.0, 73.33333333333337)	(62.0, 39.66666666666667)	(63.0, 20.999999999999993)	(64.0, 16.333333333333343)	(65.0, 17.33333333333334)	(66.0, 12.333333333333337)	(67.0, 2.333333333333333)	(68.0, 1.9999999999999998)	(69.0, 3.3333333333333335)	(70.0, 3.3333333333333335)	(71.0, 1.3333333333333333)	(72.0, 0.0)	(73.0, 0.3333333333333333)	(74.0, 0.0)	(75.0, 0.3333333333333333)	(76.0, 0.3333333333333333)	(77.0, 0.0)	(78.0, 0.0)	(79.0, 0.0)	(80.0, 0.0)	(81.0, 0.0)	(82.0, 0.0)	(83.0, 0.0)	(84.0, 0.0)	(85.0, 0.0)	(86.0, 0.0)	(87.0, 0.0)	(88.0, 0.0)	(89.0, 0.0)	(90.0, 0.0)	(91.0, 0.0)	(92.0, 0.0)	(93.0, 0.0)	(94.0, 0.0)	(95.0, 0.0)	(96.0, 0.0)	(97.0, 0.0)	(98.0, 0.0)	(99.0, 0.0)	(100.0, 0.0)
SRR1542220_2	(0.0, 0.0)	(1.0, 0.0)	(2.0, 0.0)	(3.0, 0.0)	(4.0, 0.0)	(5.0, 0.0)	(6.0, 0.0)	(7.0, 0.0)	(8.0, 0.0)	(9.0, 0.0)	(10.0, 0.0)	(11.0, 0.0)	(12.0, 0.0)	(13.0, 0.0)	(14.0, 0.0)	(15.0, 0.0)	(16.0, 0.0)	(17.0, 0.0)	(18.0, 0.0)	(19.0, 0.0)	(20.0, 0.0)	(21.0, 0.0)	(22.0, 0.0)	(23.0, 0.0)	(24.0, 0.0)	(25.0, 0.0)	(26.0, 0.0)	(27.0, 0.0)	(28.0, 0.0)	(29.0, 0.0)	(30.0, 0.0)	(31.0, 0.3333333333333333)	(32.0, 0.3333333333333333)	(33.0, 0.0)	(34.0, 0.0)	(35.0, 0.0)	(36.0, 0.0)	(37.0, 0.0)	(38.0, 0.3333333333333333)	(39.0, 0.6666666666666666)	(40.0, 1.0)	(41.0, 0.6666666666666666)	(42.0, 1.6666666666666665)	(43.0, 3.3333333333333335)	(44.0, 3.0)	(45.0, 11.000000000000002)	(46.0, 21.99999999999999)	(47.0, 55.666666666666785)	(48.0, 117.33333333333275)	(49.0, 292.00000000000085)	(50.0, 499.6666666666557)	(51.0, 733.6666666666802)	(52.0, 1419.666666666623)	(53.0, 3427.0000000004407)	(54.0, 4718.666666666845)	(55.0, 3857.666666667303)	(56.0, 2696.666666666775)	(57.0, 1802.3333333332027)	(58.0, 1273.6666666666563)	(59.0, 745.0000000000148)	(60.0, 445.9999999999921)	(61.0, 277.66666666666833)	(62.0, 131.99999999999937)	(63.0, 61.000000000000156)	(64.0, 31.33333333333329)	(65.0, 13.33333333333334)	(66.0, 7.666666666666663)	(67.0, 7.666666666666663)	(68.0, 10.666666666666668)	(69.0, 13.33333333333334)	(70.0, 9.666666666666666)	(71.0, 4.666666666666666)	(72.0, 2.6666666666666665)	(73.0, 1.9999999999999998)	(74.0, 1.0)	(75.0, 0.0)	(76.0, 0.3333333333333333)	(77.0, 0.3333333333333333)	(78.0, 1.0)	(79.0, 0.3333333333333333)	(80.0, 0.0)	(81.0, 0.3333333333333333)	(82.0, 0.3333333333333333)	(83.0, 1.0)	(84.0, 1.0)	(85.0, 0.0)	(86.0, 0.0)	(87.0, 0.3333333333333333)	(88.0, 0.0)	(89.0, 0.0)	(90.0, 0.0)	(91.0, 0.0)	(92.0, 0.0)	(93.0, 0.0)	(94.0, 0.0)	(95.0, 0.0)	(96.0, 0.0)	(97.0, 0.0)	(98.0, 0.3333333333333333)	(99.0, 0.0)	(100.0, 0.5)
SRR1542221_1	(0.0, 0.0)	(1.0, 0.0)	(2.0, 0.0)	(3.0, 0.0)	(4.0, 0.0)	(5.0, 0.0)	(6.0, 0.0)	(7.0, 0.0)	(8.0, 0.0)	(9.0, 0.0)	(10.0, 0.0)	(11.0, 0.0)	(12.0, 0.0)	(13.0, 0.0)	(14.0, 0.0)	(15.0, 0.0)	(16.0, 0.0)	(17.0, 0.0)	(18.0, 0.0)	(19.0, 0.0)	(20.0, 0.0)	(21.0, 0.0)	(22.0, 0.0)	(23.0, 0.0)	(24.0, 0.0)	(25.0, 0.0)	(26.0, 0.0)	(27.0, 0.0)	(28.0, 0.0)	(29.0, 0.0)	(30.0, 0.0)	(31.0, 0.0)	(32.0, 0.0)	(33.0, 0.0)	(34.0, 0.0)	(35.0, 0.0)	(36.0, 0.0)	(37.0, 0.0)	(38.0, 0.0)	(39.0, 0.0)	(40.0, 0.0)	(41.0, 0.3333333333333333)	(42.0, 0.6666666666666666)	(43.0, 1.0)	(44.0, 2.6666666666666665)	(45.0, 6.666666666666664)	(46.0, 15.666666666666677)	(47.0, 24.99999999999998)	(48.0, 32.99999999999996)	(49.0, 160.3333333333335)	(50.0, 1076.666666666701)	(51.0, 4995.999999999926)	(52.0, 4919.333333333329)	(53.0, 2328.9999999999413)	(54.0, 2144.3333333331907)	(55.0, 2259.333333333243)	(56.0, 2566.666666666716)	(57.0, 2176.999999999872)	(58.0, 1280.999999999988)	(59.0, 763.0000000000168)	(60.0, 461.9999999999912)	(61.0, 321.66666666666583)	(62.0, 195.66666666666785)	(63.0, 81.33333333333326)	(64.0, 34.99999999999997)	(65.0, 13.33333333333334)	(66.0, 6.666666666666664)	(67.0, 2.6666666666666665)	(68.0, 2.6666666666666665)	(69.0, 4.999999999999999)	(70.0, 1.9999999999999998)	(71.0, 0.3333333333333333)	(72.0, 0.3333333333333333)	(73.0, 0.0)	(74.0, 0.0)	(75.0, 0.0)	(76.0, 0.0)	(77.0, 0.0)	(78.0, 0.0)	(79.0, 0.0)	(80.0, 0.0)	(81.0, 0.0)	(82.0, 0.0)	(83.0, 0.0)	(84.0, 0.0)	(85.0, 0.0)	(86.0, 0.0)	(87.0, 0.0)	(88.0, 0.0)	(89.0, 0.0)	(90.0, 0.0)	(91.0, 0.0)	(92.0, 0.0)	(93.0, 0.0)	(94.0, 0.0)	(95.0, 0.0)	(96.0, 0.0)	(97.0, 0.0)	(98.0, 0.0)	(99.0, 0.0)	(100.0, 0.0)
SRR1542221_2	(0.0, 0.0)	(1.0, 0.0)	(2.0, 0.0)	(3.0, 0.0)	(4.0, 0.0)	(5.0, 0.0)	(6.0, 0.0)	(7.0, 0.0)	(8.0, 0.0)	(9.0, 0.0)	(10.0, 0.0)	(11.0, 0.0)	(12.0, 0.0)	(13.0, 0.0)	(14.0, 0.0)	(15.0, 0.0)	(16.0, 0.0)	(17.0, 0.0)	(18.0, 0.0)	(19.0, 0.0)	(20.0, 0.0)	(21.0, 0.0)	(22.0, 0.0)	(23.0, 0.0)	(24.0, 0.0)	(25.0, 0.0)	(26.0, 0.0)	(27.0, 0.0)	(28.0, 0.0)	(29.0, 0.0)	(30.0, 0.0)	(31.0, 0.0)	(32.0, 0.0)	(33.0, 0.0)	(34.0, 0.0)	(35.0, 0.0)	(36.0, 0.0)	(37.0, 0.0)	(38.0, 0.0)	(39.0, 0.0)	(40.0, 0.3333333333333333)	(41.0, 0.3333333333333333)	(42.0, 0.0)	(43.0, 1.0)	(44.0, 3.666666666666667)	(45.0, 6.333333333333331)	(46.0, 7.666666666666663)	(47.0, 20.33333333333333)	(48.0, 45.33333333333338)	(49.0, 157.00000000000009)	(50.0, 321.66666666666583)	(51.0, 643.0000000000032)	(52.0, 1995.9999999998254)	(53.0, 4487.000000000389)	(54.0, 5110.666666666489)	(55.0, 3666.6666666672163)	(56.0, 2978.6666666669034)	(57.0, 2232.3333333332307)	(58.0, 1804.9999999998688)	(59.0, 1221.3333333333348)	(60.0, 656.0000000000047)	(61.0, 323.6666666666657)	(62.0, 176.6666666666673)	(63.0, 83.33333333333323)	(64.0, 45.33333333333338)	(65.0, 33.66666666666663)	(66.0, 49.00000000000007)	(67.0, 23.333333333333318)	(68.0, 11.333333333333336)	(69.0, 6.333333333333331)	(70.0, 4.0)	(71.0, 3.3333333333333335)	(72.0, 4.333333333333333)	(73.0, 1.9999999999999998)	(74.0, 0.3333333333333333)	(75.0, 0.6666666666666666)	(76.0, 0.3333333333333333)	(77.0, 0.3333333333333333)	(78.0, 0.0)	(79.0, 0.0)	(80.0, 0.3333333333333333)	(81.0, 0.3333333333333333)	(82.0, 0.3333333333333333)	(83.0, 0.3333333333333333)	(84.0, 0.3333333333333333)	(85.0, 0.0)	(86.0, 0.0)	(87.0, 0.3333333333333333)	(88.0, 0.3333333333333333)	(89.0, 0.0)	(90.0, 0.0)	(91.0, 0.0)	(92.0, 0.0)	(93.0, 0.0)	(94.0, 0.0)	(95.0, 0.0)	(96.0, 0.3333333333333333)	(97.0, 0.0)	(98.0, 0.0)	(99.0, 0.0)	(100.0, 0.0)
SRR1542222_1	(0.0, 0.0)	(1.0, 0.0)	(2.0, 0.0)	(3.0, 0.0)	(4.0, 0.0)	(5.0, 0.0)	(6.0, 0.0)	(7.0, 0.0)	(8.0, 0.0)	(9.0, 0.0)	(10.0, 0.0)	(11.0, 0.0)	(12.0, 0.0)	(13.0, 0.0)	(14.0, 0.0)	(15.0, 0.0)	(16.0, 0.0)	(17.0, 0.0)	(18.0, 0.0)	(19.0, 0.0)	(20.0, 0.0)	(21.0, 0.0)	(22.0, 0.0)	(23.0, 0.0)	(24.0, 0.0)	(25.0, 0.0)	(26.0, 0.0)	(27.0, 0.0)	(28.0, 0.0)	(29.0, 0.0)	(30.0, 0.0)	(31.0, 0.0)	(32.0, 0.3333333333333333)	(33.0, 0.3333333333333333)	(34.0, 0.0)	(35.0, 0.0)	(36.0, 0.0)	(37.0, 0.0)	(38.0, 0.0)	(39.0, 0.0)	(40.0, 0.0)	(41.0, 0.3333333333333333)	(42.0, 1.0)	(43.0, 1.3333333333333333)	(44.0, 4.666666666666666)	(45.0, 12.666666666666671)	(46.0, 23.333333333333318)	(47.0, 43.333333333333364)	(48.0, 76.66666666666666)	(49.0, 280.66666666666816)	(50.0, 1249.3333333333285)	(51.0, 3883.000000000648)	(52.0, 3744.000000000585)	(53.0, 2295.9999999999263)	(54.0, 2158.333333333197)	(55.0, 2050.333333333148)	(56.0, 2270.6666666665815)	(57.0, 1814.3333333332)	(58.0, 1009.0000000000448)	(59.0, 620.0000000000006)	(60.0, 409.99999999999415)	(61.0, 651.3333333333375)	(62.0, 576.9999999999957)	(63.0, 96.33333333333304)	(64.0, 32.333333333333286)	(65.0, 19.333333333333332)	(66.0, 8.666666666666664)	(67.0, 6.333333333333331)	(68.0, 8.33333333333333)	(69.0, 6.999999999999997)	(70.0, 2.333333333333333)	(71.0, 1.3333333333333333)	(72.0, 1.0)	(73.0, 1.0)	(74.0, 0.3333333333333333)	(75.0, 0.0)	(76.0, 0.0)	(77.0, 0.0)	(78.0, 0.0)	(79.0, 0.0)	(80.0, 0.0)	(81.0, 0.0)	(82.0, 0.0)	(83.0, 0.0)	(84.0, 0.0)	(85.0, 0.0)	(86.0, 0.0)	(87.0, 0.0)	(88.0, 0.0)	(89.0, 0.0)	(90.0, 0.0)	(91.0, 0.0)	(92.0, 0.0)	(93.0, 0.0)	(94.0, 0.0)	(95.0, 0.0)	(96.0, 0.0)	(97.0, 0.0)	(98.0, 0.0)	(99.0, 0.0)	(100.0, 0.0)
SRR1542222_2	(0.0, 0.0)	(1.0, 0.0)	(2.0, 0.0)	(3.0, 0.0)	(4.0, 0.0)	(5.0, 0.0)	(6.0, 0.0)	(7.0, 0.0)	(8.0, 0.0)	(9.0, 0.0)	(10.0, 0.0)	(11.0, 0.0)	(12.0, 0.0)	(13.0, 0.0)	(14.0, 0.0)	(15.0, 0.0)	(16.0, 0.0)	(17.0, 0.0)	(18.0, 0.0)	(19.0, 0.0)	(20.0, 0.0)	(21.0, 0.0)	(22.0, 0.0)	(23.0, 0.0)	(24.0, 0.0)	(25.0, 0.0)	(26.0, 0.0)	(27.0, 0.0)	(28.0, 0.0)	(29.0, 0.0)	(30.0, 0.0)	(31.0, 0.0)	(32.0, 0.0)	(33.0, 0.0)	(34.0, 0.0)	(35.0, 0.0)	(36.0, 0.0)	(37.0, 0.0)	(38.0, 0.0)	(39.0, 0.0)	(40.0, 0.3333333333333333)	(41.0, 1.0)	(42.0, 2.333333333333333)	(43.0, 4.0)	(44.0, 4.999999999999999)	(45.0, 9.333333333333332)	(46.0, 23.999999999999982)	(47.0, 49.66666666666674)	(48.0, 108.6666666666662)	(49.0, 307.66666666666663)	(50.0, 564.666666666661)	(51.0, 854.6666666666939)	(52.0, 1777.3333333332084)	(53.0, 3052.666666666937)	(54.0, 3227.0000000003497)	(55.0, 2680.000000000101)	(56.0, 2571.333333333385)	(57.0, 2093.3333333331675)	(58.0, 1830.999999999863)	(59.0, 1341.6666666666408)	(60.0, 864.0000000000283)	(61.0, 519.9999999999892)	(62.0, 292.00000000000085)	(63.0, 150.33333333333323)	(64.0, 113.66666666666613)	(65.0, 152.66666666666663)	(66.0, 370.66666666666305)	(67.0, 211.33333333333496)	(68.0, 81.33333333333326)	(69.0, 37.66666666666666)	(70.0, 14.333333333333341)	(71.0, 12.000000000000004)	(72.0, 4.999999999999999)	(73.0, 3.0)	(74.0, 1.3333333333333333)	(75.0, 0.0)	(76.0, 0.3333333333333333)	(77.0, 0.6666666666666666)	(78.0, 0.0)	(79.0, 0.3333333333333333)	(80.0, 0.6666666666666666)	(81.0, 0.3333333333333333)	(82.0, 0.0)	(83.0, 0.0)	(84.0, 0.0)	(85.0, 0.0)	(86.0, 0.0)	(87.0, 0.0)	(88.0, 0.0)	(89.0, 0.0)	(90.0, 0.0)	(91.0, 0.3333333333333333)	(92.0, 0.0)	(93.0, 0.0)	(94.0, 0.0)	(95.0, 0.0)	(96.0, 0.0)	(97.0, 0.0)	(98.0, 0.0)	(99.0, 0.0)	(100.0, 0.0)
SRR1542223_1	(0.0, 0.0)	(1.0, 0.0)	(2.0, 0.0)	(3.0, 0.0)	(4.0, 0.0)	(5.0, 0.0)	(6.0, 0.0)	(7.0, 0.0)	(8.0, 0.0)	(9.0, 0.0)	(10.0, 0.0)	(11.0, 0.0)	(12.0, 0.0)	(13.0, 0.0)	(14.0, 0.0)	(15.0, 0.0)	(16.0, 0.0)	(17.0, 0.0)	(18.0, 0.0)	(19.0, 0.0)	(20.0, 0.0)	(21.0, 0.0)	(22.0, 0.0)	(23.0, 0.0)	(24.0, 0.0)	(25.0, 0.0)	(26.0, 0.0)	(27.0, 0.0)	(28.0, 0.0)	(29.0, 0.0)	(30.0, 0.0)	(31.0, 0.0)	(32.0, 0.0)	(33.0, 0.0)	(34.0, 0.0)	(35.0, 0.0)	(36.0, 0.0)	(37.0, 0.0)	(38.0, 0.0)	(39.0, 0.3333333333333333)	(40.0, 0.0)	(41.0, 0.0)	(42.0, 0.0)	(43.0, 0.0)	(44.0, 1.0)	(45.0, 1.9999999999999998)	(46.0, 3.3333333333333335)	(47.0, 9.333333333333332)	(48.0, 11.66666666666667)	(49.0, 23.66666666666665)	(50.0, 89.66666666666647)	(51.0, 210.66666666666828)	(52.0, 192.00000000000108)	(53.0, 172.6666666666672)	(54.0, 224.000000000002)	(55.0, 201.66666666666802)	(56.0, 164.00000000000028)	(57.0, 111.66666666666616)	(58.0, 73.33333333333337)	(59.0, 42.33333333333336)	(60.0, 34.666666666666636)	(61.0, 170.66666666666714)	(62.0, 173.00000000000054)	(63.0, 22.999999999999986)	(64.0, 6.666666666666664)	(65.0, 4.666666666666666)	(66.0, 3.0)	(67.0, 1.3333333333333333)	(68.0, 0.6666666666666666)	(69.0, 1.0)	(70.0, 0.6666666666666666)	(71.0, 0.3333333333333333)	(72.0, 0.6666666666666666)	(73.0, 0.0)	(74.0, 0.0)	(75.0, 0.0)	(76.0, 0.0)	(77.0, 0.0)	(78.0, 0.0)	(79.0, 0.0)	(80.0, 0.0)	(81.0, 0.0)	(82.0, 0.0)	(83.0, 0.0)	(84.0, 0.0)	(85.0, 0.0)	(86.0, 0.0)	(87.0, 0.0)	(88.0, 0.0)	(89.0, 0.0)	(90.0, 0.0)	(91.0, 0.0)	(92.0, 0.0)	(93.0, 0.0)	(94.0, 0.0)	(95.0, 0.0)	(96.0, 0.0)	(97.0, 0.0)	(98.0, 0.0)	(99.0, 0.0)	(100.0, 0.0)
SRR1542223_2	(0.0, 0.0)	(1.0, 0.0)	(2.0, 0.0)	(3.0, 0.0)	(4.0, 0.0)	(5.0, 0.0)	(6.0, 0.0)	(7.0, 0.0)	(8.0, 0.0)	(9.0, 0.0)	(10.0, 0.0)	(11.0, 0.0)	(12.0, 0.0)	(13.0, 0.0)	(14.0, 0.0)	(15.0, 0.0)	(16.0, 0.0)	(17.0, 0.0)	(18.0, 0.0)	(19.0, 0.0)	(20.0, 0.0)	(21.0, 0.0)	(22.0, 0.0)	(23.0, 0.0)	(24.0, 0.0)	(25.0, 0.0)	(26.0, 0.0)	(27.0, 0.0)	(28.0, 0.0)	(29.0, 0.0)	(30.0, 0.0)	(31.0, 0.0)	(32.0, 0.0)	(33.0, 0.0)	(34.0, 0.0)	(35.0, 0.0)	(36.0, 0.0)	(37.0, 0.0)	(38.0, 0.0)	(39.0, 0.0)	(40.0, 0.0)	(41.0, 0.0)	(42.0, 0.0)	(43.0, 1.0)	(44.0, 1.6666666666666665)	(45.0, 1.0)	(46.0, 1.9999999999999998)	(47.0, 5.666666666666665)	(48.0, 11.66666666666667)	(49.0, 27.333333333333304)	(50.0, 46.333333333333385)	(51.0, 60.333333333333485)	(52.0, 118.33333333333273)	(53.0, 193.0000000000011)	(54.0, 206.00000000000148)	(55.0, 207.33333333333485)	(56.0, 198.00000000000125)	(57.0, 162.00000000000023)	(58.0, 124.9999999999993)	(59.0, 81.99999999999991)	(60.0, 51.000000000000085)	(61.0, 40.66666666666668)	(62.0, 24.99999999999998)	(63.0, 16.00000000000001)	(64.0, 14.333333333333341)	(65.0, 50.66666666666675)	(66.0, 133.99999999999943)	(67.0, 73.33333333333337)	(68.0, 26.66666666666664)	(69.0, 10.333333333333334)	(70.0, 5.666666666666665)	(71.0, 1.9999999999999998)	(72.0, 2.333333333333333)	(73.0, 2.333333333333333)	(74.0, 0.6666666666666666)	(75.0, 0.3333333333333333)	(76.0, 0.0)	(77.0, 0.3333333333333333)	(78.0, 0.0)	(79.0, 0.0)	(80.0, 0.0)	(81.0, 0.0)	(82.0, 0.0)	(83.0, 0.0)	(84.0, 0.0)	(85.0, 0.0)	(86.0, 0.0)	(87.0, 0.0)	(88.0, 0.0)	(89.0, 0.0)	(90.0, 0.0)	(91.0, 0.0)	(92.0, 0.0)	(93.0, 0.0)	(94.0, 0.0)	(95.0, 0.0)	(96.0, 0.0)	(97.0, 0.0)	(98.0, 0.0)	(99.0, 0.0)	(100.0, 0.0)
SRR1542224_1	(0.0, 0.0)	(1.0, 0.0)	(2.0, 0.0)	(3.0, 0.0)	(4.0, 0.0)	(5.0, 0.0)	(6.0, 0.0)	(7.0, 0.0)	(8.0, 0.0)	(9.0, 0.0)	(10.0, 0.0)	(11.0, 0.0)	(12.0, 0.0)	(13.0, 0.0)	(14.0, 0.0)	(15.0, 0.0)	(16.0, 0.0)	(17.0, 0.0)	(18.0, 0.0)	(19.0, 0.0)	(20.0, 0.0)	(21.0, 0.0)	(22.0, 0.0)	(23.0, 0.0)	(24.0, 0.0)	(25.0, 0.0)	(26.0, 0.0)	(27.0, 0.0)	(28.0, 0.0)	(29.0, 0.0)	(30.0, 0.0)	(31.0, 0.0)	(32.0, 0.0)	(33.0, 0.0)	(34.0, 0.0)	(35.0, 0.0)	(36.0, 0.0)	(37.0, 0.0)	(38.0, 0.0)	(39.0, 0.0)	(40.0, 0.0)	(41.0, 0.0)	(42.0, 0.6666666666666666)	(43.0, 0.6666666666666666)	(44.0, 1.0)	(45.0, 1.9999999999999998)	(46.0, 2.6666666666666665)	(47.0, 7.33333333333333)	(48.0, 13.33333333333334)	(49.0, 23.999999999999982)	(50.0, 78.3333333333333)	(51.0, 142.9999999999997)	(52.0, 135.9999999999995)	(53.0, 131.66666666666603)	(54.0, 156.66666666666674)	(55.0, 126.33333333333262)	(56.0, 99.99999999999966)	(57.0, 77.33333333333331)	(58.0, 43.333333333333364)	(59.0, 30.999999999999957)	(60.0, 44.000000000000036)	(61.0, 226.66666666666873)	(62.0, 230.3333333333355)	(63.0, 24.666666666666647)	(64.0, 4.999999999999999)	(65.0, 1.0)	(66.0, 1.0)	(67.0, 0.3333333333333333)	(68.0, 0.6666666666666666)	(69.0, 0.6666666666666666)	(70.0, 0.3333333333333333)	(71.0, 0.3333333333333333)	(72.0, 0.0)	(73.0, 0.0)	(74.0, 0.0)	(75.0, 0.0)	(76.0, 0.0)	(77.0, 0.0)	(78.0, 0.0)	(79.0, 0.0)	(80.0, 0.0)	(81.0, 0.0)	(82.0, 0.0)	(83.0, 0.0)	(84.0, 0.0)	(85.0, 0.0)	(86.0, 0.0)	(87.0, 0.0)	(88.0, 0.0)	(89.0, 0.0)	(90.0, 0.0)	(91.0, 0.0)	(92.0, 0.0)	(93.0, 0.0)	(94.0, 0.0)	(95.0, 0.0)	(96.0, 0.0)	(97.0, 0.0)	(98.0, 0.0)	(99.0, 0.0)	(100.0, 0.0)
SRR1542224_2	(0.0, 0.0)	(1.0, 0.0)	(2.0, 0.0)	(3.0, 0.0)	(4.0, 0.0)	(5.0, 0.0)	(6.0, 0.0)	(7.0, 0.0)	(8.0, 0.0)	(9.0, 0.0)	(10.0, 0.0)	(11.0, 0.0)	(12.0, 0.0)	(13.0, 0.0)	(14.0, 0.0)	(15.0, 0.0)	(16.0, 0.0)	(17.0, 0.0)	(18.0, 0.0)	(19.0, 0.0)	(20.0, 0.0)	(21.0, 0.0)	(22.0, 0.0)	(23.0, 0.0)	(24.0, 0.0)	(25.0, 0.0)	(26.0, 0.0)	(27.0, 0.0)	(28.0, 0.0)	(29.0, 0.0)	(30.0, 0.0)	(31.0, 0.0)	(32.0, 0.0)	(33.0, 0.0)	(34.0, 0.0)	(35.0, 0.0)	(36.0, 0.0)	(37.0, 0.0)	(38.0, 0.0)	(39.0, 0.0)	(40.0, 0.0)	(41.0, 0.0)	(42.0, 0.3333333333333333)	(43.0, 1.3333333333333333)	(44.0, 1.3333333333333333)	(45.0, 1.6666666666666665)	(46.0, 3.3333333333333335)	(47.0, 4.999999999999999)	(48.0, 16.666666666666675)	(49.0, 43.00000000000003)	(50.0, 45.00000000000004)	(51.0, 52.33333333333343)	(52.0, 82.33333333333324)	(53.0, 120.99999999999936)	(54.0, 140.33333333333294)	(55.0, 142.333333333333)	(56.0, 135.9999999999995)	(57.0, 114.33333333333279)	(58.0, 88.66666666666649)	(59.0, 56.33333333333346)	(60.0, 32.333333333333286)	(61.0, 16.00000000000001)	(62.0, 14.333333333333341)	(63.0, 16.666666666666675)	(64.0, 22.666666666666654)	(65.0, 68.33333333333344)	(66.0, 182.0000000000008)	(67.0, 98.99999999999967)	(68.0, 33.999999999999964)	(69.0, 16.333333333333343)	(70.0, 6.999999999999997)	(71.0, 3.0)	(72.0, 1.6666666666666665)	(73.0, 1.9999999999999998)	(74.0, 0.3333333333333333)	(75.0, 0.0)	(76.0, 0.3333333333333333)	(77.0, 0.0)	(78.0, 0.0)	(79.0, 0.0)	(80.0, 0.0)	(81.0, 0.3333333333333333)	(82.0, 0.0)	(83.0, 0.0)	(84.0, 0.0)	(85.0, 0.0)	(86.0, 0.0)	(87.0, 0.0)	(88.0, 0.0)	(89.0, 0.0)	(90.0, 0.0)	(91.0, 0.0)	(92.0, 0.0)	(93.0, 0.0)	(94.0, 0.0)	(95.0, 0.0)	(96.0, 0.0)	(97.0, 0.0)	(98.0, 0.0)	(99.0, 0.0)	(100.0, 0.0)
SRR1542225_1	(0.0, 0.0)	(1.0, 0.0)	(2.0, 0.0)	(3.0, 0.0)	(4.0, 0.0)	(5.0, 0.0)	(6.0, 0.0)	(7.0, 0.0)	(8.0, 0.0)	(9.0, 0.0)	(10.0, 0.0)	(11.0, 0.0)	(12.0, 0.0)	(13.0, 0.0)	(14.0, 0.0)	(15.0, 0.0)	(16.0, 0.0)	(17.0, 0.0)	(18.0, 0.0)	(19.0, 0.0)	(20.0, 0.0)	(21.0, 0.0)	(22.0, 0.0)	(23.0, 0.0)	(24.0, 0.0)	(25.0, 0.0)	(26.0, 0.0)	(27.0, 0.0)	(28.0, 0.0)	(29.0, 0.0)	(30.0, 0.0)	(31.0, 0.0)	(32.0, 0.0)	(33.0, 0.0)	(34.0, 0.0)	(35.0, 0.0)	(36.0, 0.0)	(37.0, 0.0)	(38.0, 0.0)	(39.0, 0.0)	(40.0, 0.0)	(41.0, 0.3333333333333333)	(42.0, 0.6666666666666666)	(43.0, 0.6666666666666666)	(44.0, 3.0)	(45.0, 12.333333333333337)	(46.0, 30.999999999999957)	(47.0, 72.33333333333339)	(48.0, 271.33333333333536)	(49.0, 561.6666666666606)	(50.0, 807.6666666666886)	(51.0, 1126.0000000000232)	(52.0, 1188.3333333333424)	(53.0, 1312.3333333333142)	(54.0, 2319.3333333332703)	(55.0, 1705.666666666558)	(56.0, 962.3333333333728)	(57.0, 545.9999999999922)	(58.0, 383.333333333329)	(59.0, 237.3333333333357)	(60.0, 173.00000000000054)	(61.0, 245.33333333333593)	(62.0, 201.66666666666802)	(63.0, 53.0000000000001)	(64.0, 26.99999999999997)	(65.0, 30.666666666666625)	(66.0, 19.999999999999996)	(67.0, 8.999999999999998)	(68.0, 4.999999999999999)	(69.0, 5.666666666666665)	(70.0, 2.333333333333333)	(71.0, 1.0)	(72.0, 0.3333333333333333)	(73.0, 0.0)	(74.0, 0.0)	(75.0, 0.0)	(76.0, 0.0)	(77.0, 0.0)	(78.0, 0.0)	(79.0, 0.0)	(80.0, 0.0)	(81.0, 0.0)	(82.0, 0.0)	(83.0, 0.0)	(84.0, 0.0)	(85.0, 0.0)	(86.0, 0.0)	(87.0, 0.0)	(88.0, 0.0)	(89.0, 0.0)	(90.0, 0.0)	(91.0, 0.0)	(92.0, 0.0)	(93.0, 0.0)	(94.0, 0.0)	(95.0, 0.0)	(96.0, 0.0)	(97.0, 0.0)	(98.0, 0.0)	(99.0, 0.0)	(100.0, 0.0)
SRR1542225_2	(0.0, 0.0)	(1.0, 0.0)	(2.0, 0.0)	(3.0, 0.0)	(4.0, 0.0)	(5.0, 0.0)	(6.0, 0.0)	(7.0, 0.0)	(8.0, 0.0)	(9.0, 0.0)	(10.0, 0.0)	(11.0, 0.0)	(12.0, 0.0)	(13.0, 0.0)	(14.0, 0.0)	(15.0, 0.0)	(16.0, 0.0)	(17.0, 0.0)	(18.0, 0.0)	(19.0, 0.0)	(20.0, 0.0)	(21.0, 0.0)	(22.0, 0.0)	(23.0, 0.0)	(24.0, 0.0)	(25.0, 0.0)	(26.0, 0.0)	(27.0, 0.0)	(28.0, 0.0)	(29.0, 0.0)	(30.0, 0.0)	(31.0, 0.0)	(32.0, 0.0)	(33.0, 0.0)	(34.0, 0.0)	(35.0, 0.0)	(36.0, 0.0)	(37.0, 0.0)	(38.0, 0.0)	(39.0, 0.0)	(40.0, 0.6666666666666666)	(41.0, 0.6666666666666666)	(42.0, 1.9999999999999998)	(43.0, 4.999999999999999)	(44.0, 14.333333333333341)	(45.0, 20.66666666666666)	(46.0, 29.333333333333297)	(47.0, 58.666666666666806)	(48.0, 168.33333333333374)	(49.0, 539.6666666666581)	(50.0, 751.6666666666822)	(51.0, 723.0000000000123)	(52.0, 872.3333333333626)	(53.0, 1189.0000000000089)	(54.0, 1776.9999999998752)	(55.0, 2055.6666666664837)	(56.0, 1506.6666666666033)	(57.0, 939.0000000000368)	(58.0, 547.3333333333256)	(59.0, 300.0000000000004)	(60.0, 190.33333333333437)	(61.0, 157.33333333333343)	(62.0, 99.333333333333)	(63.0, 59.00000000000014)	(64.0, 38.33333333333333)	(65.0, 53.0000000000001)	(66.0, 119.33333333333272)	(67.0, 76.33333333333333)	(68.0, 37.99999999999999)	(69.0, 28.999999999999964)	(70.0, 11.66666666666667)	(71.0, 4.333333333333333)	(72.0, 4.666666666666666)	(73.0, 1.9999999999999998)	(74.0, 1.3333333333333333)	(75.0, 0.0)	(76.0, 0.3333333333333333)	(77.0, 0.3333333333333333)	(78.0, 0.0)	(79.0, 0.3333333333333333)	(80.0, 0.3333333333333333)	(81.0, 0.0)	(82.0, 0.0)	(83.0, 0.0)	(84.0, 0.0)	(85.0, 0.0)	(86.0, 0.0)	(87.0, 0.0)	(88.0, 0.0)	(89.0, 0.3333333333333333)	(90.0, 0.3333333333333333)	(91.0, 0.0)	(92.0, 0.0)	(93.0, 0.0)	(94.0, 0.0)	(95.0, 0.0)	(96.0, 0.0)	(97.0, 0.0)	(98.0, 0.0)	(99.0, 0.0)	(100.0, 0.0)
SRR1542226_1	(0.0, 0.0)	(1.0, 0.0)	(2.0, 0.0)	(3.0, 0.0)	(4.0, 0.0)	(5.0, 0.0)	(6.0, 0.0)	(7.0, 0.3333333333333333)	(8.0, 0.3333333333333333)	(9.0, 0.0)	(10.0, 0.0)	(11.0, 0.3333333333333333)	(12.0, 0.3333333333333333)	(13.0, 0.0)	(14.0, 0.0)	(15.0, 0.0)	(16.0, 0.0)	(17.0, 0.0)	(18.0, 0.0)	(19.0, 0.0)	(20.0, 0.0)	(21.0, 0.0)	(22.0, 0.3333333333333333)	(23.0, 0.3333333333333333)	(24.0, 0.0)	(25.0, 0.0)	(26.0, 0.0)	(27.0, 0.3333333333333333)	(28.0, 0.0)	(29.0, 0.3333333333333333)	(30.0, 0.0)	(31.0, 0.3333333333333333)	(32.0, 0.3333333333333333)	(33.0, 0.0)	(34.0, 0.0)	(35.0, 0.6666666666666666)	(36.0, 1.6666666666666665)	(37.0, 2.6666666666666665)	(38.0, 3.666666666666667)	(39.0, 5.333333333333332)	(40.0, 4.666666666666666)	(41.0, 5.999999999999998)	(42.0, 6.333333333333331)	(43.0, 8.666666666666664)	(44.0, 13.000000000000005)	(45.0, 46.00000000000005)	(46.0, 137.33333333333286)	(47.0, 332.9999999999985)	(48.0, 525.6666666666565)	(49.0, 1114.6666666666924)	(50.0, 2511.3333333333576)	(51.0, 3914.000000000662)	(52.0, 5633.33333333268)	(53.0, 5949.333333332393)	(54.0, 6357.999999998688)	(55.0, 5780.999999999212)	(56.0, 4848.666666666727)	(57.0, 3575.666666667175)	(58.0, 2702.000000000111)	(59.0, 2108.666666666508)	(60.0, 1738.6666666665506)	(61.0, 1796.9999999998706)	(62.0, 1539.6666666665958)	(63.0, 884.6666666666973)	(64.0, 581.9999999999962)	(65.0, 364.3333333333301)	(66.0, 212.333333333335)	(67.0, 127.99999999999926)	(68.0, 72.00000000000006)	(69.0, 51.33333333333342)	(70.0, 26.333333333333307)	(71.0, 15.000000000000009)	(72.0, 10.666666666666668)	(73.0, 7.33333333333333)	(74.0, 1.9999999999999998)	(75.0, 0.6666666666666666)	(76.0, 0.0)	(77.0, 0.3333333333333333)	(78.0, 0.0)	(79.0, 0.0)	(80.0, 0.0)	(81.0, 0.0)	(82.0, 0.0)	(83.0, 0.0)	(84.0, 0.0)	(85.0, 0.0)	(86.0, 0.0)	(87.0, 0.0)	(88.0, 0.0)	(89.0, 0.0)	(90.0, 0.0)	(91.0, 0.0)	(92.0, 0.0)	(93.0, 0.0)	(94.0, 0.0)	(95.0, 0.0)	(96.0, 0.0)	(97.0, 0.0)	(98.0, 0.0)	(99.0, 0.0)	(100.0, 0.0)
SRR1542226_2	(0.0, 0.0)	(1.0, 0.0)	(2.0, 0.0)	(3.0, 0.0)	(4.0, 0.0)	(5.0, 0.0)	(6.0, 0.0)	(7.0, 0.0)	(8.0, 0.3333333333333333)	(9.0, 0.3333333333333333)	(10.0, 0.0)	(11.0, 0.0)	(12.0, 0.3333333333333333)	(13.0, 0.3333333333333333)	(14.0, 0.3333333333333333)	(15.0, 0.0)	(16.0, 0.3333333333333333)	(17.0, 0.0)	(18.0, 0.0)	(19.0, 0.3333333333333333)	(20.0, 0.3333333333333333)	(21.0, 0.3333333333333333)	(22.0, 1.0)	(23.0, 0.6666666666666666)	(24.0, 0.3333333333333333)	(25.0, 0.3333333333333333)	(26.0, 0.0)	(27.0, 1.0)	(28.0, 1.3333333333333333)	(29.0, 0.0)	(30.0, 0.0)	(31.0, 0.3333333333333333)	(32.0, 1.3333333333333333)	(33.0, 1.0)	(34.0, 0.6666666666666666)	(35.0, 1.0)	(36.0, 1.3333333333333333)	(37.0, 1.3333333333333333)	(38.0, 1.6666666666666665)	(39.0, 0.6666666666666666)	(40.0, 1.6666666666666665)	(41.0, 3.3333333333333335)	(42.0, 4.0)	(43.0, 6.666666666666664)	(44.0, 7.33333333333333)	(45.0, 12.333333333333337)	(46.0, 17.000000000000007)	(47.0, 30.666666666666625)	(48.0, 80.33333333333327)	(49.0, 203.33333333333474)	(50.0, 419.9999999999936)	(51.0, 751.6666666666822)	(52.0, 1245.999999999996)	(53.0, 2065.3333333331548)	(54.0, 3178.0000000003274)	(55.0, 4337.666666667192)	(56.0, 5285.66666666633)	(57.0, 5730.999999999258)	(58.0, 5525.999999999444)	(59.0, 5015.999999999908)	(60.0, 4300.666666667225)	(61.0, 3584.666666667179)	(62.0, 2826.6666666668343)	(63.0, 2208.6666666665533)	(64.0, 1684.3333333332296)	(65.0, 1227.0000000000002)	(66.0, 895.3333333333652)	(67.0, 676.6666666666737)	(68.0, 520.6666666666559)	(69.0, 420.3333333333269)	(70.0, 302.6666666666669)	(71.0, 210.66666666666828)	(72.0, 139.9999999999996)	(73.0, 103.33333333333294)	(74.0, 72.00000000000006)	(75.0, 49.00000000000007)	(76.0, 30.999999999999957)	(77.0, 18.000000000000004)	(78.0, 8.33333333333333)	(79.0, 6.333333333333331)	(80.0, 4.0)	(81.0, 3.0)	(82.0, 1.6666666666666665)	(83.0, 0.3333333333333333)	(84.0, 0.6666666666666666)	(85.0, 0.3333333333333333)	(86.0, 0.0)	(87.0, 0.3333333333333333)	(88.0, 0.0)	(89.0, 0.0)	(90.0, 0.3333333333333333)	(91.0, 0.3333333333333333)	(92.0, 0.0)	(93.0, 0.3333333333333333)	(94.0, 0.3333333333333333)	(95.0, 0.0)	(96.0, 0.3333333333333333)	(97.0, 0.3333333333333333)	(98.0, 0.3333333333333333)	(99.0, 0.6666666666666666)	(100.0, 0.5)
SRR1542227_1	(0.0, 0.0)	(1.0, 0.0)	(2.0, 0.0)	(3.0, 0.0)	(4.0, 0.0)	(5.0, 0.0)	(6.0, 0.0)	(7.0, 0.0)	(8.0, 0.0)	(9.0, 0.3333333333333333)	(10.0, 0.0)	(11.0, 0.0)	(12.0, 0.0)	(13.0, 0.0)	(14.0, 0.3333333333333333)	(15.0, 0.3333333333333333)	(16.0, 0.0)	(17.0, 0.3333333333333333)	(18.0, 0.0)	(19.0, 0.3333333333333333)	(20.0, 0.3333333333333333)	(21.0, 0.0)	(22.0, 0.0)	(23.0, 0.0)	(24.0, 0.0)	(25.0, 0.0)	(26.0, 0.0)	(27.0, 0.0)	(28.0, 0.0)	(29.0, 0.0)	(30.0, 0.3333333333333333)	(31.0, 0.3333333333333333)	(32.0, 0.0)	(33.0, 0.3333333333333333)	(34.0, 0.6666666666666666)	(35.0, 0.3333333333333333)	(36.0, 0.3333333333333333)	(37.0, 0.6666666666666666)	(38.0, 0.3333333333333333)	(39.0, 1.3333333333333333)	(40.0, 1.6666666666666665)	(41.0, 2.6666666666666665)	(42.0, 4.0)	(43.0, 16.00000000000001)	(44.0, 32.99999999999996)	(45.0, 51.33333333333342)	(46.0, 135.3333333333328)	(47.0, 515.6666666666554)	(48.0, 529.666666666657)	(49.0, 594.9999999999977)	(50.0, 1441.3333333332848)	(51.0, 2367.6666666666256)	(52.0, 2515.000000000026)	(53.0, 2376.333333333296)	(54.0, 2873.0000000001887)	(55.0, 2594.3333333333953)	(56.0, 1778.3333333332082)	(57.0, 1097.0000000000298)	(58.0, 689.0000000000084)	(59.0, 466.9999999999909)	(60.0, 291.66666666666754)	(61.0, 188.66666666666765)	(62.0, 148.66666666666652)	(63.0, 97.33333333333303)	(64.0, 70.66666666666674)	(65.0, 38.33333333333333)	(66.0, 26.66666666666664)	(67.0, 27.666666666666636)	(68.0, 22.33333333333332)	(69.0, 12.333333333333337)	(70.0, 9.666666666666666)	(71.0, 5.333333333333332)	(72.0, 2.6666666666666665)	(73.0, 1.0)	(74.0, 0.6666666666666666)	(75.0, 0.6666666666666666)	(76.0, 0.0)	(77.0, 0.0)	(78.0, 0.0)	(79.0, 0.0)	(80.0, 0.0)	(81.0, 0.0)	(82.0, 0.0)	(83.0, 0.0)	(84.0, 0.0)	(85.0, 0.0)	(86.0, 0.0)	(87.0, 0.0)	(88.0, 0.0)	(89.0, 0.0)	(90.0, 0.0)	(91.0, 0.0)	(92.0, 0.0)	(93.0, 0.0)	(94.0, 0.0)	(95.0, 0.0)	(96.0, 0.0)	(97.0, 0.0)	(98.0, 0.0)	(99.0, 0.0)	(100.0, 0.0)
SRR1542227_2	(0.0, 0.0)	(1.0, 0.0)	(2.0, 0.0)	(3.0, 0.0)	(4.0, 0.0)	(5.0, 0.0)	(6.0, 0.0)	(7.0, 0.0)	(8.0, 0.0)	(9.0, 0.0)	(10.0, 0.0)	(11.0, 0.0)	(12.0, 0.0)	(13.0, 0.0)	(14.0, 0.0)	(15.0, 0.0)	(16.0, 0.0)	(17.0, 0.0)	(18.0, 0.0)	(19.0, 0.0)	(20.0, 0.3333333333333333)	(21.0, 1.0)	(22.0, 0.6666666666666666)	(23.0, 0.3333333333333333)	(24.0, 0.0)	(25.0, 1.0)	(26.0, 1.0)	(27.0, 1.0)	(28.0, 0.6666666666666666)	(29.0, 1.0)	(30.0, 1.9999999999999998)	(31.0, 0.6666666666666666)	(32.0, 0.6666666666666666)	(33.0, 0.6666666666666666)	(34.0, 0.6666666666666666)	(35.0, 0.3333333333333333)	(36.0, 0.0)	(37.0, 0.3333333333333333)	(38.0, 1.0)	(39.0, 1.6666666666666665)	(40.0, 2.6666666666666665)	(41.0, 1.6666666666666665)	(42.0, 3.666666666666667)	(43.0, 11.000000000000002)	(44.0, 24.333333333333314)	(45.0, 26.333333333333307)	(46.0, 38.666666666666664)	(47.0, 61.000000000000156)	(48.0, 189.66666666666768)	(49.0, 381.3333333333291)	(50.0, 581.9999999999962)	(51.0, 779.6666666666854)	(52.0, 967.6666666667068)	(53.0, 1282.333333333321)	(54.0, 1712.9999999998897)	(55.0, 2101.6666666665046)	(56.0, 2286.9999999999222)	(57.0, 2255.333333333241)	(58.0, 2030.9999999998174)	(59.0, 1673.6666666665653)	(60.0, 1366.6666666666351)	(61.0, 1083.3333333333662)	(62.0, 779.6666666666854)	(63.0, 522.6666666666562)	(64.0, 338.9999999999982)	(65.0, 218.00000000000182)	(66.0, 137.33333333333286)	(67.0, 82.9999999999999)	(68.0, 46.333333333333385)	(69.0, 31.999999999999954)	(70.0, 25.999999999999975)	(71.0, 17.66666666666667)	(72.0, 11.66666666666667)	(73.0, 8.999999999999998)	(74.0, 3.666666666666667)	(75.0, 3.666666666666667)	(76.0, 3.666666666666667)	(77.0, 3.3333333333333335)	(78.0, 2.333333333333333)	(79.0, 0.6666666666666666)	(80.0, 0.0)	(81.0, 0.3333333333333333)	(82.0, 0.6666666666666666)	(83.0, 0.3333333333333333)	(84.0, 0.3333333333333333)	(85.0, 0.0)	(86.0, 0.0)	(87.0, 0.0)	(88.0, 0.0)	(89.0, 0.0)	(90.0, 0.0)	(91.0, 0.3333333333333333)	(92.0, 0.0)	(93.0, 0.0)	(94.0, 0.3333333333333333)	(95.0, 0.6666666666666666)	(96.0, 0.6666666666666666)	(97.0, 0.6666666666666666)	(98.0, 0.3333333333333333)	(99.0, 0.0)	(100.0, 1.0)
SRR1542228_1	(0.0, 0.0)	(1.0, 0.0)	(2.0, 0.0)	(3.0, 0.0)	(4.0, 0.0)	(5.0, 0.0)	(6.0, 0.0)	(7.0, 0.0)	(8.0, 0.0)	(9.0, 0.0)	(10.0, 0.0)	(11.0, 0.0)	(12.0, 0.0)	(13.0, 0.0)	(14.0, 0.0)	(15.0, 0.0)	(16.0, 0.0)	(17.0, 0.0)	(18.0, 0.0)	(19.0, 0.0)	(20.0, 0.0)	(21.0, 0.0)	(22.0, 0.0)	(23.0, 0.0)	(24.0, 0.0)	(25.0, 0.0)	(26.0, 0.0)	(27.0, 0.0)	(28.0, 0.0)	(29.0, 0.0)	(30.0, 0.0)	(31.0, 0.0)	(32.0, 0.0)	(33.0, 0.0)	(34.0, 0.0)	(35.0, 0.0)	(36.0, 0.6666666666666666)	(37.0, 1.6666666666666665)	(38.0, 0.6666666666666666)	(39.0, 0.0)	(40.0, 0.0)	(41.0, 1.0)	(42.0, 1.0)	(43.0, 1.3333333333333333)	(44.0, 3.3333333333333335)	(45.0, 8.999999999999998)	(46.0, 28.3333333333333)	(47.0, 60.00000000000015)	(48.0, 82.33333333333324)	(49.0, 198.3333333333346)	(50.0, 730.6666666666798)	(51.0, 1607.6666666665803)	(52.0, 2082.3333333331625)	(53.0, 2124.3333333331816)	(54.0, 1924.6666666665083)	(55.0, 1135.6666666666877)	(56.0, 689.6666666666752)	(57.0, 387.33333333332877)	(58.0, 264.33333333333576)	(59.0, 178.33333333333402)	(60.0, 107.99999999999955)	(61.0, 61.33333333333349)	(62.0, 37.99999999999999)	(63.0, 32.99999999999996)	(64.0, 55.000000000000114)	(65.0, 90.99999999999979)	(66.0, 52.666666666666764)	(67.0, 15.000000000000009)	(68.0, 6.666666666666664)	(69.0, 3.0)	(70.0, 3.666666666666667)	(71.0, 1.0)	(72.0, 0.0)	(73.0, 0.3333333333333333)	(74.0, 0.0)	(75.0, 0.0)	(76.0, 0.0)	(77.0, 0.0)	(78.0, 0.0)	(79.0, 0.0)	(80.0, 0.0)	(81.0, 0.0)	(82.0, 0.0)	(83.0, 0.0)	(84.0, 0.0)	(85.0, 0.0)	(86.0, 0.0)	(87.0, 0.0)	(88.0, 0.0)	(89.0, 0.0)	(90.0, 0.0)	(91.0, 0.0)	(92.0, 0.0)	(93.0, 0.0)	(94.0, 0.0)	(95.0, 0.0)	(96.0, 0.0)	(97.0, 0.0)	(98.0, 0.0)	(99.0, 0.0)	(100.0, 0.0)
SRR1542228_2	(0.0, 0.0)	(1.0, 0.0)	(2.0, 0.0)	(3.0, 0.0)	(4.0, 0.0)	(5.0, 0.0)	(6.0, 0.0)	(7.0, 0.0)	(8.0, 0.0)	(9.0, 0.0)	(10.0, 0.0)	(11.0, 0.0)	(12.0, 0.0)	(13.0, 0.0)	(14.0, 0.0)	(15.0, 0.0)	(16.0, 0.0)	(17.0, 0.0)	(18.0, 0.0)	(19.0, 0.0)	(20.0, 0.0)	(21.0, 0.0)	(22.0, 0.0)	(23.0, 0.0)	(24.0, 0.0)	(25.0, 0.0)	(26.0, 0.0)	(27.0, 0.0)	(28.0, 0.0)	(29.0, 0.0)	(30.0, 0.0)	(31.0, 0.0)	(32.0, 0.0)	(33.0, 0.3333333333333333)	(34.0, 0.3333333333333333)	(35.0, 0.0)	(36.0, 0.0)	(37.0, 0.0)	(38.0, 0.6666666666666666)	(39.0, 1.3333333333333333)	(40.0, 1.3333333333333333)	(41.0, 0.3333333333333333)	(42.0, 1.0)	(43.0, 1.0)	(44.0, 2.6666666666666665)	(45.0, 5.999999999999998)	(46.0, 17.66666666666667)	(47.0, 42.00000000000002)	(48.0, 89.9999999999998)	(49.0, 243.66666666666922)	(50.0, 331.33333333333195)	(51.0, 498.33333333332246)	(52.0, 1053.333333333373)	(53.0, 1924.6666666665083)	(54.0, 2524.3333333333635)	(55.0, 1882.999999999851)	(56.0, 1201.0000000000061)	(57.0, 681.6666666666742)	(58.0, 400.66666666666134)	(59.0, 241.00000000000247)	(60.0, 229.00000000000213)	(61.0, 141.99999999999966)	(62.0, 58.000000000000135)	(63.0, 21.99999999999999)	(64.0, 15.333333333333343)	(65.0, 13.000000000000005)	(66.0, 18.333333333333336)	(67.0, 30.999999999999957)	(68.0, 60.333333333333485)	(69.0, 78.99999999999996)	(70.0, 42.33333333333336)	(71.0, 12.000000000000004)	(72.0, 5.333333333333332)	(73.0, 1.9999999999999998)	(74.0, 1.6666666666666665)	(75.0, 0.3333333333333333)	(76.0, 0.3333333333333333)	(77.0, 0.3333333333333333)	(78.0, 0.0)	(79.0, 0.0)	(80.0, 0.6666666666666666)	(81.0, 1.0)	(82.0, 0.3333333333333333)	(83.0, 0.0)	(84.0, 0.0)	(85.0, 0.0)	(86.0, 0.0)	(87.0, 0.0)	(88.0, 0.0)	(89.0, 0.0)	(90.0, 0.0)	(91.0, 0.0)	(92.0, 0.0)	(93.0, 0.0)	(94.0, 0.0)	(95.0, 0.0)	(96.0, 0.3333333333333333)	(97.0, 0.0)	(98.0, 0.0)	(99.0, 0.0)	(100.0, 0.0)
SRR1542229_1	(0.0, 0.0)	(1.0, 0.0)	(2.0, 0.0)	(3.0, 0.0)	(4.0, 0.0)	(5.0, 0.0)	(6.0, 0.0)	(7.0, 0.0)	(8.0, 0.0)	(9.0, 0.0)	(10.0, 0.0)	(11.0, 0.0)	(12.0, 0.0)	(13.0, 0.0)	(14.0, 0.0)	(15.0, 0.0)	(16.0, 0.0)	(17.0, 0.0)	(18.0, 0.0)	(19.0, 0.0)	(20.0, 0.0)	(21.0, 0.0)	(22.0, 0.0)	(23.0, 0.0)	(24.0, 0.0)	(25.0, 0.0)	(26.0, 0.0)	(27.0, 0.0)	(28.0, 0.0)	(29.0, 0.0)	(30.0, 0.0)	(31.0, 0.0)	(32.0, 0.0)	(33.0, 0.0)	(34.0, 0.0)	(35.0, 0.0)	(36.0, 0.0)	(37.0, 0.3333333333333333)	(38.0, 0.6666666666666666)	(39.0, 0.0)	(40.0, 0.0)	(41.0, 0.0)	(42.0, 0.3333333333333333)	(43.0, 0.6666666666666666)	(44.0, 1.6666666666666665)	(45.0, 3.666666666666667)	(46.0, 15.000000000000009)	(47.0, 36.999999999999986)	(48.0, 98.66666666666634)	(49.0, 380.6666666666625)	(50.0, 2613.333333333404)	(51.0, 7082.666666664695)	(52.0, 7099.333333331347)	(53.0, 3942.000000000675)	(54.0, 3050.3333333336027)	(55.0, 2296.999999999927)	(56.0, 2273.666666666583)	(57.0, 2522.3333333333626)	(58.0, 1163.333333333348)	(59.0, 506.333333333322)	(60.0, 250.33333333333607)	(61.0, 134.66666666666612)	(62.0, 74.00000000000003)	(63.0, 40.33333333333334)	(64.0, 18.333333333333336)	(65.0, 7.33333333333333)	(66.0, 4.666666666666666)	(67.0, 2.6666666666666665)	(68.0, 1.3333333333333333)	(69.0, 4.666666666666666)	(70.0, 3.666666666666667)	(71.0, 3.0)	(72.0, 1.6666666666666665)	(73.0, 0.3333333333333333)	(74.0, 0.0)	(75.0, 0.0)	(76.0, 0.0)	(77.0, 0.0)	(78.0, 0.0)	(79.0, 0.0)	(80.0, 0.0)	(81.0, 0.0)	(82.0, 0.0)	(83.0, 0.0)	(84.0, 0.0)	(85.0, 0.0)	(86.0, 0.0)	(87.0, 0.0)	(88.0, 0.0)	(89.0, 0.0)	(90.0, 0.0)	(91.0, 0.0)	(92.0, 0.0)	(93.0, 0.0)	(94.0, 0.0)	(95.0, 0.0)	(96.0, 0.0)	(97.0, 0.0)	(98.0, 0.0)	(99.0, 0.0)	(100.0, 0.0)
SRR1542229_2	(0.0, 0.0)	(1.0, 0.0)	(2.0, 0.0)	(3.0, 0.0)	(4.0, 0.0)	(5.0, 0.0)	(6.0, 0.0)	(7.0, 0.0)	(8.0, 0.0)	(9.0, 0.0)	(10.0, 0.0)	(11.0, 0.0)	(12.0, 0.0)	(13.0, 0.0)	(14.0, 0.0)	(15.0, 0.0)	(16.0, 0.0)	(17.0, 0.0)	(18.0, 0.0)	(19.0, 0.0)	(20.0, 0.0)	(21.0, 0.0)	(22.0, 0.0)	(23.0, 0.0)	(24.0, 0.0)	(25.0, 0.0)	(26.0, 0.0)	(27.0, 0.0)	(28.0, 0.0)	(29.0, 0.0)	(30.0, 0.0)	(31.0, 0.0)	(32.0, 0.0)	(33.0, 0.0)	(34.0, 0.0)	(35.0, 0.0)	(36.0, 0.0)	(37.0, 0.0)	(38.0, 0.3333333333333333)	(39.0, 0.6666666666666666)	(40.0, 0.3333333333333333)	(41.0, 1.0)	(42.0, 2.333333333333333)	(43.0, 1.9999999999999998)	(44.0, 3.3333333333333335)	(45.0, 10.333333333333334)	(46.0, 18.000000000000004)	(47.0, 37.99999999999999)	(48.0, 145.3333333333331)	(49.0, 660.3333333333385)	(50.0, 1012.0000000000451)	(51.0, 1434.3333333332864)	(52.0, 3350.333333333739)	(53.0, 6336.999999998707)	(54.0, 6274.66666666543)	(55.0, 3908.0000000006594)	(56.0, 2819.000000000164)	(57.0, 2160.6666666665315)	(58.0, 2278.9999999999186)	(59.0, 1370.6666666666342)	(60.0, 732.0000000000133)	(61.0, 373.6666666666629)	(62.0, 157.00000000000009)	(63.0, 65.66666666666681)	(64.0, 27.666666666666636)	(65.0, 12.000000000000004)	(66.0, 6.333333333333331)	(67.0, 3.0)	(68.0, 3.3333333333333335)	(69.0, 4.666666666666666)	(70.0, 2.333333333333333)	(71.0, 3.0)	(72.0, 4.0)	(73.0, 3.3333333333333335)	(74.0, 1.3333333333333333)	(75.0, 0.3333333333333333)	(76.0, 0.0)	(77.0, 0.0)	(78.0, 0.0)	(79.0, 0.0)	(80.0, 0.3333333333333333)	(81.0, 0.3333333333333333)	(82.0, 0.3333333333333333)	(83.0, 0.3333333333333333)	(84.0, 0.0)	(85.0, 0.0)	(86.0, 0.0)	(87.0, 0.0)	(88.0, 0.0)	(89.0, 0.0)	(90.0, 0.0)	(91.0, 0.3333333333333333)	(92.0, 0.0)	(93.0, 0.0)	(94.0, 0.0)	(95.0, 0.0)	(96.0, 0.0)	(97.0, 0.0)	(98.0, 0.0)	(99.0, 0.0)	(100.0, 0.0)
SRR1542230_1	(0.0, 0.0)	(1.0, 0.0)	(2.0, 0.0)	(3.0, 0.0)	(4.0, 0.0)	(5.0, 0.0)	(6.0, 0.0)	(7.0, 0.0)	(8.0, 0.0)	(9.0, 0.0)	(10.0, 0.0)	(11.0, 0.0)	(12.0, 0.0)	(13.0, 0.0)	(14.0, 0.0)	(15.0, 0.0)	(16.0, 0.0)	(17.0, 0.0)	(18.0, 0.0)	(19.0, 0.0)	(20.0, 0.0)	(21.0, 0.0)	(22.0, 0.0)	(23.0, 0.0)	(24.0, 0.0)	(25.0, 0.0)	(26.0, 0.0)	(27.0, 0.0)	(28.0, 0.0)	(29.0, 0.0)	(30.0, 0.0)	(31.0, 0.0)	(32.0, 0.0)	(33.0, 0.0)	(34.0, 0.0)	(35.0, 0.0)	(36.0, 0.0)	(37.0, 0.0)	(38.0, 0.0)	(39.0, 0.0)	(40.0, 0.0)	(41.0, 0.0)	(42.0, 0.0)	(43.0, 0.6666666666666666)	(44.0, 0.6666666666666666)	(45.0, 4.999999999999999)	(46.0, 23.999999999999982)	(47.0, 28.999999999999964)	(48.0, 58.666666666666806)	(49.0, 241.00000000000247)	(50.0, 1142.3333333333528)	(51.0, 3450.3333333337846)	(52.0, 3674.000000000553)	(53.0, 2737.000000000127)	(54.0, 1796.6666666665374)	(55.0, 1377.6666666666326)	(56.0, 1279.3333333333217)	(57.0, 917.3333333333677)	(58.0, 486.99999999998977)	(59.0, 270.3333333333354)	(60.0, 155.6666666666667)	(61.0, 75.00000000000001)	(62.0, 43.00000000000003)	(63.0, 19.0)	(64.0, 14.000000000000007)	(65.0, 5.999999999999998)	(66.0, 1.9999999999999998)	(67.0, 0.0)	(68.0, 1.3333333333333333)	(69.0, 0.0)	(70.0, 0.0)	(71.0, 0.3333333333333333)	(72.0, 0.3333333333333333)	(73.0, 0.3333333333333333)	(74.0, 0.0)	(75.0, 0.0)	(76.0, 0.0)	(77.0, 0.0)	(78.0, 0.0)	(79.0, 0.0)	(80.0, 0.0)	(81.0, 0.0)	(82.0, 0.0)	(83.0, 0.0)	(84.0, 0.0)	(85.0, 0.0)	(86.0, 0.0)	(87.0, 0.0)	(88.0, 0.0)	(89.0, 0.0)	(90.0, 0.0)	(91.0, 0.0)	(92.0, 0.0)	(93.0, 0.0)	(94.0, 0.0)	(95.0, 0.0)	(96.0, 0.0)	(97.0, 0.0)	(98.0, 0.0)	(99.0, 0.0)	(100.0, 0.0)
SRR1542230_2	(0.0, 0.0)	(1.0, 0.0)	(2.0, 0.0)	(3.0, 0.0)	(4.0, 0.0)	(5.0, 0.0)	(6.0, 0.0)	(7.0, 0.0)	(8.0, 0.0)	(9.0, 0.0)	(10.0, 0.0)	(11.0, 0.0)	(12.0, 0.0)	(13.0, 0.0)	(14.0, 0.0)	(15.0, 0.0)	(16.0, 0.0)	(17.0, 0.0)	(18.0, 0.0)	(19.0, 0.0)	(20.0, 0.0)	(21.0, 0.0)	(22.0, 0.0)	(23.0, 0.0)	(24.0, 0.0)	(25.0, 0.0)	(26.0, 0.0)	(27.0, 0.0)	(28.0, 0.0)	(29.0, 0.0)	(30.0, 0.0)	(31.0, 0.0)	(32.0, 0.0)	(33.0, 0.0)	(34.0, 0.0)	(35.0, 0.0)	(36.0, 0.0)	(37.0, 0.3333333333333333)	(38.0, 0.3333333333333333)	(39.0, 0.0)	(40.0, 0.0)	(41.0, 0.3333333333333333)	(42.0, 0.3333333333333333)	(43.0, 1.6666666666666665)	(44.0, 1.6666666666666665)	(45.0, 3.666666666666667)	(46.0, 6.333333333333331)	(47.0, 24.666666666666647)	(48.0, 141.99999999999966)	(49.0, 756.000000000016)	(50.0, 768.6666666666841)	(51.0, 859.6666666666945)	(52.0, 1952.9999999998352)	(53.0, 3205.6666666670067)	(54.0, 2992.66666666691)	(55.0, 2305.333333333264)	(56.0, 1684.3333333332296)	(57.0, 1153.3333333333503)	(58.0, 928.0000000000356)	(59.0, 527.6666666666567)	(60.0, 278.6666666666683)	(61.0, 141.99999999999966)	(62.0, 80.33333333333327)	(63.0, 36.66666666666665)	(64.0, 13.666666666666673)	(65.0, 5.333333333333332)	(66.0, 3.3333333333333335)	(67.0, 1.9999999999999998)	(68.0, 2.333333333333333)	(69.0, 0.6666666666666666)	(70.0, 1.9999999999999998)	(71.0, 0.6666666666666666)	(72.0, 1.0)	(73.0, 0.6666666666666666)	(74.0, 0.6666666666666666)	(75.0, 0.3333333333333333)	(76.0, 0.0)	(77.0, 0.3333333333333333)	(78.0, 1.0)	(79.0, 0.6666666666666666)	(80.0, 0.3333333333333333)	(81.0, 0.0)	(82.0, 0.0)	(83.0, 0.3333333333333333)	(84.0, 0.0)	(85.0, 0.3333333333333333)	(86.0, 0.3333333333333333)	(87.0, 0.0)	(88.0, 0.0)	(89.0, 0.0)	(90.0, 0.0)	(91.0, 0.0)	(92.0, 0.0)	(93.0, 0.0)	(94.0, 0.0)	(95.0, 0.0)	(96.0, 0.0)	(97.0, 0.0)	(98.0, 0.0)	(99.0, 0.0)	(100.0, 0.5)
SRR1542231_1	(0.0, 0.0)	(1.0, 0.0)	(2.0, 0.0)	(3.0, 0.0)	(4.0, 0.0)	(5.0, 0.0)	(6.0, 0.0)	(7.0, 0.0)	(8.0, 0.0)	(9.0, 0.0)	(10.0, 0.0)	(11.0, 0.0)	(12.0, 0.0)	(13.0, 0.0)	(14.0, 0.0)	(15.0, 0.0)	(16.0, 0.0)	(17.0, 0.0)	(18.0, 0.0)	(19.0, 0.0)	(20.0, 0.0)	(21.0, 0.0)	(22.0, 0.0)	(23.0, 0.0)	(24.0, 0.0)	(25.0, 0.0)	(26.0, 0.0)	(27.0, 0.0)	(28.0, 0.0)	(29.0, 0.0)	(30.0, 0.0)	(31.0, 0.0)	(32.0, 0.0)	(33.0, 0.0)	(34.0, 0.0)	(35.0, 0.0)	(36.0, 0.0)	(37.0, 0.0)	(38.0, 0.0)	(39.0, 0.0)	(40.0, 0.0)	(41.0, 0.0)	(42.0, 1.0)	(43.0, 4.999999999999999)	(44.0, 38.666666666666664)	(45.0, 70.33333333333341)	(46.0, 67.33333333333346)	(47.0, 83.33333333333323)	(48.0, 106.3333333333329)	(49.0, 205.3333333333348)	(50.0, 496.6666666666559)	(51.0, 1243.666666666663)	(52.0, 2225.9999999998945)	(53.0, 2455.999999999999)	(54.0, 2449.666666666663)	(55.0, 1955.9999999998345)	(56.0, 1478.6666666666097)	(57.0, 551.6666666666595)	(58.0, 266.66666666666896)	(59.0, 143.33333333333303)	(60.0, 80.6666666666666)	(61.0, 47.66666666666673)	(62.0, 18.666666666666668)	(63.0, 11.000000000000002)	(64.0, 13.000000000000005)	(65.0, 14.666666666666675)	(66.0, 8.999999999999998)	(67.0, 3.0)	(68.0, 1.0)	(69.0, 1.0)	(70.0, 1.6666666666666665)	(71.0, 1.3333333333333333)	(72.0, 0.3333333333333333)	(73.0, 0.0)	(74.0, 0.0)	(75.0, 0.0)	(76.0, 0.0)	(77.0, 0.0)	(78.0, 0.0)	(79.0, 0.0)	(80.0, 0.0)	(81.0, 0.0)	(82.0, 0.0)	(83.0, 0.0)	(84.0, 0.0)	(85.0, 0.0)	(86.0, 0.0)	(87.0, 0.0)	(88.0, 0.0)	(89.0, 0.0)	(90.0, 0.0)	(91.0, 0.0)	(92.0, 0.0)	(93.0, 0.0)	(94.0, 0.0)	(95.0, 0.0)	(96.0, 0.0)	(97.0, 0.0)	(98.0, 0.0)	(99.0, 0.0)	(100.0, 0.0)
SRR1542231_2	(0.0, 0.0)	(1.0, 0.0)	(2.0, 0.0)	(3.0, 0.0)	(4.0, 0.0)	(5.0, 0.0)	(6.0, 0.0)	(7.0, 0.0)	(8.0, 0.0)	(9.0, 0.0)	(10.0, 0.0)	(11.0, 0.0)	(12.0, 0.0)	(13.0, 0.0)	(14.0, 0.0)	(15.0, 0.0)	(16.0, 0.0)	(17.0, 0.0)	(18.0, 0.0)	(19.0, 0.0)	(20.0, 0.0)	(21.0, 0.0)	(22.0, 0.0)	(23.0, 0.0)	(24.0, 0.0)	(25.0, 0.0)	(26.0, 0.0)	(27.0, 0.0)	(28.0, 0.0)	(29.0, 0.0)	(30.0, 0.0)	(31.0, 0.0)	(32.0, 0.0)	(33.0, 0.0)	(34.0, 0.0)	(35.0, 0.0)	(36.0, 0.0)	(37.0, 0.0)	(38.0, 0.3333333333333333)	(39.0, 0.0)	(40.0, 0.3333333333333333)	(41.0, 1.0)	(42.0, 5.999999999999998)	(43.0, 33.66666666666663)	(44.0, 57.00000000000013)	(45.0, 40.00000000000001)	(46.0, 40.66666666666668)	(47.0, 53.333333333333435)	(48.0, 101.99999999999963)	(49.0, 186.0000000000009)	(50.0, 283.3333333333347)	(51.0, 563.3333333333275)	(52.0, 1148.6666666666847)	(53.0, 2019.99999999982)	(54.0, 2552.3333333333762)	(55.0, 2310.6666666665997)	(56.0, 1885.9999999998504)	(57.0, 1124.0000000000236)	(58.0, 618.6666666666671)	(59.0, 325.3333333333323)	(60.0, 192.33333333333442)	(61.0, 104.99999999999959)	(62.0, 43.00000000000003)	(63.0, 21.666666666666657)	(64.0, 10.666666666666668)	(65.0, 7.666666666666663)	(66.0, 6.666666666666664)	(67.0, 6.333333333333331)	(68.0, 5.333333333333332)	(69.0, 10.333333333333334)	(70.0, 6.999999999999997)	(71.0, 3.0)	(72.0, 1.3333333333333333)	(73.0, 1.3333333333333333)	(74.0, 0.3333333333333333)	(75.0, 0.0)	(76.0, 0.0)	(77.0, 0.0)	(78.0, 0.0)	(79.0, 0.0)	(80.0, 0.0)	(81.0, 0.0)	(82.0, 0.0)	(83.0, 0.0)	(84.0, 0.3333333333333333)	(85.0, 0.0)	(86.0, 0.0)	(87.0, 0.0)	(88.0, 0.0)	(89.0, 0.0)	(90.0, 0.0)	(91.0, 0.0)	(92.0, 0.3333333333333333)	(93.0, 0.3333333333333333)	(94.0, 0.0)	(95.0, 0.0)	(96.0, 0.0)	(97.0, 0.0)	(98.0, 0.0)	(99.0, 0.0)	(100.0, 0.0)
SRR1542232_1	(0.0, 0.0)	(1.0, 0.0)	(2.0, 0.0)	(3.0, 0.0)	(4.0, 0.0)	(5.0, 0.0)	(6.0, 0.0)	(7.0, 0.0)	(8.0, 0.0)	(9.0, 0.0)	(10.0, 0.0)	(11.0, 0.0)	(12.0, 0.0)	(13.0, 0.0)	(14.0, 0.0)	(15.0, 0.0)	(16.0, 0.0)	(17.0, 0.0)	(18.0, 0.0)	(19.0, 0.0)	(20.0, 0.0)	(21.0, 0.0)	(22.0, 0.0)	(23.0, 0.0)	(24.0, 0.0)	(25.0, 0.0)	(26.0, 0.0)	(27.0, 0.0)	(28.0, 0.0)	(29.0, 0.0)	(30.0, 0.0)	(31.0, 0.0)	(32.0, 0.0)	(33.0, 0.0)	(34.0, 0.0)	(35.0, 0.0)	(36.0, 0.0)	(37.0, 0.0)	(38.0, 0.3333333333333333)	(39.0, 0.0)	(40.0, 0.0)	(41.0, 0.3333333333333333)	(42.0, 0.3333333333333333)	(43.0, 0.0)	(44.0, 4.333333333333333)	(45.0, 16.666666666666675)	(46.0, 33.66666666666663)	(47.0, 51.66666666666676)	(48.0, 71.66666666666673)	(49.0, 248.00000000000267)	(50.0, 1359.3333333333035)	(51.0, 6110.333333332246)	(52.0, 6691.999999998384)	(53.0, 3364.666666667079)	(54.0, 2200.6666666665496)	(55.0, 2122.666666666514)	(56.0, 1780.3333333332077)	(57.0, 942.3333333333705)	(58.0, 620.3333333333339)	(59.0, 392.9999999999951)	(60.0, 235.0000000000023)	(61.0, 213.66666666666836)	(62.0, 167.66666666666706)	(63.0, 46.333333333333385)	(64.0, 20.66666666666666)	(65.0, 18.000000000000004)	(66.0, 13.000000000000005)	(67.0, 3.666666666666667)	(68.0, 3.666666666666667)	(69.0, 3.666666666666667)	(70.0, 2.333333333333333)	(71.0, 0.6666666666666666)	(72.0, 0.0)	(73.0, 0.0)	(74.0, 0.0)	(75.0, 0.0)	(76.0, 0.0)	(77.0, 0.0)	(78.0, 0.0)	(79.0, 0.0)	(80.0, 0.0)	(81.0, 0.0)	(82.0, 0.0)	(83.0, 0.0)	(84.0, 0.0)	(85.0, 0.0)	(86.0, 0.0)	(87.0, 0.0)	(88.0, 0.0)	(89.0, 0.0)	(90.0, 0.0)	(91.0, 0.0)	(92.0, 0.0)	(93.0, 0.0)	(94.0, 0.0)	(95.0, 0.0)	(96.0, 0.0)	(97.0, 0.0)	(98.0, 0.0)	(99.0, 0.0)	(100.0, 0.0)
SRR1542232_2	(0.0, 0.0)	(1.0, 0.0)	(2.0, 0.0)	(3.0, 0.0)	(4.0, 0.0)	(5.0, 0.0)	(6.0, 0.0)	(7.0, 0.0)	(8.0, 0.0)	(9.0, 0.0)	(10.0, 0.0)	(11.0, 0.0)	(12.0, 0.0)	(13.0, 0.0)	(14.0, 0.0)	(15.0, 0.0)	(16.0, 0.0)	(17.0, 0.0)	(18.0, 0.0)	(19.0, 0.0)	(20.0, 0.0)	(21.0, 0.0)	(22.0, 0.0)	(23.0, 0.0)	(24.0, 0.0)	(25.0, 0.0)	(26.0, 0.0)	(27.0, 0.0)	(28.0, 0.0)	(29.0, 0.0)	(30.0, 0.0)	(31.0, 0.0)	(32.0, 0.0)	(33.0, 0.0)	(34.0, 0.0)	(35.0, 0.0)	(36.0, 0.0)	(37.0, 0.0)	(38.0, 0.0)	(39.0, 0.0)	(40.0, 0.0)	(41.0, 0.0)	(42.0, 1.0)	(43.0, 6.333333333333331)	(44.0, 8.33333333333333)	(45.0, 10.333333333333334)	(46.0, 16.333333333333343)	(47.0, 39.66666666666667)	(48.0, 87.99999999999983)	(49.0, 261.66666666666924)	(50.0, 442.33333333332564)	(51.0, 935.6666666667031)	(52.0, 3168.66666666699)	(53.0, 6144.333333332215)	(54.0, 4769.666666666799)	(55.0, 3250.3333333336936)	(56.0, 2488.0000000000136)	(57.0, 1862.9999999998556)	(58.0, 1416.999999999957)	(59.0, 804.6666666666882)	(60.0, 523.3333333333229)	(61.0, 310.33333333333314)	(62.0, 150.33333333333323)	(63.0, 67.66666666666679)	(64.0, 36.333333333333314)	(65.0, 31.66666666666662)	(66.0, 89.33333333333314)	(67.0, 53.0000000000001)	(68.0, 22.33333333333332)	(69.0, 11.000000000000002)	(70.0, 8.999999999999998)	(71.0, 2.333333333333333)	(72.0, 3.0)	(73.0, 1.9999999999999998)	(74.0, 0.0)	(75.0, 0.3333333333333333)	(76.0, 1.0)	(77.0, 0.3333333333333333)	(78.0, 0.0)	(79.0, 0.0)	(80.0, 0.3333333333333333)	(81.0, 0.0)	(82.0, 0.0)	(83.0, 0.3333333333333333)	(84.0, 0.3333333333333333)	(85.0, 0.0)	(86.0, 0.0)	(87.0, 0.0)	(88.0, 0.0)	(89.0, 0.0)	(90.0, 0.0)	(91.0, 0.0)	(92.0, 0.0)	(93.0, 0.0)	(94.0, 0.0)	(95.0, 0.0)	(96.0, 0.0)	(97.0, 0.0)	(98.0, 0.0)	(99.0, 0.0)	(100.0, 0.0)
SRR1542233_1	(0.0, 0.0)	(1.0, 0.0)	(2.0, 0.0)	(3.0, 0.0)	(4.0, 0.0)	(5.0, 0.0)	(6.0, 0.0)	(7.0, 0.0)	(8.0, 0.0)	(9.0, 0.0)	(10.0, 0.0)	(11.0, 0.0)	(12.0, 0.0)	(13.0, 0.0)	(14.0, 0.0)	(15.0, 0.0)	(16.0, 0.0)	(17.0, 0.0)	(18.0, 0.0)	(19.0, 0.0)	(20.0, 0.0)	(21.0, 0.0)	(22.0, 0.0)	(23.0, 0.0)	(24.0, 0.0)	(25.0, 0.0)	(26.0, 0.0)	(27.0, 0.0)	(28.0, 0.0)	(29.0, 0.0)	(30.0, 0.0)	(31.0, 0.0)	(32.0, 0.0)	(33.0, 0.0)	(34.0, 0.0)	(35.0, 0.0)	(36.0, 0.0)	(37.0, 0.0)	(38.0, 0.0)	(39.0, 0.0)	(40.0, 0.3333333333333333)	(41.0, 0.6666666666666666)	(42.0, 0.0)	(43.0, 2.333333333333333)	(44.0, 5.999999999999998)	(45.0, 21.99999999999999)	(46.0, 56.66666666666679)	(47.0, 76.0)	(48.0, 80.33333333333327)	(49.0, 220.66666666666856)	(50.0, 777.6666666666852)	(51.0, 1964.333333333166)	(52.0, 2550.666666666709)	(53.0, 2275.6666666665838)	(54.0, 2709.3333333334476)	(55.0, 2762.666666666805)	(56.0, 2410.3333333333117)	(57.0, 1586.9999999999184)	(58.0, 957.0000000000389)	(59.0, 574.3333333333287)	(60.0, 368.33333333332985)	(61.0, 693.6666666666756)	(62.0, 638.333333333336)	(63.0, 118.33333333333273)	(64.0, 36.66666666666665)	(65.0, 18.333333333333336)	(66.0, 11.333333333333336)	(67.0, 9.333333333333332)	(68.0, 9.666666666666666)	(69.0, 8.999999999999998)	(70.0, 6.333333333333331)	(71.0, 4.0)	(72.0, 1.6666666666666665)	(73.0, 0.3333333333333333)	(74.0, 0.6666666666666666)	(75.0, 0.0)	(76.0, 0.0)	(77.0, 0.0)	(78.0, 0.0)	(79.0, 0.0)	(80.0, 0.0)	(81.0, 0.0)	(82.0, 0.0)	(83.0, 0.0)	(84.0, 0.0)	(85.0, 0.0)	(86.0, 0.0)	(87.0, 0.0)	(88.0, 0.0)	(89.0, 0.0)	(90.0, 0.0)	(91.0, 0.0)	(92.0, 0.0)	(93.0, 0.0)	(94.0, 0.0)	(95.0, 0.0)	(96.0, 0.0)	(97.0, 0.0)	(98.0, 0.0)	(99.0, 0.0)	(100.0, 0.0)
SRR1542233_2	(0.0, 0.0)	(1.0, 0.0)	(2.0, 0.0)	(3.0, 0.0)	(4.0, 0.0)	(5.0, 0.0)	(6.0, 0.0)	(7.0, 0.0)	(8.0, 0.0)	(9.0, 0.0)	(10.0, 0.0)	(11.0, 0.0)	(12.0, 0.0)	(13.0, 0.0)	(14.0, 0.0)	(15.0, 0.0)	(16.0, 0.0)	(17.0, 0.0)	(18.0, 0.0)	(19.0, 0.0)	(20.0, 0.0)	(21.0, 0.0)	(22.0, 0.0)	(23.0, 0.0)	(24.0, 0.0)	(25.0, 0.0)	(26.0, 0.0)	(27.0, 0.0)	(28.0, 0.0)	(29.0, 0.0)	(30.0, 0.0)	(31.0, 0.0)	(32.0, 0.0)	(33.0, 0.0)	(34.0, 0.0)	(35.0, 0.0)	(36.0, 0.0)	(37.0, 0.0)	(38.0, 0.0)	(39.0, 0.0)	(40.0, 0.0)	(41.0, 0.3333333333333333)	(42.0, 1.6666666666666665)	(43.0, 6.333333333333331)	(44.0, 17.33333333333334)	(45.0, 25.999999999999975)	(46.0, 33.66666666666663)	(47.0, 51.66666666666676)	(48.0, 76.0)	(49.0, 264.33333333333576)	(50.0, 423.3333333333267)	(51.0, 608.9999999999993)	(52.0, 1333.3333333333094)	(53.0, 2251.666666666573)	(54.0, 2917.6666666668757)	(55.0, 2858.3333333335154)	(56.0, 2807.0000000001587)	(57.0, 2056.9999999998176)	(58.0, 1609.3333333332466)	(59.0, 1018.3333333333792)	(60.0, 610.9999999999995)	(61.0, 338.33333333333155)	(62.0, 169.33333333333377)	(63.0, 79.99999999999994)	(64.0, 59.00000000000014)	(65.0, 140.33333333333294)	(66.0, 527.6666666666567)	(67.0, 243.66666666666922)	(68.0, 67.33333333333346)	(69.0, 33.33333333333329)	(70.0, 11.333333333333336)	(71.0, 6.666666666666664)	(72.0, 8.666666666666664)	(73.0, 6.333333333333331)	(74.0, 3.0)	(75.0, 1.0)	(76.0, 0.6666666666666666)	(77.0, 0.3333333333333333)	(78.0, 0.6666666666666666)	(79.0, 0.3333333333333333)	(80.0, 0.0)	(81.0, 0.0)	(82.0, 0.0)	(83.0, 0.0)	(84.0, 0.0)	(85.0, 0.0)	(86.0, 0.0)	(87.0, 0.0)	(88.0, 0.3333333333333333)	(89.0, 0.0)	(90.0, 0.0)	(91.0, 0.3333333333333333)	(92.0, 0.3333333333333333)	(93.0, 0.0)	(94.0, 0.0)	(95.0, 0.0)	(96.0, 0.0)	(97.0, 0.0)	(98.0, 0.0)	(99.0, 0.0)	(100.0, 0.0)
SRR1542528_1	(0.0, 0.0)	(1.0, 0.0)	(2.0, 0.0)	(3.0, 0.0)	(4.0, 0.0)	(5.0, 0.0)	(6.0, 0.0)	(7.0, 0.0)	(8.0, 0.0)	(9.0, 0.0)	(10.0, 0.0)	(11.0, 0.0)	(12.0, 0.0)	(13.0, 0.0)	(14.0, 0.0)	(15.0, 0.0)	(16.0, 0.0)	(17.0, 0.0)	(18.0, 0.0)	(19.0, 0.0)	(20.0, 0.0)	(21.0, 0.0)	(22.0, 0.0)	(23.0, 0.0)	(24.0, 0.0)	(25.0, 0.0)	(26.0, 0.0)	(27.0, 0.0)	(28.0, 0.0)	(29.0, 0.0)	(30.0, 0.0)	(31.0, 0.0)	(32.0, 0.0)	(33.0, 0.0)	(34.0, 0.0)	(35.0, 0.0)	(36.0, 0.0)	(37.0, 0.0)	(38.0, 0.0)	(39.0, 0.0)	(40.0, 0.0)	(41.0, 0.0)	(42.0, 0.0)	(43.0, 0.0)	(44.0, 0.3333333333333333)	(45.0, 2.6666666666666665)	(46.0, 6.333333333333331)	(47.0, 6.333333333333331)	(48.0, 13.000000000000005)	(49.0, 27.999999999999968)	(50.0, 89.33333333333314)	(51.0, 238.0000000000024)	(52.0, 198.00000000000125)	(53.0, 130.666666666666)	(54.0, 156.00000000000006)	(55.0, 145.66666666666643)	(56.0, 149.9999999999999)	(57.0, 120.3333333333327)	(58.0, 61.000000000000156)	(59.0, 37.99999999999999)	(60.0, 30.999999999999957)	(61.0, 151.33333333333326)	(62.0, 157.00000000000009)	(63.0, 17.66666666666667)	(64.0, 6.666666666666664)	(65.0, 4.999999999999999)	(66.0, 2.333333333333333)	(67.0, 0.3333333333333333)	(68.0, 1.0)	(69.0, 1.0)	(70.0, 1.0)	(71.0, 0.6666666666666666)	(72.0, 0.3333333333333333)	(73.0, 0.0)	(74.0, 0.0)	(75.0, 0.0)	(76.0, 0.0)	(77.0, 0.0)	(78.0, 0.0)	(79.0, 0.0)	(80.0, 0.0)	(81.0, 0.0)	(82.0, 0.0)	(83.0, 0.0)	(84.0, 0.0)	(85.0, 0.0)	(86.0, 0.0)	(87.0, 0.0)	(88.0, 0.0)	(89.0, 0.0)	(90.0, 0.0)	(91.0, 0.0)	(92.0, 0.0)	(93.0, 0.0)	(94.0, 0.0)	(95.0, 0.0)	(96.0, 0.0)	(97.0, 0.0)	(98.0, 0.0)	(99.0, 0.0)	(100.0, 0.0)
SRR1542528_2	(0.0, 0.0)	(1.0, 0.0)	(2.0, 0.0)	(3.0, 0.0)	(4.0, 0.0)	(5.0, 0.0)	(6.0, 0.0)	(7.0, 0.0)	(8.0, 0.0)	(9.0, 0.0)	(10.0, 0.0)	(11.0, 0.0)	(12.0, 0.0)	(13.0, 0.0)	(14.0, 0.0)	(15.0, 0.0)	(16.0, 0.0)	(17.0, 0.0)	(18.0, 0.0)	(19.0, 0.0)	(20.0, 0.0)	(21.0, 0.0)	(22.0, 0.0)	(23.0, 0.0)	(24.0, 0.0)	(25.0, 0.0)	(26.0, 0.0)	(27.0, 0.0)	(28.0, 0.0)	(29.0, 0.0)	(30.0, 0.0)	(31.0, 0.0)	(32.0, 0.0)	(33.0, 0.0)	(34.0, 0.0)	(35.0, 0.0)	(36.0, 0.0)	(37.0, 0.0)	(38.0, 0.0)	(39.0, 0.0)	(40.0, 0.0)	(41.0, 0.0)	(42.0, 0.0)	(43.0, 0.6666666666666666)	(44.0, 1.0)	(45.0, 2.333333333333333)	(46.0, 1.3333333333333333)	(47.0, 5.333333333333332)	(48.0, 14.666666666666675)	(49.0, 42.66666666666669)	(50.0, 50.333333333333414)	(51.0, 66.6666666666668)	(52.0, 146.66666666666646)	(53.0, 217.33333333333513)	(54.0, 180.33333333333408)	(55.0, 158.0000000000001)	(56.0, 153.33333333333331)	(57.0, 117.9999999999994)	(58.0, 108.6666666666662)	(59.0, 86.66666666666652)	(60.0, 51.33333333333342)	(61.0, 35.66666666666664)	(62.0, 14.666666666666675)	(63.0, 7.9999999999999964)	(64.0, 11.000000000000002)	(65.0, 42.66666666666669)	(66.0, 140.6666666666663)	(67.0, 63.66666666666684)	(68.0, 19.0)	(69.0, 7.666666666666663)	(70.0, 3.666666666666667)	(71.0, 1.6666666666666665)	(72.0, 1.0)	(73.0, 0.6666666666666666)	(74.0, 0.6666666666666666)	(75.0, 0.0)	(76.0, 0.0)	(77.0, 0.0)	(78.0, 0.0)	(79.0, 0.0)	(80.0, 0.0)	(81.0, 0.0)	(82.0, 0.0)	(83.0, 0.0)	(84.0, 0.0)	(85.0, 0.0)	(86.0, 0.0)	(87.0, 0.0)	(88.0, 0.0)	(89.0, 0.0)	(90.0, 0.0)	(91.0, 0.0)	(92.0, 0.0)	(93.0, 0.0)	(94.0, 0.0)	(95.0, 0.0)	(96.0, 0.0)	(97.0, 0.0)	(98.0, 0.0)	(99.0, 0.0)	(100.0, 0.0)
SRR1542533_1	(0.0, 0.0)	(1.0, 0.0)	(2.0, 0.0)	(3.0, 0.0)	(4.0, 0.0)	(5.0, 0.0)	(6.0, 0.0)	(7.0, 0.0)	(8.0, 0.0)	(9.0, 0.0)	(10.0, 0.0)	(11.0, 0.0)	(12.0, 0.0)	(13.0, 0.0)	(14.0, 0.0)	(15.0, 0.0)	(16.0, 0.0)	(17.0, 0.0)	(18.0, 0.0)	(19.0, 0.0)	(20.0, 0.0)	(21.0, 0.0)	(22.0, 0.0)	(23.0, 0.0)	(24.0, 0.0)	(25.0, 0.0)	(26.0, 0.0)	(27.0, 0.0)	(28.0, 0.0)	(29.0, 0.0)	(30.0, 0.0)	(31.0, 0.0)	(32.0, 0.0)	(33.0, 0.0)	(34.0, 0.0)	(35.0, 0.0)	(36.0, 0.0)	(37.0, 0.0)	(38.0, 0.0)	(39.0, 0.0)	(40.0, 0.0)	(41.0, 0.0)	(42.0, 0.0)	(43.0, 0.0)	(44.0, 0.6666666666666666)	(45.0, 0.6666666666666666)	(46.0, 1.3333333333333333)	(47.0, 6.666666666666664)	(48.0, 9.333333333333332)	(49.0, 28.999999999999964)	(50.0, 54.33333333333344)	(51.0, 91.99999999999977)	(52.0, 93.66666666666642)	(53.0, 89.9999999999998)	(54.0, 119.99999999999937)	(55.0, 99.66666666666633)	(56.0, 77.33333333333331)	(57.0, 50.66666666666675)	(58.0, 41.33333333333335)	(59.0, 30.999999999999957)	(60.0, 33.999999999999964)	(61.0, 173.66666666666723)	(62.0, 184.3333333333342)	(63.0, 26.99999999999997)	(64.0, 3.0)	(65.0, 2.6666666666666665)	(66.0, 1.0)	(67.0, 1.3333333333333333)	(68.0, 0.6666666666666666)	(69.0, 0.6666666666666666)	(70.0, 0.6666666666666666)	(71.0, 0.0)	(72.0, 0.3333333333333333)	(73.0, 0.3333333333333333)	(74.0, 0.0)	(75.0, 0.0)	(76.0, 0.0)	(77.0, 0.0)	(78.0, 0.0)	(79.0, 0.0)	(80.0, 0.0)	(81.0, 0.0)	(82.0, 0.0)	(83.0, 0.0)	(84.0, 0.0)	(85.0, 0.0)	(86.0, 0.0)	(87.0, 0.0)	(88.0, 0.0)	(89.0, 0.0)	(90.0, 0.0)	(91.0, 0.0)	(92.0, 0.0)	(93.0, 0.0)	(94.0, 0.0)	(95.0, 0.0)	(96.0, 0.0)	(97.0, 0.0)	(98.0, 0.0)	(99.0, 0.0)	(100.0, 0.0)
SRR1542533_2	(0.0, 0.0)	(1.0, 0.0)	(2.0, 0.0)	(3.0, 0.0)	(4.0, 0.0)	(5.0, 0.0)	(6.0, 0.0)	(7.0, 0.0)	(8.0, 0.0)	(9.0, 0.0)	(10.0, 0.0)	(11.0, 0.0)	(12.0, 0.0)	(13.0, 0.0)	(14.0, 0.0)	(15.0, 0.0)	(16.0, 0.0)	(17.0, 0.0)	(18.0, 0.0)	(19.0, 0.0)	(20.0, 0.0)	(21.0, 0.0)	(22.0, 0.0)	(23.0, 0.0)	(24.0, 0.0)	(25.0, 0.0)	(26.0, 0.0)	(27.0, 0.0)	(28.0, 0.0)	(29.0, 0.0)	(30.0, 0.0)	(31.0, 0.0)	(32.0, 0.0)	(33.0, 0.0)	(34.0, 0.0)	(35.0, 0.0)	(36.0, 0.0)	(37.0, 0.0)	(38.0, 0.0)	(39.0, 0.0)	(40.0, 0.0)	(41.0, 0.0)	(42.0, 0.0)	(43.0, 0.0)	(44.0, 1.0)	(45.0, 1.0)	(46.0, 0.6666666666666666)	(47.0, 1.6666666666666665)	(48.0, 7.666666666666663)	(49.0, 22.33333333333332)	(50.0, 27.999999999999968)	(51.0, 37.99999999999999)	(52.0, 76.66666666666666)	(53.0, 106.66666666666623)	(54.0, 107.66666666666622)	(55.0, 115.99999999999943)	(56.0, 101.99999999999963)	(57.0, 74.00000000000003)	(58.0, 45.00000000000004)	(59.0, 31.66666666666662)	(60.0, 31.66666666666662)	(61.0, 19.999999999999996)	(62.0, 10.0)	(63.0, 11.000000000000002)	(64.0, 11.333333333333336)	(65.0, 45.666666666666714)	(66.0, 180.00000000000074)	(67.0, 75.00000000000001)	(68.0, 15.000000000000009)	(69.0, 7.33333333333333)	(70.0, 2.333333333333333)	(71.0, 1.6666666666666665)	(72.0, 1.0)	(73.0, 0.6666666666666666)	(74.0, 0.3333333333333333)	(75.0, 0.0)	(76.0, 0.0)	(77.0, 0.0)	(78.0, 0.0)	(79.0, 0.0)	(80.0, 0.0)	(81.0, 0.0)	(82.0, 0.0)	(83.0, 0.0)	(84.0, 0.0)	(85.0, 0.0)	(86.0, 0.0)	(87.0, 0.0)	(88.0, 0.0)	(89.0, 0.0)	(90.0, 0.0)	(91.0, 0.0)	(92.0, 0.0)	(93.0, 0.0)	(94.0, 0.0)	(95.0, 0.0)	(96.0, 0.0)	(97.0, 0.0)	(98.0, 0.0)	(99.0, 0.0)	(100.0, 0.0)
SRR1542539_1	(0.0, 0.0)	(1.0, 0.0)	(2.0, 0.0)	(3.0, 0.0)	(4.0, 0.0)	(5.0, 0.0)	(6.0, 0.0)	(7.0, 0.0)	(8.0, 0.0)	(9.0, 0.0)	(10.0, 0.0)	(11.0, 0.0)	(12.0, 0.0)	(13.0, 0.0)	(14.0, 0.0)	(15.0, 0.0)	(16.0, 0.0)	(17.0, 0.0)	(18.0, 0.0)	(19.0, 0.0)	(20.0, 0.0)	(21.0, 0.0)	(22.0, 0.0)	(23.0, 0.0)	(24.0, 0.0)	(25.0, 0.0)	(26.0, 0.0)	(27.0, 0.0)	(28.0, 0.0)	(29.0, 0.0)	(30.0, 0.0)	(31.0, 0.0)	(32.0, 0.0)	(33.0, 0.0)	(34.0, 0.0)	(35.0, 0.0)	(36.0, 0.0)	(37.0, 0.0)	(38.0, 0.0)	(39.0, 0.0)	(40.0, 0.0)	(41.0, 0.3333333333333333)	(42.0, 0.0)	(43.0, 0.3333333333333333)	(44.0, 1.9999999999999998)	(45.0, 8.999999999999998)	(46.0, 33.66666666666663)	(47.0, 79.33333333333329)	(48.0, 314.66666666666623)	(49.0, 616.0000000000001)	(50.0, 832.0000000000247)	(51.0, 1102.6666666666952)	(52.0, 993.6666666667097)	(53.0, 994.3333333333765)	(54.0, 1519.333333333267)	(55.0, 1124.0000000000236)	(56.0, 723.0000000000123)	(57.0, 514.3333333333219)	(58.0, 433.9999999999928)	(59.0, 382.66666666666237)	(60.0, 482.99999999999)	(61.0, 2838.66666666684)	(62.0, 3030.00000000026)	(63.0, 363.66666666666345)	(64.0, 80.33333333333327)	(65.0, 44.000000000000036)	(66.0, 25.666666666666643)	(67.0, 10.333333333333334)	(68.0, 5.666666666666665)	(69.0, 5.999999999999998)	(70.0, 3.0)	(71.0, 0.3333333333333333)	(72.0, 0.6666666666666666)	(73.0, 0.0)	(74.0, 0.0)	(75.0, 0.0)	(76.0, 0.0)	(77.0, 0.0)	(78.0, 0.0)	(79.0, 0.0)	(80.0, 0.0)	(81.0, 0.0)	(82.0, 0.0)	(83.0, 0.0)	(84.0, 0.0)	(85.0, 0.0)	(86.0, 0.0)	(87.0, 0.0)	(88.0, 0.0)	(89.0, 0.0)	(90.0, 0.0)	(91.0, 0.0)	(92.0, 0.0)	(93.0, 0.0)	(94.0, 0.0)	(95.0, 0.0)	(96.0, 0.0)	(97.0, 0.0)	(98.0, 0.0)	(99.0, 0.0)	(100.0, 0.0)
SRR1542539_2	(0.0, 0.0)	(1.0, 0.0)	(2.0, 0.0)	(3.0, 0.0)	(4.0, 0.0)	(5.0, 0.0)	(6.0, 0.0)	(7.0, 0.0)	(8.0, 0.0)	(9.0, 0.0)	(10.0, 0.0)	(11.0, 0.0)	(12.0, 0.0)	(13.0, 0.0)	(14.0, 0.0)	(15.0, 0.0)	(16.0, 0.0)	(17.0, 0.0)	(18.0, 0.0)	(19.0, 0.0)	(20.0, 0.0)	(21.0, 0.0)	(22.0, 0.0)	(23.0, 0.0)	(24.0, 0.0)	(25.0, 0.0)	(26.0, 0.0)	(27.0, 0.0)	(28.0, 0.0)	(29.0, 0.0)	(30.0, 0.0)	(31.0, 0.0)	(32.0, 0.0)	(33.0, 0.0)	(34.0, 0.0)	(35.0, 0.0)	(36.0, 0.0)	(37.0, 0.0)	(38.0, 0.0)	(39.0, 0.0)	(40.0, 0.0)	(41.0, 0.6666666666666666)	(42.0, 1.9999999999999998)	(43.0, 3.0)	(44.0, 9.333333333333332)	(45.0, 16.666666666666675)	(46.0, 27.999999999999968)	(47.0, 37.66666666666666)	(48.0, 136.66666666666617)	(49.0, 472.99999999999056)	(50.0, 730.0000000000131)	(51.0, 702.3333333333433)	(52.0, 874.6666666666962)	(53.0, 1101.0000000000289)	(54.0, 1436.333333333286)	(55.0, 1587.3333333332516)	(56.0, 1190.333333333342)	(57.0, 721.3333333333454)	(58.0, 414.66666666666055)	(59.0, 267.0000000000023)	(60.0, 266.33333333333564)	(61.0, 235.0000000000023)	(62.0, 164.33333333333363)	(63.0, 161.33333333333354)	(64.0, 266.33333333333564)	(65.0, 825.3333333333572)	(66.0, 2460.000000000001)	(67.0, 1259.9999999999927)	(68.0, 341.3333333333314)	(69.0, 129.66666666666598)	(70.0, 53.333333333333435)	(71.0, 20.999999999999993)	(72.0, 8.999999999999998)	(73.0, 3.666666666666667)	(74.0, 1.0)	(75.0, 0.6666666666666666)	(76.0, 0.6666666666666666)	(77.0, 0.6666666666666666)	(78.0, 0.3333333333333333)	(79.0, 0.0)	(80.0, 0.0)	(81.0, 0.0)	(82.0, 0.0)	(83.0, 0.0)	(84.0, 0.0)	(85.0, 0.0)	(86.0, 0.3333333333333333)	(87.0, 0.3333333333333333)	(88.0, 0.0)	(89.0, 0.0)	(90.0, 0.0)	(91.0, 0.0)	(92.0, 0.0)	(93.0, 0.0)	(94.0, 0.0)	(95.0, 0.0)	(96.0, 0.0)	(97.0, 0.0)	(98.0, 0.0)	(99.0, 0.3333333333333333)	(100.0, 0.0)
SRR1542544_1	(0.0, 0.0)	(1.0, 0.0)	(2.0, 0.0)	(3.0, 0.0)	(4.0, 0.0)	(5.0, 0.0)	(6.0, 0.0)	(7.0, 0.0)	(8.0, 0.0)	(9.0, 0.0)	(10.0, 0.3333333333333333)	(11.0, 0.6666666666666666)	(12.0, 0.0)	(13.0, 0.0)	(14.0, 0.0)	(15.0, 0.0)	(16.0, 0.0)	(17.0, 0.3333333333333333)	(18.0, 0.3333333333333333)	(19.0, 0.0)	(20.0, 0.0)	(21.0, 0.3333333333333333)	(22.0, 0.0)	(23.0, 0.0)	(24.0, 0.3333333333333333)	(25.0, 0.0)	(26.0, 0.0)	(27.0, 0.0)	(28.0, 0.3333333333333333)	(29.0, 0.6666666666666666)	(30.0, 0.0)	(31.0, 0.3333333333333333)	(32.0, 0.3333333333333333)	(33.0, 0.0)	(34.0, 0.0)	(35.0, 0.0)	(36.0, 0.3333333333333333)	(37.0, 0.0)	(38.0, 0.0)	(39.0, 0.6666666666666666)	(40.0, 1.0)	(41.0, 0.6666666666666666)	(42.0, 0.6666666666666666)	(43.0, 2.6666666666666665)	(44.0, 7.666666666666663)	(45.0, 58.000000000000135)	(46.0, 152.3333333333333)	(47.0, 289.33333333333434)	(48.0, 480.6666666666568)	(49.0, 1128.333333333356)	(50.0, 2184.999999999876)	(51.0, 3216.333333333678)	(52.0, 3687.000000000559)	(53.0, 3514.3333333338137)	(54.0, 4107.666666667401)	(55.0, 3990.0000000006967)	(56.0, 3265.3333333337005)	(57.0, 3191.0000000003333)	(58.0, 2413.333333333313)	(59.0, 1635.666666666574)	(60.0, 1257.3333333333267)	(61.0, 3899.0000000006553)	(62.0, 3811.3333333339488)	(63.0, 836.6666666666919)	(64.0, 368.33333333332985)	(65.0, 190.6666666666677)	(66.0, 117.9999999999994)	(67.0, 75.00000000000001)	(68.0, 45.33333333333338)	(69.0, 27.333333333333304)	(70.0, 15.000000000000009)	(71.0, 7.9999999999999964)	(72.0, 4.333333333333333)	(73.0, 1.0)	(74.0, 2.333333333333333)	(75.0, 1.3333333333333333)	(76.0, 0.3333333333333333)	(77.0, 0.0)	(78.0, 0.0)	(79.0, 0.0)	(80.0, 0.0)	(81.0, 0.0)	(82.0, 0.0)	(83.0, 0.0)	(84.0, 0.0)	(85.0, 0.0)	(86.0, 0.0)	(87.0, 0.0)	(88.0, 0.0)	(89.0, 0.0)	(90.0, 0.0)	(91.0, 0.0)	(92.0, 0.0)	(93.0, 0.0)	(94.0, 0.0)	(95.0, 0.0)	(96.0, 0.0)	(97.0, 0.0)	(98.0, 0.0)	(99.0, 0.0)	(100.0, 0.0)
SRR1542544_2	(0.0, 0.0)	(1.0, 0.0)	(2.0, 0.0)	(3.0, 0.0)	(4.0, 0.0)	(5.0, 0.0)	(6.0, 0.0)	(7.0, 0.0)	(8.0, 0.0)	(9.0, 0.0)	(10.0, 0.0)	(11.0, 0.0)	(12.0, 0.0)	(13.0, 0.0)	(14.0, 0.0)	(15.0, 0.3333333333333333)	(16.0, 0.3333333333333333)	(17.0, 0.6666666666666666)	(18.0, 0.3333333333333333)	(19.0, 0.0)	(20.0, 0.0)	(21.0, 0.6666666666666666)	(22.0, 0.0)	(23.0, 0.0)	(24.0, 0.0)	(25.0, 0.0)	(26.0, 0.0)	(27.0, 0.3333333333333333)	(28.0, 0.3333333333333333)	(29.0, 0.0)	(30.0, 0.6666666666666666)	(31.0, 0.3333333333333333)	(32.0, 0.3333333333333333)	(33.0, 0.0)	(34.0, 0.0)	(35.0, 0.3333333333333333)	(36.0, 0.6666666666666666)	(37.0, 0.0)	(38.0, 0.3333333333333333)	(39.0, 0.6666666666666666)	(40.0, 0.6666666666666666)	(41.0, 0.3333333333333333)	(42.0, 1.3333333333333333)	(43.0, 3.3333333333333335)	(44.0, 4.666666666666666)	(45.0, 14.333333333333341)	(46.0, 33.33333333333329)	(47.0, 59.00000000000014)	(48.0, 103.9999999999996)	(49.0, 195.00000000000117)	(50.0, 328.3333333333321)	(51.0, 533.333333333324)	(52.0, 832.6666666666914)	(53.0, 1409.333333333292)	(54.0, 2137.9999999998545)	(55.0, 3004.0000000002483)	(56.0, 3714.000000000571)	(57.0, 3952.333333334013)	(58.0, 3839.000000000628)	(59.0, 3542.3333333338264)	(60.0, 3102.000000000293)	(61.0, 2648.6666666667534)	(62.0, 2125.6666666665155)	(63.0, 1669.6666666665662)	(64.0, 1267.3333333333244)	(65.0, 929.6666666667024)	(66.0, 919.0000000000346)	(67.0, 1210.3333333333374)	(68.0, 1349.666666666639)	(69.0, 1274.3333333333228)	(70.0, 1022.3333333333796)	(71.0, 779.0000000000186)	(72.0, 563.3333333333275)	(73.0, 404.3333333333278)	(74.0, 281.6666666666681)	(75.0, 186.33333333333425)	(76.0, 113.99999999999946)	(77.0, 74.00000000000003)	(78.0, 39.333333333333336)	(79.0, 18.333333333333336)	(80.0, 7.666666666666663)	(81.0, 2.333333333333333)	(82.0, 1.0)	(83.0, 0.3333333333333333)	(84.0, 0.6666666666666666)	(85.0, 0.6666666666666666)	(86.0, 0.3333333333333333)	(87.0, 0.3333333333333333)	(88.0, 0.6666666666666666)	(89.0, 0.0)	(90.0, 0.0)	(91.0, 0.0)	(92.0, 0.0)	(93.0, 0.3333333333333333)	(94.0, 0.0)	(95.0, 0.0)	(96.0, 0.0)	(97.0, 0.3333333333333333)	(98.0, 0.3333333333333333)	(99.0, 0.0)	(100.0, 0.0)
SRR1542545_1	(0.0, 0.0)	(1.0, 0.0)	(2.0, 0.0)	(3.0, 0.0)	(4.0, 0.0)	(5.0, 0.0)	(6.0, 0.0)	(7.0, 0.0)	(8.0, 0.3333333333333333)	(9.0, 0.6666666666666666)	(10.0, 0.3333333333333333)	(11.0, 0.0)	(12.0, 0.0)	(13.0, 0.0)	(14.0, 0.0)	(15.0, 0.0)	(16.0, 0.0)	(17.0, 0.3333333333333333)	(18.0, 0.3333333333333333)	(19.0, 0.0)	(20.0, 0.0)	(21.0, 0.6666666666666666)	(22.0, 0.3333333333333333)	(23.0, 0.0)	(24.0, 0.0)	(25.0, 0.3333333333333333)	(26.0, 0.0)	(27.0, 0.0)	(28.0, 0.3333333333333333)	(29.0, 0.0)	(30.0, 0.0)	(31.0, 0.0)	(32.0, 0.0)	(33.0, 0.0)	(34.0, 0.0)	(35.0, 0.0)	(36.0, 0.0)	(37.0, 1.9999999999999998)	(38.0, 1.0)	(39.0, 1.3333333333333333)	(40.0, 1.6666666666666665)	(41.0, 1.6666666666666665)	(42.0, 2.6666666666666665)	(43.0, 5.333333333333332)	(44.0, 11.66666666666667)	(45.0, 37.66666666666666)	(46.0, 237.66666666666904)	(47.0, 1097.333333333363)	(48.0, 1069.6666666667027)	(49.0, 995.3333333333766)	(50.0, 1604.9999999999143)	(51.0, 2328.9999999999413)	(52.0, 2823.3333333334995)	(53.0, 3046.333333333601)	(54.0, 3043.666666666933)	(55.0, 2573.6666666667193)	(56.0, 1836.333333333195)	(57.0, 1321.9999999999786)	(58.0, 1035.3333333333771)	(59.0, 854.3333333333605)	(60.0, 692.0000000000088)	(61.0, 591.666666666664)	(62.0, 493.66666666665606)	(63.0, 318.3333333333327)	(64.0, 209.66666666666825)	(65.0, 145.66666666666643)	(66.0, 100.66666666666632)	(67.0, 102.66666666666629)	(68.0, 75.00000000000001)	(69.0, 36.333333333333314)	(70.0, 16.00000000000001)	(71.0, 7.666666666666663)	(72.0, 3.0)	(73.0, 0.6666666666666666)	(74.0, 0.3333333333333333)	(75.0, 0.3333333333333333)	(76.0, 0.3333333333333333)	(77.0, 0.0)	(78.0, 0.0)	(79.0, 0.0)	(80.0, 0.0)	(81.0, 0.0)	(82.0, 0.0)	(83.0, 0.0)	(84.0, 0.0)	(85.0, 0.0)	(86.0, 0.0)	(87.0, 0.0)	(88.0, 0.0)	(89.0, 0.0)	(90.0, 0.0)	(91.0, 0.0)	(92.0, 0.0)	(93.0, 0.0)	(94.0, 0.0)	(95.0, 0.0)	(96.0, 0.0)	(97.0, 0.0)	(98.0, 0.0)	(99.0, 0.0)	(100.0, 0.0)
SRR1542545_2	(0.0, 0.0)	(1.0, 0.0)	(2.0, 0.0)	(3.0, 0.0)	(4.0, 0.0)	(5.0, 0.0)	(6.0, 0.0)	(7.0, 0.0)	(8.0, 0.0)	(9.0, 0.0)	(10.0, 0.0)	(11.0, 0.0)	(12.0, 0.0)	(13.0, 0.0)	(14.0, 0.0)	(15.0, 0.0)	(16.0, 0.0)	(17.0, 0.0)	(18.0, 0.0)	(19.0, 0.0)	(20.0, 0.0)	(21.0, 0.0)	(22.0, 0.0)	(23.0, 0.3333333333333333)	(24.0, 0.3333333333333333)	(25.0, 0.6666666666666666)	(26.0, 0.3333333333333333)	(27.0, 0.0)	(28.0, 0.0)	(29.0, 0.0)	(30.0, 0.0)	(31.0, 0.3333333333333333)	(32.0, 0.3333333333333333)	(33.0, 0.3333333333333333)	(34.0, 0.3333333333333333)	(35.0, 0.3333333333333333)	(36.0, 0.3333333333333333)	(37.0, 0.6666666666666666)	(38.0, 0.3333333333333333)	(39.0, 0.0)	(40.0, 1.3333333333333333)	(41.0, 0.6666666666666666)	(42.0, 3.666666666666667)	(43.0, 8.999999999999998)	(44.0, 39.66666666666667)	(45.0, 118.99999999999939)	(46.0, 160.00000000000017)	(47.0, 173.33333333333388)	(48.0, 461.9999999999912)	(49.0, 991.3333333333761)	(50.0, 1131.3333333333553)	(51.0, 1226.3333333333337)	(52.0, 1599.9999999999154)	(53.0, 2183.3333333332084)	(54.0, 2746.3333333334645)	(55.0, 3068.0000000002774)	(56.0, 2971.3333333335668)	(57.0, 2345.6666666666156)	(58.0, 1809.6666666665344)	(59.0, 1402.9999999999602)	(60.0, 1181.0000000000107)	(61.0, 1010.6666666667116)	(62.0, 690.3333333333419)	(63.0, 450.3333333333252)	(64.0, 293.6666666666674)	(65.0, 180.00000000000074)	(66.0, 133.6666666666661)	(67.0, 103.66666666666627)	(68.0, 95.66666666666639)	(69.0, 86.33333333333319)	(70.0, 63.333333333333506)	(71.0, 42.00000000000002)	(72.0, 25.666666666666643)	(73.0, 23.999999999999982)	(74.0, 16.666666666666675)	(75.0, 8.666666666666664)	(76.0, 3.3333333333333335)	(77.0, 2.6666666666666665)	(78.0, 2.6666666666666665)	(79.0, 1.6666666666666665)	(80.0, 1.3333333333333333)	(81.0, 0.3333333333333333)	(82.0, 0.6666666666666666)	(83.0, 0.3333333333333333)	(84.0, 0.0)	(85.0, 0.6666666666666666)	(86.0, 0.3333333333333333)	(87.0, 0.0)	(88.0, 0.0)	(89.0, 0.0)	(90.0, 0.0)	(91.0, 0.3333333333333333)	(92.0, 0.3333333333333333)	(93.0, 0.0)	(94.0, 0.0)	(95.0, 0.3333333333333333)	(96.0, 0.3333333333333333)	(97.0, 1.0)	(98.0, 1.0)	(99.0, 0.0)	(100.0, 1.0)
SRR1542546_1	(0.0, 0.0)	(1.0, 0.0)	(2.0, 0.0)	(3.0, 0.0)	(4.0, 0.0)	(5.0, 0.0)	(6.0, 0.0)	(7.0, 0.0)	(8.0, 0.0)	(9.0, 0.0)	(10.0, 0.0)	(11.0, 0.0)	(12.0, 0.0)	(13.0, 0.0)	(14.0, 0.0)	(15.0, 0.0)	(16.0, 0.0)	(17.0, 0.0)	(18.0, 0.0)	(19.0, 0.0)	(20.0, 0.0)	(21.0, 0.0)	(22.0, 0.0)	(23.0, 0.0)	(24.0, 0.0)	(25.0, 0.0)	(26.0, 0.0)	(27.0, 0.0)	(28.0, 0.0)	(29.0, 0.0)	(30.0, 0.0)	(31.0, 0.0)	(32.0, 0.0)	(33.0, 0.0)	(34.0, 0.0)	(35.0, 0.0)	(36.0, 0.0)	(37.0, 0.3333333333333333)	(38.0, 0.0)	(39.0, 0.0)	(40.0, 0.0)	(41.0, 0.0)	(42.0, 0.0)	(43.0, 0.6666666666666666)	(44.0, 7.9999999999999964)	(45.0, 34.3333333333333)	(46.0, 69.66666666666676)	(47.0, 133.99999999999943)	(48.0, 431.6666666666596)	(49.0, 683.0000000000077)	(50.0, 682.0000000000076)	(51.0, 1155.666666666683)	(52.0, 1724.6666666665537)	(53.0, 1751.3333333332143)	(54.0, 1658.999999999902)	(55.0, 1146.6666666666852)	(56.0, 769.3333333333509)	(57.0, 401.9999999999946)	(58.0, 256.0000000000029)	(59.0, 151.99999999999994)	(60.0, 95.99999999999972)	(61.0, 57.333333333333464)	(62.0, 27.666666666666636)	(63.0, 19.333333333333332)	(64.0, 7.9999999999999964)	(65.0, 3.666666666666667)	(66.0, 1.9999999999999998)	(67.0, 0.6666666666666666)	(68.0, 1.0)	(69.0, 0.6666666666666666)	(70.0, 0.6666666666666666)	(71.0, 0.3333333333333333)	(72.0, 0.3333333333333333)	(73.0, 0.0)	(74.0, 0.0)	(75.0, 0.0)	(76.0, 0.0)	(77.0, 0.0)	(78.0, 0.0)	(79.0, 0.0)	(80.0, 0.0)	(81.0, 0.0)	(82.0, 0.0)	(83.0, 0.0)	(84.0, 0.0)	(85.0, 0.0)	(86.0, 0.0)	(87.0, 0.0)	(88.0, 0.0)	(89.0, 0.0)	(90.0, 0.0)	(91.0, 0.0)	(92.0, 0.0)	(93.0, 0.0)	(94.0, 0.0)	(95.0, 0.0)	(96.0, 0.0)	(97.0, 0.0)	(98.0, 0.0)	(99.0, 0.0)	(100.0, 0.0)
SRR1542546_2	(0.0, 0.0)	(1.0, 0.0)	(2.0, 0.0)	(3.0, 0.0)	(4.0, 0.0)	(5.0, 0.0)	(6.0, 0.0)	(7.0, 0.0)	(8.0, 0.0)	(9.0, 0.0)	(10.0, 0.0)	(11.0, 0.0)	(12.0, 0.0)	(13.0, 0.0)	(14.0, 0.0)	(15.0, 0.0)	(16.0, 0.0)	(17.0, 0.0)	(18.0, 0.0)	(19.0, 0.0)	(20.0, 0.0)	(21.0, 0.0)	(22.0, 0.0)	(23.0, 0.0)	(24.0, 0.0)	(25.0, 0.0)	(26.0, 0.0)	(27.0, 0.0)	(28.0, 0.0)	(29.0, 0.0)	(30.0, 0.0)	(31.0, 0.0)	(32.0, 0.0)	(33.0, 0.0)	(34.0, 0.3333333333333333)	(35.0, 0.3333333333333333)	(36.0, 0.0)	(37.0, 0.0)	(38.0, 0.6666666666666666)	(39.0, 0.3333333333333333)	(40.0, 0.3333333333333333)	(41.0, 1.0)	(42.0, 1.9999999999999998)	(43.0, 5.999999999999998)	(44.0, 13.33333333333334)	(45.0, 18.666666666666668)	(46.0, 40.33333333333334)	(47.0, 71.00000000000007)	(48.0, 160.3333333333335)	(49.0, 621.0000000000007)	(50.0, 1023.6666666667131)	(51.0, 918.3333333333678)	(52.0, 1018.3333333333792)	(53.0, 1406.666666666626)	(54.0, 1866.9999999998547)	(55.0, 1596.999999999916)	(56.0, 1013.3333333333786)	(57.0, 623.3333333333343)	(58.0, 344.6666666666645)	(59.0, 231.66666666666887)	(60.0, 213.00000000000168)	(61.0, 130.99999999999935)	(62.0, 50.333333333333414)	(63.0, 18.666666666666668)	(64.0, 7.666666666666663)	(65.0, 4.999999999999999)	(66.0, 2.333333333333333)	(67.0, 1.0)	(68.0, 1.0)	(69.0, 1.0)	(70.0, 1.0)	(71.0, 1.6666666666666665)	(72.0, 0.3333333333333333)	(73.0, 0.0)	(74.0, 0.0)	(75.0, 0.0)	(76.0, 0.0)	(77.0, 0.0)	(78.0, 0.0)	(79.0, 0.3333333333333333)	(80.0, 0.3333333333333333)	(81.0, 0.0)	(82.0, 0.0)	(83.0, 0.0)	(84.0, 0.0)	(85.0, 0.0)	(86.0, 0.3333333333333333)	(87.0, 0.3333333333333333)	(88.0, 0.0)	(89.0, 0.0)	(90.0, 0.0)	(91.0, 0.0)	(92.0, 0.0)	(93.0, 0.0)	(94.0, 0.0)	(95.0, 0.0)	(96.0, 0.0)	(97.0, 0.0)	(98.0, 0.0)	(99.0, 0.0)	(100.0, 0.0)
SRR1542548_1	(0.0, 0.0)	(1.0, 0.0)	(2.0, 0.0)	(3.0, 0.0)	(4.0, 0.0)	(5.0, 0.0)	(6.0, 0.0)	(7.0, 0.0)	(8.0, 0.0)	(9.0, 0.0)	(10.0, 0.0)	(11.0, 0.0)	(12.0, 0.0)	(13.0, 0.0)	(14.0, 0.0)	(15.0, 0.0)	(16.0, 0.0)	(17.0, 0.0)	(18.0, 0.0)	(19.0, 0.0)	(20.0, 0.0)	(21.0, 0.0)	(22.0, 0.0)	(23.0, 0.0)	(24.0, 0.0)	(25.0, 0.0)	(26.0, 0.0)	(27.0, 0.0)	(28.0, 0.0)	(29.0, 0.0)	(30.0, 0.0)	(31.0, 0.0)	(32.0, 0.0)	(33.0, 0.3333333333333333)	(34.0, 0.0)	(35.0, 0.0)	(36.0, 0.0)	(37.0, 0.3333333333333333)	(38.0, 0.3333333333333333)	(39.0, 0.0)	(40.0, 0.0)	(41.0, 0.6666666666666666)	(42.0, 1.0)	(43.0, 1.6666666666666665)	(44.0, 5.666666666666665)	(45.0, 63.00000000000017)	(46.0, 168.0000000000004)	(47.0, 174.3333333333339)	(48.0, 179.0000000000007)	(49.0, 562.3333333333273)	(50.0, 2883.0000000001933)	(51.0, 9413.999999999241)	(52.0, 8543.333333330991)	(53.0, 5341.999999999612)	(54.0, 4255.0000000006)	(55.0, 3219.3333333336795)	(56.0, 2593.6666666667284)	(57.0, 1555.9999999999254)	(58.0, 744.333333333348)	(59.0, 384.33333333332894)	(60.0, 211.6666666666683)	(61.0, 114.66666666666612)	(62.0, 65.00000000000016)	(63.0, 34.99999999999997)	(64.0, 12.000000000000004)	(65.0, 7.9999999999999964)	(66.0, 6.999999999999997)	(67.0, 4.333333333333333)	(68.0, 2.6666666666666665)	(69.0, 2.6666666666666665)	(70.0, 2.333333333333333)	(71.0, 1.6666666666666665)	(72.0, 0.6666666666666666)	(73.0, 0.0)	(74.0, 0.0)	(75.0, 0.0)	(76.0, 0.0)	(77.0, 0.0)	(78.0, 0.0)	(79.0, 0.0)	(80.0, 0.0)	(81.0, 0.0)	(82.0, 0.0)	(83.0, 0.0)	(84.0, 0.0)	(85.0, 0.0)	(86.0, 0.0)	(87.0, 0.0)	(88.0, 0.0)	(89.0, 0.0)	(90.0, 0.0)	(91.0, 0.0)	(92.0, 0.0)	(93.0, 0.0)	(94.0, 0.0)	(95.0, 0.0)	(96.0, 0.0)	(97.0, 0.0)	(98.0, 0.0)	(99.0, 0.0)	(100.0, 0.0)
SRR1542548_2	(0.0, 0.0)	(1.0, 0.0)	(2.0, 0.0)	(3.0, 0.0)	(4.0, 0.0)	(5.0, 0.0)	(6.0, 0.0)	(7.0, 0.0)	(8.0, 0.0)	(9.0, 0.0)	(10.0, 0.0)	(11.0, 0.0)	(12.0, 0.0)	(13.0, 0.0)	(14.0, 0.0)	(15.0, 0.0)	(16.0, 0.0)	(17.0, 0.0)	(18.0, 0.0)	(19.0, 0.0)	(20.0, 0.0)	(21.0, 0.0)	(22.0, 0.0)	(23.0, 0.0)	(24.0, 0.0)	(25.0, 0.0)	(26.0, 0.0)	(27.0, 0.0)	(28.0, 0.0)	(29.0, 0.0)	(30.0, 0.3333333333333333)	(31.0, 0.0)	(32.0, 0.0)	(33.0, 0.3333333333333333)	(34.0, 0.3333333333333333)	(35.0, 0.0)	(36.0, 0.3333333333333333)	(37.0, 1.0)	(38.0, 1.0)	(39.0, 0.0)	(40.0, 0.6666666666666666)	(41.0, 1.3333333333333333)	(42.0, 2.6666666666666665)	(43.0, 7.33333333333333)	(44.0, 8.666666666666664)	(45.0, 18.333333333333336)	(46.0, 54.33333333333344)	(47.0, 144.33333333333306)	(48.0, 308.33333333333326)	(49.0, 941.0000000000371)	(50.0, 1637.3333333332403)	(51.0, 2173.999999999871)	(52.0, 4226.000000000627)	(53.0, 7351.6666666644505)	(54.0, 7194.666666664593)	(55.0, 5450.333333332846)	(56.0, 4017.666666667376)	(57.0, 2688.0000000001046)	(58.0, 1918.3333333331764)	(59.0, 1225.333333333334)	(60.0, 711.0000000000109)	(61.0, 369.9999999999964)	(62.0, 172.0000000000005)	(63.0, 77.66666666666664)	(64.0, 45.666666666666714)	(65.0, 17.33333333333334)	(66.0, 12.000000000000004)	(67.0, 7.666666666666663)	(68.0, 5.333333333333332)	(69.0, 4.666666666666666)	(70.0, 3.3333333333333335)	(71.0, 1.6666666666666665)	(72.0, 2.333333333333333)	(73.0, 1.9999999999999998)	(74.0, 1.9999999999999998)	(75.0, 1.6666666666666665)	(76.0, 0.3333333333333333)	(77.0, 0.0)	(78.0, 0.6666666666666666)	(79.0, 0.6666666666666666)	(80.0, 0.3333333333333333)	(81.0, 0.3333333333333333)	(82.0, 0.3333333333333333)	(83.0, 0.6666666666666666)	(84.0, 1.0)	(85.0, 0.6666666666666666)	(86.0, 1.0)	(87.0, 0.3333333333333333)	(88.0, 0.3333333333333333)	(89.0, 0.0)	(90.0, 0.0)	(91.0, 0.0)	(92.0, 0.0)	(93.0, 0.0)	(94.0, 0.0)	(95.0, 0.0)	(96.0, 0.0)	(97.0, 0.0)	(98.0, 0.0)	(99.0, 0.3333333333333333)	(100.0, 0.5)
SRR1542549_1	(0.0, 0.0)	(1.0, 0.0)	(2.0, 0.0)	(3.0, 0.0)	(4.0, 0.0)	(5.0, 0.0)	(6.0, 0.0)	(7.0, 0.0)	(8.0, 0.0)	(9.0, 0.0)	(10.0, 0.0)	(11.0, 0.0)	(12.0, 0.0)	(13.0, 0.0)	(14.0, 0.0)	(15.0, 0.0)	(16.0, 0.0)	(17.0, 0.0)	(18.0, 0.0)	(19.0, 0.0)	(20.0, 0.0)	(21.0, 0.0)	(22.0, 0.0)	(23.0, 0.0)	(24.0, 0.0)	(25.0, 0.0)	(26.0, 0.0)	(27.0, 0.0)	(28.0, 0.0)	(29.0, 0.0)	(30.0, 0.0)	(31.0, 0.0)	(32.0, 0.0)	(33.0, 0.0)	(34.0, 0.0)	(35.0, 0.0)	(36.0, 0.0)	(37.0, 0.3333333333333333)	(38.0, 0.3333333333333333)	(39.0, 1.0)	(40.0, 0.3333333333333333)	(41.0, 0.6666666666666666)	(42.0, 1.3333333333333333)	(43.0, 1.9999999999999998)	(44.0, 6.666666666666664)	(45.0, 119.99999999999937)	(46.0, 415.6666666666605)	(47.0, 522.9999999999895)	(48.0, 296.0000000000006)	(49.0, 302.0000000000003)	(50.0, 1369.3333333333012)	(51.0, 3900.6666666673227)	(52.0, 3810.666666667282)	(53.0, 2399.9999999999736)	(54.0, 1795.6666666665376)	(55.0, 1989.6666666664935)	(56.0, 2068.6666666664896)	(57.0, 1422.3333333332891)	(58.0, 781.0000000000189)	(59.0, 508.3333333333219)	(60.0, 332.9999999999985)	(61.0, 242.6666666666692)	(62.0, 162.33333333333357)	(63.0, 60.66666666666682)	(64.0, 25.33333333333331)	(65.0, 9.333333333333332)	(66.0, 5.333333333333332)	(67.0, 1.6666666666666665)	(68.0, 1.0)	(69.0, 1.6666666666666665)	(70.0, 1.6666666666666665)	(71.0, 1.0)	(72.0, 0.0)	(73.0, 0.0)	(74.0, 0.0)	(75.0, 0.0)	(76.0, 0.0)	(77.0, 0.0)	(78.0, 0.0)	(79.0, 0.0)	(80.0, 0.0)	(81.0, 0.0)	(82.0, 0.0)	(83.0, 0.0)	(84.0, 0.0)	(85.0, 0.0)	(86.0, 0.0)	(87.0, 0.0)	(88.0, 0.0)	(89.0, 0.0)	(90.0, 0.0)	(91.0, 0.0)	(92.0, 0.0)	(93.0, 0.0)	(94.0, 0.0)	(95.0, 0.0)	(96.0, 0.0)	(97.0, 0.0)	(98.0, 0.0)	(99.0, 0.0)	(100.0, 0.0)
SRR1542549_2	(0.0, 0.0)	(1.0, 0.0)	(2.0, 0.0)	(3.0, 0.0)	(4.0, 0.0)	(5.0, 0.0)	(6.0, 0.0)	(7.0, 0.0)	(8.0, 0.0)	(9.0, 0.0)	(10.0, 0.0)	(11.0, 0.0)	(12.0, 0.0)	(13.0, 0.0)	(14.0, 0.0)	(15.0, 0.0)	(16.0, 0.0)	(17.0, 0.0)	(18.0, 0.0)	(19.0, 0.0)	(20.0, 0.0)	(21.0, 0.0)	(22.0, 0.0)	(23.0, 0.0)	(24.0, 0.0)	(25.0, 0.0)	(26.0, 0.0)	(27.0, 0.0)	(28.0, 0.0)	(29.0, 0.0)	(30.0, 0.0)	(31.0, 0.0)	(32.0, 0.0)	(33.0, 0.0)	(34.0, 0.0)	(35.0, 0.0)	(36.0, 0.0)	(37.0, 0.3333333333333333)	(38.0, 0.6666666666666666)	(39.0, 0.0)	(40.0, 0.0)	(41.0, 0.3333333333333333)	(42.0, 1.0)	(43.0, 3.0)	(44.0, 6.666666666666664)	(45.0, 16.666666666666675)	(46.0, 43.333333333333364)	(47.0, 210.33333333333493)	(48.0, 477.33333333332365)	(49.0, 646.6666666666703)	(50.0, 734.6666666666803)	(51.0, 1041.666666666709)	(52.0, 2514.333333333359)	(53.0, 4051.6666666673914)	(54.0, 3185.333333333664)	(55.0, 2393.6666666666374)	(56.0, 2417.6666666666483)	(57.0, 1782.3333333332073)	(58.0, 1313.6666666666472)	(59.0, 827.6666666666908)	(60.0, 458.66666666665805)	(61.0, 247.333333333336)	(62.0, 132.66666666666606)	(63.0, 51.33333333333342)	(64.0, 24.666666666666647)	(65.0, 26.99999999999997)	(66.0, 57.333333333333464)	(67.0, 24.666666666666647)	(68.0, 9.666666666666666)	(69.0, 4.333333333333333)	(70.0, 1.9999999999999998)	(71.0, 1.3333333333333333)	(72.0, 1.0)	(73.0, 1.3333333333333333)	(74.0, 0.6666666666666666)	(75.0, 0.0)	(76.0, 0.0)	(77.0, 0.3333333333333333)	(78.0, 0.6666666666666666)	(79.0, 0.3333333333333333)	(80.0, 0.0)	(81.0, 0.0)	(82.0, 0.0)	(83.0, 0.0)	(84.0, 0.0)	(85.0, 0.0)	(86.0, 0.0)	(87.0, 0.0)	(88.0, 0.0)	(89.0, 0.0)	(90.0, 0.0)	(91.0, 0.0)	(92.0, 0.0)	(93.0, 0.0)	(94.0, 0.0)	(95.0, 0.0)	(96.0, 0.0)	(97.0, 0.0)	(98.0, 0.0)	(99.0, 0.0)	(100.0, 0.5)
SRR1542568_1	(0.0, 0.0)	(1.0, 0.0)	(2.0, 0.0)	(3.0, 0.0)	(4.0, 0.0)	(5.0, 0.0)	(6.0, 0.0)	(7.0, 0.0)	(8.0, 0.0)	(9.0, 0.0)	(10.0, 0.0)	(11.0, 0.0)	(12.0, 0.0)	(13.0, 0.0)	(14.0, 0.0)	(15.0, 0.0)	(16.0, 0.0)	(17.0, 0.0)	(18.0, 0.0)	(19.0, 0.0)	(20.0, 0.0)	(21.0, 0.0)	(22.0, 0.0)	(23.0, 0.0)	(24.0, 0.0)	(25.0, 0.0)	(26.0, 0.0)	(27.0, 0.0)	(28.0, 0.0)	(29.0, 0.0)	(30.0, 0.0)	(31.0, 0.0)	(32.0, 0.0)	(33.0, 0.0)	(34.0, 0.0)	(35.0, 0.0)	(36.0, 0.0)	(37.0, 0.0)	(38.0, 0.0)	(39.0, 0.0)	(40.0, 1.0)	(41.0, 1.3333333333333333)	(42.0, 1.3333333333333333)	(43.0, 0.6666666666666666)	(44.0, 4.999999999999999)	(45.0, 29.66666666666663)	(46.0, 86.66666666666652)	(47.0, 106.99999999999956)	(48.0, 159.33333333333348)	(49.0, 374.6666666666628)	(50.0, 1320.3333333333123)	(51.0, 3864.0000000006394)	(52.0, 4421.333333333782)	(53.0, 2835.6666666668384)	(54.0, 2139.666666666522)	(55.0, 1414.6666666666242)	(56.0, 1123.0000000000239)	(57.0, 812.6666666666891)	(58.0, 443.3333333333256)	(59.0, 240.66666666666913)	(60.0, 137.6666666666662)	(61.0, 70.33333333333341)	(62.0, 38.666666666666664)	(63.0, 21.333333333333325)	(64.0, 8.999999999999998)	(65.0, 4.999999999999999)	(66.0, 5.999999999999998)	(67.0, 4.0)	(68.0, 5.333333333333332)	(69.0, 5.333333333333332)	(70.0, 2.6666666666666665)	(71.0, 0.6666666666666666)	(72.0, 1.0)	(73.0, 0.3333333333333333)	(74.0, 0.3333333333333333)	(75.0, 0.0)	(76.0, 0.0)	(77.0, 0.0)	(78.0, 0.0)	(79.0, 0.0)	(80.0, 0.0)	(81.0, 0.0)	(82.0, 0.0)	(83.0, 0.0)	(84.0, 0.0)	(85.0, 0.0)	(86.0, 0.0)	(87.0, 0.0)	(88.0, 0.0)	(89.0, 0.0)	(90.0, 0.0)	(91.0, 0.0)	(92.0, 0.0)	(93.0, 0.0)	(94.0, 0.0)	(95.0, 0.0)	(96.0, 0.0)	(97.0, 0.0)	(98.0, 0.0)	(99.0, 0.0)	(100.0, 0.0)
SRR1542568_2	(0.0, 0.0)	(1.0, 0.0)	(2.0, 0.0)	(3.0, 0.0)	(4.0, 0.0)	(5.0, 0.0)	(6.0, 0.0)	(7.0, 0.0)	(8.0, 0.0)	(9.0, 0.0)	(10.0, 0.0)	(11.0, 0.0)	(12.0, 0.0)	(13.0, 0.0)	(14.0, 0.0)	(15.0, 0.0)	(16.0, 0.0)	(17.0, 0.0)	(18.0, 0.0)	(19.0, 0.0)	(20.0, 0.0)	(21.0, 0.0)	(22.0, 0.0)	(23.0, 0.0)	(24.0, 0.0)	(25.0, 0.0)	(26.0, 0.0)	(27.0, 0.0)	(28.0, 0.0)	(29.0, 0.0)	(30.0, 0.0)	(31.0, 0.0)	(32.0, 0.0)	(33.0, 0.0)	(34.0, 0.0)	(35.0, 0.0)	(36.0, 0.3333333333333333)	(37.0, 0.3333333333333333)	(38.0, 0.0)	(39.0, 0.3333333333333333)	(40.0, 0.3333333333333333)	(41.0, 1.0)	(42.0, 1.9999999999999998)	(43.0, 4.333333333333333)	(44.0, 9.333333333333332)	(45.0, 15.000000000000009)	(46.0, 40.00000000000001)	(47.0, 85.99999999999986)	(48.0, 178.33333333333402)	(49.0, 519.6666666666558)	(50.0, 951.6666666667049)	(51.0, 1347.9999999999727)	(52.0, 2011.6666666664885)	(53.0, 3443.3333333337814)	(54.0, 3972.333333334022)	(55.0, 2570.000000000051)	(56.0, 1703.9999999998918)	(57.0, 1092.000000000031)	(58.0, 758.0000000000163)	(59.0, 389.66666666666197)	(60.0, 215.33333333333508)	(61.0, 113.99999999999946)	(62.0, 52.00000000000009)	(63.0, 22.666666666666654)	(64.0, 9.666666666666666)	(65.0, 6.999999999999997)	(66.0, 7.666666666666663)	(67.0, 7.33333333333333)	(68.0, 2.333333333333333)	(69.0, 0.6666666666666666)	(70.0, 1.3333333333333333)	(71.0, 1.3333333333333333)	(72.0, 0.6666666666666666)	(73.0, 1.0)	(74.0, 1.0)	(75.0, 0.3333333333333333)	(76.0, 0.0)	(77.0, 0.3333333333333333)	(78.0, 0.0)	(79.0, 0.0)	(80.0, 0.0)	(81.0, 0.0)	(82.0, 0.0)	(83.0, 0.0)	(84.0, 0.0)	(85.0, 0.0)	(86.0, 0.0)	(87.0, 0.0)	(88.0, 0.0)	(89.0, 0.0)	(90.0, 0.0)	(91.0, 0.0)	(92.0, 0.0)	(93.0, 0.0)	(94.0, 0.0)	(95.0, 0.0)	(96.0, 0.0)	(97.0, 0.0)	(98.0, 0.0)	(99.0, 0.0)	(100.0, 0.0)
SRR1542569_1	(0.0, 0.0)	(1.0, 0.0)	(2.0, 0.0)	(3.0, 0.0)	(4.0, 0.0)	(5.0, 0.0)	(6.0, 0.0)	(7.0, 0.0)	(8.0, 0.0)	(9.0, 0.0)	(10.0, 0.0)	(11.0, 0.0)	(12.0, 0.0)	(13.0, 0.0)	(14.0, 0.0)	(15.0, 0.0)	(16.0, 0.0)	(17.0, 0.0)	(18.0, 0.0)	(19.0, 0.0)	(20.0, 0.0)	(21.0, 0.0)	(22.0, 0.0)	(23.0, 0.0)	(24.0, 0.0)	(25.0, 0.0)	(26.0, 0.0)	(27.0, 0.0)	(28.0, 0.0)	(29.0, 0.0)	(30.0, 0.0)	(31.0, 0.0)	(32.0, 0.0)	(33.0, 0.0)	(34.0, 0.0)	(35.0, 0.0)	(36.0, 0.3333333333333333)	(37.0, 0.3333333333333333)	(38.0, 0.0)	(39.0, 0.0)	(40.0, 0.0)	(41.0, 0.0)	(42.0, 1.3333333333333333)	(43.0, 2.6666666666666665)	(44.0, 9.666666666666666)	(45.0, 40.66666666666668)	(46.0, 193.6666666666678)	(47.0, 553.3333333333263)	(48.0, 469.3333333333241)	(49.0, 695.6666666666758)	(50.0, 2229.9999999998963)	(51.0, 5646.333333332668)	(52.0, 5674.666666665976)	(53.0, 3552.0000000004975)	(54.0, 3261.000000000365)	(55.0, 3085.3333333336186)	(56.0, 2999.666666666913)	(57.0, 2365.6666666666247)	(58.0, 2242.9999999999022)	(59.0, 1918.6666666665096)	(60.0, 1276.9999999999889)	(61.0, 791.6666666666868)	(62.0, 482.99999999999)	(63.0, 251.66666666666944)	(64.0, 127.99999999999926)	(65.0, 61.66666666666683)	(66.0, 31.999999999999954)	(67.0, 17.33333333333334)	(68.0, 11.66666666666667)	(69.0, 10.666666666666668)	(70.0, 6.999999999999997)	(71.0, 3.0)	(72.0, 1.6666666666666665)	(73.0, 0.3333333333333333)	(74.0, 0.0)	(75.0, 0.0)	(76.0, 0.0)	(77.0, 0.0)	(78.0, 0.0)	(79.0, 0.0)	(80.0, 0.0)	(81.0, 0.0)	(82.0, 0.0)	(83.0, 0.0)	(84.0, 0.0)	(85.0, 0.0)	(86.0, 0.0)	(87.0, 0.0)	(88.0, 0.0)	(89.0, 0.0)	(90.0, 0.0)	(91.0, 0.0)	(92.0, 0.0)	(93.0, 0.0)	(94.0, 0.0)	(95.0, 0.0)	(96.0, 0.0)	(97.0, 0.0)	(98.0, 0.0)	(99.0, 0.0)	(100.0, 0.0)
SRR1542569_2	(0.0, 0.0)	(1.0, 0.0)	(2.0, 0.0)	(3.0, 0.0)	(4.0, 0.0)	(5.0, 0.0)	(6.0, 0.0)	(7.0, 0.0)	(8.0, 0.0)	(9.0, 0.0)	(10.0, 0.0)	(11.0, 0.0)	(12.0, 0.0)	(13.0, 0.0)	(14.0, 0.0)	(15.0, 0.0)	(16.0, 0.0)	(17.0, 0.0)	(18.0, 0.0)	(19.0, 0.0)	(20.0, 0.0)	(21.0, 0.0)	(22.0, 0.0)	(23.0, 0.0)	(24.0, 0.0)	(25.0, 0.0)	(26.0, 0.0)	(27.0, 0.0)	(28.0, 0.0)	(29.0, 0.0)	(30.0, 0.0)	(31.0, 0.0)	(32.0, 0.0)	(33.0, 0.0)	(34.0, 0.0)	(35.0, 0.0)	(36.0, 0.6666666666666666)	(37.0, 0.6666666666666666)	(38.0, 0.0)	(39.0, 0.3333333333333333)	(40.0, 0.0)	(41.0, 0.6666666666666666)	(42.0, 4.666666666666666)	(43.0, 7.666666666666663)	(44.0, 16.00000000000001)	(45.0, 32.99999999999996)	(46.0, 73.33333333333337)	(47.0, 158.0000000000001)	(48.0, 361.9999999999969)	(49.0, 664.6666666666723)	(50.0, 1009.3333333333782)	(51.0, 1558.6666666665915)	(52.0, 3212.66666666701)	(53.0, 5268.666666666345)	(54.0, 4899.000000000015)	(55.0, 4084.0000000007394)	(56.0, 3564.3333333338364)	(57.0, 2763.0000000001387)	(58.0, 2175.9999999998718)	(59.0, 1895.9999999998481)	(60.0, 2398.6666666666397)	(61.0, 1886.9999999998502)	(62.0, 1119.333333333358)	(63.0, 583.3333333333297)	(64.0, 256.3333333333362)	(65.0, 117.66666666666607)	(66.0, 75.66666666666667)	(67.0, 39.333333333333336)	(68.0, 22.999999999999986)	(69.0, 12.000000000000004)	(70.0, 5.999999999999998)	(71.0, 5.999999999999998)	(72.0, 4.0)	(73.0, 3.0)	(74.0, 3.0)	(75.0, 1.0)	(76.0, 0.6666666666666666)	(77.0, 0.3333333333333333)	(78.0, 0.3333333333333333)	(79.0, 0.6666666666666666)	(80.0, 0.3333333333333333)	(81.0, 0.3333333333333333)	(82.0, 0.3333333333333333)	(83.0, 0.0)	(84.0, 0.3333333333333333)	(85.0, 0.0)	(86.0, 0.0)	(87.0, 0.0)	(88.0, 0.0)	(89.0, 0.0)	(90.0, 0.6666666666666666)	(91.0, 0.6666666666666666)	(92.0, 0.0)	(93.0, 0.3333333333333333)	(94.0, 0.3333333333333333)	(95.0, 0.0)	(96.0, 0.0)	(97.0, 0.0)	(98.0, 0.0)	(99.0, 0.0)	(100.0, 0.0)
SRR1542571_1	(0.0, 0.0)	(1.0, 0.0)	(2.0, 0.0)	(3.0, 0.0)	(4.0, 0.0)	(5.0, 0.0)	(6.0, 0.0)	(7.0, 0.0)	(8.0, 0.0)	(9.0, 0.0)	(10.0, 0.0)	(11.0, 0.0)	(12.0, 0.0)	(13.0, 0.0)	(14.0, 0.0)	(15.0, 0.0)	(16.0, 0.0)	(17.0, 0.0)	(18.0, 0.0)	(19.0, 0.0)	(20.0, 0.0)	(21.0, 0.0)	(22.0, 0.0)	(23.0, 0.0)	(24.0, 0.0)	(25.0, 0.0)	(26.0, 0.0)	(27.0, 0.0)	(28.0, 0.0)	(29.0, 0.0)	(30.0, 0.0)	(31.0, 0.0)	(32.0, 0.0)	(33.0, 0.0)	(34.0, 0.0)	(35.0, 0.0)	(36.0, 0.0)	(37.0, 0.0)	(38.0, 0.6666666666666666)	(39.0, 0.3333333333333333)	(40.0, 0.0)	(41.0, 0.3333333333333333)	(42.0, 0.3333333333333333)	(43.0, 0.3333333333333333)	(44.0, 4.0)	(45.0, 24.99999999999998)	(46.0, 86.66666666666652)	(47.0, 130.666666666666)	(48.0, 172.33333333333385)	(49.0, 395.3333333333283)	(50.0, 1004.666666666711)	(51.0, 1843.99999999986)	(52.0, 1912.9999999998442)	(53.0, 1420.6666666666229)	(54.0, 1315.6666666666467)	(55.0, 1312.6666666666474)	(56.0, 1517.6666666666008)	(57.0, 1716.6666666665556)	(58.0, 1031.0000000000448)	(59.0, 663.6666666666722)	(60.0, 554.9999999999932)	(61.0, 2231.6666666665637)	(62.0, 2320.9999999999377)	(63.0, 302.6666666666669)	(64.0, 74.00000000000003)	(65.0, 29.66666666666663)	(66.0, 20.66666666666666)	(67.0, 33.999999999999964)	(68.0, 31.66666666666662)	(69.0, 18.333333333333336)	(70.0, 10.0)	(71.0, 4.666666666666666)	(72.0, 1.9999999999999998)	(73.0, 0.0)	(74.0, 0.0)	(75.0, 0.0)	(76.0, 0.0)	(77.0, 0.0)	(78.0, 0.0)	(79.0, 0.0)	(80.0, 0.0)	(81.0, 0.0)	(82.0, 0.0)	(83.0, 0.0)	(84.0, 0.0)	(85.0, 0.0)	(86.0, 0.0)	(87.0, 0.0)	(88.0, 0.0)	(89.0, 0.0)	(90.0, 0.0)	(91.0, 0.0)	(92.0, 0.0)	(93.0, 0.0)	(94.0, 0.0)	(95.0, 0.0)	(96.0, 0.0)	(97.0, 0.0)	(98.0, 0.0)	(99.0, 0.0)	(100.0, 0.0)
SRR1542571_2	(0.0, 0.0)	(1.0, 0.0)	(2.0, 0.0)	(3.0, 0.0)	(4.0, 0.0)	(5.0, 0.0)	(6.0, 0.0)	(7.0, 0.0)	(8.0, 0.0)	(9.0, 0.0)	(10.0, 0.0)	(11.0, 0.0)	(12.0, 0.0)	(13.0, 0.0)	(14.0, 0.0)	(15.0, 0.0)	(16.0, 0.0)	(17.0, 0.0)	(18.0, 0.0)	(19.0, 0.0)	(20.0, 0.0)	(21.0, 0.0)	(22.0, 0.0)	(23.0, 0.0)	(24.0, 0.0)	(25.0, 0.0)	(26.0, 0.0)	(27.0, 0.0)	(28.0, 0.0)	(29.0, 0.0)	(30.0, 0.0)	(31.0, 0.0)	(32.0, 0.0)	(33.0, 0.0)	(34.0, 0.0)	(35.0, 0.0)	(36.0, 0.0)	(37.0, 0.0)	(38.0, 0.0)	(39.0, 0.0)	(40.0, 0.3333333333333333)	(41.0, 0.6666666666666666)	(42.0, 1.3333333333333333)	(43.0, 7.9999999999999964)	(44.0, 13.33333333333334)	(45.0, 17.33333333333334)	(46.0, 36.999999999999986)	(47.0, 70.66666666666674)	(48.0, 136.99999999999952)	(49.0, 342.66666666666464)	(50.0, 555.6666666666599)	(51.0, 702.0000000000099)	(52.0, 1397.3333333332948)	(53.0, 2033.9999999998167)	(54.0, 1850.3333333331918)	(55.0, 1592.999999999917)	(56.0, 1587.9999999999181)	(57.0, 1307.6666666666486)	(58.0, 1418.33333333329)	(59.0, 910.0000000000335)	(60.0, 805.333333333355)	(61.0, 521.3333333333227)	(62.0, 233.66666666666893)	(63.0, 123.99999999999932)	(64.0, 138.99999999999957)	(65.0, 522.6666666666562)	(66.0, 2036.3333333331495)	(67.0, 944.3333333333708)	(68.0, 266.00000000000233)	(69.0, 94.6666666666664)	(70.0, 30.666666666666625)	(71.0, 11.333333333333336)	(72.0, 9.666666666666666)	(73.0, 5.666666666666665)	(74.0, 1.9999999999999998)	(75.0, 0.3333333333333333)	(76.0, 1.0)	(77.0, 0.6666666666666666)	(78.0, 0.0)	(79.0, 0.0)	(80.0, 0.0)	(81.0, 0.0)	(82.0, 0.3333333333333333)	(83.0, 0.0)	(84.0, 0.0)	(85.0, 0.0)	(86.0, 0.0)	(87.0, 0.0)	(88.0, 0.0)	(89.0, 0.0)	(90.0, 0.0)	(91.0, 0.0)	(92.0, 0.0)	(93.0, 0.0)	(94.0, 0.0)	(95.0, 0.0)	(96.0, 0.0)	(97.0, 0.0)	(98.0, 0.0)	(99.0, 0.0)	(100.0, 0.0)
SRR1542572_1	(0.0, 0.0)	(1.0, 0.0)	(2.0, 0.0)	(3.0, 0.0)	(4.0, 0.0)	(5.0, 0.0)	(6.0, 0.0)	(7.0, 0.0)	(8.0, 0.0)	(9.0, 0.0)	(10.0, 0.0)	(11.0, 0.0)	(12.0, 0.0)	(13.0, 0.0)	(14.0, 0.0)	(15.0, 0.0)	(16.0, 0.0)	(17.0, 0.0)	(18.0, 0.0)	(19.0, 0.0)	(20.0, 0.0)	(21.0, 0.0)	(22.0, 0.0)	(23.0, 0.3333333333333333)	(24.0, 0.0)	(25.0, 0.0)	(26.0, 0.0)	(27.0, 0.0)	(28.0, 0.0)	(29.0, 0.0)	(30.0, 0.0)	(31.0, 0.0)	(32.0, 0.0)	(33.0, 0.0)	(34.0, 0.0)	(35.0, 0.0)	(36.0, 0.0)	(37.0, 0.0)	(38.0, 0.0)	(39.0, 0.0)	(40.0, 0.0)	(41.0, 0.0)	(42.0, 0.0)	(43.0, 0.0)	(44.0, 0.3333333333333333)	(45.0, 0.3333333333333333)	(46.0, 1.3333333333333333)	(47.0, 4.333333333333333)	(48.0, 5.999999999999998)	(49.0, 17.000000000000007)	(50.0, 77.99999999999997)	(51.0, 252.33333333333613)	(52.0, 232.6666666666689)	(53.0, 160.00000000000017)	(54.0, 173.66666666666723)	(55.0, 168.33333333333374)	(56.0, 168.66666666666708)	(57.0, 103.33333333333294)	(58.0, 61.000000000000156)	(59.0, 45.00000000000004)	(60.0, 29.333333333333297)	(61.0, 37.66666666666666)	(62.0, 32.333333333333286)	(63.0, 6.666666666666664)	(64.0, 2.333333333333333)	(65.0, 1.0)	(66.0, 1.0)	(67.0, 0.6666666666666666)	(68.0, 1.0)	(69.0, 1.0)	(70.0, 0.3333333333333333)	(71.0, 0.0)	(72.0, 0.0)	(73.0, 0.0)	(74.0, 0.0)	(75.0, 0.0)	(76.0, 0.0)	(77.0, 0.0)	(78.0, 0.0)	(79.0, 0.0)	(80.0, 0.0)	(81.0, 0.0)	(82.0, 0.0)	(83.0, 0.0)	(84.0, 0.0)	(85.0, 0.0)	(86.0, 0.0)	(87.0, 0.0)	(88.0, 0.0)	(89.0, 0.0)	(90.0, 0.0)	(91.0, 0.0)	(92.0, 0.0)	(93.0, 0.0)	(94.0, 0.0)	(95.0, 0.0)	(96.0, 0.0)	(97.0, 0.0)	(98.0, 0.0)	(99.0, 0.0)	(100.0, 0.0)
SRR1542572_2	(0.0, 0.0)	(1.0, 0.0)	(2.0, 0.0)	(3.0, 0.0)	(4.0, 0.0)	(5.0, 0.0)	(6.0, 0.0)	(7.0, 0.0)	(8.0, 0.0)	(9.0, 0.0)	(10.0, 0.0)	(11.0, 0.0)	(12.0, 0.0)	(13.0, 0.0)	(14.0, 0.0)	(15.0, 0.0)	(16.0, 0.0)	(17.0, 0.0)	(18.0, 0.0)	(19.0, 0.0)	(20.0, 0.0)	(21.0, 0.0)	(22.0, 0.0)	(23.0, 0.0)	(24.0, 0.0)	(25.0, 0.0)	(26.0, 0.0)	(27.0, 0.0)	(28.0, 0.0)	(29.0, 0.0)	(30.0, 0.0)	(31.0, 0.0)	(32.0, 0.0)	(33.0, 0.0)	(34.0, 0.0)	(35.0, 0.0)	(36.0, 0.0)	(37.0, 0.3333333333333333)	(38.0, 0.3333333333333333)	(39.0, 0.0)	(40.0, 0.0)	(41.0, 0.0)	(42.0, 0.3333333333333333)	(43.0, 0.6666666666666666)	(44.0, 0.3333333333333333)	(45.0, 0.3333333333333333)	(46.0, 1.3333333333333333)	(47.0, 1.9999999999999998)	(48.0, 6.666666666666664)	(49.0, 14.333333333333341)	(50.0, 24.333333333333314)	(51.0, 52.666666666666764)	(52.0, 121.33333333333269)	(53.0, 216.66666666666845)	(54.0, 202.00000000000136)	(55.0, 210.66666666666828)	(56.0, 231.0000000000022)	(57.0, 171.66666666666717)	(58.0, 113.3333333333328)	(59.0, 74.00000000000003)	(60.0, 47.00000000000006)	(61.0, 24.99999999999998)	(62.0, 16.00000000000001)	(63.0, 9.666666666666666)	(64.0, 4.666666666666666)	(65.0, 6.333333333333331)	(66.0, 15.000000000000009)	(67.0, 12.333333333333337)	(68.0, 4.0)	(69.0, 1.0)	(70.0, 1.0)	(71.0, 0.3333333333333333)	(72.0, 0.6666666666666666)	(73.0, 0.3333333333333333)	(74.0, 0.0)	(75.0, 0.0)	(76.0, 0.0)	(77.0, 0.0)	(78.0, 0.0)	(79.0, 0.0)	(80.0, 0.0)	(81.0, 0.0)	(82.0, 0.0)	(83.0, 0.0)	(84.0, 0.0)	(85.0, 0.0)	(86.0, 0.0)	(87.0, 0.0)	(88.0, 0.0)	(89.0, 0.0)	(90.0, 0.0)	(91.0, 0.0)	(92.0, 0.0)	(93.0, 0.0)	(94.0, 0.0)	(95.0, 0.0)	(96.0, 0.0)	(97.0, 0.0)	(98.0, 0.0)	(99.0, 0.0)	(100.0, 0.0)
SRR1542573_1	(0.0, 0.0)	(1.0, 0.0)	(2.0, 0.0)	(3.0, 0.0)	(4.0, 0.0)	(5.0, 0.0)	(6.0, 0.0)	(7.0, 0.0)	(8.0, 0.0)	(9.0, 0.0)	(10.0, 0.0)	(11.0, 0.0)	(12.0, 0.0)	(13.0, 0.0)	(14.0, 0.0)	(15.0, 0.0)	(16.0, 0.0)	(17.0, 0.0)	(18.0, 0.0)	(19.0, 0.0)	(20.0, 0.0)	(21.0, 0.0)	(22.0, 0.0)	(23.0, 0.0)	(24.0, 0.0)	(25.0, 0.0)	(26.0, 0.0)	(27.0, 0.0)	(28.0, 0.0)	(29.0, 0.0)	(30.0, 0.0)	(31.0, 0.0)	(32.0, 0.0)	(33.0, 0.0)	(34.0, 0.0)	(35.0, 0.0)	(36.0, 0.0)	(37.0, 0.0)	(38.0, 0.0)	(39.0, 0.0)	(40.0, 0.0)	(41.0, 0.0)	(42.0, 0.0)	(43.0, 0.0)	(44.0, 0.3333333333333333)	(45.0, 0.3333333333333333)	(46.0, 1.0)	(47.0, 3.0)	(48.0, 2.6666666666666665)	(49.0, 11.66666666666667)	(50.0, 47.00000000000006)	(51.0, 107.66666666666622)	(52.0, 128.9999999999993)	(53.0, 125.33333333333263)	(54.0, 145.3333333333331)	(55.0, 125.99999999999929)	(56.0, 85.66666666666653)	(57.0, 49.00000000000007)	(58.0, 44.000000000000036)	(59.0, 39.66666666666667)	(60.0, 22.999999999999986)	(61.0, 10.333333333333334)	(62.0, 6.999999999999997)	(63.0, 4.333333333333333)	(64.0, 1.9999999999999998)	(65.0, 1.3333333333333333)	(66.0, 0.6666666666666666)	(67.0, 0.6666666666666666)	(68.0, 0.0)	(69.0, 0.3333333333333333)	(70.0, 0.0)	(71.0, 0.0)	(72.0, 0.0)	(73.0, 0.0)	(74.0, 0.0)	(75.0, 0.0)	(76.0, 0.0)	(77.0, 0.0)	(78.0, 0.0)	(79.0, 0.0)	(80.0, 0.0)	(81.0, 0.0)	(82.0, 0.0)	(83.0, 0.0)	(84.0, 0.0)	(85.0, 0.0)	(86.0, 0.0)	(87.0, 0.0)	(88.0, 0.0)	(89.0, 0.0)	(90.0, 0.0)	(91.0, 0.0)	(92.0, 0.0)	(93.0, 0.0)	(94.0, 0.0)	(95.0, 0.0)	(96.0, 0.0)	(97.0, 0.0)	(98.0, 0.0)	(99.0, 0.0)	(100.0, 0.0)
SRR1542573_2	(0.0, 0.0)	(1.0, 0.0)	(2.0, 0.0)	(3.0, 0.0)	(4.0, 0.0)	(5.0, 0.0)	(6.0, 0.0)	(7.0, 0.0)	(8.0, 0.0)	(9.0, 0.0)	(10.0, 0.0)	(11.0, 0.0)	(12.0, 0.0)	(13.0, 0.0)	(14.0, 0.0)	(15.0, 0.0)	(16.0, 0.0)	(17.0, 0.0)	(18.0, 0.0)	(19.0, 0.0)	(20.0, 0.0)	(21.0, 0.0)	(22.0, 0.0)	(23.0, 0.0)	(24.0, 0.0)	(25.0, 0.0)	(26.0, 0.0)	(27.0, 0.0)	(28.0, 0.0)	(29.0, 0.0)	(30.0, 0.0)	(31.0, 0.0)	(32.0, 0.0)	(33.0, 0.0)	(34.0, 0.0)	(35.0, 0.0)	(36.0, 0.0)	(37.0, 0.0)	(38.0, 0.0)	(39.0, 0.0)	(40.0, 0.0)	(41.0, 0.0)	(42.0, 0.0)	(43.0, 0.0)	(44.0, 0.0)	(45.0, 0.3333333333333333)	(46.0, 0.3333333333333333)	(47.0, 1.0)	(48.0, 3.0)	(49.0, 10.333333333333334)	(50.0, 14.000000000000007)	(51.0, 33.999999999999964)	(52.0, 81.66666666666659)	(53.0, 136.66666666666617)	(54.0, 142.66666666666634)	(55.0, 137.33333333333286)	(56.0, 135.9999999999995)	(57.0, 93.66666666666642)	(58.0, 66.33333333333347)	(59.0, 33.33333333333329)	(60.0, 30.333333333333293)	(61.0, 22.666666666666654)	(62.0, 12.000000000000004)	(63.0, 4.0)	(64.0, 1.9999999999999998)	(65.0, 1.0)	(66.0, 0.0)	(67.0, 0.3333333333333333)	(68.0, 0.3333333333333333)	(69.0, 0.3333333333333333)	(70.0, 0.3333333333333333)	(71.0, 0.0)	(72.0, 0.3333333333333333)	(73.0, 0.0)	(74.0, 0.0)	(75.0, 0.0)	(76.0, 0.0)	(77.0, 0.0)	(78.0, 0.0)	(79.0, 0.0)	(80.0, 0.0)	(81.0, 0.0)	(82.0, 0.0)	(83.0, 0.0)	(84.0, 0.0)	(85.0, 0.0)	(86.0, 0.0)	(87.0, 0.0)	(88.0, 0.0)	(89.0, 0.0)	(90.0, 0.0)	(91.0, 0.0)	(92.0, 0.0)	(93.0, 0.0)	(94.0, 0.0)	(95.0, 0.0)	(96.0, 0.0)	(97.0, 0.0)	(98.0, 0.0)	(99.0, 0.0)	(100.0, 0.0)
SRR1542575_1	(0.0, 0.0)	(1.0, 0.0)	(2.0, 0.0)	(3.0, 0.0)	(4.0, 0.0)	(5.0, 0.0)	(6.0, 0.0)	(7.0, 0.0)	(8.0, 0.0)	(9.0, 0.0)	(10.0, 0.0)	(11.0, 0.0)	(12.0, 0.0)	(13.0, 0.0)	(14.0, 0.0)	(15.0, 0.0)	(16.0, 0.0)	(17.0, 0.0)	(18.0, 0.0)	(19.0, 0.0)	(20.0, 0.0)	(21.0, 0.0)	(22.0, 0.0)	(23.0, 0.0)	(24.0, 0.0)	(25.0, 0.0)	(26.0, 0.0)	(27.0, 0.0)	(28.0, 0.0)	(29.0, 0.0)	(30.0, 0.0)	(31.0, 0.0)	(32.0, 0.0)	(33.0, 0.0)	(34.0, 0.0)	(35.0, 0.0)	(36.0, 0.0)	(37.0, 0.0)	(38.0, 0.0)	(39.0, 0.0)	(40.0, 0.0)	(41.0, 0.3333333333333333)	(42.0, 0.6666666666666666)	(43.0, 3.0)	(44.0, 4.0)	(45.0, 12.666666666666671)	(46.0, 42.66666666666669)	(47.0, 80.6666666666666)	(48.0, 228.0000000000021)	(49.0, 473.9999999999905)	(50.0, 978.3333333333746)	(51.0, 1372.999999999967)	(52.0, 1372.999999999967)	(53.0, 1355.3333333333044)	(54.0, 1658.3333333332355)	(55.0, 1400.6666666666274)	(56.0, 1044.6666666667084)	(57.0, 567.9999999999947)	(58.0, 363.66666666666345)	(59.0, 245.66666666666927)	(60.0, 206.00000000000148)	(61.0, 860.3333333333612)	(62.0, 913.6666666667006)	(63.0, 107.66666666666622)	(64.0, 32.66666666666662)	(65.0, 11.66666666666667)	(66.0, 9.666666666666666)	(67.0, 15.333333333333343)	(68.0, 14.333333333333341)	(69.0, 11.66666666666667)	(70.0, 7.33333333333333)	(71.0, 5.333333333333332)	(72.0, 0.6666666666666666)	(73.0, 0.3333333333333333)	(74.0, 0.3333333333333333)	(75.0, 0.0)	(76.0, 0.0)	(77.0, 0.0)	(78.0, 0.0)	(79.0, 0.0)	(80.0, 0.0)	(81.0, 0.0)	(82.0, 0.0)	(83.0, 0.0)	(84.0, 0.0)	(85.0, 0.0)	(86.0, 0.0)	(87.0, 0.0)	(88.0, 0.0)	(89.0, 0.0)	(90.0, 0.0)	(91.0, 0.0)	(92.0, 0.0)	(93.0, 0.0)	(94.0, 0.0)	(95.0, 0.0)	(96.0, 0.0)	(97.0, 0.0)	(98.0, 0.0)	(99.0, 0.0)	(100.0, 0.0)
SRR1542575_2	(0.0, 0.0)	(1.0, 0.0)	(2.0, 0.0)	(3.0, 0.0)	(4.0, 0.0)	(5.0, 0.0)	(6.0, 0.0)	(7.0, 0.0)	(8.0, 0.0)	(9.0, 0.0)	(10.0, 0.0)	(11.0, 0.0)	(12.0, 0.0)	(13.0, 0.0)	(14.0, 0.0)	(15.0, 0.0)	(16.0, 0.0)	(17.0, 0.0)	(18.0, 0.0)	(19.0, 0.0)	(20.0, 0.0)	(21.0, 0.0)	(22.0, 0.0)	(23.0, 0.0)	(24.0, 0.0)	(25.0, 0.0)	(26.0, 0.0)	(27.0, 0.0)	(28.0, 0.0)	(29.0, 0.0)	(30.0, 0.0)	(31.0, 0.0)	(32.0, 0.0)	(33.0, 0.0)	(34.0, 0.0)	(35.0, 0.0)	(36.0, 0.0)	(37.0, 0.3333333333333333)	(38.0, 1.0)	(39.0, 0.0)	(40.0, 0.3333333333333333)	(41.0, 1.3333333333333333)	(42.0, 3.666666666666667)	(43.0, 5.999999999999998)	(44.0, 16.00000000000001)	(45.0, 33.66666666666663)	(46.0, 46.00000000000005)	(47.0, 68.33333333333344)	(48.0, 115.99999999999943)	(49.0, 311.6666666666664)	(50.0, 554.9999999999932)	(51.0, 760.3333333333499)	(52.0, 1086.3333333333655)	(53.0, 1333.999999999976)	(54.0, 1508.999999999936)	(55.0, 1573.666666666588)	(56.0, 1447.99999999995)	(57.0, 1049.6666666667072)	(58.0, 655.3333333333379)	(59.0, 420.6666666666602)	(60.0, 288.0000000000011)	(61.0, 211.00000000000162)	(62.0, 143.66666666666637)	(63.0, 107.66666666666622)	(64.0, 119.33333333333272)	(65.0, 239.00000000000242)	(66.0, 592.3333333333308)	(67.0, 360.3333333333303)	(68.0, 148.66666666666652)	(69.0, 60.66666666666682)	(70.0, 20.999999999999993)	(71.0, 9.333333333333332)	(72.0, 5.333333333333332)	(73.0, 3.0)	(74.0, 1.3333333333333333)	(75.0, 0.6666666666666666)	(76.0, 0.6666666666666666)	(77.0, 0.6666666666666666)	(78.0, 0.3333333333333333)	(79.0, 0.0)	(80.0, 0.3333333333333333)	(81.0, 0.3333333333333333)	(82.0, 0.0)	(83.0, 0.0)	(84.0, 0.0)	(85.0, 0.0)	(86.0, 0.0)	(87.0, 0.0)	(88.0, 0.0)	(89.0, 0.0)	(90.0, 0.0)	(91.0, 0.0)	(92.0, 0.0)	(93.0, 0.0)	(94.0, 0.0)	(95.0, 0.0)	(96.0, 0.0)	(97.0, 0.0)	(98.0, 0.0)	(99.0, 0.3333333333333333)	(100.0, 0.5)
SRR1542576_1	(0.0, 0.0)	(1.0, 0.0)	(2.0, 0.0)	(3.0, 0.0)	(4.0, 0.0)	(5.0, 0.0)	(6.0, 0.0)	(7.0, 0.0)	(8.0, 0.0)	(9.0, 0.0)	(10.0, 0.0)	(11.0, 0.3333333333333333)	(12.0, 0.6666666666666666)	(13.0, 0.3333333333333333)	(14.0, 0.0)	(15.0, 0.0)	(16.0, 0.0)	(17.0, 0.0)	(18.0, 0.3333333333333333)	(19.0, 0.3333333333333333)	(20.0, 0.0)	(21.0, 0.3333333333333333)	(22.0, 0.3333333333333333)	(23.0, 0.3333333333333333)	(24.0, 0.3333333333333333)	(25.0, 0.0)	(26.0, 1.3333333333333333)	(27.0, 1.3333333333333333)	(28.0, 0.0)	(29.0, 0.0)	(30.0, 0.0)	(31.0, 0.0)	(32.0, 0.0)	(33.0, 0.0)	(34.0, 0.0)	(35.0, 0.0)	(36.0, 1.3333333333333333)	(37.0, 2.333333333333333)	(38.0, 1.3333333333333333)	(39.0, 2.6666666666666665)	(40.0, 4.666666666666666)	(41.0, 4.666666666666666)	(42.0, 5.999999999999998)	(43.0, 7.9999999999999964)	(44.0, 10.0)	(45.0, 19.333333333333332)	(46.0, 54.66666666666678)	(47.0, 163.00000000000026)	(48.0, 335.3333333333317)	(49.0, 853.6666666666938)	(50.0, 2429.666666666654)	(51.0, 4466.000000000408)	(52.0, 5093.999999999837)	(53.0, 5093.666666666504)	(54.0, 6015.333333332333)	(55.0, 5735.66666666592)	(56.0, 4720.33333333351)	(57.0, 3388.000000000423)	(58.0, 2339.9999999999463)	(59.0, 1723.666666666554)	(60.0, 1371.666666666634)	(61.0, 1467.9999999999454)	(62.0, 1299.3333333333171)	(63.0, 698.0000000000094)	(64.0, 431.33333333332627)	(65.0, 276.6666666666684)	(66.0, 173.00000000000054)	(67.0, 82.66666666666657)	(68.0, 59.00000000000014)	(69.0, 36.333333333333314)	(70.0, 21.333333333333325)	(71.0, 13.33333333333334)	(72.0, 7.9999999999999964)	(73.0, 2.333333333333333)	(74.0, 1.0)	(75.0, 0.6666666666666666)	(76.0, 0.0)	(77.0, 0.0)	(78.0, 0.0)	(79.0, 0.0)	(80.0, 0.0)	(81.0, 0.0)	(82.0, 0.0)	(83.0, 0.0)	(84.0, 0.0)	(85.0, 0.0)	(86.0, 0.0)	(87.0, 0.0)	(88.0, 0.0)	(89.0, 0.0)	(90.0, 0.0)	(91.0, 0.0)	(92.0, 0.0)	(93.0, 0.0)	(94.0, 0.0)	(95.0, 0.0)	(96.0, 0.0)	(97.0, 0.0)	(98.0, 0.0)	(99.0, 0.0)	(100.0, 0.0)
SRR1542576_2	(0.0, 0.0)	(1.0, 0.0)	(2.0, 0.0)	(3.0, 0.0)	(4.0, 0.0)	(5.0, 0.0)	(6.0, 0.3333333333333333)	(7.0, 1.0)	(8.0, 1.0)	(9.0, 0.3333333333333333)	(10.0, 0.0)	(11.0, 0.0)	(12.0, 0.0)	(13.0, 0.0)	(14.0, 0.0)	(15.0, 0.0)	(16.0, 0.0)	(17.0, 0.0)	(18.0, 0.0)	(19.0, 0.0)	(20.0, 0.0)	(21.0, 0.0)	(22.0, 0.0)	(23.0, 0.0)	(24.0, 0.3333333333333333)	(25.0, 0.3333333333333333)	(26.0, 0.0)	(27.0, 0.6666666666666666)	(28.0, 0.6666666666666666)	(29.0, 0.6666666666666666)	(30.0, 0.3333333333333333)	(31.0, 0.0)	(32.0, 0.6666666666666666)	(33.0, 0.3333333333333333)	(34.0, 0.0)	(35.0, 0.3333333333333333)	(36.0, 1.3333333333333333)	(37.0, 1.0)	(38.0, 0.3333333333333333)	(39.0, 1.0)	(40.0, 2.333333333333333)	(41.0, 2.333333333333333)	(42.0, 2.6666666666666665)	(43.0, 3.0)	(44.0, 6.999999999999997)	(45.0, 10.666666666666668)	(46.0, 12.333333333333337)	(47.0, 19.0)	(48.0, 46.333333333333385)	(49.0, 112.33333333333282)	(50.0, 267.6666666666689)	(51.0, 493.99999999998937)	(52.0, 853.3333333333604)	(53.0, 1436.9999999999525)	(54.0, 2265.9999999999127)	(55.0, 3180.0000000003283)	(56.0, 4004.66666666737)	(57.0, 4697.000000000198)	(58.0, 4971.333333333282)	(59.0, 4777.3333333334585)	(60.0, 4286.333333333905)	(61.0, 3777.0000000006)	(62.0, 3196.6666666670026)	(63.0, 2532.6666666667006)	(64.0, 1989.6666666664935)	(65.0, 1460.6666666666138)	(66.0, 1078.000000000034)	(67.0, 798.6666666666875)	(68.0, 578.6666666666625)	(69.0, 420.9999999999935)	(70.0, 324.999999999999)	(71.0, 247.66666666666933)	(72.0, 169.6666666666671)	(73.0, 131.3333333333327)	(74.0, 86.99999999999984)	(75.0, 67.66666666666679)	(76.0, 46.00000000000005)	(77.0, 27.999999999999968)	(78.0, 18.000000000000004)	(79.0, 14.666666666666675)	(80.0, 11.000000000000002)	(81.0, 4.0)	(82.0, 1.9999999999999998)	(83.0, 1.3333333333333333)	(84.0, 1.0)	(85.0, 0.3333333333333333)	(86.0, 0.0)	(87.0, 0.6666666666666666)	(88.0, 0.0)	(89.0, 0.3333333333333333)	(90.0, 0.6666666666666666)	(91.0, 1.3333333333333333)	(92.0, 0.6666666666666666)	(93.0, 0.3333333333333333)	(94.0, 0.3333333333333333)	(95.0, 0.3333333333333333)	(96.0, 0.3333333333333333)	(97.0, 0.0)	(98.0, 0.0)	(99.0, 0.0)	(100.0, 1.0)
SRR1542577_1	(0.0, 0.0)	(1.0, 0.0)	(2.0, 0.0)	(3.0, 0.0)	(4.0, 0.0)	(5.0, 0.0)	(6.0, 0.0)	(7.0, 0.0)	(8.0, 0.0)	(9.0, 0.0)	(10.0, 0.0)	(11.0, 0.0)	(12.0, 0.0)	(13.0, 0.0)	(14.0, 0.3333333333333333)	(15.0, 0.0)	(16.0, 0.0)	(17.0, 0.0)	(18.0, 0.0)	(19.0, 0.0)	(20.0, 0.0)	(21.0, 0.0)	(22.0, 0.0)	(23.0, 0.0)	(24.0, 0.0)	(25.0, 0.0)	(26.0, 0.0)	(27.0, 0.3333333333333333)	(28.0, 0.3333333333333333)	(29.0, 0.0)	(30.0, 0.0)	(31.0, 0.0)	(32.0, 0.0)	(33.0, 0.0)	(34.0, 0.3333333333333333)	(35.0, 1.0)	(36.0, 1.3333333333333333)	(37.0, 3.0)	(38.0, 2.6666666666666665)	(39.0, 3.666666666666667)	(40.0, 3.0)	(41.0, 4.0)	(42.0, 6.999999999999997)	(43.0, 27.333333333333304)	(44.0, 36.999999999999986)	(45.0, 39.0)	(46.0, 58.666666666666806)	(47.0, 148.33333333333317)	(48.0, 286.3333333333345)	(49.0, 515.333333333322)	(50.0, 1192.0000000000082)	(51.0, 1862.9999999998556)	(52.0, 2497.0000000000177)	(53.0, 3009.333333333584)	(54.0, 3976.333333334024)	(55.0, 3340.000000000401)	(56.0, 2444.6666666666606)	(57.0, 1562.6666666665906)	(58.0, 925.0000000000352)	(59.0, 567.9999999999947)	(60.0, 387.33333333332877)	(61.0, 364.6666666666634)	(62.0, 310.9999999999998)	(63.0, 157.66666666666677)	(64.0, 104.66666666666626)	(65.0, 76.0)	(66.0, 46.66666666666672)	(67.0, 36.999999999999986)	(68.0, 23.333333333333318)	(69.0, 13.33333333333334)	(70.0, 4.333333333333333)	(71.0, 3.666666666666667)	(72.0, 1.9999999999999998)	(73.0, 0.6666666666666666)	(74.0, 0.3333333333333333)	(75.0, 0.3333333333333333)	(76.0, 0.0)	(77.0, 0.0)	(78.0, 0.0)	(79.0, 0.0)	(80.0, 0.0)	(81.0, 0.0)	(82.0, 0.0)	(83.0, 0.0)	(84.0, 0.0)	(85.0, 0.0)	(86.0, 0.0)	(87.0, 0.0)	(88.0, 0.0)	(89.0, 0.0)	(90.0, 0.0)	(91.0, 0.0)	(92.0, 0.0)	(93.0, 0.0)	(94.0, 0.0)	(95.0, 0.0)	(96.0, 0.0)	(97.0, 0.0)	(98.0, 0.0)	(99.0, 0.0)	(100.0, 0.0)
SRR1542577_2	(0.0, 0.0)	(1.0, 0.0)	(2.0, 0.0)	(3.0, 0.0)	(4.0, 0.0)	(5.0, 0.0)	(6.0, 0.0)	(7.0, 0.0)	(8.0, 0.0)	(9.0, 0.0)	(10.0, 0.0)	(11.0, 0.0)	(12.0, 0.0)	(13.0, 0.0)	(14.0, 0.0)	(15.0, 0.0)	(16.0, 0.0)	(17.0, 0.0)	(18.0, 0.0)	(19.0, 0.0)	(20.0, 0.0)	(21.0, 0.0)	(22.0, 0.0)	(23.0, 0.0)	(24.0, 0.0)	(25.0, 0.0)	(26.0, 0.0)	(27.0, 0.0)	(28.0, 0.0)	(29.0, 0.0)	(30.0, 0.0)	(31.0, 0.0)	(32.0, 0.0)	(33.0, 0.0)	(34.0, 0.3333333333333333)	(35.0, 0.6666666666666666)	(36.0, 0.0)	(37.0, 0.6666666666666666)	(38.0, 0.6666666666666666)	(39.0, 0.0)	(40.0, 0.6666666666666666)	(41.0, 3.3333333333333335)	(42.0, 5.666666666666665)	(43.0, 14.333333333333341)	(44.0, 30.666666666666625)	(45.0, 44.000000000000036)	(46.0, 73.00000000000004)	(47.0, 85.66666666666653)	(48.0, 126.99999999999928)	(49.0, 278.00000000000165)	(50.0, 510.6666666666551)	(51.0, 727.3333333333461)	(52.0, 1041.666666666709)	(53.0, 1556.9999999999252)	(54.0, 2170.666666666536)	(55.0, 2741.333333333462)	(56.0, 3081.0000000002833)	(57.0, 2905.3333333335368)	(58.0, 2418.666666666649)	(59.0, 1850.9999999998583)	(60.0, 1361.333333333303)	(61.0, 999.333333333377)	(62.0, 654.0000000000044)	(63.0, 444.99999999999216)	(64.0, 303.66666666666686)	(65.0, 190.6666666666677)	(66.0, 148.33333333333317)	(67.0, 116.66666666666609)	(68.0, 79.66666666666661)	(69.0, 56.33333333333346)	(70.0, 46.333333333333385)	(71.0, 30.999999999999957)	(72.0, 24.333333333333314)	(73.0, 18.333333333333336)	(74.0, 11.333333333333336)	(75.0, 10.333333333333334)	(76.0, 6.333333333333331)	(77.0, 3.0)	(78.0, 1.3333333333333333)	(79.0, 1.6666666666666665)	(80.0, 0.6666666666666666)	(81.0, 0.3333333333333333)	(82.0, 0.0)	(83.0, 0.0)	(84.0, 0.0)	(85.0, 0.0)	(86.0, 0.0)	(87.0, 0.0)	(88.0, 0.0)	(89.0, 0.0)	(90.0, 0.0)	(91.0, 0.0)	(92.0, 0.0)	(93.0, 0.0)	(94.0, 0.3333333333333333)	(95.0, 0.0)	(96.0, 0.3333333333333333)	(97.0, 0.6666666666666666)	(98.0, 0.3333333333333333)	(99.0, 0.0)	(100.0, 0.5)
SRR1542579_1	(0.0, 0.0)	(1.0, 0.0)	(2.0, 0.0)	(3.0, 0.0)	(4.0, 0.0)	(5.0, 0.0)	(6.0, 0.0)	(7.0, 0.0)	(8.0, 0.0)	(9.0, 0.0)	(10.0, 0.0)	(11.0, 0.0)	(12.0, 0.0)	(13.0, 0.0)	(14.0, 0.0)	(15.0, 0.0)	(16.0, 0.0)	(17.0, 0.0)	(18.0, 0.0)	(19.0, 0.0)	(20.0, 0.0)	(21.0, 0.0)	(22.0, 0.0)	(23.0, 0.0)	(24.0, 0.0)	(25.0, 0.0)	(26.0, 0.0)	(27.0, 0.0)	(28.0, 0.0)	(29.0, 0.0)	(30.0, 0.0)	(31.0, 0.0)	(32.0, 0.0)	(33.0, 0.0)	(34.0, 0.0)	(35.0, 0.0)	(36.0, 0.0)	(37.0, 0.3333333333333333)	(38.0, 0.6666666666666666)	(39.0, 0.3333333333333333)	(40.0, 0.0)	(41.0, 0.3333333333333333)	(42.0, 0.6666666666666666)	(43.0, 4.333333333333333)	(44.0, 15.333333333333343)	(45.0, 31.66666666666662)	(46.0, 117.33333333333275)	(47.0, 298.3333333333338)	(48.0, 436.333333333326)	(49.0, 586.9999999999968)	(50.0, 798.0000000000208)	(51.0, 1212.0000000000036)	(52.0, 1190.0000000000086)	(53.0, 1186.3333333333428)	(54.0, 1140.3333333333533)	(55.0, 890.666666666698)	(56.0, 556.9999999999934)	(57.0, 277.0000000000017)	(58.0, 154.66666666666669)	(59.0, 91.99999999999977)	(60.0, 46.66666666666672)	(61.0, 30.333333333333293)	(62.0, 16.333333333333343)	(63.0, 10.0)	(64.0, 3.3333333333333335)	(65.0, 3.3333333333333335)	(66.0, 1.9999999999999998)	(67.0, 2.333333333333333)	(68.0, 3.3333333333333335)	(69.0, 4.0)	(70.0, 1.0)	(71.0, 0.3333333333333333)	(72.0, 0.0)	(73.0, 0.0)	(74.0, 0.0)	(75.0, 0.0)	(76.0, 0.0)	(77.0, 0.0)	(78.0, 0.0)	(79.0, 0.0)	(80.0, 0.0)	(81.0, 0.0)	(82.0, 0.0)	(83.0, 0.0)	(84.0, 0.0)	(85.0, 0.0)	(86.0, 0.0)	(87.0, 0.0)	(88.0, 0.0)	(89.0, 0.0)	(90.0, 0.0)	(91.0, 0.0)	(92.0, 0.0)	(93.0, 0.0)	(94.0, 0.0)	(95.0, 0.0)	(96.0, 0.0)	(97.0, 0.0)	(98.0, 0.0)	(99.0, 0.0)	(100.0, 0.0)
SRR1542579_2	(0.0, 0.0)	(1.0, 0.0)	(2.0, 0.0)	(3.0, 0.0)	(4.0, 0.0)	(5.0, 0.0)	(6.0, 0.0)	(7.0, 0.0)	(8.0, 0.0)	(9.0, 0.0)	(10.0, 0.0)	(11.0, 0.0)	(12.0, 0.0)	(13.0, 0.0)	(14.0, 0.0)	(15.0, 0.0)	(16.0, 0.0)	(17.0, 0.0)	(18.0, 0.0)	(19.0, 0.0)	(20.0, 0.0)	(21.0, 0.0)	(22.0, 0.0)	(23.0, 0.0)	(24.0, 0.0)	(25.0, 0.0)	(26.0, 0.0)	(27.0, 0.0)	(28.0, 0.0)	(29.0, 0.0)	(30.0, 0.0)	(31.0, 0.0)	(32.0, 0.0)	(33.0, 0.0)	(34.0, 0.0)	(35.0, 0.0)	(36.0, 0.0)	(37.0, 0.0)	(38.0, 0.0)	(39.0, 0.0)	(40.0, 0.6666666666666666)	(41.0, 0.6666666666666666)	(42.0, 1.9999999999999998)	(43.0, 10.666666666666668)	(44.0, 27.666666666666636)	(45.0, 65.33333333333348)	(46.0, 76.33333333333333)	(47.0, 135.3333333333328)	(48.0, 363.33333333333013)	(49.0, 568.6666666666614)	(50.0, 651.0000000000041)	(51.0, 783.3333333333525)	(52.0, 1082.3333333333665)	(53.0, 1052.6666666667065)	(54.0, 1157.0000000000161)	(55.0, 1237.3333333333312)	(56.0, 934.0000000000363)	(57.0, 505.6666666666554)	(58.0, 237.66666666666904)	(59.0, 127.99999999999926)	(60.0, 65.00000000000016)	(61.0, 39.66666666666667)	(62.0, 20.999999999999993)	(63.0, 10.0)	(64.0, 6.333333333333331)	(65.0, 5.999999999999998)	(66.0, 5.666666666666665)	(67.0, 3.666666666666667)	(68.0, 0.6666666666666666)	(69.0, 0.0)	(70.0, 0.0)	(71.0, 0.0)	(72.0, 1.0)	(73.0, 1.0)	(74.0, 0.0)	(75.0, 0.0)	(76.0, 0.0)	(77.0, 0.0)	(78.0, 0.0)	(79.0, 0.0)	(80.0, 0.0)	(81.0, 0.0)	(82.0, 0.0)	(83.0, 0.0)	(84.0, 0.0)	(85.0, 0.0)	(86.0, 0.3333333333333333)	(87.0, 0.3333333333333333)	(88.0, 0.0)	(89.0, 0.0)	(90.0, 0.3333333333333333)	(91.0, 0.3333333333333333)	(92.0, 0.0)	(93.0, 0.0)	(94.0, 0.0)	(95.0, 0.0)	(96.0, 0.0)	(97.0, 0.0)	(98.0, 0.0)	(99.0, 0.0)	(100.0, 0.5)
SRR1542581_1	(0.0, 0.0)	(1.0, 0.0)	(2.0, 0.0)	(3.0, 0.0)	(4.0, 0.0)	(5.0, 0.0)	(6.0, 0.0)	(7.0, 0.0)	(8.0, 0.0)	(9.0, 0.0)	(10.0, 0.0)	(11.0, 0.0)	(12.0, 0.0)	(13.0, 0.0)	(14.0, 0.0)	(15.0, 0.0)	(16.0, 0.0)	(17.0, 0.0)	(18.0, 0.0)	(19.0, 0.0)	(20.0, 0.0)	(21.0, 0.0)	(22.0, 0.0)	(23.0, 0.0)	(24.0, 0.0)	(25.0, 0.0)	(26.0, 0.0)	(27.0, 0.0)	(28.0, 0.0)	(29.0, 0.0)	(30.0, 0.0)	(31.0, 0.0)	(32.0, 0.0)	(33.0, 0.0)	(34.0, 0.0)	(35.0, 0.3333333333333333)	(36.0, 0.0)	(37.0, 0.0)	(38.0, 0.0)	(39.0, 0.0)	(40.0, 0.0)	(41.0, 0.0)	(42.0, 1.0)	(43.0, 6.333333333333331)	(44.0, 13.000000000000005)	(45.0, 46.66666666666672)	(46.0, 186.6666666666676)	(47.0, 363.66666666666345)	(48.0, 301.00000000000034)	(49.0, 561.3333333333272)	(50.0, 2810.666666666827)	(51.0, 8305.666666663892)	(52.0, 8445.99999999748)	(53.0, 4312.6666666672145)	(54.0, 3138.3333333336427)	(55.0, 2463.6666666666692)	(56.0, 2626.33333333341)	(57.0, 2338.6666666666124)	(58.0, 1224.000000000001)	(59.0, 734.0000000000135)	(60.0, 443.9999999999922)	(61.0, 243.33333333333587)	(62.0, 144.6666666666664)	(63.0, 64.66666666666683)	(64.0, 26.99999999999997)	(65.0, 14.333333333333341)	(66.0, 9.333333333333332)	(67.0, 4.666666666666666)	(68.0, 7.666666666666663)	(69.0, 17.000000000000007)	(70.0, 10.0)	(71.0, 3.0)	(72.0, 1.3333333333333333)	(73.0, 0.0)	(74.0, 0.0)	(75.0, 0.0)	(76.0, 0.0)	(77.0, 0.0)	(78.0, 0.0)	(79.0, 0.0)	(80.0, 0.0)	(81.0, 0.0)	(82.0, 0.0)	(83.0, 0.0)	(84.0, 0.0)	(85.0, 0.0)	(86.0, 0.0)	(87.0, 0.0)	(88.0, 0.0)	(89.0, 0.0)	(90.0, 0.0)	(91.0, 0.0)	(92.0, 0.0)	(93.0, 0.0)	(94.0, 0.0)	(95.0, 0.0)	(96.0, 0.0)	(97.0, 0.0)	(98.0, 0.0)	(99.0, 0.0)	(100.0, 0.0)
SRR1542581_2	(0.0, 0.0)	(1.0, 0.0)	(2.0, 0.0)	(3.0, 0.0)	(4.0, 0.0)	(5.0, 0.0)	(6.0, 0.0)	(7.0, 0.0)	(8.0, 0.0)	(9.0, 0.0)	(10.0, 0.0)	(11.0, 0.0)	(12.0, 0.0)	(13.0, 0.0)	(14.0, 0.0)	(15.0, 0.0)	(16.0, 0.0)	(17.0, 0.0)	(18.0, 0.0)	(19.0, 0.0)	(20.0, 0.0)	(21.0, 0.0)	(22.0, 0.0)	(23.0, 0.0)	(24.0, 0.0)	(25.0, 0.0)	(26.0, 0.0)	(27.0, 0.0)	(28.0, 0.0)	(29.0, 0.0)	(30.0, 0.0)	(31.0, 0.0)	(32.0, 0.0)	(33.0, 0.0)	(34.0, 0.0)	(35.0, 0.0)	(36.0, 0.0)	(37.0, 0.3333333333333333)	(38.0, 0.3333333333333333)	(39.0, 0.6666666666666666)	(40.0, 1.6666666666666665)	(41.0, 3.0)	(42.0, 5.333333333333332)	(43.0, 10.0)	(44.0, 31.33333333333329)	(45.0, 50.00000000000008)	(46.0, 65.00000000000016)	(47.0, 128.66666666666595)	(48.0, 322.33333333333246)	(49.0, 721.000000000012)	(50.0, 1110.33333333336)	(51.0, 1642.6666666665724)	(52.0, 3243.666666667024)	(53.0, 6849.666666664907)	(54.0, 7278.99999999785)	(55.0, 4509.000000000369)	(56.0, 3818.333333333952)	(57.0, 2850.3333333335117)	(58.0, 2311.6666666666)	(59.0, 1431.9999999999536)	(60.0, 948.6666666667046)	(61.0, 571.3333333333284)	(62.0, 282.33333333333474)	(63.0, 106.3333333333329)	(64.0, 48.3333333333334)	(65.0, 33.33333333333329)	(66.0, 38.666666666666664)	(67.0, 24.333333333333314)	(68.0, 11.333333333333336)	(69.0, 5.999999999999998)	(70.0, 4.999999999999999)	(71.0, 4.666666666666666)	(72.0, 6.333333333333331)	(73.0, 4.999999999999999)	(74.0, 2.333333333333333)	(75.0, 1.3333333333333333)	(76.0, 1.0)	(77.0, 0.3333333333333333)	(78.0, 0.6666666666666666)	(79.0, 0.3333333333333333)	(80.0, 0.0)	(81.0, 0.0)	(82.0, 0.0)	(83.0, 0.0)	(84.0, 0.0)	(85.0, 0.0)	(86.0, 0.0)	(87.0, 0.3333333333333333)	(88.0, 0.6666666666666666)	(89.0, 0.3333333333333333)	(90.0, 0.3333333333333333)	(91.0, 0.0)	(92.0, 0.0)	(93.0, 0.0)	(94.0, 0.0)	(95.0, 0.0)	(96.0, 0.3333333333333333)	(97.0, 0.0)	(98.0, 0.0)	(99.0, 0.0)	(100.0, 0.0)
SRR1542582_1	(0.0, 0.0)	(1.0, 0.0)	(2.0, 0.0)	(3.0, 0.0)	(4.0, 0.0)	(5.0, 0.0)	(6.0, 0.0)	(7.0, 0.0)	(8.0, 0.0)	(9.0, 0.0)	(10.0, 0.0)	(11.0, 0.0)	(12.0, 0.0)	(13.0, 0.0)	(14.0, 0.0)	(15.0, 0.0)	(16.0, 0.0)	(17.0, 0.0)	(18.0, 0.0)	(19.0, 0.0)	(20.0, 0.0)	(21.0, 0.0)	(22.0, 0.0)	(23.0, 0.0)	(24.0, 0.0)	(25.0, 0.0)	(26.0, 0.0)	(27.0, 0.0)	(28.0, 0.0)	(29.0, 0.0)	(30.0, 0.0)	(31.0, 0.0)	(32.0, 0.0)	(33.0, 0.0)	(34.0, 0.0)	(35.0, 0.0)	(36.0, 0.0)	(37.0, 0.0)	(38.0, 0.0)	(39.0, 0.0)	(40.0, 0.0)	(41.0, 0.0)	(42.0, 0.0)	(43.0, 0.0)	(44.0, 1.3333333333333333)	(45.0, 5.666666666666665)	(46.0, 12.000000000000004)	(47.0, 20.999999999999993)	(48.0, 31.33333333333329)	(49.0, 333.66666666666515)	(50.0, 2080.9999999998286)	(51.0, 4034.0000000007167)	(52.0, 3207.0000000003406)	(53.0, 1796.9999999998706)	(54.0, 1481.9999999999422)	(55.0, 2121.999999999847)	(56.0, 2304.9999999999304)	(57.0, 1791.3333333332052)	(58.0, 1032.666666666711)	(59.0, 584.9999999999966)	(60.0, 360.3333333333303)	(61.0, 213.00000000000168)	(62.0, 115.33333333333277)	(63.0, 64.00000000000017)	(64.0, 30.999999999999957)	(65.0, 16.333333333333343)	(66.0, 5.333333333333332)	(67.0, 1.6666666666666665)	(68.0, 1.3333333333333333)	(69.0, 4.999999999999999)	(70.0, 3.666666666666667)	(71.0, 1.3333333333333333)	(72.0, 0.6666666666666666)	(73.0, 0.3333333333333333)	(74.0, 0.0)	(75.0, 0.0)	(76.0, 0.0)	(77.0, 0.0)	(78.0, 0.0)	(79.0, 0.0)	(80.0, 0.0)	(81.0, 0.0)	(82.0, 0.0)	(83.0, 0.0)	(84.0, 0.0)	(85.0, 0.0)	(86.0, 0.0)	(87.0, 0.0)	(88.0, 0.0)	(89.0, 0.0)	(90.0, 0.0)	(91.0, 0.0)	(92.0, 0.0)	(93.0, 0.0)	(94.0, 0.0)	(95.0, 0.0)	(96.0, 0.0)	(97.0, 0.0)	(98.0, 0.0)	(99.0, 0.0)	(100.0, 0.0)
SRR1542582_2	(0.0, 0.0)	(1.0, 0.0)	(2.0, 0.0)	(3.0, 0.0)	(4.0, 0.0)	(5.0, 0.0)	(6.0, 0.0)	(7.0, 0.0)	(8.0, 0.0)	(9.0, 0.0)	(10.0, 0.0)	(11.0, 0.0)	(12.0, 0.0)	(13.0, 0.0)	(14.0, 0.0)	(15.0, 0.0)	(16.0, 0.0)	(17.0, 0.0)	(18.0, 0.0)	(19.0, 0.0)	(20.0, 0.0)	(21.0, 0.0)	(22.0, 0.0)	(23.0, 0.0)	(24.0, 0.0)	(25.0, 0.0)	(26.0, 0.0)	(27.0, 0.0)	(28.0, 0.0)	(29.0, 0.0)	(30.0, 0.0)	(31.0, 0.0)	(32.0, 0.0)	(33.0, 0.0)	(34.0, 0.0)	(35.0, 0.0)	(36.0, 0.0)	(37.0, 0.0)	(38.0, 0.0)	(39.0, 0.3333333333333333)	(40.0, 0.0)	(41.0, 0.3333333333333333)	(42.0, 1.6666666666666665)	(43.0, 2.333333333333333)	(44.0, 1.6666666666666665)	(45.0, 5.666666666666665)	(46.0, 11.000000000000002)	(47.0, 24.666666666666647)	(48.0, 51.000000000000085)	(49.0, 100.33333333333299)	(50.0, 218.00000000000182)	(51.0, 853.3333333333604)	(52.0, 2116.999999999845)	(53.0, 3255.0000000003624)	(54.0, 3112.6666666669644)	(55.0, 2615.333333333405)	(56.0, 2868.6666666668534)	(57.0, 2404.999999999976)	(58.0, 1784.9999999998734)	(59.0, 1071.6666666667022)	(60.0, 602.9999999999986)	(61.0, 329.33333333333206)	(62.0, 173.33333333333388)	(63.0, 92.66666666666643)	(64.0, 47.33333333333339)	(65.0, 15.666666666666677)	(66.0, 6.999999999999997)	(67.0, 7.33333333333333)	(68.0, 4.666666666666666)	(69.0, 3.666666666666667)	(70.0, 1.9999999999999998)	(71.0, 2.333333333333333)	(72.0, 3.3333333333333335)	(73.0, 1.6666666666666665)	(74.0, 2.6666666666666665)	(75.0, 1.6666666666666665)	(76.0, 0.6666666666666666)	(77.0, 0.3333333333333333)	(78.0, 0.3333333333333333)	(79.0, 0.3333333333333333)	(80.0, 1.0)	(81.0, 0.0)	(82.0, 0.0)	(83.0, 0.0)	(84.0, 0.0)	(85.0, 0.0)	(86.0, 0.0)	(87.0, 0.0)	(88.0, 0.0)	(89.0, 0.0)	(90.0, 0.0)	(91.0, 0.0)	(92.0, 0.0)	(93.0, 0.0)	(94.0, 0.0)	(95.0, 0.0)	(96.0, 0.0)	(97.0, 0.0)	(98.0, 0.0)	(99.0, 0.0)	(100.0, 0.0)
SRR1542583_1	(0.0, 0.0)	(1.0, 0.0)	(2.0, 0.0)	(3.0, 0.0)	(4.0, 0.0)	(5.0, 0.0)	(6.0, 0.0)	(7.0, 0.0)	(8.0, 0.0)	(9.0, 0.0)	(10.0, 0.0)	(11.0, 0.0)	(12.0, 0.0)	(13.0, 0.0)	(14.0, 0.0)	(15.0, 0.0)	(16.0, 0.0)	(17.0, 0.0)	(18.0, 0.0)	(19.0, 0.0)	(20.0, 0.0)	(21.0, 0.0)	(22.0, 0.0)	(23.0, 0.0)	(24.0, 0.0)	(25.0, 0.0)	(26.0, 0.0)	(27.0, 0.0)	(28.0, 0.0)	(29.0, 0.0)	(30.0, 0.0)	(31.0, 0.0)	(32.0, 0.0)	(33.0, 0.0)	(34.0, 0.0)	(35.0, 0.0)	(36.0, 0.0)	(37.0, 0.0)	(38.0, 0.3333333333333333)	(39.0, 0.3333333333333333)	(40.0, 0.3333333333333333)	(41.0, 0.3333333333333333)	(42.0, 0.6666666666666666)	(43.0, 1.6666666666666665)	(44.0, 4.666666666666666)	(45.0, 17.33333333333334)	(46.0, 148.99999999999986)	(47.0, 250.6666666666694)	(48.0, 213.33333333333502)	(49.0, 452.6666666666584)	(50.0, 1551.3333333332598)	(51.0, 3493.333333333804)	(52.0, 3504.333333333809)	(53.0, 3185.333333333664)	(54.0, 3990.0000000006967)	(55.0, 3410.000000000433)	(56.0, 2240.3333333332343)	(57.0, 1254.9999999999939)	(58.0, 796.333333333354)	(59.0, 506.99999999998863)	(60.0, 271.33333333333536)	(61.0, 161.66666666666688)	(62.0, 93.66666666666642)	(63.0, 51.66666666666676)	(64.0, 21.99999999999999)	(65.0, 12.000000000000004)	(66.0, 4.666666666666666)	(67.0, 2.6666666666666665)	(68.0, 4.999999999999999)	(69.0, 8.33333333333333)	(70.0, 4.999999999999999)	(71.0, 3.3333333333333335)	(72.0, 0.6666666666666666)	(73.0, 0.3333333333333333)	(74.0, 0.3333333333333333)	(75.0, 0.0)	(76.0, 0.0)	(77.0, 0.0)	(78.0, 0.0)	(79.0, 0.0)	(80.0, 0.0)	(81.0, 0.0)	(82.0, 0.0)	(83.0, 0.0)	(84.0, 0.0)	(85.0, 0.0)	(86.0, 0.0)	(87.0, 0.0)	(88.0, 0.0)	(89.0, 0.0)	(90.0, 0.0)	(91.0, 0.0)	(92.0, 0.0)	(93.0, 0.0)	(94.0, 0.0)	(95.0, 0.0)	(96.0, 0.0)	(97.0, 0.0)	(98.0, 0.0)	(99.0, 0.0)	(100.0, 0.0)
SRR1542583_2	(0.0, 0.0)	(1.0, 0.0)	(2.0, 0.0)	(3.0, 0.0)	(4.0, 0.0)	(5.0, 0.0)	(6.0, 0.0)	(7.0, 0.0)	(8.0, 0.0)	(9.0, 0.0)	(10.0, 0.0)	(11.0, 0.0)	(12.0, 0.0)	(13.0, 0.0)	(14.0, 0.0)	(15.0, 0.0)	(16.0, 0.0)	(17.0, 0.0)	(18.0, 0.0)	(19.0, 0.0)	(20.0, 0.0)	(21.0, 0.0)	(22.0, 0.0)	(23.0, 0.0)	(24.0, 0.0)	(25.0, 0.0)	(26.0, 0.0)	(27.0, 0.0)	(28.0, 0.0)	(29.0, 0.0)	(30.0, 0.0)	(31.0, 0.0)	(32.0, 0.0)	(33.0, 0.0)	(34.0, 0.0)	(35.0, 0.0)	(36.0, 0.0)	(37.0, 0.0)	(38.0, 0.3333333333333333)	(39.0, 0.3333333333333333)	(40.0, 0.0)	(41.0, 0.3333333333333333)	(42.0, 4.333333333333333)	(43.0, 6.666666666666664)	(44.0, 9.333333333333332)	(45.0, 16.333333333333343)	(46.0, 37.66666666666666)	(47.0, 103.66666666666627)	(48.0, 227.00000000000207)	(49.0, 388.666666666662)	(50.0, 684.6666666666746)	(51.0, 1297.3333333333176)	(52.0, 2303.99999999993)	(53.0, 3196.333333333669)	(54.0, 3700.000000000565)	(55.0, 4010.6666666673727)	(56.0, 3884.333333333982)	(57.0, 2536.0000000000355)	(58.0, 1438.3333333332855)	(59.0, 802.666666666688)	(60.0, 513.9999999999885)	(61.0, 325.6666666666656)	(62.0, 153.33333333333331)	(63.0, 66.6666666666668)	(64.0, 29.333333333333297)	(65.0, 16.333333333333343)	(66.0, 10.0)	(67.0, 7.33333333333333)	(68.0, 5.999999999999998)	(69.0, 5.333333333333332)	(70.0, 5.333333333333332)	(71.0, 4.0)	(72.0, 4.666666666666666)	(73.0, 1.9999999999999998)	(74.0, 0.6666666666666666)	(75.0, 1.3333333333333333)	(76.0, 0.6666666666666666)	(77.0, 0.0)	(78.0, 0.3333333333333333)	(79.0, 0.3333333333333333)	(80.0, 0.0)	(81.0, 0.0)	(82.0, 0.3333333333333333)	(83.0, 0.0)	(84.0, 0.3333333333333333)	(85.0, 0.0)	(86.0, 0.0)	(87.0, 0.3333333333333333)	(88.0, 0.0)	(89.0, 0.0)	(90.0, 0.3333333333333333)	(91.0, 0.0)	(92.0, 0.3333333333333333)	(93.0, 0.3333333333333333)	(94.0, 0.0)	(95.0, 0.0)	(96.0, 0.0)	(97.0, 0.0)	(98.0, 0.0)	(99.0, 0.0)	(100.0, 0.5)
SRR1542584_1	(0.0, 0.0)	(1.0, 0.0)	(2.0, 0.0)	(3.0, 0.0)	(4.0, 0.0)	(5.0, 0.0)	(6.0, 0.0)	(7.0, 0.0)	(8.0, 0.0)	(9.0, 0.0)	(10.0, 0.0)	(11.0, 0.0)	(12.0, 0.0)	(13.0, 0.0)	(14.0, 0.0)	(15.0, 0.0)	(16.0, 0.0)	(17.0, 0.0)	(18.0, 0.0)	(19.0, 0.0)	(20.0, 0.0)	(21.0, 0.0)	(22.0, 0.0)	(23.0, 0.0)	(24.0, 0.0)	(25.0, 0.0)	(26.0, 0.0)	(27.0, 0.0)	(28.0, 0.0)	(29.0, 0.0)	(30.0, 0.0)	(31.0, 0.0)	(32.0, 0.0)	(33.0, 0.0)	(34.0, 0.0)	(35.0, 0.0)	(36.0, 0.0)	(37.0, 0.0)	(38.0, 0.0)	(39.0, 0.0)	(40.0, 0.6666666666666666)	(41.0, 0.6666666666666666)	(42.0, 0.3333333333333333)	(43.0, 1.9999999999999998)	(44.0, 10.0)	(45.0, 30.333333333333293)	(46.0, 64.3333333333335)	(47.0, 138.99999999999957)	(48.0, 151.33333333333326)	(49.0, 432.3333333333262)	(50.0, 1734.3333333332182)	(51.0, 3869.333333333975)	(52.0, 2788.3333333334836)	(53.0, 1397.3333333332948)	(54.0, 1308.333333333315)	(55.0, 1622.3333333332437)	(56.0, 2525.0000000000305)	(57.0, 3167.6666666669894)	(58.0, 1633.9999999999077)	(59.0, 944.6666666667041)	(60.0, 739.0000000000141)	(61.0, 2632.666666666746)	(62.0, 2664.333333333427)	(63.0, 354.33333333333064)	(64.0, 87.33333333333317)	(65.0, 34.666666666666636)	(66.0, 18.333333333333336)	(67.0, 8.999999999999998)	(68.0, 7.9999999999999964)	(69.0, 10.0)	(70.0, 6.666666666666664)	(71.0, 1.9999999999999998)	(72.0, 1.0)	(73.0, 0.3333333333333333)	(74.0, 0.0)	(75.0, 0.0)	(76.0, 0.0)	(77.0, 0.0)	(78.0, 0.3333333333333333)	(79.0, 0.3333333333333333)	(80.0, 0.0)	(81.0, 0.0)	(82.0, 0.0)	(83.0, 0.0)	(84.0, 0.0)	(85.0, 0.0)	(86.0, 0.0)	(87.0, 0.0)	(88.0, 0.0)	(89.0, 0.0)	(90.0, 0.0)	(91.0, 0.0)	(92.0, 0.0)	(93.0, 0.0)	(94.0, 0.0)	(95.0, 0.0)	(96.0, 0.0)	(97.0, 0.0)	(98.0, 0.0)	(99.0, 0.0)	(100.0, 0.0)
SRR1542584_2	(0.0, 0.0)	(1.0, 0.0)	(2.0, 0.0)	(3.0, 0.0)	(4.0, 0.0)	(5.0, 0.0)	(6.0, 0.0)	(7.0, 0.0)	(8.0, 0.0)	(9.0, 0.0)	(10.0, 0.0)	(11.0, 0.0)	(12.0, 0.0)	(13.0, 0.0)	(14.0, 0.0)	(15.0, 0.0)	(16.0, 0.0)	(17.0, 0.0)	(18.0, 0.0)	(19.0, 0.0)	(20.0, 0.0)	(21.0, 0.0)	(22.0, 0.0)	(23.0, 0.0)	(24.0, 0.0)	(25.0, 0.0)	(26.0, 0.0)	(27.0, 0.0)	(28.0, 0.0)	(29.0, 0.0)	(30.0, 0.0)	(31.0, 0.0)	(32.0, 0.0)	(33.0, 0.0)	(34.0, 0.3333333333333333)	(35.0, 0.3333333333333333)	(36.0, 0.0)	(37.0, 0.0)	(38.0, 0.0)	(39.0, 0.0)	(40.0, 0.3333333333333333)	(41.0, 0.6666666666666666)	(42.0, 2.6666666666666665)	(43.0, 8.999999999999998)	(44.0, 19.333333333333332)	(45.0, 28.666666666666632)	(46.0, 36.66666666666665)	(47.0, 70.00000000000009)	(48.0, 107.66666666666622)	(49.0, 236.33333333333567)	(50.0, 419.33333333332695)	(51.0, 988.3333333333758)	(52.0, 2800.333333333489)	(53.0, 3834.6666666672927)	(54.0, 2569.333333333384)	(55.0, 1961.999999999833)	(56.0, 2616.666666666739)	(57.0, 2207.9999999998863)	(58.0, 2576.6666666667206)	(59.0, 1515.6666666666013)	(60.0, 835.6666666666918)	(61.0, 434.6666666666594)	(62.0, 219.00000000000185)	(63.0, 153.33333333333331)	(64.0, 145.99999999999977)	(65.0, 607.6666666666658)	(66.0, 2393.6666666666374)	(67.0, 964.0000000000397)	(68.0, 222.00000000000193)	(69.0, 69.0000000000001)	(70.0, 26.333333333333307)	(71.0, 15.000000000000009)	(72.0, 12.666666666666671)	(73.0, 7.33333333333333)	(74.0, 3.666666666666667)	(75.0, 0.6666666666666666)	(76.0, 0.6666666666666666)	(77.0, 0.0)	(78.0, 0.0)	(79.0, 0.3333333333333333)	(80.0, 0.3333333333333333)	(81.0, 0.0)	(82.0, 0.0)	(83.0, 0.3333333333333333)	(84.0, 1.0)	(85.0, 1.0)	(86.0, 0.0)	(87.0, 0.3333333333333333)	(88.0, 0.3333333333333333)	(89.0, 0.0)	(90.0, 0.0)	(91.0, 0.0)	(92.0, 0.0)	(93.0, 0.0)	(94.0, 0.0)	(95.0, 0.0)	(96.0, 0.0)	(97.0, 0.0)	(98.0, 0.0)	(99.0, 0.0)	(100.0, 0.5)
SRR1542585_1	(0.0, 0.0)	(1.0, 0.0)	(2.0, 0.0)	(3.0, 0.0)	(4.0, 0.0)	(5.0, 0.0)	(6.0, 0.0)	(7.0, 0.0)	(8.0, 0.0)	(9.0, 0.0)	(10.0, 0.0)	(11.0, 0.0)	(12.0, 0.0)	(13.0, 0.0)	(14.0, 0.0)	(15.0, 0.0)	(16.0, 0.0)	(17.0, 0.0)	(18.0, 0.0)	(19.0, 0.0)	(20.0, 0.0)	(21.0, 0.0)	(22.0, 0.0)	(23.0, 0.0)	(24.0, 0.0)	(25.0, 0.0)	(26.0, 0.0)	(27.0, 0.0)	(28.0, 0.0)	(29.0, 0.0)	(30.0, 0.0)	(31.0, 0.0)	(32.0, 0.0)	(33.0, 0.0)	(34.0, 0.0)	(35.0, 0.0)	(36.0, 0.0)	(37.0, 0.0)	(38.0, 0.0)	(39.0, 0.0)	(40.0, 0.0)	(41.0, 0.3333333333333333)	(42.0, 1.0)	(43.0, 3.3333333333333335)	(44.0, 9.333333333333332)	(45.0, 34.99999999999997)	(46.0, 87.6666666666665)	(47.0, 119.66666666666605)	(48.0, 178.33333333333402)	(49.0, 571.9999999999951)	(50.0, 1370.9999999999675)	(51.0, 1898.333333333181)	(52.0, 1578.9999999999202)	(53.0, 1389.3333333332967)	(54.0, 1594.33333333325)	(55.0, 1306.999999999982)	(56.0, 1401.333333333294)	(57.0, 1841.6666666665271)	(58.0, 907.0000000000332)	(59.0, 466.9999999999909)	(60.0, 374.3333333333295)	(61.0, 1915.6666666665103)	(62.0, 2069.66666666649)	(63.0, 258.6666666666694)	(64.0, 50.66666666666675)	(65.0, 29.333333333333297)	(66.0, 22.999999999999986)	(67.0, 45.33333333333338)	(68.0, 31.33333333333329)	(69.0, 23.333333333333318)	(70.0, 13.666666666666673)	(71.0, 6.666666666666664)	(72.0, 3.0)	(73.0, 0.0)	(74.0, 0.0)	(75.0, 0.0)	(76.0, 0.0)	(77.0, 0.0)	(78.0, 0.0)	(79.0, 0.0)	(80.0, 0.0)	(81.0, 0.0)	(82.0, 0.0)	(83.0, 0.0)	(84.0, 0.0)	(85.0, 0.0)	(86.0, 0.0)	(87.0, 0.0)	(88.0, 0.0)	(89.0, 0.0)	(90.0, 0.0)	(91.0, 0.0)	(92.0, 0.0)	(93.0, 0.0)	(94.0, 0.0)	(95.0, 0.0)	(96.0, 0.0)	(97.0, 0.0)	(98.0, 0.0)	(99.0, 0.0)	(100.0, 0.0)
SRR1542585_2	(0.0, 0.0)	(1.0, 0.0)	(2.0, 0.0)	(3.0, 0.0)	(4.0, 0.0)	(5.0, 0.0)	(6.0, 0.0)	(7.0, 0.0)	(8.0, 0.0)	(9.0, 0.0)	(10.0, 0.0)	(11.0, 0.0)	(12.0, 0.0)	(13.0, 0.0)	(14.0, 0.0)	(15.0, 0.0)	(16.0, 0.0)	(17.0, 0.0)	(18.0, 0.0)	(19.0, 0.0)	(20.0, 0.0)	(21.0, 0.0)	(22.0, 0.0)	(23.0, 0.0)	(24.0, 0.0)	(25.0, 0.0)	(26.0, 0.0)	(27.0, 0.0)	(28.0, 0.0)	(29.0, 0.0)	(30.0, 0.0)	(31.0, 0.0)	(32.0, 0.0)	(33.0, 0.0)	(34.0, 0.0)	(35.0, 0.0)	(36.0, 0.0)	(37.0, 0.0)	(38.0, 0.3333333333333333)	(39.0, 0.6666666666666666)	(40.0, 0.3333333333333333)	(41.0, 0.6666666666666666)	(42.0, 2.6666666666666665)	(43.0, 4.999999999999999)	(44.0, 13.666666666666673)	(45.0, 25.33333333333331)	(46.0, 44.33333333333337)	(47.0, 72.00000000000006)	(48.0, 138.3333333333329)	(49.0, 336.666666666665)	(50.0, 636.0000000000024)	(51.0, 855.3333333333607)	(52.0, 1300.333333333317)	(53.0, 1725.3333333332203)	(54.0, 1698.3333333332264)	(55.0, 1628.9999999999088)	(56.0, 1393.3333333332957)	(57.0, 1301.3333333333167)	(58.0, 1478.6666666666097)	(59.0, 1085.3333333333658)	(60.0, 771.6666666666845)	(61.0, 490.6666666666562)	(62.0, 289.66666666666765)	(63.0, 200.666666666668)	(64.0, 214.6666666666684)	(65.0, 493.66666666665606)	(66.0, 1414.6666666666242)	(67.0, 944.0000000000374)	(68.0, 405.9999999999944)	(69.0, 195.3333333333345)	(70.0, 97.33333333333303)	(71.0, 37.66666666666666)	(72.0, 20.66666666666666)	(73.0, 15.666666666666677)	(74.0, 7.666666666666663)	(75.0, 3.666666666666667)	(76.0, 1.6666666666666665)	(77.0, 0.6666666666666666)	(78.0, 0.3333333333333333)	(79.0, 0.3333333333333333)	(80.0, 0.6666666666666666)	(81.0, 1.3333333333333333)	(82.0, 0.6666666666666666)	(83.0, 0.0)	(84.0, 0.3333333333333333)	(85.0, 0.0)	(86.0, 0.3333333333333333)	(87.0, 0.3333333333333333)	(88.0, 0.0)	(89.0, 0.0)	(90.0, 0.0)	(91.0, 0.0)	(92.0, 0.0)	(93.0, 0.0)	(94.0, 0.0)	(95.0, 0.0)	(96.0, 0.0)	(97.0, 0.0)	(98.0, 0.0)	(99.0, 0.3333333333333333)	(100.0, 0.5)
SRR1542586_1	(0.0, 0.0)	(1.0, 0.0)	(2.0, 0.0)	(3.0, 0.0)	(4.0, 0.0)	(5.0, 0.0)	(6.0, 0.0)	(7.0, 0.0)	(8.0, 0.0)	(9.0, 0.0)	(10.0, 0.0)	(11.0, 0.0)	(12.0, 0.0)	(13.0, 0.0)	(14.0, 0.0)	(15.0, 0.0)	(16.0, 0.0)	(17.0, 0.0)	(18.0, 0.0)	(19.0, 0.0)	(20.0, 0.0)	(21.0, 0.0)	(22.0, 0.0)	(23.0, 0.0)	(24.0, 0.0)	(25.0, 0.0)	(26.0, 0.0)	(27.0, 0.0)	(28.0, 0.0)	(29.0, 0.3333333333333333)	(30.0, 0.3333333333333333)	(31.0, 0.0)	(32.0, 0.0)	(33.0, 0.0)	(34.0, 0.0)	(35.0, 0.0)	(36.0, 0.0)	(37.0, 0.0)	(38.0, 0.0)	(39.0, 0.0)	(40.0, 0.0)	(41.0, 0.0)	(42.0, 0.0)	(43.0, 0.0)	(44.0, 0.3333333333333333)	(45.0, 0.6666666666666666)	(46.0, 1.3333333333333333)	(47.0, 3.0)	(48.0, 3.0)	(49.0, 33.66666666666663)	(50.0, 138.3333333333329)	(51.0, 346.9999999999977)	(52.0, 258.6666666666694)	(53.0, 152.99999999999997)	(54.0, 147.6666666666665)	(55.0, 167.3333333333337)	(56.0, 178.00000000000068)	(57.0, 161.66666666666688)	(58.0, 89.9999999999998)	(59.0, 48.000000000000064)	(60.0, 37.33333333333332)	(61.0, 53.333333333333435)	(62.0, 50.00000000000008)	(63.0, 11.000000000000002)	(64.0, 3.666666666666667)	(65.0, 1.9999999999999998)	(66.0, 0.3333333333333333)	(67.0, 0.3333333333333333)	(68.0, 0.6666666666666666)	(69.0, 1.6666666666666665)	(70.0, 0.3333333333333333)	(71.0, 0.0)	(72.0, 0.3333333333333333)	(73.0, 0.3333333333333333)	(74.0, 0.0)	(75.0, 0.0)	(76.0, 0.0)	(77.0, 0.0)	(78.0, 0.0)	(79.0, 0.0)	(80.0, 0.0)	(81.0, 0.0)	(82.0, 0.0)	(83.0, 0.0)	(84.0, 0.0)	(85.0, 0.0)	(86.0, 0.0)	(87.0, 0.0)	(88.0, 0.0)	(89.0, 0.0)	(90.0, 0.0)	(91.0, 0.0)	(92.0, 0.0)	(93.0, 0.0)	(94.0, 0.0)	(95.0, 0.0)	(96.0, 0.0)	(97.0, 0.0)	(98.0, 0.0)	(99.0, 0.0)	(100.0, 0.0)
SRR1542586_2	(0.0, 0.0)	(1.0, 0.0)	(2.0, 0.0)	(3.0, 0.0)	(4.0, 0.0)	(5.0, 0.0)	(6.0, 0.0)	(7.0, 0.0)	(8.0, 0.0)	(9.0, 0.0)	(10.0, 0.0)	(11.0, 0.0)	(12.0, 0.0)	(13.0, 0.0)	(14.0, 0.0)	(15.0, 0.0)	(16.0, 0.0)	(17.0, 0.0)	(18.0, 0.0)	(19.0, 0.0)	(20.0, 0.0)	(21.0, 0.0)	(22.0, 0.0)	(23.0, 0.0)	(24.0, 0.0)	(25.0, 0.0)	(26.0, 0.0)	(27.0, 0.0)	(28.0, 0.0)	(29.0, 0.0)	(30.0, 0.0)	(31.0, 0.0)	(32.0, 0.0)	(33.0, 0.3333333333333333)	(34.0, 0.3333333333333333)	(35.0, 0.0)	(36.0, 0.0)	(37.0, 0.0)	(38.0, 0.0)	(39.0, 0.0)	(40.0, 0.0)	(41.0, 0.0)	(42.0, 0.0)	(43.0, 0.0)	(44.0, 0.0)	(45.0, 0.3333333333333333)	(46.0, 1.9999999999999998)	(47.0, 2.6666666666666665)	(48.0, 3.3333333333333335)	(49.0, 8.999999999999998)	(50.0, 20.33333333333333)	(51.0, 71.66666666666673)	(52.0, 235.666666666669)	(53.0, 342.3333333333313)	(54.0, 240.3333333333358)	(55.0, 215.66666666666842)	(56.0, 285.00000000000125)	(57.0, 175.33333333333394)	(58.0, 122.33333333333267)	(59.0, 60.333333333333485)	(60.0, 23.333333333333318)	(61.0, 13.666666666666673)	(62.0, 11.333333333333336)	(63.0, 5.666666666666665)	(64.0, 3.3333333333333335)	(65.0, 7.9999999999999964)	(66.0, 32.66666666666662)	(67.0, 13.33333333333334)	(68.0, 4.666666666666666)	(69.0, 0.6666666666666666)	(70.0, 0.3333333333333333)	(71.0, 0.6666666666666666)	(72.0, 0.6666666666666666)	(73.0, 0.3333333333333333)	(74.0, 0.3333333333333333)	(75.0, 0.3333333333333333)	(76.0, 0.3333333333333333)	(77.0, 0.3333333333333333)	(78.0, 0.0)	(79.0, 0.0)	(80.0, 0.0)	(81.0, 0.0)	(82.0, 0.0)	(83.0, 0.0)	(84.0, 0.0)	(85.0, 0.0)	(86.0, 0.0)	(87.0, 0.0)	(88.0, 0.0)	(89.0, 0.0)	(90.0, 0.0)	(91.0, 0.0)	(92.0, 0.0)	(93.0, 0.0)	(94.0, 0.0)	(95.0, 0.0)	(96.0, 0.0)	(97.0, 0.0)	(98.0, 0.0)	(99.0, 0.0)	(100.0, 0.0)
SRR1542587_1	(0.0, 0.0)	(1.0, 0.0)	(2.0, 0.0)	(3.0, 0.0)	(4.0, 0.0)	(5.0, 0.0)	(6.0, 0.0)	(7.0, 0.0)	(8.0, 0.0)	(9.0, 0.0)	(10.0, 0.0)	(11.0, 0.0)	(12.0, 0.0)	(13.0, 0.0)	(14.0, 0.0)	(15.0, 0.0)	(16.0, 0.0)	(17.0, 0.0)	(18.0, 0.0)	(19.0, 0.0)	(20.0, 0.0)	(21.0, 0.0)	(22.0, 0.0)	(23.0, 0.3333333333333333)	(24.0, 0.3333333333333333)	(25.0, 0.0)	(26.0, 0.0)	(27.0, 0.0)	(28.0, 0.0)	(29.0, 0.0)	(30.0, 0.0)	(31.0, 0.0)	(32.0, 0.0)	(33.0, 0.0)	(34.0, 0.0)	(35.0, 0.0)	(36.0, 0.0)	(37.0, 0.0)	(38.0, 0.3333333333333333)	(39.0, 0.3333333333333333)	(40.0, 0.0)	(41.0, 0.3333333333333333)	(42.0, 0.0)	(43.0, 0.0)	(44.0, 0.3333333333333333)	(45.0, 0.6666666666666666)	(46.0, 3.0)	(47.0, 5.333333333333332)	(48.0, 10.666666666666668)	(49.0, 34.666666666666636)	(50.0, 70.33333333333341)	(51.0, 118.99999999999939)	(52.0, 133.33333333333275)	(53.0, 136.66666666666617)	(54.0, 184.3333333333342)	(55.0, 146.9999999999998)	(56.0, 93.33333333333309)	(57.0, 57.333333333333464)	(58.0, 37.99999999999999)	(59.0, 34.99999999999997)	(60.0, 36.999999999999986)	(61.0, 125.66666666666596)	(62.0, 131.66666666666603)	(63.0, 11.333333333333336)	(64.0, 4.0)	(65.0, 1.3333333333333333)	(66.0, 0.3333333333333333)	(67.0, 0.3333333333333333)	(68.0, 0.3333333333333333)	(69.0, 1.3333333333333333)	(70.0, 1.0)	(71.0, 0.3333333333333333)	(72.0, 0.0)	(73.0, 0.3333333333333333)	(74.0, 0.0)	(75.0, 0.0)	(76.0, 0.0)	(77.0, 0.0)	(78.0, 0.0)	(79.0, 0.0)	(80.0, 0.0)	(81.0, 0.0)	(82.0, 0.0)	(83.0, 0.0)	(84.0, 0.0)	(85.0, 0.0)	(86.0, 0.0)	(87.0, 0.0)	(88.0, 0.0)	(89.0, 0.0)	(90.0, 0.0)	(91.0, 0.0)	(92.0, 0.0)	(93.0, 0.0)	(94.0, 0.0)	(95.0, 0.0)	(96.0, 0.0)	(97.0, 0.0)	(98.0, 0.0)	(99.0, 0.0)	(100.0, 0.0)
SRR1542587_2	(0.0, 0.0)	(1.0, 0.0)	(2.0, 0.0)	(3.0, 0.0)	(4.0, 0.0)	(5.0, 0.0)	(6.0, 0.0)	(7.0, 0.0)	(8.0, 0.0)	(9.0, 0.0)	(10.0, 0.0)	(11.0, 0.0)	(12.0, 0.0)	(13.0, 0.0)	(14.0, 0.0)	(15.0, 0.0)	(16.0, 0.0)	(17.0, 0.0)	(18.0, 0.0)	(19.0, 0.0)	(20.0, 0.0)	(21.0, 0.0)	(22.0, 0.0)	(23.0, 0.0)	(24.0, 0.0)	(25.0, 0.0)	(26.0, 0.0)	(27.0, 0.0)	(28.0, 0.0)	(29.0, 0.0)	(30.0, 0.0)	(31.0, 0.0)	(32.0, 0.0)	(33.0, 0.0)	(34.0, 0.0)	(35.0, 0.0)	(36.0, 0.0)	(37.0, 0.0)	(38.0, 0.0)	(39.0, 0.3333333333333333)	(40.0, 0.3333333333333333)	(41.0, 0.6666666666666666)	(42.0, 0.3333333333333333)	(43.0, 0.0)	(44.0, 0.6666666666666666)	(45.0, 1.9999999999999998)	(46.0, 1.3333333333333333)	(47.0, 4.666666666666666)	(48.0, 8.33333333333333)	(49.0, 13.33333333333334)	(50.0, 21.666666666666657)	(51.0, 43.00000000000003)	(52.0, 69.66666666666676)	(53.0, 121.99999999999935)	(54.0, 175.33333333333394)	(55.0, 176.6666666666673)	(56.0, 153.33333333333331)	(57.0, 115.33333333333277)	(58.0, 83.66666666666656)	(59.0, 46.00000000000005)	(60.0, 28.999999999999964)	(61.0, 22.33333333333332)	(62.0, 17.66666666666667)	(63.0, 11.333333333333336)	(64.0, 9.666666666666666)	(65.0, 29.66666666666663)	(66.0, 90.66666666666646)	(67.0, 61.000000000000156)	(68.0, 21.99999999999999)	(69.0, 10.0)	(70.0, 4.333333333333333)	(71.0, 1.9999999999999998)	(72.0, 1.3333333333333333)	(73.0, 0.6666666666666666)	(74.0, 0.6666666666666666)	(75.0, 0.6666666666666666)	(76.0, 0.3333333333333333)	(77.0, 0.0)	(78.0, 0.0)	(79.0, 0.0)	(80.0, 0.0)	(81.0, 0.0)	(82.0, 0.0)	(83.0, 0.0)	(84.0, 0.0)	(85.0, 0.0)	(86.0, 0.0)	(87.0, 0.0)	(88.0, 0.0)	(89.0, 0.0)	(90.0, 0.0)	(91.0, 0.0)	(92.0, 0.0)	(93.0, 0.0)	(94.0, 0.0)	(95.0, 0.0)	(96.0, 0.0)	(97.0, 0.0)	(98.0, 0.0)	(99.0, 0.0)	(100.0, 0.0)
SRR1542588_1	(0.0, 0.0)	(1.0, 0.0)	(2.0, 0.0)	(3.0, 0.0)	(4.0, 0.0)	(5.0, 0.0)	(6.0, 0.0)	(7.0, 0.0)	(8.0, 0.0)	(9.0, 0.0)	(10.0, 0.0)	(11.0, 0.0)	(12.0, 0.0)	(13.0, 0.0)	(14.0, 0.0)	(15.0, 0.0)	(16.0, 0.0)	(17.0, 0.0)	(18.0, 0.0)	(19.0, 0.0)	(20.0, 0.0)	(21.0, 0.0)	(22.0, 0.0)	(23.0, 0.0)	(24.0, 0.0)	(25.0, 0.0)	(26.0, 0.0)	(27.0, 0.0)	(28.0, 0.0)	(29.0, 0.0)	(30.0, 0.0)	(31.0, 0.0)	(32.0, 0.0)	(33.0, 0.0)	(34.0, 0.0)	(35.0, 0.0)	(36.0, 0.0)	(37.0, 0.0)	(38.0, 0.0)	(39.0, 0.0)	(40.0, 0.0)	(41.0, 0.0)	(42.0, 0.3333333333333333)	(43.0, 1.3333333333333333)	(44.0, 4.666666666666666)	(45.0, 10.666666666666668)	(46.0, 31.33333333333329)	(47.0, 62.00000000000016)	(48.0, 117.33333333333275)	(49.0, 253.33333333333616)	(50.0, 561.6666666666606)	(51.0, 786.3333333333528)	(52.0, 790.6666666666866)	(53.0, 787.6666666666863)	(54.0, 984.000000000042)	(55.0, 936.0000000000365)	(56.0, 934.0000000000363)	(57.0, 785.3333333333527)	(58.0, 615.0)	(59.0, 469.6666666666574)	(60.0, 355.9999999999972)	(61.0, 580.3333333333294)	(62.0, 528.3333333333235)	(63.0, 107.33333333333289)	(64.0, 33.999999999999964)	(65.0, 17.33333333333334)	(66.0, 12.000000000000004)	(67.0, 6.999999999999997)	(68.0, 8.666666666666664)	(69.0, 6.666666666666664)	(70.0, 2.6666666666666665)	(71.0, 2.333333333333333)	(72.0, 0.6666666666666666)	(73.0, 0.0)	(74.0, 0.0)	(75.0, 0.3333333333333333)	(76.0, 0.0)	(77.0, 0.0)	(78.0, 0.0)	(79.0, 0.0)	(80.0, 0.0)	(81.0, 0.0)	(82.0, 0.0)	(83.0, 0.0)	(84.0, 0.0)	(85.0, 0.0)	(86.0, 0.0)	(87.0, 0.0)	(88.0, 0.0)	(89.0, 0.0)	(90.0, 0.0)	(91.0, 0.0)	(92.0, 0.0)	(93.0, 0.0)	(94.0, 0.0)	(95.0, 0.0)	(96.0, 0.0)	(97.0, 0.0)	(98.0, 0.0)	(99.0, 0.0)	(100.0, 0.0)
SRR1542588_2	(0.0, 0.0)	(1.0, 0.0)	(2.0, 0.0)	(3.0, 0.0)	(4.0, 0.0)	(5.0, 0.0)	(6.0, 0.0)	(7.0, 0.0)	(8.0, 0.0)	(9.0, 0.0)	(10.0, 0.0)	(11.0, 0.0)	(12.0, 0.0)	(13.0, 0.0)	(14.0, 0.0)	(15.0, 0.0)	(16.0, 0.0)	(17.0, 0.0)	(18.0, 0.0)	(19.0, 0.0)	(20.0, 0.0)	(21.0, 0.0)	(22.0, 0.0)	(23.0, 0.0)	(24.0, 0.0)	(25.0, 0.0)	(26.0, 0.0)	(27.0, 0.0)	(28.0, 0.0)	(29.0, 0.0)	(30.0, 0.0)	(31.0, 0.0)	(32.0, 0.0)	(33.0, 0.0)	(34.0, 0.0)	(35.0, 0.3333333333333333)	(36.0, 0.3333333333333333)	(37.0, 0.0)	(38.0, 0.0)	(39.0, 0.0)	(40.0, 0.3333333333333333)	(41.0, 0.3333333333333333)	(42.0, 2.333333333333333)	(43.0, 4.333333333333333)	(44.0, 10.666666666666668)	(45.0, 16.00000000000001)	(46.0, 25.666666666666643)	(47.0, 49.33333333333341)	(48.0, 84.66666666666654)	(49.0, 162.6666666666669)	(50.0, 262.00000000000256)	(51.0, 388.99999999999534)	(52.0, 619.3333333333338)	(53.0, 824.0000000000238)	(54.0, 950.6666666667048)	(55.0, 994.6666666667098)	(56.0, 1006.3333333333778)	(57.0, 845.0000000000261)	(58.0, 780.3333333333521)	(59.0, 718.0000000000117)	(60.0, 518.9999999999891)	(61.0, 351.3333333333308)	(62.0, 189.000000000001)	(63.0, 109.66666666666619)	(64.0, 86.33333333333319)	(65.0, 128.66666666666595)	(66.0, 273.00000000000193)	(67.0, 176.6666666666673)	(68.0, 79.33333333333329)	(69.0, 36.66666666666665)	(70.0, 18.666666666666668)	(71.0, 9.333333333333332)	(72.0, 3.0)	(73.0, 2.333333333333333)	(74.0, 1.3333333333333333)	(75.0, 1.0)	(76.0, 0.3333333333333333)	(77.0, 0.3333333333333333)	(78.0, 0.6666666666666666)	(79.0, 0.0)	(80.0, 0.0)	(81.0, 0.0)	(82.0, 0.0)	(83.0, 0.0)	(84.0, 0.0)	(85.0, 0.0)	(86.0, 0.6666666666666666)	(87.0, 0.6666666666666666)	(88.0, 0.0)	(89.0, 0.0)	(90.0, 0.0)	(91.0, 0.0)	(92.0, 0.0)	(93.0, 0.0)	(94.0, 0.0)	(95.0, 0.0)	(96.0, 0.0)	(97.0, 0.0)	(98.0, 0.0)	(99.0, 0.3333333333333333)	(100.0, 0.5)
SRR1542589_1	(0.0, 0.0)	(1.0, 0.0)	(2.0, 0.0)	(3.0, 0.0)	(4.0, 0.0)	(5.0, 0.0)	(6.0, 0.0)	(7.0, 0.0)	(8.0, 0.0)	(9.0, 0.0)	(10.0, 0.0)	(11.0, 0.0)	(12.0, 0.0)	(13.0, 0.0)	(14.0, 0.0)	(15.0, 0.0)	(16.0, 0.0)	(17.0, 0.0)	(18.0, 0.0)	(19.0, 0.0)	(20.0, 0.0)	(21.0, 0.0)	(22.0, 0.0)	(23.0, 0.3333333333333333)	(24.0, 0.3333333333333333)	(25.0, 0.0)	(26.0, 0.6666666666666666)	(27.0, 0.3333333333333333)	(28.0, 0.0)	(29.0, 0.0)	(30.0, 0.0)	(31.0, 0.3333333333333333)	(32.0, 0.0)	(33.0, 0.0)	(34.0, 0.0)	(35.0, 0.0)	(36.0, 0.3333333333333333)	(37.0, 0.6666666666666666)	(38.0, 0.6666666666666666)	(39.0, 1.0)	(40.0, 1.0)	(41.0, 1.6666666666666665)	(42.0, 2.6666666666666665)	(43.0, 12.000000000000004)	(44.0, 24.99999999999998)	(45.0, 48.3333333333334)	(46.0, 150.99999999999991)	(47.0, 363.33333333333013)	(48.0, 478.9999999999902)	(49.0, 1001.0000000000439)	(50.0, 2141.9999999998563)	(51.0, 3727.666666667244)	(52.0, 4882.666666666696)	(53.0, 4829.333333333411)	(54.0, 4700.0000000001955)	(55.0, 4132.666666667378)	(56.0, 3359.333333333743)	(57.0, 2573.333333333386)	(58.0, 1848.3333333331923)	(59.0, 1288.9999999999861)	(60.0, 891.0000000000314)	(61.0, 757.0000000000161)	(62.0, 608.9999999999993)	(63.0, 346.3333333333311)	(64.0, 225.00000000000202)	(65.0, 135.9999999999995)	(66.0, 78.3333333333333)	(67.0, 44.000000000000036)	(68.0, 31.33333333333329)	(69.0, 26.333333333333307)	(70.0, 24.666666666666647)	(71.0, 17.33333333333334)	(72.0, 7.33333333333333)	(73.0, 5.333333333333332)	(74.0, 1.6666666666666665)	(75.0, 1.0)	(76.0, 0.0)	(77.0, 0.0)	(78.0, 0.0)	(79.0, 0.0)	(80.0, 0.0)	(81.0, 0.0)	(82.0, 0.0)	(83.0, 0.0)	(84.0, 0.0)	(85.0, 0.0)	(86.0, 0.0)	(87.0, 0.0)	(88.0, 0.0)	(89.0, 0.0)	(90.0, 0.0)	(91.0, 0.0)	(92.0, 0.0)	(93.0, 0.0)	(94.0, 0.0)	(95.0, 0.0)	(96.0, 0.0)	(97.0, 0.0)	(98.0, 0.0)	(99.0, 0.0)	(100.0, 0.0)
SRR1542589_2	(0.0, 0.0)	(1.0, 0.0)	(2.0, 0.0)	(3.0, 0.0)	(4.0, 0.0)	(5.0, 0.3333333333333333)	(6.0, 0.0)	(7.0, 0.0)	(8.0, 0.0)	(9.0, 0.0)	(10.0, 0.0)	(11.0, 0.0)	(12.0, 0.0)	(13.0, 0.0)	(14.0, 0.0)	(15.0, 0.0)	(16.0, 0.0)	(17.0, 0.0)	(18.0, 0.0)	(19.0, 0.0)	(20.0, 0.0)	(21.0, 0.0)	(22.0, 0.3333333333333333)	(23.0, 0.3333333333333333)	(24.0, 0.0)	(25.0, 0.0)	(26.0, 0.3333333333333333)	(27.0, 0.3333333333333333)	(28.0, 0.3333333333333333)	(29.0, 0.6666666666666666)	(30.0, 0.6666666666666666)	(31.0, 0.0)	(32.0, 0.3333333333333333)	(33.0, 0.3333333333333333)	(34.0, 1.0)	(35.0, 0.6666666666666666)	(36.0, 0.6666666666666666)	(37.0, 0.3333333333333333)	(38.0, 0.3333333333333333)	(39.0, 0.3333333333333333)	(40.0, 0.3333333333333333)	(41.0, 0.3333333333333333)	(42.0, 1.3333333333333333)	(43.0, 4.0)	(44.0, 8.33333333333333)	(45.0, 17.66666666666667)	(46.0, 29.66666666666663)	(47.0, 47.00000000000006)	(48.0, 91.66666666666644)	(49.0, 203.0000000000014)	(50.0, 396.9999999999949)	(51.0, 675.0000000000068)	(52.0, 1079.3333333333671)	(53.0, 1697.6666666665599)	(54.0, 2513.666666666692)	(55.0, 3199.3333333336705)	(56.0, 3812.0000000006157)	(57.0, 3995.666666667366)	(58.0, 3898.3333333339883)	(59.0, 3561.0000000005016)	(60.0, 3123.0000000003024)	(61.0, 2669.3333333334294)	(62.0, 2149.99999999986)	(63.0, 1656.9999999999025)	(64.0, 1227.3333333333335)	(65.0, 915.3333333333675)	(66.0, 624.3333333333344)	(67.0, 440.9999999999924)	(68.0, 304.3333333333335)	(69.0, 210.0000000000016)	(70.0, 145.66666666666643)	(71.0, 96.66666666666637)	(72.0, 64.66666666666683)	(73.0, 41.000000000000014)	(74.0, 30.999999999999957)	(75.0, 19.333333333333332)	(76.0, 10.0)	(77.0, 4.666666666666666)	(78.0, 5.666666666666665)	(79.0, 2.6666666666666665)	(80.0, 0.6666666666666666)	(81.0, 0.6666666666666666)	(82.0, 0.3333333333333333)	(83.0, 0.3333333333333333)	(84.0, 1.0)	(85.0, 0.3333333333333333)	(86.0, 0.3333333333333333)	(87.0, 0.0)	(88.0, 0.3333333333333333)	(89.0, 0.3333333333333333)	(90.0, 0.0)	(91.0, 0.0)	(92.0, 0.0)	(93.0, 0.0)	(94.0, 0.0)	(95.0, 0.0)	(96.0, 0.3333333333333333)	(97.0, 0.6666666666666666)	(98.0, 0.0)	(99.0, 0.0)	(100.0, 0.0)
SRR1542590_1	(0.0, 0.0)	(1.0, 0.0)	(2.0, 0.0)	(3.0, 0.0)	(4.0, 0.0)	(5.0, 0.0)	(6.0, 0.0)	(7.0, 0.0)	(8.0, 0.0)	(9.0, 0.0)	(10.0, 0.0)	(11.0, 0.0)	(12.0, 0.0)	(13.0, 0.0)	(14.0, 0.0)	(15.0, 0.0)	(16.0, 0.0)	(17.0, 0.0)	(18.0, 0.0)	(19.0, 0.0)	(20.0, 0.0)	(21.0, 0.0)	(22.0, 0.0)	(23.0, 0.0)	(24.0, 0.3333333333333333)	(25.0, 0.0)	(26.0, 0.3333333333333333)	(27.0, 0.0)	(28.0, 0.3333333333333333)	(29.0, 0.3333333333333333)	(30.0, 0.3333333333333333)	(31.0, 0.0)	(32.0, 0.0)	(33.0, 0.0)	(34.0, 0.3333333333333333)	(35.0, 0.3333333333333333)	(36.0, 0.0)	(37.0, 0.3333333333333333)	(38.0, 0.3333333333333333)	(39.0, 0.0)	(40.0, 0.6666666666666666)	(41.0, 0.3333333333333333)	(42.0, 1.0)	(43.0, 3.0)	(44.0, 7.666666666666663)	(45.0, 15.000000000000009)	(46.0, 33.66666666666663)	(47.0, 58.666666666666806)	(48.0, 148.66666666666652)	(49.0, 344.99999999999784)	(50.0, 930.3333333333692)	(51.0, 1945.3333333331702)	(52.0, 2378.333333333297)	(53.0, 2357.666666666621)	(54.0, 2510.0000000000236)	(55.0, 1918.6666666665096)	(56.0, 1360.9999999999698)	(57.0, 921.0000000000348)	(58.0, 690.6666666666753)	(59.0, 579.3333333333293)	(60.0, 510.3333333333218)	(61.0, 1259.3333333333262)	(62.0, 1352.333333333305)	(63.0, 394.6666666666617)	(64.0, 197.6666666666679)	(65.0, 121.33333333333269)	(66.0, 60.66666666666682)	(67.0, 30.999999999999957)	(68.0, 15.333333333333343)	(69.0, 10.333333333333334)	(70.0, 6.999999999999997)	(71.0, 3.666666666666667)	(72.0, 3.666666666666667)	(73.0, 0.3333333333333333)	(74.0, 0.6666666666666666)	(75.0, 0.0)	(76.0, 0.0)	(77.0, 0.0)	(78.0, 0.0)	(79.0, 0.0)	(80.0, 0.0)	(81.0, 0.0)	(82.0, 0.0)	(83.0, 0.0)	(84.0, 0.0)	(85.0, 0.0)	(86.0, 0.0)	(87.0, 0.0)	(88.0, 0.0)	(89.0, 0.0)	(90.0, 0.0)	(91.0, 0.0)	(92.0, 0.0)	(93.0, 0.0)	(94.0, 0.0)	(95.0, 0.0)	(96.0, 0.0)	(97.0, 0.0)	(98.0, 0.0)	(99.0, 0.0)	(100.0, 0.0)
SRR1542590_2	(0.0, 0.0)	(1.0, 0.0)	(2.0, 0.0)	(3.0, 0.0)	(4.0, 0.0)	(5.0, 0.0)	(6.0, 0.0)	(7.0, 0.0)	(8.0, 0.0)	(9.0, 0.0)	(10.0, 0.0)	(11.0, 0.0)	(12.0, 0.0)	(13.0, 0.0)	(14.0, 0.0)	(15.0, 0.0)	(16.0, 0.0)	(17.0, 0.0)	(18.0, 0.0)	(19.0, 0.0)	(20.0, 0.0)	(21.0, 0.3333333333333333)	(22.0, 0.0)	(23.0, 0.3333333333333333)	(24.0, 0.6666666666666666)	(25.0, 0.6666666666666666)	(26.0, 1.3333333333333333)	(27.0, 1.0)	(28.0, 1.0)	(29.0, 1.6666666666666665)	(30.0, 1.9999999999999998)	(31.0, 1.3333333333333333)	(32.0, 0.6666666666666666)	(33.0, 0.3333333333333333)	(34.0, 0.6666666666666666)	(35.0, 0.6666666666666666)	(36.0, 0.3333333333333333)	(37.0, 1.0)	(38.0, 0.3333333333333333)	(39.0, 0.3333333333333333)	(40.0, 1.0)	(41.0, 1.9999999999999998)	(42.0, 2.333333333333333)	(43.0, 3.0)	(44.0, 9.333333333333332)	(45.0, 17.33333333333334)	(46.0, 27.666666666666636)	(47.0, 39.0)	(48.0, 69.66666666666676)	(49.0, 185.66666666666757)	(50.0, 360.6666666666636)	(51.0, 503.6666666666555)	(52.0, 872.3333333333626)	(53.0, 1464.6666666666129)	(54.0, 1897.6666666665144)	(55.0, 2071.9999999998245)	(56.0, 2271.666666666582)	(57.0, 2150.3333333331934)	(58.0, 1756.6666666665465)	(59.0, 1315.6666666666467)	(60.0, 978.0000000000413)	(61.0, 695.0000000000091)	(62.0, 509.66666666665515)	(63.0, 357.6666666666638)	(64.0, 246.33333333333596)	(65.0, 196.33333333333454)	(66.0, 333.33333333333184)	(67.0, 459.3333333333247)	(68.0, 399.6666666666614)	(69.0, 278.33333333333496)	(70.0, 190.6666666666677)	(71.0, 128.66666666666595)	(72.0, 86.33333333333319)	(73.0, 57.00000000000013)	(74.0, 31.999999999999954)	(75.0, 22.999999999999986)	(76.0, 12.000000000000004)	(77.0, 6.666666666666664)	(78.0, 3.0)	(79.0, 0.6666666666666666)	(80.0, 0.6666666666666666)	(81.0, 0.6666666666666666)	(82.0, 0.3333333333333333)	(83.0, 0.0)	(84.0, 0.0)	(85.0, 0.0)	(86.0, 0.0)	(87.0, 0.0)	(88.0, 0.3333333333333333)	(89.0, 0.3333333333333333)	(90.0, 0.0)	(91.0, 0.0)	(92.0, 0.0)	(93.0, 0.0)	(94.0, 0.3333333333333333)	(95.0, 0.0)	(96.0, 0.0)	(97.0, 0.3333333333333333)	(98.0, 0.0)	(99.0, 0.0)	(100.0, 0.5)
SRR1542594_1	(0.0, 0.0)	(1.0, 0.0)	(2.0, 0.0)	(3.0, 0.0)	(4.0, 0.0)	(5.0, 0.0)	(6.0, 0.0)	(7.0, 0.0)	(8.0, 0.0)	(9.0, 0.0)	(10.0, 0.0)	(11.0, 0.0)	(12.0, 0.0)	(13.0, 0.0)	(14.0, 0.0)	(15.0, 0.0)	(16.0, 0.0)	(17.0, 0.0)	(18.0, 0.0)	(19.0, 0.0)	(20.0, 0.0)	(21.0, 0.0)	(22.0, 0.0)	(23.0, 0.0)	(24.0, 0.0)	(25.0, 0.0)	(26.0, 0.0)	(27.0, 0.0)	(28.0, 0.0)	(29.0, 0.0)	(30.0, 0.0)	(31.0, 0.0)	(32.0, 0.0)	(33.0, 0.0)	(34.0, 0.0)	(35.0, 0.0)	(36.0, 0.0)	(37.0, 0.0)	(38.0, 0.0)	(39.0, 0.0)	(40.0, 0.0)	(41.0, 0.3333333333333333)	(42.0, 0.0)	(43.0, 0.0)	(44.0, 1.0)	(45.0, 15.333333333333343)	(46.0, 61.33333333333349)	(47.0, 82.9999999999999)	(48.0, 105.99999999999957)	(49.0, 175.0000000000006)	(50.0, 458.99999999999136)	(51.0, 897.6666666666988)	(52.0, 1637.6666666665735)	(53.0, 1754.9999999998802)	(54.0, 1411.9999999999582)	(55.0, 990.6666666667094)	(56.0, 724.3333333333458)	(57.0, 426.9999999999932)	(58.0, 283.666666666668)	(59.0, 195.00000000000117)	(60.0, 119.33333333333272)	(61.0, 62.00000000000016)	(62.0, 32.99999999999996)	(63.0, 18.000000000000004)	(64.0, 9.333333333333332)	(65.0, 4.999999999999999)	(66.0, 1.9999999999999998)	(67.0, 2.6666666666666665)	(68.0, 1.0)	(69.0, 1.6666666666666665)	(70.0, 1.0)	(71.0, 0.3333333333333333)	(72.0, 0.0)	(73.0, 0.0)	(74.0, 0.0)	(75.0, 0.0)	(76.0, 0.0)	(77.0, 0.0)	(78.0, 0.0)	(79.0, 0.0)	(80.0, 0.0)	(81.0, 0.0)	(82.0, 0.0)	(83.0, 0.0)	(84.0, 0.0)	(85.0, 0.0)	(86.0, 0.0)	(87.0, 0.0)	(88.0, 0.0)	(89.0, 0.0)	(90.0, 0.0)	(91.0, 0.0)	(92.0, 0.0)	(93.0, 0.0)	(94.0, 0.0)	(95.0, 0.0)	(96.0, 0.0)	(97.0, 0.0)	(98.0, 0.0)	(99.0, 0.0)	(100.0, 0.0)
SRR1542594_2	(0.0, 0.0)	(1.0, 0.0)	(2.0, 0.0)	(3.0, 0.0)	(4.0, 0.0)	(5.0, 0.0)	(6.0, 0.0)	(7.0, 0.0)	(8.0, 0.0)	(9.0, 0.0)	(10.0, 0.0)	(11.0, 0.0)	(12.0, 0.0)	(13.0, 0.0)	(14.0, 0.0)	(15.0, 0.0)	(16.0, 0.0)	(17.0, 0.0)	(18.0, 0.0)	(19.0, 0.0)	(20.0, 0.0)	(21.0, 0.0)	(22.0, 0.0)	(23.0, 0.0)	(24.0, 0.0)	(25.0, 0.0)	(26.0, 0.0)	(27.0, 0.0)	(28.0, 0.0)	(29.0, 0.0)	(30.0, 0.0)	(31.0, 0.0)	(32.0, 0.0)	(33.0, 0.0)	(34.0, 0.0)	(35.0, 0.0)	(36.0, 0.0)	(37.0, 0.0)	(38.0, 0.0)	(39.0, 0.0)	(40.0, 0.3333333333333333)	(41.0, 1.3333333333333333)	(42.0, 1.0)	(43.0, 1.6666666666666665)	(44.0, 1.6666666666666665)	(45.0, 3.3333333333333335)	(46.0, 17.66666666666667)	(47.0, 59.33333333333348)	(48.0, 124.33333333333265)	(49.0, 304.00000000000017)	(50.0, 412.33333333332735)	(51.0, 485.6666666666565)	(52.0, 701.0000000000098)	(53.0, 1276.6666666666556)	(54.0, 1506.6666666666033)	(55.0, 1390.999999999963)	(56.0, 1097.333333333363)	(57.0, 795.0000000000205)	(58.0, 528.9999999999902)	(59.0, 305.3333333333334)	(60.0, 222.33333333333528)	(61.0, 145.3333333333331)	(62.0, 68.33333333333344)	(63.0, 28.999999999999964)	(64.0, 13.000000000000005)	(65.0, 8.999999999999998)	(66.0, 5.333333333333332)	(67.0, 4.999999999999999)	(68.0, 3.0)	(69.0, 0.6666666666666666)	(70.0, 0.3333333333333333)	(71.0, 1.0)	(72.0, 1.0)	(73.0, 0.3333333333333333)	(74.0, 1.0)	(75.0, 0.3333333333333333)	(76.0, 0.3333333333333333)	(77.0, 0.3333333333333333)	(78.0, 0.0)	(79.0, 0.0)	(80.0, 0.3333333333333333)	(81.0, 0.0)	(82.0, 0.0)	(83.0, 0.0)	(84.0, 0.0)	(85.0, 0.0)	(86.0, 0.0)	(87.0, 0.0)	(88.0, 0.0)	(89.0, 0.0)	(90.0, 0.0)	(91.0, 0.0)	(92.0, 0.0)	(93.0, 0.0)	(94.0, 0.0)	(95.0, 0.0)	(96.0, 0.0)	(97.0, 0.0)	(98.0, 0.0)	(99.0, 0.0)	(100.0, 0.0)
SRR1542598_1	(0.0, 0.0)	(1.0, 0.0)	(2.0, 0.0)	(3.0, 0.0)	(4.0, 0.0)	(5.0, 0.0)	(6.0, 0.0)	(7.0, 0.0)	(8.0, 0.0)	(9.0, 0.0)	(10.0, 0.0)	(11.0, 0.0)	(12.0, 0.0)	(13.0, 0.0)	(14.0, 0.0)	(15.0, 0.0)	(16.0, 0.0)	(17.0, 0.0)	(18.0, 0.0)	(19.0, 0.0)	(20.0, 0.0)	(21.0, 0.0)	(22.0, 0.0)	(23.0, 0.0)	(24.0, 0.0)	(25.0, 0.0)	(26.0, 0.0)	(27.0, 0.0)	(28.0, 0.0)	(29.0, 0.0)	(30.0, 0.0)	(31.0, 0.0)	(32.0, 0.0)	(33.0, 0.0)	(34.0, 0.0)	(35.0, 0.0)	(36.0, 0.6666666666666666)	(37.0, 0.6666666666666666)	(38.0, 0.0)	(39.0, 0.0)	(40.0, 0.3333333333333333)	(41.0, 0.3333333333333333)	(42.0, 0.3333333333333333)	(43.0, 1.9999999999999998)	(44.0, 12.666666666666671)	(45.0, 93.33333333333309)	(46.0, 310.66666666666646)	(47.0, 301.33333333333366)	(48.0, 238.33333333333573)	(49.0, 486.33333333332314)	(50.0, 2713.3333333334494)	(51.0, 8860.333333331568)	(52.0, 8706.666666664622)	(53.0, 5303.999999999646)	(54.0, 3784.000000000603)	(55.0, 3089.000000000287)	(56.0, 2484.666666666679)	(57.0, 1313.6666666666472)	(58.0, 712.3333333333444)	(59.0, 432.6666666666595)	(60.0, 255.66666666666956)	(61.0, 148.33333333333317)	(62.0, 90.99999999999979)	(63.0, 37.66666666666666)	(64.0, 18.666666666666668)	(65.0, 12.666666666666671)	(66.0, 5.999999999999998)	(67.0, 4.333333333333333)	(68.0, 5.666666666666665)	(69.0, 8.666666666666664)	(70.0, 6.999999999999997)	(71.0, 1.3333333333333333)	(72.0, 1.3333333333333333)	(73.0, 0.3333333333333333)	(74.0, 0.0)	(75.0, 0.3333333333333333)	(76.0, 0.0)	(77.0, 0.0)	(78.0, 0.0)	(79.0, 0.0)	(80.0, 0.0)	(81.0, 0.0)	(82.0, 0.0)	(83.0, 0.0)	(84.0, 0.0)	(85.0, 0.0)	(86.0, 0.0)	(87.0, 0.0)	(88.0, 0.0)	(89.0, 0.0)	(90.0, 0.0)	(91.0, 0.0)	(92.0, 0.0)	(93.0, 0.0)	(94.0, 0.0)	(95.0, 0.0)	(96.0, 0.0)	(97.0, 0.0)	(98.0, 0.0)	(99.0, 0.0)	(100.0, 0.0)
SRR1542598_2	(0.0, 0.0)	(1.0, 0.0)	(2.0, 0.0)	(3.0, 0.0)	(4.0, 0.0)	(5.0, 0.0)	(6.0, 0.0)	(7.0, 0.0)	(8.0, 0.0)	(9.0, 0.0)	(10.0, 0.0)	(11.0, 0.0)	(12.0, 0.0)	(13.0, 0.0)	(14.0, 0.0)	(15.0, 0.0)	(16.0, 0.0)	(17.0, 0.0)	(18.0, 0.0)	(19.0, 0.0)	(20.0, 0.0)	(21.0, 0.0)	(22.0, 0.0)	(23.0, 0.0)	(24.0, 0.0)	(25.0, 0.0)	(26.0, 0.0)	(27.0, 0.0)	(28.0, 0.0)	(29.0, 0.0)	(30.0, 0.0)	(31.0, 0.0)	(32.0, 0.0)	(33.0, 0.0)	(34.0, 0.0)	(35.0, 0.0)	(36.0, 0.0)	(37.0, 0.3333333333333333)	(38.0, 0.0)	(39.0, 0.3333333333333333)	(40.0, 1.3333333333333333)	(41.0, 1.0)	(42.0, 3.0)	(43.0, 6.666666666666664)	(44.0, 11.000000000000002)	(45.0, 26.66666666666664)	(46.0, 68.66666666666677)	(47.0, 195.00000000000117)	(48.0, 413.3333333333273)	(49.0, 796.0000000000206)	(50.0, 1241.3333333333303)	(51.0, 1876.9999999998524)	(52.0, 3834.6666666672927)	(53.0, 6859.333333331565)	(54.0, 6776.6666666649735)	(55.0, 5227.999999999715)	(56.0, 4316.000000000545)	(57.0, 3120.3333333336345)	(58.0, 2073.666666666492)	(59.0, 1248.3333333333287)	(60.0, 681.6666666666742)	(61.0, 386.66666666666214)	(62.0, 211.6666666666683)	(63.0, 109.33333333333286)	(64.0, 51.66666666666676)	(65.0, 36.333333333333314)	(66.0, 30.999999999999957)	(67.0, 22.33333333333332)	(68.0, 9.666666666666666)	(69.0, 4.999999999999999)	(70.0, 6.999999999999997)	(71.0, 5.666666666666665)	(72.0, 3.3333333333333335)	(73.0, 2.6666666666666665)	(74.0, 2.333333333333333)	(75.0, 1.6666666666666665)	(76.0, 0.3333333333333333)	(77.0, 1.0)	(78.0, 1.6666666666666665)	(79.0, 1.3333333333333333)	(80.0, 0.6666666666666666)	(81.0, 0.3333333333333333)	(82.0, 0.3333333333333333)	(83.0, 0.0)	(84.0, 0.0)	(85.0, 0.0)	(86.0, 0.0)	(87.0, 0.0)	(88.0, 0.0)	(89.0, 0.0)	(90.0, 0.3333333333333333)	(91.0, 0.3333333333333333)	(92.0, 0.0)	(93.0, 0.3333333333333333)	(94.0, 0.3333333333333333)	(95.0, 0.3333333333333333)	(96.0, 0.0)	(97.0, 0.0)	(98.0, 0.0)	(99.0, 0.0)	(100.0, 0.5)
SRR1542601_1	(0.0, 0.0)	(1.0, 0.0)	(2.0, 0.0)	(3.0, 0.0)	(4.0, 0.0)	(5.0, 0.0)	(6.0, 0.0)	(7.0, 0.0)	(8.0, 0.0)	(9.0, 0.0)	(10.0, 0.0)	(11.0, 0.0)	(12.0, 0.0)	(13.0, 0.0)	(14.0, 0.0)	(15.0, 0.0)	(16.0, 0.0)	(17.0, 0.0)	(18.0, 0.0)	(19.0, 0.0)	(20.0, 0.0)	(21.0, 0.0)	(22.0, 0.0)	(23.0, 0.0)	(24.0, 0.0)	(25.0, 0.0)	(26.0, 0.0)	(27.0, 0.0)	(28.0, 0.0)	(29.0, 0.0)	(30.0, 0.0)	(31.0, 0.0)	(32.0, 0.0)	(33.0, 0.0)	(34.0, 0.0)	(35.0, 0.0)	(36.0, 0.0)	(37.0, 0.0)	(38.0, 0.0)	(39.0, 0.0)	(40.0, 0.0)	(41.0, 0.3333333333333333)	(42.0, 0.6666666666666666)	(43.0, 1.0)	(44.0, 1.6666666666666665)	(45.0, 26.99999999999997)	(46.0, 153.66666666666666)	(47.0, 154.0)	(48.0, 104.33333333333293)	(49.0, 484.9999999999899)	(50.0, 1834.6666666665287)	(51.0, 5116.666666666483)	(52.0, 3410.6666666671)	(53.0, 1507.9999999999363)	(54.0, 1177.3333333333449)	(55.0, 1202.000000000006)	(56.0, 1347.3333333333062)	(57.0, 1039.3333333333762)	(58.0, 642.6666666666698)	(59.0, 367.6666666666632)	(60.0, 211.6666666666683)	(61.0, 122.666666666666)	(62.0, 65.66666666666681)	(63.0, 29.66666666666663)	(64.0, 15.666666666666677)	(65.0, 8.666666666666664)	(66.0, 4.0)	(67.0, 2.333333333333333)	(68.0, 1.0)	(69.0, 3.3333333333333335)	(70.0, 3.0)	(71.0, 1.6666666666666665)	(72.0, 0.3333333333333333)	(73.0, 0.0)	(74.0, 0.0)	(75.0, 0.0)	(76.0, 0.3333333333333333)	(77.0, 0.0)	(78.0, 0.0)	(79.0, 0.0)	(80.0, 0.0)	(81.0, 0.0)	(82.0, 0.0)	(83.0, 0.0)	(84.0, 0.0)	(85.0, 0.0)	(86.0, 0.0)	(87.0, 0.0)	(88.0, 0.0)	(89.0, 0.0)	(90.0, 0.0)	(91.0, 0.0)	(92.0, 0.0)	(93.0, 0.0)	(94.0, 0.0)	(95.0, 0.0)	(96.0, 0.0)	(97.0, 0.0)	(98.0, 0.0)	(99.0, 0.0)	(100.0, 0.0)
SRR1542601_2	(0.0, 0.0)	(1.0, 0.0)	(2.0, 0.0)	(3.0, 0.0)	(4.0, 0.0)	(5.0, 0.0)	(6.0, 0.0)	(7.0, 0.0)	(8.0, 0.0)	(9.0, 0.0)	(10.0, 0.0)	(11.0, 0.0)	(12.0, 0.0)	(13.0, 0.0)	(14.0, 0.0)	(15.0, 0.0)	(16.0, 0.0)	(17.0, 0.0)	(18.0, 0.0)	(19.0, 0.0)	(20.0, 0.0)	(21.0, 0.0)	(22.0, 0.0)	(23.0, 0.0)	(24.0, 0.0)	(25.0, 0.0)	(26.0, 0.0)	(27.0, 0.0)	(28.0, 0.0)	(29.0, 0.0)	(30.0, 0.0)	(31.0, 0.0)	(32.0, 0.0)	(33.0, 0.0)	(34.0, 0.0)	(35.0, 0.0)	(36.0, 0.0)	(37.0, 0.0)	(38.0, 0.0)	(39.0, 0.3333333333333333)	(40.0, 0.0)	(41.0, 1.0)	(42.0, 1.9999999999999998)	(43.0, 3.0)	(44.0, 6.333333333333331)	(45.0, 13.000000000000005)	(46.0, 19.0)	(47.0, 92.3333333333331)	(48.0, 235.33333333333564)	(49.0, 621.0000000000007)	(50.0, 637.0000000000025)	(51.0, 1257.66666666666)	(52.0, 3373.3333333337496)	(53.0, 4661.000000000231)	(54.0, 3070.6666666669453)	(55.0, 1963.6666666664994)	(56.0, 1348.333333333306)	(57.0, 896.6666666666987)	(58.0, 659.000000000005)	(59.0, 409.3333333333275)	(60.0, 202.66666666666805)	(61.0, 107.66666666666622)	(62.0, 48.000000000000064)	(63.0, 24.99999999999998)	(64.0, 7.9999999999999964)	(65.0, 6.333333333333331)	(66.0, 7.9999999999999964)	(67.0, 5.666666666666665)	(68.0, 3.0)	(69.0, 1.0)	(70.0, 1.3333333333333333)	(71.0, 1.0)	(72.0, 1.3333333333333333)	(73.0, 1.3333333333333333)	(74.0, 1.3333333333333333)	(75.0, 0.3333333333333333)	(76.0, 0.3333333333333333)	(77.0, 0.0)	(78.0, 0.0)	(79.0, 0.0)	(80.0, 0.0)	(81.0, 0.0)	(82.0, 0.0)	(83.0, 0.0)	(84.0, 0.0)	(85.0, 0.0)	(86.0, 0.0)	(87.0, 0.0)	(88.0, 0.0)	(89.0, 0.0)	(90.0, 0.0)	(91.0, 0.0)	(92.0, 0.0)	(93.0, 0.0)	(94.0, 0.0)	(95.0, 0.0)	(96.0, 0.0)	(97.0, 0.0)	(98.0, 0.0)	(99.0, 0.0)	(100.0, 0.5)
SRR1542635_1	(0.0, 0.0)	(1.0, 0.0)	(2.0, 0.0)	(3.0, 0.0)	(4.0, 0.0)	(5.0, 0.0)	(6.0, 0.0)	(7.0, 0.0)	(8.0, 0.0)	(9.0, 0.0)	(10.0, 0.0)	(11.0, 0.0)	(12.0, 0.0)	(13.0, 0.0)	(14.0, 0.0)	(15.0, 0.0)	(16.0, 0.0)	(17.0, 0.0)	(18.0, 0.0)	(19.0, 0.0)	(20.0, 0.0)	(21.0, 0.0)	(22.0, 0.0)	(23.0, 0.0)	(24.0, 0.0)	(25.0, 0.0)	(26.0, 0.0)	(27.0, 0.0)	(28.0, 0.0)	(29.0, 0.0)	(30.0, 0.0)	(31.0, 0.0)	(32.0, 0.0)	(33.0, 0.0)	(34.0, 0.0)	(35.0, 0.0)	(36.0, 0.0)	(37.0, 0.0)	(38.0, 0.0)	(39.0, 0.3333333333333333)	(40.0, 0.3333333333333333)	(41.0, 0.3333333333333333)	(42.0, 0.6666666666666666)	(43.0, 1.0)	(44.0, 1.9999999999999998)	(45.0, 46.66666666666672)	(46.0, 250.00000000000273)	(47.0, 228.33333333333545)	(48.0, 168.0000000000004)	(49.0, 296.0000000000006)	(50.0, 1248.3333333333287)	(51.0, 3159.000000000319)	(52.0, 3126.6666666669707)	(53.0, 2213.999999999889)	(54.0, 2478.666666666676)	(55.0, 2022.9999999998192)	(56.0, 1609.3333333332466)	(57.0, 863.3333333333616)	(58.0, 430.66666666665964)	(59.0, 263.3333333333358)	(60.0, 157.33333333333343)	(61.0, 92.99999999999976)	(62.0, 59.00000000000014)	(63.0, 32.99999999999996)	(64.0, 15.666666666666677)	(65.0, 9.333333333333332)	(66.0, 4.333333333333333)	(67.0, 1.6666666666666665)	(68.0, 2.333333333333333)	(69.0, 4.999999999999999)	(70.0, 3.3333333333333335)	(71.0, 1.3333333333333333)	(72.0, 0.6666666666666666)	(73.0, 0.3333333333333333)	(74.0, 0.0)	(75.0, 0.0)	(76.0, 0.0)	(77.0, 0.0)	(78.0, 0.0)	(79.0, 0.0)	(80.0, 0.0)	(81.0, 0.3333333333333333)	(82.0, 0.0)	(83.0, 0.0)	(84.0, 0.0)	(85.0, 0.0)	(86.0, 0.0)	(87.0, 0.0)	(88.0, 0.0)	(89.0, 0.0)	(90.0, 0.0)	(91.0, 0.0)	(92.0, 0.0)	(93.0, 0.0)	(94.0, 0.0)	(95.0, 0.0)	(96.0, 0.0)	(97.0, 0.0)	(98.0, 0.0)	(99.0, 0.0)	(100.0, 0.0)
SRR1542635_2	(0.0, 0.0)	(1.0, 0.0)	(2.0, 0.0)	(3.0, 0.0)	(4.0, 0.0)	(5.0, 0.0)	(6.0, 0.0)	(7.0, 0.0)	(8.0, 0.0)	(9.0, 0.0)	(10.0, 0.0)	(11.0, 0.0)	(12.0, 0.0)	(13.0, 0.0)	(14.0, 0.0)	(15.0, 0.0)	(16.0, 0.0)	(17.0, 0.0)	(18.0, 0.0)	(19.0, 0.0)	(20.0, 0.0)	(21.0, 0.0)	(22.0, 0.0)	(23.0, 0.0)	(24.0, 0.0)	(25.0, 0.0)	(26.0, 0.0)	(27.0, 0.0)	(28.0, 0.0)	(29.0, 0.0)	(30.0, 0.0)	(31.0, 0.0)	(32.0, 0.0)	(33.0, 0.0)	(34.0, 0.0)	(35.0, 0.0)	(36.0, 0.0)	(37.0, 0.0)	(38.0, 0.0)	(39.0, 0.0)	(40.0, 0.0)	(41.0, 0.3333333333333333)	(42.0, 1.3333333333333333)	(43.0, 0.6666666666666666)	(44.0, 3.3333333333333335)	(45.0, 7.9999999999999964)	(46.0, 17.33333333333334)	(47.0, 134.99999999999946)	(48.0, 274.6666666666685)	(49.0, 274.3333333333352)	(50.0, 459.3333333333247)	(51.0, 1226.3333333333337)	(52.0, 2163.666666666533)	(53.0, 3165.333333333655)	(54.0, 3132.0000000003065)	(55.0, 2622.6666666667415)	(56.0, 1791.9999999998718)	(57.0, 1373.9999999999668)	(58.0, 1040.6666666667093)	(59.0, 550.6666666666594)	(60.0, 392.6666666666618)	(61.0, 250.00000000000273)	(62.0, 96.66666666666637)	(63.0, 36.999999999999986)	(64.0, 20.66666666666666)	(65.0, 11.66666666666667)	(66.0, 8.33333333333333)	(67.0, 4.333333333333333)	(68.0, 3.0)	(69.0, 1.6666666666666665)	(70.0, 2.6666666666666665)	(71.0, 1.6666666666666665)	(72.0, 1.3333333333333333)	(73.0, 2.6666666666666665)	(74.0, 1.6666666666666665)	(75.0, 0.6666666666666666)	(76.0, 0.0)	(77.0, 0.0)	(78.0, 0.3333333333333333)	(79.0, 0.0)	(80.0, 0.0)	(81.0, 0.0)	(82.0, 0.0)	(83.0, 0.0)	(84.0, 0.0)	(85.0, 0.0)	(86.0, 0.0)	(87.0, 0.0)	(88.0, 0.0)	(89.0, 0.0)	(90.0, 0.0)	(91.0, 0.0)	(92.0, 0.0)	(93.0, 0.0)	(94.0, 0.0)	(95.0, 0.0)	(96.0, 0.0)	(97.0, 0.0)	(98.0, 0.0)	(99.0, 0.0)	(100.0, 0.0)
SRR1542653_1	(0.0, 0.0)	(1.0, 0.0)	(2.0, 0.0)	(3.0, 0.0)	(4.0, 0.0)	(5.0, 0.0)	(6.0, 0.0)	(7.0, 0.0)	(8.0, 0.0)	(9.0, 0.0)	(10.0, 0.0)	(11.0, 0.0)	(12.0, 0.0)	(13.0, 0.0)	(14.0, 0.0)	(15.0, 0.0)	(16.0, 0.0)	(17.0, 0.0)	(18.0, 0.0)	(19.0, 0.0)	(20.0, 0.0)	(21.0, 0.0)	(22.0, 0.0)	(23.0, 0.0)	(24.0, 0.0)	(25.0, 0.0)	(26.0, 0.0)	(27.0, 0.0)	(28.0, 0.0)	(29.0, 0.0)	(30.0, 0.0)	(31.0, 0.0)	(32.0, 0.0)	(33.0, 0.0)	(34.0, 0.0)	(35.0, 0.0)	(36.0, 0.0)	(37.0, 0.3333333333333333)	(38.0, 0.3333333333333333)	(39.0, 0.3333333333333333)	(40.0, 1.0)	(41.0, 1.9999999999999998)	(42.0, 2.333333333333333)	(43.0, 4.999999999999999)	(44.0, 20.999999999999993)	(45.0, 36.66666666666665)	(46.0, 55.666666666666785)	(47.0, 102.66666666666629)	(48.0, 134.99999999999946)	(49.0, 388.99999999999534)	(50.0, 1964.6666666664992)	(51.0, 6410.666666665306)	(52.0, 6176.999999998852)	(53.0, 3332.0000000003974)	(54.0, 2313.9999999999345)	(55.0, 2072.6666666664914)	(56.0, 2020.3333333331532)	(57.0, 1344.3333333333069)	(58.0, 787.3333333333529)	(59.0, 506.333333333322)	(60.0, 301.66666666666697)	(61.0, 223.66666666666865)	(62.0, 151.33333333333326)	(63.0, 64.3333333333335)	(64.0, 31.66666666666662)	(65.0, 15.000000000000009)	(66.0, 7.666666666666663)	(67.0, 5.333333333333332)	(68.0, 6.333333333333331)	(69.0, 8.33333333333333)	(70.0, 4.0)	(71.0, 3.3333333333333335)	(72.0, 2.333333333333333)	(73.0, 0.6666666666666666)	(74.0, 0.0)	(75.0, 0.0)	(76.0, 0.0)	(77.0, 0.0)	(78.0, 0.0)	(79.0, 0.0)	(80.0, 0.0)	(81.0, 0.0)	(82.0, 0.0)	(83.0, 0.0)	(84.0, 0.0)	(85.0, 0.0)	(86.0, 0.0)	(87.0, 0.0)	(88.0, 0.0)	(89.0, 0.0)	(90.0, 0.0)	(91.0, 0.0)	(92.0, 0.0)	(93.0, 0.0)	(94.0, 0.0)	(95.0, 0.0)	(96.0, 0.0)	(97.0, 0.0)	(98.0, 0.0)	(99.0, 0.0)	(100.0, 0.0)
SRR1542653_2	(0.0, 0.0)	(1.0, 0.0)	(2.0, 0.0)	(3.0, 0.0)	(4.0, 0.0)	(5.0, 0.0)	(6.0, 0.0)	(7.0, 0.0)	(8.0, 0.0)	(9.0, 0.0)	(10.0, 0.0)	(11.0, 0.0)	(12.0, 0.0)	(13.0, 0.0)	(14.0, 0.0)	(15.0, 0.0)	(16.0, 0.0)	(17.0, 0.0)	(18.0, 0.0)	(19.0, 0.0)	(20.0, 0.0)	(21.0, 0.0)	(22.0, 0.0)	(23.0, 0.0)	(24.0, 0.0)	(25.0, 0.0)	(26.0, 0.0)	(27.0, 0.0)	(28.0, 0.0)	(29.0, 0.0)	(30.0, 0.0)	(31.0, 0.0)	(32.0, 0.0)	(33.0, 0.0)	(34.0, 0.0)	(35.0, 0.3333333333333333)	(36.0, 0.3333333333333333)	(37.0, 0.0)	(38.0, 0.6666666666666666)	(39.0, 0.3333333333333333)	(40.0, 1.0)	(41.0, 4.0)	(42.0, 14.000000000000007)	(43.0, 18.666666666666668)	(44.0, 22.33333333333332)	(45.0, 27.666666666666636)	(46.0, 40.33333333333334)	(47.0, 92.3333333333331)	(48.0, 150.66666666666657)	(49.0, 386.99999999999545)	(50.0, 636.0000000000024)	(51.0, 1259.9999999999927)	(52.0, 3677.333333333888)	(53.0, 6298.666666665408)	(54.0, 4796.666666666774)	(55.0, 3215.3333333336777)	(56.0, 2461.6666666666683)	(57.0, 1889.9999999998495)	(58.0, 1532.9999999999307)	(59.0, 974.3333333333742)	(60.0, 699.0000000000095)	(61.0, 380.9999999999958)	(62.0, 179.6666666666674)	(63.0, 81.66666666666659)	(64.0, 40.00000000000001)	(65.0, 24.99999999999998)	(66.0, 53.0000000000001)	(67.0, 35.99999999999998)	(68.0, 15.333333333333343)	(69.0, 6.666666666666664)	(70.0, 5.333333333333332)	(71.0, 4.666666666666666)	(72.0, 6.333333333333331)	(73.0, 2.6666666666666665)	(74.0, 1.9999999999999998)	(75.0, 1.3333333333333333)	(76.0, 0.3333333333333333)	(77.0, 0.0)	(78.0, 0.0)	(79.0, 0.3333333333333333)	(80.0, 0.0)	(81.0, 0.0)	(82.0, 0.0)	(83.0, 0.0)	(84.0, 0.0)	(85.0, 0.0)	(86.0, 0.0)	(87.0, 0.3333333333333333)	(88.0, 0.0)	(89.0, 0.0)	(90.0, 0.0)	(91.0, 0.0)	(92.0, 0.0)	(93.0, 0.0)	(94.0, 0.0)	(95.0, 0.0)	(96.0, 0.0)	(97.0, 0.0)	(98.0, 0.0)	(99.0, 0.0)	(100.0, 0.5)
SRR1542657_1	(0.0, 0.0)	(1.0, 0.0)	(2.0, 0.0)	(3.0, 0.0)	(4.0, 0.0)	(5.0, 0.0)	(6.0, 0.0)	(7.0, 0.0)	(8.0, 0.0)	(9.0, 0.0)	(10.0, 0.0)	(11.0, 0.0)	(12.0, 0.0)	(13.0, 0.0)	(14.0, 0.0)	(15.0, 0.0)	(16.0, 0.0)	(17.0, 0.0)	(18.0, 0.0)	(19.0, 0.0)	(20.0, 0.0)	(21.0, 0.0)	(22.0, 0.0)	(23.0, 0.0)	(24.0, 0.0)	(25.0, 0.0)	(26.0, 0.0)	(27.0, 0.0)	(28.0, 0.0)	(29.0, 0.0)	(30.0, 0.0)	(31.0, 0.0)	(32.0, 0.0)	(33.0, 0.0)	(34.0, 0.0)	(35.0, 0.0)	(36.0, 0.3333333333333333)	(37.0, 0.3333333333333333)	(38.0, 0.3333333333333333)	(39.0, 0.6666666666666666)	(40.0, 0.3333333333333333)	(41.0, 0.0)	(42.0, 0.6666666666666666)	(43.0, 4.0)	(44.0, 6.666666666666664)	(45.0, 17.33333333333334)	(46.0, 66.33333333333347)	(47.0, 84.66666666666654)	(48.0, 113.3333333333328)	(49.0, 254.00000000000284)	(50.0, 853.3333333333604)	(51.0, 2109.333333333175)	(52.0, 1924.6666666665083)	(53.0, 1710.3333333332237)	(54.0, 2443.9999999999936)	(55.0, 2507.0000000000223)	(56.0, 2321.333333333271)	(57.0, 1791.9999999998718)	(58.0, 1060.0000000000382)	(59.0, 683.0000000000077)	(60.0, 459.666666666658)	(61.0, 1021.0000000000462)	(62.0, 995.3333333333766)	(63.0, 155.6666666666667)	(64.0, 46.66666666666672)	(65.0, 21.666666666666657)	(66.0, 12.000000000000004)	(67.0, 14.000000000000007)	(68.0, 8.666666666666664)	(69.0, 4.333333333333333)	(70.0, 3.666666666666667)	(71.0, 3.666666666666667)	(72.0, 0.6666666666666666)	(73.0, 0.0)	(74.0, 0.0)	(75.0, 0.0)	(76.0, 0.0)	(77.0, 0.0)	(78.0, 0.0)	(79.0, 0.0)	(80.0, 0.0)	(81.0, 0.0)	(82.0, 0.0)	(83.0, 0.0)	(84.0, 0.0)	(85.0, 0.0)	(86.0, 0.0)	(87.0, 0.0)	(88.0, 0.0)	(89.0, 0.0)	(90.0, 0.0)	(91.0, 0.0)	(92.0, 0.0)	(93.0, 0.0)	(94.0, 0.0)	(95.0, 0.0)	(96.0, 0.0)	(97.0, 0.0)	(98.0, 0.0)	(99.0, 0.0)	(100.0, 0.0)
SRR1542657_2	(0.0, 0.0)	(1.0, 0.0)	(2.0, 0.0)	(3.0, 0.0)	(4.0, 0.0)	(5.0, 0.0)	(6.0, 0.0)	(7.0, 0.0)	(8.0, 0.0)	(9.0, 0.0)	(10.0, 0.0)	(11.0, 0.0)	(12.0, 0.0)	(13.0, 0.0)	(14.0, 0.0)	(15.0, 0.0)	(16.0, 0.0)	(17.0, 0.0)	(18.0, 0.0)	(19.0, 0.0)	(20.0, 0.0)	(21.0, 0.0)	(22.0, 0.0)	(23.0, 0.0)	(24.0, 0.0)	(25.0, 0.0)	(26.0, 0.0)	(27.0, 0.0)	(28.0, 0.0)	(29.0, 0.0)	(30.0, 0.0)	(31.0, 0.0)	(32.0, 0.0)	(33.0, 0.0)	(34.0, 0.0)	(35.0, 0.0)	(36.0, 0.6666666666666666)	(37.0, 0.6666666666666666)	(38.0, 0.0)	(39.0, 1.0)	(40.0, 1.3333333333333333)	(41.0, 1.0)	(42.0, 2.6666666666666665)	(43.0, 7.33333333333333)	(44.0, 18.000000000000004)	(45.0, 23.66666666666665)	(46.0, 20.33333333333333)	(47.0, 50.00000000000008)	(48.0, 102.66666666666629)	(49.0, 306.33333333333337)	(50.0, 529.666666666657)	(51.0, 749.0000000000152)	(52.0, 1524.333333333266)	(53.0, 2198.6666666665487)	(54.0, 2237.333333333233)	(55.0, 2440.3333333333253)	(56.0, 2772.6666666668098)	(57.0, 2077.33333333316)	(58.0, 1559.6666666665913)	(59.0, 939.3333333333702)	(60.0, 739.0000000000141)	(61.0, 444.66666666665884)	(62.0, 202.66666666666805)	(63.0, 113.66666666666613)	(64.0, 84.99999999999987)	(65.0, 218.6666666666685)	(66.0, 783.0000000000191)	(67.0, 361.33333333333024)	(68.0, 102.66666666666629)	(69.0, 40.66666666666668)	(70.0, 19.666666666666664)	(71.0, 8.999999999999998)	(72.0, 4.999999999999999)	(73.0, 3.0)	(74.0, 1.0)	(75.0, 0.0)	(76.0, 0.6666666666666666)	(77.0, 0.3333333333333333)	(78.0, 0.3333333333333333)	(79.0, 0.3333333333333333)	(80.0, 0.0)	(81.0, 0.0)	(82.0, 0.0)	(83.0, 0.0)	(84.0, 0.0)	(85.0, 0.0)	(86.0, 0.0)	(87.0, 0.0)	(88.0, 0.0)	(89.0, 0.0)	(90.0, 0.0)	(91.0, 0.0)	(92.0, 0.0)	(93.0, 0.0)	(94.0, 0.0)	(95.0, 0.0)	(96.0, 0.0)	(97.0, 0.0)	(98.0, 0.3333333333333333)	(99.0, 0.6666666666666666)	(100.0, 0.5)
SRR1542661_1	(0.0, 0.0)	(1.0, 0.0)	(2.0, 0.0)	(3.0, 0.0)	(4.0, 0.0)	(5.0, 0.0)	(6.0, 0.0)	(7.0, 0.0)	(8.0, 0.0)	(9.0, 0.0)	(10.0, 0.0)	(11.0, 0.0)	(12.0, 0.0)	(13.0, 0.0)	(14.0, 0.0)	(15.0, 0.0)	(16.0, 0.0)	(17.0, 0.0)	(18.0, 0.0)	(19.0, 0.0)	(20.0, 0.0)	(21.0, 0.0)	(22.0, 0.0)	(23.0, 0.0)	(24.0, 0.0)	(25.0, 0.0)	(26.0, 0.0)	(27.0, 0.0)	(28.0, 0.0)	(29.0, 0.0)	(30.0, 0.0)	(31.0, 0.0)	(32.0, 0.0)	(33.0, 0.0)	(34.0, 0.0)	(35.0, 0.0)	(36.0, 0.0)	(37.0, 0.0)	(38.0, 0.0)	(39.0, 0.0)	(40.0, 0.0)	(41.0, 0.3333333333333333)	(42.0, 0.6666666666666666)	(43.0, 0.3333333333333333)	(44.0, 0.6666666666666666)	(45.0, 0.6666666666666666)	(46.0, 3.3333333333333335)	(47.0, 7.9999999999999964)	(48.0, 14.333333333333341)	(49.0, 23.333333333333318)	(50.0, 69.66666666666676)	(51.0, 176.6666666666673)	(52.0, 185.33333333333422)	(53.0, 191.66666666666774)	(54.0, 284.3333333333346)	(55.0, 241.66666666666916)	(56.0, 149.66666666666654)	(57.0, 73.00000000000004)	(58.0, 39.66666666666667)	(59.0, 26.99999999999997)	(60.0, 15.000000000000009)	(61.0, 24.333333333333314)	(62.0, 24.666666666666647)	(63.0, 4.333333333333333)	(64.0, 1.3333333333333333)	(65.0, 0.6666666666666666)	(66.0, 0.3333333333333333)	(67.0, 0.6666666666666666)	(68.0, 1.0)	(69.0, 1.0)	(70.0, 0.3333333333333333)	(71.0, 0.0)	(72.0, 0.0)	(73.0, 0.0)	(74.0, 0.0)	(75.0, 0.0)	(76.0, 0.0)	(77.0, 0.0)	(78.0, 0.0)	(79.0, 0.0)	(80.0, 0.0)	(81.0, 0.0)	(82.0, 0.0)	(83.0, 0.0)	(84.0, 0.0)	(85.0, 0.0)	(86.0, 0.0)	(87.0, 0.0)	(88.0, 0.0)	(89.0, 0.0)	(90.0, 0.0)	(91.0, 0.0)	(92.0, 0.0)	(93.0, 0.0)	(94.0, 0.0)	(95.0, 0.0)	(96.0, 0.0)	(97.0, 0.0)	(98.0, 0.0)	(99.0, 0.0)	(100.0, 0.0)
SRR1542661_2	(0.0, 0.0)	(1.0, 0.0)	(2.0, 0.0)	(3.0, 0.0)	(4.0, 0.0)	(5.0, 0.0)	(6.0, 0.0)	(7.0, 0.0)	(8.0, 0.0)	(9.0, 0.0)	(10.0, 0.0)	(11.0, 0.0)	(12.0, 0.0)	(13.0, 0.0)	(14.0, 0.0)	(15.0, 0.0)	(16.0, 0.0)	(17.0, 0.0)	(18.0, 0.0)	(19.0, 0.0)	(20.0, 0.0)	(21.0, 0.0)	(22.0, 0.0)	(23.0, 0.0)	(24.0, 0.0)	(25.0, 0.0)	(26.0, 0.0)	(27.0, 0.0)	(28.0, 0.0)	(29.0, 0.0)	(30.0, 0.0)	(31.0, 0.0)	(32.0, 0.0)	(33.0, 0.0)	(34.0, 0.0)	(35.0, 0.0)	(36.0, 0.0)	(37.0, 0.0)	(38.0, 0.0)	(39.0, 0.0)	(40.0, 0.0)	(41.0, 0.0)	(42.0, 0.0)	(43.0, 0.3333333333333333)	(44.0, 1.9999999999999998)	(45.0, 5.666666666666665)	(46.0, 4.0)	(47.0, 4.666666666666666)	(48.0, 9.333333333333332)	(49.0, 15.333333333333343)	(50.0, 31.999999999999954)	(51.0, 50.66666666666675)	(52.0, 121.99999999999935)	(53.0, 195.66666666666785)	(54.0, 213.00000000000168)	(55.0, 253.0000000000028)	(56.0, 233.00000000000225)	(57.0, 167.3333333333337)	(58.0, 113.99999999999946)	(59.0, 55.33333333333345)	(60.0, 33.66666666666663)	(61.0, 19.999999999999996)	(62.0, 11.333333333333336)	(63.0, 6.666666666666664)	(64.0, 4.0)	(65.0, 6.999999999999997)	(66.0, 14.333333333333341)	(67.0, 8.33333333333333)	(68.0, 3.0)	(69.0, 1.6666666666666665)	(70.0, 1.3333333333333333)	(71.0, 0.6666666666666666)	(72.0, 0.6666666666666666)	(73.0, 0.3333333333333333)	(74.0, 0.0)	(75.0, 0.0)	(76.0, 0.0)	(77.0, 0.0)	(78.0, 0.0)	(79.0, 0.3333333333333333)	(80.0, 0.0)	(81.0, 0.0)	(82.0, 0.0)	(83.0, 0.0)	(84.0, 0.0)	(85.0, 0.0)	(86.0, 0.0)	(87.0, 0.0)	(88.0, 0.0)	(89.0, 0.0)	(90.0, 0.0)	(91.0, 0.0)	(92.0, 0.0)	(93.0, 0.0)	(94.0, 0.0)	(95.0, 0.0)	(96.0, 0.0)	(97.0, 0.0)	(98.0, 0.0)	(99.0, 0.0)	(100.0, 0.0)
SRR1542675_1	(0.0, 0.0)	(1.0, 0.0)	(2.0, 0.0)	(3.0, 0.0)	(4.0, 0.0)	(5.0, 0.0)	(6.0, 0.0)	(7.0, 0.0)	(8.0, 0.0)	(9.0, 0.0)	(10.0, 0.0)	(11.0, 0.0)	(12.0, 0.0)	(13.0, 0.0)	(14.0, 0.0)	(15.0, 0.0)	(16.0, 0.0)	(17.0, 0.0)	(18.0, 0.0)	(19.0, 0.0)	(20.0, 0.0)	(21.0, 0.0)	(22.0, 0.0)	(23.0, 0.0)	(24.0, 0.0)	(25.0, 0.0)	(26.0, 0.0)	(27.0, 0.0)	(28.0, 0.0)	(29.0, 0.0)	(30.0, 0.0)	(31.0, 0.0)	(32.0, 0.0)	(33.0, 0.0)	(34.0, 0.0)	(35.0, 0.0)	(36.0, 0.0)	(37.0, 0.0)	(38.0, 0.0)	(39.0, 0.0)	(40.0, 0.0)	(41.0, 0.0)	(42.0, 0.0)	(43.0, 0.0)	(44.0, 0.3333333333333333)	(45.0, 0.6666666666666666)	(46.0, 1.6666666666666665)	(47.0, 3.666666666666667)	(48.0, 10.666666666666668)	(49.0, 30.999999999999957)	(50.0, 77.33333333333331)	(51.0, 123.33333333333266)	(52.0, 120.99999999999936)	(53.0, 92.66666666666643)	(54.0, 144.33333333333306)	(55.0, 111.99999999999949)	(56.0, 99.333333333333)	(57.0, 67.00000000000013)	(58.0, 37.66666666666666)	(59.0, 32.99999999999996)	(60.0, 37.66666666666666)	(61.0, 129.99999999999932)	(62.0, 130.666666666666)	(63.0, 15.666666666666677)	(64.0, 4.999999999999999)	(65.0, 2.6666666666666665)	(66.0, 1.9999999999999998)	(67.0, 1.3333333333333333)	(68.0, 3.0)	(69.0, 1.6666666666666665)	(70.0, 0.3333333333333333)	(71.0, 0.0)	(72.0, 0.0)	(73.0, 0.0)	(74.0, 0.0)	(75.0, 0.0)	(76.0, 0.0)	(77.0, 0.0)	(78.0, 0.0)	(79.0, 0.0)	(80.0, 0.0)	(81.0, 0.0)	(82.0, 0.0)	(83.0, 0.0)	(84.0, 0.0)	(85.0, 0.0)	(86.0, 0.0)	(87.0, 0.0)	(88.0, 0.0)	(89.0, 0.0)	(90.0, 0.0)	(91.0, 0.0)	(92.0, 0.0)	(93.0, 0.0)	(94.0, 0.0)	(95.0, 0.0)	(96.0, 0.0)	(97.0, 0.0)	(98.0, 0.0)	(99.0, 0.0)	(100.0, 0.0)
SRR1542675_2	(0.0, 0.0)	(1.0, 0.0)	(2.0, 0.0)	(3.0, 0.0)	(4.0, 0.0)	(5.0, 0.0)	(6.0, 0.0)	(7.0, 0.0)	(8.0, 0.0)	(9.0, 0.0)	(10.0, 0.0)	(11.0, 0.0)	(12.0, 0.0)	(13.0, 0.0)	(14.0, 0.0)	(15.0, 0.0)	(16.0, 0.0)	(17.0, 0.0)	(18.0, 0.0)	(19.0, 0.0)	(20.0, 0.0)	(21.0, 0.0)	(22.0, 0.0)	(23.0, 0.0)	(24.0, 0.0)	(25.0, 0.0)	(26.0, 0.0)	(27.0, 0.0)	(28.0, 0.0)	(29.0, 0.0)	(30.0, 0.0)	(31.0, 0.0)	(32.0, 0.0)	(33.0, 0.0)	(34.0, 0.0)	(35.0, 0.0)	(36.0, 0.0)	(37.0, 0.0)	(38.0, 0.0)	(39.0, 0.3333333333333333)	(40.0, 0.3333333333333333)	(41.0, 0.0)	(42.0, 0.0)	(43.0, 0.3333333333333333)	(44.0, 1.0)	(45.0, 1.0)	(46.0, 1.3333333333333333)	(47.0, 4.333333333333333)	(48.0, 8.666666666666664)	(49.0, 19.666666666666664)	(50.0, 30.999999999999957)	(51.0, 51.000000000000085)	(52.0, 104.99999999999959)	(53.0, 122.99999999999933)	(54.0, 146.33333333333312)	(55.0, 150.66666666666657)	(56.0, 157.33333333333343)	(57.0, 92.99999999999976)	(58.0, 52.33333333333343)	(59.0, 29.333333333333297)	(60.0, 20.999999999999993)	(61.0, 15.333333333333343)	(62.0, 12.000000000000004)	(63.0, 7.33333333333333)	(64.0, 7.666666666666663)	(65.0, 31.66666666666662)	(66.0, 117.9999999999994)	(67.0, 50.333333333333414)	(68.0, 11.000000000000002)	(69.0, 3.3333333333333335)	(70.0, 1.3333333333333333)	(71.0, 0.6666666666666666)	(72.0, 1.3333333333333333)	(73.0, 1.0)	(74.0, 0.3333333333333333)	(75.0, 0.0)	(76.0, 0.0)	(77.0, 0.0)	(78.0, 0.0)	(79.0, 0.0)	(80.0, 0.0)	(81.0, 0.0)	(82.0, 0.0)	(83.0, 0.0)	(84.0, 0.0)	(85.0, 0.0)	(86.0, 0.0)	(87.0, 0.0)	(88.0, 0.0)	(89.0, 0.0)	(90.0, 0.0)	(91.0, 0.0)	(92.0, 0.0)	(93.0, 0.0)	(94.0, 0.0)	(95.0, 0.0)	(96.0, 0.0)	(97.0, 0.0)	(98.0, 0.0)	(99.0, 0.0)	(100.0, 0.0)
SRR1542676_1	(0.0, 0.0)	(1.0, 0.0)	(2.0, 0.0)	(3.0, 0.0)	(4.0, 0.0)	(5.0, 0.0)	(6.0, 0.0)	(7.0, 0.0)	(8.0, 0.0)	(9.0, 0.0)	(10.0, 0.0)	(11.0, 0.0)	(12.0, 0.0)	(13.0, 0.0)	(14.0, 0.0)	(15.0, 0.0)	(16.0, 0.0)	(17.0, 0.0)	(18.0, 0.0)	(19.0, 0.0)	(20.0, 0.0)	(21.0, 0.0)	(22.0, 0.0)	(23.0, 0.0)	(24.0, 0.0)	(25.0, 0.0)	(26.0, 0.0)	(27.0, 0.0)	(28.0, 0.0)	(29.0, 0.0)	(30.0, 0.0)	(31.0, 0.0)	(32.0, 0.3333333333333333)	(33.0, 0.3333333333333333)	(34.0, 0.0)	(35.0, 0.0)	(36.0, 0.3333333333333333)	(37.0, 0.3333333333333333)	(38.0, 0.3333333333333333)	(39.0, 0.3333333333333333)	(40.0, 0.0)	(41.0, 0.3333333333333333)	(42.0, 0.3333333333333333)	(43.0, 0.3333333333333333)	(44.0, 1.9999999999999998)	(45.0, 6.999999999999997)	(46.0, 22.33333333333332)	(47.0, 77.99999999999997)	(48.0, 103.66666666666627)	(49.0, 194.66666666666782)	(50.0, 542.3333333333251)	(51.0, 930.6666666667026)	(52.0, 1240.3333333333305)	(53.0, 1426.9999999999548)	(54.0, 1684.3333333332296)	(55.0, 1607.9999999999136)	(56.0, 1343.333333333307)	(57.0, 685.6666666666747)	(58.0, 416.99999999999375)	(59.0, 296.0000000000006)	(60.0, 197.33333333333456)	(61.0, 123.99999999999932)	(62.0, 80.6666666666666)	(63.0, 43.00000000000003)	(64.0, 20.999999999999993)	(65.0, 9.333333333333332)	(66.0, 4.666666666666666)	(67.0, 3.3333333333333335)	(68.0, 4.666666666666666)	(69.0, 4.333333333333333)	(70.0, 1.9999999999999998)	(71.0, 0.3333333333333333)	(72.0, 0.3333333333333333)	(73.0, 0.3333333333333333)	(74.0, 0.0)	(75.0, 0.0)	(76.0, 0.0)	(77.0, 0.0)	(78.0, 0.0)	(79.0, 0.0)	(80.0, 0.0)	(81.0, 0.0)	(82.0, 0.0)	(83.0, 0.0)	(84.0, 0.0)	(85.0, 0.0)	(86.0, 0.0)	(87.0, 0.0)	(88.0, 0.0)	(89.0, 0.0)	(90.0, 0.0)	(91.0, 0.0)	(92.0, 0.0)	(93.0, 0.0)	(94.0, 0.0)	(95.0, 0.0)	(96.0, 0.0)	(97.0, 0.0)	(98.0, 0.0)	(99.0, 0.0)	(100.0, 0.0)
SRR1542676_2	(0.0, 0.0)	(1.0, 0.0)	(2.0, 0.0)	(3.0, 0.0)	(4.0, 0.0)	(5.0, 0.0)	(6.0, 0.0)	(7.0, 0.0)	(8.0, 0.0)	(9.0, 0.0)	(10.0, 0.0)	(11.0, 0.0)	(12.0, 0.0)	(13.0, 0.0)	(14.0, 0.0)	(15.0, 0.0)	(16.0, 0.0)	(17.0, 0.0)	(18.0, 0.0)	(19.0, 0.0)	(20.0, 0.0)	(21.0, 0.0)	(22.0, 0.0)	(23.0, 0.0)	(24.0, 0.0)	(25.0, 0.0)	(26.0, 0.0)	(27.0, 0.0)	(28.0, 0.0)	(29.0, 0.0)	(30.0, 0.0)	(31.0, 0.0)	(32.0, 0.0)	(33.0, 0.0)	(34.0, 0.0)	(35.0, 0.0)	(36.0, 0.0)	(37.0, 0.0)	(38.0, 0.0)	(39.0, 0.6666666666666666)	(40.0, 1.0)	(41.0, 1.0)	(42.0, 1.3333333333333333)	(43.0, 7.33333333333333)	(44.0, 11.333333333333336)	(45.0, 18.000000000000004)	(46.0, 24.99999999999998)	(47.0, 46.66666666666672)	(48.0, 96.66666666666637)	(49.0, 181.66666666666745)	(50.0, 284.3333333333346)	(51.0, 504.66666666665543)	(52.0, 804.3333333333549)	(53.0, 1123.0000000000239)	(54.0, 1443.6666666666176)	(55.0, 1662.6666666665678)	(56.0, 1645.3333333332384)	(57.0, 1248.9999999999952)	(58.0, 791.00000000002)	(59.0, 489.33333333332297)	(60.0, 305.3333333333334)	(61.0, 190.6666666666677)	(62.0, 91.99999999999977)	(63.0, 47.33333333333339)	(64.0, 25.33333333333331)	(65.0, 13.666666666666673)	(66.0, 8.999999999999998)	(67.0, 6.999999999999997)	(68.0, 6.666666666666664)	(69.0, 5.333333333333332)	(70.0, 2.6666666666666665)	(71.0, 3.0)	(72.0, 2.333333333333333)	(73.0, 1.6666666666666665)	(74.0, 1.0)	(75.0, 0.0)	(76.0, 0.0)	(77.0, 0.3333333333333333)	(78.0, 0.3333333333333333)	(79.0, 0.0)	(80.0, 0.3333333333333333)	(81.0, 0.0)	(82.0, 0.3333333333333333)	(83.0, 0.0)	(84.0, 0.0)	(85.0, 0.0)	(86.0, 0.3333333333333333)	(87.0, 0.0)	(88.0, 0.0)	(89.0, 0.0)	(90.0, 0.0)	(91.0, 0.0)	(92.0, 0.0)	(93.0, 0.0)	(94.0, 0.0)	(95.0, 0.0)	(96.0, 0.0)	(97.0, 0.0)	(98.0, 0.0)	(99.0, 0.0)	(100.0, 0.0)
SRR1542679_1	(0.0, 0.0)	(1.0, 0.0)	(2.0, 0.0)	(3.0, 0.0)	(4.0, 0.0)	(5.0, 0.0)	(6.0, 0.0)	(7.0, 0.0)	(8.0, 0.0)	(9.0, 0.0)	(10.0, 0.0)	(11.0, 0.0)	(12.0, 0.3333333333333333)	(13.0, 0.0)	(14.0, 0.0)	(15.0, 0.0)	(16.0, 0.0)	(17.0, 0.0)	(18.0, 0.0)	(19.0, 0.0)	(20.0, 0.0)	(21.0, 0.0)	(22.0, 0.0)	(23.0, 0.0)	(24.0, 0.0)	(25.0, 0.0)	(26.0, 0.3333333333333333)	(27.0, 0.0)	(28.0, 0.0)	(29.0, 0.0)	(30.0, 0.3333333333333333)	(31.0, 0.0)	(32.0, 0.0)	(33.0, 0.0)	(34.0, 0.3333333333333333)	(35.0, 0.3333333333333333)	(36.0, 0.3333333333333333)	(37.0, 0.0)	(38.0, 0.0)	(39.0, 0.6666666666666666)	(40.0, 1.3333333333333333)	(41.0, 0.6666666666666666)	(42.0, 1.0)	(43.0, 8.33333333333333)	(44.0, 13.666666666666673)	(45.0, 24.333333333333314)	(46.0, 86.33333333333319)	(47.0, 177.333333333334)	(48.0, 406.666666666661)	(49.0, 995.0000000000432)	(50.0, 2520.000000000028)	(51.0, 4165.666666667348)	(52.0, 5535.666666666102)	(53.0, 5705.666666665948)	(54.0, 5954.999999999054)	(55.0, 5380.666666666243)	(56.0, 4635.666666666921)	(57.0, 3457.333333333788)	(58.0, 2421.9999999999836)	(59.0, 1699.6666666665594)	(60.0, 1293.6666666666517)	(61.0, 1009.3333333333782)	(62.0, 788.6666666666864)	(63.0, 596.3333333333312)	(64.0, 420.3333333333269)	(65.0, 278.00000000000165)	(66.0, 156.66666666666674)	(67.0, 91.33333333333312)	(68.0, 50.66666666666675)	(69.0, 23.999999999999982)	(70.0, 18.000000000000004)	(71.0, 11.000000000000002)	(72.0, 4.666666666666666)	(73.0, 4.333333333333333)	(74.0, 2.6666666666666665)	(75.0, 0.3333333333333333)	(76.0, 0.6666666666666666)	(77.0, 0.3333333333333333)	(78.0, 0.0)	(79.0, 0.0)	(80.0, 0.0)	(81.0, 0.0)	(82.0, 0.0)	(83.0, 0.0)	(84.0, 0.0)	(85.0, 0.0)	(86.0, 0.0)	(87.0, 0.0)	(88.0, 0.0)	(89.0, 0.0)	(90.0, 0.0)	(91.0, 0.0)	(92.0, 0.0)	(93.0, 0.0)	(94.0, 0.0)	(95.0, 0.0)	(96.0, 0.0)	(97.0, 0.0)	(98.0, 0.0)	(99.0, 0.0)	(100.0, 0.0)
SRR1542679_2	(0.0, 0.0)	(1.0, 0.0)	(2.0, 0.0)	(3.0, 0.0)	(4.0, 0.0)	(5.0, 0.3333333333333333)	(6.0, 0.3333333333333333)	(7.0, 0.0)	(8.0, 0.0)	(9.0, 0.0)	(10.0, 0.0)	(11.0, 0.0)	(12.0, 0.0)	(13.0, 0.3333333333333333)	(14.0, 0.0)	(15.0, 0.0)	(16.0, 0.0)	(17.0, 0.0)	(18.0, 0.0)	(19.0, 0.0)	(20.0, 0.3333333333333333)	(21.0, 0.0)	(22.0, 0.6666666666666666)	(23.0, 0.3333333333333333)	(24.0, 0.0)	(25.0, 0.3333333333333333)	(26.0, 0.3333333333333333)	(27.0, 0.3333333333333333)	(28.0, 0.0)	(29.0, 1.0)	(30.0, 0.0)	(31.0, 1.0)	(32.0, 1.0)	(33.0, 0.6666666666666666)	(34.0, 0.3333333333333333)	(35.0, 0.6666666666666666)	(36.0, 1.0)	(37.0, 0.6666666666666666)	(38.0, 0.6666666666666666)	(39.0, 0.3333333333333333)	(40.0, 0.0)	(41.0, 0.3333333333333333)	(42.0, 1.6666666666666665)	(43.0, 2.6666666666666665)	(44.0, 7.33333333333333)	(45.0, 12.000000000000004)	(46.0, 15.666666666666677)	(47.0, 22.999999999999986)	(48.0, 54.66666666666678)	(49.0, 158.0000000000001)	(50.0, 296.0000000000006)	(51.0, 523.6666666666563)	(52.0, 923.000000000035)	(53.0, 1593.9999999999168)	(54.0, 2381.666666666632)	(55.0, 3171.0000000003242)	(56.0, 3906.6666666673254)	(57.0, 4402.000000000467)	(58.0, 4572.333333333645)	(59.0, 4534.0000000003465)	(60.0, 4250.333333333938)	(61.0, 3924.333333334)	(62.0, 3381.333333333753)	(63.0, 2754.333333333468)	(64.0, 2171.333333333203)	(65.0, 1634.9999999999075)	(66.0, 1181.6666666666772)	(67.0, 824.3333333333571)	(68.0, 544.6666666666587)	(69.0, 330.6666666666653)	(70.0, 216.66666666666845)	(71.0, 137.33333333333286)	(72.0, 93.66666666666642)	(73.0, 63.00000000000017)	(74.0, 42.00000000000002)	(75.0, 23.999999999999982)	(76.0, 16.333333333333343)	(77.0, 12.000000000000004)	(78.0, 8.666666666666664)	(79.0, 6.333333333333331)	(80.0, 2.333333333333333)	(81.0, 1.3333333333333333)	(82.0, 1.0)	(83.0, 1.0)	(84.0, 1.0)	(85.0, 0.6666666666666666)	(86.0, 1.0)	(87.0, 1.3333333333333333)	(88.0, 0.6666666666666666)	(89.0, 0.3333333333333333)	(90.0, 0.3333333333333333)	(91.0, 0.3333333333333333)	(92.0, 0.3333333333333333)	(93.0, 0.6666666666666666)	(94.0, 0.3333333333333333)	(95.0, 0.0)	(96.0, 0.0)	(97.0, 0.6666666666666666)	(98.0, 0.0)	(99.0, 0.0)	(100.0, 0.0)
SRR1542680_1	(0.0, 0.0)	(1.0, 0.0)	(2.0, 0.0)	(3.0, 0.0)	(4.0, 0.0)	(5.0, 0.0)	(6.0, 0.0)	(7.0, 0.0)	(8.0, 0.0)	(9.0, 0.0)	(10.0, 0.0)	(11.0, 0.0)	(12.0, 0.0)	(13.0, 0.0)	(14.0, 0.0)	(15.0, 0.0)	(16.0, 0.0)	(17.0, 0.0)	(18.0, 0.0)	(19.0, 0.0)	(20.0, 0.0)	(21.0, 0.0)	(22.0, 0.0)	(23.0, 0.0)	(24.0, 0.0)	(25.0, 0.0)	(26.0, 0.0)	(27.0, 0.0)	(28.0, 0.0)	(29.0, 0.3333333333333333)	(30.0, 0.0)	(31.0, 0.0)	(32.0, 0.6666666666666666)	(33.0, 1.0)	(34.0, 0.0)	(35.0, 1.0)	(36.0, 1.3333333333333333)	(37.0, 2.333333333333333)	(38.0, 4.999999999999999)	(39.0, 8.33333333333333)	(40.0, 13.000000000000005)	(41.0, 17.33333333333334)	(42.0, 17.66666666666667)	(43.0, 20.999999999999993)	(44.0, 23.66666666666665)	(45.0, 41.33333333333335)	(46.0, 66.6666666666668)	(47.0, 121.66666666666602)	(48.0, 174.66666666666725)	(49.0, 387.6666666666621)	(50.0, 1070.6666666667024)	(51.0, 1555.6666666665922)	(52.0, 1897.9999999998477)	(53.0, 2199.9999999998827)	(54.0, 2706.3333333334463)	(55.0, 2446.6666666666615)	(56.0, 1761.9999999998786)	(57.0, 1211.0000000000039)	(58.0, 863.3333333333616)	(59.0, 635.3333333333356)	(60.0, 710.6666666666775)	(61.0, 4888.000000000025)	(62.0, 5818.666666665845)	(63.0, 1000.6666666667105)	(64.0, 316.99999999999943)	(65.0, 158.0000000000001)	(66.0, 81.99999999999991)	(67.0, 61.000000000000156)	(68.0, 41.000000000000014)	(69.0, 21.333333333333325)	(70.0, 16.333333333333343)	(71.0, 10.666666666666668)	(72.0, 4.0)	(73.0, 3.3333333333333335)	(74.0, 0.3333333333333333)	(75.0, 0.0)	(76.0, 0.0)	(77.0, 0.0)	(78.0, 0.0)	(79.0, 0.0)	(80.0, 0.0)	(81.0, 0.0)	(82.0, 0.0)	(83.0, 0.0)	(84.0, 0.0)	(85.0, 0.0)	(86.0, 0.0)	(87.0, 0.0)	(88.0, 0.0)	(89.0, 0.0)	(90.0, 0.0)	(91.0, 0.0)	(92.0, 0.0)	(93.0, 0.0)	(94.0, 0.0)	(95.0, 0.0)	(96.0, 0.0)	(97.0, 0.0)	(98.0, 0.0)	(99.0, 0.0)	(100.0, 0.0)
SRR1542680_2	(0.0, 0.0)	(1.0, 0.0)	(2.0, 0.0)	(3.0, 0.0)	(4.0, 0.0)	(5.0, 0.0)	(6.0, 0.0)	(7.0, 0.0)	(8.0, 0.0)	(9.0, 0.0)	(10.0, 0.0)	(11.0, 0.0)	(12.0, 0.0)	(13.0, 0.0)	(14.0, 0.0)	(15.0, 0.0)	(16.0, 0.0)	(17.0, 0.0)	(18.0, 0.0)	(19.0, 0.0)	(20.0, 0.0)	(21.0, 0.3333333333333333)	(22.0, 0.3333333333333333)	(23.0, 0.0)	(24.0, 0.6666666666666666)	(25.0, 0.0)	(26.0, 0.0)	(27.0, 0.0)	(28.0, 0.0)	(29.0, 0.6666666666666666)	(30.0, 0.0)	(31.0, 0.0)	(32.0, 0.0)	(33.0, 0.3333333333333333)	(34.0, 0.0)	(35.0, 0.3333333333333333)	(36.0, 0.3333333333333333)	(37.0, 1.0)	(38.0, 1.3333333333333333)	(39.0, 2.333333333333333)	(40.0, 2.333333333333333)	(41.0, 4.999999999999999)	(42.0, 6.333333333333331)	(43.0, 14.000000000000007)	(44.0, 22.666666666666654)	(45.0, 29.99999999999996)	(46.0, 46.66666666666672)	(47.0, 55.666666666666785)	(48.0, 81.99999999999991)	(49.0, 161.0000000000002)	(50.0, 291.3333333333342)	(51.0, 449.66666666665856)	(52.0, 670.666666666673)	(53.0, 1030.3333333333783)	(54.0, 1514.6666666666015)	(55.0, 1968.333333333165)	(56.0, 2258.9999999999095)	(57.0, 2212.9999999998886)	(58.0, 1861.3333333331893)	(59.0, 1541.333333333262)	(60.0, 1261.666666666659)	(61.0, 1031.6666666667113)	(62.0, 849.33333333336)	(63.0, 647.0000000000036)	(64.0, 524.9999999999898)	(65.0, 533.6666666666574)	(66.0, 1078.6666666667006)	(67.0, 1844.6666666665265)	(68.0, 1888.6666666665164)	(69.0, 1558.6666666665915)	(70.0, 1217.3333333333358)	(71.0, 852.000000000027)	(72.0, 598.3333333333314)	(73.0, 427.6666666666598)	(74.0, 297.3333333333339)	(75.0, 212.333333333335)	(76.0, 145.3333333333331)	(77.0, 84.66666666666654)	(78.0, 59.00000000000014)	(79.0, 36.66666666666665)	(80.0, 22.33333333333332)	(81.0, 12.333333333333337)	(82.0, 4.666666666666666)	(83.0, 3.666666666666667)	(84.0, 2.6666666666666665)	(85.0, 0.3333333333333333)	(86.0, 1.0)	(87.0, 0.3333333333333333)	(88.0, 0.3333333333333333)	(89.0, 0.3333333333333333)	(90.0, 0.3333333333333333)	(91.0, 0.3333333333333333)	(92.0, 0.3333333333333333)	(93.0, 0.0)	(94.0, 0.0)	(95.0, 0.0)	(96.0, 0.0)	(97.0, 0.6666666666666666)	(98.0, 0.6666666666666666)	(99.0, 0.0)	(100.0, 0.5)
