Run,Assay Type,AvgSpotLen,Bases,BioProject,BioSample,Bytes,Center Name,Consent,DATASTORE filetype,DATASTORE provider,DATASTORE region,Experiment,Instrument,LibraryLayout,LibrarySelection,LibrarySource,Organism,Platform,ReleaseDate,create_date,version,Sample Name,SRA Study,BIOME,BioSampleModel,Collection_Date,env_package,feature,geo_loc_name_country,geo_loc_name_country_continent,geo_loc_name,Host_age,host_body_product,host_common_name,Host_diet,host_family_relationship,host_growth_cond,host_last_meal,host_life_stage,host_sex,host_taxid,host_tissue_sampled,Investigation_type,Label,lat_lon,material,perturbation,project_name,samp_mat_process,samp_size,samp_store_dur,samp_store_temp,specific_host,Library Name
SRR357662,AMPLICON,561,5013862,PRJNA72355,SAMN00709891,10811713,USDA/ARS/NADC/FSEPRU,public,"run.zq,sff,sra","gs,ncbi,s3","gs.us-east1,ncbi.public,s3.us-east-1",SRX103156,454 GS FLX Titanium,SINGLE,PCR,METAGENOMIC,Viruses,LS454,2011-12-06T00:00:00Z,2012-01-21T08:34:00Z,3,NonmedDay0,SRP008126,,,,,,,,,,,,,,,,,,,,,,,,,,,,,,,NonmedDay0 16S
SRR357663,AMPLICON,575,4137025,PRJNA72355,SAMN00709891,8902136,USDA/ARS/NADC/FSEPRU,public,"run.zq,sff,sra","gs,ncbi,s3","gs.us-east1,ncbi.public,s3.us-east-1",SRX103156,454 GS FLX Titanium,SINGLE,PCR,METAGENOMIC,Viruses,LS454,2011-12-06T00:00:00Z,2012-01-21T08:34:00Z,3,NonmedDay0,SRP008126,,,,,,,,,,,,,,,,,,,,,,,,,,,,,,,NonmedDay0 16S
SRR357664,AMPLICON,563,5178364,PRJNA72355,SAMN00709891,11178150,USDA/ARS/NADC/FSEPRU,public,"run.zq,sff,sra","gs,ncbi,s3","gs.us-east1,ncbi.public,s3.us-east-1",SRX103156,454 GS FLX Titanium,SINGLE,PCR,METAGENOMIC,Viruses,LS454,2011-12-06T00:00:00Z,2012-01-21T08:34:00Z,3,NonmedDay0,SRP008126,,,,,,,,,,,,,,,,,,,,,,,,,,,,,,,NonmedDay0 16S
SRR357665,AMPLICON,560,5315392,PRJNA72355,SAMN00709891,11516563,USDA/ARS/NADC/FSEPRU,public,"run.zq,sff,sra","gs,ncbi,s3","gs.us-east1,ncbi.public,s3.us-east-1",SRX103156,454 GS FLX Titanium,SINGLE,PCR,METAGENOMIC,Viruses,LS454,2011-12-06T00:00:00Z,2012-01-21T08:34:00Z,3,NonmedDay0,SRP008126,,,,,,,,,,,,,,,,,,,,,,,,,,,,,,,NonmedDay0 16S
SRR358626,AMPLICON,582,6955308,PRJNA72355,SAMN00709892,14909555,USDA/ARS/NADC/FSEPRU,public,"run.zq,sff,sra","gs,ncbi,s3","gs.us-east1,ncbi.public,s3.us-east-1",SRX103232,454 GS FLX,SINGLE,PCR,METAGENOMIC,Viruses,LS454,2011-12-06T00:00:00Z,2012-01-21T08:39:00Z,3,SubtherDay0,SRP008126,,,,,,,,,,,,,,,,,,,,,,,,,,,,,,,SubtherDay0 16S
SRR358627,AMPLICON,560,11863896,PRJNA72355,SAMN00709892,25681480,USDA/ARS/NADC/FSEPRU,public,"run.zq,sff,sra","gs,ncbi,s3","gs.us-east1,ncbi.public,s3.us-east-1",SRX103232,454 GS FLX,SINGLE,PCR,METAGENOMIC,Viruses,LS454,2011-12-06T00:00:00Z,2012-01-21T08:39:00Z,3,SubtherDay0,SRP008126,,,,,,,,,,,,,,,,,,,,,,,,,,,,,,,SubtherDay0 16S
SRR358628,AMPLICON,552,5857562,PRJNA72355,SAMN00709892,12688621,USDA/ARS/NADC/FSEPRU,public,"run.zq,sff,sra","gs,ncbi,s3","gs.us-east1,ncbi.public,s3.us-east-1",SRX103232,454 GS FLX,SINGLE,PCR,METAGENOMIC,Viruses,LS454,2011-12-06T00:00:00Z,2012-01-21T08:39:00Z,3,SubtherDay0,SRP008126,,,,,,,,,,,,,,,,,,,,,,,,,,,,,,,SubtherDay0 16S
SRR358629,AMPLICON,570,4917378,PRJNA72355,SAMN00709892,10595010,USDA/ARS/NADC/FSEPRU,public,"run.zq,sff,sra","gs,ncbi,s3","gs.us-east1,ncbi.public,s3.us-east-1",SRX103232,454 GS FLX,SINGLE,PCR,METAGENOMIC,Viruses,LS454,2011-12-06T00:00:00Z,2012-01-21T08:39:00Z,3,SubtherDay0,SRP008126,,,,,,,,,,,,,,,,,,,,,,,,,,,,,,,SubtherDay0 16S
SRR358646,AMPLICON,549,4907266,PRJNA72355,SAMN00709893,10660091,USDA/ARS/NADC/FSEPRU,public,"run.zq,sff,sra","gs,ncbi,s3","gs.us-east1,ncbi.public,s3.us-east-1",SRX103246,454 GS FLX Titanium,SINGLE,PCR,METAGENOMIC,Viruses,LS454,2011-12-06T00:00:00Z,2012-01-21T08:39:00Z,3,NonmedDay14,SRP008126,,,,,,,,,,,,,,,,,,,,,,,,,,,,,,,NonmedDay14 16S
SRR358647,AMPLICON,575,1313357,PRJNA72355,SAMN00709893,2855055,USDA/ARS/NADC/FSEPRU,public,"run.zq,sff,sra","gs,ncbi,s3","gs.us-east1,ncbi.public,s3.us-east-1",SRX103246,454 GS FLX Titanium,SINGLE,PCR,METAGENOMIC,Viruses,LS454,2011-12-06T00:00:00Z,2012-01-21T08:39:00Z,3,NonmedDay14,SRP008126,,,,,,,,,,,,,,,,,,,,,,,,,,,,,,,NonmedDay14 16S
SRR358649,AMPLICON,564,5108796,PRJNA72355,SAMN00709893,11041776,USDA/ARS/NADC/FSEPRU,public,"run.zq,sff,sra","gs,ncbi,s3","gs.us-east1,ncbi.public,s3.us-east-1",SRX103246,454 GS FLX Titanium,SINGLE,PCR,METAGENOMIC,Viruses,LS454,2011-12-06T00:00:00Z,2012-01-21T08:39:00Z,3,NonmedDay14,SRP008126,,,,,,,,,,,,,,,,,,,,,,,,,,,,,,,NonmedDay14 16S
SRR358650,AMPLICON,549,4944076,PRJNA72355,SAMN00709893,10726027,USDA/ARS/NADC/FSEPRU,public,"run.zq,sff,sra","gs,ncbi,s3","gs.us-east1,ncbi.public,s3.us-east-1",SRX103246,454 GS FLX Titanium,SINGLE,PCR,METAGENOMIC,Viruses,LS454,2011-12-06T00:00:00Z,2012-01-21T08:39:00Z,3,NonmedDay14,SRP008126,,,,,,,,,,,,,,,,,,,,,,,,,,,,,,,NonmedDay14 16S
SRR358652,AMPLICON,572,4644333,PRJNA72355,SAMN00709893,9993435,USDA/ARS/NADC/FSEPRU,public,"run.zq,sff,sra","gs,ncbi,s3","gs.us-east1,ncbi.public,s3.us-east-1",SRX103246,454 GS FLX Titanium,SINGLE,PCR,METAGENOMIC,Viruses,LS454,2011-12-06T00:00:00Z,2012-01-21T08:39:00Z,3,NonmedDay14,SRP008126,,,,,,,,,,,,,,,,,,,,,,,,,,,,,,,NonmedDay14 16S
SRR358656,AMPLICON,567,6781621,PRJNA72355,SAMN00709893,15000756,USDA/ARS/NADC/FSEPRU,public,"run.zq,sff,sra","gs,ncbi,s3","gs.us-east1,ncbi.public,s3.us-east-1",SRX103246,454 GS FLX Titanium,SINGLE,PCR,METAGENOMIC,Viruses,LS454,2011-12-06T00:00:00Z,2012-01-21T08:39:00Z,3,NonmedDay14,SRP008126,,,,,,,,,,,,,,,,,,,,,,,,,,,,,,,NonmedDay14 16S
SRR358660,AMPLICON,563,5402362,PRJNA72355,SAMN00709894,11692672,USDA/ARS/NADC/FSEPRU,public,"run.zq,sff,sra","gs,ncbi,s3","gs.us-east1,ncbi.public,s3.us-east-1",SRX103258,454 GS FLX Titanium,SINGLE,PCR,METAGENOMIC,Viruses,LS454,2011-12-06T00:00:00Z,2012-01-21T08:39:00Z,3,SubtherDay14,SRP008126,,,,,,,,,,,,,,,,,,,,,,,,,,,,,,,SubtherDay14 16S
SRR358661,AMPLICON,556,5891983,PRJNA72355,SAMN00709894,12784132,USDA/ARS/NADC/FSEPRU,public,"run.zq,sff,sra","gs,ncbi,s3","gs.us-east1,ncbi.public,s3.us-east-1",SRX103258,454 GS FLX Titanium,SINGLE,PCR,METAGENOMIC,Viruses,LS454,2011-12-06T00:00:00Z,2012-01-21T08:39:00Z,3,SubtherDay14,SRP008126,,,,,,,,,,,,,,,,,,,,,,,,,,,,,,,SubtherDay14 16S
SRR358670,AMPLICON,557,6591328,PRJNA72355,SAMN00709894,14317688,USDA/ARS/NADC/FSEPRU,public,"run.zq,sff,sra","gs,ncbi,s3","gs.us-east1,ncbi.public,s3.us-east-1",SRX103258,454 GS FLX Titanium,SINGLE,PCR,METAGENOMIC,Viruses,LS454,2011-12-06T00:00:00Z,2012-01-21T08:39:00Z,3,SubtherDay14,SRP008126,,,,,,,,,,,,,,,,,,,,,,,,,,,,,,,SubtherDay14 16S
SRR358671,AMPLICON,563,5635872,PRJNA72355,SAMN00709894,12184997,USDA/ARS/NADC/FSEPRU,public,"run.zq,sff,sra","gs,ncbi,s3","gs.us-east1,ncbi.public,s3.us-east-1",SRX103258,454 GS FLX Titanium,SINGLE,PCR,METAGENOMIC,Viruses,LS454,2011-12-06T00:00:00Z,2012-01-21T08:39:00Z,3,SubtherDay14,SRP008126,,,,,,,,,,,,,,,,,,,,,,,,,,,,,,,SubtherDay14 16S
SRR358673,AMPLICON,564,6601161,PRJNA72355,SAMN00709894,14250098,USDA/ARS/NADC/FSEPRU,public,"run.zq,sff,sra","gs,ncbi,s3","gs.us-east1,ncbi.public,s3.us-east-1",SRX103258,454 GS FLX Titanium,SINGLE,PCR,METAGENOMIC,Viruses,LS454,2011-12-06T00:00:00Z,2012-01-21T08:39:00Z,3,SubtherDay14,SRP008126,,,,,,,,,,,,,,,,,,,,,,,,,,,,,,,SubtherDay14 16S
SRR358676,AMPLICON,551,3757975,PRJNA72355,SAMN00709894,8154759,USDA/ARS/NADC/FSEPRU,public,"run.zq,sff,sra","gs,ncbi,s3","gs.us-east1,ncbi.public,s3.us-east-1",SRX103258,454 GS FLX Titanium,SINGLE,PCR,METAGENOMIC,Viruses,LS454,2011-12-06T00:00:00Z,2012-01-21T08:39:00Z,3,SubtherDay14,SRP008126,,,,,,,,,,,,,,,,,,,,,,,,,,,,,,,SubtherDay14 16S
SRR358677,AMPLICON,568,4951734,PRJNA72355,SAMN00709895,10690541,USDA/ARS/NADC/FSEPRU,public,"run.zq,sff,sra","gs,ncbi,s3","gs.us-east1,ncbi.public,s3.us-east-1",SRX103268,454 GS FLX Titanium,SINGLE,PCR,METAGENOMIC,Viruses,LS454,2011-12-06T00:00:00Z,2012-01-21T08:39:00Z,3,TherDay0,SRP008126,,,,,,,,,,,,,,,,,,,,,,,,,,,,,,,TherDay0 16S
SRR358678,AMPLICON,566,6349173,PRJNA72355,SAMN00709895,13713969,USDA/ARS/NADC/FSEPRU,public,"run.zq,sff,sra","gs,ncbi,s3","gs.us-east1,ncbi.public,s3.us-east-1",SRX103268,454 GS FLX Titanium,SINGLE,PCR,METAGENOMIC,Viruses,LS454,2011-12-06T00:00:00Z,2012-01-21T08:39:00Z,3,TherDay0,SRP008126,,,,,,,,,,,,,,,,,,,,,,,,,,,,,,,TherDay0 16S
SRR358679,AMPLICON,571,5338036,PRJNA72355,SAMN00709895,11495872,USDA/ARS/NADC/FSEPRU,public,"run.zq,sff,sra","gs,ncbi,s3","gs.us-east1,ncbi.public,s3.us-east-1",SRX103268,454 GS FLX Titanium,SINGLE,PCR,METAGENOMIC,Viruses,LS454,2011-12-06T00:00:00Z,2012-01-21T08:39:00Z,3,TherDay0,SRP008126,,,,,,,,,,,,,,,,,,,,,,,,,,,,,,,TherDay0 16S
SRR358680,AMPLICON,578,4677398,PRJNA72355,SAMN00709895,10059662,USDA/ARS/NADC/FSEPRU,public,"run.zq,sff,sra","gs,ncbi,s3","gs.us-east1,ncbi.public,s3.us-east-1",SRX103268,454 GS FLX Titanium,SINGLE,PCR,METAGENOMIC,Viruses,LS454,2011-12-06T00:00:00Z,2012-01-21T08:39:00Z,3,TherDay0,SRP008126,,,,,,,,,,,,,,,,,,,,,,,,,,,,,,,TherDay0 16S
SRR358681,AMPLICON,569,6435765,PRJNA72355,SAMN00709895,13886578,USDA/ARS/NADC/FSEPRU,public,"run.zq,sff,sra","gs,ncbi,s3","gs.us-east1,ncbi.public,s3.us-east-1",SRX103268,454 GS FLX Titanium,SINGLE,PCR,METAGENOMIC,Viruses,LS454,2011-12-06T00:00:00Z,2012-01-21T08:39:00Z,3,TherDay0,SRP008126,,,,,,,,,,,,,,,,,,,,,,,,,,,,,,,TherDay0 16S
SRR358682,AMPLICON,568,5863758,PRJNA72355,SAMN00709895,12629043,USDA/ARS/NADC/FSEPRU,public,"run.zq,sff,sra","gs,ncbi,s3","gs.us-east1,ncbi.public,s3.us-east-1",SRX103268,454 GS FLX Titanium,SINGLE,PCR,METAGENOMIC,Viruses,LS454,2011-12-06T00:00:00Z,2012-01-21T08:39:00Z,3,TherDay0,SRP008126,,,,,,,,,,,,,,,,,,,,,,,,,,,,,,,TherDay0 16S
SRR358700,AMPLICON,573,6842845,PRJNA72355,SAMN00709896,14687599,USDA/ARS/NADC/FSEPRU,public,"run.zq,sff,sra","gs,ncbi,s3","gs.us-east1,ncbi.public,s3.us-east-1",SRX103282,454 GS FLX Titanium,SINGLE,PCR,METAGENOMIC,Viruses,LS454,2011-12-06T00:00:00Z,2012-01-21T08:39:00Z,3,Nonmed day17,SRP008126,,,,,,,,,,,,,,,,,,,,,,,,,,,,,,,NonmedDay17 16S
SRR358701,AMPLICON,574,5542487,PRJNA72355,SAMN00709896,11925190,USDA/ARS/NADC/FSEPRU,public,"run.zq,sff,sra","gs,ncbi,s3","gs.us-east1,ncbi.public,s3.us-east-1",SRX103282,454 GS FLX Titanium,SINGLE,PCR,METAGENOMIC,Viruses,LS454,2011-12-06T00:00:00Z,2012-01-21T08:39:00Z,3,Nonmed day17,SRP008126,,,,,,,,,,,,,,,,,,,,,,,,,,,,,,,NonmedDay17 16S
SRR358702,AMPLICON,560,8562644,PRJNA72355,SAMN00709896,18488714,USDA/ARS/NADC/FSEPRU,public,"run.zq,sff,sra","gs,ncbi,s3","gs.us-east1,ncbi.public,s3.us-east-1",SRX103282,454 GS FLX Titanium,SINGLE,PCR,METAGENOMIC,Viruses,LS454,2011-12-06T00:00:00Z,2012-01-21T08:39:00Z,3,Nonmed day17,SRP008126,,,,,,,,,,,,,,,,,,,,,,,,,,,,,,,NonmedDay17 16S
SRR358703,AMPLICON,568,8347669,PRJNA72355,SAMN00709896,18011234,USDA/ARS/NADC/FSEPRU,public,"run.zq,sff,sra","gs,ncbi,s3","gs.us-east1,ncbi.public,s3.us-east-1",SRX103282,454 GS FLX Titanium,SINGLE,PCR,METAGENOMIC,Viruses,LS454,2011-12-06T00:00:00Z,2012-01-21T08:39:00Z,3,Nonmed day17,SRP008126,,,,,,,,,,,,,,,,,,,,,,,,,,,,,,,NonmedDay17 16S
SRR358704,AMPLICON,558,9221433,PRJNA72355,SAMN00709896,19895431,USDA/ARS/NADC/FSEPRU,public,"run.zq,sff,sra","gs,ncbi,s3","gs.us-east1,ncbi.public,s3.us-east-1",SRX103282,454 GS FLX Titanium,SINGLE,PCR,METAGENOMIC,Viruses,LS454,2011-12-06T00:00:00Z,2012-01-21T08:39:00Z,3,Nonmed day17,SRP008126,,,,,,,,,,,,,,,,,,,,,,,,,,,,,,,NonmedDay17 16S
SRR358705,AMPLICON,556,4600912,PRJNA72355,SAMN00709896,9972452,USDA/ARS/NADC/FSEPRU,public,"run.zq,sff,sra","gs,ncbi,s3","gs.us-east1,ncbi.public,s3.us-east-1",SRX103282,454 GS FLX Titanium,SINGLE,PCR,METAGENOMIC,Viruses,LS454,2011-12-06T00:00:00Z,2012-01-21T08:39:00Z,3,Nonmed day17,SRP008126,,,,,,,,,,,,,,,,,,,,,,,,,,,,,,,NonmedDay17 16S
SRR358706,AMPLICON,565,6482384,PRJNA72355,SAMN00709897,14013946,USDA/ARS/NADC/FSEPRU,public,"run.zq,sff,sra","gs,ncbi,s3","gs.us-east1,ncbi.public,s3.us-east-1",SRX103283,454 GS FLX Titanium,SINGLE,PCR,METAGENOMIC,Viruses,LS454,2011-12-06T00:00:00Z,2012-01-21T08:39:00Z,3,TherDay3,SRP008126,,,,,,,,,,,,,,,,,,,,,,,,,,,,,,,TherDay3
SRR358707,AMPLICON,563,5640744,PRJNA72355,SAMN00709897,12155370,USDA/ARS/NADC/FSEPRU,public,"run.zq,sff,sra","gs,ncbi,s3","gs.us-east1,ncbi.public,s3.us-east-1",SRX103283,454 GS FLX Titanium,SINGLE,PCR,METAGENOMIC,Viruses,LS454,2011-12-06T00:00:00Z,2012-01-21T08:39:00Z,3,TherDay3,SRP008126,,,,,,,,,,,,,,,,,,,,,,,,,,,,,,,TherDay3
SRR358708,AMPLICON,577,6637843,PRJNA72355,SAMN00709897,14265904,USDA/ARS/NADC/FSEPRU,public,"run.zq,sff,sra","gs,ncbi,s3","gs.us-east1,ncbi.public,s3.us-east-1",SRX103283,454 GS FLX Titanium,SINGLE,PCR,METAGENOMIC,Viruses,LS454,2011-12-06T00:00:00Z,2012-01-21T08:39:00Z,3,TherDay3,SRP008126,,,,,,,,,,,,,,,,,,,,,,,,,,,,,,,TherDay3
SRR358711,AMPLICON,558,4142945,PRJNA72355,SAMN00709897,8991682,USDA/ARS/NADC/FSEPRU,public,"run.zq,sff,sra","gs,ncbi,s3","gs.us-east1,ncbi.public,s3.us-east-1",SRX103283,454 GS FLX Titanium,SINGLE,PCR,METAGENOMIC,Viruses,LS454,2011-12-06T00:00:00Z,2012-01-21T08:39:00Z,3,TherDay3,SRP008126,,,,,,,,,,,,,,,,,,,,,,,,,,,,,,,TherDay3
SRR358712,AMPLICON,561,7595573,PRJNA72355,SAMN00709897,16378899,USDA/ARS/NADC/FSEPRU,public,"run.zq,sff,sra","gs,ncbi,s3","gs.us-east1,ncbi.public,s3.us-east-1",SRX103283,454 GS FLX Titanium,SINGLE,PCR,METAGENOMIC,Viruses,LS454,2011-12-06T00:00:00Z,2012-01-21T08:39:00Z,3,TherDay3,SRP008126,,,,,,,,,,,,,,,,,,,,,,,,,,,,,,,TherDay3
SRR358713,AMPLICON,551,13216927,PRJNA72355,SAMN00709897,28619457,USDA/ARS/NADC/FSEPRU,public,"run.zq,sff,sra","gs,ncbi,s3","gs.us-east1,ncbi.public,s3.us-east-1",SRX103283,454 GS FLX Titanium,SINGLE,PCR,METAGENOMIC,Viruses,LS454,2011-12-06T00:00:00Z,2012-01-21T08:39:00Z,3,TherDay3,SRP008126,,,,,,,,,,,,,,,,,,,,,,,,,,,,,,,TherDay3
SRR358720,AMPLICON,550,11914113,PRJNA72355,SAMN00709898,25748056,USDA/ARS/NADC/FSEPRU,public,"run.zq,sff,sra","gs,ncbi,s3","gs.us-east1,ncbi.public,s3.us-east-1",SRX103292,454 GS FLX Titanium,SINGLE,PCR,METAGENOMIC,Viruses,LS454,2011-12-06T00:00:00Z,2012-01-21T08:39:00Z,3,NonmedDay42,SRP008126,,,,,,,,,,,,,,,,,,,,,,,,,,,,,,,NonmedDay42 16S
SRR358721,AMPLICON,553,4494936,PRJNA72355,SAMN00709898,9748758,USDA/ARS/NADC/FSEPRU,public,"run.zq,sff,sra","gs,ncbi,s3","gs.us-east1,ncbi.public,s3.us-east-1",SRX103292,454 GS FLX Titanium,SINGLE,PCR,METAGENOMIC,Viruses,LS454,2011-12-06T00:00:00Z,2012-01-21T08:39:00Z,3,NonmedDay42,SRP008126,,,,,,,,,,,,,,,,,,,,,,,,,,,,,,,NonmedDay42 16S
SRR358722,AMPLICON,568,7567936,PRJNA72355,SAMN00709898,16294215,USDA/ARS/NADC/FSEPRU,public,"run.zq,sff,sra","gs,ncbi,s3","gs.us-east1,ncbi.public,s3.us-east-1",SRX103292,454 GS FLX Titanium,SINGLE,PCR,METAGENOMIC,Viruses,LS454,2011-12-06T00:00:00Z,2012-01-21T08:39:00Z,3,NonmedDay42,SRP008126,,,,,,,,,,,,,,,,,,,,,,,,,,,,,,,NonmedDay42 16S
SRR358723,AMPLICON,566,5945286,PRJNA72355,SAMN00709898,12797310,USDA/ARS/NADC/FSEPRU,public,"run.zq,sff,sra","gs,ncbi,s3","gs.us-east1,ncbi.public,s3.us-east-1",SRX103292,454 GS FLX Titanium,SINGLE,PCR,METAGENOMIC,Viruses,LS454,2011-12-06T00:00:00Z,2012-01-21T08:39:00Z,3,NonmedDay42,SRP008126,,,,,,,,,,,,,,,,,,,,,,,,,,,,,,,NonmedDay42 16S
SRR358724,AMPLICON,563,4755734,PRJNA72355,SAMN00709898,10291772,USDA/ARS/NADC/FSEPRU,public,"run.zq,sff,sra","gs,ncbi,s3","gs.us-east1,ncbi.public,s3.us-east-1",SRX103292,454 GS FLX Titanium,SINGLE,PCR,METAGENOMIC,Viruses,LS454,2011-12-06T00:00:00Z,2012-01-21T08:39:00Z,3,NonmedDay42,SRP008126,,,,,,,,,,,,,,,,,,,,,,,,,,,,,,,NonmedDay42 16S
SRR358725,AMPLICON,566,6522228,PRJNA72355,SAMN00709898,14082239,USDA/ARS/NADC/FSEPRU,public,"run.zq,sff,sra","gs,ncbi,s3","gs.us-east1,ncbi.public,s3.us-east-1",SRX103292,454 GS FLX Titanium,SINGLE,PCR,METAGENOMIC,Viruses,LS454,2011-12-06T00:00:00Z,2012-01-21T08:39:00Z,3,NonmedDay42,SRP008126,,,,,,,,,,,,,,,,,,,,,,,,,,,,,,,NonmedDay42 16S
SRR358726,AMPLICON,537,4938024,PRJNA72355,SAMN00709899,10794298,USDA/ARS/NADC/FSEPRU,public,"run.zq,sff,sra","gs,ncbi,s3","gs.us-east1,ncbi.public,s3.us-east-1",SRX103293,454 GS FLX Titanium,SINGLE,PCR,METAGENOMIC,Viruses,LS454,2011-12-06T00:00:00Z,2012-01-21T08:39:00Z,3,TherDay28,SRP008126,,,,,,,,,,,,,,,,,,,,,,,,,,,,,,,TherDay28 16S
SRR358727,AMPLICON,564,7010510,PRJNA72355,SAMN00709899,15128871,USDA/ARS/NADC/FSEPRU,public,"run.zq,sff,sra","gs,ncbi,s3","gs.us-east1,ncbi.public,s3.us-east-1",SRX103293,454 GS FLX Titanium,SINGLE,PCR,METAGENOMIC,Viruses,LS454,2011-12-06T00:00:00Z,2012-01-21T08:39:00Z,3,TherDay28,SRP008126,,,,,,,,,,,,,,,,,,,,,,,,,,,,,,,TherDay28 16S
SRR358728,AMPLICON,564,5260554,PRJNA72355,SAMN00709899,11364653,USDA/ARS/NADC/FSEPRU,public,"run.zq,sff,sra","gs,ncbi,s3","gs.us-east1,ncbi.public,s3.us-east-1",SRX103293,454 GS FLX Titanium,SINGLE,PCR,METAGENOMIC,Viruses,LS454,2011-12-06T00:00:00Z,2012-01-21T08:39:00Z,3,TherDay28,SRP008126,,,,,,,,,,,,,,,,,,,,,,,,,,,,,,,TherDay28 16S
SRR358729,AMPLICON,558,6798495,PRJNA72355,SAMN00709899,15071535,USDA/ARS/NADC/FSEPRU,public,"run.zq,sff,sra","gs,ncbi,s3","gs.us-east1,ncbi.public,s3.us-east-1",SRX103293,454 GS FLX Titanium,SINGLE,PCR,METAGENOMIC,Viruses,LS454,2011-12-06T00:00:00Z,2012-01-21T08:39:00Z,3,TherDay28,SRP008126,,,,,,,,,,,,,,,,,,,,,,,,,,,,,,,TherDay28 16S
SRR358730,AMPLICON,567,5744452,PRJNA72355,SAMN00709899,12394484,USDA/ARS/NADC/FSEPRU,public,"run.zq,sff,sra","gs,ncbi,s3","gs.us-east1,ncbi.public,s3.us-east-1",SRX103293,454 GS FLX Titanium,SINGLE,PCR,METAGENOMIC,Viruses,LS454,2011-12-06T00:00:00Z,2012-01-21T08:39:00Z,3,TherDay28,SRP008126,,,,,,,,,,,,,,,,,,,,,,,,,,,,,,,TherDay28 16S
SRR358731,AMPLICON,558,5583173,PRJNA72355,SAMN00709899,12108128,USDA/ARS/NADC/FSEPRU,public,"run.zq,sff,sra","gs,ncbi,s3","gs.us-east1,ncbi.public,s3.us-east-1",SRX103293,454 GS FLX Titanium,SINGLE,PCR,METAGENOMIC,Viruses,LS454,2011-12-06T00:00:00Z,2012-01-21T08:39:00Z,3,TherDay28,SRP008126,,,,,,,,,,,,,,,,,,,,,,,,,,,,,,,TherDay28 16S
SRR358732,AMPLICON,558,9797359,PRJNA72355,SAMN00709900,20936741,USDA/ARS/NADC/FSEPRU,public,"run.zq,sff,sra","gs,ncbi,s3","gs.us-east1,ncbi.public,s3.us-east-1",SRX103294,454 GS FLX Titanium,SINGLE,PCR,METAGENOMIC,Viruses,LS454,2011-12-06T00:00:00Z,2012-01-21T08:39:00Z,3,NonmedDay56,SRP008126,,,,,,,,,,,,,,,,,,,,,,,,,,,,,,,NonmedDay56
SRR358733,AMPLICON,556,9100911,PRJNA72355,SAMN00709900,19458887,USDA/ARS/NADC/FSEPRU,public,"run.zq,sff,sra","gs,ncbi,s3","gs.us-east1,ncbi.public,s3.us-east-1",SRX103294,454 GS FLX Titanium,SINGLE,PCR,METAGENOMIC,Viruses,LS454,2011-12-06T00:00:00Z,2012-01-21T08:39:00Z,3,NonmedDay56,SRP008126,,,,,,,,,,,,,,,,,,,,,,,,,,,,,,,NonmedDay56
SRR358734,AMPLICON,547,7949968,PRJNA72355,SAMN00709900,17021099,USDA/ARS/NADC/FSEPRU,public,"run.zq,sff,sra","gs,ncbi,s3","gs.us-east1,ncbi.public,s3.us-east-1",SRX103294,454 GS FLX Titanium,SINGLE,PCR,METAGENOMIC,Viruses,LS454,2011-12-06T00:00:00Z,2012-01-21T08:39:00Z,3,NonmedDay56,SRP008126,,,,,,,,,,,,,,,,,,,,,,,,,,,,,,,NonmedDay56
SRR358735,AMPLICON,554,6572294,PRJNA72355,SAMN00709900,14050622,USDA/ARS/NADC/FSEPRU,public,"run.zq,sff,sra","gs,ncbi,s3","gs.us-east1,ncbi.public,s3.us-east-1",SRX103294,454 GS FLX Titanium,SINGLE,PCR,METAGENOMIC,Viruses,LS454,2011-12-06T00:00:00Z,2012-01-21T08:39:00Z,3,NonmedDay56,SRP008126,,,,,,,,,,,,,,,,,,,,,,,,,,,,,,,NonmedDay56
SRR358736,AMPLICON,570,10697855,PRJNA72355,SAMN00709900,23524532,USDA/ARS/NADC/FSEPRU,public,"run.zq,sff,sra","gs,ncbi,s3","gs.us-east1,ncbi.public,s3.us-east-1",SRX103294,454 GS FLX Titanium,SINGLE,PCR,METAGENOMIC,Viruses,LS454,2011-12-06T00:00:00Z,2012-01-21T08:39:00Z,3,NonmedDay56,SRP008126,,,,,,,,,,,,,,,,,,,,,,,,,,,,,,,NonmedDay56
SRR358737,AMPLICON,556,5588454,PRJNA72355,SAMN00709900,11918367,USDA/ARS/NADC/FSEPRU,public,"run.zq,sff,sra","gs,ncbi,s3","gs.us-east1,ncbi.public,s3.us-east-1",SRX103294,454 GS FLX Titanium,SINGLE,PCR,METAGENOMIC,Viruses,LS454,2011-12-06T00:00:00Z,2012-01-21T08:39:00Z,3,NonmedDay56,SRP008126,,,,,,,,,,,,,,,,,,,,,,,,,,,,,,,NonmedDay56
SRR358738,AMPLICON,554,10366130,PRJNA72355,SAMN00709901,22186845,USDA/ARS/NADC/FSEPRU,public,"run.zq,sff,sra","gs,ncbi,s3","gs.us-east1,ncbi.public,s3.us-east-1",SRX103295,454 GS FLX Titanium,SINGLE,PCR,METAGENOMIC,Viruses,LS454,2011-12-06T00:00:00Z,2012-01-21T08:39:00Z,3,ASP250Day0,SRP008126,,,,,,,,,,,,,,,,,,,,,,,,,,,,,,,ASP250Day0 16S
SRR358740,AMPLICON,552,9669205,PRJNA72355,SAMN00709901,20657421,USDA/ARS/NADC/FSEPRU,public,"run.zq,sff,sra","gs,ncbi,s3","gs.us-east1,ncbi.public,s3.us-east-1",SRX103295,454 GS FLX Titanium,SINGLE,PCR,METAGENOMIC,Viruses,LS454,2011-12-06T00:00:00Z,2012-01-21T08:39:00Z,3,ASP250Day0,SRP008126,,,,,,,,,,,,,,,,,,,,,,,,,,,,,,,ASP250Day0 16S
SRR358741,AMPLICON,554,8389394,PRJNA72355,SAMN00709901,17930763,USDA/ARS/NADC/FSEPRU,public,"run.zq,sff,sra","gs,ncbi,s3","gs.us-east1,ncbi.public,s3.us-east-1",SRX103295,454 GS FLX Titanium,SINGLE,PCR,METAGENOMIC,Viruses,LS454,2011-12-06T00:00:00Z,2012-01-21T08:39:00Z,3,ASP250Day0,SRP008126,,,,,,,,,,,,,,,,,,,,,,,,,,,,,,,ASP250Day0 16S
SRR358742,AMPLICON,554,7465867,PRJNA72355,SAMN00709901,15941607,USDA/ARS/NADC/FSEPRU,public,"run.zq,sff,sra","gs,ncbi,s3","gs.us-east1,ncbi.public,s3.us-east-1",SRX103295,454 GS FLX Titanium,SINGLE,PCR,METAGENOMIC,Viruses,LS454,2011-12-06T00:00:00Z,2012-01-21T08:39:00Z,3,ASP250Day0,SRP008126,,,,,,,,,,,,,,,,,,,,,,,,,,,,,,,ASP250Day0 16S
SRR358743,AMPLICON,555,8654955,PRJNA72355,SAMN00709901,18500433,USDA/ARS/NADC/FSEPRU,public,"run.zq,sff,sra","gs,ncbi,s3","gs.us-east1,ncbi.public,s3.us-east-1",SRX103295,454 GS FLX Titanium,SINGLE,PCR,METAGENOMIC,Viruses,LS454,2011-12-06T00:00:00Z,2012-01-21T08:40:00Z,3,ASP250Day0,SRP008126,,,,,,,,,,,,,,,,,,,,,,,,,,,,,,,ASP250Day0 16S
SRR358744,AMPLICON,556,6798088,PRJNA72355,SAMN00709901,14518010,USDA/ARS/NADC/FSEPRU,public,"run.zq,sff,sra","gs,ncbi,s3","gs.us-east1,ncbi.public,s3.us-east-1",SRX103295,454 GS FLX Titanium,SINGLE,PCR,METAGENOMIC,Viruses,LS454,2011-12-06T00:00:00Z,2012-01-21T08:39:00Z,3,ASP250Day0,SRP008126,,,,,,,,,,,,,,,,,,,,,,,,,,,,,,,ASP250Day0 16S
SRR358749,AMPLICON,555,7508870,PRJNA72355,SAMN00709902,16079496,USDA/ARS/NADC/FSEPRU,public,"run.zq,sff,sra","gs,ncbi,s3","gs.us-east1,ncbi.public,s3.us-east-1",SRX103296,454 GS FLX Titanium,SINGLE,PCR,METAGENOMIC,Viruses,LS454,2011-12-06T00:00:00Z,2012-01-21T08:39:00Z,3,NonmedDay64,SRP008126,,,,,,,,,,,,,,,,,,,,,,,,,,,,,,,NonmedDay64 16S
SRR358750,AMPLICON,548,7433452,PRJNA72355,SAMN00709902,15916425,USDA/ARS/NADC/FSEPRU,public,"run.zq,sff,sra","gs,ncbi,s3","gs.us-east1,ncbi.public,s3.us-east-1",SRX103296,454 GS FLX Titanium,SINGLE,PCR,METAGENOMIC,Viruses,LS454,2011-12-06T00:00:00Z,2012-01-21T08:39:00Z,3,NonmedDay64,SRP008126,,,,,,,,,,,,,,,,,,,,,,,,,,,,,,,NonmedDay64 16S
SRR358751,AMPLICON,549,6654308,PRJNA72355,SAMN00709902,14216766,USDA/ARS/NADC/FSEPRU,public,"run.zq,sff,sra","gs,ncbi,s3","gs.us-east1,ncbi.public,s3.us-east-1",SRX103296,454 GS FLX Titanium,SINGLE,PCR,METAGENOMIC,Viruses,LS454,2011-12-06T00:00:00Z,2012-01-21T08:40:00Z,3,NonmedDay64,SRP008126,,,,,,,,,,,,,,,,,,,,,,,,,,,,,,,NonmedDay64 16S
SRR358752,AMPLICON,553,6344344,PRJNA72355,SAMN00709902,13588408,USDA/ARS/NADC/FSEPRU,public,"run.zq,sff,sra","gs,ncbi,s3","gs.us-east1,ncbi.public,s3.us-east-1",SRX103296,454 GS FLX Titanium,SINGLE,PCR,METAGENOMIC,Viruses,LS454,2011-12-06T00:00:00Z,2012-01-21T08:39:00Z,3,NonmedDay64,SRP008126,,,,,,,,,,,,,,,,,,,,,,,,,,,,,,,NonmedDay64 16S
SRR358753,AMPLICON,551,7107161,PRJNA72355,SAMN00709902,15235851,USDA/ARS/NADC/FSEPRU,public,"run.zq,sff,sra","gs,ncbi,s3","gs.us-east1,ncbi.public,s3.us-east-1",SRX103296,454 GS FLX Titanium,SINGLE,PCR,METAGENOMIC,Viruses,LS454,2011-12-06T00:00:00Z,2012-01-21T08:39:00Z,3,NonmedDay64,SRP008126,,,,,,,,,,,,,,,,,,,,,,,,,,,,,,,NonmedDay64 16S
SRR358754,AMPLICON,548,4829359,PRJNA72355,SAMN00709902,10322420,USDA/ARS/NADC/FSEPRU,public,"run.zq,sff,sra","gs,ncbi,s3","gs.us-east1,ncbi.public,s3.us-east-1",SRX103296,454 GS FLX Titanium,SINGLE,PCR,METAGENOMIC,Viruses,LS454,2011-12-06T00:00:00Z,2012-01-21T08:39:00Z,3,NonmedDay64,SRP008126,,,,,,,,,,,,,,,,,,,,,,,,,,,,,,,NonmedDay64 16S
SRR358755,AMPLICON,551,7793314,PRJNA72355,SAMN00709903,16711449,USDA/ARS/NADC/FSEPRU,public,"run.zq,sff,sra","gs,ncbi,s3","gs.us-east1,ncbi.public,s3.us-east-1",SRX103299,454 GS FLX Titanium,SINGLE,PCR,METAGENOMIC,Viruses,LS454,2011-12-06T00:00:00Z,2012-01-21T08:39:00Z,3,ASP250Day8,SRP008126,,,,,,,,,,,,,,,,,,,,,,,,,,,,,,,ASP250Day8
SRR358756,AMPLICON,554,6659470,PRJNA72355,SAMN00709903,14226583,USDA/ARS/NADC/FSEPRU,public,"run.zq,sff,sra","gs,ncbi,s3","gs.us-east1,ncbi.public,s3.us-east-1",SRX103299,454 GS FLX Titanium,SINGLE,PCR,METAGENOMIC,Viruses,LS454,2011-12-06T00:00:00Z,2012-01-21T08:39:00Z,3,ASP250Day8,SRP008126,,,,,,,,,,,,,,,,,,,,,,,,,,,,,,,ASP250Day8
SRR358757,AMPLICON,549,8141739,PRJNA72355,SAMN00709903,17419812,USDA/ARS/NADC/FSEPRU,public,"run.zq,sff,sra","gs,ncbi,s3","gs.us-east1,ncbi.public,s3.us-east-1",SRX103299,454 GS FLX Titanium,SINGLE,PCR,METAGENOMIC,Viruses,LS454,2011-12-06T00:00:00Z,2012-01-21T08:40:00Z,3,ASP250Day8,SRP008126,,,,,,,,,,,,,,,,,,,,,,,,,,,,,,,ASP250Day8
SRR358759,AMPLICON,552,8940022,PRJNA72355,SAMN00709903,19108339,USDA/ARS/NADC/FSEPRU,public,"run.zq,sff,sra","gs,ncbi,s3","gs.us-east1,ncbi.public,s3.us-east-1",SRX103299,454 GS FLX Titanium,SINGLE,PCR,METAGENOMIC,Viruses,LS454,2011-12-06T00:00:00Z,2012-01-21T08:40:00Z,3,ASP250Day8,SRP008126,,,,,,,,,,,,,,,,,,,,,,,,,,,,,,,ASP250Day8
SRR358760,AMPLICON,551,7922803,PRJNA72355,SAMN00709903,17001344,USDA/ARS/NADC/FSEPRU,public,"run.zq,sff,sra","gs,ncbi,s3","gs.us-east1,ncbi.public,s3.us-east-1",SRX103299,454 GS FLX Titanium,SINGLE,PCR,METAGENOMIC,Viruses,LS454,2011-12-06T00:00:00Z,2012-01-21T08:40:00Z,3,ASP250Day8,SRP008126,,,,,,,,,,,,,,,,,,,,,,,,,,,,,,,ASP250Day8
SRR358761,AMPLICON,548,7260736,PRJNA72355,SAMN00709903,15550900,USDA/ARS/NADC/FSEPRU,public,"run.zq,sff,sra","gs,ncbi,s3","gs.us-east1,ncbi.public,s3.us-east-1",SRX103299,454 GS FLX Titanium,SINGLE,PCR,METAGENOMIC,Viruses,LS454,2011-12-06T00:00:00Z,2012-01-21T08:40:00Z,3,ASP250Day8,SRP008126,,,,,,,,,,,,,,,,,,,,,,,,,,,,,,,ASP250Day8
SRR358762,AMPLICON,549,9512155,PRJNA72355,SAMN00709904,20396364,USDA/ARS/NADC/FSEPRU,public,"run.zq,sff,sra","gs,ncbi,s3","gs.us-east1,ncbi.public,s3.us-east-1",SRX103301,454 GS FLX Titanium,SINGLE,PCR,METAGENOMIC,Viruses,LS454,2011-12-06T00:00:00Z,2012-01-21T08:40:00Z,3,NonmedDay70,SRP008126,,,,,,,,,,,,,,,,,,,,,,,,,,,,,,,NonmedDay70 16S
SRR358763,AMPLICON,551,9342276,PRJNA72355,SAMN00709904,20030455,USDA/ARS/NADC/FSEPRU,public,"run.zq,sff,sra","gs,ncbi,s3","gs.us-east1,ncbi.public,s3.us-east-1",SRX103301,454 GS FLX Titanium,SINGLE,PCR,METAGENOMIC,Viruses,LS454,2011-12-06T00:00:00Z,2012-01-21T08:40:00Z,3,NonmedDay70,SRP008126,,,,,,,,,,,,,,,,,,,,,,,,,,,,,,,NonmedDay70 16S
SRR358764,AMPLICON,564,5759794,PRJNA72355,SAMN00709904,12770931,USDA/ARS/NADC/FSEPRU,public,"run.zq,sff,sra","gs,ncbi,s3","gs.us-east1,ncbi.public,s3.us-east-1",SRX103301,454 GS FLX Titanium,SINGLE,PCR,METAGENOMIC,Viruses,LS454,2011-12-06T00:00:00Z,2012-01-21T08:40:00Z,3,NonmedDay70,SRP008126,,,,,,,,,,,,,,,,,,,,,,,,,,,,,,,NonmedDay70 16S
SRR358765,AMPLICON,551,7568397,PRJNA72355,SAMN00709904,16251223,USDA/ARS/NADC/FSEPRU,public,"run.zq,sff,sra","gs,ncbi,s3","gs.us-east1,ncbi.public,s3.us-east-1",SRX103301,454 GS FLX Titanium,SINGLE,PCR,METAGENOMIC,Viruses,LS454,2011-12-06T00:00:00Z,2012-01-21T08:40:00Z,3,NonmedDay70,SRP008126,,,,,,,,,,,,,,,,,,,,,,,,,,,,,,,NonmedDay70 16S
SRR358766,AMPLICON,559,9646718,PRJNA72355,SAMN00709904,20621126,USDA/ARS/NADC/FSEPRU,public,"run.zq,sff,sra","gs,ncbi,s3","gs.us-east1,ncbi.public,s3.us-east-1",SRX103301,454 GS FLX Titanium,SINGLE,PCR,METAGENOMIC,Viruses,LS454,2011-12-06T00:00:00Z,2012-01-21T08:40:00Z,3,NonmedDay70,SRP008126,,,,,,,,,,,,,,,,,,,,,,,,,,,,,,,NonmedDay70 16S
SRR358767,AMPLICON,563,4107326,PRJNA72355,SAMN00709904,9119344,USDA/ARS/NADC/FSEPRU,public,"run.zq,sff,sra","gs,ncbi,s3","gs.us-east1,ncbi.public,s3.us-east-1",SRX103301,454 GS FLX Titanium,SINGLE,PCR,METAGENOMIC,Viruses,LS454,2011-12-06T00:00:00Z,2012-01-21T08:40:00Z,3,NonmedDay70,SRP008126,,,,,,,,,,,,,,,,,,,,,,,,,,,,,,,NonmedDay70 16S
SRR358768,AMPLICON,549,8801043,PRJNA72355,SAMN00709905,18873308,USDA/ARS/NADC/FSEPRU,public,"run.zq,sff,sra","gs,ncbi,s3","gs.us-east1,ncbi.public,s3.us-east-1",SRX103302,454 GS FLX Titanium,SINGLE,PCR,METAGENOMIC,Viruses,LS454,2011-12-06T00:00:00Z,2012-01-21T08:40:00Z,3,ASP250Day14,SRP008126,,,,,,,,,,,,,,,,,,,,,,,,,,,,,,,ASP250Day14 16S
SRR358769,AMPLICON,547,8864572,PRJNA72355,SAMN00709905,18999125,USDA/ARS/NADC/FSEPRU,public,"run.zq,sff,sra","gs,ncbi,s3","gs.us-east1,ncbi.public,s3.us-east-1",SRX103302,454 GS FLX Titanium,SINGLE,PCR,METAGENOMIC,Viruses,LS454,2011-12-06T00:00:00Z,2012-01-21T08:40:00Z,3,ASP250Day14,SRP008126,,,,,,,,,,,,,,,,,,,,,,,,,,,,,,,ASP250Day14 16S
SRR358770,AMPLICON,548,7147582,PRJNA72355,SAMN00709905,15334466,USDA/ARS/NADC/FSEPRU,public,"run.zq,sff,sra","gs,ncbi,s3","gs.us-east1,ncbi.public,s3.us-east-1",SRX103302,454 GS FLX Titanium,SINGLE,PCR,METAGENOMIC,Viruses,LS454,2011-12-06T00:00:00Z,2012-01-21T08:40:00Z,3,ASP250Day14,SRP008126,,,,,,,,,,,,,,,,,,,,,,,,,,,,,,,ASP250Day14 16S
SRR358771,AMPLICON,551,6436232,PRJNA72355,SAMN00709905,13824443,USDA/ARS/NADC/FSEPRU,public,"run.zq,sff,sra","gs,ncbi,s3","gs.us-east1,ncbi.public,s3.us-east-1",SRX103302,454 GS FLX Titanium,SINGLE,PCR,METAGENOMIC,Viruses,LS454,2011-12-06T00:00:00Z,2012-01-21T08:40:00Z,3,ASP250Day14,SRP008126,,,,,,,,,,,,,,,,,,,,,,,,,,,,,,,ASP250Day14 16S
SRR358772,AMPLICON,555,8778397,PRJNA72355,SAMN00709905,18790816,USDA/ARS/NADC/FSEPRU,public,"run.zq,sff,sra","gs,ncbi,s3","gs.us-east1,ncbi.public,s3.us-east-1",SRX103302,454 GS FLX Titanium,SINGLE,PCR,METAGENOMIC,Viruses,LS454,2011-12-06T00:00:00Z,2012-01-21T08:40:00Z,3,ASP250Day14,SRP008126,,,,,,,,,,,,,,,,,,,,,,,,,,,,,,,ASP250Day14 16S
SRR358773,AMPLICON,569,5969579,PRJNA72355,SAMN00709905,13158563,USDA/ARS/NADC/FSEPRU,public,"run.zq,sff,sra","gs,ncbi,s3","gs.us-east1,ncbi.public,s3.us-east-1",SRX103302,454 GS FLX Titanium,SINGLE,PCR,METAGENOMIC,Viruses,LS454,2011-12-06T00:00:00Z,2012-01-21T08:40:00Z,3,ASP250Day14,SRP008126,,,,,,,,,,,,,,,,,,,,,,,,,,,,,,,ASP250Day14 16S
SRR358774,WGS,563,14636341,PRJNA72355,SAMN00709891,32269374,USDA/ARS/NADC/FSEPRU,public,"run.zq,sff,sra","gs,ncbi,s3","gs.us-east1,ncbi.public,s3.us-east-1",SRX096404,454 GS FLX Titanium,SINGLE,RANDOM,METAGENOMIC,Viruses,LS454,2011-12-06T00:00:00Z,2012-01-21T08:40:00Z,3,NonmedDay0,SRP008126,,,,,,,,,,,,,,,,,,,,,,,,,,,,,,,RL1
SRR358775,WGS,557,51184552,PRJNA72355,SAMN00709892,112810369,USDA/ARS/NADC/FSEPRU,public,"run.zq,sff,sra","gs,ncbi,s3","gs.us-east1,ncbi.public,s3.us-east-1",SRX096420,454 GS FLX Titanium,SINGLE,RANDOM,METAGENOMIC,Viruses,LS454,2011-12-06T00:00:00Z,2012-01-21T08:40:00Z,3,SubtherDay0,SRP008126,,,,,,,,,,,,,,,,,,,,,,,,,,,,,,,RL2
SRR358776,WGS,557,68417925,PRJNA72355,SAMN00709893,151115653,USDA/ARS/NADC/FSEPRU,public,"run.zq,sff,sra","gs,ncbi,s3","gs.us-east1,ncbi.public,s3.us-east-1",SRX096421,454 GS FLX Titanium,SINGLE,RANDOM,METAGENOMIC,Viruses,LS454,2011-12-06T00:00:00Z,2012-01-21T08:40:00Z,3,NonmedDay14,SRP008126,,,,,,,,,,,,,,,,,,,,,,,,,,,,,,,RL3
SRR358777,WGS,549,7674401,PRJNA72355,SAMN00709894,17038267,USDA/ARS/NADC/FSEPRU,public,"run.zq,sff,sra","gs,ncbi,s3","gs.us-east1,ncbi.public,s3.us-east-1",SRX096422,454 GS FLX Titanium,SINGLE,RANDOM,METAGENOMIC,Viruses,LS454,2011-12-06T00:00:00Z,2012-01-21T08:40:00Z,3,SubtherDay14,SRP008126,,,,,,,,,,,,,,,,,,,,,,,,,,,,,,,RL4
SRR358778,WGS,552,33153261,PRJNA72355,SAMN00709895,73426895,USDA/ARS/NADC/FSEPRU,public,"run.zq,sff,sra","gs,ncbi,s3","gs.us-east1,ncbi.public,s3.us-east-1",SRX096423,454 GS FLX Titanium,SINGLE,RANDOM,METAGENOMIC,Viruses,LS454,2011-12-06T00:00:00Z,2012-01-21T08:40:00Z,3,TherDay0,SRP008126,,,,,,,,,,,,,,,,,,,,,,,,,,,,,,,RL5
SRR358779,WGS,551,53743476,PRJNA72355,SAMN00709896,118967059,USDA/ARS/NADC/FSEPRU,public,"run.zq,sff,sra","gs,ncbi,s3","gs.us-east1,ncbi.public,s3.us-east-1",SRX096424,454 GS FLX Titanium,SINGLE,RANDOM,METAGENOMIC,Viruses,LS454,2011-12-06T00:00:00Z,2012-01-21T08:40:00Z,3,Nonmed day17,SRP008126,,,,,,,,,,,,,,,,,,,,,,,,,,,,,,,RL6
SRR358780,WGS,563,21683492,PRJNA72355,SAMN00709897,47806580,USDA/ARS/NADC/FSEPRU,public,"run.zq,sff,sra","gs,ncbi,s3","gs.us-east1,ncbi.public,s3.us-east-1",SRX096425,454 GS FLX Titanium,SINGLE,RANDOM,METAGENOMIC,Viruses,LS454,2011-12-06T00:00:00Z,2012-01-21T08:40:00Z,3,TherDay3,SRP008126,,,,,,,,,,,,,,,,,,,,,,,,,,,,,,,RL7.1
SRR358781,WGS,555,36573445,PRJNA72355,SAMN00709898,80945388,USDA/ARS/NADC/FSEPRU,public,"run.zq,sff,sra","gs,ncbi,s3","gs.us-east1,ncbi.public,s3.us-east-1",SRX096426,454 GS FLX Titanium,SINGLE,RANDOM,METAGENOMIC,Viruses,LS454,2011-12-06T00:00:00Z,2012-01-21T08:40:00Z,3,NonmedDay42,SRP008126,,,,,,,,,,,,,,,,,,,,,,,,,,,,,,,RL8.1
SRR358782,WGS,562,30278776,PRJNA72355,SAMN00709899,66855143,USDA/ARS/NADC/FSEPRU,public,"run.zq,sff,sra","gs,ncbi,s3","gs.us-east1,ncbi.public,s3.us-east-1",SRX096428,454 GS FLX Titanium,SINGLE,RANDOM,METAGENOMIC,Viruses,LS454,2011-12-06T00:00:00Z,2012-01-21T08:40:00Z,3,TherDay28,SRP008126,,,,,,,,,,,,,,,,,,,,,,,,,,,,,,,RL9.1
SRR358783,WGS,568,36531658,PRJNA72355,SAMN00709900,80763417,USDA/ARS/NADC/FSEPRU,public,"run.zq,sff,sra","gs,ncbi,s3","gs.us-east1,ncbi.public,s3.us-east-1",SRX096429,454 GS FLX Titanium,SINGLE,RANDOM,METAGENOMIC,Viruses,LS454,2011-12-06T00:00:00Z,2012-01-21T08:40:00Z,3,NonmedDay56,SRP008126,,,,,,,,,,,,,,,,,,,,,,,,,,,,,,,RL7.2
SRR358784,WGS,567,58421547,PRJNA72355,SAMN00709901,129227092,USDA/ARS/NADC/FSEPRU,public,"run.zq,sff,sra","gs,ncbi,s3","gs.us-east1,ncbi.public,s3.us-east-1",SRX096430,454 GS FLX Titanium,SINGLE,RANDOM,METAGENOMIC,Viruses,LS454,2011-12-06T00:00:00Z,2012-01-21T08:40:00Z,3,ASP250Day0,SRP008126,,,,,,,,,,,,,,,,,,,,,,,,,,,,,,,RL8.2
SRR358785,WGS,569,48383135,PRJNA72355,SAMN00709902,106980424,USDA/ARS/NADC/FSEPRU,public,"run.zq,sff,sra","gs,ncbi,s3","gs.us-east1,ncbi.public,s3.us-east-1",SRX096431,454 GS FLX Titanium,SINGLE,RANDOM,METAGENOMIC,Viruses,LS454,2011-12-06T00:00:00Z,2012-01-21T08:40:00Z,3,NonmedDay64,SRP008126,,,,,,,,,,,,,,,,,,,,,,,,,,,,,,,RL9.2
SRR358788,WGS,574,58177388,PRJNA72355,SAMN00709903,128123761,USDA/ARS/NADC/FSEPRU,public,"run.zq,sff,sra","gs,ncbi,s3","gs.us-east1,ncbi.public,s3.us-east-1",SRX096432,454 GS FLX Titanium,SINGLE,RANDOM,METAGENOMIC,Viruses,LS454,2011-12-06T00:00:00Z,2012-01-21T08:40:00Z,3,ASP250Day8,SRP008126,,,,,,,,,,,,,,,,,,,,,,,,,,,,,,,RL10
SRR358789,WGS,556,98049244,PRJNA72355,SAMN00709904,217734046,USDA/ARS/NADC/FSEPRU,public,"run.zq,sff,sra","gs,ncbi,s3","gs.us-east1,ncbi.public,s3.us-east-1",SRX096433,454 GS FLX Titanium,SINGLE,RANDOM,METAGENOMIC,Viruses,LS454,2011-12-06T00:00:00Z,2012-01-21T08:40:00Z,3,NonmedDay70,SRP008126,,,,,,,,,,,,,,,,,,,,,,,,,,,,,,,RL11
SRR358790,WGS,558,66360932,PRJNA72355,SAMN00709905,147392328,USDA/ARS/NADC/FSEPRU,public,"run.zq,sff,sra","gs,ncbi,s3","gs.us-east1,ncbi.public,s3.us-east-1",SRX096434,454 GS FLX Titanium,SINGLE,RANDOM,METAGENOMIC,Viruses,LS454,2011-12-06T00:00:00Z,2012-01-21T08:40:00Z,3,ASP250Day14,SRP008126,,,,,,,,,,,,,,,,,,,,,,,,,,,,,,,RL12
SRR926448,WGS,530,21432289,PRJNA72355,SAMN02215177,50098990,USDA/ARS/NADC/FSEPRU,public,"run.zq,sff,sra","gs,ncbi,s3","gs.us-east1,ncbi.public,s3.us-east-1",SRX318228,454 GS FLX Titanium,SINGLE,RANDOM,METAGENOMIC,pig metagenome,LS454,2013-11-15T00:00:00Z,2013-07-08T11:57:00Z,1,pig27_colon_non_meta,SRP008126,swine intestinal tract,"MIMS.me,MIGS/MIMS/MIMARKS.host-associated",2010-01-14,MIGS/MIMS/MIMARKS.host-associated,none,USA,North America,"USA: Ames\, Iowa",94 days old,intestinal contents,pig,"TechStart 17-25\, Kent Feeds\, Muscatine\, IA",offspring of sow A,ambient,not fasted before euthanasia,grower pig,female,9825,colon,metagenome,swine,42°02?05?N 93°37?12?W,contents of the midcolon near the spiral bend,non-medicated,Swine gut microbial ecology along the gut transect,"blend 5 g material in PBS\, centrifuge at 250xg to reduce plant material\, then centrifuge the supernatant at 10\,000g to pellet the cells\, followed by bead beating the resuspended pellet for bulk DNA extraction (kit by MoBio)",up to 5 grams feces/gut contents,1 to 6 months,-20 degrees Celsius,Pig 27,
SRR926449,WGS,523,28669226,PRJNA72355,SAMN02215176,67046742,USDA/ARS/NADC/FSEPRU,public,"run.zq,sff,sra","gs,ncbi,s3","gs.us-east1,ncbi.public,s3.us-east-1",SRX318227,454 GS FLX Titanium,SINGLE,RANDOM,METAGENOMIC,pig metagenome,LS454,2013-11-15T00:00:00Z,2013-07-08T11:58:00Z,1,pig27_cecum_non_meta,SRP008126,swine intestinal tract,"MIMS.me,MIGS/MIMS/MIMARKS.host-associated",2010-01-14,MIGS/MIMS/MIMARKS.host-associated,none,USA,North America,"USA: Ames\, Iowa",94 days old,intestinal contents,pig,"TechStart® 17-25\, Kent Feeds\, Muscatine\, IA,TechStart 17-25\, Kent Feeds\, Muscatine\, IA",offspring of sow A,ambient,not fasted before euthanasia,grower pig,female,9825,cecum,metagenome,swine,42°02?05?N 93°37?12?W,contents of the cecum,non-medicated,Swine gut microbial ecology along the gut transect,"blend 5 g material in PBS\, centrifuge at 250xg to reduce plant material\, then centrifuge the supernatant at 10\,000g to pellet the cells\, followed by bead beating the resuspended pellet for bulk DNA extraction (kit by MoBio)",up to 5 grams feces/gut contents,1 to 6 months,-20 degrees Celsius,Pig 27,
SRR926450,WGS,528,19996556,PRJNA72355,SAMN02215178,46771582,USDA/ARS/NADC/FSEPRU,public,"run.zq,sff,sra","gs,ncbi,s3","gs.us-east1,ncbi.public,s3.us-east-1",SRX318229,454 GS FLX Titanium,SINGLE,RANDOM,METAGENOMIC,pig metagenome,LS454,2013-11-15T00:00:00Z,2013-07-08T11:59:00Z,1,pig27_feces_non_meta,SRP008126,swine intestinal tract,"MIMS.me,MIGS/MIMS/MIMARKS.host-associated",2010-01-14,MIGS/MIMS/MIMARKS.host-associated,none,USA,North America,"USA: Ames\, Iowa",94 days old,intestinal contents,pig,"TechStart 17-25\, Kent Feeds\, Muscatine\, IA",offspring of sow A,ambient,not fasted before euthanasia,grower pig,female,9825,feces,metagenome,swine,42°02?05?N 93°37?12?W,feces collected at necropsy,non-medicated,Swine gut microbial ecology along the gut transect,"blend 5 g material in PBS\, centrifuge at 250xg to reduce plant material\, then centrifuge the supernatant at 10\,000g to pellet the cells\, followed by bead beating the resuspended pellet for bulk DNA extraction (kit by MoBio)",up to 5 grams feces/gut contents,1 to 6 months,-20 degrees Celsius,Pig 27,
SRR926451,WGS,523,30411353,PRJNA72355,SAMN02215179,71153805,USDA/ARS/NADC/FSEPRU,public,"run.zq,sff,sra","gs,ncbi,s3","gs.us-east1,ncbi.public,s3.us-east-1",SRX318230,454 GS FLX Titanium,SINGLE,RANDOM,METAGENOMIC,pig metagenome,LS454,2013-11-15T00:00:00Z,2013-07-08T12:07:00Z,1,pig28_cecum_med_meta,SRP008126,swine intestinal tract,"MIMS.me,MIGS/MIMS/MIMARKS.host-associated",2010-01-14,MIGS/MIMS/MIMARKS.host-associated,none,USA,North America,"USA: Ames\, Iowa",94 days old,intestinal contents,pig,"TechStart 17-25 (Kent Feeds\, Muscatine\, IA) containing ASP250 (chlortetracycline 100 g/ton\, sulfamethazine 100 g/ton\, penicillin 50 g/ton) ad libitum until euthanization (17 continuous days)",offspring of sow A,ambient,not fasted before euthanasia,grower pig,female,9825,cecum,metagenome,swine,42°02?05?N 93°37?12?W,contents of the cecum,medicated (17 continuous days),Swine gut microbial ecology along the gut transect,"blend 5 g material in PBS\, centrifuge at 250xg to reduce plant material\, then centrifuge the supernatant at 10\,000g to pellet the cells\, followed by bead beating the resuspended pellet for bulk DNA extraction (kit by MoBio)",up to 5 grams feces/gut contents,1 to 6 months,-20 degrees Celsius,Pig 28,
SRR926452,WGS,518,35479951,PRJNA72355,SAMN02215218,83400505,USDA/ARS/NADC/FSEPRU,public,"run.zq,sff,sra","gs,ncbi,s3","gs.us-east1,ncbi.public,s3.us-east-1",SRX318269,454 GS FLX Titanium,SINGLE,RANDOM,METAGENOMIC,pig metagenome,LS454,2013-11-15T00:00:00Z,2013-07-08T12:07:00Z,1,pig71_feces_med_meta,SRP008126,swine intestinal tract,"MIMS.me,MIGS/MIMS/MIMARKS.host-associated",2010-01-28,MIGS/MIMS/MIMARKS.host-associated,none,USA,North America,"USA: Ames\, Iowa",108 days old,intestinal contents,pig,"TechStart 17-25 (Kent Feeds\, Muscatine\, IA) containing ASP250 (chlortetracycline 100 g/ton\, sulfamethazine 100 g/ton\, penicillin 50 g/ton) ad libitum until euthanization (31 continuous days)",offspring of sow C,ambient,not fasted before euthanasia,grower pig,male,9825,feces,metagenome,swine,42°02?05?N 93°37?12?W,feces collected at necropsy,medicated (31 continuous days),Swine gut microbial ecology along the gut transect,"blend 5 g material in PBS\, centrifuge at 250xg to reduce plant material\, then centrifuge the supernatant at 10\,000g to pellet the cells\, followed by bead beating the resuspended pellet for bulk DNA extraction (kit by MoBio)",up to 5 grams feces/gut contents,1 to 6 months,-20 degrees Celsius,Pig 71,
SRR926453,WGS,530,34625911,PRJNA72355,SAMN02215181,80746087,USDA/ARS/NADC/FSEPRU,public,"run.zq,sff,sra","gs,ncbi,s3","gs.us-east1,ncbi.public,s3.us-east-1",SRX318232,454 GS FLX Titanium,SINGLE,RANDOM,METAGENOMIC,pig metagenome,LS454,2013-11-15T00:00:00Z,2013-07-08T12:07:00Z,1,pig28_feces_med_meta,SRP008126,swine intestinal tract,"MIMS.me,MIGS/MIMS/MIMARKS.host-associated",2010-01-14,MIGS/MIMS/MIMARKS.host-associated,none,USA,North America,"USA: Ames\, Iowa",94 days old,intestinal contents,pig,"TechStart 17-25 (Kent Feeds\, Muscatine\, IA) containing ASP250 (chlortetracycline 100 g/ton\, sulfamethazine 100 g/ton\, penicillin 50 g/ton) ad libitum until euthanization (17 continuous days)",offspring of sow A,ambient,not fasted before euthanasia,grower pig,female,9825,feces,metagenome,swine,42°02?05?N 93°37?12?W,feces collected at necropsy,medicated (17 continuous days),Swine gut microbial ecology along the gut transect,"blend 5 g material in PBS\, centrifuge at 250xg to reduce plant material\, then centrifuge the supernatant at 10\,000g to pellet the cells\, followed by bead beating the resuspended pellet for bulk DNA extraction (kit by MoBio)",up to 5 grams feces/gut contents,1 to 6 months,-20 degrees Celsius,Pig 28,
SRR926454,WGS,559,26305366,PRJNA72355,SAMN02215182,60914182,USDA/ARS/NADC/FSEPRU,public,"run.zq,sff,sra","gs,ncbi,s3","gs.us-east1,ncbi.public,s3.us-east-1",SRX318233,454 GS FLX Titanium,SINGLE,RANDOM,METAGENOMIC,pig metagenome,LS454,2013-11-15T00:00:00Z,2013-07-08T12:13:00Z,1,pig28_ileum_med_meta,SRP008126,swine intestinal tract,"MIMS.me,MIGS/MIMS/MIMARKS.host-associated",2010-01-14,MIGS/MIMS/MIMARKS.host-associated,none,USA,North America,"USA: Ames\, Iowa",94 days old,intestinal contents,pig,"TechStart 17-25 (Kent Feeds\, Muscatine\, IA) containing ASP250 (chlortetracycline 100 g/ton\, sulfamethazine 100 g/ton\, penicillin 50 g/ton) ad libitum until euthanization (17 continuous days)",offspring of sow A,ambient,not fasted before euthanasia,grower pig,female,9825,ileum,metagenome,swine,42°02?05?N 93°37?12?W,"contents of the distal ileum\, proximal to the ileal/cecal junction",medicated (17 continuous days),Swine gut microbial ecology along the gut transect,"blend 5 g material in PBS\, centrifuge at 250xg to reduce plant material\, then centrifuge the supernatant at 10\,000g to pellet the cells\, followed by bead beating the resuspended pellet for bulk DNA extraction (kit by MoBio)",up to 5 grams feces/gut contents,1 to 6 months,-20 degrees Celsius,Pig 28,
SRR926455,WGS,529,31322463,PRJNA72355,SAMN02215180,73212118,USDA/ARS/NADC/FSEPRU,public,"run.zq,sff,sra","gs,ncbi,s3","gs.us-east1,ncbi.public,s3.us-east-1",SRX318231,454 GS FLX Titanium,SINGLE,RANDOM,METAGENOMIC,pig metagenome,LS454,2013-11-15T00:00:00Z,2013-07-08T12:49:00Z,1,pig28_colon_med_meta,SRP008126,swine intestinal tract,"MIMS.me,MIGS/MIMS/MIMARKS.host-associated",2010-01-14,MIGS/MIMS/MIMARKS.host-associated,none,USA,North America,"USA: Ames\, Iowa",94 days old,intestinal contents,pig,"TechStart 17-25 (Kent Feeds\, Muscatine\, IA) containing ASP250 (chlortetracycline 100 g/ton\, sulfamethazine 100 g/ton\, penicillin 50 g/ton) ad libitum until euthanization (17 continuous days)",offspring of sow A,ambient,not fasted before euthanasia,grower pig,female,9825,colon,metagenome,swine,42°02?05?N 93°37?12?W,contents of the midcolon near the spiral bend,medicated (17 continuous days),Swine gut microbial ecology along the gut transect,"blend 5 g material in PBS\, centrifuge at 250xg to reduce plant material\, then centrifuge the supernatant at 10\,000g to pellet the cells\, followed by bead beating the resuspended pellet for bulk DNA extraction (kit by MoBio)",up to 5 grams feces/gut contents,1 to 6 months,-20 degrees Celsius,Pig 28,
SRR926456,WGS,526,30484557,PRJNA72355,SAMN02215187,71485165,USDA/ARS/NADC/FSEPRU,public,"run.zq,sff,sra","gs,ncbi,s3","gs.us-east1,ncbi.public,s3.us-east-1",SRX318238,454 GS FLX Titanium,SINGLE,RANDOM,METAGENOMIC,pig metagenome,LS454,2013-11-15T00:00:00Z,2013-07-08T13:06:00Z,1,pig35_cecum_non_meta,SRP008126,swine intestinal tract,"MIMS.me,MIGS/MIMS/MIMARKS.host-associated",2010-01-19,MIGS/MIMS/MIMARKS.host-associated,none,USA,North America,"USA: Ames\, Iowa",99 days old,intestinal contents,pig,"TechStart 17-25\, Kent Feeds\, Muscatine\, IA",offspring of sow A,ambient,not fasted before euthanasia,grower pig,male,9825,cecum,metagenome,swine,42°02?05?N 93°37?12?W,contents of the cecum,non-medicated,Swine gut microbial ecology along the gut transect,"blend 5 g material in PBS\, centrifuge at 250xg to reduce plant material\, then centrifuge the supernatant at 10\,000g to pellet the cells\, followed by bead beating the resuspended pellet for bulk DNA extraction (kit by MoBio)",up to 5 grams feces/gut contents,1 to 6 months,-20 degrees Celsius,Pig 35,
SRR926457,WGS,529,31566317,PRJNA72355,SAMN02215189,73701926,USDA/ARS/NADC/FSEPRU,public,"run.zq,sff,sra","gs,ncbi,s3","gs.us-east1,ncbi.public,s3.us-east-1",SRX318240,454 GS FLX Titanium,SINGLE,RANDOM,METAGENOMIC,pig metagenome,LS454,2013-11-15T00:00:00Z,2013-07-08T13:06:00Z,1,pig35_feces_non_meta,SRP008126,swine intestinal tract,"MIMS.me,MIGS/MIMS/MIMARKS.host-associated",2010-01-19,MIGS/MIMS/MIMARKS.host-associated,none,USA,North America,"USA: Ames\, Iowa",99 days old,intestinal contents,pig,"TechStart 17-25\, Kent Feeds\, Muscatine\, IA",offspring of sow A,ambient,not fasted before euthanasia,grower pig,male,9825,feces,metagenome,swine,42°02?05?N 93°37?12?W,feces collected at necropsy,non-medicated,Swine gut microbial ecology along the gut transect,"blend 5 g material in PBS\, centrifuge at 250xg to reduce plant material\, then centrifuge the supernatant at 10\,000g to pellet the cells\, followed by bead beating the resuspended pellet for bulk DNA extraction (kit by MoBio)",up to 5 grams feces/gut contents,1 to 6 months,-20 degrees Celsius,Pig 35,
SRR926458,WGS,550,28454114,PRJNA72355,SAMN02215190,66229565,USDA/ARS/NADC/FSEPRU,public,"run.zq,sff,sra","gs,ncbi,s3","gs.us-east1,ncbi.public,s3.us-east-1",SRX318241,454 GS FLX Titanium,SINGLE,RANDOM,METAGENOMIC,pig metagenome,LS454,2013-11-15T00:00:00Z,2013-07-08T13:06:00Z,1,pig35_ileum_non_meta,SRP008126,swine intestinal tract,"MIMS.me,MIGS/MIMS/MIMARKS.host-associated",2010-01-19,MIGS/MIMS/MIMARKS.host-associated,none,USA,North America,"USA: Ames\, Iowa",99 days old,intestinal contents,pig,"TechStart 17-25\, Kent Feeds\, Muscatine\, IA",offspring of sow A,ambient,not fasted before euthanasia,grower pig,male,9825,ileum,metagenome,swine,42°02?05?N 93°37?12?W,"contents of the distal ileum\, proximal to the ileal/cecal junction",non-medicated,Swine gut microbial ecology along the gut transect,"blend 5 g material in PBS\, centrifuge at 250xg to reduce plant material\, then centrifuge the supernatant at 10\,000g to pellet the cells\, followed by bead beating the resuspended pellet for bulk DNA extraction (kit by MoBio)",up to 5 grams feces/gut contents,1 to 6 months,-20 degrees Celsius,Pig 35,
SRR926459,WGS,524,12124479,PRJNA72355,SAMN02215183,28615462,USDA/ARS/NADC/FSEPRU,public,"run.zq,sff,sra","gs,ncbi,s3","gs.us-east1,ncbi.public,s3.us-east-1",SRX318234,454 GS FLX Titanium,SINGLE,RANDOM,METAGENOMIC,pig metagenome,LS454,2013-11-15T00:00:00Z,2013-07-08T13:06:00Z,1,pig30_cecum_med_meta,SRP008126,swine intestinal tract,"MIMS.me,MIGS/MIMS/MIMARKS.host-associated",2010-01-19,MIGS/MIMS/MIMARKS.host-associated,none,USA,North America,"USA: Ames\, Iowa",99 days old,intestinal contents,pig,"TechStart 17-25 (Kent Feeds\, Muscatine\, IA) containing ASP250 (chlortetracycline 100 g/ton\, sulfamethazine 100 g/ton\, penicillin 50 g/ton) ad libitum until euthanization (22 continuous days)",offspring of sow A,ambient,not fasted before euthanasia,grower pig,female,9825,cecum,metagenome,swine,42°02?05?N 93°37?12?W,contents of the cecum,medicated (22 continuous days),Swine gut microbial ecology along the gut transect,"blend 5 g material in PBS\, centrifuge at 250xg to reduce plant material\, then centrifuge the supernatant at 10\,000g to pellet the cells\, followed by bead beating the resuspended pellet for bulk DNA extraction (kit by MoBio)",up to 5 grams feces/gut contents,1 to 6 months,-20 degrees Celsius,Pig 30,
SRR926460,WGS,534,68549728,PRJNA72355,SAMN02215185,160728845,USDA/ARS/NADC/FSEPRU,public,"run.zq,sff,sra","gs,ncbi,s3","gs.us-east1,ncbi.public,s3.us-east-1",SRX318236,454 GS FLX Titanium,SINGLE,RANDOM,METAGENOMIC,pig metagenome,LS454,2013-11-15T00:00:00Z,2013-07-08T13:06:00Z,1,pig30_feces_med_meta,SRP008126,swine intestinal tract,"MIMS.me,MIGS/MIMS/MIMARKS.host-associated",2010-01-19,MIGS/MIMS/MIMARKS.host-associated,none,USA,North America,"USA: Ames\, Iowa",99 days old,intestinal contents,pig,"TechStart 17-25 (Kent Feeds\, Muscatine\, IA) containing ASP250 (chlortetracycline 100 g/ton\, sulfamethazine 100 g/ton\, penicillin 50 g/ton) ad libitum until euthanization (22 continuous days)",offspring of sow A,ambient,not fasted before euthanasia,grower pig,female,9825,feces,metagenome,swine,42°02?05?N 93°37?12?W,feces collected at necropsy,medicated (22 continuous days),Swine gut microbial ecology along the gut transect,"blend 5 g material in PBS\, centrifuge at 250xg to reduce plant material\, then centrifuge the supernatant at 10\,000g to pellet the cells\, followed by bead beating the resuspended pellet for bulk DNA extraction (kit by MoBio)",up to 5 grams feces/gut contents,1 to 6 months,-20 degrees Celsius,Pig 30,
SRR926461,WGS,562,24306509,PRJNA72355,SAMN02215186,56420896,USDA/ARS/NADC/FSEPRU,public,"run.zq,sff,sra","gs,ncbi,s3","gs.us-east1,ncbi.public,s3.us-east-1",SRX318237,454 GS FLX Titanium,SINGLE,RANDOM,METAGENOMIC,pig metagenome,LS454,2013-11-15T00:00:00Z,2013-07-08T13:06:00Z,1,pig30_ileum_med_meta,SRP008126,swine intestinal tract,"MIMS.me,MIGS/MIMS/MIMARKS.host-associated",2010-01-19,MIGS/MIMS/MIMARKS.host-associated,none,USA,North America,"USA: Ames\, Iowa",99 days old,intestinal contents,pig,"TechStart 17-25 (Kent Feeds\, Muscatine\, IA) containing ASP250 (chlortetracycline 100 g/ton\, sulfamethazine 100 g/ton\, penicillin 50 g/ton) ad libitum until euthanization (22 continuous days)",offspring of sow A,ambient,not fasted before euthanasia,grower pig,female,9825,ileum,metagenome,swine,42°02?05?N 93°37?12?W,"contents of the distal ileum\, proximal to the ileal/cecal junction",medicated (22 continuous days),Swine gut microbial ecology along the gut transect,"blend 5 g material in PBS\, centrifuge at 250xg to reduce plant material\, then centrifuge the supernatant at 10\,000g to pellet the cells\, followed by bead beating the resuspended pellet for bulk DNA extraction (kit by MoBio)",up to 5 grams feces/gut contents,1 to 6 months,-20 degrees Celsius,Pig 30,
SRR926462,WGS,524,39754593,PRJNA72355,SAMN02215184,93674404,USDA/ARS/NADC/FSEPRU,public,"run.zq,sff,sra","gs,ncbi,s3","gs.us-east1,ncbi.public,s3.us-east-1",SRX318235,454 GS FLX Titanium,SINGLE,RANDOM,METAGENOMIC,pig metagenome,LS454,2013-11-15T00:00:00Z,2013-07-08T13:06:00Z,1,pig30_colon_med_meta,SRP008126,swine intestinal tract,"MIMS.me,MIGS/MIMS/MIMARKS.host-associated",2010-01-19,MIGS/MIMS/MIMARKS.host-associated,none,USA,North America,"USA: Ames\, Iowa",99 days old,intestinal contents,pig,"TechStart 17-25 (Kent Feeds\, Muscatine\, IA) containing ASP250 (chlortetracycline 100 g/ton\, sulfamethazine 100 g/ton\, penicillin 50 g/ton) ad libitum until euthanization (22 continuous days)",offspring of sow A,ambient,not fasted before euthanasia,grower pig,female,9825,colon,metagenome,swine,42°02?05?N 93°37?12?W,contents of the midcolon near the spiral bend,medicated (22 continuous days),Swine gut microbial ecology along the gut transect,"blend 5 g material in PBS\, centrifuge at 250xg to reduce plant material\, then centrifuge the supernatant at 10\,000g to pellet the cells\, followed by bead beating the resuspended pellet for bulk DNA extraction (kit by MoBio)",up to 5 grams feces/gut contents,1 to 6 months,-20 degrees Celsius,Pig 30,
SRR926463,WGS,533,31949887,PRJNA72355,SAMN02215188,75006977,USDA/ARS/NADC/FSEPRU,public,"run.zq,sff,sra","gs,ncbi,s3","gs.us-east1,ncbi.public,s3.us-east-1",SRX318239,454 GS FLX Titanium,SINGLE,RANDOM,METAGENOMIC,pig metagenome,LS454,2013-11-15T00:00:00Z,2013-07-08T13:07:00Z,1,pig35_colon_non_meta,SRP008126,swine intestinal tract,"MIMS.me,MIGS/MIMS/MIMARKS.host-associated",2010-01-19,MIGS/MIMS/MIMARKS.host-associated,none,USA,North America,"USA: Ames\, Iowa",99 days old,intestinal contents,pig,"TechStart 17-25\, Kent Feeds\, Muscatine\, IA",offspring of sow A,ambient,not fasted before euthanasia,grower pig,male,9825,colon,metagenome,swine,42°02?05?N 93°37?12?W,contents of the midcolon near the spiral bend,non-medicated,Swine gut microbial ecology along the gut transect,"blend 5 g material in PBS\, centrifuge at 250xg to reduce plant material\, then centrifuge the supernatant at 10\,000g to pellet the cells\, followed by bead beating the resuspended pellet for bulk DNA extraction (kit by MoBio)",up to 5 grams feces/gut contents,1 to 6 months,-20 degrees Celsius,Pig 35,
SRR926464,WGS,531,48282164,PRJNA72355,SAMN02215191,113371596,USDA/ARS/NADC/FSEPRU,public,"run.zq,sff,sra","gs,ncbi,s3","gs.us-east1,ncbi.public,s3.us-east-1",SRX318242,454 GS FLX Titanium,SINGLE,RANDOM,METAGENOMIC,pig metagenome,LS454,2013-11-15T00:00:00Z,2013-07-08T13:09:00Z,1,pig54_cecum_non_meta,SRP008126,swine intestinal tract,"MIMS.me,MIGS/MIMS/MIMARKS.host-associated",2010-01-26,MIGS/MIMS/MIMARKS.host-associated,none,USA,North America,"USA: Ames\, Iowa",106 days old,intestinal contents,pig,"TechStart 17-25\, Kent Feeds\, Muscatine\, IA",offspring of sow B,ambient,not fasted before euthanasia,grower pig,female,9825,cecum,metagenome,swine,42°02?05?N 93°37?12?W,contents of the cecum,non-medicated,Swine gut microbial ecology along the gut transect,"blend 5 g material in PBS\, centrifuge at 250xg to reduce plant material\, then centrifuge the supernatant at 10\,000g to pellet the cells\, followed by bead beating the resuspended pellet for bulk DNA extraction (kit by MoBio)",up to 5 grams feces/gut contents,1 to 6 months,-20 degrees Celsius,Pig 54,
SRR926465,WGS,536,38329895,PRJNA72355,SAMN02215193,89898775,USDA/ARS/NADC/FSEPRU,public,"run.zq,sff,sra","gs,ncbi,s3","gs.us-east1,ncbi.public,s3.us-east-1",SRX318244,454 GS FLX Titanium,SINGLE,RANDOM,METAGENOMIC,pig metagenome,LS454,2013-11-15T00:00:00Z,2013-07-08T13:07:00Z,1,pig54_feces_non_meta,SRP008126,swine intestinal tract,"MIMS.me,MIGS/MIMS/MIMARKS.host-associated",2010-01-26,MIGS/MIMS/MIMARKS.host-associated,none,USA,North America,"USA: Ames\, Iowa",106 days old,intestinal contents,pig,"TechStart 17-25\, Kent Feeds\, Muscatine\, IA",offspring of sow B,ambient,not fasted before euthanasia,grower pig,female,9825,feces,metagenome,swine,42°02?05?N 93°37?12?W,feces collected at necropsy,non-medicated,Swine gut microbial ecology along the gut transect,"blend 5 g material in PBS\, centrifuge at 250xg to reduce plant material\, then centrifuge the supernatant at 10\,000g to pellet the cells\, followed by bead beating the resuspended pellet for bulk DNA extraction (kit by MoBio)",up to 5 grams feces/gut contents,1 to 6 months,-20 degrees Celsius,Pig 54,
SRR926466,WGS,554,20308515,PRJNA72355,SAMN02215194,47305226,USDA/ARS/NADC/FSEPRU,public,"run.zq,sff,sra","gs,ncbi,s3","gs.us-east1,ncbi.public,s3.us-east-1",SRX318245,454 GS FLX Titanium,SINGLE,RANDOM,METAGENOMIC,pig metagenome,LS454,2013-11-15T00:00:00Z,2013-07-08T13:07:00Z,1,pig54_ileum_non_meta,SRP008126,swine intestinal tract,"MIMS.me,MIGS/MIMS/MIMARKS.host-associated",2010-01-26,MIGS/MIMS/MIMARKS.host-associated,none,USA,North America,"USA: Ames\, Iowa",106 days old,intestinal contents,pig,"TechStart 17-25\, Kent Feeds\, Muscatine\, IA",offspring of sow B,ambient,not fasted before euthanasia,grower pig,female,9825,ileum,metagenome,swine,42°02?05?N 93°37?12?W,"contents of the distal ileum\, proximal to the ileal/cecal junction",non-medicated,Swine gut microbial ecology along the gut transect,"blend 5 g material in PBS\, centrifuge at 250xg to reduce plant material\, then centrifuge the supernatant at 10\,000g to pellet the cells\, followed by bead beating the resuspended pellet for bulk DNA extraction (kit by MoBio)",up to 5 grams feces/gut contents,1 to 6 months,-20 degrees Celsius,Pig 54,
SRR926467,WGS,507,6768963,PRJNA72355,SAMN02215192,16215843,USDA/ARS/NADC/FSEPRU,public,"run.zq,sff,sra","gs,ncbi,s3","gs.us-east1,ncbi.public,s3.us-east-1",SRX318243,454 GS FLX Titanium,SINGLE,RANDOM,METAGENOMIC,pig metagenome,LS454,2013-11-15T00:00:00Z,2013-07-08T13:07:00Z,1,pig54_colon_non_meta,SRP008126,swine intestinal tract,"MIMS.me,MIGS/MIMS/MIMARKS.host-associated",2010-01-26,MIGS/MIMS/MIMARKS.host-associated,none,USA,North America,"USA: Ames\, Iowa",106 days old,intestinal contents,pig,"TechStart 17-25\, Kent Feeds\, Muscatine\, IA",offspring of sow B,ambient,not fasted before euthanasia,grower pig,female,9825,colon,metagenome,swine,42°02?05?N 93°37?12?W,contents of the midcolon near the spiral bend,non-medicated,Swine gut microbial ecology along the gut transect,"blend 5 g material in PBS\, centrifuge at 250xg to reduce plant material\, then centrifuge the supernatant at 10\,000g to pellet the cells\, followed by bead beating the resuspended pellet for bulk DNA extraction (kit by MoBio)",up to 5 grams feces/gut contents,1 to 6 months,-20 degrees Celsius,Pig 54,
SRR926468,WGS,505,13005902,PRJNA72355,SAMN02215198,31090152,USDA/ARS/NADC/FSEPRU,public,"run.zq,sff,sra","gs,ncbi,s3","gs.us-east1,ncbi.public,s3.us-east-1",SRX318249,454 GS FLX Titanium,SINGLE,RANDOM,METAGENOMIC,pig metagenome,LS454,2013-11-15T00:00:00Z,2013-07-08T13:07:00Z,1,pig59_cecum_med_meta,SRP008126,swine intestinal tract,"MIMS.me,MIGS/MIMS/MIMARKS.host-associated",2010-01-21,MIGS/MIMS/MIMARKS.host-associated,none,USA,North America,"USA: Ames\, Iowa",101 days old,intestinal contents,pig,"TechStart 17-25 (Kent Feeds\, Muscatine\, IA) containing ASP250 (chlortetracycline 100 g/ton\, sulfamethazine 100 g/ton\, penicillin 50 g/ton) ad libitum until euthanization (24 continuous days)",offspring of sow B,ambient,not fasted before euthanasia,grower pig,male,9825,cecum,metagenome,swine,42°02?05?N 93°37?12?W,contents of the cecum,medicated (24 continuous days),Swine gut microbial ecology along the gut transect,"blend 5 g material in PBS\, centrifuge at 250xg to reduce plant material\, then centrifuge the supernatant at 10\,000g to pellet the cells\, followed by bead beating the resuspended pellet for bulk DNA extraction (kit by MoBio)",up to 5 grams feces/gut contents,1 to 6 months,-20 degrees Celsius,Pig 59,
SRR926469,WGS,520,18574037,PRJNA72355,SAMN02215200,43839818,USDA/ARS/NADC/FSEPRU,public,"run.zq,sff,sra","gs,ncbi,s3","gs.us-east1,ncbi.public,s3.us-east-1",SRX318251,454 GS FLX Titanium,SINGLE,RANDOM,METAGENOMIC,pig metagenome,LS454,2013-11-15T00:00:00Z,2013-07-08T13:07:00Z,1,pig59_feces_med_meta,SRP008126,swine intestinal tract,"MIMS.me,MIGS/MIMS/MIMARKS.host-associated",2010-01-21,MIGS/MIMS/MIMARKS.host-associated,none,USA,North America,"USA: Ames\, Iowa",101 days old,intestinal contents,pig,"TechStart 17-25 (Kent Feeds\, Muscatine\, IA) containing ASP250 (chlortetracycline 100 g/ton\, sulfamethazine 100 g/ton\, penicillin 50 g/ton) ad libitum until euthanization (24 continuous days)",offspring of sow B,ambient,not fasted before euthanasia,grower pig,male,9825,feces,metagenome,swine,42°02?05?N 93°37?12?W,feces collected at necropsy,medicated (24 continuous days),Swine gut microbial ecology along the gut transect,"blend 5 g material in PBS\, centrifuge at 250xg to reduce plant material\, then centrifuge the supernatant at 10\,000g to pellet the cells\, followed by bead beating the resuspended pellet for bulk DNA extraction (kit by MoBio)",up to 5 grams feces/gut contents,1 to 6 months,-20 degrees Celsius,Pig 59,
SRR926470,WGS,527,13327353,PRJNA72355,SAMN02215195,31338522,USDA/ARS/NADC/FSEPRU,public,"run.zq,sff,sra","gs,ncbi,s3","gs.us-east1,ncbi.public,s3.us-east-1",SRX318246,454 GS FLX Titanium,SINGLE,RANDOM,METAGENOMIC,pig metagenome,LS454,2013-11-15T00:00:00Z,2013-07-08T13:07:00Z,1,pig57_cecum_non_meta,SRP008126,swine intestinal tract,"MIMS.me,MIGS/MIMS/MIMARKS.host-associated",2010-01-21,MIGS/MIMS/MIMARKS.host-associated,none,USA,North America,"USA: Ames\, Iowa",101 days old,intestinal contents,pig,"TechStart 17-25\, Kent Feeds\, Muscatine\, IA",offspring of sow B,ambient,not fasted before euthanasia,grower pig,male,9825,cecum,metagenome,swine,42°02?05?N 93°37?12?W,contents of the cecum,non-medicated,Swine gut microbial ecology along the gut transect,"blend 5 g material in PBS\, centrifuge at 250xg to reduce plant material\, then centrifuge the supernatant at 10\,000g to pellet the cells\, followed by bead beating the resuspended pellet for bulk DNA extraction (kit by MoBio)",up to 5 grams feces/gut contents,1 to 6 months,-20 degrees Celsius,Pig 57,
SRR926471,WGS,524,65279584,PRJNA72355,SAMN02215197,153424449,USDA/ARS/NADC/FSEPRU,public,"run.zq,sff,sra","gs,ncbi,s3","gs.us-east1,ncbi.public,s3.us-east-1",SRX318248,454 GS FLX Titanium,SINGLE,RANDOM,METAGENOMIC,pig metagenome,LS454,2013-11-15T00:00:00Z,2013-07-08T13:07:00Z,1,pig57_feces_non_meta,SRP008126,swine intestinal tract,"MIMS.me,MIGS/MIMS/MIMARKS.host-associated",2010-01-21,MIGS/MIMS/MIMARKS.host-associated,none,USA,North America,"USA: Ames\, Iowa",101 days old,intestinal contents,pig,"TechStart 17-25\, Kent Feeds\, Muscatine\, IA",offspring of sow B,ambient,not fasted before euthanasia,grower pig,male,9825,feces,metagenome,swine,42°02?05?N 93°37?12?W,feces collected at necropsy,non-medicated,Swine gut microbial ecology along the gut transect,"blend 5 g material in PBS\, centrifuge at 250xg to reduce plant material\, then centrifuge the supernatant at 10\,000g to pellet the cells\, followed by bead beating the resuspended pellet for bulk DNA extraction (kit by MoBio)",up to 5 grams feces/gut contents,1 to 6 months,-20 degrees Celsius,Pig 57,
SRR926472,WGS,527,27252812,PRJNA72355,SAMN02215196,64115125,USDA/ARS/NADC/FSEPRU,public,"run.zq,sff,sra","gs,ncbi,s3","gs.us-east1,ncbi.public,s3.us-east-1",SRX318247,454 GS FLX Titanium,SINGLE,RANDOM,METAGENOMIC,pig metagenome,LS454,2013-11-15T00:00:00Z,2013-07-08T13:07:00Z,1,pig57_colon_non_meta,SRP008126,swine intestinal tract,"MIMS.me,MIGS/MIMS/MIMARKS.host-associated",2010-01-21,MIGS/MIMS/MIMARKS.host-associated,none,USA,North America,"USA: Ames\, Iowa",101 days old,intestinal contents,pig,"TechStart 17-25\, Kent Feeds\, Muscatine\, IA",offspring of sow B,ambient,not fasted before euthanasia,grower pig,male,9825,colon,metagenome,swine,42°02?05?N 93°37?12?W,contents of the midcolon near the spiral bend,non-medicated,Swine gut microbial ecology along the gut transect,"blend 5 g material in PBS\, centrifuge at 250xg to reduce plant material\, then centrifuge the supernatant at 10\,000g to pellet the cells\, followed by bead beating the resuspended pellet for bulk DNA extraction (kit by MoBio)",up to 5 grams feces/gut contents,1 to 6 months,-20 degrees Celsius,Pig 57,
SRR926473,WGS,529,44212059,PRJNA72355,SAMN02215201,104510662,USDA/ARS/NADC/FSEPRU,public,"run.zq,sff,sra","gs,ncbi,s3","gs.us-east1,ncbi.public,s3.us-east-1",SRX318252,454 GS FLX Titanium,SINGLE,RANDOM,METAGENOMIC,pig metagenome,LS454,2013-11-15T00:00:00Z,2013-07-08T13:07:00Z,1,pig59_ileum_med_meta,SRP008126,swine intestinal tract,"MIMS.me,MIGS/MIMS/MIMARKS.host-associated",2010-01-21,MIGS/MIMS/MIMARKS.host-associated,none,USA,North America,"USA: Ames\, Iowa",101 days old,intestinal contents,pig,"TechStart 17-25 (Kent Feeds\, Muscatine\, IA) containing ASP250 (chlortetracycline 100 g/ton\, sulfamethazine 100 g/ton\, penicillin 50 g/ton) ad libitum until euthanization (24 continuous days)",offspring of sow B,ambient,not fasted before euthanasia,grower pig,male,9825,ileum,metagenome,swine,42°02?05?N 93°37?12?W,"contents of the distal ileum\, proximal to the ileal/cecal junction",medicated (24 continuous days),Swine gut microbial ecology along the gut transect,"blend 5 g material in PBS\, centrifuge at 250xg to reduce plant material\, then centrifuge the supernatant at 10\,000g to pellet the cells\, followed by bead beating the resuspended pellet for bulk DNA extraction (kit by MoBio)",up to 5 grams feces/gut contents,1 to 6 months,-20 degrees Celsius,Pig 59,
SRR926474,WGS,519,38316130,PRJNA72355,SAMN02215199,90298934,USDA/ARS/NADC/FSEPRU,public,"run.zq,sff,sra","gs,ncbi,s3","gs.us-east1,ncbi.public,s3.us-east-1",SRX318250,454 GS FLX Titanium,SINGLE,RANDOM,METAGENOMIC,pig metagenome,LS454,2013-11-15T00:00:00Z,2013-07-08T13:08:00Z,1,pig59_colon_med_meta,SRP008126,swine intestinal tract,"MIMS.me,MIGS/MIMS/MIMARKS.host-associated",2010-01-21,MIGS/MIMS/MIMARKS.host-associated,none,USA,North America,"USA: Ames\, Iowa",101 days old,intestinal contents,pig,"TechStart 17-25 (Kent Feeds\, Muscatine\, IA) containing ASP250 (chlortetracycline 100 g/ton\, sulfamethazine 100 g/ton\, penicillin 50 g/ton) ad libitum until euthanization (24 continuous days)",offspring of sow B,ambient,not fasted before euthanasia,grower pig,male,9825,colon,metagenome,swine,42°02?05?N 93°37?12?W,contents of the midcolon near the spiral bend,medicated (24 continuous days),Swine gut microbial ecology along the gut transect,"blend 5 g material in PBS\, centrifuge at 250xg to reduce plant material\, then centrifuge the supernatant at 10\,000g to pellet the cells\, followed by bead beating the resuspended pellet for bulk DNA extraction (kit by MoBio)",up to 5 grams feces/gut contents,1 to 6 months,-20 degrees Celsius,Pig 59,
SRR926475,WGS,517,31769129,PRJNA72355,SAMN02215202,75029680,USDA/ARS/NADC/FSEPRU,public,"run.zq,sff,sra","gs,ncbi,s3","gs.us-east1,ncbi.public,s3.us-east-1",SRX318253,454 GS FLX Titanium,SINGLE,RANDOM,METAGENOMIC,pig metagenome,LS454,2013-11-15T00:00:00Z,2013-07-08T13:08:00Z,1,pig60_cecum_med_meta,SRP008126,swine intestinal tract,"MIMS.me,MIGS/MIMS/MIMARKS.host-associated",2010-01-26,MIGS/MIMS/MIMARKS.host-associated,none,USA,North America,"USA: Ames\, Iowa",106 days old,intestinal contents,pig,"TechStart 17-25 (Kent Feeds\, Muscatine\, IA) containing ASP250 (chlortetracycline 100 g/ton\, sulfamethazine 100 g/ton\, penicillin 50 g/ton) ad libitum until euthanization (29 continuous days)",offspring of sow B,ambient,not fasted before euthanasia,grower pig,male,9825,cecum,metagenome,swine,42°02?05?N 93°37?12?W,contents of the cecum,medicated (29 continuous days),Swine gut microbial ecology along the gut transect,"blend 5 g material in PBS\, centrifuge at 250xg to reduce plant material\, then centrifuge the supernatant at 10\,000g to pellet the cells\, followed by bead beating the resuspended pellet for bulk DNA extraction (kit by MoBio)",up to 5 grams feces/gut contents,1 to 6 months,-20 degrees Celsius,Pig 60,
SRR926476,WGS,521,40872301,PRJNA72355,SAMN02215204,96346365,USDA/ARS/NADC/FSEPRU,public,"run.zq,sff,sra","gs,ncbi,s3","gs.us-east1,ncbi.public,s3.us-east-1",SRX318255,454 GS FLX Titanium,SINGLE,RANDOM,METAGENOMIC,pig metagenome,LS454,2013-11-15T00:00:00Z,2013-07-08T13:12:00Z,1,pig60_feces_med_meta,SRP008126,swine intestinal tract,"MIMS.me,MIGS/MIMS/MIMARKS.host-associated",2010-01-26,MIGS/MIMS/MIMARKS.host-associated,none,USA,North America,"USA: Ames\, Iowa",106 days old,intestinal contents,pig,"TechStart 17-25 (Kent Feeds\, Muscatine\, IA) containing ASP250 (chlortetracycline 100 g/ton\, sulfamethazine 100 g/ton\, penicillin 50 g/ton) ad libitum until euthanization (29 continuous days)",offspring of sow B,ambient,not fasted before euthanasia,grower pig,male,9825,feces,metagenome,swine,42°02?05?N 93°37?12?W,feces collected at necropsy,medicated (29 continuous days),Swine gut microbial ecology along the gut transect,"blend 5 g material in PBS\, centrifuge at 250xg to reduce plant material\, then centrifuge the supernatant at 10\,000g to pellet the cells\, followed by bead beating the resuspended pellet for bulk DNA extraction (kit by MoBio)",up to 5 grams feces/gut contents,1 to 6 months,-20 degrees Celsius,Pig 60,
SRR926477,WGS,554,24268645,PRJNA72355,SAMN02215205,56427982,USDA/ARS/NADC/FSEPRU,public,"run.zq,sff,sra","gs,ncbi,s3","gs.us-east1,ncbi.public,s3.us-east-1",SRX318256,454 GS FLX Titanium,SINGLE,RANDOM,METAGENOMIC,pig metagenome,LS454,2013-11-15T00:00:00Z,2013-07-08T13:08:00Z,1,pig60_ileum_med_meta,SRP008126,swine intestinal tract,"MIMS.me,MIGS/MIMS/MIMARKS.host-associated",2010-01-26,MIGS/MIMS/MIMARKS.host-associated,none,USA,North America,"USA: Ames\, Iowa",106 days old,intestinal contents,pig,"TechStart 17-25 (Kent Feeds\, Muscatine\, IA) containing ASP250 (chlortetracycline 100 g/ton\, sulfamethazine 100 g/ton\, penicillin 50 g/ton) ad libitum until euthanization (29 continuous days)",offspring of sow B,ambient,not fasted before euthanasia,grower pig,male,9825,ileum,metagenome,swine,42°02?05?N 93°37?12?W,"contents of the distal ileum\, proximal to the ileal/cecal junction",medicated (29 continuous days),Swine gut microbial ecology along the gut transect,"blend 5 g material in PBS\, centrifuge at 250xg to reduce plant material\, then centrifuge the supernatant at 10\,000g to pellet the cells\, followed by bead beating the resuspended pellet for bulk DNA extraction (kit by MoBio)",up to 5 grams feces/gut contents,1 to 6 months,-20 degrees Celsius,Pig 60,
SRR926478,WGS,535,23336814,PRJNA72355,SAMN02215206,54720657,USDA/ARS/NADC/FSEPRU,public,"run.zq,sff,sra","gs,ncbi,s3","gs.us-east1,ncbi.public,s3.us-east-1",SRX318257,454 GS FLX Titanium,SINGLE,RANDOM,METAGENOMIC,pig metagenome,LS454,2013-11-15T00:00:00Z,2013-07-08T13:12:00Z,1,pig63_cecum_non_meta,SRP008126,swine intestinal tract,"MIMS.me,MIGS/MIMS/MIMARKS.host-associated",2010-01-12,MIGS/MIMS/MIMARKS.host-associated,none,USA,North America,"USA: Ames\, Iowa",92 days old,intestinal contents,pig,"TechStart 17-25\, Kent Feeds\, Muscatine\, IA",offspring of sow C,ambient,not fasted before euthanasia,grower pig,female,9825,cecum,metagenome,swine,42°02?05?N 93°37?12?W,contents of the cecum,non-medicated,Swine gut microbial ecology along the gut transect,"blend 5 g material in PBS\, centrifuge at 250xg to reduce plant material\, then centrifuge the supernatant at 10\,000g to pellet the cells\, followed by bead beating the resuspended pellet for bulk DNA extraction (kit by MoBio)",up to 5 grams feces/gut contents,1 to 6 months,-20 degrees Celsius,Pig 63,
SRR926479,WGS,554,21181041,PRJNA72355,SAMN02215208,49310956,USDA/ARS/NADC/FSEPRU,public,"run.zq,sff,sra","gs,ncbi,s3","gs.us-east1,ncbi.public,s3.us-east-1",SRX318259,454 GS FLX Titanium,SINGLE,RANDOM,METAGENOMIC,pig metagenome,LS454,2013-11-15T00:00:00Z,2013-07-08T13:08:00Z,1,pig63_ileum_non_meta,SRP008126,swine intestinal tract,"MIMS.me,MIGS/MIMS/MIMARKS.host-associated",2010-01-12,MIGS/MIMS/MIMARKS.host-associated,none,USA,North America,"USA: Ames\, Iowa",92 days old,intestinal contents,pig,"TechStart 17-25\, Kent Feeds\, Muscatine\, IA",offspring of sow C,ambient,not fasted before euthanasia,grower pig,female,9825,ileum,metagenome,swine,42°02?05?N 93°37?12?W,"contents of the distal ileum\, proximal to the ileal/cecal junction",non-medicated,Swine gut microbial ecology along the gut transect,"blend 5 g material in PBS\, centrifuge at 250xg to reduce plant material\, then centrifuge the supernatant at 10\,000g to pellet the cells\, followed by bead beating the resuspended pellet for bulk DNA extraction (kit by MoBio)",up to 5 grams feces/gut contents,1 to 6 months,-20 degrees Celsius,Pig 63,
SRR926480,WGS,535,27258125,PRJNA72355,SAMN02215207,63811489,USDA/ARS/NADC/FSEPRU,public,"run.zq,sff,sra","gs,ncbi,s3","gs.us-east1,ncbi.public,s3.us-east-1",SRX318258,454 GS FLX Titanium,SINGLE,RANDOM,METAGENOMIC,pig metagenome,LS454,2013-11-15T00:00:00Z,2013-07-08T13:08:00Z,1,pig63_colon_non_meta,SRP008126,swine intestinal tract,"MIMS.me,MIGS/MIMS/MIMARKS.host-associated",2010-01-12,MIGS/MIMS/MIMARKS.host-associated,none,USA,North America,"USA: Ames\, Iowa",92 days old,intestinal contents,pig,"TechStart 17-25\, Kent Feeds\, Muscatine\, IA",offspring of sow C,ambient,not fasted before euthanasia,grower pig,female,9825,colon,metagenome,swine,42°02?05?N 93°37?12?W,contents of the midcolon near the spiral bend,non-medicated,Swine gut microbial ecology along the gut transect,"blend 5 g material in PBS\, centrifuge at 250xg to reduce plant material\, then centrifuge the supernatant at 10\,000g to pellet the cells\, followed by bead beating the resuspended pellet for bulk DNA extraction (kit by MoBio)",up to 5 grams feces/gut contents,1 to 6 months,-20 degrees Celsius,Pig 63,
SRR926481,WGS,541,20788288,PRJNA72355,SAMN02215203,48339247,USDA/ARS/NADC/FSEPRU,public,"run.zq,sff,sra","gs,ncbi,s3","gs.us-east1,ncbi.public,s3.us-east-1",SRX318254,454 GS FLX Titanium,SINGLE,RANDOM,METAGENOMIC,pig metagenome,LS454,2013-11-15T00:00:00Z,2013-07-08T13:08:00Z,1,pig60_colon_med_meta,SRP008126,swine intestinal tract,"MIMS.me,MIGS/MIMS/MIMARKS.host-associated",2010-01-26,MIGS/MIMS/MIMARKS.host-associated,none,USA,North America,"USA: Ames\, Iowa",106 days old,intestinal contents,pig,"TechStart 17-25 (Kent Feeds\, Muscatine\, IA) containing ASP250 (chlortetracycline 100 g/ton\, sulfamethazine 100 g/ton\, penicillin 50 g/ton) ad libitum until euthanization (29 continuous days)",offspring of sow B,ambient,not fasted before euthanasia,grower pig,male,9825,colon,metagenome,swine,42°02?05?N 93°37?12?W,contents of the midcolon near the spiral bend,medicated (29 continuous days),Swine gut microbial ecology along the gut transect,"blend 5 g material in PBS\, centrifuge at 250xg to reduce plant material\, then centrifuge the supernatant at 10\,000g to pellet the cells\, followed by bead beating the resuspended pellet for bulk DNA extraction (kit by MoBio)",up to 5 grams feces/gut contents,1 to 6 months,-20 degrees Celsius,Pig 60,
SRR926482,WGS,539,42716510,PRJNA72355,SAMN02215209,99375479,USDA/ARS/NADC/FSEPRU,public,"run.zq,sff,sra","gs,ncbi,s3","gs.us-east1,ncbi.public,s3.us-east-1",SRX318260,454 GS FLX Titanium,SINGLE,RANDOM,METAGENOMIC,pig metagenome,LS454,2013-11-15T00:00:00Z,2013-07-08T13:12:00Z,1,pig65_cecum_med_meta,SRP008126,swine intestinal tract,"MIMS.me,MIGS/MIMS/MIMARKS.host-associated",2010-01-12,MIGS/MIMS/MIMARKS.host-associated,none,USA,North America,"USA: Ames\, Iowa",92 days old,intestinal contents,pig,"TechStart 17-25 (Kent Feeds\, Muscatine\, IA) containing ASP250 (chlortetracycline 100 g/ton\, sulfamethazine 100 g/ton\, penicillin 50 g/ton) ad libitum until euthanization (15 continuous days)",offspring of sow C,ambient,not fasted before euthanasia,grower pig,female,9825,cecum,metagenome,swine,42°02?05?N 93°37?12?W,contents of the cecum,medicated (15 continuous days),Swine gut microbial ecology along the gut transect,"blend 5 g material in PBS\, centrifuge at 250xg to reduce plant material\, then centrifuge the supernatant at 10\,000g to pellet the cells\, followed by bead beating the resuspended pellet for bulk DNA extraction (kit by MoBio)",up to 5 grams feces/gut contents,1 to 6 months,-20 degrees Celsius,Pig 65,
SRR926483,WGS,556,15094221,PRJNA72355,SAMN02215211,34993249,USDA/ARS/NADC/FSEPRU,public,"run.zq,sff,sra","gs,ncbi,s3","gs.us-east1,ncbi.public,s3.us-east-1",SRX318262,454 GS FLX Titanium,SINGLE,RANDOM,METAGENOMIC,pig metagenome,LS454,2013-11-15T00:00:00Z,2013-07-08T13:12:00Z,1,pig65_ileum_med_meta,SRP008126,swine intestinal tract,"MIMS.me,MIGS/MIMS/MIMARKS.host-associated",2010-01-12,MIGS/MIMS/MIMARKS.host-associated,none,USA,North America,"USA: Ames\, Iowa",92 days old,intestinal contents,pig,"TechStart 17-25 (Kent Feeds\, Muscatine\, IA) containing ASP250 (chlortetracycline 100 g/ton\, sulfamethazine 100 g/ton\, penicillin 50 g/ton) ad libitum until euthanization (15 continuous days)",offspring of sow C,ambient,not fasted before euthanasia,grower pig,female,9825,ileum,metagenome,swine,42°02?05?N 93°37?12?W,"contents of the distal ileum\, proximal to the ileal/cecal junction",medicated (15 continuous days),Swine gut microbial ecology along the gut transect,"blend 5 g material in PBS\, centrifuge at 250xg to reduce plant material\, then centrifuge the supernatant at 10\,000g to pellet the cells\, followed by bead beating the resuspended pellet for bulk DNA extraction (kit by MoBio)",up to 5 grams feces/gut contents,1 to 6 months,-20 degrees Celsius,Pig 65,
SRR926484,WGS,533,34324055,PRJNA72355,SAMN02215210,80049706,USDA/ARS/NADC/FSEPRU,public,"run.zq,sff,sra","gs,ncbi,s3","gs.us-east1,ncbi.public,s3.us-east-1",SRX318261,454 GS FLX Titanium,SINGLE,RANDOM,METAGENOMIC,pig metagenome,LS454,2013-11-15T00:00:00Z,2013-07-08T13:12:00Z,1,pig65_colon_med_meta,SRP008126,swine intestinal tract,"MIMS.me,MIGS/MIMS/MIMARKS.host-associated",2010-01-12,MIGS/MIMS/MIMARKS.host-associated,none,USA,North America,"USA: Ames\, Iowa",92 days old,intestinal contents,pig,"TechStart 17-25 (Kent Feeds\, Muscatine\, IA) containing ASP250 (chlortetracycline 100 g/ton\, sulfamethazine 100 g/ton\, penicillin 50 g/ton) ad libitum until euthanization (15 continuous days)",offspring of sow C,ambient,not fasted before euthanasia,grower pig,female,9825,colon,metagenome,swine,42°02?05?N 93°37?12?W,contents of the midcolon near the spiral bend,medicated (15 continuous days),Swine gut microbial ecology along the gut transect,"blend 5 g material in PBS\, centrifuge at 250xg to reduce plant material\, then centrifuge the supernatant at 10\,000g to pellet the cells\, followed by bead beating the resuspended pellet for bulk DNA extraction (kit by MoBio)",up to 5 grams feces/gut contents,1 to 6 months,-20 degrees Celsius,Pig 65,
SRR926485,WGS,534,32337549,PRJNA72355,SAMN02215216,75432427,USDA/ARS/NADC/FSEPRU,public,"run.zq,sff,sra","gs,ncbi,s3","gs.us-east1,ncbi.public,s3.us-east-1",SRX318267,454 GS FLX Titanium,SINGLE,RANDOM,METAGENOMIC,pig metagenome,LS454,2013-11-15T00:00:00Z,2013-07-08T13:15:00Z,1,pig71_cecum_med_meta,SRP008126,swine intestinal tract,"MIMS.me,MIGS/MIMS/MIMARKS.host-associated",2010-01-28,MIGS/MIMS/MIMARKS.host-associated,none,USA,North America,"USA: Ames\, Iowa",108 days old,intestinal contents,pig,"TechStart 17-25 (Kent Feeds\, Muscatine\, IA) containing ASP250 (chlortetracycline 100 g/ton\, sulfamethazine 100 g/ton\, penicillin 50 g/ton) ad libitum until euthanization (31 continuous days)",offspring of sow C,ambient,not fasted before euthanasia,grower pig,male,9825,cecum,metagenome,swine,42°02?05?N 93°37?12?W,contents of the cecum,medicated (31 continuous days),Swine gut microbial ecology along the gut transect,"blend 5 g material in PBS\, centrifuge at 250xg to reduce plant material\, then centrifuge the supernatant at 10\,000g to pellet the cells\, followed by bead beating the resuspended pellet for bulk DNA extraction (kit by MoBio)",up to 5 grams feces/gut contents,1 to 6 months,-20 degrees Celsius,Pig 71,
SRR926486,WGS,567,32355246,PRJNA72355,SAMN02215219,74424987,USDA/ARS/NADC/FSEPRU,public,"run.zq,sff,sra","gs,ncbi,s3","gs.us-east1,ncbi.public,s3.us-east-1",SRX318270,454 GS FLX Titanium,SINGLE,RANDOM,METAGENOMIC,pig metagenome,LS454,2013-11-15T00:00:00Z,2013-07-08T13:17:00Z,1,pig71_ileum_med_meta,SRP008126,swine intestinal tract,"MIMS.me,MIGS/MIMS/MIMARKS.host-associated",2010-01-28,MIGS/MIMS/MIMARKS.host-associated,none,USA,North America,"USA: Ames\, Iowa",108 days old,intestinal contents,pig,"TechStart 17-25 (Kent Feeds\, Muscatine\, IA) containing ASP250 (chlortetracycline 100 g/ton\, sulfamethazine 100 g/ton\, penicillin 50 g/ton) ad libitum until euthanization (31 continuous days)",offspring of sow C,ambient,not fasted before euthanasia,grower pig,male,9825,ileum,metagenome,swine,42°02?05?N 93°37?12?W,"contents of the distal ileum\, proximal to the ileal/cecal junction",medicated (31 continuous days),Swine gut microbial ecology along the gut transect,"blend 5 g material in PBS\, centrifuge at 250xg to reduce plant material\, then centrifuge the supernatant at 10\,000g to pellet the cells\, followed by bead beating the resuspended pellet for bulk DNA extraction (kit by MoBio)",up to 5 grams feces/gut contents,1 to 6 months,-20 degrees Celsius,Pig 71,
SRR926487,WGS,540,29311410,PRJNA72355,SAMN02215217,68209866,USDA/ARS/NADC/FSEPRU,public,"run.zq,sff,sra","gs,ncbi,s3","gs.us-east1,ncbi.public,s3.us-east-1",SRX318268,454 GS FLX Titanium,SINGLE,RANDOM,METAGENOMIC,pig metagenome,LS454,2013-11-15T00:00:00Z,2013-07-08T13:18:00Z,1,pig71_colon_med_meta,SRP008126,swine intestinal tract,"MIMS.me,MIGS/MIMS/MIMARKS.host-associated",2010-01-28,MIGS/MIMS/MIMARKS.host-associated,none,USA,North America,"USA: Ames\, Iowa",108 days old,intestinal contents,pig,"TechStart 17-25 (Kent Feeds\, Muscatine\, IA) containing ASP250 (chlortetracycline 100 g/ton\, sulfamethazine 100 g/ton\, penicillin 50 g/ton) ad libitum until euthanization (31 continuous days)",offspring of sow C,ambient,not fasted before euthanasia,grower pig,male,9825,colon,metagenome,swine,42°02?05?N 93°37?12?W,contents of the midcolon near the spiral bend,medicated (31 continuous days),Swine gut microbial ecology along the gut transect,"blend 5 g material in PBS\, centrifuge at 250xg to reduce plant material\, then centrifuge the supernatant at 10\,000g to pellet the cells\, followed by bead beating the resuspended pellet for bulk DNA extraction (kit by MoBio)",up to 5 grams feces/gut contents,1 to 6 months,-20 degrees Celsius,Pig 71,
SRR926488,WGS,540,34374302,PRJNA72355,SAMN02215212,79952060,USDA/ARS/NADC/FSEPRU,public,"run.zq,sff,sra","gs,ncbi,s3","gs.us-east1,ncbi.public,s3.us-east-1",SRX318263,454 GS FLX Titanium,SINGLE,RANDOM,METAGENOMIC,pig metagenome,LS454,2013-11-15T00:00:00Z,2013-07-08T13:21:00Z,1,pig68_cecum_non_meta,SRP008126,swine intestinal tract,"MIMS.me,MIGS/MIMS/MIMARKS.host-associated",2010-01-28,MIGS/MIMS/MIMARKS.host-associated,none,USA,North America,"USA: Ames\, Iowa",108 days old,intestinal contents,pig,"TechStart 17-25\, Kent Feeds\, Muscatine\, IA",offspring of sow C,ambient,not fasted before euthanasia,grower pig,male,9825,cecum,metagenome,swine,42°02?05?N 93°37?12?W,contents of the cecum,non-medicated,Swine gut microbial ecology along the gut transect,"blend 5 g material in PBS\, centrifuge at 250xg to reduce plant material\, then centrifuge the supernatant at 10\,000g to pellet the cells\, followed by bead beating the resuspended pellet for bulk DNA extraction (kit by MoBio)",up to 5 grams feces/gut contents,1 to 6 months,-20 degrees Celsius,Pig 68,
SRR926489,WGS,541,35801621,PRJNA72355,SAMN02215214,83213717,USDA/ARS/NADC/FSEPRU,public,"run.zq,sff,sra","gs,ncbi,s3","gs.us-east1,ncbi.public,s3.us-east-1",SRX318265,454 GS FLX Titanium,SINGLE,RANDOM,METAGENOMIC,pig metagenome,LS454,2013-11-15T00:00:00Z,2013-07-08T13:21:00Z,1,pig68_feces_non_meta,SRP008126,swine intestinal tract,"MIMS.me,MIGS/MIMS/MIMARKS.host-associated",2010-01-28,MIGS/MIMS/MIMARKS.host-associated,none,USA,North America,"USA: Ames\, Iowa",108 days old,intestinal contents,pig,"TechStart 17-25\, Kent Feeds\, Muscatine\, IA",offspring of sow C,ambient,not fasted before euthanasia,grower pig,male,9825,feces,metagenome,swine,42°02?05?N 93°37?12?W,feces collected at necropsy,non-medicated,Swine gut microbial ecology along the gut transect,"blend 5 g material in PBS\, centrifuge at 250xg to reduce plant material\, then centrifuge the supernatant at 10\,000g to pellet the cells\, followed by bead beating the resuspended pellet for bulk DNA extraction (kit by MoBio)",up to 5 grams feces/gut contents,1 to 6 months,-20 degrees Celsius,Pig 68,
SRR926490,WGS,560,32184410,PRJNA72355,SAMN02215215,74268932,USDA/ARS/NADC/FSEPRU,public,"run.zq,sff,sra","gs,ncbi,s3","gs.us-east1,ncbi.public,s3.us-east-1",SRX318266,454 GS FLX Titanium,SINGLE,RANDOM,METAGENOMIC,pig metagenome,LS454,2013-11-15T00:00:00Z,2013-07-08T13:31:00Z,1,pig68_ileum_non_meta,SRP008126,swine intestinal tract,"MIMS.me,MIGS/MIMS/MIMARKS.host-associated",2010-01-28,MIGS/MIMS/MIMARKS.host-associated,none,USA,North America,"USA: Ames\, Iowa",108 days old,intestinal contents,pig,"TechStart 17-25\, Kent Feeds\, Muscatine\, IA",offspring of sow C,ambient,not fasted before euthanasia,grower pig,male,9825,ileum,metagenome,swine,42°02?05?N 93°37?12?W,"contents of the distal ileum\, proximal to the ileal/cecal junction",non-medicated,Swine gut microbial ecology along the gut transect,"blend 5 g material in PBS\, centrifuge at 250xg to reduce plant material\, then centrifuge the supernatant at 10\,000g to pellet the cells\, followed by bead beating the resuspended pellet for bulk DNA extraction (kit by MoBio)",up to 5 grams feces/gut contents,1 to 6 months,-20 degrees Celsius,Pig 68,
SRR926491,WGS,539,40112070,PRJNA72355,SAMN02215213,93354963,USDA/ARS/NADC/FSEPRU,public,"run.zq,sff,sra","gs,ncbi,s3","gs.us-east1,ncbi.public,s3.us-east-1",SRX318264,454 GS FLX Titanium,SINGLE,RANDOM,METAGENOMIC,pig metagenome,LS454,2013-11-15T00:00:00Z,2013-07-08T13:31:00Z,1,pig68_colon_non_meta,SRP008126,swine intestinal tract,"MIMS.me,MIGS/MIMS/MIMARKS.host-associated",2010-01-28,MIGS/MIMS/MIMARKS.host-associated,none,USA,North America,"USA: Ames\, Iowa",108 days old,intestinal contents,pig,"TechStart 17-25\, Kent Feeds\, Muscatine\, IA",offspring of sow C,ambient,not fasted before euthanasia,grower pig,male,9825,colon,metagenome,swine,42°02?05?N 93°37?12?W,contents of the midcolon near the spiral bend,non-medicated,Swine gut microbial ecology along the gut transect,"blend 5 g material in PBS\, centrifuge at 250xg to reduce plant material\, then centrifuge the supernatant at 10\,000g to pellet the cells\, followed by bead beating the resuspended pellet for bulk DNA extraction (kit by MoBio)",up to 5 grams feces/gut contents,1 to 6 months,-20 degrees Celsius,Pig 68,
SRR926492,AMPLICON,558,4372424,PRJNA72355,SAMN02215220,9977461,USDA/ARS/NADC/FSEPRU,public,"run.zq,sff,sra","gs,ncbi,s3","gs.us-east1,ncbi.public,s3.us-east-1",SRX318271,454 GS FLX Titanium,SINGLE,PCR,METAGENOMIC,pig metagenome,LS454,2013-11-15T00:00:00Z,2013-07-08T13:43:00Z,1,pig27_cecum_non_16S_lum,SRP008126,swine intestinal tract,"MIMS.me,MIGS/MIMS/MIMARKS.host-associated",2010-01-14,MIGS/MIMS/MIMARKS.host-associated,none,USA,North America,"USA: Ames\, Iowa",94 days old,intestinal contents,pig,"TechStart 17-25\, Kent Feeds\, Muscatine\, IA",offspring of sow A,ambient,not fasted before euthanasia,grower pig,female,9825,cecum,metagenome,swine,42°02?05?N 93°37?12?W,contents of the cecum,non-medicated,Swine gut microbial ecology along the gut transect,bead beating 5 g of gut contents or fecal material for bulk DNA extraction (kit by MoBio),up to 5 grams feces/gut contents,1 to 6 months,-20 degrees Celsius,Pig 27,
SRR926493,AMPLICON,562,4981724,PRJNA72355,SAMN02215221,11326532,USDA/ARS/NADC/FSEPRU,public,"run.zq,sff,sra","gs,ncbi,s3","gs.us-east1,ncbi.public,s3.us-east-1",SRX318272,454 GS FLX Titanium,SINGLE,PCR,METAGENOMIC,pig metagenome,LS454,2013-11-15T00:00:00Z,2013-07-08T13:43:00Z,1,pig27_colon_non_16S_lum,SRP008126,swine intestinal tract,"MIMS.me,MIGS/MIMS/MIMARKS.host-associated",2010-01-14,MIGS/MIMS/MIMARKS.host-associated,none,USA,North America,"USA: Ames\, Iowa",94 days old,intestinal contents,pig,"TechStart 17-25\, Kent Feeds\, Muscatine\, IA",offspring of sow A,ambient,not fasted before euthanasia,grower pig,female,9825,colon,metagenome,swine,42°02?05?N 93°37?12?W,contents of the midcolon near the spiral bend,non-medicated,Swine gut microbial ecology along the gut transect,bead beating 5 g of gut contents or fecal material for bulk DNA extraction (kit by MoBio),up to 5 grams feces/gut contents,1 to 6 months,-20 degrees Celsius,Pig 27,
SRR926494,AMPLICON,562,5669604,PRJNA72355,SAMN02215222,12892705,USDA/ARS/NADC/FSEPRU,public,"run.zq,sff,sra","gs,ncbi,s3","gs.us-east1,ncbi.public,s3.us-east-1",SRX318273,454 GS FLX Titanium,SINGLE,PCR,METAGENOMIC,pig metagenome,LS454,2013-11-15T00:00:00Z,2013-07-08T13:43:00Z,1,pig27_feces_non_16S_lum,SRP008126,swine intestinal tract,"MIMS.me,MIGS/MIMS/MIMARKS.host-associated",2010-01-14,MIGS/MIMS/MIMARKS.host-associated,none,USA,North America,"USA: Ames\, Iowa",94 days old,intestinal contents,pig,"TechStart 17-25\, Kent Feeds\, Muscatine\, IA",offspring of sow A,ambient,not fasted before euthanasia,grower pig,female,9825,feces,metagenome,swine,42°02?05?N 93°37?12?W,feces collected at necropsy,non-medicated,Swine gut microbial ecology along the gut transect,bead beating 5 g of gut contents or fecal material for bulk DNA extraction (kit by MoBio),up to 5 grams feces/gut contents,1 to 6 months,-20 degrees Celsius,Pig 27,
SRR926495,AMPLICON,564,3779248,PRJNA72355,SAMN02215223,8616189,USDA/ARS/NADC/FSEPRU,public,"run.zq,sff,sra","gs,ncbi,s3","gs.us-east1,ncbi.public,s3.us-east-1",SRX318274,454 GS FLX Titanium,SINGLE,PCR,METAGENOMIC,pig metagenome,LS454,2013-11-15T00:00:00Z,2013-07-08T14:04:00Z,1,pig28_cecum_med_16S_lum,SRP008126,swine intestinal tract,"MIMS.me,MIGS/MIMS/MIMARKS.host-associated",2010-01-14,MIGS/MIMS/MIMARKS.host-associated,none,USA,North America,"USA: Ames\, Iowa",94 days old,intestinal contents,pig,"TechStart 17-25 (Kent Feeds\, Muscatine\, IA) containing ASP250 (chlortetracycline 100 g/ton\, sulfamethazine 100 g/ton\, penicillin 50 g/ton) ad libitum until euthanization (17 continuous days)",offspring of sow A,ambient,not fasted before euthanasia,grower pig,female,9825,cecum,metagenome,swine,42°02?05?N 93°37?12?W,contents of the cecum,medicated (17 continuous days),Swine gut microbial ecology along the gut transect,bead beating 5 g of gut contents or fecal material for bulk DNA extraction (kit by MoBio),up to 5 grams feces/gut contents,1 to 6 months,-20 degrees Celsius,Pig 28,
SRR926496,AMPLICON,561,4748639,PRJNA72355,SAMN02215224,10810414,USDA/ARS/NADC/FSEPRU,public,"run.zq,sff,sra","gs,ncbi,s3","gs.us-east1,ncbi.public,s3.us-east-1",SRX318275,454 GS FLX Titanium,SINGLE,PCR,METAGENOMIC,pig metagenome,LS454,2013-11-15T00:00:00Z,2013-07-08T13:51:00Z,1,pig28_colon_med_16S_lum,SRP008126,swine intestinal tract,"MIMS.me,MIGS/MIMS/MIMARKS.host-associated",2010-01-14,MIGS/MIMS/MIMARKS.host-associated,none,USA,North America,"USA: Ames\, Iowa",94 days old,intestinal contents,pig,"TechStart 17-25 (Kent Feeds\, Muscatine\, IA) containing ASP250 (chlortetracycline 100 g/ton\, sulfamethazine 100 g/ton\, penicillin 50 g/ton) ad libitum until euthanization (17 continuous days)",offspring of sow A,ambient,not fasted before euthanasia,grower pig,female,9825,colon,metagenome,swine,42°02?05?N 93°37?12?W,contents of the midcolon near the spiral bend,medicated (17 continuous days),Swine gut microbial ecology along the gut transect,bead beating 5 g of gut contents or fecal material for bulk DNA extraction (kit by MoBio),up to 5 grams feces/gut contents,1 to 6 months,-20 degrees Celsius,Pig 28,
SRR926497,AMPLICON,564,4629999,PRJNA72355,SAMN02215225,10529432,USDA/ARS/NADC/FSEPRU,public,"run.zq,sff,sra","gs,ncbi,s3","gs.us-east1,ncbi.public,s3.us-east-1",SRX318276,454 GS FLX Titanium,SINGLE,PCR,METAGENOMIC,pig metagenome,LS454,2013-11-15T00:00:00Z,2013-07-08T13:51:00Z,1,pig28_feces_med_16S_lum,SRP008126,swine intestinal tract,"MIMS.me,MIGS/MIMS/MIMARKS.host-associated",2010-01-14,MIGS/MIMS/MIMARKS.host-associated,none,USA,North America,"USA: Ames\, Iowa",94 days old,intestinal contents,pig,"TechStart 17-25 (Kent Feeds\, Muscatine\, IA) containing ASP250 (chlortetracycline 100 g/ton\, sulfamethazine 100 g/ton\, penicillin 50 g/ton) ad libitum until euthanization (17 continuous days)",offspring of sow A,ambient,not fasted before euthanasia,grower pig,female,9825,feces,metagenome,swine,42°02?05?N 93°37?12?W,feces collected at necropsy,medicated (17 continuous days),Swine gut microbial ecology along the gut transect,bead beating 5 g of gut contents or fecal material for bulk DNA extraction (kit by MoBio),up to 5 grams feces/gut contents,1 to 6 months,-20 degrees Celsius,Pig 28,
SRR926498,AMPLICON,554,5553020,PRJNA72355,SAMN02215226,12500955,USDA/ARS/NADC/FSEPRU,public,"run.zq,sff,sra","gs,ncbi,s3","gs.us-east1,ncbi.public,s3.us-east-1",SRX318277,454 GS FLX Titanium,SINGLE,PCR,METAGENOMIC,pig metagenome,LS454,2013-11-15T00:00:00Z,2013-07-08T13:51:00Z,1,pig28_ileum_med_16S_lum,SRP008126,swine intestinal tract,"MIMS.me,MIGS/MIMS/MIMARKS.host-associated",2010-01-14,MIGS/MIMS/MIMARKS.host-associated,none,USA,North America,"USA: Ames\, Iowa",94 days old,intestinal contents,pig,"TechStart 17-25 (Kent Feeds\, Muscatine\, IA) containing ASP250 (chlortetracycline 100 g/ton\, sulfamethazine 100 g/ton\, penicillin 50 g/ton) ad libitum until euthanization (17 continuous days)",offspring of sow A,ambient,not fasted before euthanasia,grower pig,female,9825,ileum,metagenome,swine,42°02?05?N 93°37?12?W,"contents of the distal ileum\, proximal to the ileal/cecal junction",medicated (17 continuous days),Swine gut microbial ecology along the gut transect,bead beating 5 g of gut contents or fecal material for bulk DNA extraction (kit by MoBio),up to 5 grams feces/gut contents,1 to 6 months,-20 degrees Celsius,Pig 28,
SRR926499,AMPLICON,565,6279938,PRJNA72355,SAMN02215227,14283400,USDA/ARS/NADC/FSEPRU,public,"run.zq,sff,sra","gs,ncbi,s3","gs.us-east1,ncbi.public,s3.us-east-1",SRX318278,454 GS FLX Titanium,SINGLE,PCR,METAGENOMIC,pig metagenome,LS454,2013-11-15T00:00:00Z,2013-07-08T13:51:00Z,1,pig30_cecum_med_16S_lum,SRP008126,swine intestinal tract,"MIMS.me,MIGS/MIMS/MIMARKS.host-associated",2010-01-19,MIGS/MIMS/MIMARKS.host-associated,none,USA,North America,"USA: Ames\, Iowa",99 days old,intestinal contents,pig,"TechStart 17-25 (Kent Feeds\, Muscatine\, IA) containing ASP250 (chlortetracycline 100 g/ton\, sulfamethazine 100 g/ton\, penicillin 50 g/ton) ad libitum until euthanization (22 continuous days)",offspring of sow A,ambient,not fasted before euthanasia,grower pig,female,9825,cecum,metagenome,swine,42°02?05?N 93°37?12?W,contents of the cecum,medicated (22 continuous days),Swine gut microbial ecology along the gut transect,bead beating 5 g of gut contents or fecal material for bulk DNA extraction (kit by MoBio),up to 5 grams feces/gut contents,1 to 6 months,-20 degrees Celsius,Pig 30,
SRR926500,AMPLICON,565,5706500,PRJNA72355,SAMN02215228,12977796,USDA/ARS/NADC/FSEPRU,public,"run.zq,sff,sra","gs,ncbi,s3","gs.us-east1,ncbi.public,s3.us-east-1",SRX318279,454 GS FLX Titanium,SINGLE,PCR,METAGENOMIC,pig metagenome,LS454,2013-11-15T00:00:00Z,2013-07-08T13:51:00Z,1,pig30_colon_med_16S_lum,SRP008126,swine intestinal tract,"MIMS.me,MIGS/MIMS/MIMARKS.host-associated",2010-01-19,MIGS/MIMS/MIMARKS.host-associated,none,USA,North America,"USA: Ames\, Iowa",99 days old,intestinal contents,pig,"TechStart 17-25 (Kent Feeds\, Muscatine\, IA) containing ASP250 (chlortetracycline 100 g/ton\, sulfamethazine 100 g/ton\, penicillin 50 g/ton) ad libitum until euthanization (22 continuous days)",offspring of sow A,ambient,not fasted before euthanasia,grower pig,female,9825,colon,metagenome,swine,42°02?05?N 93°37?12?W,contents of the midcolon near the spiral bend,medicated (22 continuous days),Swine gut microbial ecology along the gut transect,bead beating 5 g of gut contents or fecal material for bulk DNA extraction (kit by MoBio),up to 5 grams feces/gut contents,1 to 6 months,-20 degrees Celsius,Pig 30,
SRR926501,AMPLICON,564,5839799,PRJNA72355,SAMN02215229,13269727,USDA/ARS/NADC/FSEPRU,public,"run.zq,sff,sra","gs,ncbi,s3","gs.us-east1,ncbi.public,s3.us-east-1",SRX318280,454 GS FLX Titanium,SINGLE,PCR,METAGENOMIC,pig metagenome,LS454,2013-11-15T00:00:00Z,2013-07-08T13:51:00Z,1,pig30_feces_med_16S_lum,SRP008126,swine intestinal tract,"MIMS.me,MIGS/MIMS/MIMARKS.host-associated",2010-01-19,MIGS/MIMS/MIMARKS.host-associated,none,USA,North America,"USA: Ames\, Iowa",99 days old,intestinal contents,pig,"TechStart 17-25 (Kent Feeds\, Muscatine\, IA) containing ASP250 (chlortetracycline 100 g/ton\, sulfamethazine 100 g/ton\, penicillin 50 g/ton) ad libitum until euthanization (22 continuous days)",offspring of sow A,ambient,not fasted before euthanasia,grower pig,female,9825,feces,metagenome,swine,42°02?05?N 93°37?12?W,feces collected at necropsy,medicated (22 continuous days),Swine gut microbial ecology along the gut transect,bead beating 5 g of gut contents or fecal material for bulk DNA extraction (kit by MoBio),up to 5 grams feces/gut contents,1 to 6 months,-20 degrees Celsius,Pig 30,
SRR926502,AMPLICON,538,7141796,PRJNA72355,SAMN02215230,16325412,USDA/ARS/NADC/FSEPRU,public,"run.zq,sff,sra","gs,ncbi,s3","gs.us-east1,ncbi.public,s3.us-east-1",SRX318281,454 GS FLX Titanium,SINGLE,PCR,METAGENOMIC,pig metagenome,LS454,2013-11-15T00:00:00Z,2013-07-08T13:51:00Z,1,pig30_ileum_med_16S_lum,SRP008126,swine intestinal tract,"MIMS.me,MIGS/MIMS/MIMARKS.host-associated",2010-01-19,MIGS/MIMS/MIMARKS.host-associated,none,USA,North America,"USA: Ames\, Iowa",99 days old,intestinal contents,pig,"TechStart 17-25 (Kent Feeds\, Muscatine\, IA) containing ASP250 (chlortetracycline 100 g/ton\, sulfamethazine 100 g/ton\, penicillin 50 g/ton) ad libitum until euthanization (22 continuous days)",offspring of sow A,ambient,not fasted before euthanasia,grower pig,female,9825,ileum,metagenome,swine,42°02?05?N 93°37?12?W,"contents of the distal ileum\, proximal to the ileal/cecal junction",medicated (22 continuous days),Swine gut microbial ecology along the gut transect,bead beating 5 g of gut contents or fecal material for bulk DNA extraction (kit by MoBio),up to 5 grams feces/gut contents,1 to 6 months,-20 degrees Celsius,Pig 30,
SRR926503,AMPLICON,567,3837027,PRJNA72355,SAMN02215231,8718702,USDA/ARS/NADC/FSEPRU,public,"run.zq,sff,sra","gs,ncbi,s3","gs.us-east1,ncbi.public,s3.us-east-1",SRX318282,454 GS FLX Titanium,SINGLE,PCR,METAGENOMIC,pig metagenome,LS454,2013-11-15T00:00:00Z,2013-07-08T13:51:00Z,1,pig35_cecum_non_16S_lum,SRP008126,swine intestinal tract,"MIMS.me,MIGS/MIMS/MIMARKS.host-associated",2010-01-19,MIGS/MIMS/MIMARKS.host-associated,none,USA,North America,"USA: Ames\, Iowa",99 days old,intestinal contents,pig,"TechStart 17-25\, Kent Feeds\, Muscatine\, IA",offspring of sow A,ambient,not fasted before euthanasia,grower pig,male,9825,cecum,metagenome,swine,42°02?05?N 93°37?12?W,contents of the cecum,non-medicated,Swine gut microbial ecology along the gut transect,bead beating 5 g of gut contents or fecal material for bulk DNA extraction (kit by MoBio),up to 5 grams feces/gut contents,1 to 6 months,-20 degrees Celsius,Pig 35,
SRR926504,AMPLICON,559,8800852,PRJNA72355,SAMN02215232,20044445,USDA/ARS/NADC/FSEPRU,public,"run.zq,sff,sra","gs,ncbi,s3","gs.us-east1,ncbi.public,s3.us-east-1",SRX318283,454 GS FLX Titanium,SINGLE,PCR,METAGENOMIC,pig metagenome,LS454,2013-11-15T00:00:00Z,2013-07-08T13:51:00Z,1,pig35_colon_non_16S_lum,SRP008126,swine intestinal tract,"MIMS.me,MIGS/MIMS/MIMARKS.host-associated",2010-01-19,MIGS/MIMS/MIMARKS.host-associated,none,USA,North America,"USA: Ames\, Iowa",99 days old,intestinal contents,pig,"TechStart 17-25\, Kent Feeds\, Muscatine\, IA",offspring of sow A,ambient,not fasted before euthanasia,grower pig,male,9825,colon,metagenome,swine,42°02?05?N 93°37?12?W,contents of the midcolon near the spiral bend,non-medicated,Swine gut microbial ecology along the gut transect,bead beating 5 g of gut contents or fecal material for bulk DNA extraction (kit by MoBio),up to 5 grams feces/gut contents,1 to 6 months,-20 degrees Celsius,Pig 35,
SRR926505,AMPLICON,564,5019190,PRJNA72355,SAMN02215233,11395545,USDA/ARS/NADC/FSEPRU,public,"run.zq,sff,sra","gs,ncbi,s3","gs.us-east1,ncbi.public,s3.us-east-1",SRX318284,454 GS FLX Titanium,SINGLE,PCR,METAGENOMIC,pig metagenome,LS454,2013-11-15T00:00:00Z,2013-07-08T13:51:00Z,1,pig35_feces_non_16S_lum,SRP008126,swine intestinal tract,"MIMS.me,MIGS/MIMS/MIMARKS.host-associated",2010-01-19,MIGS/MIMS/MIMARKS.host-associated,none,USA,North America,"USA: Ames\, Iowa",99 days old,intestinal contents,pig,"TechStart 17-25\, Kent Feeds\, Muscatine\, IA",offspring of sow A,ambient,not fasted before euthanasia,grower pig,male,9825,feces,metagenome,swine,42°02?05?N 93°37?12?W,feces collected at necropsy,non-medicated,Swine gut microbial ecology along the gut transect,bead beating 5 g of gut contents or fecal material for bulk DNA extraction (kit by MoBio),up to 5 grams feces/gut contents,1 to 6 months,-20 degrees Celsius,Pig 35,
SRR926506,AMPLICON,554,6258414,PRJNA72355,SAMN02215234,14167786,USDA/ARS/NADC/FSEPRU,public,"run.zq,sff,sra","gs,ncbi,s3","gs.us-east1,ncbi.public,s3.us-east-1",SRX318285,454 GS FLX Titanium,SINGLE,PCR,METAGENOMIC,pig metagenome,LS454,2013-11-15T00:00:00Z,2013-07-08T13:51:00Z,1,pig35_ileum_non_16S_lum,SRP008126,swine intestinal tract,"MIMS.me,MIGS/MIMS/MIMARKS.host-associated",2010-01-19,MIGS/MIMS/MIMARKS.host-associated,none,USA,North America,"USA: Ames\, Iowa",99 days old,intestinal contents,pig,"TechStart 17-25\, Kent Feeds\, Muscatine\, IA",offspring of sow A,ambient,not fasted before euthanasia,grower pig,male,9825,ileum,metagenome,swine,42°02?05?N 93°37?12?W,"contents of the distal ileum\, proximal to the ileal/cecal junction",non-medicated,Swine gut microbial ecology along the gut transect,bead beating 5 g of gut contents or fecal material for bulk DNA extraction (kit by MoBio),up to 5 grams feces/gut contents,1 to 6 months,-20 degrees Celsius,Pig 35,
SRR926507,AMPLICON,569,6621648,PRJNA72355,SAMN02215235,14972181,USDA/ARS/NADC/FSEPRU,public,"run.zq,sff,sra","gs,ncbi,s3","gs.us-east1,ncbi.public,s3.us-east-1",SRX318286,454 GS FLX Titanium,SINGLE,PCR,METAGENOMIC,pig metagenome,LS454,2013-11-15T00:00:00Z,2013-07-08T13:52:00Z,1,pig54_cecum_non_16S_lum,SRP008126,swine intestinal tract,"MIMS.me,MIGS/MIMS/MIMARKS.host-associated",2010-01-26,MIGS/MIMS/MIMARKS.host-associated,none,USA,North America,"USA: Ames\, Iowa",106 days old,intestinal contents,pig,"TechStart 17-25\, Kent Feeds\, Muscatine\, IA",offspring of sow B,ambient,not fasted before euthanasia,grower pig,female,9825,cecum,metagenome,swine,42°02?05?N 93°37?12?W,contents of the cecum,non-medicated,Swine gut microbial ecology along the gut transect,bead beating 5 g of gut contents or fecal material for bulk DNA extraction (kit by MoBio),up to 5 grams feces/gut contents,1 to 6 months,-20 degrees Celsius,Pig 54,
SRR926508,AMPLICON,565,6942794,PRJNA72355,SAMN02215236,15724243,USDA/ARS/NADC/FSEPRU,public,"run.zq,sff,sra","gs,ncbi,s3","gs.us-east1,ncbi.public,s3.us-east-1",SRX318287,454 GS FLX Titanium,SINGLE,PCR,METAGENOMIC,pig metagenome,LS454,2013-11-15T00:00:00Z,2013-07-08T13:54:00Z,1,pig54_colon_non_16S_lum,SRP008126,swine intestinal tract,"MIMS.me,MIGS/MIMS/MIMARKS.host-associated",2010-01-26,MIGS/MIMS/MIMARKS.host-associated,none,USA,North America,"USA: Ames\, Iowa",106 days old,intestinal contents,pig,"TechStart 17-25\, Kent Feeds\, Muscatine\, IA",offspring of sow B,ambient,not fasted before euthanasia,grower pig,female,9825,colon,metagenome,swine,42°02?05?N 93°37?12?W,contents of the midcolon near the spiral bend,non-medicated,Swine gut microbial ecology along the gut transect,bead beating 5 g of gut contents or fecal material for bulk DNA extraction (kit by MoBio),up to 5 grams feces/gut contents,1 to 6 months,-20 degrees Celsius,Pig 54,
SRR926509,AMPLICON,564,6552205,PRJNA72355,SAMN02215237,14825215,USDA/ARS/NADC/FSEPRU,public,"run.zq,sff,sra","gs,ncbi,s3","gs.us-east1,ncbi.public,s3.us-east-1",SRX318288,454 GS FLX Titanium,SINGLE,PCR,METAGENOMIC,pig metagenome,LS454,2013-11-15T00:00:00Z,2013-07-08T13:53:00Z,1,pig54_feces_non_16S_lum,SRP008126,swine intestinal tract,"MIMS.me,MIGS/MIMS/MIMARKS.host-associated",2010-01-26,MIGS/MIMS/MIMARKS.host-associated,none,USA,North America,"USA: Ames\, Iowa",106 days old,intestinal contents,pig,"TechStart 17-25\, Kent Feeds\, Muscatine\, IA",offspring of sow B,ambient,not fasted before euthanasia,grower pig,female,9825,feces,metagenome,swine,42°02?05?N 93°37?12?W,feces collected at necropsy,non-medicated,Swine gut microbial ecology along the gut transect,bead beating 5 g of gut contents or fecal material for bulk DNA extraction (kit by MoBio),up to 5 grams feces/gut contents,1 to 6 months,-20 degrees Celsius,Pig 54,
SRR926510,AMPLICON,550,6105509,PRJNA72355,SAMN02215238,13850575,USDA/ARS/NADC/FSEPRU,public,"run.zq,sff,sra","gs,ncbi,s3","gs.us-east1,ncbi.public,s3.us-east-1",SRX318289,454 GS FLX Titanium,SINGLE,PCR,METAGENOMIC,pig metagenome,LS454,2013-11-15T00:00:00Z,2013-07-08T13:53:00Z,1,pig54_ileum_non_16S_lum,SRP008126,swine intestinal tract,"MIMS.me,MIGS/MIMS/MIMARKS.host-associated",2010-01-26,MIGS/MIMS/MIMARKS.host-associated,none,USA,North America,"USA: Ames\, Iowa",106 days old,intestinal contents,pig,"TechStart 17-25\, Kent Feeds\, Muscatine\, IA",offspring of sow B,ambient,not fasted before euthanasia,grower pig,female,9825,ileum,metagenome,swine,42°02?05?N 93°37?12?W,"contents of the distal ileum\, proximal to the ileal/cecal junction",non-medicated,Swine gut microbial ecology along the gut transect,bead beating 5 g of gut contents or fecal material for bulk DNA extraction (kit by MoBio),up to 5 grams feces/gut contents,1 to 6 months,-20 degrees Celsius,Pig 54,
SRR926511,AMPLICON,567,4711305,PRJNA72355,SAMN02215239,10675844,USDA/ARS/NADC/FSEPRU,public,"run.zq,sff,sra","gs,ncbi,s3","gs.us-east1,ncbi.public,s3.us-east-1",SRX318290,454 GS FLX Titanium,SINGLE,PCR,METAGENOMIC,pig metagenome,LS454,2013-11-15T00:00:00Z,2013-07-08T14:13:00Z,1,pig57_cecum_non_16S_lum,SRP008126,swine intestinal tract,"MIMS.me,MIGS/MIMS/MIMARKS.host-associated",2010-01-21,MIGS/MIMS/MIMARKS.host-associated,none,USA,North America,"USA: Ames\, Iowa",101 days old,intestinal contents,pig,"TechStart 17-25\, Kent Feeds\, Muscatine\, IA",offspring of sow B,ambient,not fasted before euthanasia,grower pig,male,9825,cecum,metagenome,swine,42°02?05?N 93°37?12?W,contents of the cecum,non-medicated,Swine gut microbial ecology along the gut transect,bead beating 5 g of gut contents or fecal material for bulk DNA extraction (kit by MoBio),up to 5 grams feces/gut contents,1 to 6 months,-20 degrees Celsius,Pig 57,
SRR926512,AMPLICON,563,5618146,PRJNA72355,SAMN02215240,12771663,USDA/ARS/NADC/FSEPRU,public,"run.zq,sff,sra","gs,ncbi,s3","gs.us-east1,ncbi.public,s3.us-east-1",SRX318291,454 GS FLX Titanium,SINGLE,PCR,METAGENOMIC,pig metagenome,LS454,2013-11-15T00:00:00Z,2013-07-08T13:57:00Z,1,pig57_colon_non_16S_lum,SRP008126,swine intestinal tract,"MIMS.me,MIGS/MIMS/MIMARKS.host-associated",2010-01-21,MIGS/MIMS/MIMARKS.host-associated,none,USA,North America,"USA: Ames\, Iowa",101 days old,intestinal contents,pig,"TechStart 17-25\, Kent Feeds\, Muscatine\, IA",offspring of sow B,ambient,not fasted before euthanasia,grower pig,male,9825,colon,metagenome,swine,42°02?05?N 93°37?12?W,contents of the midcolon near the spiral bend,non-medicated,Swine gut microbial ecology along the gut transect,bead beating 5 g of gut contents or fecal material for bulk DNA extraction (kit by MoBio),up to 5 grams feces/gut contents,1 to 6 months,-20 degrees Celsius,Pig 57,
SRR926513,AMPLICON,559,5041940,PRJNA72355,SAMN02215241,11476022,USDA/ARS/NADC/FSEPRU,public,"run.zq,sff,sra","gs,ncbi,s3","gs.us-east1,ncbi.public,s3.us-east-1",SRX318292,454 GS FLX Titanium,SINGLE,PCR,METAGENOMIC,pig metagenome,LS454,2013-11-15T00:00:00Z,2013-07-08T14:13:00Z,1,pig57_feces_non_16S_lum,SRP008126,swine intestinal tract,"MIMS.me,MIGS/MIMS/MIMARKS.host-associated",2010-01-21,MIGS/MIMS/MIMARKS.host-associated,none,USA,North America,"USA: Ames\, Iowa",101 days old,intestinal contents,pig,"TechStart 17-25\, Kent Feeds\, Muscatine\, IA",offspring of sow B,ambient,not fasted before euthanasia,grower pig,male,9825,feces,metagenome,swine,42°02?05?N 93°37?12?W,feces collected at necropsy,non-medicated,Swine gut microbial ecology along the gut transect,bead beating 5 g of gut contents or fecal material for bulk DNA extraction (kit by MoBio),up to 5 grams feces/gut contents,1 to 6 months,-20 degrees Celsius,Pig 57,
SRR926514,AMPLICON,563,5968249,PRJNA72355,SAMN02215242,13620552,USDA/ARS/NADC/FSEPRU,public,"run.zq,sff,sra","gs,ncbi,s3","gs.us-east1,ncbi.public,s3.us-east-1",SRX318293,454 GS FLX Titanium,SINGLE,PCR,METAGENOMIC,pig metagenome,LS454,2013-11-15T00:00:00Z,2013-07-08T13:59:00Z,1,pig59_cecum_med_16S_lum,SRP008126,swine intestinal tract,"MIMS.me,MIGS/MIMS/MIMARKS.host-associated",2010-01-21,MIGS/MIMS/MIMARKS.host-associated,none,USA,North America,"USA: Ames\, Iowa",101 days old,intestinal contents,pig,"TechStart 17-25 (Kent Feeds\, Muscatine\, IA) containing ASP250 (chlortetracycline 100 g/ton\, sulfamethazine 100 g/ton\, penicillin 50 g/ton) ad libitum until euthanization (24 continuous days)",offspring of sow B,ambient,not fasted before euthanasia,grower pig,male,9825,cecum,metagenome,swine,42°02?05?N 93°37?12?W,contents of the cecum,medicated (24 continuous days),Swine gut microbial ecology along the gut transect,bead beating 5 g of gut contents or fecal material for bulk DNA extraction (kit by MoBio),up to 5 grams feces/gut contents,1 to 6 months,-20 degrees Celsius,Pig 59,
SRR926515,AMPLICON,567,5736761,PRJNA72355,SAMN02215243,12995560,USDA/ARS/NADC/FSEPRU,public,"run.zq,sff,sra","gs,ncbi,s3","gs.us-east1,ncbi.public,s3.us-east-1",SRX318294,454 GS FLX Titanium,SINGLE,PCR,METAGENOMIC,pig metagenome,LS454,2013-11-15T00:00:00Z,2013-07-08T14:04:00Z,1,pig59_colon_med_16S_lum,SRP008126,swine intestinal tract,"MIMS.me,MIGS/MIMS/MIMARKS.host-associated",2010-01-21,MIGS/MIMS/MIMARKS.host-associated,none,USA,North America,"USA: Ames\, Iowa",101 days old,intestinal contents,pig,"TechStart 17-25 (Kent Feeds\, Muscatine\, IA) containing ASP250 (chlortetracycline 100 g/ton\, sulfamethazine 100 g/ton\, penicillin 50 g/ton) ad libitum until euthanization (24 continuous days)",offspring of sow B,ambient,not fasted before euthanasia,grower pig,male,9825,colon,metagenome,swine,42°02?05?N 93°37?12?W,contents of the midcolon near the spiral bend,medicated (24 continuous days),Swine gut microbial ecology along the gut transect,bead beating 5 g of gut contents or fecal material for bulk DNA extraction (kit by MoBio),up to 5 grams feces/gut contents,1 to 6 months,-20 degrees Celsius,Pig 59,
SRR926516,AMPLICON,562,4583536,PRJNA72355,SAMN02215244,10415474,USDA/ARS/NADC/FSEPRU,public,"run.zq,sff,sra","gs,ncbi,s3","gs.us-east1,ncbi.public,s3.us-east-1",SRX318295,454 GS FLX Titanium,SINGLE,PCR,METAGENOMIC,pig metagenome,LS454,2013-11-15T00:00:00Z,2013-07-08T13:59:00Z,1,pig59_feces_med_16S_lum,SRP008126,swine intestinal tract,"MIMS.me,MIGS/MIMS/MIMARKS.host-associated",2010-01-21,MIGS/MIMS/MIMARKS.host-associated,none,USA,North America,"USA: Ames\, Iowa",101 days old,intestinal contents,pig,"TechStart 17-25 (Kent Feeds\, Muscatine\, IA) containing ASP250 (chlortetracycline 100 g/ton\, sulfamethazine 100 g/ton\, penicillin 50 g/ton) ad libitum until euthanization (24 continuous days)",offspring of sow B,ambient,not fasted before euthanasia,grower pig,male,9825,feces,metagenome,swine,42°02?05?N 93°37?12?W,feces collected at necropsy,medicated (24 continuous days),Swine gut microbial ecology along the gut transect,bead beating 5 g of gut contents or fecal material for bulk DNA extraction (kit by MoBio),up to 5 grams feces/gut contents,1 to 6 months,-20 degrees Celsius,Pig 59,
SRR926517,AMPLICON,551,6482254,PRJNA72355,SAMN02215245,14651104,USDA/ARS/NADC/FSEPRU,public,"run.zq,sff,sra","gs,ncbi,s3","gs.us-east1,ncbi.public,s3.us-east-1",SRX318296,454 GS FLX Titanium,SINGLE,PCR,METAGENOMIC,pig metagenome,LS454,2013-11-15T00:00:00Z,2013-07-08T14:00:00Z,1,pig59_ileum_med_16S_lum,SRP008126,swine intestinal tract,"MIMS.me,MIGS/MIMS/MIMARKS.host-associated",2010-01-21,MIGS/MIMS/MIMARKS.host-associated,none,USA,North America,"USA: Ames\, Iowa",101 days old,intestinal contents,pig,"TechStart 17-25 (Kent Feeds\, Muscatine\, IA) containing ASP250 (chlortetracycline 100 g/ton\, sulfamethazine 100 g/ton\, penicillin 50 g/ton) ad libitum until euthanization (24 continuous days)",offspring of sow B,ambient,not fasted before euthanasia,grower pig,male,9825,ileum,metagenome,swine,42°02?05?N 93°37?12?W,"contents of the distal ileum\, proximal to the ileal/cecal junction",medicated (24 continuous days),Swine gut microbial ecology along the gut transect,bead beating 5 g of gut contents or fecal material for bulk DNA extraction (kit by MoBio),up to 5 grams feces/gut contents,1 to 6 months,-20 degrees Celsius,Pig 59,
SRR926518,AMPLICON,571,6029251,PRJNA72355,SAMN02215246,13653144,USDA/ARS/NADC/FSEPRU,public,"run.zq,sff,sra","gs,ncbi,s3","gs.us-east1,ncbi.public,s3.us-east-1",SRX318297,454 GS FLX Titanium,SINGLE,PCR,METAGENOMIC,pig metagenome,LS454,2013-11-15T00:00:00Z,2013-07-08T14:04:00Z,1,pig60_cecum_med_16S_lum,SRP008126,swine intestinal tract,"MIMS.me,MIGS/MIMS/MIMARKS.host-associated",2010-01-26,MIGS/MIMS/MIMARKS.host-associated,none,USA,North America,"USA: Ames\, Iowa",106 days old,intestinal contents,pig,"TechStart 17-25 (Kent Feeds\, Muscatine\, IA) containing ASP250 (chlortetracycline 100 g/ton\, sulfamethazine 100 g/ton\, penicillin 50 g/ton) ad libitum until euthanization (29 continuous days)",offspring of sow B,ambient,not fasted before euthanasia,grower pig,male,9825,cecum,metagenome,swine,42°02?05?N 93°37?12?W,contents of the cecum,medicated (29 continuous days),Swine gut microbial ecology along the gut transect,bead beating 5 g of gut contents or fecal material for bulk DNA extraction (kit by MoBio),up to 5 grams feces/gut contents,1 to 6 months,-20 degrees Celsius,Pig 60,
SRR926519,AMPLICON,567,6418204,PRJNA72355,SAMN02215247,14559244,USDA/ARS/NADC/FSEPRU,public,"run.zq,sff,sra","gs,ncbi,s3","gs.us-east1,ncbi.public,s3.us-east-1",SRX318298,454 GS FLX Titanium,SINGLE,PCR,METAGENOMIC,pig metagenome,LS454,2013-11-15T00:00:00Z,2013-07-08T14:04:00Z,1,pig60_colon_med_16S_lum,SRP008126,swine intestinal tract,"MIMS.me,MIGS/MIMS/MIMARKS.host-associated",2010-01-26,MIGS/MIMS/MIMARKS.host-associated,none,USA,North America,"USA: Ames\, Iowa",106 days old,intestinal contents,pig,"TechStart 17-25 (Kent Feeds\, Muscatine\, IA) containing ASP250 (chlortetracycline 100 g/ton\, sulfamethazine 100 g/ton\, penicillin 50 g/ton) ad libitum until euthanization (29 continuous days)",offspring of sow B,ambient,not fasted before euthanasia,grower pig,male,9825,colon,metagenome,swine,42°02?05?N 93°37?12?W,contents of the midcolon near the spiral bend,medicated (29 continuous days),Swine gut microbial ecology along the gut transect,bead beating 5 g of gut contents or fecal material for bulk DNA extraction (kit by MoBio),up to 5 grams feces/gut contents,1 to 6 months,-20 degrees Celsius,Pig 60,
SRR926520,AMPLICON,576,5788832,PRJNA72355,SAMN02215248,13018658,USDA/ARS/NADC/FSEPRU,public,"run.zq,sff,sra","gs,ncbi,s3","gs.us-east1,ncbi.public,s3.us-east-1",SRX318299,454 GS FLX Titanium,SINGLE,PCR,METAGENOMIC,pig metagenome,LS454,2013-11-15T00:00:00Z,2013-07-08T14:04:00Z,1,pig60_feces_med_16S_lum,SRP008126,swine intestinal tract,"MIMS.me,MIGS/MIMS/MIMARKS.host-associated",2010-01-26,MIGS/MIMS/MIMARKS.host-associated,none,USA,North America,"USA: Ames\, Iowa",106 days old,intestinal contents,pig,"TechStart 17-25 (Kent Feeds\, Muscatine\, IA) containing ASP250 (chlortetracycline 100 g/ton\, sulfamethazine 100 g/ton\, penicillin 50 g/ton) ad libitum until euthanization (29 continuous days)",offspring of sow B,ambient,not fasted before euthanasia,grower pig,male,9825,feces,metagenome,swine,42°02?05?N 93°37?12?W,feces collected at necropsy,medicated (29 continuous days),Swine gut microbial ecology along the gut transect,bead beating 5 g of gut contents or fecal material for bulk DNA extraction (kit by MoBio),up to 5 grams feces/gut contents,1 to 6 months,-20 degrees Celsius,Pig 60,
SRR926521,AMPLICON,563,4580659,PRJNA72355,SAMN02215249,10370617,USDA/ARS/NADC/FSEPRU,public,"run.zq,sff,sra","gs,ncbi,s3","gs.us-east1,ncbi.public,s3.us-east-1",SRX318300,454 GS FLX Titanium,SINGLE,PCR,METAGENOMIC,pig metagenome,LS454,2013-11-15T00:00:00Z,2013-07-08T14:04:00Z,1,pig60_ileum_med_16S_lum,SRP008126,swine intestinal tract,"MIMS.me,MIGS/MIMS/MIMARKS.host-associated",2010-01-26,MIGS/MIMS/MIMARKS.host-associated,none,USA,North America,"USA: Ames\, Iowa",106 days old,intestinal contents,pig,"TechStart 17-25 (Kent Feeds\, Muscatine\, IA) containing ASP250 (chlortetracycline 100 g/ton\, sulfamethazine 100 g/ton\, penicillin 50 g/ton) ad libitum until euthanization (29 continuous days)",offspring of sow B,ambient,not fasted before euthanasia,grower pig,male,9825,ileum,metagenome,swine,42°02?05?N 93°37?12?W,"contents of the distal ileum\, proximal to the ileal/cecal junction",medicated (29 continuous days),Swine gut microbial ecology along the gut transect,bead beating 5 g of gut contents or fecal material for bulk DNA extraction (kit by MoBio),up to 5 grams feces/gut contents,1 to 6 months,-20 degrees Celsius,Pig 60,
SRR926522,AMPLICON,576,4961388,PRJNA72355,SAMN02215250,11174518,USDA/ARS/NADC/FSEPRU,public,"run.zq,sff,sra","gs,ncbi,s3","gs.us-east1,ncbi.public,s3.us-east-1",SRX318301,454 GS FLX Titanium,SINGLE,PCR,METAGENOMIC,pig metagenome,LS454,2013-11-15T00:00:00Z,2013-07-08T14:04:00Z,1,pig63_cecum_non_16S_lum,SRP008126,swine intestinal tract,"MIMS.me,MIGS/MIMS/MIMARKS.host-associated",2010-01-12,MIGS/MIMS/MIMARKS.host-associated,none,USA,North America,"USA: Ames\, Iowa",92 days old,intestinal contents,pig,"TechStart 17-25\, Kent Feeds\, Muscatine\, IA",offspring of sow C,ambient,not fasted before euthanasia,grower pig,female,9825,cecum,metagenome,swine,42°02?05?N 93°37?12?W,contents of the cecum,non-medicated,Swine gut microbial ecology along the gut transect,bead beating 5 g of gut contents or fecal material for bulk DNA extraction (kit by MoBio),up to 5 grams feces/gut contents,1 to 6 months,-20 degrees Celsius,Pig 63,
SRR926523,AMPLICON,564,6420189,PRJNA72355,SAMN02215251,14566574,USDA/ARS/NADC/FSEPRU,public,"run.zq,sff,sra","gs,ncbi,s3","gs.us-east1,ncbi.public,s3.us-east-1",SRX318302,454 GS FLX Titanium,SINGLE,PCR,METAGENOMIC,pig metagenome,LS454,2013-11-15T00:00:00Z,2013-07-08T14:04:00Z,1,pig63_colon_non_16S_lum,SRP008126,swine intestinal tract,"MIMS.me,MIGS/MIMS/MIMARKS.host-associated",2010-01-12,MIGS/MIMS/MIMARKS.host-associated,none,USA,North America,"USA: Ames\, Iowa",92 days old,intestinal contents,pig,"TechStart 17-25\, Kent Feeds\, Muscatine\, IA",offspring of sow C,ambient,not fasted before euthanasia,grower pig,female,9825,colon,metagenome,swine,42°02?05?N 93°37?12?W,contents of the midcolon near the spiral bend,non-medicated,Swine gut microbial ecology along the gut transect,bead beating 5 g of gut contents or fecal material for bulk DNA extraction (kit by MoBio),up to 5 grams feces/gut contents,1 to 6 months,-20 degrees Celsius,Pig 63,
SRR926524,AMPLICON,585,6413585,PRJNA72355,SAMN02215252,14345782,USDA/ARS/NADC/FSEPRU,public,"run.zq,sff,sra","gs,ncbi,s3","gs.us-east1,ncbi.public,s3.us-east-1",SRX318303,454 GS FLX Titanium,SINGLE,PCR,METAGENOMIC,pig metagenome,LS454,2013-11-15T00:00:00Z,2013-07-08T14:13:00Z,1,pig63_feces_non_16S_lum,SRP008126,swine intestinal tract,"MIMS.me,MIGS/MIMS/MIMARKS.host-associated",2010-01-12,MIGS/MIMS/MIMARKS.host-associated,none,USA,North America,"USA: Ames\, Iowa",92 days old,intestinal contents,pig,"TechStart 17-25\, Kent Feeds\, Muscatine\, IA",offspring of sow C,ambient,not fasted before euthanasia,grower pig,female,9825,feces,metagenome,swine,42°02?05?N 93°37?12?W,feces collected at necropsy,non-medicated,Swine gut microbial ecology along the gut transect,bead beating 5 g of gut contents or fecal material for bulk DNA extraction (kit by MoBio),up to 5 grams feces/gut contents,1 to 6 months,-20 degrees Celsius,Pig 63,
SRR926525,AMPLICON,554,5841203,PRJNA72355,SAMN02215253,13239826,USDA/ARS/NADC/FSEPRU,public,"run.zq,sff,sra","gs,ncbi,s3","gs.us-east1,ncbi.public,s3.us-east-1",SRX318304,454 GS FLX Titanium,SINGLE,PCR,METAGENOMIC,pig metagenome,LS454,2013-11-15T00:00:00Z,2013-07-08T14:04:00Z,1,pig63_ileum_non_16S_lum,SRP008126,swine intestinal tract,"MIMS.me,MIGS/MIMS/MIMARKS.host-associated",2010-01-12,MIGS/MIMS/MIMARKS.host-associated,none,USA,North America,"USA: Ames\, Iowa",92 days old,intestinal contents,pig,"TechStart 17-25\, Kent Feeds\, Muscatine\, IA",offspring of sow C,ambient,not fasted before euthanasia,grower pig,female,9825,ileum,metagenome,swine,42°02?05?N 93°37?12?W,"contents of the distal ileum\, proximal to the ileal/cecal junction",non-medicated,Swine gut microbial ecology along the gut transect,bead beating 5 g of gut contents or fecal material for bulk DNA extraction (kit by MoBio),up to 5 grams feces/gut contents,1 to 6 months,-20 degrees Celsius,Pig 63,
SRR926526,AMPLICON,564,5665654,PRJNA72355,SAMN02215254,12815463,USDA/ARS/NADC/FSEPRU,public,"run.zq,sff,sra","gs,ncbi,s3","gs.us-east1,ncbi.public,s3.us-east-1",SRX318305,454 GS FLX Titanium,SINGLE,PCR,METAGENOMIC,pig metagenome,LS454,2013-11-15T00:00:00Z,2013-07-08T14:06:00Z,1,pig65_cecum_med_16S_lum,SRP008126,swine intestinal tract,"MIMS.me,MIGS/MIMS/MIMARKS.host-associated",2010-01-12,MIGS/MIMS/MIMARKS.host-associated,none,USA,North America,"USA: Ames\, Iowa",92 days old,intestinal contents,pig,"TechStart 17-25 (Kent Feeds\, Muscatine\, IA) containing ASP250 (chlortetracycline 100 g/ton\, sulfamethazine 100 g/ton\, penicillin 50 g/ton) ad libitum until euthanization (15 continuous days)",offspring of sow C,ambient,not fasted before euthanasia,grower pig,female,9825,cecum,metagenome,swine,42°02?05?N 93°37?12?W,contents of the cecum,medicated (15 continuous days),Swine gut microbial ecology along the gut transect,bead beating 5 g of gut contents or fecal material for bulk DNA extraction (kit by MoBio),up to 5 grams feces/gut contents,1 to 6 months,-20 degrees Celsius,Pig 65,
SRR926527,AMPLICON,572,6151458,PRJNA72355,SAMN02215255,13847378,USDA/ARS/NADC/FSEPRU,public,"run.zq,sff,sra","gs,ncbi,s3","gs.us-east1,ncbi.public,s3.us-east-1",SRX318306,454 GS FLX Titanium,SINGLE,PCR,METAGENOMIC,pig metagenome,LS454,2013-11-15T00:00:00Z,2013-07-08T14:06:00Z,1,pig65_colon_med_16S_lum,SRP008126,swine intestinal tract,"MIMS.me,MIGS/MIMS/MIMARKS.host-associated",2010-01-12,MIGS/MIMS/MIMARKS.host-associated,none,USA,North America,"USA: Ames\, Iowa",92 days old,intestinal contents,pig,"TechStart 17-25 (Kent Feeds\, Muscatine\, IA) containing ASP250 (chlortetracycline 100 g/ton\, sulfamethazine 100 g/ton\, penicillin 50 g/ton) ad libitum until euthanization (15 continuous days)",offspring of sow C,ambient,not fasted before euthanasia,grower pig,female,9825,colon,metagenome,swine,42°02?05?N 93°37?12?W,contents of the midcolon near the spiral bend,medicated (15 continuous days),Swine gut microbial ecology along the gut transect,bead beating 5 g of gut contents or fecal material for bulk DNA extraction (kit by MoBio),up to 5 grams feces/gut contents,1 to 6 months,-20 degrees Celsius,Pig 65,
SRR926528,AMPLICON,552,6545969,PRJNA72355,SAMN02215256,14855175,USDA/ARS/NADC/FSEPRU,public,"run.zq,sff,sra","gs,ncbi,s3","gs.us-east1,ncbi.public,s3.us-east-1",SRX318307,454 GS FLX Titanium,SINGLE,PCR,METAGENOMIC,pig metagenome,LS454,2013-11-15T00:00:00Z,2013-07-08T14:06:00Z,1,pig65_ileum_med_16S_lum,SRP008126,swine intestinal tract,"MIMS.me,MIGS/MIMS/MIMARKS.host-associated",2010-01-12,MIGS/MIMS/MIMARKS.host-associated,none,USA,North America,"USA: Ames\, Iowa",92 days old,intestinal contents,pig,"TechStart 17-25 (Kent Feeds\, Muscatine\, IA) containing ASP250 (chlortetracycline 100 g/ton\, sulfamethazine 100 g/ton\, penicillin 50 g/ton) ad libitum until euthanization (15 continuous days)",offspring of sow C,ambient,not fasted before euthanasia,grower pig,female,9825,ileum,metagenome,swine,42°02?05?N 93°37?12?W,"contents of the distal ileum\, proximal to the ileal/cecal junction",medicated (15 continuous days),Swine gut microbial ecology along the gut transect,bead beating 5 g of gut contents or fecal material for bulk DNA extraction (kit by MoBio),up to 5 grams feces/gut contents,1 to 6 months,-20 degrees Celsius,Pig 65,
SRR926529,AMPLICON,564,9292969,PRJNA72355,SAMN02215257,21092747,USDA/ARS/NADC/FSEPRU,public,"run.zq,sff,sra","gs,ncbi,s3","gs.us-east1,ncbi.public,s3.us-east-1",SRX318308,454 GS FLX Titanium,SINGLE,PCR,METAGENOMIC,pig metagenome,LS454,2013-11-15T00:00:00Z,2013-07-08T14:13:00Z,1,pig68_cecum_non_16S_lum,SRP008126,swine intestinal tract,"MIMS.me,MIGS/MIMS/MIMARKS.host-associated",2010-01-28,MIGS/MIMS/MIMARKS.host-associated,none,USA,North America,"USA: Ames\, Iowa",108 days old,intestinal contents,pig,"TechStart 17-25\, Kent Feeds\, Muscatine\, IA",offspring of sow C,ambient,not fasted before euthanasia,grower pig,male,9825,cecum,metagenome,swine,42°02?05?N 93°37?12?W,contents of the cecum,non-medicated,Swine gut microbial ecology along the gut transect,bead beating 5 g of gut contents or fecal material for bulk DNA extraction (kit by MoBio),up to 5 grams feces/gut contents,1 to 6 months,-20 degrees Celsius,Pig 68,
SRR926530,AMPLICON,566,5452327,PRJNA72355,SAMN02215258,12362912,USDA/ARS/NADC/FSEPRU,public,"run.zq,sff,sra","gs,ncbi,s3","gs.us-east1,ncbi.public,s3.us-east-1",SRX318309,454 GS FLX Titanium,SINGLE,PCR,METAGENOMIC,pig metagenome,LS454,2013-11-15T00:00:00Z,2013-07-08T15:02:00Z,1,pig68_colon_non_16S_lum,SRP008126,swine intestinal tract,"MIMS.me,MIGS/MIMS/MIMARKS.host-associated",2010-01-28,MIGS/MIMS/MIMARKS.host-associated,none,USA,North America,"USA: Ames\, Iowa",108 days old,intestinal contents,pig,"TechStart 17-25\, Kent Feeds\, Muscatine\, IA",offspring of sow C,ambient,not fasted before euthanasia,grower pig,male,9825,colon,metagenome,swine,42°02?05?N 93°37?12?W,contents of the midcolon near the spiral bend,non-medicated,Swine gut microbial ecology along the gut transect,bead beating 5 g of gut contents or fecal material for bulk DNA extraction (kit by MoBio),up to 5 grams feces/gut contents,1 to 6 months,-20 degrees Celsius,Pig 68,
SRR926531,AMPLICON,569,5592476,PRJNA72355,SAMN02215259,12644252,USDA/ARS/NADC/FSEPRU,public,"run.zq,sff,sra","gs,ncbi,s3","gs.us-east1,ncbi.public,s3.us-east-1",SRX318310,454 GS FLX Titanium,SINGLE,PCR,METAGENOMIC,pig metagenome,LS454,2013-11-15T00:00:00Z,2013-07-08T14:13:00Z,1,pig68_feces_non_16S_lum,SRP008126,swine intestinal tract,"MIMS.me,MIGS/MIMS/MIMARKS.host-associated",2010-01-28,MIGS/MIMS/MIMARKS.host-associated,none,USA,North America,"USA: Ames\, Iowa",108 days old,intestinal contents,pig,"TechStart 17-25\, Kent Feeds\, Muscatine\, IA",offspring of sow C,ambient,not fasted before euthanasia,grower pig,male,9825,feces,metagenome,swine,42°02?05?N 93°37?12?W,feces collected at necropsy,non-medicated,Swine gut microbial ecology along the gut transect,bead beating 5 g of gut contents or fecal material for bulk DNA extraction (kit by MoBio),up to 5 grams feces/gut contents,1 to 6 months,-20 degrees Celsius,Pig 68,
SRR926532,AMPLICON,552,7877962,PRJNA72355,SAMN02215260,17871004,USDA/ARS/NADC/FSEPRU,public,"run.zq,sff,sra","gs,ncbi,s3","gs.us-east1,ncbi.public,s3.us-east-1",SRX318311,454 GS FLX Titanium,SINGLE,PCR,METAGENOMIC,pig metagenome,LS454,2013-11-15T00:00:00Z,2013-07-08T15:02:00Z,1,pig68_ileum_non_16S_lum,SRP008126,swine intestinal tract,"MIMS.me,MIGS/MIMS/MIMARKS.host-associated",2010-01-28,MIGS/MIMS/MIMARKS.host-associated,none,USA,North America,"USA: Ames\, Iowa",108 days old,intestinal contents,pig,"TechStart 17-25\, Kent Feeds\, Muscatine\, IA",offspring of sow C,ambient,not fasted before euthanasia,grower pig,male,9825,ileum,metagenome,swine,42°02?05?N 93°37?12?W,"contents of the distal ileum\, proximal to the ileal/cecal junction",non-medicated,Swine gut microbial ecology along the gut transect,bead beating 5 g of gut contents or fecal material for bulk DNA extraction (kit by MoBio),up to 5 grams feces/gut contents,1 to 6 months,-20 degrees Celsius,Pig 68,
SRR926533,AMPLICON,570,5224260,PRJNA72355,SAMN02215261,11831452,USDA/ARS/NADC/FSEPRU,public,"run.zq,sff,sra","gs,ncbi,s3","gs.us-east1,ncbi.public,s3.us-east-1",SRX318312,454 GS FLX Titanium,SINGLE,PCR,METAGENOMIC,pig metagenome,LS454,2013-11-15T00:00:00Z,2013-07-08T14:13:00Z,1,pig71_cecum_med_16S_lum,SRP008126,swine intestinal tract,"MIMS.me,MIGS/MIMS/MIMARKS.host-associated",2010-01-28,MIGS/MIMS/MIMARKS.host-associated,none,USA,North America,"USA: Ames\, Iowa",108 days old,intestinal contents,pig,"TechStart 17-25 (Kent Feeds\, Muscatine\, IA) containing ASP250 (chlortetracycline 100 g/ton\, sulfamethazine 100 g/ton\, penicillin 50 g/ton) ad libitum until euthanization (31 continuous days)",offspring of sow C,ambient,not fasted before euthanasia,grower pig,male,9825,cecum,metagenome,swine,42°02?05?N 93°37?12?W,contents of the cecum,medicated (31 continuous days),Swine gut microbial ecology along the gut transect,bead beating 5 g of gut contents or fecal material for bulk DNA extraction (kit by MoBio),up to 5 grams feces/gut contents,1 to 6 months,-20 degrees Celsius,Pig 71,
SRR926534,AMPLICON,570,7002014,PRJNA72355,SAMN02215262,15819319,USDA/ARS/NADC/FSEPRU,public,"run.zq,sff,sra","gs,ncbi,s3","gs.us-east1,ncbi.public,s3.us-east-1",SRX318313,454 GS FLX Titanium,SINGLE,PCR,METAGENOMIC,pig metagenome,LS454,2013-11-15T00:00:00Z,2013-07-08T15:03:00Z,1,pig71_colon_med_16S_lum,SRP008126,swine intestinal tract,"MIMS.me,MIGS/MIMS/MIMARKS.host-associated",2010-01-28,MIGS/MIMS/MIMARKS.host-associated,none,USA,North America,"USA: Ames\, Iowa",108 days old,intestinal contents,pig,"TechStart 17-25 (Kent Feeds\, Muscatine\, IA) containing ASP250 (chlortetracycline 100 g/ton\, sulfamethazine 100 g/ton\, penicillin 50 g/ton) ad libitum until euthanization (31 continuous days)",offspring of sow C,ambient,not fasted before euthanasia,grower pig,male,9825,colon,metagenome,swine,42°02?05?N 93°37?12?W,contents of the midcolon near the spiral bend,medicated (31 continuous days),Swine gut microbial ecology along the gut transect,bead beating 5 g of gut contents or fecal material for bulk DNA extraction (kit by MoBio),up to 5 grams feces/gut contents,1 to 6 months,-20 degrees Celsius,Pig 71,
SRR926535,AMPLICON,566,6111031,PRJNA72355,SAMN02215263,13800086,USDA/ARS/NADC/FSEPRU,public,"run.zq,sff,sra","gs,ncbi,s3","gs.us-east1,ncbi.public,s3.us-east-1",SRX318314,454 GS FLX Titanium,SINGLE,PCR,METAGENOMIC,pig metagenome,LS454,2013-11-15T00:00:00Z,2013-07-08T15:02:00Z,1,pig71_feces_med_16S_lum,SRP008126,swine intestinal tract,"MIMS.me,MIGS/MIMS/MIMARKS.host-associated",2010-01-28,MIGS/MIMS/MIMARKS.host-associated,none,USA,North America,"USA: Ames\, Iowa",108 days old,intestinal contents,pig,"TechStart 17-25 (Kent Feeds\, Muscatine\, IA) containing ASP250 (chlortetracycline 100 g/ton\, sulfamethazine 100 g/ton\, penicillin 50 g/ton) ad libitum until euthanization (31 continuous days)",offspring of sow C,ambient,not fasted before euthanasia,grower pig,male,9825,feces,metagenome,swine,42°02?05?N 93°37?12?W,feces collected at necropsy,medicated (31 continuous days),Swine gut microbial ecology along the gut transect,bead beating 5 g of gut contents or fecal material for bulk DNA extraction (kit by MoBio),up to 5 grams feces/gut contents,1 to 6 months,-20 degrees Celsius,Pig 71,
SRR926536,AMPLICON,560,5998109,PRJNA72355,SAMN02215264,13618558,USDA/ARS/NADC/FSEPRU,public,"run.zq,sff,sra","gs,ncbi,s3","gs.us-east1,ncbi.public,s3.us-east-1",SRX318315,454 GS FLX Titanium,SINGLE,PCR,METAGENOMIC,pig metagenome,LS454,2013-11-15T00:00:00Z,2013-07-08T15:02:00Z,1,pig71_ileum_med_16S_lum,SRP008126,swine intestinal tract,"MIMS.me,MIGS/MIMS/MIMARKS.host-associated",2010-01-28,MIGS/MIMS/MIMARKS.host-associated,none,USA,North America,"USA: Ames\, Iowa",108 days old,intestinal contents,pig,"TechStart 17-25 (Kent Feeds\, Muscatine\, IA) containing ASP250 (chlortetracycline 100 g/ton\, sulfamethazine 100 g/ton\, penicillin 50 g/ton) ad libitum until euthanization (31 continuous days)",offspring of sow C,ambient,not fasted before euthanasia,grower pig,male,9825,ileum,metagenome,swine,42°02?05?N 93°37?12?W,"contents of the distal ileum\, proximal to the ileal/cecal junction",medicated (31 continuous days),Swine gut microbial ecology along the gut transect,bead beating 5 g of gut contents or fecal material for bulk DNA extraction (kit by MoBio),up to 5 grams feces/gut contents,1 to 6 months,-20 degrees Celsius,Pig 71,
SRR926537,AMPLICON,555,5117527,PRJNA72355,SAMN02215265,11707322,USDA/ARS/NADC/FSEPRU,public,"run.zq,sff,sra","gs,ncbi,s3","gs.us-east1,ncbi.public,s3.us-east-1",SRX318316,454 GS FLX Titanium,SINGLE,PCR,METAGENOMIC,pig metagenome,LS454,2013-11-15T00:00:00Z,2013-07-08T13:43:00Z,1,pig27_cecum_non_16S_muc,SRP008126,swine intestinal tract,"MIMS.me,MIGS/MIMS/MIMARKS.host-associated",2010-01-14,MIGS/MIMS/MIMARKS.host-associated,none,USA,North America,"USA: Ames\, Iowa",94 days old,intestinal mucosa,pig,"TechStart 17-25\, Kent Feeds\, Muscatine\, IA",offspring of sow A,ambient,not fasted before euthanasia,grower pig,female,9825,cecum,metagenome,swine,42°02?05?N 93°37?12?W,mucosal scrapings of the cecum,non-medicated,Swine gut microbial ecology along the gut transect,"mucosa was scraped with a sterile glass slide\, and the scrapings were stored in PBS at -20 degrees Celsius until DNA extraction. Thawed scrapings were centrifuged at 10\,000g to pellet the cells\, followed by bead beating the resuspended pellet for bulk ...",up to 5 grams mucosal scrapings,1 to 6 months,-20 degrees Celsius,Pig 27,
SRR926538,AMPLICON,558,5776643,PRJNA72355,SAMN02215266,13178321,USDA/ARS/NADC/FSEPRU,public,"run.zq,sff,sra","gs,ncbi,s3","gs.us-east1,ncbi.public,s3.us-east-1",SRX318317,454 GS FLX Titanium,SINGLE,PCR,METAGENOMIC,pig metagenome,LS454,2013-11-15T00:00:00Z,2013-07-08T13:51:00Z,1,pig27_colon_non_16S_muc,SRP008126,swine intestinal tract,"MIMS.me,MIGS/MIMS/MIMARKS.host-associated",2010-01-14,MIGS/MIMS/MIMARKS.host-associated,none,USA,North America,"USA: Ames\, Iowa",94 days old,intestinal mucosa,pig,"TechStart 17-25\, Kent Feeds\, Muscatine\, IA",offspring of sow A,ambient,not fasted before euthanasia,grower pig,female,9825,colon,metagenome,swine,42°02?05?N 93°37?12?W,mucosal scrapings of the midcolon near the spiral bend,non-medicated,Swine gut microbial ecology along the gut transect,"mucosa was scraped with a sterile glass slide\, and the scrapings were stored in PBS at -20 degrees Celsius until DNA extraction. Thawed scrapings were centrifuged at 10\,000g to pellet the cells\, followed by bead beating the resuspended pellet for bulk ...",up to 5 grams mucosal scrapings,1 to 6 months,-20 degrees Celsius,Pig 27,
SRR926539,AMPLICON,528,13952498,PRJNA72355,SAMN02215267,32352018,USDA/ARS/NADC/FSEPRU,public,"run.zq,sff,sra","gs,ncbi,s3","gs.us-east1,ncbi.public,s3.us-east-1",SRX318318,454 GS FLX Titanium,SINGLE,PCR,METAGENOMIC,pig metagenome,LS454,2013-11-15T00:00:00Z,2013-07-08T13:47:00Z,1,pig27_ileum_non_16S_muc,SRP008126,swine intestinal tract,"MIMS.me,MIGS/MIMS/MIMARKS.host-associated",2010-01-14,MIGS/MIMS/MIMARKS.host-associated,none,USA,North America,"USA: Ames\, Iowa",94 days old,intestinal mucosa,pig,"TechStart 17-25\, Kent Feeds\, Muscatine\, IA",offspring of sow A,ambient,not fasted before euthanasia,grower pig,female,9825,ileum,metagenome,swine,42°02?05?N 93°37?12?W,"mucosal scrapings of the distal ileum\, proximal to the ileal/cecal junction",non-medicated,Swine gut microbial ecology along the gut transect,"mucosa was scraped with a sterile glass slide\, and the scrapings were stored in PBS at -20 degrees Celsius until DNA extraction. Thawed scrapings were centrifuged at 10\,000g to pellet the cells\, followed by bead beating the resuspended pellet for bulk ...",up to 5 grams mucosal scrapings,1 to 6 months,-20 degrees Celsius,Pig 27,
SRR926540,AMPLICON,532,10876004,PRJNA72355,SAMN02215268,25244721,USDA/ARS/NADC/FSEPRU,public,"run.zq,sff,sra","gs,ncbi,s3","gs.us-east1,ncbi.public,s3.us-east-1",SRX318319,454 GS FLX Titanium,SINGLE,PCR,METAGENOMIC,pig metagenome,LS454,2013-11-15T00:00:00Z,2013-07-08T14:04:00Z,1,pig28_cecum_med_16S_muc,SRP008126,swine intestinal tract,"MIMS.me,MIGS/MIMS/MIMARKS.host-associated",2010-01-14,MIGS/MIMS/MIMARKS.host-associated,none,USA,North America,"USA: Ames\, Iowa",94 days old,intestinal mucosa,pig,"TechStart 17-25 (Kent Feeds\, Muscatine\, IA) containing ASP250 (chlortetracycline 100 g/ton\, sulfamethazine 100 g/ton\, penicillin 50 g/ton) ad libitum until euthanization (17 continuous days)",offspring of sow A,ambient,not fasted before euthanasia,grower pig,female,9825,cecum,metagenome,swine,42°02?05?N 93°37?12?W,mucosal scrapings of the cecum,medicated (17 continuous days),Swine gut microbial ecology along the gut transect,"mucosa was scraped with a sterile glass slide\, and the scrapings were stored in PBS at -20 degrees Celsius until DNA extraction. Thawed scrapings were centrifuged at 10\,000g to pellet the cells\, followed by bead beating the resuspended pellet for bulk ...",up to 5 grams mucosal scrapings,1 to 6 months,-20 degrees Celsius,Pig 28,
SRR926541,AMPLICON,565,5001551,PRJNA72355,SAMN02215269,11368615,USDA/ARS/NADC/FSEPRU,public,"run.zq,sff,sra","gs,ncbi,s3","gs.us-east1,ncbi.public,s3.us-east-1",SRX318320,454 GS FLX Titanium,SINGLE,PCR,METAGENOMIC,pig metagenome,LS454,2013-11-15T00:00:00Z,2013-07-08T13:51:00Z,1,pig28_colon_med_16S_muc,SRP008126,swine intestinal tract,"MIMS.me,MIGS/MIMS/MIMARKS.host-associated",2010-01-14,MIGS/MIMS/MIMARKS.host-associated,none,USA,North America,"USA: Ames\, Iowa",94 days old,intestinal mucosa,pig,"TechStart 17-25 (Kent Feeds\, Muscatine\, IA) containing ASP250 (chlortetracycline 100 g/ton\, sulfamethazine 100 g/ton\, penicillin 50 g/ton) ad libitum until euthanization (17 continuous days)",offspring of sow A,ambient,not fasted before euthanasia,grower pig,female,9825,colon,metagenome,swine,42°02?05?N 93°37?12?W,mucosal scrapings of the midcolon near the spiral bend,medicated (17 continuous days),Swine gut microbial ecology along the gut transect,"mucosa was scraped with a sterile glass slide\, and the scrapings were stored in PBS at -20 degrees Celsius until DNA extraction. Thawed scrapings were centrifuged at 10\,000g to pellet the cells\, followed by bead beating the resuspended pellet for bulk ...",up to 5 grams mucosal scrapings,1 to 6 months,-20 degrees Celsius,Pig 28,
SRR926542,AMPLICON,435,4147061,PRJNA72355,SAMN02215270,10472438,USDA/ARS/NADC/FSEPRU,public,"run.zq,sff,sra","gs,ncbi,s3","gs.us-east1,ncbi.public,s3.us-east-1",SRX318321,454 GS FLX Titanium,SINGLE,PCR,METAGENOMIC,pig metagenome,LS454,2013-11-15T00:00:00Z,2013-07-08T14:04:00Z,1,pig28_ileum_med_16S_muc,SRP008126,swine intestinal tract,"MIMS.me,MIGS/MIMS/MIMARKS.host-associated",2010-01-14,MIGS/MIMS/MIMARKS.host-associated,none,USA,North America,"USA: Ames\, Iowa",94 days old,intestinal mucosa,pig,"TechStart 17-25 (Kent Feeds\, Muscatine\, IA) containing ASP250 (chlortetracycline 100 g/ton\, sulfamethazine 100 g/ton\, penicillin 50 g/ton) ad libitum until euthanization (17 continuous days)",offspring of sow A,ambient,not fasted before euthanasia,grower pig,female,9825,ileum,metagenome,swine,42°02?05?N 93°37?12?W,"mucosal scrapings of the distal ileum\, proximal to the ileal/cecal junction",medicated (17 continuous days),Swine gut microbial ecology along the gut transect,"mucosa was scraped with a sterile glass slide\, and the scrapings were stored in PBS at -20 degrees Celsius until DNA extraction. Thawed scrapings were centrifuged at 10\,000g to pellet the cells\, followed by bead beating the resuspended pellet for bulk ...",up to 5 grams mucosal scrapings,1 to 6 months,-20 degrees Celsius,Pig 28,
SRR926543,AMPLICON,565,4958449,PRJNA72355,SAMN02215271,11267815,USDA/ARS/NADC/FSEPRU,public,"run.zq,sff,sra","gs,ncbi,s3","gs.us-east1,ncbi.public,s3.us-east-1",SRX318322,454 GS FLX Titanium,SINGLE,PCR,METAGENOMIC,pig metagenome,LS454,2013-11-15T00:00:00Z,2013-07-08T13:51:00Z,1,pig30_cecum_med_16S_muc,SRP008126,swine intestinal tract,"MIMS.me,MIGS/MIMS/MIMARKS.host-associated",2010-01-19,MIGS/MIMS/MIMARKS.host-associated,none,USA,North America,"USA: Ames\, Iowa",99 days old,intestinal mucosa,pig,"TechStart 17-25 (Kent Feeds\, Muscatine\, IA) containing ASP250 (chlortetracycline 100 g/ton\, sulfamethazine 100 g/ton\, penicillin 50 g/ton) ad libitum until euthanization (22 continuous days)",offspring of sow A,ambient,not fasted before euthanasia,grower pig,female,9825,cecum,metagenome,swine,42°02?05?N 93°37?12?W,mucosal scrapings of the cecum,medicated (22 continuous days),Swine gut microbial ecology along the gut transect,"mucosa was scraped with a sterile glass slide\, and the scrapings were stored in PBS at -20 degrees Celsius until DNA extraction. Thawed scrapings were centrifuged at 10\,000g to pellet the cells\, followed by bead beating the resuspended pellet for bulk ...",up to 5 grams mucosal scrapings,1 to 6 months,-20 degrees Celsius,Pig 30,
SRR926544,AMPLICON,564,5819741,PRJNA72355,SAMN02215272,13235548,USDA/ARS/NADC/FSEPRU,public,"run.zq,sff,sra","gs,ncbi,s3","gs.us-east1,ncbi.public,s3.us-east-1",SRX318323,454 GS FLX Titanium,SINGLE,PCR,METAGENOMIC,pig metagenome,LS454,2013-11-15T00:00:00Z,2013-07-08T13:51:00Z,1,pig30_colon_med_16S_muc,SRP008126,swine intestinal tract,"MIMS.me,MIGS/MIMS/MIMARKS.host-associated",2010-01-19,MIGS/MIMS/MIMARKS.host-associated,none,USA,North America,"USA: Ames\, Iowa",99 days old,intestinal mucosa,pig,"TechStart 17-25 (Kent Feeds\, Muscatine\, IA) containing ASP250 (chlortetracycline 100 g/ton\, sulfamethazine 100 g/ton\, penicillin 50 g/ton) ad libitum until euthanization (22 continuous days)",offspring of sow A,ambient,not fasted before euthanasia,grower pig,female,9825,colon,metagenome,swine,42°02?05?N 93°37?12?W,mucosal scrapings of the midcolon near the spiral bend,medicated (22 continuous days),Swine gut microbial ecology along the gut transect,"mucosa was scraped with a sterile glass slide\, and the scrapings were stored in PBS at -20 degrees Celsius until DNA extraction. Thawed scrapings were centrifuged at 10\,000g to pellet the cells\, followed by bead beating the resuspended pellet for bulk ...",up to 5 grams mucosal scrapings,1 to 6 months,-20 degrees Celsius,Pig 30,
SRR926545,AMPLICON,422,14498492,PRJNA72355,SAMN02215273,37041432,USDA/ARS/NADC/FSEPRU,public,"run.zq,sff,sra","gs,ncbi,s3","gs.us-east1,ncbi.public,s3.us-east-1",SRX318324,454 GS FLX Titanium,SINGLE,PCR,METAGENOMIC,pig metagenome,LS454,2013-11-15T00:00:00Z,2013-07-08T13:51:00Z,1,pig30_ileum_med_16S_muc,SRP008126,swine intestinal tract,"MIMS.me,MIGS/MIMS/MIMARKS.host-associated",2010-01-19,MIGS/MIMS/MIMARKS.host-associated,none,USA,North America,"USA: Ames\, Iowa",99 days old,intestinal mucosa,pig,"TechStart 17-25 (Kent Feeds\, Muscatine\, IA) containing ASP250 (chlortetracycline 100 g/ton\, sulfamethazine 100 g/ton\, penicillin 50 g/ton) ad libitum until euthanization (22 continuous days)",offspring of sow A,ambient,not fasted before euthanasia,grower pig,female,9825,ileum,metagenome,swine,42°02?05?N 93°37?12?W,"mucosal scrapings of the distal ileum\, proximal to the ileal/cecal junction",medicated (22 continuous days),Swine gut microbial ecology along the gut transect,"mucosa was scraped with a sterile glass slide\, and the scrapings were stored in PBS at -20 degrees Celsius until DNA extraction. Thawed scrapings were centrifuged at 10\,000g to pellet the cells\, followed by bead beating the resuspended pellet for bulk ...",up to 5 grams mucosal scrapings,1 to 6 months,-20 degrees Celsius,Pig 30,
SRR926546,AMPLICON,562,4699698,PRJNA72355,SAMN02215274,10698488,USDA/ARS/NADC/FSEPRU,public,"run.zq,sff,sra","gs,ncbi,s3","gs.us-east1,ncbi.public,s3.us-east-1",SRX318325,454 GS FLX Titanium,SINGLE,PCR,METAGENOMIC,pig metagenome,LS454,2013-11-15T00:00:00Z,2013-07-08T13:51:00Z,1,pig35_cecum_non_16S_muc,SRP008126,swine intestinal tract,"MIMS.me,MIGS/MIMS/MIMARKS.host-associated",2010-01-19,MIGS/MIMS/MIMARKS.host-associated,none,USA,North America,"USA: Ames\, Iowa",99 days old,intestinal mucosa,pig,"TechStart 17-25\, Kent Feeds\, Muscatine\, IA",offspring of sow A,ambient,not fasted before euthanasia,grower pig,male,9825,cecum,metagenome,swine,42°02?05?N 93°37?12?W,mucosal scrapings of the cecum,non-medicated,Swine gut microbial ecology along the gut transect,"mucosa was scraped with a sterile glass slide\, and the scrapings were stored in PBS at -20 degrees Celsius until DNA extraction. Thawed scrapings were centrifuged at 10\,000g to pellet the cells\, followed by bead beating the resuspended pellet for bulk ...",up to 5 grams mucosal scrapings,1 to 6 months,-20 degrees Celsius,Pig 35,
SRR926547,AMPLICON,562,6074039,PRJNA72355,SAMN02215275,13803505,USDA/ARS/NADC/FSEPRU,public,"run.zq,sff,sra","gs,ncbi,s3","gs.us-east1,ncbi.public,s3.us-east-1",SRX318326,454 GS FLX Titanium,SINGLE,PCR,METAGENOMIC,pig metagenome,LS454,2013-11-15T00:00:00Z,2013-07-08T13:52:00Z,1,pig35_colon_non_16S_muc,SRP008126,swine intestinal tract,"MIMS.me,MIGS/MIMS/MIMARKS.host-associated",2010-01-19,MIGS/MIMS/MIMARKS.host-associated,none,USA,North America,"USA: Ames\, Iowa",99 days old,intestinal mucosa,pig,"TechStart 17-25\, Kent Feeds\, Muscatine\, IA",offspring of sow A,ambient,not fasted before euthanasia,grower pig,male,9825,colon,metagenome,swine,42°02?05?N 93°37?12?W,mucosal scrapings of the midcolon near the spiral bend,non-medicated,Swine gut microbial ecology along the gut transect,"mucosa was scraped with a sterile glass slide\, and the scrapings were stored in PBS at -20 degrees Celsius until DNA extraction. Thawed scrapings were centrifuged at 10\,000g to pellet the cells\, followed by bead beating the resuspended pellet for bulk ...",up to 5 grams mucosal scrapings,1 to 6 months,-20 degrees Celsius,Pig 35,
SRR926548,AMPLICON,500,12940504,PRJNA72355,SAMN02215276,30841133,USDA/ARS/NADC/FSEPRU,public,"run.zq,sff,sra","gs,ncbi,s3","gs.us-east1,ncbi.public,s3.us-east-1",SRX318327,454 GS FLX Titanium,SINGLE,PCR,METAGENOMIC,pig metagenome,LS454,2013-11-15T00:00:00Z,2013-07-08T13:51:00Z,1,pig35_ileum_non_16S_muc,SRP008126,swine intestinal tract,"MIMS.me,MIGS/MIMS/MIMARKS.host-associated",2010-01-19,MIGS/MIMS/MIMARKS.host-associated,none,USA,North America,"USA: Ames\, Iowa",99 days old,intestinal mucosa,pig,"TechStart 17-25\, Kent Feeds\, Muscatine\, IA",offspring of sow A,ambient,not fasted before euthanasia,grower pig,male,9825,ileum,metagenome,swine,42°02?05?N 93°37?12?W,"mucosal scrapings of the distal ileum\, proximal to the ileal/cecal junction",non-medicated,Swine gut microbial ecology along the gut transect,"mucosa was scraped with a sterile glass slide\, and the scrapings were stored in PBS at -20 degrees Celsius until DNA extraction. Thawed scrapings were centrifuged at 10\,000g to pellet the cells\, followed by bead beating the resuspended pellet for bulk ...",up to 5 grams mucosal scrapings,1 to 6 months,-20 degrees Celsius,Pig 35,
SRR926549,AMPLICON,561,5278775,PRJNA72355,SAMN02215277,12038237,USDA/ARS/NADC/FSEPRU,public,"run.zq,sff,sra","gs,ncbi,s3","gs.us-east1,ncbi.public,s3.us-east-1",SRX318328,454 GS FLX Titanium,SINGLE,PCR,METAGENOMIC,pig metagenome,LS454,2013-11-15T00:00:00Z,2013-07-08T13:54:00Z,1,pig54_cecum_non_16S_muc,SRP008126,swine intestinal tract,"MIMS.me,MIGS/MIMS/MIMARKS.host-associated",2010-01-26,MIGS/MIMS/MIMARKS.host-associated,none,USA,North America,"USA: Ames\, Iowa",106 days old,intestinal mucosa,pig,"TechStart 17-25\, Kent Feeds\, Muscatine\, IA",offspring of sow B,ambient,not fasted before euthanasia,grower pig,female,9825,cecum,metagenome,swine,42°02?05?N 93°37?12?W,mucosal scrapings of the cecum,non-medicated,Swine gut microbial ecology along the gut transect,"mucosa was scraped with a sterile glass slide\, and the scrapings were stored in PBS at -20 degrees Celsius until DNA extraction. Thawed scrapings were centrifuged at 10\,000g to pellet the cells\, followed by bead beating the resuspended pellet for bulk ...",up to 5 grams mucosal scrapings,1 to 6 months,-20 degrees Celsius,Pig 54,
SRR926550,AMPLICON,561,8756116,PRJNA72355,SAMN02215278,19956828,USDA/ARS/NADC/FSEPRU,public,"run.zq,sff,sra","gs,ncbi,s3","gs.us-east1,ncbi.public,s3.us-east-1",SRX318329,454 GS FLX Titanium,SINGLE,PCR,METAGENOMIC,pig metagenome,LS454,2013-11-15T00:00:00Z,2013-07-08T13:57:00Z,1,pig54_colon_non_16S_muc,SRP008126,swine intestinal tract,"MIMS.me,MIGS/MIMS/MIMARKS.host-associated",2010-01-26,MIGS/MIMS/MIMARKS.host-associated,none,USA,North America,"USA: Ames\, Iowa",106 days old,intestinal mucosa,pig,"TechStart 17-25\, Kent Feeds\, Muscatine\, IA",offspring of sow B,ambient,not fasted before euthanasia,grower pig,female,9825,colon,metagenome,swine,42°02?05?N 93°37?12?W,mucosal scrapings of the midcolon near the spiral bend,non-medicated,Swine gut microbial ecology along the gut transect,"mucosa was scraped with a sterile glass slide\, and the scrapings were stored in PBS at -20 degrees Celsius until DNA extraction. Thawed scrapings were centrifuged at 10\,000g to pellet the cells\, followed by bead beating the resuspended pellet for bulk ...",up to 5 grams mucosal scrapings,1 to 6 months,-20 degrees Celsius,Pig 54,
SRR926551,AMPLICON,539,12094261,PRJNA72355,SAMN02215279,27815440,USDA/ARS/NADC/FSEPRU,public,"run.zq,sff,sra","gs,ncbi,s3","gs.us-east1,ncbi.public,s3.us-east-1",SRX318330,454 GS FLX Titanium,SINGLE,PCR,METAGENOMIC,pig metagenome,LS454,2013-11-15T00:00:00Z,2013-07-08T13:57:00Z,1,pig54_ileum_non_16S_muc,SRP008126,swine intestinal tract,"MIMS.me,MIGS/MIMS/MIMARKS.host-associated",2010-01-26,MIGS/MIMS/MIMARKS.host-associated,none,USA,North America,"USA: Ames\, Iowa",106 days old,intestinal mucosa,pig,"TechStart 17-25\, Kent Feeds\, Muscatine\, IA",offspring of sow B,ambient,not fasted before euthanasia,grower pig,female,9825,ileum,metagenome,swine,42°02?05?N 93°37?12?W,"mucosal scrapings of the distal ileum\, proximal to the ileal/cecal junction",non-medicated,Swine gut microbial ecology along the gut transect,"mucosa was scraped with a sterile glass slide\, and the scrapings were stored in PBS at -20 degrees Celsius until DNA extraction. Thawed scrapings were centrifuged at 10\,000g to pellet the cells\, followed by bead beating the resuspended pellet for bulk ...",up to 5 grams mucosal scrapings,1 to 6 months,-20 degrees Celsius,Pig 54,
SRR926552,AMPLICON,560,5016636,PRJNA72355,SAMN02215280,11429834,USDA/ARS/NADC/FSEPRU,public,"run.zq,sff,sra","gs,ncbi,s3","gs.us-east1,ncbi.public,s3.us-east-1",SRX318331,454 GS FLX Titanium,SINGLE,PCR,METAGENOMIC,pig metagenome,LS454,2013-11-15T00:00:00Z,2013-07-08T13:59:00Z,1,pig57_cecum_non_16S_muc,SRP008126,swine intestinal tract,"MIMS.me,MIGS/MIMS/MIMARKS.host-associated",2010-01-21,MIGS/MIMS/MIMARKS.host-associated,none,USA,North America,"USA: Ames\, Iowa",101 days old,intestinal mucosa,pig,"TechStart 17-25\, Kent Feeds\, Muscatine\, IA",offspring of sow B,ambient,not fasted before euthanasia,grower pig,male,9825,cecum,metagenome,swine,42°02?05?N 93°37?12?W,mucosal scrapings of the cecum,non-medicated,Swine gut microbial ecology along the gut transect,"mucosa was scraped with a sterile glass slide\, and the scrapings were stored in PBS at -20 degrees Celsius until DNA extraction. Thawed scrapings were centrifuged at 10\,000g to pellet the cells\, followed by bead beating the resuspended pellet for bulk ...",up to 5 grams mucosal scrapings,1 to 6 months,-20 degrees Celsius,Pig 57,
SRR926553,AMPLICON,561,5228220,PRJNA72355,SAMN02215281,11890409,USDA/ARS/NADC/FSEPRU,public,"run.zq,sff,sra","gs,ncbi,s3","gs.us-east1,ncbi.public,s3.us-east-1",SRX318332,454 GS FLX Titanium,SINGLE,PCR,METAGENOMIC,pig metagenome,LS454,2013-11-15T00:00:00Z,2013-07-08T13:59:00Z,1,pig57_colon_non_16S_muc,SRP008126,swine intestinal tract,"MIMS.me,MIGS/MIMS/MIMARKS.host-associated",2010-01-21,MIGS/MIMS/MIMARKS.host-associated,none,USA,North America,"USA: Ames\, Iowa",101 days old,intestinal mucosa,pig,"TechStart 17-25\, Kent Feeds\, Muscatine\, IA",offspring of sow B,ambient,not fasted before euthanasia,grower pig,male,9825,colon,metagenome,swine,42°02?05?N 93°37?12?W,mucosal scrapings of the midcolon near the spiral bend,non-medicated,Swine gut microbial ecology along the gut transect,"mucosa was scraped with a sterile glass slide\, and the scrapings were stored in PBS at -20 degrees Celsius until DNA extraction. Thawed scrapings were centrifuged at 10\,000g to pellet the cells\, followed by bead beating the resuspended pellet for bulk ...",up to 5 grams mucosal scrapings,1 to 6 months,-20 degrees Celsius,Pig 57,
SRR926554,AMPLICON,479,16591959,PRJNA72355,SAMN02215282,40324368,USDA/ARS/NADC/FSEPRU,public,"run.zq,sff,sra","gs,ncbi,s3","gs.us-east1,ncbi.public,s3.us-east-1",SRX318333,454 GS FLX Titanium,SINGLE,PCR,METAGENOMIC,pig metagenome,LS454,2013-11-15T00:00:00Z,2013-07-08T13:59:00Z,1,pig57_ileum_non_16S_muc,SRP008126,swine intestinal tract,"MIMS.me,MIGS/MIMS/MIMARKS.host-associated",2010-01-21,MIGS/MIMS/MIMARKS.host-associated,none,USA,North America,"USA: Ames\, Iowa",101 days old,intestinal mucosa,pig,"TechStart 17-25\, Kent Feeds\, Muscatine\, IA",offspring of sow B,ambient,not fasted before euthanasia,grower pig,male,9825,ileum,metagenome,swine,42°02?05?N 93°37?12?W,"mucosal scrapings of the distal ileum\, proximal to the ileal/cecal junction",non-medicated,Swine gut microbial ecology along the gut transect,"mucosa was scraped with a sterile glass slide\, and the scrapings were stored in PBS at -20 degrees Celsius until DNA extraction. Thawed scrapings were centrifuged at 10\,000g to pellet the cells\, followed by bead beating the resuspended pellet for bulk ...",up to 5 grams mucosal scrapings,1 to 6 months,-20 degrees Celsius,Pig 57,
SRR926555,AMPLICON,567,5735242,PRJNA72355,SAMN02215283,13017815,USDA/ARS/NADC/FSEPRU,public,"run.zq,sff,sra","gs,ncbi,s3","gs.us-east1,ncbi.public,s3.us-east-1",SRX318334,454 GS FLX Titanium,SINGLE,PCR,METAGENOMIC,pig metagenome,LS454,2013-11-15T00:00:00Z,2013-07-08T14:04:00Z,1,pig59_cecum_med_16S_muc,SRP008126,swine intestinal tract,"MIMS.me,MIGS/MIMS/MIMARKS.host-associated",2010-01-21,MIGS/MIMS/MIMARKS.host-associated,none,USA,North America,"USA: Ames\, Iowa",101 days old,intestinal mucosa,pig,"TechStart 17-25 (Kent Feeds\, Muscatine\, IA) containing ASP250 (chlortetracycline 100 g/ton\, sulfamethazine 100 g/ton\, penicillin 50 g/ton) ad libitum until euthanization (24 continuous days)",offspring of sow B,ambient,not fasted before euthanasia,grower pig,male,9825,cecum,metagenome,swine,42°02?05?N 93°37?12?W,mucosal scrapings of the cecum,medicated (24 continuous days),Swine gut microbial ecology along the gut transect,"mucosa was scraped with a sterile glass slide\, and the scrapings were stored in PBS at -20 degrees Celsius until DNA extraction. Thawed scrapings were centrifuged at 10\,000g to pellet the cells\, followed by bead beating the resuspended pellet for bulk ...",up to 5 grams mucosal scrapings,1 to 6 months,-20 degrees Celsius,Pig 59,
SRR926556,AMPLICON,564,6125274,PRJNA72355,SAMN02215284,13911632,USDA/ARS/NADC/FSEPRU,public,"run.zq,sff,sra","gs,ncbi,s3","gs.us-east1,ncbi.public,s3.us-east-1",SRX318335,454 GS FLX Titanium,SINGLE,PCR,METAGENOMIC,pig metagenome,LS454,2013-11-15T00:00:00Z,2013-07-08T14:04:00Z,1,pig59_colon_med_16S_muc,SRP008126,swine intestinal tract,"MIMS.me,MIGS/MIMS/MIMARKS.host-associated",2010-01-21,MIGS/MIMS/MIMARKS.host-associated,none,USA,North America,"USA: Ames\, Iowa",101 days old,intestinal mucosa,pig,"TechStart 17-25 (Kent Feeds\, Muscatine\, IA) containing ASP250 (chlortetracycline 100 g/ton\, sulfamethazine 100 g/ton\, penicillin 50 g/ton) ad libitum until euthanization (24 continuous days)",offspring of sow B,ambient,not fasted before euthanasia,grower pig,male,9825,colon,metagenome,swine,42°02?05?N 93°37?12?W,mucosal scrapings of the midcolon near the spiral bend,medicated (24 continuous days),Swine gut microbial ecology along the gut transect,"mucosa was scraped with a sterile glass slide\, and the scrapings were stored in PBS at -20 degrees Celsius until DNA extraction. Thawed scrapings were centrifuged at 10\,000g to pellet the cells\, followed by bead beating the resuspended pellet for bulk ...",up to 5 grams mucosal scrapings,1 to 6 months,-20 degrees Celsius,Pig 59,
SRR926557,AMPLICON,469,13375072,PRJNA72355,SAMN02215285,32689959,USDA/ARS/NADC/FSEPRU,public,"run.zq,sff,sra","gs,ncbi,s3","gs.us-east1,ncbi.public,s3.us-east-1",SRX318336,454 GS FLX Titanium,SINGLE,PCR,METAGENOMIC,pig metagenome,LS454,2013-11-15T00:00:00Z,2013-07-08T14:04:00Z,1,pig59_ileum_med_16S_muc,SRP008126,swine intestinal tract,"MIMS.me,MIGS/MIMS/MIMARKS.host-associated",2010-01-21,MIGS/MIMS/MIMARKS.host-associated,none,USA,North America,"USA: Ames\, Iowa",101 days old,intestinal mucosa,pig,"TechStart 17-25 (Kent Feeds\, Muscatine\, IA) containing ASP250 (chlortetracycline 100 g/ton\, sulfamethazine 100 g/ton\, penicillin 50 g/ton) ad libitum until euthanization (24 continuous days)",offspring of sow B,ambient,not fasted before euthanasia,grower pig,male,9825,ileum,metagenome,swine,42°02?05?N 93°37?12?W,"mucosal scrapings of the distal ileum\, proximal to the ileal/cecal junction",medicated (24 continuous days),Swine gut microbial ecology along the gut transect,"mucosa was scraped with a sterile glass slide\, and the scrapings were stored in PBS at -20 degrees Celsius until DNA extraction. Thawed scrapings were centrifuged at 10\,000g to pellet the cells\, followed by bead beating the resuspended pellet for bulk ...",up to 5 grams mucosal scrapings,1 to 6 months,-20 degrees Celsius,Pig 59,
SRR926558,AMPLICON,571,5775894,PRJNA72355,SAMN02215286,13073962,USDA/ARS/NADC/FSEPRU,public,"run.zq,sff,sra","gs,ncbi,s3","gs.us-east1,ncbi.public,s3.us-east-1",SRX318337,454 GS FLX Titanium,SINGLE,PCR,METAGENOMIC,pig metagenome,LS454,2013-11-15T00:00:00Z,2013-07-08T14:04:00Z,1,pig60_cecum_med_16S_muc,SRP008126,swine intestinal tract,"MIMS.me,MIGS/MIMS/MIMARKS.host-associated",2010-01-26,MIGS/MIMS/MIMARKS.host-associated,none,USA,North America,"USA: Ames\, Iowa",106 days old,intestinal mucosa,pig,"TechStart 17-25 (Kent Feeds\, Muscatine\, IA) containing ASP250 (chlortetracycline 100 g/ton\, sulfamethazine 100 g/ton\, penicillin 50 g/ton) ad libitum until euthanization (29 continuous days)",offspring of sow B,ambient,not fasted before euthanasia,grower pig,male,9825,cecum,metagenome,swine,42°02?05?N 93°37?12?W,mucosal scrapings of the cecum,medicated (29 continuous days),Swine gut microbial ecology along the gut transect,"mucosa was scraped with a sterile glass slide\, and the scrapings were stored in PBS at -20 degrees Celsius until DNA extraction. Thawed scrapings were centrifuged at 10\,000g to pellet the cells\, followed by bead beating the resuspended pellet for bulk ...",up to 5 grams mucosal scrapings,1 to 6 months,-20 degrees Celsius,Pig 60,
SRR926559,AMPLICON,562,7969722,PRJNA72355,SAMN02215287,18141351,USDA/ARS/NADC/FSEPRU,public,"run.zq,sff,sra","gs,ncbi,s3","gs.us-east1,ncbi.public,s3.us-east-1",SRX318338,454 GS FLX Titanium,SINGLE,PCR,METAGENOMIC,pig metagenome,LS454,2013-11-15T00:00:00Z,2013-07-08T14:05:00Z,1,pig60_colon_med_16S_muc,SRP008126,swine intestinal tract,"MIMS.me,MIGS/MIMS/MIMARKS.host-associated",2010-01-26,MIGS/MIMS/MIMARKS.host-associated,none,USA,North America,"USA: Ames\, Iowa",106 days old,intestinal mucosa,pig,"TechStart 17-25 (Kent Feeds\, Muscatine\, IA) containing ASP250 (chlortetracycline 100 g/ton\, sulfamethazine 100 g/ton\, penicillin 50 g/ton) ad libitum until euthanization (29 continuous days)",offspring of sow B,ambient,not fasted before euthanasia,grower pig,male,9825,colon,metagenome,swine,42°02?05?N 93°37?12?W,mucosal scrapings of the midcolon near the spiral bend,medicated (29 continuous days),Swine gut microbial ecology along the gut transect,"mucosa was scraped with a sterile glass slide\, and the scrapings were stored in PBS at -20 degrees Celsius until DNA extraction. Thawed scrapings were centrifuged at 10\,000g to pellet the cells\, followed by bead beating the resuspended pellet for bulk ...",up to 5 grams mucosal scrapings,1 to 6 months,-20 degrees Celsius,Pig 60,
SRR926560,AMPLICON,542,5193250,PRJNA72355,SAMN02215288,12025957,USDA/ARS/NADC/FSEPRU,public,"run.zq,sff,sra","gs,ncbi,s3","gs.us-east1,ncbi.public,s3.us-east-1",SRX318339,454 GS FLX Titanium,SINGLE,PCR,METAGENOMIC,pig metagenome,LS454,2013-11-15T00:00:00Z,2013-07-08T14:05:00Z,1,pig60_ileum_med_16S_muc,SRP008126,swine intestinal tract,"MIMS.me,MIGS/MIMS/MIMARKS.host-associated",2010-01-26,MIGS/MIMS/MIMARKS.host-associated,none,USA,North America,"USA: Ames\, Iowa",106 days old,intestinal mucosa,pig,"TechStart 17-25 (Kent Feeds\, Muscatine\, IA) containing ASP250 (chlortetracycline 100 g/ton\, sulfamethazine 100 g/ton\, penicillin 50 g/ton) ad libitum until euthanization (29 continuous days)",offspring of sow B,ambient,not fasted before euthanasia,grower pig,male,9825,ileum,metagenome,swine,42°02?05?N 93°37?12?W,"mucosal scrapings of the distal ileum\, proximal to the ileal/cecal junction",medicated (29 continuous days),Swine gut microbial ecology along the gut transect,"mucosa was scraped with a sterile glass slide\, and the scrapings were stored in PBS at -20 degrees Celsius until DNA extraction. Thawed scrapings were centrifuged at 10\,000g to pellet the cells\, followed by bead beating the resuspended pellet for bulk ...",up to 5 grams mucosal scrapings,1 to 6 months,-20 degrees Celsius,Pig 60,
SRR926561,AMPLICON,561,2822140,PRJNA72355,SAMN02215289,6457294,USDA/ARS/NADC/FSEPRU,public,"run.zq,sff,sra","gs,ncbi,s3","gs.us-east1,ncbi.public,s3.us-east-1",SRX318340,454 GS FLX Titanium,SINGLE,PCR,METAGENOMIC,pig metagenome,LS454,2013-11-15T00:00:00Z,2013-07-08T14:14:00Z,1,pig63_cecum_non_16S_muc,SRP008126,swine intestinal tract,"MIMS.me,MIGS/MIMS/MIMARKS.host-associated",2010-01-12,MIGS/MIMS/MIMARKS.host-associated,none,USA,North America,"USA: Ames\, Iowa",92 days old,intestinal mucosa,pig,"TechStart 17-25\, Kent Feeds\, Muscatine\, IA",offspring of sow C,ambient,not fasted before euthanasia,grower pig,female,9825,cecum,metagenome,swine,42°02?05?N 93°37?12?W,mucosal scrapings of the cecum,non-medicated,Swine gut microbial ecology along the gut transect,"mucosa was scraped with a sterile glass slide\, and the scrapings were stored in PBS at -20 degrees Celsius until DNA extraction. Thawed scrapings were centrifuged at 10\,000g to pellet the cells\, followed by bead beating the resuspended pellet for bulk ...",up to 5 grams mucosal scrapings,1 to 6 months,-20 degrees Celsius,Pig 63,
SRR926562,AMPLICON,568,7802611,PRJNA72355,SAMN02215290,17674719,USDA/ARS/NADC/FSEPRU,public,"run.zq,sff,sra","gs,ncbi,s3","gs.us-east1,ncbi.public,s3.us-east-1",SRX318341,454 GS FLX Titanium,SINGLE,PCR,METAGENOMIC,pig metagenome,LS454,2013-11-15T00:00:00Z,2013-07-08T14:06:00Z,1,pig63_colon_non_16S_muc,SRP008126,swine intestinal tract,"MIMS.me,MIGS/MIMS/MIMARKS.host-associated",2010-01-12,MIGS/MIMS/MIMARKS.host-associated,none,USA,North America,"USA: Ames\, Iowa",92 days old,intestinal mucosa,pig,"TechStart 17-25\, Kent Feeds\, Muscatine\, IA",offspring of sow C,ambient,not fasted before euthanasia,grower pig,female,9825,colon,metagenome,swine,42°02?05?N 93°37?12?W,mucosal scrapings of the midcolon near the spiral bend,non-medicated,Swine gut microbial ecology along the gut transect,"mucosa was scraped with a sterile glass slide\, and the scrapings were stored in PBS at -20 degrees Celsius until DNA extraction. Thawed scrapings were centrifuged at 10\,000g to pellet the cells\, followed by bead beating the resuspended pellet for bulk ...",up to 5 grams mucosal scrapings,1 to 6 months,-20 degrees Celsius,Pig 63,
SRR926563,AMPLICON,521,9336036,PRJNA72355,SAMN02215291,21872977,USDA/ARS/NADC/FSEPRU,public,"run.zq,sff,sra","gs,ncbi,s3","gs.us-east1,ncbi.public,s3.us-east-1",SRX318342,454 GS FLX Titanium,SINGLE,PCR,METAGENOMIC,pig metagenome,LS454,2013-11-15T00:00:00Z,2013-07-08T14:07:00Z,1,pig63_ileum_non_16S_muc,SRP008126,swine intestinal tract,"MIMS.me,MIGS/MIMS/MIMARKS.host-associated",2010-01-12,MIGS/MIMS/MIMARKS.host-associated,none,USA,North America,"USA: Ames\, Iowa",92 days old,intestinal mucosa,pig,"TechStart 17-25\, Kent Feeds\, Muscatine\, IA",offspring of sow C,ambient,not fasted before euthanasia,grower pig,female,9825,ileum,metagenome,swine,42°02?05?N 93°37?12?W,"mucosal scrapings of the distal ileum\, proximal to the ileal/cecal junction",non-medicated,Swine gut microbial ecology along the gut transect,"mucosa was scraped with a sterile glass slide\, and the scrapings were stored in PBS at -20 degrees Celsius until DNA extraction. Thawed scrapings were centrifuged at 10\,000g to pellet the cells\, followed by bead beating the resuspended pellet for bulk ...",up to 5 grams mucosal scrapings,1 to 6 months,-20 degrees Celsius,Pig 63,
SRR926564,AMPLICON,568,6645781,PRJNA72355,SAMN02215292,15060254,USDA/ARS/NADC/FSEPRU,public,"run.zq,sff,sra","gs,ncbi,s3","gs.us-east1,ncbi.public,s3.us-east-1",SRX318343,454 GS FLX Titanium,SINGLE,PCR,METAGENOMIC,pig metagenome,LS454,2013-11-15T00:00:00Z,2013-07-08T14:07:00Z,1,pig65_cecum_med_16S_muc,SRP008126,swine intestinal tract,"MIMS.me,MIGS/MIMS/MIMARKS.host-associated",2010-01-12,MIGS/MIMS/MIMARKS.host-associated,none,USA,North America,"USA: Ames\, Iowa",92 days old,intestinal mucosa,pig,"TechStart 17-25 (Kent Feeds\, Muscatine\, IA) containing ASP250 (chlortetracycline 100 g/ton\, sulfamethazine 100 g/ton\, penicillin 50 g/ton) ad libitum until euthanization (15 continuous days)",offspring of sow C,ambient,not fasted before euthanasia,grower pig,female,9825,cecum,metagenome,swine,42°02?05?N 93°37?12?W,mucosal scrapings of the cecum,medicated (15 continuous days),Swine gut microbial ecology along the gut transect,"mucosa was scraped with a sterile glass slide\, and the scrapings were stored in PBS at -20 degrees Celsius until DNA extraction. Thawed scrapings were centrifuged at 10\,000g to pellet the cells\, followed by bead beating the resuspended pellet for bulk ...",up to 5 grams mucosal scrapings,1 to 6 months,-20 degrees Celsius,Pig 65,
SRR926565,AMPLICON,566,6677763,PRJNA72355,SAMN02215293,15148031,USDA/ARS/NADC/FSEPRU,public,"run.zq,sff,sra","gs,ncbi,s3","gs.us-east1,ncbi.public,s3.us-east-1",SRX318344,454 GS FLX Titanium,SINGLE,PCR,METAGENOMIC,pig metagenome,LS454,2013-11-15T00:00:00Z,2013-07-08T14:08:00Z,1,pig65_colon_med_16S_muc,SRP008126,swine intestinal tract,"MIMS.me,MIGS/MIMS/MIMARKS.host-associated",2010-01-12,MIGS/MIMS/MIMARKS.host-associated,none,USA,North America,"USA: Ames\, Iowa",92 days old,intestinal mucosa,pig,"TechStart 17-25 (Kent Feeds\, Muscatine\, IA) containing ASP250 (chlortetracycline 100 g/ton\, sulfamethazine 100 g/ton\, penicillin 50 g/ton) ad libitum until euthanization (15 continuous days)",offspring of sow C,ambient,not fasted before euthanasia,grower pig,female,9825,colon,metagenome,swine,42°02?05?N 93°37?12?W,mucosal scrapings of the midcolon near the spiral bend,medicated (15 continuous days),Swine gut microbial ecology along the gut transect,"mucosa was scraped with a sterile glass slide\, and the scrapings were stored in PBS at -20 degrees Celsius until DNA extraction. Thawed scrapings were centrifuged at 10\,000g to pellet the cells\, followed by bead beating the resuspended pellet for bulk ...",up to 5 grams mucosal scrapings,1 to 6 months,-20 degrees Celsius,Pig 65,
SRR926566,AMPLICON,461,6973699,PRJNA72355,SAMN02215294,17165617,USDA/ARS/NADC/FSEPRU,public,"run.zq,sff,sra","gs,ncbi,s3","gs.us-east1,ncbi.public,s3.us-east-1",SRX318345,454 GS FLX Titanium,SINGLE,PCR,METAGENOMIC,pig metagenome,LS454,2013-11-15T00:00:00Z,2013-07-08T14:07:00Z,1,pig65_ileum_med_16S_muc,SRP008126,swine intestinal tract,"MIMS.me,MIGS/MIMS/MIMARKS.host-associated",2010-01-12,MIGS/MIMS/MIMARKS.host-associated,none,USA,North America,"USA: Ames\, Iowa",92 days old,intestinal mucosa,pig,"TechStart 17-25 (Kent Feeds\, Muscatine\, IA) containing ASP250 (chlortetracycline 100 g/ton\, sulfamethazine 100 g/ton\, penicillin 50 g/ton) ad libitum until euthanization (15 continuous days)",offspring of sow C,ambient,not fasted before euthanasia,grower pig,female,9825,ileum,metagenome,swine,42°02?05?N 93°37?12?W,"mucosal scrapings of the distal ileum\, proximal to the ileal/cecal junction",medicated (15 continuous days),Swine gut microbial ecology along the gut transect,"mucosa was scraped with a sterile glass slide\, and the scrapings were stored in PBS at -20 degrees Celsius until DNA extraction. Thawed scrapings were centrifuged at 10\,000g to pellet the cells\, followed by bead beating the resuspended pellet for bulk ...",up to 5 grams mucosal scrapings,1 to 6 months,-20 degrees Celsius,Pig 65,
SRR926567,AMPLICON,567,6805781,PRJNA72355,SAMN02215295,15425996,USDA/ARS/NADC/FSEPRU,public,"run.zq,sff,sra","gs,ncbi,s3","gs.us-east1,ncbi.public,s3.us-east-1",SRX318346,454 GS FLX Titanium,SINGLE,PCR,METAGENOMIC,pig metagenome,LS454,2013-11-15T00:00:00Z,2013-07-08T15:02:00Z,1,pig68_cecum_non_16S_muc,SRP008126,swine intestinal tract,"MIMS.me,MIGS/MIMS/MIMARKS.host-associated",2010-01-28,MIGS/MIMS/MIMARKS.host-associated,none,USA,North America,"USA: Ames\, Iowa",108 days old,intestinal mucosa,pig,"TechStart 17-25\, Kent Feeds\, Muscatine\, IA",offspring of sow C,ambient,not fasted before euthanasia,grower pig,male,9825,cecum,metagenome,swine,42°02?05?N 93°37?12?W,mucosal scrapings of the cecum,non-medicated,Swine gut microbial ecology along the gut transect,"mucosa was scraped with a sterile glass slide\, and the scrapings were stored in PBS at -20 degrees Celsius until DNA extraction. Thawed scrapings were centrifuged at 10\,000g to pellet the cells\, followed by bead beating the resuspended pellet for bulk ...",up to 5 grams mucosal scrapings,1 to 6 months,-20 degrees Celsius,Pig 68,
SRR926568,AMPLICON,561,6606241,PRJNA72355,SAMN02215296,15018727,USDA/ARS/NADC/FSEPRU,public,"run.zq,sff,sra","gs,ncbi,s3","gs.us-east1,ncbi.public,s3.us-east-1",SRX318347,454 GS FLX Titanium,SINGLE,PCR,METAGENOMIC,pig metagenome,LS454,2013-11-15T00:00:00Z,2013-07-08T14:14:00Z,1,pig68_colon_non_16S_muc,SRP008126,swine intestinal tract,"MIMS.me,MIGS/MIMS/MIMARKS.host-associated",2010-01-28,MIGS/MIMS/MIMARKS.host-associated,none,USA,North America,"USA: Ames\, Iowa",108 days old,intestinal mucosa,pig,"TechStart 17-25\, Kent Feeds\, Muscatine\, IA",offspring of sow C,ambient,not fasted before euthanasia,grower pig,male,9825,colon,metagenome,swine,42°02?05?N 93°37?12?W,mucosal scrapings of the midcolon near the spiral bend,non-medicated,Swine gut microbial ecology along the gut transect,"mucosa was scraped with a sterile glass slide\, and the scrapings were stored in PBS at -20 degrees Celsius until DNA extraction. Thawed scrapings were centrifuged at 10\,000g to pellet the cells\, followed by bead beating the resuspended pellet for bulk ...",up to 5 grams mucosal scrapings,1 to 6 months,-20 degrees Celsius,Pig 68,
SRR926569,AMPLICON,485,7061084,PRJNA72355,SAMN02215297,16989541,USDA/ARS/NADC/FSEPRU,public,"run.zq,sff,sra","gs,ncbi,s3","gs.us-east1,ncbi.public,s3.us-east-1",SRX318348,454 GS FLX Titanium,SINGLE,PCR,METAGENOMIC,pig metagenome,LS454,2013-11-15T00:00:00Z,2013-07-08T15:02:00Z,1,pig68_ileum_non_16S_muc,SRP008126,swine intestinal tract,"MIMS.me,MIGS/MIMS/MIMARKS.host-associated",2010-01-28,MIGS/MIMS/MIMARKS.host-associated,none,USA,North America,"USA: Ames\, Iowa",108 days old,intestinal mucosa,pig,"TechStart 17-25\, Kent Feeds\, Muscatine\, IA",offspring of sow C,ambient,not fasted before euthanasia,grower pig,male,9825,ileum,metagenome,swine,42°02?05?N 93°37?12?W,"mucosal scrapings of the distal ileum\, proximal to the ileal/cecal junction",non-medicated,Swine gut microbial ecology along the gut transect,"mucosa was scraped with a sterile glass slide\, and the scrapings were stored in PBS at -20 degrees Celsius until DNA extraction. Thawed scrapings were centrifuged at 10\,000g to pellet the cells\, followed by bead beating the resuspended pellet for bulk ...",up to 5 grams mucosal scrapings,1 to 6 months,-20 degrees Celsius,Pig 68,
SRR926570,AMPLICON,572,5501351,PRJNA72355,SAMN02215298,12455903,USDA/ARS/NADC/FSEPRU,public,"run.zq,sff,sra","gs,ncbi,s3","gs.us-east1,ncbi.public,s3.us-east-1",SRX318349,454 GS FLX Titanium,SINGLE,PCR,METAGENOMIC,pig metagenome,LS454,2013-11-15T00:00:00Z,2013-07-08T14:14:00Z,1,pig71_cecum_med_16S_muc,SRP008126,swine intestinal tract,"MIMS.me,MIGS/MIMS/MIMARKS.host-associated",2010-01-28,MIGS/MIMS/MIMARKS.host-associated,none,USA,North America,"USA: Ames\, Iowa",108 days old,intestinal mucosa,pig,"TechStart 17-25 (Kent Feeds\, Muscatine\, IA) containing ASP250 (chlortetracycline 100 g/ton\, sulfamethazine 100 g/ton\, penicillin 50 g/ton) ad libitum until euthanization (31 continuous days)",offspring of sow C,ambient,not fasted before euthanasia,grower pig,male,9825,cecum,metagenome,swine,42°02?05?N 93°37?12?W,mucosal scrapings of the cecum,medicated (31 continuous days),Swine gut microbial ecology along the gut transect,"mucosa was scraped with a sterile glass slide\, and the scrapings were stored in PBS at -20 degrees Celsius until DNA extraction. Thawed scrapings were centrifuged at 10\,000g to pellet the cells\, followed by bead beating the resuspended pellet for bulk ...",up to 5 grams mucosal scrapings,1 to 6 months,-20 degrees Celsius,Pig 71,
SRR926571,AMPLICON,580,6041668,PRJNA72355,SAMN02215299,13619440,USDA/ARS/NADC/FSEPRU,public,"run.zq,sff,sra","gs,ncbi,s3","gs.us-east1,ncbi.public,s3.us-east-1",SRX318350,454 GS FLX Titanium,SINGLE,PCR,METAGENOMIC,pig metagenome,LS454,2013-11-15T00:00:00Z,2013-07-08T14:14:00Z,1,pig71_colon_med_16S_muc,SRP008126,swine intestinal tract,"MIMS.me,MIGS/MIMS/MIMARKS.host-associated",2010-01-28,MIGS/MIMS/MIMARKS.host-associated,none,USA,North America,"USA: Ames\, Iowa",108 days old,intestinal mucosa,pig,"TechStart 17-25 (Kent Feeds\, Muscatine\, IA) containing ASP250 (chlortetracycline 100 g/ton\, sulfamethazine 100 g/ton\, penicillin 50 g/ton) ad libitum until euthanization (31 continuous days)",offspring of sow C,ambient,not fasted before euthanasia,grower pig,male,9825,colon,metagenome,swine,42°02?05?N 93°37?12?W,mucosal scrapings of the midcolon near the spiral bend,medicated (31 continuous days),Swine gut microbial ecology along the gut transect,"mucosa was scraped with a sterile glass slide\, and the scrapings were stored in PBS at -20 degrees Celsius until DNA extraction. Thawed scrapings were centrifuged at 10\,000g to pellet the cells\, followed by bead beating the resuspended pellet for bulk ...",up to 5 grams mucosal scrapings,1 to 6 months,-20 degrees Celsius,Pig 71,
SRR926572,AMPLICON,523,12383668,PRJNA72355,SAMN02215300,28860734,USDA/ARS/NADC/FSEPRU,public,"run.zq,sff,sra","gs,ncbi,s3","gs.us-east1,ncbi.public,s3.us-east-1",SRX318351,454 GS FLX Titanium,SINGLE,PCR,METAGENOMIC,pig metagenome,LS454,2013-11-15T00:00:00Z,2013-07-08T14:14:00Z,1,pig71_ileum_med_16S_muc,SRP008126,swine intestinal tract,"MIMS.me,MIGS/MIMS/MIMARKS.host-associated",2010-01-28,MIGS/MIMS/MIMARKS.host-associated,none,USA,North America,"USA: Ames\, Iowa",108 days old,intestinal mucosa,pig,"TechStart 17-25 (Kent Feeds\, Muscatine\, IA) containing ASP250 (chlortetracycline 100 g/ton\, sulfamethazine 100 g/ton\, penicillin 50 g/ton) ad libitum until euthanization (31 continuous days)",offspring of sow C,ambient,not fasted before euthanasia,grower pig,male,9825,ileum,metagenome,swine,42°02?05?N 93°37?12?W,"mucosal scrapings of the distal ileum\, proximal to the ileal/cecal junction",medicated (31 continuous days),Swine gut microbial ecology along the gut transect,"mucosa was scraped with a sterile glass slide\, and the scrapings were stored in PBS at -20 degrees Celsius until DNA extraction. Thawed scrapings were centrifuged at 10\,000g to pellet the cells\, followed by bead beating the resuspended pellet for bulk ...",up to 5 grams mucosal scrapings,1 to 6 months,-20 degrees Celsius,Pig 71,
