Sample	0	1	2	3	4	5	6	7	8	9	10	11	12	13	14	15	16	17	18	19	20	21	22	23	24	25	26	27	28	29	30	31	32	33	34	35	36	37	38	39	40	41	42	43	44	45	46	47	48	49	50	51	52	53	54	55	56	57	58	59	60	61	62	63	64	65	66	67	68	69	70	71	72	73	74	75	76	77	78	79	80	81	82	83	84	85	86	87	88	89	90	91	92	93	94	95	96	97	98	99	100
SRR6419019_1	(0.0, 0.0)	(1.0, 0.0)	(2.0, 0.0)	(3.0, 0.0)	(4.0, 0.0)	(5.0, 0.0)	(6.0, 0.0)	(7.0, 0.0)	(8.0, 0.0)	(9.0, 0.0)	(10.0, 0.0)	(11.0, 0.0)	(12.0, 0.0)	(13.0, 0.0)	(14.0, 0.0)	(15.0, 0.0)	(16.0, 0.0)	(17.0, 0.0)	(18.0, 0.0)	(19.0, 0.0)	(20.0, 0.0)	(21.0, 0.0)	(22.0, 0.0)	(23.0, 0.0)	(24.0, 0.0)	(25.0, 0.0)	(26.0, 0.0)	(27.0, 0.0)	(28.0, 0.0)	(29.0, 0.0)	(30.0, 0.0)	(31.0, 0.0)	(32.0, 0.0)	(33.0, 0.0)	(34.0, 0.0)	(35.0, 0.0)	(36.0, 5.640224729114106e-05)	(37.0, 0.0011280449458228215)	(38.0, 0.005414615739949543)	(39.0, 0.0031021236010127587)	(40.0, 0.0019740786551899377)	(41.0, 0.003948157310379875)	(42.0, 0.04382454614521661)	(43.0, 0.12380293280405465)	(44.0, 0.15798269466248613)	(45.0, 0.42183240749044404)	(46.0, 0.3553341579341887)	(47.0, 0.44467531764335616)	(48.0, 1.1137187750108715)	(49.0, 5.30423654200078)	(50.0, 11.861731018810714)	(51.0, 19.82617955429816)	(52.0, 20.043271804121762)	(53.0, 12.668790775299652)	(54.0, 8.377707801389638)	(55.0, 6.961334567414504)	(56.0, 5.0403304269255305)	(57.0, 3.4026911768272496)	(58.0, 1.9401809045679614)	(59.0, 0.6362737516913625)	(60.0, 0.4248781288441657)	(61.0, 0.2542613307884639)	(62.0, 0.27462254206056586)	(63.0, 0.1925572722519556)	(64.0, 0.047208680982685075)	(65.0, 0.020699624755848772)	(66.0, 0.020361211272101925)	(67.0, 0.01003960001782311)	(68.0, 0.011562460694683918)	(69.0, 0.00265090562268363)	(70.0, 0.0009588382039493982)	(71.0, 0.00011280449458228212)	(72.0, 0.0)	(73.0, 0.0)	(74.0, 0.00016920674187342321)	(75.0, 0.00016920674187342321)	(76.0, 0.0)	(77.0, 0.0)	(78.0, 0.0)	(79.0, 5.640224729114106e-05)	(80.0, 0.00011280449458228212)	(81.0, 5.640224729114106e-05)	(82.0, 0.0)	(83.0, 0.0)	(84.0, 0.0)	(85.0, 0.0)	(86.0, 0.0)	(87.0, 0.0)	(88.0, 0.0)	(89.0, 0.0)	(90.0, 0.0)	(91.0, 0.0)	(92.0, 0.0)	(93.0, 0.0)	(94.0, 0.0)	(95.0, 0.0)	(96.0, 0.0)	(97.0, 0.0)	(98.0, 0.0)	(99.0, 0.0)	(100.0, 0.0)
SRR6419019_2	(0.0, 0.0)	(1.0, 0.0)	(2.0, 0.0)	(3.0, 0.0)	(4.0, 0.0)	(5.0, 0.0)	(6.0, 0.0)	(7.0, 0.0)	(8.0, 0.0)	(9.0, 0.0)	(10.0, 0.0)	(11.0, 0.0)	(12.0, 5.6177502932465653e-05)	(13.0, 0.0)	(14.0, 0.0)	(15.0, 0.0)	(16.0, 0.0)	(17.0, 0.0)	(18.0, 0.0)	(19.0, 5.6177502932465653e-05)	(20.0, 0.0)	(21.0, 5.6177502932465653e-05)	(22.0, 5.6177502932465653e-05)	(23.0, 0.0)	(24.0, 0.00011235500586493131)	(25.0, 0.00011235500586493131)	(26.0, 0.0003370650175947939)	(27.0, 0.00016853250879739695)	(28.0, 0.00011235500586493131)	(29.0, 0.0003370650175947939)	(30.0, 0.00011235500586493131)	(31.0, 0.0003932425205272596)	(32.0, 0.0005617750293246566)	(33.0, 0.0003370650175947939)	(34.0, 0.00044942002345972523)	(35.0, 0.0005055975263921909)	(36.0, 0.0007303075381220536)	(37.0, 0.0009550175498519161)	(38.0, 0.0014044375733116413)	(39.0, 0.0021347451114336947)	(40.0, 0.002471810129028489)	(41.0, 0.003707715193542733)	(42.0, 0.007415430387085466)	(43.0, 0.011347855592358062)	(44.0, 0.018819463482375995)	(45.0, 0.036515376906102674)	(46.0, 0.10044537524324859)	(47.0, 0.14729741268892496)	(48.0, 0.2265076918237015)	(49.0, 0.6566588317775911)	(50.0, 3.231329968675424)	(51.0, 4.292129756549174)	(52.0, 4.7478978378402665)	(53.0, 14.680642131329519)	(54.0, 15.875762328714792)	(55.0, 11.886822555492138)	(56.0, 10.976129055453937)	(57.0, 13.155422926713076)	(58.0, 10.67271436211569)	(59.0, 6.017284694102261)	(60.0, 2.276874193852833)	(61.0, 0.5961556611193255)	(62.0, 0.1911720424791806)	(63.0, 0.07673846900574809)	(64.0, 0.0315717566480457)	(65.0, 0.027358443928110775)	(66.0, 0.01926888350583572)	(67.0, 0.011179323083560665)	(68.0, 0.004325667725799855)	(69.0, 0.0019100350997038322)	(70.0, 0.0015729700821090385)	(71.0, 0.0010673725557168473)	(72.0, 0.0008426625439869847)	(73.0, 0.0006179525322571222)	(74.0, 0.0002808875146623283)	(75.0, 0.0002808875146623283)	(76.0, 0.0003932425205272596)	(77.0, 0.00022471001172986261)	(78.0, 0.00022471001172986261)	(79.0, 0.0)	(80.0, 0.0)	(81.0, 0.00011235500586493131)	(82.0, 0.00022471001172986261)	(83.0, 0.0)	(84.0, 0.00016853250879739695)	(85.0, 0.00022471001172986261)	(86.0, 5.6177502932465653e-05)	(87.0, 5.6177502932465653e-05)	(88.0, 0.00011235500586493131)	(89.0, 0.00016853250879739695)	(90.0, 0.00011235500586493131)	(91.0, 0.00011235500586493131)	(92.0, 5.6177502932465653e-05)	(93.0, 0.00022471001172986261)	(94.0, 0.0)	(95.0, 0.0)	(96.0, 0.0)	(97.0, 0.0)	(98.0, 0.0)	(99.0, 0.0)	(100.0, 0.0)
SRR6419020_1	(0.0, 0.0)	(1.0, 0.0)	(2.0, 0.0)	(3.0, 0.0)	(4.0, 0.0)	(5.0, 0.0)	(6.0, 0.0)	(7.0, 0.0)	(8.0, 0.0)	(9.0, 0.0)	(10.0, 0.0)	(11.0, 0.0)	(12.0, 0.0)	(13.0, 0.0)	(14.0, 0.0)	(15.0, 0.0)	(16.0, 0.0)	(17.0, 0.0)	(18.0, 0.0)	(19.0, 0.0)	(20.0, 0.0)	(21.0, 0.0)	(22.0, 0.0)	(23.0, 0.0)	(24.0, 0.0)	(25.0, 0.0)	(26.0, 0.0)	(27.0, 0.0)	(28.0, 0.0)	(29.0, 0.0)	(30.0, 0.0)	(31.0, 0.0)	(32.0, 0.0)	(33.0, 0.0)	(34.0, 0.0)	(35.0, 0.0)	(36.0, 0.00011601506803703666)	(37.0, 0.001624210952518513)	(38.0, 0.00870113010277775)	(39.0, 0.005336693129703686)	(40.0, 0.002320301360740733)	(41.0, 0.005800753401851833)	(42.0, 0.03358636219672211)	(43.0, 0.12013360295235145)	(44.0, 0.19357114101979564)	(45.0, 0.46997704061803547)	(46.0, 0.5767689107461277)	(47.0, 0.5753767299296833)	(48.0, 1.353605806322125)	(49.0, 4.152295300113579)	(50.0, 9.227084413723654)	(51.0, 21.320901158642485)	(52.0, 22.70739723675311)	(53.0, 13.62927617038901)	(54.0, 9.078991179374377)	(55.0, 6.32780985594409)	(56.0, 4.271848827725745)	(57.0, 2.2852068026595296)	(58.0, 1.5367355912185874)	(59.0, 0.6897675870142014)	(60.0, 0.47276140225092433)	(61.0, 0.32368203982333227)	(62.0, 0.2874853385957768)	(63.0, 0.19803772113922155)	(64.0, 0.05209076554862945)	(65.0, 0.020302636906481413)	(66.0, 0.018736433487981416)	(67.0, 0.011601506803703665)	(68.0, 0.01809835061377772)	(69.0, 0.01177552940575922)	(70.0, 0.007366956820351827)	(71.0, 0.00243631642877777)	(72.0, 0.0008701130102777749)	(73.0, 0.00011601506803703666)	(74.0, 0.00011601506803703666)	(75.0, 0.00011601506803703666)	(76.0, 5.800753401851833e-05)	(77.0, 5.800753401851833e-05)	(78.0, 0.0)	(79.0, 0.0)	(80.0, 0.0)	(81.0, 0.0)	(82.0, 5.800753401851833e-05)	(83.0, 0.0)	(84.0, 0.0)	(85.0, 0.0)	(86.0, 0.0)	(87.0, 0.0)	(88.0, 0.0)	(89.0, 0.0)	(90.0, 0.0)	(91.0, 0.0)	(92.0, 0.0)	(93.0, 0.0)	(94.0, 0.0)	(95.0, 0.0)	(96.0, 0.0)	(97.0, 0.0)	(98.0, 0.0)	(99.0, 0.0)	(100.0, 0.0)
SRR6419020_2	(0.0, 0.0)	(1.0, 0.0)	(2.0, 0.0)	(3.0, 0.0)	(4.0, 0.0)	(5.0, 0.0)	(6.0, 0.0)	(7.0, 0.0)	(8.0, 5.772252321311271e-05)	(9.0, 5.772252321311271e-05)	(10.0, 0.0)	(11.0, 0.0)	(12.0, 0.0)	(13.0, 0.0)	(14.0, 0.0)	(15.0, 0.0)	(16.0, 0.0)	(17.0, 0.0)	(18.0, 0.0)	(19.0, 0.0)	(20.0, 0.0)	(21.0, 0.0)	(22.0, 0.0)	(23.0, 5.772252321311271e-05)	(24.0, 5.772252321311271e-05)	(25.0, 0.00023089009285245083)	(26.0, 0.0003463351392786763)	(27.0, 0.00011544504642622542)	(28.0, 0.0002886126160655636)	(29.0, 0.0003463351392786763)	(30.0, 0.0006349477553442398)	(31.0, 0.0003463351392786763)	(32.0, 0.0003463351392786763)	(33.0, 0.00046178018570490167)	(34.0, 0.0005195027089180144)	(35.0, 0.0007503928017704652)	(36.0, 0.0012698955106884796)	(37.0, 0.0012698955106884796)	(38.0, 0.0012698955106884796)	(39.0, 0.0017316756963933813)	(40.0, 0.002886126160655635)	(41.0, 0.005656807274885045)	(42.0, 0.00808115324983578)	(43.0, 0.014661520896130627)	(44.0, 0.023319899378097534)	(45.0, 0.045312180722293476)	(46.0, 0.10724844812996341)	(47.0, 0.1447680882184867)	(48.0, 0.22858119192392634)	(49.0, 0.6025076972984705)	(50.0, 2.1122402919374337)	(51.0, 3.0849225306015957)	(52.0, 5.223772905740274)	(53.0, 19.022977027590212)	(54.0, 20.35140317681679)	(55.0, 13.821600460856626)	(56.0, 10.354439381537798)	(57.0, 9.969949654415254)	(58.0, 7.793117859002346)	(59.0, 4.399610719303451)	(60.0, 1.7785463852424288)	(61.0, 0.5330097793498828)	(62.0, 0.16912699301442025)	(63.0, 0.06897841523966969)	(64.0, 0.03261322561540868)	(65.0, 0.03376767607967093)	(66.0, 0.02129961106563859)	(67.0, 0.014199740710425728)	(68.0, 0.010794111840852078)	(69.0, 0.004098299148131003)	(70.0, 0.001962565789245832)	(71.0, 0.000981282894622916)	(72.0, 0.0005772252321311271)	(73.0, 0.00040405766249178895)	(74.0, 0.0002886126160655636)	(75.0, 0.00011544504642622542)	(76.0, 0.0003463351392786763)	(77.0, 0.00023089009285245083)	(78.0, 0.00011544504642622542)	(79.0, 0.00023089009285245083)	(80.0, 0.00011544504642622542)	(81.0, 0.00017316756963933814)	(82.0, 5.772252321311271e-05)	(83.0, 0.0002886126160655636)	(84.0, 0.00011544504642622542)	(85.0, 5.772252321311271e-05)	(86.0, 0.0)	(87.0, 5.772252321311271e-05)	(88.0, 5.772252321311271e-05)	(89.0, 5.772252321311271e-05)	(90.0, 0.0)	(91.0, 0.0)	(92.0, 0.0)	(93.0, 0.0)	(94.0, 5.772252321311271e-05)	(95.0, 5.772252321311271e-05)	(96.0, 0.0)	(97.0, 0.0)	(98.0, 0.0)	(99.0, 0.0)	(100.0, 0.0)
SRR6419021_1	(0.0, 0.0)	(1.0, 0.0)	(2.0, 0.0)	(3.0, 0.0)	(4.0, 0.0)	(5.0, 0.0)	(6.0, 0.0)	(7.0, 0.0)	(8.0, 0.0)	(9.0, 0.0)	(10.0, 0.0)	(11.0, 0.0)	(12.0, 0.0)	(13.0, 0.0)	(14.0, 0.0)	(15.0, 0.0)	(16.0, 0.0)	(17.0, 0.0)	(18.0, 0.0)	(19.0, 0.0)	(20.0, 0.0)	(21.0, 0.0)	(22.0, 0.0)	(23.0, 0.0)	(24.0, 0.0)	(25.0, 0.0)	(26.0, 0.0)	(27.0, 0.0)	(28.0, 0.0)	(29.0, 0.0)	(30.0, 0.0)	(31.0, 0.0)	(32.0, 0.0)	(33.0, 0.0)	(34.0, 0.0)	(35.0, 0.0)	(36.0, 0.00020071494663993146)	(37.0, 0.001455183363139503)	(38.0, 0.008731100178837017)	(39.0, 0.005770554715898028)	(40.0, 0.0026594730429790915)	(41.0, 0.007025023132397601)	(42.0, 0.0573542960023604)	(43.0, 0.22204090972042417)	(44.0, 0.22083662004058457)	(45.0, 0.43971626935142977)	(46.0, 0.5929621311110175)	(47.0, 0.8784791427063199)	(48.0, 1.3164893350113103)	(49.0, 2.8932557770779517)	(50.0, 9.768144129388883)	(51.0, 17.087264837350645)	(52.0, 18.958429927401404)	(53.0, 11.8323468193706)	(54.0, 8.698935608637969)	(55.0, 9.6048625202973)	(56.0, 7.9345127343597905)	(57.0, 4.159616554165939)	(58.0, 1.955615903849512)	(59.0, 0.8204725231273796)	(60.0, 0.5622025655384479)	(61.0, 0.3826630457690293)	(62.0, 0.7081725104823381)	(63.0, 0.6279367105630255)	(64.0, 0.1443642253707707)	(65.0, 0.050078379186662886)	(66.0, 0.026042764326531107)	(67.0, 0.009935389858676607)	(68.0, 0.014501654894735047)	(69.0, 0.004766979982698372)	(70.0, 0.001455183363139503)	(71.0, 0.00035125115661988)	(72.0, 5.0178736659982864e-05)	(73.0, 5.0178736659982864e-05)	(74.0, 0.0)	(75.0, 0.0)	(76.0, 0.00010035747331996573)	(77.0, 0.0)	(78.0, 5.0178736659982864e-05)	(79.0, 5.0178736659982864e-05)	(80.0, 0.0)	(81.0, 0.0)	(82.0, 5.0178736659982864e-05)	(83.0, 0.0)	(84.0, 0.0)	(85.0, 0.0)	(86.0, 0.0)	(87.0, 0.0)	(88.0, 0.0)	(89.0, 0.0)	(90.0, 0.0)	(91.0, 0.0)	(92.0, 0.0)	(93.0, 0.0)	(94.0, 0.0)	(95.0, 0.0)	(96.0, 0.0)	(97.0, 0.0)	(98.0, 0.0)	(99.0, 0.0)	(100.0, 0.0)
SRR6419021_2	(0.0, 0.0)	(1.0, 0.0)	(2.0, 0.0)	(3.0, 0.0)	(4.0, 0.0)	(5.0, 0.0)	(6.0, 0.0)	(7.0, 0.0)	(8.0, 0.0)	(9.0, 0.0)	(10.0, 0.0)	(11.0, 0.0)	(12.0, 0.0)	(13.0, 0.0)	(14.0, 0.0)	(15.0, 0.0)	(16.0, 0.0)	(17.0, 0.0)	(18.0, 0.0)	(19.0, 0.0)	(20.0, 0.0)	(21.0, 0.0)	(22.0, 0.0)	(23.0, 0.0)	(24.0, 9.97636101258069e-05)	(25.0, 0.0001995272202516138)	(26.0, 0.00024940902531451727)	(27.0, 9.97636101258069e-05)	(28.0, 0.00024940902531451727)	(29.0, 0.0)	(30.0, 0.0001995272202516138)	(31.0, 0.0001995272202516138)	(32.0, 0.0002992908303774207)	(33.0, 0.00024940902531451727)	(34.0, 0.0006484634658177448)	(35.0, 0.0005985816607548414)	(36.0, 0.00044893624556613105)	(37.0, 0.0006484634658177448)	(38.0, 0.0012969269316354896)	(39.0, 0.0015463359569500071)	(40.0, 0.0021947994227677517)	(41.0, 0.003940662599969373)	(42.0, 0.005287471336667766)	(43.0, 0.010175888232832305)	(44.0, 0.01720922274670169)	(45.0, 0.033370927587082405)	(46.0, 0.09801774694860527)	(47.0, 0.13383288298376997)	(48.0, 0.23424495657539463)	(49.0, 0.5437615569907105)	(50.0, 0.9239107933750977)	(51.0, 1.7120931951740352)	(52.0, 3.8706285456610563)	(53.0, 11.332946583071413)	(54.0, 14.628936734407821)	(55.0, 14.54508542009708)	(56.0, 12.453690979224726)	(57.0, 12.468805166158786)	(58.0, 13.089634111971682)	(59.0, 9.096346207660948)	(60.0, 3.2985840051996793)	(61.0, 0.9801774694860528)	(62.0, 0.28268018929147387)	(63.0, 0.10355462731058757)	(64.0, 0.04394587026041794)	(65.0, 0.03122600996937756)	(66.0, 0.0230952757441243)	(67.0, 0.011921751410033925)	(68.0, 0.005137825921479055)	(69.0, 0.002244681227830655)	(70.0, 0.0012969269316354896)	(71.0, 0.000997636101258069)	(72.0, 0.0007482270759435518)	(73.0, 0.0005486998556919379)	(74.0, 0.00034917263544032414)	(75.0, 0.0001995272202516138)	(76.0, 0.00024940902531451727)	(77.0, 0.00014964541518871035)	(78.0, 0.00034917263544032414)	(79.0, 0.00034917263544032414)	(80.0, 9.97636101258069e-05)	(81.0, 0.0001995272202516138)	(82.0, 4.988180506290345e-05)	(83.0, 4.988180506290345e-05)	(84.0, 0.00014964541518871035)	(85.0, 0.0)	(86.0, 0.0)	(87.0, 0.0)	(88.0, 9.97636101258069e-05)	(89.0, 0.0001995272202516138)	(90.0, 4.988180506290345e-05)	(91.0, 0.0)	(92.0, 4.988180506290345e-05)	(93.0, 0.0)	(94.0, 4.988180506290345e-05)	(95.0, 4.988180506290345e-05)	(96.0, 0.0)	(97.0, 0.0)	(98.0, 0.0)	(99.0, 0.0)	(100.0, 0.0)
SRR6419022_1	(0.0, 0.0)	(1.0, 0.0)	(2.0, 0.0)	(3.0, 0.0)	(4.0, 0.0)	(5.0, 0.0)	(6.0, 0.0)	(7.0, 0.0)	(8.0, 0.0)	(9.0, 0.0)	(10.0, 0.0)	(11.0, 0.0)	(12.0, 0.0)	(13.0, 0.0)	(14.0, 0.0)	(15.0, 0.0)	(16.0, 0.0)	(17.0, 0.0)	(18.0, 0.0)	(19.0, 0.0)	(20.0, 0.0)	(21.0, 0.0)	(22.0, 0.0)	(23.0, 0.0)	(24.0, 0.0)	(25.0, 0.0)	(26.0, 0.0)	(27.0, 0.0)	(28.0, 5.9585807137426326e-05)	(29.0, 0.0)	(30.0, 0.0)	(31.0, 0.0)	(32.0, 0.0)	(33.0, 0.0)	(34.0, 0.0)	(35.0, 0.00011917161427485265)	(36.0, 0.00035751484282455794)	(37.0, 0.001847160021260216)	(38.0, 0.012393847884584674)	(39.0, 0.007686569120727996)	(40.0, 0.004647692956719253)	(41.0, 0.009354971720575932)	(42.0, 0.04022041981776277)	(43.0, 0.1733946987699106)	(44.0, 0.449634500659019)	(45.0, 0.8634579312284448)	(46.0, 0.7552501054668787)	(47.0, 0.5793528027971961)	(48.0, 1.0675989064812674)	(49.0, 3.997492629235657)	(50.0, 11.009312069939437)	(51.0, 19.44350431282072)	(52.0, 16.402244716526482)	(53.0, 10.328961324044302)	(54.0, 7.781727654726465)	(55.0, 9.442622442875088)	(56.0, 7.4240340544804955)	(57.0, 4.388673453092861)	(58.0, 2.577622430957925)	(59.0, 1.0071788980439171)	(60.0, 0.6504386707121457)	(61.0, 0.38355384054361324)	(62.0, 0.5285261093089715)	(63.0, 0.44683396772356)	(64.0, 0.12185297559603682)	(65.0, 0.04033959143203762)	(66.0, 0.01912704409111385)	(67.0, 0.011619232391798134)	(68.0, 0.01859077182687701)	(69.0, 0.006554438785116895)	(70.0, 0.002383432285497053)	(71.0, 0.00035751484282455794)	(72.0, 0.00029792903568713164)	(73.0, 0.0002383432285497053)	(74.0, 0.0002383432285497053)	(75.0, 0.00011917161427485265)	(76.0, 5.9585807137426326e-05)	(77.0, 0.0)	(78.0, 0.0)	(79.0, 0.0)	(80.0, 0.0)	(81.0, 0.0)	(82.0, 0.0)	(83.0, 0.0)	(84.0, 0.0)	(85.0, 0.0)	(86.0, 0.0)	(87.0, 5.9585807137426326e-05)	(88.0, 5.9585807137426326e-05)	(89.0, 0.0)	(90.0, 0.0)	(91.0, 0.0)	(92.0, 0.0)	(93.0, 0.0)	(94.0, 0.0)	(95.0, 0.0)	(96.0, 0.0)	(97.0, 0.0)	(98.0, 0.0)	(99.0, 0.0)	(100.0, 0.0)
SRR6419022_2	(0.0, 0.0)	(1.0, 0.0)	(2.0, 0.0)	(3.0, 0.0)	(4.0, 0.0)	(5.0, 0.0)	(6.0, 0.0)	(7.0, 0.0)	(8.0, 0.0)	(9.0, 0.0)	(10.0, 0.0)	(11.0, 0.0)	(12.0, 0.0)	(13.0, 0.0)	(14.0, 0.0)	(15.0, 0.0)	(16.0, 0.0)	(17.0, 0.0)	(18.0, 0.0)	(19.0, 0.0)	(20.0, 0.0)	(21.0, 0.0)	(22.0, 0.0)	(23.0, 0.00011897672874674079)	(24.0, 5.9488364373370395e-05)	(25.0, 0.00017846509312011117)	(26.0, 0.00023795345749348158)	(27.0, 0.00029744182186685193)	(28.0, 0.00017846509312011117)	(29.0, 0.00017846509312011117)	(30.0, 0.00023795345749348158)	(31.0, 0.00011897672874674079)	(32.0, 0.0004164185506135927)	(33.0, 0.0005948836437337039)	(34.0, 0.0007138603724804447)	(35.0, 0.0008328371012271854)	(36.0, 0.0010113021943472967)	(37.0, 0.0008923254656005557)	(38.0, 0.0011302789230940376)	(39.0, 0.0014277207449608894)	(40.0, 0.002914929854295149)	(41.0, 0.004402138963629409)	(42.0, 0.006603208445444113)	(43.0, 0.009399161570992522)	(44.0, 0.013979765627742042)	(45.0, 0.023735857384974787)	(46.0, 0.0458060405674952)	(47.0, 0.09095770912688332)	(48.0, 0.23700164366350762)	(49.0, 0.6571679612326228)	(50.0, 2.2221878511672513)	(51.0, 3.4613899694289296)	(52.0, 5.682328564944339)	(53.0, 17.360905793631296)	(54.0, 18.064593655803893)	(55.0, 12.901360558381583)	(56.0, 10.137233707772928)	(57.0, 9.757578966342079)	(58.0, 9.09273700610529)	(59.0, 6.388276984963126)	(60.0, 2.5844125018367032)	(61.0, 0.767875807331465)	(62.0, 0.23521699273230653)	(63.0, 0.10749547442268029)	(64.0, 0.05728729489155569)	(65.0, 0.030458042559165642)	(66.0, 0.020582974073186155)	(67.0, 0.011064835773446892)	(68.0, 0.005889348072963669)	(69.0, 0.0026769763968016677)	(70.0, 0.0015466974737076303)	(71.0, 0.0009518138299739263)	(72.0, 0.00047590691498696316)	(73.0, 0.0008328371012271854)	(74.0, 0.0007138603724804447)	(75.0, 0.00029744182186685193)	(76.0, 0.00035693018624022234)	(77.0, 0.00035693018624022234)	(78.0, 5.9488364373370395e-05)	(79.0, 0.00017846509312011117)	(80.0, 0.00035693018624022234)	(81.0, 0.00029744182186685193)	(82.0, 0.00011897672874674079)	(83.0, 0.00017846509312011117)	(84.0, 5.9488364373370395e-05)	(85.0, 0.00011897672874674079)	(86.0, 0.00023795345749348158)	(87.0, 5.9488364373370395e-05)	(88.0, 5.9488364373370395e-05)	(89.0, 0.00011897672874674079)	(90.0, 5.9488364373370395e-05)	(91.0, 0.0)	(92.0, 0.0)	(93.0, 5.9488364373370395e-05)	(94.0, 0.00011897672874674079)	(95.0, 0.0)	(96.0, 5.9488364373370395e-05)	(97.0, 0.00017846509312011117)	(98.0, 0.0)	(99.0, 0.0)	(100.0, 0.0)
SRR6419023_1	(0.0, 0.0)	(1.0, 0.0)	(2.0, 0.0)	(3.0, 0.0)	(4.0, 0.0)	(5.0, 0.0)	(6.0, 0.0)	(7.0, 0.0)	(8.0, 0.0)	(9.0, 0.0)	(10.0, 0.0)	(11.0, 0.0)	(12.0, 0.0)	(13.0, 0.0)	(14.0, 0.0)	(15.0, 0.0)	(16.0, 0.0)	(17.0, 0.0)	(18.0, 0.0)	(19.0, 0.0)	(20.0, 0.0)	(21.0, 0.0)	(22.0, 0.0)	(23.0, 0.0)	(24.0, 0.00010064628333404905)	(25.0, 0.0002012925666680981)	(26.0, 0.0002516157083351226)	(27.0, 0.00030193885000214714)	(28.0, 0.0003522619916691717)	(29.0, 0.0004529082750032207)	(30.0, 0.0003522619916691717)	(31.0, 0.0003522619916691717)	(32.0, 0.0004025851333361962)	(33.0, 0.0005032314166702452)	(34.0, 0.0008051702666723924)	(35.0, 0.0006542008416713188)	(36.0, 0.0008554934083394169)	(37.0, 0.001258078541675613)	(38.0, 0.001258078541675613)	(39.0, 0.0011071091166745396)	(40.0, 0.002918742216687422)	(41.0, 0.0054852224417056734)	(42.0, 0.0104672134667411)	(43.0, 0.016002759050113797)	(44.0, 0.026469972516854897)	(45.0, 0.04222111585863357)	(46.0, 0.08796485163395887)	(47.0, 0.1237446053592133)	(48.0, 0.21533272319319793)	(49.0, 0.4472217599948469)	(50.0, 1.2323634162837636)	(51.0, 2.3591488813501096)	(52.0, 5.011279093485635)	(53.0, 16.846527166444798)	(54.0, 18.650158886932626)	(55.0, 14.245424619959635)	(56.0, 10.844133797827114)	(57.0, 10.909755174560914)	(58.0, 9.633811917593507)	(59.0, 5.959719344484047)	(60.0, 2.204606513290677)	(61.0, 0.6816269538798472)	(62.0, 0.22539735152660284)	(63.0, 0.09375201292566668)	(64.0, 0.045441796925323144)	(65.0, 0.02737578906686134)	(66.0, 0.019072470691802294)	(67.0, 0.010517536608408125)	(68.0, 0.004629729033366256)	(69.0, 0.002314864516683128)	(70.0, 0.001056785975007515)	(71.0, 0.0007548471250053678)	(72.0, 0.0009561396916734658)	(73.0, 0.0004025851333361962)	(74.0, 0.00030193885000214714)	(75.0, 0.0003522619916691717)	(76.0, 0.0002012925666680981)	(77.0, 0.00015096942500107357)	(78.0, 0.0002516157083351226)	(79.0, 0.0002516157083351226)	(80.0, 0.00010064628333404905)	(81.0, 0.00010064628333404905)	(82.0, 0.0)	(83.0, 0.00010064628333404905)	(84.0, 0.00010064628333404905)	(85.0, 0.00010064628333404905)	(86.0, 0.00015096942500107357)	(87.0, 5.0323141667024526e-05)	(88.0, 5.0323141667024526e-05)	(89.0, 0.0)	(90.0, 5.0323141667024526e-05)	(91.0, 0.0)	(92.0, 5.0323141667024526e-05)	(93.0, 0.0)	(94.0, 5.0323141667024526e-05)	(95.0, 0.00010064628333404905)	(96.0, 0.0)	(97.0, 0.0)	(98.0, 5.0323141667024526e-05)	(99.0, 0.00010064628333404905)	(100.0, 6.709752222269937e-05)
SRR6419023_2	(0.0, 0.0)	(1.0, 0.0)	(2.0, 0.0)	(3.0, 0.0)	(4.0, 0.0)	(5.0, 0.0)	(6.0, 0.0)	(7.0, 0.0)	(8.0, 0.0)	(9.0, 0.0)	(10.0, 0.0)	(11.0, 0.0)	(12.0, 0.0)	(13.0, 0.0)	(14.0, 0.0)	(15.0, 0.0)	(16.0, 0.0)	(17.0, 0.0)	(18.0, 0.0)	(19.0, 0.0)	(20.0, 0.0)	(21.0, 0.0)	(22.0, 0.0)	(23.0, 0.0)	(24.0, 0.0)	(25.0, 0.0)	(26.0, 0.0)	(27.0, 0.0)	(28.0, 0.0)	(29.0, 0.0)	(30.0, 0.0)	(31.0, 0.0)	(32.0, 0.0)	(33.0, 0.0)	(34.0, 0.0001011747399050374)	(35.0, 0.00030352421971511216)	(36.0, 0.0010117473990503738)	(37.0, 0.0059693096543972065)	(38.0, 0.03470293578742782)	(39.0, 0.02332077754811112)	(40.0, 0.0059693096543972065)	(41.0, 0.010117473990503738)	(42.0, 0.05296497634028707)	(43.0, 0.27823053473885284)	(44.0, 0.40626716808867763)	(45.0, 0.5935921990228543)	(46.0, 0.5387049026243717)	(47.0, 0.5510482208927862)	(48.0, 1.169074119602707)	(49.0, 3.6716313111538073)	(50.0, 11.132914267560647)	(51.0, 23.316882320624774)	(52.0, 17.53257067814393)	(53.0, 9.85740432157784)	(54.0, 6.853779230647043)	(55.0, 8.158073390132833)	(56.0, 7.29758222724049)	(57.0, 3.9799107436444556)	(58.0, 2.1353940604357193)	(59.0, 0.7637175241731747)	(60.0, 0.5003090888304098)	(61.0, 0.31703104749243466)	(62.0, 0.3777864788054096)	(63.0, 0.286830387630781)	(64.0, 0.07249170114195928)	(65.0, 0.02671013133492987)	(66.0, 0.018565564772574362)	(67.0, 0.0068292949435900235)	(68.0, 0.014771512026135459)	(69.0, 0.0047046254055842385)	(70.0, 0.001517621098575561)	(71.0, 0.0006576358093827431)	(72.0, 0.0004046989596201496)	(73.0, 5.05873699525187e-05)	(74.0, 0.0)	(75.0, 0.0)	(76.0, 0.0)	(77.0, 5.05873699525187e-05)	(78.0, 0.0)	(79.0, 0.0)	(80.0, 0.0)	(81.0, 0.0)	(82.0, 0.0)	(83.0, 0.0)	(84.0, 0.0)	(85.0, 0.0)	(86.0, 0.0)	(87.0, 0.0)	(88.0, 0.0)	(89.0, 0.0)	(90.0, 0.0)	(91.0, 0.0)	(92.0, 0.0)	(93.0, 0.0)	(94.0, 0.0)	(95.0, 5.05873699525187e-05)	(96.0, 0.0)	(97.0, 0.0)	(98.0, 0.0)	(99.0, 0.0)	(100.0, 0.0)
SRR6419024_1	(0.0, 0.0)	(1.0, 0.0)	(2.0, 0.0)	(3.0, 0.0)	(4.0, 0.0)	(5.0, 0.0)	(6.0, 0.0)	(7.0, 0.0)	(8.0, 0.0)	(9.0, 0.0)	(10.0, 0.0)	(11.0, 0.0)	(12.0, 0.0)	(13.0, 0.0)	(14.0, 0.0)	(15.0, 0.0)	(16.0, 0.0)	(17.0, 0.0)	(18.0, 0.0)	(19.0, 0.0)	(20.0, 0.0)	(21.0, 0.0)	(22.0, 0.0)	(23.0, 0.0)	(24.0, 6.530401850454669e-05)	(25.0, 0.0)	(26.0, 0.0)	(27.0, 0.0)	(28.0, 0.0)	(29.0, 0.0004571281295318268)	(30.0, 0.0004571281295318268)	(31.0, 0.00019591205551364003)	(32.0, 0.00026121607401818675)	(33.0, 0.0005224321480363735)	(34.0, 0.001044864296072747)	(35.0, 0.0009795602775682002)	(36.0, 0.0007836482220545601)	(37.0, 0.0008489522405591069)	(38.0, 0.0017632084996227605)	(39.0, 0.002089728592145494)	(40.0, 0.0031345928882182406)	(41.0, 0.005289625498868281)	(42.0, 0.008685434461104709)	(43.0, 0.012799587626891151)	(44.0, 0.0207013738659413)	(45.0, 0.037353898584600705)	(46.0, 0.06269185776436481)	(47.0, 0.11630645695659765)	(48.0, 0.28263579208767803)	(49.0, 0.7709139384461736)	(50.0, 4.317771095483618)	(51.0, 5.828840779660323)	(52.0, 5.431988259208193)	(53.0, 19.55705154968613)	(54.0, 19.763412248160495)	(55.0, 12.010976299430245)	(56.0, 8.73166970620593)	(57.0, 8.575658405998567)	(58.0, 7.171230184039786)	(59.0, 4.789004893012427)	(60.0, 1.6662973361620135)	(61.0, 0.4539935366436086)	(62.0, 0.14184032819187542)	(63.0, 0.07196502839201045)	(64.0, 0.06452037028249213)	(65.0, 0.035786602140491584)	(66.0, 0.02716647169789142)	(67.0, 0.016456612663145766)	(68.0, 0.007118138016995589)	(69.0, 0.0026121607401818673)	(70.0, 0.001044864296072747)	(71.0, 0.0003265200925227334)	(72.0, 0.0005224321480363735)	(73.0, 6.530401850454669e-05)	(74.0, 0.00039182411102728007)	(75.0, 0.00013060803700909337)	(76.0, 0.00013060803700909337)	(77.0, 0.00026121607401818675)	(78.0, 0.00013060803700909337)	(79.0, 0.0003265200925227334)	(80.0, 0.00019591205551364003)	(81.0, 0.00019591205551364003)	(82.0, 0.0)	(83.0, 0.0)	(84.0, 0.0)	(85.0, 6.530401850454669e-05)	(86.0, 0.0003265200925227334)	(87.0, 0.00019591205551364003)	(88.0, 0.0)	(89.0, 0.0)	(90.0, 0.0)	(91.0, 0.0)	(92.0, 6.530401850454669e-05)	(93.0, 0.00013060803700909337)	(94.0, 6.530401850454669e-05)	(95.0, 0.0)	(96.0, 0.0)	(97.0, 0.0)	(98.0, 0.0)	(99.0, 0.0)	(100.0, 8.707202467272892e-05)
SRR6419024_2	(0.0, 0.0)	(1.0, 0.0)	(2.0, 0.0)	(3.0, 0.0)	(4.0, 0.0)	(5.0, 0.0)	(6.0, 0.0)	(7.0, 0.0)	(8.0, 0.0)	(9.0, 0.0)	(10.0, 0.0)	(11.0, 0.0)	(12.0, 0.0)	(13.0, 0.0)	(14.0, 0.0)	(15.0, 0.0)	(16.0, 0.0)	(17.0, 0.0)	(18.0, 0.0)	(19.0, 0.0)	(20.0, 0.0)	(21.0, 0.0)	(22.0, 0.0)	(23.0, 0.0)	(24.0, 0.0)	(25.0, 0.0)	(26.0, 0.0)	(27.0, 0.0)	(28.0, 0.0)	(29.0, 0.0)	(30.0, 0.0)	(31.0, 0.0)	(32.0, 0.0)	(33.0, 0.0)	(34.0, 0.0)	(35.0, 6.528817219885994e-05)	(36.0, 6.528817219885994e-05)	(37.0, 0.0004570172053920196)	(38.0, 0.003068544093346417)	(39.0, 0.0023503741991589577)	(40.0, 0.0013057634439771987)	(41.0, 0.0018280688215680783)	(42.0, 0.007638716147266613)	(43.0, 0.028073914045509775)	(44.0, 0.10922711208869267)	(45.0, 0.21740961342220358)	(46.0, 0.2744061877518083)	(47.0, 0.44892147203936095)	(48.0, 1.1843274436873192)	(49.0, 6.501918492940064)	(50.0, 13.657436877762914)	(51.0, 20.82757981315831)	(52.0, 21.559068494474335)	(53.0, 11.565277399650448)	(54.0, 6.252060657935027)	(55.0, 6.051691257456725)	(56.0, 4.852543398680265)	(57.0, 2.7711564689806103)	(58.0, 1.7308547331639759)	(59.0, 0.6385183241048502)	(60.0, 0.4168649794897207)	(61.0, 0.2515553274822073)	(62.0, 0.2523387855485937)	(63.0, 0.1874423423829269)	(64.0, 0.05804118508478649)	(65.0, 0.026376421568339414)	(66.0, 0.024352488230174756)	(67.0, 0.0180848236990842)	(68.0, 0.05373216571966173)	(69.0, 0.017497230149294465)	(70.0, 0.004374307537323616)	(71.0, 0.0015016279605737785)	(72.0, 0.00026115268879543975)	(73.0, 0.0001958645165965798)	(74.0, 6.528817219885994e-05)	(75.0, 0.0)	(76.0, 0.0)	(77.0, 0.0)	(78.0, 0.0)	(79.0, 6.528817219885994e-05)	(80.0, 0.0)	(81.0, 0.0)	(82.0, 0.0)	(83.0, 0.0)	(84.0, 0.0)	(85.0, 0.0)	(86.0, 0.0)	(87.0, 0.0)	(88.0, 0.0)	(89.0, 0.0)	(90.0, 0.0)	(91.0, 0.0)	(92.0, 0.0)	(93.0, 0.0)	(94.0, 0.0)	(95.0, 0.0)	(96.0, 0.0)	(97.0, 0.0)	(98.0, 0.0)	(99.0, 0.0)	(100.0, 0.0)
SRR6419025_1	(0.0, 0.0)	(1.0, 0.0)	(2.0, 0.0)	(3.0, 0.0)	(4.0, 0.0)	(5.0, 0.0)	(6.0, 0.0)	(7.0, 0.0)	(8.0, 0.0)	(9.0, 0.0)	(10.0, 0.0)	(11.0, 0.0)	(12.0, 0.0)	(13.0, 0.0)	(14.0, 0.0)	(15.0, 0.0)	(16.0, 0.0)	(17.0, 0.0)	(18.0, 0.0)	(19.0, 0.0)	(20.0, 0.0)	(21.0, 0.0)	(22.0, 0.0)	(23.0, 0.0)	(24.0, 0.0)	(25.0, 0.0)	(26.0, 0.0)	(27.0, 0.0)	(28.0, 0.0)	(29.0, 0.0)	(30.0, 0.0)	(31.0, 0.0)	(32.0, 0.0)	(33.0, 0.0)	(34.0, 0.0)	(35.0, 0.00011837037142255145)	(36.0, 0.0002367407428451029)	(37.0, 0.001065333342802963)	(38.0, 0.006747111171085433)	(39.0, 0.003432740771253992)	(40.0, 0.0016571851999157203)	(41.0, 0.007457333399620742)	(42.0, 0.0326702225126242)	(43.0, 0.0721467413820451)	(44.0, 0.12937881596484874)	(45.0, 0.30681600272725335)	(46.0, 0.5023638563173083)	(47.0, 0.5807842273847487)	(48.0, 0.880971489312339)	(49.0, 2.735716839132298)	(50.0, 7.65625480879634)	(51.0, 18.731401055390233)	(52.0, 19.74826173109566)	(53.0, 13.19474530247181)	(54.0, 10.753178836324553)	(55.0, 7.750832735562958)	(56.0, 6.935379246833001)	(57.0, 4.324543149551495)	(58.0, 2.3453905393664343)	(59.0, 0.9817638605786417)	(60.0, 0.8282966740293038)	(61.0, 0.6773744504655507)	(62.0, 0.3604377809816692)	(63.0, 0.18915585353323722)	(64.0, 0.06415674131102289)	(65.0, 0.034978444755363956)	(66.0, 0.05658103753997959)	(67.0, 0.029000740998525103)	(68.0, 0.040245926283667494)	(69.0, 0.026633333570074073)	(70.0, 0.006687925985374157)	(71.0, 0.002130666685605926)	(72.0, 0.000651037042824033)	(73.0, 0.00011837037142255145)	(74.0, 0.00011837037142255145)	(75.0, 0.0)	(76.0, 0.0)	(77.0, 5.918518571127573e-05)	(78.0, 5.918518571127573e-05)	(79.0, 0.0)	(80.0, 0.0)	(81.0, 0.0)	(82.0, 0.0)	(83.0, 0.0)	(84.0, 0.0)	(85.0, 0.0)	(86.0, 0.0)	(87.0, 0.0)	(88.0, 0.0)	(89.0, 0.0)	(90.0, 0.0)	(91.0, 0.0)	(92.0, 0.0)	(93.0, 0.0)	(94.0, 0.0)	(95.0, 0.0)	(96.0, 0.0)	(97.0, 0.0)	(98.0, 0.0)	(99.0, 0.0)	(100.0, 0.0)
SRR6419025_2	(0.0, 0.0)	(1.0, 0.0)	(2.0, 0.0)	(3.0, 0.0)	(4.0, 0.0)	(5.0, 0.0)	(6.0, 0.0)	(7.0, 0.0)	(8.0, 0.0)	(9.0, 0.0)	(10.0, 0.0)	(11.0, 0.0)	(12.0, 0.0)	(13.0, 0.0)	(14.0, 0.0)	(15.0, 0.0)	(16.0, 0.0)	(17.0, 0.0)	(18.0, 0.0)	(19.0, 0.0)	(20.0, 0.0)	(21.0, 0.0)	(22.0, 0.0)	(23.0, 0.0)	(24.0, 0.00011748486060715)	(25.0, 0.000293712151517875)	(26.0, 0.000293712151517875)	(27.0, 0.00011748486060715)	(28.0, 0.00017622729091072503)	(29.0, 0.0002349697212143)	(30.0, 0.000293712151517875)	(31.0, 0.000411197012125025)	(32.0, 0.000411197012125025)	(33.0, 0.0005286818727321751)	(34.0, 0.00058742430303575)	(35.0, 0.000646166733339325)	(36.0, 0.0007049091636429001)	(37.0, 0.0009398788848572)	(38.0, 0.00129233346667865)	(39.0, 0.0015860456181965251)	(40.0, 0.0020559850606251253)	(41.0, 0.0039944852606431)	(42.0, 0.006402924903089675)	(43.0, 0.0103386677334292)	(44.0, 0.015684228891054527)	(45.0, 0.025729184472965856)	(46.0, 0.043469398424645506)	(47.0, 0.08705628170989815)	(48.0, 0.22568841722633518)	(49.0, 0.40085834439159584)	(50.0, 1.0801558084221372)	(51.0, 1.922346031684492)	(52.0, 4.3452950544160505)	(53.0, 17.315153726002983)	(54.0, 19.31891676608823)	(55.0, 14.618993659929497)	(56.0, 12.786817258760994)	(57.0, 10.739056138378368)	(58.0, 8.49685757369091)	(59.0, 5.001448000906983)	(60.0, 2.1711789664504355)	(61.0, 0.7472624558917776)	(62.0, 0.2639297393539625)	(63.0, 0.12324161877690035)	(64.0, 0.0648516430551468)	(65.0, 0.05016603547925305)	(66.0, 0.05698015739446776)	(67.0, 0.038300064557930905)	(68.0, 0.01586045618196525)	(69.0, 0.006402924903089675)	(70.0, 0.00199724263032155)	(71.0, 0.0009398788848572)	(72.0, 0.000763651593946475)	(73.0, 0.000411197012125025)	(74.0, 0.0004699394424286)	(75.0, 0.0002349697212143)	(76.0, 0.000293712151517875)	(77.0, 5.8742430303575e-05)	(78.0, 5.8742430303575e-05)	(79.0, 5.8742430303575e-05)	(80.0, 0.00011748486060715)	(81.0, 0.000293712151517875)	(82.0, 5.8742430303575e-05)	(83.0, 0.0002349697212143)	(84.0, 0.0)	(85.0, 0.0)	(86.0, 5.8742430303575e-05)	(87.0, 0.00011748486060715)	(88.0, 0.00017622729091072503)	(89.0, 5.8742430303575e-05)	(90.0, 5.8742430303575e-05)	(91.0, 0.00011748486060715)	(92.0, 5.8742430303575e-05)	(93.0, 5.8742430303575e-05)	(94.0, 0.0)	(95.0, 5.8742430303575e-05)	(96.0, 0.00011748486060715)	(97.0, 0.0)	(98.0, 0.0)	(99.0, 0.0)	(100.0, 0.0)
SRR6419026_1	(0.0, 0.0)	(1.0, 0.0)	(2.0, 0.0)	(3.0, 0.0)	(4.0, 0.0)	(5.0, 0.0)	(6.0, 0.0)	(7.0, 0.0)	(8.0, 0.0)	(9.0, 0.0)	(10.0, 0.0)	(11.0, 0.0)	(12.0, 0.0)	(13.0, 0.0)	(14.0, 0.0)	(15.0, 0.0)	(16.0, 0.0)	(17.0, 0.0)	(18.0, 0.0)	(19.0, 0.0)	(20.0, 0.0)	(21.0, 0.0)	(22.0, 0.0)	(23.0, 0.0)	(24.0, 0.0)	(25.0, 0.0)	(26.0, 0.0)	(27.0, 0.0)	(28.0, 0.0)	(29.0, 0.0)	(30.0, 0.0)	(31.0, 0.0)	(32.0, 0.0)	(33.0, 0.00010396420720274423)	(34.0, 0.00020792841440548846)	(35.0, 0.00046783893241234903)	(36.0, 0.003534783044893304)	(37.0, 0.02053293092254199)	(38.0, 0.11217737957176102)	(39.0, 0.04771957110605961)	(40.0, 0.008421100783422284)	(41.0, 0.009096868130240122)	(42.0, 0.02115671616575845)	(43.0, 0.08452290045583107)	(44.0, 0.5359874702337479)	(45.0, 3.0774964795120336)	(46.0, 1.6671700267032068)	(47.0, 0.6118293593881499)	(48.0, 0.9911947514709635)	(49.0, 5.1016276116458625)	(50.0, 14.690558334576572)	(51.0, 25.02512035156536)	(52.0, 14.097078657759706)	(53.0, 7.401835696006579)	(54.0, 5.317925144731172)	(55.0, 6.890591707087084)	(56.0, 7.066291217259722)	(57.0, 3.453223124342751)	(58.0, 1.985456447054408)	(59.0, 0.7425123678419994)	(60.0, 0.41071060055444114)	(61.0, 0.23896173025550763)	(62.0, 0.1399878049984951)	(63.0, 0.08280749103698579)	(64.0, 0.06087104331720675)	(65.0, 0.022612215066596872)	(66.0, 0.019753199368521407)	(67.0, 0.01450300690478282)	(68.0, 0.02947385274197799)	(69.0, 0.01102020596349089)	(70.0, 0.0038466756665015366)	(71.0, 0.0009876599684260703)	(72.0, 0.0003118926216082327)	(73.0, 0.00010396420720274423)	(74.0, 0.0)	(75.0, 5.1982103601372115e-05)	(76.0, 5.1982103601372115e-05)	(77.0, 0.0)	(78.0, 0.0)	(79.0, 0.0)	(80.0, 5.1982103601372115e-05)	(81.0, 5.1982103601372115e-05)	(82.0, 0.0)	(83.0, 0.0)	(84.0, 0.0)	(85.0, 0.0)	(86.0, 0.0)	(87.0, 0.0)	(88.0, 0.0)	(89.0, 0.0)	(90.0, 0.0)	(91.0, 0.0)	(92.0, 0.0)	(93.0, 0.0)	(94.0, 0.0)	(95.0, 0.0)	(96.0, 0.0)	(97.0, 0.0)	(98.0, 0.0)	(99.0, 0.0)	(100.0, 0.0)
SRR6419026_2	(0.0, 0.0)	(1.0, 0.0)	(2.0, 0.0)	(3.0, 0.0)	(4.0, 0.0)	(5.0, 0.0)	(6.0, 0.0)	(7.0, 0.0)	(8.0, 0.0)	(9.0, 0.0)	(10.0, 0.0)	(11.0, 0.0)	(12.0, 0.0)	(13.0, 0.0)	(14.0, 0.0)	(15.0, 0.0)	(16.0, 0.0)	(17.0, 0.0)	(18.0, 0.0)	(19.0, 0.0)	(20.0, 0.0)	(21.0, 0.0)	(22.0, 0.0)	(23.0, 5.177108895308504e-05)	(24.0, 0.00010354217790617008)	(25.0, 0.00015531326685925512)	(26.0, 0.00036239762267159525)	(27.0, 0.00031062653371851024)	(28.0, 0.0002588554447654252)	(29.0, 0.0004141687116246803)	(30.0, 0.00031062653371851024)	(31.0, 0.00031062653371851024)	(32.0, 0.0005177108895308503)	(33.0, 0.0009318796011555307)	(34.0, 0.0009318796011555307)	(35.0, 0.0008801085122024456)	(36.0, 0.001190735045920956)	(37.0, 0.0018637592023110613)	(38.0, 0.0017602170244048912)	(39.0, 0.0025367833587011668)	(40.0, 0.004038144938340633)	(41.0, 0.0066784704749479696)	(42.0, 0.011441410658631792)	(43.0, 0.01920707400159455)	(44.0, 0.029354207436399216)	(45.0, 0.04638689570196419)	(46.0, 0.08216071816854596)	(47.0, 0.15023970014185278)	(48.0, 0.3923213120864784)	(49.0, 1.1377732219219499)	(50.0, 4.7782126549249835)	(51.0, 5.517089636463413)	(52.0, 6.7888982076849)	(53.0, 19.978877395707144)	(54.0, 19.220482713633398)	(55.0, 11.308358960022364)	(56.0, 8.335507719069362)	(57.0, 7.651301007465391)	(58.0, 7.417347456486399)	(59.0, 4.588730469356692)	(60.0, 1.5500781743443193)	(61.0, 0.5169860942855072)	(62.0, 0.19119063150374305)	(63.0, 0.10628604562068358)	(64.0, 0.06766481326168215)	(65.0, 0.03152859317242879)	(66.0, 0.025005435964340073)	(67.0, 0.018999989645782207)	(68.0, 0.006626699385994885)	(69.0, 0.002692096625560422)	(70.0, 0.001294277223827126)	(71.0, 0.0008801085122024456)	(72.0, 0.0006730241563901055)	(73.0, 0.0005694819784839354)	(74.0, 0.00031062653371851024)	(75.0, 0.00015531326685925512)	(76.0, 0.00046593980057776533)	(77.0, 0.00015531326685925512)	(78.0, 0.0)	(79.0, 0.00010354217790617008)	(80.0, 0.00015531326685925512)	(81.0, 0.0)	(82.0, 0.00010354217790617008)	(83.0, 5.177108895308504e-05)	(84.0, 0.00010354217790617008)	(85.0, 5.177108895308504e-05)	(86.0, 0.0)	(87.0, 5.177108895308504e-05)	(88.0, 0.0)	(89.0, 0.00010354217790617008)	(90.0, 0.00010354217790617008)	(91.0, 0.0)	(92.0, 5.177108895308504e-05)	(93.0, 5.177108895308504e-05)	(94.0, 0.00010354217790617008)	(95.0, 0.0)	(96.0, 0.0)	(97.0, 0.0)	(98.0, 5.177108895308504e-05)	(99.0, 5.177108895308504e-05)	(100.0, 0.0)
SRR6419027_1	(0.0, 0.0)	(1.0, 0.0)	(2.0, 0.0)	(3.0, 0.0)	(4.0, 0.0)	(5.0, 0.0)	(6.0, 0.0)	(7.0, 0.0)	(8.0, 0.0)	(9.0, 0.0)	(10.0, 0.0)	(11.0, 0.0)	(12.0, 0.0)	(13.0, 0.0)	(14.0, 0.0)	(15.0, 0.0)	(16.0, 0.0)	(17.0, 0.0)	(18.0, 0.0)	(19.0, 0.0)	(20.0, 0.0)	(21.0, 0.0)	(22.0, 0.0)	(23.0, 0.0)	(24.0, 0.0)	(25.0, 0.0)	(26.0, 0.0)	(27.0, 0.0)	(28.0, 0.0)	(29.0, 0.0)	(30.0, 0.0)	(31.0, 0.0)	(32.0, 5.4914308966573114e-05)	(33.0, 0.0)	(34.0, 0.0)	(35.0, 0.00010982861793314623)	(36.0, 0.0006589717075988773)	(37.0, 0.006479888458055628)	(38.0, 0.027292411556386835)	(39.0, 0.013563834314743558)	(40.0, 0.00334977284696096)	(41.0, 0.0068642886208216385)	(42.0, 0.037726130260035726)	(43.0, 0.16501749844455219)	(44.0, 0.3984582258614545)	(45.0, 1.4980074342991478)	(46.0, 1.1355729951197653)	(47.0, 0.8409028132051342)	(48.0, 1.6780165390915744)	(49.0, 5.086877182500567)	(50.0, 10.032350019412208)	(51.0, 16.943919860254066)	(52.0, 20.817794871992)	(53.0, 14.165914798253066)	(54.0, 8.313532148758469)	(55.0, 5.788956622638204)	(56.0, 4.469585435407319)	(57.0, 3.3286857523177957)	(58.0, 2.5635097711775656)	(59.0, 1.0307964936115437)	(60.0, 0.6864837763911305)	(61.0, 0.4455747029547742)	(62.0, 0.26155685360778774)	(63.0, 0.14025114510062772)	(64.0, 0.04030710278146467)	(65.0, 0.016968521470671093)	(66.0, 0.018725779357601433)	(67.0, 0.011092690411247769)	(68.0, 0.016693949925838225)	(69.0, 0.005161945042857872)	(70.0, 0.0017572578869303396)	(71.0, 0.0007138860165654505)	(72.0, 0.00032948585379943867)	(73.0, 0.00010982861793314623)	(74.0, 5.4914308966573114e-05)	(75.0, 5.4914308966573114e-05)	(76.0, 0.00010982861793314623)	(77.0, 0.0)	(78.0, 0.0)	(79.0, 0.0)	(80.0, 0.0)	(81.0, 0.0)	(82.0, 0.0)	(83.0, 0.0)	(84.0, 0.0)	(85.0, 0.0)	(86.0, 0.0)	(87.0, 0.0)	(88.0, 0.0)	(89.0, 0.0)	(90.0, 0.0)	(91.0, 0.0)	(92.0, 5.4914308966573114e-05)	(93.0, 0.0)	(94.0, 0.0)	(95.0, 0.0)	(96.0, 0.0)	(97.0, 0.0)	(98.0, 0.0)	(99.0, 0.0)	(100.0, 0.0)
SRR6419027_2	(0.0, 0.0)	(1.0, 0.0)	(2.0, 0.0)	(3.0, 0.0)	(4.0, 0.0)	(5.0, 0.0)	(6.0, 0.0)	(7.0, 0.0)	(8.0, 0.0)	(9.0, 0.0)	(10.0, 0.0)	(11.0, 0.0)	(12.0, 0.0)	(13.0, 0.0)	(14.0, 0.0)	(15.0, 0.0)	(16.0, 0.0)	(17.0, 5.440823697181163e-05)	(18.0, 0.0)	(19.0, 0.0)	(20.0, 0.0)	(21.0, 0.0)	(22.0, 5.440823697181163e-05)	(23.0, 5.440823697181163e-05)	(24.0, 0.0)	(25.0, 5.440823697181163e-05)	(26.0, 0.00010881647394362326)	(27.0, 0.00021763294788724652)	(28.0, 0.0003808576588026815)	(29.0, 0.00021763294788724652)	(30.0, 0.0003808576588026815)	(31.0, 0.00043526589577449305)	(32.0, 0.0004896741327463047)	(33.0, 0.00043526589577449305)	(34.0, 0.0006528988436617396)	(35.0, 0.0008705317915489861)	(36.0, 0.0008705317915489861)	(37.0, 0.0009249400285207979)	(38.0, 0.0011425729764080444)	(39.0, 0.002448370663731524)	(40.0, 0.003046861270421452)	(41.0, 0.00598490606689928)	(42.0, 0.00897735910034892)	(43.0, 0.015723980484853562)	(44.0, 0.02655121964224408)	(45.0, 0.04363540605139293)	(46.0, 0.08895746744891202)	(47.0, 0.15174457291438265)	(48.0, 0.3156765909104511)	(49.0, 0.7935441362338727)	(50.0, 3.1467547935016977)	(51.0, 4.229424301003778)	(52.0, 4.392050521312522)	(53.0, 12.388429109059679)	(54.0, 15.641062331708522)	(55.0, 14.009740162582693)	(56.0, 10.697257879264857)	(57.0, 12.251320351890714)	(58.0, 11.636344049398327)	(59.0, 6.500478520444167)	(60.0, 2.4470648660442)	(61.0, 0.7414754534518491)	(62.0, 0.2380904449886477)	(63.0, 0.09271163579996702)	(64.0, 0.04026209535914061)	(65.0, 0.03340665750069235)	(66.0, 0.024374890163371615)	(67.0, 0.012677119214432112)	(68.0, 0.005059966038378482)	(69.0, 0.0020131047679570304)	(70.0, 0.0016866553461261607)	(71.0, 0.0009793482654926093)	(72.0, 0.0007073070806335513)	(73.0, 0.00043526589577449305)	(74.0, 0.0006528988436617396)	(75.0, 0.0004896741327463047)	(76.0, 0.0001632247109154349)	(77.0, 0.0)	(78.0, 5.440823697181163e-05)	(79.0, 0.00010881647394362326)	(80.0, 0.00010881647394362326)	(81.0, 0.00010881647394362326)	(82.0, 5.440823697181163e-05)	(83.0, 0.0001632247109154349)	(84.0, 0.00010881647394362326)	(85.0, 0.0)	(86.0, 0.0001632247109154349)	(87.0, 5.440823697181163e-05)	(88.0, 0.0)	(89.0, 5.440823697181163e-05)	(90.0, 5.440823697181163e-05)	(91.0, 5.440823697181163e-05)	(92.0, 5.440823697181163e-05)	(93.0, 0.00010881647394362326)	(94.0, 0.0)	(95.0, 0.0)	(96.0, 0.0)	(97.0, 0.0)	(98.0, 0.0)	(99.0, 0.0)	(100.0, 0.0)
SRR6419028_1	(0.0, 0.0)	(1.0, 0.0)	(2.0, 0.0)	(3.0, 0.0)	(4.0, 0.0)	(5.0, 0.0)	(6.0, 0.0)	(7.0, 0.0)	(8.0, 0.0)	(9.0, 0.0)	(10.0, 0.0)	(11.0, 0.0)	(12.0, 0.0)	(13.0, 0.0)	(14.0, 0.0)	(15.0, 0.0)	(16.0, 0.0)	(17.0, 0.0)	(18.0, 0.0)	(19.0, 0.0)	(20.0, 0.0)	(21.0, 0.0)	(22.0, 0.0)	(23.0, 0.0)	(24.0, 0.0)	(25.0, 0.0)	(26.0, 0.0)	(27.0, 0.0)	(28.0, 0.0)	(29.0, 0.0)	(30.0, 0.0)	(31.0, 0.0)	(32.0, 5.843927399721128e-05)	(33.0, 0.0005843927399721128)	(34.0, 0.001051906931949803)	(35.0, 0.0002921963699860564)	(36.0, 0.0008181498359609578)	(37.0, 0.004441384823788057)	(38.0, 0.026589869668731135)	(39.0, 0.012272247539414369)	(40.0, 0.002921963699860564)	(41.0, 0.005201095385751803)	(42.0, 0.024544495078828738)	(43.0, 0.07451007434644438)	(44.0, 0.18566157348914022)	(45.0, 0.7060048691603095)	(46.0, 0.603560821843198)	(47.0, 0.5090645157897075)	(48.0, 1.1229106498564148)	(49.0, 3.1283127763447167)	(50.0, 12.851965137466703)	(51.0, 23.86198279781531)	(52.0, 19.74622160873971)	(53.0, 11.64396690467035)	(54.0, 6.976597408335077)	(55.0, 6.816765993952704)	(56.0, 5.652071263188283)	(57.0, 2.886549499818254)	(58.0, 1.7459901892146814)	(59.0, 0.606891860461039)	(60.0, 0.2824370112285221)	(61.0, 0.16047424639634217)	(62.0, 0.1611755176843087)	(63.0, 0.1201511473382664)	(64.0, 0.03331038617841043)	(65.0, 0.016888950185194058)	(66.0, 0.015720164705249836)	(67.0, 0.005201095385751803)	(68.0, 0.004324506275793634)	(69.0, 0.001460981849930282)	(70.0, 0.0007012712879665353)	(71.0, 0.00011687854799442256)	(72.0, 5.843927399721128e-05)	(73.0, 0.0)	(74.0, 0.0)	(75.0, 5.843927399721128e-05)	(76.0, 5.843927399721128e-05)	(77.0, 0.0)	(78.0, 0.0)	(79.0, 0.0)	(80.0, 0.0)	(81.0, 0.0)	(82.0, 0.0)	(83.0, 0.0)	(84.0, 5.843927399721128e-05)	(85.0, 0.0)	(86.0, 0.0)	(87.0, 0.0)	(88.0, 0.0)	(89.0, 0.0)	(90.0, 0.0)	(91.0, 0.0)	(92.0, 0.0)	(93.0, 0.0)	(94.0, 0.0)	(95.0, 0.0)	(96.0, 0.0)	(97.0, 0.0)	(98.0, 0.0)	(99.0, 0.0)	(100.0, 0.0)
SRR6419028_2	(0.0, 0.0)	(1.0, 0.0)	(2.0, 0.0)	(3.0, 0.0)	(4.0, 0.0)	(5.0, 0.0)	(6.0, 0.0)	(7.0, 0.0)	(8.0, 0.0)	(9.0, 0.0)	(10.0, 0.0)	(11.0, 0.0)	(12.0, 0.0)	(13.0, 0.0)	(14.0, 0.0)	(15.0, 0.0)	(16.0, 0.0)	(17.0, 0.0)	(18.0, 0.0)	(19.0, 0.0)	(20.0, 5.80900907599578e-05)	(21.0, 0.0)	(22.0, 5.80900907599578e-05)	(23.0, 0.0001161801815199156)	(24.0, 0.0001742702722798734)	(25.0, 0.0002323603630398312)	(26.0, 0.0003485405445597468)	(27.0, 0.0002323603630398312)	(28.0, 0.0004647207260796624)	(29.0, 0.0002323603630398312)	(30.0, 0.0001742702722798734)	(31.0, 0.0002323603630398312)	(32.0, 0.0004647207260796624)	(33.0, 0.0007551711798794514)	(34.0, 0.0006389909983595359)	(35.0, 0.0009294414521593248)	(36.0, 0.0007551711798794514)	(37.0, 0.0010456216336792404)	(38.0, 0.0017427027227987341)	(39.0, 0.0019750630858385654)	(40.0, 0.0034273153548375107)	(41.0, 0.005228108168396202)	(42.0, 0.009526774884633079)	(43.0, 0.0163814055943081)	(44.0, 0.02404929757462253)	(45.0, 0.03892036080917173)	(46.0, 0.08283646942369982)	(47.0, 0.11629636170143551)	(48.0, 0.16398832621536086)	(49.0, 0.3250721478927239)	(50.0, 1.095927652277364)	(51.0, 2.063708564338261)	(52.0, 5.340280133653681)	(53.0, 18.247607850062504)	(54.0, 20.658578976963792)	(55.0, 14.065411765799343)	(56.0, 9.831283140396778)	(57.0, 10.459178931421162)	(58.0, 9.795673914760924)	(59.0, 5.187154654410432)	(60.0, 1.6006724508906371)	(61.0, 0.5119479698675081)	(62.0, 0.18042782190042894)	(63.0, 0.07813117207214325)	(64.0, 0.03438933372989502)	(65.0, 0.021725693944224217)	(66.0, 0.014057801963909789)	(67.0, 0.0068546307096750215)	(68.0, 0.00424057662547692)	(69.0, 0.0016846126320387762)	(70.0, 0.0009875315429192827)	(71.0, 0.0010456216336792404)	(72.0, 0.000290450453799789)	(73.0, 0.000290450453799789)	(74.0, 0.0003485405445597468)	(75.0, 0.000290450453799789)	(76.0, 0.0003485405445597468)	(77.0, 0.0001742702722798734)	(78.0, 0.0001161801815199156)	(79.0, 5.80900907599578e-05)	(80.0, 0.0001161801815199156)	(81.0, 0.0001161801815199156)	(82.0, 5.80900907599578e-05)	(83.0, 0.0001161801815199156)	(84.0, 0.0)	(85.0, 0.0)	(86.0, 5.80900907599578e-05)	(87.0, 0.0)	(88.0, 0.0)	(89.0, 5.80900907599578e-05)	(90.0, 5.80900907599578e-05)	(91.0, 0.0)	(92.0, 0.0)	(93.0, 0.0)	(94.0, 5.80900907599578e-05)	(95.0, 5.80900907599578e-05)	(96.0, 0.0)	(97.0, 0.0)	(98.0, 5.80900907599578e-05)	(99.0, 0.0)	(100.0, 0.0)
SRR6419029_1	(0.0, 0.0)	(1.0, 0.0)	(2.0, 0.0)	(3.0, 0.0)	(4.0, 0.0)	(5.0, 0.0)	(6.0, 0.0)	(7.0, 0.0)	(8.0, 0.0)	(9.0, 0.0)	(10.0, 0.0)	(11.0, 0.0)	(12.0, 0.0)	(13.0, 0.0)	(14.0, 0.0)	(15.0, 0.0)	(16.0, 0.0)	(17.0, 0.0)	(18.0, 0.0)	(19.0, 0.0)	(20.0, 0.0)	(21.0, 0.0)	(22.0, 0.0)	(23.0, 0.0)	(24.0, 0.0)	(25.0, 0.0)	(26.0, 0.0)	(27.0, 0.0)	(28.0, 4.944982128834586e-05)	(29.0, 4.944982128834586e-05)	(30.0, 0.0)	(31.0, 0.0)	(32.0, 4.944982128834586e-05)	(33.0, 9.889964257669172e-05)	(34.0, 4.944982128834586e-05)	(35.0, 0.0002966989277300752)	(36.0, 0.0017307437450921053)	(37.0, 0.005785629090736466)	(38.0, 0.010335012649264286)	(39.0, 0.004252684630797744)	(40.0, 0.0046977330223928575)	(41.0, 0.0173568872722094)	(42.0, 0.07902081441877669)	(43.0, 0.21184303439927368)	(44.0, 0.36157709326038495)	(45.0, 1.4590169771126447)	(46.0, 1.4671761976252218)	(47.0, 0.9564089935378973)	(48.0, 1.5515375927431398)	(49.0, 2.816711270405469)	(50.0, 6.996160715875173)	(51.0, 13.467807177344863)	(52.0, 14.326008825804104)	(53.0, 11.456880744832988)	(54.0, 8.362706527178611)	(55.0, 9.612995808633148)	(56.0, 12.302274889578548)	(57.0, 7.052582961965176)	(58.0, 2.875111509347005)	(59.0, 1.4128308440293298)	(60.0, 1.0345397111734838)	(61.0, 0.8411909099360515)	(62.0, 0.5981450383038316)	(63.0, 0.3540607204245564)	(64.0, 0.12392125214859473)	(65.0, 0.054394803417180455)	(66.0, 0.036147819361780825)	(67.0, 0.03911480863908158)	(68.0, 0.06290017267877594)	(69.0, 0.027543550457608645)	(70.0, 0.009642715151227443)	(71.0, 0.0035109373114725565)	(72.0, 0.0009889964257669172)	(73.0, 0.0002966989277300752)	(74.0, 4.944982128834586e-05)	(75.0, 0.0)	(76.0, 0.0)	(77.0, 0.0)	(78.0, 0.0)	(79.0, 4.944982128834586e-05)	(80.0, 4.944982128834586e-05)	(81.0, 0.0)	(82.0, 0.0)	(83.0, 0.0)	(84.0, 0.0)	(85.0, 0.0)	(86.0, 0.0)	(87.0, 4.944982128834586e-05)	(88.0, 0.0)	(89.0, 0.0)	(90.0, 0.0)	(91.0, 0.0)	(92.0, 0.0)	(93.0, 0.0)	(94.0, 0.0)	(95.0, 0.0)	(96.0, 0.0)	(97.0, 0.0)	(98.0, 0.0)	(99.0, 0.0)	(100.0, 0.0)
SRR6419029_2	(0.0, 0.0)	(1.0, 0.0)	(2.0, 0.0)	(3.0, 0.0)	(4.0, 0.0)	(5.0, 0.0)	(6.0, 0.0)	(7.0, 0.0)	(8.0, 0.0)	(9.0, 0.0)	(10.0, 0.0)	(11.0, 0.0)	(12.0, 0.0)	(13.0, 0.0)	(14.0, 0.0)	(15.0, 0.0)	(16.0, 0.0)	(17.0, 0.0)	(18.0, 0.0)	(19.0, 0.0)	(20.0, 0.0)	(21.0, 0.0)	(22.0, 0.0)	(23.0, 0.0)	(24.0, 0.0)	(25.0, 0.0)	(26.0, 0.0)	(27.0, 0.0)	(28.0, 0.0)	(29.0, 0.0)	(30.0, 0.0)	(31.0, 0.0)	(32.0, 0.0)	(33.0, 0.0)	(34.0, 0.0)	(35.0, 0.0001478431167694505)	(36.0, 4.9281038923150156e-05)	(37.0, 0.0002464051946157508)	(38.0, 0.00034496727246205114)	(39.0, 0.0004928103892315016)	(40.0, 0.0010841828563093036)	(41.0, 0.0025626140240038084)	(42.0, 0.004977384931238167)	(43.0, 0.006899345449241022)	(44.0, 0.015326403105099699)	(45.0, 0.0444022160697583)	(46.0, 0.11743671575386684)	(47.0, 0.16686559779378646)	(48.0, 0.35324648700114036)	(49.0, 0.6053190010930534)	(50.0, 1.236609109698607)	(51.0, 1.7276453815288755)	(52.0, 4.284493523978675)	(53.0, 13.205199346730549)	(54.0, 15.905997403874869)	(55.0, 17.612796905939252)	(56.0, 17.29375145995078)	(57.0, 12.084351397462422)	(58.0, 6.95483589906849)	(59.0, 4.0467125111744755)	(60.0, 2.3978182298447943)	(61.0, 0.972758427304061)	(62.0, 0.41859314461323743)	(63.0, 0.20101735776752952)	(64.0, 0.10984743575970173)	(65.0, 0.08047593656150422)	(66.0, 0.06717005605225367)	(67.0, 0.036566530880977416)	(68.0, 0.018332546479411863)	(69.0, 0.010201175057092084)	(70.0, 0.0041888883084677635)	(71.0, 0.0026118950629269587)	(72.0, 0.0019219605180028564)	(73.0, 0.0017741174012334058)	(74.0, 0.0008870587006167029)	(75.0, 0.0011334638952324536)	(76.0, 0.0005420914281546518)	(77.0, 0.00039424831138520124)	(78.0, 0.0001478431167694505)	(79.0, 0.00034496727246205114)	(80.0, 9.856207784630031e-05)	(81.0, 0.0001478431167694505)	(82.0, 0.0001478431167694505)	(83.0, 9.856207784630031e-05)	(84.0, 4.9281038923150156e-05)	(85.0, 9.856207784630031e-05)	(86.0, 0.0001478431167694505)	(87.0, 0.00019712415569260062)	(88.0, 0.0002464051946157508)	(89.0, 9.856207784630031e-05)	(90.0, 9.856207784630031e-05)	(91.0, 0.0)	(92.0, 4.9281038923150156e-05)	(93.0, 0.0)	(94.0, 0.0)	(95.0, 0.0)	(96.0, 0.0)	(97.0, 0.0)	(98.0, 0.0)	(99.0, 0.0)	(100.0, 0.0)
SRR6419030_1	(0.0, 0.0)	(1.0, 0.0)	(2.0, 0.0)	(3.0, 0.0)	(4.0, 0.0)	(5.0, 0.0)	(6.0, 0.0)	(7.0, 0.0)	(8.0, 0.0)	(9.0, 0.0)	(10.0, 0.0)	(11.0, 0.0)	(12.0, 0.0)	(13.0, 0.0)	(14.0, 0.0)	(15.0, 0.0)	(16.0, 0.0)	(17.0, 0.0)	(18.0, 0.0)	(19.0, 0.0)	(20.0, 0.0)	(21.0, 0.0)	(22.0, 0.0)	(23.0, 0.0)	(24.0, 0.0)	(25.0, 0.0)	(26.0, 0.0)	(27.0, 0.0)	(28.0, 0.0)	(29.0, 0.0)	(30.0, 0.0)	(31.0, 0.0)	(32.0, 0.0)	(33.0, 5.414478315014348e-05)	(34.0, 0.0)	(35.0, 0.00016243434945043044)	(36.0, 0.0009204613135524392)	(37.0, 0.0029238182901077485)	(38.0, 0.006822242676918078)	(39.0, 0.0037901348205100437)	(40.0, 0.0034652661216091826)	(41.0, 0.011316259678379988)	(42.0, 0.05344090096919162)	(43.0, 0.16979803995884996)	(44.0, 0.34977529914992694)	(45.0, 0.8155828685906114)	(46.0, 0.678867291136499)	(47.0, 0.8382153879473713)	(48.0, 1.9061670908008013)	(49.0, 3.9343223780388756)	(50.0, 8.688071904272023)	(51.0, 16.820455899074123)	(52.0, 18.33499377334994)	(53.0, 12.526287292219395)	(54.0, 8.582164708430343)	(55.0, 7.945963506416157)	(56.0, 7.927554280145108)	(57.0, 4.478369159131518)	(58.0, 1.9487248903568142)	(59.0, 1.1030916671178732)	(60.0, 0.9963181547457902)	(61.0, 0.8108722724565488)	(62.0, 0.55092316855271)	(63.0, 0.2967134116627863)	(64.0, 0.10330824625047377)	(65.0, 0.04255779955601278)	(66.0, 0.02685581244247117)	(67.0, 0.013427906221235585)	(68.0, 0.014835670583139315)	(69.0, 0.008554875737722671)	(70.0, 0.002707239157507174)	(71.0, 0.0008663165304022957)	(72.0, 0.00016243434945043044)	(73.0, 0.00010828956630028696)	(74.0, 0.00021657913260057391)	(75.0, 0.00016243434945043044)	(76.0, 5.414478315014348e-05)	(77.0, 5.414478315014348e-05)	(78.0, 0.0)	(79.0, 0.0)	(80.0, 0.0)	(81.0, 0.0)	(82.0, 0.0)	(83.0, 0.0)	(84.0, 0.0)	(85.0, 0.0)	(86.0, 0.0)	(87.0, 0.0)	(88.0, 0.0)	(89.0, 0.0)	(90.0, 0.0)	(91.0, 0.0)	(92.0, 0.0)	(93.0, 0.0)	(94.0, 0.0)	(95.0, 0.0)	(96.0, 0.0)	(97.0, 0.0)	(98.0, 0.0)	(99.0, 0.0)	(100.0, 0.0)
SRR6419030_2	(0.0, 0.0)	(1.0, 0.0)	(2.0, 0.0)	(3.0, 0.0)	(4.0, 0.0)	(5.0, 0.0)	(6.0, 0.0)	(7.0, 0.0)	(8.0, 0.0)	(9.0, 0.0)	(10.0, 0.0)	(11.0, 0.0)	(12.0, 0.0)	(13.0, 0.0)	(14.0, 0.0)	(15.0, 0.0)	(16.0, 0.0)	(17.0, 0.0)	(18.0, 0.0)	(19.0, 0.0)	(20.0, 0.0)	(21.0, 0.0)	(22.0, 0.0)	(23.0, 0.0)	(24.0, 0.0)	(25.0, 0.0)	(26.0, 0.0)	(27.0, 0.0)	(28.0, 0.0)	(29.0, 0.0)	(30.0, 0.0)	(31.0, 0.0)	(32.0, 0.0)	(33.0, 0.0)	(34.0, 0.0)	(35.0, 0.0)	(36.0, 0.0)	(37.0, 0.00016178629324952086)	(38.0, 0.0003235725864990417)	(39.0, 0.0003235725864990417)	(40.0, 0.0009707177594971251)	(41.0, 0.0018875067545777431)	(42.0, 0.0030200108073243893)	(43.0, 0.005231090148401174)	(44.0, 0.011271111763049952)	(45.0, 0.03073939571740896)	(46.0, 0.0714556128518717)	(47.0, 0.1009007182232845)	(48.0, 0.20465966096064386)	(49.0, 0.4146043408341054)	(50.0, 0.9644080940603937)	(51.0, 1.592192840632951)	(52.0, 4.672711721632661)	(53.0, 15.964208557632054)	(54.0, 17.03075773149731)	(55.0, 13.655949583076724)	(56.0, 12.840924166450051)	(57.0, 11.711871554626063)	(58.0, 8.781544282526326)	(59.0, 6.0109000818638645)	(60.0, 3.4645456124096556)	(61.0, 1.3645595260308754)	(62.0, 0.5612366512825878)	(63.0, 0.2505530394790913)	(64.0, 0.1227418678119698)	(65.0, 0.06471451729980833)	(66.0, 0.04136336230746083)	(67.0, 0.02227257970401737)	(68.0, 0.014183265041541328)	(69.0, 0.007118596902978917)	(70.0, 0.003936799802405007)	(71.0, 0.0026964382208253474)	(72.0, 0.0016717916969117153)	(73.0, 0.001186432817163153)	(74.0, 0.0009707177594971251)	(75.0, 0.001186432817163153)	(76.0, 0.0008628602306641112)	(77.0, 0.0005392876441650695)	(78.0, 0.00048535887974856254)	(79.0, 0.00016178629324952086)	(80.0, 0.0003235725864990417)	(81.0, 0.00026964382208253477)	(82.0, 0.0002157150576660278)	(83.0, 5.392876441650695e-05)	(84.0, 0.00016178629324952086)	(85.0, 5.392876441650695e-05)	(86.0, 5.392876441650695e-05)	(87.0, 0.0)	(88.0, 0.0001078575288330139)	(89.0, 0.0001078575288330139)	(90.0, 0.0002157150576660278)	(91.0, 0.0001078575288330139)	(92.0, 0.0001078575288330139)	(93.0, 5.392876441650695e-05)	(94.0, 5.392876441650695e-05)	(95.0, 5.392876441650695e-05)	(96.0, 0.0)	(97.0, 0.0)	(98.0, 5.392876441650695e-05)	(99.0, 0.0)	(100.0, 0.0)
SRR6419031_1	(0.0, 0.0)	(1.0, 0.0)	(2.0, 0.0)	(3.0, 0.0)	(4.0, 0.0)	(5.0, 0.0)	(6.0, 0.0)	(7.0, 0.0)	(8.0, 0.0)	(9.0, 0.0)	(10.0, 0.0)	(11.0, 0.0)	(12.0, 0.0)	(13.0, 0.0)	(14.0, 0.0)	(15.0, 0.0)	(16.0, 0.0)	(17.0, 0.0)	(18.0, 0.0)	(19.0, 0.0)	(20.0, 0.0)	(21.0, 0.0)	(22.0, 0.0)	(23.0, 0.0)	(24.0, 0.0)	(25.0, 0.0)	(26.0, 0.0)	(27.0, 0.0)	(28.0, 0.0)	(29.0, 0.0)	(30.0, 0.0)	(31.0, 0.0)	(32.0, 0.0)	(33.0, 0.0)	(34.0, 5.2306425687476436e-05)	(35.0, 0.00015691927706242928)	(36.0, 0.00020922570274990574)	(37.0, 0.00031383855412485856)	(38.0, 0.0006276771082497171)	(39.0, 0.0005230642568747642)	(40.0, 0.0010984349394370049)	(41.0, 0.0024060955816239157)	(42.0, 0.005282948994435119)	(43.0, 0.009833608029245568)	(44.0, 0.01741803975392965)	(45.0, 0.03917751283991985)	(46.0, 0.09148393852739628)	(47.0, 0.1502240545744323)	(48.0, 0.3011280926828018)	(49.0, 0.43592175167942854)	(50.0, 0.8748249696230432)	(51.0, 2.261311395320981)	(52.0, 4.945467935899521)	(53.0, 10.199753009057904)	(54.0, 12.694403369370717)	(55.0, 14.293724641190996)	(56.0, 16.055509671196578)	(57.0, 15.447709004708102)	(58.0, 9.666070547768582)	(59.0, 5.415231944998747)	(60.0, 3.2248480629099845)	(61.0, 1.5470671525584905)	(62.0, 0.7323422660503575)	(63.0, 0.3606004986894625)	(64.0, 0.26294440193094404)	(65.0, 0.4322079954556178)	(66.0, 0.32011532520735575)	(67.0, 0.11768945779682197)	(68.0, 0.044617381111417394)	(69.0, 0.01830724899061675)	(70.0, 0.009728995177870617)	(71.0, 0.005282948994435119)	(72.0, 0.003347611243998492)	(73.0, 0.0024060955816239157)	(74.0, 0.0012553542164994342)	(75.0, 0.0012553542164994342)	(76.0, 0.0007322899596246701)	(77.0, 0.0008892092366870994)	(78.0, 0.0005230642568747642)	(79.0, 0.0006799835339371936)	(80.0, 0.0006799835339371936)	(81.0, 0.0004184514054998115)	(82.0, 0.00036614497981233505)	(83.0, 0.0004184514054998115)	(84.0, 0.00031383855412485856)	(85.0, 0.00036614497981233505)	(86.0, 5.2306425687476436e-05)	(87.0, 0.00015691927706242928)	(88.0, 5.2306425687476436e-05)	(89.0, 5.2306425687476436e-05)	(90.0, 0.00010461285137495287)	(91.0, 5.2306425687476436e-05)	(92.0, 5.2306425687476436e-05)	(93.0, 0.0)	(94.0, 5.2306425687476436e-05)	(95.0, 5.2306425687476436e-05)	(96.0, 0.0)	(97.0, 5.2306425687476436e-05)	(98.0, 5.2306425687476436e-05)	(99.0, 0.0)	(100.0, 0.0)
SRR6419031_2	(0.0, 0.0)	(1.0, 0.0)	(2.0, 0.0)	(3.0, 0.0)	(4.0, 0.0)	(5.0, 0.0)	(6.0, 0.0)	(7.0, 0.0)	(8.0, 0.0)	(9.0, 0.0)	(10.0, 0.0)	(11.0, 0.0)	(12.0, 0.0)	(13.0, 0.0)	(14.0, 0.0)	(15.0, 0.0)	(16.0, 0.0)	(17.0, 0.0)	(18.0, 0.0)	(19.0, 0.0)	(20.0, 0.0)	(21.0, 0.0)	(22.0, 0.0)	(23.0, 0.0)	(24.0, 0.0)	(25.0, 0.0)	(26.0, 0.0)	(27.0, 0.0)	(28.0, 0.0)	(29.0, 0.0)	(30.0, 0.0)	(31.0, 0.0)	(32.0, 0.0)	(33.0, 0.0)	(34.0, 5.216514022772171e-05)	(35.0, 0.0001564954206831651)	(36.0, 0.0005216514022772171)	(37.0, 0.0010433028045544342)	(38.0, 0.0010954679447821559)	(39.0, 0.0013562936459207643)	(40.0, 0.003442899255029632)	(41.0, 0.013771597020118528)	(42.0, 0.07287470089812721)	(43.0, 0.19655824837805538)	(44.0, 0.2439763608450544)	(45.0, 0.4799714552352674)	(46.0, 0.845179601969547)	(47.0, 0.6977609156860055)	(48.0, 1.328072305057567)	(49.0, 2.3086204459180517)	(50.0, 4.52892530943057)	(51.0, 8.367236327386333)	(52.0, 9.975748426308133)	(53.0, 12.372788784912172)	(54.0, 11.081805894556515)	(55.0, 10.793332669097214)	(56.0, 11.960319021131577)	(57.0, 8.888626903962411)	(58.0, 5.197317251168369)	(59.0, 2.985097984391147)	(60.0, 2.249673837460726)	(61.0, 2.0389266709407305)	(62.0, 1.507416057160474)	(63.0, 0.7959357095945777)	(64.0, 0.5917091856030472)	(65.0, 0.23056991980652994)	(66.0, 0.08216009585866169)	(67.0, 0.04804409414973169)	(68.0, 0.06927530622241442)	(69.0, 0.027699689460920225)	(70.0, 0.008346422436435474)	(71.0, 0.0021387707493365896)	(72.0, 0.0010433028045544342)	(73.0, 0.00046948626204949535)	(74.0, 0.0003651559815940519)	(75.0, 0.0003129908413663302)	(76.0, 0.00020866056091088683)	(77.0, 5.216514022772171e-05)	(78.0, 0.0)	(79.0, 0.0)	(80.0, 0.0)	(81.0, 0.0)	(82.0, 0.0)	(83.0, 0.0)	(84.0, 0.0)	(85.0, 0.0)	(86.0, 0.0)	(87.0, 0.0)	(88.0, 0.0)	(89.0, 0.0)	(90.0, 0.0)	(91.0, 0.0)	(92.0, 0.0)	(93.0, 0.0)	(94.0, 0.0)	(95.0, 0.0)	(96.0, 0.0)	(97.0, 0.0)	(98.0, 0.0)	(99.0, 0.0)	(100.0, 0.0)
SRR6419032_1	(0.0, 0.0)	(1.0, 0.0)	(2.0, 0.0)	(3.0, 0.0)	(4.0, 0.0)	(5.0, 0.0)	(6.0, 0.0)	(7.0, 0.0)	(8.0, 0.0)	(9.0, 0.0)	(10.0, 0.0)	(11.0, 0.0)	(12.0, 0.0)	(13.0, 0.0)	(14.0, 0.0)	(15.0, 0.0)	(16.0, 0.0)	(17.0, 0.0)	(18.0, 0.0)	(19.0, 0.0)	(20.0, 0.0)	(21.0, 0.0)	(22.0, 0.0)	(23.0, 0.0)	(24.0, 0.0)	(25.0, 0.0)	(26.0, 0.0)	(27.0, 0.0)	(28.0, 0.0)	(29.0, 0.0)	(30.0, 0.0)	(31.0, 0.0)	(32.0, 0.0)	(33.0, 0.0)	(34.0, 5.869912180243871e-05)	(35.0, 5.869912180243871e-05)	(36.0, 0.0)	(37.0, 0.00023479648720975483)	(38.0, 0.00029349560901219355)	(39.0, 0.0003521947308146323)	(40.0, 0.0009391859488390193)	(41.0, 0.0023479648720975484)	(42.0, 0.0037567437953560773)	(43.0, 0.0076308858343170334)	(44.0, 0.012502912943919448)	(45.0, 0.02277525925934622)	(46.0, 0.04983555441027047)	(47.0, 0.12637920924065055)	(48.0, 0.33123914433116164)	(49.0, 0.5093322798797607)	(50.0, 0.8690404982851051)	(51.0, 1.8216098468950805)	(52.0, 5.2014465811576995)	(53.0, 14.511538192877097)	(54.0, 17.26182684580856)	(55.0, 15.82129169765491)	(56.0, 14.440923149348764)	(57.0, 12.228670646858452)	(58.0, 7.950561251653114)	(59.0, 4.434249059199826)	(60.0, 2.428030474236075)	(61.0, 1.0130294440664873)	(62.0, 0.4343735013380465)	(63.0, 0.2060339175265599)	(64.0, 0.11416979190574329)	(65.0, 0.07067374265013622)	(66.0, 0.05171392630794851)	(67.0, 0.030817038946280323)	(68.0, 0.015496568155843821)	(69.0, 0.008276576174143858)	(70.0, 0.005224221840417045)	(71.0, 0.0032871508209365683)	(72.0, 0.0021718675066902324)	(73.0, 0.0014087789232585292)	(74.0, 0.0008804868270365807)	(75.0, 0.0008217877052341421)	(76.0, 0.0006456903398268258)	(77.0, 0.0008804868270365807)	(78.0, 0.0005869912180243871)	(79.0, 0.0003521947308146323)	(80.0, 0.00029349560901219355)	(81.0, 0.00011739824360487742)	(82.0, 0.00017609736540731615)	(83.0, 0.00011739824360487742)	(84.0, 0.00023479648720975483)	(85.0, 0.00029349560901219355)	(86.0, 0.00011739824360487742)	(87.0, 0.00011739824360487742)	(88.0, 0.00011739824360487742)	(89.0, 0.00011739824360487742)	(90.0, 0.00011739824360487742)	(91.0, 5.869912180243871e-05)	(92.0, 0.00011739824360487742)	(93.0, 0.0)	(94.0, 5.869912180243871e-05)	(95.0, 5.869912180243871e-05)	(96.0, 0.00011739824360487742)	(97.0, 0.0)	(98.0, 0.0)	(99.0, 0.0)	(100.0, 0.0)
SRR6419032_2	(0.0, 0.0)	(1.0, 0.0)	(2.0, 0.0)	(3.0, 0.0)	(4.0, 0.0)	(5.0, 0.0)	(6.0, 0.0)	(7.0, 0.0)	(8.0, 0.0)	(9.0, 0.0)	(10.0, 0.0)	(11.0, 0.0)	(12.0, 0.0)	(13.0, 0.0)	(14.0, 0.0)	(15.0, 0.0)	(16.0, 0.0)	(17.0, 0.0)	(18.0, 0.0)	(19.0, 0.0)	(20.0, 0.0)	(21.0, 0.0)	(22.0, 0.0)	(23.0, 0.0)	(24.0, 0.0)	(25.0, 0.0)	(26.0, 0.0)	(27.0, 0.0)	(28.0, 0.0)	(29.0, 0.0)	(30.0, 0.0)	(31.0, 0.0)	(32.0, 0.0)	(33.0, 0.0)	(34.0, 0.00011744084651362166)	(35.0, 0.0005284838093112975)	(36.0, 0.0015854514279338926)	(37.0, 0.005226117669856164)	(38.0, 0.005460999362883408)	(39.0, 0.0023488169302724334)	(40.0, 0.003229623279124596)	(41.0, 0.010745837455996382)	(42.0, 0.04069325331696991)	(43.0, 0.12818668396961808)	(44.0, 0.24351359524599453)	(45.0, 0.6629535785693944)	(46.0, 1.0879132816789343)	(47.0, 0.9041770773083732)	(48.0, 1.5208002419281437)	(49.0, 3.0963866387548924)	(50.0, 6.5341738183248825)	(51.0, 12.668402833847626)	(52.0, 16.899033168231075)	(53.0, 13.389019868055211)	(54.0, 9.432379028588038)	(55.0, 8.00277160397772)	(56.0, 9.625040737293634)	(57.0, 6.985792593593014)	(58.0, 3.5323270610134556)	(59.0, 1.5717695693150555)	(60.0, 1.2809860333473284)	(61.0, 1.0893225718370978)	(62.0, 0.6715854807881455)	(63.0, 0.3051113192423891)	(64.0, 0.1138001802716994)	(65.0, 0.055490799977686245)	(66.0, 0.034234006758720716)	(67.0, 0.02800964189349877)	(68.0, 0.0406345328937131)	(69.0, 0.016676600204934278)	(70.0, 0.005989483172194705)	(71.0, 0.0019964943907315683)	(72.0, 0.0007633655023385409)	(73.0, 0.0004110429627976758)	(74.0, 0.00011744084651362166)	(75.0, 0.0001761612697704325)	(76.0, 0.00011744084651362166)	(77.0, 0.0)	(78.0, 0.0)	(79.0, 0.0)	(80.0, 0.0)	(81.0, 0.0)	(82.0, 0.0)	(83.0, 0.0)	(84.0, 0.0)	(85.0, 0.0)	(86.0, 0.0)	(87.0, 0.0)	(88.0, 0.0)	(89.0, 0.0)	(90.0, 0.0)	(91.0, 0.0)	(92.0, 0.0)	(93.0, 0.0)	(94.0, 0.0)	(95.0, 0.0)	(96.0, 0.0)	(97.0, 0.0)	(98.0, 0.0)	(99.0, 0.0)	(100.0, 0.0)
SRR6419033_1	(0.0, 0.0)	(1.0, 0.0)	(2.0, 0.0)	(3.0, 0.0)	(4.0, 0.0)	(5.0, 0.0)	(6.0, 0.0)	(7.0, 0.0)	(8.0, 0.0)	(9.0, 0.0)	(10.0, 0.0)	(11.0, 0.0)	(12.0, 0.0)	(13.0, 0.0)	(14.0, 0.0)	(15.0, 0.0)	(16.0, 0.0)	(17.0, 0.0)	(18.0, 0.0)	(19.0, 0.0)	(20.0, 0.0)	(21.0, 0.0)	(22.0, 0.0)	(23.0, 0.0)	(24.0, 0.0)	(25.0, 0.0)	(26.0, 0.0)	(27.0, 0.0)	(28.0, 0.00011611124850942185)	(29.0, 0.00011611124850942185)	(30.0, 0.0001741668727641328)	(31.0, 0.00011611124850942185)	(32.0, 5.8055624254710924e-05)	(33.0, 0.0)	(34.0, 0.0002322224970188437)	(35.0, 0.0017997243518960385)	(36.0, 0.007895564898640685)	(37.0, 0.028853645254591328)	(38.0, 0.04272893945146724)	(39.0, 0.012714181711781692)	(40.0, 0.007256953031838865)	(41.0, 0.01625557479131906)	(42.0, 0.0589845142427863)	(43.0, 0.17846298895898138)	(44.0, 0.5128633846661163)	(45.0, 1.4689234048926958)	(46.0, 1.3842783047293272)	(47.0, 1.0890654553941221)	(48.0, 2.621908102591255)	(49.0, 6.61938616627363)	(50.0, 6.860665340676208)	(51.0, 11.111498148606143)	(52.0, 10.867432304239339)	(53.0, 11.618672082095296)	(54.0, 9.375460816517522)	(55.0, 8.834150175966597)	(56.0, 10.851757285690567)	(57.0, 6.3681214244992415)	(58.0, 2.848383092808882)	(59.0, 1.7895065620272095)	(60.0, 2.0315404595450994)	(61.0, 1.4000113789023538)	(62.0, 0.8978882847233591)	(63.0, 0.5197720039524268)	(64.0, 0.207258578589318)	(65.0, 0.08423871079358554)	(66.0, 0.13939155383556093)	(67.0, 0.09468872315943351)	(68.0, 0.03007281336394026)	(69.0, 0.010972512984140365)	(70.0, 0.003715559952301499)	(71.0, 0.0015675018548771949)	(72.0, 0.0006966674910565311)	(73.0, 0.0001741668727641328)	(74.0, 0.00011611124850942185)	(75.0, 0.0)	(76.0, 0.0)	(77.0, 0.0)	(78.0, 0.0)	(79.0, 0.0)	(80.0, 0.0)	(81.0, 0.0)	(82.0, 0.0)	(83.0, 0.0)	(84.0, 0.0)	(85.0, 5.8055624254710924e-05)	(86.0, 0.0)	(87.0, 0.0)	(88.0, 0.0)	(89.0, 0.0)	(90.0, 0.0)	(91.0, 0.0)	(92.0, 0.0)	(93.0, 0.0)	(94.0, 0.0)	(95.0, 0.0)	(96.0, 0.0)	(97.0, 0.0)	(98.0, 0.0)	(99.0, 0.0)	(100.0, 0.0)
SRR6419033_2	(0.0, 0.0)	(1.0, 0.0)	(2.0, 0.0)	(3.0, 0.0)	(4.0, 0.0)	(5.0, 0.0)	(6.0, 0.0)	(7.0, 0.0)	(8.0, 0.0)	(9.0, 0.0)	(10.0, 0.0)	(11.0, 0.0)	(12.0, 0.0)	(13.0, 0.0)	(14.0, 0.0)	(15.0, 0.0)	(16.0, 0.0)	(17.0, 0.0)	(18.0, 0.0)	(19.0, 0.0)	(20.0, 0.0)	(21.0, 0.0)	(22.0, 0.0)	(23.0, 0.0)	(24.0, 0.0)	(25.0, 0.0)	(26.0, 0.0)	(27.0, 0.0)	(28.0, 0.0)	(29.0, 0.0)	(30.0, 0.0)	(31.0, 5.771428351564634e-05)	(32.0, 0.0)	(33.0, 0.0)	(34.0, 0.0)	(35.0, 0.0)	(36.0, 0.0)	(37.0, 0.00023085713406258536)	(38.0, 0.0005771428351564634)	(39.0, 0.0006348571186721097)	(40.0, 0.0017314285054693904)	(41.0, 0.0037514284285170125)	(42.0, 0.005425142650470756)	(43.0, 0.009811428197659879)	(44.0, 0.0165639993689905)	(45.0, 0.03024228456219868)	(46.0, 0.06579428320783684)	(47.0, 0.12356628100699883)	(48.0, 0.2979788457912821)	(49.0, 0.6873771166713479)	(50.0, 1.9427782117036874)	(51.0, 2.9806541721655555)	(52.0, 4.360371833890597)	(53.0, 11.131642433080287)	(54.0, 14.277821170368718)	(55.0, 16.548070226740183)	(56.0, 16.46484622991062)	(57.0, 12.987791505226992)	(58.0, 7.57170999726819)	(59.0, 4.882051242588524)	(60.0, 3.032019884494481)	(61.0, 1.224293096217406)	(62.0, 0.5398016937218403)	(63.0, 0.27177656107517867)	(64.0, 0.14486285162427232)	(65.0, 0.08830285377893891)	(66.0, 0.0892839965987049)	(67.0, 0.10838742444238385)	(68.0, 0.05909942632002185)	(69.0, 0.02210457058649255)	(70.0, 0.009118856795472122)	(71.0, 0.005021142665861232)	(72.0, 0.002827999892266671)	(73.0, 0.0017891427889850369)	(74.0, 0.0017314285054693904)	(75.0, 0.0015582856549224513)	(76.0, 0.0010388571032816341)	(77.0, 0.0009234285362503415)	(78.0, 0.0008657142527346952)	(79.0, 0.0004617142681251707)	(80.0, 0.00034628570109387804)	(81.0, 0.0002885714175782317)	(82.0, 0.0002885714175782317)	(83.0, 0.0005771428351564634)	(84.0, 0.00023085713406258536)	(85.0, 0.00023085713406258536)	(86.0, 0.00011542856703129268)	(87.0, 0.00011542856703129268)	(88.0, 0.00011542856703129268)	(89.0, 0.00011542856703129268)	(90.0, 0.00023085713406258536)	(91.0, 5.771428351564634e-05)	(92.0, 5.771428351564634e-05)	(93.0, 5.771428351564634e-05)	(94.0, 0.00017314285054693902)	(95.0, 5.771428351564634e-05)	(96.0, 0.0)	(97.0, 0.00011542856703129268)	(98.0, 0.0)	(99.0, 0.0)	(100.0, 7.69523780208618e-05)
SRR6419034_1	(0.0, 0.0)	(1.0, 0.0)	(2.0, 0.0)	(3.0, 0.0)	(4.0, 0.0)	(5.0, 0.0)	(6.0, 0.0)	(7.0, 0.0)	(8.0, 0.0)	(9.0, 0.0)	(10.0, 0.0)	(11.0, 0.0)	(12.0, 0.0)	(13.0, 0.0)	(14.0, 0.0)	(15.0, 0.0)	(16.0, 0.0)	(17.0, 0.0)	(18.0, 0.0)	(19.0, 0.0)	(20.0, 0.0)	(21.0, 0.0)	(22.0, 0.0)	(23.0, 0.0)	(24.0, 0.0)	(25.0, 0.0)	(26.0, 0.0)	(27.0, 0.0)	(28.0, 0.0)	(29.0, 0.0)	(30.0, 0.0)	(31.0, 5.247110022977095e-05)	(32.0, 5.247110022977095e-05)	(33.0, 0.0)	(34.0, 0.0)	(35.0, 0.0001049422004595419)	(36.0, 0.0001049422004595419)	(37.0, 0.0002098844009190838)	(38.0, 0.00026235550114885476)	(39.0, 0.001049422004595419)	(40.0, 0.0017315463075824413)	(41.0, 0.003515563715394654)	(42.0, 0.005352052223436637)	(43.0, 0.009129971439980145)	(44.0, 0.015321561267093116)	(45.0, 0.03038076703303738)	(46.0, 0.06616605738974117)	(47.0, 0.13248952808017164)	(48.0, 0.28145498163249133)	(49.0, 0.6467063103319269)	(50.0, 1.9465728763240426)	(51.0, 2.7976016509506976)	(52.0, 5.261539575540282)	(53.0, 12.956951135238489)	(54.0, 14.609213610373747)	(55.0, 16.045767392464416)	(56.0, 16.181037888856764)	(57.0, 12.465349397185765)	(58.0, 7.147770686600088)	(59.0, 4.505745847830661)	(60.0, 2.8011172146660925)	(61.0, 1.0715123377921525)	(62.0, 0.4628475751268095)	(63.0, 0.22252993607445856)	(64.0, 0.12283484563789379)	(65.0, 0.07361695362236864)	(66.0, 0.05336310893367705)	(67.0, 0.034001272948891575)	(68.0, 0.019099480483636626)	(69.0, 0.008867615938831291)	(70.0, 0.005142167822517553)	(71.0, 0.002833439412407631)	(72.0, 0.0015741330068931283)	(73.0, 0.0013117775057442738)	(74.0, 0.0015741330068931283)	(75.0, 0.0011543642050549608)	(76.0, 0.0006821243029870223)	(77.0, 0.0008395376036763352)	(78.0, 0.0008395376036763352)	(79.0, 0.0005247110022977095)	(80.0, 0.0004197688018381676)	(81.0, 0.00015741330068931285)	(82.0, 0.0003148266013786257)	(83.0, 0.00015741330068931285)	(84.0, 0.00015741330068931285)	(85.0, 0.0001049422004595419)	(86.0, 5.247110022977095e-05)	(87.0, 0.0002098844009190838)	(88.0, 5.247110022977095e-05)	(89.0, 0.0001049422004595419)	(90.0, 0.0)	(91.0, 0.0)	(92.0, 0.0001049422004595419)	(93.0, 5.247110022977095e-05)	(94.0, 5.247110022977095e-05)	(95.0, 0.0)	(96.0, 5.247110022977095e-05)	(97.0, 5.247110022977095e-05)	(98.0, 5.247110022977095e-05)	(99.0, 0.0)	(100.0, 0.0)
SRR6419034_2	(0.0, 0.0)	(1.0, 0.0)	(2.0, 0.0)	(3.0, 0.0)	(4.0, 0.0)	(5.0, 0.0)	(6.0, 0.0)	(7.0, 0.0)	(8.0, 0.0)	(9.0, 0.0)	(10.0, 0.0)	(11.0, 0.0)	(12.0, 0.0)	(13.0, 0.0)	(14.0, 0.0)	(15.0, 0.0)	(16.0, 0.0)	(17.0, 0.0)	(18.0, 0.0)	(19.0, 0.0)	(20.0, 0.0)	(21.0, 0.0)	(22.0, 0.0)	(23.0, 0.0)	(24.0, 0.0)	(25.0, 0.0)	(26.0, 0.0)	(27.0, 0.0)	(28.0, 0.0)	(29.0, 0.0)	(30.0, 0.0)	(31.0, 0.0)	(32.0, 0.0)	(33.0, 5.259733531379833e-05)	(34.0, 0.000157792005941395)	(35.0, 0.0013149333828449583)	(36.0, 0.00599609622577301)	(37.0, 0.025404512956564596)	(38.0, 0.030664246487944427)	(39.0, 0.008257781644266339)	(40.0, 0.006101290896400606)	(41.0, 0.010677259068701062)	(42.0, 0.03671294004903124)	(43.0, 0.11881738047387043)	(44.0, 0.3011197446714955)	(45.0, 1.0065552059001588)	(46.0, 1.0580479971723673)	(47.0, 0.8979943058124789)	(48.0, 2.197569266745808)	(49.0, 7.316973107508427)	(50.0, 10.451300916192983)	(51.0, 15.147927375703294)	(52.0, 11.680500642476451)	(53.0, 9.287900456387078)	(54.0, 8.28618420533579)	(55.0, 8.018674157929812)	(56.0, 10.58389879851907)	(57.0, 5.698973878585363)	(58.0, 2.544290901134367)	(59.0, 1.3323431008338256)	(60.0, 1.3909891297087107)	(61.0, 1.173130966838958)	(62.0, 0.7132724641904192)	(63.0, 0.347668386424207)	(64.0, 0.12686477277688157)	(65.0, 0.058961612886767927)	(66.0, 0.038290860108445186)	(67.0, 0.027245419692547537)	(68.0, 0.03860644412032798)	(69.0, 0.01956620873673298)	(70.0, 0.007311029608617969)	(71.0, 0.002103893412551933)	(72.0, 0.0007363626943931767)	(73.0, 0.00036818134719658835)	(74.0, 0.00021038934125519333)	(75.0, 5.259733531379833e-05)	(76.0, 5.259733531379833e-05)	(77.0, 5.259733531379833e-05)	(78.0, 0.0)	(79.0, 0.0)	(80.0, 0.0)	(81.0, 0.0)	(82.0, 0.0)	(83.0, 0.0)	(84.0, 0.0)	(85.0, 0.0)	(86.0, 0.0)	(87.0, 0.0)	(88.0, 0.0)	(89.0, 5.259733531379833e-05)	(90.0, 5.259733531379833e-05)	(91.0, 0.0)	(92.0, 0.0)	(93.0, 0.0)	(94.0, 0.0)	(95.0, 0.0)	(96.0, 0.0)	(97.0, 0.0)	(98.0, 0.0)	(99.0, 0.0)	(100.0, 0.0)
SRR6419035_1	(0.0, 0.0)	(1.0, 0.0)	(2.0, 0.0)	(3.0, 0.0)	(4.0, 0.0)	(5.0, 0.0)	(6.0, 0.0)	(7.0, 0.0)	(8.0, 0.0)	(9.0, 0.0)	(10.0, 0.0)	(11.0, 0.0)	(12.0, 0.0)	(13.0, 0.0)	(14.0, 0.0)	(15.0, 0.0)	(16.0, 0.0)	(17.0, 0.0)	(18.0, 0.0)	(19.0, 0.0)	(20.0, 0.0)	(21.0, 0.0)	(22.0, 0.0)	(23.0, 0.0)	(24.0, 0.0)	(25.0, 0.0)	(26.0, 0.0)	(27.0, 0.0)	(28.0, 0.0)	(29.0, 0.0)	(30.0, 0.0)	(31.0, 0.0)	(32.0, 0.0)	(33.0, 0.0)	(34.0, 6.206758290832556e-05)	(35.0, 0.00012413516581665112)	(36.0, 0.00012413516581665112)	(37.0, 0.0003103379145416278)	(38.0, 0.00055860824617493)	(39.0, 0.0008689461607165579)	(40.0, 0.0018620274872497668)	(41.0, 0.004034392889041161)	(42.0, 0.005524014878840975)	(43.0, 0.01005494843114874)	(44.0, 0.01688238255106455)	(45.0, 0.032461345861054265)	(46.0, 0.06001935267235082)	(47.0, 0.10085982222602903)	(48.0, 0.23101554358478774)	(49.0, 0.5564979483560469)	(50.0, 1.437671422905545)	(51.0, 2.259384153028867)	(52.0, 5.436871992437686)	(53.0, 16.922354074457512)	(54.0, 17.82177541838206)	(55.0, 15.454393671092706)	(56.0, 13.680253881241129)	(57.0, 10.894598692732568)	(58.0, 6.978072143634318)	(59.0, 3.8615346706414746)	(60.0, 2.2738458998465068)	(61.0, 0.978991985213019)	(62.0, 0.4504865167486269)	(63.0, 0.22940178642917125)	(64.0, 0.12183866524904308)	(65.0, 0.07032257143513286)	(66.0, 0.04816444433686064)	(67.0, 0.02408222216843032)	(68.0, 0.014151408903098227)	(69.0, 0.006082623125015904)	(70.0, 0.0037240549744995337)	(71.0, 0.0024827033163330224)	(72.0, 0.0013034192410748368)	(73.0, 0.0006206758290832556)	(74.0, 0.0012413516581665112)	(75.0, 0.0012413516581665112)	(76.0, 0.0006827434119915812)	(77.0, 0.0003103379145416278)	(78.0, 0.00018620274872497666)	(79.0, 0.00055860824617493)	(80.0, 0.0003103379145416278)	(81.0, 0.0003724054974499533)	(82.0, 0.0003724054974499533)	(83.0, 6.206758290832556e-05)	(84.0, 6.206758290832556e-05)	(85.0, 6.206758290832556e-05)	(86.0, 0.00024827033163330223)	(87.0, 0.00018620274872497666)	(88.0, 0.00018620274872497666)	(89.0, 6.206758290832556e-05)	(90.0, 0.0)	(91.0, 6.206758290832556e-05)	(92.0, 6.206758290832556e-05)	(93.0, 6.206758290832556e-05)	(94.0, 0.0)	(95.0, 0.0)	(96.0, 0.0)	(97.0, 0.0)	(98.0, 0.0)	(99.0, 0.0)	(100.0, 0.0)
SRR6419035_2	(0.0, 0.0)	(1.0, 0.0)	(2.0, 0.0)	(3.0, 0.0)	(4.0, 0.0)	(5.0, 0.0)	(6.0, 0.0)	(7.0, 0.0)	(8.0, 0.0)	(9.0, 0.0)	(10.0, 0.0)	(11.0, 0.0)	(12.0, 0.0)	(13.0, 0.0)	(14.0, 0.0)	(15.0, 0.0)	(16.0, 0.0)	(17.0, 0.0)	(18.0, 0.0)	(19.0, 0.0)	(20.0, 0.0)	(21.0, 0.0)	(22.0, 0.0)	(23.0, 0.0)	(24.0, 0.0)	(25.0, 0.0)	(26.0, 0.0)	(27.0, 0.0)	(28.0, 0.0)	(29.0, 0.0)	(30.0, 0.0)	(31.0, 0.0)	(32.0, 0.0)	(33.0, 0.00018676996290748537)	(34.0, 0.0002490266172099805)	(35.0, 0.0014319030489573878)	(36.0, 0.004108939183964678)	(37.0, 0.02129177577145333)	(38.0, 0.03635788611265715)	(39.0, 0.01631124342725372)	(40.0, 0.007782081787811891)	(41.0, 0.012451330860499026)	(42.0, 0.04420222455477154)	(43.0, 0.13185959381268467)	(44.0, 0.3484504941310652)	(45.0, 0.924573573046355)	(46.0, 0.854285810338838)	(47.0, 0.9456785788549009)	(48.0, 2.2686947394372248)	(49.0, 5.04166837872466)	(50.0, 8.88844479142153)	(51.0, 18.489790531260933)	(52.0, 16.558589114797535)	(53.0, 10.841436036890803)	(54.0, 7.3880594227313985)	(55.0, 7.475592278680707)	(56.0, 8.393255363099485)	(57.0, 5.036625589726158)	(58.0, 2.466235103539042)	(59.0, 1.1186898211615348)	(60.0, 0.9551415903088802)	(61.0, 0.7742860095601318)	(62.0, 0.48547739025085695)	(63.0, 0.23632625973227148)	(64.0, 0.09905033699526974)	(65.0, 0.043455144703141595)	(66.0, 0.03131509711415505)	(67.0, 0.01830345636493357)	(68.0, 0.022785935474713217)	(69.0, 0.010645887885726665)	(70.0, 0.003984425875359688)	(71.0, 0.0012451330860499023)	(72.0, 0.0007470798516299415)	(73.0, 0.00043579658011746585)	(74.0, 0.00018676996290748537)	(75.0, 0.00012451330860499025)	(76.0, 0.0)	(77.0, 6.225665430249513e-05)	(78.0, 0.00012451330860499025)	(79.0, 0.0)	(80.0, 0.0)	(81.0, 0.0)	(82.0, 0.0)	(83.0, 0.0)	(84.0, 0.0)	(85.0, 0.0)	(86.0, 0.0)	(87.0, 0.0)	(88.0, 0.0)	(89.0, 0.0)	(90.0, 0.0)	(91.0, 0.0)	(92.0, 0.0)	(93.0, 0.0)	(94.0, 0.0)	(95.0, 0.0)	(96.0, 0.0)	(97.0, 0.0)	(98.0, 0.0)	(99.0, 0.0)	(100.0, 0.0)
SRR6419036_1	(0.0, 0.0)	(1.0, 0.0)	(2.0, 0.0)	(3.0, 0.0)	(4.0, 0.0)	(5.0, 5.1204666588494214e-05)	(6.0, 5.1204666588494214e-05)	(7.0, 0.0)	(8.0, 0.0)	(9.0, 0.0)	(10.0, 0.0)	(11.0, 0.0)	(12.0, 0.0)	(13.0, 0.0)	(14.0, 0.0)	(15.0, 0.0)	(16.0, 0.0)	(17.0, 0.0)	(18.0, 0.0)	(19.0, 0.0)	(20.0, 0.0)	(21.0, 0.0)	(22.0, 0.0)	(23.0, 0.0)	(24.0, 0.0)	(25.0, 0.0)	(26.0, 0.0)	(27.0, 0.0)	(28.0, 0.0)	(29.0, 0.0)	(30.0, 0.0)	(31.0, 0.0)	(32.0, 0.0)	(33.0, 0.0)	(34.0, 0.0)	(35.0, 0.00010240933317698843)	(36.0, 0.00035843266611945945)	(37.0, 0.00025602333294247104)	(38.0, 0.0006144559990619305)	(39.0, 0.0017409586640088032)	(40.0, 0.0027650519957786875)	(41.0, 0.004608419992964479)	(42.0, 0.009524067985459923)	(43.0, 0.015156581310194286)	(44.0, 0.025960765960366564)	(45.0, 0.04075891460444139)	(46.0, 0.07240339855613082)	(47.0, 0.13999355845294317)	(48.0, 0.2767100182442227)	(49.0, 0.5104081165541102)	(50.0, 1.1365387795982176)	(51.0, 2.4498872729265058)	(52.0, 7.12948175244899)	(53.0, 16.33065311040187)	(54.0, 16.298855012450414)	(55.0, 15.406306469146372)	(56.0, 13.53912830199693)	(57.0, 10.183174453787021)	(58.0, 7.007665850634963)	(59.0, 4.482456513156783)	(60.0, 2.5958717773703026)	(61.0, 1.154614026903956)	(62.0, 0.5155285832129597)	(63.0, 0.2527974389473959)	(64.0, 0.13297851913031947)	(65.0, 0.09698163851860803)	(66.0, 0.08295155987336061)	(67.0, 0.049310093924719925)	(68.0, 0.02176198330011004)	(69.0, 0.010292137984287335)	(70.0, 0.005222875992026409)	(71.0, 0.003174689328486641)	(72.0, 0.0032258939950751348)	(73.0, 0.0025090286628362164)	(74.0, 0.0014337306644778378)	(75.0, 0.000768069998827413)	(76.0, 0.000768069998827413)	(77.0, 0.0005632513324734362)	(78.0, 0.000768069998827413)	(79.0, 0.0005632513324734362)	(80.0, 0.00020481866635397686)	(81.0, 0.00025602333294247104)	(82.0, 0.00035843266611945945)	(83.0, 0.00020481866635397686)	(84.0, 5.1204666588494214e-05)	(85.0, 0.00020481866635397686)	(86.0, 0.00010240933317698843)	(87.0, 5.1204666588494214e-05)	(88.0, 0.00020481866635397686)	(89.0, 0.00020481866635397686)	(90.0, 0.00010240933317698843)	(91.0, 0.00015361399976548262)	(92.0, 0.00010240933317698843)	(93.0, 5.1204666588494214e-05)	(94.0, 5.1204666588494214e-05)	(95.0, 0.0)	(96.0, 0.0)	(97.0, 0.0)	(98.0, 0.0)	(99.0, 0.0)	(100.0, 0.0)
SRR6419036_2	(0.0, 0.0)	(1.0, 0.0)	(2.0, 0.0)	(3.0, 0.0)	(4.0, 0.0)	(5.0, 0.0)	(6.0, 0.0)	(7.0, 0.0)	(8.0, 0.0)	(9.0, 0.0)	(10.0, 0.0)	(11.0, 0.0)	(12.0, 0.0)	(13.0, 0.0)	(14.0, 0.0)	(15.0, 0.0)	(16.0, 0.0)	(17.0, 0.0)	(18.0, 0.0)	(19.0, 0.0)	(20.0, 0.0)	(21.0, 0.0)	(22.0, 0.0)	(23.0, 0.0)	(24.0, 0.0)	(25.0, 0.0)	(26.0, 0.0)	(27.0, 0.0)	(28.0, 0.0)	(29.0, 0.0)	(30.0, 0.0)	(31.0, 0.0)	(32.0, 0.0)	(33.0, 5.167614148720835e-05)	(34.0, 0.00015502842446162504)	(35.0, 0.0009818466882569586)	(36.0, 0.006717898393337085)	(37.0, 0.028886963091349464)	(38.0, 0.05162446534572114)	(39.0, 0.01441764347493113)	(40.0, 0.006097784695490585)	(41.0, 0.009921819165544002)	(42.0, 0.030230542770016886)	(43.0, 0.08991648618774252)	(44.0, 0.253729854702193)	(45.0, 0.743361295293492)	(46.0, 0.9595225951344846)	(47.0, 1.0378119494876052)	(48.0, 2.320878866473501)	(49.0, 5.6056728001079)	(50.0, 10.47661422055067)	(51.0, 17.475372442870736)	(52.0, 14.745011831252594)	(53.0, 11.799265061915769)	(54.0, 8.4695128851875)	(55.0, 7.372376725272578)	(56.0, 7.707548178958612)	(57.0, 4.6090467353856)	(58.0, 2.3854740433325117)	(59.0, 1.1284002255146814)	(60.0, 0.9609178509546392)	(61.0, 0.7380903288617968)	(62.0, 0.43495808289783267)	(63.0, 0.20164030408308697)	(64.0, 0.09322375924292385)	(65.0, 0.060254380974084934)	(66.0, 0.05922085814434076)	(67.0, 0.03994565736961205)	(68.0, 0.051107703930849055)	(69.0, 0.02025704746298567)	(70.0, 0.007906449647542878)	(71.0, 0.002222074083949959)	(72.0, 0.0009818466882569586)	(73.0, 0.00015502842446162504)	(74.0, 0.00015502842446162504)	(75.0, 0.0002583807074360417)	(76.0, 5.167614148720835e-05)	(77.0, 0.0)	(78.0, 5.167614148720835e-05)	(79.0, 0.0)	(80.0, 0.0)	(81.0, 0.0)	(82.0, 0.0)	(83.0, 0.0)	(84.0, 0.0)	(85.0, 0.0)	(86.0, 0.0)	(87.0, 0.0)	(88.0, 0.0)	(89.0, 0.0)	(90.0, 0.0)	(91.0, 0.0)	(92.0, 0.0)	(93.0, 0.0)	(94.0, 0.0)	(95.0, 0.0)	(96.0, 0.0)	(97.0, 0.0)	(98.0, 0.0)	(99.0, 0.0)	(100.0, 0.0)
SRR6419037_1	(0.0, 0.0)	(1.0, 0.0)	(2.0, 0.0)	(3.0, 0.0)	(4.0, 0.0)	(5.0, 0.0)	(6.0, 0.0)	(7.0, 0.0)	(8.0, 0.0)	(9.0, 0.0)	(10.0, 0.0)	(11.0, 0.0)	(12.0, 0.0)	(13.0, 0.0)	(14.0, 0.0)	(15.0, 0.0)	(16.0, 0.0)	(17.0, 0.0)	(18.0, 0.0)	(19.0, 0.0)	(20.0, 0.0)	(21.0, 0.0)	(22.0, 0.0)	(23.0, 0.0)	(24.0, 0.0)	(25.0, 0.0)	(26.0, 0.0)	(27.0, 0.0)	(28.0, 0.0)	(29.0, 0.0)	(30.0, 5.4053732653481516e-05)	(31.0, 0.0)	(32.0, 0.0)	(33.0, 0.0)	(34.0, 0.0)	(35.0, 5.4053732653481516e-05)	(36.0, 0.00010810746530696303)	(37.0, 0.00016216119796044458)	(38.0, 0.00032432239592088916)	(39.0, 0.0009189134551091857)	(40.0, 0.0009729671877626673)	(41.0, 0.002702686632674076)	(42.0, 0.004918889671466818)	(43.0, 0.008270221095982673)	(44.0, 0.011567498787845045)	(45.0, 0.02167554679404609)	(46.0, 0.03864841884723929)	(47.0, 0.08183735123737103)	(48.0, 0.19913395109542592)	(49.0, 0.40556515609907184)	(50.0, 0.8094005927532323)	(51.0, 1.4276671868437538)	(52.0, 4.7582419780206715)	(53.0, 17.468869104021543)	(54.0, 17.972649892351992)	(55.0, 14.746939342522827)	(56.0, 13.700296917153466)	(57.0, 11.194852354931943)	(58.0, 7.239794790409354)	(59.0, 4.723809750320403)	(60.0, 2.8529019557181012)	(61.0, 1.2162630384359876)	(62.0, 0.49821325386713916)	(63.0, 0.22432299051194832)	(64.0, 0.12508033736015625)	(65.0, 0.0865940797108774)	(66.0, 0.07167524949851649)	(67.0, 0.05189158334734226)	(68.0, 0.0263241678022455)	(69.0, 0.01032426293681497)	(70.0, 0.004756728473506374)	(71.0, 0.0028648478306345206)	(72.0, 0.0020540418408322974)	(73.0, 0.0016216119796044455)	(74.0, 0.0007567522571487413)	(75.0, 0.0007567522571487413)	(76.0, 0.0007026985244952598)	(77.0, 0.00048648359388133366)	(78.0, 0.0007026985244952598)	(79.0, 0.00048648359388133366)	(80.0, 0.0)	(81.0, 0.00021621493061392606)	(82.0, 0.00032432239592088916)	(83.0, 0.00016216119796044458)	(84.0, 0.00016216119796044458)	(85.0, 0.00010810746530696303)	(86.0, 5.4053732653481516e-05)	(87.0, 0.00010810746530696303)	(88.0, 5.4053732653481516e-05)	(89.0, 0.00016216119796044458)	(90.0, 5.4053732653481516e-05)	(91.0, 0.0)	(92.0, 5.4053732653481516e-05)	(93.0, 0.0)	(94.0, 0.0)	(95.0, 5.4053732653481516e-05)	(96.0, 5.4053732653481516e-05)	(97.0, 0.00010810746530696303)	(98.0, 0.00010810746530696303)	(99.0, 0.0)	(100.0, 0.0)
SRR6419037_2	(0.0, 0.0)	(1.0, 0.0)	(2.0, 0.0)	(3.0, 0.0)	(4.0, 0.0)	(5.0, 0.0)	(6.0, 0.0)	(7.0, 0.0)	(8.0, 0.0)	(9.0, 0.0)	(10.0, 0.0)	(11.0, 0.0)	(12.0, 0.0)	(13.0, 0.0)	(14.0, 0.0)	(15.0, 0.0)	(16.0, 0.0)	(17.0, 0.0)	(18.0, 0.0)	(19.0, 0.0)	(20.0, 0.0)	(21.0, 0.0)	(22.0, 0.0)	(23.0, 0.0)	(24.0, 0.0)	(25.0, 0.0)	(26.0, 0.0)	(27.0, 0.0)	(28.0, 0.0)	(29.0, 0.0)	(30.0, 0.0)	(31.0, 0.0)	(32.0, 0.0)	(33.0, 0.0)	(34.0, 0.0)	(35.0, 0.0001633136558523993)	(36.0, 0.0025585806083542554)	(37.0, 0.009744381465859825)	(38.0, 0.020250893325697513)	(39.0, 0.00843787221904063)	(40.0, 0.005879291610686375)	(41.0, 0.014371601715011138)	(42.0, 0.05683315223663495)	(43.0, 0.13070536256720358)	(44.0, 0.2667456378922522)	(45.0, 0.7694795084912214)	(46.0, 0.8270747911218342)	(47.0, 0.9364405026576575)	(48.0, 1.700639536276318)	(49.0, 3.449347725258525)	(50.0, 7.69185543910687)	(51.0, 17.667271290112556)	(52.0, 20.191066089770253)	(53.0, 13.849052454168746)	(54.0, 8.824217890902123)	(55.0, 7.106702610187724)	(56.0, 6.716709600012194)	(57.0, 3.7605146775426306)	(58.0, 2.2496456093668002)	(59.0, 1.1028026800859685)	(60.0, 0.9080783644246242)	(61.0, 0.7048073007736713)	(62.0, 0.4481871095442678)	(63.0, 0.24154089700569856)	(64.0, 0.10648050361576433)	(65.0, 0.049429599837992846)	(66.0, 0.058684040336295484)	(67.0, 0.03745326507548357)	(68.0, 0.05302250026674564)	(69.0, 0.022918349704620034)	(70.0, 0.007349114513357968)	(71.0, 0.0023952669525018565)	(72.0, 0.00043550308227306483)	(73.0, 0.0002721894264206655)	(74.0, 0.0001633136558523993)	(75.0, 0.0)	(76.0, 5.4437885284133104e-05)	(77.0, 5.4437885284133104e-05)	(78.0, 0.0)	(79.0, 0.0)	(80.0, 5.4437885284133104e-05)	(81.0, 0.0)	(82.0, 5.4437885284133104e-05)	(83.0, 5.4437885284133104e-05)	(84.0, 0.0)	(85.0, 0.0)	(86.0, 0.0)	(87.0, 0.0)	(88.0, 0.0)	(89.0, 0.0)	(90.0, 0.0)	(91.0, 0.0)	(92.0, 0.0)	(93.0, 0.0)	(94.0, 0.0)	(95.0, 0.0)	(96.0, 0.0)	(97.0, 0.0)	(98.0, 0.0)	(99.0, 0.0)	(100.0, 0.0)
SRR6419038_1	(0.0, 0.0)	(1.0, 0.0)	(2.0, 0.0)	(3.0, 0.0)	(4.0, 0.0)	(5.0, 0.0)	(6.0, 0.0)	(7.0, 0.0)	(8.0, 0.0)	(9.0, 0.0)	(10.0, 0.0)	(11.0, 0.0)	(12.0, 0.0)	(13.0, 0.0)	(14.0, 0.0)	(15.0, 0.0)	(16.0, 0.0)	(17.0, 0.0)	(18.0, 0.0)	(19.0, 0.0)	(20.0, 0.0)	(21.0, 0.0)	(22.0, 0.0)	(23.0, 0.0)	(24.0, 0.0)	(25.0, 0.0)	(26.0, 0.0)	(27.0, 0.0)	(28.0, 0.0)	(29.0, 0.0)	(30.0, 0.0)	(31.0, 0.0)	(32.0, 0.0)	(33.0, 0.0)	(34.0, 0.00011103973723556581)	(35.0, 0.0006662384234133948)	(36.0, 0.002998072905360277)	(37.0, 0.01454620557785912)	(38.0, 0.035865835127087756)	(39.0, 0.0191543546731351)	(40.0, 0.006773423971369514)	(41.0, 0.011548132672498844)	(42.0, 0.03803111000318129)	(43.0, 0.11636964462287296)	(44.0, 0.3561599571830773)	(45.0, 0.7896035714821085)	(46.0, 0.876159046657232)	(47.0, 0.9461696009842563)	(48.0, 1.8398174062560897)	(49.0, 5.3170267777878335)	(50.0, 12.187721558975703)	(51.0, 20.780420585212728)	(52.0, 15.787463280546893)	(53.0, 11.024968950513475)	(54.0, 8.998105106884074)	(55.0, 5.940403862628299)	(56.0, 5.521617493644363)	(57.0, 3.285887904274863)	(58.0, 2.0508484268722826)	(59.0, 1.2394255470233855)	(60.0, 1.0739208186737748)	(61.0, 0.7476305508070645)	(62.0, 0.45226484976045955)	(63.0, 0.21391805378431755)	(64.0, 0.08250252476602539)	(65.0, 0.04269477896707505)	(66.0, 0.038253189477652424)	(67.0, 0.03969670606171478)	(68.0, 0.07395246499888683)	(69.0, 0.03197944432384295)	(70.0, 0.010382215431525402)	(71.0, 0.003275672248449191)	(72.0, 0.001165917240973441)	(73.0, 0.00022207947447113163)	(74.0, 0.00011103973723556581)	(75.0, 5.551986861778291e-05)	(76.0, 5.551986861778291e-05)	(77.0, 0.0)	(78.0, 5.551986861778291e-05)	(79.0, 0.0)	(80.0, 0.0)	(81.0, 0.0)	(82.0, 0.0)	(83.0, 0.0)	(84.0, 0.0)	(85.0, 0.0)	(86.0, 0.0)	(87.0, 0.0)	(88.0, 0.0)	(89.0, 0.0)	(90.0, 0.0)	(91.0, 0.0)	(92.0, 0.0)	(93.0, 0.0)	(94.0, 0.0)	(95.0, 0.0)	(96.0, 0.0)	(97.0, 0.0)	(98.0, 0.0)	(99.0, 0.0)	(100.0, 0.0)
SRR6419038_2	(0.0, 0.0)	(1.0, 0.0)	(2.0, 0.0)	(3.0, 0.0)	(4.0, 0.0)	(5.0, 0.0)	(6.0, 0.0)	(7.0, 0.0)	(8.0, 0.0)	(9.0, 0.0)	(10.0, 0.0)	(11.0, 0.0)	(12.0, 0.0)	(13.0, 0.0)	(14.0, 0.0)	(15.0, 0.0)	(16.0, 0.0)	(17.0, 0.0)	(18.0, 0.0)	(19.0, 0.0)	(20.0, 0.0)	(21.0, 0.0)	(22.0, 0.0)	(23.0, 0.0)	(24.0, 0.0)	(25.0, 0.0)	(26.0, 0.0)	(27.0, 0.0)	(28.0, 0.0)	(29.0, 0.0)	(30.0, 0.0)	(31.0, 0.0)	(32.0, 0.0)	(33.0, 0.0)	(34.0, 0.0)	(35.0, 0.0)	(36.0, 5.5358326141364126e-05)	(37.0, 0.00011071665228272825)	(38.0, 0.0002214333045654565)	(39.0, 0.0009410915444031902)	(40.0, 0.0012732415012513749)	(41.0, 0.002214333045654565)	(42.0, 0.004207232786743674)	(43.0, 0.007971598964356435)	(44.0, 0.010628798619141913)	(45.0, 0.021645105521273373)	(46.0, 0.039747278169499446)	(47.0, 0.08746615530335532)	(48.0, 0.22957097850823704)	(49.0, 0.6133702536463145)	(50.0, 1.7849185097760036)	(51.0, 2.6821662598752334)	(52.0, 6.214581050955678)	(53.0, 17.502641976115097)	(54.0, 17.810102119504233)	(55.0, 13.732241740952928)	(56.0, 12.139693414518165)	(57.0, 10.055839943578794)	(58.0, 7.148918879569623)	(59.0, 4.772330579994718)	(60.0, 2.7979758781629673)	(61.0, 1.1821216964226895)	(62.0, 0.5073590590856022)	(63.0, 0.23665684425433164)	(64.0, 0.14227089818330582)	(65.0, 0.0961574125075495)	(66.0, 0.07584090681366885)	(67.0, 0.04627956065418041)	(68.0, 0.023084422000948842)	(69.0, 0.01206811509881738)	(70.0, 0.00603405754940869)	(71.0, 0.0029339912854922986)	(72.0, 0.002158974719513201)	(73.0, 0.0014393164796754673)	(74.0, 0.0011625248489686468)	(75.0, 0.0006089415875550054)	(76.0, 0.0002767916307068206)	(77.0, 0.0003875082829895489)	(78.0, 0.000442866609130913)	(79.0, 0.0003875082829895489)	(80.0, 0.0002214333045654565)	(81.0, 0.0003321499568481848)	(82.0, 0.0003321499568481848)	(83.0, 5.5358326141364126e-05)	(84.0, 0.0002214333045654565)	(85.0, 5.5358326141364126e-05)	(86.0, 5.5358326141364126e-05)	(87.0, 0.0)	(88.0, 0.00011071665228272825)	(89.0, 0.0)	(90.0, 0.0)	(91.0, 5.5358326141364126e-05)	(92.0, 0.0)	(93.0, 0.0)	(94.0, 5.5358326141364126e-05)	(95.0, 0.0)	(96.0, 0.0)	(97.0, 0.0)	(98.0, 0.0)	(99.0, 0.0)	(100.0, 0.0)
SRR6419039_1	(0.0, 0.0)	(1.0, 0.0)	(2.0, 0.0)	(3.0, 0.0)	(4.0, 0.0)	(5.0, 0.0)	(6.0, 0.0)	(7.0, 0.0)	(8.0, 0.0)	(9.0, 0.0)	(10.0, 0.0)	(11.0, 0.0)	(12.0, 0.0)	(13.0, 0.0)	(14.0, 0.0)	(15.0, 0.0)	(16.0, 0.0)	(17.0, 0.0)	(18.0, 0.0)	(19.0, 0.0)	(20.0, 0.0)	(21.0, 0.0)	(22.0, 0.0)	(23.0, 0.0)	(24.0, 5.3632847759407336e-05)	(25.0, 5.3632847759407336e-05)	(26.0, 0.00010726569551881467)	(27.0, 0.0002681642387970367)	(28.0, 0.00021453139103762934)	(29.0, 0.00010726569551881467)	(30.0, 0.0002681642387970367)	(31.0, 0.00032179708655644406)	(32.0, 0.00010726569551881467)	(33.0, 0.00037542993431585134)	(34.0, 0.0005363284775940734)	(35.0, 0.0006435941731128881)	(36.0, 0.0005899613253534808)	(37.0, 0.0009653912596693321)	(38.0, 0.0010190241074287394)	(39.0, 0.0012335554984663688)	(40.0, 0.0018235168238198492)	(41.0, 0.0025743766924515524)	(42.0, 0.0038615650386773282)	(43.0, 0.006918637360963547)	(44.0, 0.010672936704122058)	(45.0, 0.017430675521807385)	(46.0, 0.030356191831824555)	(47.0, 0.054330074780279625)	(48.0, 0.10431588889204726)	(49.0, 0.32598044868167775)	(50.0, 1.9277790798641372)	(51.0, 2.649194515075925)	(52.0, 1.454683729778405)	(53.0, 1.884443738874536)	(54.0, 3.4547598884222235)	(55.0, 11.394244873638328)	(56.0, 19.427748240976676)	(57.0, 20.708554278319085)	(58.0, 10.363153375463723)	(59.0, 16.540102084762427)	(60.0, 8.013820112210643)	(61.0, 1.1267188657296292)	(62.0, 0.2934253100917175)	(63.0, 0.1029750676980621)	(64.0, 0.04017100297179609)	(65.0, 0.01764520691284501)	(66.0, 0.010565671008603245)	(67.0, 0.008259458554948728)	(68.0, 0.004505159211790216)	(69.0, 0.002842540931248589)	(70.0, 0.0020916810626168863)	(71.0, 0.0014480868895039981)	(72.0, 0.0010190241074287394)	(73.0, 0.0010190241074287394)	(74.0, 0.0006435941731128881)	(75.0, 0.0004290627820752587)	(76.0, 0.00048269562983466603)	(77.0, 0.0002681642387970367)	(78.0, 0.00010726569551881467)	(79.0, 0.00016089854327822203)	(80.0, 0.00032179708655644406)	(81.0, 0.00021453139103762934)	(82.0, 0.00016089854327822203)	(83.0, 0.0)	(84.0, 0.0)	(85.0, 0.00010726569551881467)	(86.0, 0.00010726569551881467)	(87.0, 0.00016089854327822203)	(88.0, 0.00016089854327822203)	(89.0, 0.00010726569551881467)	(90.0, 5.3632847759407336e-05)	(91.0, 5.3632847759407336e-05)	(92.0, 0.0)	(93.0, 5.3632847759407336e-05)	(94.0, 0.0)	(95.0, 5.3632847759407336e-05)	(96.0, 5.3632847759407336e-05)	(97.0, 0.0)	(98.0, 0.0)	(99.0, 0.0)	(100.0, 0.0)
SRR6419039_2	(0.0, 0.0)	(1.0, 0.0)	(2.0, 0.0)	(3.0, 0.0)	(4.0, 0.0)	(5.0, 0.0)	(6.0, 0.0)	(7.0, 0.0)	(8.0, 0.0)	(9.0, 0.0)	(10.0, 0.0)	(11.0, 0.0)	(12.0, 0.0)	(13.0, 0.0)	(14.0, 0.0)	(15.0, 0.0)	(16.0, 0.0)	(17.0, 0.0)	(18.0, 0.0)	(19.0, 0.0)	(20.0, 0.0)	(21.0, 0.0)	(22.0, 0.0)	(23.0, 0.0)	(24.0, 0.0)	(25.0, 0.0)	(26.0, 0.0)	(27.0, 0.0)	(28.0, 0.0)	(29.0, 0.0)	(30.0, 0.0)	(31.0, 0.0)	(32.0, 0.0)	(33.0, 0.0)	(34.0, 0.0)	(35.0, 0.0)	(36.0, 0.0)	(37.0, 0.0)	(38.0, 0.00010673440743725352)	(39.0, 0.0003202032223117605)	(40.0, 0.000640406444623521)	(41.0, 0.0014409145004029224)	(42.0, 0.0048564155383950345)	(43.0, 0.020012701394485032)	(44.0, 0.03073950934192901)	(45.0, 0.054487914996717915)	(46.0, 0.13400504853747178)	(47.0, 0.3749579733270716)	(48.0, 2.4388812099412425)	(49.0, 11.506289324958239)	(50.0, 7.694003127318137)	(51.0, 14.775884427983627)	(52.0, 15.943718946958334)	(53.0, 11.862835613002385)	(54.0, 11.617773413526452)	(55.0, 16.677411263682018)	(56.0, 4.752029287921401)	(57.0, 1.5155218512015627)	(58.0, 0.3715958394927981)	(59.0, 0.12343834220118369)	(60.0, 0.050058437088071894)	(61.0, 0.022467592765541864)	(62.0, 0.009339260650759683)	(63.0, 0.00410927468633426)	(64.0, 0.0019745865375891897)	(65.0, 0.0012274456855284153)	(66.0, 0.0027750945933685913)	(67.0, 0.002348156963619577)	(68.0, 0.0030952978156803517)	(69.0, 0.0009072424632166549)	(70.0, 0.0003735704260303873)	(71.0, 0.00021346881487450703)	(72.0, 0.00010673440743725352)	(73.0, 0.0)	(74.0, 0.0)	(75.0, 0.0)	(76.0, 0.0)	(77.0, 0.0)	(78.0, 0.0)	(79.0, 5.336720371862676e-05)	(80.0, 0.0)	(81.0, 0.0)	(82.0, 0.0)	(83.0, 0.0)	(84.0, 0.0)	(85.0, 0.0)	(86.0, 0.0)	(87.0, 0.0)	(88.0, 0.0)	(89.0, 0.0)	(90.0, 0.0)	(91.0, 0.0)	(92.0, 0.0)	(93.0, 0.0)	(94.0, 0.0)	(95.0, 0.0)	(96.0, 0.0)	(97.0, 0.0)	(98.0, 0.0)	(99.0, 0.0)	(100.0, 0.0)
SRR6419040_1	(0.0, 0.0)	(1.0, 0.0)	(2.0, 0.0)	(3.0, 0.0)	(4.0, 0.0)	(5.0, 0.0)	(6.0, 0.0)	(7.0, 0.0)	(8.0, 0.0)	(9.0, 0.0)	(10.0, 0.0)	(11.0, 0.0)	(12.0, 0.0)	(13.0, 0.0)	(14.0, 0.0)	(15.0, 0.0)	(16.0, 0.0)	(17.0, 0.0)	(18.0, 0.0)	(19.0, 0.0)	(20.0, 0.0)	(21.0, 0.0)	(22.0, 0.0)	(23.0, 0.0)	(24.0, 0.0)	(25.0, 0.0)	(26.0, 0.0)	(27.0, 0.0)	(28.0, 0.0)	(29.0, 0.0)	(30.0, 0.0)	(31.0, 0.0)	(32.0, 0.0)	(33.0, 0.0)	(34.0, 0.0)	(35.0, 0.0)	(36.0, 0.0)	(37.0, 0.0)	(38.0, 4.8473496873217085e-05)	(39.0, 9.694699374643417e-05)	(40.0, 0.00019389398749286834)	(41.0, 0.001211837421830427)	(42.0, 0.002762989321773374)	(43.0, 0.008579808946559424)	(44.0, 0.02026192169300474)	(45.0, 0.04377156767651502)	(46.0, 0.11677265396757995)	(47.0, 0.3525962162557811)	(48.0, 2.486205654627304)	(49.0, 12.85231143446165)	(50.0, 10.048701322308522)	(51.0, 13.806900008385913)	(52.0, 12.666173206468498)	(53.0, 9.900469368870224)	(54.0, 11.935047453129764)	(55.0, 18.013478540540568)	(56.0, 5.179635508387611)	(57.0, 1.8645330572282952)	(58.0, 0.4688841352546288)	(59.0, 0.13950672400111877)	(60.0, 0.051721221163722624)	(61.0, 0.01963176623365292)	(62.0, 0.007949653487207602)	(63.0, 0.0026660423280269394)	(64.0, 0.001066416931210776)	(65.0, 0.0015996253968161636)	(66.0, 0.0018419928811822491)	(67.0, 0.0015996253968161636)	(68.0, 0.002181307359294769)	(69.0, 0.0006301554593518221)	(70.0, 0.0004847349687321709)	(71.0, 0.00019389398749286834)	(72.0, 9.694699374643417e-05)	(73.0, 0.0)	(74.0, 0.0)	(75.0, 9.694699374643417e-05)	(76.0, 4.8473496873217085e-05)	(77.0, 0.0)	(78.0, 0.0)	(79.0, 0.0)	(80.0, 0.0)	(81.0, 4.8473496873217085e-05)	(82.0, 0.0)	(83.0, 0.0)	(84.0, 0.0)	(85.0, 0.0)	(86.0, 0.0)	(87.0, 0.0)	(88.0, 0.0)	(89.0, 0.0)	(90.0, 0.0)	(91.0, 0.0)	(92.0, 0.0)	(93.0, 0.0)	(94.0, 0.0)	(95.0, 0.0)	(96.0, 0.0)	(97.0, 0.0)	(98.0, 0.0)	(99.0, 0.0)	(100.0, 0.0)
SRR6419040_2	(0.0, 0.0)	(1.0, 0.0)	(2.0, 0.0)	(3.0, 0.0)	(4.0, 0.0)	(5.0, 0.0)	(6.0, 0.0)	(7.0, 0.0)	(8.0, 0.0)	(9.0, 0.0)	(10.0, 0.0)	(11.0, 0.0)	(12.0, 0.0)	(13.0, 0.0)	(14.0, 0.0)	(15.0, 0.0)	(16.0, 0.0)	(17.0, 0.0)	(18.0, 0.0)	(19.0, 0.0)	(20.0, 0.0)	(21.0, 0.0)	(22.0, 9.763579797005411e-05)	(23.0, 4.8817898985027056e-05)	(24.0, 0.0)	(25.0, 9.763579797005411e-05)	(26.0, 0.00019527159594010822)	(27.0, 0.0002440894949251353)	(28.0, 0.0002929073939101624)	(29.0, 0.0002440894949251353)	(30.0, 0.0003417252928951894)	(31.0, 0.0002929073939101624)	(32.0, 0.0002440894949251353)	(33.0, 0.0005369968888352977)	(34.0, 0.0006346326868053518)	(35.0, 0.0007810863837604329)	(36.0, 0.0006834505857903788)	(37.0, 0.0004881789898502706)	(38.0, 0.0009275400807155142)	(39.0, 0.0008787221817304871)	(40.0, 0.0012692653736107037)	(41.0, 0.0021968054543262177)	(42.0, 0.003417252928951894)	(43.0, 0.006004601575158329)	(44.0, 0.009568308201065304)	(45.0, 0.015524091877238607)	(46.0, 0.029144285694061155)	(47.0, 0.05433432157033512)	(48.0, 0.1150637879077088)	(49.0, 0.4006484969701171)	(50.0, 2.6270375980812615)	(51.0, 3.6394720051317373)	(52.0, 2.2424501898772182)	(53.0, 2.0268215300603534)	(54.0, 3.277194376763852)	(55.0, 13.248494333950555)	(56.0, 19.26334766789574)	(57.0, 16.955481493378585)	(58.0, 8.455894736893493)	(59.0, 17.488426496598127)	(60.0, 8.45897026452955)	(61.0, 1.1696768596812483)	(62.0, 0.30330560639397314)	(63.0, 0.1048120291208531)	(64.0, 0.0407629456524976)	(65.0, 0.018160258422430065)	(66.0, 0.011862749453361576)	(67.0, 0.007908499635574384)	(68.0, 0.003905431918802165)	(69.0, 0.0029290739391016236)	(70.0, 0.0019527159594010825)	(71.0, 0.0011228116766556224)	(72.0, 0.0010739937776705953)	(73.0, 0.0010251758786855684)	(74.0, 0.00082990428274546)	(75.0, 0.0006834505857903788)	(76.0, 0.0002929073939101624)	(77.0, 0.0001464536969550812)	(78.0, 0.0002929073939101624)	(79.0, 0.0002440894949251353)	(80.0, 0.00019527159594010822)	(81.0, 0.00039054319188021645)	(82.0, 9.763579797005411e-05)	(83.0, 0.0001464536969550812)	(84.0, 9.763579797005411e-05)	(85.0, 4.8817898985027056e-05)	(86.0, 9.763579797005411e-05)	(87.0, 0.0)	(88.0, 0.0)	(89.0, 0.0)	(90.0, 0.0)	(91.0, 0.0)	(92.0, 4.8817898985027056e-05)	(93.0, 4.8817898985027056e-05)	(94.0, 0.0)	(95.0, 0.0)	(96.0, 0.0)	(97.0, 0.0)	(98.0, 0.0)	(99.0, 4.8817898985027056e-05)	(100.0, 0.0)
SRR6419041_1	(0.0, 0.0)	(1.0, 0.0)	(2.0, 0.0)	(3.0, 0.0)	(4.0, 0.0)	(5.0, 0.0)	(6.0, 0.0)	(7.0, 0.0)	(8.0, 0.0)	(9.0, 0.0)	(10.0, 0.0)	(11.0, 6.100023302089014e-05)	(12.0, 0.0)	(13.0, 0.0)	(14.0, 0.0)	(15.0, 0.0)	(16.0, 6.100023302089014e-05)	(17.0, 6.100023302089014e-05)	(18.0, 0.0)	(19.0, 0.0)	(20.0, 0.0)	(21.0, 0.0)	(22.0, 0.0)	(23.0, 0.0)	(24.0, 0.0)	(25.0, 0.0)	(26.0, 0.00024400093208356056)	(27.0, 6.100023302089014e-05)	(28.0, 0.0001830006990626704)	(29.0, 0.00024400093208356056)	(30.0, 0.0003050011651044507)	(31.0, 0.0005490020971880113)	(32.0, 0.0005490020971880113)	(33.0, 0.00024400093208356056)	(34.0, 0.00024400093208356056)	(35.0, 0.0001830006990626704)	(36.0, 0.0006100023302089014)	(37.0, 0.0009760037283342422)	(38.0, 0.0007930030292715718)	(39.0, 0.0007930030292715718)	(40.0, 0.0011590044273969127)	(41.0, 0.0022570086217729352)	(42.0, 0.003599013748232518)	(43.0, 0.005307020272817442)	(44.0, 0.009272035419175302)	(45.0, 0.0129930496334496)	(46.0, 0.019276073634601286)	(47.0, 0.03208612256898821)	(48.0, 0.05105719503848505)	(49.0, 0.09570936560977662)	(50.0, 0.292069115704022)	(51.0, 0.4564037434623)	(52.0, 0.5702911785123019)	(53.0, 1.2242746767292652)	(54.0, 4.13300978809739)	(55.0, 22.159981651129907)	(56.0, 21.800690278636864)	(57.0, 20.617834760128783)	(58.0, 12.629305243946032)	(59.0, 10.569571375762656)	(60.0, 4.3261365258415285)	(61.0, 0.6532514954207125)	(62.0, 0.18897872189871764)	(63.0, 0.07130927240142057)	(64.0, 0.029585113015131715)	(65.0, 0.01384705289574206)	(66.0, 0.007259027729485927)	(67.0, 0.0043310165444832)	(68.0, 0.003050011651044507)	(69.0, 0.002135008155731155)	(70.0, 0.0016470062915640339)	(71.0, 0.001342005126459583)	(72.0, 0.0008540032622924619)	(73.0, 0.0006710025632297916)	(74.0, 0.00042700163114623097)	(75.0, 0.0001830006990626704)	(76.0, 0.0003660013981253408)	(77.0, 0.0003660013981253408)	(78.0, 0.0005490020971880113)	(79.0, 0.0003050011651044507)	(80.0, 0.00012200046604178028)	(81.0, 6.100023302089014e-05)	(82.0, 0.0001830006990626704)	(83.0, 0.00024400093208356056)	(84.0, 6.100023302089014e-05)	(85.0, 0.0)	(86.0, 6.100023302089014e-05)	(87.0, 6.100023302089014e-05)	(88.0, 0.0)	(89.0, 0.0)	(90.0, 0.0)	(91.0, 0.00012200046604178028)	(92.0, 0.00012200046604178028)	(93.0, 0.0)	(94.0, 0.0)	(95.0, 0.0)	(96.0, 0.0)	(97.0, 0.0)	(98.0, 0.0)	(99.0, 6.100023302089014e-05)	(100.0, 0.0)
SRR6419041_2	(0.0, 0.0)	(1.0, 0.0)	(2.0, 0.0)	(3.0, 0.0)	(4.0, 0.0)	(5.0, 0.0)	(6.0, 0.0)	(7.0, 0.0)	(8.0, 0.0)	(9.0, 0.0)	(10.0, 0.0)	(11.0, 0.0)	(12.0, 0.0)	(13.0, 0.0)	(14.0, 0.0)	(15.0, 0.0)	(16.0, 0.0)	(17.0, 0.0)	(18.0, 0.0)	(19.0, 0.0)	(20.0, 0.0)	(21.0, 0.0)	(22.0, 0.0)	(23.0, 0.0)	(24.0, 0.0)	(25.0, 0.0)	(26.0, 0.00012552808094552773)	(27.0, 6.276404047276386e-05)	(28.0, 6.276404047276386e-05)	(29.0, 0.0)	(30.0, 0.0)	(31.0, 0.0)	(32.0, 0.0)	(33.0, 0.0)	(34.0, 0.0)	(35.0, 0.0)	(36.0, 6.276404047276386e-05)	(37.0, 0.00012552808094552773)	(38.0, 0.00037658424283658316)	(39.0, 0.000439348283309347)	(40.0, 0.0006904044452004024)	(41.0, 0.0019456852546556797)	(42.0, 0.0075316848567316625)	(43.0, 0.020084492951284436)	(44.0, 0.0407966263072965)	(45.0, 0.08667713989288689)	(46.0, 0.2432734208724327)	(47.0, 0.7499675196090554)	(48.0, 5.668032202973886)	(49.0, 24.24512119422395)	(50.0, 6.511267086725468)	(51.0, 10.900293672945372)	(52.0, 16.934177467835)	(53.0, 13.426420773893172)	(54.0, 7.2572177077442666)	(55.0, 9.448875237012707)	(56.0, 2.8232520685458637)	(57.0, 1.0762777660269547)	(58.0, 0.34777554825958457)	(59.0, 0.11661558719839527)	(60.0, 0.04857936732591923)	(61.0, 0.023787571339177502)	(62.0, 0.01092094304226091)	(63.0, 0.004393482833093471)	(64.0, 0.0018829212141829156)	(65.0, 0.0010042246475642218)	(66.0, 0.000439348283309347)	(67.0, 0.0005648763642548747)	(68.0, 0.00037658424283658316)	(69.0, 0.00012552808094552773)	(70.0, 0.00012552808094552773)	(71.0, 0.0)	(72.0, 6.276404047276386e-05)	(73.0, 0.0)	(74.0, 6.276404047276386e-05)	(75.0, 6.276404047276386e-05)	(76.0, 0.0)	(77.0, 0.0)	(78.0, 0.0)	(79.0, 6.276404047276386e-05)	(80.0, 0.0)	(81.0, 0.0)	(82.0, 0.0)	(83.0, 0.0)	(84.0, 0.0)	(85.0, 0.0)	(86.0, 0.0)	(87.0, 0.0)	(88.0, 0.0)	(89.0, 0.0)	(90.0, 0.0)	(91.0, 0.0)	(92.0, 0.0)	(93.0, 0.0)	(94.0, 0.0)	(95.0, 0.0)	(96.0, 0.0)	(97.0, 0.0)	(98.0, 0.0)	(99.0, 0.0)	(100.0, 0.0)
SRR6419042_1	(0.0, 0.0)	(1.0, 0.0)	(2.0, 0.0)	(3.0, 0.0)	(4.0, 0.0)	(5.0, 0.0)	(6.0, 0.0)	(7.0, 0.0)	(8.0, 0.0)	(9.0, 0.0)	(10.0, 0.0)	(11.0, 0.0)	(12.0, 0.0)	(13.0, 0.0)	(14.0, 0.0)	(15.0, 0.0)	(16.0, 0.0)	(17.0, 0.0)	(18.0, 0.0)	(19.0, 0.0)	(20.0, 0.0)	(21.0, 0.0)	(22.0, 0.0)	(23.0, 0.0)	(24.0, 5.386564077758285e-05)	(25.0, 0.0)	(26.0, 5.386564077758285e-05)	(27.0, 0.0001077312815551657)	(28.0, 0.0002154625631103314)	(29.0, 5.386564077758285e-05)	(30.0, 0.0001077312815551657)	(31.0, 0.00026932820388791425)	(32.0, 0.0007002533301085769)	(33.0, 0.00032319384466549705)	(34.0, 0.0002154625631103314)	(35.0, 0.0003770594854430799)	(36.0, 0.0004847907669982456)	(37.0, 0.0009695815339964912)	(38.0, 0.0011850440971068225)	(39.0, 0.0016698348641050683)	(40.0, 0.0020468943495481483)	(41.0, 0.004093788699096297)	(42.0, 0.00662547381564269)	(43.0, 0.010665396873961404)	(44.0, 0.019822555806150485)	(45.0, 0.031403668573330795)	(46.0, 0.05375790949602768)	(47.0, 0.10056715133174718)	(48.0, 0.23119133021738555)	(49.0, 0.7948413953140123)	(50.0, 4.639663102736321)	(51.0, 5.652552611917989)	(52.0, 2.2115077477644416)	(53.0, 2.4918784080117597)	(54.0, 4.724716949524124)	(55.0, 18.24089899599832)	(56.0, 17.447134913499863)	(57.0, 18.590002213877835)	(58.0, 10.300780351537945)	(59.0, 9.412482069474827)	(60.0, 4.0393844019109375)	(61.0, 0.6641633507875965)	(62.0, 0.1824429253136731)	(63.0, 0.06506969405932007)	(64.0, 0.026609626544125926)	(65.0, 0.012820022505064718)	(66.0, 0.01039606867007349)	(67.0, 0.010557665592406238)	(68.0, 0.006140683048644444)	(69.0, 0.0024778194757688107)	(70.0, 0.0015621035825499026)	(71.0, 0.001077312815551657)	(72.0, 0.0005925220485534112)	(73.0, 0.00016159692233274852)	(74.0, 0.0004309251262206628)	(75.0, 0.0003770594854430799)	(76.0, 0.00026932820388791425)	(77.0, 0.0002154625631103314)	(78.0, 0.00016159692233274852)	(79.0, 0.00016159692233274852)	(80.0, 0.0003770594854430799)	(81.0, 0.0003770594854430799)	(82.0, 0.0001077312815551657)	(83.0, 0.0)	(84.0, 5.386564077758285e-05)	(85.0, 5.386564077758285e-05)	(86.0, 0.00016159692233274852)	(87.0, 5.386564077758285e-05)	(88.0, 0.0)	(89.0, 0.0001077312815551657)	(90.0, 0.0)	(91.0, 0.0)	(92.0, 0.0)	(93.0, 0.0)	(94.0, 0.0)	(95.0, 5.386564077758285e-05)	(96.0, 0.0001077312815551657)	(97.0, 5.386564077758285e-05)	(98.0, 0.0)	(99.0, 0.0)	(100.0, 0.0)
SRR6419042_2	(0.0, 0.0)	(1.0, 0.0)	(2.0, 0.0)	(3.0, 0.0)	(4.0, 0.0)	(5.0, 0.0)	(6.0, 0.0)	(7.0, 0.0)	(8.0, 0.0)	(9.0, 0.0)	(10.0, 0.0)	(11.0, 0.0)	(12.0, 0.0)	(13.0, 0.0)	(14.0, 0.0)	(15.0, 0.0)	(16.0, 0.0)	(17.0, 0.0)	(18.0, 0.0)	(19.0, 0.0)	(20.0, 0.0)	(21.0, 0.0)	(22.0, 0.0)	(23.0, 0.0)	(24.0, 0.0)	(25.0, 0.0)	(26.0, 0.0)	(27.0, 0.0)	(28.0, 0.0)	(29.0, 0.0)	(30.0, 0.0)	(31.0, 0.0)	(32.0, 0.0)	(33.0, 0.00010879445409390811)	(34.0, 5.4397227046954054e-05)	(35.0, 0.0)	(36.0, 5.4397227046954054e-05)	(37.0, 0.00032638336228172434)	(38.0, 0.00032638336228172434)	(39.0, 0.00043517781637563243)	(40.0, 0.001087944540939081)	(41.0, 0.0034814225310050594)	(42.0, 0.019093426693480874)	(43.0, 0.0919857109363993)	(44.0, 0.08409811301459097)	(45.0, 0.11461495738793219)	(46.0, 0.23749829328700142)	(47.0, 0.7322410732790485)	(48.0, 5.057908568052835)	(49.0, 25.305916405605306)	(50.0, 12.218487550378631)	(51.0, 6.5833700061305676)	(52.0, 11.058629875283478)	(53.0, 17.334383562463522)	(54.0, 7.811387406715556)	(55.0, 8.823665404832322)	(56.0, 2.6868966327572483)	(57.0, 0.8313528209585987)	(58.0, 0.3132192333363614)	(59.0, 0.207199037821848)	(60.0, 0.22183189189747865)	(61.0, 0.1283774558308116)	(62.0, 0.08105186829996154)	(63.0, 0.024206766035894552)	(64.0, 0.006255681110399716)	(65.0, 0.002937450260535519)	(66.0, 0.005167736569460635)	(67.0, 0.0028286558064416108)	(68.0, 0.00549411993174236)	(69.0, 0.0026654641253007487)	(70.0, 0.0007071639516104027)	(71.0, 0.00038078058932867836)	(72.0, 0.00010879445409390811)	(73.0, 0.00010879445409390811)	(74.0, 5.4397227046954054e-05)	(75.0, 0.0)	(76.0, 0.0)	(77.0, 0.0)	(78.0, 0.0)	(79.0, 0.0)	(80.0, 0.0)	(81.0, 0.0)	(82.0, 0.0)	(83.0, 0.0)	(84.0, 0.0)	(85.0, 0.0)	(86.0, 0.0)	(87.0, 0.0)	(88.0, 0.0)	(89.0, 0.0)	(90.0, 0.0)	(91.0, 0.0)	(92.0, 0.0)	(93.0, 0.0)	(94.0, 0.0)	(95.0, 0.0)	(96.0, 0.0)	(97.0, 0.0)	(98.0, 0.0)	(99.0, 0.0)	(100.0, 0.0)
SRR6419043_1	(0.0, 0.0)	(1.0, 0.0)	(2.0, 0.0)	(3.0, 0.0)	(4.0, 0.0)	(5.0, 0.0)	(6.0, 0.0)	(7.0, 0.0)	(8.0, 0.0)	(9.0, 0.0)	(10.0, 0.0)	(11.0, 0.0)	(12.0, 0.0)	(13.0, 0.0)	(14.0, 0.0)	(15.0, 0.0)	(16.0, 0.0)	(17.0, 0.0)	(18.0, 0.0)	(19.0, 0.0)	(20.0, 0.0)	(21.0, 0.0)	(22.0, 0.0)	(23.0, 0.0)	(24.0, 0.0)	(25.0, 0.0)	(26.0, 0.0)	(27.0, 0.0)	(28.0, 0.0)	(29.0, 0.0)	(30.0, 0.0)	(31.0, 0.0)	(32.0, 0.0)	(33.0, 0.0)	(34.0, 0.0)	(35.0, 0.0)	(36.0, 0.0)	(37.0, 5.665825102778068e-05)	(38.0, 5.665825102778068e-05)	(39.0, 0.000169974753083342)	(40.0, 0.0011898232715833942)	(41.0, 0.00334283681063906)	(42.0, 0.013824613250778484)	(43.0, 0.08147456497794861)	(44.0, 0.053768680225363866)	(45.0, 0.07835836117142067)	(46.0, 0.22668966236215046)	(47.0, 0.3786470916186582)	(48.0, 1.105969060062279)	(49.0, 2.2884267590120615)	(50.0, 3.5107152084343736)	(51.0, 8.169326582691584)	(52.0, 6.32107777591435)	(53.0, 11.331820180309219)	(54.0, 12.398298439405133)	(55.0, 9.942786498112147)	(56.0, 8.184680968720112)	(57.0, 14.121955752172276)	(58.0, 12.977175790155968)	(59.0, 3.6628426124439653)	(60.0, 1.9933505876593798)	(61.0, 1.6724949120890578)	(62.0, 1.039508931606692)	(63.0, 0.28980695400709816)	(64.0, 0.08221112224130975)	(65.0, 0.02464633919708459)	(66.0, 0.01337134724255624)	(67.0, 0.01076506769527833)	(68.0, 0.014561170514139634)	(69.0, 0.004362685329139112)	(70.0, 0.0015297727777500783)	(71.0, 0.00022663300411112272)	(72.0, 0.00022663300411112272)	(73.0, 0.0)	(74.0, 0.0)	(75.0, 5.665825102778068e-05)	(76.0, 0.0)	(77.0, 0.0)	(78.0, 5.665825102778068e-05)	(79.0, 0.0)	(80.0, 0.0)	(81.0, 5.665825102778068e-05)	(82.0, 0.00011331650205556136)	(83.0, 0.0)	(84.0, 0.0)	(85.0, 0.0)	(86.0, 0.0)	(87.0, 0.0)	(88.0, 0.0)	(89.0, 0.0)	(90.0, 0.0)	(91.0, 0.0)	(92.0, 0.0)	(93.0, 0.0)	(94.0, 0.0)	(95.0, 0.0)	(96.0, 0.0)	(97.0, 0.0)	(98.0, 0.0)	(99.0, 0.0)	(100.0, 0.0)
SRR6419043_2	(0.0, 0.0)	(1.0, 0.0)	(2.0, 0.0)	(3.0, 0.0)	(4.0, 0.0)	(5.0, 0.0)	(6.0, 0.0)	(7.0, 0.0)	(8.0, 0.0)	(9.0, 0.0)	(10.0, 0.0)	(11.0, 0.0)	(12.0, 0.0)	(13.0, 0.0)	(14.0, 0.0)	(15.0, 0.0)	(16.0, 0.0)	(17.0, 0.0)	(18.0, 0.0)	(19.0, 0.0)	(20.0, 0.0)	(21.0, 0.0)	(22.0, 5.759200899356813e-05)	(23.0, 0.00011518401798713626)	(24.0, 0.00011518401798713626)	(25.0, 5.759200899356813e-05)	(26.0, 0.0002879600449678406)	(27.0, 0.00011518401798713626)	(28.0, 0.00034555205396140875)	(29.0, 0.00017277602698070437)	(30.0, 0.00034555205396140875)	(31.0, 0.00017277602698070437)	(32.0, 0.00017277602698070437)	(33.0, 0.0002879600449678406)	(34.0, 0.0002879600449678406)	(35.0, 0.0005759200899356812)	(36.0, 0.0008638801349035219)	(37.0, 0.0011518401798713625)	(38.0, 0.0012670241978584987)	(39.0, 0.001439800224839203)	(40.0, 0.0017277602698070437)	(41.0, 0.0044345846925047455)	(42.0, 0.005125688800427563)	(43.0, 0.008350841304067378)	(44.0, 0.011633585816700761)	(45.0, 0.01877499493190321)	(46.0, 0.03634055767494149)	(47.0, 0.06853449070234606)	(48.0, 0.16465555371261129)	(49.0, 0.3067926319087374)	(50.0, 0.6866695232303127)	(51.0, 2.285826836954719)	(52.0, 9.385596929654817)	(53.0, 20.582865686220305)	(54.0, 18.94304841414644)	(55.0, 10.092826800095834)	(56.0, 8.910808407511842)	(57.0, 10.2596708501502)	(58.0, 6.991785075837158)	(59.0, 6.604881959418367)	(60.0, 3.176832808094211)	(61.0, 0.923603048229852)	(62.0, 0.2990177106946057)	(63.0, 0.08857650983210778)	(64.0, 0.039853670223549145)	(65.0, 0.03893219807965205)	(66.0, 0.025110115921195702)	(67.0, 0.015089106356314849)	(68.0, 0.005989568935331085)	(69.0, 0.002649232413704134)	(70.0, 0.0016701682608134755)	(71.0, 0.00046073607194854505)	(72.0, 0.0006335120989292494)	(73.0, 0.0006335120989292494)	(74.0, 0.00046073607194854505)	(75.0, 0.00034555205396140875)	(76.0, 0.00011518401798713626)	(77.0, 0.00011518401798713626)	(78.0, 0.0002879600449678406)	(79.0, 0.00011518401798713626)	(80.0, 0.0002879600449678406)	(81.0, 0.00017277602698070437)	(82.0, 0.00011518401798713626)	(83.0, 5.759200899356813e-05)	(84.0, 0.00011518401798713626)	(85.0, 5.759200899356813e-05)	(86.0, 0.0)	(87.0, 0.00011518401798713626)	(88.0, 5.759200899356813e-05)	(89.0, 0.0)	(90.0, 0.0)	(91.0, 5.759200899356813e-05)	(92.0, 0.00011518401798713626)	(93.0, 5.759200899356813e-05)	(94.0, 5.759200899356813e-05)	(95.0, 0.0)	(96.0, 5.759200899356813e-05)	(97.0, 0.0)	(98.0, 0.0)	(99.0, 0.0)	(100.0, 0.0)
SRR6419044_1	(0.0, 0.0)	(1.0, 0.0)	(2.0, 0.0)	(3.0, 0.0)	(4.0, 0.0)	(5.0, 0.0)	(6.0, 0.0)	(7.0, 0.0)	(8.0, 0.0)	(9.0, 0.0)	(10.0, 0.0)	(11.0, 0.0)	(12.0, 0.0)	(13.0, 0.0)	(14.0, 0.0)	(15.0, 0.0)	(16.0, 0.0)	(17.0, 0.0)	(18.0, 0.0)	(19.0, 0.0)	(20.0, 0.0)	(21.0, 0.0)	(22.0, 0.0)	(23.0, 0.0)	(24.0, 0.0)	(25.0, 0.0)	(26.0, 0.0)	(27.0, 0.0)	(28.0, 0.0)	(29.0, 0.0)	(30.0, 0.0)	(31.0, 0.0)	(32.0, 0.0)	(33.0, 0.0)	(34.0, 0.0)	(35.0, 0.0)	(36.0, 4.93279315959707e-05)	(37.0, 4.93279315959707e-05)	(38.0, 0.0001479837947879121)	(39.0, 0.0002959675895758242)	(40.0, 0.0006905910423435898)	(41.0, 0.0010852144951113553)	(42.0, 0.0057713679967285715)	(43.0, 0.019928484364772164)	(44.0, 0.028906167915238826)	(45.0, 0.04197806978817106)	(46.0, 0.11414483371307618)	(47.0, 0.23406103542288093)	(48.0, 0.8070542888416765)	(49.0, 2.2044652630239305)	(50.0, 2.873401343396889)	(51.0, 8.168113537113596)	(52.0, 6.281862760815272)	(53.0, 17.871164321699013)	(54.0, 21.595373829263202)	(55.0, 10.748802934419995)	(56.0, 7.159258680112803)	(57.0, 9.158519747697495)	(58.0, 8.22607385673886)	(59.0, 2.1213970262163158)	(60.0, 0.9030464437274356)	(61.0, 0.7264524486138605)	(62.0, 0.4602296017904066)	(63.0, 0.13900611123744544)	(64.0, 0.05593787442983077)	(65.0, 0.016179561563478388)	(66.0, 0.010309537703557876)	(67.0, 0.008928355618870697)	(68.0, 0.01193735944622491)	(69.0, 0.0036995948696978025)	(70.0, 0.000986558631919414)	(71.0, 0.0002466396579798535)	(72.0, 0.0001973117263838828)	(73.0, 4.93279315959707e-05)	(74.0, 0.0)	(75.0, 4.93279315959707e-05)	(76.0, 9.86558631919414e-05)	(77.0, 0.0)	(78.0, 0.0)	(79.0, 0.0)	(80.0, 0.0)	(81.0, 0.0)	(82.0, 0.0)	(83.0, 0.0)	(84.0, 0.0)	(85.0, 0.0)	(86.0, 4.93279315959707e-05)	(87.0, 0.0)	(88.0, 0.0)	(89.0, 0.0)	(90.0, 0.0)	(91.0, 0.0)	(92.0, 0.0)	(93.0, 0.0)	(94.0, 0.0)	(95.0, 0.0)	(96.0, 0.0)	(97.0, 0.0)	(98.0, 0.0)	(99.0, 0.0)	(100.0, 0.0)
SRR6419044_2	(0.0, 0.0)	(1.0, 0.0)	(2.0, 0.0)	(3.0, 0.0)	(4.0, 0.0)	(5.0, 0.0)	(6.0, 0.0)	(7.0, 0.0)	(8.0, 0.0)	(9.0, 0.0)	(10.0, 0.0)	(11.0, 0.0)	(12.0, 0.0)	(13.0, 0.0)	(14.0, 0.0)	(15.0, 0.0)	(16.0, 0.0)	(17.0, 0.0)	(18.0, 0.0)	(19.0, 5.124336910803742e-05)	(20.0, 0.0)	(21.0, 0.0)	(22.0, 5.124336910803742e-05)	(23.0, 5.124336910803742e-05)	(24.0, 5.124336910803742e-05)	(25.0, 0.00015373010732411225)	(26.0, 0.00020497347643214968)	(27.0, 0.0002562168455401871)	(28.0, 0.00015373010732411225)	(29.0, 0.00015373010732411225)	(30.0, 0.00020497347643214968)	(31.0, 0.00046119032197233675)	(32.0, 0.000614920429296449)	(33.0, 0.0006661637984044864)	(34.0, 0.0005124336910803742)	(35.0, 0.00040994695286429935)	(36.0, 0.0006661637984044864)	(37.0, 0.0008711372748366361)	(38.0, 0.00158854444234916)	(39.0, 0.00317708888469832)	(40.0, 0.003996982790426919)	(41.0, 0.005995474185640379)	(42.0, 0.011427271311092344)	(43.0, 0.016807825067436274)	(44.0, 0.02603163150688301)	(45.0, 0.04181458919215853)	(46.0, 0.06728254363885314)	(47.0, 0.12308657259750587)	(48.0, 0.2397677240565071)	(49.0, 0.4873244402174359)	(50.0, 1.3951519673354267)	(51.0, 4.857461444489084)	(52.0, 18.76639787811457)	(53.0, 20.962534947977733)	(54.0, 15.126120180048702)	(55.0, 7.622963588511647)	(56.0, 6.0064402666294985)	(57.0, 6.1069285134503595)	(58.0, 4.769527823099691)	(59.0, 8.097169726237425)	(60.0, 4.134366263005567)	(61.0, 0.7352398599621209)	(62.0, 0.197184484327728)	(63.0, 0.06328556084842621)	(64.0, 0.03233456590717161)	(65.0, 0.039611124320512926)	(66.0, 0.023469463051481138)	(67.0, 0.015936687792599637)	(68.0, 0.00635417776939664)	(69.0, 0.002203464871645609)	(70.0, 0.0011273541203768232)	(71.0, 0.0006661637984044864)	(72.0, 0.0007686505366205613)	(73.0, 0.00046119032197233675)	(74.0, 0.0002562168455401871)	(75.0, 0.0003587035837562619)	(76.0, 0.00015373010732411225)	(77.0, 0.00020497347643214968)	(78.0, 0.00020497347643214968)	(79.0, 0.00020497347643214968)	(80.0, 5.124336910803742e-05)	(81.0, 5.124336910803742e-05)	(82.0, 0.00010248673821607484)	(83.0, 0.00015373010732411225)	(84.0, 5.124336910803742e-05)	(85.0, 5.124336910803742e-05)	(86.0, 0.00010248673821607484)	(87.0, 0.0)	(88.0, 0.0)	(89.0, 5.124336910803742e-05)	(90.0, 0.00010248673821607484)	(91.0, 0.00010248673821607484)	(92.0, 0.00015373010732411225)	(93.0, 0.00010248673821607484)	(94.0, 0.0)	(95.0, 0.0)	(96.0, 0.0)	(97.0, 0.0)	(98.0, 0.0)	(99.0, 0.0)	(100.0, 0.0)
SRR6419045_1	(0.0, 0.0)	(1.0, 0.0)	(2.0, 0.0)	(3.0, 0.0)	(4.0, 0.0)	(5.0, 0.0)	(6.0, 0.0)	(7.0, 0.0)	(8.0, 0.0)	(9.0, 0.0)	(10.0, 0.0)	(11.0, 0.0)	(12.0, 0.0)	(13.0, 0.0)	(14.0, 0.0)	(15.0, 0.0)	(16.0, 0.0)	(17.0, 0.0)	(18.0, 0.0)	(19.0, 0.0)	(20.0, 0.0)	(21.0, 0.0)	(22.0, 5.4291940795724405e-05)	(23.0, 5.4291940795724405e-05)	(24.0, 5.4291940795724405e-05)	(25.0, 5.4291940795724405e-05)	(26.0, 0.00010858388159144881)	(27.0, 0.000271459703978622)	(28.0, 0.00038004358557007083)	(29.0, 0.000271459703978622)	(30.0, 0.000271459703978622)	(31.0, 5.4291940795724405e-05)	(32.0, 0.0001628758223871732)	(33.0, 0.000271459703978622)	(34.0, 0.000542919407957244)	(35.0, 0.0005972113487529684)	(36.0, 0.0010315468751187636)	(37.0, 0.00135729851989311)	(38.0, 0.0011401307567102123)	(39.0, 0.0014115904606888344)	(40.0, 0.0027688889805819444)	(41.0, 0.0041261875004750545)	(42.0, 0.006949368421852724)	(43.0, 0.011672767271080747)	(44.0, 0.01873071957452492)	(45.0, 0.02986056743764842)	(46.0, 0.0502743371768408)	(47.0, 0.09951712747856283)	(48.0, 0.2574523832533251)	(49.0, 0.6021519153653793)	(50.0, 2.4077932823495813)	(51.0, 3.7631915843148414)	(52.0, 4.4859259001875245)	(53.0, 10.886945720003432)	(54.0, 12.837600860853012)	(55.0, 15.985664755952298)	(56.0, 13.840101547646064)	(57.0, 12.42101879912742)	(58.0, 8.008929938422082)	(59.0, 8.410364548665667)	(60.0, 4.366537922377726)	(61.0, 0.9455484408983361)	(62.0, 0.3027318618769593)	(63.0, 0.1207995682704868)	(64.0, 0.0502743371768408)	(65.0, 0.02415991365409736)	(66.0, 0.019219347041686437)	(67.0, 0.015093159541211383)	(68.0, 0.007003660362648448)	(69.0, 0.002986056743764842)	(70.0, 0.001085838815914488)	(71.0, 0.0011401307567102123)	(72.0, 0.0005972113487529684)	(73.0, 0.00038004358557007083)	(74.0, 0.0004886274671615196)	(75.0, 0.000271459703978622)	(76.0, 0.00038004358557007083)	(77.0, 0.0001628758223871732)	(78.0, 0.0001628758223871732)	(79.0, 0.00010858388159144881)	(80.0, 0.00021716776318289762)	(81.0, 0.00010858388159144881)	(82.0, 0.0001628758223871732)	(83.0, 0.00021716776318289762)	(84.0, 0.00010858388159144881)	(85.0, 5.4291940795724405e-05)	(86.0, 0.00021716776318289762)	(87.0, 0.0001628758223871732)	(88.0, 5.4291940795724405e-05)	(89.0, 5.4291940795724405e-05)	(90.0, 0.0)	(91.0, 0.0)	(92.0, 5.4291940795724405e-05)	(93.0, 0.0)	(94.0, 5.4291940795724405e-05)	(95.0, 0.0)	(96.0, 5.4291940795724405e-05)	(97.0, 5.4291940795724405e-05)	(98.0, 5.4291940795724405e-05)	(99.0, 0.00010858388159144881)	(100.0, 0.0)
SRR6419045_2	(0.0, 0.0)	(1.0, 0.0)	(2.0, 0.0)	(3.0, 0.0)	(4.0, 0.0)	(5.0, 0.0)	(6.0, 0.0)	(7.0, 0.0)	(8.0, 0.0)	(9.0, 0.0)	(10.0, 0.0)	(11.0, 0.0)	(12.0, 0.0)	(13.0, 0.0)	(14.0, 0.0)	(15.0, 0.0)	(16.0, 0.0)	(17.0, 0.0)	(18.0, 0.0)	(19.0, 0.0)	(20.0, 0.0)	(21.0, 0.0)	(22.0, 0.0)	(23.0, 0.0)	(24.0, 0.0)	(25.0, 0.0)	(26.0, 0.0)	(27.0, 0.0)	(28.0, 0.0)	(29.0, 0.0)	(30.0, 0.0)	(31.0, 0.0)	(32.0, 0.0)	(33.0, 0.0)	(34.0, 5.449145846388579e-05)	(35.0, 0.00021796583385554316)	(36.0, 0.001307795003133259)	(37.0, 0.009154565021932811)	(38.0, 0.0337302127891453)	(39.0, 0.013132441489796474)	(40.0, 0.004849739803285835)	(41.0, 0.006266517723346865)	(42.0, 0.022069040677873745)	(43.0, 0.08642345312372285)	(44.0, 0.35408549709832987)	(45.0, 1.5118110236220472)	(46.0, 1.0877040023976243)	(47.0, 0.8570961501784595)	(48.0, 3.1319510666702994)	(49.0, 12.077214396643326)	(50.0, 7.989210691224151)	(51.0, 11.735988883742474)	(52.0, 8.755088139934065)	(53.0, 9.527668038035038)	(54.0, 8.840149306596192)	(55.0, 10.437184971255755)	(56.0, 8.465684004032369)	(57.0, 5.6028662507152)	(58.0, 3.3313898046481216)	(59.0, 1.6335449418303682)	(60.0, 1.738440999373348)	(61.0, 1.5173691523853636)	(62.0, 0.7395580742718579)	(63.0, 0.3085851292809852)	(64.0, 0.10168106149361086)	(65.0, 0.03024275944745661)	(66.0, 0.019725907963926655)	(67.0, 0.010571342941993842)	(68.0, 0.009971936898891098)	(69.0, 0.0044138081355747484)	(70.0, 0.002724572923194289)	(71.0, 0.0005449145846388579)	(72.0, 0.00016347437539165736)	(73.0, 0.00010898291692777158)	(74.0, 5.449145846388579e-05)	(75.0, 0.0)	(76.0, 0.0)	(77.0, 0.0)	(78.0, 0.0)	(79.0, 0.0)	(80.0, 0.0)	(81.0, 0.0)	(82.0, 0.0)	(83.0, 0.0)	(84.0, 0.0)	(85.0, 0.0)	(86.0, 0.0)	(87.0, 0.0)	(88.0, 0.0)	(89.0, 0.0)	(90.0, 0.0)	(91.0, 0.0)	(92.0, 0.0)	(93.0, 0.0)	(94.0, 0.0)	(95.0, 0.0)	(96.0, 0.0)	(97.0, 0.0)	(98.0, 0.0)	(99.0, 0.0)	(100.0, 0.0)
SRR6419046_1	(0.0, 0.0)	(1.0, 0.0)	(2.0, 0.0)	(3.0, 0.0)	(4.0, 0.0)	(5.0, 0.0)	(6.0, 0.0)	(7.0, 0.0)	(8.0, 0.0)	(9.0, 0.0)	(10.0, 0.0)	(11.0, 0.0)	(12.0, 0.0)	(13.0, 0.0)	(14.0, 0.0)	(15.0, 0.0)	(16.0, 0.0)	(17.0, 0.0)	(18.0, 0.0)	(19.0, 0.0)	(20.0, 0.0)	(21.0, 0.0)	(22.0, 0.0)	(23.0, 0.0)	(24.0, 0.0)	(25.0, 0.0)	(26.0, 0.0)	(27.0, 0.0)	(28.0, 0.0)	(29.0, 0.0)	(30.0, 0.0)	(31.0, 0.0)	(32.0, 0.0)	(33.0, 0.0)	(34.0, 9.873222881588958e-05)	(35.0, 0.0)	(36.0, 9.873222881588958e-05)	(37.0, 0.0003949289152635583)	(38.0, 0.0006417594873032822)	(39.0, 0.0004936611440794479)	(40.0, 0.00044429502967150303)	(41.0, 0.0029126007500687424)	(42.0, 0.014908566551199326)	(43.0, 0.06619995942105396)	(44.0, 0.05529004813689816)	(45.0, 0.06067095460736414)	(46.0, 0.12474817110887647)	(47.0, 0.35020321560996026)	(48.0, 2.39094901911999)	(49.0, 12.493329403790627)	(50.0, 8.000371233180347)	(51.0, 10.006363292147185)	(52.0, 10.708744367943423)	(53.0, 13.368738710586712)	(54.0, 11.978835759431027)	(55.0, 18.82996384919442)	(56.0, 8.348501071985174)	(57.0, 2.3332893974915105)	(58.0, 0.5467790831823964)	(59.0, 0.18122300599156532)	(60.0, 0.07691240624757797)	(61.0, 0.03351959168299451)	(62.0, 0.013575681462184814)	(63.0, 0.004887245326386534)	(64.0, 0.0017278140042780675)	(65.0, 0.0008885900593430061)	(66.0, 0.0008392239449350613)	(67.0, 0.0006417594873032822)	(68.0, 0.0014316173178303988)	(69.0, 0.0007898578305271166)	(70.0, 0.0003455628008556135)	(71.0, 4.936611440794479e-05)	(72.0, 4.936611440794479e-05)	(73.0, 4.936611440794479e-05)	(74.0, 0.0)	(75.0, 0.0)	(76.0, 4.936611440794479e-05)	(77.0, 4.936611440794479e-05)	(78.0, 0.0)	(79.0, 0.0)	(80.0, 0.0)	(81.0, 0.0)	(82.0, 0.0)	(83.0, 0.0)	(84.0, 0.0)	(85.0, 0.0)	(86.0, 0.0)	(87.0, 0.0)	(88.0, 0.0)	(89.0, 0.0)	(90.0, 0.0)	(91.0, 0.0)	(92.0, 0.0)	(93.0, 0.0)	(94.0, 0.0)	(95.0, 0.0)	(96.0, 0.0)	(97.0, 0.0)	(98.0, 0.0)	(99.0, 0.0)	(100.0, 0.0)
SRR6419046_2	(0.0, 0.0)	(1.0, 0.0)	(2.0, 0.0)	(3.0, 0.0)	(4.0, 0.0)	(5.0, 0.0)	(6.0, 0.0)	(7.0, 0.0)	(8.0, 0.0)	(9.0, 0.0)	(10.0, 0.0)	(11.0, 0.0)	(12.0, 0.0)	(13.0, 0.0)	(14.0, 0.0)	(15.0, 0.0)	(16.0, 0.0)	(17.0, 0.0)	(18.0, 0.0)	(19.0, 0.0)	(20.0, 0.0)	(21.0, 0.0)	(22.0, 0.0)	(23.0, 0.0)	(24.0, 9.895337020335907e-05)	(25.0, 9.895337020335907e-05)	(26.0, 4.9476685101679535e-05)	(27.0, 0.0001484300553050386)	(28.0, 0.00019790674040671814)	(29.0, 0.0003958134808134363)	(30.0, 0.00024738342550839767)	(31.0, 0.00024738342550839767)	(32.0, 0.00019790674040671814)	(33.0, 0.0003958134808134363)	(34.0, 0.00044529016591511583)	(35.0, 0.0005442435361184748)	(36.0, 0.0005937202212201544)	(37.0, 0.0005937202212201544)	(38.0, 0.0009400570169319112)	(39.0, 0.0016822072934571041)	(40.0, 0.00212749745937222)	(41.0, 0.003413891272015888)	(42.0, 0.0057887721568965055)	(43.0, 0.009202663428912393)	(44.0, 0.014348238679487067)	(45.0, 0.02246241503616251)	(46.0, 0.03681065371564957)	(47.0, 0.06194480974730278)	(48.0, 0.1296289149664004)	(49.0, 0.4331189013801026)	(50.0, 2.7259674423621356)	(51.0, 3.8121291103993067)	(52.0, 2.327432743868107)	(53.0, 3.7442965751249035)	(54.0, 5.4224467804036705)	(55.0, 11.900874450932488)	(56.0, 14.714860916090512)	(57.0, 15.74615294034992)	(58.0, 8.556349491429154)	(59.0, 19.133871045947018)	(60.0, 9.382362749201693)	(61.0, 1.2853548022565326)	(62.0, 0.318976188850528)	(63.0, 0.11028353109164368)	(64.0, 0.04210465902152928)	(65.0, 0.01929590718965502)	(66.0, 0.010736440667064459)	(67.0, 0.0061351089526082625)	(68.0, 0.003413891272015888)	(69.0, 0.0026717409954906952)	(70.0, 0.0018306373487621428)	(71.0, 0.0013853471828470271)	(72.0, 0.0014843005530503861)	(73.0, 0.0007916269616268726)	(74.0, 0.0004947668510167953)	(75.0, 0.0003463367957117568)	(76.0, 0.0002968601106100772)	(77.0, 0.0003463367957117568)	(78.0, 0.00019790674040671814)	(79.0, 9.895337020335907e-05)	(80.0, 0.0001484300553050386)	(81.0, 0.00044529016591511583)	(82.0, 0.0001484300553050386)	(83.0, 0.0001484300553050386)	(84.0, 9.895337020335907e-05)	(85.0, 9.895337020335907e-05)	(86.0, 0.0)	(87.0, 0.0)	(88.0, 4.9476685101679535e-05)	(89.0, 0.0)	(90.0, 4.9476685101679535e-05)	(91.0, 4.9476685101679535e-05)	(92.0, 0.0)	(93.0, 0.0)	(94.0, 0.0)	(95.0, 0.0)	(96.0, 4.9476685101679535e-05)	(97.0, 0.0)	(98.0, 0.0)	(99.0, 0.0)	(100.0, 0.0)
SRR6419047_1	(0.0, 0.0)	(1.0, 0.0)	(2.0, 0.0)	(3.0, 0.0)	(4.0, 0.0)	(5.0, 0.0)	(6.0, 0.0)	(7.0, 0.0)	(8.0, 0.0)	(9.0, 0.0)	(10.0, 0.0)	(11.0, 0.0)	(12.0, 0.0)	(13.0, 0.0)	(14.0, 0.0)	(15.0, 0.0)	(16.0, 0.0)	(17.0, 0.0)	(18.0, 0.0)	(19.0, 0.0)	(20.0, 0.0)	(21.0, 0.0)	(22.0, 0.0)	(23.0, 0.0)	(24.0, 5.751076170128335e-05)	(25.0, 0.00017253228510385007)	(26.0, 5.751076170128335e-05)	(27.0, 0.0)	(28.0, 0.0001150215234025667)	(29.0, 0.00017253228510385007)	(30.0, 0.0001150215234025667)	(31.0, 0.0004025753319089835)	(32.0, 0.00034506457020770014)	(33.0, 0.00034506457020770014)	(34.0, 0.0002875538085064168)	(35.0, 0.000805150663817967)	(36.0, 0.000805150663817967)	(37.0, 0.0009201721872205336)	(38.0, 0.0007476399021166836)	(39.0, 0.000977682948921817)	(40.0, 0.0016678120893372172)	(41.0, 0.002242919706350051)	(42.0, 0.004083264080791118)	(43.0, 0.0067287591190501525)	(44.0, 0.010581980153036137)	(45.0, 0.018460954506111956)	(46.0, 0.029963106846368628)	(47.0, 0.05164466400775246)	(48.0, 0.134977757712912)	(49.0, 0.22866278852430263)	(50.0, 0.5724046112128732)	(51.0, 0.8845155149657379)	(52.0, 1.4080359787325203)	(53.0, 4.166827217543083)	(54.0, 6.779943696964294)	(55.0, 19.507362815266806)	(56.0, 17.830464025580785)	(57.0, 13.26054387927341)	(58.0, 8.309902490503536)	(59.0, 15.62762932013653)	(60.0, 8.446663081829188)	(61.0, 1.7704687989740082)	(62.0, 0.5411762676090763)	(63.0, 0.1947889498822467)	(64.0, 0.0811476847605108)	(65.0, 0.04641118469293566)	(66.0, 0.03203349426761483)	(67.0, 0.02122147106777356)	(68.0, 0.00908670034880277)	(69.0, 0.004025753319089834)	(70.0, 0.0023004304680513342)	(71.0, 0.0017253228510385004)	(72.0, 0.0012652367574282337)	(73.0, 0.0006326183787141169)	(74.0, 0.0006326183787141169)	(75.0, 0.0005175968553115503)	(76.0, 0.0005751076170128336)	(77.0, 0.0002300430468051334)	(78.0, 0.00017253228510385007)	(79.0, 5.751076170128335e-05)	(80.0, 0.0004025753319089835)	(81.0, 0.0002875538085064168)	(82.0, 5.751076170128335e-05)	(83.0, 0.0001150215234025667)	(84.0, 0.0001150215234025667)	(85.0, 5.751076170128335e-05)	(86.0, 0.00017253228510385007)	(87.0, 5.751076170128335e-05)	(88.0, 0.0)	(89.0, 0.0001150215234025667)	(90.0, 0.0001150215234025667)	(91.0, 5.751076170128335e-05)	(92.0, 5.751076170128335e-05)	(93.0, 5.751076170128335e-05)	(94.0, 5.751076170128335e-05)	(95.0, 0.0001150215234025667)	(96.0, 5.751076170128335e-05)	(97.0, 0.0)	(98.0, 0.0)	(99.0, 0.0)	(100.0, 0.0)
SRR6419047_2	(0.0, 0.0)	(1.0, 0.0)	(2.0, 0.0)	(3.0, 0.0)	(4.0, 0.0)	(5.0, 0.0)	(6.0, 0.0)	(7.0, 0.0)	(8.0, 0.0)	(9.0, 0.0)	(10.0, 0.0)	(11.0, 0.0)	(12.0, 0.0)	(13.0, 0.0)	(14.0, 0.0)	(15.0, 0.0)	(16.0, 0.0)	(17.0, 0.0)	(18.0, 0.0)	(19.0, 0.0)	(20.0, 0.0)	(21.0, 0.0)	(22.0, 0.0)	(23.0, 0.0)	(24.0, 0.0)	(25.0, 0.0)	(26.0, 0.0)	(27.0, 0.0)	(28.0, 0.0)	(29.0, 0.0)	(30.0, 0.0)	(31.0, 0.0)	(32.0, 0.0)	(33.0, 0.00011672922380318986)	(34.0, 0.0)	(35.0, 0.0)	(36.0, 5.836461190159493e-05)	(37.0, 0.0001750938357047848)	(38.0, 0.0006420107309175442)	(39.0, 0.0005836461190159493)	(40.0, 0.0009921984023271138)	(41.0, 0.0028598659831781514)	(42.0, 0.007470670323404151)	(43.0, 0.019201957315624733)	(44.0, 0.06029064409434756)	(45.0, 0.15962721355086215)	(46.0, 0.34359247026468936)	(47.0, 0.7900817513118906)	(48.0, 4.991925255943414)	(49.0, 20.30668268969812)	(50.0, 6.894144687040196)	(51.0, 6.980174124983147)	(52.0, 7.926906494638919)	(53.0, 10.321548156349456)	(54.0, 10.626970170430504)	(55.0, 17.168475872361263)	(56.0, 6.61907227114798)	(57.0, 2.7853927383917165)	(58.0, 1.0547652662856237)	(59.0, 0.989163442508231)	(60.0, 0.5699887998309761)	(61.0, 0.6393259587700708)	(62.0, 0.4649908630200068)	(63.0, 0.14824611423005113)	(64.0, 0.04610804340225999)	(65.0, 0.016984102063364124)	(66.0, 0.021945094074999692)	(67.0, 0.014882976034906709)	(68.0, 0.017509383570478477)	(69.0, 0.006069919637765872)	(70.0, 0.0021011260284574174)	(71.0, 0.0005252815071143544)	(72.0, 0.00029182305950797464)	(73.0, 5.836461190159493e-05)	(74.0, 5.836461190159493e-05)	(75.0, 0.0)	(76.0, 0.0)	(77.0, 0.0)	(78.0, 0.0)	(79.0, 0.0)	(80.0, 0.0)	(81.0, 0.0)	(82.0, 0.0)	(83.0, 0.0)	(84.0, 0.0)	(85.0, 0.0)	(86.0, 0.0)	(87.0, 0.0)	(88.0, 0.0)	(89.0, 0.0)	(90.0, 0.0)	(91.0, 0.0)	(92.0, 0.0)	(93.0, 0.0)	(94.0, 0.0)	(95.0, 0.0)	(96.0, 0.0)	(97.0, 0.0)	(98.0, 0.0)	(99.0, 0.0)	(100.0, 0.0)
SRR6419048_1	(0.0, 0.0)	(1.0, 0.0)	(2.0, 0.0)	(3.0, 0.0)	(4.0, 0.0)	(5.0, 0.0)	(6.0, 0.0)	(7.0, 0.0)	(8.0, 0.0)	(9.0, 0.0)	(10.0, 0.0)	(11.0, 0.0)	(12.0, 0.0)	(13.0, 0.0)	(14.0, 0.0)	(15.0, 0.0)	(16.0, 0.0)	(17.0, 0.0)	(18.0, 0.0)	(19.0, 0.0)	(20.0, 0.0)	(21.0, 0.0)	(22.0, 0.0)	(23.0, 0.0)	(24.0, 0.0)	(25.0, 4.767148625392694e-05)	(26.0, 4.767148625392694e-05)	(27.0, 9.534297250785388e-05)	(28.0, 0.00014301445876178083)	(29.0, 4.767148625392694e-05)	(30.0, 0.0002383574312696347)	(31.0, 0.00042904337628534245)	(32.0, 0.0005720578350471233)	(33.0, 0.0003337004037774886)	(34.0, 0.0004767148625392694)	(35.0, 0.0003337004037774886)	(36.0, 0.0005243863487931963)	(37.0, 0.0006674008075549772)	(38.0, 0.0009534297250785388)	(39.0, 0.0013348016151099543)	(40.0, 0.0012394586426021004)	(41.0, 0.001525487560125662)	(42.0, 0.0018115164776492238)	(43.0, 0.002907960661489543)	(44.0, 0.004433448221615205)	(45.0, 0.00762743780062831)	(46.0, 0.011584171159704245)	(47.0, 0.017829135858968673)	(48.0, 0.029031935128641502)	(49.0, 0.06297403334143749)	(50.0, 0.245317468262708)	(51.0, 0.3872354828406485)	(52.0, 0.42031949430087384)	(53.0, 0.906377968145913)	(54.0, 2.9060061305531324)	(55.0, 13.401789587593974)	(56.0, 19.49463457422212)	(57.0, 20.812322125766915)	(58.0, 11.603907155013372)	(59.0, 19.322540508845446)	(60.0, 8.699664869451635)	(61.0, 1.1679514132212099)	(62.0, 0.2926075826266035)	(63.0, 0.10049149302327799)	(64.0, 0.04018706291206041)	(65.0, 0.018019821803984384)	(66.0, 0.010630741434625708)	(67.0, 0.007389080369358675)	(68.0, 0.0033846755240288127)	(69.0, 0.0026696032302199087)	(70.0, 0.0024789172852042007)	(71.0, 0.001525487560125662)	(72.0, 0.0010487726975863926)	(73.0, 0.0010487726975863926)	(74.0, 0.0009057582388246119)	(75.0, 0.00042904337628534245)	(76.0, 0.00019068594501570776)	(77.0, 0.0003337004037774886)	(78.0, 0.0002383574312696347)	(79.0, 4.767148625392694e-05)	(80.0, 0.00014301445876178083)	(81.0, 4.767148625392694e-05)	(82.0, 0.0002383574312696347)	(83.0, 0.0003337004037774886)	(84.0, 0.0)	(85.0, 9.534297250785388e-05)	(86.0, 4.767148625392694e-05)	(87.0, 4.767148625392694e-05)	(88.0, 4.767148625392694e-05)	(89.0, 0.0)	(90.0, 0.0)	(91.0, 0.0)	(92.0, 0.0)	(93.0, 0.0)	(94.0, 0.0)	(95.0, 0.0)	(96.0, 0.0)	(97.0, 0.0)	(98.0, 4.767148625392694e-05)	(99.0, 4.767148625392694e-05)	(100.0, 0.0)
SRR6419048_2	(0.0, 0.0)	(1.0, 0.0)	(2.0, 0.0)	(3.0, 0.0)	(4.0, 0.0)	(5.0, 0.0)	(6.0, 0.0)	(7.0, 0.0)	(8.0, 0.0)	(9.0, 0.0)	(10.0, 0.0)	(11.0, 0.0)	(12.0, 0.0)	(13.0, 0.0)	(14.0, 0.0)	(15.0, 0.0)	(16.0, 0.0)	(17.0, 0.0)	(18.0, 0.0)	(19.0, 0.0)	(20.0, 0.0)	(21.0, 0.0)	(22.0, 0.0)	(23.0, 0.0)	(24.0, 0.0)	(25.0, 0.0)	(26.0, 0.0)	(27.0, 0.0)	(28.0, 0.0)	(29.0, 0.0)	(30.0, 0.0)	(31.0, 0.0)	(32.0, 0.0)	(33.0, 0.0)	(34.0, 0.0)	(35.0, 4.780507766412917e-05)	(36.0, 9.561015532825834e-05)	(37.0, 9.561015532825834e-05)	(38.0, 0.00014341523299238752)	(39.0, 4.780507766412917e-05)	(40.0, 0.00043024569897716255)	(41.0, 0.0007648812426260667)	(42.0, 0.0031551351258325253)	(43.0, 0.01912203106565167)	(44.0, 0.03446746099583713)	(45.0, 0.04029968047086089)	(46.0, 0.09943456154138867)	(47.0, 0.3210589015922915)	(48.0, 2.415447159135455)	(49.0, 10.450859248465935)	(50.0, 4.607740215734755)	(51.0, 11.260342628552635)	(52.0, 14.443204699430353)	(53.0, 13.109921083377793)	(54.0, 12.103385173159552)	(55.0, 18.721854760525243)	(56.0, 8.740106739177408)	(57.0, 2.766336429190163)	(58.0, 0.5255690238394362)	(59.0, 0.18481443024952338)	(60.0, 0.06434563453591786)	(61.0, 0.045558239013915106)	(62.0, 0.023854733754400458)	(63.0, 0.006597100717649826)	(64.0, 0.0023424488055423295)	(65.0, 0.0012907370969314877)	(66.0, 0.0022946437278782003)	(67.0, 0.001912203106565167)	(68.0, 0.0021512284948858127)	(69.0, 0.0003346355436489042)	(70.0, 0.00019122031065651668)	(71.0, 9.561015532825834e-05)	(72.0, 0.0)	(73.0, 4.780507766412917e-05)	(74.0, 4.780507766412917e-05)	(75.0, 0.0)	(76.0, 0.0)	(77.0, 4.780507766412917e-05)	(78.0, 0.0)	(79.0, 0.0)	(80.0, 4.780507766412917e-05)	(81.0, 0.0)	(82.0, 0.0)	(83.0, 0.0)	(84.0, 4.780507766412917e-05)	(85.0, 0.0)	(86.0, 0.0)	(87.0, 0.0)	(88.0, 0.0)	(89.0, 0.0)	(90.0, 0.0)	(91.0, 4.780507766412917e-05)	(92.0, 0.0)	(93.0, 0.0)	(94.0, 0.0)	(95.0, 0.0)	(96.0, 0.0)	(97.0, 0.0)	(98.0, 0.0)	(99.0, 0.0)	(100.0, 0.0)
SRR6419049_1	(0.0, 0.0)	(1.0, 0.0)	(2.0, 0.0)	(3.0, 0.0)	(4.0, 0.0)	(5.0, 0.0)	(6.0, 0.0)	(7.0, 0.0)	(8.0, 0.0)	(9.0, 0.0)	(10.0, 0.0)	(11.0, 0.0)	(12.0, 0.0)	(13.0, 0.0)	(14.0, 0.0)	(15.0, 0.0)	(16.0, 0.0)	(17.0, 0.0)	(18.0, 0.0)	(19.0, 0.0)	(20.0, 0.0)	(21.0, 0.0)	(22.0, 0.0)	(23.0, 0.0)	(24.0, 0.0)	(25.0, 0.0)	(26.0, 0.0)	(27.0, 0.0)	(28.0, 0.0)	(29.0, 0.0)	(30.0, 9.883615485846416e-05)	(31.0, 0.0)	(32.0, 0.0)	(33.0, 0.0)	(34.0, 0.0)	(35.0, 4.941807742923208e-05)	(36.0, 0.0)	(37.0, 9.883615485846416e-05)	(38.0, 0.00014825423228769625)	(39.0, 0.00039534461943385664)	(40.0, 0.0005435988517215528)	(41.0, 0.001235451935730802)	(42.0, 0.003656937729763174)	(43.0, 0.02045908405570208)	(44.0, 0.03133106109013314)	(45.0, 0.03567985190390556)	(46.0, 0.08193517237766679)	(47.0, 0.23547713895029085)	(48.0, 1.3293957009237722)	(49.0, 6.754314568795153)	(50.0, 6.154132018417129)	(51.0, 10.063596123843679)	(52.0, 11.216964632964526)	(53.0, 7.109383455124185)	(54.0, 13.962039998003508)	(55.0, 25.32276181820967)	(56.0, 12.461904839561742)	(57.0, 4.077534986763368)	(58.0, 0.7186871000533221)	(59.0, 0.24570668097814188)	(60.0, 0.09211529632808858)	(61.0, 0.04116525849855032)	(62.0, 0.02070617444284824)	(63.0, 0.008401073162969454)	(64.0, 0.0029156665683246923)	(65.0, 0.0014331242454477303)	(66.0, 0.0014825423228769623)	(67.0, 0.0011366157808723378)	(68.0, 0.0018778869423108188)	(69.0, 0.0008401073162969453)	(70.0, 0.00014825423228769625)	(71.0, 4.941807742923208e-05)	(72.0, 9.883615485846416e-05)	(73.0, 4.941807742923208e-05)	(74.0, 0.0)	(75.0, 0.0)	(76.0, 0.0)	(77.0, 4.941807742923208e-05)	(78.0, 0.0)	(79.0, 0.0)	(80.0, 0.0)	(81.0, 0.0)	(82.0, 0.0)	(83.0, 0.0)	(84.0, 0.0)	(85.0, 0.0)	(86.0, 0.0)	(87.0, 0.0)	(88.0, 0.0)	(89.0, 0.0)	(90.0, 0.0)	(91.0, 0.0)	(92.0, 0.0)	(93.0, 0.0)	(94.0, 0.0)	(95.0, 0.0)	(96.0, 0.0)	(97.0, 0.0)	(98.0, 0.0)	(99.0, 0.0)	(100.0, 0.0)
SRR6419049_2	(0.0, 0.0)	(1.0, 0.0)	(2.0, 0.0)	(3.0, 0.0)	(4.0, 0.0)	(5.0, 0.0)	(6.0, 0.0)	(7.0, 0.0)	(8.0, 0.0)	(9.0, 0.0)	(10.0, 0.0)	(11.0, 0.0)	(12.0, 0.0)	(13.0, 0.0)	(14.0, 0.0)	(15.0, 0.0)	(16.0, 0.0)	(17.0, 0.0)	(18.0, 0.0)	(19.0, 0.0)	(20.0, 0.0)	(21.0, 0.0)	(22.0, 0.0)	(23.0, 0.0)	(24.0, 0.0)	(25.0, 4.983988935544563e-05)	(26.0, 9.967977871089127e-05)	(27.0, 9.967977871089127e-05)	(28.0, 0.0001495196680663369)	(29.0, 0.00039871911484356507)	(30.0, 0.0004983988935544563)	(31.0, 0.00044855900419901067)	(32.0, 0.0003488792254881194)	(33.0, 0.00039871911484356507)	(34.0, 0.0005980786722653476)	(35.0, 0.0005482387829099019)	(36.0, 0.0004983988935544563)	(37.0, 0.0007475983403316844)	(38.0, 0.0006977584509762388)	(39.0, 0.0011961573445306952)	(40.0, 0.0018440759061514882)	(41.0, 0.002491994467772282)	(42.0, 0.0029903933613267377)	(43.0, 0.005083668714255455)	(44.0, 0.009967977871089127)	(45.0, 0.014304048245012895)	(46.0, 0.02387330700125846)	(47.0, 0.044008622300858495)	(48.0, 0.08936292161431401)	(49.0, 0.2766113859227233)	(50.0, 1.8042538345564871)	(51.0, 2.2737954321741407)	(52.0, 0.8973173679554431)	(53.0, 1.0920916555565245)	(54.0, 2.603835179485902)	(55.0, 12.032694967417171)	(56.0, 16.223482063869817)	(57.0, 13.141632505575837)	(58.0, 10.030078373226011)	(59.0, 25.743100290317354)	(60.0, 11.81703776617616)	(61.0, 1.3640679317691915)	(62.0, 0.3071632380976114)	(63.0, 0.10042737705122295)	(64.0, 0.039323672701446606)	(65.0, 0.018191559614737656)	(66.0, 0.008921340194624768)	(67.0, 0.0068280648416960505)	(68.0, 0.004485590041990106)	(69.0, 0.004086870927146541)	(70.0, 0.0026913540251940643)	(71.0, 0.0016447163487297058)	(72.0, 0.0010964775658198038)	(73.0, 0.0005980786722653476)	(74.0, 0.0006479185616207932)	(75.0, 0.0007475983403316844)	(76.0, 0.0002990393361326738)	(77.0, 0.00024919944677722814)	(78.0, 0.00024919944677722814)	(79.0, 0.00024919944677722814)	(80.0, 0.0001495196680663369)	(81.0, 9.967977871089127e-05)	(82.0, 4.983988935544563e-05)	(83.0, 0.0001495196680663369)	(84.0, 0.0001495196680663369)	(85.0, 9.967977871089127e-05)	(86.0, 0.0001495196680663369)	(87.0, 4.983988935544563e-05)	(88.0, 4.983988935544563e-05)	(89.0, 9.967977871089127e-05)	(90.0, 4.983988935544563e-05)	(91.0, 0.0)	(92.0, 0.0)	(93.0, 4.983988935544563e-05)	(94.0, 0.0001495196680663369)	(95.0, 0.0)	(96.0, 4.983988935544563e-05)	(97.0, 4.983988935544563e-05)	(98.0, 0.0)	(99.0, 0.0)	(100.0, 0.0)
SRR6419050_1	(0.0, 0.0)	(1.0, 0.0)	(2.0, 0.0)	(3.0, 0.0)	(4.0, 0.0)	(5.0, 0.0)	(6.0, 0.0)	(7.0, 0.0)	(8.0, 0.0)	(9.0, 0.0)	(10.0, 0.0)	(11.0, 0.0)	(12.0, 0.0)	(13.0, 0.0)	(14.0, 0.0)	(15.0, 0.0)	(16.0, 0.0)	(17.0, 0.0)	(18.0, 0.0)	(19.0, 0.0)	(20.0, 0.0)	(21.0, 0.0)	(22.0, 0.0)	(23.0, 0.0)	(24.0, 0.0)	(25.0, 0.0)	(26.0, 0.0)	(27.0, 0.0)	(28.0, 0.0)	(29.0, 0.0)	(30.0, 0.0)	(31.0, 0.0)	(32.0, 0.0)	(33.0, 0.0)	(34.0, 0.0)	(35.0, 0.0)	(36.0, 5.1106794290553375e-05)	(37.0, 0.0)	(38.0, 0.0)	(39.0, 0.0002555339714527668)	(40.0, 0.00045996114861498034)	(41.0, 0.0011243494743921742)	(42.0, 0.0016865242115882612)	(43.0, 0.013594407281287196)	(44.0, 0.021362640013451308)	(45.0, 0.022895843842167907)	(46.0, 0.05473537668518266)	(47.0, 0.14442780066510383)	(48.0, 0.8376914652164603)	(49.0, 3.4378007315426533)	(50.0, 3.2787563877104513)	(51.0, 11.28223369399398)	(52.0, 15.885320442155543)	(53.0, 12.441182468120859)	(54.0, 13.259197817535457)	(55.0, 20.039740643240332)	(56.0, 13.42769691831141)	(57.0, 4.635130708181738)	(58.0, 0.7960394278696593)	(59.0, 0.24551703977181838)	(60.0, 0.08999906474566449)	(61.0, 0.04226531887828764)	(62.0, 0.022691416665005695)	(63.0, 0.008585941440812966)	(64.0, 0.002657553303108775)	(65.0, 0.001635417417297708)	(66.0, 0.001942058183041028)	(67.0, 0.0010221358858110673)	(68.0, 0.0012776698572638343)	(69.0, 0.00045996114861498034)	(70.0, 0.0002044271771622135)	(71.0, 0.00010221358858110675)	(72.0, 0.00010221358858110675)	(73.0, 0.00010221358858110675)	(74.0, 5.1106794290553375e-05)	(75.0, 0.0)	(76.0, 0.0)	(77.0, 0.0)	(78.0, 0.0)	(79.0, 0.0)	(80.0, 0.0)	(81.0, 0.0)	(82.0, 0.0)	(83.0, 0.0)	(84.0, 0.0)	(85.0, 0.0)	(86.0, 0.0)	(87.0, 0.0)	(88.0, 0.0)	(89.0, 0.0)	(90.0, 0.0)	(91.0, 0.0)	(92.0, 0.0)	(93.0, 0.0)	(94.0, 0.0)	(95.0, 0.0)	(96.0, 0.0)	(97.0, 0.0)	(98.0, 0.0)	(99.0, 0.0)	(100.0, 0.0)
SRR6419050_2	(0.0, 0.0)	(1.0, 0.0)	(2.0, 0.0)	(3.0, 0.0)	(4.0, 0.0)	(5.0, 0.0)	(6.0, 0.0)	(7.0, 0.0)	(8.0, 0.0)	(9.0, 0.0)	(10.0, 0.0)	(11.0, 0.0)	(12.0, 0.0)	(13.0, 0.0)	(14.0, 0.0)	(15.0, 0.0)	(16.0, 0.0)	(17.0, 0.0)	(18.0, 0.0)	(19.0, 0.0)	(20.0, 0.0)	(21.0, 0.0)	(22.0, 0.0)	(23.0, 0.0)	(24.0, 5.126012771973423e-05)	(25.0, 0.00015378038315920267)	(26.0, 0.00020504051087893692)	(27.0, 0.00020504051087893692)	(28.0, 0.00010252025543946846)	(29.0, 0.0002563006385986711)	(30.0, 0.00010252025543946846)	(31.0, 0.00030756076631840534)	(32.0, 0.00046134114947760807)	(33.0, 0.00046134114947760807)	(34.0, 0.00035882089403813956)	(35.0, 0.00015378038315920267)	(36.0, 0.0009226822989552161)	(37.0, 0.0005638614049170765)	(38.0, 0.0006663816603565449)	(39.0, 0.0010764626821144188)	(40.0, 0.0014352835761525583)	(41.0, 0.002563006385986711)	(42.0, 0.0019478848533499005)	(43.0, 0.0036907291958208645)	(44.0, 0.005074752644253689)	(45.0, 0.007381458391641729)	(46.0, 0.009893204649908706)	(47.0, 0.015121737677321596)	(48.0, 0.026193925264784187)	(49.0, 0.04946602324954353)	(50.0, 0.13368641309306686)	(51.0, 0.2304655342279251)	(52.0, 0.3369840796295328)	(53.0, 0.7536776578632524)	(54.0, 2.4782733948659907)	(55.0, 12.289410580295401)	(56.0, 18.53889157150224)	(57.0, 19.2829835854819)	(58.0, 13.723310132999528)	(59.0, 21.485374972960283)	(60.0, 9.122303589131622)	(61.0, 1.0818962556527105)	(62.0, 0.2526099094028503)	(63.0, 0.0834002278000076)	(64.0, 0.03285774186834964)	(65.0, 0.014967957294162395)	(66.0, 0.009431863500431098)	(67.0, 0.005894914687769436)	(68.0, 0.003075607663184054)	(69.0, 0.0024604861305472427)	(70.0, 0.001537803831592027)	(71.0, 0.0014352835761525583)	(72.0, 0.0012302430652736214)	(73.0, 0.0011789829375538873)	(74.0, 0.0009739424266749502)	(75.0, 0.0005638614049170765)	(76.0, 0.0002563006385986711)	(77.0, 0.00035882089403813956)	(78.0, 0.00015378038315920267)	(79.0, 0.00015378038315920267)	(80.0, 0.00020504051087893692)	(81.0, 0.00010252025543946846)	(82.0, 0.0)	(83.0, 5.126012771973423e-05)	(84.0, 0.0002563006385986711)	(85.0, 0.00020504051087893692)	(86.0, 0.00010252025543946846)	(87.0, 0.00010252025543946846)	(88.0, 0.00015378038315920267)	(89.0, 5.126012771973423e-05)	(90.0, 0.0)	(91.0, 5.126012771973423e-05)	(92.0, 0.0)	(93.0, 0.0)	(94.0, 5.126012771973423e-05)	(95.0, 0.0)	(96.0, 5.126012771973423e-05)	(97.0, 0.0)	(98.0, 0.0)	(99.0, 0.0)	(100.0, 0.0)
SRR6419051_1	(0.0, 0.0)	(1.0, 0.0)	(2.0, 0.0)	(3.0, 0.0)	(4.0, 0.0)	(5.0, 0.0)	(6.0, 0.0)	(7.0, 4.7496145687777435e-05)	(8.0, 4.7496145687777435e-05)	(9.0, 0.0)	(10.0, 0.0)	(11.0, 0.0)	(12.0, 0.0)	(13.0, 0.0)	(14.0, 0.0)	(15.0, 0.0)	(16.0, 0.0)	(17.0, 0.0)	(18.0, 0.0)	(19.0, 0.0)	(20.0, 0.0)	(21.0, 0.0)	(22.0, 0.0)	(23.0, 0.0)	(24.0, 0.0)	(25.0, 4.7496145687777435e-05)	(26.0, 0.00018998458275110974)	(27.0, 0.0001424884370633323)	(28.0, 9.499229137555487e-05)	(29.0, 0.0005224576025655519)	(30.0, 0.0005699537482533292)	(31.0, 0.00047496145687777436)	(32.0, 0.00047496145687777436)	(33.0, 0.0005224576025655519)	(34.0, 0.0003799691655022195)	(35.0, 0.0006649460396288841)	(36.0, 0.0006174498939411067)	(37.0, 0.000759938331004439)	(38.0, 0.0009974190594433262)	(39.0, 0.0009024267680677713)	(40.0, 0.0009499229137555487)	(41.0, 0.0012823959335699908)	(42.0, 0.002184822701637762)	(43.0, 0.002802272595578869)	(44.0, 0.00370469936364664)	(45.0, 0.006411979667849954)	(46.0, 0.010116679031496593)	(47.0, 0.015293758911464334)	(48.0, 0.023748072843888718)	(49.0, 0.04241405809918525)	(50.0, 0.11384826121360252)	(51.0, 0.32610853629227987)	(52.0, 0.45563052558284894)	(53.0, 0.6688407235752819)	(54.0, 1.7410662124768574)	(55.0, 9.461042236422514)	(56.0, 17.838317420541323)	(57.0, 16.06723364398979)	(58.0, 10.88825391819454)	(59.0, 27.217808774817925)	(60.0, 12.816122471661426)	(61.0, 1.6414192988239005)	(62.0, 0.3974952432610094)	(63.0, 0.13716886874630124)	(64.0, 0.05300569858755962)	(65.0, 0.02203821159912873)	(66.0, 0.01130408267369103)	(67.0, 0.007741871747107721)	(68.0, 0.004369645403275524)	(69.0, 0.004037172383461083)	(70.0, 0.002707280304203314)	(71.0, 0.001947341973198875)	(72.0, 0.0009024267680677713)	(73.0, 0.001092411350818881)	(74.0, 0.0007124421853166616)	(75.0, 0.000427465311189997)	(76.0, 0.0005224576025655519)	(77.0, 0.000427465311189997)	(78.0, 0.0002849768741266646)	(79.0, 0.00023748072843888718)	(80.0, 0.00023748072843888718)	(81.0, 9.499229137555487e-05)	(82.0, 0.0001424884370633323)	(83.0, 9.499229137555487e-05)	(84.0, 0.0001424884370633323)	(85.0, 0.00023748072843888718)	(86.0, 9.499229137555487e-05)	(87.0, 4.7496145687777435e-05)	(88.0, 4.7496145687777435e-05)	(89.0, 0.0)	(90.0, 0.0)	(91.0, 0.0)	(92.0, 4.7496145687777435e-05)	(93.0, 0.0001424884370633323)	(94.0, 0.0001424884370633323)	(95.0, 4.7496145687777435e-05)	(96.0, 0.0)	(97.0, 0.0)	(98.0, 0.0)	(99.0, 0.0)	(100.0, 0.0)
SRR6419051_2	(0.0, 0.0)	(1.0, 0.0)	(2.0, 0.0)	(3.0, 0.0)	(4.0, 0.0)	(5.0, 0.0)	(6.0, 0.0)	(7.0, 0.0)	(8.0, 0.0)	(9.0, 0.0)	(10.0, 0.0)	(11.0, 0.0)	(12.0, 0.0)	(13.0, 0.0)	(14.0, 0.0)	(15.0, 0.0)	(16.0, 0.0)	(17.0, 0.0)	(18.0, 0.0)	(19.0, 0.0)	(20.0, 0.0)	(21.0, 0.0)	(22.0, 0.0)	(23.0, 0.0)	(24.0, 0.0)	(25.0, 0.0)	(26.0, 0.0)	(27.0, 0.0)	(28.0, 0.0)	(29.0, 0.0)	(30.0, 0.0)	(31.0, 0.0)	(32.0, 0.0)	(33.0, 9.413877844579701e-05)	(34.0, 0.0)	(35.0, 0.0)	(36.0, 0.0)	(37.0, 0.0)	(38.0, 0.00018827755689159402)	(39.0, 0.00037655511378318805)	(40.0, 0.0010825959521266657)	(41.0, 0.0031065796887113015)	(42.0, 0.017886367904701432)	(43.0, 0.2201906027847192)	(44.0, 0.25605747737256784)	(45.0, 0.06740336536719066)	(46.0, 0.07479325947518572)	(47.0, 0.14958651895037145)	(48.0, 0.4751184148159375)	(49.0, 0.6457449507489446)	(50.0, 2.59907753411001)	(51.0, 10.986795624241301)	(52.0, 12.91781731711071)	(53.0, 8.973167153285702)	(54.0, 15.738591674460572)	(55.0, 27.05703821516642)	(56.0, 13.711595496965673)	(57.0, 4.85713734330012)	(58.0, 0.8306805810057127)	(59.0, 0.26335323270211713)	(60.0, 0.09216186409843527)	(61.0, 0.033560474515926635)	(62.0, 0.013932539209977958)	(63.0, 0.0038596899162776773)	(64.0, 0.0016474286228014476)	(65.0, 0.0011296653413495642)	(66.0, 0.001412081676686955)	(67.0, 0.0013179428982411582)	(68.0, 0.0028712327425968087)	(69.0, 0.0006589714491205791)	(70.0, 0.00037655511378318805)	(71.0, 0.00014120816766869553)	(72.0, 0.0)	(73.0, 0.0)	(74.0, 4.7069389222898506e-05)	(75.0, 0.0)	(76.0, 0.0)	(77.0, 0.0)	(78.0, 0.0)	(79.0, 0.0)	(80.0, 0.0)	(81.0, 0.0)	(82.0, 0.0)	(83.0, 0.0)	(84.0, 0.0)	(85.0, 0.0)	(86.0, 0.0)	(87.0, 0.0)	(88.0, 0.0)	(89.0, 0.0)	(90.0, 0.0)	(91.0, 0.0)	(92.0, 0.0)	(93.0, 0.0)	(94.0, 0.0)	(95.0, 0.0)	(96.0, 0.0)	(97.0, 0.0)	(98.0, 0.0)	(99.0, 0.0)	(100.0, 0.0)
SRR6419052_1	(0.0, 0.0)	(1.0, 0.0)	(2.0, 0.0)	(3.0, 0.0)	(4.0, 0.0)	(5.0, 0.0)	(6.0, 0.0)	(7.0, 0.0)	(8.0, 0.0)	(9.0, 0.0)	(10.0, 0.0)	(11.0, 0.0)	(12.0, 0.0)	(13.0, 0.0)	(14.0, 0.0)	(15.0, 0.0)	(16.0, 0.0)	(17.0, 0.0)	(18.0, 0.0)	(19.0, 0.0)	(20.0, 0.0)	(21.0, 0.0)	(22.0, 0.0)	(23.0, 0.0)	(24.0, 0.0)	(25.0, 0.0)	(26.0, 0.0)	(27.0, 0.0)	(28.0, 0.0)	(29.0, 0.0)	(30.0, 0.0)	(31.0, 0.0)	(32.0, 0.0)	(33.0, 0.0)	(34.0, 0.0)	(35.0, 0.0)	(36.0, 0.0)	(37.0, 0.0)	(38.0, 4.8981767027041854e-05)	(39.0, 0.00029389060216225115)	(40.0, 0.000342872369189293)	(41.0, 0.000979635340540837)	(42.0, 0.005143085537839394)	(43.0, 0.03423825515190226)	(44.0, 0.04545507980109484)	(45.0, 0.04040995779730953)	(46.0, 0.08924477952327026)	(47.0, 0.14787595465463935)	(48.0, 0.36569787262389447)	(49.0, 1.05095279333221)	(50.0, 4.432066207674855)	(51.0, 21.652879931974123)	(52.0, 19.855738899751955)	(53.0, 6.127325164480774)	(54.0, 13.36300975324945)	(55.0, 23.473287303534132)	(56.0, 6.402455749871668)	(57.0, 2.0800597185703595)	(58.0, 0.5595677065169262)	(59.0, 0.1705055310211327)	(60.0, 0.06161906292001865)	(61.0, 0.02424597467838572)	(62.0, 0.009159590434056827)	(63.0, 0.003330760157838846)	(64.0, 0.001665380078919423)	(65.0, 0.0009306535735137952)	(66.0, 0.0005877812043245023)	(67.0, 0.000342872369189293)	(68.0, 0.00029389060216225115)	(69.0, 9.796353405408371e-05)	(70.0, 4.8981767027041854e-05)	(71.0, 0.0)	(72.0, 0.0)	(73.0, 0.0)	(74.0, 0.0)	(75.0, 0.0)	(76.0, 4.8981767027041854e-05)	(77.0, 0.0)	(78.0, 4.8981767027041854e-05)	(79.0, 0.0)	(80.0, 0.0)	(81.0, 0.0)	(82.0, 0.0)	(83.0, 0.0)	(84.0, 0.0)	(85.0, 0.0)	(86.0, 0.0)	(87.0, 0.0)	(88.0, 0.0)	(89.0, 0.0)	(90.0, 0.0)	(91.0, 0.0)	(92.0, 0.0)	(93.0, 0.0)	(94.0, 0.0)	(95.0, 0.0)	(96.0, 0.0)	(97.0, 0.0)	(98.0, 0.0)	(99.0, 0.0)	(100.0, 0.0)
SRR6419052_2	(0.0, 0.0)	(1.0, 0.0)	(2.0, 0.0)	(3.0, 0.0)	(4.0, 0.0)	(5.0, 0.0)	(6.0, 0.0)	(7.0, 0.0)	(8.0, 0.0)	(9.0, 0.0)	(10.0, 0.0)	(11.0, 0.0)	(12.0, 0.0)	(13.0, 0.0)	(14.0, 0.0)	(15.0, 0.0)	(16.0, 0.0)	(17.0, 0.0)	(18.0, 0.0)	(19.0, 0.0)	(20.0, 0.0)	(21.0, 0.0)	(22.0, 4.998405508642743e-05)	(23.0, 0.0)	(24.0, 0.0)	(25.0, 0.0001499521652592823)	(26.0, 0.00019993622034570973)	(27.0, 9.996811017285486e-05)	(28.0, 0.0001499521652592823)	(29.0, 9.996811017285486e-05)	(30.0, 0.00019993622034570973)	(31.0, 4.998405508642743e-05)	(32.0, 0.00039987244069141946)	(33.0, 0.0005498246059507017)	(34.0, 0.0002999043305185646)	(35.0, 0.0005498246059507017)	(36.0, 0.00044985649577784683)	(37.0, 0.0002999043305185646)	(38.0, 0.0002999043305185646)	(39.0, 0.000699776771209984)	(40.0, 0.0011996173220742584)	(41.0, 0.0014495375975063954)	(42.0, 0.0020493462585435248)	(43.0, 0.0033989157458770656)	(44.0, 0.0050483895637291705)	(45.0, 0.007497608262964115)	(46.0, 0.010096779127458341)	(47.0, 0.014545360030150382)	(48.0, 0.020343510420175962)	(49.0, 0.03503882261558563)	(50.0, 0.09132086864290291)	(51.0, 0.1950377829472398)	(52.0, 0.3288950824686925)	(53.0, 0.6086558387874268)	(54.0, 1.3295758652989698)	(55.0, 6.597245478692297)	(56.0, 23.190702166009043)	(57.0, 23.23903674727762)	(58.0, 8.669934290961184)	(59.0, 23.887879766354533)	(60.0, 10.225887941746583)	(61.0, 1.1104457678000719)	(62.0, 0.2558183939323356)	(63.0, 0.08627247907917375)	(64.0, 0.03483888639523992)	(65.0, 0.015744977352224642)	(66.0, 0.007697544483309824)	(67.0, 0.0047984692882970335)	(68.0, 0.00349888385604992)	(69.0, 0.002099330313629952)	(70.0, 0.00174944192802496)	(71.0, 0.001649473817852105)	(72.0, 0.0014995216525928228)	(73.0, 0.0009996811017285486)	(74.0, 0.0006497927161235566)	(75.0, 0.0004998405508642743)	(76.0, 0.00044985649577784683)	(77.0, 0.000349888385604992)	(78.0, 0.00024992027543213716)	(79.0, 9.996811017285486e-05)	(80.0, 4.998405508642743e-05)	(81.0, 0.0001499521652592823)	(82.0, 0.00024992027543213716)	(83.0, 9.996811017285486e-05)	(84.0, 9.996811017285486e-05)	(85.0, 0.0)	(86.0, 0.0001499521652592823)	(87.0, 0.0)	(88.0, 9.996811017285486e-05)	(89.0, 9.996811017285486e-05)	(90.0, 0.0)	(91.0, 0.0)	(92.0, 9.996811017285486e-05)	(93.0, 0.0)	(94.0, 0.0)	(95.0, 4.998405508642743e-05)	(96.0, 4.998405508642743e-05)	(97.0, 0.0)	(98.0, 0.0)	(99.0, 0.0)	(100.0, 0.0)
SRR6419053_1	(0.0, 0.0)	(1.0, 0.0)	(2.0, 0.0)	(3.0, 0.0)	(4.0, 0.0)	(5.0, 0.0)	(6.0, 0.0)	(7.0, 0.0)	(8.0, 0.0)	(9.0, 0.0)	(10.0, 0.0)	(11.0, 0.0)	(12.0, 0.0)	(13.0, 0.0)	(14.0, 0.0)	(15.0, 0.0)	(16.0, 0.0)	(17.0, 0.0)	(18.0, 0.0)	(19.0, 0.0)	(20.0, 0.0)	(21.0, 0.0)	(22.0, 0.0)	(23.0, 4.294920140254912e-05)	(24.0, 0.0)	(25.0, 8.589840280509825e-05)	(26.0, 0.00012884760420764737)	(27.0, 8.589840280509825e-05)	(28.0, 0.00012884760420764737)	(29.0, 0.00038654281262294205)	(30.0, 8.589840280509825e-05)	(31.0, 0.0002147460070127456)	(32.0, 0.000343593611220393)	(33.0, 0.0003006444098178438)	(34.0, 0.000687187222440786)	(35.0, 0.0006442380210382368)	(36.0, 0.0006442380210382368)	(37.0, 0.0005583396182331387)	(38.0, 0.000687187222440786)	(39.0, 0.0009019332294535315)	(40.0, 0.0010737300350637281)	(41.0, 0.0008589840280509824)	(42.0, 0.0011596284378688263)	(43.0, 0.002491053681347849)	(44.0, 0.004251970938852363)	(45.0, 0.005798142189344131)	(46.0, 0.00927702750295061)	(47.0, 0.014302084067048857)	(48.0, 0.024609892403660644)	(49.0, 0.048446699182075406)	(50.0, 0.154316480639359)	(51.0, 0.24077322306269036)	(52.0, 0.29218341714154167)	(53.0, 0.5250110379447605)	(54.0, 1.3130859344801342)	(55.0, 5.713274567372694)	(56.0, 14.095842001913816)	(57.0, 19.995859696984795)	(58.0, 16.500267144032723)	(59.0, 27.719242788399594)	(60.0, 11.368481814449142)	(61.0, 1.401518340167983)	(62.0, 0.3398140814969686)	(63.0, 0.11415897732797557)	(64.0, 0.04565500109090972)	(65.0, 0.02246243233353319)	(66.0, 0.013400150837595326)	(67.0, 0.0073013642384333515)	(68.0, 0.004080174133242166)	(69.0, 0.0033929869108013807)	(70.0, 0.002791698091165693)	(71.0, 0.0018897648617121614)	(72.0, 0.0019327140631147104)	(73.0, 0.00146027284768667)	(74.0, 0.0008589840280509824)	(75.0, 0.0006442380210382368)	(76.0, 0.00025769520841529474)	(77.0, 8.589840280509825e-05)	(78.0, 0.00012884760420764737)	(79.0, 0.00025769520841529474)	(80.0, 0.00025769520841529474)	(81.0, 0.00025769520841529474)	(82.0, 0.00012884760420764737)	(83.0, 0.0)	(84.0, 8.589840280509825e-05)	(85.0, 4.294920140254912e-05)	(86.0, 4.294920140254912e-05)	(87.0, 0.0001717968056101965)	(88.0, 8.589840280509825e-05)	(89.0, 4.294920140254912e-05)	(90.0, 4.294920140254912e-05)	(91.0, 4.294920140254912e-05)	(92.0, 0.0)	(93.0, 0.0)	(94.0, 0.0)	(95.0, 0.0)	(96.0, 4.294920140254912e-05)	(97.0, 8.589840280509825e-05)	(98.0, 0.0)	(99.0, 4.294920140254912e-05)	(100.0, 0.0)
SRR6419053_2	(0.0, 0.0)	(1.0, 0.0)	(2.0, 0.0)	(3.0, 0.0)	(4.0, 0.0)	(5.0, 0.0)	(6.0, 0.0)	(7.0, 0.0)	(8.0, 0.0)	(9.0, 0.0)	(10.0, 0.0)	(11.0, 0.0)	(12.0, 0.0)	(13.0, 0.0)	(14.0, 0.0)	(15.0, 0.0)	(16.0, 0.0)	(17.0, 0.0)	(18.0, 0.0)	(19.0, 0.0)	(20.0, 0.0)	(21.0, 0.0)	(22.0, 0.0)	(23.0, 0.0)	(24.0, 0.0)	(25.0, 0.0)	(26.0, 0.0)	(27.0, 0.0)	(28.0, 0.0)	(29.0, 0.0)	(30.0, 0.0)	(31.0, 0.0)	(32.0, 0.0)	(33.0, 0.0)	(34.0, 0.0)	(35.0, 4.245884252100227e-05)	(36.0, 0.0)	(37.0, 0.0)	(38.0, 0.0001273765275630068)	(39.0, 8.491768504200454e-05)	(40.0, 0.00016983537008400908)	(41.0, 0.0004245884252100226)	(42.0, 0.0018681890709240996)	(43.0, 0.005944237952940318)	(44.0, 0.017153372378484917)	(45.0, 0.045091290757304406)	(46.0, 0.05952729721444518)	(47.0, 0.112600850365698)	(48.0, 0.299759428198276)	(49.0, 0.9197859055324722)	(50.0, 2.3912395519403264)	(51.0, 9.31980085104504)	(52.0, 16.516744493725007)	(53.0, 16.099289154058514)	(54.0, 16.321009229703186)	(55.0, 24.25520821391784)	(56.0, 10.4627504328679)	(57.0, 2.3673352236010023)	(58.0, 0.5122234761733713)	(59.0, 0.17102421767459713)	(60.0, 0.06602350012015853)	(61.0, 0.02466858750470232)	(62.0, 0.010275039890082549)	(63.0, 0.004203425409579224)	(64.0, 0.0018257302284030975)	(65.0, 0.0015285183307560816)	(66.0, 0.002844742448907152)	(67.0, 0.002972118976470159)	(68.0, 0.0036090016142851927)	(69.0, 0.001783271385882095)	(70.0, 0.0006793414803360363)	(71.0, 0.0001273765275630068)	(72.0, 0.00016983537008400908)	(73.0, 4.245884252100227e-05)	(74.0, 4.245884252100227e-05)	(75.0, 0.0)	(76.0, 0.0)	(77.0, 0.0)	(78.0, 0.0)	(79.0, 0.0)	(80.0, 0.0)	(81.0, 0.0)	(82.0, 0.0)	(83.0, 0.0)	(84.0, 0.0)	(85.0, 0.0)	(86.0, 0.0)	(87.0, 0.0)	(88.0, 0.0)	(89.0, 0.0)	(90.0, 0.0)	(91.0, 0.0)	(92.0, 0.0)	(93.0, 0.0)	(94.0, 0.0)	(95.0, 0.0)	(96.0, 0.0)	(97.0, 0.0)	(98.0, 0.0)	(99.0, 0.0)	(100.0, 0.0)
SRR6419054_1	(0.0, 0.0)	(1.0, 0.0)	(2.0, 0.0)	(3.0, 0.0)	(4.0, 0.0)	(5.0, 0.0)	(6.0, 0.0)	(7.0, 0.0)	(8.0, 0.0)	(9.0, 0.0)	(10.0, 0.0)	(11.0, 0.0)	(12.0, 0.0)	(13.0, 0.0)	(14.0, 0.0)	(15.0, 0.0)	(16.0, 0.0)	(17.0, 0.0)	(18.0, 0.0)	(19.0, 0.0)	(20.0, 0.0)	(21.0, 0.0)	(22.0, 0.0)	(23.0, 0.0)	(24.0, 0.0)	(25.0, 0.0)	(26.0, 0.0)	(27.0, 0.0)	(28.0, 0.0)	(29.0, 0.0)	(30.0, 0.0)	(31.0, 0.0)	(32.0, 0.0)	(33.0, 0.0)	(34.0, 0.0)	(35.0, 0.0)	(36.0, 0.0)	(37.0, 0.0)	(38.0, 0.0)	(39.0, 0.00010668720751035267)	(40.0, 0.00016003081126552898)	(41.0, 0.0006934668488172923)	(42.0, 0.00261383658400364)	(43.0, 0.010135284713483503)	(44.0, 0.012108998052425027)	(45.0, 0.021177410690805004)	(46.0, 0.048969428247251874)	(47.0, 0.13874671336721364)	(48.0, 0.7680412068670288)	(49.0, 3.0849672923693574)	(50.0, 3.62117719731639)	(51.0, 13.558130392038148)	(52.0, 16.429883300198064)	(53.0, 9.915669096823441)	(54.0, 13.659696613588002)	(55.0, 22.84199784598528)	(56.0, 11.399208060858651)	(57.0, 3.441569283472711)	(58.0, 0.6957606237787649)	(59.0, 0.21780193413238497)	(60.0, 0.08289596023554402)	(61.0, 0.0301924797254298)	(62.0, 0.011362187599852558)	(63.0, 0.0036273650553519904)	(64.0, 0.001120215678858703)	(65.0, 0.0005867796413069396)	(66.0, 0.000480092433796587)	(67.0, 0.00021337441502070534)	(68.0, 0.0005867796413069396)	(69.0, 0.00021337441502070534)	(70.0, 5.3343603755176334e-05)	(71.0, 0.0)	(72.0, 5.3343603755176334e-05)	(73.0, 0.0)	(74.0, 0.0)	(75.0, 0.0)	(76.0, 0.0)	(77.0, 0.0)	(78.0, 0.0)	(79.0, 0.0)	(80.0, 0.0)	(81.0, 0.0)	(82.0, 0.0)	(83.0, 0.0)	(84.0, 0.0)	(85.0, 0.0)	(86.0, 0.0)	(87.0, 0.0)	(88.0, 0.0)	(89.0, 0.0)	(90.0, 0.0)	(91.0, 0.0)	(92.0, 0.0)	(93.0, 0.0)	(94.0, 0.0)	(95.0, 0.0)	(96.0, 0.0)	(97.0, 0.0)	(98.0, 0.0)	(99.0, 0.0)	(100.0, 0.0)
SRR6419054_2	(0.0, 0.0)	(1.0, 0.0)	(2.0, 0.0)	(3.0, 0.0)	(4.0, 0.0)	(5.0, 0.0)	(6.0, 0.0)	(7.0, 0.0)	(8.0, 0.0)	(9.0, 0.0)	(10.0, 0.0)	(11.0, 0.0)	(12.0, 0.0)	(13.0, 0.0)	(14.0, 0.0)	(15.0, 0.0)	(16.0, 0.0)	(17.0, 0.0)	(18.0, 0.0)	(19.0, 0.0)	(20.0, 0.0)	(21.0, 0.0)	(22.0, 0.0)	(23.0, 0.0)	(24.0, 0.0)	(25.0, 0.0)	(26.0, 5.366568852005058e-05)	(27.0, 0.00010733137704010116)	(28.0, 0.00021466275408020232)	(29.0, 0.00021466275408020232)	(30.0, 0.00016099706556015173)	(31.0, 0.00016099706556015173)	(32.0, 0.00016099706556015173)	(33.0, 0.00016099706556015173)	(34.0, 0.00026832844260025286)	(35.0, 0.00032199413112030345)	(36.0, 0.0008049853278007586)	(37.0, 0.0005366568852005057)	(38.0, 0.0006976539507606575)	(39.0, 0.0006976539507606575)	(40.0, 0.0005903225737205563)	(41.0, 0.0009659823933609102)	(42.0, 0.002146627540802023)	(43.0, 0.0023076246063621748)	(44.0, 0.003273606999723085)	(45.0, 0.005903225737205564)	(46.0, 0.009659823933609105)	(47.0, 0.012343108359611632)	(48.0, 0.02055395870317937)	(49.0, 0.04218123117675975)	(50.0, 0.15643548203594743)	(51.0, 0.24197858953690804)	(52.0, 0.2768612870749409)	(53.0, 0.5704126032796176)	(54.0, 1.736246020689196)	(55.0, 8.163624537670094)	(56.0, 17.16255551715477)	(57.0, 18.935938194299844)	(58.0, 13.694303065169466)	(59.0, 24.668829036142768)	(60.0, 11.9268236137616)	(61.0, 1.6853709479721881)	(62.0, 0.42261729709539825)	(63.0, 0.14248240302073428)	(64.0, 0.05237771199556936)	(65.0, 0.023505571571782152)	(66.0, 0.012021114228491328)	(67.0, 0.006976539507606574)	(68.0, 0.004024926639003793)	(69.0, 0.00279061580304263)	(70.0, 0.0023076246063621748)	(71.0, 0.0014489735900413655)	(72.0, 0.0012879765244812138)	(73.0, 0.0011269794589210621)	(74.0, 0.0008049853278007586)	(75.0, 0.00032199413112030345)	(76.0, 0.000375659819640354)	(77.0, 5.366568852005058e-05)	(78.0, 0.00016099706556015173)	(79.0, 0.00042932550816040464)	(80.0, 0.00010733137704010116)	(81.0, 5.366568852005058e-05)	(82.0, 0.00010733137704010116)	(83.0, 0.00016099706556015173)	(84.0, 0.00010733137704010116)	(85.0, 0.00010733137704010116)	(86.0, 5.366568852005058e-05)	(87.0, 5.366568852005058e-05)	(88.0, 0.00010733137704010116)	(89.0, 0.0)	(90.0, 5.366568852005058e-05)	(91.0, 0.0)	(92.0, 0.0)	(93.0, 5.366568852005058e-05)	(94.0, 5.366568852005058e-05)	(95.0, 0.0)	(96.0, 0.0)	(97.0, 0.0)	(98.0, 0.0)	(99.0, 0.0)	(100.0, 0.0)
SRR6419055_1	(0.0, 0.0)	(1.0, 0.0)	(2.0, 0.0)	(3.0, 0.0)	(4.0, 0.0)	(5.0, 0.0)	(6.0, 0.0)	(7.0, 0.0)	(8.0, 0.0)	(9.0, 0.0)	(10.0, 0.0)	(11.0, 0.0)	(12.0, 0.0)	(13.0, 0.0)	(14.0, 0.0)	(15.0, 0.0)	(16.0, 0.0)	(17.0, 0.0)	(18.0, 0.0)	(19.0, 0.0)	(20.0, 0.0)	(21.0, 0.0)	(22.0, 0.0)	(23.0, 0.0)	(24.0, 0.0)	(25.0, 0.0)	(26.0, 0.0)	(27.0, 0.0)	(28.0, 0.0)	(29.0, 0.0)	(30.0, 0.0)	(31.0, 4.5060613283958914e-05)	(32.0, 0.0)	(33.0, 0.0)	(34.0, 0.0)	(35.0, 0.0)	(36.0, 4.5060613283958914e-05)	(37.0, 0.00013518183985187677)	(38.0, 9.012122656791783e-05)	(39.0, 0.00022530306641979457)	(40.0, 0.00027036367970375354)	(41.0, 0.0007209698125433426)	(42.0, 0.0025684549571856584)	(43.0, 0.01613169955565729)	(44.0, 0.026901186130523475)	(45.0, 0.02289079154825113)	(46.0, 0.04429458285813162)	(47.0, 0.10499122895162429)	(48.0, 0.3692717258620433)	(49.0, 1.4819534496828408)	(50.0, 3.3200209261488087)	(51.0, 13.985777969235317)	(52.0, 13.226236271720907)	(53.0, 5.487796910013505)	(54.0, 18.27424159608297)	(55.0, 33.75314804709555)	(56.0, 7.214564671668095)	(57.0, 2.018400050828372)	(58.0, 0.4280307655843258)	(59.0, 0.13747993112935866)	(60.0, 0.048800644186527506)	(61.0, 0.01865509389955899)	(62.0, 0.006578849539458001)	(63.0, 0.0028388186368894118)	(64.0, 0.0015771214649385624)	(65.0, 0.0009913334922470962)	(66.0, 0.0014870002383706442)	(67.0, 0.0008561516523952194)	(68.0, 0.001126515332098973)	(69.0, 0.00018024245313583566)	(70.0, 9.012122656791783e-05)	(71.0, 0.00013518183985187677)	(72.0, 0.00013518183985187677)	(73.0, 4.5060613283958914e-05)	(74.0, 0.0)	(75.0, 9.012122656791783e-05)	(76.0, 4.5060613283958914e-05)	(77.0, 0.0)	(78.0, 0.0)	(79.0, 0.0)	(80.0, 0.0)	(81.0, 4.5060613283958914e-05)	(82.0, 9.012122656791783e-05)	(83.0, 0.0)	(84.0, 0.0)	(85.0, 0.0)	(86.0, 0.0)	(87.0, 0.0)	(88.0, 0.0)	(89.0, 0.0)	(90.0, 0.0)	(91.0, 0.0)	(92.0, 0.0)	(93.0, 0.0)	(94.0, 0.0)	(95.0, 0.0)	(96.0, 0.0)	(97.0, 0.0)	(98.0, 0.0)	(99.0, 0.0)	(100.0, 0.0)
SRR6419055_2	(0.0, 0.0)	(1.0, 0.0)	(2.0, 0.0)	(3.0, 0.0)	(4.0, 0.0)	(5.0, 0.0)	(6.0, 0.0)	(7.0, 0.0)	(8.0, 0.0)	(9.0, 0.0)	(10.0, 0.0)	(11.0, 0.0)	(12.0, 0.0)	(13.0, 0.0)	(14.0, 0.0)	(15.0, 0.0)	(16.0, 0.0)	(17.0, 0.0)	(18.0, 0.0)	(19.0, 0.0)	(20.0, 0.0)	(21.0, 0.0)	(22.0, 0.0)	(23.0, 4.6055803975444886e-05)	(24.0, 9.211160795088977e-05)	(25.0, 4.6055803975444886e-05)	(26.0, 0.00013816741192633467)	(27.0, 0.00023027901987722441)	(28.0, 0.00013816741192633467)	(29.0, 0.00018422321590177954)	(30.0, 0.0003684464318035591)	(31.0, 0.0003223906278281142)	(32.0, 0.00027633482385266934)	(33.0, 0.00046055803975444883)	(34.0, 0.0005066138437298937)	(35.0, 0.0003223906278281142)	(36.0, 0.0003684464318035591)	(37.0, 0.00023027901987722441)	(38.0, 0.0005066138437298937)	(39.0, 0.0008290044715580081)	(40.0, 0.0014277299232387916)	(41.0, 0.0013816741192633466)	(42.0, 0.0018422321590177953)	(43.0, 0.003269962082256587)	(44.0, 0.004651636201519934)	(45.0, 0.006125421928734169)	(46.0, 0.009671718834843426)	(47.0, 0.013908852800584355)	(48.0, 0.02381085065530501)	(49.0, 0.04513468789593599)	(50.0, 0.14268088071592827)	(51.0, 0.2312461917607088)	(52.0, 0.2568992745750316)	(53.0, 0.45516951068932177)	(54.0, 1.1011942730528872)	(55.0, 5.865713250116636)	(56.0, 15.82053711199712)	(57.0, 16.0769758285324)	(58.0, 9.260302337930778)	(59.0, 33.018234874468)	(60.0, 15.357814449455828)	(61.0, 1.6821882402031245)	(62.0, 0.3865003069619335)	(63.0, 0.12126493186734638)	(64.0, 0.04624002719134667)	(65.0, 0.021738339476409987)	(66.0, 0.011744230013738446)	(67.0, 0.0068623147923412885)	(68.0, 0.005204305849225273)	(69.0, 0.003914743337912815)	(70.0, 0.0027633482385266933)	(71.0, 0.0022567343947967997)	(72.0, 0.0018422321590177953)	(73.0, 0.0014277299232387916)	(74.0, 0.0008290044715580081)	(75.0, 0.0005066138437298937)	(76.0, 0.00027633482385266934)	(77.0, 9.211160795088977e-05)	(78.0, 0.00023027901987722441)	(79.0, 9.211160795088977e-05)	(80.0, 9.211160795088977e-05)	(81.0, 9.211160795088977e-05)	(82.0, 0.00013816741192633467)	(83.0, 4.6055803975444886e-05)	(84.0, 0.0)	(85.0, 4.6055803975444886e-05)	(86.0, 4.6055803975444886e-05)	(87.0, 4.6055803975444886e-05)	(88.0, 9.211160795088977e-05)	(89.0, 0.0)	(90.0, 0.00018422321590177954)	(91.0, 4.6055803975444886e-05)	(92.0, 0.0)	(93.0, 0.0)	(94.0, 9.211160795088977e-05)	(95.0, 0.0)	(96.0, 0.0)	(97.0, 4.6055803975444886e-05)	(98.0, 0.0)	(99.0, 0.0)	(100.0, 0.0)
SRR6419056_1	(0.0, 0.0)	(1.0, 0.0)	(2.0, 0.0)	(3.0, 0.0)	(4.0, 0.0)	(5.0, 0.0)	(6.0, 0.0)	(7.0, 0.0)	(8.0, 0.0)	(9.0, 0.0)	(10.0, 0.0)	(11.0, 0.0)	(12.0, 0.0)	(13.0, 0.0)	(14.0, 0.0)	(15.0, 0.0)	(16.0, 0.0)	(17.0, 0.0)	(18.0, 0.0)	(19.0, 0.0)	(20.0, 0.0)	(21.0, 0.0)	(22.0, 0.0)	(23.0, 5.1895213185535763e-05)	(24.0, 5.1895213185535763e-05)	(25.0, 0.00010379042637107153)	(26.0, 0.0004151617054842861)	(27.0, 0.0002594760659276788)	(28.0, 0.0001556856395566073)	(29.0, 5.1895213185535763e-05)	(30.0, 0.0002594760659276788)	(31.0, 0.0005189521318553576)	(32.0, 0.0003632664922987504)	(33.0, 0.0003113712791132146)	(34.0, 0.0004151617054842861)	(35.0, 0.0005189521318553576)	(36.0, 0.0005189521318553576)	(37.0, 0.0008303234109685722)	(38.0, 0.0010897994768962512)	(39.0, 0.0012454851164528584)	(40.0, 0.0016606468219371444)	(41.0, 0.0020239133142358947)	(42.0, 0.003269398430688753)	(43.0, 0.004618673973512683)	(44.0, 0.006590692074563042)	(45.0, 0.008407024536056793)	(46.0, 0.014374974052393406)	(47.0, 0.019201228878648235)	(48.0, 0.038817619462780756)	(49.0, 0.07815419105741686)	(50.0, 0.21541702993315898)	(51.0, 0.454861543571221)	(52.0, 0.6633765101507036)	(53.0, 1.4253539253539254)	(54.0, 3.695146759662889)	(55.0, 16.429765018474697)	(56.0, 21.12524390750197)	(57.0, 15.610339602275086)	(58.0, 7.857558018848342)	(59.0, 20.20425955909827)	(60.0, 10.242662016855565)	(61.0, 1.360329223232449)	(62.0, 0.3209199983393532)	(63.0, 0.10892805247643958)	(64.0, 0.040166895005604684)	(65.0, 0.019616390584132518)	(66.0, 0.012921908083198406)	(67.0, 0.00954871922613858)	(68.0, 0.005137626105368041)	(69.0, 0.003009922364761074)	(70.0, 0.0022314941669780383)	(71.0, 0.00134927554282393)	(72.0, 0.0016087516087516086)	(73.0, 0.0011416946900817868)	(74.0, 0.0007784281977830364)	(75.0, 0.0006227425582264292)	(76.0, 0.0004670569186698219)	(77.0, 0.0004670569186698219)	(78.0, 0.0005189521318553576)	(79.0, 0.0001556856395566073)	(80.0, 0.0004151617054842861)	(81.0, 0.00020758085274214305)	(82.0, 0.0002594760659276788)	(83.0, 0.0001556856395566073)	(84.0, 5.1895213185535763e-05)	(85.0, 0.00010379042637107153)	(86.0, 5.1895213185535763e-05)	(87.0, 0.00010379042637107153)	(88.0, 0.00010379042637107153)	(89.0, 0.00010379042637107153)	(90.0, 0.0)	(91.0, 0.0)	(92.0, 5.1895213185535763e-05)	(93.0, 0.0)	(94.0, 5.1895213185535763e-05)	(95.0, 0.00010379042637107153)	(96.0, 5.1895213185535763e-05)	(97.0, 0.0)	(98.0, 0.0)	(99.0, 0.0)	(100.0, 0.0)
SRR6419056_2	(0.0, 0.0)	(1.0, 0.0)	(2.0, 0.0)	(3.0, 0.0)	(4.0, 0.0)	(5.0, 0.0)	(6.0, 0.0)	(7.0, 0.0)	(8.0, 0.0)	(9.0, 0.0)	(10.0, 0.0)	(11.0, 0.0)	(12.0, 0.0)	(13.0, 0.0)	(14.0, 0.0)	(15.0, 0.0)	(16.0, 0.0)	(17.0, 0.0)	(18.0, 0.0)	(19.0, 0.0)	(20.0, 0.0)	(21.0, 0.0)	(22.0, 0.0)	(23.0, 0.0)	(24.0, 0.0)	(25.0, 0.0)	(26.0, 0.0)	(27.0, 0.0)	(28.0, 0.0)	(29.0, 0.0)	(30.0, 0.0)	(31.0, 0.0)	(32.0, 0.0)	(33.0, 0.0)	(34.0, 0.0)	(35.0, 0.0)	(36.0, 5.191648852100481e-05)	(37.0, 0.0014536616785881347)	(38.0, 0.0015055781671091395)	(39.0, 0.0009864132818990913)	(40.0, 0.000830663816336077)	(41.0, 0.0028554068686552645)	(42.0, 0.01069479663532699)	(43.0, 0.15408813793034226)	(44.0, 0.22760188567608508)	(45.0, 0.10850546100890004)	(46.0, 0.15284214220583817)	(47.0, 0.366738074912378)	(48.0, 2.57874390132683)	(49.0, 10.440353925085546)	(50.0, 4.49923864469584)	(51.0, 12.663729462486097)	(52.0, 12.701784248571995)	(53.0, 4.679336943375206)	(54.0, 11.871483847655565)	(55.0, 21.7710237118178)	(56.0, 11.932485721667744)	(57.0, 4.592844073499211)	(58.0, 0.7994620067349529)	(59.0, 0.25849219634608295)	(60.0, 0.09838174574730411)	(61.0, 0.04116977539715681)	(62.0, 0.01770352258566264)	(63.0, 0.008410471140402779)	(64.0, 0.0023362419834452165)	(65.0, 0.001661327632672154)	(66.0, 0.0038937366390753604)	(67.0, 0.00269965740309225)	(68.0, 0.0034264882423863177)	(69.0, 0.0015574946556301443)	(70.0, 0.0007787473278150722)	(71.0, 0.0001557494655630144)	(72.0, 0.00025958244260502404)	(73.0, 5.191648852100481e-05)	(74.0, 5.191648852100481e-05)	(75.0, 5.191648852100481e-05)	(76.0, 0.0)	(77.0, 5.191648852100481e-05)	(78.0, 5.191648852100481e-05)	(79.0, 0.0)	(80.0, 5.191648852100481e-05)	(81.0, 5.191648852100481e-05)	(82.0, 0.0)	(83.0, 0.0)	(84.0, 0.0)	(85.0, 0.0)	(86.0, 0.0)	(87.0, 0.0)	(88.0, 0.0)	(89.0, 0.0)	(90.0, 0.0)	(91.0, 0.0)	(92.0, 0.0)	(93.0, 0.0)	(94.0, 0.0)	(95.0, 0.0)	(96.0, 0.0)	(97.0, 0.0)	(98.0, 0.0)	(99.0, 0.0)	(100.0, 6.922198469467307e-05)
SRR6419057_1	(0.0, 0.0)	(1.0, 0.0)	(2.0, 0.0)	(3.0, 0.0)	(4.0, 0.0)	(5.0, 0.0)	(6.0, 0.0)	(7.0, 0.0)	(8.0, 0.0)	(9.0, 0.0)	(10.0, 0.0)	(11.0, 0.0)	(12.0, 0.0)	(13.0, 0.0)	(14.0, 0.0)	(15.0, 0.0)	(16.0, 0.0)	(17.0, 0.0)	(18.0, 0.0)	(19.0, 0.0)	(20.0, 0.0)	(21.0, 0.0)	(22.0, 0.0)	(23.0, 0.0)	(24.0, 0.0)	(25.0, 0.00010586883909524492)	(26.0, 0.00021173767819048983)	(27.0, 0.00010586883909524492)	(28.0, 0.00015880325864286735)	(29.0, 0.0003176065172857347)	(30.0, 0.00015880325864286735)	(31.0, 0.00015880325864286735)	(32.0, 0.00010586883909524492)	(33.0, 5.293441954762246e-05)	(34.0, 0.00021173767819048983)	(35.0, 0.0004764097759286021)	(36.0, 0.0003176065172857347)	(37.0, 0.00042347535638097967)	(38.0, 0.0006352130345714694)	(39.0, 0.0010057539714048267)	(40.0, 0.0009528195518572042)	(41.0, 0.0014821637473334285)	(42.0, 0.0021173767819048983)	(43.0, 0.003493671690143082)	(44.0, 0.005452245213405113)	(45.0, 0.0076225564148576334)	(46.0, 0.012016113237310297)	(47.0, 0.018368243583024992)	(48.0, 0.03027848798124004)	(49.0, 0.060609910382027704)	(50.0, 0.22100120161132375)	(51.0, 0.3416916781799029)	(52.0, 0.45232461503443383)	(53.0, 0.9959611037885164)	(54.0, 2.8158464478357765)	(55.0, 16.87544001736249)	(56.0, 24.04789506280669)	(57.0, 14.405202394753141)	(58.0, 7.148634556647769)	(59.0, 20.93397489849825)	(60.0, 9.930708844812163)	(61.0, 1.218391534727626)	(62.0, 0.2888101930518281)	(63.0, 0.09496434866843469)	(64.0, 0.03694822484424047)	(65.0, 0.01598619470338198)	(66.0, 0.008257769449429101)	(67.0, 0.005240507535214623)	(68.0, 0.0033878028510478373)	(69.0, 0.0026996553969287447)	(70.0, 0.0022761800405477653)	(71.0, 0.0012174916495953164)	(72.0, 0.0010586883909524491)	(73.0, 0.0010057539714048267)	(74.0, 0.0006881474541190919)	(75.0, 0.0007410818736667143)	(76.0, 0.0007410818736667143)	(77.0, 0.0002646720977381123)	(78.0, 0.00021173767819048983)	(79.0, 0.00021173767819048983)	(80.0, 5.293441954762246e-05)	(81.0, 0.00021173767819048983)	(82.0, 0.00021173767819048983)	(83.0, 0.00021173767819048983)	(84.0, 5.293441954762246e-05)	(85.0, 0.00010586883909524492)	(86.0, 5.293441954762246e-05)	(87.0, 0.0)	(88.0, 0.00010586883909524492)	(89.0, 0.00010586883909524492)	(90.0, 5.293441954762246e-05)	(91.0, 5.293441954762246e-05)	(92.0, 0.0)	(93.0, 5.293441954762246e-05)	(94.0, 5.293441954762246e-05)	(95.0, 5.293441954762246e-05)	(96.0, 0.0)	(97.0, 0.0)	(98.0, 0.0)	(99.0, 0.0)	(100.0, 0.0)
SRR6419057_2	(0.0, 0.0)	(1.0, 0.0)	(2.0, 0.0)	(3.0, 0.0)	(4.0, 0.0)	(5.0, 0.0)	(6.0, 0.0)	(7.0, 0.0)	(8.0, 0.0)	(9.0, 0.0)	(10.0, 0.0)	(11.0, 0.0)	(12.0, 0.0)	(13.0, 0.0)	(14.0, 0.0)	(15.0, 0.0)	(16.0, 0.0)	(17.0, 0.0)	(18.0, 0.0)	(19.0, 0.0)	(20.0, 0.0)	(21.0, 0.0)	(22.0, 0.0)	(23.0, 0.0)	(24.0, 0.0)	(25.0, 0.0)	(26.0, 0.0)	(27.0, 0.0)	(28.0, 0.0)	(29.0, 0.0)	(30.0, 0.0)	(31.0, 0.0)	(32.0, 0.0)	(33.0, 5.255744528769946e-05)	(34.0, 0.0)	(35.0, 0.0)	(36.0, 5.255744528769946e-05)	(37.0, 0.0)	(38.0, 5.255744528769946e-05)	(39.0, 0.0002627872264384973)	(40.0, 0.00010511489057539892)	(41.0, 0.000578131898164694)	(42.0, 0.0012088212416170876)	(43.0, 0.0059915487627977375)	(44.0, 0.011983097525595475)	(45.0, 0.019761599428174993)	(46.0, 0.05098072192906847)	(47.0, 0.10769020539449618)	(48.0, 0.329640296844451)	(49.0, 1.3036348729160974)	(50.0, 5.362856602266277)	(51.0, 14.484569134063532)	(52.0, 12.645321336220489)	(53.0, 6.1781276935690705)	(54.0, 11.760096285239767)	(55.0, 22.73897870372317)	(56.0, 16.66071015620073)	(57.0, 6.685780057602959)	(58.0, 1.098030146950617)	(59.0, 0.3566022662770408)	(60.0, 0.12477137511299852)	(61.0, 0.04546219017386003)	(62.0, 0.016660710156200728)	(63.0, 0.005465974309920743)	(64.0, 0.0021022978115079784)	(65.0, 0.0006832467887400929)	(66.0, 0.0005255744528769946)	(67.0, 0.0004204595623015957)	(68.0, 0.0003679021170138962)	(69.0, 0.00021022978115079784)	(70.0, 0.00010511489057539892)	(71.0, 5.255744528769946e-05)	(72.0, 5.255744528769946e-05)	(73.0, 0.0)	(74.0, 5.255744528769946e-05)	(75.0, 0.0)	(76.0, 0.0)	(77.0, 0.0)	(78.0, 0.0)	(79.0, 0.0)	(80.0, 0.0)	(81.0, 0.0)	(82.0, 0.0)	(83.0, 0.0)	(84.0, 0.0)	(85.0, 0.0)	(86.0, 0.0)	(87.0, 0.0)	(88.0, 0.0)	(89.0, 0.0)	(90.0, 0.0)	(91.0, 0.0)	(92.0, 0.0)	(93.0, 0.0)	(94.0, 0.0)	(95.0, 0.0)	(96.0, 0.0)	(97.0, 0.0)	(98.0, 0.0)	(99.0, 0.0)	(100.0, 0.0)
SRR6419058_1	(0.0, 0.0)	(1.0, 0.0)	(2.0, 0.0)	(3.0, 0.0)	(4.0, 0.0)	(5.0, 0.0)	(6.0, 0.0)	(7.0, 0.0)	(8.0, 0.0)	(9.0, 0.0)	(10.0, 0.0)	(11.0, 0.0)	(12.0, 0.0)	(13.0, 0.0)	(14.0, 0.0)	(15.0, 0.0)	(16.0, 0.0)	(17.0, 0.0)	(18.0, 0.0)	(19.0, 0.0)	(20.0, 0.0)	(21.0, 0.0)	(22.0, 0.0)	(23.0, 0.0)	(24.0, 0.0)	(25.0, 0.0)	(26.0, 0.0)	(27.0, 0.0)	(28.0, 0.0)	(29.0, 0.0)	(30.0, 0.0)	(31.0, 0.0)	(32.0, 0.0)	(33.0, 0.0)	(34.0, 0.0)	(35.0, 0.0)	(36.0, 4.6324477019816685e-05)	(37.0, 4.6324477019816685e-05)	(38.0, 0.0)	(39.0, 9.264895403963337e-05)	(40.0, 0.0003242713391387168)	(41.0, 0.0009264895403963338)	(42.0, 0.0021309259429115675)	(43.0, 0.009959762559260588)	(44.0, 0.019224657963223923)	(45.0, 0.02459829729752266)	(46.0, 0.06559545946006043)	(47.0, 0.132163732937537)	(48.0, 0.3776834611425654)	(49.0, 1.5290783374701091)	(50.0, 6.395418323924833)	(51.0, 20.274138990107872)	(52.0, 16.783358024279586)	(53.0, 5.349365308340351)	(54.0, 11.545681030034013)	(55.0, 21.503405312305727)	(56.0, 10.416614551630019)	(57.0, 4.314383842763607)	(58.0, 0.836944326317028)	(59.0, 0.26164064620792465)	(60.0, 0.09515047579870348)	(61.0, 0.036503687891615545)	(62.0, 0.015009130554420606)	(63.0, 0.005558937242378002)	(64.0, 0.0020846014658917507)	(65.0, 0.0009264895403963338)	(66.0, 0.0005095692472179836)	(67.0, 0.0003705958161585335)	(68.0, 0.0004169202931783502)	(69.0, 0.00023162238509908344)	(70.0, 4.6324477019816685e-05)	(71.0, 4.6324477019816685e-05)	(72.0, 4.6324477019816685e-05)	(73.0, 4.6324477019816685e-05)	(74.0, 9.264895403963337e-05)	(75.0, 4.6324477019816685e-05)	(76.0, 4.6324477019816685e-05)	(77.0, 0.0)	(78.0, 0.0)	(79.0, 0.0)	(80.0, 0.0)	(81.0, 0.0)	(82.0, 0.0)	(83.0, 0.0)	(84.0, 0.0)	(85.0, 0.0)	(86.0, 0.0)	(87.0, 4.6324477019816685e-05)	(88.0, 0.0)	(89.0, 0.0)	(90.0, 0.0)	(91.0, 0.0)	(92.0, 0.0)	(93.0, 0.0)	(94.0, 0.0)	(95.0, 0.0)	(96.0, 0.0)	(97.0, 0.0)	(98.0, 0.0)	(99.0, 0.0)	(100.0, 0.0)
SRR6419058_2	(0.0, 0.0)	(1.0, 0.0)	(2.0, 0.0)	(3.0, 0.0)	(4.0, 0.0)	(5.0, 0.0)	(6.0, 0.0)	(7.0, 0.0)	(8.0, 0.0)	(9.0, 0.0)	(10.0, 0.0)	(11.0, 0.0)	(12.0, 0.0)	(13.0, 0.0)	(14.0, 0.0)	(15.0, 0.0)	(16.0, 0.0)	(17.0, 0.0)	(18.0, 4.692518061502018e-05)	(19.0, 0.0)	(20.0, 0.0)	(21.0, 0.0)	(22.0, 0.0)	(23.0, 0.0)	(24.0, 4.692518061502018e-05)	(25.0, 9.385036123004036e-05)	(26.0, 9.385036123004036e-05)	(27.0, 0.0)	(28.0, 0.00028155108369012113)	(29.0, 0.00014077554184506057)	(30.0, 0.00028155108369012113)	(31.0, 0.00018770072246008073)	(32.0, 0.0003284762643051413)	(33.0, 0.0003284762643051413)	(34.0, 0.00037540144492016146)	(35.0, 0.0007977280704553431)	(36.0, 0.0007508028898403229)	(37.0, 0.0007977280704553431)	(38.0, 0.0007038777092253028)	(39.0, 0.0007038777092253028)	(40.0, 0.0015954561409106862)	(41.0, 0.0019708575858308477)	(42.0, 0.0030032115593612916)	(43.0, 0.0037070892685865946)	(44.0, 0.007085702272868049)	(45.0, 0.01018276419345938)	(46.0, 0.015813785867261804)	(47.0, 0.023181039223819973)	(48.0, 0.03833787256247149)	(49.0, 0.08315142004981577)	(50.0, 0.31787117348614674)	(51.0, 0.44527303885592656)	(52.0, 0.4293654026274347)	(53.0, 0.8156065642696658)	(54.0, 2.1813170208892134)	(55.0, 12.78485930892348)	(56.0, 24.70469983838968)	(57.0, 18.719674602027546)	(58.0, 7.849315737016271)	(59.0, 20.121001270733892)	(60.0, 9.668558064279988)	(61.0, 1.2348361278842561)	(62.0, 0.32261061672826374)	(63.0, 0.1129489097403536)	(64.0, 0.04523587411287946)	(65.0, 0.02008397730322864)	(66.0, 0.009713512387309178)	(67.0, 0.006100273479952624)	(68.0, 0.004645592880886998)	(69.0, 0.00253395975321109)	(70.0, 0.0025808849338261105)	(71.0, 0.0017831568633707672)	(72.0, 0.001266979876605545)	(73.0, 0.0012200546959905247)	(74.0, 0.0007977280704553431)	(75.0, 0.00037540144492016146)	(76.0, 0.00037540144492016146)	(77.0, 0.00023462590307510092)	(78.0, 0.00018770072246008073)	(79.0, 0.00014077554184506057)	(80.0, 9.385036123004036e-05)	(81.0, 9.385036123004036e-05)	(82.0, 0.00014077554184506057)	(83.0, 0.00014077554184506057)	(84.0, 9.385036123004036e-05)	(85.0, 0.0)	(86.0, 0.0)	(87.0, 0.0)	(88.0, 4.692518061502018e-05)	(89.0, 4.692518061502018e-05)	(90.0, 0.0)	(91.0, 0.0)	(92.0, 0.0)	(93.0, 0.0)	(94.0, 9.385036123004036e-05)	(95.0, 0.0)	(96.0, 4.692518061502018e-05)	(97.0, 0.0)	(98.0, 0.0)	(99.0, 0.0)	(100.0, 0.0)
SRR6419059_1	(0.0, 0.0)	(1.0, 0.0)	(2.0, 0.0)	(3.0, 0.0)	(4.0, 0.0)	(5.0, 0.0)	(6.0, 0.0)	(7.0, 0.0)	(8.0, 0.0)	(9.0, 0.0)	(10.0, 0.0)	(11.0, 0.0)	(12.0, 0.0)	(13.0, 0.0)	(14.0, 0.0)	(15.0, 0.0)	(16.0, 0.0)	(17.0, 0.0)	(18.0, 0.0)	(19.0, 0.0)	(20.0, 0.0)	(21.0, 0.0)	(22.0, 0.0)	(23.0, 0.0)	(24.0, 0.0)	(25.0, 0.0)	(26.0, 0.0)	(27.0, 0.0)	(28.0, 0.0)	(29.0, 0.0)	(30.0, 0.0)	(31.0, 0.0)	(32.0, 5.4140415332782184e-05)	(33.0, 5.4140415332782184e-05)	(34.0, 0.00010828083066556437)	(35.0, 0.00016242124599834655)	(36.0, 0.000595544568660604)	(37.0, 0.003194284504634149)	(38.0, 0.008283483545915675)	(39.0, 0.0035191269966308417)	(40.0, 0.004493654472620921)	(41.0, 0.02133132364111618)	(42.0, 0.061449371402707786)	(43.0, 0.11142097475486575)	(44.0, 0.22457444280038052)	(45.0, 0.42105001004304704)	(46.0, 0.5287894365552835)	(47.0, 0.6503346689773796)	(48.0, 1.1968821617618157)	(49.0, 2.2469896575564587)	(50.0, 7.330449814812709)	(51.0, 17.923509338409538)	(52.0, 19.12688835001129)	(53.0, 12.141042278791737)	(54.0, 8.446825178974677)	(55.0, 7.400074388930668)	(56.0, 7.704939067669564)	(57.0, 5.665848604990988)	(58.0, 3.09136357508653)	(59.0, 1.4594090357104765)	(60.0, 1.003655019439116)	(61.0, 0.8449153216833988)	(62.0, 0.6238600058796491)	(63.0, 0.431986373940269)	(64.0, 0.2139087809798224)	(65.0, 0.09474572683236882)	(66.0, 0.05706399776075242)	(67.0, 0.062099056386701164)	(68.0, 0.461330479050637)	(69.0, 0.3141226897608022)	(70.0, 0.0802360955231832)	(71.0, 0.02777403306571726)	(72.0, 0.007742079392587852)	(73.0, 0.0018407741213145943)	(74.0, 0.0008121062299917328)	(75.0, 0.00016242124599834655)	(76.0, 5.4140415332782184e-05)	(77.0, 5.4140415332782184e-05)	(78.0, 0.0)	(79.0, 0.0)	(80.0, 0.0)	(81.0, 0.0)	(82.0, 0.0)	(83.0, 0.0)	(84.0, 0.0)	(85.0, 0.0)	(86.0, 0.0)	(87.0, 0.0)	(88.0, 0.0)	(89.0, 0.0)	(90.0, 0.0)	(91.0, 0.0)	(92.0, 0.0)	(93.0, 0.0)	(94.0, 0.0)	(95.0, 0.0)	(96.0, 0.0)	(97.0, 0.0)	(98.0, 0.0)	(99.0, 0.0)	(100.0, 0.0)
SRR6419059_2	(0.0, 0.0)	(1.0, 0.0)	(2.0, 0.0)	(3.0, 0.0)	(4.0, 0.0)	(5.0, 0.0)	(6.0, 0.0)	(7.0, 0.0)	(8.0, 0.0)	(9.0, 0.0)	(10.0, 0.0)	(11.0, 0.0)	(12.0, 0.0)	(13.0, 0.0)	(14.0, 0.0)	(15.0, 0.0)	(16.0, 0.0)	(17.0, 0.0)	(18.0, 0.0)	(19.0, 0.0)	(20.0, 0.0)	(21.0, 0.0)	(22.0, 0.0)	(23.0, 0.0)	(24.0, 0.0)	(25.0, 0.0)	(26.0, 0.0)	(27.0, 0.0)	(28.0, 0.0)	(29.0, 0.0)	(30.0, 0.0)	(31.0, 0.0)	(32.0, 0.0)	(33.0, 0.0)	(34.0, 0.0)	(35.0, 5.415871210582613e-05)	(36.0, 5.415871210582613e-05)	(37.0, 0.00010831742421165226)	(38.0, 0.00032495227263495675)	(39.0, 0.0007040632573757396)	(40.0, 0.0010290155300106965)	(41.0, 0.0021121897721272185)	(42.0, 0.003032887877926263)	(43.0, 0.006390728028487483)	(44.0, 0.011210853405906007)	(45.0, 0.020255358327578972)	(46.0, 0.03872347915566568)	(47.0, 0.0810755920224217)	(48.0, 0.1859268586593011)	(49.0, 0.3064299930947642)	(50.0, 0.5312969657581543)	(51.0, 1.1052709966556995)	(52.0, 3.9139418064638423)	(53.0, 14.473915810282032)	(54.0, 17.246354441691377)	(55.0, 15.976765912506602)	(56.0, 13.666355254072057)	(57.0, 10.997901349905899)	(58.0, 8.346615757477286)	(59.0, 5.816320727893091)	(60.0, 3.471302652422925)	(61.0, 1.487631504122832)	(62.0, 0.6338194077744832)	(63.0, 0.390592631707218)	(64.0, 0.520140271064354)	(65.0, 0.37867771504393627)	(66.0, 0.1646424848017114)	(67.0, 0.0997603476989317)	(68.0, 0.05800398066533978)	(69.0, 0.028433323855558714)	(70.0, 0.012618979920657485)	(71.0, 0.007636378406921483)	(72.0, 0.004386855680571916)	(73.0, 0.0025454594689738276)	(74.0, 0.0016247613631747836)	(75.0, 0.0008123806815873918)	(76.0, 0.0007040632573757396)	(77.0, 0.000920698105799044)	(78.0, 0.0005957458331640874)	(79.0, 0.0005415871210582612)	(80.0, 0.0004874284089524351)	(81.0, 0.000433269696846609)	(82.0, 0.0003791109847407829)	(83.0, 0.00016247613631747838)	(84.0, 0.00010831742421165226)	(85.0, 0.00016247613631747838)	(86.0, 0.0002166348484233045)	(87.0, 0.00010831742421165226)	(88.0, 5.415871210582613e-05)	(89.0, 5.415871210582613e-05)	(90.0, 0.00010831742421165226)	(91.0, 0.00010831742421165226)	(92.0, 0.0)	(93.0, 0.0)	(94.0, 0.0)	(95.0, 0.0)	(96.0, 0.0)	(97.0, 0.0)	(98.0, 0.0)	(99.0, 5.415871210582613e-05)	(100.0, 0.0)
SRR6419060_1	(0.0, 0.0)	(1.0, 0.0)	(2.0, 0.0)	(3.0, 0.0)	(4.0, 0.0)	(5.0, 0.0)	(6.0, 0.0)	(7.0, 0.0)	(8.0, 0.0)	(9.0, 0.0)	(10.0, 0.0)	(11.0, 0.0)	(12.0, 0.0)	(13.0, 0.0)	(14.0, 0.0)	(15.0, 0.0)	(16.0, 0.0)	(17.0, 0.0)	(18.0, 0.0)	(19.0, 0.0)	(20.0, 0.0)	(21.0, 0.0)	(22.0, 0.0)	(23.0, 0.0)	(24.0, 0.0)	(25.0, 0.0)	(26.0, 0.0)	(27.0, 0.0)	(28.0, 0.0)	(29.0, 0.0)	(30.0, 0.0)	(31.0, 5.218858030361229e-05)	(32.0, 5.218858030361229e-05)	(33.0, 5.218858030361229e-05)	(34.0, 0.0)	(35.0, 0.0)	(36.0, 5.218858030361229e-05)	(37.0, 0.00015656574091083686)	(38.0, 0.0004696972227325106)	(39.0, 0.0009915830257686334)	(40.0, 0.0008350172848577966)	(41.0, 0.00182660031062643)	(42.0, 0.003444446300038411)	(43.0, 0.006523572537951536)	(44.0, 0.011011790444062192)	(45.0, 0.019570717613854607)	(46.0, 0.037575777818600845)	(47.0, 0.0943047646086274)	(48.0, 0.23907588637084787)	(49.0, 0.4108806927303395)	(50.0, 0.7202545967701531)	(51.0, 1.3903559678685349)	(52.0, 5.14809031546953)	(53.0, 19.70452913375307)	(54.0, 18.931616259456572)	(55.0, 13.326197414786487)	(56.0, 11.02692513235024)	(57.0, 9.388308087977421)	(58.0, 7.601997361345379)	(59.0, 5.400996175620835)	(60.0, 3.226454600110222)	(61.0, 1.3410377594816214)	(62.0, 0.546362247198517)	(63.0, 0.32722239850364904)	(64.0, 0.43901033751398655)	(65.0, 0.3189766028156783)	(66.0, 0.16601187394579067)	(67.0, 0.08438893435094105)	(68.0, 0.04044614973529952)	(69.0, 0.01795287162444263)	(70.0, 0.008767681491006865)	(71.0, 0.00480134938793233)	(72.0, 0.003444446300038411)	(73.0, 0.0016178459894119809)	(74.0, 0.0011481487666794702)	(75.0, 0.001461280248501144)	(76.0, 0.0011481487666794702)	(77.0, 0.0006262629636433475)	(78.0, 0.00020875432121444915)	(79.0, 0.0004175086424288983)	(80.0, 0.0004175086424288983)	(81.0, 0.0004696972227325106)	(82.0, 5.218858030361229e-05)	(83.0, 0.00015656574091083686)	(84.0, 0.00026094290151806144)	(85.0, 0.00015656574091083686)	(86.0, 0.00026094290151806144)	(87.0, 0.00020875432121444915)	(88.0, 0.00010437716060722458)	(89.0, 0.00010437716060722458)	(90.0, 0.00010437716060722458)	(91.0, 5.218858030361229e-05)	(92.0, 0.0)	(93.0, 0.0)	(94.0, 0.0)	(95.0, 0.0)	(96.0, 0.0)	(97.0, 0.0)	(98.0, 0.0)	(99.0, 0.0)	(100.0, 0.0)
SRR6419060_2	(0.0, 0.0)	(1.0, 0.0)	(2.0, 0.0)	(3.0, 0.0)	(4.0, 0.0)	(5.0, 0.0)	(6.0, 0.0)	(7.0, 0.0)	(8.0, 0.0)	(9.0, 0.0)	(10.0, 0.0)	(11.0, 0.0)	(12.0, 0.0)	(13.0, 0.0)	(14.0, 0.0)	(15.0, 0.0)	(16.0, 0.0)	(17.0, 0.0)	(18.0, 0.0)	(19.0, 0.0)	(20.0, 0.0)	(21.0, 0.0)	(22.0, 0.0)	(23.0, 0.0)	(24.0, 0.0)	(25.0, 0.0)	(26.0, 0.0)	(27.0, 0.0)	(28.0, 0.0)	(29.0, 0.0)	(30.0, 0.0)	(31.0, 0.0)	(32.0, 0.0)	(33.0, 0.0)	(34.0, 0.0)	(35.0, 0.00042010827240450546)	(36.0, 0.0027832173046798488)	(37.0, 0.009032327856696868)	(38.0, 0.015911600817320643)	(39.0, 0.007404408301129408)	(40.0, 0.005093812802904629)	(41.0, 0.013285924114792486)	(42.0, 0.05550680549144528)	(43.0, 0.1657327134635774)	(44.0, 0.28320548913468724)	(45.0, 0.8130670477048697)	(46.0, 0.8988741623434899)	(47.0, 1.0097827462582794)	(48.0, 1.6667795707648754)	(49.0, 2.8660311478775866)	(50.0, 8.4991579454815)	(51.0, 19.56349700226491)	(52.0, 19.46666204547567)	(53.0, 12.421551344320216)	(54.0, 8.252396848977902)	(55.0, 6.634454864880052)	(56.0, 5.583186426721827)	(57.0, 4.016760219527578)	(58.0, 2.7929848220132536)	(59.0, 1.2417875396936677)	(60.0, 0.8876362660566693)	(61.0, 0.71518182023462)	(62.0, 0.5389989134949805)	(63.0, 0.41522451373780306)	(64.0, 0.2170909497650282)	(65.0, 0.10907061022301973)	(66.0, 0.07955800408660321)	(67.0, 0.08150100484647406)	(68.0, 0.3996805076588364)	(69.0, 0.1981335639727749)	(70.0, 0.04994037088208559)	(71.0, 0.01501887073846107)	(72.0, 0.004726218064550687)	(73.0, 0.0018379736917697113)	(74.0, 0.0004726218064550687)	(75.0, 0.00021005413620225273)	(76.0, 5.251353405056318e-05)	(77.0, 5.251353405056318e-05)	(78.0, 5.251353405056318e-05)	(79.0, 0.0)	(80.0, 5.251353405056318e-05)	(81.0, 5.251353405056318e-05)	(82.0, 0.0)	(83.0, 0.0)	(84.0, 0.0)	(85.0, 0.0)	(86.0, 0.0)	(87.0, 5.251353405056318e-05)	(88.0, 5.251353405056318e-05)	(89.0, 0.0)	(90.0, 0.0)	(91.0, 0.0)	(92.0, 0.0)	(93.0, 0.0)	(94.0, 0.0)	(95.0, 0.0)	(96.0, 0.0)	(97.0, 0.0)	(98.0, 0.0)	(99.0, 0.0)	(100.0, 0.0)
SRR6419061_1	(0.0, 0.0)	(1.0, 0.0)	(2.0, 0.0)	(3.0, 0.0)	(4.0, 0.0)	(5.0, 0.0)	(6.0, 0.0)	(7.0, 0.0)	(8.0, 0.0)	(9.0, 0.0)	(10.0, 0.0)	(11.0, 0.0)	(12.0, 0.0)	(13.0, 0.0)	(14.0, 0.0)	(15.0, 0.0)	(16.0, 0.0)	(17.0, 0.0)	(18.0, 0.0)	(19.0, 0.0)	(20.0, 0.0)	(21.0, 0.0)	(22.0, 0.0)	(23.0, 0.0)	(24.0, 4.9634039951100546e-05)	(25.0, 0.0)	(26.0, 0.0)	(27.0, 0.0)	(28.0, 0.0)	(29.0, 0.0)	(30.0, 4.9634039951100546e-05)	(31.0, 4.9634039951100546e-05)	(32.0, 4.9634039951100546e-05)	(33.0, 9.926807990220109e-05)	(34.0, 0.0)	(35.0, 4.9634039951100546e-05)	(36.0, 9.926807990220109e-05)	(37.0, 0.00039707231960880437)	(38.0, 0.00039707231960880437)	(39.0, 0.0006948765593154077)	(40.0, 0.0015882892784352175)	(41.0, 0.002829140277212731)	(42.0, 0.0054597443946210605)	(43.0, 0.00992680799022011)	(44.0, 0.016031794904205476)	(45.0, 0.034892730085623685)	(46.0, 0.07598971516513495)	(47.0, 0.11490280248679775)	(48.0, 0.21263222715051472)	(49.0, 0.5909925136977542)	(50.0, 1.9594029951495961)	(51.0, 2.363275178231701)	(52.0, 3.4593436824718546)	(53.0, 10.94827653241376)	(54.0, 13.538131103022232)	(55.0, 14.764786766373733)	(56.0, 15.401938937226008)	(57.0, 11.856380927359094)	(58.0, 8.998601809094579)	(59.0, 6.620088980597888)	(60.0, 4.013160300246234)	(61.0, 1.5452069317576622)	(62.0, 0.6800359813700285)	(63.0, 0.6650465013047963)	(64.0, 1.0613246762743829)	(65.0, 0.6481212936814709)	(66.0, 0.22945816669393782)	(67.0, 0.09698491406445046)	(68.0, 0.04189112971872886)	(69.0, 0.018314960741956102)	(70.0, 0.008636322951491495)	(71.0, 0.003821821076234742)	(72.0, 0.002283165837750625)	(73.0, 0.001439387158581916)	(74.0, 0.0011415829188753126)	(75.0, 0.0008934127191198098)	(76.0, 0.000545974439462106)	(77.0, 0.00034743827965770383)	(78.0, 0.0006948765593154077)	(79.0, 0.0004467063595599049)	(80.0, 0.00034743827965770383)	(81.0, 0.00029780423970660324)	(82.0, 0.00029780423970660324)	(83.0, 0.00024817019975550275)	(84.0, 9.926807990220109e-05)	(85.0, 0.00014890211985330162)	(86.0, 0.00029780423970660324)	(87.0, 0.00019853615980440219)	(88.0, 0.00024817019975550275)	(89.0, 0.00014890211985330162)	(90.0, 4.9634039951100546e-05)	(91.0, 0.0)	(92.0, 0.0)	(93.0, 0.0)	(94.0, 0.0)	(95.0, 9.926807990220109e-05)	(96.0, 9.926807990220109e-05)	(97.0, 4.9634039951100546e-05)	(98.0, 4.9634039951100546e-05)	(99.0, 4.9634039951100546e-05)	(100.0, 6.617871993480071e-05)
SRR6419061_2	(0.0, 0.0)	(1.0, 0.0)	(2.0, 0.0)	(3.0, 0.0)	(4.0, 0.0)	(5.0, 0.0)	(6.0, 0.0)	(7.0, 0.0)	(8.0, 0.0)	(9.0, 0.0)	(10.0, 0.0)	(11.0, 0.0)	(12.0, 0.0)	(13.0, 0.0)	(14.0, 0.0)	(15.0, 0.0)	(16.0, 0.0)	(17.0, 0.0)	(18.0, 0.0)	(19.0, 0.0)	(20.0, 0.0)	(21.0, 0.0)	(22.0, 0.0)	(23.0, 0.0)	(24.0, 0.0)	(25.0, 0.0)	(26.0, 0.0)	(27.0, 0.0)	(28.0, 0.0)	(29.0, 0.0)	(30.0, 0.0)	(31.0, 0.0)	(32.0, 4.9794770851933756e-05)	(33.0, 9.958954170386751e-05)	(34.0, 9.958954170386751e-05)	(35.0, 0.0007967163336309401)	(36.0, 0.004481529376674038)	(37.0, 0.020714624674404443)	(38.0, 0.03933786897302767)	(39.0, 0.015286994651543661)	(40.0, 0.006473320210751388)	(41.0, 0.012398897942131505)	(42.0, 0.04889846497659895)	(43.0, 0.12737502383924654)	(44.0, 0.2952331963811152)	(45.0, 0.9888743543485524)	(46.0, 1.0144190717955943)	(47.0, 0.7308876465646836)	(48.0, 1.4107854477769872)	(49.0, 3.8321557699939697)	(50.0, 8.041158365795374)	(51.0, 15.186210035339348)	(52.0, 16.053186790642368)	(53.0, 11.229716722528101)	(54.0, 9.98161079112438)	(55.0, 7.584440727541438)	(56.0, 7.072351304100151)	(57.0, 5.112130354742927)	(58.0, 3.080055551046362)	(59.0, 1.6292849022752725)	(60.0, 1.2596085234705163)	(61.0, 1.0074975986471757)	(62.0, 0.9313613940145689)	(63.0, 0.7930813153587488)	(64.0, 0.5766234464653929)	(65.0, 0.252559077761008)	(66.0, 0.1020792802464642)	(67.0, 0.13056188917377032)	(68.0, 0.8753920715769954)	(69.0, 0.4140933144046811)	(70.0, 0.09555616526486087)	(71.0, 0.03047439976138346)	(72.0, 0.009261827378459679)	(73.0, 0.0021411751466331517)	(74.0, 0.0007469215627790063)	(75.0, 0.00024897385425966874)	(76.0, 0.00014938431255580127)	(77.0, 0.0)	(78.0, 0.0)	(79.0, 0.0)	(80.0, 0.0)	(81.0, 0.0)	(82.0, 0.0)	(83.0, 0.0)	(84.0, 0.0)	(85.0, 4.9794770851933756e-05)	(86.0, 0.0)	(87.0, 0.0)	(88.0, 0.0)	(89.0, 0.0)	(90.0, 0.0)	(91.0, 0.0)	(92.0, 0.0)	(93.0, 0.0)	(94.0, 0.0)	(95.0, 0.0)	(96.0, 0.0)	(97.0, 0.0)	(98.0, 0.0)	(99.0, 0.0)	(100.0, 0.0)
SRR6419062_1	(0.0, 0.0)	(1.0, 0.0)	(2.0, 0.0)	(3.0, 0.0)	(4.0, 0.0)	(5.0, 0.0)	(6.0, 0.0)	(7.0, 0.0)	(8.0, 0.0)	(9.0, 0.0)	(10.0, 0.0)	(11.0, 0.0)	(12.0, 0.0)	(13.0, 0.0)	(14.0, 0.0)	(15.0, 0.0)	(16.0, 0.0)	(17.0, 0.0)	(18.0, 0.0)	(19.0, 0.0)	(20.0, 0.0)	(21.0, 0.0)	(22.0, 0.0)	(23.0, 0.0)	(24.0, 0.0)	(25.0, 0.0)	(26.0, 0.0)	(27.0, 0.0)	(28.0, 0.0)	(29.0, 0.0)	(30.0, 0.0)	(31.0, 0.0)	(32.0, 0.0)	(33.0, 5.434829868085809e-05)	(34.0, 5.434829868085809e-05)	(35.0, 0.00021739319472343236)	(36.0, 0.0005434829868085809)	(37.0, 0.003478291115574918)	(38.0, 0.007500065217958417)	(39.0, 0.005597874764128384)	(40.0, 0.004728301985234654)	(41.0, 0.014728388942512544)	(42.0, 0.06027226323707163)	(43.0, 0.23326289793824295)	(44.0, 0.3283724206297446)	(45.0, 0.5701136531622014)	(46.0, 0.6616361881407664)	(47.0, 0.7022343672553675)	(48.0, 1.332837676849364)	(49.0, 2.840948616944495)	(50.0, 7.865557526587187)	(51.0, 19.55680049391734)	(52.0, 19.956206140922962)	(53.0, 14.854640040348176)	(54.0, 11.354935695093001)	(55.0, 6.704406125270655)	(56.0, 5.091076878929382)	(57.0, 2.930242871677145)	(58.0, 1.8325159349211733)	(59.0, 0.9572909329646344)	(60.0, 0.5800050435221176)	(61.0, 0.36761189227732416)	(62.0, 0.3681010269654519)	(63.0, 0.30755702223497594)	(64.0, 0.11385968573639771)	(65.0, 0.06777232845503003)	(66.0, 0.042391672971069314)	(67.0, 0.04119601040009044)	(68.0, 0.14570778876338053)	(69.0, 0.06983756380490265)	(70.0, 0.017554500473917163)	(71.0, 0.005326133270724094)	(72.0, 0.0015217523630640267)	(73.0, 0.0008695727788937295)	(74.0, 0.0001630448960425743)	(75.0, 0.00021739319472343236)	(76.0, 0.0)	(77.0, 5.434829868085809e-05)	(78.0, 0.0)	(79.0, 0.0)	(80.0, 0.0)	(81.0, 0.0)	(82.0, 0.0)	(83.0, 0.0)	(84.0, 0.0)	(85.0, 0.0)	(86.0, 0.0)	(87.0, 0.0)	(88.0, 0.0)	(89.0, 0.0)	(90.0, 0.0)	(91.0, 0.0)	(92.0, 0.0)	(93.0, 0.0)	(94.0, 0.0)	(95.0, 0.0)	(96.0, 0.0)	(97.0, 0.0)	(98.0, 0.0)	(99.0, 0.0)	(100.0, 0.0)
SRR6419062_2	(0.0, 0.0)	(1.0, 0.0)	(2.0, 0.0)	(3.0, 0.0)	(4.0, 0.0)	(5.0, 0.0)	(6.0, 0.0)	(7.0, 0.0)	(8.0, 0.0)	(9.0, 0.0)	(10.0, 0.0)	(11.0, 0.0)	(12.0, 0.0)	(13.0, 0.0)	(14.0, 0.0)	(15.0, 0.0)	(16.0, 0.0)	(17.0, 0.0)	(18.0, 0.0)	(19.0, 0.0)	(20.0, 0.0)	(21.0, 0.0)	(22.0, 0.0)	(23.0, 0.0)	(24.0, 0.0)	(25.0, 0.0)	(26.0, 0.0)	(27.0, 0.0)	(28.0, 0.0)	(29.0, 5.414903438734428e-05)	(30.0, 5.414903438734428e-05)	(31.0, 0.0)	(32.0, 0.0)	(33.0, 0.0)	(34.0, 0.0)	(35.0, 5.414903438734428e-05)	(36.0, 0.00016244710316203287)	(37.0, 0.00021659613754937713)	(38.0, 0.00021659613754937713)	(39.0, 0.0005956393782607872)	(40.0, 0.0014620239284582957)	(41.0, 0.002978196891303936)	(42.0, 0.004819264060473641)	(43.0, 0.00833895129565102)	(44.0, 0.01591981610987922)	(45.0, 0.024854406783791028)	(46.0, 0.03822921827746507)	(47.0, 0.08306461875018614)	(48.0, 0.19861865813277885)	(49.0, 0.4092584018995481)	(50.0, 0.808878275678149)	(51.0, 1.3858362370753023)	(52.0, 4.883918007532131)	(53.0, 18.34130677864687)	(54.0, 17.98668475244415)	(55.0, 13.688280253742374)	(56.0, 12.70168484720496)	(57.0, 11.252656686999629)	(58.0, 7.809698633549117)	(59.0, 5.168417034203237)	(60.0, 2.84027930071937)	(61.0, 1.1291156650449032)	(62.0, 0.4737499018548752)	(63.0, 0.2393928810264491)	(64.0, 0.19363694696914316)	(65.0, 0.13087821611421113)	(66.0, 0.08463494074741912)	(67.0, 0.04505199661027045)	(68.0, 0.01954780141383129)	(69.0, 0.010829806877468859)	(70.0, 0.00492756212924833)	(71.0, 0.002815749788141903)	(72.0, 0.0019493652379443944)	(73.0, 0.0013537258596836074)	(74.0, 0.0010829806877468858)	(75.0, 0.0006497884126481315)	(76.0, 0.0006497884126481315)	(77.0, 0.0005414903438734429)	(78.0, 0.00037904324071141003)	(79.0, 0.00016244710316203287)	(80.0, 0.00027074517193672145)	(81.0, 0.0004873413094860986)	(82.0, 0.00027074517193672145)	(83.0, 0.00010829806877468857)	(84.0, 0.00021659613754937713)	(85.0, 0.00032489420632406574)	(86.0, 5.414903438734428e-05)	(87.0, 0.00010829806877468857)	(88.0, 5.414903438734428e-05)	(89.0, 0.0)	(90.0, 5.414903438734428e-05)	(91.0, 5.414903438734428e-05)	(92.0, 0.0)	(93.0, 0.00010829806877468857)	(94.0, 0.0)	(95.0, 0.0)	(96.0, 0.0)	(97.0, 0.0)	(98.0, 0.0)	(99.0, 0.0)	(100.0, 0.0)
SRR6419063_1	(0.0, 0.0)	(1.0, 0.0)	(2.0, 0.0)	(3.0, 0.0)	(4.0, 0.0)	(5.0, 0.0)	(6.0, 0.0)	(7.0, 0.0)	(8.0, 0.0)	(9.0, 0.0)	(10.0, 0.0)	(11.0, 0.0)	(12.0, 0.0)	(13.0, 0.0)	(14.0, 0.0)	(15.0, 0.0)	(16.0, 0.0)	(17.0, 0.0)	(18.0, 0.0)	(19.0, 0.0)	(20.0, 0.0)	(21.0, 0.0)	(22.0, 0.0)	(23.0, 0.0)	(24.0, 0.0)	(25.0, 0.0)	(26.0, 0.0)	(27.0, 0.0)	(28.0, 0.0)	(29.0, 0.0)	(30.0, 0.0)	(31.0, 6.020505842900921e-05)	(32.0, 0.0)	(33.0, 0.0)	(34.0, 6.020505842900921e-05)	(35.0, 0.00012041011685801841)	(36.0, 0.00018061517528702761)	(37.0, 0.00024082023371603683)	(38.0, 0.00024082023371603683)	(39.0, 0.00036123035057405523)	(40.0, 0.0006622556427191012)	(41.0, 0.0015653315191542392)	(42.0, 0.0035520984473115433)	(43.0, 0.005719480550755875)	(44.0, 0.008789938530635344)	(45.0, 0.01511146966568131)	(46.0, 0.026128995358189997)	(47.0, 0.047140560749914205)	(48.0, 0.0909096382278039)	(49.0, 0.18494993949391628)	(50.0, 0.45731762382675395)	(51.0, 0.8314318569046171)	(52.0, 3.3476420688866275)	(53.0, 14.020674417064521)	(54.0, 18.269104570165986)	(55.0, 15.515264992564676)	(56.0, 13.050951540948471)	(57.0, 12.88984280459244)	(58.0, 9.302343782924641)	(59.0, 6.241940047802816)	(60.0, 3.2227165726464335)	(61.0, 1.2067501911510605)	(62.0, 0.4820016977826477)	(63.0, 0.24991119753881721)	(64.0, 0.19024798463566908)	(65.0, 0.13877265967886623)	(66.0, 0.09295661021439021)	(67.0, 0.048826302385926466)	(68.0, 0.026008585241331972)	(69.0, 0.012041011685801841)	(70.0, 0.005237840083323801)	(71.0, 0.0035520984473115433)	(72.0, 0.001745946694441267)	(73.0, 0.0011438961101511748)	(74.0, 0.0011438961101511748)	(75.0, 0.000602050584290092)	(76.0, 0.0006622556427191012)	(77.0, 0.0005418455258610829)	(78.0, 0.00036123035057405523)	(79.0, 0.000301025292145046)	(80.0, 0.00018061517528702761)	(81.0, 0.00018061517528702761)	(82.0, 0.00012041011685801841)	(83.0, 0.0)	(84.0, 0.00024082023371603683)	(85.0, 0.00012041011685801841)	(86.0, 0.00024082023371603683)	(87.0, 0.000301025292145046)	(88.0, 0.00024082023371603683)	(89.0, 0.00012041011685801841)	(90.0, 6.020505842900921e-05)	(91.0, 6.020505842900921e-05)	(92.0, 6.020505842900921e-05)	(93.0, 0.0)	(94.0, 0.0)	(95.0, 0.0)	(96.0, 0.0)	(97.0, 0.00018061517528702761)	(98.0, 6.020505842900921e-05)	(99.0, 0.0)	(100.0, 0.0)
SRR6419063_2	(0.0, 0.0)	(1.0, 0.0)	(2.0, 0.0)	(3.0, 0.0)	(4.0, 0.0)	(5.0, 0.0)	(6.0, 0.0)	(7.0, 0.0)	(8.0, 0.0)	(9.0, 0.0)	(10.0, 0.0)	(11.0, 0.0)	(12.0, 0.0)	(13.0, 0.0)	(14.0, 0.0)	(15.0, 0.0)	(16.0, 0.0)	(17.0, 0.0)	(18.0, 0.0)	(19.0, 0.0)	(20.0, 0.0)	(21.0, 0.0)	(22.0, 0.0)	(23.0, 0.0)	(24.0, 0.0)	(25.0, 0.0)	(26.0, 0.0)	(27.0, 0.0)	(28.0, 0.0)	(29.0, 0.0)	(30.0, 0.0)	(31.0, 0.0)	(32.0, 6.069640628717655e-05)	(33.0, 0.0)	(34.0, 6.069640628717655e-05)	(35.0, 0.0001213928125743531)	(36.0, 0.0009711425005948248)	(37.0, 0.0035203915646562396)	(38.0, 0.007647747192184246)	(39.0, 0.003763177189804946)	(40.0, 0.0017601957823281198)	(41.0, 0.004855712502974123)	(42.0, 0.01019699625624566)	(43.0, 0.02658502595378333)	(44.0, 0.08109039879966787)	(45.0, 0.18391011105014496)	(46.0, 0.22815779123349667)	(47.0, 0.5233851114143234)	(48.0, 1.1983898457340139)	(49.0, 1.9913883938759753)	(50.0, 7.893871119678746)	(51.0, 20.12419698654482)	(52.0, 26.50132560951331)	(53.0, 15.103875829719874)	(54.0, 8.354860325429852)	(55.0, 6.369238090151158)	(56.0, 4.42240085848997)	(57.0, 2.5824499983005005)	(58.0, 1.5781672598728775)	(59.0, 0.7275071257580981)	(60.0, 0.49060905201924804)	(61.0, 0.3383824650510093)	(62.0, 0.36090083178355176)	(63.0, 0.34997547865185996)	(64.0, 0.13122563039287571)	(65.0, 0.06682674332218139)	(66.0, 0.04782876815429512)	(67.0, 0.04388350174562865)	(68.0, 0.1442146613383315)	(69.0, 0.07398891926406821)	(70.0, 0.01936215360560932)	(71.0, 0.00528058734698436)	(72.0, 0.0016388029697537668)	(73.0, 0.0008497496880204717)	(74.0, 0.00018208921886152965)	(75.0, 0.0005462676565845889)	(76.0, 0.0002427856251487062)	(77.0, 0.0001213928125743531)	(78.0, 6.069640628717655e-05)	(79.0, 6.069640628717655e-05)	(80.0, 6.069640628717655e-05)	(81.0, 0.0)	(82.0, 0.0)	(83.0, 0.0)	(84.0, 0.0)	(85.0, 0.0)	(86.0, 0.0)	(87.0, 0.0)	(88.0, 0.0)	(89.0, 0.0)	(90.0, 0.0)	(91.0, 0.0)	(92.0, 0.0)	(93.0, 0.0)	(94.0, 0.0)	(95.0, 0.0)	(96.0, 0.0)	(97.0, 0.0)	(98.0, 0.0)	(99.0, 0.0)	(100.0, 0.0)
SRR6419064_1	(0.0, 0.0)	(1.0, 0.0)	(2.0, 0.0)	(3.0, 0.0)	(4.0, 0.0)	(5.0, 0.0)	(6.0, 0.0)	(7.0, 0.0)	(8.0, 0.0)	(9.0, 0.0)	(10.0, 0.0)	(11.0, 0.0)	(12.0, 0.0)	(13.0, 0.0)	(14.0, 0.0)	(15.0, 0.0)	(16.0, 0.0)	(17.0, 0.0)	(18.0, 0.0)	(19.0, 0.0)	(20.0, 0.0)	(21.0, 0.0)	(22.0, 0.0)	(23.0, 0.0)	(24.0, 0.0)	(25.0, 0.0)	(26.0, 0.0)	(27.0, 0.00011436740528949249)	(28.0, 0.00022873481057898498)	(29.0, 0.00017155110793423873)	(30.0, 0.00011436740528949249)	(31.0, 5.7183702644746245e-05)	(32.0, 0.00011436740528949249)	(33.0, 0.00022873481057898498)	(34.0, 0.00022873481057898498)	(35.0, 0.0010293066476054324)	(36.0, 0.003945675482487491)	(37.0, 0.015496783416726233)	(38.0, 0.040257326661901356)	(39.0, 0.018699070764832022)	(40.0, 0.0054896354538956395)	(41.0, 0.010121515368120086)	(42.0, 0.029049320943531097)	(43.0, 0.06558970693352395)	(44.0, 0.14799142244460328)	(45.0, 0.21375268048606147)	(46.0, 0.3868477483917083)	(47.0, 0.7467047891350965)	(48.0, 1.7394138670478911)	(49.0, 3.7511937097927093)	(50.0, 14.088234453180842)	(51.0, 23.330150107219442)	(52.0, 17.964203002144387)	(53.0, 10.648291636883487)	(54.0, 6.658413152251608)	(55.0, 7.016840600428878)	(56.0, 5.4307362401715515)	(57.0, 2.5589706933523946)	(58.0, 2.0365975696926375)	(59.0, 0.7929092208720515)	(60.0, 0.47336669049320945)	(61.0, 0.3094781987133667)	(62.0, 0.2516082916368835)	(63.0, 0.2119228020014296)	(64.0, 0.07782701929949964)	(65.0, 0.0448892065761258)	(66.0, 0.061929949964260184)	(67.0, 0.09229449606862045)	(68.0, 0.47096497498213014)	(69.0, 0.23045032165832738)	(70.0, 0.0519228020014296)	(71.0, 0.014524660471765549)	(72.0, 0.004746247319513938)	(73.0, 0.0010864903502501788)	(74.0, 0.0005718370264474624)	(75.0, 0.00017155110793423873)	(76.0, 0.0)	(77.0, 5.7183702644746245e-05)	(78.0, 0.0)	(79.0, 0.0)	(80.0, 0.0)	(81.0, 0.0)	(82.0, 0.0)	(83.0, 0.0)	(84.0, 0.0)	(85.0, 0.0)	(86.0, 0.0)	(87.0, 0.0)	(88.0, 0.0)	(89.0, 0.0)	(90.0, 0.0)	(91.0, 0.0)	(92.0, 0.0)	(93.0, 0.0)	(94.0, 0.0)	(95.0, 0.0)	(96.0, 0.0)	(97.0, 0.0)	(98.0, 0.0)	(99.0, 0.0)	(100.0, 0.0)
SRR6419064_2	(0.0, 0.0)	(1.0, 0.0)	(2.0, 0.0)	(3.0, 0.0)	(4.0, 0.0)	(5.0, 0.0)	(6.0, 0.0)	(7.0, 0.0)	(8.0, 0.0)	(9.0, 0.0)	(10.0, 0.0)	(11.0, 5.7017386311607994e-05)	(12.0, 5.7017386311607994e-05)	(13.0, 0.0)	(14.0, 0.0)	(15.0, 0.0)	(16.0, 0.0)	(17.0, 0.0)	(18.0, 0.0)	(19.0, 0.0)	(20.0, 0.0)	(21.0, 0.0)	(22.0, 0.0)	(23.0, 0.0)	(24.0, 0.0)	(25.0, 0.0)	(26.0, 5.7017386311607994e-05)	(27.0, 5.7017386311607994e-05)	(28.0, 5.7017386311607994e-05)	(29.0, 5.7017386311607994e-05)	(30.0, 0.000171052158934824)	(31.0, 5.7017386311607994e-05)	(32.0, 0.000171052158934824)	(33.0, 0.0)	(34.0, 0.00011403477262321599)	(35.0, 0.00022806954524643198)	(36.0, 0.0005131564768044721)	(37.0, 0.00045613909049286395)	(38.0, 0.000627191249427688)	(39.0, 0.0009692955672973359)	(40.0, 0.0018815737482830639)	(41.0, 0.003192973633450048)	(42.0, 0.0040482344281241684)	(43.0, 0.008609625333052807)	(44.0, 0.013570137942162705)	(45.0, 0.020070119981686015)	(46.0, 0.03312710144704425)	(47.0, 0.06260509017014558)	(48.0, 0.12538123249922598)	(49.0, 0.30116583449791345)	(50.0, 0.6643095679165447)	(51.0, 1.4091847026913917)	(52.0, 5.544826784031255)	(53.0, 19.222613551550275)	(54.0, 22.462398459162152)	(55.0, 15.579886774874263)	(56.0, 10.150121076419833)	(57.0, 8.432586348555265)	(58.0, 6.8161434466211785)	(59.0, 4.3411897589932105)	(60.0, 2.228752613534445)	(61.0, 0.9110808158731841)	(62.0, 0.3892006789630362)	(63.0, 0.25332824738247434)	(64.0, 0.4028848516778222)	(65.0, 0.3108587901708868)	(66.0, 0.14106101373491817)	(67.0, 0.08261819276551999)	(68.0, 0.04190777893903188)	(69.0, 0.01539469430413416)	(70.0, 0.005758756017472408)	(71.0, 0.0033640257923848718)	(72.0, 0.002508764997710752)	(73.0, 0.00199560852090628)	(74.0, 0.001767538975659848)	(75.0, 0.001368417271478592)	(76.0, 0.000798243408362512)	(77.0, 0.000684208635739296)	(78.0, 0.000627191249427688)	(79.0, 0.000342104317869648)	(80.0, 0.000627191249427688)	(81.0, 0.00028508693155804)	(82.0, 0.00011403477262321599)	(83.0, 0.00045613909049286395)	(84.0, 0.00028508693155804)	(85.0, 0.000399121704181256)	(86.0, 0.000171052158934824)	(87.0, 0.000171052158934824)	(88.0, 0.000171052158934824)	(89.0, 0.00022806954524643198)	(90.0, 5.7017386311607994e-05)	(91.0, 0.0)	(92.0, 0.0)	(93.0, 5.7017386311607994e-05)	(94.0, 5.7017386311607994e-05)	(95.0, 0.0)	(96.0, 5.7017386311607994e-05)	(97.0, 0.0)	(98.0, 0.0)	(99.0, 0.0)	(100.0, 0.0)
SRR6419065_1	(0.0, 0.0)	(1.0, 0.0)	(2.0, 0.0)	(3.0, 0.0)	(4.0, 0.0)	(5.0, 0.0)	(6.0, 0.0)	(7.0, 0.0)	(8.0, 0.0)	(9.0, 0.0)	(10.0, 0.0)	(11.0, 0.0)	(12.0, 0.0)	(13.0, 0.0)	(14.0, 0.0)	(15.0, 0.0)	(16.0, 0.0)	(17.0, 0.0)	(18.0, 0.0)	(19.0, 0.0)	(20.0, 0.0)	(21.0, 0.0)	(22.0, 0.0)	(23.0, 0.0)	(24.0, 0.0)	(25.0, 0.0)	(26.0, 0.0)	(27.0, 0.0)	(28.0, 0.0)	(29.0, 0.0)	(30.0, 0.0)	(31.0, 0.0)	(32.0, 5.9006170865349095e-05)	(33.0, 5.9006170865349095e-05)	(34.0, 5.9006170865349095e-05)	(35.0, 5.9006170865349095e-05)	(36.0, 0.0)	(37.0, 0.00011801234173069819)	(38.0, 0.0003540370251920946)	(39.0, 0.0010031049047109347)	(40.0, 0.0007670802212495383)	(41.0, 0.0023012406637486146)	(42.0, 0.004130431960574436)	(43.0, 0.008614900946340969)	(44.0, 0.016226696987971002)	(45.0, 0.03947512830891855)	(46.0, 0.09405583635936646)	(47.0, 0.12792537843607685)	(48.0, 0.23437251067716663)	(49.0, 0.5911828258999327)	(50.0, 1.5387039176557085)	(51.0, 2.1193246389707436)	(52.0, 4.88222958356985)	(53.0, 16.557603594183878)	(54.0, 19.108912410059844)	(55.0, 14.086838201539118)	(56.0, 10.82190875521762)	(57.0, 9.228506117169735)	(58.0, 8.088801926905516)	(59.0, 5.978033182710248)	(60.0, 3.4463734217324444)	(61.0, 1.4633530374606578)	(62.0, 0.6327231701891384)	(63.0, 0.3225867361208635)	(64.0, 0.23649673282831918)	(65.0, 0.16917069187095585)	(66.0, 0.09665210787744183)	(67.0, 0.0457887885915109)	(68.0, 0.022717375783159403)	(69.0, 0.011742228002204471)	(70.0, 0.006136641769996306)	(71.0, 0.0031863332267288514)	(72.0, 0.002065215980287218)	(73.0, 0.0016521727842297748)	(74.0, 0.0015931666133644257)	(75.0, 0.0006490678795188402)	(76.0, 0.0005310555377881419)	(77.0, 0.0005310555377881419)	(78.0, 0.0005310555377881419)	(79.0, 0.0006490678795188402)	(80.0, 0.00047204936692279276)	(81.0, 0.00047204936692279276)	(82.0, 0.00023602468346139638)	(83.0, 0.0002950308543267455)	(84.0, 0.0002950308543267455)	(85.0, 0.0002950308543267455)	(86.0, 0.0001770185125960473)	(87.0, 0.0001770185125960473)	(88.0, 0.0001770185125960473)	(89.0, 5.9006170865349095e-05)	(90.0, 0.00011801234173069819)	(91.0, 0.0001770185125960473)	(92.0, 0.0001770185125960473)	(93.0, 5.9006170865349095e-05)	(94.0, 5.9006170865349095e-05)	(95.0, 0.0)	(96.0, 0.0)	(97.0, 0.0)	(98.0, 0.0)	(99.0, 0.0)	(100.0, 0.0)
SRR6419065_2	(0.0, 0.0)	(1.0, 0.0)	(2.0, 0.0)	(3.0, 0.0)	(4.0, 0.0)	(5.0, 0.0)	(6.0, 0.0)	(7.0, 0.0)	(8.0, 0.0)	(9.0, 0.0)	(10.0, 0.0)	(11.0, 0.0)	(12.0, 0.0)	(13.0, 0.0)	(14.0, 0.0)	(15.0, 0.0)	(16.0, 0.0)	(17.0, 0.0)	(18.0, 0.0)	(19.0, 0.0)	(20.0, 0.0)	(21.0, 0.0)	(22.0, 0.0)	(23.0, 0.0)	(24.0, 0.0)	(25.0, 0.0)	(26.0, 0.0)	(27.0, 0.0)	(28.0, 0.0)	(29.0, 0.0)	(30.0, 0.0)	(31.0, 0.0)	(32.0, 5.919376902709713e-05)	(33.0, 0.00011838753805419426)	(34.0, 0.0001775813070812914)	(35.0, 0.000887906535406457)	(36.0, 0.0052090516743845475)	(37.0, 0.023795895148893048)	(38.0, 0.04060692555258863)	(39.0, 0.014739248487747185)	(40.0, 0.006452120823953587)	(41.0, 0.01402892325942202)	(42.0, 0.06712573407672814)	(43.0, 0.1470373222633093)	(44.0, 0.23393377519508787)	(45.0, 0.6360370481961587)	(46.0, 0.6817346378850776)	(47.0, 0.7059448894171604)	(48.0, 1.3246381632883795)	(49.0, 3.5551777677674536)	(50.0, 9.414413801145637)	(51.0, 18.783899531599708)	(52.0, 21.402039935668213)	(53.0, 13.075607609240622)	(54.0, 8.595053650272558)	(55.0, 7.44983180090531)	(56.0, 5.381127960946319)	(57.0, 3.1439586543362097)	(58.0, 2.15802723742088)	(59.0, 0.9477514358928522)	(60.0, 0.5435763809758329)	(61.0, 0.3665278178157855)	(62.0, 0.3747557517105519)	(63.0, 0.3493024310289002)	(64.0, 0.12436610872593107)	(65.0, 0.06446201447050878)	(66.0, 0.04244193239242864)	(67.0, 0.032319797888795035)	(68.0, 0.16455867789533002)	(69.0, 0.09684100612833091)	(70.0, 0.02148733815683626)	(71.0, 0.006807283438116171)	(72.0, 0.002367750761083885)	(73.0, 0.0004143563831896799)	(74.0, 0.0001775813070812914)	(75.0, 0.00011838753805419426)	(76.0, 0.0)	(77.0, 0.0)	(78.0, 0.0)	(79.0, 0.0)	(80.0, 0.0)	(81.0, 5.919376902709713e-05)	(82.0, 0.0)	(83.0, 0.0)	(84.0, 0.0)	(85.0, 0.0)	(86.0, 0.0)	(87.0, 0.0)	(88.0, 0.0)	(89.0, 0.0)	(90.0, 0.0)	(91.0, 0.0)	(92.0, 0.0)	(93.0, 0.0)	(94.0, 0.0)	(95.0, 0.0)	(96.0, 0.0)	(97.0, 0.0)	(98.0, 0.0)	(99.0, 0.0)	(100.0, 0.0)
SRR6419066_1	(0.0, 0.0)	(1.0, 0.0)	(2.0, 0.0)	(3.0, 0.0)	(4.0, 0.0)	(5.0, 0.0)	(6.0, 0.0)	(7.0, 0.0)	(8.0, 0.0)	(9.0, 0.0)	(10.0, 0.0)	(11.0, 0.0)	(12.0, 0.0)	(13.0, 0.0)	(14.0, 0.0)	(15.0, 0.0)	(16.0, 0.0)	(17.0, 0.0)	(18.0, 0.0)	(19.0, 0.0)	(20.0, 0.0)	(21.0, 0.0)	(22.0, 0.0)	(23.0, 0.0)	(24.0, 0.0)	(25.0, 0.0)	(26.0, 0.0)	(27.0, 0.0)	(28.0, 0.0)	(29.0, 0.0)	(30.0, 0.0)	(31.0, 0.0)	(32.0, 0.0)	(33.0, 6.023849625437031e-05)	(34.0, 0.00024095398501748123)	(35.0, 0.00036143097752622185)	(36.0, 0.0027107323314466635)	(37.0, 0.013312707672215835)	(38.0, 0.022830390080406344)	(39.0, 0.007650289024305028)	(40.0, 0.005240749174130217)	(41.0, 0.010421259852006062)	(42.0, 0.04307052482187477)	(43.0, 0.11921198408739882)	(44.0, 0.23866492215981516)	(45.0, 0.4412469850632625)	(46.0, 0.49353399981205587)	(47.0, 0.503955259664062)	(48.0, 1.0163439088037356)	(49.0, 3.288780941503601)	(50.0, 8.54567403262999)	(51.0, 18.31798456448772)	(52.0, 22.10090189076592)	(53.0, 14.182491319632689)	(54.0, 8.371825732439877)	(55.0, 6.907307411503625)	(56.0, 5.432187115226606)	(57.0, 3.270408200146018)	(58.0, 2.179970940949407)	(59.0, 1.0867627109250946)	(60.0, 0.701115857904616)	(61.0, 0.4911846984581355)	(62.0, 0.4476925041624801)	(63.0, 0.43034381724122145)	(64.0, 0.3412510812810078)	(65.0, 0.17029422891110485)	(66.0, 0.06951522467754333)	(67.0, 0.06626234587980732)	(68.0, 0.36209360098501986)	(69.0, 0.22625579193141487)	(70.0, 0.06047945023938779)	(71.0, 0.019276318801398497)	(72.0, 0.006987665565506955)	(73.0, 0.002168585865157331)	(74.0, 0.0009638159400699249)	(75.0, 0.00048190797003496246)	(76.0, 0.00024095398501748123)	(77.0, 6.023849625437031e-05)	(78.0, 0.0)	(79.0, 6.023849625437031e-05)	(80.0, 0.0)	(81.0, 0.0)	(82.0, 6.023849625437031e-05)	(83.0, 6.023849625437031e-05)	(84.0, 0.0)	(85.0, 0.0)	(86.0, 0.0)	(87.0, 0.0)	(88.0, 0.0)	(89.0, 0.0)	(90.0, 0.0)	(91.0, 0.0)	(92.0, 0.0)	(93.0, 0.0)	(94.0, 0.0)	(95.0, 0.0)	(96.0, 0.0)	(97.0, 0.0)	(98.0, 0.0)	(99.0, 0.0)	(100.0, 0.0)
SRR6419066_2	(0.0, 0.0)	(1.0, 0.0)	(2.0, 0.0)	(3.0, 0.0)	(4.0, 0.0)	(5.0, 0.0)	(6.0, 0.0)	(7.0, 0.0)	(8.0, 0.0)	(9.0, 0.0)	(10.0, 0.0)	(11.0, 0.0)	(12.0, 0.0)	(13.0, 0.0)	(14.0, 0.0)	(15.0, 0.0)	(16.0, 0.0)	(17.0, 0.0)	(18.0, 0.0)	(19.0, 0.0)	(20.0, 0.0)	(21.0, 0.0)	(22.0, 0.0)	(23.0, 0.0)	(24.0, 0.0)	(25.0, 0.0)	(26.0, 0.0)	(27.0, 0.0)	(28.0, 0.0)	(29.0, 0.0)	(30.0, 0.0)	(31.0, 0.0)	(32.0, 0.0)	(33.0, 0.0)	(34.0, 6.012715691143631e-05)	(35.0, 0.00018038147073430892)	(36.0, 6.012715691143631e-05)	(37.0, 0.00024050862764574523)	(38.0, 0.00048101725529149045)	(39.0, 0.000781653039848672)	(40.0, 0.0019240690211659618)	(41.0, 0.002344959119546016)	(42.0, 0.003968392356154796)	(43.0, 0.005832334220409322)	(44.0, 0.011784922754641516)	(45.0, 0.023028701097080106)	(46.0, 0.04563651209578016)	(47.0, 0.08982997242568584)	(48.0, 0.19517275133452225)	(49.0, 0.5034446848194563)	(50.0, 1.5034194314135534)	(51.0, 1.9594237894298865)	(52.0, 3.789213428558716)	(53.0, 13.841872792581752)	(54.0, 17.037631182424594)	(55.0, 14.760856258816144)	(56.0, 12.446381607824227)	(57.0, 11.749688240691414)	(58.0, 8.938623400767943)	(59.0, 6.092805064149664)	(60.0, 3.280176918146496)	(61.0, 1.389959486321673)	(62.0, 0.6488922773882206)	(63.0, 0.4481277004609348)	(64.0, 0.5284575820946137)	(65.0, 0.3446488634163529)	(66.0, 0.17424850072934242)	(67.0, 0.08598183438335391)	(68.0, 0.04148773826889105)	(69.0, 0.023509718352371596)	(70.0, 0.009920980890386991)	(71.0, 0.0057722070634978855)	(72.0, 0.004088646669977668)	(73.0, 0.0028861035317489427)	(74.0, 0.001563306079697344)	(75.0, 0.0012025431382287261)	(76.0, 0.0011424159813172897)	(77.0, 0.0007215258829372357)	(78.0, 0.00048101725529149045)	(79.0, 0.0006613987260257994)	(80.0, 0.00024050862764574523)	(81.0, 0.00030063578455718153)	(82.0, 0.00024050862764574523)	(83.0, 6.012715691143631e-05)	(84.0, 0.0)	(85.0, 0.00018038147073430892)	(86.0, 0.00012025431382287261)	(87.0, 6.012715691143631e-05)	(88.0, 0.00018038147073430892)	(89.0, 0.0)	(90.0, 0.0)	(91.0, 0.0)	(92.0, 0.0)	(93.0, 0.0)	(94.0, 0.0)	(95.0, 0.0)	(96.0, 0.0)	(97.0, 0.0)	(98.0, 0.0)	(99.0, 0.0)	(100.0, 0.0)
SRR6419067_1	(0.0, 0.0)	(1.0, 0.0)	(2.0, 0.0)	(3.0, 0.0)	(4.0, 0.0)	(5.0, 0.0)	(6.0, 0.0)	(7.0, 0.0)	(8.0, 0.0)	(9.0, 0.0)	(10.0, 0.0)	(11.0, 0.0)	(12.0, 0.0)	(13.0, 0.0)	(14.0, 0.0)	(15.0, 0.0)	(16.0, 0.0)	(17.0, 0.0)	(18.0, 0.0)	(19.0, 0.0)	(20.0, 0.0)	(21.0, 0.0)	(22.0, 0.0)	(23.0, 0.0)	(24.0, 0.0)	(25.0, 0.0)	(26.0, 0.0)	(27.0, 0.0)	(28.0, 0.0)	(29.0, 0.0)	(30.0, 0.0)	(31.0, 4.816758466055099e-05)	(32.0, 0.0)	(33.0, 0.0)	(34.0, 9.633516932110198e-05)	(35.0, 9.633516932110198e-05)	(36.0, 0.00014450275398165296)	(37.0, 0.00038534067728440794)	(38.0, 0.0006261786005871629)	(39.0, 0.0016376978784587337)	(40.0, 0.0022157088943853456)	(41.0, 0.004575920542752344)	(42.0, 0.009826187270752402)	(43.0, 0.016810487046532294)	(44.0, 0.026010495716697533)	(45.0, 0.04031626836088118)	(46.0, 0.0663267640775787)	(47.0, 0.1461404518601117)	(48.0, 0.3765260092915271)	(49.0, 0.9319464280123405)	(50.0, 2.619497756594744)	(51.0, 3.3451424195059447)	(52.0, 6.45421550659053)	(53.0, 17.59749721230104)	(54.0, 17.871956109696857)	(55.0, 13.615386653243966)	(56.0, 10.319519672845765)	(57.0, 8.069370955428127)	(58.0, 6.492845909488292)	(59.0, 4.683767764807318)	(60.0, 2.9925075322060515)	(61.0, 1.3575552060729692)	(62.0, 0.6580655416324476)	(63.0, 0.5513261740246667)	(64.0, 0.7791106818844122)	(65.0, 0.524785834876703)	(66.0, 0.23187875255589246)	(67.0, 0.10852156824022138)	(68.0, 0.048552925337835395)	(69.0, 0.02331311097570668)	(70.0, 0.011030376887266177)	(71.0, 0.006069115667229424)	(72.0, 0.0029863902489541613)	(73.0, 0.0018785358017614888)	(74.0, 0.0017340330477798355)	(75.0, 0.0013005247858348767)	(76.0, 0.0010115192778715708)	(77.0, 0.0008670165238899177)	(78.0, 0.0006743461852477139)	(79.0, 0.0006743461852477139)	(80.0, 0.0005298434312660608)	(81.0, 0.00048167584660550986)	(82.0, 0.00038534067728440794)	(83.0, 0.00038534067728440794)	(84.0, 0.00019267033864220397)	(85.0, 4.816758466055099e-05)	(86.0, 0.00014450275398165296)	(87.0, 0.00019267033864220397)	(88.0, 0.00024083792330275493)	(89.0, 0.00019267033864220397)	(90.0, 9.633516932110198e-05)	(91.0, 0.0)	(92.0, 4.816758466055099e-05)	(93.0, 4.816758466055099e-05)	(94.0, 9.633516932110198e-05)	(95.0, 4.816758466055099e-05)	(96.0, 0.0)	(97.0, 9.633516932110198e-05)	(98.0, 0.0)	(99.0, 0.0)	(100.0, 0.0)
SRR6419067_2	(0.0, 0.0)	(1.0, 0.0)	(2.0, 0.0)	(3.0, 0.0)	(4.0, 0.0)	(5.0, 0.0)	(6.0, 0.0)	(7.0, 0.0)	(8.0, 0.0)	(9.0, 0.0)	(10.0, 0.0)	(11.0, 0.0)	(12.0, 0.0)	(13.0, 0.0)	(14.0, 0.0)	(15.0, 0.0)	(16.0, 0.0)	(17.0, 0.0)	(18.0, 0.0)	(19.0, 0.0)	(20.0, 0.0)	(21.0, 0.0)	(22.0, 0.0)	(23.0, 0.0)	(24.0, 0.0)	(25.0, 0.0)	(26.0, 0.0)	(27.0, 0.0)	(28.0, 0.0)	(29.0, 0.0)	(30.0, 0.0)	(31.0, 0.0)	(32.0, 0.0)	(33.0, 4.814606360191294e-05)	(34.0, 0.00028887638161147764)	(35.0, 0.0005296066996210424)	(36.0, 0.0018776964804746044)	(37.0, 0.009051459957159632)	(38.0, 0.02002876245839578)	(39.0, 0.008955167829955807)	(40.0, 0.005055336678200859)	(41.0, 0.013962358444554753)	(42.0, 0.06023072556599309)	(43.0, 0.13278684341407587)	(44.0, 0.2423672841720297)	(45.0, 0.6579641051837423)	(46.0, 1.0224298066502233)	(47.0, 1.1188663720448548)	(48.0, 2.157858424574136)	(49.0, 5.502854339380639)	(50.0, 11.22592877367643)	(51.0, 17.894014144350564)	(52.0, 17.77307123258256)	(53.0, 12.267183691195)	(54.0, 7.432837444926922)	(55.0, 5.750902859057695)	(56.0, 5.133237009108753)	(57.0, 3.18534356790256)	(58.0, 2.2583874053749304)	(59.0, 1.1516538413577575)	(60.0, 1.0861751948591558)	(61.0, 0.9371631280112354)	(62.0, 0.5971074807909242)	(63.0, 0.4748646253056673)	(64.0, 0.48054586081069306)	(65.0, 0.2232051508584684)	(66.0, 0.10202150877245351)	(67.0, 0.11092853053880743)	(68.0, 0.5870930995617264)	(69.0, 0.28228037089801555)	(70.0, 0.06336021970011743)	(71.0, 0.020413930967211086)	(72.0, 0.004910898487395119)	(73.0, 0.0012517976536497364)	(74.0, 0.0004333145724172165)	(75.0, 0.00019258425440765175)	(76.0, 4.814606360191294e-05)	(77.0, 4.814606360191294e-05)	(78.0, 0.0)	(79.0, 0.0)	(80.0, 0.0)	(81.0, 4.814606360191294e-05)	(82.0, 4.814606360191294e-05)	(83.0, 4.814606360191294e-05)	(84.0, 0.0)	(85.0, 0.0)	(86.0, 0.0)	(87.0, 0.0)	(88.0, 4.814606360191294e-05)	(89.0, 4.814606360191294e-05)	(90.0, 0.0)	(91.0, 0.0)	(92.0, 0.0)	(93.0, 0.0)	(94.0, 0.0)	(95.0, 0.0)	(96.0, 0.0)	(97.0, 0.0)	(98.0, 0.0)	(99.0, 0.0)	(100.0, 0.0)
SRR6419068_1	(0.0, 0.0)	(1.0, 0.0)	(2.0, 0.0)	(3.0, 0.0)	(4.0, 0.0)	(5.0, 0.0)	(6.0, 0.0)	(7.0, 0.0)	(8.0, 0.0)	(9.0, 0.0)	(10.0, 0.0)	(11.0, 0.0)	(12.0, 0.0)	(13.0, 0.0)	(14.0, 0.0)	(15.0, 0.0)	(16.0, 0.0)	(17.0, 0.0)	(18.0, 0.0)	(19.0, 0.0)	(20.0, 0.0)	(21.0, 0.0)	(22.0, 0.0)	(23.0, 0.0)	(24.0, 0.0)	(25.0, 0.0)	(26.0, 0.0)	(27.0, 0.0)	(28.0, 0.0)	(29.0, 0.0)	(30.0, 0.0)	(31.0, 0.0)	(32.0, 5.81255779862161e-05)	(33.0, 5.81255779862161e-05)	(34.0, 0.0002906278899310805)	(35.0, 0.0012787627156967544)	(36.0, 0.005231302018759449)	(37.0, 0.024122114864279683)	(38.0, 0.04051352785639262)	(39.0, 0.012613250423008893)	(40.0, 0.006045060110566475)	(41.0, 0.01057885519349133)	(42.0, 0.05562617813280881)	(43.0, 0.10049912433816764)	(44.0, 0.20931020632836417)	(45.0, 0.5964846812945496)	(46.0, 0.5182476533251028)	(47.0, 0.5494029631257146)	(48.0, 1.0917727313150971)	(49.0, 3.1938842591866026)	(50.0, 8.446460239489006)	(51.0, 16.39699304759962)	(52.0, 16.919948872741603)	(53.0, 12.454509469528539)	(54.0, 8.832530328473453)	(55.0, 7.881130867995069)	(56.0, 8.895015324808636)	(57.0, 5.3637120854120495)	(58.0, 2.8417595077461053)	(59.0, 1.274926427549664)	(60.0, 0.9425643726244803)	(61.0, 0.7785339915473785)	(62.0, 0.5911371281198177)	(63.0, 0.4615752147885421)	(64.0, 0.5262689830872006)	(65.0, 0.29690545235359184)	(66.0, 0.10718356580658249)	(67.0, 0.05952059185788529)	(68.0, 0.30533366116159316)	(69.0, 0.15688093498479727)	(70.0, 0.03446846774582615)	(71.0, 0.011043859817381058)	(72.0, 0.003603785835145398)	(73.0, 0.001569390605627835)	(74.0, 0.0002906278899310805)	(75.0, 0.0001162511559724322)	(76.0, 0.0)	(77.0, 0.0)	(78.0, 0.0)	(79.0, 0.0)	(80.0, 0.0)	(81.0, 0.0)	(82.0, 0.0)	(83.0, 0.0)	(84.0, 0.0)	(85.0, 0.0)	(86.0, 0.0)	(87.0, 0.0)	(88.0, 0.0)	(89.0, 0.0)	(90.0, 0.0)	(91.0, 0.0)	(92.0, 0.0)	(93.0, 0.0)	(94.0, 0.0)	(95.0, 0.0)	(96.0, 0.0)	(97.0, 0.0)	(98.0, 0.0)	(99.0, 0.0)	(100.0, 0.0)
SRR6419068_2	(0.0, 0.0)	(1.0, 0.0)	(2.0, 0.0)	(3.0, 0.0)	(4.0, 0.0)	(5.0, 0.0)	(6.0, 0.0)	(7.0, 0.0)	(8.0, 0.0)	(9.0, 0.0)	(10.0, 0.0)	(11.0, 0.0)	(12.0, 0.0)	(13.0, 0.0)	(14.0, 0.0)	(15.0, 0.0)	(16.0, 0.0)	(17.0, 0.0)	(18.0, 0.0)	(19.0, 0.0)	(20.0, 0.0)	(21.0, 0.0)	(22.0, 0.0)	(23.0, 0.0)	(24.0, 0.0)	(25.0, 0.0)	(26.0, 0.0)	(27.0, 0.0)	(28.0, 0.0)	(29.0, 0.0)	(30.0, 0.0)	(31.0, 0.0)	(32.0, 0.0)	(33.0, 0.00011600033176094885)	(34.0, 5.800016588047442e-05)	(35.0, 0.00017400049764142324)	(36.0, 0.00017400049764142324)	(37.0, 0.0002900008294023721)	(38.0, 0.0004640013270437954)	(39.0, 0.0009280026540875908)	(40.0, 0.0013340038152509115)	(41.0, 0.002262006469338502)	(42.0, 0.003712010616350363)	(43.0, 0.007714022062103098)	(44.0, 0.013920039811313862)	(45.0, 0.02888408260847626)	(46.0, 0.059914171354530074)	(47.0, 0.10074628813438405)	(48.0, 0.196098560841884)	(49.0, 0.3838450977969797)	(50.0, 1.10884717130291)	(51.0, 1.7710930653261667)	(52.0, 4.242132132497899)	(53.0, 13.975893971056758)	(54.0, 16.268524527980148)	(55.0, 15.534822429592149)	(56.0, 14.075538256039414)	(57.0, 11.082903697104573)	(58.0, 8.505956327035095)	(59.0, 5.809296614588318)	(60.0, 3.202189158260993)	(61.0, 1.2761776498680786)	(62.0, 0.538531540200205)	(63.0, 0.4746733575658026)	(64.0, 0.6216457779069249)	(65.0, 0.3565850198331567)	(66.0, 0.12916636941581655)	(67.0, 0.07609621763518243)	(68.0, 0.08183823405734941)	(69.0, 0.03996211429164688)	(70.0, 0.012238035000780101)	(71.0, 0.00406001161163321)	(72.0, 0.0024360069669799255)	(73.0, 0.001914005474055656)	(74.0, 0.0012180034834899627)	(75.0, 0.0008700024882071164)	(76.0, 0.000812002322326642)	(77.0, 0.0005800016588047442)	(78.0, 0.0005220014929242697)	(79.0, 0.0003480009952828465)	(80.0, 0.0002320006635218977)	(81.0, 0.0002900008294023721)	(82.0, 0.00017400049764142324)	(83.0, 0.0003480009952828465)	(84.0, 0.0002900008294023721)	(85.0, 0.00017400049764142324)	(86.0, 0.00017400049764142324)	(87.0, 0.00011600033176094885)	(88.0, 5.800016588047442e-05)	(89.0, 0.00011600033176094885)	(90.0, 0.0)	(91.0, 0.0)	(92.0, 0.00011600033176094885)	(93.0, 0.00011600033176094885)	(94.0, 0.00017400049764142324)	(95.0, 0.0)	(96.0, 0.00011600033176094885)	(97.0, 0.0)	(98.0, 0.0)	(99.0, 0.0)	(100.0, 0.0)
SRR6419069_1	(0.0, 0.0)	(1.0, 0.0)	(2.0, 0.0)	(3.0, 0.0)	(4.0, 0.0)	(5.0, 0.0)	(6.0, 0.0)	(7.0, 0.0)	(8.0, 0.0)	(9.0, 0.0)	(10.0, 0.0)	(11.0, 0.0)	(12.0, 0.0)	(13.0, 0.0)	(14.0, 0.0)	(15.0, 0.0)	(16.0, 0.0)	(17.0, 0.0)	(18.0, 0.0)	(19.0, 0.0)	(20.0, 0.0)	(21.0, 0.0)	(22.0, 0.0)	(23.0, 0.0)	(24.0, 0.0)	(25.0, 0.0)	(26.0, 0.0)	(27.0, 0.0)	(28.0, 0.0)	(29.0, 0.0)	(30.0, 0.0)	(31.0, 0.0)	(32.0, 0.0)	(33.0, 0.0)	(34.0, 0.0)	(35.0, 0.0)	(36.0, 0.0)	(37.0, 0.0)	(38.0, 5.2638920691570136e-05)	(39.0, 0.0003158335241494208)	(40.0, 0.0010527784138314028)	(41.0, 0.0025793071138869366)	(42.0, 0.014054591824649227)	(43.0, 0.04116363598080785)	(44.0, 0.02705640523546705)	(45.0, 0.04379558201538636)	(46.0, 0.099434921186376)	(47.0, 0.27066933019605366)	(48.0, 1.5626389996499512)	(49.0, 7.531892606074004)	(50.0, 6.088375483949077)	(51.0, 11.726214445699005)	(52.0, 24.246223815426887)	(53.0, 30.789873324437355)	(54.0, 7.978533848141978)	(55.0, 6.982236996212629)	(56.0, 1.6814976825715164)	(57.0, 0.5672896482930514)	(58.0, 0.20213345545562933)	(59.0, 0.07695810205107553)	(60.0, 0.031793908097708365)	(61.0, 0.014686258872948069)	(62.0, 0.007158893214053539)	(63.0, 0.0033162520035689186)	(64.0, 0.0017897233035133848)	(65.0, 0.0006843059689904119)	(66.0, 0.0012106951759061132)	(67.0, 0.0012633340965976833)	(68.0, 0.003053057400111068)	(69.0, 0.000368472444840991)	(70.0, 0.0003158335241494208)	(71.0, 5.2638920691570136e-05)	(72.0, 0.0)	(73.0, 0.0)	(74.0, 5.2638920691570136e-05)	(75.0, 0.00010527784138314027)	(76.0, 5.2638920691570136e-05)	(77.0, 0.0)	(78.0, 0.0)	(79.0, 0.0)	(80.0, 0.0)	(81.0, 0.0)	(82.0, 0.0)	(83.0, 5.2638920691570136e-05)	(84.0, 0.0)	(85.0, 0.0)	(86.0, 0.0)	(87.0, 0.0)	(88.0, 0.0)	(89.0, 0.0)	(90.0, 0.0)	(91.0, 0.0)	(92.0, 0.0)	(93.0, 0.0)	(94.0, 0.0)	(95.0, 0.0)	(96.0, 0.0)	(97.0, 0.0)	(98.0, 0.0)	(99.0, 0.0)	(100.0, 0.0)
SRR6419069_2	(0.0, 0.00010677205305574498)	(1.0, 0.0)	(2.0, 0.0)	(3.0, 0.0)	(4.0, 0.0)	(5.0, 5.338602652787249e-05)	(6.0, 0.0)	(7.0, 0.0)	(8.0, 0.0)	(9.0, 0.0)	(10.0, 0.0)	(11.0, 0.0)	(12.0, 0.0)	(13.0, 0.0)	(14.0, 0.0)	(15.0, 0.0)	(16.0, 0.0)	(17.0, 0.0)	(18.0, 0.0)	(19.0, 0.0)	(20.0, 0.0)	(21.0, 0.0)	(22.0, 0.0)	(23.0, 5.338602652787249e-05)	(24.0, 0.00016015807958361748)	(25.0, 5.338602652787249e-05)	(26.0, 0.00010677205305574498)	(27.0, 0.00026693013263936246)	(28.0, 0.00010677205305574498)	(29.0, 5.338602652787249e-05)	(30.0, 0.00016015807958361748)	(31.0, 0.00021354410611148996)	(32.0, 0.0005338602652787249)	(33.0, 0.0004270882122229799)	(34.0, 0.00037370218569510746)	(35.0, 0.00026693013263936246)	(36.0, 0.0004270882122229799)	(37.0, 0.0008541764244459598)	(38.0, 0.0007474043713902149)	(39.0, 0.0011211065570853223)	(40.0, 0.0012278786101410672)	(41.0, 0.0020286690080591543)	(42.0, 0.0031497755651444773)	(43.0, 0.005765690865010229)	(44.0, 0.00838160616487598)	(45.0, 0.01323973457891238)	(46.0, 0.024130483990598365)	(47.0, 0.042922365328409484)	(48.0, 0.08659213502820919)	(49.0, 0.27915553271424526)	(50.0, 1.8177408172475304)	(51.0, 2.3299263557559393)	(52.0, 0.9375120118559689)	(53.0, 1.215439665960073)	(54.0, 2.2822526340665488)	(55.0, 7.823882345739297)	(56.0, 21.666932410443163)	(57.0, 37.953140593168584)	(58.0, 11.555725758117168)	(59.0, 7.710543811420624)	(60.0, 3.390866860944349)	(61.0, 0.5556951501286248)	(62.0, 0.1622401346182045)	(63.0, 0.061020228321358255)	(64.0, 0.024290642070181983)	(65.0, 0.013132962525856632)	(66.0, 0.008168062058764492)	(67.0, 0.005872462918065974)	(68.0, 0.0038971799365346916)	(69.0, 0.0020286690080591543)	(70.0, 0.0009075624509738323)	(71.0, 0.0011744925836131947)	(72.0, 0.0008007903979180873)	(73.0, 0.0005872462918065974)	(74.0, 0.0006406323183344699)	(75.0, 0.00021354410611148996)	(76.0, 0.0004270882122229799)	(77.0, 0.00032031615916723496)	(78.0, 0.00026693013263936246)	(79.0, 0.00021354410611148996)	(80.0, 0.00016015807958361748)	(81.0, 0.00021354410611148996)	(82.0, 0.00021354410611148996)	(83.0, 0.00010677205305574498)	(84.0, 5.338602652787249e-05)	(85.0, 0.00010677205305574498)	(86.0, 5.338602652787249e-05)	(87.0, 0.0)	(88.0, 5.338602652787249e-05)	(89.0, 0.00010677205305574498)	(90.0, 0.0)	(91.0, 0.0)	(92.0, 5.338602652787249e-05)	(93.0, 5.338602652787249e-05)	(94.0, 0.00010677205305574498)	(95.0, 0.0)	(96.0, 0.0)	(97.0, 0.0)	(98.0, 5.338602652787249e-05)	(99.0, 5.338602652787249e-05)	(100.0, 7.118136870382998e-05)
SRR6419070_1	(0.0, 0.0)	(1.0, 0.0)	(2.0, 0.0)	(3.0, 0.0)	(4.0, 0.0)	(5.0, 0.0)	(6.0, 0.0)	(7.0, 0.0)	(8.0, 0.0)	(9.0, 0.0)	(10.0, 0.0)	(11.0, 0.0)	(12.0, 0.0)	(13.0, 0.0)	(14.0, 0.0)	(15.0, 0.0)	(16.0, 0.0)	(17.0, 0.0)	(18.0, 0.0)	(19.0, 0.0)	(20.0, 0.0)	(21.0, 0.0)	(22.0, 0.0)	(23.0, 0.0)	(24.0, 0.0)	(25.0, 0.0)	(26.0, 0.0)	(27.0, 0.0)	(28.0, 0.0)	(29.0, 0.0)	(30.0, 0.0)	(31.0, 0.0)	(32.0, 0.0)	(33.0, 0.0)	(34.0, 0.0)	(35.0, 4.383653880717271e-05)	(36.0, 0.0)	(37.0, 0.0)	(38.0, 0.00017534615522869085)	(39.0, 0.000306855771650209)	(40.0, 0.0005698750044932453)	(41.0, 0.001052076931372145)	(42.0, 0.0038576154150311986)	(43.0, 0.007583721213640879)	(44.0, 0.015561971276546313)	(45.0, 0.03476237527408796)	(46.0, 0.07566186598118009)	(47.0, 0.18494635722746167)	(48.0, 0.8307024103959229)	(49.0, 5.5550100341837325)	(50.0, 5.250609108706725)	(51.0, 3.9666368870446367)	(52.0, 26.47262276641876)	(53.0, 47.80207978074717)	(54.0, 6.398293531217314)	(55.0, 2.226194786783459)	(56.0, 0.6663153898690253)	(57.0, 0.31382578132054945)	(58.0, 0.12462727982879203)	(59.0, 0.04068030801305628)	(60.0, 0.015912663587003693)	(61.0, 0.005698750044932452)	(62.0, 0.0025425192508160173)	(63.0, 0.0010082403925649722)	(64.0, 0.00048220192687889983)	(65.0, 0.0003506923104573817)	(66.0, 0.0008328942373362815)	(67.0, 0.00026301923284303627)	(68.0, 0.00039452884926455435)	(69.0, 8.767307761434542e-05)	(70.0, 0.0)	(71.0, 4.383653880717271e-05)	(72.0, 4.383653880717271e-05)	(73.0, 4.383653880717271e-05)	(74.0, 8.767307761434542e-05)	(75.0, 4.383653880717271e-05)	(76.0, 0.0)	(77.0, 0.0)	(78.0, 0.0)	(79.0, 4.383653880717271e-05)	(80.0, 0.0)	(81.0, 0.0)	(82.0, 0.0)	(83.0, 0.0)	(84.0, 0.0)	(85.0, 0.0)	(86.0, 0.0)	(87.0, 0.0)	(88.0, 0.0)	(89.0, 0.0)	(90.0, 0.0)	(91.0, 0.0)	(92.0, 0.0)	(93.0, 0.0)	(94.0, 0.0)	(95.0, 0.0)	(96.0, 0.0)	(97.0, 0.0)	(98.0, 0.0)	(99.0, 0.0)	(100.0, 0.0)
SRR6419070_2	(0.0, 0.0)	(1.0, 0.0)	(2.0, 0.0)	(3.0, 0.0)	(4.0, 0.0)	(5.0, 4.466233709970822e-05)	(6.0, 0.0)	(7.0, 0.0)	(8.0, 0.0)	(9.0, 0.0)	(10.0, 0.0)	(11.0, 0.0)	(12.0, 0.0)	(13.0, 0.0)	(14.0, 0.0)	(15.0, 0.0)	(16.0, 0.0)	(17.0, 0.0)	(18.0, 0.0)	(19.0, 0.0)	(20.0, 0.0)	(21.0, 0.0)	(22.0, 0.0)	(23.0, 0.00013398701129912466)	(24.0, 0.00013398701129912466)	(25.0, 4.466233709970822e-05)	(26.0, 8.932467419941644e-05)	(27.0, 0.00013398701129912466)	(28.0, 0.00017864934839883289)	(29.0, 0.0002233116854985411)	(30.0, 0.0002233116854985411)	(31.0, 0.0002679740225982493)	(32.0, 0.000401961033897374)	(33.0, 0.00035729869679766577)	(34.0, 0.0004466233709970822)	(35.0, 0.0006699350564956233)	(36.0, 0.0007592597306950397)	(37.0, 0.0010718960903929973)	(38.0, 0.001607844135589496)	(39.0, 0.0018758181581877453)	(40.0, 0.0025010908775836603)	(41.0, 0.004064272676073448)	(42.0, 0.0074586102956512735)	(43.0, 0.01107625960072764)	(44.0, 0.017909597176982997)	(45.0, 0.02684206459692464)	(46.0, 0.04336712932381668)	(47.0, 0.06627890825596701)	(48.0, 0.13501424505241796)	(49.0, 0.4438543060969003)	(50.0, 2.4518283197626825)	(51.0, 2.928464781290768)	(52.0, 1.2305813741082605)	(53.0, 1.671175329596882)	(54.0, 2.317707321452258)	(55.0, 5.1414835845813105)	(56.0, 20.91568510015306)	(57.0, 45.61686056820318)	(58.0, 12.492859608856184)	(59.0, 3.05374263685545)	(60.0, 0.9880202213197452)	(61.0, 0.2549326201651345)	(62.0, 0.0917811027399004)	(63.0, 0.03555122033136775)	(64.0, 0.01616776603009438)	(65.0, 0.006922662250454774)	(66.0, 0.005136168766466446)	(67.0, 0.0029477142485807425)	(68.0, 0.0024564285404839524)	(69.0, 0.001384532450090955)	(70.0, 0.0013398701129912465)	(71.0, 0.0011612207645924136)	(72.0, 0.0008485844048944562)	(73.0, 0.000803922067794748)	(74.0, 0.00035729869679766577)	(75.0, 0.0006252727193959151)	(76.0, 0.00035729869679766577)	(77.0, 0.0002679740225982493)	(78.0, 0.0002679740225982493)	(79.0, 0.0002233116854985411)	(80.0, 0.00013398701129912466)	(81.0, 4.466233709970822e-05)	(82.0, 0.0)	(83.0, 4.466233709970822e-05)	(84.0, 4.466233709970822e-05)	(85.0, 0.00013398701129912466)	(86.0, 8.932467419941644e-05)	(87.0, 4.466233709970822e-05)	(88.0, 8.932467419941644e-05)	(89.0, 8.932467419941644e-05)	(90.0, 4.466233709970822e-05)	(91.0, 0.00013398701129912466)	(92.0, 4.466233709970822e-05)	(93.0, 0.0)	(94.0, 0.0)	(95.0, 0.0)	(96.0, 0.0)	(97.0, 0.0)	(98.0, 4.466233709970822e-05)	(99.0, 4.466233709970822e-05)	(100.0, 0.0)
SRR6419071_1	(0.0, 0.0)	(1.0, 0.0)	(2.0, 0.0)	(3.0, 0.0)	(4.0, 0.0)	(5.0, 0.0)	(6.0, 0.0)	(7.0, 0.0)	(8.0, 0.0)	(9.0, 0.0)	(10.0, 0.0)	(11.0, 0.0)	(12.0, 0.0)	(13.0, 0.0)	(14.0, 0.0)	(15.0, 0.0)	(16.0, 0.0)	(17.0, 0.0)	(18.0, 0.0)	(19.0, 0.0)	(20.0, 0.0)	(21.0, 0.0)	(22.0, 0.0)	(23.0, 0.0)	(24.0, 0.0)	(25.0, 0.0)	(26.0, 0.0)	(27.0, 0.0)	(28.0, 0.0)	(29.0, 0.0)	(30.0, 0.0)	(31.0, 0.0)	(32.0, 0.0)	(33.0, 0.0)	(34.0, 0.0)	(35.0, 0.0)	(36.0, 0.0)	(37.0, 4.520983693716013e-05)	(38.0, 4.520983693716013e-05)	(39.0, 0.00018083934774864053)	(40.0, 0.00045209836937160135)	(41.0, 0.0014467147819891243)	(42.0, 0.014512357656828404)	(43.0, 0.04475773856778854)	(44.0, 0.04028196471100968)	(45.0, 0.03743374498396859)	(46.0, 0.07441539159856558)	(47.0, 0.1968888398613324)	(48.0, 1.2640670407629975)	(49.0, 5.262470229322377)	(50.0, 3.5240615794146954)	(51.0, 12.131517224043677)	(52.0, 15.698256889527052)	(53.0, 11.364622760078628)	(54.0, 16.16536492476179)	(55.0, 25.320899422579963)	(56.0, 6.475585783857195)	(57.0, 1.6494356908153502)	(58.0, 0.4547205399139566)	(59.0, 0.1570589735196943)	(60.0, 0.06153058807147494)	(61.0, 0.02694506281454744)	(62.0, 0.01356295108114804)	(63.0, 0.006465006682013899)	(64.0, 0.002396121357669487)	(65.0, 0.0014015049450519642)	(66.0, 0.002260491846858007)	(67.0, 0.002034442662172206)	(68.0, 0.003074268911726889)	(69.0, 0.0009494065756803628)	(70.0, 0.00036167869549728107)	(71.0, 4.520983693716013e-05)	(72.0, 9.041967387432027e-05)	(73.0, 9.041967387432027e-05)	(74.0, 4.520983693716013e-05)	(75.0, 9.041967387432027e-05)	(76.0, 0.0)	(77.0, 0.0)	(78.0, 0.0)	(79.0, 0.0)	(80.0, 0.0)	(81.0, 0.0)	(82.0, 0.0)	(83.0, 0.0)	(84.0, 4.520983693716013e-05)	(85.0, 4.520983693716013e-05)	(86.0, 0.0)	(87.0, 4.520983693716013e-05)	(88.0, 0.0)	(89.0, 0.0)	(90.0, 0.0)	(91.0, 0.0)	(92.0, 0.0)	(93.0, 0.0)	(94.0, 0.0)	(95.0, 0.0)	(96.0, 0.0)	(97.0, 0.0)	(98.0, 0.0)	(99.0, 0.0)	(100.0, 0.0)
SRR6419071_2	(0.0, 0.0)	(1.0, 0.0)	(2.0, 0.0)	(3.0, 0.0)	(4.0, 0.0)	(5.0, 0.0)	(6.0, 0.0)	(7.0, 0.0)	(8.0, 0.0)	(9.0, 0.0)	(10.0, 0.0)	(11.0, 0.0)	(12.0, 0.0)	(13.0, 0.0)	(14.0, 0.0)	(15.0, 0.0)	(16.0, 0.0)	(17.0, 0.0)	(18.0, 0.0)	(19.0, 0.0)	(20.0, 0.0)	(21.0, 0.0)	(22.0, 0.0)	(23.0, 0.0)	(24.0, 4.5610907939855635e-05)	(25.0, 9.122181587971127e-05)	(26.0, 0.00018244363175942254)	(27.0, 0.00018244363175942254)	(28.0, 0.0001368327238195669)	(29.0, 0.0002736654476391338)	(30.0, 0.0001368327238195669)	(31.0, 0.0001368327238195669)	(32.0, 0.0004561090793985563)	(33.0, 0.000501719987338412)	(34.0, 0.0004561090793985563)	(35.0, 0.0005473308952782676)	(36.0, 0.00041049817145870067)	(37.0, 0.0006385527111579789)	(38.0, 0.0005473308952782676)	(39.0, 0.0004561090793985563)	(40.0, 0.0007753854349775457)	(41.0, 0.0012771054223159578)	(42.0, 0.0016876035937746583)	(43.0, 0.0031471526478500387)	(44.0, 0.005062810781323975)	(45.0, 0.007434577994196469)	(46.0, 0.012132501512001598)	(47.0, 0.018016308636242973)	(48.0, 0.02768582111949237)	(49.0, 0.04187081348878747)	(50.0, 0.09199720131468882)	(51.0, 0.1754651628446246)	(52.0, 0.2895836545101434)	(53.0, 0.6720311175858329)	(54.0, 2.1868605920843183)	(55.0, 7.796226883251584)	(56.0, 15.877658773851083)	(57.0, 19.53145738709704)	(58.0, 12.641975353689785)	(59.0, 24.922529872864153)	(60.0, 13.010237824396182)	(61.0, 1.9052588464636495)	(62.0, 0.47823036974938626)	(63.0, 0.1632414395167433)	(64.0, 0.06289744204906092)	(65.0, 0.02695604659245468)	(66.0, 0.013911326921655967)	(67.0, 0.00825557433711387)	(68.0, 0.0053820871369029645)	(69.0, 0.0037400944510681614)	(70.0, 0.003101541739910183)	(71.0, 0.0020524908572935037)	(72.0, 0.0016876035937746583)	(73.0, 0.0012771054223159578)	(74.0, 0.000866607250857257)	(75.0, 0.0004561090793985563)	(76.0, 0.0002736654476391338)	(77.0, 0.0002736654476391338)	(78.0, 0.0003648872635188451)	(79.0, 0.0002736654476391338)	(80.0, 0.00018244363175942254)	(81.0, 0.00018244363175942254)	(82.0, 0.0001368327238195669)	(83.0, 4.5610907939855635e-05)	(84.0, 0.0001368327238195669)	(85.0, 4.5610907939855635e-05)	(86.0, 0.0)	(87.0, 0.0001368327238195669)	(88.0, 9.122181587971127e-05)	(89.0, 4.5610907939855635e-05)	(90.0, 4.5610907939855635e-05)	(91.0, 0.0)	(92.0, 4.5610907939855635e-05)	(93.0, 0.0)	(94.0, 0.0)	(95.0, 4.5610907939855635e-05)	(96.0, 0.0)	(97.0, 0.0)	(98.0, 4.5610907939855635e-05)	(99.0, 0.0)	(100.0, 0.0)
SRR6419072_1	(0.0, 0.0)	(1.0, 0.0)	(2.0, 0.0)	(3.0, 0.0)	(4.0, 0.0)	(5.0, 0.0)	(6.0, 0.0)	(7.0, 0.0)	(8.0, 0.0)	(9.0, 0.0)	(10.0, 0.0)	(11.0, 0.0)	(12.0, 0.0)	(13.0, 0.0)	(14.0, 0.0)	(15.0, 0.0)	(16.0, 0.0)	(17.0, 0.0)	(18.0, 0.0)	(19.0, 0.0)	(20.0, 0.0)	(21.0, 0.0)	(22.0, 0.0)	(23.0, 0.0)	(24.0, 0.0)	(25.0, 0.0)	(26.0, 0.0)	(27.0, 0.0)	(28.0, 0.0)	(29.0, 0.0)	(30.0, 0.0)	(31.0, 0.0)	(32.0, 0.0)	(33.0, 0.0)	(34.0, 0.0)	(35.0, 0.0)	(36.0, 4.775323420716976e-05)	(37.0, 9.550646841433952e-05)	(38.0, 0.0001432597026215093)	(39.0, 9.550646841433952e-05)	(40.0, 0.0006685452789003767)	(41.0, 0.001432597026215093)	(42.0, 0.004823076654924146)	(43.0, 0.013227645875386026)	(44.0, 0.023781110635170542)	(45.0, 0.046989182459855054)	(46.0, 0.1007593241771282)	(47.0, 0.29989031082102613)	(48.0, 2.2134579119707327)	(49.0, 8.758659452108043)	(50.0, 3.6493021581119134)	(51.0, 8.073639307406193)	(52.0, 24.977329152060147)	(53.0, 40.85580481152037)	(54.0, 6.562726977091341)	(55.0, 2.783822541341169)	(56.0, 1.0014808277927643)	(57.0, 0.40122267380864035)	(58.0, 0.13509389957208326)	(59.0, 0.047705480972962594)	(60.0, 0.02082041011432602)	(61.0, 0.009598400075641124)	(62.0, 0.005061842825959995)	(63.0, 0.002865194052430186)	(64.0, 0.0010983243867649045)	(65.0, 0.0010028179183505651)	(66.0, 0.0019101293682867906)	(67.0, 0.0010983243867649045)	(68.0, 0.0028174408182230163)	(69.0, 0.0011460776209720744)	(70.0, 0.00019101293682867904)	(71.0, 0.0)	(72.0, 9.550646841433952e-05)	(73.0, 4.775323420716976e-05)	(74.0, 0.0)	(75.0, 0.0)	(76.0, 0.0)	(77.0, 0.0)	(78.0, 0.0)	(79.0, 0.0)	(80.0, 0.0)	(81.0, 0.0)	(82.0, 0.0)	(83.0, 4.775323420716976e-05)	(84.0, 0.0)	(85.0, 0.0)	(86.0, 0.0)	(87.0, 0.0)	(88.0, 0.0)	(89.0, 0.0)	(90.0, 0.0)	(91.0, 0.0)	(92.0, 0.0)	(93.0, 0.0)	(94.0, 0.0)	(95.0, 0.0)	(96.0, 0.0)	(97.0, 0.0)	(98.0, 0.0)	(99.0, 0.0)	(100.0, 0.0)
SRR6419072_2	(0.0, 0.0)	(1.0, 0.0)	(2.0, 0.0)	(3.0, 0.0)	(4.0, 0.0)	(5.0, 0.0)	(6.0, 0.0)	(7.0, 0.0)	(8.0, 0.0)	(9.0, 0.0)	(10.0, 0.0)	(11.0, 0.0)	(12.0, 0.0)	(13.0, 0.0)	(14.0, 0.0)	(15.0, 0.0)	(16.0, 0.0)	(17.0, 0.0)	(18.0, 0.0)	(19.0, 0.0)	(20.0, 0.0)	(21.0, 0.0)	(22.0, 0.0)	(23.0, 0.0)	(24.0, 0.00014405395685007777)	(25.0, 4.801798561669259e-05)	(26.0, 0.00019207194246677035)	(27.0, 9.603597123338518e-05)	(28.0, 0.00014405395685007777)	(29.0, 9.603597123338518e-05)	(30.0, 0.00014405395685007777)	(31.0, 0.0003841438849335407)	(32.0, 0.0004801798561669259)	(33.0, 0.00014405395685007777)	(34.0, 0.0003841438849335407)	(35.0, 0.00024008992808346294)	(36.0, 0.0006242338130170036)	(37.0, 0.0007682877698670814)	(38.0, 0.0005762158274003111)	(39.0, 0.0007202697842503889)	(40.0, 0.0014405395685007777)	(41.0, 0.0016806294965842406)	(42.0, 0.0028330611513848625)	(43.0, 0.004033510791802177)	(44.0, 0.006098284173319959)	(45.0, 0.01061197482128906)	(46.0, 0.01598998921035863)	(47.0, 0.021127913671344742)	(48.0, 0.03260421223373427)	(49.0, 0.05421230576124593)	(50.0, 0.11389866188279481)	(51.0, 0.19826626261132368)	(52.0, 0.3317562626257291)	(53.0, 0.8351288058455175)	(54.0, 2.8057389175689647)	(55.0, 11.136715368108279)	(56.0, 24.096241488211824)	(57.0, 43.06930003702187)	(58.0, 11.723255062416179)	(59.0, 3.840622543579923)	(60.0, 1.2385759209969684)	(61.0, 0.2780721547062668)	(62.0, 0.09305885612515025)	(63.0, 0.03721393885293675)	(64.0, 0.015557827339808398)	(65.0, 0.009219453238404977)	(66.0, 0.006530446043870192)	(67.0, 0.004225582734268948)	(68.0, 0.0027370251801514776)	(69.0, 0.0015365755397341628)	(70.0, 0.0009123417267171592)	(71.0, 0.0006242338130170036)	(72.0, 0.000816305755483774)	(73.0, 0.0008643237411004665)	(74.0, 0.00033612589931684815)	(75.0, 0.00033612589931684815)	(76.0, 0.00028810791370015553)	(77.0, 0.0004801798561669259)	(78.0, 0.00028810791370015553)	(79.0, 0.00024008992808346294)	(80.0, 9.603597123338518e-05)	(81.0, 4.801798561669259e-05)	(82.0, 9.603597123338518e-05)	(83.0, 0.00024008992808346294)	(84.0, 9.603597123338518e-05)	(85.0, 0.0)	(86.0, 9.603597123338518e-05)	(87.0, 0.00024008992808346294)	(88.0, 9.603597123338518e-05)	(89.0, 4.801798561669259e-05)	(90.0, 4.801798561669259e-05)	(91.0, 0.0)	(92.0, 9.603597123338518e-05)	(93.0, 4.801798561669259e-05)	(94.0, 4.801798561669259e-05)	(95.0, 4.801798561669259e-05)	(96.0, 0.0)	(97.0, 0.0)	(98.0, 0.0)	(99.0, 0.0)	(100.0, 0.0)
SRR6419073_1	(0.0, 0.0)	(1.0, 0.0)	(2.0, 0.0)	(3.0, 0.0)	(4.0, 0.0)	(5.0, 0.0)	(6.0, 0.0)	(7.0, 0.0)	(8.0, 0.0)	(9.0, 0.0)	(10.0, 0.0)	(11.0, 0.0)	(12.0, 0.0)	(13.0, 0.0)	(14.0, 0.0)	(15.0, 0.0)	(16.0, 0.0)	(17.0, 0.0)	(18.0, 0.0)	(19.0, 0.0)	(20.0, 0.0)	(21.0, 0.0)	(22.0, 0.0)	(23.0, 0.0)	(24.0, 0.0)	(25.0, 0.00010576062246471958)	(26.0, 5.288031123235979e-05)	(27.0, 0.00010576062246471958)	(28.0, 0.00010576062246471958)	(29.0, 0.00021152124492943917)	(30.0, 0.0003701621786265185)	(31.0, 0.00042304248985887833)	(32.0, 0.0003701621786265185)	(33.0, 0.0003701621786265185)	(34.0, 0.0005288031123235979)	(35.0, 0.0005288031123235979)	(36.0, 0.0005288031123235979)	(37.0, 0.0008460849797177567)	(38.0, 0.0006874440460206772)	(39.0, 0.0007932046684853969)	(40.0, 0.0010047259134148359)	(41.0, 0.0015335290257384338)	(42.0, 0.0020094518268296718)	(43.0, 0.002749776184082709)	(44.0, 0.00507650987830654)	(45.0, 0.006134116102953735)	(46.0, 0.00978285757798656)	(47.0, 0.013801761231645905)	(48.0, 0.02242125196252055)	(49.0, 0.05383215683454226)	(50.0, 0.2667811701672551)	(51.0, 0.40813024209135285)	(52.0, 0.3688930511569419)	(53.0, 0.7393196313396222)	(54.0, 2.2729544177005208)	(55.0, 11.862693099066504)	(56.0, 17.859584794372267)	(57.0, 14.861535549053627)	(58.0, 8.600559579453462)	(59.0, 28.02455550132386)	(60.0, 12.85419893467325)	(61.0, 1.3192051243136798)	(62.0, 0.27370849093869426)	(63.0, 0.08820435913557613)	(64.0, 0.033843399188710266)	(65.0, 0.014383444655201864)	(66.0, 0.007826286062389248)	(67.0, 0.0053937917457006984)	(68.0, 0.003014177740244508)	(69.0, 0.003225698985173947)	(70.0, 0.0022738533829914707)	(71.0, 0.0012162471583442751)	(72.0, 0.0010576062246471958)	(73.0, 0.00031728186739415876)	(74.0, 0.0005816834235559577)	(75.0, 0.00042304248985887833)	(76.0, 0.0003701621786265185)	(77.0, 0.00031728186739415876)	(78.0, 0.00010576062246471958)	(79.0, 0.0)	(80.0, 5.288031123235979e-05)	(81.0, 0.00021152124492943917)	(82.0, 0.00015864093369707938)	(83.0, 0.0)	(84.0, 5.288031123235979e-05)	(85.0, 0.00010576062246471958)	(86.0, 5.288031123235979e-05)	(87.0, 0.00010576062246471958)	(88.0, 0.0)	(89.0, 0.0)	(90.0, 0.0)	(91.0, 0.0)	(92.0, 0.0)	(93.0, 0.00010576062246471958)	(94.0, 0.00010576062246471958)	(95.0, 0.0)	(96.0, 0.0)	(97.0, 0.0)	(98.0, 0.0)	(99.0, 0.0)	(100.0, 0.0)
SRR6419073_2	(0.0, 0.0)	(1.0, 0.0)	(2.0, 0.0)	(3.0, 0.0)	(4.0, 0.0)	(5.0, 0.0)	(6.0, 0.0)	(7.0, 0.0)	(8.0, 0.0)	(9.0, 0.0)	(10.0, 0.0)	(11.0, 0.0)	(12.0, 0.0)	(13.0, 0.0)	(14.0, 0.0)	(15.0, 0.0)	(16.0, 0.0)	(17.0, 0.0)	(18.0, 0.0)	(19.0, 0.0)	(20.0, 0.0)	(21.0, 0.0)	(22.0, 0.0)	(23.0, 0.0)	(24.0, 0.0)	(25.0, 0.0)	(26.0, 0.0)	(27.0, 0.0)	(28.0, 0.0)	(29.0, 0.0)	(30.0, 0.0)	(31.0, 0.0)	(32.0, 0.0)	(33.0, 0.0)	(34.0, 5.252224973804528e-05)	(35.0, 0.0)	(36.0, 0.0)	(37.0, 5.252224973804528e-05)	(38.0, 0.00010504449947609057)	(39.0, 0.00015756674921413584)	(40.0, 0.0008928782455467697)	(41.0, 0.0017332342413554941)	(42.0, 0.019695843651766982)	(43.0, 0.04684984676633639)	(44.0, 0.05236468298883114)	(45.0, 0.03261631708732612)	(46.0, 0.06318426643486848)	(47.0, 0.19401719053233926)	(48.0, 1.4679443579286275)	(49.0, 6.354194295558456)	(50.0, 3.669939678196176)	(51.0, 11.07904335974327)	(52.0, 11.470334120291708)	(53.0, 5.897933512084057)	(54.0, 16.13163126229349)	(55.0, 28.180182829951338)	(56.0, 10.792376920673021)	(57.0, 3.6666307764626787)	(58.0, 0.589299642060868)	(59.0, 0.18356526283446825)	(60.0, 0.06465488942753374)	(61.0, 0.022321956138669243)	(62.0, 0.008771215706253561)	(63.0, 0.004516913477471894)	(64.0, 0.0014181007429272226)	(65.0, 0.0008928782455467697)	(66.0, 0.0008403559958087245)	(67.0, 0.0005252224973804528)	(68.0, 0.000735311496332634)	(69.0, 0.0002626112486902264)	(70.0, 5.252224973804528e-05)	(71.0, 0.00010504449947609057)	(72.0, 5.252224973804528e-05)	(73.0, 0.0)	(74.0, 5.252224973804528e-05)	(75.0, 0.0)	(76.0, 0.0)	(77.0, 0.0)	(78.0, 0.0)	(79.0, 0.0)	(80.0, 0.0)	(81.0, 0.0)	(82.0, 0.0)	(83.0, 0.0)	(84.0, 0.0)	(85.0, 0.0)	(86.0, 0.0)	(87.0, 0.0)	(88.0, 0.0)	(89.0, 0.0)	(90.0, 0.0)	(91.0, 0.0)	(92.0, 0.0)	(93.0, 0.0)	(94.0, 0.0)	(95.0, 0.0)	(96.0, 0.0)	(97.0, 0.0)	(98.0, 0.0)	(99.0, 0.0)	(100.0, 0.0)
SRR6419074_1	(0.0, 0.0)	(1.0, 0.0)	(2.0, 0.0)	(3.0, 0.0)	(4.0, 0.0)	(5.0, 0.0)	(6.0, 0.0)	(7.0, 0.0)	(8.0, 0.0)	(9.0, 0.0)	(10.0, 0.0)	(11.0, 0.0)	(12.0, 0.0)	(13.0, 0.0)	(14.0, 0.0)	(15.0, 0.0)	(16.0, 0.0)	(17.0, 0.0)	(18.0, 0.0)	(19.0, 0.0)	(20.0, 0.0)	(21.0, 0.0)	(22.0, 0.0)	(23.0, 0.0)	(24.0, 0.0)	(25.0, 0.0)	(26.0, 0.0)	(27.0, 0.0)	(28.0, 0.0)	(29.0, 0.0)	(30.0, 0.0)	(31.0, 0.0)	(32.0, 0.0)	(33.0, 0.0)	(34.0, 0.0)	(35.0, 9.043218445271798e-05)	(36.0, 9.043218445271798e-05)	(37.0, 9.043218445271798e-05)	(38.0, 4.521609222635899e-05)	(39.0, 0.00022608046113179497)	(40.0, 0.0004069448300372309)	(41.0, 0.0012660505823380518)	(42.0, 0.0063302529116902595)	(43.0, 0.018719462181712623)	(44.0, 0.02640619786019365)	(45.0, 0.024054961064422984)	(46.0, 0.050732455477974794)	(47.0, 0.134517874373418)	(48.0, 0.7075414111580655)	(49.0, 2.724088692269224)	(50.0, 3.40902205731411)	(51.0, 13.508759713547015)	(52.0, 14.21019695225452)	(53.0, 6.662455541277318)	(54.0, 17.382603198948093)	(55.0, 30.15135634711851)	(56.0, 8.106567094802772)	(57.0, 2.2290176984828194)	(58.0, 0.42286089450090925)	(59.0, 0.13664303070805686)	(60.0, 0.050732455477974794)	(61.0, 0.017815140337185443)	(62.0, 0.006963278202859285)	(63.0, 0.0026677494413551803)	(64.0, 0.0013564827667907698)	(65.0, 0.0009043218445271799)	(66.0, 0.0013112666745644108)	(67.0, 0.0012660505823380518)	(68.0, 0.0018086436890543598)	(69.0, 0.0007686735678481028)	(70.0, 4.521609222635899e-05)	(71.0, 4.521609222635899e-05)	(72.0, 9.043218445271798e-05)	(73.0, 4.521609222635899e-05)	(74.0, 9.043218445271798e-05)	(75.0, 0.0)	(76.0, 0.0)	(77.0, 0.0)	(78.0, 0.0)	(79.0, 0.0)	(80.0, 0.0)	(81.0, 0.0)	(82.0, 0.0)	(83.0, 0.0)	(84.0, 0.0)	(85.0, 0.0)	(86.0, 0.0)	(87.0, 0.0)	(88.0, 0.0)	(89.0, 0.0)	(90.0, 0.0)	(91.0, 0.0)	(92.0, 0.0)	(93.0, 0.0)	(94.0, 0.0)	(95.0, 0.0)	(96.0, 0.0)	(97.0, 0.0)	(98.0, 0.0)	(99.0, 0.0)	(100.0, 0.0)
SRR6419074_2	(0.0, 0.0)	(1.0, 0.0)	(2.0, 0.0)	(3.0, 0.0)	(4.0, 0.0)	(5.0, 0.0)	(6.0, 0.0)	(7.0, 0.0)	(8.0, 0.0)	(9.0, 0.0)	(10.0, 0.0)	(11.0, 0.0)	(12.0, 0.0)	(13.0, 0.0)	(14.0, 0.0)	(15.0, 0.0)	(16.0, 4.600664612009851e-05)	(17.0, 4.600664612009851e-05)	(18.0, 0.0)	(19.0, 0.0)	(20.0, 0.0)	(21.0, 0.0)	(22.0, 0.0)	(23.0, 4.600664612009851e-05)	(24.0, 4.600664612009851e-05)	(25.0, 0.0)	(26.0, 4.600664612009851e-05)	(27.0, 0.00018402658448039405)	(28.0, 0.00023003323060049254)	(29.0, 0.0003680531689607881)	(30.0, 0.0005980863995612806)	(31.0, 0.0005060731073210836)	(32.0, 0.0003680531689607881)	(33.0, 0.00032204652284068957)	(34.0, 0.00013801993836029552)	(35.0, 0.0005060731073210836)	(36.0, 0.0006440930456813791)	(37.0, 0.0006900996918014777)	(38.0, 0.0007821129840416747)	(39.0, 0.0008741262762818718)	(40.0, 0.0011041595068823642)	(41.0, 0.0017482525525637435)	(42.0, 0.0024843588904853195)	(43.0, 0.0038645582740882752)	(44.0, 0.005106737719330934)	(45.0, 0.0077291165481765504)	(46.0, 0.011041595068823643)	(47.0, 0.016470379310995268)	(48.0, 0.02746596773369881)	(49.0, 0.050561304085988266)	(50.0, 0.16925845107584242)	(51.0, 0.24903397544809325)	(52.0, 0.26338804903756396)	(53.0, 0.5437525504934443)	(54.0, 1.5868612379744378)	(55.0, 7.065470677894129)	(56.0, 16.68693259428257)	(57.0, 17.21987358293779)	(58.0, 10.183019038930363)	(59.0, 30.204927403812754)	(60.0, 13.674509419630759)	(61.0, 1.4946179125036403)	(62.0, 0.3301436925578269)	(63.0, 0.1049411597999447)	(64.0, 0.03965772895552491)	(65.0, 0.017068465710556546)	(66.0, 0.008879282701179011)	(67.0, 0.006440930456813791)	(68.0, 0.0036345250434877824)	(69.0, 0.0035425117512475853)	(70.0, 0.0023003323060049254)	(71.0, 0.0017022459064436448)	(72.0, 0.0009661395685220688)	(73.0, 0.0010121462146421671)	(74.0, 0.0011041595068823642)	(75.0, 0.0006440930456813791)	(76.0, 0.0004600664612009851)	(77.0, 0.00023003323060049254)	(78.0, 0.00023003323060049254)	(79.0, 9.201329224019702e-05)	(80.0, 0.00027603987672059104)	(81.0, 0.00013801993836029552)	(82.0, 9.201329224019702e-05)	(83.0, 9.201329224019702e-05)	(84.0, 9.201329224019702e-05)	(85.0, 0.00013801993836029552)	(86.0, 4.600664612009851e-05)	(87.0, 0.0)	(88.0, 0.0)	(89.0, 9.201329224019702e-05)	(90.0, 4.600664612009851e-05)	(91.0, 4.600664612009851e-05)	(92.0, 9.201329224019702e-05)	(93.0, 0.0)	(94.0, 0.0)	(95.0, 0.0)	(96.0, 4.600664612009851e-05)	(97.0, 9.201329224019702e-05)	(98.0, 0.0)	(99.0, 0.0)	(100.0, 0.0)
SRR6419075_1	(0.0, 0.0)	(1.0, 0.0)	(2.0, 0.0)	(3.0, 0.0)	(4.0, 0.0)	(5.0, 0.0)	(6.0, 0.0)	(7.0, 0.0)	(8.0, 0.0)	(9.0, 0.0)	(10.0, 0.0)	(11.0, 0.0)	(12.0, 0.0)	(13.0, 0.0)	(14.0, 0.0)	(15.0, 0.0)	(16.0, 0.0)	(17.0, 0.0)	(18.0, 0.0)	(19.0, 0.0)	(20.0, 0.0)	(21.0, 0.0)	(22.0, 0.0)	(23.0, 0.0)	(24.0, 0.0)	(25.0, 0.0)	(26.0, 0.0)	(27.0, 0.00011727075765704754)	(28.0, 0.00011727075765704754)	(29.0, 0.0001759061364855713)	(30.0, 0.00023454151531409508)	(31.0, 0.0007036245459422852)	(32.0, 0.0005277184094567139)	(33.0, 0.00046908303062819016)	(34.0, 0.00041044765179966636)	(35.0, 0.0006449891671137615)	(36.0, 0.0008795306824278564)	(37.0, 0.0008208953035993327)	(38.0, 0.0009968014400849041)	(39.0, 0.0014658844707130941)	(40.0, 0.002521321289626522)	(41.0, 0.0024626859107979983)	(42.0, 0.0037526642450255213)	(43.0, 0.007036245459422851)	(44.0, 0.011961617281018848)	(45.0, 0.022046902439524934)	(46.0, 0.04210020199888006)	(47.0, 0.07563963868879565)	(48.0, 0.1729743675441451)	(49.0, 0.6462205100691604)	(50.0, 4.439753614138162)	(51.0, 5.575110454394868)	(52.0, 1.9120410682193316)	(53.0, 2.148283009519454)	(54.0, 4.292285636384426)	(55.0, 17.058321679551792)	(56.0, 13.935753215417588)	(57.0, 8.104406155542069)	(58.0, 6.694635742367873)	(59.0, 21.9352020428566)	(60.0, 10.94511435364756)	(61.0, 1.3765827887572526)	(62.0, 0.3420201647067791)	(63.0, 0.12764921970969623)	(64.0, 0.04978143662541668)	(65.0, 0.02621001433635012)	(66.0, 0.015772916904872893)	(67.0, 0.009088483718421183)	(68.0, 0.00451492416979633)	(69.0, 0.0033422165932258546)	(70.0, 0.0024040505319694746)	(71.0, 0.0014072490918845704)	(72.0, 0.0009968014400849041)	(73.0, 0.0011140721977419515)	(74.0, 0.0008795306824278564)	(75.0, 0.0005863537882852377)	(76.0, 0.00046908303062819016)	(77.0, 0.00023454151531409508)	(78.0, 0.00029317689414261886)	(79.0, 0.00011727075765704754)	(80.0, 0.0001759061364855713)	(81.0, 5.863537882852377e-05)	(82.0, 0.00023454151531409508)	(83.0, 0.00011727075765704754)	(84.0, 0.00011727075765704754)	(85.0, 5.863537882852377e-05)	(86.0, 0.0)	(87.0, 5.863537882852377e-05)	(88.0, 0.00011727075765704754)	(89.0, 0.0001759061364855713)	(90.0, 0.0)	(91.0, 0.00011727075765704754)	(92.0, 0.0)	(93.0, 0.00011727075765704754)	(94.0, 0.0)	(95.0, 0.0)	(96.0, 0.0)	(97.0, 0.0)	(98.0, 0.0)	(99.0, 0.0)	(100.0, 0.0)
SRR6419075_2	(0.0, 0.0)	(1.0, 0.0)	(2.0, 0.0)	(3.0, 0.0)	(4.0, 0.0)	(5.0, 0.0)	(6.0, 0.0)	(7.0, 0.0)	(8.0, 0.0)	(9.0, 0.0)	(10.0, 0.0)	(11.0, 0.0)	(12.0, 0.0)	(13.0, 0.0)	(14.0, 0.0)	(15.0, 0.0)	(16.0, 0.0)	(17.0, 0.0)	(18.0, 0.0)	(19.0, 0.0)	(20.0, 0.0)	(21.0, 0.0)	(22.0, 0.0)	(23.0, 0.0)	(24.0, 0.0)	(25.0, 0.0)	(26.0, 0.0)	(27.0, 0.0)	(28.0, 0.0)	(29.0, 0.0)	(30.0, 0.0)	(31.0, 0.0)	(32.0, 0.0)	(33.0, 0.0)	(34.0, 0.0)	(35.0, 0.0)	(36.0, 0.0)	(37.0, 0.00011694060002221871)	(38.0, 0.00046776240008887483)	(39.0, 0.00046776240008887483)	(40.0, 0.0007601139001444217)	(41.0, 0.0037420992007109986)	(42.0, 0.02449905570465482)	(43.0, 0.07776549901477545)	(44.0, 0.05537137411052056)	(45.0, 0.08080595461535313)	(46.0, 0.20312582223859388)	(47.0, 0.6536394838241916)	(48.0, 4.799593046711922)	(49.0, 24.412461190338366)	(50.0, 11.553906693095243)	(51.0, 5.686178205780374)	(52.0, 5.212861127190443)	(53.0, 5.002192636250417)	(54.0, 13.260070047419415)	(55.0, 23.45296356715606)	(56.0, 3.970835014354459)	(57.0, 0.9727119109848152)	(58.0, 0.33830915586427873)	(59.0, 0.12319692212340741)	(60.0, 0.04665929940886526)	(61.0, 0.021224718904032696)	(62.0, 0.0118694709022552)	(63.0, 0.00719184690136645)	(64.0, 0.0032743368006221242)	(65.0, 0.002338812000444374)	(66.0, 0.0038005695007221085)	(67.0, 0.004092921000777655)	(68.0, 0.008653604401644184)	(69.0, 0.0031573962005999054)	(70.0, 0.0005847030001110935)	(71.0, 0.00011694060002221871)	(72.0, 0.0)	(73.0, 5.8470300011109354e-05)	(74.0, 0.00029235150005554677)	(75.0, 0.00040929210007776553)	(76.0, 0.00011694060002221871)	(77.0, 0.0)	(78.0, 0.0)	(79.0, 0.0)	(80.0, 0.0)	(81.0, 0.0)	(82.0, 0.0)	(83.0, 0.0)	(84.0, 0.0)	(85.0, 0.0)	(86.0, 0.0)	(87.0, 0.0)	(88.0, 0.0)	(89.0, 5.8470300011109354e-05)	(90.0, 5.8470300011109354e-05)	(91.0, 0.0)	(92.0, 0.0)	(93.0, 0.0)	(94.0, 0.0)	(95.0, 0.0)	(96.0, 0.0)	(97.0, 0.0)	(98.0, 0.0)	(99.0, 0.0)	(100.0, 0.0)
SRR6419076_1	(0.0, 0.0)	(1.0, 0.0)	(2.0, 0.0)	(3.0, 0.0)	(4.0, 0.0)	(5.0, 0.0)	(6.0, 0.0)	(7.0, 0.0)	(8.0, 0.0)	(9.0, 0.0)	(10.0, 0.0)	(11.0, 0.0)	(12.0, 0.0)	(13.0, 0.0)	(14.0, 0.0)	(15.0, 0.0)	(16.0, 0.0)	(17.0, 0.0)	(18.0, 0.0)	(19.0, 0.0)	(20.0, 0.0)	(21.0, 0.0)	(22.0, 0.0)	(23.0, 0.0)	(24.0, 0.0)	(25.0, 0.0)	(26.0, 0.0)	(27.0, 0.0)	(28.0, 0.0)	(29.0, 0.0)	(30.0, 0.0)	(31.0, 0.0)	(32.0, 0.0)	(33.0, 0.0)	(34.0, 0.0)	(35.0, 0.0)	(36.0, 0.0)	(37.0, 0.00015288088744297543)	(38.0, 0.000713444141400552)	(39.0, 0.0005605632539575766)	(40.0, 0.000764404437214877)	(41.0, 0.0019874515367586804)	(42.0, 0.008204607626106348)	(43.0, 0.02160716542527386)	(44.0, 0.037812539494229254)	(45.0, 0.10523301085658143)	(46.0, 0.26708291036287807)	(47.0, 0.8814092764045677)	(48.0, 7.643229007415742)	(49.0, 33.2567400087244)	(50.0, 7.4031040935386425)	(51.0, 7.333645210343717)	(52.0, 7.2275458744582926)	(53.0, 5.425029251209797)	(54.0, 9.67353815295427)	(55.0, 16.032160023482504)	(56.0, 3.085951673332273)	(57.0, 0.9647293600609893)	(58.0, 0.3314967242721851)	(59.0, 0.1130808964119875)	(60.0, 0.051775660547354344)	(61.0, 0.032257867250467816)	(62.0, 0.026091671456934477)	(63.0, 0.020231237438287083)	(64.0, 0.010395900346122328)	(65.0, 0.005299870764689815)	(66.0, 0.007593084076334446)	(67.0, 0.005707553131204416)	(68.0, 0.016409215252212696)	(69.0, 0.005656592835390091)	(70.0, 0.001426888282801104)	(71.0, 0.0004076823665146012)	(72.0, 0.0001019205916286503)	(73.0, 5.096029581432515e-05)	(74.0, 0.0002548014790716257)	(75.0, 0.00030576177488595086)	(76.0, 5.096029581432515e-05)	(77.0, 5.096029581432515e-05)	(78.0, 0.0)	(79.0, 0.0)	(80.0, 5.096029581432515e-05)	(81.0, 5.096029581432515e-05)	(82.0, 0.0)	(83.0, 0.0)	(84.0, 0.0)	(85.0, 0.0)	(86.0, 0.0)	(87.0, 0.0)	(88.0, 0.0)	(89.0, 0.0)	(90.0, 0.0)	(91.0, 0.0)	(92.0, 0.0)	(93.0, 0.0)	(94.0, 0.0)	(95.0, 5.096029581432515e-05)	(96.0, 0.0)	(97.0, 0.0)	(98.0, 0.0)	(99.0, 0.0)	(100.0, 0.0)
SRR6419076_2	(0.0, 0.0)	(1.0, 0.0)	(2.0, 0.0)	(3.0, 0.0)	(4.0, 0.0)	(5.0, 0.0)	(6.0, 0.0)	(7.0, 0.0)	(8.0, 0.0)	(9.0, 0.0)	(10.0, 0.0)	(11.0, 0.0)	(12.0, 0.0)	(13.0, 0.0)	(14.0, 0.0)	(15.0, 0.0)	(16.0, 0.0)	(17.0, 0.0)	(18.0, 0.0)	(19.0, 0.0)	(20.0, 0.0)	(21.0, 0.0)	(22.0, 0.0)	(23.0, 0.0)	(24.0, 0.0)	(25.0, 0.0)	(26.0, 0.00014939584321005853)	(27.0, 4.979861440335284e-05)	(28.0, 9.959722880670568e-05)	(29.0, 0.0003983889152268227)	(30.0, 0.0004979861440335283)	(31.0, 0.0004481875296301756)	(32.0, 0.0004481875296301756)	(33.0, 0.0004481875296301756)	(34.0, 0.00024899307201676417)	(35.0, 0.0003485903008234699)	(36.0, 0.0004979861440335283)	(37.0, 0.0003983889152268227)	(38.0, 0.0006473819872435869)	(39.0, 0.001244965360083821)	(40.0, 0.0017927501185207024)	(41.0, 0.0020417431905374664)	(42.0, 0.002539729334570995)	(43.0, 0.003535701622638052)	(44.0, 0.005627243427578871)	(45.0, 0.008664958906183394)	(46.0, 0.015138778778619265)	(47.0, 0.024650314129659658)	(48.0, 0.042030030556429794)	(49.0, 0.09636031887048775)	(50.0, 0.37373860109716306)	(51.0, 0.5763193644900024)	(52.0, 0.7619188003712984)	(53.0, 2.1324762659803755)	(54.0, 5.732816490113979)	(55.0, 28.120580372971705)	(56.0, 21.128307125982527)	(57.0, 11.430524957073594)	(58.0, 6.563756170048325)	(59.0, 14.811601881989237)	(60.0, 6.925991291218312)	(61.0, 0.8426423543191335)	(62.0, 0.20870599296445178)	(63.0, 0.08087294979104502)	(64.0, 0.03934090537864875)	(65.0, 0.019222265159694198)	(66.0, 0.014640792634585734)	(67.0, 0.011503479927174506)	(68.0, 0.005826437885192283)	(69.0, 0.0024401321057642895)	(70.0, 0.001543757046503938)	(71.0, 0.001244965360083821)	(72.0, 0.0006473819872435869)	(73.0, 0.0006971806016469398)	(74.0, 0.0005975833728402341)	(75.0, 0.0005477847584368813)	(76.0, 0.00014939584321005853)	(77.0, 0.00024899307201676417)	(78.0, 0.00029879168642011706)	(79.0, 0.00019919445761341136)	(80.0, 0.0004481875296301756)	(81.0, 0.00029879168642011706)	(82.0, 0.00024899307201676417)	(83.0, 0.0)	(84.0, 4.979861440335284e-05)	(85.0, 0.00014939584321005853)	(86.0, 9.959722880670568e-05)	(87.0, 0.00019919445761341136)	(88.0, 4.979861440335284e-05)	(89.0, 0.00014939584321005853)	(90.0, 9.959722880670568e-05)	(91.0, 0.0)	(92.0, 4.979861440335284e-05)	(93.0, 9.959722880670568e-05)	(94.0, 4.979861440335284e-05)	(95.0, 4.979861440335284e-05)	(96.0, 0.0)	(97.0, 4.979861440335284e-05)	(98.0, 0.00014939584321005853)	(99.0, 4.979861440335284e-05)	(100.0, 0.0)
SRR6419077_1	(0.0, 0.0)	(1.0, 0.0)	(2.0, 0.0)	(3.0, 0.0)	(4.0, 0.0)	(5.0, 0.0)	(6.0, 0.0)	(7.0, 0.0)	(8.0, 0.0)	(9.0, 0.0)	(10.0, 0.0)	(11.0, 0.0)	(12.0, 0.0)	(13.0, 0.0)	(14.0, 0.0)	(15.0, 0.0)	(16.0, 0.0)	(17.0, 0.0)	(18.0, 0.0)	(19.0, 0.0)	(20.0, 0.0)	(21.0, 0.0)	(22.0, 0.0)	(23.0, 0.0)	(24.0, 0.0)	(25.0, 0.0)	(26.0, 0.00012421766163978493)	(27.0, 0.0)	(28.0, 0.0003105441540994623)	(29.0, 0.0003726529849193548)	(30.0, 0.0004347618157392473)	(31.0, 0.0004968706465591397)	(32.0, 0.0003105441540994623)	(33.0, 0.0004347618157392473)	(34.0, 0.0005589794773790322)	(35.0, 0.0005589794773790322)	(36.0, 0.0008695236314784946)	(37.0, 0.0008695236314784946)	(38.0, 0.0011179589547580643)	(39.0, 0.0009316324622983869)	(40.0, 0.0011179589547580643)	(41.0, 0.0023601355711559135)	(42.0, 0.004223400495752688)	(43.0, 0.006769862559368279)	(44.0, 0.010806936562661289)	(45.0, 0.01714203730629032)	(46.0, 0.02627203543681451)	(47.0, 0.04217189612670698)	(48.0, 0.0824805273288172)	(49.0, 0.2366967542546102)	(50.0, 1.4486263700431719)	(51.0, 1.9779799351211154)	(52.0, 1.1532367706637632)	(53.0, 2.0320767267652418)	(54.0, 4.058253114602593)	(55.0, 15.107973096938842)	(56.0, 17.165762879663518)	(57.0, 15.148033292817672)	(58.0, 8.439534258299448)	(59.0, 21.305192236147715)	(60.0, 10.016601690478156)	(61.0, 1.2205006344417069)	(62.0, 0.29973721753680105)	(63.0, 0.09875304100362903)	(64.0, 0.03801060446177419)	(65.0, 0.018073669768588707)	(66.0, 0.01111748071676075)	(67.0, 0.007390950867567203)	(68.0, 0.0035402033567338703)	(69.0, 0.0034780945259139783)	(70.0, 0.0023601355711559135)	(71.0, 0.0013042854472177419)	(72.0, 0.0013042854472177419)	(73.0, 0.0011179589547580643)	(74.0, 0.0004968706465591397)	(75.0, 0.00024843532327956986)	(76.0, 0.00012421766163978493)	(77.0, 0.0003105441540994623)	(78.0, 0.00012421766163978493)	(79.0, 0.0003105441540994623)	(80.0, 0.00024843532327956986)	(81.0, 0.00024843532327956986)	(82.0, 0.00012421766163978493)	(83.0, 0.0)	(84.0, 0.0)	(85.0, 6.210883081989247e-05)	(86.0, 0.0)	(87.0, 0.0)	(88.0, 0.0)	(89.0, 0.0)	(90.0, 6.210883081989247e-05)	(91.0, 0.00012421766163978493)	(92.0, 0.0)	(93.0, 0.0)	(94.0, 0.0)	(95.0, 0.0)	(96.0, 6.210883081989247e-05)	(97.0, 6.210883081989247e-05)	(98.0, 0.0)	(99.0, 0.0)	(100.0, 0.0)
SRR6419077_2	(0.0, 0.0)	(1.0, 0.0)	(2.0, 0.0)	(3.0, 0.0)	(4.0, 0.0)	(5.0, 0.0)	(6.0, 0.0)	(7.0, 0.0)	(8.0, 0.0)	(9.0, 0.0)	(10.0, 0.0)	(11.0, 0.0)	(12.0, 0.0)	(13.0, 0.0)	(14.0, 0.0)	(15.0, 0.0)	(16.0, 0.0)	(17.0, 0.0)	(18.0, 0.0)	(19.0, 0.0)	(20.0, 0.0)	(21.0, 0.0)	(22.0, 0.0)	(23.0, 0.0)	(24.0, 0.0)	(25.0, 0.0)	(26.0, 0.0)	(27.0, 0.0)	(28.0, 0.0)	(29.0, 0.0)	(30.0, 0.0)	(31.0, 0.0)	(32.0, 0.0)	(33.0, 0.0)	(34.0, 0.0)	(35.0, 0.0)	(36.0, 0.0)	(37.0, 0.00012409095618906745)	(38.0, 0.00012409095618906745)	(39.0, 0.0003102273904726687)	(40.0, 0.0009927276495125396)	(41.0, 0.0029161374704430856)	(42.0, 0.009865231017030863)	(43.0, 0.017869097691225716)	(44.0, 0.032325694087252076)	(45.0, 0.06601638869258389)	(46.0, 0.16621983581525587)	(47.0, 0.5031267818685741)	(48.0, 3.7094509533597932)	(49.0, 16.917506193689853)	(50.0, 6.834433503069079)	(51.0, 9.83017532190745)	(52.0, 10.764145903664469)	(53.0, 8.560352567224724)	(54.0, 13.389600309234662)	(55.0, 22.056484962347703)	(56.0, 5.112113076642918)	(57.0, 1.4313271341627987)	(58.0, 0.37382400551956574)	(59.0, 0.12464936549191827)	(60.0, 0.049760473431816055)	(61.0, 0.020537053249290664)	(62.0, 0.008624321455140188)	(63.0, 0.004529319900900963)	(64.0, 0.0021715917333086808)	(65.0, 0.0012409095618906747)	(66.0, 0.001985455299025079)	(67.0, 0.001985455299025079)	(68.0, 0.0029161374704430856)	(69.0, 0.001178864083796141)	(70.0, 0.00037227286856720236)	(71.0, 0.0002481819123781349)	(72.0, 0.00012409095618906745)	(73.0, 0.0)	(74.0, 0.0002481819123781349)	(75.0, 0.00012409095618906745)	(76.0, 0.0)	(77.0, 0.0)	(78.0, 0.0)	(79.0, 0.0)	(80.0, 0.0)	(81.0, 0.0)	(82.0, 0.0)	(83.0, 0.0)	(84.0, 0.0)	(85.0, 0.0)	(86.0, 0.0)	(87.0, 0.0)	(88.0, 0.0)	(89.0, 0.0)	(90.0, 0.0)	(91.0, 0.0)	(92.0, 0.0)	(93.0, 0.0)	(94.0, 0.0)	(95.0, 0.0)	(96.0, 0.0)	(97.0, 0.0)	(98.0, 0.0)	(99.0, 0.0)	(100.0, 0.0)
SRR6419078_1	(0.0, 0.0)	(1.0, 0.0)	(2.0, 0.0)	(3.0, 0.0)	(4.0, 0.0)	(5.0, 0.0)	(6.0, 0.0)	(7.0, 0.0)	(8.0, 0.0)	(9.0, 0.0)	(10.0, 0.0)	(11.0, 5.059678912776195e-05)	(12.0, 0.0)	(13.0, 0.0)	(14.0, 0.0)	(15.0, 0.0)	(16.0, 0.0)	(17.0, 0.0)	(18.0, 0.0)	(19.0, 0.0)	(20.0, 0.0)	(21.0, 0.0)	(22.0, 0.0)	(23.0, 0.0)	(24.0, 0.0)	(25.0, 5.059678912776195e-05)	(26.0, 5.059678912776195e-05)	(27.0, 5.059678912776195e-05)	(28.0, 0.0002023871565110478)	(29.0, 0.0003541775238943337)	(30.0, 0.0004047743130220956)	(31.0, 0.0003541775238943337)	(32.0, 0.0003541775238943337)	(33.0, 0.00015179036738328586)	(34.0, 0.0005059678912776195)	(35.0, 0.0007589518369164293)	(36.0, 0.0008601454151719531)	(37.0, 0.001011935782555239)	(38.0, 0.0008095486260441912)	(39.0, 0.001113129360810763)	(40.0, 0.0014167100955773347)	(41.0, 0.003035807347665717)	(42.0, 0.004756098178009623)	(43.0, 0.0076907119474198165)	(44.0, 0.010827712873341057)	(45.0, 0.018771408766399683)	(46.0, 0.03546834917856113)	(47.0, 0.06618060017911263)	(48.0, 0.13742087927100147)	(49.0, 0.4711067035685915)	(50.0, 3.091362622128)	(51.0, 3.883860130236135)	(52.0, 2.092076036854701)	(53.0, 4.722451313239661)	(54.0, 7.078288411817386)	(55.0, 13.259951123501704)	(56.0, 19.08870123101988)	(57.0, 32.30260927641532)	(58.0, 9.126446435709191)	(59.0, 3.2163872880627)	(60.0, 0.9980722623342323)	(61.0, 0.22034901665140327)	(62.0, 0.08075247544790808)	(63.0, 0.033646864769961704)	(64.0, 0.015634407840478443)	(65.0, 0.007791905525675341)	(66.0, 0.004503114232370814)	(67.0, 0.003035807347665717)	(68.0, 0.0023780490890048115)	(69.0, 0.0017202908303439062)	(70.0, 0.001113129360810763)	(71.0, 0.0006577582586609053)	(72.0, 0.0005059678912776195)	(73.0, 0.0006071614695331434)	(74.0, 0.0007083550477886674)	(75.0, 0.0005565646804053815)	(76.0, 0.0004047743130220956)	(77.0, 0.00025298394563880974)	(78.0, 0.00025298394563880974)	(79.0, 0.00025298394563880974)	(80.0, 0.0001011935782555239)	(81.0, 0.00025298394563880974)	(82.0, 5.059678912776195e-05)	(83.0, 0.0)	(84.0, 5.059678912776195e-05)	(85.0, 0.0)	(86.0, 5.059678912776195e-05)	(87.0, 0.0001011935782555239)	(88.0, 0.0)	(89.0, 5.059678912776195e-05)	(90.0, 5.059678912776195e-05)	(91.0, 0.0)	(92.0, 5.059678912776195e-05)	(93.0, 5.059678912776195e-05)	(94.0, 0.0)	(95.0, 0.0)	(96.0, 0.0)	(97.0, 5.059678912776195e-05)	(98.0, 0.0)	(99.0, 5.059678912776195e-05)	(100.0, 0.0)
SRR6419078_2	(0.0, 0.0)	(1.0, 0.0)	(2.0, 0.0)	(3.0, 0.0)	(4.0, 0.0)	(5.0, 0.0)	(6.0, 0.0)	(7.0, 0.0)	(8.0, 0.0)	(9.0, 0.0)	(10.0, 0.0)	(11.0, 0.0)	(12.0, 0.0)	(13.0, 0.0)	(14.0, 0.0)	(15.0, 0.0)	(16.0, 0.0)	(17.0, 0.0)	(18.0, 0.0)	(19.0, 0.0)	(20.0, 0.0)	(21.0, 0.0)	(22.0, 0.0)	(23.0, 0.0)	(24.0, 0.0)	(25.0, 0.0)	(26.0, 0.0)	(27.0, 0.0)	(28.0, 0.0)	(29.0, 0.0)	(30.0, 0.0)	(31.0, 0.0)	(32.0, 0.0)	(33.0, 0.0)	(34.0, 0.0)	(35.0, 0.0)	(36.0, 0.0)	(37.0, 0.0)	(38.0, 0.00015128776142525176)	(39.0, 0.00020171701523366897)	(40.0, 0.00030257552285050353)	(41.0, 0.0012103020914020141)	(42.0, 0.0043873450813323)	(43.0, 0.010590143299767622)	(44.0, 0.022642734959979344)	(45.0, 0.051740414407436104)	(46.0, 0.13676413632842757)	(47.0, 0.42864865737154656)	(48.0, 3.0877327814355797)	(49.0, 16.199691776400723)	(50.0, 8.687044119545572)	(51.0, 10.441780435063258)	(52.0, 19.94678705138136)	(53.0, 31.93024020462174)	(54.0, 5.553723292667183)	(55.0, 2.327713497288923)	(56.0, 0.7359141008262329)	(57.0, 0.2610722469661761)	(58.0, 0.101161083139685)	(59.0, 0.03893138394009812)	(60.0, 0.014321908081590498)	(61.0, 0.007261812548412083)	(62.0, 0.0027736089594629487)	(63.0, 0.0012103020914020141)	(64.0, 0.0009077265685515104)	(65.0, 0.0007564388071262587)	(66.0, 0.0009077265685515104)	(67.0, 0.0010085850761683448)	(68.0, 0.0011094435837851796)	(69.0, 0.0005042925380841724)	(70.0, 0.00015128776142525176)	(71.0, 0.00015128776142525176)	(72.0, 5.0429253808417244e-05)	(73.0, 0.00010085850761683449)	(74.0, 0.00020171701523366897)	(75.0, 0.00010085850761683449)	(76.0, 0.0)	(77.0, 0.0)	(78.0, 0.0)	(79.0, 0.0)	(80.0, 0.0)	(81.0, 5.0429253808417244e-05)	(82.0, 0.0)	(83.0, 0.0)	(84.0, 0.0)	(85.0, 0.0)	(86.0, 0.0)	(87.0, 0.0)	(88.0, 0.0)	(89.0, 0.0)	(90.0, 0.0)	(91.0, 0.0)	(92.0, 0.0)	(93.0, 0.0)	(94.0, 0.0)	(95.0, 0.0)	(96.0, 0.0)	(97.0, 0.0)	(98.0, 0.0)	(99.0, 0.0)	(100.0, 0.0)
SRR6419079_1	(0.0, 0.0)	(1.0, 0.0)	(2.0, 0.0)	(3.0, 0.0)	(4.0, 0.0)	(5.0, 0.0)	(6.0, 0.0)	(7.0, 0.0)	(8.0, 0.0)	(9.0, 0.0)	(10.0, 0.0)	(11.0, 0.0)	(12.0, 0.0)	(13.0, 0.0)	(14.0, 0.0)	(15.0, 0.0)	(16.0, 0.0)	(17.0, 0.0)	(18.0, 0.0)	(19.0, 0.0)	(20.0, 0.0)	(21.0, 0.0)	(22.0, 0.0)	(23.0, 0.0)	(24.0, 0.0)	(25.0, 0.0)	(26.0, 0.0)	(27.0, 0.0)	(28.0, 0.0)	(29.0, 0.0)	(30.0, 0.0)	(31.0, 5.9332884776724414e-05)	(32.0, 0.0)	(33.0, 5.9332884776724414e-05)	(34.0, 0.00011866576955344883)	(35.0, 0.00011866576955344883)	(36.0, 0.00023733153910689765)	(37.0, 0.00011866576955344883)	(38.0, 0.00035599730866034656)	(39.0, 0.0014833221194181104)	(40.0, 0.0024326482758457012)	(41.0, 0.003915970395263812)	(42.0, 0.0074759434818672775)	(43.0, 0.012519238687888854)	(44.0, 0.02147850428917424)	(45.0, 0.04022769587861916)	(46.0, 0.08300670580263747)	(47.0, 0.16013945601237922)	(48.0, 0.35077601479999476)	(49.0, 0.7722174953690684)	(50.0, 1.3912374822446343)	(51.0, 1.825791530349364)	(52.0, 4.201598902578963)	(53.0, 12.905911097978768)	(54.0, 14.671123752971093)	(55.0, 14.733423281986655)	(56.0, 13.815365555836397)	(57.0, 11.118863941388604)	(58.0, 7.903080919374917)	(59.0, 6.017719172709721)	(60.0, 4.134018746818274)	(61.0, 1.7705526146222335)	(62.0, 0.7761334657643322)	(63.0, 0.5610517584487061)	(64.0, 1.1197302015063433)	(65.0, 0.9154470792200812)	(66.0, 0.3902323831765165)	(67.0, 0.15539282523024125)	(68.0, 0.0690041449953305)	(69.0, 0.032099090664207915)	(70.0, 0.014714555424627657)	(71.0, 0.006051954247225891)	(72.0, 0.002966644238836221)	(73.0, 0.0017799865433017327)	(74.0, 0.0018986523128551812)	(75.0, 0.0017799865433017327)	(76.0, 0.0010679919259810396)	(77.0, 0.0009493261564275906)	(78.0, 0.0008899932716508664)	(79.0, 0.0005339959629905198)	(80.0, 0.0006526617325439686)	(81.0, 0.00029666442388362214)	(82.0, 0.00023733153910689765)	(83.0, 0.00029666442388362214)	(84.0, 0.00041533019343707094)	(85.0, 0.00023733153910689765)	(86.0, 0.00011866576955344883)	(87.0, 5.9332884776724414e-05)	(88.0, 5.9332884776724414e-05)	(89.0, 5.9332884776724414e-05)	(90.0, 5.9332884776724414e-05)	(91.0, 5.9332884776724414e-05)	(92.0, 5.9332884776724414e-05)	(93.0, 0.00017799865433017328)	(94.0, 0.0)	(95.0, 5.9332884776724414e-05)	(96.0, 0.0)	(97.0, 0.0)	(98.0, 0.0)	(99.0, 0.0)	(100.0, 0.0)
SRR6419079_2	(0.0, 0.0)	(1.0, 0.0)	(2.0, 0.0)	(3.0, 0.0)	(4.0, 0.0)	(5.0, 0.0)	(6.0, 0.0)	(7.0, 0.0)	(8.0, 0.0)	(9.0, 0.0)	(10.0, 0.0)	(11.0, 0.0)	(12.0, 0.0)	(13.0, 0.0)	(14.0, 0.0)	(15.0, 0.0)	(16.0, 0.0)	(17.0, 0.0)	(18.0, 0.0)	(19.0, 0.0)	(20.0, 0.0)	(21.0, 0.0)	(22.0, 0.0)	(23.0, 0.0)	(24.0, 0.0)	(25.0, 0.0)	(26.0, 0.0)	(27.0, 0.0)	(28.0, 0.0)	(29.0, 0.0)	(30.0, 0.0)	(31.0, 0.0)	(32.0, 0.0)	(33.0, 5.94444794506379e-05)	(34.0, 0.0001188889589012758)	(35.0, 0.0008322227123089306)	(36.0, 0.002437223657476154)	(37.0, 0.008857227438145047)	(38.0, 0.015098897780462027)	(39.0, 0.007965560246385478)	(40.0, 0.006003892424514427)	(41.0, 0.017655010396839456)	(42.0, 0.08922616365540749)	(43.0, 0.20603456577591098)	(44.0, 0.31612574171849234)	(45.0, 0.5071802986728425)	(46.0, 0.7889471312688662)	(47.0, 1.0484817285503512)	(48.0, 1.63918152085134)	(49.0, 3.260410808908588)	(50.0, 8.405449394320199)	(51.0, 17.79422936771285)	(52.0, 16.09269058791779)	(53.0, 10.796246913345405)	(54.0, 9.022542535497271)	(55.0, 7.688548972145506)	(56.0, 6.202139763482306)	(57.0, 4.242552498392027)	(58.0, 3.272240260319265)	(59.0, 1.6086865028931627)	(60.0, 1.4169780566648555)	(61.0, 1.113870655946053)	(62.0, 0.8351354918020119)	(63.0, 0.6428326007791982)	(64.0, 0.2762384960071143)	(65.0, 0.15092953332516965)	(66.0, 0.13951619327064715)	(67.0, 0.19265955789951741)	(68.0, 1.341067456406391)	(69.0, 0.640573710560074)	(70.0, 0.14462841850340202)	(71.0, 0.04648558293039883)	(72.0, 0.012899452040788425)	(73.0, 0.0035666687670382743)	(74.0, 0.0017833343835191372)	(75.0, 0.000594444794506379)	(76.0, 0.0001188889589012758)	(77.0, 0.0001188889589012758)	(78.0, 0.0)	(79.0, 0.0)	(80.0, 0.0)	(81.0, 0.0)	(82.0, 5.94444794506379e-05)	(83.0, 0.0)	(84.0, 0.0)	(85.0, 0.0)	(86.0, 0.0)	(87.0, 0.0)	(88.0, 0.0)	(89.0, 0.0)	(90.0, 0.0)	(91.0, 0.0)	(92.0, 0.0)	(93.0, 0.0)	(94.0, 0.0)	(95.0, 0.0)	(96.0, 0.0)	(97.0, 0.0)	(98.0, 0.0)	(99.0, 0.0)	(100.0, 0.0)
SRR6419080_1	(0.0, 0.0)	(1.0, 0.0)	(2.0, 0.0)	(3.0, 0.0)	(4.0, 0.0)	(5.0, 0.0)	(6.0, 0.0)	(7.0, 0.0)	(8.0, 0.0)	(9.0, 0.0)	(10.0, 0.0)	(11.0, 0.0)	(12.0, 0.0)	(13.0, 0.0)	(14.0, 0.0)	(15.0, 0.0)	(16.0, 0.0)	(17.0, 0.0)	(18.0, 0.0)	(19.0, 0.0)	(20.0, 0.0)	(21.0, 0.0)	(22.0, 0.0)	(23.0, 0.0)	(24.0, 0.0)	(25.0, 0.0)	(26.0, 0.0)	(27.0, 0.0)	(28.0, 0.0)	(29.0, 0.0)	(30.0, 0.0)	(31.0, 0.0)	(32.0, 0.0)	(33.0, 0.0)	(34.0, 0.0)	(35.0, 0.00011432020632510837)	(36.0, 0.000571601031625542)	(37.0, 0.0028580051581277095)	(38.0, 0.005944650728905636)	(39.0, 0.0029151652612902637)	(40.0, 0.002286404126502168)	(41.0, 0.004058367324541347)	(42.0, 0.01337546414003768)	(43.0, 0.043555998609866295)	(44.0, 0.12798147098095883)	(45.0, 0.27939858425856484)	(46.0, 0.4036646485339576)	(47.0, 0.6207015602421759)	(48.0, 1.3739002396151525)	(49.0, 3.6165197270948037)	(50.0, 9.152590038594502)	(51.0, 18.944801631577985)	(52.0, 23.17322026302793)	(53.0, 14.090308390188582)	(54.0, 8.333142799656125)	(55.0, 5.545558888624682)	(56.0, 4.237164127233816)	(57.0, 3.174843609957747)	(58.0, 2.660231201185272)	(59.0, 1.2430036033729033)	(60.0, 0.8034424100528617)	(61.0, 0.5297026760073897)	(62.0, 0.42892941413180663)	(63.0, 0.3554786815679245)	(64.0, 0.2260682080079018)	(65.0, 0.1131770042618573)	(66.0, 0.08099586618133929)	(67.0, 0.06601991915275009)	(68.0, 0.20491896983775676)	(69.0, 0.09625761372574125)	(70.0, 0.02783697024016389)	(71.0, 0.009031296299683562)	(72.0, 0.003658246602403468)	(73.0, 0.0012575222695761922)	(74.0, 0.00022864041265021674)	(75.0, 5.7160103162554184e-05)	(76.0, 0.00011432020632510837)	(77.0, 0.0)	(78.0, 0.0)	(79.0, 5.7160103162554184e-05)	(80.0, 5.7160103162554184e-05)	(81.0, 0.0)	(82.0, 0.0)	(83.0, 0.0)	(84.0, 0.0)	(85.0, 0.0)	(86.0, 0.0)	(87.0, 0.0)	(88.0, 0.0)	(89.0, 0.0)	(90.0, 0.0)	(91.0, 0.0)	(92.0, 0.0)	(93.0, 0.0)	(94.0, 0.0)	(95.0, 0.0)	(96.0, 0.0)	(97.0, 0.0)	(98.0, 0.0)	(99.0, 0.0)	(100.0, 0.0)
SRR6419080_2	(0.0, 0.0)	(1.0, 0.0)	(2.0, 0.0)	(3.0, 0.0)	(4.0, 0.0)	(5.0, 0.0)	(6.0, 0.0)	(7.0, 0.0)	(8.0, 0.0)	(9.0, 0.0)	(10.0, 0.0)	(11.0, 0.0)	(12.0, 0.0)	(13.0, 0.0)	(14.0, 0.0)	(15.0, 0.0)	(16.0, 0.0)	(17.0, 0.0)	(18.0, 0.0)	(19.0, 0.0)	(20.0, 0.0)	(21.0, 0.0)	(22.0, 0.0)	(23.0, 0.0)	(24.0, 0.0)	(25.0, 0.0)	(26.0, 0.0)	(27.0, 0.0)	(28.0, 0.0)	(29.0, 0.0)	(30.0, 0.0)	(31.0, 0.0)	(32.0, 0.0)	(33.0, 0.0)	(34.0, 0.0)	(35.0, 0.0)	(36.0, 0.0)	(37.0, 0.00011380169940077715)	(38.0, 0.0005121076473034972)	(39.0, 0.00079661189580544)	(40.0, 0.001763926340712046)	(41.0, 0.0031295467335213717)	(42.0, 0.005007274773634195)	(43.0, 0.01229058353528393)	(44.0, 0.017468560858019296)	(45.0, 0.026288192561579524)	(46.0, 0.044041257668100756)	(47.0, 0.09246388076313143)	(48.0, 0.2196372798434999)	(49.0, 0.5505157208512594)	(50.0, 1.582526431867207)	(51.0, 2.029425705414059)	(52.0, 4.581770219574689)	(53.0, 17.877052058018382)	(54.0, 18.337379932094525)	(55.0, 13.126969125029945)	(56.0, 11.660748029950332)	(57.0, 10.949202904446972)	(58.0, 8.027913280829022)	(59.0, 5.278805628404449)	(60.0, 2.873436009019923)	(61.0, 1.1555424557154912)	(62.0, 0.4902008201688476)	(63.0, 0.2950309056965148)	(64.0, 0.2924134666102969)	(65.0, 0.20802950650462065)	(66.0, 0.13018914411448906)	(67.0, 0.0652083737566453)	(68.0, 0.03135236818491411)	(69.0, 0.01399760902629559)	(70.0, 0.006657399414945464)	(71.0, 0.003812356929926035)	(72.0, 0.0020484305892139888)	(73.0, 0.001081116144307383)	(74.0, 0.0008535127455058286)	(75.0, 0.0009673144449066058)	(76.0, 0.0005121076473034972)	(77.0, 0.00034140509820233144)	(78.0, 0.0006259093467042744)	(79.0, 0.0002276033988015543)	(80.0, 0.0002276033988015543)	(81.0, 0.00039830594790272)	(82.0, 0.0002845042485019429)	(83.0, 0.0)	(84.0, 5.6900849700388576e-05)	(85.0, 0.0002276033988015543)	(86.0, 5.6900849700388576e-05)	(87.0, 5.6900849700388576e-05)	(88.0, 0.0)	(89.0, 0.00011380169940077715)	(90.0, 5.6900849700388576e-05)	(91.0, 5.6900849700388576e-05)	(92.0, 0.0)	(93.0, 0.0)	(94.0, 5.6900849700388576e-05)	(95.0, 0.0)	(96.0, 0.0)	(97.0, 5.6900849700388576e-05)	(98.0, 0.0)	(99.0, 0.0)	(100.0, 0.0)
SRR6419081_1	(0.0, 0.0)	(1.0, 0.0)	(2.0, 0.0)	(3.0, 0.0)	(4.0, 0.0)	(5.0, 0.0)	(6.0, 0.0)	(7.0, 0.0)	(8.0, 0.0)	(9.0, 0.0)	(10.0, 0.0)	(11.0, 0.0)	(12.0, 0.0)	(13.0, 0.0)	(14.0, 0.0)	(15.0, 0.0)	(16.0, 0.0)	(17.0, 0.0)	(18.0, 0.0)	(19.0, 0.0)	(20.0, 0.0)	(21.0, 0.0)	(22.0, 0.0)	(23.0, 0.0)	(24.0, 0.0)	(25.0, 0.0)	(26.0, 0.0)	(27.0, 0.0)	(28.0, 0.0)	(29.0, 0.0)	(30.0, 0.0)	(31.0, 0.0)	(32.0, 0.0)	(33.0, 5.9469472832858075e-05)	(34.0, 0.00011893894566571615)	(35.0, 0.0004162863098300065)	(36.0, 0.0009515115653257292)	(37.0, 0.0036871073156372006)	(38.0, 0.010526096691415878)	(39.0, 0.0072552756856086855)	(40.0, 0.006303764120282956)	(41.0, 0.03520592791705198)	(42.0, 0.09592425967940008)	(43.0, 0.13481729491208924)	(44.0, 0.22217795050355776)	(45.0, 0.43650593059317827)	(46.0, 0.7464608229980346)	(47.0, 0.8909716419818796)	(48.0, 1.1942659534294557)	(49.0, 2.7443377628179015)	(50.0, 6.601706179175575)	(51.0, 16.2962412319696)	(52.0, 17.704121531814682)	(53.0, 13.28102002039803)	(54.0, 12.496677143205465)	(55.0, 7.609832682638185)	(56.0, 5.989705834252632)	(57.0, 4.361610076507477)	(58.0, 2.870710392587725)	(59.0, 1.4836444082341431)	(60.0, 1.4639005432536343)	(61.0, 1.4797194230271746)	(62.0, 0.784402346665398)	(63.0, 0.4679652817217602)	(64.0, 0.18399854894486287)	(65.0, 0.08194893356367842)	(66.0, 0.05483085395189514)	(67.0, 0.029972614307760468)	(68.0, 0.06767626008379249)	(69.0, 0.09752993544588724)	(70.0, 0.04210438676566351)	(71.0, 0.013975326115721646)	(72.0, 0.004341271516798639)	(73.0, 0.0014867368208214518)	(74.0, 0.00035681683699714844)	(75.0, 0.00017840841849857422)	(76.0, 0.00011893894566571615)	(77.0, 0.0)	(78.0, 0.0)	(79.0, 5.9469472832858075e-05)	(80.0, 5.9469472832858075e-05)	(81.0, 5.9469472832858075e-05)	(82.0, 0.0)	(83.0, 0.0)	(84.0, 0.0)	(85.0, 0.0)	(86.0, 5.9469472832858075e-05)	(87.0, 0.0)	(88.0, 0.0)	(89.0, 0.0)	(90.0, 0.0)	(91.0, 0.0)	(92.0, 0.0)	(93.0, 0.0)	(94.0, 0.0)	(95.0, 0.0)	(96.0, 0.0)	(97.0, 0.0)	(98.0, 0.0)	(99.0, 0.0)	(100.0, 0.0)
SRR6419081_2	(0.0, 0.0)	(1.0, 0.0)	(2.0, 0.0)	(3.0, 0.0)	(4.0, 0.0)	(5.0, 0.0)	(6.0, 0.0)	(7.0, 0.0)	(8.0, 0.0)	(9.0, 0.0)	(10.0, 0.0)	(11.0, 0.0)	(12.0, 0.0)	(13.0, 0.0)	(14.0, 0.0)	(15.0, 0.0)	(16.0, 0.0)	(17.0, 0.0)	(18.0, 0.0)	(19.0, 0.0)	(20.0, 0.0)	(21.0, 0.0)	(22.0, 0.0)	(23.0, 0.0)	(24.0, 0.0)	(25.0, 0.0)	(26.0, 0.0)	(27.0, 0.0)	(28.0, 0.0)	(29.0, 0.0)	(30.0, 0.0)	(31.0, 0.0)	(32.0, 0.0)	(33.0, 5.931409184193981e-05)	(34.0, 0.0)	(35.0, 5.931409184193981e-05)	(36.0, 0.00017794227552581942)	(37.0, 0.00017794227552581942)	(38.0, 0.0005931409184193981)	(39.0, 0.0006524550102613379)	(40.0, 0.0016014804797323747)	(41.0, 0.0026691341328872915)	(42.0, 0.004092672337093847)	(43.0, 0.007710831939452175)	(44.0, 0.0122187029194396)	(45.0, 0.022776611267304885)	(46.0, 0.03997769790146743)	(47.0, 0.09798687972288457)	(48.0, 0.24318777655195323)	(49.0, 0.40760643913781036)	(50.0, 0.9664638124725672)	(51.0, 1.550055162105413)	(52.0, 3.940650319702955)	(53.0, 14.553661458889403)	(54.0, 15.546757298599001)	(55.0, 13.754819269962157)	(56.0, 14.72573163932287)	(57.0, 11.53498938277756)	(58.0, 8.90595157597542)	(59.0, 6.167064071082008)	(60.0, 3.8603390393489687)	(61.0, 1.8089018589036383)	(62.0, 0.7936225488451546)	(63.0, 0.4093265478012266)	(64.0, 0.21940282572333533)	(65.0, 0.12586450288859627)	(66.0, 0.09353832283473908)	(67.0, 0.08007402398661874)	(68.0, 0.05207777263722315)	(69.0, 0.030428129114915124)	(70.0, 0.014235382042065555)	(71.0, 0.008185344674187694)	(72.0, 0.005753466908668162)	(73.0, 0.00302501868393893)	(74.0, 0.0016014804797323747)	(75.0, 0.000949025469471037)	(76.0, 0.000949025469471037)	(77.0, 0.0005931409184193981)	(78.0, 0.0005931409184193981)	(79.0, 0.0005931409184193981)	(80.0, 0.00035588455105163883)	(81.0, 0.00023725636736775924)	(82.0, 0.0004745127347355185)	(83.0, 0.00023725636736775924)	(84.0, 0.00011862818368387962)	(85.0, 0.00011862818368387962)	(86.0, 5.931409184193981e-05)	(87.0, 0.0)	(88.0, 0.0)	(89.0, 0.0)	(90.0, 0.00011862818368387962)	(91.0, 0.00017794227552581942)	(92.0, 0.00011862818368387962)	(93.0, 0.0)	(94.0, 5.931409184193981e-05)	(95.0, 0.0)	(96.0, 5.931409184193981e-05)	(97.0, 0.00011862818368387962)	(98.0, 0.0)	(99.0, 0.0)	(100.0, 0.0)
SRR6419082_1	(0.0, 0.0)	(1.0, 0.0)	(2.0, 0.0)	(3.0, 0.0)	(4.0, 0.0)	(5.0, 0.0)	(6.0, 0.0)	(7.0, 0.0)	(8.0, 0.0)	(9.0, 0.0)	(10.0, 0.0)	(11.0, 0.0)	(12.0, 0.0)	(13.0, 0.0)	(14.0, 0.0)	(15.0, 0.0)	(16.0, 0.0)	(17.0, 0.0)	(18.0, 0.0)	(19.0, 0.0)	(20.0, 0.0)	(21.0, 0.0)	(22.0, 0.0)	(23.0, 0.0)	(24.0, 0.0)	(25.0, 0.0)	(26.0, 0.0)	(27.0, 0.0)	(28.0, 0.0)	(29.0, 0.0)	(30.0, 0.0)	(31.0, 0.0)	(32.0, 0.0)	(33.0, 0.0)	(34.0, 5.936726370344864e-05)	(35.0, 0.0004749381096275891)	(36.0, 0.0029089959214689837)	(37.0, 0.01187345274068973)	(38.0, 0.020481705977689783)	(39.0, 0.008073947863669014)	(40.0, 0.003562035822206919)	(41.0, 0.008548885973296604)	(42.0, 0.027665144885807066)	(43.0, 0.07557452669449012)	(44.0, 0.1902720801695529)	(45.0, 0.5381642454717619)	(46.0, 0.6818330236341077)	(47.0, 0.713238306133232)	(48.0, 1.3704339153304086)	(49.0, 4.54622631988269)	(50.0, 12.585563068812593)	(51.0, 22.70857203920614)	(52.0, 15.349524765054054)	(53.0, 9.716580683079735)	(54.0, 7.340762156931426)	(55.0, 6.825038737139566)	(56.0, 6.801826137031518)	(57.0, 3.7254738991825125)	(58.0, 2.1232108190901373)	(59.0, 1.104527941202662)	(60.0, 1.0193952850519166)	(61.0, 0.790000178101791)	(62.0, 0.5075901046644858)	(63.0, 0.34385519137037457)	(64.0, 0.2693492754225465)	(65.0, 0.13191405994906288)	(66.0, 0.07023147296117974)	(67.0, 0.05598332967235207)	(68.0, 0.18700688066586324)	(69.0, 0.09748104700106268)	(70.0, 0.030811609862089844)	(71.0, 0.011161045576248346)	(72.0, 0.003680770349613816)	(73.0, 0.0006530399007379351)	(74.0, 0.00011873452740689728)	(75.0, 5.936726370344864e-05)	(76.0, 0.00023746905481379456)	(77.0, 0.0)	(78.0, 0.0)	(79.0, 0.0)	(80.0, 0.0)	(81.0, 0.0)	(82.0, 0.0)	(83.0, 0.0)	(84.0, 0.0)	(85.0, 0.0)	(86.0, 0.0)	(87.0, 0.0)	(88.0, 0.0)	(89.0, 0.0)	(90.0, 0.0)	(91.0, 0.0)	(92.0, 0.0)	(93.0, 0.0)	(94.0, 0.0)	(95.0, 0.0)	(96.0, 0.0)	(97.0, 0.0)	(98.0, 0.0)	(99.0, 0.0)	(100.0, 0.0)
SRR6419082_2	(0.0, 0.0)	(1.0, 0.0)	(2.0, 0.0)	(3.0, 0.0)	(4.0, 0.0)	(5.0, 0.0)	(6.0, 0.0)	(7.0, 0.0)	(8.0, 0.0)	(9.0, 0.0)	(10.0, 0.0)	(11.0, 0.0)	(12.0, 0.0)	(13.0, 0.0)	(14.0, 0.0)	(15.0, 0.0)	(16.0, 0.0)	(17.0, 0.0)	(18.0, 0.0)	(19.0, 0.0)	(20.0, 0.0)	(21.0, 0.0)	(22.0, 0.0)	(23.0, 5.917625469933433e-05)	(24.0, 0.0)	(25.0, 0.0)	(26.0, 0.0)	(27.0, 0.0)	(28.0, 0.0)	(29.0, 0.0)	(30.0, 0.0)	(31.0, 0.0)	(32.0, 0.0)	(33.0, 0.0)	(34.0, 5.917625469933433e-05)	(35.0, 5.917625469933433e-05)	(36.0, 5.917625469933433e-05)	(37.0, 0.0002958812734966716)	(38.0, 0.00017752876409800298)	(39.0, 0.0007692913110913463)	(40.0, 0.0015977588768820267)	(41.0, 0.003136341499064719)	(42.0, 0.005148334158842087)	(43.0, 0.007811265620312131)	(44.0, 0.016510175061114275)	(45.0, 0.02941059858556916)	(46.0, 0.054323801813988916)	(47.0, 0.11397346655091792)	(48.0, 0.28398684630210547)	(49.0, 0.6820063354098281)	(50.0, 2.012821127343158)	(51.0, 2.5474194122969442)	(52.0, 5.70098120147917)	(53.0, 18.605014477470714)	(54.0, 18.782957475351612)	(55.0, 13.510294005386223)	(56.0, 10.69326757667911)	(57.0, 8.336454880768724)	(58.0, 6.98013512305998)	(59.0, 5.414213071206196)	(60.0, 3.169243496677549)	(61.0, 1.2809883854764903)	(62.0, 0.5713467391220729)	(63.0, 0.3752958073031783)	(64.0, 0.3518620104422419)	(65.0, 0.2142772182662896)	(66.0, 0.11308582273042789)	(67.0, 0.0682893979230318)	(68.0, 0.0337896414333199)	(69.0, 0.017575347645702295)	(70.0, 0.007988794384410133)	(71.0, 0.004023985319554734)	(72.0, 0.002130345169176036)	(73.0, 0.002011992659777367)	(74.0, 0.001065172584588018)	(75.0, 0.0006509388016926775)	(76.0, 0.0007101150563920119)	(77.0, 0.000532586292294009)	(78.0, 0.0002958812734966716)	(79.0, 0.0004142337828953403)	(80.0, 0.0002367050187973373)	(81.0, 0.0002367050187973373)	(82.0, 0.00011835250939866865)	(83.0, 0.00017752876409800298)	(84.0, 0.0002367050187973373)	(85.0, 0.0002367050187973373)	(86.0, 5.917625469933433e-05)	(87.0, 0.0)	(88.0, 0.0)	(89.0, 0.0)	(90.0, 5.917625469933433e-05)	(91.0, 0.0)	(92.0, 0.0)	(93.0, 0.0)	(94.0, 0.0)	(95.0, 5.917625469933433e-05)	(96.0, 5.917625469933433e-05)	(97.0, 0.0)	(98.0, 0.0)	(99.0, 0.0)	(100.0, 0.0)
SRR6419083_1	(0.0, 0.0)	(1.0, 0.0)	(2.0, 0.0)	(3.0, 0.0)	(4.0, 0.0)	(5.0, 0.0)	(6.0, 0.0)	(7.0, 0.0)	(8.0, 0.0)	(9.0, 0.0)	(10.0, 0.0)	(11.0, 0.0)	(12.0, 0.0)	(13.0, 0.0)	(14.0, 0.0)	(15.0, 0.0)	(16.0, 0.0)	(17.0, 0.0)	(18.0, 0.0)	(19.0, 0.0)	(20.0, 0.0)	(21.0, 0.0)	(22.0, 0.0)	(23.0, 0.0)	(24.0, 0.0)	(25.0, 0.0)	(26.0, 0.0)	(27.0, 0.0)	(28.0, 0.0)	(29.0, 0.0)	(30.0, 0.0)	(31.0, 0.0)	(32.0, 0.0)	(33.0, 0.0)	(34.0, 5.61104253170239e-05)	(35.0, 0.0002244417012680956)	(36.0, 0.0005611042531702391)	(37.0, 0.0031982942430703624)	(38.0, 0.005330490405117271)	(39.0, 0.0031982942430703624)	(40.0, 0.004881607002581079)	(41.0, 0.021939176298956347)	(42.0, 0.0749074177982269)	(43.0, 0.12417237122657389)	(44.0, 0.17517674783974863)	(45.0, 0.4009089888901358)	(46.0, 0.4822129951745034)	(47.0, 0.687857703961396)	(48.0, 1.436258556839861)	(49.0, 4.046403321737179)	(50.0, 10.01526203568623)	(51.0, 20.762091796655817)	(52.0, 19.173605655930874)	(53.0, 11.290371451015599)	(54.0, 8.739703736954327)	(55.0, 5.961564358657839)	(56.0, 4.532207384131972)	(57.0, 3.777017169790147)	(58.0, 2.697228144989339)	(59.0, 1.201773089440018)	(60.0, 0.9364268881158119)	(61.0, 0.676018404219504)	(62.0, 0.5554371002132196)	(63.0, 0.4477050836045337)	(64.0, 0.2540680058354842)	(65.0, 0.12922230950510605)	(66.0, 0.09353607900347885)	(67.0, 0.11895410167209067)	(68.0, 0.729884412523847)	(69.0, 0.33043429469195373)	(70.0, 0.07636628885646954)	(71.0, 0.023678599483784087)	(72.0, 0.006957692739310964)	(73.0, 0.0021321961620469083)	(74.0, 0.000504993827853215)	(75.0, 0.0002244417012680956)	(76.0, 5.61104253170239e-05)	(77.0, 0.0001122208506340478)	(78.0, 0.0001122208506340478)	(79.0, 0.0)	(80.0, 0.0)	(81.0, 5.61104253170239e-05)	(82.0, 0.0)	(83.0, 0.0)	(84.0, 0.0)	(85.0, 0.0)	(86.0, 0.0)	(87.0, 0.0)	(88.0, 0.0)	(89.0, 0.0)	(90.0, 0.0)	(91.0, 0.0)	(92.0, 0.0)	(93.0, 0.0)	(94.0, 0.0)	(95.0, 0.0)	(96.0, 0.0)	(97.0, 0.0)	(98.0, 0.0)	(99.0, 0.0)	(100.0, 0.0)
SRR6419083_2	(0.0, 0.0)	(1.0, 0.0)	(2.0, 0.0)	(3.0, 0.0)	(4.0, 0.0)	(5.0, 0.0)	(6.0, 0.0)	(7.0, 0.0)	(8.0, 0.0)	(9.0, 0.0)	(10.0, 0.0)	(11.0, 0.0)	(12.0, 0.0)	(13.0, 0.0)	(14.0, 0.0)	(15.0, 0.0)	(16.0, 0.0)	(17.0, 0.0)	(18.0, 0.0)	(19.0, 0.0)	(20.0, 0.0)	(21.0, 0.0)	(22.0, 0.0)	(23.0, 0.0)	(24.0, 0.0)	(25.0, 0.0)	(26.0, 0.0)	(27.0, 0.0)	(28.0, 0.0)	(29.0, 0.0)	(30.0, 0.0)	(31.0, 0.0)	(32.0, 0.0)	(33.0, 0.0)	(34.0, 0.0)	(35.0, 5.5905992954726764e-05)	(36.0, 0.00016771797886418028)	(37.0, 0.00011181198590945353)	(38.0, 0.00033543595772836057)	(39.0, 0.0007826839013661748)	(40.0, 0.0013976498238681694)	(41.0, 0.00206852173932489)	(42.0, 0.0036897955350119666)	(43.0, 0.006652813161612486)	(44.0, 0.010622138661398085)	(45.0, 0.027338030554861392)	(46.0, 0.06004303643337655)	(47.0, 0.1000717273889609)	(48.0, 0.2242948437343638)	(49.0, 0.660082058816459)	(50.0, 1.9290921928958018)	(51.0, 2.3265278968109544)	(52.0, 4.588093029808516)	(53.0, 14.868534262267314)	(54.0, 16.170976180133582)	(55.0, 13.233731216285191)	(56.0, 12.73695056288949)	(57.0, 11.624924457027019)	(58.0, 8.40037859538429)	(59.0, 5.845027469409638)	(60.0, 3.424409786455879)	(61.0, 1.2313854008208118)	(62.0, 0.5146146651482598)	(63.0, 0.40179637136562124)	(64.0, 0.719006975390741)	(65.0, 0.5162918449369016)	(66.0, 0.20975928556613482)	(67.0, 0.08564798120664141)	(68.0, 0.03874285311762565)	(69.0, 0.0150387121048215)	(70.0, 0.00693234312638612)	(71.0, 0.004192949471604508)	(72.0, 0.00206852173932489)	(73.0, 0.0015653678027323496)	(74.0, 0.0010622138661398085)	(75.0, 0.000950401880230355)	(76.0, 0.0004472479436378141)	(77.0, 0.0008385898943209016)	(78.0, 0.00027952996477363385)	(79.0, 0.0003913419506830874)	(80.0, 0.0004472479436378141)	(81.0, 0.0004472479436378141)	(82.0, 0.00033543595772836057)	(83.0, 0.00022362397181890706)	(84.0, 0.00022362397181890706)	(85.0, 0.00022362397181890706)	(86.0, 5.5905992954726764e-05)	(87.0, 0.0)	(88.0, 0.0)	(89.0, 0.00011181198590945353)	(90.0, 0.00011181198590945353)	(91.0, 5.5905992954726764e-05)	(92.0, 0.0)	(93.0, 5.5905992954726764e-05)	(94.0, 0.00016771797886418028)	(95.0, 0.00011181198590945353)	(96.0, 0.0)	(97.0, 5.5905992954726764e-05)	(98.0, 0.0)	(99.0, 0.0)	(100.0, 0.0)
SRR6419084_1	(0.0, 0.0)	(1.0, 0.0)	(2.0, 0.0)	(3.0, 0.0)	(4.0, 0.0)	(5.0, 0.0)	(6.0, 0.0)	(7.0, 0.0)	(8.0, 0.0)	(9.0, 0.0)	(10.0, 0.0)	(11.0, 0.0)	(12.0, 0.0)	(13.0, 0.0)	(14.0, 0.0)	(15.0, 0.0)	(16.0, 5.1945623321507045e-05)	(17.0, 0.0)	(18.0, 0.0)	(19.0, 0.0)	(20.0, 0.0)	(21.0, 0.0)	(22.0, 0.0)	(23.0, 0.0)	(24.0, 0.0)	(25.0, 0.0)	(26.0, 0.0)	(27.0, 0.0)	(28.0, 0.0)	(29.0, 0.0)	(30.0, 0.0)	(31.0, 0.0)	(32.0, 0.0)	(33.0, 5.1945623321507045e-05)	(34.0, 0.0)	(35.0, 0.0)	(36.0, 0.00025972811660753524)	(37.0, 0.00031167373992904224)	(38.0, 0.0005194562332150705)	(39.0, 0.0009869668431086338)	(40.0, 0.0017142055696097323)	(41.0, 0.003116737399290423)	(42.0, 0.005298453578793719)	(43.0, 0.008571027848048663)	(44.0, 0.015272013256523073)	(45.0, 0.030699863383010662)	(46.0, 0.06212696549252243)	(47.0, 0.10950137396173686)	(48.0, 0.24362497337786804)	(49.0, 0.7377317424120431)	(50.0, 2.0984992909422417)	(51.0, 2.5689708013651313)	(52.0, 5.196744048330208)	(53.0, 18.114269982182652)	(54.0, 19.481374896758076)	(55.0, 14.514853850988786)	(56.0, 11.418998592273608)	(57.0, 9.241386117012711)	(58.0, 6.845498132554842)	(59.0, 4.501399934548514)	(60.0, 2.6363962204364473)	(61.0, 1.035328218420957)	(62.0, 0.41177295606958636)	(63.0, 0.21141868691853366)	(64.0, 0.19199102379629004)	(65.0, 0.13698060869881407)	(66.0, 0.08197019360133811)	(67.0, 0.03958256497098837)	(68.0, 0.022232726781605015)	(69.0, 0.010804689650873466)	(70.0, 0.005921801058651803)	(71.0, 0.0033764655158979584)	(72.0, 0.0018180968162527465)	(73.0, 0.0019739336862172677)	(74.0, 0.0015064230763237045)	(75.0, 0.0009350212197871269)	(76.0, 0.0005194562332150705)	(77.0, 0.00046751060989356347)	(78.0, 0.00041556498657205636)	(79.0, 0.00015583686996452112)	(80.0, 0.00036361936325054935)	(81.0, 0.00036361936325054935)	(82.0, 0.00020778249328602818)	(83.0, 0.00025972811660753524)	(84.0, 0.00025972811660753524)	(85.0, 0.00036361936325054935)	(86.0, 5.1945623321507045e-05)	(87.0, 0.00020778249328602818)	(88.0, 5.1945623321507045e-05)	(89.0, 5.1945623321507045e-05)	(90.0, 5.1945623321507045e-05)	(91.0, 0.0)	(92.0, 0.00010389124664301409)	(93.0, 0.00010389124664301409)	(94.0, 5.1945623321507045e-05)	(95.0, 0.0)	(96.0, 5.1945623321507045e-05)	(97.0, 5.1945623321507045e-05)	(98.0, 0.0)	(99.0, 0.0)	(100.0, 0.0)
SRR6419084_2	(0.0, 0.0)	(1.0, 0.0)	(2.0, 0.0)	(3.0, 0.0)	(4.0, 0.0)	(5.0, 0.0)	(6.0, 0.0)	(7.0, 0.0)	(8.0, 0.0)	(9.0, 0.0)	(10.0, 0.0)	(11.0, 0.0)	(12.0, 0.0)	(13.0, 0.0)	(14.0, 0.0)	(15.0, 0.0)	(16.0, 0.0)	(17.0, 0.0)	(18.0, 0.0)	(19.0, 0.0)	(20.0, 0.0)	(21.0, 0.0)	(22.0, 0.0)	(23.0, 0.0)	(24.0, 0.0)	(25.0, 0.0)	(26.0, 0.0)	(27.0, 0.0)	(28.0, 0.0)	(29.0, 0.0)	(30.0, 0.0)	(31.0, 0.0)	(32.0, 0.0)	(33.0, 0.0)	(34.0, 5.2117481141289444e-05)	(35.0, 0.00026058740570644723)	(36.0, 0.0012508195473909468)	(37.0, 0.006149862774672154)	(38.0, 0.013029370285322361)	(39.0, 0.00656680262380247)	(40.0, 0.004169398491303156)	(41.0, 0.007244329878639234)	(42.0, 0.030488726467654326)	(43.0, 0.10287990777290539)	(44.0, 0.21972730049167633)	(45.0, 0.502881575532302)	(46.0, 0.65558579527628)	(47.0, 0.625878831025745)	(48.0, 1.305595020070442)	(49.0, 4.036342561949444)	(50.0, 8.771163606154449)	(51.0, 20.052617808960246)	(52.0, 20.858458302366863)	(53.0, 13.418166694636383)	(54.0, 10.190114147707195)	(55.0, 6.600001459289471)	(56.0, 4.560696539711957)	(57.0, 2.5168052817940088)	(58.0, 1.8909264507682637)	(59.0, 1.040733980910409)	(60.0, 0.7298532059026175)	(61.0, 0.5391032249254981)	(62.0, 0.43679660944514687)	(63.0, 0.3383466875692511)	(64.0, 0.12867806093784365)	(65.0, 0.05988298583134157)	(66.0, 0.041954572318738004)	(67.0, 0.040234695441075455)	(68.0, 0.15901043496207412)	(69.0, 0.0735898833715007)	(70.0, 0.022149929485048014)	(71.0, 0.008443031944888891)	(72.0, 0.002449521613640604)	(73.0, 0.0007296447359780523)	(74.0, 0.00036482236798902613)	(75.0, 0.00041693984913031555)	(76.0, 5.2117481141289444e-05)	(77.0, 5.2117481141289444e-05)	(78.0, 5.2117481141289444e-05)	(79.0, 5.2117481141289444e-05)	(80.0, 0.0)	(81.0, 0.0)	(82.0, 0.0)	(83.0, 0.0)	(84.0, 0.0)	(85.0, 0.0)	(86.0, 0.0)	(87.0, 0.0)	(88.0, 0.0)	(89.0, 0.0)	(90.0, 0.0)	(91.0, 0.0)	(92.0, 0.0)	(93.0, 0.0)	(94.0, 0.0)	(95.0, 0.0)	(96.0, 0.0)	(97.0, 0.0)	(98.0, 0.0)	(99.0, 0.0)	(100.0, 0.0)
SRR6419085_1	(0.0, 0.0)	(1.0, 0.0)	(2.0, 0.0)	(3.0, 0.0)	(4.0, 0.0)	(5.0, 0.0)	(6.0, 0.0)	(7.0, 0.0)	(8.0, 0.0)	(9.0, 0.0)	(10.0, 0.0)	(11.0, 0.0)	(12.0, 0.0)	(13.0, 0.0)	(14.0, 0.0)	(15.0, 0.0)	(16.0, 0.0)	(17.0, 0.0)	(18.0, 0.0)	(19.0, 0.0)	(20.0, 0.0)	(21.0, 0.0)	(22.0, 0.0)	(23.0, 0.0)	(24.0, 0.0)	(25.0, 0.0)	(26.0, 0.0)	(27.0, 0.0)	(28.0, 0.0)	(29.0, 0.0)	(30.0, 0.0)	(31.0, 0.0)	(32.0, 0.0)	(33.0, 0.0)	(34.0, 5.356395831224253e-05)	(35.0, 0.00021425583324897012)	(36.0, 0.0008570233329958805)	(37.0, 0.0025175060406753985)	(38.0, 0.00530283187291201)	(39.0, 0.003267401457046794)	(40.0, 0.003428093331983522)	(41.0, 0.013605245411309601)	(42.0, 0.05495662122836083)	(43.0, 0.1626201774359683)	(44.0, 0.2540538542749663)	(45.0, 0.46729197231600383)	(46.0, 0.7539662772031257)	(47.0, 1.156606551836253)	(48.0, 1.915072201537607)	(49.0, 3.443734007810696)	(50.0, 7.501418105796316)	(51.0, 14.652742180063816)	(52.0, 16.596042587631977)	(53.0, 11.055172483980359)	(54.0, 10.359805177170827)	(55.0, 8.297539218191178)	(56.0, 6.628111329473514)	(57.0, 4.994839112616615)	(58.0, 3.2919873139121134)	(59.0, 1.7376683716074597)	(60.0, 1.117772682059877)	(61.0, 0.9048023838104007)	(62.0, 1.0185186673072915)	(63.0, 1.0177687718909203)	(64.0, 0.5269086579175297)	(65.0, 0.23975227740559757)	(66.0, 0.12400056349284146)	(67.0, 0.1389449078619571)	(68.0, 0.9113371867244943)	(69.0, 0.47693348481220743)	(70.0, 0.12009039453604774)	(71.0, 0.036155671860763704)	(72.0, 0.010177152079326079)	(73.0, 0.0025175060406753985)	(74.0, 0.0008570233329958805)	(75.0, 0.0003749477081856977)	(76.0, 0.00010712791662448506)	(77.0, 5.356395831224253e-05)	(78.0, 0.0)	(79.0, 0.0)	(80.0, 0.0)	(81.0, 0.0)	(82.0, 0.0)	(83.0, 0.0)	(84.0, 5.356395831224253e-05)	(85.0, 0.0)	(86.0, 0.0)	(87.0, 0.0)	(88.0, 0.0)	(89.0, 0.0)	(90.0, 0.0)	(91.0, 0.0)	(92.0, 0.0)	(93.0, 0.0)	(94.0, 0.0)	(95.0, 0.0)	(96.0, 0.0)	(97.0, 0.0)	(98.0, 0.0)	(99.0, 0.0)	(100.0, 0.0)
SRR6419085_2	(0.0, 0.0)	(1.0, 0.0)	(2.0, 0.0)	(3.0, 0.0)	(4.0, 0.0)	(5.0, 0.0)	(6.0, 0.0)	(7.0, 0.0)	(8.0, 0.0)	(9.0, 0.0)	(10.0, 0.0)	(11.0, 0.0)	(12.0, 0.0)	(13.0, 0.0)	(14.0, 0.0)	(15.0, 0.0)	(16.0, 0.0)	(17.0, 0.0)	(18.0, 0.0)	(19.0, 0.0)	(20.0, 0.0)	(21.0, 0.0)	(22.0, 0.0)	(23.0, 0.0)	(24.0, 0.0)	(25.0, 0.0)	(26.0, 0.0)	(27.0, 0.0)	(28.0, 0.0)	(29.0, 0.0)	(30.0, 0.0)	(31.0, 0.0)	(32.0, 0.0)	(33.0, 5.3333816893273165e-05)	(34.0, 0.0)	(35.0, 5.3333816893273165e-05)	(36.0, 5.3333816893273165e-05)	(37.0, 0.00010666763378654633)	(38.0, 0.00021333526757309266)	(39.0, 0.0008533410702923706)	(40.0, 0.0008533410702923706)	(41.0, 0.0018666835912645608)	(42.0, 0.004320039168355126)	(43.0, 0.006773394745445692)	(44.0, 0.014186795293610662)	(45.0, 0.025386896841198024)	(46.0, 0.05461382849871172)	(47.0, 0.0952008631544926)	(48.0, 0.22245535026184238)	(49.0, 0.47104427080138855)	(50.0, 0.7587802129405973)	(51.0, 1.3057718389980069)	(52.0, 3.536298729108477)	(53.0, 10.924099045164676)	(54.0, 13.69367082261546)	(55.0, 14.927815345525799)	(56.0, 15.17501758682612)	(57.0, 11.71130618250939)	(58.0, 9.14109621260566)	(59.0, 7.272385936299155)	(60.0, 4.8204170384478155)	(61.0, 2.056765314672186)	(62.0, 0.9097149147485604)	(63.0, 0.6363257693536422)	(64.0, 0.9839555878639966)	(65.0, 0.6972329882457601)	(66.0, 0.2943493354339746)	(67.0, 0.13173452772638472)	(68.0, 0.06346724210299506)	(69.0, 0.026560240812850036)	(70.0, 0.013493455673998112)	(71.0, 0.00741340054816497)	(72.0, 0.004320039168355126)	(73.0, 0.001973351225051107)	(74.0, 0.0013333454223318291)	(75.0, 0.0008533410702923706)	(76.0, 0.0010666763378654634)	(77.0, 0.0005866719858260048)	(78.0, 0.0004266705351461853)	(79.0, 0.0005866719858260048)	(80.0, 0.0005333381689327317)	(81.0, 0.00037333671825291216)	(82.0, 0.00026666908446636585)	(83.0, 0.00026666908446636585)	(84.0, 0.00021333526757309266)	(85.0, 0.00037333671825291216)	(86.0, 0.0004266705351461853)	(87.0, 0.0001600014506798195)	(88.0, 5.3333816893273165e-05)	(89.0, 0.0)	(90.0, 5.3333816893273165e-05)	(91.0, 5.3333816893273165e-05)	(92.0, 0.0001600014506798195)	(93.0, 0.00010666763378654633)	(94.0, 0.0)	(95.0, 5.3333816893273165e-05)	(96.0, 5.3333816893273165e-05)	(97.0, 0.0)	(98.0, 0.0)	(99.0, 0.0)	(100.0, 0.0)
SRR6419086_1	(0.0, 0.0)	(1.0, 0.0)	(2.0, 0.0)	(3.0, 0.0)	(4.0, 0.0)	(5.0, 0.0)	(6.0, 0.0)	(7.0, 0.0)	(8.0, 0.0)	(9.0, 0.0)	(10.0, 0.0)	(11.0, 0.0)	(12.0, 0.0)	(13.0, 0.0)	(14.0, 0.0)	(15.0, 0.0)	(16.0, 0.0)	(17.0, 0.0)	(18.0, 0.0)	(19.0, 0.0)	(20.0, 0.0)	(21.0, 0.0)	(22.0, 0.0)	(23.0, 0.0)	(24.0, 0.0)	(25.0, 0.0)	(26.0, 0.0)	(27.0, 5.467334045909204e-05)	(28.0, 5.467334045909204e-05)	(29.0, 0.0)	(30.0, 0.0)	(31.0, 0.0)	(32.0, 0.0)	(33.0, 0.0)	(34.0, 5.467334045909204e-05)	(35.0, 0.00010934668091818408)	(36.0, 0.0001640200213772761)	(37.0, 0.0005467334045909204)	(38.0, 0.0006560800855091044)	(39.0, 0.0011481401496409329)	(40.0, 0.0019682402565273133)	(41.0, 0.0034990937893818906)	(42.0, 0.006342107493254677)	(43.0, 0.01202813490100025)	(44.0, 0.02044782933170042)	(45.0, 0.03493626455335981)	(46.0, 0.06194489474015128)	(47.0, 0.12252295596882526)	(48.0, 0.2895500110713514)	(49.0, 0.7340442690037697)	(50.0, 1.7192578640766083)	(51.0, 2.493377691636893)	(52.0, 5.664103398221476)	(53.0, 16.438469255813825)	(54.0, 16.935231227225138)	(55.0, 13.47260455592946)	(56.0, 11.575384968658508)	(57.0, 9.347555691631424)	(58.0, 7.150124791899598)	(59.0, 5.360939725375811)	(60.0, 3.4972348958062818)	(61.0, 1.5196454980604632)	(62.0, 0.7250231678280196)	(63.0, 0.6104278462257626)	(64.0, 0.9787074675582066)	(65.0, 0.6947888105541417)	(66.0, 0.28626961064380596)	(67.0, 0.12306968937341618)	(68.0, 0.05866449431260576)	(69.0, 0.026024510058527812)	(70.0, 0.011918788220082065)	(71.0, 0.005850047429122848)	(72.0, 0.0037724604916773504)	(73.0, 0.0020775869374454973)	(74.0, 0.0016402002137727613)	(75.0, 0.0013121601710182089)	(76.0, 0.0008747734473454726)	(77.0, 0.0009841201282636566)	(78.0, 0.0008201001068863806)	(79.0, 0.0007654267664272885)	(80.0, 0.0004920600641318283)	(81.0, 0.0004373867236727363)	(82.0, 0.0002733667022954602)	(83.0, 0.00021869336183636816)	(84.0, 0.0003280400427545522)	(85.0, 0.0003280400427545522)	(86.0, 0.00010934668091818408)	(87.0, 5.467334045909204e-05)	(88.0, 0.0002733667022954602)	(89.0, 0.00021869336183636816)	(90.0, 0.00010934668091818408)	(91.0, 0.0)	(92.0, 0.0)	(93.0, 0.0)	(94.0, 0.0)	(95.0, 0.0)	(96.0, 5.467334045909204e-05)	(97.0, 5.467334045909204e-05)	(98.0, 5.467334045909204e-05)	(99.0, 0.0)	(100.0, 0.0)
SRR6419086_2	(0.0, 0.0)	(1.0, 0.0)	(2.0, 0.0)	(3.0, 0.0)	(4.0, 0.0)	(5.0, 0.0)	(6.0, 0.0)	(7.0, 0.0)	(8.0, 0.0)	(9.0, 0.0)	(10.0, 0.0)	(11.0, 0.0)	(12.0, 0.0)	(13.0, 0.0)	(14.0, 0.0)	(15.0, 0.0)	(16.0, 0.0)	(17.0, 0.0)	(18.0, 0.0)	(19.0, 0.0)	(20.0, 0.0)	(21.0, 0.0)	(22.0, 0.0)	(23.0, 0.0)	(24.0, 0.0)	(25.0, 5.473999051903365e-05)	(26.0, 0.0)	(27.0, 0.0)	(28.0, 0.0)	(29.0, 0.0)	(30.0, 0.0)	(31.0, 0.0)	(32.0, 0.0)	(33.0, 0.0)	(34.0, 5.473999051903365e-05)	(35.0, 0.00016421997155710092)	(36.0, 0.0013137597724568073)	(37.0, 0.0045434192130797925)	(38.0, 0.008813138473564417)	(39.0, 0.005966658966574667)	(40.0, 0.006951978795917272)	(41.0, 0.019323216653218876)	(42.0, 0.06776810826256364)	(43.0, 0.19432696634256943)	(44.0, 0.3119632059679727)	(45.0, 0.6084897346095779)	(46.0, 0.8269022967805222)	(47.0, 0.9767256508311173)	(48.0, 1.6817767287162704)	(49.0, 4.420965854288713)	(50.0, 9.971272452975612)	(51.0, 17.0196483721969)	(52.0, 15.894522607068684)	(53.0, 11.492934709423707)	(54.0, 8.890376600186773)	(55.0, 7.47551206524131)	(56.0, 5.896974958643937)	(57.0, 3.671903824026258)	(58.0, 2.406369983216719)	(59.0, 1.4828516031701025)	(60.0, 1.350490306095079)	(61.0, 1.0586714166381106)	(62.0, 0.8937945651947813)	(63.0, 0.8100971196911789)	(64.0, 0.5478925651050077)	(65.0, 0.2533366761220877)	(66.0, 0.11867629944526494)	(67.0, 0.15381937335848453)	(68.0, 0.8929734653369958)	(69.0, 0.43764622419967397)	(70.0, 0.10203534232747871)	(71.0, 0.03049017471910174)	(72.0, 0.008156258587336013)	(73.0, 0.0020801196397232783)	(74.0, 0.0008758398483045384)	(75.0, 0.00027369995259516824)	(76.0, 0.0002189599620761346)	(77.0, 0.0)	(78.0, 0.0)	(79.0, 0.0)	(80.0, 0.0)	(81.0, 0.0)	(82.0, 0.0)	(83.0, 0.0)	(84.0, 0.0)	(85.0, 0.0)	(86.0, 0.0)	(87.0, 0.0)	(88.0, 0.0)	(89.0, 0.0)	(90.0, 0.0)	(91.0, 0.0)	(92.0, 0.0)	(93.0, 0.0)	(94.0, 0.0)	(95.0, 0.0)	(96.0, 0.0)	(97.0, 0.0)	(98.0, 0.0)	(99.0, 0.0)	(100.0, 0.0)
SRR6419087_1	(0.0, 0.0)	(1.0, 0.0)	(2.0, 0.0)	(3.0, 0.0)	(4.0, 0.0)	(5.0, 0.0)	(6.0, 0.0)	(7.0, 0.0)	(8.0, 0.0)	(9.0, 0.0)	(10.0, 0.0)	(11.0, 0.0)	(12.0, 0.0)	(13.0, 0.0)	(14.0, 0.0)	(15.0, 0.0)	(16.0, 0.0)	(17.0, 0.0)	(18.0, 0.0)	(19.0, 0.0)	(20.0, 0.0)	(21.0, 0.0)	(22.0, 0.0)	(23.0, 0.0)	(24.0, 0.0)	(25.0, 0.0)	(26.0, 0.0)	(27.0, 0.0)	(28.0, 0.0)	(29.0, 0.0)	(30.0, 0.0)	(31.0, 0.0)	(32.0, 0.0)	(33.0, 0.0)	(34.0, 5.6191929153215716e-05)	(35.0, 0.0)	(36.0, 5.6191929153215716e-05)	(37.0, 0.00033715157491929435)	(38.0, 0.0005057273623789415)	(39.0, 0.0008990708664514515)	(40.0, 0.00157337401629004)	(41.0, 0.0032591318908865123)	(42.0, 0.004888697836329768)	(43.0, 0.010226931105885262)	(44.0, 0.017588073824956522)	(45.0, 0.03169224804241367)	(46.0, 0.06012536419394082)	(47.0, 0.11272100988135075)	(48.0, 0.2426367500835855)	(49.0, 0.709816449063421)	(50.0, 2.1647378786984826)	(51.0, 2.6518657125277096)	(52.0, 4.743497891397858)	(53.0, 16.52531586888175)	(54.0, 19.55125125378242)	(55.0, 15.732784900104798)	(56.0, 11.013337154384516)	(57.0, 8.618999053165993)	(58.0, 7.0840041244876)	(59.0, 5.080818042104612)	(60.0, 2.9241156092750398)	(61.0, 1.1582280437060826)	(62.0, 0.48808309662483174)	(63.0, 0.29219803159672175)	(64.0, 0.32658749223848976)	(65.0, 0.22774588885798333)	(66.0, 0.10963045377792387)	(67.0, 0.0504041604504345)	(68.0, 0.025904479339632448)	(69.0, 0.013598446855078205)	(70.0, 0.007585910435684122)	(71.0, 0.0037648592532654535)	(72.0, 0.002022909449515766)	(73.0, 0.0011800305122175302)	(74.0, 0.0012362224413707459)	(75.0, 0.0011238385830643143)	(76.0, 0.00044953543322572573)	(77.0, 0.0002809596457660786)	(78.0, 0.00033715157491929435)	(79.0, 0.00033715157491929435)	(80.0, 0.0002809596457660786)	(81.0, 0.0002809596457660786)	(82.0, 0.0002809596457660786)	(83.0, 0.00033715157491929435)	(84.0, 0.00011238385830643143)	(85.0, 0.00011238385830643143)	(86.0, 0.00011238385830643143)	(87.0, 5.6191929153215716e-05)	(88.0, 0.0)	(89.0, 0.0)	(90.0, 5.6191929153215716e-05)	(91.0, 0.00011238385830643143)	(92.0, 5.6191929153215716e-05)	(93.0, 0.00016857578745964718)	(94.0, 0.00016857578745964718)	(95.0, 5.6191929153215716e-05)	(96.0, 0.0)	(97.0, 0.0)	(98.0, 0.0)	(99.0, 0.0)	(100.0, 0.0)
SRR6419087_2	(0.0, 0.0)	(1.0, 0.0)	(2.0, 0.0)	(3.0, 0.0)	(4.0, 0.0)	(5.0, 0.0)	(6.0, 0.0)	(7.0, 0.0)	(8.0, 0.0)	(9.0, 0.0)	(10.0, 0.0)	(11.0, 0.0)	(12.0, 0.0)	(13.0, 0.0)	(14.0, 0.0)	(15.0, 0.0)	(16.0, 0.0)	(17.0, 0.0)	(18.0, 0.0)	(19.0, 0.0)	(20.0, 0.0)	(21.0, 0.0)	(22.0, 0.0)	(23.0, 0.0)	(24.0, 0.0)	(25.0, 0.0)	(26.0, 0.0)	(27.0, 0.0)	(28.0, 0.0)	(29.0, 5.643385444354526e-05)	(30.0, 0.0)	(31.0, 0.0)	(32.0, 0.0)	(33.0, 0.0)	(34.0, 5.643385444354526e-05)	(35.0, 0.00011286770888709052)	(36.0, 0.0006772062533225432)	(37.0, 0.004176105228822349)	(38.0, 0.007110665659886704)	(39.0, 0.0034424651210562614)	(40.0, 0.003555332829943352)	(41.0, 0.009029416710967242)	(42.0, 0.03476325433722388)	(43.0, 0.11049748700046162)	(44.0, 0.217552508879867)	(45.0, 0.522859661419447)	(46.0, 0.6753439361259062)	(47.0, 0.7888324174118758)	(48.0, 1.5302603970911735)	(49.0, 4.414368962282998)	(50.0, 9.398155515901367)	(51.0, 18.241509808768242)	(52.0, 21.726074585239385)	(53.0, 13.769916918079488)	(54.0, 8.212875271023586)	(55.0, 6.034020584812747)	(56.0, 5.091293046333323)	(57.0, 3.216503967864306)	(58.0, 2.0904228362978037)	(59.0, 1.121622857065462)	(60.0, 0.837196230669994)	(61.0, 0.6037858086914908)	(62.0, 0.35423530434213363)	(63.0, 0.22325232817866505)	(64.0, 0.138375811095573)	(65.0, 0.07409765088437494)	(66.0, 0.04983109347365047)	(67.0, 0.05107263827140847)	(68.0, 0.2697538242401464)	(69.0, 0.1261860985357672)	(70.0, 0.0315465246339418)	(71.0, 0.011399638597596143)	(72.0, 0.002708825013290173)	(73.0, 0.0007336401077660884)	(74.0, 0.0001693015633306358)	(75.0, 0.00022573541777418105)	(76.0, 5.643385444354526e-05)	(77.0, 5.643385444354526e-05)	(78.0, 5.643385444354526e-05)	(79.0, 5.643385444354526e-05)	(80.0, 5.643385444354526e-05)	(81.0, 0.0)	(82.0, 0.0)	(83.0, 0.0)	(84.0, 0.0)	(85.0, 5.643385444354526e-05)	(86.0, 0.0)	(87.0, 0.0)	(88.0, 0.0)	(89.0, 0.0)	(90.0, 0.0)	(91.0, 0.0)	(92.0, 0.0)	(93.0, 0.0)	(94.0, 0.0)	(95.0, 0.0)	(96.0, 0.0)	(97.0, 0.0)	(98.0, 0.0)	(99.0, 0.0)	(100.0, 0.0)
SRR6419088_1	(0.0, 0.0)	(1.0, 0.0)	(2.0, 0.0)	(3.0, 0.0)	(4.0, 0.0)	(5.0, 0.0)	(6.0, 0.0)	(7.0, 0.0)	(8.0, 0.0)	(9.0, 0.0)	(10.0, 0.0)	(11.0, 0.0)	(12.0, 0.0)	(13.0, 0.0)	(14.0, 0.0)	(15.0, 0.0)	(16.0, 0.0)	(17.0, 0.0)	(18.0, 0.0)	(19.0, 0.0)	(20.0, 0.0)	(21.0, 0.0)	(22.0, 0.0)	(23.0, 0.0)	(24.0, 0.0)	(25.0, 0.0)	(26.0, 0.0)	(27.0, 0.0)	(28.0, 0.0)	(29.0, 0.0)	(30.0, 0.0)	(31.0, 0.0)	(32.0, 0.00017904055746067972)	(33.0, 0.000417761300741586)	(34.0, 0.00035808111492135943)	(35.0, 0.000835522601483172)	(36.0, 0.002029126317887703)	(37.0, 0.00889234768721376)	(38.0, 0.015337807755798228)	(39.0, 0.005430896909640618)	(40.0, 0.003700171520854047)	(41.0, 0.0085342665722924)	(42.0, 0.041597089516697924)	(43.0, 0.10444032518539649)	(44.0, 0.20303199216041076)	(45.0, 0.45207740758821624)	(46.0, 0.5851045417815013)	(47.0, 0.6070668501633447)	(48.0, 1.2088221637886893)	(49.0, 3.2520926857157866)	(50.0, 11.697555141507689)	(51.0, 22.385560259680425)	(52.0, 20.157281161710625)	(53.0, 11.393365234381994)	(54.0, 7.343109743506497)	(55.0, 6.9437299399975405)	(56.0, 5.851343818744114)	(57.0, 3.183639512579987)	(58.0, 2.0599809739567605)	(59.0, 0.8344483581384079)	(60.0, 0.44151401469803614)	(61.0, 0.28765849565349205)	(62.0, 0.2824066393013121)	(63.0, 0.25059710025913134)	(64.0, 0.10438064499957626)	(65.0, 0.058128500988900676)	(66.0, 0.039747003756270896)	(67.0, 0.028646489193708755)	(68.0, 0.0985916669750143)	(69.0, 0.042193891374900185)	(70.0, 0.011279555120022822)	(71.0, 0.003342090405932688)	(72.0, 0.0009548829731236251)	(73.0, 0.0002984009291011328)	(74.0, 0.00023872074328090627)	(75.0, 5.968018582022657e-05)	(76.0, 0.0)	(77.0, 0.0)	(78.0, 0.0)	(79.0, 0.0)	(80.0, 0.0)	(81.0, 0.0)	(82.0, 0.0)	(83.0, 0.0)	(84.0, 0.0)	(85.0, 0.0)	(86.0, 0.0)	(87.0, 0.0)	(88.0, 0.0)	(89.0, 0.0)	(90.0, 0.0)	(91.0, 0.0)	(92.0, 0.0)	(93.0, 0.0)	(94.0, 0.0)	(95.0, 0.0)	(96.0, 0.0)	(97.0, 0.0)	(98.0, 0.0)	(99.0, 0.0)	(100.0, 0.0)
SRR6419088_2	(0.0, 0.0)	(1.0, 0.0)	(2.0, 0.0)	(3.0, 0.0)	(4.0, 0.0)	(5.0, 0.0)	(6.0, 0.0)	(7.0, 0.0)	(8.0, 0.0)	(9.0, 0.0)	(10.0, 0.0)	(11.0, 0.0)	(12.0, 0.0)	(13.0, 0.0)	(14.0, 0.0)	(15.0, 0.0)	(16.0, 0.0)	(17.0, 0.0)	(18.0, 0.0)	(19.0, 0.0)	(20.0, 0.0)	(21.0, 0.0)	(22.0, 0.0)	(23.0, 0.0)	(24.0, 0.0)	(25.0, 0.0)	(26.0, 0.0)	(27.0, 0.0)	(28.0, 0.0)	(29.0, 0.0)	(30.0, 0.0)	(31.0, 0.0)	(32.0, 0.0)	(33.0, 0.0)	(34.0, 0.0)	(35.0, 0.0)	(36.0, 5.955064275986263e-05)	(37.0, 0.00023820257103945053)	(38.0, 0.0005359557848387637)	(39.0, 0.0003573038565591758)	(40.0, 0.0008932596413979395)	(41.0, 0.0012505634979571153)	(42.0, 0.002679778924193818)	(43.0, 0.006014614918746126)	(44.0, 0.009885406698137197)	(45.0, 0.026857339884698045)	(46.0, 0.06479109932273054)	(47.0, 0.08587202685972191)	(48.0, 0.13702602899044392)	(49.0, 0.29805096701311246)	(50.0, 0.8508595837529171)	(51.0, 1.3935445912235453)	(52.0, 4.832832413176651)	(53.0, 17.135161498365633)	(54.0, 19.852933732640242)	(55.0, 15.174516136139914)	(56.0, 11.393943580530037)	(57.0, 9.706576117929329)	(58.0, 8.417006948964504)	(59.0, 5.720196540941365)	(60.0, 2.767556571621856)	(61.0, 1.0473767048604639)	(62.0, 0.4393646422822665)	(63.0, 0.22152839106668898)	(64.0, 0.17501933907123626)	(65.0, 0.10778666339535137)	(66.0, 0.05925288954606332)	(67.0, 0.03120453680616802)	(68.0, 0.015900021616883322)	(69.0, 0.008098887415341318)	(70.0, 0.0036325892083516205)	(71.0, 0.002143823139355055)	(72.0, 0.0014887660689965657)	(73.0, 0.0010123609269176647)	(74.0, 0.0010719115696775274)	(75.0, 0.0009528102841578021)	(76.0, 0.0004168544993190384)	(77.0, 0.0007146077131183516)	(78.0, 0.0007146077131183516)	(79.0, 0.0005955064275986263)	(80.0, 0.0005955064275986263)	(81.0, 0.00047640514207890106)	(82.0, 0.00023820257103945053)	(83.0, 0.00011910128551972526)	(84.0, 5.955064275986263e-05)	(85.0, 0.00011910128551972526)	(86.0, 5.955064275986263e-05)	(87.0, 0.00011910128551972526)	(88.0, 0.00011910128551972526)	(89.0, 5.955064275986263e-05)	(90.0, 0.00011910128551972526)	(91.0, 0.0)	(92.0, 0.0)	(93.0, 0.0)	(94.0, 0.0)	(95.0, 0.0)	(96.0, 0.0)	(97.0, 0.0)	(98.0, 0.0)	(99.0, 0.0)	(100.0, 0.0)
SRR6419089_1	(0.0, 0.0)	(1.0, 0.0)	(2.0, 0.0)	(3.0, 0.0)	(4.0, 0.0)	(5.0, 0.0)	(6.0, 0.0)	(7.0, 0.0)	(8.0, 0.0)	(9.0, 0.0)	(10.0, 0.0)	(11.0, 0.0)	(12.0, 0.0)	(13.0, 0.0)	(14.0, 0.0)	(15.0, 0.0)	(16.0, 0.0)	(17.0, 0.0)	(18.0, 0.0)	(19.0, 0.0)	(20.0, 0.0)	(21.0, 0.0)	(22.0, 0.0)	(23.0, 0.0)	(24.0, 0.0)	(25.0, 0.0)	(26.0, 0.0)	(27.0, 0.0)	(28.0, 0.0)	(29.0, 0.0)	(30.0, 0.0)	(31.0, 0.0)	(32.0, 0.0)	(33.0, 0.0)	(34.0, 5.504785126217383e-05)	(35.0, 5.504785126217383e-05)	(36.0, 0.0)	(37.0, 0.00011009570252434766)	(38.0, 0.00027523925631086916)	(39.0, 0.000660574215146086)	(40.0, 0.0015963876866030412)	(41.0, 0.0018716269429139103)	(42.0, 0.004073540993400864)	(43.0, 0.008092034135539553)	(44.0, 0.020477800669528666)	(45.0, 0.07161725449208815)	(46.0, 0.19151147454110276)	(47.0, 0.2277880085228753)	(48.0, 0.3524163437804369)	(49.0, 0.8077721694211389)	(50.0, 1.9157202717749116)	(51.0, 2.1659127557614917)	(52.0, 4.453591358514912)	(53.0, 13.157977791494888)	(54.0, 15.25838360425439)	(55.0, 14.81998251680244)	(56.0, 14.111516671058263)	(57.0, 11.747431650752944)	(58.0, 8.487607994709535)	(59.0, 5.907405110348923)	(60.0, 3.659911439016889)	(61.0, 1.4485842059641045)	(62.0, 0.5900579176792413)	(63.0, 0.26263329837183136)	(64.0, 0.12380261748862896)	(65.0, 0.06814923986257121)	(66.0, 0.05053392745867558)	(67.0, 0.0328085193522556)	(68.0, 0.019046556536712146)	(69.0, 0.009137943309520856)	(70.0, 0.006000215787576948)	(71.0, 0.003247823224468256)	(72.0, 0.0018716269429139103)	(73.0, 0.001321148430292172)	(74.0, 0.0014312441328165196)	(75.0, 0.0011560048765056506)	(76.0, 0.0007156220664082598)	(77.0, 0.0008807656201947813)	(78.0, 0.000660574215146086)	(79.0, 0.0007156220664082598)	(80.0, 0.0009358134714569551)	(81.0, 0.00027523925631086916)	(82.0, 0.0001651435537865215)	(83.0, 0.0001651435537865215)	(84.0, 0.00044038281009739066)	(85.0, 0.00027523925631086916)	(86.0, 0.00022019140504869533)	(87.0, 0.00022019140504869533)	(88.0, 0.00011009570252434766)	(89.0, 0.00011009570252434766)	(90.0, 0.00011009570252434766)	(91.0, 5.504785126217383e-05)	(92.0, 0.00011009570252434766)	(93.0, 0.0)	(94.0, 0.0)	(95.0, 5.504785126217383e-05)	(96.0, 0.0)	(97.0, 5.504785126217383e-05)	(98.0, 0.0)	(99.0, 5.504785126217383e-05)	(100.0, 7.339713501623179e-05)
SRR6419089_2	(0.0, 0.0)	(1.0, 0.0)	(2.0, 0.0)	(3.0, 0.0)	(4.0, 0.0)	(5.0, 0.0)	(6.0, 0.0)	(7.0, 0.0)	(8.0, 0.0)	(9.0, 0.0)	(10.0, 0.0)	(11.0, 0.0)	(12.0, 0.0)	(13.0, 0.0)	(14.0, 0.0)	(15.0, 0.0)	(16.0, 0.0)	(17.0, 0.0)	(18.0, 0.0)	(19.0, 0.0)	(20.0, 0.0)	(21.0, 0.0)	(22.0, 0.0)	(23.0, 0.0)	(24.0, 0.0)	(25.0, 0.0)	(26.0, 0.0)	(27.0, 0.0)	(28.0, 0.0)	(29.0, 0.0)	(30.0, 0.0)	(31.0, 0.0)	(32.0, 0.0)	(33.0, 0.0)	(34.0, 0.000110574395282454)	(35.0, 0.000497584778771043)	(36.0, 0.0033172318584736202)	(37.0, 0.012716055457482209)	(38.0, 0.01857649840745227)	(39.0, 0.007297910088641964)	(40.0, 0.006910899705153375)	(41.0, 0.024049930973933747)	(42.0, 0.12201884519418799)	(43.0, 0.33365823776480497)	(44.0, 0.5392713257925281)	(45.0, 2.5073849874249268)	(46.0, 2.040982188123536)	(47.0, 0.9974916198430175)	(48.0, 1.735354559562833)	(49.0, 2.9246927552209083)	(50.0, 6.984652826806771)	(51.0, 13.937902525353326)	(52.0, 15.449012211283343)	(53.0, 11.637236369908948)	(54.0, 9.592826375531656)	(55.0, 10.47802969696534)	(56.0, 9.626496278895162)	(57.0, 5.684961384656807)	(58.0, 2.3907842875995793)	(59.0, 1.113981745273083)	(60.0, 0.7136471471529581)	(61.0, 0.5077023359393875)	(62.0, 0.3068992341064511)	(63.0, 0.13998718442758676)	(64.0, 0.05346272011906651)	(65.0, 0.026095557286659146)	(66.0, 0.023054761416391657)	(67.0, 0.02023511433668908)	(68.0, 0.021838443068284665)	(69.0, 0.010006982773062088)	(70.0, 0.00442297581129816)	(71.0, 0.0011610311504657669)	(72.0, 0.000718733569335951)	(73.0, 0.000221148790564908)	(74.0, 0.000110574395282454)	(75.0, 0.000110574395282454)	(76.0, 0.0)	(77.0, 5.5287197641227e-05)	(78.0, 5.5287197641227e-05)	(79.0, 0.0)	(80.0, 0.0)	(81.0, 0.0)	(82.0, 0.0)	(83.0, 0.0)	(84.0, 0.0)	(85.0, 0.0)	(86.0, 0.0)	(87.0, 0.0)	(88.0, 0.0)	(89.0, 0.0)	(90.0, 0.0)	(91.0, 0.0)	(92.0, 0.0)	(93.0, 0.0)	(94.0, 0.0)	(95.0, 0.0)	(96.0, 0.0)	(97.0, 0.0)	(98.0, 0.0)	(99.0, 0.0)	(100.0, 0.0)
SRR6419090_1	(0.0, 0.0)	(1.0, 0.0)	(2.0, 0.0)	(3.0, 0.0)	(4.0, 0.0)	(5.0, 0.0)	(6.0, 0.0)	(7.0, 0.0)	(8.0, 0.0)	(9.0, 0.0)	(10.0, 0.0)	(11.0, 0.0)	(12.0, 0.0)	(13.0, 0.0)	(14.0, 0.0)	(15.0, 0.0)	(16.0, 0.0)	(17.0, 0.0)	(18.0, 0.0)	(19.0, 0.0)	(20.0, 0.0)	(21.0, 0.0)	(22.0, 0.0)	(23.0, 0.0)	(24.0, 0.0)	(25.0, 0.0)	(26.0, 0.0)	(27.0, 0.0)	(28.0, 0.0)	(29.0, 0.0)	(30.0, 0.0)	(31.0, 0.0)	(32.0, 0.0)	(33.0, 0.0)	(34.0, 0.0)	(35.0, 5.6677261536089816e-05)	(36.0, 0.00017003178460826943)	(37.0, 0.00017003178460826943)	(38.0, 0.00017003178460826943)	(39.0, 0.00028338630768044904)	(40.0, 0.0014736087999383351)	(41.0, 0.0020970586768353228)	(42.0, 0.003684021999845838)	(43.0, 0.006687916861258598)	(44.0, 0.01190222492257886)	(45.0, 0.03922066498297415)	(46.0, 0.1045695475340857)	(47.0, 0.12225285313334573)	(48.0, 0.21684720263707966)	(49.0, 0.6692451042181485)	(50.0, 1.9204523298888672)	(51.0, 2.5420318571551643)	(52.0, 4.943334073916217)	(53.0, 15.772431726570755)	(54.0, 16.04249887779022)	(55.0, 12.570676545135504)	(56.0, 12.435104535541178)	(57.0, 11.86062381261137)	(58.0, 8.957897863040532)	(59.0, 6.072061737407446)	(60.0, 3.3949679660117797)	(61.0, 1.294451976222755)	(62.0, 0.5088484540710143)	(63.0, 0.23027971362113292)	(64.0, 0.11709522233356155)	(65.0, 0.061494828766657454)	(66.0, 0.0367268654753862)	(67.0, 0.022840936399044196)	(68.0, 0.01241232027640367)	(69.0, 0.007821462091980395)	(70.0, 0.0043641491382789156)	(71.0, 0.0029472175998766703)	(72.0, 0.001530286061474425)	(73.0, 0.0016436405845466045)	(74.0, 0.0014736087999383351)	(75.0, 0.0011335452307217962)	(76.0, 0.0008501589230413472)	(77.0, 0.0005667726153608981)	(78.0, 0.0005667726153608981)	(79.0, 0.000623449876896988)	(80.0, 0.00022670904614435926)	(81.0, 0.00017003178460826943)	(82.0, 0.00022670904614435926)	(83.0, 0.00034006356921653885)	(84.0, 5.6677261536089816e-05)	(85.0, 0.00017003178460826943)	(86.0, 0.00011335452307217963)	(87.0, 5.6677261536089816e-05)	(88.0, 5.6677261536089816e-05)	(89.0, 0.0)	(90.0, 0.0)	(91.0, 0.0)	(92.0, 0.0)	(93.0, 0.0)	(94.0, 0.0)	(95.0, 0.0)	(96.0, 0.0)	(97.0, 0.0)	(98.0, 0.0)	(99.0, 0.0)	(100.0, 0.0)
SRR6419090_2	(0.0, 0.0)	(1.0, 0.0)	(2.0, 0.0)	(3.0, 0.0)	(4.0, 0.0)	(5.0, 0.0)	(6.0, 0.0)	(7.0, 0.0)	(8.0, 0.0)	(9.0, 0.0)	(10.0, 0.0)	(11.0, 0.0)	(12.0, 0.0)	(13.0, 0.0)	(14.0, 0.0)	(15.0, 0.0)	(16.0, 0.0)	(17.0, 0.0)	(18.0, 0.0)	(19.0, 0.0)	(20.0, 0.0)	(21.0, 0.0)	(22.0, 0.0)	(23.0, 0.0)	(24.0, 0.0)	(25.0, 0.0)	(26.0, 0.0)	(27.0, 0.0)	(28.0, 0.0)	(29.0, 0.0)	(30.0, 0.0)	(31.0, 0.0)	(32.0, 0.0)	(33.0, 0.0)	(34.0, 0.00017065885124976322)	(35.0, 0.0007395216887489739)	(36.0, 0.004664675267493527)	(37.0, 0.020820379852471115)	(38.0, 0.041982077407441754)	(39.0, 0.02013774444747206)	(40.0, 0.008362283711238398)	(41.0, 0.02013774444747206)	(42.0, 0.08959589690612568)	(43.0, 0.2925092710420941)	(44.0, 0.8470936513200746)	(45.0, 2.6293978074888518)	(46.0, 1.183405360849608)	(47.0, 0.8185367368776142)	(48.0, 1.6923100552764019)	(49.0, 3.386611130484051)	(50.0, 8.328436372407195)	(51.0, 17.11025642630126)	(52.0, 18.480931433255606)	(53.0, 11.866421903949785)	(54.0, 8.48322395049073)	(55.0, 8.324966309098448)	(56.0, 7.696714191364321)	(57.0, 4.294118015146542)	(58.0, 1.8407832558636958)	(59.0, 0.8751385892087857)	(60.0, 0.6275125960453793)	(61.0, 0.454748952296869)	(62.0, 0.27601224875461705)	(63.0, 0.1409073248485545)	(64.0, 0.0650779086099097)	(65.0, 0.027419188767461952)	(66.0, 0.022014991811219454)	(67.0, 0.012059892154983267)	(68.0, 0.00955689566998674)	(69.0, 0.004664675267493527)	(70.0, 0.0014790433774979478)	(71.0, 0.0007964079724988951)	(72.0, 0.00017065885124976322)	(73.0, 0.0)	(74.0, 0.0)	(75.0, 0.0)	(76.0, 0.0)	(77.0, 5.6886283749921065e-05)	(78.0, 0.0)	(79.0, 5.6886283749921065e-05)	(80.0, 0.0)	(81.0, 0.0)	(82.0, 0.0)	(83.0, 0.0)	(84.0, 0.0)	(85.0, 0.0)	(86.0, 0.0)	(87.0, 0.0)	(88.0, 0.0)	(89.0, 0.0)	(90.0, 0.0)	(91.0, 0.0)	(92.0, 0.0)	(93.0, 0.0)	(94.0, 0.0)	(95.0, 0.0)	(96.0, 0.0)	(97.0, 0.0)	(98.0, 0.0)	(99.0, 0.0)	(100.0, 0.0)
SRR6419091_1	(0.0, 0.0)	(1.0, 0.0)	(2.0, 0.0)	(3.0, 0.0)	(4.0, 0.0)	(5.0, 0.0)	(6.0, 0.0)	(7.0, 0.0)	(8.0, 0.0)	(9.0, 0.0)	(10.0, 0.0)	(11.0, 0.0)	(12.0, 0.0)	(13.0, 0.0)	(14.0, 0.0)	(15.0, 0.0)	(16.0, 0.0)	(17.0, 0.0)	(18.0, 0.0)	(19.0, 0.0)	(20.0, 0.0)	(21.0, 0.0)	(22.0, 0.0)	(23.0, 0.0)	(24.0, 0.0)	(25.0, 0.0)	(26.0, 0.0)	(27.0, 0.0)	(28.0, 0.0)	(29.0, 0.0)	(30.0, 0.0)	(31.0, 0.0)	(32.0, 0.0)	(33.0, 0.0001062082247649258)	(34.0, 5.31041123824629e-05)	(35.0, 0.0)	(36.0, 5.31041123824629e-05)	(37.0, 0.0001593123371473887)	(38.0, 0.0003717287866772403)	(39.0, 0.0007434575733544806)	(40.0, 0.0014338110343264981)	(41.0, 0.0030269344058003853)	(42.0, 0.004832474226804124)	(43.0, 0.009877364903138099)	(44.0, 0.02012645859295344)	(45.0, 0.04710334768324459)	(46.0, 0.10822618103545939)	(47.0, 0.21634615384615385)	(48.0, 0.5672581284694688)	(49.0, 0.6122904157697973)	(50.0, 0.8502499433556135)	(51.0, 2.4072094142970433)	(52.0, 5.6428960858728905)	(53.0, 11.67669154299309)	(54.0, 12.904883454174692)	(55.0, 13.067063413390734)	(56.0, 14.904837430610627)	(57.0, 15.858003143763455)	(58.0, 10.271981562252181)	(59.0, 5.4757243400928965)	(60.0, 2.997567831652883)	(61.0, 1.2184738586156112)	(62.0, 0.5139947037498583)	(63.0, 0.22834768324459048)	(64.0, 0.12309533250254899)	(65.0, 0.11916562818624675)	(66.0, 0.07689475472980628)	(67.0, 0.031437634530418035)	(68.0, 0.01598433782712133)	(69.0, 0.00732836750877988)	(70.0, 0.004354537215361958)	(71.0, 0.0028676220686529963)	(72.0, 0.001540019259091424)	(73.0, 0.0014338110343264981)	(74.0, 0.001115186360031721)	(75.0, 0.001115186360031721)	(76.0, 0.00047793701144216606)	(77.0, 0.0009027699105018693)	(78.0, 0.0003186246742947774)	(79.0, 0.0002655205619123145)	(80.0, 0.0003186246742947774)	(81.0, 0.0001593123371473887)	(82.0, 0.0002124164495298516)	(83.0, 0.0002655205619123145)	(84.0, 5.31041123824629e-05)	(85.0, 5.31041123824629e-05)	(86.0, 0.0001593123371473887)	(87.0, 5.31041123824629e-05)	(88.0, 0.0001593123371473887)	(89.0, 5.31041123824629e-05)	(90.0, 0.0)	(91.0, 5.31041123824629e-05)	(92.0, 5.31041123824629e-05)	(93.0, 0.0)	(94.0, 0.0)	(95.0, 5.31041123824629e-05)	(96.0, 5.31041123824629e-05)	(97.0, 0.0)	(98.0, 0.0)	(99.0, 0.0)	(100.0, 7.08054831766172e-05)
SRR6419091_2	(0.0, 0.0)	(1.0, 0.0)	(2.0, 0.0)	(3.0, 0.0)	(4.0, 0.0)	(5.0, 0.0)	(6.0, 0.0)	(7.0, 0.0)	(8.0, 0.0)	(9.0, 0.0)	(10.0, 0.0)	(11.0, 0.0)	(12.0, 0.0)	(13.0, 0.0)	(14.0, 0.0)	(15.0, 0.0)	(16.0, 0.0)	(17.0, 0.0)	(18.0, 0.0)	(19.0, 0.0)	(20.0, 0.0)	(21.0, 0.0)	(22.0, 0.0)	(23.0, 0.0)	(24.0, 0.0)	(25.0, 0.0)	(26.0, 0.0)	(27.0, 0.0)	(28.0, 0.0)	(29.0, 0.0)	(30.0, 0.0)	(31.0, 0.0)	(32.0, 0.0)	(33.0, 0.0)	(34.0, 5.291848066808524e-05)	(35.0, 0.00015875544200425569)	(36.0, 5.291848066808524e-05)	(37.0, 0.0003704293646765966)	(38.0, 0.000687940248685108)	(39.0, 0.0019579837847191533)	(40.0, 0.004021804530774478)	(41.0, 0.01619305508443408)	(42.0, 0.07652012304605126)	(43.0, 0.15124101774938759)	(44.0, 0.20802254750624305)	(45.0, 0.5950683151126185)	(46.0, 1.2191359576313476)	(47.0, 0.9233745691774193)	(48.0, 1.335450778139799)	(49.0, 2.2732720925396057)	(50.0, 5.762716707793146)	(51.0, 9.550886146418028)	(52.0, 11.698318091928925)	(53.0, 12.755788091119275)	(54.0, 11.328364993578342)	(55.0, 10.409753087661052)	(56.0, 10.691755671141276)	(57.0, 8.682599715616085)	(58.0, 5.063928170571081)	(59.0, 2.12472991730429)	(60.0, 1.593692963800055)	(61.0, 1.6149661930286254)	(62.0, 1.1014981751061943)	(63.0, 0.459438249160316)	(64.0, 0.20987469432962605)	(65.0, 0.07196913370859591)	(66.0, 0.02942267525145539)	(67.0, 0.018151038869153233)	(68.0, 0.014975930029068123)	(69.0, 0.006244380718834058)	(70.0, 0.003175108840085114)	(71.0, 0.0014287989780383014)	(72.0, 0.0003704293646765966)	(73.0, 0.00015875544200425569)	(74.0, 5.291848066808524e-05)	(75.0, 5.291848066808524e-05)	(76.0, 0.0)	(77.0, 0.0)	(78.0, 0.0)	(79.0, 5.291848066808524e-05)	(80.0, 5.291848066808524e-05)	(81.0, 0.0)	(82.0, 0.0)	(83.0, 0.0)	(84.0, 0.0)	(85.0, 0.0)	(86.0, 0.0)	(87.0, 0.0)	(88.0, 0.0)	(89.0, 0.0)	(90.0, 0.0)	(91.0, 0.0)	(92.0, 0.0)	(93.0, 0.0)	(94.0, 0.0)	(95.0, 0.0)	(96.0, 0.0)	(97.0, 0.0)	(98.0, 0.0)	(99.0, 0.0)	(100.0, 0.0)
SRR6419092_1	(0.0, 0.0)	(1.0, 0.0)	(2.0, 0.0)	(3.0, 0.0)	(4.0, 0.0)	(5.0, 0.0)	(6.0, 0.0)	(7.0, 0.0)	(8.0, 0.0)	(9.0, 0.0)	(10.0, 0.0)	(11.0, 0.0)	(12.0, 0.0)	(13.0, 0.0)	(14.0, 0.0)	(15.0, 0.0)	(16.0, 0.0)	(17.0, 0.0)	(18.0, 0.0)	(19.0, 0.0)	(20.0, 0.0)	(21.0, 0.0)	(22.0, 0.0)	(23.0, 0.0)	(24.0, 0.0)	(25.0, 0.0)	(26.0, 0.0)	(27.0, 0.0)	(28.0, 0.0)	(29.0, 0.0)	(30.0, 0.0)	(31.0, 0.0)	(32.0, 0.0)	(33.0, 0.0)	(34.0, 5.242310055379764e-05)	(35.0, 5.242310055379764e-05)	(36.0, 0.00036696170387658344)	(37.0, 0.001415423714952536)	(38.0, 0.00199207782104431)	(39.0, 0.0020969240221519053)	(40.0, 0.004298694245411406)	(41.0, 0.014783314356170934)	(42.0, 0.05661694859810145)	(43.0, 0.18431962154715248)	(44.0, 0.2956138640228648)	(45.0, 0.6888919643774547)	(46.0, 1.206412813044545)	(47.0, 1.0707418288113166)	(48.0, 1.8716095359716831)	(49.0, 3.111573133370659)	(50.0, 7.09850719978863)	(51.0, 12.27062272352686)	(52.0, 17.583808810855356)	(53.0, 15.802209738534545)	(54.0, 10.963924519122898)	(55.0, 8.154046329439344)	(56.0, 7.157640457213314)	(57.0, 5.750185053544954)	(58.0, 3.089398161836402)	(59.0, 1.2884025423106844)	(60.0, 0.9048227155585472)	(61.0, 0.6863232324503186)	(62.0, 0.3942217161645582)	(63.0, 0.16314068892341824)	(64.0, 0.0639561826756331)	(65.0, 0.0331313995500001)	(66.0, 0.027574550891297553)	(67.0, 0.021231355724288043)	(68.0, 0.022646779439240577)	(69.0, 0.007653772680854454)	(70.0, 0.0036696170387658343)	(71.0, 0.0013630006143987385)	(72.0, 0.0004193848044303811)	(73.0, 0.00015726930166139292)	(74.0, 0.00010484620110759528)	(75.0, 0.0)	(76.0, 0.0)	(77.0, 0.0)	(78.0, 0.0)	(79.0, 0.0)	(80.0, 0.0)	(81.0, 0.0)	(82.0, 0.0)	(83.0, 0.0)	(84.0, 0.0)	(85.0, 0.0)	(86.0, 0.0)	(87.0, 0.0)	(88.0, 0.0)	(89.0, 0.0)	(90.0, 0.0)	(91.0, 0.0)	(92.0, 0.0)	(93.0, 0.0)	(94.0, 0.0)	(95.0, 0.0)	(96.0, 0.0)	(97.0, 0.0)	(98.0, 0.0)	(99.0, 0.0)	(100.0, 0.0)
SRR6419092_2	(0.0, 0.0)	(1.0, 0.0)	(2.0, 0.0)	(3.0, 0.0)	(4.0, 0.0)	(5.0, 0.0)	(6.0, 0.0)	(7.0, 0.0)	(8.0, 0.0)	(9.0, 0.0)	(10.0, 0.0)	(11.0, 0.0)	(12.0, 0.0)	(13.0, 0.0)	(14.0, 0.0)	(15.0, 0.0)	(16.0, 0.0)	(17.0, 0.0)	(18.0, 0.0)	(19.0, 0.0)	(20.0, 0.0)	(21.0, 0.0)	(22.0, 0.0)	(23.0, 0.0)	(24.0, 0.0)	(25.0, 0.0)	(26.0, 0.0)	(27.0, 0.0)	(28.0, 0.0)	(29.0, 0.0)	(30.0, 0.0)	(31.0, 0.0)	(32.0, 0.0)	(33.0, 0.00010540056694964964)	(34.0, 0.00015810085042447443)	(35.0, 0.00010540056694964964)	(36.0, 5.270028347482482e-05)	(37.0, 0.00026350141737412406)	(38.0, 0.0006851036851727225)	(39.0, 0.0010013053860216713)	(40.0, 0.002529613606791591)	(41.0, 0.004321423244935635)	(42.0, 0.008379345072497145)	(43.0, 0.014387177388627171)	(44.0, 0.02550693720181521)	(45.0, 0.050750372986256294)	(46.0, 0.09796982697969933)	(47.0, 0.1820267791220449)	(48.0, 0.39894114590442387)	(49.0, 0.5616796212746828)	(50.0, 0.9688420114011793)	(51.0, 2.4190484120614086)	(52.0, 6.32155710365566)	(53.0, 13.840306547008915)	(54.0, 16.226364581615087)	(55.0, 15.027485832846295)	(56.0, 12.82203166970835)	(57.0, 11.826786816286285)	(58.0, 9.23509227556135)	(59.0, 5.194772342680432)	(60.0, 2.6753825908829563)	(61.0, 1.1071275552391195)	(62.0, 0.47809697168361065)	(63.0, 0.21717786819975304)	(64.0, 0.10708697602084402)	(65.0, 0.06418894527233661)	(66.0, 0.05080307326973112)	(67.0, 0.030039161580650144)	(68.0, 0.014756079372950948)	(69.0, 0.006534835150878276)	(70.0, 0.0040579218275615106)	(71.0, 0.00274041474069089)	(72.0, 0.0018445099216188685)	(73.0, 0.0015283082207699194)	(74.0, 0.0019499104885685181)	(75.0, 0.001106705952971321)	(76.0, 0.0008959048190720218)	(77.0, 0.00042160226779859854)	(78.0, 0.00021080113389929927)	(79.0, 0.00031620170084894887)	(80.0, 0.00042160226779859854)	(81.0, 0.00021080113389929927)	(82.0, 0.0004743025512734233)	(83.0, 0.0004743025512734233)	(84.0, 0.00015810085042447443)	(85.0, 0.00015810085042447443)	(86.0, 5.270028347482482e-05)	(87.0, 5.270028347482482e-05)	(88.0, 0.00010540056694964964)	(89.0, 0.00010540056694964964)	(90.0, 0.00010540056694964964)	(91.0, 0.00010540056694964964)	(92.0, 0.0)	(93.0, 0.00010540056694964964)	(94.0, 5.270028347482482e-05)	(95.0, 0.0)	(96.0, 0.0)	(97.0, 0.0)	(98.0, 0.0)	(99.0, 0.0)	(100.0, 0.0)
SRR6419093_1	(0.0, 0.0)	(1.0, 0.0)	(2.0, 0.0)	(3.0, 0.0)	(4.0, 0.0)	(5.0, 0.0)	(6.0, 0.0)	(7.0, 0.0)	(8.0, 0.0)	(9.0, 0.0)	(10.0, 0.0)	(11.0, 0.0)	(12.0, 0.0)	(13.0, 0.0)	(14.0, 0.0)	(15.0, 0.0)	(16.0, 0.0)	(17.0, 0.0)	(18.0, 0.0)	(19.0, 0.0)	(20.0, 0.0)	(21.0, 0.0)	(22.0, 0.0)	(23.0, 0.0)	(24.0, 5.0013253512180734e-05)	(25.0, 5.0013253512180734e-05)	(26.0, 0.0)	(27.0, 0.0)	(28.0, 5.0013253512180734e-05)	(29.0, 0.00020005301404872294)	(30.0, 0.00010002650702436147)	(31.0, 0.0001500397605365422)	(32.0, 0.0001500397605365422)	(33.0, 0.0004501192816096266)	(34.0, 0.0013503578448288795)	(35.0, 0.0050513386047302536)	(36.0, 0.025806838812285255)	(37.0, 0.1004266130524589)	(38.0, 0.14733904484688443)	(39.0, 0.04331147754154851)	(40.0, 0.018104797771409425)	(41.0, 0.025856852065797433)	(42.0, 0.09087408163163238)	(43.0, 0.3109323970852276)	(44.0, 1.063181743161938)	(45.0, 4.716299819452155)	(46.0, 2.953282619894272)	(47.0, 1.0884884494391014)	(48.0, 1.6150779956688524)	(49.0, 3.5711963670372646)	(50.0, 7.1871545959679315)	(51.0, 13.93549290561999)	(52.0, 11.681195516811956)	(53.0, 10.249015989237147)	(54.0, 9.41974623275168)	(55.0, 8.591226675068892)	(56.0, 9.918578423282169)	(57.0, 6.280164243524535)	(58.0, 2.7145693608806334)	(59.0, 1.2373278918913513)	(60.0, 0.9480512335768978)	(61.0, 0.7873586500422611)	(62.0, 0.576452759981395)	(63.0, 0.35144313243009395)	(64.0, 0.14248775925620288)	(65.0, 0.05466448608881354)	(66.0, 0.07321940314183259)	(67.0, 0.04881293542788839)	(68.0, 0.016154280884434376)	(69.0, 0.005801537407412964)	(70.0, 0.0019005036334628677)	(71.0, 0.0006501722956583494)	(72.0, 0.0003000795210730844)	(73.0, 0.00020005301404872294)	(74.0, 0.00010002650702436147)	(75.0, 5.0013253512180734e-05)	(76.0, 5.0013253512180734e-05)	(77.0, 0.0)	(78.0, 5.0013253512180734e-05)	(79.0, 0.0)	(80.0, 0.0)	(81.0, 0.0)	(82.0, 0.0)	(83.0, 0.0)	(84.0, 0.0)	(85.0, 0.0)	(86.0, 0.0)	(87.0, 0.0)	(88.0, 0.0)	(89.0, 0.0)	(90.0, 0.0)	(91.0, 0.0)	(92.0, 0.0)	(93.0, 0.0)	(94.0, 0.0)	(95.0, 0.0)	(96.0, 0.0)	(97.0, 0.0)	(98.0, 0.0)	(99.0, 0.0)	(100.0, 0.0)
SRR6419093_2	(0.0, 0.0)	(1.0, 0.0)	(2.0, 0.0)	(3.0, 0.0)	(4.0, 0.0)	(5.0, 0.0)	(6.0, 0.0)	(7.0, 0.0)	(8.0, 0.0)	(9.0, 0.0)	(10.0, 0.0)	(11.0, 0.0)	(12.0, 0.0)	(13.0, 4.982302860240426e-05)	(14.0, 9.964605720480852e-05)	(15.0, 0.0)	(16.0, 0.0)	(17.0, 0.0)	(18.0, 0.0)	(19.0, 0.0)	(20.0, 9.964605720480852e-05)	(21.0, 0.0)	(22.0, 4.982302860240426e-05)	(23.0, 9.964605720480852e-05)	(24.0, 9.964605720480852e-05)	(25.0, 0.0)	(26.0, 4.982302860240426e-05)	(27.0, 0.0)	(28.0, 0.0)	(29.0, 9.964605720480852e-05)	(30.0, 4.982302860240426e-05)	(31.0, 0.0)	(32.0, 0.0)	(33.0, 0.0)	(34.0, 0.0)	(35.0, 4.982302860240426e-05)	(36.0, 0.00029893817161442553)	(37.0, 0.00044840725742163837)	(38.0, 0.0006476993718312554)	(39.0, 0.0011957526864577021)	(40.0, 0.002092567201300979)	(41.0, 0.003985842288192341)	(42.0, 0.006227878575300532)	(43.0, 0.011608765664360192)	(44.0, 0.022520008928286726)	(45.0, 0.05201524186091005)	(46.0, 0.12022296801760149)	(47.0, 0.1813060010841491)	(48.0, 0.40401493893689616)	(49.0, 1.0673587417493064)	(50.0, 3.5693715921048432)	(51.0, 4.561547383693123)	(52.0, 5.057784748573068)	(53.0, 13.077399078473261)	(54.0, 15.589924587863907)	(55.0, 14.136686489588978)	(56.0, 13.237879053601606)	(57.0, 12.016467507413667)	(58.0, 7.903427027199387)	(59.0, 4.484072574216383)	(60.0, 2.5153654220209813)	(61.0, 0.988538710500303)	(62.0, 0.42409361946366503)	(63.0, 0.20591857721373683)	(64.0, 0.11489190395714423)	(65.0, 0.06462046809731833)	(66.0, 0.05475550843404228)	(67.0, 0.05928940403686107)	(68.0, 0.030591339561876214)	(69.0, 0.01345221772264915)	(70.0, 0.006676285832722171)	(71.0, 0.00269044354452983)	(72.0, 0.001893275086891362)	(73.0, 0.0016441599438793406)	(74.0, 0.0010961066292528936)	(75.0, 0.0007473454290360639)	(76.0, 0.00044840725742163837)	(77.0, 0.0003487612002168298)	(78.0, 0.0006975224004336597)	(79.0, 0.0005480533146264468)	(80.0, 0.0006476993718312554)	(81.0, 0.0004982302860240427)	(82.0, 0.00029893817161442553)	(83.0, 0.00019929211440961704)	(84.0, 0.00014946908580721276)	(85.0, 9.964605720480852e-05)	(86.0, 0.00014946908580721276)	(87.0, 9.964605720480852e-05)	(88.0, 0.0)	(89.0, 4.982302860240426e-05)	(90.0, 4.982302860240426e-05)	(91.0, 4.982302860240426e-05)	(92.0, 0.0)	(93.0, 0.0)	(94.0, 0.0)	(95.0, 0.0)	(96.0, 4.982302860240426e-05)	(97.0, 4.982302860240426e-05)	(98.0, 4.982302860240426e-05)	(99.0, 0.0)	(100.0, 0.0)
SRR6419094_1	(0.0, 0.0)	(1.0, 0.0)	(2.0, 0.0)	(3.0, 0.0)	(4.0, 0.0)	(5.0, 0.0)	(6.0, 0.0)	(7.0, 0.0)	(8.0, 0.0)	(9.0, 0.0)	(10.0, 0.0)	(11.0, 0.0)	(12.0, 0.0)	(13.0, 0.0)	(14.0, 0.0)	(15.0, 0.0)	(16.0, 0.0)	(17.0, 0.0)	(18.0, 0.0)	(19.0, 0.0)	(20.0, 0.0)	(21.0, 0.0)	(22.0, 0.0)	(23.0, 0.0)	(24.0, 0.0)	(25.0, 0.0)	(26.0, 0.0)	(27.0, 0.0)	(28.0, 0.0)	(29.0, 0.0)	(30.0, 0.0)	(31.0, 0.0)	(32.0, 6.181531808308226e-05)	(33.0, 0.0001236306361661645)	(34.0, 0.0003708919084984936)	(35.0, 0.0021017208148247967)	(36.0, 0.012672140207031862)	(37.0, 0.05365569609611541)	(38.0, 0.0679350345733074)	(39.0, 0.019039117969589334)	(40.0, 0.008097806668883776)	(41.0, 0.017802811607927693)	(42.0, 0.0832652334579118)	(43.0, 0.26395140821476126)	(44.0, 0.5254302037061992)	(45.0, 1.8425910014205162)	(46.0, 1.317902581531314)	(47.0, 0.9444144296733308)	(48.0, 1.9691887728546686)	(49.0, 4.567657483795115)	(50.0, 11.890670955825538)	(51.0, 21.867477848480764)	(52.0, 14.165165584692549)	(53.0, 9.87839690626696)	(54.0, 8.51141296217768)	(55.0, 7.839480454614575)	(56.0, 6.5872875562055775)	(57.0, 3.457887078249539)	(58.0, 1.9254235276518463)	(59.0, 0.8678870658864749)	(60.0, 0.5552870023403279)	(61.0, 0.3631649937381083)	(62.0, 0.20114704504234968)	(63.0, 0.0867268912705644)	(64.0, 0.03987088016358806)	(65.0, 0.020646316239749475)	(66.0, 0.015948352065435222)	(67.0, 0.010014081529459326)	(68.0, 0.010694050028373231)	(69.0, 0.005501563309394321)	(70.0, 0.002287166769074044)	(71.0, 0.0006799684989139049)	(72.0, 0.0003708919084984936)	(73.0, 6.181531808308226e-05)	(74.0, 6.181531808308226e-05)	(75.0, 0.0)	(76.0, 6.181531808308226e-05)	(77.0, 6.181531808308226e-05)	(78.0, 0.0)	(79.0, 6.181531808308226e-05)	(80.0, 0.0)	(81.0, 0.0)	(82.0, 0.0)	(83.0, 0.0)	(84.0, 0.0)	(85.0, 0.0)	(86.0, 0.0)	(87.0, 0.0)	(88.0, 0.0)	(89.0, 0.0)	(90.0, 0.0)	(91.0, 0.0)	(92.0, 0.0)	(93.0, 0.0)	(94.0, 0.0)	(95.0, 0.0)	(96.0, 0.0)	(97.0, 0.0)	(98.0, 0.0)	(99.0, 0.0)	(100.0, 0.0)
SRR6419094_2	(0.0, 0.0)	(1.0, 0.0)	(2.0, 0.0)	(3.0, 0.0)	(4.0, 0.0)	(5.0, 0.0)	(6.0, 0.0)	(7.0, 0.0)	(8.0, 0.0)	(9.0, 0.0)	(10.0, 0.0)	(11.0, 0.0)	(12.0, 0.0)	(13.0, 0.0)	(14.0, 0.0)	(15.0, 0.0)	(16.0, 0.0)	(17.0, 0.0)	(18.0, 0.0)	(19.0, 0.0)	(20.0, 0.0)	(21.0, 0.0)	(22.0, 0.0)	(23.0, 0.0)	(24.0, 0.0)	(25.0, 0.0)	(26.0, 0.0)	(27.0, 0.0)	(28.0, 0.0)	(29.0, 0.0)	(30.0, 0.0)	(31.0, 0.0)	(32.0, 0.00012290931259279652)	(33.0, 6.145465629639826e-05)	(34.0, 0.0)	(35.0, 0.0)	(36.0, 0.0)	(37.0, 0.0003072732814819913)	(38.0, 0.0006145465629639826)	(39.0, 0.0007989105318531774)	(40.0, 0.0015978210637063548)	(41.0, 0.002581095564448727)	(42.0, 0.005408009754083047)	(43.0, 0.01026292760149851)	(44.0, 0.01911239810817986)	(45.0, 0.057890286231207164)	(46.0, 0.15461991524173804)	(47.0, 0.18000068829215052)	(48.0, 0.27347322051897227)	(49.0, 0.6236418520958495)	(50.0, 1.8746742903216291)	(51.0, 2.8920561253085024)	(52.0, 6.620387213498392)	(53.0, 16.801088484872324)	(54.0, 16.332681094581176)	(55.0, 12.618976214589829)	(56.0, 11.266482138818693)	(57.0, 10.155320498323517)	(58.0, 8.72662264874485)	(59.0, 6.056909469916716)	(60.0, 3.1379976598066883)	(61.0, 1.1885945074286388)	(62.0, 0.5008554488156459)	(63.0, 0.22854986676630515)	(64.0, 0.1135067501794476)	(65.0, 0.06127029232750907)	(66.0, 0.0390851614045093)	(67.0, 0.021754948328924988)	(68.0, 0.010324382257794909)	(69.0, 0.007497468068160588)	(70.0, 0.003687279377783896)	(71.0, 0.0019050943451883464)	(72.0, 0.002273822282966736)	(73.0, 0.0012290931259279652)	(74.0, 0.0007374558755567791)	(75.0, 0.0008603651881495758)	(76.0, 0.0010447291570387705)	(77.0, 0.0007374558755567791)	(78.0, 0.0004916372503711861)	(79.0, 0.00024581862518559304)	(80.0, 0.00024581862518559304)	(81.0, 0.00012290931259279652)	(82.0, 0.00012290931259279652)	(83.0, 0.00018436396888919478)	(84.0, 0.00012290931259279652)	(85.0, 0.00012290931259279652)	(86.0, 0.00012290931259279652)	(87.0, 0.00018436396888919478)	(88.0, 0.00012290931259279652)	(89.0, 6.145465629639826e-05)	(90.0, 0.0)	(91.0, 6.145465629639826e-05)	(92.0, 0.0)	(93.0, 6.145465629639826e-05)	(94.0, 6.145465629639826e-05)	(95.0, 6.145465629639826e-05)	(96.0, 0.0)	(97.0, 0.0)	(98.0, 0.0)	(99.0, 0.0)	(100.0, 0.0)
SRR6419095_1	(0.0, 0.00012525457993371527)	(1.0, 0.0)	(2.0, 0.0)	(3.0, 0.0)	(4.0, 0.0)	(5.0, 0.0)	(6.0, 0.0)	(7.0, 0.0)	(8.0, 0.0)	(9.0, 0.0)	(10.0, 0.0)	(11.0, 0.0)	(12.0, 0.0)	(13.0, 0.0)	(14.0, 0.0)	(15.0, 0.0)	(16.0, 0.0)	(17.0, 0.0)	(18.0, 0.0)	(19.0, 0.0)	(20.0, 0.0)	(21.0, 0.0)	(22.0, 0.0)	(23.0, 0.0)	(24.0, 0.0)	(25.0, 0.0)	(26.0, 0.0)	(27.0, 0.0)	(28.0, 0.0)	(29.0, 0.0)	(30.0, 0.0)	(31.0, 0.0)	(32.0, 6.262728996685764e-05)	(33.0, 6.262728996685764e-05)	(34.0, 0.00012525457993371527)	(35.0, 6.262728996685764e-05)	(36.0, 6.262728996685764e-05)	(37.0, 0.00018788186990057292)	(38.0, 0.0003131364498342882)	(39.0, 0.0007515274796022917)	(40.0, 0.0010020366394697222)	(41.0, 0.0015030549592045834)	(42.0, 0.0036323828180777435)	(43.0, 0.00820417498565835)	(44.0, 0.01302647631310639)	(45.0, 0.03607331902091)	(46.0, 0.08980753381247385)	(47.0, 0.13890732914649023)	(48.0, 0.3215285066898471)	(49.0, 1.0501343981642688)	(50.0, 3.4027911730592426)	(51.0, 3.9778975768248968)	(52.0, 4.906034014133727)	(53.0, 12.351917772873366)	(54.0, 13.512401455959235)	(55.0, 12.757304220828836)	(56.0, 13.00136276982968)	(57.0, 12.988774684546339)	(58.0, 10.534035427005389)	(59.0, 5.787513120417248)	(60.0, 2.8459719379639115)	(61.0, 1.1737606685588458)	(62.0, 0.5201822704647195)	(63.0, 0.25389103352564085)	(64.0, 0.13408502781904222)	(65.0, 0.07339918384115715)	(66.0, 0.04640682186544151)	(67.0, 0.02680448010581507)	(68.0, 0.015155804171979549)	(69.0, 0.006951629186321197)	(70.0, 0.00450916487761375)	(71.0, 0.002567718888641163)	(72.0, 0.002066700568906302)	(73.0, 0.001565682249171441)	(74.0, 0.0011272912194034376)	(75.0, 0.0012525457993371528)	(76.0, 0.0010646639294365798)	(77.0, 0.0007515274796022917)	(78.0, 0.00043839102976800344)	(79.0, 0.00037576373980114584)	(80.0, 0.00043839102976800344)	(81.0, 0.00037576373980114584)	(82.0, 0.00018788186990057292)	(83.0, 0.00037576373980114584)	(84.0, 0.00025050915986743054)	(85.0, 0.0)	(86.0, 0.00018788186990057292)	(87.0, 0.00012525457993371527)	(88.0, 0.0)	(89.0, 0.0)	(90.0, 6.262728996685764e-05)	(91.0, 0.0)	(92.0, 0.0)	(93.0, 0.0)	(94.0, 0.0)	(95.0, 0.0)	(96.0, 6.262728996685764e-05)	(97.0, 0.0)	(98.0, 0.0)	(99.0, 0.0)	(100.0, 0.0)
SRR6419095_2	(0.0, 0.0)	(1.0, 0.0)	(2.0, 0.0)	(3.0, 0.0)	(4.0, 0.0)	(5.0, 0.0)	(6.0, 0.0)	(7.0, 0.0)	(8.0, 0.0)	(9.0, 0.0)	(10.0, 0.0)	(11.0, 0.0)	(12.0, 0.0)	(13.0, 0.0)	(14.0, 0.0)	(15.0, 0.0)	(16.0, 0.0)	(17.0, 0.0)	(18.0, 0.0)	(19.0, 0.0)	(20.0, 0.0)	(21.0, 0.0)	(22.0, 0.0)	(23.0, 0.0)	(24.0, 0.0)	(25.0, 0.0)	(26.0, 0.0)	(27.0, 0.0)	(28.0, 0.0)	(29.0, 0.0)	(30.0, 0.0)	(31.0, 6.288188957562899e-05)	(32.0, 6.288188957562899e-05)	(33.0, 0.00025152755830251596)	(34.0, 0.0011318740123613218)	(35.0, 0.005219196834777206)	(36.0, 0.02917719676309185)	(37.0, 0.1494702515212701)	(38.0, 0.29353266053903615)	(39.0, 0.13387554290651413)	(40.0, 0.0314409447878145)	(41.0, 0.03112653533993635)	(42.0, 0.09583199971325858)	(43.0, 0.3289351643701153)	(44.0, 1.3124079173329526)	(45.0, 4.046638239860453)	(46.0, 1.820430703214459)	(47.0, 1.2255051459394335)	(48.0, 2.4427727643444594)	(49.0, 4.554975435189837)	(50.0, 8.543385045303257)	(51.0, 15.540818835389675)	(52.0, 14.74291053856452)	(53.0, 10.87693196745485)	(54.0, 7.63989805588062)	(55.0, 8.13591040085318)	(56.0, 7.954433267537916)	(57.0, 4.808955387185803)	(58.0, 2.394542355039952)	(59.0, 1.039123225237269)	(60.0, 0.7476656670542288)	(61.0, 0.5346847070615733)	(62.0, 0.2871815896918976)	(63.0, 0.11073500754268265)	(64.0, 0.05741116518254927)	(65.0, 0.02641039362176418)	(66.0, 0.022637480247226435)	(67.0, 0.014903007829424072)	(68.0, 0.011570267681915734)	(69.0, 0.004590377939020916)	(70.0, 0.0015091653498150958)	(71.0, 0.0003144094478781449)	(72.0, 0.00012576377915125798)	(73.0, 0.00018864566872688697)	(74.0, 0.00018864566872688697)	(75.0, 6.288188957562899e-05)	(76.0, 6.288188957562899e-05)	(77.0, 0.0)	(78.0, 0.0)	(79.0, 0.0)	(80.0, 0.0)	(81.0, 0.0)	(82.0, 0.0)	(83.0, 0.0)	(84.0, 0.0)	(85.0, 0.0)	(86.0, 0.0)	(87.0, 0.0)	(88.0, 0.0)	(89.0, 0.0)	(90.0, 0.0)	(91.0, 0.0)	(92.0, 0.0)	(93.0, 0.0)	(94.0, 0.0)	(95.0, 0.0)	(96.0, 0.0)	(97.0, 0.0)	(98.0, 0.0)	(99.0, 0.0)	(100.0, 0.0)
SRR6419096_1	(0.0, 0.0)	(1.0, 0.0)	(2.0, 0.0)	(3.0, 0.0)	(4.0, 0.0)	(5.0, 0.0)	(6.0, 0.0)	(7.0, 0.0)	(8.0, 0.0)	(9.0, 0.0)	(10.0, 0.0)	(11.0, 0.0)	(12.0, 0.0)	(13.0, 0.0)	(14.0, 0.0)	(15.0, 0.0)	(16.0, 0.0)	(17.0, 0.0)	(18.0, 0.0)	(19.0, 0.0)	(20.0, 0.0)	(21.0, 0.0)	(22.0, 0.0)	(23.0, 0.0)	(24.0, 0.0)	(25.0, 0.0)	(26.0, 0.0)	(27.0, 0.0)	(28.0, 0.0)	(29.0, 0.0)	(30.0, 0.00011860792253479362)	(31.0, 0.00011860792253479362)	(32.0, 0.00011860792253479362)	(33.0, 0.0006523435739413649)	(34.0, 0.0027872861795676506)	(35.0, 0.010200281337992253)	(36.0, 0.05562711566881822)	(37.0, 0.26236072464696353)	(38.0, 0.45675910968149025)	(39.0, 0.12940124348545984)	(40.0, 0.03493003318649672)	(41.0, 0.02745773406680473)	(42.0, 0.05183166214770482)	(43.0, 0.167830210386733)	(44.0, 0.6528773095927716)	(45.0, 2.241037392333658)	(46.0, 1.5567882872304337)	(47.0, 1.229074597266799)	(48.0, 2.3668803981430746)	(49.0, 4.971688288890945)	(50.0, 10.89241786994404)	(51.0, 17.25092929307306)	(52.0, 13.37150136280503)	(53.0, 11.134081512108683)	(54.0, 8.989887488524683)	(55.0, 8.01902233861613)	(56.0, 7.0153027941654384)	(57.0, 4.536753036955857)	(58.0, 2.212452883002773)	(59.0, 0.9432888079192138)	(60.0, 0.6174135407548683)	(61.0, 0.4009540821288699)	(62.0, 0.20548822579152998)	(63.0, 0.07632419815113971)	(64.0, 0.03487072922522933)	(65.0, 0.021705249823867234)	(66.0, 0.02164594586259984)	(67.0, 0.013521303168966475)	(68.0, 0.013580607130233872)	(69.0, 0.006464131778146253)	(70.0, 0.0024314624119632696)	(71.0, 0.0007709514964761587)	(72.0, 0.00023721584506958724)	(73.0, 5.930396126739681e-05)	(74.0, 0.0)	(75.0, 0.0)	(76.0, 5.930396126739681e-05)	(77.0, 5.930396126739681e-05)	(78.0, 5.930396126739681e-05)	(79.0, 0.0)	(80.0, 5.930396126739681e-05)	(81.0, 5.930396126739681e-05)	(82.0, 5.930396126739681e-05)	(83.0, 0.0)	(84.0, 0.0)	(85.0, 0.0)	(86.0, 0.0)	(87.0, 0.0)	(88.0, 0.0)	(89.0, 0.0)	(90.0, 0.0)	(91.0, 0.0)	(92.0, 0.0)	(93.0, 0.0)	(94.0, 0.0)	(95.0, 0.0)	(96.0, 0.0)	(97.0, 0.0)	(98.0, 0.0)	(99.0, 0.0)	(100.0, 0.0)
SRR6419096_2	(0.0, 0.0)	(1.0, 0.0)	(2.0, 0.0)	(3.0, 0.0)	(4.0, 0.0)	(5.0, 0.0)	(6.0, 0.0)	(7.0, 0.0)	(8.0, 0.0)	(9.0, 0.0)	(10.0, 0.0)	(11.0, 0.0)	(12.0, 0.0)	(13.0, 0.0)	(14.0, 0.0)	(15.0, 0.0)	(16.0, 0.0)	(17.0, 0.0)	(18.0, 0.0)	(19.0, 0.0)	(20.0, 0.0)	(21.0, 0.0)	(22.0, 0.0)	(23.0, 0.0)	(24.0, 0.0)	(25.0, 0.0)	(26.0, 0.0)	(27.0, 0.0)	(28.0, 0.0)	(29.0, 0.0)	(30.0, 0.0)	(31.0, 5.874829703373973e-05)	(32.0, 5.874829703373973e-05)	(33.0, 0.0)	(34.0, 0.0)	(35.0, 0.0)	(36.0, 0.00017624489110121922)	(37.0, 0.0002349931881349589)	(38.0, 0.0004699863762699178)	(39.0, 0.0007049795644048769)	(40.0, 0.0012924625347422742)	(41.0, 0.002349931881349589)	(42.0, 0.003936135901260562)	(43.0, 0.007637278614386166)	(44.0, 0.014922067446569893)	(45.0, 0.026906720041452798)	(46.0, 0.05257972584519706)	(47.0, 0.10504195509632665)	(48.0, 0.2608424388298044)	(49.0, 0.7626116437949755)	(50.0, 2.0671763277262)	(51.0, 3.0925691041530934)	(52.0, 6.717456527728903)	(53.0, 15.182498647320461)	(54.0, 14.942688098828736)	(55.0, 13.43673425266585)	(56.0, 11.83625439657568)	(57.0, 10.411725690101559)	(58.0, 9.118205686012677)	(59.0, 6.493038033060017)	(60.0, 3.149966190355057)	(61.0, 1.245346400521215)	(62.0, 0.5243285510261271)	(63.0, 0.24686034413577435)	(64.0, 0.11796658044374939)	(65.0, 0.06879425582650923)	(66.0, 0.0437674812901361)	(67.0, 0.02449803986306947)	(68.0, 0.014628325961401194)	(69.0, 0.007108543941082508)	(70.0, 0.004758612059732918)	(71.0, 0.0024086801783833292)	(72.0, 0.0019386938021134113)	(73.0, 0.0021149386932146305)	(74.0, 0.0012337142377085344)	(75.0, 0.001116217643641055)	(76.0, 0.0005874829703373973)	(77.0, 0.0004699863762699178)	(78.0, 0.0006462312673711371)	(79.0, 0.0005874829703373973)	(80.0, 0.00017624489110121922)	(81.0, 0.0004699863762699178)	(82.0, 0.0004699863762699178)	(83.0, 0.00017624489110121922)	(84.0, 0.00035248978220243845)	(85.0, 0.00035248978220243845)	(86.0, 0.00017624489110121922)	(87.0, 0.00011749659406747946)	(88.0, 0.0)	(89.0, 0.00011749659406747946)	(90.0, 5.874829703373973e-05)	(91.0, 0.0)	(92.0, 0.0)	(93.0, 5.874829703373973e-05)	(94.0, 5.874829703373973e-05)	(95.0, 5.874829703373973e-05)	(96.0, 0.0)	(97.0, 0.0)	(98.0, 0.0)	(99.0, 5.874829703373973e-05)	(100.0, 0.0)
SRR6419097_1	(0.0, 0.0)	(1.0, 0.0)	(2.0, 0.0)	(3.0, 0.0)	(4.0, 0.0)	(5.0, 0.0)	(6.0, 0.0)	(7.0, 0.0)	(8.0, 0.0)	(9.0, 0.0)	(10.0, 0.0)	(11.0, 0.0)	(12.0, 0.0)	(13.0, 0.0)	(14.0, 0.0)	(15.0, 0.0)	(16.0, 0.0)	(17.0, 0.0)	(18.0, 0.0)	(19.0, 0.0)	(20.0, 0.0)	(21.0, 0.0)	(22.0, 0.0)	(23.0, 0.0)	(24.0, 0.0)	(25.0, 0.0)	(26.0, 5.569407910675608e-05)	(27.0, 5.569407910675608e-05)	(28.0, 0.0)	(29.0, 0.0)	(30.0, 0.0)	(31.0, 0.0)	(32.0, 0.0)	(33.0, 0.0)	(34.0, 0.0)	(35.0, 0.00011138815821351215)	(36.0, 0.0002227763164270243)	(37.0, 0.00016708223732026824)	(38.0, 0.0005012467119608048)	(39.0, 0.0003341644746405365)	(40.0, 0.00016708223732026824)	(41.0, 0.0018379046105229506)	(42.0, 0.003620115141939145)	(43.0, 0.00668328949281073)	(44.0, 0.008521194103333681)	(45.0, 0.01720947044398763)	(46.0, 0.03547712839100362)	(47.0, 0.06933912848791132)	(48.0, 0.19192179660188147)	(49.0, 0.6515650314699394)	(50.0, 1.7793144393026434)	(51.0, 2.1925645062747736)	(52.0, 5.403829413491222)	(53.0, 20.759243964014942)	(54.0, 20.057777037665346)	(55.0, 11.310632055395558)	(56.0, 9.696339172486233)	(57.0, 9.68096760665277)	(58.0, 8.054978967131026)	(59.0, 5.5741419073996825)	(60.0, 2.7343565078252965)	(61.0, 0.9993745554916311)	(62.0, 0.40255680378363295)	(63.0, 0.1759932899773492)	(64.0, 0.07936406272712741)	(65.0, 0.041603477092746796)	(66.0, 0.02628760533838887)	(67.0, 0.015037401358824143)	(68.0, 0.007852865154052606)	(69.0, 0.004956773040501292)	(70.0, 0.002729009876231048)	(71.0, 0.0022834572433769996)	(72.0, 0.002060680926949975)	(73.0, 0.0017265164523094386)	(74.0, 0.001336657898562146)	(75.0, 0.0008354111866013412)	(76.0, 0.000668328949281073)	(77.0, 0.0005012467119608048)	(78.0, 0.0002227763164270243)	(79.0, 0.00027847039553378043)	(80.0, 0.00016708223732026824)	(81.0, 0.0003898585537472925)	(82.0, 0.0003341644746405365)	(83.0, 0.00016708223732026824)	(84.0, 0.0002227763164270243)	(85.0, 0.00011138815821351215)	(86.0, 0.00016708223732026824)	(87.0, 0.0002227763164270243)	(88.0, 0.00016708223732026824)	(89.0, 0.0)	(90.0, 5.569407910675608e-05)	(91.0, 5.569407910675608e-05)	(92.0, 5.569407910675608e-05)	(93.0, 5.569407910675608e-05)	(94.0, 0.00011138815821351215)	(95.0, 0.00011138815821351215)	(96.0, 0.0)	(97.0, 0.0)	(98.0, 0.0)	(99.0, 0.0)	(100.0, 0.0)
SRR6419097_2	(0.0, 0.0)	(1.0, 0.0)	(2.0, 0.0)	(3.0, 0.0)	(4.0, 0.0)	(5.0, 0.0)	(6.0, 0.0)	(7.0, 0.0)	(8.0, 0.0)	(9.0, 0.0)	(10.0, 0.0)	(11.0, 0.0)	(12.0, 0.0)	(13.0, 0.0)	(14.0, 0.0)	(15.0, 0.0)	(16.0, 0.0)	(17.0, 0.0)	(18.0, 0.0)	(19.0, 0.0)	(20.0, 0.0)	(21.0, 0.0)	(22.0, 0.0)	(23.0, 0.0)	(24.0, 0.0)	(25.0, 0.0)	(26.0, 0.0)	(27.0, 0.0)	(28.0, 0.0)	(29.0, 0.0)	(30.0, 0.0)	(31.0, 5.618005933737867e-05)	(32.0, 5.618005933737867e-05)	(33.0, 5.618005933737867e-05)	(34.0, 0.0006179806527111654)	(35.0, 0.002078662195483011)	(36.0, 0.00977533032470389)	(37.0, 0.04949463227623062)	(38.0, 0.09185439701661413)	(39.0, 0.036179958213271864)	(40.0, 0.009887690443378646)	(41.0, 0.016123677029827678)	(42.0, 0.04707888972472332)	(43.0, 0.13977598763139815)	(44.0, 0.5647781365186678)	(45.0, 2.2219213467933265)	(46.0, 1.2587142294539693)	(47.0, 0.9726453673080369)	(48.0, 1.9638863342567463)	(49.0, 3.6757489223260116)	(50.0, 10.595109750554919)	(51.0, 23.09242013021414)	(52.0, 20.14746141974875)	(53.0, 11.720508699201288)	(54.0, 6.861551547170744)	(55.0, 6.311211685901783)	(56.0, 5.0834526691427095)	(57.0, 2.411922307472341)	(58.0, 1.3266921012521975)	(59.0, 0.5863512793042213)	(60.0, 0.33017020872577446)	(61.0, 0.2220235945013205)	(62.0, 0.12185454870277433)	(63.0, 0.0558429789813544)	(64.0, 0.0279214894906772)	(65.0, 0.013707934478320395)	(66.0, 0.013483214240970882)	(67.0, 0.006516886883135926)	(68.0, 0.006235986586449032)	(69.0, 0.002584282729519419)	(70.0, 0.0014045014834344668)	(71.0, 0.00016854017801213602)	(72.0, 0.0002247202373495147)	(73.0, 0.0002247202373495147)	(74.0, 5.618005933737867e-05)	(75.0, 5.618005933737867e-05)	(76.0, 0.0)	(77.0, 0.0)	(78.0, 0.0)	(79.0, 0.0)	(80.0, 0.0)	(81.0, 5.618005933737867e-05)	(82.0, 0.0)	(83.0, 0.0)	(84.0, 5.618005933737867e-05)	(85.0, 0.0)	(86.0, 0.0)	(87.0, 0.0)	(88.0, 0.0)	(89.0, 0.0)	(90.0, 0.0)	(91.0, 0.0)	(92.0, 0.0)	(93.0, 0.0)	(94.0, 0.0)	(95.0, 0.0)	(96.0, 0.0)	(97.0, 0.0)	(98.0, 0.0)	(99.0, 0.0)	(100.0, 0.0)
SRR6419098_1	(0.0, 0.0)	(1.0, 0.0)	(2.0, 0.0)	(3.0, 0.0)	(4.0, 0.0)	(5.0, 0.0)	(6.0, 0.0)	(7.0, 0.0)	(8.0, 0.0)	(9.0, 0.0)	(10.0, 0.0)	(11.0, 0.0)	(12.0, 0.0)	(13.0, 0.0)	(14.0, 0.0)	(15.0, 0.0)	(16.0, 0.0)	(17.0, 0.0)	(18.0, 0.0)	(19.0, 0.0)	(20.0, 0.0)	(21.0, 0.0)	(22.0, 0.0)	(23.0, 0.0)	(24.0, 0.0)	(25.0, 0.0)	(26.0, 0.0)	(27.0, 0.0)	(28.0, 0.0)	(29.0, 0.0)	(30.0, 0.0)	(31.0, 0.0)	(32.0, 0.0)	(33.0, 0.0)	(34.0, 5.7656095229419367e-05)	(35.0, 5.7656095229419367e-05)	(36.0, 0.00011531219045883873)	(37.0, 0.0001729682856882581)	(38.0, 0.0003459365713765162)	(39.0, 0.0005189048570647743)	(40.0, 0.0012107779998178068)	(41.0, 0.002536868190094452)	(42.0, 0.004208894951747614)	(43.0, 0.007379980189365679)	(44.0, 0.011473562950654454)	(45.0, 0.02012197723506736)	(46.0, 0.043184415326835104)	(47.0, 0.09732348874725989)	(48.0, 0.2821689300527784)	(49.0, 0.8350332272076808)	(50.0, 2.026092842457026)	(51.0, 2.5918144488480888)	(52.0, 5.761919532847254)	(53.0, 15.390891028826895)	(54.0, 15.570259141085618)	(55.0, 13.279351853239868)	(56.0, 11.699113595191942)	(57.0, 10.550200585555302)	(58.0, 9.443030588864763)	(59.0, 6.956034921143758)	(60.0, 3.285590242743692)	(61.0, 1.184429164297962)	(62.0, 0.4768159075472982)	(63.0, 0.2065817892070096)	(64.0, 0.0996873886516661)	(65.0, 0.054023761229965946)	(66.0, 0.04301144704114685)	(67.0, 0.02992351342406865)	(68.0, 0.017931045616349423)	(69.0, 0.008763726474871744)	(70.0, 0.005073736380188904)	(71.0, 0.002998116951929807)	(72.0, 0.0020756194282590974)	(73.0, 0.0016720267616531616)	(74.0, 0.0011531219045883875)	(75.0, 0.001383746285506065)	(76.0, 0.0009801536189001294)	(77.0, 0.0005189048570647743)	(78.0, 0.0004035926666059356)	(79.0, 0.00046124876183535493)	(80.0, 0.0002882804761470969)	(81.0, 0.00046124876183535493)	(82.0, 5.7656095229419367e-05)	(83.0, 0.00023062438091767747)	(84.0, 0.00023062438091767747)	(85.0, 0.00023062438091767747)	(86.0, 5.7656095229419367e-05)	(87.0, 0.00011531219045883873)	(88.0, 0.0)	(89.0, 0.00011531219045883873)	(90.0, 5.7656095229419367e-05)	(91.0, 0.0)	(92.0, 5.7656095229419367e-05)	(93.0, 0.0)	(94.0, 0.0)	(95.0, 0.0)	(96.0, 0.0)	(97.0, 0.0)	(98.0, 0.0)	(99.0, 0.0)	(100.0, 0.0)
SRR6419098_2	(0.0, 0.0)	(1.0, 0.0)	(2.0, 0.0)	(3.0, 0.0)	(4.0, 0.0)	(5.0, 0.0)	(6.0, 0.0)	(7.0, 0.0)	(8.0, 0.0)	(9.0, 0.0)	(10.0, 0.0)	(11.0, 0.0)	(12.0, 0.0)	(13.0, 0.0)	(14.0, 0.0)	(15.0, 0.0)	(16.0, 0.0)	(17.0, 0.0)	(18.0, 0.0)	(19.0, 0.0)	(20.0, 0.0)	(21.0, 0.0)	(22.0, 0.0)	(23.0, 0.0)	(24.0, 0.0)	(25.0, 0.0)	(26.0, 0.0)	(27.0, 0.0)	(28.0, 0.0)	(29.0, 0.0)	(30.0, 0.0)	(31.0, 5.7998618472907974e-05)	(32.0, 0.0)	(33.0, 0.0)	(34.0, 0.00011599723694581595)	(35.0, 0.0005799861847290798)	(36.0, 0.0028419323051724907)	(37.0, 0.013977667051970821)	(38.0, 0.031145258119951585)	(39.0, 0.014209661525862454)	(40.0, 0.006843836979803141)	(41.0, 0.015891621461576785)	(42.0, 0.05898459498694741)	(43.0, 0.21343491598030134)	(44.0, 0.9905584048987953)	(45.0, 1.9028766734776377)	(46.0, 1.2159990349029886)	(47.0, 1.0472810537652992)	(48.0, 2.4638393113476034)	(49.0, 6.057433711928982)	(50.0, 11.761597838739482)	(51.0, 21.22616039285944)	(52.0, 15.68549437152407)	(53.0, 10.711706847142901)	(54.0, 8.321409784018945)	(55.0, 6.146229596811004)	(56.0, 4.977963424911218)	(57.0, 2.8390903728673185)	(58.0, 1.7592720941387177)	(59.0, 0.9849325389069232)	(60.0, 0.7050892047751423)	(61.0, 0.41184818977611953)	(62.0, 0.21645084414089258)	(63.0, 0.08380800369335202)	(64.0, 0.03265322220024719)	(65.0, 0.0167036021201975)	(66.0, 0.02238746673054248)	(67.0, 0.01826956481896601)	(68.0, 0.02314144877069028)	(69.0, 0.012121711260837767)	(70.0, 0.005335872899507534)	(71.0, 0.0016239613172414232)	(72.0, 0.00034799171083744785)	(73.0, 0.0002319944738916319)	(74.0, 0.0)	(75.0, 0.0)	(76.0, 0.0)	(77.0, 0.0)	(78.0, 0.0)	(79.0, 0.0)	(80.0, 0.0)	(81.0, 0.0)	(82.0, 0.0)	(83.0, 0.0)	(84.0, 0.0)	(85.0, 0.0)	(86.0, 0.0)	(87.0, 0.0)	(88.0, 5.7998618472907974e-05)	(89.0, 0.0)	(90.0, 0.0)	(91.0, 0.0)	(92.0, 0.0)	(93.0, 0.0)	(94.0, 0.0)	(95.0, 0.0)	(96.0, 0.0)	(97.0, 0.0)	(98.0, 0.0)	(99.0, 0.0)	(100.0, 0.0)
SRR6419099_1	(0.0, 0.0)	(1.0, 0.0)	(2.0, 0.0)	(3.0, 0.0)	(4.0, 0.0)	(5.0, 0.0)	(6.0, 0.0)	(7.0, 0.0)	(8.0, 0.0)	(9.0, 0.0)	(10.0, 0.0)	(11.0, 0.0)	(12.0, 0.0)	(13.0, 0.0)	(14.0, 0.0)	(15.0, 0.0)	(16.0, 0.0)	(17.0, 0.0)	(18.0, 0.0)	(19.0, 0.0)	(20.0, 0.0)	(21.0, 0.0)	(22.0, 0.0)	(23.0, 0.0)	(24.0, 0.0)	(25.0, 0.0)	(26.0, 0.0)	(27.0, 0.0)	(28.0, 0.0)	(29.0, 0.0)	(30.0, 0.0)	(31.0, 0.0)	(32.0, 0.0)	(33.0, 0.0)	(34.0, 6.058094704982905e-05)	(35.0, 0.00018174284114948712)	(36.0, 0.0002423237881993162)	(37.0, 0.00018174284114948712)	(38.0, 0.0001211618940996581)	(39.0, 0.0005452285234484614)	(40.0, 0.001756847464445042)	(41.0, 0.003210790193640939)	(42.0, 0.0050282186051358105)	(43.0, 0.009632370580922818)	(44.0, 0.015993370021154866)	(45.0, 0.026110388178476315)	(46.0, 0.04307305335242845)	(47.0, 0.10159424820256331)	(48.0, 0.26964579531878907)	(49.0, 0.5847878818719997)	(50.0, 1.3779136406483614)	(51.0, 2.1766734275003574)	(52.0, 5.430476093546675)	(53.0, 15.625583091615356)	(54.0, 15.776732554504678)	(55.0, 14.495142619665543)	(56.0, 13.892241034625647)	(57.0, 11.161676008248701)	(58.0, 7.602303045283046)	(59.0, 5.348631234082356)	(60.0, 3.254347894569766)	(61.0, 1.3759144693957173)	(62.0, 0.6149571935028145)	(63.0, 0.3114466487831711)	(64.0, 0.17120175636281687)	(65.0, 0.12261583682885398)	(66.0, 0.09396104887428484)	(67.0, 0.05082741457480656)	(68.0, 0.02471702639633025)	(69.0, 0.011207475204218373)	(70.0, 0.006058094704982904)	(71.0, 0.0035742758759399135)	(72.0, 0.0023626569349433327)	(73.0, 0.0011510379939467519)	(74.0, 0.0010904570468969227)	(75.0, 0.0010904570468969227)	(76.0, 0.0007269713645979485)	(77.0, 0.0005452285234484614)	(78.0, 0.00036348568229897424)	(79.0, 0.0005452285234484614)	(80.0, 0.00036348568229897424)	(81.0, 0.0002423237881993162)	(82.0, 0.0002423237881993162)	(83.0, 0.0002423237881993162)	(84.0, 0.0003029047352491452)	(85.0, 0.0001211618940996581)	(86.0, 6.058094704982905e-05)	(87.0, 0.0)	(88.0, 6.058094704982905e-05)	(89.0, 6.058094704982905e-05)	(90.0, 0.0)	(91.0, 6.058094704982905e-05)	(92.0, 0.0)	(93.0, 0.0)	(94.0, 0.0)	(95.0, 0.0)	(96.0, 0.0)	(97.0, 0.0)	(98.0, 0.0)	(99.0, 0.0)	(100.0, 0.0)
SRR6419099_2	(0.0, 0.0)	(1.0, 0.0)	(2.0, 0.0)	(3.0, 0.0)	(4.0, 0.0)	(5.0, 0.0)	(6.0, 0.0)	(7.0, 0.0)	(8.0, 0.0)	(9.0, 0.0)	(10.0, 0.0)	(11.0, 0.0)	(12.0, 0.0)	(13.0, 0.0)	(14.0, 0.0)	(15.0, 0.0)	(16.0, 0.0)	(17.0, 0.0)	(18.0, 0.0)	(19.0, 0.0)	(20.0, 0.0)	(21.0, 0.0)	(22.0, 0.0)	(23.0, 0.0)	(24.0, 0.0)	(25.0, 0.0)	(26.0, 0.0)	(27.0, 0.0)	(28.0, 0.0)	(29.0, 0.0)	(30.0, 0.0)	(31.0, 0.0)	(32.0, 0.0)	(33.0, 0.0)	(34.0, 0.0)	(35.0, 6.0809643923049044e-05)	(36.0, 0.0007297157270765885)	(37.0, 0.005412058309151365)	(38.0, 0.010884926262225779)	(39.0, 0.005898535460535758)	(40.0, 0.002614814688691109)	(41.0, 0.009303875520226504)	(42.0, 0.03928302997428968)	(43.0, 0.1144437498631783)	(44.0, 0.22943478652166405)	(45.0, 0.6559536289979301)	(46.0, 0.7295332981448194)	(47.0, 0.8350988399952325)	(48.0, 1.6486710660417057)	(49.0, 4.24104699612521)	(50.0, 9.014968901948098)	(51.0, 16.135413347473605)	(52.0, 15.815311381862674)	(53.0, 13.62160347733868)	(54.0, 11.023876298589947)	(55.0, 7.523125907583935)	(56.0, 6.939961422361895)	(57.0, 3.7278136014146757)	(58.0, 2.550599704708369)	(59.0, 1.5246802020826087)	(60.0, 1.2823537710492583)	(61.0, 0.9863932340757785)	(62.0, 0.6156976447208716)	(63.0, 0.2999131638284779)	(64.0, 0.13682169882686035)	(65.0, 0.06099207285481819)	(66.0, 0.05819482923435793)	(67.0, 0.04366132433674921)	(68.0, 0.06877570727696847)	(69.0, 0.028762961575602198)	(70.0, 0.00881739836884211)	(71.0, 0.002858053264383305)	(72.0, 0.0007297157270765885)	(73.0, 0.00024323857569219618)	(74.0, 0.0)	(75.0, 0.0)	(76.0, 0.0)	(77.0, 0.0)	(78.0, 0.0)	(79.0, 6.0809643923049044e-05)	(80.0, 0.0)	(81.0, 0.0)	(82.0, 0.0)	(83.0, 0.0)	(84.0, 0.0)	(85.0, 0.0)	(86.0, 0.0)	(87.0, 0.0)	(88.0, 0.0)	(89.0, 0.0)	(90.0, 0.0)	(91.0, 0.0)	(92.0, 0.0)	(93.0, 0.0)	(94.0, 0.0)	(95.0, 0.0)	(96.0, 0.0)	(97.0, 0.0)	(98.0, 0.0)	(99.0, 0.0)	(100.0, 0.0)
SRR6419100_1	(0.0, 0.0)	(1.0, 0.0)	(2.0, 0.0)	(3.0, 0.0)	(4.0, 0.0)	(5.0, 0.0)	(6.0, 0.0)	(7.0, 0.0)	(8.0, 0.0)	(9.0, 0.0)	(10.0, 0.0)	(11.0, 0.0)	(12.0, 0.0)	(13.0, 0.0)	(14.0, 0.0)	(15.0, 0.0)	(16.0, 0.0)	(17.0, 0.0)	(18.0, 0.0)	(19.0, 0.0)	(20.0, 0.0)	(21.0, 0.0)	(22.0, 0.0)	(23.0, 0.0)	(24.0, 0.0)	(25.0, 0.0)	(26.0, 0.0)	(27.0, 0.0)	(28.0, 0.0)	(29.0, 0.0)	(30.0, 0.0)	(31.0, 0.0)	(32.0, 0.00010041133503396663)	(33.0, 0.00015061700255094998)	(34.0, 0.00010041133503396663)	(35.0, 5.0205667516983316e-05)	(36.0, 0.0002510283375849166)	(37.0, 0.0004518510076528499)	(38.0, 0.00030123400510189996)	(39.0, 0.0006526736777207832)	(40.0, 0.0013555530229585496)	(41.0, 0.0028115173809510658)	(42.0, 0.005171183754249282)	(43.0, 0.007530850127547498)	(44.0, 0.011898743201525046)	(45.0, 0.020885557687065064)	(46.0, 0.03921062633076397)	(47.0, 0.09097266954077378)	(48.0, 0.22316419211299088)	(49.0, 0.4611892618110088)	(50.0, 1.2528824328863188)	(51.0, 1.8772401141275235)	(52.0, 5.017454000312279)	(53.0, 18.13755047552298)	(54.0, 19.597782315254438)	(55.0, 15.074703522981894)	(56.0, 12.476861462983111)	(57.0, 10.253001420318334)	(58.0, 6.9092537580197275)	(59.0, 4.140109960452996)	(60.0, 2.3893379228007534)	(61.0, 0.9356328198465013)	(62.0, 0.4017959571384175)	(63.0, 0.21688848367336797)	(64.0, 0.1561396259778181)	(65.0, 0.12144750972358266)	(66.0, 0.0824879117304036)	(67.0, 0.04794641247871907)	(68.0, 0.020283089676861262)	(69.0, 0.009187637155607949)	(70.0, 0.005171183754249282)	(71.0, 0.0025102833758491663)	(72.0, 0.0016065813605434661)	(73.0, 0.0012551416879245832)	(74.0, 0.0005522623426868165)	(75.0, 0.0007530850127547499)	(76.0, 0.0007028793452377664)	(77.0, 0.0006526736777207832)	(78.0, 0.0003514396726188832)	(79.0, 0.0002510283375849166)	(80.0, 0.0003514396726188832)	(81.0, 0.00040164534013586653)	(82.0, 0.0002510283375849166)	(83.0, 0.00030123400510189996)	(84.0, 0.0002510283375849166)	(85.0, 0.00015061700255094998)	(86.0, 0.00010041133503396663)	(87.0, 0.0)	(88.0, 0.0)	(89.0, 5.0205667516983316e-05)	(90.0, 0.0)	(91.0, 0.0)	(92.0, 0.0)	(93.0, 0.0)	(94.0, 0.0)	(95.0, 0.0)	(96.0, 5.0205667516983316e-05)	(97.0, 5.0205667516983316e-05)	(98.0, 0.0)	(99.0, 0.0)	(100.0, 0.0)
SRR6419100_2	(0.0, 0.0)	(1.0, 0.0)	(2.0, 0.0)	(3.0, 0.0)	(4.0, 0.0)	(5.0, 0.0)	(6.0, 0.0)	(7.0, 0.0)	(8.0, 0.0)	(9.0, 0.0)	(10.0, 0.0)	(11.0, 0.0)	(12.0, 0.0)	(13.0, 0.0)	(14.0, 0.0)	(15.0, 0.0)	(16.0, 0.0)	(17.0, 0.0)	(18.0, 0.0)	(19.0, 0.0)	(20.0, 0.0)	(21.0, 0.0)	(22.0, 0.0)	(23.0, 0.0)	(24.0, 0.0)	(25.0, 0.0)	(26.0, 0.0)	(27.0, 0.0)	(28.0, 0.0)	(29.0, 0.0)	(30.0, 0.0)	(31.0, 0.0)	(32.0, 0.0)	(33.0, 0.00010072791024337374)	(34.0, 0.0001510918653650606)	(35.0, 0.000402911640973495)	(36.0, 0.001510918653650606)	(37.0, 0.008259688639956646)	(38.0, 0.019994490183309687)	(39.0, 0.008561872370686768)	(40.0, 0.004381664095586758)	(41.0, 0.009619515428242192)	(42.0, 0.03656423141834467)	(43.0, 0.09347550070585083)	(44.0, 0.16307848668402208)	(45.0, 0.3981270652369347)	(46.0, 0.575156367489664)	(47.0, 0.8831319530587793)	(48.0, 2.152907989586749)	(49.0, 4.954856268826676)	(50.0, 11.095128949352496)	(51.0, 17.581905641115522)	(52.0, 18.881346047210165)	(53.0, 11.540144856807721)	(54.0, 7.770503543859703)	(55.0, 7.673955841891428)	(56.0, 6.680123915475182)	(57.0, 3.465946663564247)	(58.0, 2.14938251272823)	(59.0, 1.084235225859675)	(60.0, 0.9473963597940517)	(61.0, 0.7048939158831294)	(62.0, 0.4253236010026456)	(63.0, 0.2269903457334427)	(64.0, 0.11417508626086414)	(65.0, 0.0640629509147857)	(66.0, 0.07297737097132428)	(67.0, 0.050263227211443495)	(68.0, 0.10344756381994484)	(69.0, 0.04200353857148685)	(70.0, 0.010173518934580747)	(71.0, 0.0033240210380313336)	(72.0, 0.0012087349229204848)	(73.0, 0.000402911640973495)	(74.0, 0.00010072791024337374)	(75.0, 0.0002014558204867475)	(76.0, 0.0)	(77.0, 0.0)	(78.0, 0.0)	(79.0, 5.036395512168687e-05)	(80.0, 0.0)	(81.0, 0.0)	(82.0, 5.036395512168687e-05)	(83.0, 0.0)	(84.0, 0.0)	(85.0, 0.0)	(86.0, 0.0)	(87.0, 0.0)	(88.0, 0.0)	(89.0, 0.0)	(90.0, 0.0)	(91.0, 0.0)	(92.0, 0.0)	(93.0, 0.0)	(94.0, 0.0)	(95.0, 0.0)	(96.0, 0.0)	(97.0, 0.0)	(98.0, 0.0)	(99.0, 0.0)	(100.0, 0.0)
SRR6419101_1	(0.0, 0.0)	(1.0, 0.0)	(2.0, 0.0)	(3.0, 0.0)	(4.0, 0.0)	(5.0, 0.0)	(6.0, 0.0)	(7.0, 0.0)	(8.0, 0.0)	(9.0, 0.0)	(10.0, 0.0)	(11.0, 0.0)	(12.0, 0.0)	(13.0, 0.0)	(14.0, 0.0)	(15.0, 0.0)	(16.0, 0.0)	(17.0, 0.0)	(18.0, 0.0)	(19.0, 0.0)	(20.0, 0.0)	(21.0, 0.0)	(22.0, 0.0)	(23.0, 0.0)	(24.0, 0.0)	(25.0, 0.0)	(26.0, 0.0)	(27.0, 0.0)	(28.0, 0.0)	(29.0, 0.0)	(30.0, 0.0)	(31.0, 5.616093928047728e-05)	(32.0, 5.616093928047728e-05)	(33.0, 5.616093928047728e-05)	(34.0, 5.616093928047728e-05)	(35.0, 0.00044928751424381825)	(36.0, 0.002134115692658137)	(37.0, 0.006009220503011069)	(38.0, 0.00971584249552257)	(39.0, 0.004717518899560092)	(40.0, 0.007806370559986341)	(41.0, 0.037347024621517386)	(42.0, 0.10855909562916258)	(43.0, 0.18162447763306352)	(44.0, 0.2963612765830786)	(45.0, 0.6523654706820241)	(46.0, 1.0672824900861901)	(47.0, 1.2929371441151478)	(48.0, 2.184155089557042)	(49.0, 4.116653010198265)	(50.0, 7.114523948990143)	(51.0, 11.011363042844618)	(52.0, 12.550060457251137)	(53.0, 12.856755346661823)	(54.0, 9.269756154817738)	(55.0, 9.146202088400688)	(56.0, 10.526862619671942)	(57.0, 6.065662246987948)	(58.0, 3.788448481043156)	(59.0, 2.292882668004046)	(60.0, 2.1006999337862524)	(61.0, 1.4702372294236146)	(62.0, 0.8330913732865999)	(63.0, 0.4556898613217926)	(64.0, 0.1737619461337967)	(65.0, 0.07081894443268186)	(66.0, 0.04739983275272282)	(67.0, 0.049421626566820004)	(68.0, 0.08547694958488641)	(69.0, 0.07385163515382762)	(70.0, 0.03364040262900589)	(71.0, 0.011007544098973547)	(72.0, 0.002976529781865296)	(73.0, 0.0008985750284876365)	(74.0, 5.616093928047728e-05)	(75.0, 5.616093928047728e-05)	(76.0, 0.0)	(77.0, 5.616093928047728e-05)	(78.0, 0.0)	(79.0, 0.0)	(80.0, 0.0)	(81.0, 0.0)	(82.0, 0.0)	(83.0, 0.0)	(84.0, 0.0)	(85.0, 0.0)	(86.0, 0.0)	(87.0, 0.0)	(88.0, 0.0)	(89.0, 0.0)	(90.0, 0.0)	(91.0, 0.0)	(92.0, 0.0)	(93.0, 0.0)	(94.0, 0.0)	(95.0, 0.0)	(96.0, 0.0)	(97.0, 0.0)	(98.0, 0.0)	(99.0, 0.0)	(100.0, 0.0)
SRR6419101_2	(0.0, 0.0)	(1.0, 0.0)	(2.0, 0.0)	(3.0, 0.0)	(4.0, 0.0)	(5.0, 0.0)	(6.0, 0.0)	(7.0, 0.0)	(8.0, 0.0)	(9.0, 0.0)	(10.0, 0.0)	(11.0, 0.0)	(12.0, 0.0)	(13.0, 0.0)	(14.0, 0.0)	(15.0, 0.0)	(16.0, 0.0)	(17.0, 0.0)	(18.0, 0.0)	(19.0, 0.0)	(20.0, 0.0)	(21.0, 0.0)	(22.0, 0.0)	(23.0, 0.0)	(24.0, 0.0)	(25.0, 0.0)	(26.0, 0.0)	(27.0, 0.0)	(28.0, 0.0)	(29.0, 0.0)	(30.0, 0.0)	(31.0, 0.0)	(32.0, 0.0)	(33.0, 0.0)	(34.0, 0.0)	(35.0, 0.0)	(36.0, 5.611369982312962e-05)	(37.0, 0.00022445479929251847)	(38.0, 0.0005050232984081665)	(39.0, 0.00016834109946938885)	(40.0, 0.0007855917975238147)	(41.0, 0.0016834109946938884)	(42.0, 0.0035351630888571656)	(43.0, 0.005723597381959221)	(44.0, 0.00875373717240822)	(45.0, 0.01616074554906133)	(46.0, 0.03226537739829953)	(47.0, 0.0858539607293883)	(48.0, 0.2262504376868586)	(49.0, 0.5707324409010514)	(50.0, 1.2775967175730152)	(51.0, 1.899617080112407)	(52.0, 3.6333059498478195)	(53.0, 9.581694813298498)	(54.0, 13.082404090464262)	(55.0, 16.075284384230702)	(56.0, 16.940220953304426)	(57.0, 14.486929997037196)	(58.0, 9.180818541762061)	(59.0, 5.871793663192106)	(60.0, 3.7721312432102425)	(61.0, 1.567536204559126)	(62.0, 0.7363239690791068)	(63.0, 0.37349278602275077)	(64.0, 0.1860169149136747)	(65.0, 0.11435972023953817)	(66.0, 0.09432712940268088)	(67.0, 0.07423842486600048)	(68.0, 0.04618157495443568)	(69.0, 0.022838275828013756)	(70.0, 0.010044352268340202)	(71.0, 0.006060279580897999)	(72.0, 0.0037596178881496847)	(73.0, 0.0027495712913333512)	(74.0, 0.001178387696285722)	(75.0, 0.0012345013961088515)	(76.0, 0.0008978191971700739)	(77.0, 0.0009539328969932036)	(78.0, 0.00039279589876190733)	(79.0, 0.0003366821989387777)	(80.0, 0.00044890959858503695)	(81.0, 0.0006172506980544257)	(82.0, 0.00022445479929251847)	(83.0, 5.611369982312962e-05)	(84.0, 0.0003366821989387777)	(85.0, 0.00016834109946938885)	(86.0, 0.00011222739964625924)	(87.0, 0.00016834109946938885)	(88.0, 5.611369982312962e-05)	(89.0, 5.611369982312962e-05)	(90.0, 0.0)	(91.0, 0.0)	(92.0, 5.611369982312962e-05)	(93.0, 0.00011222739964625924)	(94.0, 5.611369982312962e-05)	(95.0, 0.0)	(96.0, 0.0)	(97.0, 5.611369982312962e-05)	(98.0, 5.611369982312962e-05)	(99.0, 0.0)	(100.0, 0.0)
SRR6419102_1	(0.0, 0.0)	(1.0, 0.0)	(2.0, 0.0)	(3.0, 0.0)	(4.0, 0.0)	(5.0, 0.0)	(6.0, 0.0)	(7.0, 0.0)	(8.0, 0.0)	(9.0, 0.0)	(10.0, 0.0)	(11.0, 0.0)	(12.0, 0.0)	(13.0, 0.0)	(14.0, 0.0)	(15.0, 0.0)	(16.0, 0.0)	(17.0, 0.0)	(18.0, 0.0)	(19.0, 0.0)	(20.0, 0.0)	(21.0, 0.0)	(22.0, 0.0)	(23.0, 5.908255428061968e-05)	(24.0, 0.0)	(25.0, 0.0)	(26.0, 0.0)	(27.0, 0.0)	(28.0, 0.0)	(29.0, 0.0)	(30.0, 0.0)	(31.0, 0.0)	(32.0, 0.0)	(33.0, 0.0)	(34.0, 0.0)	(35.0, 0.00011816510856123936)	(36.0, 0.0003544953256837181)	(37.0, 0.0019497242912604493)	(38.0, 0.004076696245362758)	(39.0, 0.0018315591826992101)	(40.0, 0.0025405498340666465)	(41.0, 0.010398529553389064)	(42.0, 0.047738703858740704)	(43.0, 0.1456384963017275)	(44.0, 0.32418597533776017)	(45.0, 0.5250666598918671)	(46.0, 0.6490218587726072)	(47.0, 0.862664375051328)	(48.0, 1.6767628904839866)	(49.0, 4.222925567207292)	(50.0, 9.466206846840885)	(51.0, 17.15603761668066)	(52.0, 17.9168436681522)	(53.0, 13.054585781074321)	(54.0, 9.705609356785956)	(55.0, 6.96872819484481)	(56.0, 5.397073168426047)	(57.0, 3.3909250378276052)	(58.0, 2.349004193088877)	(59.0, 1.5145221964294049)	(60.0, 1.731237005530718)	(61.0, 1.3610848029626355)	(62.0, 0.7310284441141074)	(63.0, 0.3625305530658824)	(64.0, 0.1543236317809786)	(65.0, 0.0714898906795498)	(66.0, 0.05346971162396081)	(67.0, 0.037694669631035356)	(68.0, 0.05908255428061968)	(69.0, 0.028182378391855587)	(70.0, 0.010812107433353401)	(71.0, 0.0027768800511891252)	(72.0, 0.0007680732056480559)	(73.0, 0.00047266043424495745)	(74.0, 5.908255428061968e-05)	(75.0, 5.908255428061968e-05)	(76.0, 0.0)	(77.0, 5.908255428061968e-05)	(78.0, 0.0)	(79.0, 0.0)	(80.0, 0.0)	(81.0, 0.0)	(82.0, 0.0)	(83.0, 0.0)	(84.0, 0.0)	(85.0, 0.0)	(86.0, 0.0)	(87.0, 0.0)	(88.0, 0.0)	(89.0, 0.0)	(90.0, 0.0)	(91.0, 0.0)	(92.0, 0.0)	(93.0, 0.0)	(94.0, 0.0)	(95.0, 0.0)	(96.0, 0.0)	(97.0, 0.0)	(98.0, 0.0)	(99.0, 0.0)	(100.0, 0.0)
SRR6419102_2	(0.0, 0.0)	(1.0, 0.0)	(2.0, 0.0)	(3.0, 0.0)	(4.0, 0.0)	(5.0, 0.0)	(6.0, 0.0)	(7.0, 0.0)	(8.0, 0.0)	(9.0, 0.0)	(10.0, 0.0)	(11.0, 0.0)	(12.0, 0.0)	(13.0, 0.0)	(14.0, 0.0)	(15.0, 0.0)	(16.0, 0.0)	(17.0, 0.0)	(18.0, 0.0)	(19.0, 0.0)	(20.0, 0.0)	(21.0, 0.0)	(22.0, 0.0)	(23.0, 0.0)	(24.0, 0.0)	(25.0, 0.0)	(26.0, 0.0)	(27.0, 0.0)	(28.0, 0.0)	(29.0, 0.0)	(30.0, 0.0)	(31.0, 0.0)	(32.0, 0.0)	(33.0, 0.0)	(34.0, 5.8749574065588024e-05)	(35.0, 0.0)	(36.0, 5.8749574065588024e-05)	(37.0, 5.8749574065588024e-05)	(38.0, 0.00041124701845911613)	(39.0, 0.0005874957406558802)	(40.0, 0.0009987427591149965)	(41.0, 0.0017037376479020528)	(42.0, 0.0034074752958041057)	(43.0, 0.005874957406558802)	(44.0, 0.009752429294887613)	(45.0, 0.01932860986757846)	(46.0, 0.03636598634659899)	(47.0, 0.10005052463369642)	(48.0, 0.25638314122222616)	(49.0, 0.5240462006650451)	(50.0, 1.4003548474273562)	(51.0, 1.9238723019258113)	(52.0, 4.540049584640511)	(53.0, 15.043827182252928)	(54.0, 16.244433477857285)	(55.0, 14.925740538381097)	(56.0, 13.697933189984374)	(57.0, 10.741243375985524)	(58.0, 8.080886413573502)	(59.0, 5.799875450902981)	(60.0, 3.662800944693151)	(61.0, 1.5556299716827053)	(62.0, 0.6562327423126182)	(63.0, 0.3099627527700424)	(64.0, 0.17613122304863288)	(65.0, 0.10533798629959934)	(66.0, 0.07954692328480618)	(67.0, 0.04153594886437073)	(68.0, 0.02291233388557933)	(69.0, 0.01186741396124878)	(70.0, 0.005992456554689978)	(71.0, 0.0037012231661320456)	(72.0, 0.0018799863700988168)	(73.0, 0.0013512402035085246)	(74.0, 0.0009399931850494084)	(75.0, 0.0009987427591149965)	(76.0, 0.0009399931850494084)	(77.0, 0.0007637444628526442)	(78.0, 0.0007049948887870562)	(79.0, 0.0003524974443935281)	(80.0, 0.0005287461665902922)	(81.0, 0.0002937478703279401)	(82.0, 0.0005874957406558802)	(83.0, 0.00011749914813117605)	(84.0, 0.00017624872219676406)	(85.0, 0.0002937478703279401)	(86.0, 0.00017624872219676406)	(87.0, 5.8749574065588024e-05)	(88.0, 0.00011749914813117605)	(89.0, 0.00017624872219676406)	(90.0, 0.00011749914813117605)	(91.0, 0.00011749914813117605)	(92.0, 5.8749574065588024e-05)	(93.0, 5.8749574065588024e-05)	(94.0, 0.0)	(95.0, 5.8749574065588024e-05)	(96.0, 5.8749574065588024e-05)	(97.0, 0.0)	(98.0, 5.8749574065588024e-05)	(99.0, 5.8749574065588024e-05)	(100.0, 0.0)
SRR6419103_1	(0.0, 0.0)	(1.0, 0.0)	(2.0, 0.0)	(3.0, 0.0)	(4.0, 0.0)	(5.0, 0.0)	(6.0, 0.0)	(7.0, 0.0)	(8.0, 0.0)	(9.0, 0.0)	(10.0, 0.0)	(11.0, 0.0)	(12.0, 0.0)	(13.0, 0.0)	(14.0, 0.0)	(15.0, 0.0)	(16.0, 0.0)	(17.0, 0.0)	(18.0, 0.0)	(19.0, 0.0)	(20.0, 0.0)	(21.0, 0.0)	(22.0, 0.0)	(23.0, 0.0)	(24.0, 0.0)	(25.0, 5.4133352099562056e-05)	(26.0, 0.0)	(27.0, 0.0)	(28.0, 0.0)	(29.0, 0.0)	(30.0, 0.0)	(31.0, 0.0)	(32.0, 0.0)	(33.0, 5.4133352099562056e-05)	(34.0, 5.4133352099562056e-05)	(35.0, 0.00021653340839824823)	(36.0, 0.0016240005629868618)	(37.0, 0.006279468843549198)	(38.0, 0.008877869744328177)	(39.0, 0.0038434679990689067)	(40.0, 0.004980268393159709)	(41.0, 0.013316804616492268)	(42.0, 0.04520134900313432)	(43.0, 0.13251844593972792)	(44.0, 0.24895928630588593)	(45.0, 0.592327138673408)	(46.0, 0.8466997601892502)	(47.0, 0.9244352538042214)	(48.0, 1.7794715502168041)	(49.0, 3.3446832928235413)	(50.0, 8.251817527296742)	(51.0, 14.666132550925951)	(52.0, 11.952752410287502)	(53.0, 11.192449480049154)	(54.0, 10.52525591542205)	(55.0, 10.233152347492814)	(56.0, 10.519571913451596)	(57.0, 5.518353913029356)	(58.0, 2.9576298253116726)	(59.0, 1.7598211434046631)	(60.0, 1.525098928700962)	(61.0, 1.2520503007107708)	(62.0, 0.8007946776088216)	(63.0, 0.4008033389451575)	(64.0, 0.14556458379572237)	(65.0, 0.07356722550330484)	(66.0, 0.06431042229427973)	(67.0, 0.05716481981713754)	(68.0, 0.08769603040129054)	(69.0, 0.03832641328648994)	(70.0, 0.015861072165171686)	(71.0, 0.005305068505757082)	(72.0, 0.0017322672671859858)	(73.0, 0.0007037335772943068)	(74.0, 0.0002706667604978103)	(75.0, 0.0)	(76.0, 0.0)	(77.0, 0.0)	(78.0, 5.4133352099562056e-05)	(79.0, 0.0)	(80.0, 5.4133352099562056e-05)	(81.0, 0.0)	(82.0, 0.0)	(83.0, 5.4133352099562056e-05)	(84.0, 0.0)	(85.0, 0.0)	(86.0, 0.0)	(87.0, 5.4133352099562056e-05)	(88.0, 0.0)	(89.0, 0.0)	(90.0, 0.0)	(91.0, 0.0)	(92.0, 0.0)	(93.0, 0.0)	(94.0, 0.0)	(95.0, 0.0)	(96.0, 0.0)	(97.0, 0.0)	(98.0, 0.0)	(99.0, 0.0)	(100.0, 0.0)
SRR6419103_2	(0.0, 0.0)	(1.0, 0.0)	(2.0, 0.0)	(3.0, 0.0)	(4.0, 0.0)	(5.0, 0.0)	(6.0, 0.0)	(7.0, 0.0)	(8.0, 0.0)	(9.0, 0.0)	(10.0, 0.0)	(11.0, 0.0)	(12.0, 0.0)	(13.0, 0.0)	(14.0, 0.0)	(15.0, 0.0)	(16.0, 0.0)	(17.0, 0.0)	(18.0, 0.0)	(19.0, 0.0)	(20.0, 0.0)	(21.0, 0.0)	(22.0, 0.0)	(23.0, 0.0)	(24.0, 0.0)	(25.0, 0.0)	(26.0, 0.0)	(27.0, 0.0)	(28.0, 0.0)	(29.0, 0.0)	(30.0, 0.0)	(31.0, 5.405811571788367e-05)	(32.0, 5.405811571788367e-05)	(33.0, 5.405811571788367e-05)	(34.0, 0.00016217434715365102)	(35.0, 0.0003784068100251857)	(36.0, 0.00027029057858941836)	(37.0, 0.00027029057858941836)	(38.0, 0.000486523041460953)	(39.0, 0.0005946392728967203)	(40.0, 0.0011892785457934406)	(41.0, 0.0032434869430730197)	(42.0, 0.006000450844685087)	(43.0, 0.009189879672040224)	(44.0, 0.014811923706700125)	(45.0, 0.02562354685027686)	(46.0, 0.04438171300438249)	(47.0, 0.09065546005889091)	(48.0, 0.20466402610790757)	(49.0, 0.45354759087304397)	(50.0, 1.059917474880545)	(51.0, 1.6542323990829582)	(52.0, 4.165880571567269)	(53.0, 11.911597682204231)	(54.0, 13.585128828598473)	(55.0, 15.706585521831098)	(56.0, 17.149666920920005)	(57.0, 13.743681281999026)	(58.0, 8.405172064279425)	(59.0, 5.301209117874262)	(60.0, 3.350467954078712)	(61.0, 1.4835168696458816)	(62.0, 0.7052421776555103)	(63.0, 0.35240485636488367)	(64.0, 0.18985210240120745)	(65.0, 0.12930701279717774)	(66.0, 0.10617013926992352)	(67.0, 0.060869438298337006)	(68.0, 0.03513777521662438)	(69.0, 0.018595991806951984)	(70.0, 0.010054809523526363)	(71.0, 0.005838276497531436)	(72.0, 0.0028650801330478344)	(73.0, 0.002000150281561696)	(74.0, 0.0015676853558186262)	(75.0, 0.001459569124382859)	(76.0, 0.0007027555043324877)	(77.0, 0.0005946392728967203)	(78.0, 0.0007568136200503714)	(79.0, 0.0005946392728967203)	(80.0, 0.00032434869430730205)	(81.0, 0.000486523041460953)	(82.0, 0.0003784068100251857)	(83.0, 0.00021623246287153468)	(84.0, 0.00010811623143576734)	(85.0, 0.0003784068100251857)	(86.0, 0.00032434869430730205)	(87.0, 0.00010811623143576734)	(88.0, 0.00016217434715365102)	(89.0, 0.00021623246287153468)	(90.0, 0.00021623246287153468)	(91.0, 5.405811571788367e-05)	(92.0, 0.00010811623143576734)	(93.0, 5.405811571788367e-05)	(94.0, 0.0)	(95.0, 0.0)	(96.0, 5.405811571788367e-05)	(97.0, 5.405811571788367e-05)	(98.0, 5.405811571788367e-05)	(99.0, 0.0)	(100.0, 0.0)
SRR6419104_1	(0.0, 0.0)	(1.0, 0.0)	(2.0, 0.0)	(3.0, 0.0)	(4.0, 0.0)	(5.0, 0.0)	(6.0, 0.0)	(7.0, 0.0)	(8.0, 0.0)	(9.0, 0.0)	(10.0, 0.0)	(11.0, 0.0)	(12.0, 0.0)	(13.0, 0.0)	(14.0, 0.0)	(15.0, 0.0)	(16.0, 0.0)	(17.0, 0.0)	(18.0, 0.0)	(19.0, 0.0)	(20.0, 0.0)	(21.0, 0.0)	(22.0, 0.0)	(23.0, 0.0)	(24.0, 0.0)	(25.0, 0.0)	(26.0, 0.0)	(27.0, 0.0)	(28.0, 0.0)	(29.0, 0.0)	(30.0, 0.0)	(31.0, 0.0)	(32.0, 0.0)	(33.0, 0.0)	(34.0, 0.0)	(35.0, 0.00015915794834794048)	(36.0, 5.3052649449313494e-05)	(37.0, 0.00015915794834794048)	(38.0, 0.00021221059779725398)	(39.0, 0.0009018950406383295)	(40.0, 0.0016976847823780318)	(41.0, 0.0029178957197122423)	(42.0, 0.004880843749336842)	(43.0, 0.008965897756933981)	(44.0, 0.01591579483479405)	(45.0, 0.03177853702013878)	(46.0, 0.0652547588226556)	(47.0, 0.11294909067758843)	(48.0, 0.20091038346455023)	(49.0, 0.5426755512170278)	(50.0, 1.4044627888716763)	(51.0, 1.8531820979139697)	(52.0, 3.245973303906797)	(53.0, 8.283905948263056)	(54.0, 11.183021030070242)	(55.0, 15.317997580799187)	(56.0, 16.4219171105405)	(57.0, 14.426023385607877)	(58.0, 10.43428898839208)	(59.0, 7.081520701143814)	(60.0, 4.565180485113427)	(61.0, 2.196379687201579)	(62.0, 1.1413216476030812)	(63.0, 0.6350932665577319)	(64.0, 0.3364068501580969)	(65.0, 0.19634785561190923)	(66.0, 0.12562867389597435)	(67.0, 0.07443286717738684)	(68.0, 0.04159327716826178)	(69.0, 0.019894743543492563)	(70.0, 0.009125055705281921)	(71.0, 0.004085054007597139)	(72.0, 0.0029178957197122423)	(73.0, 0.001909895380175286)	(74.0, 0.0014324215351314644)	(75.0, 0.000954947690087643)	(76.0, 0.0011671582878848969)	(77.0, 0.0007957897417397025)	(78.0, 0.0005305264944931349)	(79.0, 0.0006366317933917619)	(80.0, 0.00031831589669588096)	(81.0, 0.00015915794834794048)	(82.0, 0.00026526324724656747)	(83.0, 0.00031831589669588096)	(84.0, 0.00026526324724656747)	(85.0, 0.00015915794834794048)	(86.0, 0.00015915794834794048)	(87.0, 0.00021221059779725398)	(88.0, 0.00010610529889862699)	(89.0, 0.00010610529889862699)	(90.0, 0.00010610529889862699)	(91.0, 0.0)	(92.0, 0.0)	(93.0, 5.3052649449313494e-05)	(94.0, 5.3052649449313494e-05)	(95.0, 5.3052649449313494e-05)	(96.0, 0.0)	(97.0, 0.0)	(98.0, 5.3052649449313494e-05)	(99.0, 5.3052649449313494e-05)	(100.0, 0.0)
SRR6419104_2	(0.0, 0.0)	(1.0, 0.0)	(2.0, 0.0)	(3.0, 0.0)	(4.0, 0.0)	(5.0, 0.0)	(6.0, 0.0)	(7.0, 0.0)	(8.0, 0.0)	(9.0, 0.0)	(10.0, 0.0)	(11.0, 0.0)	(12.0, 0.0)	(13.0, 0.0)	(14.0, 0.0)	(15.0, 0.0)	(16.0, 0.0)	(17.0, 0.0)	(18.0, 0.0)	(19.0, 0.0)	(20.0, 0.0)	(21.0, 0.0)	(22.0, 0.0)	(23.0, 0.0)	(24.0, 0.0)	(25.0, 0.0)	(26.0, 0.0)	(27.0, 0.0)	(28.0, 0.0)	(29.0, 0.0)	(30.0, 0.0)	(31.0, 0.0)	(32.0, 5.316044140177705e-05)	(33.0, 5.316044140177705e-05)	(34.0, 5.316044140177705e-05)	(35.0, 0.0006379252968213246)	(36.0, 0.0020732572146693047)	(37.0, 0.006645055175222131)	(38.0, 0.007708264003257672)	(39.0, 0.003987033105133279)	(40.0, 0.006166611202606137)	(41.0, 0.019190919346041516)	(42.0, 0.07915589724724602)	(43.0, 0.333581769796151)	(44.0, 0.6797094037631213)	(45.0, 0.5344750778534665)	(46.0, 0.7711985234155796)	(47.0, 1.076977382358601)	(48.0, 2.228910987093708)	(49.0, 5.156031211558356)	(50.0, 7.005908251457393)	(51.0, 10.095327303521668)	(52.0, 10.283462105642556)	(53.0, 13.123824489739503)	(54.0, 11.742450419914327)	(55.0, 10.21956325507762)	(56.0, 9.46309017393033)	(57.0, 5.870773346205248)	(58.0, 3.092714999431183)	(59.0, 2.170487661993155)	(60.0, 1.9689032681976166)	(61.0, 1.4388936674218993)	(62.0, 1.1903154434271899)	(63.0, 0.7062896244640099)	(64.0, 0.266333811422903)	(65.0, 0.113019098420178)	(66.0, 0.0880336909613428)	(67.0, 0.06884277161530128)	(68.0, 0.10807517736981273)	(69.0, 0.05055557977308998)	(70.0, 0.017596106103988204)	(71.0, 0.006432413409615023)	(72.0, 0.0018606154490621966)	(73.0, 0.0005316044140177705)	(74.0, 5.316044140177705e-05)	(75.0, 0.0)	(76.0, 0.0)	(77.0, 0.0)	(78.0, 5.316044140177705e-05)	(79.0, 0.0)	(80.0, 0.0)	(81.0, 0.0)	(82.0, 0.0)	(83.0, 0.0)	(84.0, 0.0)	(85.0, 0.0)	(86.0, 0.0)	(87.0, 0.0)	(88.0, 0.0)	(89.0, 0.0)	(90.0, 0.0)	(91.0, 0.0)	(92.0, 0.0)	(93.0, 0.0)	(94.0, 0.0)	(95.0, 0.0)	(96.0, 0.0)	(97.0, 0.0)	(98.0, 0.0)	(99.0, 0.0)	(100.0, 0.0)
SRR6419105_1	(0.0, 0.0)	(1.0, 0.0)	(2.0, 0.0)	(3.0, 0.0)	(4.0, 0.0)	(5.0, 0.0)	(6.0, 0.0)	(7.0, 0.0)	(8.0, 0.0)	(9.0, 0.0)	(10.0, 0.0)	(11.0, 0.0)	(12.0, 0.0)	(13.0, 0.0)	(14.0, 0.0)	(15.0, 0.0)	(16.0, 0.0)	(17.0, 0.0)	(18.0, 0.0)	(19.0, 0.0)	(20.0, 0.0)	(21.0, 0.0)	(22.0, 0.0)	(23.0, 0.0)	(24.0, 0.0)	(25.0, 0.0)	(26.0, 0.0)	(27.0, 0.0)	(28.0, 0.0)	(29.0, 0.0)	(30.0, 0.0)	(31.0, 0.0)	(32.0, 0.0)	(33.0, 0.0)	(34.0, 0.0)	(35.0, 0.0)	(36.0, 5.318105116602114e-05)	(37.0, 0.0)	(38.0, 0.0005849915628262325)	(39.0, 0.0010104399721544016)	(40.0, 0.0014358883814825708)	(41.0, 0.004041759888617606)	(42.0, 0.0065412692934206)	(43.0, 0.010955296540200355)	(44.0, 0.019038816317435567)	(45.0, 0.03031319916463205)	(46.0, 0.05722281105463874)	(47.0, 0.14412064865991728)	(48.0, 0.33525334655059724)	(49.0, 0.6380130708387556)	(50.0, 1.4152541336301545)	(51.0, 2.448296052530115)	(52.0, 6.465858562867181)	(53.0, 17.125096191226298)	(54.0, 16.18267478351324)	(55.0, 14.004219384599512)	(56.0, 12.95703130608939)	(57.0, 10.460606402254026)	(58.0, 6.73787963958138)	(59.0, 4.709235261802338)	(60.0, 3.2674437836403385)	(61.0, 1.333195771680984)	(62.0, 0.6557755419282066)	(63.0, 0.35625986176117563)	(64.0, 0.21197966994776024)	(65.0, 0.14406746760875128)	(66.0, 0.1144988031604435)	(67.0, 0.07333666955794314)	(68.0, 0.04350209985380529)	(69.0, 0.022229679387396836)	(70.0, 0.008668511340061445)	(71.0, 0.004626751451443839)	(72.0, 0.0016486125861466551)	(73.0, 0.0018081557396447186)	(74.0, 0.0010104399721544016)	(75.0, 0.000797715767490317)	(76.0, 0.000797715767490317)	(77.0, 0.0004786294604941902)	(78.0, 0.0006381726139922536)	(79.0, 0.0005318105116602113)	(80.0, 0.00021272420466408455)	(81.0, 0.0001595431534980634)	(82.0, 0.00026590525583010567)	(83.0, 0.0004254484093281691)	(84.0, 0.0001595431534980634)	(85.0, 0.00021272420466408455)	(86.0, 0.0001595431534980634)	(87.0, 5.318105116602114e-05)	(88.0, 0.00010636210233204228)	(89.0, 0.00010636210233204228)	(90.0, 0.0)	(91.0, 5.318105116602114e-05)	(92.0, 0.0)	(93.0, 0.0)	(94.0, 0.0)	(95.0, 0.0)	(96.0, 0.0)	(97.0, 5.318105116602114e-05)	(98.0, 0.0)	(99.0, 0.0)	(100.0, 0.0)
SRR6419105_2	(0.0, 0.0)	(1.0, 0.0)	(2.0, 0.0)	(3.0, 0.0)	(4.0, 0.0)	(5.0, 0.0)	(6.0, 0.0)	(7.0, 0.0)	(8.0, 0.0)	(9.0, 0.0)	(10.0, 0.0)	(11.0, 0.0)	(12.0, 0.0)	(13.0, 0.0)	(14.0, 0.0)	(15.0, 0.0)	(16.0, 0.0)	(17.0, 0.0)	(18.0, 0.0)	(19.0, 0.0)	(20.0, 0.0)	(21.0, 0.0)	(22.0, 0.0)	(23.0, 0.0)	(24.0, 0.0)	(25.0, 0.0)	(26.0, 0.0)	(27.0, 0.0)	(28.0, 0.0)	(29.0, 0.0)	(30.0, 0.0)	(31.0, 0.0)	(32.0, 0.0)	(33.0, 0.0)	(34.0, 0.00010678911818885655)	(35.0, 0.00026697279547214137)	(36.0, 0.00048055103184985453)	(37.0, 0.002509544277438129)	(38.0, 0.004271564727554262)	(39.0, 0.0022425714819659876)	(40.0, 0.003203673545665697)	(41.0, 0.008222762100541955)	(42.0, 0.024401313506153724)	(43.0, 0.07854339642790399)	(44.0, 0.21448594388231837)	(45.0, 0.5635261766825961)	(46.0, 0.7673332087460288)	(47.0, 1.1168005980190618)	(48.0, 2.260939210294471)	(49.0, 4.5937474971300425)	(50.0, 9.427770510185011)	(51.0, 16.52417438663)	(52.0, 16.334196545372027)	(53.0, 12.195851242758362)	(54.0, 8.827936033318204)	(55.0, 7.277091064420535)	(56.0, 6.5479883599861175)	(57.0, 3.7971006754411722)	(58.0, 2.5674773740555836)	(59.0, 1.4966494914168247)	(60.0, 1.7486184157834317)	(61.0, 1.5045518861628)	(62.0, 0.9063192460688256)	(63.0, 0.5044183997650639)	(64.0, 0.22762100541954775)	(65.0, 0.11164802306644953)	(66.0, 0.07875697466428172)	(67.0, 0.06316576340870865)	(68.0, 0.12152601649891875)	(69.0, 0.06631604239527991)	(70.0, 0.020183143337693887)	(71.0, 0.006300557973142536)	(72.0, 0.002295966041060416)	(73.0, 0.0006941292682275677)	(74.0, 0.00016018367728328484)	(75.0, 5.3394559094428276e-05)	(76.0, 0.0)	(77.0, 0.0)	(78.0, 0.0)	(79.0, 5.3394559094428276e-05)	(80.0, 0.0)	(81.0, 0.0)	(82.0, 0.0)	(83.0, 0.0)	(84.0, 0.0)	(85.0, 0.0)	(86.0, 0.0)	(87.0, 0.0)	(88.0, 0.0)	(89.0, 0.0)	(90.0, 0.0)	(91.0, 0.0)	(92.0, 0.0)	(93.0, 0.0)	(94.0, 0.0)	(95.0, 0.0)	(96.0, 0.0)	(97.0, 0.0)	(98.0, 0.0)	(99.0, 0.0)	(100.0, 0.0)
SRR6419106_1	(0.0, 0.0)	(1.0, 0.0)	(2.0, 0.0)	(3.0, 0.0)	(4.0, 0.0)	(5.0, 0.0)	(6.0, 0.0)	(7.0, 0.0)	(8.0, 0.0)	(9.0, 0.0)	(10.0, 0.0)	(11.0, 0.0)	(12.0, 0.0)	(13.0, 0.0)	(14.0, 0.0)	(15.0, 0.0)	(16.0, 0.0)	(17.0, 0.0)	(18.0, 0.0)	(19.0, 0.0)	(20.0, 0.0)	(21.0, 0.0)	(22.0, 0.0)	(23.0, 0.0)	(24.0, 0.0)	(25.0, 0.0)	(26.0, 0.0)	(27.0, 0.0)	(28.0, 0.0)	(29.0, 0.0)	(30.0, 0.0)	(31.0, 0.0)	(32.0, 0.00011313733798026092)	(33.0, 0.0001697060069703914)	(34.0, 0.0001697060069703914)	(35.0, 0.0006222553588914351)	(36.0, 0.0011879420487927398)	(37.0, 0.0027718647805163926)	(38.0, 0.003959806829309132)	(39.0, 0.0016970600697039139)	(40.0, 0.0016404914007137836)	(41.0, 0.0040729441672893935)	(42.0, 0.009786379735292571)	(43.0, 0.02964198255082836)	(44.0, 0.14979383548586547)	(45.0, 0.3113539541216781)	(46.0, 0.5449259883819267)	(47.0, 0.9812401323028029)	(48.0, 2.259692051479752)	(49.0, 3.922924057127567)	(50.0, 7.512658653903266)	(51.0, 15.789616594532186)	(52.0, 15.278971219558276)	(53.0, 11.553132405192326)	(54.0, 7.529006999241414)	(55.0, 8.687646477497267)	(56.0, 10.73565856961595)	(57.0, 6.27850000254559)	(58.0, 2.8219280525726584)	(59.0, 1.41789368823762)	(60.0, 1.305491742954231)	(61.0, 1.1111217963041427)	(62.0, 0.8716666204689203)	(63.0, 0.36667811239402565)	(64.0, 0.1793792493677037)	(65.0, 0.09622330595221192)	(66.0, 0.07195534695544595)	(67.0, 0.05040268407020624)	(68.0, 0.07218162163140647)	(69.0, 0.02918943319890732)	(70.0, 0.009277261714381396)	(71.0, 0.003563826146378219)	(72.0, 0.0013010793867730007)	(73.0, 0.0006222553588914351)	(74.0, 0.0)	(75.0, 5.656866899013046e-05)	(76.0, 5.656866899013046e-05)	(77.0, 0.0)	(78.0, 0.0)	(79.0, 0.0)	(80.0, 0.0)	(81.0, 0.0)	(82.0, 0.0)	(83.0, 0.0)	(84.0, 0.0)	(85.0, 0.0)	(86.0, 5.656866899013046e-05)	(87.0, 0.0)	(88.0, 0.0)	(89.0, 0.0)	(90.0, 0.0)	(91.0, 0.0)	(92.0, 0.0)	(93.0, 0.0)	(94.0, 0.0)	(95.0, 0.0)	(96.0, 0.0)	(97.0, 0.0)	(98.0, 0.0)	(99.0, 0.0)	(100.0, 0.0)
SRR6419106_2	(0.0, 0.0)	(1.0, 0.0)	(2.0, 0.0)	(3.0, 0.0)	(4.0, 0.0)	(5.0, 0.0)	(6.0, 0.0)	(7.0, 0.0)	(8.0, 0.0)	(9.0, 0.0)	(10.0, 0.0)	(11.0, 0.0)	(12.0, 0.0)	(13.0, 0.0)	(14.0, 0.0)	(15.0, 0.0)	(16.0, 0.0)	(17.0, 0.0)	(18.0, 0.0)	(19.0, 0.0)	(20.0, 0.0)	(21.0, 0.0)	(22.0, 0.0)	(23.0, 0.0)	(24.0, 0.0)	(25.0, 0.0)	(26.0, 0.0)	(27.0, 0.0)	(28.0, 0.0)	(29.0, 0.0)	(30.0, 0.0)	(31.0, 0.0)	(32.0, 0.0)	(33.0, 0.0)	(34.0, 0.0)	(35.0, 5.63362190622611e-05)	(36.0, 5.63362190622611e-05)	(37.0, 0.0001690086571867833)	(38.0, 0.0003380173143735666)	(39.0, 0.0006196984096848721)	(40.0, 0.0009577157240584387)	(41.0, 0.0015210779146810497)	(42.0, 0.002253448762490444)	(43.0, 0.004675906182167671)	(44.0, 0.008619441516525947)	(45.0, 0.013915046108378492)	(46.0, 0.026365350521138194)	(47.0, 0.08230721604996347)	(48.0, 0.2756531198716436)	(49.0, 0.3964379735411314)	(50.0, 0.5616721040507432)	(51.0, 1.0502197957586714)	(52.0, 4.0709678618771115)	(53.0, 14.898394812110258)	(54.0, 17.822526262536922)	(55.0, 17.178659614874338)	(56.0, 15.032869367011875)	(57.0, 11.846098463316952)	(58.0, 7.6109105228733505)	(59.0, 4.401210778020086)	(60.0, 2.48380756223603)	(61.0, 1.0811483800238526)	(62.0, 0.49558971909071087)	(63.0, 0.23666845628055885)	(64.0, 0.13554494306380022)	(65.0, 0.09481385668178544)	(66.0, 0.07565954220061666)	(67.0, 0.054139106518832913)	(68.0, 0.027323066245196634)	(69.0, 0.010084183212144738)	(70.0, 0.005295604591852543)	(71.0, 0.0038308628962337547)	(72.0, 0.0019717676671791385)	(73.0, 0.001633750352805572)	(74.0, 0.0008450432859339164)	(75.0, 0.0008450432859339164)	(76.0, 0.0004506897524980888)	(77.0, 0.0002816810953113055)	(78.0, 0.00039435353343582775)	(79.0, 0.0006760346287471332)	(80.0, 0.00039435353343582775)	(81.0, 5.63362190622611e-05)	(82.0, 5.63362190622611e-05)	(83.0, 0.0001126724381245222)	(84.0, 0.0001126724381245222)	(85.0, 0.0001690086571867833)	(86.0, 5.63362190622611e-05)	(87.0, 0.0)	(88.0, 0.0)	(89.0, 0.0)	(90.0, 0.0)	(91.0, 0.0001126724381245222)	(92.0, 0.0001126724381245222)	(93.0, 0.0001126724381245222)	(94.0, 5.63362190622611e-05)	(95.0, 5.63362190622611e-05)	(96.0, 5.63362190622611e-05)	(97.0, 0.0)	(98.0, 5.63362190622611e-05)	(99.0, 0.0)	(100.0, 0.0)
SRR6419107_1	(0.0, 0.0)	(1.0, 0.0)	(2.0, 0.0)	(3.0, 0.0)	(4.0, 0.0)	(5.0, 0.0)	(6.0, 0.0)	(7.0, 0.0)	(8.0, 0.0)	(9.0, 0.0)	(10.0, 0.0)	(11.0, 0.0)	(12.0, 0.0)	(13.0, 0.0)	(14.0, 0.0)	(15.0, 0.0)	(16.0, 0.0)	(17.0, 0.0)	(18.0, 0.0)	(19.0, 0.0)	(20.0, 0.0)	(21.0, 0.0)	(22.0, 0.0)	(23.0, 0.0)	(24.0, 0.0)	(25.0, 0.0)	(26.0, 5.0227253207135684e-05)	(27.0, 0.0)	(28.0, 0.0)	(29.0, 0.0)	(30.0, 0.0)	(31.0, 0.0)	(32.0, 5.0227253207135684e-05)	(33.0, 0.0)	(34.0, 5.0227253207135684e-05)	(35.0, 0.0)	(36.0, 0.0)	(37.0, 0.00010045450641427137)	(38.0, 5.0227253207135684e-05)	(39.0, 0.00015068175962140707)	(40.0, 0.0008538633045213067)	(41.0, 0.001757953862249749)	(42.0, 0.003164316952049548)	(43.0, 0.006579770170134775)	(44.0, 0.010849086692741308)	(45.0, 0.020944764587375583)	(46.0, 0.049976116941100004)	(47.0, 0.09447746328262221)	(48.0, 0.21753423364010466)	(49.0, 0.41864415548147593)	(50.0, 1.0217730119927613)	(51.0, 1.8304820158808528)	(52.0, 4.8120722207628415)	(53.0, 14.639285447004974)	(54.0, 16.9756563571881)	(55.0, 16.129226686141447)	(56.0, 15.297513600284487)	(57.0, 12.039070775724767)	(58.0, 7.1798351642004254)	(59.0, 4.476704851098797)	(60.0, 2.6811307761969028)	(61.0, 1.0499002737887573)	(62.0, 0.437178011914909)	(63.0, 0.20347060274210665)	(64.0, 0.12039472593750424)	(65.0, 0.08774701135286604)	(66.0, 0.08197087723404543)	(67.0, 0.050528616726378504)	(68.0, 0.02571635364205347)	(69.0, 0.013209767593476687)	(70.0, 0.006931360942584725)	(71.0, 0.0038674984969494478)	(72.0, 0.001908635621871156)	(73.0, 0.0011552268237641208)	(74.0, 0.0012054540769712565)	(75.0, 0.0011552268237641208)	(76.0, 0.0009040905577284423)	(77.0, 0.0007031815448998996)	(78.0, 0.0007534087981070353)	(79.0, 0.0007031815448998996)	(80.0, 0.0005524997852784925)	(81.0, 0.00020090901282854274)	(82.0, 0.0002511362660356784)	(83.0, 0.00015068175962140707)	(84.0, 0.0002511362660356784)	(85.0, 0.00020090901282854274)	(86.0, 0.00020090901282854274)	(87.0, 5.0227253207135684e-05)	(88.0, 0.00010045450641427137)	(89.0, 5.0227253207135684e-05)	(90.0, 5.0227253207135684e-05)	(91.0, 0.00015068175962140707)	(92.0, 0.00010045450641427137)	(93.0, 0.00010045450641427137)	(94.0, 0.00010045450641427137)	(95.0, 0.0)	(96.0, 0.0)	(97.0, 0.0)	(98.0, 5.0227253207135684e-05)	(99.0, 5.0227253207135684e-05)	(100.0, 0.0)
SRR6419107_2	(0.0, 0.0)	(1.0, 0.0)	(2.0, 0.0)	(3.0, 0.0)	(4.0, 0.0)	(5.0, 0.0)	(6.0, 0.0)	(7.0, 0.0)	(8.0, 0.0)	(9.0, 0.0)	(10.0, 0.0)	(11.0, 0.0)	(12.0, 0.0)	(13.0, 0.0)	(14.0, 0.0)	(15.0, 0.0)	(16.0, 0.0)	(17.0, 0.0)	(18.0, 0.0)	(19.0, 0.0)	(20.0, 0.0)	(21.0, 0.0)	(22.0, 0.0)	(23.0, 0.0)	(24.0, 0.0)	(25.0, 0.0)	(26.0, 0.0)	(27.0, 0.0)	(28.0, 0.0)	(29.0, 0.0)	(30.0, 0.0)	(31.0, 0.00010061101066778546)	(32.0, 0.0)	(33.0, 0.0001509165160016782)	(34.0, 0.0003018330320033564)	(35.0, 0.0009558046013439619)	(36.0, 0.0051311615440570585)	(37.0, 0.021480450777572196)	(38.0, 0.044872510757832315)	(39.0, 0.01966945258555206)	(40.0, 0.0056845221027298784)	(41.0, 0.009658657024107405)	(42.0, 0.03380529958437592)	(43.0, 0.10961569612255226)	(44.0, 0.2789440270764352)	(45.0, 0.8418626317626949)	(46.0, 0.8994121298646681)	(47.0, 0.839447967506668)	(48.0, 1.6813609047746967)	(49.0, 3.87015344185237)	(50.0, 9.210938026635759)	(51.0, 16.827895811261794)	(52.0, 13.69637810422697)	(53.0, 10.09862897375763)	(54.0, 9.2386060545694)	(55.0, 8.997743295030721)	(56.0, 9.910687605830207)	(57.0, 5.421474615338953)	(58.0, 2.931603628837933)	(59.0, 1.5582130277173274)	(60.0, 1.2113565684401368)	(61.0, 0.9117872841768058)	(62.0, 0.6175000779735332)	(63.0, 0.3207479020089)	(64.0, 0.11982771370533249)	(65.0, 0.06202668807668974)	(66.0, 0.051412226451238364)	(67.0, 0.041149903363124254)	(68.0, 0.06459226884871827)	(69.0, 0.030283914211003425)	(70.0, 0.010111406572112439)	(71.0, 0.003018330320033564)	(72.0, 0.0008551935906761765)	(73.0, 0.0003018330320033564)	(74.0, 5.030550533389273e-05)	(75.0, 0.0)	(76.0, 5.030550533389273e-05)	(77.0, 0.0)	(78.0, 5.030550533389273e-05)	(79.0, 5.030550533389273e-05)	(80.0, 5.030550533389273e-05)	(81.0, 0.0)	(82.0, 0.0)	(83.0, 0.0)	(84.0, 0.0)	(85.0, 0.0)	(86.0, 0.0)	(87.0, 0.0)	(88.0, 0.0)	(89.0, 0.0)	(90.0, 0.0)	(91.0, 0.0)	(92.0, 0.0)	(93.0, 0.0)	(94.0, 0.0)	(95.0, 0.0)	(96.0, 0.0)	(97.0, 0.0)	(98.0, 0.0)	(99.0, 0.0)	(100.0, 0.0)
SRR6419108_1	(0.0, 0.0)	(1.0, 0.0)	(2.0, 0.0)	(3.0, 0.0)	(4.0, 0.0)	(5.0, 0.0)	(6.0, 0.0)	(7.0, 0.0)	(8.0, 0.0)	(9.0, 0.0)	(10.0, 0.0)	(11.0, 0.0)	(12.0, 0.0)	(13.0, 0.0)	(14.0, 0.0)	(15.0, 0.0)	(16.0, 0.0)	(17.0, 0.0)	(18.0, 0.0)	(19.0, 0.0)	(20.0, 0.0)	(21.0, 0.0)	(22.0, 0.0)	(23.0, 0.0)	(24.0, 0.0)	(25.0, 0.0)	(26.0, 0.0)	(27.0, 0.0)	(28.0, 0.0)	(29.0, 0.0)	(30.0, 0.0)	(31.0, 0.00011304378298758892)	(32.0, 0.0001695656744813834)	(33.0, 0.00011304378298758892)	(34.0, 0.0001695656744813834)	(35.0, 0.0010739159383820946)	(36.0, 0.0061608861728235965)	(37.0, 0.02990008060021727)	(38.0, 0.040808805658519604)	(39.0, 0.013734819632992053)	(40.0, 0.00785654291763743)	(41.0, 0.020234837154778418)	(42.0, 0.08382196508529718)	(43.0, 0.16413957289797912)	(44.0, 0.2930660073953243)	(45.0, 0.7809064528782643)	(46.0, 0.7364802461641418)	(47.0, 0.7962238854730826)	(48.0, 1.8683311233273758)	(49.0, 3.217452151392756)	(50.0, 6.033655395071065)	(51.0, 11.30211742309914)	(52.0, 12.061319469643788)	(53.0, 12.715616885575953)	(54.0, 9.655182548752958)	(55.0, 9.934400692732302)	(56.0, 13.161461565679003)	(57.0, 7.296241407259446)	(58.0, 3.158443296673234)	(59.0, 1.798130934092083)	(60.0, 1.313681802098771)	(61.0, 1.1328682712101223)	(62.0, 1.0819420469742136)	(63.0, 0.6485887048912915)	(64.0, 0.2728311702405459)	(65.0, 0.10676985303177773)	(66.0, 0.1195438005093753)	(67.0, 0.08240891779795233)	(68.0, 0.04018706485208786)	(69.0, 0.01610873907573142)	(70.0, 0.0049739264514539125)	(71.0, 0.0013000035043572726)	(72.0, 0.00045217513195035567)	(73.0, 0.0005086970234441502)	(74.0, 5.652189149379446e-05)	(75.0, 0.0001695656744813834)	(76.0, 5.652189149379446e-05)	(77.0, 0.00011304378298758892)	(78.0, 0.00011304378298758892)	(79.0, 0.0)	(80.0, 0.0)	(81.0, 0.0)	(82.0, 0.0)	(83.0, 0.0)	(84.0, 0.0)	(85.0, 0.0)	(86.0, 0.0)	(87.0, 0.0)	(88.0, 0.0)	(89.0, 0.0)	(90.0, 0.0)	(91.0, 0.0)	(92.0, 0.0)	(93.0, 0.0)	(94.0, 0.0)	(95.0, 0.0)	(96.0, 0.0)	(97.0, 0.0)	(98.0, 0.0)	(99.0, 0.0)	(100.0, 0.0)
SRR6419108_2	(0.0, 0.0)	(1.0, 0.0)	(2.0, 0.0)	(3.0, 0.0)	(4.0, 0.0)	(5.0, 0.0)	(6.0, 0.0)	(7.0, 0.0)	(8.0, 0.0)	(9.0, 0.0)	(10.0, 0.0)	(11.0, 0.0)	(12.0, 0.0)	(13.0, 0.0)	(14.0, 0.0)	(15.0, 0.0)	(16.0, 0.0)	(17.0, 0.0)	(18.0, 0.0)	(19.0, 0.0)	(20.0, 0.0)	(21.0, 0.0)	(22.0, 0.0)	(23.0, 0.0)	(24.0, 0.0)	(25.0, 0.0)	(26.0, 0.0)	(27.0, 0.0)	(28.0, 0.0)	(29.0, 0.0)	(30.0, 0.0)	(31.0, 5.6537901595782276e-05)	(32.0, 5.6537901595782276e-05)	(33.0, 5.6537901595782276e-05)	(34.0, 0.0)	(35.0, 5.6537901595782276e-05)	(36.0, 5.6537901595782276e-05)	(37.0, 0.00011307580319156455)	(38.0, 0.00033922740957469366)	(39.0, 0.0006219169175536051)	(40.0, 0.0009611443271282986)	(41.0, 0.0023745918670228555)	(42.0, 0.006049555470748703)	(43.0, 0.0133994826782004)	(44.0, 0.01566099874203169)	(45.0, 0.03160468699204229)	(46.0, 0.08243226052665055)	(47.0, 0.12415723190433788)	(48.0, 0.22609506848153332)	(49.0, 0.39717875871037045)	(50.0, 0.9820633507187381)	(51.0, 2.031406804336457)	(52.0, 3.9077866824972793)	(53.0, 9.573393263509026)	(54.0, 14.43135592022502)	(55.0, 16.793000607782442)	(56.0, 16.785876832181373)	(57.0, 14.70601704617733)	(58.0, 8.987095223960763)	(59.0, 5.223932493745495)	(60.0, 3.0122828591216835)	(61.0, 1.2735727713465916)	(62.0, 0.574651231819531)	(63.0, 0.29343170928211)	(64.0, 0.16678680970755771)	(65.0, 0.09390945455059435)	(66.0, 0.07864422111973314)	(67.0, 0.08667260314633422)	(68.0, 0.04918797438833057)	(69.0, 0.020014417164906925)	(70.0, 0.00972451907447455)	(71.0, 0.005088411143620405)	(72.0, 0.0029399708829806782)	(73.0, 0.002091902359043944)	(74.0, 0.0014134475398945568)	(75.0, 0.0017526749494692503)	(76.0, 0.0012438338351072101)	(77.0, 0.0006784548191493873)	(78.0, 0.00039576531117047596)	(79.0, 0.00033922740957469366)	(80.0, 0.0005653790159578227)	(81.0, 0.0002261516063831291)	(82.0, 0.00011307580319156455)	(83.0, 0.00016961370478734683)	(84.0, 0.00016961370478734683)	(85.0, 5.6537901595782276e-05)	(86.0, 5.6537901595782276e-05)	(87.0, 5.6537901595782276e-05)	(88.0, 0.00016961370478734683)	(89.0, 5.6537901595782276e-05)	(90.0, 5.6537901595782276e-05)	(91.0, 0.0)	(92.0, 0.00016961370478734683)	(93.0, 5.6537901595782276e-05)	(94.0, 0.0)	(95.0, 0.0)	(96.0, 5.6537901595782276e-05)	(97.0, 0.0)	(98.0, 0.0)	(99.0, 0.0)	(100.0, 0.0)
SRR6419109_1	(0.0, 0.0)	(1.0, 0.0)	(2.0, 0.0)	(3.0, 0.0)	(4.0, 0.0)	(5.0, 0.0)	(6.0, 0.0)	(7.0, 0.0)	(8.0, 0.0)	(9.0, 0.0)	(10.0, 0.0)	(11.0, 0.0)	(12.0, 0.0)	(13.0, 0.0)	(14.0, 0.0)	(15.0, 0.0)	(16.0, 0.0)	(17.0, 0.0)	(18.0, 0.0)	(19.0, 0.0)	(20.0, 0.0)	(21.0, 0.0)	(22.0, 0.0)	(23.0, 0.0)	(24.0, 0.0)	(25.0, 0.0)	(26.0, 0.0)	(27.0, 0.0)	(28.0, 0.0)	(29.0, 0.0)	(30.0, 0.0)	(31.0, 0.0)	(32.0, 5.724363865754509e-05)	(33.0, 0.00011448727731509018)	(34.0, 0.0004579491092603607)	(35.0, 0.0024614764622744385)	(36.0, 0.013509498723180639)	(37.0, 0.05833126779203844)	(38.0, 0.08895661447382507)	(39.0, 0.02896528116071781)	(40.0, 0.00967417493312512)	(41.0, 0.01860418256370215)	(42.0, 0.05644222771633945)	(43.0, 0.2183844814785345)	(44.0, 0.7263645309255896)	(45.0, 2.620098584994496)	(46.0, 1.7580093868118671)	(47.0, 1.0412045435420874)	(48.0, 1.9030647671700862)	(49.0, 3.7332583823291174)	(50.0, 10.3219439481739)	(51.0, 19.4872801772721)	(52.0, 14.309650304335806)	(53.0, 8.939910780064789)	(54.0, 8.821817153514273)	(55.0, 8.727136175174694)	(56.0, 7.874663908286532)	(57.0, 4.219085143615703)	(58.0, 2.3046861359914224)	(59.0, 1.086942210829466)	(60.0, 0.6469676041075745)	(61.0, 0.44174915952027544)	(62.0, 0.27001824354764015)	(63.0, 0.1206123466514475)	(64.0, 0.04321894718644654)	(65.0, 0.024557520984086843)	(66.0, 0.02547341920260756)	(67.0, 0.015169564244249447)	(68.0, 0.019978029891483236)	(69.0, 0.011162509538221291)	(70.0, 0.006926480277562955)	(71.0, 0.0020607709916716233)	(72.0, 0.0006296800252329959)	(73.0, 0.00022897455463018036)	(74.0, 0.00011448727731509018)	(75.0, 5.724363865754509e-05)	(76.0, 0.0)	(77.0, 0.0)	(78.0, 0.0)	(79.0, 0.0)	(80.0, 0.0)	(81.0, 0.0)	(82.0, 0.0)	(83.0, 0.0)	(84.0, 0.0)	(85.0, 0.0)	(86.0, 0.0)	(87.0, 0.0)	(88.0, 0.0)	(89.0, 0.0)	(90.0, 0.0)	(91.0, 0.0)	(92.0, 0.0)	(93.0, 0.0)	(94.0, 0.0)	(95.0, 0.0)	(96.0, 0.0)	(97.0, 0.0)	(98.0, 0.0)	(99.0, 0.0)	(100.0, 0.0)
SRR6419109_2	(0.0, 0.0)	(1.0, 0.0)	(2.0, 0.0)	(3.0, 0.0)	(4.0, 0.0)	(5.0, 0.0)	(6.0, 0.0)	(7.0, 0.0)	(8.0, 0.0)	(9.0, 0.0)	(10.0, 0.0)	(11.0, 0.0)	(12.0, 0.0)	(13.0, 0.0)	(14.0, 0.0)	(15.0, 0.0)	(16.0, 0.0)	(17.0, 0.0)	(18.0, 0.0)	(19.0, 0.0)	(20.0, 0.0)	(21.0, 0.0)	(22.0, 0.0)	(23.0, 0.0)	(24.0, 0.0)	(25.0, 0.0)	(26.0, 0.0)	(27.0, 0.0)	(28.0, 0.0)	(29.0, 0.0)	(30.0, 0.0)	(31.0, 5.701650855988843e-05)	(32.0, 0.00011403301711977687)	(33.0, 0.0001710495256796653)	(34.0, 0.0001710495256796653)	(35.0, 0.0)	(36.0, 0.00011403301711977687)	(37.0, 0.0003420990513593306)	(38.0, 0.0006271815941587727)	(39.0, 0.000798231119838438)	(40.0, 0.0018815447824763183)	(41.0, 0.0024517098680752027)	(42.0, 0.004903419736150405)	(43.0, 0.0071270635699860535)	(44.0, 0.017333018602206082)	(45.0, 0.03592040039272971)	(46.0, 0.08096344215504157)	(47.0, 0.1256073683574342)	(48.0, 0.2602803615758907)	(49.0, 0.6005548846613048)	(50.0, 1.8161468471581261)	(51.0, 2.837255498957168)	(52.0, 6.092327972641199)	(53.0, 16.20004356061254)	(54.0, 17.015208583493266)	(55.0, 14.453912985965955)	(56.0, 12.401204644792854)	(57.0, 10.410131149372988)	(58.0, 7.328902010288059)	(59.0, 5.1249288719055714)	(60.0, 3.048387630154435)	(61.0, 1.161597328890607)	(62.0, 0.4735221035898734)	(63.0, 0.2163776499847766)	(64.0, 0.10308584747627829)	(65.0, 0.060323466056361956)	(66.0, 0.041508018231598776)	(67.0, 0.028565270788504103)	(68.0, 0.018758431316203292)	(69.0, 0.01123225218629802)	(70.0, 0.005986733398788285)	(71.0, 0.0029648584451141984)	(72.0, 0.002394693359515314)	(73.0, 0.0012543631883175455)	(74.0, 0.0008552476283983265)	(75.0, 0.0007412146112785496)	(76.0, 0.000399115559919219)	(77.0, 0.0005701650855988843)	(78.0, 0.0005701650855988843)	(79.0, 0.00028508254279944215)	(80.0, 0.0003420990513593306)	(81.0, 0.00022806603423955373)	(82.0, 5.701650855988843e-05)	(83.0, 0.0001710495256796653)	(84.0, 0.0)	(85.0, 5.701650855988843e-05)	(86.0, 5.701650855988843e-05)	(87.0, 0.0)	(88.0, 0.0)	(89.0, 5.701650855988843e-05)	(90.0, 5.701650855988843e-05)	(91.0, 5.701650855988843e-05)	(92.0, 0.0)	(93.0, 5.701650855988843e-05)	(94.0, 0.0)	(95.0, 0.0)	(96.0, 0.0)	(97.0, 0.0)	(98.0, 0.0)	(99.0, 0.0)	(100.0, 0.0)
SRR6419110_1	(0.0, 0.0)	(1.0, 0.0)	(2.0, 0.0)	(3.0, 0.0)	(4.0, 0.0)	(5.0, 0.0)	(6.0, 0.0)	(7.0, 0.0)	(8.0, 0.0)	(9.0, 0.0)	(10.0, 0.0)	(11.0, 0.0)	(12.0, 0.0)	(13.0, 0.0)	(14.0, 0.0)	(15.0, 0.0)	(16.0, 0.0)	(17.0, 0.0)	(18.0, 0.0)	(19.0, 0.0)	(20.0, 0.0)	(21.0, 0.0)	(22.0, 0.0)	(23.0, 0.0)	(24.0, 0.0)	(25.0, 0.0)	(26.0, 0.0)	(27.0, 0.0)	(28.0, 0.0)	(29.0, 0.0)	(30.0, 0.0)	(31.0, 9.725691727667017e-05)	(32.0, 0.0003403992104683455)	(33.0, 0.0004376561277450157)	(34.0, 0.0020423952628100734)	(35.0, 0.009725691727667015)	(36.0, 0.05655489739638369)	(37.0, 0.2566123762344942)	(38.0, 0.3608231630964463)	(39.0, 0.09740280265258516)	(40.0, 0.02815587755159601)	(41.0, 0.030490043566236094)	(42.0, 0.09020579077411157)	(43.0, 0.2728056529610598)	(44.0, 0.9778696747582801)	(45.0, 3.6607989947525033)	(46.0, 1.876766732687904)	(47.0, 1.097301169174031)	(48.0, 2.173546215757663)	(49.0, 3.2401141990722664)	(50.0, 7.862832734149676)	(51.0, 14.056396368621224)	(52.0, 14.217064795962282)	(53.0, 10.746743473696137)	(54.0, 7.846785342799024)	(55.0, 7.985911362963302)	(56.0, 9.962074665107963)	(57.0, 6.08803987922636)	(58.0, 2.6375589680846563)	(59.0, 1.3705444782628358)	(60.0, 0.7466899823916351)	(61.0, 0.6720452983817908)	(62.0, 0.7203819862682959)	(63.0, 0.46644417525891)	(64.0, 0.18969961714814515)	(65.0, 0.07075440731877754)	(66.0, 0.06438407923715564)	(67.0, 0.04026436375254144)	(68.0, 0.013275569208265477)	(69.0, 0.006175814247068555)	(70.0, 0.0021396521800867434)	(71.0, 0.0005349130450216858)	(72.0, 0.0003403992104683455)	(73.0, 0.00014588537591500524)	(74.0, 0.00019451383455334033)	(75.0, 9.725691727667017e-05)	(76.0, 9.725691727667017e-05)	(77.0, 4.862845863833508e-05)	(78.0, 4.862845863833508e-05)	(79.0, 0.0)	(80.0, 9.725691727667017e-05)	(81.0, 9.725691727667017e-05)	(82.0, 0.0)	(83.0, 0.0)	(84.0, 0.0)	(85.0, 0.0)	(86.0, 0.0)	(87.0, 0.0)	(88.0, 0.0)	(89.0, 0.0)	(90.0, 0.0)	(91.0, 0.0)	(92.0, 0.0)	(93.0, 0.0)	(94.0, 0.0)	(95.0, 0.0)	(96.0, 0.0)	(97.0, 0.0)	(98.0, 0.0)	(99.0, 0.0)	(100.0, 0.0)
SRR6419110_2	(0.0, 0.0)	(1.0, 0.0)	(2.0, 0.0)	(3.0, 0.0)	(4.0, 0.0)	(5.0, 0.0)	(6.0, 0.0)	(7.0, 0.0)	(8.0, 0.0)	(9.0, 0.0)	(10.0, 0.0)	(11.0, 0.0)	(12.0, 0.0)	(13.0, 0.0)	(14.0, 0.0)	(15.0, 0.0)	(16.0, 0.0)	(17.0, 0.0)	(18.0, 0.0)	(19.0, 0.0)	(20.0, 0.0)	(21.0, 0.0)	(22.0, 0.0)	(23.0, 0.0)	(24.0, 0.0)	(25.0, 0.0)	(26.0, 0.0)	(27.0, 0.0)	(28.0, 0.0)	(29.0, 0.0)	(30.0, 0.0)	(31.0, 0.0)	(32.0, 0.0)	(33.0, 9.716345857217325e-05)	(34.0, 0.0001943269171443465)	(35.0, 0.00024290864643043315)	(36.0, 0.0001943269171443465)	(37.0, 0.0003400721050026064)	(38.0, 0.0007287259392912994)	(39.0, 0.001554615337154772)	(40.0, 0.0023319230057321583)	(41.0, 0.003546466237884324)	(42.0, 0.0076273314979156005)	(43.0, 0.014185864951537296)	(44.0, 0.02535966268733722)	(45.0, 0.05970694529260046)	(46.0, 0.1373405486917669)	(47.0, 0.21779189238952637)	(48.0, 0.4746920768543525)	(49.0, 0.9664849224174075)	(50.0, 2.7677982808869275)	(51.0, 3.7325342610500356)	(52.0, 4.737350167874165)	(53.0, 10.659220059201695)	(54.0, 15.137046629229586)	(55.0, 15.068886463041206)	(56.0, 14.16808403861859)	(57.0, 13.464134781263192)	(58.0, 8.99092347551748)	(59.0, 4.91034970586192)	(60.0, 2.544225162712357)	(61.0, 0.9873264842811387)	(62.0, 0.4124102999095894)	(63.0, 0.1965130949622204)	(64.0, 0.10556809773866625)	(65.0, 0.055188844468994414)	(66.0, 0.04702711394893186)	(67.0, 0.04717285913679012)	(68.0, 0.025019590582334616)	(69.0, 0.009862091045075586)	(70.0, 0.004809591199322576)	(71.0, 0.0036922114257425835)	(72.0, 0.0022833412764460717)	(73.0, 0.0014574518785825988)	(74.0, 0.0014574518785825988)	(75.0, 0.0012145432321521658)	(76.0, 0.0009230528564356459)	(77.0, 0.0011173797735799925)	(78.0, 0.0006801442100052128)	(79.0, 0.0004372355635747797)	(80.0, 0.00024290864643043315)	(81.0, 0.0003400721050026064)	(82.0, 0.0004372355635747797)	(83.0, 0.000388653834288693)	(84.0, 0.0003400721050026064)	(85.0, 0.0001943269171443465)	(86.0, 9.716345857217325e-05)	(87.0, 0.0001943269171443465)	(88.0, 0.0001457451878582599)	(89.0, 9.716345857217325e-05)	(90.0, 4.858172928608663e-05)	(91.0, 4.858172928608663e-05)	(92.0, 0.0001943269171443465)	(93.0, 4.858172928608663e-05)	(94.0, 4.858172928608663e-05)	(95.0, 0.0)	(96.0, 0.0)	(97.0, 0.0)	(98.0, 0.0)	(99.0, 0.0)	(100.0, 0.0)
SRR6419111_1	(0.0, 0.0)	(1.0, 0.0)	(2.0, 0.0)	(3.0, 0.0)	(4.0, 0.0)	(5.0, 0.0)	(6.0, 0.0)	(7.0, 0.0)	(8.0, 0.0)	(9.0, 0.0)	(10.0, 0.0)	(11.0, 0.0)	(12.0, 0.0)	(13.0, 0.0)	(14.0, 0.0)	(15.0, 0.0)	(16.0, 0.0)	(17.0, 0.0)	(18.0, 0.0)	(19.0, 0.0)	(20.0, 0.0)	(21.0, 0.0)	(22.0, 0.0)	(23.0, 0.0)	(24.0, 0.0)	(25.0, 0.0)	(26.0, 0.0)	(27.0, 0.0)	(28.0, 0.0)	(29.0, 0.0)	(30.0, 0.0)	(31.0, 0.0)	(32.0, 6.632091363690626e-05)	(33.0, 6.632091363690626e-05)	(34.0, 6.632091363690626e-05)	(35.0, 0.0011937764454643127)	(36.0, 0.00550463583186322)	(37.0, 0.023875528909286254)	(38.0, 0.05935721770503111)	(39.0, 0.02944648565478638)	(40.0, 0.010412383440994282)	(41.0, 0.015187489222851533)	(42.0, 0.05265880542770357)	(43.0, 0.1650064331286228)	(44.0, 0.5222771948906367)	(45.0, 2.157154036954013)	(46.0, 1.5124484354896475)	(47.0, 1.0037007069809394)	(48.0, 1.8348343966786487)	(49.0, 4.3852714514995155)	(50.0, 9.61712936557414)	(51.0, 15.740207717101512)	(52.0, 14.3602684670584)	(53.0, 11.8079744266557)	(54.0, 9.435277420381743)	(55.0, 9.266490695175817)	(56.0, 9.155469485747636)	(57.0, 3.7269700627395848)	(58.0, 1.8107599050284517)	(59.0, 1.0383202238994045)	(60.0, 0.9448740565850036)	(61.0, 0.6630101736281518)	(62.0, 0.36065312835749624)	(63.0, 0.12673926596012788)	(64.0, 0.05020493162313804)	(65.0, 0.030573941186613784)	(66.0, 0.039063018132137785)	(67.0, 0.019233064954702818)	(68.0, 0.017177116631958724)	(69.0, 0.0072289795864227836)	(70.0, 0.002586515631839344)	(71.0, 0.0007958509636428752)	(72.0, 0.00026528365454762503)	(73.0, 0.00013264182727381252)	(74.0, 6.632091363690626e-05)	(75.0, 0.0)	(76.0, 0.0)	(77.0, 0.0)	(78.0, 0.0)	(79.0, 0.0)	(80.0, 0.0)	(81.0, 0.0)	(82.0, 0.0)	(83.0, 0.0)	(84.0, 0.0)	(85.0, 0.0)	(86.0, 0.0)	(87.0, 0.0)	(88.0, 0.0)	(89.0, 0.0)	(90.0, 0.0)	(91.0, 0.0)	(92.0, 0.0)	(93.0, 0.0)	(94.0, 0.0)	(95.0, 0.0)	(96.0, 0.0)	(97.0, 0.0)	(98.0, 0.0)	(99.0, 0.0)	(100.0, 0.0)
SRR6419111_2	(0.0, 0.0)	(1.0, 0.0)	(2.0, 0.0)	(3.0, 0.0)	(4.0, 0.0)	(5.0, 0.0)	(6.0, 0.0)	(7.0, 0.0)	(8.0, 0.0)	(9.0, 0.0)	(10.0, 0.0)	(11.0, 0.0)	(12.0, 0.0)	(13.0, 0.0)	(14.0, 0.0)	(15.0, 0.0)	(16.0, 0.0)	(17.0, 0.0)	(18.0, 0.0)	(19.0, 0.0)	(20.0, 0.0)	(21.0, 0.0)	(22.0, 0.0)	(23.0, 0.0)	(24.0, 0.0)	(25.0, 0.0)	(26.0, 0.0)	(27.0, 0.0)	(28.0, 6.595739020677862e-05)	(29.0, 6.595739020677862e-05)	(30.0, 0.0)	(31.0, 0.0)	(32.0, 0.0)	(33.0, 0.0)	(34.0, 0.0)	(35.0, 0.00013191478041355725)	(36.0, 0.0002638295608271145)	(37.0, 0.0002638295608271145)	(38.0, 6.595739020677862e-05)	(39.0, 0.00032978695103389307)	(40.0, 0.0011872330237220152)	(41.0, 0.002242551267030473)	(42.0, 0.004485102534060946)	(43.0, 0.006397866850057526)	(44.0, 0.010487225042877801)	(45.0, 0.021106364866169156)	(46.0, 0.041751028000890866)	(47.0, 0.10414671913650345)	(48.0, 0.32813801627872363)	(49.0, 0.9110034735360264)	(50.0, 2.7266125537580215)	(51.0, 3.1409568790370046)	(52.0, 4.711864041591851)	(53.0, 12.944731444592165)	(54.0, 13.432288473000673)	(55.0, 11.311890292633153)	(56.0, 10.414276169309103)	(57.0, 11.15840744562198)	(58.0, 12.187738477188967)	(59.0, 9.261670775445648)	(60.0, 4.272060163693051)	(61.0, 1.6212326512826183)	(62.0, 0.6856270711994638)	(63.0, 0.3121763278486832)	(64.0, 0.15467008003489585)	(65.0, 0.08165524907599193)	(66.0, 0.06391271111036848)	(67.0, 0.03535316115083334)	(68.0, 0.020974450085755603)	(69.0, 0.010157438091843907)	(70.0, 0.005144676436128733)	(71.0, 0.0036276564613728236)	(72.0, 0.0025063808278575875)	(73.0, 0.0016489347551694655)	(74.0, 0.0015170199747559082)	(75.0, 0.0006595739020677861)	(76.0, 0.0007914886824813435)	(77.0, 0.000527659121654229)	(78.0, 0.0005936165118610076)	(79.0, 0.00039574434124067174)	(80.0, 0.00046170173144745037)	(81.0, 0.00013191478041355725)	(82.0, 0.0002638295608271145)	(83.0, 0.00013191478041355725)	(84.0, 6.595739020677862e-05)	(85.0, 6.595739020677862e-05)	(86.0, 0.0002638295608271145)	(87.0, 0.00013191478041355725)	(88.0, 6.595739020677862e-05)	(89.0, 0.00013191478041355725)	(90.0, 6.595739020677862e-05)	(91.0, 0.0)	(92.0, 0.0)	(93.0, 0.0)	(94.0, 0.0)	(95.0, 6.595739020677862e-05)	(96.0, 6.595739020677862e-05)	(97.0, 0.0)	(98.0, 6.595739020677862e-05)	(99.0, 0.00013191478041355725)	(100.0, 8.794318694237149e-05)
SRR6419112_1	(0.0, 0.0)	(1.0, 0.0)	(2.0, 0.0)	(3.0, 0.0)	(4.0, 0.0)	(5.0, 0.0)	(6.0, 0.0)	(7.0, 0.0)	(8.0, 0.0)	(9.0, 0.0)	(10.0, 0.0)	(11.0, 0.0)	(12.0, 0.0)	(13.0, 0.0)	(14.0, 0.0)	(15.0, 0.0)	(16.0, 0.0)	(17.0, 0.0)	(18.0, 0.0)	(19.0, 0.0)	(20.0, 0.0)	(21.0, 0.0)	(22.0, 0.0)	(23.0, 0.0)	(24.0, 0.0)	(25.0, 0.0)	(26.0, 0.0)	(27.0, 0.0)	(28.0, 0.0)	(29.0, 0.0)	(30.0, 0.0)	(31.0, 0.0)	(32.0, 0.0)	(33.0, 6.059882547356467e-05)	(34.0, 0.0)	(35.0, 0.00024239530189425868)	(36.0, 0.0008483835566299054)	(37.0, 0.003999522481255268)	(38.0, 0.007817248486089843)	(39.0, 0.0036359295284138803)	(40.0, 0.002605749495363281)	(41.0, 0.005878086070935773)	(42.0, 0.016119287575968203)	(43.0, 0.042116183704127445)	(44.0, 0.14452819875445175)	(45.0, 0.5369661925212565)	(46.0, 0.4929714452274486)	(47.0, 0.860139728771777)	(48.0, 2.2834243426693903)	(49.0, 4.6807744772290825)	(50.0, 12.480328106280645)	(51.0, 19.178740477652063)	(52.0, 19.53348600197431)	(53.0, 12.167274573884209)	(54.0, 8.048857197049806)	(55.0, 8.30119070632173)	(56.0, 6.1370248521843145)	(57.0, 2.186708617213581)	(58.0, 1.109867488548337)	(59.0, 0.5869602235369473)	(60.0, 0.5367843960448359)	(61.0, 0.3502612112372038)	(62.0, 0.1821600693735354)	(63.0, 0.05562972178473237)	(64.0, 0.022118571297851105)	(65.0, 0.010544195632400253)	(66.0, 0.0101200038540853)	(67.0, 0.006847667278512807)	(68.0, 0.008483835566299055)	(69.0, 0.0027875459717839747)	(70.0, 0.001272575334944858)	(71.0, 0.000181796476420694)	(72.0, 0.000181796476420694)	(73.0, 0.0)	(74.0, 0.0)	(75.0, 0.0)	(76.0, 0.0)	(77.0, 0.0)	(78.0, 0.0)	(79.0, 0.0)	(80.0, 6.059882547356467e-05)	(81.0, 0.0)	(82.0, 0.0)	(83.0, 0.0)	(84.0, 0.0)	(85.0, 0.0)	(86.0, 0.0)	(87.0, 0.0)	(88.0, 0.0)	(89.0, 0.0)	(90.0, 0.0)	(91.0, 0.0)	(92.0, 0.0)	(93.0, 0.0)	(94.0, 0.0)	(95.0, 0.0)	(96.0, 0.0)	(97.0, 0.0)	(98.0, 0.0)	(99.0, 0.0)	(100.0, 0.0)
SRR6419112_2	(0.0, 0.0)	(1.0, 0.0)	(2.0, 0.0)	(3.0, 0.0)	(4.0, 0.0)	(5.0, 0.0)	(6.0, 0.0)	(7.0, 0.0)	(8.0, 0.0)	(9.0, 0.0)	(10.0, 0.0)	(11.0, 0.0)	(12.0, 0.0)	(13.0, 0.0)	(14.0, 0.0)	(15.0, 0.0)	(16.0, 0.0)	(17.0, 0.0)	(18.0, 0.0)	(19.0, 0.0)	(20.0, 0.0)	(21.0, 0.0)	(22.0, 0.0)	(23.0, 0.0)	(24.0, 0.0)	(25.0, 0.0)	(26.0, 0.0)	(27.0, 0.0)	(28.0, 0.0)	(29.0, 0.0)	(30.0, 0.0)	(31.0, 0.0)	(32.0, 0.0)	(33.0, 0.0)	(34.0, 0.0)	(35.0, 0.0)	(36.0, 6.029624752333163e-05)	(37.0, 0.0)	(38.0, 0.0003617774851399898)	(39.0, 0.0004220737326633214)	(40.0, 0.0007838512178033112)	(41.0, 0.002110368663316607)	(42.0, 0.0026530348910265918)	(43.0, 0.005245773534529852)	(44.0, 0.010551843316583036)	(45.0, 0.01959628044508278)	(46.0, 0.03346441737544906)	(47.0, 0.06035654377085497)	(48.0, 0.1263809348089031)	(49.0, 0.33156906513080064)	(50.0, 1.0298599076985044)	(51.0, 1.7740361946314633)	(52.0, 5.599049248769052)	(53.0, 20.458034414686235)	(54.0, 21.823020866119418)	(55.0, 13.345609649329084)	(56.0, 9.844749221876924)	(57.0, 9.812189248214327)	(58.0, 7.891934653338783)	(59.0, 4.316367175205219)	(60.0, 2.0718393611491983)	(61.0, 0.798020835971294)	(62.0, 0.32318788672505755)	(63.0, 0.14670077022426586)	(64.0, 0.06849653718650474)	(65.0, 0.036238044761522314)	(66.0, 0.02279198156381936)	(67.0, 0.01706383804910285)	(68.0, 0.010250362078966378)	(69.0, 0.005366366029576515)	(70.0, 0.0020500724157932757)	(71.0, 0.0013868136930366274)	(72.0, 0.0012662211979899642)	(73.0, 0.0009647399603733061)	(74.0, 0.0006029624752333163)	(75.0, 0.00048236998018665305)	(76.0, 0.0006632587227566479)	(77.0, 0.00048236998018665305)	(78.0, 0.0004220737326633214)	(79.0, 0.00048236998018665305)	(80.0, 0.0001808887425699949)	(81.0, 0.0004220737326633214)	(82.0, 0.0005426662277099847)	(83.0, 6.029624752333163e-05)	(84.0, 0.0001808887425699949)	(85.0, 0.00030148123761665816)	(86.0, 0.0003617774851399898)	(87.0, 0.0001808887425699949)	(88.0, 6.029624752333163e-05)	(89.0, 6.029624752333163e-05)	(90.0, 0.00012059249504666326)	(91.0, 0.0)	(92.0, 0.00012059249504666326)	(93.0, 6.029624752333163e-05)	(94.0, 6.029624752333163e-05)	(95.0, 6.029624752333163e-05)	(96.0, 0.0)	(97.0, 0.0)	(98.0, 0.0)	(99.0, 6.029624752333163e-05)	(100.0, 0.0)
SRR6419113_1	(0.0, 0.0)	(1.0, 0.0)	(2.0, 0.0)	(3.0, 0.0)	(4.0, 0.0)	(5.0, 0.0)	(6.0, 0.0)	(7.0, 0.0)	(8.0, 0.0)	(9.0, 0.0)	(10.0, 0.0)	(11.0, 0.0)	(12.0, 0.0)	(13.0, 0.0)	(14.0, 0.0)	(15.0, 0.0)	(16.0, 0.0)	(17.0, 0.0)	(18.0, 0.0)	(19.0, 0.0)	(20.0, 0.0)	(21.0, 0.0)	(22.0, 0.0)	(23.0, 0.0)	(24.0, 5.818208899299604e-05)	(25.0, 0.0)	(26.0, 0.0)	(27.0, 0.0)	(28.0, 0.0)	(29.0, 0.0)	(30.0, 0.0)	(31.0, 0.0)	(32.0, 0.0)	(33.0, 0.0)	(34.0, 5.818208899299604e-05)	(35.0, 0.0005236388009369644)	(36.0, 0.001570916402810893)	(37.0, 0.006458211878222561)	(38.0, 0.010065501395788315)	(39.0, 0.00395638205152373)	(40.0, 0.005061841742390655)	(41.0, 0.01780371923185679)	(42.0, 0.07557853360190185)	(43.0, 0.2127718994473865)	(44.0, 0.3728890083561116)	(45.0, 0.8405566396818137)	(46.0, 1.2591767699864203)	(47.0, 1.1684708932463395)	(48.0, 1.939092661958572)	(49.0, 4.969914041781721)	(50.0, 9.629543002963796)	(51.0, 13.96370135831905)	(52.0, 13.84547535348528)	(53.0, 11.310889010683395)	(54.0, 8.306831391797024)	(55.0, 8.226016470185753)	(56.0, 10.155159994926521)	(57.0, 5.838863540892118)	(58.0, 2.8151403759261133)	(59.0, 1.692458786717262)	(60.0, 1.5181452480942457)	(61.0, 0.9934591695554074)	(62.0, 0.45318029116644615)	(63.0, 0.19467726977056474)	(64.0, 0.06661849189698046)	(65.0, 0.03386197579392369)	(66.0, 0.021934647550359506)	(67.0, 0.01733826251991282)	(68.0, 0.01809462967682177)	(69.0, 0.00896004170492139)	(70.0, 0.003840017873537739)	(71.0, 0.0010472776018739288)	(72.0, 0.00040727462295097233)	(73.0, 0.0001745462669789881)	(74.0, 0.00011636417798599207)	(75.0, 5.818208899299604e-05)	(76.0, 0.0)	(77.0, 0.0)	(78.0, 0.0)	(79.0, 0.0)	(80.0, 0.0)	(81.0, 0.0)	(82.0, 0.0)	(83.0, 0.0)	(84.0, 0.0)	(85.0, 0.0)	(86.0, 0.0)	(87.0, 0.0)	(88.0, 0.0)	(89.0, 0.0)	(90.0, 0.0)	(91.0, 0.0)	(92.0, 0.0)	(93.0, 0.0)	(94.0, 0.0)	(95.0, 0.0)	(96.0, 0.0)	(97.0, 0.0)	(98.0, 0.0)	(99.0, 0.0)	(100.0, 0.0)
SRR6419113_2	(0.0, 0.0)	(1.0, 0.0)	(2.0, 0.0)	(3.0, 0.0)	(4.0, 0.0)	(5.0, 0.0)	(6.0, 0.0)	(7.0, 0.0)	(8.0, 0.0)	(9.0, 0.0)	(10.0, 0.0)	(11.0, 0.0)	(12.0, 0.0)	(13.0, 0.0)	(14.0, 0.0)	(15.0, 0.0)	(16.0, 0.0)	(17.0, 0.0)	(18.0, 0.0)	(19.0, 0.0)	(20.0, 0.0)	(21.0, 0.0)	(22.0, 0.0)	(23.0, 0.0)	(24.0, 0.0)	(25.0, 0.0)	(26.0, 0.0)	(27.0, 0.0)	(28.0, 0.0)	(29.0, 0.0)	(30.0, 0.0)	(31.0, 0.0)	(32.0, 5.8342716786949895e-05)	(33.0, 5.8342716786949895e-05)	(34.0, 0.0001750281503608497)	(35.0, 5.8342716786949895e-05)	(36.0, 0.00011668543357389979)	(37.0, 0.0004083990175086493)	(38.0, 0.0003500563007216994)	(39.0, 0.0012835397693128977)	(40.0, 0.001225197052525948)	(41.0, 0.0023920513882649463)	(42.0, 0.004609074626169042)	(43.0, 0.007292839598368737)	(44.0, 0.011960256941324729)	(45.0, 0.02403719931622336)	(46.0, 0.04568234724418177)	(47.0, 0.1239199304554816)	(48.0, 0.37024288072998407)	(49.0, 0.8663893442862061)	(50.0, 2.4844662516554745)	(51.0, 3.0409390843694024)	(52.0, 4.31397716466065)	(53.0, 11.362535807842427)	(54.0, 14.160127420493463)	(55.0, 15.38077374111003)	(56.0, 14.13970746961803)	(57.0, 13.57827550597721)	(58.0, 9.278592306929365)	(59.0, 5.553118126498679)	(60.0, 3.147939626956669)	(61.0, 1.1630620591478462)	(62.0, 0.47030064001960314)	(63.0, 0.21750164818174922)	(64.0, 0.0952736565130892)	(65.0, 0.0565924352833414)	(66.0, 0.037747737761156586)	(67.0, 0.02292868769727131)	(68.0, 0.01231031324204643)	(69.0, 0.006884440580860088)	(70.0, 0.0037922765911517437)	(71.0, 0.0025670795386257953)	(72.0, 0.0020419950875432465)	(73.0, 0.0015169106364606973)	(74.0, 0.0010501689021650982)	(75.0, 0.0007584553182303486)	(76.0, 0.0008167980350172986)	(77.0, 0.0004083990175086493)	(78.0, 0.0004083990175086493)	(79.0, 0.00046674173429559916)	(80.0, 0.0004083990175086493)	(81.0, 0.0003500563007216994)	(82.0, 0.0001750281503608497)	(83.0, 0.0003500563007216994)	(84.0, 0.00011668543357389979)	(85.0, 0.00023337086714779958)	(86.0, 0.0004083990175086493)	(87.0, 5.8342716786949895e-05)	(88.0, 5.8342716786949895e-05)	(89.0, 0.00011668543357389979)	(90.0, 0.00011668543357389979)	(91.0, 5.8342716786949895e-05)	(92.0, 0.00011668543357389979)	(93.0, 5.8342716786949895e-05)	(94.0, 5.8342716786949895e-05)	(95.0, 0.00011668543357389979)	(96.0, 5.8342716786949895e-05)	(97.0, 0.0)	(98.0, 0.0)	(99.0, 0.0)	(100.0, 0.0)
SRR6419114_1	(0.0, 0.0)	(1.0, 0.0)	(2.0, 0.0)	(3.0, 0.0)	(4.0, 0.0)	(5.0, 0.0)	(6.0, 0.0)	(7.0, 0.0)	(8.0, 0.0)	(9.0, 0.0)	(10.0, 0.0)	(11.0, 0.0)	(12.0, 0.0)	(13.0, 0.0)	(14.0, 0.0)	(15.0, 0.0)	(16.0, 0.0)	(17.0, 0.0)	(18.0, 0.0)	(19.0, 0.0)	(20.0, 0.0)	(21.0, 0.0)	(22.0, 0.0)	(23.0, 0.0)	(24.0, 0.0)	(25.0, 0.0)	(26.0, 0.0)	(27.0, 0.0)	(28.0, 0.0)	(29.0, 0.0)	(30.0, 0.0)	(31.0, 0.0)	(32.0, 0.0)	(33.0, 5.410116593422705e-05)	(34.0, 0.00037870816153958933)	(35.0, 0.0017853384758294926)	(36.0, 0.008493883051673647)	(37.0, 0.03689699516714285)	(38.0, 0.05778004521775449)	(39.0, 0.01758287892862379)	(40.0, 0.008872591213213236)	(41.0, 0.02164046637369082)	(42.0, 0.08564214567388143)	(43.0, 0.23912715342928356)	(44.0, 1.0059570793810177)	(45.0, 4.693654852955736)	(46.0, 2.4641458048062392)	(47.0, 0.9513690029533827)	(48.0, 1.5756423566684286)	(49.0, 5.0909738155766995)	(50.0, 11.291670746796264)	(51.0, 17.426039648580467)	(52.0, 17.779753071458444)	(53.0, 10.371950925914405)	(54.0, 7.326325789647092)	(55.0, 6.832057537671994)	(56.0, 5.2123768319331045)	(57.0, 2.787941282922588)	(58.0, 1.6464066817103975)	(59.0, 0.9024615489488415)	(60.0, 0.8985121638356429)	(61.0, 0.6668509713052826)	(62.0, 0.34808690162081685)	(63.0, 0.13476600434215957)	(64.0, 0.05345195194301633)	(65.0, 0.025048839827547124)	(66.0, 0.016446754444005025)	(67.0, 0.007033151571449516)	(68.0, 0.0068167469077126085)	(69.0, 0.0036788792835274397)	(70.0, 0.0014607314802241303)	(71.0, 0.00048691049340804344)	(72.0, 0.00016230349780268116)	(73.0, 0.0001082023318684541)	(74.0, 5.410116593422705e-05)	(75.0, 0.0)	(76.0, 0.0)	(77.0, 0.0)	(78.0, 5.410116593422705e-05)	(79.0, 0.0)	(80.0, 0.0)	(81.0, 0.0)	(82.0, 0.0)	(83.0, 0.0)	(84.0, 0.0)	(85.0, 0.0)	(86.0, 0.0)	(87.0, 0.0)	(88.0, 0.0)	(89.0, 0.0)	(90.0, 0.0)	(91.0, 0.0)	(92.0, 0.0)	(93.0, 0.0)	(94.0, 0.0)	(95.0, 0.0)	(96.0, 0.0)	(97.0, 0.0)	(98.0, 0.0)	(99.0, 0.0)	(100.0, 0.0)
SRR6419114_2	(0.0, 0.0)	(1.0, 0.0)	(2.0, 0.0)	(3.0, 0.0)	(4.0, 0.0)	(5.0, 0.0)	(6.0, 0.0)	(7.0, 0.0)	(8.0, 0.0)	(9.0, 0.0)	(10.0, 0.0)	(11.0, 0.0)	(12.0, 0.0)	(13.0, 0.0)	(14.0, 0.0)	(15.0, 0.0)	(16.0, 0.0)	(17.0, 0.0)	(18.0, 0.0)	(19.0, 0.0)	(20.0, 0.0)	(21.0, 0.0)	(22.0, 0.0)	(23.0, 0.0)	(24.0, 0.0)	(25.0, 0.0)	(26.0, 0.0)	(27.0, 0.0)	(28.0, 0.0)	(29.0, 0.0)	(30.0, 0.0)	(31.0, 0.0)	(32.0, 5.377477403839949e-05)	(33.0, 5.377477403839949e-05)	(34.0, 0.00010754954807679898)	(35.0, 0.0)	(36.0, 0.0)	(37.0, 0.0004301981923071959)	(38.0, 0.0003226486442303969)	(39.0, 0.0006990720624991934)	(40.0, 0.0016670179951903843)	(41.0, 0.003387810764419168)	(42.0, 0.006130324240377542)	(43.0, 0.010002107971142305)	(44.0, 0.015433360149020654)	(45.0, 0.03070539597592611)	(46.0, 0.05909847666820104)	(47.0, 0.13933043953349308)	(48.0, 0.41207609345625523)	(49.0, 1.534140528541499)	(50.0, 5.348385251085174)	(51.0, 5.242610270551643)	(52.0, 5.627099904926199)	(53.0, 16.540152548278993)	(54.0, 16.439916369471415)	(55.0, 11.94934631384679)	(56.0, 9.87595235124822)	(57.0, 8.693337520595739)	(58.0, 7.955171197370629)	(59.0, 5.409957367359143)	(60.0, 2.7657441783429624)	(61.0, 1.057212057594934)	(62.0, 0.4415446696292982)	(63.0, 0.20412904224976447)	(64.0, 0.10357021479795742)	(65.0, 0.05259172900955471)	(66.0, 0.031028044620156507)	(67.0, 0.017530576336518236)	(68.0, 0.011185152999987095)	(69.0, 0.005700126048070346)	(70.0, 0.002957612572111972)	(71.0, 0.0018283423173055826)	(72.0, 0.0017745675432671833)	(73.0, 0.0011830450288447887)	(74.0, 0.0012368198028831882)	(75.0, 0.0006990720624991934)	(76.0, 0.0004301981923071959)	(77.0, 0.0004301981923071959)	(78.0, 0.0005915225144223944)	(79.0, 0.0006990720624991934)	(80.0, 0.0005377477403839949)	(81.0, 0.0004301981923071959)	(82.0, 0.0004301981923071959)	(83.0, 0.00016132432211519846)	(84.0, 0.00010754954807679898)	(85.0, 0.00010754954807679898)	(86.0, 0.0003226486442303969)	(87.0, 0.00010754954807679898)	(88.0, 5.377477403839949e-05)	(89.0, 0.0)	(90.0, 0.0)	(91.0, 5.377477403839949e-05)	(92.0, 0.0)	(93.0, 0.0)	(94.0, 0.0)	(95.0, 0.0)	(96.0, 0.0)	(97.0, 0.0)	(98.0, 5.377477403839949e-05)	(99.0, 0.0)	(100.0, 0.0)
SRR6419115_1	(0.0, 0.0)	(1.0, 0.0)	(2.0, 0.0)	(3.0, 0.0)	(4.0, 0.0)	(5.0, 0.0)	(6.0, 0.0)	(7.0, 0.0)	(8.0, 0.0)	(9.0, 0.0)	(10.0, 0.0)	(11.0, 0.0)	(12.0, 0.0)	(13.0, 0.0)	(14.0, 0.0)	(15.0, 0.0)	(16.0, 0.0)	(17.0, 0.0)	(18.0, 0.0)	(19.0, 0.0)	(20.0, 0.0)	(21.0, 0.0)	(22.0, 0.0)	(23.0, 0.0)	(24.0, 0.0)	(25.0, 0.0)	(26.0, 0.0)	(27.0, 0.0)	(28.0, 0.0)	(29.0, 0.0)	(30.0, 5.590445109376127e-05)	(31.0, 5.590445109376127e-05)	(32.0, 5.590445109376127e-05)	(33.0, 0.00011180890218752254)	(34.0, 0.0001677133532812838)	(35.0, 0.0013417068262502705)	(36.0, 0.006596725229063831)	(37.0, 0.02811993890016192)	(38.0, 0.03712055552625748)	(39.0, 0.014367443931096648)	(40.0, 0.00832976321297043)	(41.0, 0.019678366785003967)	(42.0, 0.07770718702032817)	(43.0, 0.2521290744328633)	(44.0, 0.5527273079640177)	(45.0, 2.0445934898521307)	(46.0, 1.812757731166303)	(47.0, 0.9770979962167594)	(48.0, 1.7954832557783307)	(49.0, 4.425787679739798)	(50.0, 10.105903528670318)	(51.0, 14.998716992847399)	(52.0, 12.901126083358383)	(53.0, 12.48133956009533)	(54.0, 11.241714261542267)	(55.0, 8.549244087964535)	(56.0, 7.1748890622755095)	(57.0, 4.3298556416629035)	(58.0, 1.9625816600975832)	(59.0, 1.1465443874819499)	(60.0, 1.2991635389679181)	(61.0, 0.9431080899517527)	(62.0, 0.461547148230093)	(63.0, 0.16609212419956473)	(64.0, 0.062221654067356295)	(65.0, 0.0369528421729762)	(66.0, 0.0389654024123516)	(67.0, 0.01878389556750379)	(68.0, 0.014758775088752975)	(69.0, 0.00654082077797007)	(70.0, 0.0032424581634381533)	(71.0, 0.0011739934729689868)	(72.0, 0.0005031400598438515)	(73.0, 0.00027952225546880636)	(74.0, 5.590445109376127e-05)	(75.0, 5.590445109376127e-05)	(76.0, 0.0)	(77.0, 5.590445109376127e-05)	(78.0, 0.0)	(79.0, 0.0)	(80.0, 5.590445109376127e-05)	(81.0, 5.590445109376127e-05)	(82.0, 0.00011180890218752254)	(83.0, 0.0)	(84.0, 0.0)	(85.0, 0.0)	(86.0, 0.0)	(87.0, 0.0)	(88.0, 0.0)	(89.0, 0.0)	(90.0, 0.0)	(91.0, 0.0)	(92.0, 0.0)	(93.0, 0.0)	(94.0, 0.0)	(95.0, 0.0)	(96.0, 0.0)	(97.0, 0.0)	(98.0, 0.0)	(99.0, 0.0)	(100.0, 7.453926812501503e-05)
SRR6419115_2	(0.0, 0.0)	(1.0, 0.0)	(2.0, 0.0)	(3.0, 0.0)	(4.0, 0.0)	(5.0, 0.0)	(6.0, 0.0)	(7.0, 0.0)	(8.0, 0.0)	(9.0, 0.0)	(10.0, 0.0)	(11.0, 0.0)	(12.0, 0.0)	(13.0, 0.0)	(14.0, 0.0)	(15.0, 0.0)	(16.0, 0.0)	(17.0, 0.0)	(18.0, 0.0)	(19.0, 0.0)	(20.0, 0.0)	(21.0, 0.0)	(22.0, 0.0)	(23.0, 0.0)	(24.0, 0.0)	(25.0, 0.0)	(26.0, 0.0)	(27.0, 0.0)	(28.0, 0.0)	(29.0, 0.0)	(30.0, 0.0)	(31.0, 0.0)	(32.0, 0.00011197178012549425)	(33.0, 5.5985890062747125e-05)	(34.0, 5.5985890062747125e-05)	(35.0, 0.0)	(36.0, 0.0002239435602509885)	(37.0, 0.0003359153403764827)	(38.0, 0.0005038730105647241)	(39.0, 0.0008397883509412068)	(40.0, 0.0015116190316941723)	(41.0, 0.0038630264143295514)	(42.0, 0.006942250367780642)	(43.0, 0.011533093352925907)	(44.0, 0.019763019192149733)	(45.0, 0.0359989273103464)	(46.0, 0.06539151959328864)	(47.0, 0.14242810431962868)	(48.0, 0.3557343454586952)	(49.0, 0.933620702686371)	(50.0, 2.5302823013858564)	(51.0, 2.7522663554846485)	(52.0, 4.366675481334024)	(53.0, 11.886476291001967)	(54.0, 13.986563013145675)	(55.0, 13.382083358138194)	(56.0, 13.039281753283994)	(57.0, 12.388949654315121)	(58.0, 9.934248304513975)	(59.0, 6.988382741192346)	(60.0, 4.130750940609608)	(61.0, 1.6672038201785466)	(62.0, 0.6718866666430282)	(63.0, 0.30943401437680335)	(64.0, 0.15356929644211537)	(65.0, 0.08761791794819924)	(66.0, 0.060184831817453155)	(67.0, 0.03538308251965618)	(68.0, 0.017579569479702593)	(69.0, 0.009293657750416021)	(70.0, 0.005934504346651195)	(71.0, 0.003415139293827575)	(72.0, 0.002407393272698126)	(73.0, 0.0015676049217569195)	(74.0, 0.0013996472515686782)	(75.0, 0.0012316895813804366)	(76.0, 0.0012876754714431838)	(77.0, 0.0012876754714431838)	(78.0, 0.0007278165708157126)	(79.0, 0.0007838024608784597)	(80.0, 0.000447887120501977)	(81.0, 0.0005038730105647241)	(82.0, 0.000447887120501977)	(83.0, 0.00011197178012549425)	(84.0, 0.00016795767018824135)	(85.0, 0.0003359153403764827)	(86.0, 0.0002799294503137356)	(87.0, 0.00016795767018824135)	(88.0, 0.0)	(89.0, 0.0)	(90.0, 5.5985890062747125e-05)	(91.0, 0.00016795767018824135)	(92.0, 5.5985890062747125e-05)	(93.0, 0.0)	(94.0, 0.0)	(95.0, 0.0)	(96.0, 5.5985890062747125e-05)	(97.0, 0.0)	(98.0, 0.0)	(99.0, 5.5985890062747125e-05)	(100.0, 7.464785341699616e-05)
SRR6419116_1	(0.0, 0.0)	(1.0, 0.0)	(2.0, 0.0)	(3.0, 0.0)	(4.0, 0.0)	(5.0, 0.0)	(6.0, 0.0)	(7.0, 0.0)	(8.0, 0.0)	(9.0, 0.0)	(10.0, 0.0)	(11.0, 0.0)	(12.0, 0.0)	(13.0, 0.0)	(14.0, 0.0)	(15.0, 0.0)	(16.0, 0.0)	(17.0, 0.0)	(18.0, 0.0)	(19.0, 0.0)	(20.0, 0.0)	(21.0, 0.0)	(22.0, 0.0)	(23.0, 0.0)	(24.0, 0.0)	(25.0, 0.0)	(26.0, 0.0)	(27.0, 0.0)	(28.0, 0.0)	(29.0, 0.0)	(30.0, 6.006485803370479e-05)	(31.0, 0.00012012971606740958)	(32.0, 0.0)	(33.0, 6.006485803370479e-05)	(34.0, 0.0)	(35.0, 6.006485803370479e-05)	(36.0, 0.00012012971606740958)	(37.0, 0.0001801945741011144)	(38.0, 0.000300324290168524)	(39.0, 0.0005405837223033432)	(40.0, 0.0016818160249437344)	(41.0, 0.00288311318561783)	(42.0, 0.004865253500730088)	(43.0, 0.010571415013932044)	(44.0, 0.02672886182499863)	(45.0, 0.10205019379926446)	(46.0, 0.2945580637972883)	(47.0, 0.3146797912385794)	(48.0, 0.44423969001728064)	(49.0, 1.1235732343784819)	(50.0, 3.8442109790151404)	(51.0, 4.193127739332931)	(52.0, 3.5708558101037498)	(53.0, 10.070414033072913)	(54.0, 15.052974201542826)	(55.0, 13.026325826627591)	(56.0, 11.630058136776091)	(57.0, 11.389558445209138)	(58.0, 11.029649815871178)	(59.0, 7.488466045636077)	(60.0, 3.59842557994122)	(61.0, 1.4713487623936328)	(62.0, 0.6530852014004722)	(63.0, 0.30362785736037773)	(64.0, 0.15142350710296978)	(65.0, 0.08066710433926554)	(66.0, 0.0476314324207279)	(67.0, 0.026848991541066042)	(68.0, 0.015316538798594723)	(69.0, 0.008048690976516443)	(70.0, 0.0049253183587637936)	(71.0, 0.0035438266239885825)	(72.0, 0.002522724037415601)	(73.0, 0.0017418808829774391)	(74.0, 0.0013814917347752102)	(75.0, 0.0008409080124718672)	(76.0, 0.0007207782964044576)	(77.0, 0.0007207782964044576)	(78.0, 0.0009610377285392766)	(79.0, 0.0007808431544381624)	(80.0, 0.0003603891482022288)	(81.0, 0.0003603891482022288)	(82.0, 0.000300324290168524)	(83.0, 0.000300324290168524)	(84.0, 0.000300324290168524)	(85.0, 0.00024025943213481916)	(86.0, 6.006485803370479e-05)	(87.0, 6.006485803370479e-05)	(88.0, 0.0)	(89.0, 0.0001801945741011144)	(90.0, 0.00012012971606740958)	(91.0, 0.00012012971606740958)	(92.0, 0.00012012971606740958)	(93.0, 0.0)	(94.0, 0.0)	(95.0, 0.0)	(96.0, 0.0)	(97.0, 0.0)	(98.0, 0.0)	(99.0, 0.0)	(100.0, 0.0)
SRR6419116_2	(0.0, 0.0)	(1.0, 0.0)	(2.0, 0.0)	(3.0, 0.0)	(4.0, 0.0)	(5.0, 0.0)	(6.0, 0.0)	(7.0, 0.0)	(8.0, 0.0)	(9.0, 0.0)	(10.0, 0.0)	(11.0, 0.0)	(12.0, 0.0)	(13.0, 0.0)	(14.0, 0.0)	(15.0, 0.0)	(16.0, 0.0)	(17.0, 0.0)	(18.0, 0.0)	(19.0, 0.0)	(20.0, 0.0)	(21.0, 0.0)	(22.0, 0.0)	(23.0, 0.0)	(24.0, 0.0)	(25.0, 0.0)	(26.0, 0.0)	(27.0, 0.0)	(28.0, 0.0)	(29.0, 0.0)	(30.0, 0.0)	(31.0, 0.0)	(32.0, 0.0)	(33.0, 0.0002982393143836049)	(34.0, 0.0007754222173973728)	(35.0, 0.0022666187893153975)	(36.0, 0.01693999305698876)	(37.0, 0.07306863202398321)	(38.0, 0.12233776676015475)	(39.0, 0.03566942200027915)	(40.0, 0.015150557170687131)	(41.0, 0.03292562030794999)	(42.0, 0.1699367613357781)	(43.0, 0.4953755011911678)	(44.0, 0.559258362332136)	(45.0, 2.3227474282823923)	(46.0, 1.937123994784391)	(47.0, 0.9239453959604081)	(48.0, 1.8014847546027273)	(49.0, 6.317722692313657)	(50.0, 14.422018173510862)	(51.0, 18.708790782735047)	(52.0, 13.568636199333614)	(53.0, 10.777354808154579)	(54.0, 7.725710495518657)	(55.0, 6.57450674199794)	(56.0, 5.106751780190468)	(57.0, 3.423548737672278)	(58.0, 1.607867791704891)	(59.0, 0.8930478029902665)	(60.0, 0.8388278956353273)	(61.0, 0.671933175306262)	(62.0, 0.4828494499870564)	(63.0, 0.20542723974742708)	(64.0, 0.07390370210425731)	(65.0, 0.02958533998685361)	(66.0, 0.027318721197538212)	(67.0, 0.015508444347947457)	(68.0, 0.011929572575344197)	(69.0, 0.005129716207398005)	(70.0, 0.0011929572575344197)	(71.0, 0.0006561264916439309)	(72.0, 0.0002982393143836049)	(73.0, 5.9647862876720996e-05)	(74.0, 0.0)	(75.0, 0.00011929572575344199)	(76.0, 0.0)	(77.0, 0.0)	(78.0, 0.0)	(79.0, 0.0)	(80.0, 0.0)	(81.0, 0.0)	(82.0, 0.0)	(83.0, 0.0)	(84.0, 0.0)	(85.0, 0.0)	(86.0, 0.0)	(87.0, 0.0)	(88.0, 0.0)	(89.0, 0.0)	(90.0, 0.0)	(91.0, 0.0)	(92.0, 0.0)	(93.0, 0.0)	(94.0, 0.0)	(95.0, 0.0)	(96.0, 0.0)	(97.0, 0.0)	(98.0, 0.0)	(99.0, 0.0)	(100.0, 0.0)
SRR6419117_1	(0.0, 0.0)	(1.0, 0.0)	(2.0, 0.0)	(3.0, 0.0)	(4.0, 0.0)	(5.0, 0.0)	(6.0, 0.0)	(7.0, 0.0)	(8.0, 0.0)	(9.0, 0.0)	(10.0, 0.0)	(11.0, 0.0)	(12.0, 0.0)	(13.0, 0.0)	(14.0, 0.0)	(15.0, 0.0)	(16.0, 0.0)	(17.0, 0.0)	(18.0, 0.0)	(19.0, 0.0)	(20.0, 0.0)	(21.0, 0.0)	(22.0, 0.0)	(23.0, 5.737089826762836e-05)	(24.0, 5.737089826762836e-05)	(25.0, 0.0)	(26.0, 0.0)	(27.0, 0.0)	(28.0, 0.0)	(29.0, 0.0)	(30.0, 0.0)	(31.0, 0.0)	(32.0, 0.0)	(33.0, 0.0)	(34.0, 5.737089826762836e-05)	(35.0, 0.00022948359307051343)	(36.0, 0.0006884507792115403)	(37.0, 0.004360188268339755)	(38.0, 0.008892489231482396)	(39.0, 0.004360188268339755)	(40.0, 0.0029832867099166744)	(41.0, 0.0069418786903830305)	(42.0, 0.021686199545163518)	(43.0, 0.06012470138447452)	(44.0, 0.1934546689584428)	(45.0, 0.6529381931838784)	(46.0, 0.7852354845890293)	(47.0, 0.8348613115905278)	(48.0, 1.9335140134156108)	(49.0, 4.08188204084349)	(50.0, 9.794703977639118)	(51.0, 17.069964957855337)	(52.0, 17.375579732926994)	(53.0, 11.937965995121179)	(54.0, 8.75038151647348)	(55.0, 9.235739315817616)	(56.0, 8.019189418052557)	(57.0, 3.7971502727412503)	(58.0, 1.7670236666429533)	(59.0, 0.9584382264589993)	(60.0, 1.05711617147932)	(61.0, 0.8281489164932152)	(62.0, 0.46590906483140987)	(63.0, 0.16689194306053087)	(64.0, 0.06964827049690082)	(65.0, 0.03333249189349208)	(66.0, 0.02696432218578533)	(67.0, 0.021112490562487235)	(68.0, 0.02059615247807858)	(69.0, 0.007859813062665085)	(70.0, 0.0025243195237756475)	(71.0, 0.0008605634740144253)	(72.0, 0.00022948359307051343)	(73.0, 5.737089826762836e-05)	(74.0, 5.737089826762836e-05)	(75.0, 0.0)	(76.0, 5.737089826762836e-05)	(77.0, 0.0)	(78.0, 0.0)	(79.0, 0.0)	(80.0, 0.00011474179653525672)	(81.0, 5.737089826762836e-05)	(82.0, 0.0)	(83.0, 0.0)	(84.0, 0.0)	(85.0, 0.0)	(86.0, 0.0)	(87.0, 0.0)	(88.0, 0.0)	(89.0, 0.0)	(90.0, 0.0)	(91.0, 0.0)	(92.0, 0.0)	(93.0, 0.0)	(94.0, 0.0)	(95.0, 0.0)	(96.0, 0.0)	(97.0, 0.0)	(98.0, 0.0)	(99.0, 0.0)	(100.0, 0.0)
SRR6419117_2	(0.0, 0.0)	(1.0, 0.0)	(2.0, 0.0)	(3.0, 0.0)	(4.0, 0.0)	(5.0, 0.0)	(6.0, 0.0)	(7.0, 0.0)	(8.0, 0.0)	(9.0, 0.0)	(10.0, 0.0)	(11.0, 0.0)	(12.0, 0.0)	(13.0, 0.0)	(14.0, 0.0)	(15.0, 0.0)	(16.0, 0.0)	(17.0, 0.0)	(18.0, 0.0)	(19.0, 0.0)	(20.0, 0.0)	(21.0, 0.0)	(22.0, 0.0)	(23.0, 0.0)	(24.0, 0.0)	(25.0, 0.0)	(26.0, 0.0)	(27.0, 0.0)	(28.0, 0.0)	(29.0, 0.0)	(30.0, 0.0)	(31.0, 0.0)	(32.0, 0.0)	(33.0, 0.0)	(34.0, 0.0001712992323510401)	(35.0, 0.00011419948823402674)	(36.0, 0.00011419948823402674)	(37.0, 0.0003996982088190936)	(38.0, 0.0003425984647020802)	(39.0, 0.0006851969294041604)	(40.0, 0.0014274936029253342)	(41.0, 0.0027407877176166416)	(42.0, 0.005481575435233283)	(43.0, 0.008507861873434991)	(44.0, 0.01678732477040193)	(45.0, 0.02323959585562444)	(46.0, 0.044480700667153414)	(47.0, 0.11842486929868573)	(48.0, 0.35750149791662067)	(49.0, 0.5495850371262536)	(50.0, 1.1731142428840395)	(51.0, 2.132561243282215)	(52.0, 6.281314451336173)	(53.0, 18.401420337101662)	(54.0, 17.773722850023336)	(55.0, 13.281000783408489)	(56.0, 11.130510220473532)	(57.0, 9.987830141203862)	(58.0, 7.834998488760106)	(59.0, 5.532736805962127)	(60.0, 3.1082245710096226)	(61.0, 1.2105716750248003)	(62.0, 0.48848831092104933)	(63.0, 0.23605034217973325)	(64.0, 0.11437078746637777)	(65.0, 0.06572180547868238)	(66.0, 0.048591882243578376)	(67.0, 0.030034465405549028)	(68.0, 0.016159227585114785)	(69.0, 0.007480066479328751)	(70.0, 0.0040540818323079484)	(71.0, 0.001998491044095468)	(72.0, 0.0011990946264572807)	(73.0, 0.0013703938588083208)	(74.0, 0.000913595905872214)	(75.0, 0.0007993964176381872)	(76.0, 0.0008564961617552005)	(77.0, 0.0003996982088190936)	(78.0, 0.0005138976970531202)	(79.0, 0.0005709974411701337)	(80.0, 0.0002283989764680535)	(81.0, 0.0003425984647020802)	(82.0, 0.00028549872058506685)	(83.0, 0.0002283989764680535)	(84.0, 0.0002283989764680535)	(85.0, 5.709974411701337e-05)	(86.0, 0.00011419948823402674)	(87.0, 0.0001712992323510401)	(88.0, 0.00011419948823402674)	(89.0, 5.709974411701337e-05)	(90.0, 5.709974411701337e-05)	(91.0, 5.709974411701337e-05)	(92.0, 0.00011419948823402674)	(93.0, 0.0)	(94.0, 0.0001712992323510401)	(95.0, 5.709974411701337e-05)	(96.0, 0.0)	(97.0, 5.709974411701337e-05)	(98.0, 0.0)	(99.0, 0.0)	(100.0, 7.613299215601782e-05)
SRR6419118_1	(0.0, 0.0)	(1.0, 0.0)	(2.0, 0.0)	(3.0, 0.0)	(4.0, 0.0)	(5.0, 0.0)	(6.0, 0.0)	(7.0, 0.0)	(8.0, 0.0)	(9.0, 0.0)	(10.0, 0.0)	(11.0, 0.0)	(12.0, 0.0)	(13.0, 0.0)	(14.0, 0.0)	(15.0, 0.0)	(16.0, 0.0)	(17.0, 0.0)	(18.0, 0.0)	(19.0, 0.0)	(20.0, 0.0)	(21.0, 0.0)	(22.0, 0.0)	(23.0, 0.0)	(24.0, 0.0)	(25.0, 0.0)	(26.0, 0.0)	(27.0, 0.0)	(28.0, 0.0)	(29.0, 0.0)	(30.0, 0.0)	(31.0, 0.0)	(32.0, 5.189814884492885e-05)	(33.0, 0.0001037962976898577)	(34.0, 0.00015569444653478655)	(35.0, 0.0008303703815188616)	(36.0, 0.004722731544888526)	(37.0, 0.025014907743255706)	(38.0, 0.05117157476109984)	(39.0, 0.018371944691104813)	(40.0, 0.006591064903305964)	(41.0, 0.009445463089777052)	(42.0, 0.02205671325909476)	(43.0, 0.05745125077133623)	(44.0, 0.3317329674167852)	(45.0, 0.9386299200093831)	(46.0, 0.8799850118146136)	(47.0, 1.35314043483383)	(48.0, 2.871265084845689)	(49.0, 4.9208786771784645)	(50.0, 8.236858999476347)	(51.0, 13.352978512609434)	(52.0, 14.873957560807764)	(53.0, 12.355651786256436)	(54.0, 7.770917419146577)	(55.0, 8.787031275381437)	(56.0, 9.847621845176405)	(57.0, 6.446632355070527)	(58.0, 2.5534927194681893)	(59.0, 1.328229323388264)	(60.0, 1.2234988590191975)	(61.0, 0.8582396874485884)	(62.0, 0.5008690345024084)	(63.0, 0.18397893765527276)	(64.0, 0.07639407509973527)	(65.0, 0.03871601903831692)	(66.0, 0.030308518925438448)	(67.0, 0.017074490969981593)	(68.0, 0.01494666686733951)	(69.0, 0.006798657498685679)	(70.0, 0.0025949074422464426)	(71.0, 0.0007784722326739327)	(72.0, 0.00036328704191450193)	(73.0, 0.0002075925953797154)	(74.0, 5.189814884492885e-05)	(75.0, 5.189814884492885e-05)	(76.0, 0.0)	(77.0, 0.0)	(78.0, 0.0)	(79.0, 5.189814884492885e-05)	(80.0, 5.189814884492885e-05)	(81.0, 0.0)	(82.0, 0.0)	(83.0, 0.0)	(84.0, 0.0)	(85.0, 0.0)	(86.0, 0.0)	(87.0, 0.0)	(88.0, 5.189814884492885e-05)	(89.0, 0.0)	(90.0, 0.0)	(91.0, 0.0)	(92.0, 0.0)	(93.0, 0.0)	(94.0, 0.0)	(95.0, 0.0)	(96.0, 0.0)	(97.0, 0.0)	(98.0, 0.0)	(99.0, 0.0)	(100.0, 0.0)
SRR6419118_2	(0.0, 0.0)	(1.0, 0.0)	(2.0, 0.0)	(3.0, 0.0)	(4.0, 0.0)	(5.0, 0.0)	(6.0, 0.0)	(7.0, 0.0)	(8.0, 0.0)	(9.0, 0.0)	(10.0, 0.0)	(11.0, 0.0)	(12.0, 0.0)	(13.0, 0.0)	(14.0, 0.0)	(15.0, 0.0)	(16.0, 0.0)	(17.0, 0.0)	(18.0, 0.0)	(19.0, 0.0)	(20.0, 0.0)	(21.0, 0.0)	(22.0, 0.0)	(23.0, 0.0)	(24.0, 0.0)	(25.0, 0.0)	(26.0, 0.0)	(27.0, 0.0)	(28.0, 0.0)	(29.0, 0.0)	(30.0, 0.0)	(31.0, 5.182708618274334e-05)	(32.0, 5.182708618274334e-05)	(33.0, 5.182708618274334e-05)	(34.0, 5.182708618274334e-05)	(35.0, 0.0)	(36.0, 0.00010365417236548668)	(37.0, 0.00010365417236548668)	(38.0, 0.00020730834473097336)	(39.0, 0.0007255792065584067)	(40.0, 0.002124910533492477)	(41.0, 0.0033687606018783173)	(42.0, 0.006271077428111944)	(43.0, 0.010520898495096898)	(44.0, 0.016066396716650437)	(45.0, 0.028349416141960612)	(46.0, 0.04949486730451989)	(47.0, 0.11272391244746677)	(48.0, 0.29660641422384015)	(49.0, 0.46929426538474095)	(50.0, 0.8416718796077518)	(51.0, 1.3789114549780692)	(52.0, 4.024684204607118)	(53.0, 11.30229547347412)	(54.0, 14.25680217549377)	(55.0, 14.868206311191592)	(56.0, 13.762164464965668)	(57.0, 14.140294885754962)	(58.0, 11.588329162116679)	(59.0, 6.694452895138775)	(60.0, 3.4063870664469893)	(61.0, 1.454527173718692)	(62.0, 0.6283515928795803)	(63.0, 0.2959844891896472)	(64.0, 0.14853642899974243)	(65.0, 0.07893265225631811)	(66.0, 0.050168619424895554)	(67.0, 0.032962026812224765)	(68.0, 0.017880344733046453)	(69.0, 0.009225221340528314)	(70.0, 0.005441844049188051)	(71.0, 0.0033687606018783173)	(72.0, 0.002280391792040707)	(73.0, 0.0016066396716650434)	(74.0, 0.0012956771545685837)	(75.0, 0.0016066396716650434)	(76.0, 0.0011401958960203535)	(77.0, 0.0008292333789238934)	(78.0, 0.0005182708618274335)	(79.0, 0.0006219250341929201)	(80.0, 0.0005182708618274335)	(81.0, 0.0008292333789238934)	(82.0, 0.0006737521203756634)	(83.0, 0.0003109625170964601)	(84.0, 0.00046644377564469006)	(85.0, 0.0003109625170964601)	(86.0, 0.00020730834473097336)	(87.0, 0.00015548125854823004)	(88.0, 0.00020730834473097336)	(89.0, 0.00020730834473097336)	(90.0, 0.00020730834473097336)	(91.0, 5.182708618274334e-05)	(92.0, 0.0)	(93.0, 0.0)	(94.0, 0.0)	(95.0, 5.182708618274334e-05)	(96.0, 5.182708618274334e-05)	(97.0, 5.182708618274334e-05)	(98.0, 5.182708618274334e-05)	(99.0, 0.0)	(100.0, 0.0)
SRR6419119_1	(0.0, 0.0)	(1.0, 0.0)	(2.0, 0.0)	(3.0, 0.0)	(4.0, 0.0)	(5.0, 0.0)	(6.0, 0.0)	(7.0, 0.0)	(8.0, 0.0)	(9.0, 0.0)	(10.0, 0.0)	(11.0, 0.0)	(12.0, 0.0)	(13.0, 0.0)	(14.0, 0.0)	(15.0, 0.0)	(16.0, 0.0)	(17.0, 0.0)	(18.0, 0.0)	(19.0, 0.0)	(20.0, 0.0)	(21.0, 0.0)	(22.0, 0.0)	(23.0, 0.0)	(24.0, 0.0)	(25.0, 0.0)	(26.0, 0.0)	(27.0, 0.0)	(28.0, 0.0)	(29.0, 0.0)	(30.0, 0.0)	(31.0, 0.0)	(32.0, 0.0)	(33.0, 5.9677550260432825e-05)	(34.0, 0.0)	(35.0, 0.0)	(36.0, 0.0)	(37.0, 0.00011935510052086565)	(38.0, 0.00041774285182302984)	(39.0, 0.0)	(40.0, 0.0007758081533856268)	(41.0, 0.0022080693596360145)	(42.0, 0.013009705956774356)	(43.0, 0.033658138346884116)	(44.0, 0.03443394650026974)	(45.0, 0.07000176645548771)	(46.0, 0.1805245895378093)	(47.0, 0.5909867802290663)	(48.0, 4.557455158288734)	(49.0, 20.21403950176407)	(50.0, 7.804271957757843)	(51.0, 8.404210370525975)	(52.0, 19.01780300679369)	(53.0, 28.624456337517127)	(54.0, 5.532586329544207)	(55.0, 2.819465862054149)	(56.0, 1.1088685613891025)	(57.0, 0.6051900371910494)	(58.0, 0.22295532777297705)	(59.0, 0.0707178970586129)	(60.0, 0.030674260833862474)	(61.0, 0.013367771258336955)	(62.0, 0.012293575353649163)	(63.0, 0.009727440692450552)	(64.0, 0.0033419428145842387)	(65.0, 0.0022080693596360145)	(66.0, 0.0061467876768245815)	(67.0, 0.004953236671615925)	(68.0, 0.006087110126564149)	(69.0, 0.001730648957552552)	(70.0, 0.0008951632539064923)	(71.0, 0.00011935510052086565)	(72.0, 5.9677550260432825e-05)	(73.0, 5.9677550260432825e-05)	(74.0, 0.0)	(75.0, 0.0)	(76.0, 0.0)	(77.0, 0.0)	(78.0, 0.0)	(79.0, 0.0)	(80.0, 5.9677550260432825e-05)	(81.0, 5.9677550260432825e-05)	(82.0, 0.0)	(83.0, 0.0)	(84.0, 0.0)	(85.0, 0.0)	(86.0, 0.0)	(87.0, 0.0)	(88.0, 0.0)	(89.0, 0.0)	(90.0, 0.0)	(91.0, 0.0)	(92.0, 0.0)	(93.0, 0.0)	(94.0, 0.0)	(95.0, 0.0)	(96.0, 0.0)	(97.0, 0.0)	(98.0, 0.0)	(99.0, 0.0)	(100.0, 0.0)
SRR6419119_2	(0.0, 0.0)	(1.0, 0.0)	(2.0, 0.0)	(3.0, 0.0)	(4.0, 0.0)	(5.0, 0.0)	(6.0, 0.0)	(7.0, 0.0)	(8.0, 0.0)	(9.0, 0.0)	(10.0, 0.0)	(11.0, 0.0)	(12.0, 0.0)	(13.0, 0.0)	(14.0, 0.0)	(15.0, 0.0)	(16.0, 0.0)	(17.0, 5.9303539235221563e-05)	(18.0, 0.0)	(19.0, 0.0)	(20.0, 0.0)	(21.0, 0.0)	(22.0, 0.0)	(23.0, 0.0)	(24.0, 5.9303539235221563e-05)	(25.0, 0.0)	(26.0, 0.00017791061770566468)	(27.0, 5.9303539235221563e-05)	(28.0, 5.9303539235221563e-05)	(29.0, 0.00017791061770566468)	(30.0, 0.00017791061770566468)	(31.0, 0.0002965176961761078)	(32.0, 0.00023721415694088625)	(33.0, 0.0005930353923522156)	(34.0, 0.0006523389315874371)	(35.0, 0.0004744283138817725)	(36.0, 0.000533731853116994)	(37.0, 0.00023721415694088625)	(38.0, 0.0007116424708226587)	(39.0, 0.0014232849416453174)	(40.0, 0.0023128380301736407)	(41.0, 0.002016320333997533)	(42.0, 0.00266865926558497)	(43.0, 0.004269854824935952)	(44.0, 0.008243191953695796)	(45.0, 0.0129281715532783)	(46.0, 0.02277255906632508)	(47.0, 0.03854730050289401)	(48.0, 0.08770993452889268)	(49.0, 0.29029082455640953)	(50.0, 1.8205000474428314)	(51.0, 2.344565423664484)	(52.0, 1.269570167947623)	(53.0, 2.713255527089857)	(54.0, 5.394249928835753)	(55.0, 17.97347945725401)	(56.0, 22.747532972767814)	(57.0, 30.98277825220609)	(58.0, 9.224902742195654)	(59.0, 3.351658126957017)	(60.0, 1.2356485435050764)	(61.0, 0.27184742385425564)	(62.0, 0.09648685833570547)	(63.0, 0.03842869342442357)	(64.0, 0.016486383907391593)	(65.0, 0.01138627953316254)	(66.0, 0.009369959199165006)	(67.0, 0.00842110257140146)	(68.0, 0.003498908814878072)	(69.0, 0.0017791061770566468)	(70.0, 0.000948856627763545)	(71.0, 0.0008302495492931019)	(72.0, 0.0005930353923522156)	(73.0, 0.0008895530885283234)	(74.0, 0.0005930353923522156)	(75.0, 0.0002965176961761078)	(76.0, 0.0002965176961761078)	(77.0, 0.00017791061770566468)	(78.0, 0.00017791061770566468)	(79.0, 0.00017791061770566468)	(80.0, 0.0)	(81.0, 0.00017791061770566468)	(82.0, 0.00017791061770566468)	(83.0, 0.00017791061770566468)	(84.0, 0.00011860707847044313)	(85.0, 0.00011860707847044313)	(86.0, 0.00011860707847044313)	(87.0, 5.9303539235221563e-05)	(88.0, 5.9303539235221563e-05)	(89.0, 0.0)	(90.0, 5.9303539235221563e-05)	(91.0, 5.9303539235221563e-05)	(92.0, 0.00011860707847044313)	(93.0, 5.9303539235221563e-05)	(94.0, 5.9303539235221563e-05)	(95.0, 0.0)	(96.0, 0.0)	(97.0, 0.0)	(98.0, 5.9303539235221563e-05)	(99.0, 5.9303539235221563e-05)	(100.0, 0.0)
SRR6419120_1	(0.0, 0.0)	(1.0, 0.0)	(2.0, 0.0)	(3.0, 0.0)	(4.0, 0.0)	(5.0, 0.0)	(6.0, 0.0)	(7.0, 0.0)	(8.0, 0.0)	(9.0, 0.0)	(10.0, 0.0)	(11.0, 0.0)	(12.0, 0.0)	(13.0, 0.0)	(14.0, 0.0)	(15.0, 0.0)	(16.0, 0.0)	(17.0, 0.0)	(18.0, 0.0)	(19.0, 0.0)	(20.0, 0.0)	(21.0, 0.0)	(22.0, 0.0001056918216725308)	(23.0, 0.0)	(24.0, 0.0001056918216725308)	(25.0, 0.0001585377325087962)	(26.0, 0.0003170754650175924)	(27.0, 0.0003699213758538578)	(28.0, 0.0003699213758538578)	(29.0, 0.0002113836433450616)	(30.0, 0.0004227672866901232)	(31.0, 0.0003170754650175924)	(32.0, 0.0004227672866901232)	(33.0, 0.0003170754650175924)	(34.0, 0.000264229554181327)	(35.0, 0.0008455345733802464)	(36.0, 0.0006869968408714502)	(37.0, 0.0011097641275615736)	(38.0, 0.0012683018600703696)	(39.0, 0.001849606879269289)	(40.0, 0.0025894496309770043)	(41.0, 0.003593521936866047)	(42.0, 0.005126053351117744)	(43.0, 0.007451273427913422)	(44.0, 0.011943175848995981)	(45.0, 0.021191210245342425)	(46.0, 0.04301657142072004)	(47.0, 0.08677298559314778)	(48.0, 0.2044079831146746)	(49.0, 0.764416100246579)	(50.0, 5.096142565584418)	(51.0, 6.274394993589791)	(52.0, 2.728909989673909)	(53.0, 4.791802965078365)	(54.0, 7.929528920981624)	(55.0, 25.639039176787538)	(56.0, 19.843956594482677)	(57.0, 15.081747339472617)	(58.0, 6.45438816589811)	(59.0, 3.339227413921938)	(60.0, 1.1941062012562529)	(61.0, 0.26306694414292914)	(62.0, 0.07937455807607063)	(63.0, 0.03218315969928563)	(64.0, 0.01722776693262252)	(65.0, 0.025788804488097512)	(66.0, 0.022670895748757858)	(67.0, 0.013370015441575145)	(68.0, 0.005178899261954009)	(69.0, 0.002219528255123147)	(70.0, 0.001426839592579166)	(71.0, 0.0006341509300351848)	(72.0, 0.000528459108362654)	(73.0, 0.0008455345733802464)	(74.0, 0.0002113836433450616)	(75.0, 0.0001056918216725308)	(76.0, 0.0001056918216725308)	(77.0, 0.0003699213758538578)	(78.0, 0.0003170754650175924)	(79.0, 5.28459108362654e-05)	(80.0, 5.28459108362654e-05)	(81.0, 0.0001056918216725308)	(82.0, 0.0001056918216725308)	(83.0, 0.0001056918216725308)	(84.0, 0.0001585377325087962)	(85.0, 0.0001056918216725308)	(86.0, 5.28459108362654e-05)	(87.0, 0.0001056918216725308)	(88.0, 0.0001056918216725308)	(89.0, 5.28459108362654e-05)	(90.0, 5.28459108362654e-05)	(91.0, 0.0001056918216725308)	(92.0, 5.28459108362654e-05)	(93.0, 0.0001056918216725308)	(94.0, 5.28459108362654e-05)	(95.0, 0.0)	(96.0, 0.0)	(97.0, 5.28459108362654e-05)	(98.0, 5.28459108362654e-05)	(99.0, 0.0)	(100.0, 0.0)
SRR6419120_2	(0.0, 0.0)	(1.0, 0.0)	(2.0, 0.0)	(3.0, 0.0)	(4.0, 0.0)	(5.0, 0.0)	(6.0, 0.0)	(7.0, 0.0)	(8.0, 0.0)	(9.0, 0.0)	(10.0, 0.0)	(11.0, 0.0)	(12.0, 0.0)	(13.0, 0.0)	(14.0, 0.0)	(15.0, 0.0)	(16.0, 0.0)	(17.0, 0.0)	(18.0, 0.0)	(19.0, 0.0)	(20.0, 0.0)	(21.0, 0.0)	(22.0, 0.0)	(23.0, 0.0)	(24.0, 0.0)	(25.0, 0.0)	(26.0, 0.0)	(27.0, 0.0)	(28.0, 0.0)	(29.0, 0.0)	(30.0, 0.0)	(31.0, 0.0)	(32.0, 0.0)	(33.0, 0.0)	(34.0, 0.0)	(35.0, 0.0)	(36.0, 5.36312082145849e-05)	(37.0, 5.36312082145849e-05)	(38.0, 0.0002681560410729245)	(39.0, 0.0003217872492875094)	(40.0, 0.0006972057067896037)	(41.0, 0.002145248328583396)	(42.0, 0.006113957736462678)	(43.0, 0.01630388729723381)	(44.0, 0.036201065544844806)	(45.0, 0.10366912547879262)	(46.0, 0.28757053844660424)	(47.0, 0.9913728838466019)	(48.0, 7.315457694094024)	(49.0, 34.328853697281865)	(50.0, 15.335897620168767)	(51.0, 9.06651664230022)	(52.0, 10.222698228990243)	(53.0, 12.943945733798278)	(54.0, 4.298058657525049)	(55.0, 2.4438132647139903)	(56.0, 1.0548722343726704)	(57.0, 0.7003163168660496)	(58.0, 0.33487326409186813)	(59.0, 0.1502746454172669)	(60.0, 0.11160654429455118)	(61.0, 0.05642003104174331)	(62.0, 0.06189041427963097)	(63.0, 0.04907255551634518)	(64.0, 0.01367595809471915)	(65.0, 0.006489376193964773)	(66.0, 0.011906128223637848)	(67.0, 0.012388809097569113)	(68.0, 0.026708341690863283)	(69.0, 0.007240213108968961)	(70.0, 0.0018234610792958867)	(71.0, 0.0001608936246437547)	(72.0, 0.0)	(73.0, 0.0)	(74.0, 5.36312082145849e-05)	(75.0, 0.0001072624164291698)	(76.0, 0.0)	(77.0, 0.0)	(78.0, 0.0)	(79.0, 0.0)	(80.0, 0.0)	(81.0, 0.0)	(82.0, 0.0)	(83.0, 0.0)	(84.0, 5.36312082145849e-05)	(85.0, 5.36312082145849e-05)	(86.0, 0.0)	(87.0, 0.0)	(88.0, 0.0)	(89.0, 0.0)	(90.0, 0.0)	(91.0, 0.0)	(92.0, 0.0)	(93.0, 0.0)	(94.0, 0.0)	(95.0, 0.0)	(96.0, 0.0)	(97.0, 0.0)	(98.0, 0.0)	(99.0, 0.0)	(100.0, 0.0)
SRR6419121_1	(0.0, 0.0)	(1.0, 0.0)	(2.0, 0.0)	(3.0, 0.0)	(4.0, 0.0)	(5.0, 0.0)	(6.0, 0.0)	(7.0, 0.0)	(8.0, 0.0)	(9.0, 0.0)	(10.0, 0.0)	(11.0, 0.0)	(12.0, 0.0)	(13.0, 0.0)	(14.0, 0.0)	(15.0, 0.0)	(16.0, 0.0)	(17.0, 0.0)	(18.0, 0.0)	(19.0, 0.0)	(20.0, 0.0)	(21.0, 0.0)	(22.0, 0.0)	(23.0, 0.0)	(24.0, 0.0)	(25.0, 0.0)	(26.0, 0.0)	(27.0, 0.0)	(28.0, 0.0)	(29.0, 0.0)	(30.0, 0.0)	(31.0, 4.6795798111695956e-05)	(32.0, 0.0)	(33.0, 0.0)	(34.0, 0.0)	(35.0, 0.0)	(36.0, 0.0)	(37.0, 4.6795798111695956e-05)	(38.0, 9.359159622339191e-05)	(39.0, 9.359159622339191e-05)	(40.0, 4.6795798111695956e-05)	(41.0, 0.0007487327697871353)	(42.0, 0.0029481352810368454)	(43.0, 0.009218772228004102)	(44.0, 0.013757964644838612)	(45.0, 0.028077478867017572)	(46.0, 0.06986612658076206)	(47.0, 0.192845484018299)	(48.0, 1.2327417096564066)	(49.0, 5.118103235274298)	(50.0, 3.6423977418219664)	(51.0, 12.917558906550664)	(52.0, 13.602228228722888)	(53.0, 5.6347288464274214)	(54.0, 13.39043044646935)	(55.0, 24.86831662411369)	(56.0, 13.141897962698135)	(57.0, 4.862551381786327)	(58.0, 0.8258522450752102)	(59.0, 0.26753157780456577)	(60.0, 0.09864554241945508)	(61.0, 0.03640713093089945)	(62.0, 0.013102823471274866)	(63.0, 0.004632784013057899)	(64.0, 0.00393084704138246)	(65.0, 0.0020122193188029263)	(66.0, 0.005428312580956731)	(67.0, 0.0034628890602655007)	(68.0, 0.0062238411488555615)	(69.0, 0.003041726877260237)	(70.0, 0.0007019369716754393)	(71.0, 0.00023397899055847975)	(72.0, 0.0)	(73.0, 0.0)	(74.0, 0.0)	(75.0, 0.0)	(76.0, 0.0)	(77.0, 0.0)	(78.0, 0.0)	(79.0, 0.0)	(80.0, 0.0)	(81.0, 0.0)	(82.0, 0.0)	(83.0, 0.0)	(84.0, 0.0)	(85.0, 0.0)	(86.0, 0.0)	(87.0, 4.6795798111695956e-05)	(88.0, 0.0)	(89.0, 0.0)	(90.0, 0.0)	(91.0, 0.0)	(92.0, 0.0)	(93.0, 0.0)	(94.0, 0.0)	(95.0, 0.0)	(96.0, 0.0)	(97.0, 0.0)	(98.0, 0.0)	(99.0, 0.0)	(100.0, 0.0)
SRR6419121_2	(0.0, 0.0)	(1.0, 0.0)	(2.0, 0.0)	(3.0, 0.0)	(4.0, 0.0)	(5.0, 0.0)	(6.0, 0.0)	(7.0, 0.0)	(8.0, 0.0)	(9.0, 0.0)	(10.0, 0.0)	(11.0, 0.0)	(12.0, 0.0)	(13.0, 0.0)	(14.0, 0.0)	(15.0, 0.0)	(16.0, 0.0)	(17.0, 0.0)	(18.0, 4.713697108193961e-05)	(19.0, 0.0)	(20.0, 0.0)	(21.0, 0.0)	(22.0, 0.0)	(23.0, 0.0)	(24.0, 0.0)	(25.0, 9.427394216387922e-05)	(26.0, 0.00018854788432775844)	(27.0, 4.713697108193961e-05)	(28.0, 0.00014141091324581883)	(29.0, 0.00028282182649163766)	(30.0, 0.00028282182649163766)	(31.0, 0.0004713697108193961)	(32.0, 0.0004713697108193961)	(33.0, 0.00032995879757357727)	(34.0, 0.0004242327397374565)	(35.0, 0.0006127806240652149)	(36.0, 0.0003770957686555169)	(37.0, 0.0010370133638026714)	(38.0, 0.0006599175951471545)	(39.0, 0.0006599175951471545)	(40.0, 0.0008956024505568526)	(41.0, 0.0014141091324581883)	(42.0, 0.001932615814359524)	(43.0, 0.0031110400914080147)	(44.0, 0.00485510802143978)	(45.0, 0.008248969939339431)	(46.0, 0.011784242770484902)	(47.0, 0.02069313030497149)	(48.0, 0.03440998888981592)	(49.0, 0.07061118268074554)	(50.0, 0.25043872735834516)	(51.0, 0.3782270559614834)	(52.0, 0.43662976313200663)	(53.0, 0.900787517375866)	(54.0, 2.5230535141318997)	(55.0, 12.151109816415637)	(56.0, 19.719280482418615)	(57.0, 16.563601679396005)	(58.0, 8.922085886389528)	(59.0, 23.32945396061329)	(60.0, 12.167042112641333)	(61.0, 1.757737651645528)	(62.0, 0.4414848711534464)	(63.0, 0.15592910033905624)	(64.0, 0.06047673389812852)	(65.0, 0.028894963273228984)	(66.0, 0.017912049011137052)	(67.0, 0.012019927625894601)	(68.0, 0.006552038980389605)	(69.0, 0.0032524510046538333)	(70.0, 0.002686807351670558)	(71.0, 0.0016497939878678863)	(72.0, 0.0012255612481304298)	(73.0, 0.0007541915373110337)	(74.0, 0.0006599175951471545)	(75.0, 0.0006127806240652149)	(76.0, 0.00018854788432775844)	(77.0, 0.00023568485540969805)	(78.0, 0.00023568485540969805)	(79.0, 0.0003770957686555169)	(80.0, 0.00018854788432775844)	(81.0, 0.00028282182649163766)	(82.0, 4.713697108193961e-05)	(83.0, 4.713697108193961e-05)	(84.0, 9.427394216387922e-05)	(85.0, 0.00014141091324581883)	(86.0, 0.00014141091324581883)	(87.0, 4.713697108193961e-05)	(88.0, 9.427394216387922e-05)	(89.0, 9.427394216387922e-05)	(90.0, 0.0)	(91.0, 0.0)	(92.0, 4.713697108193961e-05)	(93.0, 0.0)	(94.0, 0.0)	(95.0, 4.713697108193961e-05)	(96.0, 0.0)	(97.0, 4.713697108193961e-05)	(98.0, 0.0)	(99.0, 0.0)	(100.0, 0.0)
SRR6419122_1	(0.0, 0.0)	(1.0, 0.0)	(2.0, 0.0)	(3.0, 0.0)	(4.0, 0.0)	(5.0, 0.0)	(6.0, 0.0)	(7.0, 0.0)	(8.0, 0.0)	(9.0, 0.0)	(10.0, 0.0)	(11.0, 0.0)	(12.0, 0.0)	(13.0, 0.0)	(14.0, 0.0)	(15.0, 0.0)	(16.0, 0.0)	(17.0, 0.0)	(18.0, 0.0)	(19.0, 0.0)	(20.0, 0.0)	(21.0, 0.0)	(22.0, 0.0)	(23.0, 4.676336707466146e-05)	(24.0, 0.0)	(25.0, 4.676336707466146e-05)	(26.0, 9.352673414932292e-05)	(27.0, 0.0)	(28.0, 0.00018705346829864583)	(29.0, 0.00037410693659729167)	(30.0, 0.0003273435695226302)	(31.0, 0.0003273435695226302)	(32.0, 0.0003273435695226302)	(33.0, 0.00023381683537330728)	(34.0, 0.0003273435695226302)	(35.0, 0.00037410693659729167)	(36.0, 0.0005611604048959375)	(37.0, 0.0006546871390452604)	(38.0, 0.0009352673414932291)	(39.0, 0.0007949772402692448)	(40.0, 0.0012626109110158593)	(41.0, 0.0014029010122398437)	(42.0, 0.0017770079488371353)	(43.0, 0.002759038657405026)	(44.0, 0.0048166268086901306)	(45.0, 0.008230352605140417)	(46.0, 0.01024117738935086)	(47.0, 0.015291621033414296)	(48.0, 0.023755790473928017)	(49.0, 0.038392724368297056)	(50.0, 0.08169560227943357)	(51.0, 0.1593227916233716)	(52.0, 0.2910084333056182)	(53.0, 0.6250859276869997)	(54.0, 1.658836920239466)	(55.0, 8.443359742165498)	(56.0, 21.295616495497153)	(57.0, 21.31263836111233)	(58.0, 9.658365545499354)	(59.0, 23.214738316874186)	(60.0, 11.106299680232096)	(61.0, 1.439329675191005)	(62.0, 0.36049879677856517)	(63.0, 0.13051655750538013)	(64.0, 0.05059796317478369)	(65.0, 0.02211907262631487)	(66.0, 0.011924658604038671)	(67.0, 0.007388611997796511)	(68.0, 0.004208703036719531)	(69.0, 0.002759038657405026)	(70.0, 0.0025252218220317185)	(71.0, 0.0016367178476131509)	(72.0, 0.0017770079488371353)	(73.0, 0.0010755574427172136)	(74.0, 0.000514397037821276)	(75.0, 0.00042087030367195314)	(76.0, 0.00037410693659729167)	(77.0, 0.00028058020244796876)	(78.0, 0.00018705346829864583)	(79.0, 0.00042087030367195314)	(80.0, 9.352673414932292e-05)	(81.0, 9.352673414932292e-05)	(82.0, 0.00014029010122398438)	(83.0, 4.676336707466146e-05)	(84.0, 4.676336707466146e-05)	(85.0, 0.0)	(86.0, 9.352673414932292e-05)	(87.0, 4.676336707466146e-05)	(88.0, 4.676336707466146e-05)	(89.0, 9.352673414932292e-05)	(90.0, 4.676336707466146e-05)	(91.0, 4.676336707466146e-05)	(92.0, 4.676336707466146e-05)	(93.0, 4.676336707466146e-05)	(94.0, 0.0)	(95.0, 4.676336707466146e-05)	(96.0, 0.0)	(97.0, 0.0)	(98.0, 0.0)	(99.0, 0.0)	(100.0, 0.0)
SRR6419122_2	(0.0, 0.0)	(1.0, 0.0)	(2.0, 0.0)	(3.0, 0.0)	(4.0, 0.0)	(5.0, 0.0)	(6.0, 0.0)	(7.0, 0.0)	(8.0, 0.0)	(9.0, 0.0)	(10.0, 0.0)	(11.0, 0.0)	(12.0, 0.0)	(13.0, 0.0)	(14.0, 0.0)	(15.0, 0.0)	(16.0, 0.0)	(17.0, 0.0)	(18.0, 0.0)	(19.0, 0.0)	(20.0, 0.0)	(21.0, 0.0)	(22.0, 0.0)	(23.0, 0.0)	(24.0, 0.0)	(25.0, 0.0)	(26.0, 0.0)	(27.0, 0.0)	(28.0, 0.0)	(29.0, 0.0)	(30.0, 0.0)	(31.0, 0.0)	(32.0, 4.619368643171326e-05)	(33.0, 0.0)	(34.0, 4.619368643171326e-05)	(35.0, 0.0)	(36.0, 0.0)	(37.0, 0.0)	(38.0, 4.619368643171326e-05)	(39.0, 0.00018477474572685303)	(40.0, 0.0006005179236122723)	(41.0, 0.0018477474572685304)	(42.0, 0.01787695664907303)	(43.0, 0.04559316850810098)	(44.0, 0.02342019902087862)	(45.0, 0.026838531816825405)	(46.0, 0.05279938359144825)	(47.0, 0.11991880997672762)	(48.0, 0.43006322067925046)	(49.0, 1.584720606726355)	(50.0, 3.7822928513422496)	(51.0, 17.647928351744596)	(52.0, 17.790204905954273)	(53.0, 6.8605477277787585)	(54.0, 13.609399121765634)	(55.0, 23.734131313868545)	(56.0, 9.804009427207527)	(57.0, 3.459075627379552)	(58.0, 0.6632027561001073)	(59.0, 0.21794181258482315)	(60.0, 0.07862165430677596)	(61.0, 0.028455310841935366)	(62.0, 0.010578354192862337)	(63.0, 0.003926463346695627)	(64.0, 0.001616779025109964)	(65.0, 0.0006929052964756989)	(66.0, 0.0006929052964756989)	(67.0, 0.0005081305507488458)	(68.0, 0.0012472295336562582)	(69.0, 0.00027716211859027954)	(70.0, 0.00018477474572685303)	(71.0, 0.0002309684321585663)	(72.0, 9.238737286342652e-05)	(73.0, 4.619368643171326e-05)	(74.0, 0.0)	(75.0, 0.0)	(76.0, 0.0)	(77.0, 0.0)	(78.0, 0.0)	(79.0, 0.0)	(80.0, 0.0)	(81.0, 0.0)	(82.0, 0.0)	(83.0, 0.0)	(84.0, 0.0)	(85.0, 0.0)	(86.0, 0.0)	(87.0, 0.0)	(88.0, 4.619368643171326e-05)	(89.0, 4.619368643171326e-05)	(90.0, 0.0)	(91.0, 0.0)	(92.0, 0.0)	(93.0, 0.0)	(94.0, 0.0)	(95.0, 0.0)	(96.0, 0.0)	(97.0, 0.0)	(98.0, 0.0)	(99.0, 0.0)	(100.0, 0.0)
SRR6419123_1	(0.0, 0.0)	(1.0, 0.0)	(2.0, 0.0)	(3.0, 0.0)	(4.0, 0.0)	(5.0, 5.225777086117148e-05)	(6.0, 5.225777086117148e-05)	(7.0, 0.0)	(8.0, 0.0)	(9.0, 0.0)	(10.0, 0.0)	(11.0, 0.0)	(12.0, 0.0)	(13.0, 0.0)	(14.0, 0.0)	(15.0, 0.0)	(16.0, 0.0)	(17.0, 0.0)	(18.0, 0.0)	(19.0, 0.0)	(20.0, 0.0)	(21.0, 0.0)	(22.0, 0.0)	(23.0, 0.0)	(24.0, 0.0)	(25.0, 5.225777086117148e-05)	(26.0, 0.00015677331258351444)	(27.0, 0.00015677331258351444)	(28.0, 0.00026128885430585743)	(29.0, 0.00047031993775054336)	(30.0, 0.00026128885430585743)	(31.0, 0.00015677331258351444)	(32.0, 0.0005748354794728863)	(33.0, 0.0006793510211952293)	(34.0, 0.00036580439602820037)	(35.0, 0.0007838665629175722)	(36.0, 0.00047031993775054336)	(37.0, 0.0011496709589457726)	(38.0, 0.0011496709589457726)	(39.0, 0.001097413188084601)	(40.0, 0.001201928729806944)	(41.0, 0.0019857952927245163)	(42.0, 0.002612888543058574)	(43.0, 0.00386707504372669)	(44.0, 0.005069003773533634)	(45.0, 0.010138007547067267)	(46.0, 0.01619990896696316)	(47.0, 0.025815338805418715)	(48.0, 0.05215325531944914)	(49.0, 0.1528017219980654)	(50.0, 0.9596617040945532)	(51.0, 1.2495355590614714)	(52.0, 0.6937741659529126)	(53.0, 1.0275968062140761)	(54.0, 2.2909284167828967)	(55.0, 10.149817803281893)	(56.0, 18.282433393551706)	(57.0, 16.834004758592613)	(58.0, 9.44757787844947)	(59.0, 25.311103574379267)	(60.0, 11.550012515736121)	(61.0, 1.3840993190289879)	(62.0, 0.33674907542938903)	(63.0, 0.11120453639257293)	(64.0, 0.04389652752338405)	(65.0, 0.01552055794576793)	(66.0, 0.008727047733815638)	(67.0, 0.005748354794728863)	(68.0, 0.004755457148366605)	(69.0, 0.0030832084808091174)	(70.0, 0.0017767642092798306)	(71.0, 0.0021425686053080308)	(72.0, 0.001724506438418659)	(73.0, 0.0009928976463622582)	(74.0, 0.0007838665629175722)	(75.0, 0.00041806216688937187)	(76.0, 0.00031354662516702887)	(77.0, 0.00047031993775054336)	(78.0, 0.00031354662516702887)	(79.0, 0.00010451554172234297)	(80.0, 5.225777086117148e-05)	(81.0, 0.0)	(82.0, 0.00010451554172234297)	(83.0, 0.00015677331258351444)	(84.0, 0.00020903108344468593)	(85.0, 0.00010451554172234297)	(86.0, 5.225777086117148e-05)	(87.0, 0.0)	(88.0, 0.0)	(89.0, 0.0)	(90.0, 0.0)	(91.0, 5.225777086117148e-05)	(92.0, 5.225777086117148e-05)	(93.0, 0.00010451554172234297)	(94.0, 0.00010451554172234297)	(95.0, 0.0)	(96.0, 0.0)	(97.0, 0.0)	(98.0, 0.0)	(99.0, 0.0)	(100.0, 0.0)
SRR6419123_2	(0.0, 0.0)	(1.0, 0.0)	(2.0, 0.0)	(3.0, 0.0)	(4.0, 0.0)	(5.0, 0.0)	(6.0, 0.0)	(7.0, 0.0)	(8.0, 0.0)	(9.0, 0.0)	(10.0, 0.0)	(11.0, 0.0)	(12.0, 0.0)	(13.0, 0.0)	(14.0, 0.0)	(15.0, 0.0)	(16.0, 0.0)	(17.0, 0.0)	(18.0, 0.0)	(19.0, 0.0)	(20.0, 0.0)	(21.0, 0.0)	(22.0, 0.0)	(23.0, 0.0)	(24.0, 0.0)	(25.0, 0.0)	(26.0, 0.0)	(27.0, 0.0)	(28.0, 0.0)	(29.0, 0.0)	(30.0, 0.0)	(31.0, 0.0)	(32.0, 0.0)	(33.0, 0.0)	(34.0, 0.0)	(35.0, 0.0)	(36.0, 0.0)	(37.0, 0.0)	(38.0, 0.0)	(39.0, 0.00010310638929673193)	(40.0, 0.00025776597324182987)	(41.0, 0.0008248511143738555)	(42.0, 0.006237936552452282)	(43.0, 0.02098215022188495)	(44.0, 0.013661596581816983)	(45.0, 0.022683405645281027)	(46.0, 0.049851939224969895)	(47.0, 0.12671775244568356)	(48.0, 0.6249793787221406)	(49.0, 3.028647079202204)	(50.0, 4.407231057294158)	(51.0, 12.119073444743224)	(52.0, 13.507246317039776)	(53.0, 8.32723287196661)	(54.0, 14.675802580134286)	(55.0, 25.673697147664846)	(56.0, 12.111031146378078)	(57.0, 4.199110810498706)	(58.0, 0.7139601926852204)	(59.0, 0.23369063134104293)	(60.0, 0.08511432436445221)	(61.0, 0.028869789003084945)	(62.0, 0.011599468795882343)	(63.0, 0.004897553491594766)	(64.0, 0.001959021396637907)	(65.0, 0.0009279575036705874)	(66.0, 0.0005670851411320257)	(67.0, 0.0004639787518352937)	(68.0, 0.0012372766715607834)	(69.0, 0.0003608723625385618)	(70.0, 5.155319464836597e-05)	(71.0, 0.00015465958394509792)	(72.0, 0.00010310638929673193)	(73.0, 0.00025776597324182987)	(74.0, 5.155319464836597e-05)	(75.0, 0.0)	(76.0, 0.0)	(77.0, 0.0)	(78.0, 0.0)	(79.0, 0.0)	(80.0, 0.0)	(81.0, 0.0)	(82.0, 0.0)	(83.0, 0.00010310638929673193)	(84.0, 0.00010310638929673193)	(85.0, 0.0)	(86.0, 0.0)	(87.0, 5.155319464836597e-05)	(88.0, 0.0)	(89.0, 0.0)	(90.0, 0.0)	(91.0, 5.155319464836597e-05)	(92.0, 5.155319464836597e-05)	(93.0, 0.0)	(94.0, 0.0)	(95.0, 0.0)	(96.0, 0.0)	(97.0, 0.0)	(98.0, 0.0)	(99.0, 0.0)	(100.0, 0.0)
SRR6419124_1	(0.0, 0.0)	(1.0, 0.0)	(2.0, 0.0)	(3.0, 0.0)	(4.0, 0.0)	(5.0, 0.0)	(6.0, 0.0)	(7.0, 0.0)	(8.0, 0.0)	(9.0, 0.0)	(10.0, 0.0)	(11.0, 0.0)	(12.0, 5.1766952771110866e-05)	(13.0, 5.1766952771110866e-05)	(14.0, 0.0)	(15.0, 0.0)	(16.0, 0.0)	(17.0, 5.1766952771110866e-05)	(18.0, 0.0)	(19.0, 0.0)	(20.0, 0.0)	(21.0, 0.0)	(22.0, 0.0)	(23.0, 5.1766952771110866e-05)	(24.0, 0.00010353390554222173)	(25.0, 0.00020706781108444347)	(26.0, 0.0003106017166266652)	(27.0, 0.00010353390554222173)	(28.0, 0.0002588347638555544)	(29.0, 0.0002588347638555544)	(30.0, 0.00036236866939777604)	(31.0, 0.0005694364804822195)	(32.0, 0.00041413562216888693)	(33.0, 0.0002588347638555544)	(34.0, 0.0007765042915666631)	(35.0, 0.0006729703860244412)	(36.0, 0.0004659025749399978)	(37.0, 0.0008800381971088849)	(38.0, 0.0012424068665066608)	(39.0, 0.00119063991373555)	(40.0, 0.001967144205302213)	(41.0, 0.002277745921928878)	(42.0, 0.003468385835664428)	(43.0, 0.00419312317445998)	(44.0, 0.006263801285304416)	(45.0, 0.009369818451571067)	(46.0, 0.012061699995668832)	(47.0, 0.021897421022179897)	(48.0, 0.037323972947970935)	(49.0, 0.08375892958365738)	(50.0, 0.3399535788478851)	(51.0, 0.47755013931349777)	(52.0, 0.44954421786432675)	(53.0, 0.868908302263096)	(54.0, 2.774449833767687)	(55.0, 10.545083580333598)	(56.0, 18.948568324526338)	(57.0, 17.45519527098533)	(58.0, 10.028604692536224)	(59.0, 24.415417371919503)	(60.0, 11.57043161387099)	(61.0, 1.4262313157968756)	(62.0, 0.3157784119037763)	(63.0, 0.1057081175586084)	(64.0, 0.03778987552291093)	(65.0, 0.01672072574506881)	(66.0, 0.011129894845788836)	(67.0, 0.0068332377657866344)	(68.0, 0.004400190985544424)	(69.0, 0.0021224450636155457)	(70.0, 0.0013977077248199935)	(71.0, 0.00119063991373555)	(72.0, 0.0015530085831333262)	(73.0, 0.0010871060081933282)	(74.0, 0.0005176695277111088)	(75.0, 0.00020706781108444347)	(76.0, 0.00041413562216888693)	(77.0, 0.0002588347638555544)	(78.0, 0.00010353390554222173)	(79.0, 5.1766952771110866e-05)	(80.0, 0.00020706781108444347)	(81.0, 0.00036236866939777604)	(82.0, 0.0001553008583133326)	(83.0, 0.0003106017166266652)	(84.0, 0.0001553008583133326)	(85.0, 5.1766952771110866e-05)	(86.0, 0.00010353390554222173)	(87.0, 0.00020706781108444347)	(88.0, 0.0001553008583133326)	(89.0, 5.1766952771110866e-05)	(90.0, 0.0)	(91.0, 0.0)	(92.0, 5.1766952771110866e-05)	(93.0, 5.1766952771110866e-05)	(94.0, 0.0)	(95.0, 0.0)	(96.0, 0.0)	(97.0, 0.0)	(98.0, 0.0)	(99.0, 0.0)	(100.0, 6.902260369481448e-05)
SRR6419124_2	(0.0, 0.0)	(1.0, 0.0)	(2.0, 0.0)	(3.0, 0.0)	(4.0, 0.0)	(5.0, 0.0)	(6.0, 0.0)	(7.0, 0.0)	(8.0, 0.0)	(9.0, 0.0)	(10.0, 0.0)	(11.0, 0.0)	(12.0, 0.0)	(13.0, 0.0)	(14.0, 0.0)	(15.0, 0.0)	(16.0, 0.0)	(17.0, 0.0)	(18.0, 0.0)	(19.0, 0.0)	(20.0, 0.0)	(21.0, 0.0)	(22.0, 0.0)	(23.0, 0.0)	(24.0, 0.0)	(25.0, 5.112673089547447e-05)	(26.0, 0.0)	(27.0, 0.0)	(28.0, 0.0)	(29.0, 0.00010225346179094894)	(30.0, 0.00025563365447737237)	(31.0, 0.0001533801926864234)	(32.0, 0.0)	(33.0, 0.00025563365447737237)	(34.0, 0.00010225346179094894)	(35.0, 0.0001533801926864234)	(36.0, 0.0001533801926864234)	(37.0, 0.00010225346179094894)	(38.0, 0.0001533801926864234)	(39.0, 0.00035788711626832123)	(40.0, 0.0011247880797004384)	(41.0, 0.0022495761594008767)	(42.0, 0.010225346179094893)	(43.0, 0.03251660084952176)	(44.0, 0.02326266255744088)	(45.0, 0.030164771228329935)	(46.0, 0.0626813720778517)	(47.0, 0.1601800478955215)	(48.0, 0.9373063575067333)	(49.0, 4.095711285305564)	(50.0, 3.918710542945431)	(51.0, 13.601908867624712)	(52.0, 15.235868060313182)	(53.0, 7.81282912833014)	(54.0, 14.295494098952721)	(55.0, 25.098163323319312)	(56.0, 10.342835406692693)	(57.0, 3.3527376319325293)	(58.0, 0.6527349733425225)	(59.0, 0.20016115145578256)	(60.0, 0.07285559152605112)	(61.0, 0.026943787181915042)	(62.0, 0.010634360026258689)	(63.0, 0.006084080976561461)	(64.0, 0.002658590006564672)	(65.0, 0.0012781682723868616)	(66.0, 0.002300702890296351)	(67.0, 0.0019939425049235043)	(68.0, 0.0038856315480560594)	(69.0, 0.0017383088504461317)	(70.0, 0.0005623940398502192)	(71.0, 0.0001533801926864234)	(72.0, 0.0)	(73.0, 5.112673089547447e-05)	(74.0, 5.112673089547447e-05)	(75.0, 0.0)	(76.0, 0.0)	(77.0, 0.0)	(78.0, 5.112673089547447e-05)	(79.0, 0.0)	(80.0, 5.112673089547447e-05)	(81.0, 0.0)	(82.0, 0.0)	(83.0, 0.0)	(84.0, 0.0)	(85.0, 0.0)	(86.0, 0.0)	(87.0, 0.0)	(88.0, 0.0)	(89.0, 0.0)	(90.0, 0.0)	(91.0, 0.0)	(92.0, 0.0)	(93.0, 0.0)	(94.0, 0.0)	(95.0, 0.0)	(96.0, 0.0)	(97.0, 0.0)	(98.0, 0.0)	(99.0, 0.0)	(100.0, 0.0)
SRR6419125_1	(0.0, 0.0)	(1.0, 0.0)	(2.0, 0.0)	(3.0, 0.0)	(4.0, 0.0)	(5.0, 0.0)	(6.0, 0.0)	(7.0, 0.0)	(8.0, 0.0)	(9.0, 0.0)	(10.0, 0.0)	(11.0, 0.0)	(12.0, 0.0)	(13.0, 0.0)	(14.0, 0.0)	(15.0, 0.0)	(16.0, 0.0)	(17.0, 0.0)	(18.0, 0.0)	(19.0, 0.0)	(20.0, 0.0)	(21.0, 0.0)	(22.0, 0.0)	(23.0, 0.0)	(24.0, 0.0)	(25.0, 0.0)	(26.0, 0.0)	(27.0, 0.0)	(28.0, 0.0)	(29.0, 0.0)	(30.0, 0.0)	(31.0, 0.0)	(32.0, 0.0)	(33.0, 0.0)	(34.0, 0.0)	(35.0, 4.858229573695213e-05)	(36.0, 4.858229573695213e-05)	(37.0, 9.716459147390426e-05)	(38.0, 0.0001457468872108564)	(39.0, 0.00038865836589561703)	(40.0, 0.0013603042806346597)	(41.0, 0.0032550138143757927)	(42.0, 0.0148176001997704)	(43.0, 0.028614972189064804)	(44.0, 0.03391044242439259)	(45.0, 0.06694640352552003)	(46.0, 0.1618762093955245)	(47.0, 0.5173528673028033)	(48.0, 3.568563951062082)	(49.0, 19.35849021771184)	(50.0, 12.31459174110689)	(51.0, 9.834708455214168)	(52.0, 18.94724108429854)	(53.0, 27.915532877339906)	(54.0, 4.336164223705925)	(55.0, 1.7465335317434292)	(56.0, 0.7695435644733217)	(57.0, 0.2573404205186354)	(58.0, 0.07515681150506494)	(59.0, 0.02594294592353244)	(60.0, 0.00981362373886433)	(61.0, 0.003983748250430075)	(62.0, 0.0019432918294780854)	(63.0, 0.0009716459147390427)	(64.0, 0.0004372406616325692)	(65.0, 0.00034007607015866493)	(66.0, 0.0005829875488434255)	(67.0, 0.0005344052531064734)	(68.0, 0.0014088865763716117)	(69.0, 0.000728734436054282)	(70.0, 0.00034007607015866493)	(71.0, 9.716459147390426e-05)	(72.0, 0.0)	(73.0, 0.0)	(74.0, 0.0)	(75.0, 0.0)	(76.0, 0.0)	(77.0, 0.0)	(78.0, 4.858229573695213e-05)	(79.0, 4.858229573695213e-05)	(80.0, 4.858229573695213e-05)	(81.0, 0.0)	(82.0, 0.0)	(83.0, 0.0)	(84.0, 0.0)	(85.0, 0.0)	(86.0, 0.0)	(87.0, 0.0)	(88.0, 0.0)	(89.0, 0.0)	(90.0, 0.0)	(91.0, 0.0)	(92.0, 0.0)	(93.0, 0.0)	(94.0, 0.0)	(95.0, 0.0)	(96.0, 0.0)	(97.0, 0.0)	(98.0, 0.0)	(99.0, 0.0)	(100.0, 0.0)
SRR6419125_2	(0.0, 0.0)	(1.0, 0.0)	(2.0, 0.0)	(3.0, 0.0)	(4.0, 0.0)	(5.0, 0.0)	(6.0, 0.0)	(7.0, 0.0)	(8.0, 0.0)	(9.0, 0.0)	(10.0, 0.0)	(11.0, 0.0)	(12.0, 0.0)	(13.0, 0.0)	(14.0, 0.0)	(15.0, 0.0)	(16.0, 0.0)	(17.0, 0.0)	(18.0, 0.0)	(19.0, 0.0)	(20.0, 4.898061543163678e-05)	(21.0, 0.0)	(22.0, 0.0)	(23.0, 9.796123086327356e-05)	(24.0, 0.0)	(25.0, 0.00014694184629491033)	(26.0, 0.0002449030771581839)	(27.0, 4.898061543163678e-05)	(28.0, 0.00039184492345309424)	(29.0, 0.0003428643080214574)	(30.0, 0.00014694184629491033)	(31.0, 0.0002449030771581839)	(32.0, 0.000440825538884731)	(33.0, 0.000440825538884731)	(34.0, 0.00039184492345309424)	(35.0, 0.0006857286160429148)	(36.0, 0.0009796123086327356)	(37.0, 0.0009306316932010988)	(38.0, 0.0007347092314745516)	(39.0, 0.001322476616654193)	(40.0, 0.0020082052326971076)	(41.0, 0.0039184492345309425)	(42.0, 0.005877673851796413)	(43.0, 0.008130782161651706)	(44.0, 0.014057436628879755)	(45.0, 0.024784191408408207)	(46.0, 0.046580565275486575)	(47.0, 0.09188763454975059)	(48.0, 0.20650227465978063)	(49.0, 0.7579750238045792)	(50.0, 5.657261082354047)	(51.0, 6.850281932422425)	(52.0, 2.4074462290803793)	(53.0, 4.211451276042993)	(54.0, 6.171704486232529)	(55.0, 13.809692676026536)	(56.0, 19.141771452529944)	(57.0, 30.27971849860699)	(58.0, 7.196574883524097)	(59.0, 2.207458376273006)	(60.0, 0.678430504343601)	(61.0, 0.12994557274013235)	(62.0, 0.044572360042789465)	(63.0, 0.017045254170209596)	(64.0, 0.008130782161651706)	(65.0, 0.005387867697480045)	(66.0, 0.003134759387624754)	(67.0, 0.0023020889252869286)	(68.0, 0.0017143215401072872)	(69.0, 0.0011755347703592827)	(70.0, 0.0010775735394960091)	(71.0, 0.0010285929240643722)	(72.0, 0.0005877673851796413)	(73.0, 0.00039184492345309424)	(74.0, 0.00029388369258982066)	(75.0, 0.0002449030771581839)	(76.0, 0.00014694184629491033)	(77.0, 0.0003428643080214574)	(78.0, 0.0003428643080214574)	(79.0, 0.0003428643080214574)	(80.0, 9.796123086327356e-05)	(81.0, 9.796123086327356e-05)	(82.0, 0.00014694184629491033)	(83.0, 9.796123086327356e-05)	(84.0, 0.0)	(85.0, 0.0)	(86.0, 0.0)	(87.0, 4.898061543163678e-05)	(88.0, 4.898061543163678e-05)	(89.0, 0.0)	(90.0, 0.0)	(91.0, 4.898061543163678e-05)	(92.0, 0.0)	(93.0, 0.0)	(94.0, 0.0)	(95.0, 0.0)	(96.0, 4.898061543163678e-05)	(97.0, 0.0)	(98.0, 0.0)	(99.0, 0.0)	(100.0, 0.0)
SRR6419126_1	(0.0, 0.0)	(1.0, 0.0)	(2.0, 0.0)	(3.0, 0.0)	(4.0, 0.0)	(5.0, 0.0)	(6.0, 0.0)	(7.0, 0.0)	(8.0, 0.0)	(9.0, 0.0)	(10.0, 0.0)	(11.0, 0.0)	(12.0, 0.0)	(13.0, 0.0)	(14.0, 0.0)	(15.0, 0.0)	(16.0, 0.0)	(17.0, 0.0)	(18.0, 0.0)	(19.0, 0.0)	(20.0, 0.0)	(21.0, 0.0)	(22.0, 5.857537655180816e-05)	(23.0, 5.857537655180816e-05)	(24.0, 0.0)	(25.0, 5.857537655180816e-05)	(26.0, 0.00011715075310361632)	(27.0, 0.00023430150620723264)	(28.0, 0.00011715075310361632)	(29.0, 0.0002928768827590408)	(30.0, 0.000351452259310849)	(31.0, 0.0004686030124144653)	(32.0, 0.0002928768827590408)	(33.0, 0.000351452259310849)	(34.0, 0.00011715075310361632)	(35.0, 0.0009957814013807388)	(36.0, 0.0005271783889662735)	(37.0, 0.0005271783889662735)	(38.0, 0.00041002763586265716)	(39.0, 0.0008200552717253143)	(40.0, 0.0009957814013807388)	(41.0, 0.001464384413795204)	(42.0, 0.002518741191727751)	(43.0, 0.0047446055006964616)	(44.0, 0.006970469809665172)	(45.0, 0.010777869285532702)	(46.0, 0.015756776292436395)	(47.0, 0.02530456267038113)	(48.0, 0.04322862789523442)	(49.0, 0.098933810996004)	(50.0, 0.4686030124144653)	(51.0, 0.7031388201279052)	(52.0, 0.6677007173140612)	(53.0, 1.900419516846864)	(54.0, 3.8648619202648544)	(55.0, 12.189770161937485)	(56.0, 17.191287264190176)	(57.0, 17.511167395539605)	(58.0, 9.909782205034904)	(59.0, 21.977422706861873)	(60.0, 11.301708878035523)	(61.0, 1.48336283579799)	(62.0, 0.3638116637632805)	(63.0, 0.13079881584018763)	(64.0, 0.050667700717314065)	(65.0, 0.025128836540725702)	(66.0, 0.01593250242209182)	(67.0, 0.010602143155877278)	(68.0, 0.0047446055006964616)	(69.0, 0.0032802210869012573)	(70.0, 0.001815836673106053)	(71.0, 0.0013472336606915878)	(72.0, 0.001405809037243396)	(73.0, 0.0009957814013807388)	(74.0, 0.0008786306482771224)	(75.0, 0.0005271783889662735)	(76.0, 0.0002928768827590408)	(77.0, 0.0005857537655180816)	(78.0, 0.000351452259310849)	(79.0, 0.00011715075310361632)	(80.0, 0.0001757261296554245)	(81.0, 0.00011715075310361632)	(82.0, 5.857537655180816e-05)	(83.0, 0.0)	(84.0, 0.0)	(85.0, 0.00011715075310361632)	(86.0, 5.857537655180816e-05)	(87.0, 5.857537655180816e-05)	(88.0, 0.0)	(89.0, 5.857537655180816e-05)	(90.0, 5.857537655180816e-05)	(91.0, 0.0)	(92.0, 0.0)	(93.0, 5.857537655180816e-05)	(94.0, 5.857537655180816e-05)	(95.0, 5.857537655180816e-05)	(96.0, 5.857537655180816e-05)	(97.0, 5.857537655180816e-05)	(98.0, 0.0)	(99.0, 0.0)	(100.0, 0.0)
SRR6419126_2	(0.0, 0.0)	(1.0, 0.0)	(2.0, 0.0)	(3.0, 0.0)	(4.0, 0.0)	(5.0, 0.0)	(6.0, 0.0)	(7.0, 0.0)	(8.0, 0.0)	(9.0, 0.0)	(10.0, 0.0)	(11.0, 0.0)	(12.0, 0.0)	(13.0, 0.0)	(14.0, 0.0)	(15.0, 0.0)	(16.0, 0.0)	(17.0, 0.0)	(18.0, 0.0)	(19.0, 0.0)	(20.0, 0.0)	(21.0, 0.0)	(22.0, 0.0)	(23.0, 0.0)	(24.0, 0.0)	(25.0, 0.0)	(26.0, 0.0)	(27.0, 0.0)	(28.0, 0.0)	(29.0, 0.0)	(30.0, 0.0)	(31.0, 0.0)	(32.0, 0.0)	(33.0, 5.865522342361154e-05)	(34.0, 5.865522342361154e-05)	(35.0, 0.0)	(36.0, 0.0)	(37.0, 0.0)	(38.0, 0.00017596567027083462)	(39.0, 0.00046924178738889233)	(40.0, 0.0012317596918958425)	(41.0, 0.005044349214430592)	(42.0, 0.05038483692088231)	(43.0, 0.09337911569038958)	(44.0, 0.055957083146125415)	(45.0, 0.057130187614597636)	(46.0, 0.12217883039138284)	(47.0, 0.3430157465812803)	(48.0, 2.569743993411845)	(49.0, 11.364742814441854)	(50.0, 5.016194707187259)	(51.0, 13.356087649673468)	(52.0, 13.63775003255365)	(53.0, 9.150625440647365)	(54.0, 14.071446754547834)	(55.0, 22.83213226987503)	(56.0, 5.201662523652719)	(57.0, 1.4664978960371358)	(58.0, 0.37228470306966244)	(59.0, 0.12253076173192451)	(60.0, 0.04657224739834756)	(61.0, 0.017713877473930686)	(62.0, 0.011848355131569533)	(63.0, 0.0053962805549722615)	(64.0, 0.0019356223729791809)	(65.0, 0.0017596567027083462)	(66.0, 0.005630901448666708)	(67.0, 0.005044349214430592)	(68.0, 0.008153076055882004)	(69.0, 0.003460658181993081)	(70.0, 0.0011144492450486194)	(71.0, 0.00023462089369444616)	(72.0, 5.865522342361154e-05)	(73.0, 0.0)	(74.0, 0.00011731044684722308)	(75.0, 0.00011731044684722308)	(76.0, 5.865522342361154e-05)	(77.0, 0.0)	(78.0, 0.0)	(79.0, 0.0)	(80.0, 0.0)	(81.0, 0.0)	(82.0, 0.0)	(83.0, 0.0)	(84.0, 0.0)	(85.0, 0.0)	(86.0, 0.0)	(87.0, 0.0)	(88.0, 0.0)	(89.0, 0.0)	(90.0, 0.0)	(91.0, 0.0)	(92.0, 0.0)	(93.0, 0.0)	(94.0, 0.0)	(95.0, 0.0)	(96.0, 0.0)	(97.0, 0.0)	(98.0, 0.0)	(99.0, 0.0)	(100.0, 0.0)
SRR6419127_1	(0.0, 0.0)	(1.0, 0.0)	(2.0, 0.0)	(3.0, 0.0)	(4.0, 0.0)	(5.0, 0.0)	(6.0, 0.0)	(7.0, 0.0)	(8.0, 0.0)	(9.0, 0.0)	(10.0, 0.0)	(11.0, 0.0)	(12.0, 0.0)	(13.0, 0.0)	(14.0, 3.8721043919344064e-05)	(15.0, 3.8721043919344064e-05)	(16.0, 0.0)	(17.0, 0.0)	(18.0, 0.0)	(19.0, 0.0)	(20.0, 3.8721043919344064e-05)	(21.0, 3.8721043919344064e-05)	(22.0, 0.0)	(23.0, 0.0)	(24.0, 7.744208783868813e-05)	(25.0, 0.0001161631317580322)	(26.0, 0.00015488417567737625)	(27.0, 0.00027104730743540847)	(28.0, 0.0002323262635160644)	(29.0, 0.0003097683513547525)	(30.0, 0.0001936052195967203)	(31.0, 0.00034848939527409655)	(32.0, 0.00034848939527409655)	(33.0, 0.0004646525270321288)	(34.0, 0.0005033735709514728)	(35.0, 0.0004259314831127847)	(36.0, 0.0006582577466288491)	(37.0, 0.0006969787905481931)	(38.0, 0.0011616313175803218)	(39.0, 0.0012777944493383541)	(40.0, 0.0017424469763704829)	(41.0, 0.0023232626351606437)	(42.0, 0.0027491941182734288)	(43.0, 0.0047239673581599756)	(44.0, 0.007705487739949469)	(45.0, 0.013707249547447798)	(46.0, 0.020251105969816947)	(47.0, 0.03275800315576508)	(48.0, 0.06725845328790064)	(49.0, 0.16560990484303456)	(50.0, 0.8591812435263255)	(51.0, 1.1846703387123316)	(52.0, 0.867467546925065)	(53.0, 1.2591309061692302)	(54.0, 2.482948220284019)	(55.0, 10.66474352148534)	(56.0, 14.270059920815465)	(57.0, 10.385913284222143)	(58.0, 9.429387336282586)	(59.0, 29.682197032031983)	(60.0, 15.589750539674549)	(61.0, 2.147701422030338)	(62.0, 0.5228115349989836)	(63.0, 0.1790848281269663)	(64.0, 0.06799415312236817)	(65.0, 0.031170440355071976)	(66.0, 0.016533885753559914)	(67.0, 0.009641539935916673)	(68.0, 0.006040482851417674)	(69.0, 0.0038333833480150626)	(70.0, 0.0026330309865153965)	(71.0, 0.002245820547321956)	(72.0, 0.0017424469763704829)	(73.0, 0.0013552365371770423)	(74.0, 0.0014713996689350744)	(75.0, 0.0007356998344675372)	(76.0, 0.0005808156587901609)	(77.0, 0.00027104730743540847)	(78.0, 0.0003872104391934406)	(79.0, 0.0003097683513547525)	(80.0, 0.0001936052195967203)	(81.0, 0.0001936052195967203)	(82.0, 0.0002323262635160644)	(83.0, 0.00027104730743540847)	(84.0, 0.0001161631317580322)	(85.0, 0.00015488417567737625)	(86.0, 3.8721043919344064e-05)	(87.0, 0.0001161631317580322)	(88.0, 0.0001161631317580322)	(89.0, 3.8721043919344064e-05)	(90.0, 0.0001161631317580322)	(91.0, 0.0)	(92.0, 0.0)	(93.0, 0.0)	(94.0, 7.744208783868813e-05)	(95.0, 3.8721043919344064e-05)	(96.0, 0.0)	(97.0, 3.8721043919344064e-05)	(98.0, 3.8721043919344064e-05)	(99.0, 0.0)	(100.0, 0.0)
SRR6419127_2	(0.0, 0.0)	(1.0, 0.0)	(2.0, 0.0)	(3.0, 0.0)	(4.0, 0.0)	(5.0, 0.0)	(6.0, 0.0)	(7.0, 0.0)	(8.0, 0.0)	(9.0, 0.0)	(10.0, 0.0)	(11.0, 0.0)	(12.0, 0.0)	(13.0, 0.0)	(14.0, 0.0)	(15.0, 0.0)	(16.0, 0.0)	(17.0, 0.0)	(18.0, 0.0)	(19.0, 0.0)	(20.0, 0.0)	(21.0, 0.0)	(22.0, 0.0)	(23.0, 0.0)	(24.0, 0.0)	(25.0, 0.0)	(26.0, 0.0)	(27.0, 0.0)	(28.0, 0.0)	(29.0, 0.0)	(30.0, 0.0)	(31.0, 0.0)	(32.0, 0.0)	(33.0, 3.83069258155736e-05)	(34.0, 3.83069258155736e-05)	(35.0, 3.83069258155736e-05)	(36.0, 0.0)	(37.0, 0.0)	(38.0, 0.00019153462907786802)	(39.0, 0.0006129108130491776)	(40.0, 0.0011109008486516344)	(41.0, 0.003141167916877036)	(42.0, 0.023099076266790884)	(43.0, 0.04424449931698751)	(44.0, 0.07059966427810216)	(45.0, 0.06730526865796282)	(46.0, 0.15046960460357311)	(47.0, 0.23562590069159325)	(48.0, 1.1905026404963963)	(49.0, 5.402119292363821)	(50.0, 3.8985341471767407)	(51.0, 8.355506658892914)	(52.0, 10.429750077954594)	(53.0, 6.279807576650242)	(54.0, 16.266691285250992)	(55.0, 31.077642775658553)	(56.0, 11.765206125737121)	(57.0, 3.6432184866159436)	(58.0, 0.7034683856771936)	(59.0, 0.22670038697656458)	(60.0, 0.08423692986844636)	(61.0, 0.0357020548601146)	(62.0, 0.015820760361831897)	(63.0, 0.00892551371502865)	(64.0, 0.0034093163975860504)	(65.0, 0.001570583958438518)	(66.0, 0.0016855047358852386)	(67.0, 0.0026431778812745785)	(68.0, 0.0071250882016966905)	(69.0, 0.0022601086231188424)	(70.0, 0.0004979900356024569)	(71.0, 0.0001532277032622944)	(72.0, 3.83069258155736e-05)	(73.0, 3.83069258155736e-05)	(74.0, 3.83069258155736e-05)	(75.0, 3.83069258155736e-05)	(76.0, 0.0)	(77.0, 0.0)	(78.0, 0.0)	(79.0, 0.0)	(80.0, 0.0)	(81.0, 0.0)	(82.0, 0.0)	(83.0, 0.0)	(84.0, 0.0)	(85.0, 3.83069258155736e-05)	(86.0, 3.83069258155736e-05)	(87.0, 0.0)	(88.0, 0.0)	(89.0, 0.0)	(90.0, 0.0)	(91.0, 0.0)	(92.0, 3.83069258155736e-05)	(93.0, 3.83069258155736e-05)	(94.0, 0.0)	(95.0, 0.0)	(96.0, 0.0)	(97.0, 0.0)	(98.0, 0.0)	(99.0, 0.0)	(100.0, 0.0)
SRR6419128_1	(0.0, 0.0)	(1.0, 0.0)	(2.0, 0.0)	(3.0, 0.0)	(4.0, 0.0)	(5.0, 0.0)	(6.0, 0.0)	(7.0, 0.0)	(8.0, 0.0)	(9.0, 0.0)	(10.0, 0.0)	(11.0, 0.0)	(12.0, 0.0)	(13.0, 0.0)	(14.0, 0.0)	(15.0, 0.0)	(16.0, 0.0)	(17.0, 0.0)	(18.0, 0.0)	(19.0, 0.0)	(20.0, 0.0)	(21.0, 0.0)	(22.0, 0.0)	(23.0, 0.0)	(24.0, 0.0)	(25.0, 0.0)	(26.0, 9.493480115193888e-05)	(27.0, 0.00028480440345581665)	(28.0, 0.00028480440345581665)	(29.0, 0.0003797392046077555)	(30.0, 0.0005221414063356638)	(31.0, 0.00018986960230387776)	(32.0, 0.0003797392046077555)	(33.0, 0.0003797392046077555)	(34.0, 0.00033227180403178606)	(35.0, 0.0003797392046077555)	(36.0, 0.0004746740057596944)	(37.0, 0.0006645436080635721)	(38.0, 0.0003797392046077555)	(39.0, 0.0009018806109434194)	(40.0, 0.0011392176138232666)	(41.0, 0.0018037612218868388)	(42.0, 0.0022784352276465332)	(43.0, 0.003132848438013983)	(44.0, 0.004651805256445005)	(45.0, 0.008449197302522561)	(46.0, 0.01281619815551175)	(47.0, 0.018180014420596295)	(48.0, 0.0262494725185111)	(49.0, 0.04490416094486709)	(50.0, 0.0998714108118397)	(51.0, 0.1896322653009979)	(52.0, 0.39075164154138037)	(53.0, 0.832340869099624)	(54.0, 2.528825765684772)	(55.0, 13.795877835999182)	(56.0, 24.63942575837479)	(57.0, 19.420622402049833)	(58.0, 7.672962900903732)	(59.0, 19.43172977378461)	(60.0, 9.306743361328024)	(61.0, 1.125974209062571)	(62.0, 0.26529530181909317)	(63.0, 0.09033046329606985)	(64.0, 0.036407496241768554)	(65.0, 0.018037612218868387)	(66.0, 0.008211860299642713)	(67.0, 0.0051264792622046996)	(68.0, 0.00251577223052638)	(69.0, 0.0022784352276465332)	(70.0, 0.002041098224766686)	(71.0, 0.0012341524149752053)	(72.0, 0.0011392176138232666)	(73.0, 0.0005221414063356638)	(74.0, 0.0006170762074876027)	(75.0, 0.00028480440345581665)	(76.0, 0.0004746740057596944)	(77.0, 0.0002373370028798472)	(78.0, 0.0002373370028798472)	(79.0, 0.00018986960230387776)	(80.0, 0.00018986960230387776)	(81.0, 0.0002373370028798472)	(82.0, 4.746740057596944e-05)	(83.0, 0.0)	(84.0, 4.746740057596944e-05)	(85.0, 0.0)	(86.0, 4.746740057596944e-05)	(87.0, 4.746740057596944e-05)	(88.0, 0.0)	(89.0, 4.746740057596944e-05)	(90.0, 4.746740057596944e-05)	(91.0, 0.0)	(92.0, 0.0)	(93.0, 4.746740057596944e-05)	(94.0, 0.0)	(95.0, 0.0)	(96.0, 4.746740057596944e-05)	(97.0, 0.0)	(98.0, 0.0)	(99.0, 0.0)	(100.0, 0.0)
SRR6419128_2	(0.0, 0.0)	(1.0, 0.0)	(2.0, 0.0)	(3.0, 0.0)	(4.0, 0.0)	(5.0, 0.0)	(6.0, 0.0)	(7.0, 0.0)	(8.0, 0.0)	(9.0, 0.0)	(10.0, 0.0)	(11.0, 0.0)	(12.0, 0.0)	(13.0, 0.0)	(14.0, 0.0)	(15.0, 0.0)	(16.0, 0.0)	(17.0, 0.0)	(18.0, 0.0)	(19.0, 0.0)	(20.0, 0.0)	(21.0, 0.0)	(22.0, 0.0)	(23.0, 0.0)	(24.0, 0.0)	(25.0, 0.0)	(26.0, 0.0)	(27.0, 0.0)	(28.0, 0.0)	(29.0, 0.0)	(30.0, 0.0)	(31.0, 0.0)	(32.0, 0.0)	(33.0, 9.406970471049343e-05)	(34.0, 4.703485235524672e-05)	(35.0, 0.0)	(36.0, 0.0)	(37.0, 0.0)	(38.0, 0.0)	(39.0, 9.406970471049343e-05)	(40.0, 0.00028220911413148026)	(41.0, 0.000987731899460181)	(42.0, 0.005126798906721891)	(43.0, 0.011288364565259211)	(44.0, 0.02187120634518972)	(45.0, 0.029537887279094937)	(46.0, 0.06636617667325312)	(47.0, 0.13339084127947967)	(48.0, 0.49325449664947235)	(49.0, 1.86069875917356)	(50.0, 4.733305331917898)	(51.0, 17.11570056296015)	(52.0, 16.77211096650507)	(53.0, 7.124933504477483)	(54.0, 10.926807655204431)	(55.0, 20.03101478164305)	(56.0, 13.911733455373096)	(57.0, 5.385114315856907)	(58.0, 0.9363698406882516)	(59.0, 0.2822561489838355)	(60.0, 0.09759731863713693)	(61.0, 0.03551131352821127)	(62.0, 0.012087957055298406)	(63.0, 0.004750520087879918)	(64.0, 0.0014580804230126482)	(65.0, 0.001128836456525921)	(66.0, 0.0012699410135916613)	(67.0, 0.0008466273423944408)	(68.0, 0.0020695335036308555)	(69.0, 0.0004233136711972204)	(70.0, 0.00023517426177623358)	(71.0, 9.406970471049343e-05)	(72.0, 4.703485235524672e-05)	(73.0, 0.0)	(74.0, 9.406970471049343e-05)	(75.0, 0.0)	(76.0, 0.0)	(77.0, 0.0)	(78.0, 0.0)	(79.0, 0.0)	(80.0, 0.0)	(81.0, 0.0)	(82.0, 0.0)	(83.0, 0.0)	(84.0, 0.0)	(85.0, 0.0)	(86.0, 0.0)	(87.0, 0.0)	(88.0, 0.0)	(89.0, 0.0)	(90.0, 0.0)	(91.0, 0.0)	(92.0, 0.0)	(93.0, 0.0)	(94.0, 0.0)	(95.0, 0.0)	(96.0, 0.0)	(97.0, 0.0)	(98.0, 0.0)	(99.0, 0.0)	(100.0, 0.0)
SRR6419129_1	(0.0, 0.0)	(1.0, 0.0)	(2.0, 0.0)	(3.0, 0.0)	(4.0, 0.0)	(5.0, 0.0)	(6.0, 0.0)	(7.0, 0.0)	(8.0, 0.0)	(9.0, 0.0)	(10.0, 0.0)	(11.0, 0.0)	(12.0, 0.0)	(13.0, 0.0)	(14.0, 0.0)	(15.0, 0.0)	(16.0, 0.0)	(17.0, 0.0)	(18.0, 0.0)	(19.0, 0.0)	(20.0, 0.0)	(21.0, 0.0)	(22.0, 0.0)	(23.0, 0.0)	(24.0, 0.0)	(25.0, 0.0)	(26.0, 0.0)	(27.0, 0.0)	(28.0, 0.0)	(29.0, 0.0)	(30.0, 0.0)	(31.0, 0.0)	(32.0, 0.0)	(33.0, 0.0)	(34.0, 0.0)	(35.0, 0.00011727041384729047)	(36.0, 0.0001759056207709357)	(37.0, 0.0011140689315492596)	(38.0, 0.009381633107783238)	(39.0, 0.009088457073165012)	(40.0, 0.002169502656174874)	(41.0, 0.0010554337246256142)	(42.0, 0.005101263002357135)	(43.0, 0.013368827178591114)	(44.0, 0.07733983793228806)	(45.0, 0.33398613863708326)	(46.0, 0.1807137077386746)	(47.0, 0.4000680168400314)	(48.0, 1.361099058318577)	(49.0, 1.9557186917312632)	(50.0, 8.643122676579926)	(51.0, 22.656878496124214)	(52.0, 25.92168681763278)	(53.0, 13.815861996176984)	(54.0, 7.492699916738006)	(55.0, 7.781126499595417)	(56.0, 5.040399657570392)	(57.0, 2.052290877534507)	(58.0, 1.0916702825044269)	(59.0, 0.3957290115276817)	(60.0, 0.20369870885274355)	(61.0, 0.11428001829418455)	(62.0, 0.19566568550420413)	(63.0, 0.16013275010847514)	(64.0, 0.03781970846575118)	(65.0, 0.01401381445475121)	(66.0, 0.009674809142401463)	(67.0, 0.006508507968524621)	(68.0, 0.009147092280088658)	(69.0, 0.0034594772084950687)	(70.0, 0.0022867730700221645)	(71.0, 0.0005863520692364523)	(72.0, 0.0003518112415418714)	(73.0, 0.0001759056207709357)	(74.0, 5.8635206923645235e-05)	(75.0, 5.8635206923645235e-05)	(76.0, 0.00011727041384729047)	(77.0, 0.0)	(78.0, 0.0)	(79.0, 0.0)	(80.0, 0.0)	(81.0, 0.0)	(82.0, 0.0)	(83.0, 0.0)	(84.0, 0.0)	(85.0, 0.0)	(86.0, 0.0)	(87.0, 0.0)	(88.0, 0.0)	(89.0, 0.0)	(90.0, 0.0)	(91.0, 0.0)	(92.0, 0.0)	(93.0, 0.0)	(94.0, 0.0)	(95.0, 0.0)	(96.0, 0.0)	(97.0, 0.0)	(98.0, 0.0)	(99.0, 0.0)	(100.0, 0.0)
SRR6419129_2	(0.0, 0.0)	(1.0, 0.0)	(2.0, 0.0)	(3.0, 0.0)	(4.0, 0.0)	(5.0, 0.0)	(6.0, 0.0)	(7.0, 0.0)	(8.0, 0.0)	(9.0, 0.0)	(10.0, 0.0)	(11.0, 0.0)	(12.0, 0.0)	(13.0, 0.0)	(14.0, 0.0)	(15.0, 0.0)	(16.0, 0.0)	(17.0, 0.0)	(18.0, 0.0)	(19.0, 0.0)	(20.0, 0.0)	(21.0, 0.0)	(22.0, 0.0)	(23.0, 0.0)	(24.0, 5.7788336348921354e-05)	(25.0, 0.00011557667269784271)	(26.0, 0.00028894168174460676)	(27.0, 0.00011557667269784271)	(28.0, 0.00011557667269784271)	(29.0, 0.00017336500904676405)	(30.0, 0.00023115334539568542)	(31.0, 0.0003467300180935281)	(32.0, 0.00046230669079137083)	(33.0, 0.00028894168174460676)	(34.0, 0.0006934600361870562)	(35.0, 0.00028894168174460676)	(36.0, 0.00046230669079137083)	(37.0, 0.0008668250452338203)	(38.0, 0.0010401900542805842)	(39.0, 0.001155766726978427)	(40.0, 0.0016180734177697977)	(41.0, 0.0036984535263309666)	(42.0, 0.005663256962194292)	(43.0, 0.009361710488525259)	(44.0, 0.014042565732787888)	(45.0, 0.022190721157985798)	(46.0, 0.03605992188172692)	(47.0, 0.05617026293115155)	(48.0, 0.09350152821255475)	(49.0, 0.18145537613561305)	(50.0, 0.5640141627654723)	(51.0, 1.144035694699596)	(52.0, 3.2687972455767365)	(53.0, 14.170566897800748)	(54.0, 19.414222749765525)	(55.0, 16.100466178509325)	(56.0, 11.813380658128247)	(57.0, 13.681561995616176)	(58.0, 10.391672007272085)	(59.0, 6.1476965858073)	(60.0, 2.016697361904657)	(61.0, 0.5292833726197707)	(62.0, 0.17209366564708778)	(63.0, 0.07038619367298621)	(64.0, 0.027507248102086563)	(65.0, 0.017394289241025325)	(66.0, 0.014331507414532495)	(67.0, 0.010806418897248293)	(68.0, 0.005778833634892135)	(69.0, 0.0018492267631654833)	(70.0, 0.0012135550633273484)	(71.0, 0.0008090367088848989)	(72.0, 0.0010401900542805842)	(73.0, 0.0005200950271402921)	(74.0, 0.0005200950271402921)	(75.0, 0.0003467300180935281)	(76.0, 0.0005200950271402921)	(77.0, 0.00023115334539568542)	(78.0, 0.00028894168174460676)	(79.0, 0.00023115334539568542)	(80.0, 0.00017336500904676405)	(81.0, 5.7788336348921354e-05)	(82.0, 0.00017336500904676405)	(83.0, 0.00017336500904676405)	(84.0, 0.00011557667269784271)	(85.0, 0.00017336500904676405)	(86.0, 0.00011557667269784271)	(87.0, 0.0)	(88.0, 0.0)	(89.0, 5.7788336348921354e-05)	(90.0, 5.7788336348921354e-05)	(91.0, 5.7788336348921354e-05)	(92.0, 0.0)	(93.0, 0.0)	(94.0, 0.0)	(95.0, 5.7788336348921354e-05)	(96.0, 5.7788336348921354e-05)	(97.0, 0.0)	(98.0, 0.0)	(99.0, 0.0)	(100.0, 0.0)
SRR6419130_1	(0.0, 0.0)	(1.0, 0.0)	(2.0, 0.0)	(3.0, 0.0)	(4.0, 0.0)	(5.0, 0.0)	(6.0, 0.0)	(7.0, 0.0)	(8.0, 0.0)	(9.0, 0.0)	(10.0, 0.0)	(11.0, 0.0)	(12.0, 0.0)	(13.0, 0.0)	(14.0, 0.0)	(15.0, 0.0)	(16.0, 0.0)	(17.0, 0.0)	(18.0, 0.0)	(19.0, 0.0)	(20.0, 0.0)	(21.0, 0.0)	(22.0, 0.0)	(23.0, 0.0)	(24.0, 5.466643633874823e-05)	(25.0, 0.00027333218169374115)	(26.0, 0.00021866574535499292)	(27.0, 0.00032799861803248936)	(28.0, 0.00021866574535499292)	(29.0, 0.00016399930901624468)	(30.0, 0.00027333218169374115)	(31.0, 0.00032799861803248936)	(32.0, 0.0005466643633874823)	(33.0, 0.0006013307997262305)	(34.0, 0.000491997927048734)	(35.0, 0.0006559972360649787)	(36.0, 0.0010933287267749646)	(37.0, 0.0010933287267749646)	(38.0, 0.000983995854097468)	(39.0, 0.001639993090162447)	(40.0, 0.0020226581445336846)	(41.0, 0.0034986519256798867)	(42.0, 0.006013307997262305)	(43.0, 0.013010611848622079)	(44.0, 0.018805254100529387)	(45.0, 0.027551883914729108)	(46.0, 0.039195834854882476)	(47.0, 0.061937072371801745)	(48.0, 0.10998886991356142)	(49.0, 0.20778712452358203)	(50.0, 0.48877260730474786)	(51.0, 1.2301041504945127)	(52.0, 4.955567120543866)	(53.0, 19.049722403836274)	(54.0, 23.73786131781098)	(55.0, 16.158250586570862)	(56.0, 10.637541847157017)	(57.0, 9.490202681279369)	(58.0, 6.917545520741538)	(59.0, 4.4683798398929415)	(60.0, 1.5596334287444868)	(61.0, 0.37818240659146024)	(62.0, 0.13174611157638325)	(63.0, 0.06281173535322171)	(64.0, 0.031214535149425238)	(65.0, 0.03793850681909127)	(66.0, 0.057618423901040626)	(67.0, 0.0709570343676952)	(68.0, 0.02186657453549929)	(69.0, 0.006997303851359773)	(70.0, 0.0030066539986311524)	(71.0, 0.0011479951631137126)	(72.0, 0.0005466643633874823)	(73.0, 0.00043733149070998583)	(74.0, 0.00038266505437123757)	(75.0, 0.00027333218169374115)	(76.0, 0.00027333218169374115)	(77.0, 0.00016399930901624468)	(78.0, 0.00021866574535499292)	(79.0, 0.00038266505437123757)	(80.0, 0.00021866574535499292)	(81.0, 0.00021866574535499292)	(82.0, 0.00021866574535499292)	(83.0, 0.00010933287267749646)	(84.0, 0.00010933287267749646)	(85.0, 0.00010933287267749646)	(86.0, 0.00010933287267749646)	(87.0, 0.0)	(88.0, 0.0)	(89.0, 5.466643633874823e-05)	(90.0, 5.466643633874823e-05)	(91.0, 0.00010933287267749646)	(92.0, 0.00010933287267749646)	(93.0, 0.0)	(94.0, 0.0)	(95.0, 0.0)	(96.0, 5.466643633874823e-05)	(97.0, 0.0)	(98.0, 0.0)	(99.0, 0.0)	(100.0, 0.0)
SRR6419130_2	(0.0, 0.0)	(1.0, 0.0)	(2.0, 0.0)	(3.0, 0.0)	(4.0, 0.0)	(5.0, 0.0)	(6.0, 0.0)	(7.0, 0.0)	(8.0, 0.0)	(9.0, 0.0)	(10.0, 0.0)	(11.0, 0.0)	(12.0, 0.0)	(13.0, 0.0)	(14.0, 0.0)	(15.0, 0.0)	(16.0, 0.0)	(17.0, 0.0)	(18.0, 0.0)	(19.0, 0.0)	(20.0, 0.0)	(21.0, 0.0)	(22.0, 0.0)	(23.0, 0.0)	(24.0, 0.0)	(25.0, 0.0)	(26.0, 0.0)	(27.0, 0.0)	(28.0, 0.0)	(29.0, 0.0)	(30.0, 0.0)	(31.0, 0.0)	(32.0, 0.0)	(33.0, 0.0)	(34.0, 0.0)	(35.0, 0.0)	(36.0, 0.00010961066292528937)	(37.0, 0.0024662399158190107)	(38.0, 0.011892756927393897)	(39.0, 0.006960277095755875)	(40.0, 0.0013153279551034725)	(41.0, 0.0023018239214310766)	(42.0, 0.005699754472115047)	(43.0, 0.012495615573482988)	(44.0, 0.03929542265871624)	(45.0, 0.07086329358119958)	(46.0, 0.13591722202735884)	(47.0, 0.368017800771659)	(48.0, 1.2539459838653104)	(49.0, 3.707032620133287)	(50.0, 14.445096018940722)	(51.0, 25.043570238512803)	(52.0, 17.235619081024204)	(53.0, 10.702165906699404)	(54.0, 6.512517537706068)	(55.0, 8.864049894773764)	(56.0, 5.816709049456331)	(57.0, 2.618598737285163)	(58.0, 1.9300245527884952)	(59.0, 0.5412574535250789)	(60.0, 0.21861846720448966)	(61.0, 0.11185768151525781)	(62.0, 0.07930331462644685)	(63.0, 0.05069493160294634)	(64.0, 0.016551210101718696)	(65.0, 0.017154068747807786)	(66.0, 0.05957339529989478)	(67.0, 0.03978867064188004)	(68.0, 0.055682216766047)	(69.0, 0.01567432479831638)	(70.0, 0.004987285163100666)	(71.0, 0.0014797439494914064)	(72.0, 0.0005480533146264468)	(73.0, 0.00010961066292528937)	(74.0, 0.0)	(75.0, 0.0)	(76.0, 0.0)	(77.0, 0.0)	(78.0, 0.0)	(79.0, 0.0)	(80.0, 0.0)	(81.0, 5.4805331462644686e-05)	(82.0, 0.0)	(83.0, 0.0)	(84.0, 0.0)	(85.0, 0.0)	(86.0, 0.0)	(87.0, 0.0)	(88.0, 0.0)	(89.0, 0.0)	(90.0, 0.0)	(91.0, 0.0)	(92.0, 0.0)	(93.0, 0.0)	(94.0, 0.0)	(95.0, 0.0)	(96.0, 0.0)	(97.0, 0.0)	(98.0, 0.0)	(99.0, 0.0)	(100.0, 0.0)
SRR6419131_1	(0.0, 0.0)	(1.0, 0.0)	(2.0, 0.0)	(3.0, 0.0)	(4.0, 0.0)	(5.0, 0.0)	(6.0, 0.0)	(7.0, 0.0)	(8.0, 0.0)	(9.0, 0.0)	(10.0, 0.0)	(11.0, 0.0)	(12.0, 0.0)	(13.0, 0.0)	(14.0, 0.0)	(15.0, 0.0)	(16.0, 0.0)	(17.0, 0.0)	(18.0, 0.0)	(19.0, 0.0)	(20.0, 0.0)	(21.0, 0.0)	(22.0, 0.0)	(23.0, 0.0)	(24.0, 0.0)	(25.0, 0.0)	(26.0, 0.0)	(27.0, 0.0)	(28.0, 0.0)	(29.0, 0.0)	(30.0, 5.9246198763887316e-05)	(31.0, 0.0)	(32.0, 0.0)	(33.0, 0.0)	(34.0, 0.0)	(35.0, 0.00011849239752777463)	(36.0, 0.00035547719258332384)	(37.0, 0.004028741515944337)	(38.0, 0.019610491790846698)	(39.0, 0.007524267243013688)	(40.0, 0.0029623099381943653)	(41.0, 0.009775622796041406)	(42.0, 0.11630028817351079)	(43.0, 0.3015039055094225)	(44.0, 0.17862728927312024)	(45.0, 0.5729699882455541)	(46.0, 0.5186412239790694)	(47.0, 0.47426582110491794)	(48.0, 1.0773921245212907)	(49.0, 2.200344575892011)	(50.0, 8.740887934630113)	(51.0, 20.499421757100063)	(52.0, 22.718191900807643)	(53.0, 13.545399177188791)	(54.0, 8.673821237629394)	(55.0, 8.946057520949456)	(56.0, 5.607060251014294)	(57.0, 2.769463561217912)	(58.0, 1.5847765707352215)	(59.0, 0.5332157888749858)	(60.0, 0.2617497061388541)	(61.0, 0.14728605012702387)	(62.0, 0.22661671027186894)	(63.0, 0.17987145944716187)	(64.0, 0.039517214575512834)	(65.0, 0.018899537405680053)	(66.0, 0.011849239752777461)	(67.0, 0.0042064801122359986)	(68.0, 0.005332157888749858)	(69.0, 0.0010071853789860843)	(70.0, 0.00029623099381943655)	(71.0, 0.00023698479505554926)	(72.0, 0.00011849239752777463)	(73.0, 0.0)	(74.0, 5.9246198763887316e-05)	(75.0, 0.0)	(76.0, 5.9246198763887316e-05)	(77.0, 5.9246198763887316e-05)	(78.0, 0.0)	(79.0, 0.0)	(80.0, 0.0)	(81.0, 0.0)	(82.0, 0.0)	(83.0, 0.0)	(84.0, 0.0)	(85.0, 5.9246198763887316e-05)	(86.0, 0.0)	(87.0, 0.0)	(88.0, 0.0)	(89.0, 0.0)	(90.0, 0.0)	(91.0, 0.0)	(92.0, 0.0)	(93.0, 0.0)	(94.0, 0.0)	(95.0, 0.0)	(96.0, 0.0)	(97.0, 0.0)	(98.0, 0.0)	(99.0, 0.0)	(100.0, 0.0)
SRR6419131_2	(0.0, 0.0)	(1.0, 0.0)	(2.0, 0.0)	(3.0, 0.0)	(4.0, 0.0)	(5.0, 0.0)	(6.0, 0.0)	(7.0, 0.0)	(8.0, 0.0)	(9.0, 0.0)	(10.0, 0.0)	(11.0, 0.0)	(12.0, 0.0)	(13.0, 0.0)	(14.0, 0.0)	(15.0, 0.0)	(16.0, 0.0)	(17.0, 0.0)	(18.0, 0.0)	(19.0, 0.0)	(20.0, 0.0)	(21.0, 0.0)	(22.0, 0.0)	(23.0, 0.0)	(24.0, 0.0)	(25.0, 0.0001756777648166627)	(26.0, 0.0001756777648166627)	(27.0, 0.00040991478457221296)	(28.0, 0.0001756777648166627)	(29.0, 0.00023423701975555024)	(30.0, 0.0003513555296333254)	(31.0, 0.0001756777648166627)	(32.0, 0.000527033294449988)	(33.0, 0.0006441518043277632)	(34.0, 0.0006441518043277632)	(35.0, 0.0008198295691444259)	(36.0, 0.000527033294449988)	(37.0, 0.0006441518043277632)	(38.0, 0.0009955073339610887)	(39.0, 0.002108133177799952)	(40.0, 0.0022838109426166152)	(41.0, 0.003572114551272141)	(42.0, 0.006031603258705418)	(43.0, 0.010833462163694199)	(44.0, 0.01996870593416066)	(45.0, 0.051766381365976596)	(46.0, 0.23558388261914467)	(47.0, 0.2587147883200052)	(48.0, 0.18416885678280137)	(49.0, 0.3116523547847596)	(50.0, 0.7472746522751441)	(51.0, 1.5038016668306327)	(52.0, 4.617807166715856)	(53.0, 18.8294356293246)	(54.0, 21.05626841688568)	(55.0, 13.430916475763496)	(56.0, 9.032765074323407)	(57.0, 10.005024384073756)	(58.0, 9.839477370361521)	(59.0, 6.5536004572306625)	(60.0, 2.2767252727690095)	(61.0, 0.6310345312214524)	(62.0, 0.21432687307632847)	(63.0, 0.08291990499346479)	(64.0, 0.0353112307281492)	(65.0, 0.021491246562571738)	(66.0, 0.012941595341494149)	(67.0, 0.006500077298216519)	(68.0, 0.0030450812568221532)	(69.0, 0.0011711850987777513)	(70.0, 0.000936948079022201)	(71.0, 0.0008198295691444259)	(72.0, 0.0004684740395111005)	(73.0, 0.0004684740395111005)	(74.0, 0.00040991478457221296)	(75.0, 0.00023423701975555024)	(76.0, 0.00023423701975555024)	(77.0, 0.0001756777648166627)	(78.0, 0.00011711850987777512)	(79.0, 5.855925493888756e-05)	(80.0, 5.855925493888756e-05)	(81.0, 5.855925493888756e-05)	(82.0, 0.0)	(83.0, 0.0001756777648166627)	(84.0, 0.0001756777648166627)	(85.0, 5.855925493888756e-05)	(86.0, 0.00011711850987777512)	(87.0, 5.855925493888756e-05)	(88.0, 0.0001756777648166627)	(89.0, 5.855925493888756e-05)	(90.0, 5.855925493888756e-05)	(91.0, 0.0)	(92.0, 0.0)	(93.0, 0.0)	(94.0, 0.0)	(95.0, 5.855925493888756e-05)	(96.0, 0.0)	(97.0, 0.0)	(98.0, 0.0)	(99.0, 0.0)	(100.0, 0.0)
SRR6419132_1	(0.0, 0.0)	(1.0, 0.0)	(2.0, 0.0)	(3.0, 0.0)	(4.0, 0.0)	(5.0, 0.0)	(6.0, 0.0)	(7.0, 0.0)	(8.0, 0.0)	(9.0, 0.0)	(10.0, 0.0)	(11.0, 0.0)	(12.0, 0.0)	(13.0, 0.0)	(14.0, 0.0)	(15.0, 0.0)	(16.0, 0.0)	(17.0, 0.0)	(18.0, 0.0)	(19.0, 0.0)	(20.0, 0.0)	(21.0, 0.0)	(22.0, 0.0)	(23.0, 0.0)	(24.0, 0.0)	(25.0, 0.0)	(26.0, 0.0)	(27.0, 0.0)	(28.0, 0.0)	(29.0, 0.0)	(30.0, 0.0)	(31.0, 0.0)	(32.0, 0.0)	(33.0, 0.0)	(34.0, 5.5297286506853814e-05)	(35.0, 0.00016589185952056146)	(36.0, 0.000608270151575392)	(37.0, 0.00768632282445268)	(38.0, 0.0390398842738388)	(39.0, 0.015980915800480756)	(40.0, 0.003373134476918083)	(41.0, 0.006027404229247067)	(42.0, 0.03809983040322228)	(43.0, 0.12309175976425661)	(44.0, 0.3059045889559154)	(45.0, 0.8428412409374659)	(46.0, 0.6668299779861503)	(47.0, 0.4554284516704481)	(48.0, 0.9148936052558966)	(49.0, 3.9571291197169662)	(50.0, 9.042267586887244)	(51.0, 16.880823841093292)	(52.0, 24.508089163556654)	(53.0, 15.58238825662586)	(54.0, 7.560079119357534)	(55.0, 7.06572137798626)	(56.0, 5.16559601903775)	(57.0, 2.9101855942827033)	(58.0, 1.6680426474792458)	(59.0, 0.6658346268290268)	(60.0, 0.40720921783647157)	(61.0, 0.252321518330774)	(62.0, 0.3546767956549604)	(63.0, 0.30933302071934027)	(64.0, 0.09284414404500757)	(65.0, 0.03317837190411229)	(66.0, 0.0231142657598649)	(67.0, 0.0252708599336322)	(68.0, 0.05175826017041518)	(69.0, 0.016865672384590417)	(70.0, 0.005529728650685382)	(71.0, 0.0011612430166439301)	(72.0, 0.0002764864325342691)	(73.0, 0.00011059457301370763)	(74.0, 5.5297286506853814e-05)	(75.0, 0.0)	(76.0, 0.0)	(77.0, 5.5297286506853814e-05)	(78.0, 0.0)	(79.0, 5.5297286506853814e-05)	(80.0, 0.0)	(81.0, 0.0)	(82.0, 0.0)	(83.0, 0.0)	(84.0, 0.0)	(85.0, 0.0)	(86.0, 0.0)	(87.0, 0.0)	(88.0, 0.0)	(89.0, 0.0)	(90.0, 0.0)	(91.0, 0.0)	(92.0, 0.0)	(93.0, 0.0)	(94.0, 0.0)	(95.0, 0.0)	(96.0, 0.0)	(97.0, 0.0)	(98.0, 0.0)	(99.0, 0.0)	(100.0, 0.0)
SRR6419132_2	(0.0, 0.0)	(1.0, 0.0)	(2.0, 0.0)	(3.0, 0.0)	(4.0, 0.0)	(5.0, 0.0)	(6.0, 0.0)	(7.0, 0.0)	(8.0, 0.0)	(9.0, 0.0)	(10.0, 0.0)	(11.0, 0.0)	(12.0, 0.0)	(13.0, 0.0)	(14.0, 0.0)	(15.0, 0.0)	(16.0, 0.0)	(17.0, 0.0)	(18.0, 0.0)	(19.0, 0.0)	(20.0, 0.0)	(21.0, 0.0)	(22.0, 0.0)	(23.0, 0.0)	(24.0, 0.0)	(25.0, 5.50606520612781e-05)	(26.0, 0.0001101213041225562)	(27.0, 0.0003303639123676686)	(28.0, 0.0003854245644289467)	(29.0, 0.0003303639123676686)	(30.0, 0.0003854245644289467)	(31.0, 0.0004404852164902248)	(32.0, 0.0003303639123676686)	(33.0, 0.0003854245644289467)	(34.0, 0.0004404852164902248)	(35.0, 0.0007157884767966153)	(36.0, 0.0011562736932868402)	(37.0, 0.0011562736932868402)	(38.0, 0.001101213041225562)	(39.0, 0.0014866376056545086)	(40.0, 0.0022574867345124022)	(41.0, 0.003358699775737964)	(42.0, 0.006221853682924426)	(43.0, 0.0074331880282725435)	(44.0, 0.013324677798829301)	(45.0, 0.02604368842498454)	(46.0, 0.05803392727258712)	(47.0, 0.0970719295840333)	(48.0, 0.18836249070163238)	(49.0, 0.49730780941746383)	(50.0, 2.3666720075499166)	(51.0, 3.3772001548305535)	(52.0, 3.38006330873774)	(53.0, 10.720584259591153)	(54.0, 15.179561045469637)	(55.0, 15.40756720565539)	(56.0, 12.625572699607252)	(57.0, 13.756078007729414)	(58.0, 11.562131265695728)	(59.0, 6.993308478954993)	(60.0, 2.4009197331320316)	(61.0, 0.7551017823683679)	(62.0, 0.2612627940307646)	(63.0, 0.11023142542667876)	(64.0, 0.062108415525121696)	(65.0, 0.06458614486787921)	(66.0, 0.03782666796609805)	(67.0, 0.015637225185402982)	(68.0, 0.006772460203537206)	(69.0, 0.002697971951002627)	(70.0, 0.0007708491288578934)	(71.0, 0.0008809704329804496)	(72.0, 0.000495545868551503)	(73.0, 0.0002202426082451124)	(74.0, 0.0006056671726740591)	(75.0, 0.000495545868551503)	(76.0, 0.0006056671726740591)	(77.0, 0.0004404852164902248)	(78.0, 0.0001101213041225562)	(79.0, 0.0002202426082451124)	(80.0, 5.50606520612781e-05)	(81.0, 0.0001101213041225562)	(82.0, 0.0002202426082451124)	(83.0, 0.0001651819561838343)	(84.0, 5.50606520612781e-05)	(85.0, 0.0001651819561838343)	(86.0, 0.0002202426082451124)	(87.0, 0.0)	(88.0, 0.0)	(89.0, 0.0)	(90.0, 0.0)	(91.0, 0.0)	(92.0, 0.0)	(93.0, 0.0)	(94.0, 0.0)	(95.0, 0.0)	(96.0, 0.0)	(97.0, 0.0)	(98.0, 5.50606520612781e-05)	(99.0, 0.0)	(100.0, 0.0)
SRR6419133_1	(0.0, 0.0)	(1.0, 0.0)	(2.0, 0.0)	(3.0, 0.0)	(4.0, 0.0)	(5.0, 0.0)	(6.0, 0.0)	(7.0, 0.0)	(8.0, 0.0)	(9.0, 0.0)	(10.0, 0.0)	(11.0, 0.0)	(12.0, 0.0)	(13.0, 0.0)	(14.0, 0.0)	(15.0, 0.0)	(16.0, 0.0)	(17.0, 0.0)	(18.0, 0.0)	(19.0, 0.0)	(20.0, 0.0)	(21.0, 0.0)	(22.0, 0.0)	(23.0, 0.0)	(24.0, 0.0)	(25.0, 0.0)	(26.0, 0.0)	(27.0, 0.0)	(28.0, 0.0)	(29.0, 0.0)	(30.0, 0.0)	(31.0, 0.0)	(32.0, 0.0)	(33.0, 0.0)	(34.0, 5.7453863111574827e-05)	(35.0, 5.7453863111574827e-05)	(36.0, 0.0)	(37.0, 0.0010916233991199217)	(38.0, 0.007469002204504727)	(39.0, 0.004423947459591262)	(40.0, 0.0021257929351282687)	(41.0, 0.00488357836448386)	(42.0, 0.02430298409619615)	(43.0, 0.09422433550298272)	(44.0, 0.202295052015855)	(45.0, 0.48347425808390215)	(46.0, 0.4914028911932995)	(47.0, 0.5374808894087826)	(48.0, 1.1743569620005894)	(49.0, 2.1892220000034475)	(50.0, 8.650713260983599)	(51.0, 21.42845241699784)	(52.0, 20.72464259388105)	(53.0, 12.078698003535711)	(54.0, 8.07502555260562)	(55.0, 6.686595496651301)	(56.0, 6.917387664770498)	(57.0, 5.42387449318511)	(58.0, 2.5632466488597996)	(59.0, 0.9380492230226822)	(60.0, 0.5185785684450743)	(61.0, 0.33817343827472945)	(62.0, 0.21097058534570276)	(63.0, 0.11674624984272006)	(64.0, 0.0399304348625445)	(65.0, 0.01809796688014607)	(66.0, 0.01821287460636922)	(67.0, 0.007928633109397325)	(68.0, 0.01562745076634835)	(69.0, 0.008962802645405674)	(70.0, 0.0024705161137977176)	(71.0, 0.00028726931555787415)	(72.0, 0.0001723615893347245)	(73.0, 5.7453863111574827e-05)	(74.0, 0.0)	(75.0, 0.0)	(76.0, 0.00011490772622314965)	(77.0, 5.7453863111574827e-05)	(78.0, 0.0)	(79.0, 0.0)	(80.0, 0.0)	(81.0, 0.0)	(82.0, 0.0)	(83.0, 5.7453863111574827e-05)	(84.0, 0.0)	(85.0, 0.0)	(86.0, 0.0)	(87.0, 0.0)	(88.0, 0.0)	(89.0, 0.0)	(90.0, 0.0)	(91.0, 0.0)	(92.0, 0.0)	(93.0, 0.0)	(94.0, 0.0)	(95.0, 0.0)	(96.0, 0.0)	(97.0, 0.0)	(98.0, 0.0)	(99.0, 0.0)	(100.0, 0.0)
SRR6419133_2	(0.0, 0.0)	(1.0, 0.0)	(2.0, 0.0)	(3.0, 0.0)	(4.0, 0.0)	(5.0, 0.0)	(6.0, 0.0)	(7.0, 0.0)	(8.0, 0.0)	(9.0, 0.0)	(10.0, 0.0)	(11.0, 0.0)	(12.0, 0.0)	(13.0, 0.0)	(14.0, 0.0)	(15.0, 0.0)	(16.0, 0.0)	(17.0, 0.0)	(18.0, 0.0)	(19.0, 0.0)	(20.0, 0.0)	(21.0, 0.0)	(22.0, 0.0)	(23.0, 0.0)	(24.0, 0.00011470343141050236)	(25.0, 0.00011470343141050236)	(26.0, 0.0)	(27.0, 0.00022940686282100473)	(28.0, 0.00034411029423150706)	(29.0, 0.00022940686282100473)	(30.0, 0.00022940686282100473)	(31.0, 0.00045881372564200945)	(32.0, 0.0002867585785262559)	(33.0, 0.0005161654413472606)	(34.0, 0.00045881372564200945)	(35.0, 0.0010323308826945211)	(36.0, 0.001204386029810275)	(37.0, 0.0006882205884630141)	(38.0, 0.001605848039747033)	(39.0, 0.001605848039747033)	(40.0, 0.003154344363788815)	(41.0, 0.004760192403535848)	(42.0, 0.007168964463156398)	(43.0, 0.013018839465092018)	(44.0, 0.020302507359658918)	(45.0, 0.03446838113885596)	(46.0, 0.05373855761582035)	(47.0, 0.097497916698927)	(48.0, 0.22441726355464786)	(49.0, 0.3973326864059802)	(50.0, 0.7035908482720215)	(51.0, 1.7124075275273896)	(52.0, 4.9141244084887425)	(53.0, 16.60303493809169)	(54.0, 18.277188871243677)	(55.0, 14.579838463157543)	(56.0, 12.117098439058353)	(57.0, 11.240878926513526)	(58.0, 9.359054430792826)	(59.0, 5.992910180904517)	(60.0, 2.3651274039688532)	(61.0, 0.7517662894644325)	(62.0, 0.26714429175506)	(63.0, 0.11281082479222906)	(64.0, 0.056663495116788164)	(65.0, 0.03074051961801463)	(66.0, 0.02322744486062673)	(67.0, 0.012789432602271014)	(68.0, 0.005735171570525118)	(69.0, 0.002810234069557308)	(70.0, 0.0014337928926312796)	(71.0, 0.0008029240198735165)	(72.0, 0.0005735171570525118)	(73.0, 0.0005735171570525118)	(74.0, 0.00022940686282100473)	(75.0, 0.00045881372564200945)	(76.0, 0.00011470343141050236)	(77.0, 0.00022940686282100473)	(78.0, 0.0002867585785262559)	(79.0, 0.0002867585785262559)	(80.0, 5.735171570525118e-05)	(81.0, 0.00011470343141050236)	(82.0, 0.00017205514711575353)	(83.0, 0.00017205514711575353)	(84.0, 0.00011470343141050236)	(85.0, 5.735171570525118e-05)	(86.0, 5.735171570525118e-05)	(87.0, 5.735171570525118e-05)	(88.0, 5.735171570525118e-05)	(89.0, 5.735171570525118e-05)	(90.0, 0.0)	(91.0, 0.0)	(92.0, 0.0)	(93.0, 5.735171570525118e-05)	(94.0, 0.0)	(95.0, 5.735171570525118e-05)	(96.0, 0.0)	(97.0, 5.735171570525118e-05)	(98.0, 0.0)	(99.0, 0.0)	(100.0, 0.0)
SRR6419134_1	(0.0, 0.0)	(1.0, 0.0)	(2.0, 0.0)	(3.0, 0.0)	(4.0, 0.0)	(5.0, 0.0)	(6.0, 0.0)	(7.0, 0.0)	(8.0, 0.0)	(9.0, 0.0)	(10.0, 0.0)	(11.0, 0.0)	(12.0, 0.0)	(13.0, 0.0)	(14.0, 0.0)	(15.0, 0.0)	(16.0, 0.0)	(17.0, 0.0)	(18.0, 0.0)	(19.0, 0.0)	(20.0, 0.0)	(21.0, 0.0)	(22.0, 0.0)	(23.0, 0.0)	(24.0, 0.0)	(25.0, 0.0)	(26.0, 0.0)	(27.0, 0.0)	(28.0, 0.0)	(29.0, 0.0)	(30.0, 0.0)	(31.0, 0.0)	(32.0, 0.0)	(33.0, 5.1378247169443924e-05)	(34.0, 0.00010275649433888785)	(35.0, 0.0002055129886777757)	(36.0, 0.00046240422452499525)	(37.0, 0.0029799383358277472)	(38.0, 0.015413474150833176)	(39.0, 0.010840810152752667)	(40.0, 0.003596477301861074)	(41.0, 0.005857120177316606)	(42.0, 0.02435328915831642)	(43.0, 0.11107977038033776)	(44.0, 0.21111321761924506)	(45.0, 0.8161948345337862)	(46.0, 0.6012796266240021)	(47.0, 0.5960904236598883)	(48.0, 1.5503899865851398)	(49.0, 2.668020997262053)	(50.0, 11.433509612099371)	(51.0, 27.904348089679704)	(52.0, 20.095984841361954)	(53.0, 10.63807158942204)	(54.0, 6.288132292821072)	(55.0, 5.930693827263251)	(56.0, 4.681431747338221)	(57.0, 3.149281038498234)	(58.0, 1.9041805965939307)	(59.0, 0.6228071121879991)	(60.0, 0.2670641287867695)	(61.0, 0.14093053198578467)	(62.0, 0.11858099446707655)	(63.0, 0.0801500655843325)	(64.0, 0.02435328915831642)	(65.0, 0.01808514300364426)	(66.0, 0.036889581467660734)	(67.0, 0.016800686824408162)	(68.0, 0.018701681969677586)	(69.0, 0.007141576356552704)	(70.0, 0.0029799383358277472)	(71.0, 0.0011303214377277662)	(72.0, 0.0003082694830166635)	(73.0, 0.00010275649433888785)	(74.0, 0.00015413474150833176)	(75.0, 0.00010275649433888785)	(76.0, 5.1378247169443924e-05)	(77.0, 0.0)	(78.0, 0.0)	(79.0, 0.0)	(80.0, 0.0)	(81.0, 0.0)	(82.0, 0.0)	(83.0, 0.0)	(84.0, 0.0)	(85.0, 0.0)	(86.0, 0.0)	(87.0, 0.0)	(88.0, 0.0)	(89.0, 0.0)	(90.0, 0.0)	(91.0, 0.0)	(92.0, 0.0)	(93.0, 0.0)	(94.0, 0.0)	(95.0, 0.0)	(96.0, 0.0)	(97.0, 0.0)	(98.0, 0.0)	(99.0, 0.0)	(100.0, 0.0)
SRR6419134_2	(0.0, 0.0)	(1.0, 0.0)	(2.0, 0.0)	(3.0, 0.0)	(4.0, 0.0)	(5.0, 0.0)	(6.0, 0.0)	(7.0, 0.0)	(8.0, 0.0)	(9.0, 0.0)	(10.0, 0.0)	(11.0, 0.0)	(12.0, 0.0)	(13.0, 0.0)	(14.0, 0.0)	(15.0, 0.0)	(16.0, 0.0)	(17.0, 0.0)	(18.0, 0.0)	(19.0, 0.0)	(20.0, 0.0)	(21.0, 0.0)	(22.0, 5.094160461979224e-05)	(23.0, 0.0001528248138593767)	(24.0, 0.00010188320923958448)	(25.0, 0.00010188320923958448)	(26.0, 0.0002547080230989612)	(27.0, 0.0004075328369583379)	(28.0, 0.00020376641847916896)	(29.0, 0.0004075328369583379)	(30.0, 0.0003056496277187534)	(31.0, 0.0002547080230989612)	(32.0, 0.00020376641847916896)	(33.0, 0.0005094160461979224)	(34.0, 0.0008150656739166758)	(35.0, 0.0005603576508177147)	(36.0, 0.0010188320923958448)	(37.0, 0.0013754233247343906)	(38.0, 0.0015282481385937674)	(39.0, 0.0023942554171302354)	(40.0, 0.004177211578822964)	(41.0, 0.005960167740515692)	(42.0, 0.009678904877760526)	(43.0, 0.015384364595177256)	(44.0, 0.023127488497385676)	(45.0, 0.03560818162923477)	(46.0, 0.05817531247580273)	(47.0, 0.09566833347596983)	(48.0, 0.19393468878754905)	(49.0, 0.37462456037395214)	(50.0, 0.728464946063029)	(51.0, 1.588410173649742)	(52.0, 5.626551171860672)	(53.0, 21.911970869552814)	(54.0, 21.078820925996112)	(55.0, 11.598944897485115)	(56.0, 9.238973180264)	(57.0, 10.085571707440327)	(58.0, 8.805358241740329)	(59.0, 5.7660802269142835)	(60.0, 1.8151003142078175)	(61.0, 0.5169044620770318)	(62.0, 0.18145399565569997)	(63.0, 0.07702370618512587)	(64.0, 0.0361175976754327)	(65.0, 0.04600026897167239)	(66.0, 0.03306110139824516)	(67.0, 0.0177276784076877)	(68.0, 0.010341145737817825)	(69.0, 0.00341308750952608)	(70.0, 0.001273540115494806)	(71.0, 0.0012225985108750136)	(72.0, 0.0007641240692968837)	(73.0, 0.0004584744415781302)	(74.0, 0.0003056496277187534)	(75.0, 0.0005094160461979224)	(76.0, 0.0003056496277187534)	(77.0, 0.00035659123233854566)	(78.0, 0.0001528248138593767)	(79.0, 0.00010188320923958448)	(80.0, 0.00010188320923958448)	(81.0, 0.00010188320923958448)	(82.0, 0.0001528248138593767)	(83.0, 5.094160461979224e-05)	(84.0, 0.00020376641847916896)	(85.0, 0.0001528248138593767)	(86.0, 0.00010188320923958448)	(87.0, 0.00010188320923958448)	(88.0, 5.094160461979224e-05)	(89.0, 0.0)	(90.0, 5.094160461979224e-05)	(91.0, 5.094160461979224e-05)	(92.0, 5.094160461979224e-05)	(93.0, 0.0)	(94.0, 0.0)	(95.0, 0.0)	(96.0, 5.094160461979224e-05)	(97.0, 0.0)	(98.0, 0.0)	(99.0, 5.094160461979224e-05)	(100.0, 0.0)
SRR6419135_1	(0.0, 0.0)	(1.0, 0.0)	(2.0, 0.0)	(3.0, 0.0)	(4.0, 0.0)	(5.0, 0.0)	(6.0, 0.0)	(7.0, 0.0)	(8.0, 0.0)	(9.0, 0.0)	(10.0, 0.0)	(11.0, 0.0)	(12.0, 0.0)	(13.0, 0.0)	(14.0, 0.0)	(15.0, 0.0)	(16.0, 0.0)	(17.0, 0.0)	(18.0, 0.0)	(19.0, 0.0)	(20.0, 0.0)	(21.0, 0.0)	(22.0, 0.0)	(23.0, 0.0)	(24.0, 0.0)	(25.0, 0.0)	(26.0, 0.0)	(27.0, 0.0)	(28.0, 0.0)	(29.0, 0.0)	(30.0, 0.0)	(31.0, 0.0)	(32.0, 0.0)	(33.0, 0.0)	(34.0, 5.463647891933415e-05)	(35.0, 5.463647891933415e-05)	(36.0, 0.00032781887351600493)	(37.0, 0.0034967346508373858)	(38.0, 0.025569872134248384)	(39.0, 0.014915758744978226)	(40.0, 0.0036060076086760545)	(41.0, 0.008195471837900124)	(42.0, 0.06452568160373365)	(43.0, 0.17887983198190002)	(44.0, 0.22930930202444544)	(45.0, 1.255054557256025)	(46.0, 0.940676257554176)	(47.0, 0.5805672249968448)	(48.0, 1.1420116823719226)	(49.0, 2.5417982722852637)	(50.0, 9.693494816910428)	(51.0, 23.236184210166865)	(52.0, 21.061051347909256)	(53.0, 12.240210372298431)	(54.0, 7.239114910896098)	(55.0, 6.169168744218777)	(56.0, 5.7216959818694315)	(57.0, 3.911043070482697)	(58.0, 2.040344668763615)	(59.0, 0.728413536952563)	(60.0, 0.3352494346490344)	(61.0, 0.18833194283494484)	(62.0, 0.20095296946531102)	(63.0, 0.14467739617839684)	(64.0, 0.042397907641403304)	(65.0, 0.01945058649528296)	(66.0, 0.015079668181736228)	(67.0, 0.008523290711416128)	(68.0, 0.010654113389270161)	(69.0, 0.003223552256240715)	(70.0, 0.0009834566205480148)	(71.0, 0.0002185459156773366)	(72.0, 0.0002731823945966708)	(73.0, 5.463647891933415e-05)	(74.0, 0.0)	(75.0, 0.0001092729578386683)	(76.0, 5.463647891933415e-05)	(77.0, 0.0)	(78.0, 0.0)	(79.0, 0.0)	(80.0, 0.0)	(81.0, 0.0)	(82.0, 0.0)	(83.0, 0.0)	(84.0, 0.0)	(85.0, 0.0)	(86.0, 0.0)	(87.0, 0.0)	(88.0, 0.0)	(89.0, 0.0)	(90.0, 0.0)	(91.0, 0.0)	(92.0, 0.0)	(93.0, 0.0)	(94.0, 0.0)	(95.0, 0.0)	(96.0, 0.0)	(97.0, 0.0)	(98.0, 0.0)	(99.0, 0.0)	(100.0, 0.0)
SRR6419135_2	(0.0, 0.00010802565825434857)	(1.0, 5.4012829127174284e-05)	(2.0, 0.0)	(3.0, 0.0)	(4.0, 0.0)	(5.0, 0.0)	(6.0, 0.0)	(7.0, 0.0)	(8.0, 0.0)	(9.0, 0.0)	(10.0, 0.0)	(11.0, 0.0)	(12.0, 0.0)	(13.0, 0.0)	(14.0, 0.0)	(15.0, 0.0)	(16.0, 0.0)	(17.0, 0.0)	(18.0, 0.0)	(19.0, 0.0)	(20.0, 0.0)	(21.0, 0.0)	(22.0, 0.0)	(23.0, 0.0)	(24.0, 0.0)	(25.0, 0.00010802565825434857)	(26.0, 0.00010802565825434857)	(27.0, 0.00016203848738152287)	(28.0, 0.00021605131650869714)	(29.0, 0.00037808980389022003)	(30.0, 0.00037808980389022003)	(31.0, 5.4012829127174284e-05)	(32.0, 0.00016203848738152287)	(33.0, 0.00043210263301739427)	(34.0, 0.0005941411203989171)	(35.0, 0.0006481539495260915)	(36.0, 0.00113426941167066)	(37.0, 0.0011882822407978343)	(38.0, 0.0009182180951619629)	(39.0, 0.0014583463864337057)	(40.0, 0.0028626799437402374)	(41.0, 0.004213000671919594)	(42.0, 0.006913642128278308)	(43.0, 0.00983033490114572)	(44.0, 0.017176079662441425)	(45.0, 0.04185994257356007)	(46.0, 0.140703419876289)	(47.0, 0.16479314166700876)	(48.0, 0.17824233611967516)	(49.0, 0.392673267754557)	(50.0, 1.1611137877468656)	(51.0, 2.0525415196617502)	(52.0, 4.411821895936723)	(53.0, 15.82413854938825)	(54.0, 18.81979807843959)	(55.0, 13.759984271464157)	(56.0, 11.345610809479467)	(57.0, 11.826703078515209)	(58.0, 10.849665012433753)	(59.0, 6.05192145238337)	(60.0, 1.9837831881828571)	(61.0, 0.5651362311576246)	(62.0, 0.190287197015035)	(63.0, 0.0846381032422821)	(64.0, 0.03764694190164048)	(65.0, 0.02560208100628061)	(66.0, 0.016960028345932725)	(67.0, 0.010640527338053336)	(68.0, 0.005239244425335906)	(69.0, 0.0019444618485782742)	(70.0, 0.001350320728179357)	(71.0, 0.0009722309242891371)	(72.0, 0.0007561796077804401)	(73.0, 0.0005941411203989171)	(74.0, 0.00048611546214456856)	(75.0, 0.0007021667786532657)	(76.0, 0.0005401282912717429)	(77.0, 0.00043210263301739427)	(78.0, 0.00027006414563587145)	(79.0, 0.00027006414563587145)	(80.0, 5.4012829127174284e-05)	(81.0, 0.0)	(82.0, 0.00010802565825434857)	(83.0, 0.00010802565825434857)	(84.0, 5.4012829127174284e-05)	(85.0, 5.4012829127174284e-05)	(86.0, 0.00016203848738152287)	(87.0, 0.00010802565825434857)	(88.0, 5.4012829127174284e-05)	(89.0, 0.00010802565825434857)	(90.0, 0.0)	(91.0, 0.00016203848738152287)	(92.0, 0.0)	(93.0, 0.0)	(94.0, 0.0)	(95.0, 0.0)	(96.0, 5.4012829127174284e-05)	(97.0, 0.0)	(98.0, 5.4012829127174284e-05)	(99.0, 0.0)	(100.0, 0.0)
SRR6419136_1	(0.0, 0.0)	(1.0, 0.0)	(2.0, 0.0)	(3.0, 0.0)	(4.0, 0.0)	(5.0, 0.0)	(6.0, 0.0)	(7.0, 0.0)	(8.0, 0.0)	(9.0, 0.0)	(10.0, 0.0)	(11.0, 0.0)	(12.0, 0.0)	(13.0, 0.0)	(14.0, 0.0)	(15.0, 0.0)	(16.0, 0.0)	(17.0, 0.0)	(18.0, 0.0)	(19.0, 0.0)	(20.0, 0.0)	(21.0, 0.0)	(22.0, 0.0)	(23.0, 0.0)	(24.0, 0.0)	(25.0, 0.0)	(26.0, 0.0)	(27.0, 0.0)	(28.0, 0.0)	(29.0, 0.0)	(30.0, 0.0)	(31.0, 0.0)	(32.0, 0.0)	(33.0, 0.0)	(34.0, 0.0)	(35.0, 0.0)	(36.0, 0.00012136062248290484)	(37.0, 0.0016383684035192153)	(38.0, 0.008009801083871719)	(39.0, 0.0066141539253183135)	(40.0, 0.0032160564957969782)	(41.0, 0.007160276726491386)	(42.0, 0.034527097096386426)	(43.0, 0.2214224557200599)	(44.0, 0.33610824396640493)	(45.0, 0.7929703073033003)	(46.0, 0.7352026510014376)	(47.0, 0.6337451706057291)	(48.0, 1.343644131819481)	(49.0, 2.620539921273364)	(50.0, 8.439660408706168)	(51.0, 22.153410749274414)	(52.0, 21.94175782366423)	(53.0, 14.158537021968092)	(54.0, 9.44749969811545)	(55.0, 6.761910483191251)	(56.0, 4.981974913545726)	(57.0, 2.4227221066262294)	(58.0, 1.3185224829655195)	(59.0, 0.5810746604481484)	(60.0, 0.3259746319890824)	(61.0, 0.17603358291145346)	(62.0, 0.22925021587020725)	(63.0, 0.1655358890666822)	(64.0, 0.03804655514839067)	(65.0, 0.020813346755818182)	(66.0, 0.019963822398437848)	(67.0, 0.022512395470578848)	(68.0, 0.034891178963835145)	(69.0, 0.010619054467254174)	(70.0, 0.0032160564957969782)	(71.0, 0.0006674834236559766)	(72.0, 0.00018204093372435726)	(73.0, 6.068031124145242e-05)	(74.0, 0.00012136062248290484)	(75.0, 6.068031124145242e-05)	(76.0, 0.0)	(77.0, 0.0)	(78.0, 0.0)	(79.0, 0.0)	(80.0, 0.0)	(81.0, 0.0)	(82.0, 0.0)	(83.0, 6.068031124145242e-05)	(84.0, 0.0)	(85.0, 0.0)	(86.0, 0.0)	(87.0, 0.0)	(88.0, 0.0)	(89.0, 0.0)	(90.0, 0.0)	(91.0, 0.0)	(92.0, 0.0)	(93.0, 0.0)	(94.0, 0.0)	(95.0, 0.0)	(96.0, 0.0)	(97.0, 0.0)	(98.0, 0.0)	(99.0, 0.0)	(100.0, 0.0)
SRR6419136_2	(0.0, 0.0)	(1.0, 0.0)	(2.0, 0.0)	(3.0, 0.0)	(4.0, 0.0)	(5.0, 0.0)	(6.0, 0.0)	(7.0, 0.0)	(8.0, 0.0)	(9.0, 0.0)	(10.0, 0.0)	(11.0, 0.0)	(12.0, 0.0)	(13.0, 0.0)	(14.0, 0.0)	(15.0, 0.0)	(16.0, 0.0)	(17.0, 0.0)	(18.0, 0.0)	(19.0, 0.0)	(20.0, 0.0)	(21.0, 0.0)	(22.0, 0.0)	(23.0, 0.00012050595630815543)	(24.0, 0.00012050595630815543)	(25.0, 0.000421770847078544)	(26.0, 0.00024101191261631085)	(27.0, 0.00018075893446223314)	(28.0, 0.0)	(29.0, 0.00012050595630815543)	(30.0, 0.00024101191261631085)	(31.0, 0.00018075893446223314)	(32.0, 0.0004820238252326217)	(33.0, 0.0006025297815407771)	(34.0, 0.00024101191261631085)	(35.0, 0.0007832887160030103)	(36.0, 0.0005422768033866994)	(37.0, 0.0011448065849274764)	(38.0, 0.0015665774320060206)	(39.0, 0.002711384016933497)	(40.0, 0.0028921429513957303)	(41.0, 0.004277961448939518)	(42.0, 0.00843541694157088)	(43.0, 0.01186983669635331)	(44.0, 0.01976297683453749)	(45.0, 0.033560908831821286)	(46.0, 0.05928893050361247)	(47.0, 0.10291208668716473)	(48.0, 0.21781451602699092)	(49.0, 0.4641889436990147)	(50.0, 1.020263679082998)	(51.0, 1.9006199428922275)	(52.0, 5.540140835311138)	(53.0, 20.478420697139008)	(54.0, 19.71851013665978)	(55.0, 13.235229434302864)	(56.0, 11.252785947077399)	(57.0, 10.649051105973541)	(58.0, 7.619290352473897)	(59.0, 5.083664272815844)	(60.0, 1.7885494035256428)	(61.0, 0.45997123522822925)	(62.0, 0.13737679019129717)	(63.0, 0.05242009099404761)	(64.0, 0.026270298475177884)	(65.0, 0.043141132358319643)	(66.0, 0.03205458437796934)	(67.0, 0.01421970284436234)	(68.0, 0.006447068662486315)	(69.0, 0.002470372104317186)	(70.0, 0.0009037946723111657)	(71.0, 0.0005422768033866994)	(72.0, 0.0004820238252326217)	(73.0, 0.0003615178689244663)	(74.0, 0.00018075893446223314)	(75.0, 0.00018075893446223314)	(76.0, 0.00012050595630815543)	(77.0, 0.00024101191261631085)	(78.0, 0.00030126489077038853)	(79.0, 0.00030126489077038853)	(80.0, 0.00012050595630815543)	(81.0, 0.0)	(82.0, 6.025297815407771e-05)	(83.0, 0.00012050595630815543)	(84.0, 6.025297815407771e-05)	(85.0, 6.025297815407771e-05)	(86.0, 6.025297815407771e-05)	(87.0, 0.00012050595630815543)	(88.0, 6.025297815407771e-05)	(89.0, 6.025297815407771e-05)	(90.0, 6.025297815407771e-05)	(91.0, 0.0)	(92.0, 0.0)	(93.0, 0.0)	(94.0, 0.0)	(95.0, 0.0)	(96.0, 0.0)	(97.0, 0.0)	(98.0, 0.0)	(99.0, 0.0)	(100.0, 0.0)
SRR6419137_1	(0.0, 0.0)	(1.0, 0.0)	(2.0, 0.0)	(3.0, 0.0)	(4.0, 0.0)	(5.0, 0.0)	(6.0, 0.0)	(7.0, 0.0)	(8.0, 0.0)	(9.0, 0.0)	(10.0, 0.0)	(11.0, 0.0)	(12.0, 0.0)	(13.0, 0.0)	(14.0, 0.0)	(15.0, 0.0)	(16.0, 0.0)	(17.0, 0.0)	(18.0, 0.0)	(19.0, 0.0)	(20.0, 5.266550662110749e-05)	(21.0, 5.266550662110749e-05)	(22.0, 0.0)	(23.0, 0.00010533101324221498)	(24.0, 5.266550662110749e-05)	(25.0, 0.00010533101324221498)	(26.0, 0.00021066202648442996)	(27.0, 0.0005266550662110749)	(28.0, 0.00015799651986332248)	(29.0, 0.00026332753310553747)	(30.0, 0.0005266550662110749)	(31.0, 0.00026332753310553747)	(32.0, 0.00026332753310553747)	(33.0, 0.0005793205728321824)	(34.0, 0.0006846515860743974)	(35.0, 0.0004739895595899675)	(36.0, 0.0006846515860743974)	(37.0, 0.0006319860794532899)	(38.0, 0.0013693031721487949)	(39.0, 0.0023172822913287297)	(40.0, 0.002685940837676482)	(41.0, 0.004897892115762997)	(42.0, 0.008163153526271661)	(43.0, 0.013745697228109057)	(44.0, 0.01996022700939974)	(45.0, 0.034548572343446514)	(46.0, 0.06609521080948991)	(47.0, 0.1089649331990714)	(48.0, 0.2355728111162138)	(49.0, 0.5353975403101787)	(50.0, 1.5226651274294598)	(51.0, 2.513829962038703)	(52.0, 6.320124122066005)	(53.0, 20.60743342026653)	(54.0, 21.20671422010811)	(55.0, 14.215052223116365)	(56.0, 8.970147084226891)	(57.0, 7.958969357101628)	(58.0, 7.539435931357885)	(59.0, 5.189922349977038)	(60.0, 1.849717923546537)	(61.0, 0.5954362178582413)	(62.0, 0.22003648666298709)	(63.0, 0.109754915798388)	(64.0, 0.05171752750192756)	(65.0, 0.030756655866726778)	(66.0, 0.023857474499361694)	(67.0, 0.01258705608244469)	(68.0, 0.010533101324221498)	(69.0, 0.00400257850320417)	(70.0, 0.001843292731738762)	(71.0, 0.0010533101324221499)	(72.0, 0.0010533101324221499)	(73.0, 0.0005266550662110749)	(74.0, 0.0005793205728321824)	(75.0, 0.0004739895595899675)	(76.0, 0.0003686585463477524)	(77.0, 0.00021066202648442996)	(78.0, 0.0003686585463477524)	(79.0, 0.00015799651986332248)	(80.0, 0.0003686585463477524)	(81.0, 0.00010533101324221498)	(82.0, 0.00021066202648442996)	(83.0, 5.266550662110749e-05)	(84.0, 5.266550662110749e-05)	(85.0, 5.266550662110749e-05)	(86.0, 5.266550662110749e-05)	(87.0, 5.266550662110749e-05)	(88.0, 5.266550662110749e-05)	(89.0, 0.00010533101324221498)	(90.0, 5.266550662110749e-05)	(91.0, 5.266550662110749e-05)	(92.0, 0.0)	(93.0, 0.0)	(94.0, 5.266550662110749e-05)	(95.0, 5.266550662110749e-05)	(96.0, 0.0)	(97.0, 0.0)	(98.0, 0.0)	(99.0, 0.0)	(100.0, 0.0)
SRR6419137_2	(0.0, 0.0)	(1.0, 0.0)	(2.0, 0.0)	(3.0, 0.0)	(4.0, 0.0)	(5.0, 0.0)	(6.0, 0.0)	(7.0, 0.0)	(8.0, 0.0)	(9.0, 0.0)	(10.0, 0.0)	(11.0, 0.0)	(12.0, 0.0)	(13.0, 0.0)	(14.0, 0.0)	(15.0, 0.0)	(16.0, 0.0)	(17.0, 0.0)	(18.0, 0.0)	(19.0, 0.0)	(20.0, 0.0)	(21.0, 0.0)	(22.0, 0.0)	(23.0, 0.0)	(24.0, 0.0)	(25.0, 0.0)	(26.0, 0.0)	(27.0, 0.0)	(28.0, 0.0)	(29.0, 0.0)	(30.0, 0.0)	(31.0, 0.0)	(32.0, 0.0)	(33.0, 0.0)	(34.0, 0.0)	(35.0, 5.2884450120708756e-05)	(36.0, 0.0003701911508449613)	(37.0, 0.0028028758563975642)	(38.0, 0.012163423527763013)	(39.0, 0.006874978515692139)	(40.0, 0.002644222506035438)	(41.0, 0.004389409360018827)	(42.0, 0.029192216466631234)	(43.0, 0.0802257108331152)	(44.0, 0.21185510718355927)	(45.0, 0.8838049304172847)	(46.0, 0.9416076343992195)	(47.0, 0.7851225464920422)	(48.0, 1.7003408402810278)	(49.0, 3.3660952501831125)	(50.0, 11.446310384126203)	(51.0, 22.98617336051594)	(52.0, 22.003897583973895)	(53.0, 12.148562997279095)	(54.0, 5.98789474936737)	(55.0, 6.300071658429913)	(56.0, 5.298969017644897)	(57.0, 2.6611455300740645)	(58.0, 1.4655338817450811)	(59.0, 0.5360367864235039)	(60.0, 0.4170996581020299)	(61.0, 0.26669628195873424)	(62.0, 0.18366769526922153)	(63.0, 0.12417268888342416)	(64.0, 0.05812001068265893)	(65.0, 0.02517299825745737)	(66.0, 0.020572051096955705)	(67.0, 0.010947081174986713)	(68.0, 0.013697072581263568)	(69.0, 0.008302858668951274)	(70.0, 0.006451902914726469)	(71.0, 0.002326915805311185)	(72.0, 0.00026442225060354377)	(73.0, 0.00010576890024141751)	(74.0, 0.00010576890024141751)	(75.0, 0.00010576890024141751)	(76.0, 5.2884450120708756e-05)	(77.0, 0.0)	(78.0, 0.0)	(79.0, 0.0)	(80.0, 0.0)	(81.0, 0.0)	(82.0, 0.0)	(83.0, 0.0)	(84.0, 0.0)	(85.0, 0.0)	(86.0, 0.0)	(87.0, 0.0)	(88.0, 0.0)	(89.0, 0.0)	(90.0, 0.0)	(91.0, 0.0)	(92.0, 0.0)	(93.0, 0.0)	(94.0, 0.0)	(95.0, 0.0)	(96.0, 0.0)	(97.0, 0.0)	(98.0, 0.0)	(99.0, 0.0)	(100.0, 0.0)
SRR6419138_1	(0.0, 0.0)	(1.0, 0.0)	(2.0, 0.0)	(3.0, 0.0)	(4.0, 0.0)	(5.0, 0.0)	(6.0, 0.0)	(7.0, 0.0)	(8.0, 0.0)	(9.0, 0.0)	(10.0, 0.0)	(11.0, 0.0)	(12.0, 0.0)	(13.0, 0.0)	(14.0, 0.0)	(15.0, 0.0)	(16.0, 0.0)	(17.0, 0.0)	(18.0, 0.0)	(19.0, 0.0)	(20.0, 0.0)	(21.0, 5.520305339128917e-05)	(22.0, 5.520305339128917e-05)	(23.0, 0.0)	(24.0, 0.00011040610678257834)	(25.0, 0.0002208122135651567)	(26.0, 0.0003312183203477351)	(27.0, 0.0002760152669564459)	(28.0, 0.00011040610678257834)	(29.0, 0.00016560916017386754)	(30.0, 0.0002760152669564459)	(31.0, 0.0003864213737390243)	(32.0, 0.0006624366406954702)	(33.0, 0.0004416244271303134)	(34.0, 0.0003312183203477351)	(35.0, 0.0004968274805216026)	(36.0, 0.0007728427474780486)	(37.0, 0.0011592641212170727)	(38.0, 0.001214467174608362)	(39.0, 0.0013800763347822295)	(40.0, 0.0020425129754776997)	(41.0, 0.003146574043303483)	(42.0, 0.007673224421389195)	(43.0, 0.009550128236693028)	(44.0, 0.018713835099647032)	(45.0, 0.03450190836955574)	(46.0, 0.08219734649962958)	(47.0, 0.1198458289124888)	(48.0, 0.19398352961699017)	(49.0, 0.4186047538661458)	(50.0, 1.54281493617975)	(51.0, 3.474314571287567)	(52.0, 6.046556047108077)	(53.0, 16.946785360591864)	(54.0, 18.132822962703713)	(55.0, 13.479591983191774)	(56.0, 11.323747139101759)	(57.0, 10.45115247414565)	(58.0, 9.189928313314866)	(59.0, 5.3645223224587)	(60.0, 1.9735643617919796)	(61.0, 0.6156796544730482)	(62.0, 0.2219162746329825)	(63.0, 0.16240738307717276)	(64.0, 0.10626587777823165)	(65.0, 0.034170690049208)	(66.0, 0.01540165189616968)	(67.0, 0.0075076152612153285)	(68.0, 0.004195432057737978)	(69.0, 0.002097716028868989)	(70.0, 0.0010488580144344946)	(71.0, 0.0006624366406954702)	(72.0, 0.0007728427474780486)	(73.0, 0.0004968274805216026)	(74.0, 0.0003312183203477351)	(75.0, 0.0004968274805216026)	(76.0, 0.0004968274805216026)	(77.0, 0.0002208122135651567)	(78.0, 0.00011040610678257834)	(79.0, 0.00016560916017386754)	(80.0, 0.00016560916017386754)	(81.0, 0.00016560916017386754)	(82.0, 0.0)	(83.0, 5.520305339128917e-05)	(84.0, 0.00011040610678257834)	(85.0, 0.0)	(86.0, 5.520305339128917e-05)	(87.0, 0.00016560916017386754)	(88.0, 5.520305339128917e-05)	(89.0, 0.0)	(90.0, 0.00016560916017386754)	(91.0, 5.520305339128917e-05)	(92.0, 0.0)	(93.0, 0.0)	(94.0, 0.0)	(95.0, 0.0)	(96.0, 0.0)	(97.0, 0.0)	(98.0, 0.0)	(99.0, 5.520305339128917e-05)	(100.0, 0.0)
SRR6419138_2	(0.0, 0.0)	(1.0, 0.0)	(2.0, 0.0)	(3.0, 0.0)	(4.0, 0.0)	(5.0, 0.0)	(6.0, 0.0)	(7.0, 0.0)	(8.0, 0.0)	(9.0, 0.0)	(10.0, 0.0)	(11.0, 0.0)	(12.0, 0.0)	(13.0, 0.0)	(14.0, 0.0)	(15.0, 0.0)	(16.0, 0.0)	(17.0, 0.0)	(18.0, 0.0)	(19.0, 0.0)	(20.0, 0.0)	(21.0, 0.0)	(22.0, 0.0)	(23.0, 0.0)	(24.0, 0.0)	(25.0, 0.0)	(26.0, 0.0)	(27.0, 0.0)	(28.0, 0.0)	(29.0, 0.0)	(30.0, 0.0)	(31.0, 0.0)	(32.0, 0.0)	(33.0, 5.5479025322291534e-05)	(34.0, 0.00016643707596687457)	(35.0, 0.0008321853798343729)	(36.0, 0.0041054478738495725)	(37.0, 0.02984771562339284)	(38.0, 0.16654803401751916)	(39.0, 0.06491045962708109)	(40.0, 0.010984847013813722)	(41.0, 0.011539637267036638)	(42.0, 0.044050346105899474)	(43.0, 0.11162379894845056)	(44.0, 0.307908590538718)	(45.0, 1.9285618782534981)	(46.0, 0.9717706075452585)	(47.0, 0.4530971998071549)	(48.0, 0.8840027894853932)	(49.0, 2.7396652284654004)	(50.0, 10.700960841239556)	(51.0, 20.623329041106075)	(52.0, 18.036952359606165)	(53.0, 11.708238024991081)	(54.0, 7.514412063803098)	(55.0, 6.979871654822819)	(56.0, 7.770947076893374)	(57.0, 4.434660410112051)	(58.0, 2.086843537497996)	(59.0, 0.7995637129448655)	(60.0, 0.502029700141416)	(61.0, 0.3424720233145056)	(62.0, 0.3050236812219588)	(63.0, 0.21475930702259052)	(64.0, 0.15817070119385315)	(65.0, 0.05464683994245716)	(66.0, 0.02180325695166057)	(67.0, 0.007156794266575607)	(68.0, 0.005159549354973113)	(69.0, 0.0017198497849910373)	(70.0, 0.0006102692785452067)	(71.0, 0.0005547902532229153)	(72.0, 0.00011095805064458307)	(73.0, 0.00011095805064458307)	(74.0, 5.5479025322291534e-05)	(75.0, 0.0)	(76.0, 0.0)	(77.0, 0.0)	(78.0, 0.0)	(79.0, 0.0)	(80.0, 0.0)	(81.0, 5.5479025322291534e-05)	(82.0, 0.0)	(83.0, 5.5479025322291534e-05)	(84.0, 0.0)	(85.0, 0.0)	(86.0, 0.0)	(87.0, 0.0)	(88.0, 5.5479025322291534e-05)	(89.0, 0.0)	(90.0, 0.0)	(91.0, 0.0)	(92.0, 0.0)	(93.0, 0.0)	(94.0, 0.0)	(95.0, 0.0)	(96.0, 0.0)	(97.0, 0.0)	(98.0, 0.0)	(99.0, 0.0)	(100.0, 0.0)
